corridor_id,from_station,to_station,from_name,to_name,zone,approx_distance_km,num_trains_using,num_daily_occupancy_events
COR00001,AMLR,GUV,AMALA NAGAR,GURUVAYUR,SR,14.35,6,6
COR00002,PBR,RWO,PORBANDAR,RANAVAV,WR,12.94,10,10
COR00003,RWO,RNBD,RANAVAV,RANA BORDI,WR,7.05,12,12
COR00004,RNBD,SKR,RANA BORDI,SAKHPUR,WR,5.72,12,12
COR00005,SKR,WSJ,SAKHPUR,WANSJALIYA,WR,6.98,10,10
COR00006,WSJ,BNVD,WANSJALIYA,BHANVAD,WR,16.74,8,8
COR00007,BNVD,GOP,BHANVAD,GOP JAM,WR,17.54,7,7
COR00008,GOP,LPJ,GOP JAM,LALPUR JAM,WR,16.28,7,7
COR00009,LPJ,KNLS,LALPUR JAM,KANALAS JN,WR,15.08,7,7
COR00010,KNLS,PPLI,KANALAS JN,PIPLI,WR,4.79,20,20
COR00011,PPLI,LKBL,PIPLI,LAKHABAWAL,WR,9.78,20,20
COR00012,LKBL,JAM,LAKHABAWAL,JAMNAGAR,WR,10.96,20,20
COR00013,JAM,HAPA,JAMNAGAR,HAPA,WR,7.16,23,23
COR00014,HAPA,ALB,HAPA,ALIA BADA,WR,9.79,26,26
COR00015,ALB,WTJ,ALIA BADA,JAM WANTHALI,WR,11.61,26,26
COR00016,WTJ,JALD,JAM WANTHALI,JALIYA DEVANI,WR,8.06,25,25
COR00017,JALD,CX,JALIYA DEVANI,CHANOL,WR,14.34,17,17
COR00018,CX,PDH,CHANOL,PADADHARI,WR,6.84,24,24
COR00019,PDH,KHDI,PADADHARI,KHANDERI,WR,13.75,26,26
COR00020,KHDI,RJT,KHANDERI,RAJKOT JN,WR,10.45,26,26
COR00021,RJT,BLWR,RAJKOT JN,BILESHWAR,WR,8.26,35,35
COR00022,BLWR,KHC,BILESHWAR,KHORANA,WR,1.26,35,35
COR00023,KHC,KNKT,KHORANA,KANAKOT,WR,11.55,35,35
COR00024,KNKT,SDD,KANAKOT,SINDHAWADAR,WR,6.75,35,35
COR00025,SDD,AXA,SINDHAWADAR,AMARSAR,WR,4.98,35,35
COR00026,AXA,WKRC,AMARSAR,WANKANER CITY,WR,4.93,35,35
COR00027,WKRC,WKR,WANKANER CITY,WANKANER JN,WR,1.54,35,35
COR00028,WKR,LXR,WANKANER JN,LUNSERIYA,WR,8.34,36,36
COR00029,LXR,DL,LUNSERIYA,DALADI,WR,3.39,36,36
COR00030,DL,LMC,DALADI,LAKHAMANCHI,WR,8.26,36,36
COR00031,LMC,THAN,LAKHAMANCHI,THAN JN,WR,6.02,36,36
COR00032,THAN,VD,THAN JN,VAGDIYA,WR,9.58,36,36
COR00033,VD,RA,VAGDIYA,RAMPARDA,WR,6.61,36,36
COR00034,RA,MOL,RAMPARDA,MULI ROAD,WR,9.68,36,36
COR00035,MOL,DXR,MULI ROAD,DIGSAR,WR,7.73,36,36
COR00036,DXR,CJR,DIGSAR,CHAMARAJ,WR,6.34,36,36
COR00037,CJR,SUNR,CHAMARAJ,SURENDRANAGAR,WR,7.67,36,36
COR00038,SUNR,BLRD,SURENDRANAGAR,BALA ROAD,WR,10.1,37,37
COR00039,BLRD,LTR,BALA ROAD,LAKHTAR,WR,10.7,37,37
COR00040,LTR,LPR,LAKHTAR,LILAPUR ROAD,WR,12.59,25,25
COR00041,LPR,SR,LILAPUR ROAD,SABLI ROAD,WR,12.84,25,25
COR00042,SR,KHRS,SABLI ROAD,KHARESHWAR ROAD,WR,4.22,35,35
COR00043,KHRS,VNRD,KHARESHWAR ROAD,VANI ROAD,WR,4.29,35,35
COR00044,KLRD,CDK,KALI ROAD,CHANDKHERA ROAD,WR,2.19,32,32
COR00045,KHD,SHRD,KHODIYAR,SAIJ SERTHA RD,WR,6.87,36,36
COR00046,SHRD,KLL,SAIJ SERTHA RD,KALOL JN,WR,3.93,37,37
COR00047,KLL,CTRL,KALOL JN,CHHATRAL,WR,4.1,33,33
COR00048,CTRL,EN,CHHATRAL,ISAND,WR,3.89,31,31
COR00049,EN,PN,ISAND,PANSAR,WR,1.63,33,33
COR00050,PN,JUL,PANSAR,JHULASAN,WR,2.26,36,36
COR00051,JUL,GUS,JHULASAN,GHUMASAN,WR,6.18,24,24
COR00052,GUS,DNW,GHUMASAN,DANGARWA,WR,2.68,33,33
COR00053,DNW,KYSD,DANGARWA,KAIYAL SEDHAVI,WR,3.12,33,33
COR00054,KYSD,UMN,KAIYAL SEDHAVI,AMBLIYASAN,WR,2.32,24,24
COR00055,UMN,JDN,AMBLIYASAN,JAGUDAN,WR,8.57,26,26
COR00056,JDN,SXS,JAGUDAN,SHOBHASAN,WR,2.4,33,33
COR00057,SXS,MSH,SHOBHASAN,MAHESANA JN,WR,6.73,31,31
COR00058,MSH,BHU,MAHESANA JN,BHANDU MOTIDAU,WR,11.84,22,22
COR00059,BHU,UJA,BHANDU MOTIDAU,UNJHA,WR,9.75,17,17
COR00060,UJA,KMLI,UNJHA,KAMLI,WR,7.44,31,31
COR00061,KMLI,SID,KAMLI,SIDDHPUR,WR,6.16,31,31
COR00062,SID,DRW,SIDDHPUR,DHAREWADA,WR,4.87,31,31
COR00063,DRW,CHP,DHAREWADA,CHHAPI,WR,8.49,31,31
COR00064,CHP,UM,CHHAPI,UMARDASHI,WR,7.6,31,31
COR00065,UM,PNU,UMARDASHI,PALANPUR JN,WR,8.3,31,31
COR00066,PNU,KRJD,PALANPUR JN,KARJODA,WR,5.54,30,30
COR00067,KRJD,CTT,KARJODA,CHITRASANI,NWR,6.4,30,30
COR00068,CTT,JTY,CHITRASANI,JETHI,NWR,3.3,30,30
COR00069,JTY,IQG,JETHI,IQBAL GADH,NWR,6.59,30,30
COR00070,IQG,SZA,IQBAL GADH,SAROTRA ROAD,NWR,6.84,30,30
COR00071,SZA,SIM,SAROTRA ROAD,SHRI AMIRGADH,NWR,6.13,30,30
COR00072,SIM,MAA,SHRI AMIRGADH,MAVAL,NWR,6.45,30,30
COR00073,MAA,ABR,MAVAL,ABU ROAD,NWR,8.74,30,30
COR00074,ABR,MXO,ABU ROAD,MORTHALA,NWR,4.52,30,30
COR00075,MXO,KWI,MORTHALA,KIVARLI,NWR,5.77,30,30
COR00076,KWI,BMN,KIVARLI,BHIMANA,NWR,7.56,30,30
COR00077,BMN,SRPJ,BHIMANA,SWARUPGANJ,NWR,8.35,30,30
COR00078,SRPJ,BNS,SWARUPGANJ,BANAS,NWR,8.39,30,30
COR00079,BNS,SOH,BANAS,SIROHI ROAD,NWR,10.08,30,30
COR00080,SOH,KVJ,SIROHI ROAD,KESHAVGANJ,NWR,7.91,30,30
COR00081,KVJ,NANA,KESHAVGANJ,NANA,NWR,8.68,30,30
COR00082,NANA,KTR,NANA,KOTHAR,NWR,6.28,30,30
COR00083,KTR,MOI,KOTHAR,MORI BERA,NWR,6.2,30,30
COR00084,MOI,JWB,MORI BERA,JAWAI BANDH,NWR,8.8,30,30
COR00085,JWB,BRLY,JAWAI BANDH,BIROLIYA,NWR,7.76,30,30
COR00086,BRLY,FA,BIROLIYA,FALNA,NWR,8.42,30,30
COR00087,FA,KZQ,FALNA,KHIMEL,NWR,8.45,30,30
COR00088,KZQ,RANI,KHIMEL,RANI,NWR,6.11,30,30
COR00089,RANI,BGPR,RANI,BHAGWANPURA,NWR,9.56,30,30
COR00090,BGPR,JAL,BHAGWANPURA,JAWALI,NWR,5.91,30,30
COR00091,JAL,SOS,JAWALI,SOMESAR,NWR,8.39,30,30
COR00092,SOS,BWA,SOMESAR,BHINWALIYA,NWR,6.05,30,30
COR00093,BWA,BGG,BHINWALIYA,BANTA RAGHUNATHGARH,NWR,5.85,30,30
COR00094,BGG,AUWA,BANTA RAGHUNATHGARH,AUWA,NWR,7.98,30,30
COR00095,AUWA,MJ,AUWA,MARWAR JN,NWR,7.6,30,30
COR00096,MJ,DRS,MARWAR JN,DHARESHWAR,NWR,8.64,19,19
COR00097,DRS,BFY,DHARESHWAR,BHESANA,NWR,7.24,19,19
COR00098,BFY,SOD,BHESANA,SOJAT ROAD,NWR,5.64,19,19
COR00099,SOD,BQN,SOJAT ROAD,BAGRI NAGAR,NWR,4.92,19,19
COR00100,BQN,BGX,BAGRI NAGAR,BAGRI SAJJANPUR,NWR,4.13,19,19
COR00101,BGX,CNL,BAGRI SAJJANPUR,CHANDAWAL,NWR,5.75,19,19
COR00102,CNL,GRI,CHANDAWAL,GURIYA,NWR,10.38,19,19
COR00103,GRI,HP,GURIYA,HARIPUR,NWR,7.13,19,19
COR00104,HP,BAR,HARIPUR,BAR,NWR,10.46,19,19
COR00105,BAR,SEU,BAR,SENDRA,NWR,8.25,19,19
COR00106,SEU,APA,SENDRA,AMARPURA,NWR,6.62,19,19
COR00107,APA,BER,AMARPURA,BEAWAR,NWR,6.56,19,19
COR00108,BER,PPF,BEAWAR,PIPLAJ,NWR,8.81,16,16
COR00109,PPF,KRW,PIPLAJ,KHARWA,NWR,6.58,20,20
COR00110,KRW,LNA,KHARWA,LAMANA,NWR,5.96,20,20
COR00111,LNA,MLI,LAMANA,MANGALIYAWAS,NWR,4.58,20,20
COR00112,MLI,MKRA,MANGALIYAWAS,MAKRERA,NWR,5.45,20,20
COR00113,MKRA,SDH,MAKRERA,SARADHNA,NWR,4.63,20,20
COR00114,SDH,DOZ,SARADHNA,DAURAI,NWR,8.12,20,20
COR00115,DOZ,AII,DAURAI,AJMER JN,NWR,7.01,20,20
COR00116,AII,MD,AJMER JN,MADAR,NWR,5.04,33,33
COR00117,MD,LR,MADAR,LADPURA,NWR,6.02,33,33
COR00118,LR,GEK,LADPURA,GEGAL AKHRI,NWR,6.14,33,33
COR00119,GEK,KSG,GEGAL AKHRI,KISHANGARH,NWR,9.62,33,33
COR00120,KSG,TL,KISHANGARH,TILONIYA,NWR,10.55,29,29
COR00121,TL,GLTA,TILONIYA,GAHLOTA,NWR,3.97,33,33
COR00122,GLTA,SALI,GAHLOTA,SALI,NWR,7.36,33,33
COR00123,SALI,SK,SALI,SAKHUN,NWR,6.93,33,33
COR00124,SK,NRI,SAKHUN,NARAINA,NWR,12.02,29,29
COR00125,GLNA,BU,GULANA,BASWA,NWR,5.26,27,27
COR00126,BU,SRRG,BASWA,SURERGOTH,NWR,4.71,27,27
COR00127,SRRG,RHG,SURERGOTH,RAJGARH,NWR,6.45,27,27
COR00128,RHG,DGW,RAJGARH,DHIGAWARA,NWR,6.19,27,27
COR00129,DGW,MKH,DHIGAWARA,MALAKHERA,NWR,10.46,27,27
COR00130,MKH,MWW,MALAKHERA,MAHWA,NWR,10.44,27,27
COR00131,MWW,AWR,MAHWA,ALWAR,NWR,8.49,27,27
COR00132,AWR,PSL,ALWAR,PARISAL,NWR,12.27,27,27
COR00133,PSL,GAL,PARISAL,GHATLA,NWR,7.05,27,27
COR00134,GAL,KRH,GHATLA,KHAIRTHAL,NWR,7.4,27,27
COR00135,KRH,HSI,KHAIRTHAL,HARSAULI,NWR,7.95,27,27
COR00136,HSI,KNAR,HARSAULI,KHANPUR AHIR,NWR,5.78,27,27
COR00137,KNAR,AIA,KHANPUR AHIR,AJARAKA,NWR,5.87,27,27
COR00138,AIA,MJNL,AJARAKA,MAJRI NANGAL,NWR,5.92,27,27
COR00139,MJNL,BWL,MAJRI NANGAL,BAWAL,NWR,6.71,27,27
COR00140,BWL,KNGT,BAWAL,KARNAWAS,NWR,6.92,27,27
COR00141,KNGT,RE,KARNAWAS,REWARI,NWR,8.25,25,25
COR00142,RE,KWMD,REWARI,KUMBHAWAS MUNDA,NWR,7.72,36,36
COR00143,KWMD,KIP,KUMBHAWAS MUNDA,KHALILPUR,NR,2.76,36,36
COR00144,KIP,IHP,KHALILPUR,INCHHAPURI,NR,6.36,36,36
COR00145,IHP,PTRD,INCHHAPURI,PATAUDI ROAD,NR,4.99,36,36
COR00146,PTRD,JSKA,PATAUDI ROAD,JATAULA SAMPHKA,NR,4.94,36,36
COR00147,JSKA,TJNR,JATAULA SAMPHKA,Taj Nagar,NR,,32,32
COR00148,TJNR,PT,Taj Nagar,PATLI,NR,,32,32
COR00149,PT,GHH,PATLI,GARHI HARSARU,NR,8.57,36,36
COR00150,GHH,BDXT,GARHI HARSARU,BASAI DHANKOT,NR,6.04,38,38
COR00151,BDXT,GGN,BASAI DHANKOT,GURGAON,NR,3.83,38,38
COR00152,GGN,BWSN,GURGAON,BIJWASAN,NR,6.61,36,36
COR00153,BWSN,SMDP,BIJWASAN,SHAHABAD MOHAMADPUR,NR,3.36,38,38
COR00154,SMDP,PM,SHAHABAD MOHAMADPUR,PALAM,NR,3.44,38,38
COR00155,PM,DEC,PALAM,DELHI CANTT,NR,3.86,36,36
COR00156,DEC,KRTN,DELHI CANTT,KIRTI NAGAR,NR,4.64,31,31
COR00157,KRTN,PTNR,KIRTI NAGAR,PATEL NAGAR,NR,1.82,38,38
COR00158,PTNR,DBSI,PATEL NAGAR,DAYA BASTI,NR,1.69,38,38
COR00159,DBSI,DEE,DAYA BASTI,DELHI SARAI ROHILLA,NR,1.61,53,53
COR00160,DEE,DKZ,DELHI SARAI ROHILLA,DELHI KISHANGANJ,NR,1.39,38,38
COR00161,DLI,DSA,OLD DELHI,DELHI SHAHDARA,NR,6.45,62,62
COR00162,DSA,VVB,DELHI SHAHDARA,VIVEKA VIHAR,NR,2.57,52,52
COR00163,UNLA,PPC,UNAULA,PIPRAICH,NER,7.78,13,13
COR00164,PPC,MUUA,PIPRAICH,MAHUAWA KHURD,NER,6.45,13,13
COR00165,MUUA,BBW,MAHUAWA KHURD,BODARWAR,NER,5.12,13,13
COR00166,BBW,CPJ,BODARWAR,KAPTANGANJ JN,NER,8.15,13,13
COR00167,CPJ,KSNR,KAPTANGANJ JN,KHUSHAL NAGAR,NER,6.83,13,13
COR00168,KSNR,GH,KHUSHAL NAGAR,GHUGHULI,NER,7.51,13,13
COR00169,GH,SBZ,GHUGHULI,SISWA BAZAR,NER,11.44,13,13
COR00170,SBZ,GRRG,SISWA BAZAR,GURLI RAMGARHWA,NER,4.29,13,13
COR00171,GRRG,KZA,GURLI RAMGARHWA,KHADA,NER,9.59,13,13
COR00172,KZA,PNYA,KHADA,PANIAHWA,NER,6.7,13,13
COR00173,PNYA,VKNR,PANIAHWA,VALMIKINAGAR RD,NER,10.42,12,12
COR00174,VKNR,AWS,VALMIKINAGAR RD,ASWANI HALT,ECR,4.3,12,12
COR00175,AWS,BUG,ASWANI HALT,BAGAHA,ECR,3.61,12,12
COR00176,BUG,KPB,BAGAHA,KHARPOKHRA,ECR,8.59,12,12
COR00177,KPB,BRU,KHARPOKHRA,BHAIROGANJ,ECR,8.93,12,12
COR00178,BRU,HIR,BHAIROGANJ,HARINAGAR,ECR,8.14,12,12
COR00179,HIR,CAMU,HARINAGAR,CHAMUA,ECR,7.84,12,12
COR00180,CAMU,NKE,CHAMUA,NARKATIAGANJ JN,ECR,7.23,12,12
COR00181,NKE,SAHI,NARKATIAGANJ JN,SATHI,ECR,10.67,13,13
COR00182,SAHI,CAI,SATHI,CHANPATIA,ECR,8.67,13,13
COR00183,CAI,KUMB,CHANPATIA,KUMARBAGH,ECR,7.7,15,15
COR00184,KUMB,BTH,KUMARBAGH,BETTIAH,ECR,7.72,13,13
COR00185,BTH,MJL,BETTIAH,MAJHOWLIA,ECR,9.55,15,15
COR00186,MJL,SGL,MAJHOWLIA,SAGAULI JN,ECR,12.92,13,13
COR00187,SGL,SRA,SAGAULI JN,SEMRA,ECR,9.0,19,19
COR00188,SRA,BMKI,SEMRA,BAPUDHAM MOTIHARI,ECR,11.04,16,16
COR00189,BMKI,MKI,BAPUDHAM MOTIHARI,BAPUDHAM MOTIHARI,ECR,0.02,19,19
COR00190,MKI,JDR,BAPUDHAM MOTIHARI,JIWDHARA,ECR,8.21,15,15
COR00191,JDR,PPA,JIWDHARA,PIPRA,ECR,12.89,15,15
COR00192,PPA,CAA,PIPRA,CHAKIA,ECR,10.08,15,15
COR00193,CAA,HRNG,CHAKIA,HARPUR NAG HALT,ECR,4.59,19,19
COR00194,HRNG,MAI,HARPUR NAG HALT,MEHSI,ECR,3.99,19,19
COR00195,MAI,MHL,MEHSI,MAHWAL,ECR,6.61,19,19
COR00196,MHL,MTR,MAHWAL,MOTIPUR,ECR,6.5,19,19
COR00197,MTR,NRV,MOTIPUR,NARIYAR,ECR,5.27,19,19
COR00198,NRV,KTI,NARIYAR,KANTI,ECR,8.15,15,15
COR00199,KTI,KVC,KANTI,KAPARPURA,ECR,3.21,19,19
COR00200,VPO,BTJ,BHUPIA MAU,BISHNATHGANJ,NR,8.87,10,10
COR00201,BTJ,DHRJ,BISHNATHGANJ,DHIRGANJ,NR,6.35,10,10
COR00202,DHRJ,MEM,DHIRGANJ,MAU AIMMA,NR,5.37,10,10
COR00203,SWE,PFM,SIWAITH,PHAPHAMAU JN,NR,5.88,10,10
COR00204,PFM,PRG,PHAPHAMAU JN,PRAYAG,NR,6.26,35,35
COR00205,IDGJ,JSR,IRADATGANJ,JASRA,NCR,6.16,53,53
COR00206,JSR,MFX,JASRA,MADARAHA,NCR,1.26,53,53
COR00207,MFX,LOG,MADARAHA,LOHGARA,NCR,4.29,53,53
COR00208,LOG,SRJ,LOHGARA,SHANKARGARH,NCR,13.57,53,53
COR00209,SRJ,MJHR,SHANKARGARH,MAJHIARI,NCR,10.09,53,53
COR00210,MJHR,BRG,MAJHIARI,BARGARH,NCR,7.11,53,53
COR00211,BRG,KTDD,BARGARH,KATAIYA DANDI,NCR,5.46,53,53
COR00212,KTDD,DBR,KATAIYA DANDI,DABHAURA,NCR,10.2,53,53
COR00213,DBR,PNHI,DABHAURA,PANHAI,NCR,12.13,53,53
COR00214,PNHI,MKP,PANHAI,MANIKPUR JN,NCR,9.86,53,53
COR00215,MKP,BNSP,MANIKPUR JN,BANSAPAHAR,NCR,4.48,53,53
COR00216,BNSP,BQF,BANSAPAHAR,BARAHMUAFI,WCR,4.4,53,53
COR00217,BQF,MKD,BARAHMUAFI,MARKUNDI,WCR,6.81,53,53
COR00218,MKD,TKYR,MARKUNDI,TIKARIA,WCR,8.69,53,53
COR00219,MJG,CTHR,MAJHAGAWAN,CHITAHRA,WCR,6.46,53,53
COR00220,CTHR,KTHA,CHITAHRA,KHUTAHA,WCR,6.96,53,53
COR00221,KTHA,JTW,KHUTAHA,JAITWAR,WCR,6.9,53,53
COR00222,JTW,HATI,JAITWAR,HATI,WCR,6.04,53,53
COR00223,HATI,SAGM,HATI,SAGMA,WCR,7.62,53,53
COR00224,SAGM,STA,SAGMA,SATNA,WCR,5.95,53,53
COR00225,STA,LGCE,SATNA,LAGARGAWAN,WCR,11.68,57,57
COR00226,LGCE,UHR,LAGARGAWAN,UNCHHERA,WCR,9.43,57,57
COR00227,UHR,MYR,UNCHHERA,MAIHAR,WCR,14.36,57,57
COR00228,MYR,BUU,MAIHAR,BHADANPUR,WCR,12.88,57,57
COR00229,BUU,UDR,BHADANPUR,AMDARA ROAD,WCR,12.85,57,57
COR00230,UDR,PKRD,AMDARA ROAD,PAKARA ROAD,WCR,9.1,57,57
COR00231,PKRD,JKE,PAKARA ROAD,JUKEHI,WCR,10.32,57,57
COR00232,JKE,PTWA,JUKEHI,PATWARA,WCR,8.29,57,57
COR00233,PTWA,KTE,PATWARA,KATNI,WCR,9.1,57,57
COR00234,MDRR,NWR,MADHAVNAGAR ROA,NIWAR,WCR,7.79,58,58
COR00235,NWR,SNRR,NIWAR,SANSARPUR,WCR,5.14,58,58
COR00236,SNRR,SBD,SANSARPUR,SLEEMANABAD RD,WCR,9.57,58,58
COR00237,SBD,DDCE,SLEEMANABAD RD,DUNDI,WCR,9.4,58,58
COR00238,DDCE,SHR,DUNDI,SIHORA ROAD,WCR,14.81,58,58
COR00239,SHR,GSPR,SIHORA ROAD,GOSALPUR,WCR,10.82,58,58
COR00240,GSPR,DOE,GOSALPUR,DEORI,WCR,10.55,58,58
COR00241,DOE,ADTL,DEORI,ADHARTAL,WCR,8.78,58,58
COR00242,ADTL,JBP,ADHARTAL,JABALPUR,WCR,7.31,54,54
COR00243,JBP,HBG,JABALPUR,HOWBAGH JABALPUR,WCR,2.13,38,38
COR00244,HBG,MML,HOWBAGH JABALPUR,MADAN MAHAL,WCR,1.25,34,34
COR00245,MML,KEQ,MADAN MAHAL,KACHHPURA,WCR,2.05,54,54
COR00246,KEQ,BRGT,KACHHPURA,BHERAGHAT,WCR,10.76,54,54
COR00247,BRGT,BHTN,BHERAGHAT,BHITONI,WCR,13.02,54,54
COR00248,BHTN,BMR,BHITONI,BIKRAMPUR,WCR,11.21,54,54
COR00249,BMR,SRID,BIKRAMPUR,SHRIDHAM,WCR,11.73,54,54
COR00250,SRID,KKB,SHRIDHAM,KARAK BEL,WCR,15.36,54,54
COR00251,KKB,BELD,KARAK BEL,BELKHERA,WCR,4.39,54,54
COR00252,BELD,GPC,BELKHERA,GHATPINDRAI,WCR,4.73,54,54
COR00253,GPC,NU,GHATPINDRAI,NARSINGHPUR,WCR,5.42,54,54
COR00254,NU,KY,NARSINGHPUR,KARELI,WCR,15.16,54,54
COR00255,KY,KFY,KARELI,KARAPGAON,WCR,8.63,54,54
COR00256,KFY,BNE,KARAPGAON,BOHANI,WCR,7.03,54,54
COR00257,BNE,GAR,BOHANI,GADARWARA,WCR,12.82,54,54
COR00258,GAR,SCKR,GADARWARA,SALICHAUKA ROAD,WCR,13.91,54,54
COR00259,SCKR,JHT,SALICHAUKA ROAD,JUNEHTA,WCR,9.99,54,54
COR00260,JHT,BKH,JUNEHTA,BANKHEDI,WCR,6.02,54,54
COR00261,BKH,PPI,BANKHEDI,PIPARIYA,WCR,18.95,54,54
COR00262,PPI,SXF,PIPARIYA,SOBHAPUR,WCR,7.07,54,54
COR00263,SXF,SGP,SOBHAPUR,SOHAGPUR,WCR,10.68,54,54
COR00264,SGP,GMD,SOHAGPUR,GURAMKHEDI,WCR,12.02,54,54
COR00265,GMD,BGTA,GURAMKHEDI,BAGRA TAWA,WCR,10.36,54,54
COR00266,BGTA,SQL,BAGRA TAWA,SONTALAI,WCR,4.92,54,54
COR00267,SQL,GRO,SONTALAI,GURRA,WCR,8.73,54,54
COR00268,DRA,KTZ,DULARIA,KHUTWANSA,WCR,6.32,68,68
COR00269,KTZ,DKI,KHUTWANSA,DHARMKUNDI,WCR,6.44,68,68
COR00270,DKI,BPF,DHARMKUNDI,BANAPURA,WCR,8.58,68,68
COR00271,BPF,BIF,BANAPURA,BHAIRONPUR,WCR,7.52,68,68
COR00272,BIF,PGL,BHAIRONPUR,PAGDHAL,WCR,7.2,68,68
COR00273,PGL,CGO,PAGDHAL,CHHIDGAON,WCR,4.13,68,68
COR00274,CGO,TBN,CHHIDGAON,TIMARNI,WCR,9.37,68,68
COR00275,TBN,CRK,TIMARNI,CHARKHERA,WCR,6.06,68,68
COR00276,CRK,HD,CHARKHERA,HARDA,WCR,7.91,68,68
COR00277,HD,PAL,HARDA,PALASNER,WCR,6.45,68,68
COR00278,PAL,MUO,PALASNER,MASANGAON,WCR,5.8,68,68
COR00279,MUO,BRI,MASANGAON,BHIRINGI,WCR,8.29,68,68
COR00280,BRI,KRO,BHIRINGI,KURAWAN,WCR,6.72,68,68
COR00281,KRO,KKN,KURAWAN,KHIRKIYA,WCR,4.11,68,68
COR00282,KKN,DRHI,KHIRKIYA,DAGARHKERI,WCR,10.06,68,68
COR00283,DRHI,BRUD,DAGARHKERI,BARUD,WCR,3.48,34,34
COR00284,BRUD,CAER,BARUD,CHHANERA,WCR,14.71,68,68
COR00285,MTA,KNW,MATHELA,KHANDWA,WCR,7.35,69,69
COR00286,BMA,KDK,BAGMAR,KOHDAD,CR,3.86,68,68
COR00287,KDK,DGN,KOHDAD,DONGARGAON,CR,6.82,68,68
COR00288,MWA,NPNR,MANDWA,NEPANAGAR,CR,5.98,68,68
COR00289,NPNR,CDI,NEPANAGAR,CHANDNI,CR,6.3,68,68
COR00290,CDI,AGQ,CHANDNI,ASIRGARH ROAD,CR,10.12,68,68
COR00291,AGQ,BAU,ASIRGARH ROAD,BURHANPUR,CR,8.69,68,68
COR00292,BAU,WGA,BURHANPUR,WAGHODA,CR,14.35,68,68
COR00293,WGA,RV,WAGHODA,RAVER,CR,5.92,68,68
COR00294,RV,NB,RAVER,NIMBHORA,CR,9.92,68,68
COR00295,NB,SAV,NIMBHORA,SAVDA,CR,8.68,68,68
COR00296,SAV,DSK,SAVDA,DUSKHEDA,CR,8.51,68,68
COR00297,SBHR,BAJE,Subrahmanya Road,Bajakare Halt,SWR,5.41,3,3
COR00298,BAJE,KDBA,Bajakare Halt,Kodimbala Halt,SWR,3.51,3,3
COR00299,KDBA,YDM,Kodimbala Halt,Yedamangala,SWR,3.66,3,3
COR00300,YDM,KNYR,Yedamangala,Kaniuru Halt,SWR,8.42,3,3
COR00301,KNYR,NRJ,Kaniuru Halt,Narimogaru,SWR,8.57,3,3
COR00302,NRJ,KBPR,Narimogaru,Kabakaputtur,SWR,9.84,3,3
COR00303,KBPR,BNTL,Kabakaputtur,Bantawala,SWR,22.13,5,5
COR00304,BNTL,MAJN,Bantawala,MANGALORE JN,SWR,16.79,5,5
COR00305,MAJN,MAQ,MANGALORE JN,MANGALORE CNTL,SR,3.93,6,6
COR00306,SRU,DRBR,SALEMPUR JN,Deoraha Baba Road,NER,5.43,3,3
COR00307,DRBR,STZ,Deoraha Baba Road,Satraon,NER,4.96,3,3
COR00308,STZ,BHJ,Satraon,Barhaj Bazar,NER,8.96,3,3
COR00309,BIR,KHA,Bir,Khaigaon,WCR,8.18,4,4
COR00310,KHA,TLV,Khaigaon,TALVADYA,WCR,10.16,4,4
COR00311,TLV,MTA,TALVADYA,MATHELA,WCR,7.63,6,6
COR00312,BURN,DMA,BURNPUR,DAMODAR JUNCTION,SER,3.85,23,23
COR00313,DMA,MDKD,DAMODAR JUNCTION,MADHUKUNDA,SER,4.85,23,23
COR00314,MDKD,MDF,MADHUKUNDA,MURADI,SER,7.14,23,23
COR00315,MDF,RKI,MURADI,RAMKANALI JN,SER,5.0,23,23
COR00316,RKI,BERO,RAMKANALI JN,BERO,SER,5.06,23,23
COR00317,BERO,JOC,BERO,JOYCHANDI PAHAR,SER,5.9,23,23
COR00318,JOC,ADRA,JOYCHANDI PAHAR,ADRA JN,SER,2.34,14,14
COR00319,ADRA,GRB,ADRA JN,GARHDHRUBESWAR,SER,6.06,15,15
COR00320,GRB,ANR,GARHDHRUBESWAR,ANARA,SER,6.63,24,24
COR00321,ANR,BGA,ANARA,BAGALIA,SER,5.63,24,24
COR00322,BGA,KSU,BAGALIA,KUSHTAUR,SER,2.8,24,24
COR00323,KSU,CHRA,KUSHTAUR,CHHARRA,SER,9.8,24,24
COR00324,TPU,BNSA,Tanakpur,Banbasa,NER,9.08,4,4
COR00325,BNSA,CKK,Banbasa,Chakarpur,NER,8.19,4,4
COR00326,CKK,KHMA,Chakarpur,Khatima,NER,5.17,4,4
COR00327,KHMA,MJZ,Khatima,Majhola Pakarya,NER,11.55,4,4
COR00328,MJZ,NRY,Majhola Pakarya,Nyoriya Husenpur,NER,10.84,4,4
COR00329,NRY,PBE,Nyoriya Husenpur,PILIBHIT JN,NER,15.21,4,4
COR00330,PBE,PP,PILIBHIT JN,PURANPUR,NER,34.74,5,5
COR00331,PP,DYK,PURANPUR,DUDHIA KHURD,NER,7.22,10,10
COR00332,DYK,KRYA,DUDHIA KHURD,KURRAIYA,NER,7.0,11,11
COR00333,KRYA,SW,KURRAIYA,SEHRAMAU,NER,8.07,11,11
COR00334,SW,ALNP,SEHRAMAU,Akelahanspur Halt,NER,2.92,9,9
COR00335,ALNP,MLN,Akelahanspur Halt,MAILANI,NER,6.98,9,9
COR00336,MLN,BNKJ,MAILANI,BANKE GANJ,NER,15.54,12,12
COR00337,BNKJ,GK,BANKE GANJ,GOLA GOKARANATH,NER,10.05,12,12
COR00338,GK,RZJ,GOLA GOKARANATH,RAZAGANJ,NER,18.42,7,7
COR00339,RZJ,PD,RAZAGANJ,PHARADAHAN,NER,0.14,11,11
COR00340,PD,DEO,PHARADAHAN,DEOKALI,NER,7.41,11,11
COR00341,DEO,LMP,DEOKALI,LAKHIMPUR,NER,7.86,11,11
COR00342,LMP,KITN,LAKHIMPUR,KHIRI TOWN,NER,5.06,11,11
COR00343,KITN,HA,KHIRI TOWN,HARGAON,NER,16.01,5,5
COR00344,HA,JKP,HARGAON,JHAREKAPUR,NER,9.85,6,6
COR00345,JKP,STP,JHAREKAPUR,SITAPUR,NER,13.9,9,9
COR00346,STP,KB,SITAPUR,KHAIRATABAD,NER,5.94,11,11
COR00347,KB,BJLP,KHAIRATABAD,BARAI JALALPUR,NER,9.89,9,9
COR00348,BJLP,KMP,BARAI JALALPUR,KAMLAPUR,NER,8.21,9,9
COR00349,KMP,SD,KAMLAPUR,SIDHAULI,NER,10.94,8,8
COR00350,SD,AA,SIDHAULI,ATARIA,NER,12.29,8,8
COR00351,AA,IJ,ATARIA,ITAUNJA,NER,10.59,11,11
COR00352,IJ,BKT,ITAUNJA,BAKSHI KA TALAB,NER,11.28,10,10
COR00353,BKT,MBP,BAKSHI KA TALAB,MOHIBULLAPUR,NER,8.41,11,11
COR00354,BTD,LTD,BOTAD JN,LATHIDAD,WR,11.01,10,10
COR00355,LTD,NGA,LATHIDAD,NINGALA JN,WR,7.24,10,10
COR00356,NGA,ALMR,NINGALA JN,ALAMPUR,WR,9.09,10,10
COR00357,ALMR,UJ,ALAMPUR,UJALVAV,WR,4.37,10,10
COR00358,UJ,DLJ,UJALVAV,DHOLA JN,WR,9.8,10,10
COR00359,DLJ,SOA,DHOLA JN,SANOSRA,WR,9.82,10,10
COR00360,SOA,BJUD,SANOSRA,BAJUD,WR,4.19,10,10
COR00361,BJUD,SGD,BAJUD,SONGADH,WR,6.13,10,10
COR00362,SGD,SOJN,SONGADH,SIHOR GUJARAT,WR,7.29,9,9
COR00363,SOJN,KDMR,SIHOR GUJARAT,KODIYAR MANDIR,WR,5.15,13,13
COR00364,KDMR,VTJ,KODIYAR MANDIR,VARTEJ,WR,5.28,13,13
COR00365,VTJ,NROD,VARTEJ,NARI ROAD,WR,3.03,13,13
COR00366,NROD,BVP,NARI ROAD,BHAVANAGAR PARA,WR,4.09,13,13
COR00367,BVP,BVC,BHAVANAGAR PARA,BHAVNAGAR TERMINUS,WR,2.6,12,12
COR00368,CBN,TJD,CHIT BARAGAON,TAJPUR DEHMA,NER,7.41,21,21
COR00369,TJD,KMDR,TAJPUR DEHMA,KARIMUDDIN PUR,NER,7.58,21,21
COR00370,KMDR,DDD,KARIMUDDIN PUR,DHONDHA DIH,NER,7.2,21,21
COR00371,DDD,YFP,DHONDHA DIH,YUSUFPUR,NER,6.02,21,21
COR00372,YFP,SBK,YUSUFPUR,SHAHBAZ KULI,NER,7.46,21,21
COR00373,SBK,GZT,SHAHBAZ KULI,GHAZIPUR GHAT,NER,7.85,21,21
COR00374,GZT,GCT,GHAZIPUR GHAT,GHAZIPUR CITY,NER,4.15,21,21
COR00375,GCT,AKS,GHAZIPUR CITY,ANKUSPUR,NER,7.54,21,21
COR00376,AKS,SAHR,ANKUSPUR,SAHERI,NER,4.7,21,21
COR00377,SAHR,NDJ,SAHERI,NANDGANJ,NER,5.48,21,21
COR00378,NDJ,BSCK,NANDGANJ,BASUCHAK,NER,5.1,21,21
COR00379,BSCK,TRN,BASUCHAK,TARAON,NER,3.76,21,21
COR00380,TRN,SYH,TARAON,SAIYEDPUR BHTRI,NER,7.99,21,21
COR00381,SYH,ARJ,SAIYEDPUR BHTRI,AUNRIHAR JN,NER,4.62,21,21
COR00382,ARJ,RJI,AUNRIHAR JN,RAJAWARI,NER,7.71,33,33
COR00383,RJI,KDQ,RAJAWARI,KADIPUR,NER,6.73,33,33
COR00384,KDQ,SRNT,KADIPUR,SARNATH,NER,10.01,33,33
COR00385,SRNT,BCY,SARNATH,VARANASI CITY,NER,5.01,33,33
COR00386,BRMP,KRMD,Biramitrapur,Kuarmunda,SER,13.43,1,1
COR00387,DMF,LTK,Dumerta,Lathikata,SER,6.33,1,1
COR00388,LTK,CJQ,Lathikata,Champajharam,SER,3.5,1,1
COR00389,CJQ,CPE,Champajharam,Chandiposi,SER,3.85,1,1
COR00390,CPE,PSJ,Chandiposi,Patasahi,SER,5.46,1,1
COR00391,PSJ,BUF,Patasahi,Bimlagarh Junction,SER,11.47,1,1
COR00392,BUF,BXF,Bimlagarh Junction,Barsuan,SER,16.76,1,1
COR00393,PTN,RUJ,PATAN,RANUJ,WR,13.47,4,4
COR00394,RUJ,MRD,RANUJ,Manund,WR,,4,4
COR00395,MRD,DHJ,Manund,DHINOJ,WR,,4,4
COR00396,DHJ,PHC,DHINOJ,PANCHOT,WR,7.13,5,5
COR00397,PHC,MSH,PANCHOT,MAHESANA JN,WR,6.15,5,5
COR00398,HLR,KPA,Halisahar,Kanchrapara,ER,3.1,20,20
COR00399,KPA,KYI,Kanchrapara,Kalyani,ER,3.07,20,20
COR00400,KYI,MPJ,Kalyani,Madanpur,ER,4.67,19,19
COR00401,MPJ,SMX,Madanpur,Simurali,ER,4.46,19,19
COR00402,SMX,PXR,Simurali,Palpara,ER,2.29,19,19
COR00403,PXR,CDH,Palpara,Chakdaha,ER,2.3,19,19
COR00404,CDH,PDX,Chakdaha,Payradanga,ER,5.82,19,19
COR00405,PDX,RHA,Payradanga,Ranaghat Junction,ER,5.48,19,19
COR00406,RHA,BNKA,Ranaghat Junction,Bankim Nagar,ER,4.65,7,7
COR00407,BNKA,PNCB,Bankim Nagar,Pancheberia,ER,1.54,7,7
COR00408,PNCB,AG,Pancheberia,Aranghata,ER,2.75,7,7
COR00409,AG,BHGH,Aranghata,Bhairgachhi,ER,4.2,7,7
COR00410,BHGH,BHNA,Bhairgachhi,Bhayna,ER,4.24,7,7
COR00411,BHNA,BGL,Bhayna,Bagula,ER,2.63,7,7
COR00412,BGL,MYHT,Bagula,Mayurhat,ER,3.41,7,7
COR00413,MYHT,TNX,Mayurhat,Tarak Nagar,ER,2.73,7,7
COR00414,TNX,MIJ,Tarak Nagar,Majhdia,ER,5.51,7,7
COR00415,MIJ,BPN,Majhdia,Banpur,ER,6.02,7,7
COR00416,BPN,HRSR,Banpur,Harish Nagar Halt,ER,2.58,7,7
COR00417,HRSR,GEDE,Harish Nagar Halt,Gede,ER,2.54,7,7
COR00418,NLRD,KQD,NECKLACE ROAD,KHAIRATABAD DCN,SCR,1.02,53,53
COR00419,KQD,LKPL,KHAIRATABAD DCN,LAKDIKAPUL,SCR,1.15,53,53
COR00420,LKPL,HYB,LAKDIKAPUL,HYDERABAD DECCAN,SCR,1.26,53,53
COR00421,HYB,LKPL,HYDERABAD DECCAN,LAKDIKAPUL,SCR,1.26,53,53
COR00422,LKPL,KQD,LAKDIKAPUL,KHAIRATABAD DCN,SCR,1.15,53,53
COR00423,KQD,NLRD,KHAIRATABAD DCN,NECKLACE ROAD,SCR,1.02,53,53
COR00424,DYE,SFX,DAYANAND NAGAR,SAFILGUDA,SCR,0.63,20,20
COR00425,SFX,RKO,SAFILGUDA,RAMAKRISHNAPURAM GATE,SCR,1.7,20,20
COR00426,RKO,AMQ,RAMAKRISHNAPURAM GATE,AMMUGUDA,SCR,1.2,20,20
COR00427,AMQ,CVB,AMMUGUDA,CAVALRY BARRCKS,SCR,1.24,20,20
COR00428,CVB,ALW,CAVALRY BARRCKS,ALWAL,SCR,1.29,20,20
COR00429,ALW,BOZ,ALWAL,BOLARUM BAZAR,SCR,1.35,20,20
COR00430,BOZ,BMO,BOLARUM BAZAR,BOLARUM,SCR,1.75,20,20
COR00431,BMO,GOPL,BOLARUM,GUNDLA POCHAMPALLI,SCR,4.78,18,18
COR00432,GOPL,GDPL,GUNDLA POCHAMPALLI,GUNDLA POCHAMPALLI,SCR,0.08,17,17
COR00433,GDPL,GWV,GUNDLA POCHAMPALLI,GOWDAVALLI,SCR,5.08,17,17
COR00434,GWV,MED,GOWDAVALLI,MEDCHAL,SCR,3.38,18,18
COR00435,MED,DBV,MEDCHAL,DABILPUR,SCR,3.91,17,17
COR00436,MOB,PAPM,MANOHARABAD,PALAT POTARAM,SCR,3.82,17,17
COR00437,PAPM,BMPL,PALAT POTARAM,BRAHMANPALLI,SCR,4.78,17,17
COR00438,BMPL,ME,BRAHMANPALLI,MASAIPET,SCR,5.58,17,17
COR00439,ME,SHAN,MASAIPET,SRINIVASA NAGAR,SCR,3.31,17,17
COR00440,SHAN,WDR,SRINIVASA NAGAR,WADIARAM,SCR,7.0,17,17
COR00441,WDR,MZL,WADIARAM,MIRZAPALI,SCR,6.59,17,17
COR00442,AKE,BKU,AKANAPET,BHIKNUR,SCR,5.97,16,16
COR00443,BKU,THPR,BHIKNUR,TIPPAPUR,SCR,4.02,16,16
COR00444,THPR,TMD,TIPPAPUR,TALMADLA,SCR,5.47,16,16
COR00445,TMD,KMC,TALMADLA,KAMAREDDI,SCR,9.88,16,16
COR00446,KMC,UPW,KAMAREDDI,UPPALAVAI,SCR,11.21,16,16
COR00447,UPW,SCP,UPPALAVAI,SIRNAPALLI,SCR,8.42,16,16
COR00448,SCP,IDL,SIRNAPALLI,INDALVAI,SCR,7.37,16,16
COR00449,IDL,DHP,INDALVAI,DICHPALLI,SCR,8.89,16,16
COR00450,DHP,NZB,DICHPALLI,NIZAMABAD,SCR,12.1,16,16
COR00451,NZB,JKM,NIZAMABAD,JANKAMPET JN,SCR,5.82,20,20
COR00452,JKM,NVT,JANKAMPET JN,NAVIPET,SCR,8.67,17,17
COR00453,NVT,FKB,NAVIPET,FAKHRABAD,SCR,7.27,17,17
COR00454,FKB,BSX,FAKHRABAD,BASAR,SCR,5.88,17,17
COR00455,BSX,DAB,BASAR,DHARMABAD,SCR,9.73,17,17
COR00456,DAB,SQE,DHARMABAD,SAMRLA,SCR,7.0,18,18
COR00457,KEK,BLSA,KARKHELI,BOLSA,SCR,7.32,18,18
COR00458,BLSA,UMRI,BOLSA,UMRI,SCR,7.77,18,18
COR00459,UMRI,SLGH,UMRI,SHELGOAN H,SCR,7.12,18,18
COR00460,SLGH,SVN,SHELGOAN H,SIVUNGAON,SCR,5.6,18,18
COR00461,SVN,MUE,SIVUNGAON,MUDKHED,SCR,5.71,18,18
COR00462,MUE,MGC,MUDKHED,MUGAT,SCR,9.15,23,23
COR00463,MGC,PARD,MUGAT,PATHRAD,SCR,3.85,23,23
COR00464,NED,WNG,HUZUR SAHIB NANDED,WANEGAON,SCR,6.38,26,26
COR00465,WNG,LBG,WANEGAON,LIMBGAON,SCR,4.74,26,26
COR00466,LBG,CRU,LIMBGAON,CHUDAWA,SCR,9.38,26,26
COR00467,CRU,PAU,CHUDAWA,PURNA JN,SCR,9.66,26,26
COR00468,DSK,SAV,DUSKHEDA,SAVDA,CR,8.51,69,69
COR00469,SAV,NB,SAVDA,NIMBHORA,CR,8.68,69,69
COR00470,NB,RV,NIMBHORA,RAVER,CR,9.92,69,69
COR00471,RV,WGA,RAVER,WAGHODA,CR,5.92,69,69
COR00472,WGA,BAU,WAGHODA,BURHANPUR,CR,14.35,69,69
COR00473,BAU,AGQ,BURHANPUR,ASIRGARH ROAD,CR,8.69,69,69
COR00474,AGQ,CDI,ASIRGARH ROAD,CHANDNI,CR,10.12,69,69
COR00475,CDI,NPNR,CHANDNI,NEPANAGAR,CR,6.3,69,69
COR00476,NPNR,MWA,NEPANAGAR,MANDWA,CR,5.98,69,69
COR00477,DGN,KDK,DONGARGAON,KOHDAD,CR,6.82,69,69
COR00478,KDK,BMA,KOHDAD,BAGMAR,CR,3.86,69,69
COR00479,KNW,MTA,KHANDWA,MATHELA,CR,7.35,70,70
COR00480,CAER,BRUD,CHHANERA,BARUD,WCR,14.71,69,69
COR00481,BRUD,DRHI,BARUD,DAGARHKERI,WCR,3.48,33,33
COR00482,DRHI,KKN,DAGARHKERI,KHIRKIYA,WCR,10.06,69,69
COR00483,KKN,KRO,KHIRKIYA,KURAWAN,WCR,4.11,69,69
COR00484,KRO,BRI,KURAWAN,BHIRINGI,WCR,6.72,69,69
COR00485,BRI,MUO,BHIRINGI,MASANGAON,WCR,8.29,69,69
COR00486,MUO,PAL,MASANGAON,PALASNER,WCR,5.8,69,69
COR00487,PAL,HD,PALASNER,HARDA,WCR,6.45,69,69
COR00488,HD,CRK,HARDA,CHARKHERA,WCR,7.91,69,69
COR00489,CRK,TBN,CHARKHERA,TIMARNI,WCR,6.06,69,69
COR00490,TBN,CGO,TIMARNI,CHHIDGAON,WCR,9.37,69,69
COR00491,CGO,PGL,CHHIDGAON,PAGDHAL,WCR,4.13,69,69
COR00492,PGL,BIF,PAGDHAL,BHAIRONPUR,WCR,7.2,69,69
COR00493,BIF,BPF,BHAIRONPUR,BANAPURA,WCR,7.52,69,69
COR00494,BPF,DKI,BANAPURA,DHARMKUNDI,WCR,8.58,69,69
COR00495,DKI,KTZ,DHARMKUNDI,KHUTWANSA,WCR,6.44,69,69
COR00496,KTZ,DRA,KHUTWANSA,DULARIA,WCR,6.32,69,69
COR00497,NLI,BRLA,NAMLI,BRAYLA CHAURASI,WR,11.44,9,9
COR00498,BRLA,JAO,BRAYLA CHAURASI,JAORA,WR,8.35,9,9
COR00499,KCNR,DLD,KACHNARA ROAD,DALAUDA,WR,13.25,9,9
COR00500,DLD,MDS,DALAUDA,MANDASOR,WR,14.46,9,9
COR00501,PIP,MLG,PIPLIA,MALHARGARH,WR,7.74,9,9
COR00502,NMH,BIWK,NIMACH,BISALWAS KALAN,WR,8.37,12,12
COR00503,BIWK,JWO,BISALWAS KALAN,JAWAD ROAD,WR,6.67,12,12
COR00504,JWO,NBH,JAWAD ROAD,NIMBAHERA,WR,10.18,12,12
COR00505,NBH,GRF,NIMBAHERA,GAMBHIRI ROAD,WR,8.2,12,12
COR00506,GRF,SMP,GAMBHIRI ROAD,SHAMBHUPURA,WR,9.11,12,12
COR00507,SMP,ORDI,SHAMBHUPURA,ORDI,WR,7.25,12,12
COR00508,ORDI,COR,ORDI,CHITTAURGARH,WR,4.34,12,12
COR00509,GGR,SNYN,GANGRAR,SONIYANA,NWR,6.89,11,11
COR00510,SNYN,HMG,SONIYANA,HAMIRGARH,NWR,7.17,11,11
COR00511,HMG,MDPA,HAMIRGARH,MANDPIYA,NWR,8.45,11,11
COR00512,MDPA,BHL,MANDPIYA,BHILWARA,NWR,9.15,11,11
COR00513,BHL,MDL,BHILWARA,MANDAL,NWR,11.31,11,11
COR00514,LMA,RLR,LAMBIYA,RAILA ROAD,NWR,5.88,11,11
COR00515,RLR,SSR,RAILA ROAD,SARERI,NWR,7.98,11,11
COR00516,RPI,GBP,RUPAHELI,GULABPURA,NWR,14.71,11,11
COR00517,GBP,BJNR,GULABPURA,BIJAINAGAR,NWR,3.15,11,11
COR00518,BJNR,MAKH,BIJAINAGAR,MOKHAMPURA,NWR,11.45,11,11
COR00519,MAKH,SGW,MOKHAMPURA,SINGWAL,NWR,3.41,11,11
COR00520,SGW,BDW,SINGWAL,BANDANWARA,NWR,7.2,11,11
COR00521,BDW,JWS,BANDANWARA,JHARWASAA,NWR,9.56,11,11
COR00522,JWS,NSD,JHARWASAA,NASIRABAD,NWR,9.43,11,11
COR00523,NSD,ROS,NASIRABAD,RAJOSI,NWR,4.95,11,11
COR00524,HTD,AHO,HATUNDI,ADARSHNAGAR,NWR,6.43,11,11
COR00525,AHO,AII,ADARSHNAGAR,AJMER JN,NWR,5.25,11,11
COR00526,MAQ,TKOT,MANGALORE CNTL,TOKKOTTU,SR,5.14,16,16
COR00527,TKOT,ULL,TOKKOTTU,ULLAL,SR,3.01,16,16
COR00528,ULL,MJS,ULLAL,MANJESHWAR,SR,8.27,35,35
COR00529,MJS,UAA,MANJESHWAR,UPPALA,SR,6.39,35,35
COR00530,UAA,KMQ,UPPALA,KUMBLA,SR,9.71,35,35
COR00531,KMQ,KGQ,KUMBLA,KASARAGOD,SR,12.02,35,35
COR00532,KGQ,KLAD,KASARAGOD,KALANAD HALT,SR,2.87,35,35
COR00533,KLAD,KALD,KALANAD HALT,Kalanad,SR,,19,19
COR00534,KALD,KQK,Kalanad,KOTIKULAM,SR,,19,19
COR00535,KQK,BFR,KOTIKULAM,BEKAL FORT,SR,4.69,35,35
COR00536,BFR,PKP,BEKAL FORT,Pallikkara,SR,,19,19
COR00537,PKP,KZE,Pallikkara,KANHANGAD,SR,,19,19
COR00538,KZE,NLE,KANHANGAD,NILESHWAR,SR,9.02,35,35
COR00539,NLE,CHV,NILESHWAR,CHARVATTUR,SR,5.15,35,35
COR00540,CHV,CDRA,CHARVATTUR,CHANDERA,SR,4.02,35,35
COR00541,CDRA,TKQ,CHANDERA,TRIKARPUR,SR,4.27,35,35
COR00542,TKQ,PAY,TRIKARPUR,PAYYANUR,SR,5.92,35,35
COR00543,PAY,ELM,PAYYANUR,ELIMALA,SR,4.69,35,35
COR00544,ELM,PAZ,ELIMALA,PAYANGADI,SR,6.11,35,35
COR00545,PAZ,KPQ,PAYANGADI,KANNAPURAM,SR,7.22,35,35
COR00546,KPQ,PPNS,KANNAPURAM,PAPPINISSERY,SR,5.96,35,35
COR00547,PPNS,VAPM,PAPPINISSERY,VALAPATTANAM,SR,1.57,35,35
COR00548,VAPM,CQL,VALAPATTANAM,CHIRAKKAL,SR,2.02,35,35
COR00549,CQL,CAN,CHIRAKKAL,KANNUR,SR,4.76,35,35
COR00550,TMZ,SMTG,Tamluk,Saheed Matangini,SER,3.12,7,7
COR00551,SMTG,RGA,Saheed Matangini,Rajgoda,SER,4.95,7,7
COR00552,RGA,RGX,Rajgoda,Raghunathbari,SER,7.81,7,7
COR00553,JNU,KS,JAUNPUR JN,KHETA SARAI,NR,22.59,16,16
COR00554,KS,MGWN,KHETA SARAI,MAHGAWAN HALT,NR,16.53,18,21
COR00555,MGWN,MIH,MAHGAWAN HALT,MIHRAWAN,NR,6.0,22,25
COR00556,ATMO,PRI,AITHAL,PATHRI,NR,5.84,35,35
COR00557,PRI,IKK,PATHRI,IKKAR,NR,4.99,35,35
COR00558,IKK,JWP,IKKAR,JWALAPUR,NR,4.52,35,35
COR00559,JWP,HW,JWALAPUR,HARIDWAR JN,NR,3.93,35,35
COR00560,HW,MOTC,HARIDWAR JN,MOTICHUR,NR,4.31,26,26
COR00561,MOTC,RWL,MOTICHUR,RAIWALA,NR,6.46,26,26
COR00562,RWL,QSR,RAIWALA,KANSRAO,NR,8.34,20,20
COR00563,QSR,DWO,KANSRAO,DOIWALA,NR,10.94,20,20
COR00564,DWO,HRW,DOIWALA,HARRAWALA,NR,9.79,20,20
COR00565,HRW,DDN,HARRAWALA,DEHRADUN,NR,8.53,20,20
COR00566,BSW,APD,Baneswar,Alipur Duar,NFR,10.46,2,2
COR00567,APD,APDC,Alipur Duar,Alipur Duar Court,NFR,2.3,2,2
COR00568,APDC,APDJ,Alipur Duar Court,ALIPUR DUAR JN,NFR,2.77,2,2
COR00569,KVC,KTI,KAPARPURA,KANTI,ECR,3.21,19,19
COR00570,KTI,NRV,KANTI,NARIYAR,ECR,8.15,16,16
COR00571,NRV,MTR,NARIYAR,MOTIPUR,ECR,5.27,19,19
COR00572,MTR,MHL,MOTIPUR,MAHWAL,ECR,6.5,18,18
COR00573,MHL,MAI,MAHWAL,MEHSI,ECR,6.61,18,18
COR00574,MAI,HRNG,MEHSI,HARPUR NAG HALT,ECR,3.99,19,19
COR00575,HRNG,CAA,HARPUR NAG HALT,CHAKIA,ECR,4.59,19,19
COR00576,CAA,PPA,CHAKIA,PIPRA,ECR,10.08,16,16
COR00577,PPA,JDR,PIPRA,JIWDHARA,ECR,12.89,16,16
COR00578,JDR,MKI,JIWDHARA,BAPUDHAM MOTIHARI,ECR,8.21,16,16
COR00579,MKI,BMKI,BAPUDHAM MOTIHARI,BAPUDHAM MOTIHARI,ECR,0.02,20,20
COR00580,BMKI,SRA,BAPUDHAM MOTIHARI,SEMRA,ECR,11.04,17,17
COR00581,SRA,SGL,SEMRA,SAGAULI JN,ECR,9.0,20,20
COR00582,SGL,MJL,SAGAULI JN,MAJHOWLIA,ECR,12.92,15,15
COR00583,MJL,BTH,MAJHOWLIA,BETTIAH,ECR,9.55,17,17
COR00584,BTH,KUMB,BETTIAH,KUMARBAGH,ECR,7.72,15,15
COR00585,KUMB,CAI,KUMARBAGH,CHANPATIA,ECR,7.7,17,17
COR00586,CAI,SAHI,CHANPATIA,SATHI,ECR,8.67,15,15
COR00587,SAHI,NKE,SATHI,NARKATIAGANJ JN,ECR,10.67,15,15
COR00588,NKE,CAMU,NARKATIAGANJ JN,CHAMUA,ECR,7.23,16,16
COR00589,CAMU,HIR,CHAMUA,HARINAGAR,ECR,7.84,16,16
COR00590,HIR,BRU,HARINAGAR,BHAIROGANJ,ECR,8.14,16,16
COR00591,BRU,KPB,BHAIROGANJ,KHARPOKHRA,ECR,8.93,16,16
COR00592,KPB,BUG,KHARPOKHRA,BAGAHA,ECR,8.59,16,16
COR00593,BUG,AWS,BAGAHA,ASWANI HALT,ECR,3.61,16,16
COR00594,AWS,VKNR,ASWANI HALT,VALMIKINAGAR RD,ECR,4.3,16,16
COR00595,VKNR,PNYA,VALMIKINAGAR RD,PANIAHWA,ECR,10.42,16,16
COR00596,PNYA,KZA,PANIAHWA,KHADA,NER,6.7,16,16
COR00597,KZA,GRRG,KHADA,GURLI RAMGARHWA,NER,9.59,16,16
COR00598,GRRG,SBZ,GURLI RAMGARHWA,SISWA BAZAR,NER,4.29,16,16
COR00599,SBZ,GH,SISWA BAZAR,GHUGHULI,NER,11.44,16,16
COR00600,GH,KSNR,GHUGHULI,KHUSHAL NAGAR,NER,7.51,16,16
COR00601,KSNR,CPJ,KHUSHAL NAGAR,KAPTANGANJ JN,NER,6.83,16,16
COR00602,CPJ,BBW,KAPTANGANJ JN,BODARWAR,NER,8.15,16,16
COR00603,BBW,MUUA,BODARWAR,MAHUAWA KHURD,NER,5.12,16,16
COR00604,MUUA,PPC,MAHUAWA KHURD,PIPRAICH,NER,6.45,16,16
COR00605,PPC,UNLA,PIPRAICH,UNAULA,NER,7.78,16,16
COR00606,CLE,YGL,CHINTALPALLI,YELGUR,SCR,7.7,67,67
COR00607,YGL,NKD,YELGUR,NEKONDA,SCR,9.54,67,67
COR00608,NKD,INK,NEKONDA,INTAKANNE,SCR,9.55,67,67
COR00609,INK,KDM,INTAKANNE,KESAMUDRAM,SCR,5.96,67,67
COR00610,KDM,TAA,KESAMUDRAM,TADLA PUSAPALLI,SCR,9.05,67,67
COR00611,TAA,MABD,TADLA PUSAPALLI,MAHBUBABAD,SCR,5.8,67,67
COR00612,MABD,GUU,MAHBUBABAD,GUNDRATIMADUGU,SCR,11.18,67,67
COR00613,GUU,GLA,GUNDRATIMADUGU,GARLA,SCR,8.05,67,67
COR00614,GLA,DKJ,GARLA,DORNAKAL JN,SCR,4.8,67,67
COR00615,DKJ,PPY,DORNAKAL JN,PAPATAPALLI,SCR,8.39,59,59
COR00616,PPY,MLMG,PAPATAPALLI,MALLEMADUGU,SCR,5.63,63,63
COR00617,MLMG,KMT,MALLEMADUGU,KHAMMAM,SCR,8.75,63,63
COR00618,KMT,PNDP,KHAMMAM,PANDILLAPALLI,SCR,9.24,63,63
COR00619,PNDP,CKN,PANDILLAPALLI,CHINTA KANI,SCR,6.04,63,63
COR00620,CKN,NVC,CHINTA KANI,NAGALWANCHA,SCR,6.48,63,63
COR00621,NVC,BKL,NAGALWANCHA,BONA KALU,SCR,5.91,63,63
COR00622,BKL,MTMI,BONA KALU,MOTIMARI,SCR,10.46,63,63
COR00623,MTMI,MDR,MOTIMARI,MADHIRA,SCR,6.23,63,63
COR00624,MDR,TNGM,MADHIRA,TONDALAGOPAVARAM,SCR,9.04,63,63
COR00625,TNGM,YP,TONDALAGOPAVARAM,ERRUPALEM,SCR,6.41,63,63
COR00626,YP,GNN,ERRUPALEM,GANGINENI,SCR,5.69,63,63
COR00627,GNN,CVV,GANGINENI,CHERUVU MADHAVARAM,SCR,4.5,63,63
COR00628,CVV,KI,CHERUVU MADHAVARAM,KONDAPALLI,SCR,13.97,63,63
COR00629,KI,RYP,KONDAPALLI,RAYANAPAD,SCR,5.37,63,63
COR00630,CHRM,PRDL,Chirmiri,Paradol,SECR,17.81,7,7
COR00631,PRDL,MDGR,Paradol,Manendragarh,SECR,3.56,7,7
COR00632,MDGR,BRND,Manendragarh,BORIDAND,SECR,5.68,7,7
COR00633,BRND,BJRI,BORIDAND,BIJURI,SECR,6.41,9,9
COR00634,BJRI,BATL,BIJURI,BAIHATOLA,SECR,6.52,9,9
COR00635,BATL,KTMA,BAIHATOLA,KOTMA,SECR,8.72,9,9
COR00636,KTMA,HRV,KOTMA,HARRAD,SECR,8.96,9,9
COR00637,HRV,DRSN,HARRAD,DHURWASIN,SECR,6.96,9,9
COR00638,DRSN,MZH,DHURWASIN,MAUHARI,SECR,7.88,9,9
COR00639,PIS,ITKY,Piska,Itky,SER,8.45,4,4
COR00640,ITKY,TGB,Itky,Tangarbasuli,SER,6.9,4,4
COR00641,TGB,NRKP,Tangarbasuli,Narkopi,SER,4.92,4,4
COR00642,NRKP,NJA,Narkopi,Nagjua,SER,4.99,4,4
COR00643,NJA,AKZ,Nagjua,Akashi,SER,8.1,4,4
COR00644,AKZ,IRN,Akashi,Irgaon,SER,11.41,4,4
COR00645,IRN,LAD,Irgaon,Lohardaga,SER,8.21,4,4
COR00646,BGM,SXB,BELGAUM,SAMBRE,SWR,10.07,22,22
COR00647,SXB,SBH,SAMBRE,SULEBHAVI,SWR,5.72,22,22
COR00648,SBH,SUL,SULEBHAVI,SULADHAL,SWR,10.65,22,22
COR00649,SUL,PCH,SULADHAL,PACHHAPUR,SWR,10.19,22,22
COR00650,PCH,PRKH,PACHHAPUR,PARKANHATTI,SWR,5.79,22,22
COR00651,PRKH,GKK,PARKANHATTI,GOKAK ROAD,SWR,8.59,22,22
COR00652,GKK,GPB,GOKAK ROAD,GHATPRABHA,SWR,4.54,22,22
COR00653,GPB,BGWD,GHATPRABHA,BAGEWADI,SWR,7.49,22,22
COR00654,BGWD,CKR,BAGEWADI,CHIKODI ROAD,SWR,7.02,22,22
COR00655,CKR,RBG,CHIKODI ROAD,RAYBAG,SWR,13.32,22,22
COR00656,RBG,CNC,RAYBAG,CHINCHLI,SWR,11.1,22,22
COR00657,CNC,KUD,CHINCHLI,KUDACHI,SWR,6.06,22,22
COR00658,KUD,UGR,KUDACHI,UGAR KHURD,SWR,6.22,22,22
COR00659,UGR,SED,UGAR KHURD,SHEDBAL,SWR,9.28,22,22
COR00660,SED,VJR,SHEDBAL,VIJAYANAGAR,SWR,8.78,22,22
COR00661,VJR,MRJ,VIJAYANAGAR,MIRAJ JN,SWR,7.7,22,22
COR00662,VPN,HBP,VIDYAPATINAGAR,HARPAR BOCHAHA,ECR,4.53,11,11
COR00663,HBP,MOG,HARPAR BOCHAHA,MOHIUDDINNAGAR,ECR,5.41,15,15
COR00664,MOG,NNNL,MOHIUDDINNAGAR,NANDANI LAGUNIA,ECR,7.52,11,11
COR00665,NNNL,SPP,NANDANI LAGUNIA,SHAHPUR PATOREE,ECR,5.26,15,15
COR00666,SPP,MNO,SHAHPUR PATOREE,MEHNAR ROAD,ECR,7.88,11,11
COR00667,MNO,SDG,MEHNAR ROAD,SAHADAI BUZURG,ECR,5.01,15,15
COR00668,SDG,DES,SAHADAI BUZURG,DESARI,ECR,4.7,15,15
COR00669,DES,CSR,DESARI,CHAK SIKANDAR,ECR,4.46,11,11
COR00670,CSR,AYRN,CHAK SIKANDAR,AKSHAYWAT RAI NAGAR,ECR,5.17,11,11
COR00671,BHET,SCH,BHESTAN,SACHIN,WR,5.74,94,94
COR00672,SCH,MRL,SACHIN,MAROLI,WR,6.63,94,94
COR00673,MRL,NVS,MAROLI,NAVSARI,WR,8.51,94,94
COR00674,NVS,VDH,NAVSARI,VEDCHHA,WR,8.35,66,66
COR00675,VDH,ACL,VEDCHHA,ANCHELI,WR,3.4,94,94
COR00676,ACL,AML,ANCHELI,AMALSAD,WR,3.93,94,94
COR00677,AML,BIM,AMALSAD,BILIMORA JN,WR,5.55,94,94
COR00678,BIM,JRS,BILIMORA JN,JORAVASAN,WR,3.76,94,94
COR00679,JRS,DGI,JORAVASAN,DUNGRI,WR,5.03,94,94
COR00680,DGI,BL,DUNGRI,VALSAD,WR,8.91,94,94
COR00681,BL,ATUL,VALSAD,ATUL,WR,7.14,90,90
COR00682,ATUL,PAD,ATUL,PARDI,WR,3.51,90,90
COR00683,PAD,UVD,PARDI,UDVADA,WR,5.8,90,90
COR00684,UVD,VAPI,UDVADA,VAPI,WR,9.71,63,63
COR00685,VAPI,KEB,VAPI,KARAMBELI,WR,6.49,91,91
COR00686,KEB,BLD,KARAMBELI,BHILAD,WR,4.8,91,91
COR00687,BLD,SJN,BHILAD,SANJAN,WR,11.63,90,90
COR00688,SJN,UBR,SANJAN,UMBARGAM ROAD,WR,5.26,90,90
COR00689,UBR,BRRD,UMBARGAM ROAD,BORDI ROAD,WR,4.31,90,90
COR00690,BRRD,GVD,BORDI ROAD,GHOLVAD,WR,4.93,90,90
COR00691,GVD,DRD,GHOLVAD,DAHANU ROAD,WR,10.65,90,90
COR00692,DRD,VGN,DAHANU ROAD,VANGAON,WR,12.23,92,92
COR00693,VGN,BOR,VANGAON,BOISAR,WR,9.38,92,92
COR00694,BOR,UOI,BOISAR,UMROLI,WR,4.9,92,92
COR00695,UOI,PLG,UMROLI,PALGHAR,WR,6.4,92,92
COR00696,PLG,KLV,PALGHAR,KELVA ROAD,WR,8.39,92,92
COR00697,KLV,SAH,KELVA ROAD,SAPHALE,WR,6.25,92,92
COR00698,SAH,VTN,SAPHALE,VAITARNA,WR,7.17,92,92
COR00699,VTN,VR,VAITARNA,VIRAR,WR,8.08,92,92
COR00700,MGI,LNO,Manigachi,Lohna Road,ECR,8.26,8,8
COR00701,TMA,CKNA,Tamuria,Chikna,ECR,,5,5
COR00702,CKNA,GGH,Chikna,Ghogardiha,ECR,,5,5
COR00703,GGH,NMA,Ghogardiha,Nirmali,ECR,10.87,5,5
COR00704,VR,NSP,VIRAR,NALLA SOPARA,WR,4.1,87,87
COR00705,NSP,BSR,NALLA SOPARA,VASAI ROAD,WR,4.2,87,87
COR00706,BSR,NIG,VASAI ROAD,NAIGAON,WR,3.79,54,54
COR00707,NIG,BYR,NAIGAON,BHAYANDAR,WR,4.41,54,54
COR00708,BYR,MIRA,BHAYANDAR,MIRA ROAD,WR,3.51,54,54
COR00709,MIRA,DIC,MIRA ROAD,DAHISAR,WR,3.37,54,54
COR00710,DIC,BVI,DAHISAR,BORIVALI,WR,2.41,54,54
COR00711,BVI,KILE,BORIVALI,KANDIVLI,WR,2.73,53,53
COR00712,KILE,MDD,KANDIVLI,MALAD,WR,1.97,53,53
COR00713,MDD,GMN,MALAD,GOREGAON,WR,2.52,53,53
COR00714,GMN,JOS,GOREGAON,JOGESHWARI,WR,3.1,45,45
COR00715,JOS,ADH,JOGESHWARI,ANDHERI,WR,2.14,53,53
COR00716,ADH,VLP,ANDHERI,VILE PARLE,WR,2.05,53,53
COR00717,VLP,STC,VILE PARLE,SANTA CRUZ,WR,1.93,53,53
COR00718,STC,KHAR,SANTA CRUZ,KHAR,WR,1.44,51,51
COR00719,KHAR,BDTS,KHAR,MUMBAI BANDRA TERMINUS,WR,0.81,51,51
COR00720,BDTS,BA,MUMBAI BANDRA TERMINUS,BANDRA,WR,0.83,26,26
COR00721,BA,MM,BANDRA,MUMBAI MAHIM JN,WR,1.69,26,26
COR00722,MM,MRU,MUMBAI MAHIM JN,MUMBAI MATUNGA ROAD,WR,1.33,26,26
COR00723,MRU,DDR,MUMBAI MATUNGA ROAD,MUMBAI DADAR WEST,WR,1.06,26,26
COR00724,DDR,EPR,MUMBAI DADAR WEST,Mumbai Elphinstone Road,WR,1.65,23,23
COR00725,EPR,PL,Mumbai Elphinstone Road,Mumbai Lower Parel,WR,1.47,23,23
COR00726,PL,MX,Mumbai Lower Parel,Mumbai Mahalakshmi,WR,1.55,23,23
COR00727,MX,BCT,Mumbai Mahalakshmi,Mumbai Central,WR,1.36,23,23
COR00728,VSG,DBM,VASCO DA GAMA,DABOLIM,SWR,4.01,11,11
COR00729,DBM,SKVL,DABOLIM,SANKVAL,SWR,2.81,11,11
COR00730,SKVL,CSM,SANKVAL,CANSAULIM,SWR,4.31,11,11
COR00731,CSM,MJO,CANSAULIM,MAJORDA,SWR,4.33,11,11
COR00732,MJO,SRVX,MAJORDA,SURAVALI,KR,3.05,29,29
COR00733,SRVX,MAO,SURAVALI,MADGAON,KR,4.3,29,29
COR00734,MAO,SVM,MADGAON,SANVERDAM CHUCH,KR,14.8,11,11
COR00735,SVM,KM,SANVERDAM CHUCH,KALEEM,SWR,9.2,11,11
COR00736,KM,QLM,KALEEM,KULEM,SWR,7.47,11,11
COR00737,POKL,SRU,PEOKOL,SALEMPUR JN,NER,4.8,19,19
COR00738,SRU,LRD,SALEMPUR JN,LAR ROAD,NER,9.45,17,17
COR00739,LRD,TTI,LAR ROAD,TURTIPAR,NER,6.17,17,17
COR00740,TTI,BLTR,TURTIPAR,BELTHARA ROAD,NER,6.6,17,17
COR00741,BLTR,KER,BELTHARA ROAD,KIRIHRAPUR,NER,13.44,13,13
COR00742,KER,CKYD,KIRIHRAPUR,CHAKRA ROAD,NER,8.14,17,17
COR00743,PNRA,PPH,PANIARA,PIPRI DIH,NER,3.6,18,18
COR00744,PPH,DLR,PIPRI DIH,DULLAHAPUR,NER,11.72,16,16
COR00745,DLR,JKN,DULLAHAPUR,JAKHANIAN,NER,8.48,18,18
COR00746,JKN,SDT,JAKHANIAN,SADAT,NER,9.7,16,16
COR00747,SDT,MHO,SADAT,MAHPUR,NER,9.76,18,18
COR00748,MHO,ARJ,MAHPUR,AUNRIHAR JN,NER,9.01,18,18
COR00749,QLM,KM,KULEM,KALEEM,SWR,7.47,12,12
COR00750,KM,SVM,KALEEM,SANVERDAM CHUCH,SWR,9.2,12,12
COR00751,SVM,CNR,SANVERDAM CHUCH,CHANDAR,SWR,6.53,12,12
COR00752,CNR,SRVX,CHANDAR,SURAVALI,SWR,12.02,3,3
COR00753,SRVX,MJO,SURAVALI,MAJORDA,KR,3.05,29,29
COR00754,MJO,CSM,MAJORDA,CANSAULIM,KR,4.33,12,12
COR00755,CSM,SKVL,CANSAULIM,SANKVAL,SWR,4.31,12,12
COR00756,SKVL,DBM,SANKVAL,DABOLIM,SWR,2.81,12,12
COR00757,DBM,VSG,DABOLIM,VASCO DA GAMA,SWR,4.01,12,12
COR00758,DKZ,DEE,DELHI KISHANGANJ,DELHI SARAI ROHILLA,NR,1.39,37,37
COR00759,DEE,DBSI,DELHI SARAI ROHILLA,DAYA BASTI,NR,1.61,52,52
COR00760,DBSI,PTNR,DAYA BASTI,PATEL NAGAR,NR,1.69,37,37
COR00761,PTNR,KRTN,PATEL NAGAR,KIRTI NAGAR,NR,1.82,37,37
COR00762,KRTN,DEC,KIRTI NAGAR,DELHI CANTT,NR,4.64,30,30
COR00763,DEC,PM,DELHI CANTT,PALAM,NR,3.86,35,35
COR00764,PM,SMDP,PALAM,SHAHABAD MOHAMADPUR,NR,3.44,37,37
COR00765,SMDP,BWSN,SHAHABAD MOHAMADPUR,BIJWASAN,NR,3.36,37,37
COR00766,BWSN,GGN,BIJWASAN,GURGAON,NR,6.61,35,35
COR00767,GGN,BDXT,GURGAON,BASAI DHANKOT,NR,3.83,37,37
COR00768,BDXT,GHH,BASAI DHANKOT,GARHI HARSARU,NR,6.04,37,37
COR00769,GHH,PT,GARHI HARSARU,PATLI,NR,8.57,35,35
COR00770,PT,TJNR,PATLI,Taj Nagar,NR,,31,31
COR00771,TJNR,JSKA,Taj Nagar,JATAULA SAMPHKA,NR,,31,31
COR00772,JSKA,PTRD,JATAULA SAMPHKA,PATAUDI ROAD,NR,4.94,35,35
COR00773,PTRD,IHP,PATAUDI ROAD,INCHHAPURI,NR,4.99,35,35
COR00774,IHP,KIP,INCHHAPURI,KHALILPUR,NR,6.36,35,35
COR00775,KIP,KWMD,KHALILPUR,KUMBHAWAS MUNDA,NR,2.76,35,35
COR00776,KWMD,RE,KUMBHAWAS MUNDA,REWARI,NR,7.72,35,35
COR00777,RE,KNGT,REWARI,KARNAWAS,NWR,8.25,24,24
COR00778,KNGT,BWL,KARNAWAS,BAWAL,NWR,6.92,26,26
COR00779,BWL,MJNL,BAWAL,MAJRI NANGAL,NWR,6.71,26,26
COR00780,MJNL,AIA,MAJRI NANGAL,AJARAKA,NWR,5.92,26,26
COR00781,AIA,KNAR,AJARAKA,KHANPUR AHIR,NWR,5.87,26,26
COR00782,KNAR,HSI,KHANPUR AHIR,HARSAULI,NWR,5.78,26,26
COR00783,HSI,KRH,HARSAULI,KHAIRTHAL,NWR,7.95,26,26
COR00784,KRH,GAL,KHAIRTHAL,GHATLA,NWR,7.4,26,26
COR00785,GAL,PSL,GHATLA,PARISAL,NWR,7.05,26,26
COR00786,PSL,AWR,PARISAL,ALWAR,NWR,12.27,26,26
COR00787,AWR,MWW,ALWAR,MAHWA,NWR,8.49,26,26
COR00788,MWW,MKH,MAHWA,MALAKHERA,NWR,10.44,26,26
COR00789,MKH,DGW,MALAKHERA,DHIGAWARA,NWR,10.46,26,26
COR00790,DGW,RHG,DHIGAWARA,RAJGARH,NWR,6.19,26,26
COR00791,RHG,SRRG,RAJGARH,SURERGOTH,NWR,6.45,26,26
COR00792,SRRG,BU,SURERGOTH,BASWA,NWR,4.71,26,26
COR00793,BU,GLNA,BASWA,GULANA,NWR,5.26,26,26
COR00794,MMC,MDB,MAHAMANDIR,MANDOR,NWR,4.68,4,4
COR00795,MDB,MLH,MANDOR,MANAKLAO,NWR,15.53,4,4
COR00796,MLH,MMY,MANAKLAO,MARWAR MATHANYA,NWR,5.68,4,4
COR00797,MMY,TIW,MARWAR MATHANYA,TIVARI,NWR,9.22,4,4
COR00798,TIW,OSN,TIVARI,OSIYAN,NWR,19.43,4,4
COR00799,OSN,BKC,OSIYAN,BHIKAMKOR,NWR,14.17,4,4
COR00800,BKC,SRK,BHIKAMKOR,SAMRAU,NWR,9.24,4,4
COR00801,SRK,MWT,SAMRAU,MARWAR LOHWAT,NWR,18.29,4,4
COR00802,MWT,STSN,MARWAR LOHWAT,SHAITAN SINGH NAGAR,NWR,14.36,4,4
COR00803,STSN,PLCJ,SHAITAN SINGH NAGAR,PHALODI JN,NWR,12.88,4,4
COR00804,PLCJ,PLC,PHALODI JN,Phalodi Junction,NWR,0.02,3,3
COR00805,PLC,MBT,Phalodi Junction,MARWAR BIRTHI,NWR,8.08,4,4
COR00806,MBT,MKHR,MARWAR BIRTHI,MARWAR KHARA,NWR,16.43,5,5
COR00807,MKHR,RDRA,MARWAR KHARA,RAMDEVRA,NWR,20.73,5,5
COR00808,RDRA,POK,RAMDEVRA,POKRAN,NWR,8.44,5,5
COR00809,POK,AQG,POKRAN,ASHAPURA GOMAT,NWR,3.73,5,5
COR00810,AQG,OCH,ASHAPURA GOMAT,ODHANIYA CHACHA,NWR,17.43,5,5
COR00811,OCH,SBLT,ODHANIYA CHACHA,SHRI BHADRIYA LATHI,NWR,21.08,5,5
COR00812,SBLT,JCH,SHRI BHADRIYA LATHI,JETHA CHANDAN,NWR,20.85,5,5
COR00813,JCH,THM,JETHA CHANDAN,THALYAT HAMIRA,NWR,22.89,5,5
COR00814,THM,JSM,THALYAT HAMIRA,JAISALMER,NWR,17.04,5,5
COR00815,NAB,TEP,Nagbhir Junction,Tempa,SECR,14.74,3,3
COR00816,TEP,BWV,Tempa,Bhiwapur,SECR,14.05,3,3
COR00817,BWV,URR,Bhiwapur,Umred,SECR,20.85,3,3
COR00818,URR,BMW,Umred,Bamhni,SECR,8.69,3,3
COR00819,BMW,KUHI,Bamhni,Kuhi,SECR,9.58,3,3
COR00820,AII,AHO,AJMER JN,ADARSHNAGAR,NWR,5.25,11,11
COR00821,AHO,HTD,ADARSHNAGAR,HATUNDI,NWR,6.43,11,11
COR00822,ROS,NSD,RAJOSI,NASIRABAD,NWR,4.95,11,11
COR00823,NSD,JWS,NASIRABAD,JHARWASAA,NWR,9.43,11,11
COR00824,JWS,BDW,JHARWASAA,BANDANWARA,NWR,9.56,11,11
COR00825,BDW,SGW,BANDANWARA,SINGWAL,NWR,7.2,11,11
COR00826,SGW,MAKH,SINGWAL,MOKHAMPURA,NWR,3.41,11,11
COR00827,MAKH,BJNR,MOKHAMPURA,BIJAINAGAR,NWR,11.45,11,11
COR00828,BJNR,GBP,BIJAINAGAR,GULABPURA,NWR,3.15,11,11
COR00829,GBP,RPI,GULABPURA,RUPAHELI,NWR,14.71,11,11
COR00830,SSR,RLR,SARERI,RAILA ROAD,NWR,7.98,11,11
COR00831,RLR,LMA,RAILA ROAD,LAMBIYA,NWR,5.88,11,11
COR00832,MDL,BHL,MANDAL,BHILWARA,NWR,11.31,11,11
COR00833,BHL,MDPA,BHILWARA,MANDPIYA,NWR,9.15,11,11
COR00834,MDPA,HMG,MANDPIYA,HAMIRGARH,NWR,8.45,11,11
COR00835,HMG,SNYN,HAMIRGARH,SONIYANA,NWR,7.17,11,11
COR00836,SNYN,GGR,SONIYANA,GANGRAR,NWR,6.89,11,11
COR00837,COR,ORDI,CHITTAURGARH,ORDI,WR,4.34,12,12
COR00838,ORDI,SMP,ORDI,SHAMBHUPURA,WR,7.25,12,12
COR00839,SMP,GRF,SHAMBHUPURA,GAMBHIRI ROAD,WR,9.11,12,12
COR00840,GRF,NBH,GAMBHIRI ROAD,NIMBAHERA,WR,8.2,12,12
COR00841,NBH,JWO,NIMBAHERA,JAWAD ROAD,WR,10.18,12,12
COR00842,JWO,BIWK,JAWAD ROAD,BISALWAS KALAN,WR,6.67,12,12
COR00843,BIWK,NMH,BISALWAS KALAN,NIMACH,WR,8.37,12,12
COR00844,NMH,HKL,NIMACH,HARKIA KHAL,WR,12.69,9,9
COR00845,HKL,MLG,HARKIA KHAL,MALHARGARH,WR,12.11,9,9
COR00846,MLG,PIP,MALHARGARH,PIPLIA,WR,7.74,9,9
COR00847,PIP,MDS,PIPLIA,MANDASOR,WR,15.83,9,9
COR00848,MDS,DLD,MANDASOR,DALAUDA,WR,14.46,9,9
COR00849,DLD,KCNR,DALAUDA,KACHNARA ROAD,WR,13.25,9,9
COR00850,DOD,JAO,DHODHAR,JAORA,WR,15.94,9,9
COR00851,JAO,BRLA,JAORA,BRAYLA CHAURASI,WR,8.35,9,9
COR00852,BRLA,NLI,BRAYLA CHAURASI,NAMLI,WR,11.44,9,9
COR00853,PAU,CRU,PURNA JN,CHUDAWA,SCR,9.66,26,26
COR00854,CRU,LBG,CHUDAWA,LIMBGAON,SCR,9.38,26,26
COR00855,LBG,WNG,LIMBGAON,WANEGAON,SCR,4.74,26,26
COR00856,WNG,NED,WANEGAON,HUZUR SAHIB NANDED,SCR,6.38,26,26
COR00857,PARD,MGC,PATHRAD,MUGAT,SCR,3.85,23,23
COR00858,MGC,MUE,MUGAT,MUDKHED,SCR,9.15,23,23
COR00859,MUE,SVN,MUDKHED,SIVUNGAON,SCR,5.71,18,18
COR00860,SVN,SLGH,SIVUNGAON,SHELGOAN H,SCR,5.6,18,18
COR00861,SLGH,UMRI,SHELGOAN H,UMRI,SCR,7.12,18,18
COR00862,UMRI,BLSA,UMRI,BOLSA,SCR,7.77,18,18
COR00863,BLSA,KEK,BOLSA,KARKHELI,SCR,7.32,18,18
COR00864,SQE,DAB,SAMRLA,DHARMABAD,SCR,7.0,18,18
COR00865,DAB,BSX,DHARMABAD,BASAR,SCR,9.73,17,17
COR00866,BSX,FKB,BASAR,FAKHRABAD,SCR,5.88,17,17
COR00867,FKB,NVT,FAKHRABAD,NAVIPET,SCR,7.27,17,17
COR00868,NVT,JKM,NAVIPET,JANKAMPET JN,SCR,8.67,17,17
COR00869,JKM,NZB,JANKAMPET JN,NIZAMABAD,SCR,5.82,20,20
COR00870,NZB,DHP,NIZAMABAD,DICHPALLI,SCR,12.1,16,16
COR00871,DHP,IDL,DICHPALLI,INDALVAI,SCR,8.89,16,16
COR00872,IDL,SCP,INDALVAI,SIRNAPALLI,SCR,7.37,16,16
COR00873,SCP,UPW,SIRNAPALLI,UPPALAVAI,SCR,8.42,16,16
COR00874,UPW,KMC,UPPALAVAI,KAMAREDDI,SCR,11.21,16,16
COR00875,KMC,TMD,KAMAREDDI,TALMADLA,SCR,9.88,16,16
COR00876,TMD,THPR,TALMADLA,TIPPAPUR,SCR,5.47,16,16
COR00877,THPR,BKU,TIPPAPUR,BHIKNUR,SCR,4.02,16,16
COR00878,BKU,AKE,BHIKNUR,AKANAPET,SCR,5.97,16,16
COR00879,MZL,WDR,MIRZAPALI,WADIARAM,SCR,6.59,17,17
COR00880,WDR,SHAN,WADIARAM,SRINIVASA NAGAR,SCR,7.0,17,17
COR00881,SHAN,ME,SRINIVASA NAGAR,MASAIPET,SCR,3.31,17,17
COR00882,ME,BMPL,MASAIPET,BRAHMANPALLI,SCR,5.58,17,17
COR00883,BMPL,PAPM,BRAHMANPALLI,PALAT POTARAM,SCR,4.78,17,17
COR00884,PAPM,MOB,PALAT POTARAM,MANOHARABAD,SCR,3.82,17,17
COR00885,DBV,MED,DABILPUR,MEDCHAL,SCR,3.91,17,17
COR00886,MED,GWV,MEDCHAL,GOWDAVALLI,SCR,3.38,18,18
COR00887,GWV,GOPL,GOWDAVALLI,GUNDLA POCHAMPALLI,SCR,5.11,1,1
COR00888,GOPL,BMO,GUNDLA POCHAMPALLI,BOLARUM,SCR,4.78,18,18
COR00889,BMO,BOZ,BOLARUM,BOLARUM BAZAR,SCR,1.75,20,20
COR00890,BOZ,ALW,BOLARUM BAZAR,ALWAL,SCR,1.35,20,20
COR00891,ALW,CVB,ALWAL,CAVALRY BARRCKS,SCR,1.29,20,20
COR00892,CVB,AMQ,CAVALRY BARRCKS,AMMUGUDA,SCR,1.24,20,20
COR00893,AMQ,RKO,AMMUGUDA,RAMAKRISHNAPURAM GATE,SCR,1.2,20,20
COR00894,RKO,SFX,RAMAKRISHNAPURAM GATE,SAFILGUDA,SCR,1.7,20,20
COR00895,SFX,DYE,SAFILGUDA,DAYANAND NAGAR,SCR,0.63,20,20
COR00896,SVW,BSQ,SHIVNI SHIVAPUR,BARSI TAKLI,SCR,11.0,3,3
COR00897,BSQ,LHD,BARSI TAKLI,LOHOGAD,SCR,12.24,3,3
COR00898,LHD,AMW,LOHOGAD,AMAN VADI,SCR,18.58,3,3
COR00899,AMW,JUK,AMAN VADI,JAULKA,SCR,2.01,3,3
COR00900,JUK,KXX,JAULKA,KATA ROAD,SCR,11.5,3,3
COR00901,KXX,WHM,KATA ROAD,WASHIM,SCR,10.14,3,3
COR00902,WHM,KKG,WASHIM,KEKATUMAR,SCR,11.23,3,3
COR00903,KKG,PGG,KEKATUMAR,PENGANGA,SCR,6.23,3,3
COR00904,PGG,KNRG,PENGANGA,KANHARGAON NAKA,SCR,3.03,3,3
COR00905,KNRG,MLSU,KANHARGAON NAKA,MALSAILU,SCR,8.78,3,3
COR00906,MLSU,NVLN,MALSAILU,NAWALGOHAN,SCR,7.72,3,3
COR00907,NVLN,HNL,NAWALGOHAN,HINGOLI DECCAN,SCR,8.4,3,3
COR00908,HNL,DNE,HINGOLI DECCAN,DHAMNI,SCR,9.4,3,3
COR00909,DNE,NDPR,DHAMNI,NANDAPUR,SCR,8.53,3,3
COR00910,NDPR,BLC,NANDAPUR,BOLDA,SCR,6.07,3,3
COR00911,BLC,SIF,BOLDA,SIRLI,SCR,8.03,3,3
COR00912,SIF,CWI,SIRLI,CHONDI,SCR,10.52,3,3
COR00913,CWI,BMF,CHONDI,BASMAT,SCR,10.81,3,3
COR00914,BMF,MRV,BASMAT,MARSUL,SCR,12.47,3,3
COR00915,MRV,PAU,MARSUL,PURNA JN,SCR,9.67,3,3
COR00916,SMDT,KVLR,Semmandappatti,Karuvalli,SWR,3.96,10,10
COR00917,KVLR,TPP,Karuvalli,Toppur,SWR,12.08,10,10
COR00918,TPP,MPC,Toppur,Muttampatti,SWR,10.73,10,10
COR00919,MPC,SZV,Muttampatti,Sivadi,SWR,7.22,10,10
COR00920,SZV,DPJ,Sivadi,Dharmapuri,SWR,10.4,10,10
COR00921,DPJ,PCV,Dharmapuri,Palakkodu,SWR,21.01,10,10
COR00922,PCV,MZU,Palakkodu,Marandahalli,SWR,11.79,10,10
COR00923,MZU,RYC,Marandahalli,Rayakkottai,SWR,14.05,10,10
COR00924,RYC,KMLM,Rayakkottai,Kelamangalam,SWR,20.86,10,10
COR00925,KMLM,HSRA,Kelamangalam,Hosur,SWR,12.2,10,10
COR00926,HSRA,AEK,Hosur,Anekal Road,SWR,12.18,12,12
COR00927,AEK,HLE,Anekal Road,Heelalige,SWR,9.93,12,12
COR00928,HLE,CRLM,Heelalige,Carmelaram,SWR,10.52,12,12
COR00929,CRLM,BLRR,Carmelaram,Belandur Road,SWR,3.22,12,12
COR00930,BNCE,BNC,BANGALORE EAST,BANGALORE CANT,SWR,2.25,41,41
COR00931,BNC,SBC,BANGALORE CANT,BANGALORE CITY JN,SWR,3.83,41,41
COR00932,SBC,BNC,BANGALORE CITY JN,BANGALORE CANT,SWR,3.83,40,40
COR00933,BNC,BNCE,BANGALORE CANT,BANGALORE EAST,SWR,2.25,41,41
COR00934,DBV,MOB,DABILPUR,MANOHARABAD,SCR,9.22,15,15
COR00935,MZL,AKE,MIRZAPALI,AKANAPET,SCR,10.52,14,14
COR00936,JKM,YDP,JANKAMPET JN,Yedapalli,SCR,10.97,3,3
COR00937,YDP,SKNR,Yedapalli,Shakar Nagar,SCR,5.38,3,3
COR00938,MV,NID,MAYILADUTURAI JN,NIDUR,SR,3.98,10,10
COR00939,NID,ANP,NIDUR,ANANDTANDAVPUR,SR,2.31,10,10
COR00940,ANP,VDL,ANANDTANDAVPUR,VITHISVARANKOL,SR,7.65,10,10
COR00941,VDL,SY,VITHISVARANKOL,SIRKAZHI,SR,5.52,10,10
COR00942,SY,ARS,SIRKAZHI,ARASUR,SR,3.36,10,10
COR00943,ARS,CLN,ARASUR,KOLLIDAM,SR,6.96,10,10
COR00944,CLN,VMP,KOLLIDAM,VALLAMPADUGAI,SR,2.23,10,10
COR00945,VMP,CDM,VALLAMPADUGAI,CHIDAMBARAM,SR,4.63,10,10
COR00946,CDM,KII,CHIDAMBARAM,KILLE,SR,5.54,10,10
COR00947,KII,PO,KILLE,PARANGIPETTAI,SR,4.61,10,10
COR00948,PO,PUC,PARANGIPETTAI,PUDUCHATIRAM,SR,7.11,10,10
COR00949,PUC,ALP,PUDUCHATIRAM,ALAPAKAM,SR,8.6,10,10
COR00950,ALP,CQS,ALAPAKAM,CAPPER QUARRY,SR,9.01,10,10
COR00951,CQS,CUPJ,CAPPER QUARRY,CUDDALORE PORT,SR,2.67,10,10
COR00952,CUPJ,CUD,CUDDALORE PORT,TIRUPPAPPULIYUR,SR,4.0,10,10
COR00953,CUD,TDPR,TIRUPPAPPULIYUR,TIRUPADRIPULYUR,SR,0.01,10,10
COR00954,TDPR,VKP,TIRUPADRIPULYUR,VARAKALPATTU,SR,5.69,10,10
COR00955,VKP,NPM,VARAKALPATTU,NELLAIKUPPAM,SR,4.42,10,10
COR00956,NPM,MBU,NELLAIKUPPAM,MELPATTAM BAKKAM,SR,4.66,10,10
COR00957,MBU,PRT,MELPATTAM BAKKAM,PANRUTI,SR,7.49,10,10
COR00958,PRT,TUY,PANRUTI,THIRUTHURAIYUR,SR,6.04,10,10
COR00959,TUY,SXR,THIRUTHURAIYUR,SERNDANUR,SR,5.35,10,10
COR00960,REWA,TZR,REWA,TURKI ROAD,WCR,13.52,2,2
COR00961,TZR,BGHI,TURKI ROAD,BAGAHAI ROAD,WCR,10.03,2,2
COR00962,BGHI,STA,BAGAHAI ROAD,SATNA,WCR,19.36,2,2
COR00963,DBRT,CKW,DIBRUGARH TOWN,CHALKHOA,NFR,5.81,6,6
COR00964,CKW,LHL,CHALKHOA,LAHOAL,NFR,4.24,6,6
COR00965,LHL,DKM,LAHOAL,DIKOM,NFR,8.11,11,11
COR00966,DKM,CHB,DIKOM,CHABUA,NFR,9.22,11,11
COR00967,CHB,PNT,CHABUA,PANITOLA,NFR,7.87,11,11
COR00968,PNT,NTSK,PANITOLA,NEW TINSUKIA JN,NFR,8.52,11,11
COR00969,NTSK,TSK,NEW TINSUKIA JN,Tinsukia Junction,NFR,2.32,9,9
COR00970,TSK,NTSK,Tinsukia Junction,NEW TINSUKIA JN,NFR,2.32,9,9
COR00971,NTSK,CGF,NEW TINSUKIA JN,CHARALI,NFR,3.73,6,6
COR00972,CGF,BDT,CHARALI,BORDUBI ROAD,NFR,6.66,14,14
COR00973,BDT,DJG,BORDUBI ROAD,DULIAJAN,NFR,3.58,14,14
COR00974,DJG,NHK,DULIAJAN,NAHARKATIYA,NFR,8.99,14,14
COR00975,NHK,BTZ,NAHARKATIYA,BALIMARA,NFR,5.85,14,14
COR00976,BTZ,NAM,BALIMARA,NAMRUP,NFR,4.93,14,14
COR00977,NAM,BFD,NAMRUP,BORHAT,NFR,5.04,14,14
COR00978,BFD,BRNR,BORHAT,BARUANAGAR,NFR,4.89,14,14
COR00979,BRNR,SPK,BARUANAGAR,SAPEKHATI,NFR,8.11,14,14
COR00980,SPK,LPTA,SAPEKHATI,LONGPATIA,NFR,7.33,14,14
COR00981,LPTA,BOJ,LONGPATIA,BHOJO,NFR,6.48,14,14
COR00982,BOJ,SFR,BHOJO,SAFRAI,NFR,9.66,14,14
COR00983,SFR,LXA,SAFRAI,LAKSWA,NFR,10.17,14,14
COR00984,LXA,MUGN,LAKSWA,MAHUTGAON,NFR,6.88,14,14
COR00985,MUGN,SLGR,MAHUTGAON,SIMALUGURI JN,NFR,6.19,14,14
COR00986,SLGR,NZR,SIMALUGURI JN,NAZIRA,NFR,3.08,19,19
COR00987,NZR,MZA,NAZIRA,MEZENGA S,NFR,5.43,19,19
COR00988,MZA,NMT,MEZENGA S,NAMTIALI,NFR,6.99,19,19
COR00989,NMT,AGI,NAMTIALI,AMGURI,NFR,10.4,19,19
COR00990,AGI,SLX,AMGURI,SELENG HAT,NFR,5.22,17,17
COR00991,SLX,LH,SELENG HAT,LAHING,NFR,6.52,17,17
COR00992,LH,NCH,LAHING,NAKACHARI,NFR,5.65,17,17
COR00993,NCH,MXN,NAKACHARI,MARIANI JN,NFR,10.53,8,8
COR00994,MXN,KQY,MARIANI JN,KHARIKATIA,NFR,7.22,17,17
COR00995,KQY,TTB,KHARIKATIA,TITABAR,NFR,5.05,17,17
COR00996,TTB,CFG,TITABAR,CHAKITING,NFR,11.28,17,17
COR00997,CFG,KXL,CHAKITING,KAMARBANDHA ALI,NFR,5.29,17,17
COR00998,KXL,FKG,KAMARBANDHA ALI,FURKATING JN,NFR,8.89,17,17
COR00999,FKG,OTN,FURKATING JN,OATING,NFR,4.27,19,19
COR01000,OTN,JMI,OATING,JAMGURI,NFR,5.39,19,19
COR01001,JMI,BHGN,JAMGURI,BHILGAON,NFR,5.04,19,19
COR01002,BHGN,BXP,BHILGAON,BARPATHAR,NFR,9.26,19,19
COR01003,BXP,SZR,BARPATHAR,SARUPATHAR,NFR,9.55,19,19
COR01004,SZR,NJN,SARUPATHAR,NAOJAN,NFR,7.31,19,19
COR01005,NJN,CJA,NAOJAN,CHONGAJAN,NFR,8.18,19,19
COR01006,CJA,BXJ,CHONGAJAN,BOKAJAN,NFR,6.22,19,19
COR01007,BXJ,KHKT,BOKAJAN,KHOTKHOTI,NFR,7.74,19,19
COR01008,KHKT,DMV,KHOTKHOTI,DIMAPUR,NFR,5.86,19,19
COR01009,DMV,RXRX,DIMAPUR,RANGAPAHAR CRS,NFR,4.35,21,21
COR01010,RXRX,RXR,RANGAPAHAR CRS,RANGAPAHAR,NFR,1.65,21,21
COR01011,RXR,DSR,RANGAPAHAR,DHANSIRI,NFR,10.63,21,21
COR01012,DSR,DLDE,DHANSIRI,DALDALI,NFR,9.71,21,21
COR01013,DLDE,DPU,DALDALI,DIPHU,NFR,8.11,21,21
COR01014,DPU,NLN,DIPHU,NAILALUNG,NFR,8.57,21,21
COR01015,NLN,LCT,NAILALUNG,LANGCHOLIET,NFR,8.59,21,21
COR01016,LCT,BRLF,LANGCHOLIET,BAR LANGFER S,NFR,7.97,21,21
COR01017,BRLF,LMG,BAR LANGFER S,LUMDING JN,NFR,4.9,21,21
COR01018,LMG,PKB,LUMDING JN,PATHARKHOLA S,NFR,8.04,13,13
COR01019,PKB,LKG,PATHARKHOLA S,LAMSAKHANG,NFR,5.95,22,22
COR01020,LKG,HWX,LAMSAKHANG,HABAIPUR,NFR,10.37,22,22
COR01021,HWX,LKA,HABAIPUR,LANKA,NFR,5.49,22,22
COR01022,LKA,DHRY,LANKA,DHALPUKHURI,NFR,10.71,22,22
COR01023,DHRY,HJI,DHALPUKHURI,HOJAI,NFR,3.69,22,22
COR01024,HJI,JGJN,HOJAI,JUGIJAN,NFR,4.48,22,22
COR01025,JGJN,JMK,JUGIJAN,JAMUNAMUKH,NFR,11.74,22,22
COR01026,JMK,KWM,JAMUNAMUKH,KAMPUR,NFR,10.17,22,22
COR01027,KWM,LPN,KAMPUR,LAOPANI,NFR,7.58,22,22
COR01028,LPN,CPK,LAOPANI,CHAPARMUKH JN,NFR,8.41,22,22
COR01029,CPK,TGE,CHAPARMUKH JN,THEKERAGURI,NFR,10.77,25,25
COR01030,TGE,DML,THEKERAGURI,DHARAMTUL,NFR,3.83,25,25
COR01031,DML,AJRE,DHARAMTUL,AUJARI,NFR,11.17,16,16
COR01032,AJRE,JID,AUJARI,JAGI ROAD,NFR,7.22,25,25
COR01033,JID,BRHU,JAGI ROAD,BARAHU,NFR,5.82,25,25
COR01034,BRHU,KKET,BARAHU,KAMRUP KHETRI,NFR,5.8,25,25
COR01035,KKET,TTLA,KAMRUP KHETRI,TETELIA,NFR,7.7,25,25
COR01036,TTLA,DGU,TETELIA,DIGARU,NFR,4.98,25,25
COR01037,DGU,PNB,DIGARU,PANBARI,NFR,6.5,25,25
COR01038,PNB,TKC,PANBARI,THAKURKUCHI,NFR,3.02,25,25
COR01039,TKC,PHI,THAKURKUCHI,PANIKHAITI,NFR,5.25,25,25
COR01040,PHI,NNGE,PANIKHAITI,NARANGI,NFR,5.13,25,25
COR01041,AGTL,JGNR,Agartala,Jogendranagar,NFR,3.93,4,4
COR01042,JGNR,JRNA,Jogendranagar,Jirania,NFR,12.48,4,4
COR01043,JRNA,TLMR,Jirania,Teliamura,NFR,19.26,4,4
COR01044,TLMR,MGKM,Teliamura,Mungiakami,NFR,9.72,4,4
COR01045,MGKM,ABSA,Mungiakami,Ambassa,NFR,16.17,4,4
COR01046,ABSA,JWNR,Ambassa,Jawaharnagar,NFR,3.6,4,4
COR01047,JWNR,SKAP,Jawaharnagar,SK Para,NFR,7.4,4,4
COR01048,SKAP,MANU,SK Para,Manu,NFR,5.56,4,4
COR01049,MANU,KUGT,Manu,Kumarghat,NFR,18.43,4,4
COR01050,KUGT,PEC,Kumarghat,Pencharthal,NFR,9.01,4,4
COR01051,PEC,PASG,Pencharthal,Panisagar,NFR,9.46,4,4
COR01052,PASG,DMR,Panisagar,Dharmanagar,NFR,10.65,4,4
COR01053,DMR,NPU,Dharmanagar,Nadiapur,NFR,4.18,3,3
COR01054,NPU,CBZ,Nadiapur,Churaibari,NFR,6.53,3,3
COR01055,CBZ,TBX,Churaibari,Tilbhum,NFR,3.61,3,3
COR01056,TBX,CHBN,Tilbhum,Chandkhira Bagn,NFR,6.99,3,3
COR01057,CHBN,KKGT,Chandkhira Bagn,Kalkalighat,NFR,7.22,3,3
COR01058,KKGT,PTKD,Kalkalighat,Patharkandi,NFR,3.6,3,3
COR01059,PTKD,KNBR,Patharkandi,Kanaibazar,NFR,3.88,3,3
COR01060,KNBR,BRGM,Kanaibazar,Baraigram Junction,NFR,5.34,3,3
COR01061,BRGM,KTGM,Baraigram Junction,Kayasthagram,NFR,4.23,5,5
COR01062,KTGM,NLBR,Kayasthagram,Nilambazar,NFR,2.74,5,5
COR01063,NLBR,KXJ,Nilambazar,Karimganj Junction,NFR,13.09,5,5
COR01064,KXJ,CGX,Karimganj Junction,Chargola,NFR,4.64,3,3
COR01065,CGX,BXG,Chargola,Bhanga,NFR,4.29,3,3
COR01066,BXG,RPB,Bhanga,Rupasibari,NFR,7.28,3,3
COR01067,RPB,BPB,Rupasibari,BADARPUR JN,NFR,2.92,3,3
COR01068,BPB,BPG,BADARPUR JN,BADURPUR GHAT,NFR,2.64,4,4
COR01069,BPG,PNGM,BADURPUR GHAT,PANCHGRAM,NFR,1.98,4,4
COR01070,PNGM,KTX,PANCHGRAM,KATAKHAL JN,NFR,4.42,4,4
COR01071,KTX,SCA,KATAKHAL JN,SALCHAPRA,NFR,4.6,1,1
COR01072,SCA,ARCL,SALCHAPRA,ARUNACHAL,NFR,7.83,1,1
COR01073,ARCL,SCL,ARUNACHAL,SILCHAR,NFR,5.24,3,3
COR01074,MRJ,VJR,MIRAJ JN,VIJAYANAGAR,CR,7.7,22,22
COR01075,VJR,SED,VIJAYANAGAR,SHEDBAL,SWR,8.78,22,22
COR01076,SED,UGR,SHEDBAL,UGAR KHURD,SWR,9.28,22,22
COR01077,UGR,KUD,UGAR KHURD,KUDACHI,SWR,6.22,22,22
COR01078,KUD,CNC,KUDACHI,CHINCHLI,SWR,6.06,22,22
COR01079,CNC,RBG,CHINCHLI,RAYBAG,SWR,11.1,22,22
COR01080,RBG,CKR,RAYBAG,CHIKODI ROAD,SWR,13.32,22,22
COR01081,CKR,BGWD,CHIKODI ROAD,BAGEWADI,SWR,7.02,22,22
COR01082,BGWD,GPB,BAGEWADI,GHATPRABHA,SWR,7.49,22,22
COR01083,GPB,GKK,GHATPRABHA,GOKAK ROAD,SWR,4.54,22,22
COR01084,GKK,PRKH,GOKAK ROAD,PARKANHATTI,SWR,8.59,22,22
COR01085,PRKH,PCH,PARKANHATTI,PACHHAPUR,SWR,5.79,22,22
COR01086,PCH,SUL,PACHHAPUR,SULADHAL,SWR,10.19,22,22
COR01087,SUL,SBH,SULADHAL,SULEBHAVI,SWR,10.65,22,22
COR01088,SBH,SXB,SULEBHAVI,SAMBRE,SWR,5.72,22,22
COR01089,SXB,BGM,SAMBRE,BELGAUM,SWR,10.07,22,22
COR01090,BGM,DUR,BELGAUM,DESUR,SWR,10.62,20,20
COR01091,DUR,IDJ,DESUR,IDALHOND,SWR,5.59,20,20
COR01092,IDJ,KNP,IDALHOND,KHANAPUR,SWR,8.03,20,20
COR01093,KNP,GNJ,KHANAPUR,GUNJI,SWR,10.77,20,20
COR01094,GNJ,LD,GUNJI,LONDA JN,SWR,10.49,20,20
COR01095,RMV,NDM,RAMAVARAPPADU,NIDAMANURU,SCR,5.82,14,14
COR01096,NDM,UPL,NIDAMANURU,UPPALUR,SCR,5.52,14,14
COR01097,TGU,IDP,TARIGOPPULA,INDUPALLI,SCR,4.41,14,14
COR01098,IDP,VPG,INDUPALLI,VENTRAPRAGADA,SCR,4.03,14,14
COR01099,VPG,DPD,VENTRAPRAGADA,DOSAPADU,SCR,2.65,14,14
COR01100,DPD,GDV,DOSAPADU,GUDIVADA JN,SCR,6.77,14,14
COR01101,GDV,OTR,GUDIVADA JN,MOTURU,SCR,6.87,14,14
COR01102,OTR,GUK,MOTURU,GUNTAKONDURU,SCR,3.4,14,14
COR01103,GUK,PSLP,GUNTAKONDURU,PASALAPUDI,SCR,2.42,14,14
COR01104,PSLP,PCU,PASALAPUDI,PUTLACHERUVU,SCR,2.4,14,14
COR01105,PCU,MVP,PUTLACHERUVU,MOKHASA KALVPDI,SCR,2.25,14,14
COR01106,MVP,MDVL,MOKHASA KALVPDI,MANDAVALLI,SCR,4.15,14,14
COR01107,MDVL,KKLR,MANDAVALLI,KAIKOLUR,SCR,7.11,14,14
COR01108,KKLR,PLVA,KAIKOLUR,PALLEVADA,SCR,7.95,14,14
COR01109,PLVA,AKVD,PALLEVADA,AKIVIDU,SCR,8.67,14,14
COR01110,AKVD,CKV,AKIVIDU,CHERUKUVADA,SCR,5.65,14,14
COR01111,CKV,UNDI,CHERUKUVADA,UNDI,SCR,4.66,14,14
COR01112,UNDI,BVRT,UNDI,BHIMAVARAM TOWN,SCR,6.71,14,14
COR01113,VND,LKSH,VENDRA,LAKSHMINARAYANAPURAM,SCR,3.52,11,11
COR01114,LKSH,AVLI,LAKSHMINARAYANAPURAM,ARAVALLI,SCR,2.31,11,11
COR01115,AVLI,MCLE,ARAVALLI,MANCHILI,SCR,4.97,11,11
COR01116,MCLE,AL,MANCHILI,ATTILI,SCR,1.94,11,11
COR01117,AL,RLG,ATTILI,RELANGI,SCR,4.44,11,11
COR01118,RLG,VPU,RELANGI,VELPURU,SCR,2.66,11,11
COR01119,VPU,TNKU,VELPURU,TANUKU,SCR,3.14,11,11
COR01120,TNKU,STVA,TANUKU,SATYAVADA,SCR,5.34,11,11
COR01121,STVA,KLDI,SATYAVADA,KALDHARI,SCR,4.31,11,11
COR01122,KSJF,KJC,Kasganj Mg,Kasganj City,NER,1.98,8,8
COR01123,KJC,SRN,Kasganj City,Soron,NER,11.75,8,8
COR01124,SRN,SRNK,Soron,Soron,NER,0.05,8,8
COR01125,SRNK,MPG,Soron,Manpur Nagaria,NER,7.39,8,8
COR01126,MPG,KCO,Manpur Nagaria,Kachhia Bridge,NER,6.0,8,8
COR01127,KCO,KCU,Kachhia Bridge,Kachhiaa,NER,3.76,8,8
COR01128,KCU,BTRI,Kachhiaa,Bitrol,NER,4.19,8,8
COR01129,BTRI,UJH,Bitrol,Ujhani,NER,9.01,8,8
COR01130,UJH,SKW,Ujhani,Sheikhupur,NER,8.87,8,8
COR01131,SKW,BEM,Sheikhupur,Budaun,NER,4.04,8,8
COR01132,BEM,MQW,Budaun,Mallannagar,NER,,8,8
COR01133,MQW,GTP,Mallannagar,Ghatpuri,NER,,8,8
COR01134,GTP,KRTL,Ghatpuri,Kartauli,NER,29.98,8,8
COR01135,KRTL,MQP,Kartauli,Makrandpur,NER,17.3,8,8
COR01136,MQP,BMY,Makrandpur,Bamiana,NER,6.72,8,8
COR01137,BMY,RGB,Bamiana,RAMGANGA,NER,5.95,8,8
COR01138,RGB,BRY,RAMGANGA,BAREILLY,NR,5.6,8,8
COR01139,LD,DEV,LONDA JN,DEVARAYI,SWR,7.97,13,13
COR01140,DEV,NAG,DEVARAYI,NAGARGALI,SWR,6.03,21,21
COR01141,NAG,TVG,NAGARGALI,TAVARGATTI,SWR,4.58,21,21
COR01142,TVG,LWR,TAVARGATTI,ALNAVAR JN,SWR,8.13,13,13
COR01143,LWR,KBI,ALNAVAR JN,KAMBRGANVI,SWR,15.2,13,13
COR01144,KBI,MGD,KAMBRGANVI,MUGAD,SWR,4.33,17,17
COR01145,MGD,KRKP,MUGAD,KYARKOP,SWR,6.06,21,21
COR01146,KRKP,DWR,KYARKOP,DHARWAR,SWR,3.93,21,21
COR01147,DWR,NVU,DHARWAR,NAVALUR,SWR,6.12,26,26
COR01148,NVU,AGL,NAVALUR,AMARGOL,SWR,4.6,26,26
COR01149,AGL,UNK,AMARGOL,UNKAL,SWR,4.76,26,26
COR01150,UNK,UBL,UNKAL,HUBLI JN,SWR,3.93,26,26
COR01151,PR,CRD,MUMBAI PAREL,MUMBAI CURREY ROAD,CR,1.78,49,49
COR01152,CRD,CHG,MUMBAI CURREY ROAD,MUMBAI CHINCHPOKLI,CR,0.77,49,49
COR01153,CHG,BY,MUMBAI CHINCHPOKLI,BYCULLA,CR,1.1,49,49
COR01154,BY,SNRD,BYCULLA,MUMBAI SANDHURST ROAD,CR,1.77,49,49
COR01155,SNRD,MSD,MUMBAI SANDHURST ROAD,BOMBAY MASJID,CR,1.11,49,49
COR01156,MSD,CSTM,BOMBAY MASJID,MUMBAI CST,CR,0.9,49,49
COR01157,BQZ,SXP,BALLALPUR,SANKOPARA,ER,4.0,14,14
COR01158,SXP,DGLE,SANKOPARA,DHULIAN GANGA,ER,5.08,14,14
COR01159,DGLE,BDBP,DHULIAN GANGA,BASUDEBPUR,ER,6.09,3,3
COR01160,BDBP,NILE,BASUDEBPUR,NIMTITA,ER,2.78,3,3
COR01161,NILE,SPLE,NIMTITA,SUJNIPARA,ER,6.66,14,14
COR01162,SPLE,AHN,SUJNIPARA,AHIRAN,ER,6.01,14,14
COR01163,AHN,JRLE,AHIRAN,JANGIPUR ROAD,ER,6.47,14,14
COR01164,JRLE,GALE,JANGIPUR ROAD,GANKAR,ER,6.9,4,4
COR01165,GALE,MGLE,GANKAR,MANIGRAM,ER,7.75,4,4
COR01166,MGLE,NWMS,MANIGRAM,NOAPARA MAHISHA,ER,3.69,13,13
COR01167,NWMS,MPLE,NOAPARA MAHISHA,MAHIPAL,ER,3.15,13,13
COR01168,MPLE,MPLR,MAHIPAL,MAHIPAL ROAD,ER,3.61,14,14
COR01169,MPLR,PRDG,MAHIPAL ROAD,PORADANGA HALT,ER,4.67,14,14
COR01170,PRDG,ACLE,PORADANGA HALT,AZIMGANJ CITY,ER,4.14,12,12
COR01171,ACLE,AZ,AZIMGANJ CITY,AZIMGANJ JN,ER,2.11,16,16
COR01172,KOP,VV,C SHAHU M RAJ KOLHAPUR TERM,VALIVADE,CR,6.53,17,17
COR01173,VV,RKD,VALIVADE,RUKADI,CR,6.59,19,19
COR01174,RKD,HTK,RUKADI,HATKANAGALE,CR,7.44,19,19
COR01175,HTK,NMGT,HATKANAGALE,NIMSHIRGAON TAMDALGE,CR,7.19,19,19
COR01176,NMGT,JSP,NIMSHIRGAON TAMDALGE,JAYASINGPUR,CR,7.4,19,19
COR01177,JSP,MRJ,JAYASINGPUR,MIRAJ JN,CR,9.81,19,19
COR01178,MRJ,VRB,MIRAJ JN,VISHRAMBAG,CR,5.17,23,23
COR01179,VRB,SLI,VISHRAMBAG,SANGLI,CR,1.68,23,23
COR01180,SLI,MDVR,SANGLI,MADHAVNAGAR,CR,3.42,22,22
COR01181,MDVR,NDE,MADHAVNAGAR,NANDRE,CR,8.79,22,22
COR01182,NDE,BVQ,NANDRE,BHILAVDI,CR,6.64,22,22
COR01183,BVQ,KOV,BHILAVDI,KIRLOSKARVADI,CR,13.62,16,16
COR01184,KOV,TKR,KIRLOSKARVADI,TAKARI,CR,7.58,22,22
COR01185,TKR,BVNR,TAKARI,BHAVANI NAGAR,CR,6.15,22,22
COR01186,BVNR,SNE,BHAVANI NAGAR,SHENOLI,CR,8.03,22,22
COR01187,SNE,KRD,SHENOLI,KARAD,CR,12.78,22,22
COR01188,KRD,SIW,KARAD,SHIRRAVDE,CR,8.37,22,22
COR01189,SIW,MSR,SHIRRAVDE,MASUR,CR,5.04,22,22
COR01190,MSR,TAZ,MASUR,TARGAON,CR,12.29,22,22
COR01191,TAZ,RMP,TARGAON,RAHIMATPUR,CR,11.02,22,22
COR01192,RMP,KRG,RAHIMATPUR,KOREGAON,CR,9.14,22,22
COR01193,KRG,STR,KOREGAON,SATARA,CR,8.89,22,22
COR01194,STR,JSV,SATARA,JARANDESHWAR,CR,7.09,22,22
COR01195,JSV,PLV,JARANDESHWAR,PALSI,CR,7.75,22,22
COR01196,PLV,WTR,PALSI,WATHAR,CR,9.07,22,22
COR01197,WTR,AKI,WATHAR,ADARKI,CR,6.49,22,22
COR01198,AKI,SLP,ADARKI,SALPA,CR,5.32,22,22
COR01199,SLP,LNN,SALPA,LONAND,CR,8.86,22,22
COR01200,LNN,NIRA,LONAND,NIRA,CR,7.4,22,22
COR01201,NIRA,WLH,NIRA,VALHA,CR,10.14,22,22
COR01202,WLH,DNJ,VALHA,DAUNDAJ,CR,5.43,22,22
COR01203,DNJ,JJR,DAUNDAJ,JEJURI,CR,6.31,22,22
COR01204,JJR,RJW,JEJURI,RAJEVADI,CR,10.99,22,22
COR01205,RJW,ABLE,RAJEVADI,AMBALE,CR,2.37,22,22
COR01206,ABLE,SHIV,AMBALE,SHINDAWANE,CR,4.07,22,22
COR01207,SHIV,ALN,SHINDAWANE,ALANDI,CR,7.66,22,22
COR01208,ALN,FSG,ALANDI,PHURSUNGI,CR,7.09,22,22
COR01209,FSG,SSV,PHURSUNGI,SASVAD ROAD,CR,7.77,22,22
COR01210,SSV,GPR,SASVAD ROAD,GHORPURI,CR,8.86,16,16
COR01211,PRLI,GTU,PARLI VAIJNATH,GHAT NANDUR,SCR,15.03,10,10
COR01212,GTU,MRTY,GHAT NANDUR,MURTI,SCR,5.44,10,10
COR01213,MRTY,PNF,MURTI,PANGAON,SCR,7.02,10,10
COR01214,PNF,KRPR,PANGAON,KAREPUR,SCR,6.96,10,10
COR01215,KRPR,JOA,KAREPUR,JANWAL,SCR,8.46,10,10
COR01216,JOA,WDLN,JANWAL,WADWAL NAGNATH,SCR,5.99,10,10
COR01217,WDLN,LTRR,WADWAL NAGNATH,LATUR ROAD,SCR,5.35,10,10
COR01218,LUR,HGL,LATUR,HARANGUL,CR,9.31,6,6
COR01219,HGL,OSA,HARANGUL,AUSA ROAD,CR,7.75,6,6
COR01220,OSA,NEI,AUSA ROAD,NEOLI,CR,11.04,6,6
COR01221,NEI,MRX,NEOLI,MURUD,CR,5.58,6,6
COR01222,MRX,PCP,MURUD,PALSAP,CR,6.87,6,6
COR01223,PCP,TER,PALSAP,THAIR,CR,4.37,6,6
COR01224,TER,DKY,THAIR,DHOKI,CR,4.97,6,6
COR01225,DKY,KMRD,DHOKI,KALAMB ROAD,CR,6.03,6,6
COR01226,KMRD,YSI,KALAMB ROAD,YEDESHI,CR,9.78,6,6
COR01227,YSI,UMD,YEDESHI,USMANABAD,CR,9.11,6,6
COR01228,UMD,PJR,USMANABAD,PANGRI,CR,16.93,6,6
COR01229,PJR,KCB,PANGRI,KUSLAMB,CR,9.51,6,6
COR01230,KCB,BTW,KUSLAMB,BARSI TOWN,CR,7.28,6,6
COR01231,BTW,UPI,BARSI TOWN,UPLAI,CR,10.16,6,6
COR01232,UPI,SEI,UPLAI,SHENDRI,CR,11.27,6,6
COR01233,SEI,MGO,SHENDRI,MAHISGAON,CR,5.76,6,6
COR01234,MGO,CNHL,MAHISGAON,CHINK HILL,CR,5.16,6,6
COR01235,LAUL,MLB,LAUL,MODNIMB,CR,13.09,4,4
COR01236,MLB,AHI,MODNIMB,ASHTI,CR,7.99,5,5
COR01237,AHI,BBV,ASHTI,BABHULGOAN,CR,7.67,5,5
COR01238,BBV,PVR,BABHULGOAN,PANDHARPUR,CR,13.98,5,5
COR01239,PVR,BHLI,PANDHARPUR,BOHALI,CR,10.07,4,4
COR01240,BHLI,BMNI,BOHALI,BAMANI,CR,9.29,4,4
COR01241,BMNI,SGLA,BAMANI,SANGOLA,CR,10.1,4,4
COR01242,SGLA,WSD,SANGOLA,WASUD,CR,7.73,4,4
COR01243,WSD,JVA,WASUD,JAVALE,CR,8.79,4,4
COR01244,JVA,JTRD,JAVALE,JATH ROAD,CR,10.44,3,3
COR01245,JTRD,GLV,JATH ROAD,GULVANCHI,CR,7.51,4,4
COR01246,GLV,DLGN,GULVANCHI,DHALGAON,CR,9.24,4,4
COR01247,DLGN,LNP,DHALGAON,LANGARPETH,CR,4.64,4,4
COR01248,LNP,KVK,LANGARPETH,KAVATHE MAHANKL,CR,8.9,4,4
COR01249,KVK,AGDL,KAVATHE MAHANKL,AGRAN DHULGAON,CR,5.07,4,4
COR01250,AGDL,SGRE,AGRAN DHULGAON,SULGARE,CR,5.95,4,4
COR01251,SGRE,BLNK,SULGARE,BELANKI,CR,8.49,4,4
COR01252,BLNK,ARAG,BELANKI,ARAG,CR,8.78,4,4
COR01253,ARAG,BLWD,ARAG,BOLWAD,CR,7.57,1,1
COR01254,BLWD,MRJ,BOLWAD,MIRAJ JN,CR,8.65,1,1
COR01255,BGNA,SOF,Balgona,Saota,ER,,1,1
COR01256,SOF,NGX,Saota,Nigan,ER,,1,1
COR01257,NGX,KCY,Nigan,Kaichar,ER,,1,1
COR01258,KCY,BCF,Kaichar,Bankapasi,ER,,1,1
COR01259,BCF,SIZ,Bankapasi,Shrikhanda,ER,,1,1
COR01260,SIZ,SPS,Shrikhanda,Shripat Shrikhand,ER,,1,1
COR01261,SPS,KWF,Shripat Shrikhand,Katwa,ER,,1,1
COR01262,UHL,MTPR,Una Himachal,Raimehatpur,NR,9.34,4,4
COR01263,MTPR,NNGL,Raimehatpur,Naya Nangal,NR,4.11,4,4
COR01264,KRHR,SASN,Kharar,SAS NAGAR MOHALI,NR,11.98,4,4
COR01265,SASN,CDG,SAS NAGAR MOHALI,CHANDIGARH,NR,8.81,4,4
COR01266,CDG,GHG,CHANDIGARH,GHAGGHAR,NR,10.4,22,22
COR01267,GHG,DHPR,GHAGGHAR,DAPPAR,NR,11.1,22,22
COR01268,DHPR,LLU,DAPPAR,LALRU,NR,4.4,22,22
COR01269,LLU,DKT,LALRU,DHULKOT,NR,9.37,22,22
COR01270,TTP,TAM,Tiruturaipudi Junction,Tilaivilagam,SR,,3,3
COR01271,TAM,MTT,Tilaivilagam,Mutupet,SR,,3,3
COR01272,MTT,AMM,Mutupet,Atirampattinam,SR,,3,3
COR01273,AMM,PKT,Atirampattinam,Pattukottai,SR,,3,3
COR01274,PKT,TCT,Pattukottai,Tiruchitrambalam,SR,,3,3
COR01275,TCT,PVI,Tiruchitrambalam,Peravurani,SR,,3,3
COR01276,PVI,AYI,Peravurani,Ayingudi,SR,,3,3
COR01277,AYI,ATQ,Ayingudi,Arantangi,SR,,3,3
COR01278,ATQ,VMM,Arantangi,Valaramanikkam,SR,,3,3
COR01279,VMM,KNPL,Valaramanikkam,Kandanur Puduvayal,SR,,3,3
COR01280,KNPL,KKDI,Kandanur Puduvayal,Karaikkudi Junction,SR,,3,3
COR01281,MG,BWZ,Modelgram,Baddowal,NR,9.5,5,5
COR01282,BWZ,BQH,Baddowal,Bhanohad Punjab,NR,3.35,5,5
COR01283,BQH,MLX,Bhanohad Punjab,Mullanpur,NR,4.53,5,5
COR01284,MLX,CKM,Mullanpur,Chauki Man,NR,9.83,5,5
COR01285,CKM,JGN,Chauki Man,Jagraon,NR,9.0,5,5
COR01286,JGN,NNKR,Jagraon,Nanaksar,NR,5.05,5,5
COR01287,NNKR,AJL,Nanaksar,Ajitwal,NR,7.67,5,5
COR01288,AJL,PMH,Ajitwal,Parao Mahna,NR,6.42,5,5
COR01289,PMH,MOGA,Parao Mahna,Moga,NR,9.98,5,5
COR01290,MOGA,DAU,Moga,Dagru,NR,11.72,5,5
COR01291,DAU,MSSD,Dagru,Maheshari Sandhuan,NR,5.42,5,5
COR01292,MSSD,TWB,Maheshari Sandhuan,Talwandi,NR,6.77,5,5
COR01293,TWB,SULH,Talwandi,Sulhani,NR,5.71,5,5
COR01294,SULH,PHS,Sulhani,Ferozeshah,NR,7.92,5,5
COR01295,PHS,FZR,Ferozeshah,FIROZPUR CANT,NR,16.95,4,4
COR01296,AII,DOZ,AJMER JN,DAURAI,NWR,7.01,20,20
COR01297,DOZ,SDH,DAURAI,SARADHNA,NWR,8.12,20,20
COR01298,SDH,MKRA,SARADHNA,MAKRERA,NWR,4.63,20,20
COR01299,MKRA,MLI,MAKRERA,MANGALIYAWAS,NWR,5.45,20,20
COR01300,MLI,LNA,MANGALIYAWAS,LAMANA,NWR,4.58,20,20
COR01301,LNA,KRW,LAMANA,KHARWA,NWR,5.96,20,20
COR01302,KRW,PPF,KHARWA,PIPLAJ,NWR,6.58,20,20
COR01303,PPF,BER,PIPLAJ,BEAWAR,NWR,8.81,16,16
COR01304,BER,APA,BEAWAR,AMARPURA,NWR,6.56,19,19
COR01305,APA,SEU,AMARPURA,SENDRA,NWR,6.62,19,19
COR01306,SEU,BAR,SENDRA,BAR,NWR,8.25,19,19
COR01307,BAR,HP,BAR,HARIPUR,NWR,10.46,19,19
COR01308,HP,GRI,HARIPUR,GURIYA,NWR,7.13,19,19
COR01309,GRI,CNL,GURIYA,CHANDAWAL,NWR,10.38,19,19
COR01310,CNL,BGX,CHANDAWAL,BAGRI SAJJANPUR,NWR,5.75,19,19
COR01311,BGX,BQN,BAGRI SAJJANPUR,BAGRI NAGAR,NWR,4.13,19,19
COR01312,BQN,SOD,BAGRI NAGAR,SOJAT ROAD,NWR,4.92,19,19
COR01313,SOD,BFY,SOJAT ROAD,BHESANA,NWR,5.64,19,19
COR01314,BFY,DRS,BHESANA,DHARESHWAR,NWR,7.24,19,19
COR01315,DRS,MJ,DHARESHWAR,MARWAR JN,NWR,8.64,19,19
COR01316,MJ,AUWA,MARWAR JN,AUWA,NWR,7.6,30,30
COR01317,AUWA,BGG,AUWA,BANTA RAGHUNATHGARH,NWR,7.98,30,30
COR01318,BGG,BWA,BANTA RAGHUNATHGARH,BHINWALIYA,NWR,5.85,30,30
COR01319,BWA,SOS,BHINWALIYA,SOMESAR,NWR,6.05,30,30
COR01320,SOS,JAL,SOMESAR,JAWALI,NWR,8.39,30,30
COR01321,JAL,BGPR,JAWALI,BHAGWANPURA,NWR,5.91,30,30
COR01322,BGPR,RANI,BHAGWANPURA,RANI,NWR,9.56,30,30
COR01323,RANI,KZQ,RANI,KHIMEL,NWR,6.11,30,30
COR01324,KZQ,FA,KHIMEL,FALNA,NWR,8.45,30,30
COR01325,FA,BRLY,FALNA,BIROLIYA,NWR,8.42,30,30
COR01326,BRLY,JWB,BIROLIYA,JAWAI BANDH,NWR,7.76,30,30
COR01327,JWB,MOI,JAWAI BANDH,MORI BERA,NWR,8.8,30,30
COR01328,MOI,KTR,MORI BERA,KOTHAR,NWR,6.2,30,30
COR01329,KTR,NANA,KOTHAR,NANA,NWR,6.28,30,30
COR01330,NANA,KVJ,NANA,KESHAVGANJ,NWR,8.68,30,30
COR01331,KVJ,SOH,KESHAVGANJ,SIROHI ROAD,NWR,7.91,30,30
COR01332,SOH,BNS,SIROHI ROAD,BANAS,NWR,10.08,30,30
COR01333,BNS,SRPJ,BANAS,SWARUPGANJ,NWR,8.39,30,30
COR01334,SRPJ,BMN,SWARUPGANJ,BHIMANA,NWR,8.35,30,30
COR01335,BMN,KWI,BHIMANA,KIVARLI,NWR,7.56,30,30
COR01336,KWI,MXO,KIVARLI,MORTHALA,NWR,5.77,30,30
COR01337,MXO,ABR,MORTHALA,ABU ROAD,NWR,4.52,30,30
COR01338,ABR,MAA,ABU ROAD,MAVAL,NWR,8.74,30,30
COR01339,MAA,SIM,MAVAL,SHRI AMIRGADH,NWR,6.45,30,30
COR01340,SIM,SZA,SHRI AMIRGADH,SAROTRA ROAD,NWR,6.13,30,30
COR01341,SZA,IQG,SAROTRA ROAD,IQBAL GADH,NWR,6.84,30,30
COR01342,IQG,JTY,IQBAL GADH,JETHI,NWR,6.59,30,30
COR01343,JTY,CTT,JETHI,CHITRASANI,NWR,3.3,30,30
COR01344,CTT,KRJD,CHITRASANI,KARJODA,NWR,6.4,30,30
COR01345,KRJD,PNU,KARJODA,PALANPUR JN,NWR,5.54,30,30
COR01346,PNU,UM,PALANPUR JN,UMARDASHI,WR,8.3,31,31
COR01347,UM,CHP,UMARDASHI,CHHAPI,WR,7.6,31,31
COR01348,CHP,DRW,CHHAPI,DHAREWADA,WR,8.49,31,31
COR01349,DRW,SID,DHAREWADA,SIDDHPUR,WR,4.87,31,31
COR01350,SID,KMLI,SIDDHPUR,KAMLI,WR,6.16,31,31
COR01351,KMLI,UJA,KAMLI,UNJHA,WR,7.44,31,31
COR01352,UJA,BHU,UNJHA,BHANDU MOTIDAU,WR,9.75,17,17
COR01353,BHU,MSH,BHANDU MOTIDAU,MAHESANA JN,WR,11.84,20,20
COR01354,MSH,SXS,MAHESANA JN,SHOBHASAN,WR,6.73,34,34
COR01355,SXS,JDN,SHOBHASAN,JAGUDAN,WR,2.4,35,35
COR01356,JDN,UMN,JAGUDAN,AMBLIYASAN,WR,8.57,25,25
COR01357,UMN,KYSD,AMBLIYASAN,KAIYAL SEDHAVI,WR,2.32,24,24
COR01358,KYSD,DNW,KAIYAL SEDHAVI,DANGARWA,WR,3.12,35,35
COR01359,DNW,GUS,DANGARWA,GHUMASAN,WR,2.68,35,35
COR01360,GUS,JUL,GHUMASAN,JHULASAN,WR,6.18,24,24
COR01361,JUL,PN,JHULASAN,PANSAR,WR,2.26,37,37
COR01362,PN,EN,PANSAR,ISAND,WR,1.63,35,35
COR01363,EN,CTRL,ISAND,CHHATRAL,WR,3.89,34,34
COR01364,CTRL,KLL,CHHATRAL,KALOL JN,WR,4.1,36,36
COR01365,KLL,SHRD,KALOL JN,SAIJ SERTHA RD,WR,3.93,38,38
COR01366,SHRD,KHD,SAIJ SERTHA RD,KHODIYAR,WR,6.87,37,37
COR01367,CDK,KLRD,CHANDKHERA ROAD,KALI ROAD,WR,2.19,34,34
COR01368,NCR,VXM,Nagore,Vellipalayam,SR,4.74,5,5
COR01369,VXM,NPB,Vellipalayam,Nagapattinam Beach,SR,1.36,5,5
COR01370,NPB,NGT,Nagapattinam Beach,NAGAPPATTINAM,SR,0.64,5,5
COR01371,NGT,APE,NAGAPPATTINAM,ANDANAPPETTAI,SR,0.21,6,6
COR01372,APE,SKK,ANDANAPPETTAI,SIKKAL,SR,5.87,6,6
COR01373,SKK,KVL,SIKKAL,KIZHELUR,SR,5.2,6,6
COR01374,KVL,KOQ,KIZHELUR,KUTHUR,SR,2.65,6,6
COR01375,KOQ,AYM,KUTHUR,ADIYAKKAMANGALAM,SR,4.19,6,6
COR01376,AYM,TVR,ADIYAKKAMANGALAM,THIRUVARUR JN,SR,5.17,6,6
COR01377,TVR,KU,THIRUVARUR JN,KULIKARAI,SR,5.97,6,6
COR01378,KU,TMU,KULIKARAI,TIRUMANTHIKUNAM,SR,4.92,6,6
COR01379,TMU,KDE,TIRUMANTHIKUNAM,KORADACHERI,SR,4.85,6,6
COR01380,KDE,NMJ,KORADACHERI,NIDAMANGALAM,SR,8.45,6,6
COR01381,NMJ,KYV,NIDAMANGALAM,KOYILVENNI,SR,4.83,7,7
COR01382,KYV,AMT,KOYILVENNI,AMMAPET,SR,5.79,7,7
COR01383,AMT,SMM,AMMAPET,SALIYAMANGALAM,SR,4.42,7,7
COR01384,SMM,KXO,SALIYAMANGALAM,KUDIKADU,SR,3.7,7,7
COR01385,KXO,MAV,KUDIKADU,MARIAMMANKOVIL,SR,4.75,7,7
COR01386,MAV,TJ,MARIAMMANKOVIL,THANJAVUR,SR,6.57,7,7
COR01387,TJ,ALK,THANJAVUR,ALAKKUDI,SR,9.24,18,18
COR01388,ALK,BAL,ALAKKUDI,BUDALUR,SR,7.91,18,18
COR01389,BAL,AYN,BUDALUR,AIYANAPURAM,SR,5.76,17,17
COR01390,AYN,SGM,AIYANAPURAM,SOLGAMPATTI,SR,7.69,17,17
COR01391,SGM,TOM,SOLGAMPATTI,TONDAMANPATTI,SR,3.82,18,18
COR01392,TOM,TRB,TONDAMANPATTI,TIRUVERUMBUR,SR,5.17,18,18
COR01393,TRB,MCJ,TIRUVERUMBUR,MANJATTIDAL,SR,4.95,18,18
COR01394,TPE,TP,TIRUCHIRAPPALLI PALAKKARAI,TIRUCHIRAPPALLI FORT,SR,2.1,11,11
COR01395,TP,MTNL,TIRUCHIRAPPALLI FORT,MUTTARASANALLUR,SR,6.29,11,11
COR01396,MTNL,MKY,MUTTARASANALLUR,MEKKUDI,SR,2.22,11,11
COR01397,EL,PGN,ELAMANUR,PERUGAMANI,SR,3.04,11,11
COR01398,PGN,PLI,PERUGAMANI,PETTAIVAYATALAI,SR,5.82,11,11
COR01399,PLI,MUQ,PETTAIVAYATALAI,MARUDUR,SR,5.21,11,11
COR01400,MUQ,KLT,MARUDUR,KULITALAI,SR,3.78,11,11
COR01401,KLT,TIC,KULITALAI,TIMMACHIPURAM,SR,5.43,11,11
COR01402,TIC,LP,TIMMACHIPURAM,LALAPET,SR,3.94,11,11
COR01403,LP,MMH,LALAPET,MAHADANAPURAM,SR,4.38,11,11
COR01404,MMH,SEV,MAHADANAPURAM,SITHALAVAI,SR,2.8,11,11
COR01405,SEV,MYU,SITHALAVAI,MAYANOOR,SR,4.1,11,11
COR01406,MYU,MVS,MAYANOOR,MANAVASI,SR,2.89,11,11
COR01407,MVS,VRQ,MANAVASI,VIRARAKKIYAM,SR,5.99,11,11
COR01408,VRQ,KRR,VIRARAKKIYAM,KARUR,SR,9.3,11,11
COR01409,KRR,MPLM,KARUR,MARTHIPALAYAM,SR,9.17,20,20
COR01410,MPLM,PGR,MARTHIPALAYAM,PUGALUR,SR,4.89,20,20
COR01411,PGR,KMD,PUGALUR,KODUMUDI,SR,11.77,15,15
COR01412,KMD,URL,KODUMUDI,UNJALUR,SR,5.87,20,20
COR01413,URL,PAS,UNJALUR,PASUR,SR,12.25,15,15
COR01414,PAS,CVD,PASUR,CHAVADIPALAIYAM,SR,6.47,20,20
COR01415,MZH,DRSN,MAUHARI,DHURWASIN,SECR,7.88,9,9
COR01416,DRSN,HRV,DHURWASIN,HARRAD,SECR,6.96,9,9
COR01417,HRV,KTMA,HARRAD,KOTMA,SECR,8.96,9,9
COR01418,KTMA,BATL,KOTMA,BAIHATOLA,SECR,8.72,9,9
COR01419,BATL,BJRI,BAIHATOLA,BIJURI,SECR,6.52,9,9
COR01420,BJRI,BRND,BIJURI,BORIDAND,SECR,6.41,9,9
COR01421,BRND,UKR,BORIDAND,UDALKACHAR,SECR,11.76,4,4
COR01422,UKR,NPRD,UDALKACHAR,NAGPUR ROAD,SECR,5.9,4,4
COR01423,NPRD,DTL,NAGPUR ROAD,DARRITOLA,SECR,4.9,4,4
COR01424,DTL,NGE,DARRITOLA,NAGAR,SECR,7.07,4,4
COR01425,NGE,BRH,NAGAR,BAIKUNTHPUR RD,SECR,7.23,4,4
COR01426,BRH,KTO,BAIKUNTHPUR RD,KATORA,SECR,18.53,4,4
COR01427,KTO,SPDR,KATORA,SHEOPRASADNAGER,SECR,8.08,4,4
COR01428,SPDR,SJQ,SHEOPRASADNAGER,SURAJPUR ROAD,SECR,9.36,4,4
COR01429,SJQ,KJZ,SURAJPUR ROAD,KARONJI,SECR,4.44,4,4
COR01430,KJZ,BSPR,KARONJI,BISHRAMPUR,SECR,13.01,4,4
COR01431,BSPR,KLPG,BISHRAMPUR,KAMALPURGRAM,SECR,10.06,4,4
COR01432,KLPG,ABKP,KAMALPURGRAM,AMBIKAPUR,SECR,7.38,4,4
COR01433,JGD,MMD,Jagadishpur,Maheshmunda,ER,14.52,2,2
COR01434,MMD,GRD,Maheshmunda,Giridih,ER,9.38,6,6
COR01435,UMNR,SKJ,UMESHNAGAR,SAHIBPUR KAMAL JN,ECR,4.91,39,39
COR01436,SKJ,LKN,SAHIBPUR KAMAL JN,LAKHMINIA,ECR,9.13,23,23
COR01437,LKN,DPL,LAKHMINIA,DANAULI PHLWRIA,ECR,6.04,39,39
COR01438,DPL,LAK,DANAULI PHLWRIA,LAKHO,ECR,4.48,39,39
COR01439,LAK,BGS,LAKHO,BEGU SARAI,ECR,7.15,40,40
COR01440,BGS,TIL,BEGU SARAI,TILRATH,ECR,6.85,23,23
COR01441,UDZ,UMRA,UDAIPUR CITY,UMRA,NWR,8.8,2,2
COR01442,JYM,SZK,JAI SAMAND ROAD,SUR KHAND KA KHEDA,NWR,11.46,2,2
COR01443,SZK,SES,SUR KHAND KA KHEDA,SEMARI,NWR,6.59,2,2
COR01444,DNRP,BHWA,DUNGARPUR,BECHHIWARA,NWR,18.53,2,2
COR01445,SJS,RGQ,SHAMLAJI ROAD,RAIGADH ROAD,NWR,15.74,1,1
COR01446,RGQ,VRV,RAIGADH ROAD,VIRAVADA,NWR,10.8,3,4
COR01447,VRV,HMT,VIRAVADA,HIMMATNAGAR,NWR,12.31,1,1
COR01448,HMT,HPRD,HIMMATNAGAR,HAPA ROAD,WR,6.13,6,6
COR01449,HPRD,SNSN,HAPA ROAD,SONASAN,WR,6.94,6,6
COR01450,SNSN,PRJ,SONASAN,PRANTIJ,WR,6.72,6,6
COR01451,PRJ,KIA,PRANTIJ,KHARI AMRAPUR,WR,7.52,6,6
COR01452,KIA,TOD,KHARI AMRAPUR,TALOD,WR,5.59,6,6
COR01453,TOD,KOY,TALOD,KHEROL,WR,4.76,6,6
COR01454,KOY,RKH,KHEROL,RAKHIYAL,WR,6.35,6,6
COR01455,RKH,JLM,RAKHIYAL,JALIYA MATH,WR,4.55,6,6
COR01456,JLM,NHM,JALIYA MATH,NANDOL DEHEGAM,WR,8.67,6,6
COR01457,MDRA,NRD,MEDRA,NARODA,WR,7.93,13,19
COR01458,NRD,SDGM,NARODA,SARDARGRAM,WR,2.33,14,20
COR01459,SDGM,SAHP,SARDARGRAM,SAHIJPUR,WR,1.49,1,1
COR01460,SAHP,ASV,SAHIJPUR,ASARVA JN,WR,2.72,1,1
COR01461,LEDO,BGLI,Ledo,Bargolai,NFR,2.16,3,3
COR01462,BGLI,MRG,Bargolai,Margherita,NFR,3.07,3,3
COR01463,MRG,DBY,Margherita,Digboi,NFR,11.82,3,3
COR01464,DBY,TII,Digboi,Tingrai,NFR,12.1,3,3
COR01465,TII,MJN,Tingrai,Makum Junction,NFR,9.59,3,3
COR01466,MJN,TSK,Makum Junction,Tinsukia Junction,NFR,8.34,3,3
COR01467,NNGE,PHI,NARANGI,PANIKHAITI,NFR,5.13,25,25
COR01468,PHI,TKC,PANIKHAITI,THAKURKUCHI,NFR,5.25,25,25
COR01469,TKC,PNB,THAKURKUCHI,PANBARI,NFR,3.02,25,25
COR01470,PNB,DGU,PANBARI,DIGARU,NFR,6.5,25,25
COR01471,DGU,TTLA,DIGARU,TETELIA,NFR,4.98,25,25
COR01472,TTLA,KKET,TETELIA,KAMRUP KHETRI,NFR,7.7,25,25
COR01473,KKET,BRHU,KAMRUP KHETRI,BARAHU,NFR,5.8,25,25
COR01474,BRHU,JID,BARAHU,JAGI ROAD,NFR,5.82,25,25
COR01475,JID,AJRE,JAGI ROAD,AUJARI,NFR,7.22,25,25
COR01476,AJRE,DML,AUJARI,DHARAMTUL,NFR,11.17,16,16
COR01477,DML,TGE,DHARAMTUL,THEKERAGURI,NFR,3.83,25,25
COR01478,TGE,CPK,THEKERAGURI,CHAPARMUKH JN,NFR,10.77,25,25
COR01479,CPK,LPN,CHAPARMUKH JN,LAOPANI,NFR,8.41,22,22
COR01480,LPN,KWM,LAOPANI,KAMPUR,NFR,7.58,22,22
COR01481,KWM,JMK,KAMPUR,JAMUNAMUKH,NFR,10.17,22,22
COR01482,JMK,JGJN,JAMUNAMUKH,JUGIJAN,NFR,11.74,22,22
COR01483,JGJN,HJI,JUGIJAN,HOJAI,NFR,4.48,22,22
COR01484,HJI,DHRY,HOJAI,DHALPUKHURI,NFR,3.69,22,22
COR01485,DHRY,LKA,DHALPUKHURI,LANKA,NFR,10.71,22,22
COR01486,LKA,HWX,LANKA,HABAIPUR,NFR,5.49,22,22
COR01487,HWX,LKG,HABAIPUR,LAMSAKHANG,NFR,10.37,22,22
COR01488,LKG,PKB,LAMSAKHANG,PATHARKHOLA S,NFR,5.95,22,22
COR01489,PKB,LMG,PATHARKHOLA S,LUMDING JN,NFR,8.04,13,13
COR01490,JTTN,CMA,Jorhat Town,Cinnamara,NFR,6.14,5,5
COR01491,CMA,MXN,Cinnamara,MARIANI JN,NFR,15.47,5,5
COR01492,KLK,TSL,Kalka,Taksal,NR,2.31,6,6
COR01493,TSL,GMM,Taksal,Gumman,NR,1.72,6,6
COR01494,GMM,KOTI,Gumman,Koti,NR,2.45,6,6
COR01495,KOTI,SWO,Koti,Sonwara,NR,4.68,6,6
COR01496,SWO,DMP,Sonwara,Dharampur Himachal,NR,2.01,6,6
COR01497,DMP,KMTI,Dharampur Himachal,Kumarhatti,NR,3.31,6,6
COR01498,KMTI,BOF,Kumarhatti,Barog,NR,2.58,6,6
COR01499,BOF,SOL,Barog,Solan,NR,2.35,6,6
COR01500,SOL,SBY,Solan,Solan Brewery,NR,,6,6
COR01501,SBY,SLR,Solan Brewery,Salogra,NR,,6,6
COR01502,SLR,KDZ,Salogra,Kandaghat,NR,4.13,6,6
COR01503,KDZ,KANO,Kandaghat,Kanoh,NR,3.13,6,6
COR01504,KANO,KEJ,Kanoh,Kathleeghat,NR,3.56,6,6
COR01505,KEJ,SGS,Kathleeghat,Shoghi,NR,2.78,6,6
COR01506,SGS,TVI,Shoghi,Taradevi,NR,4.36,6,6
COR01507,TVI,JTO,Taradevi,Jutogh,NR,3.22,6,6
COR01508,JTO,SHZ,Jutogh,Summer Hill,NR,1.71,6,6
COR01509,SHZ,SML,Summer Hill,Shimla,NR,2.14,6,6
COR01510,MRJ,JSP,MIRAJ JN,JAYASINGPUR,CR,9.81,19,19
COR01511,JSP,NMGT,JAYASINGPUR,NIMSHIRGAON TAMDALGE,CR,7.4,19,19
COR01512,NMGT,HTK,NIMSHIRGAON TAMDALGE,HATKANAGALE,CR,7.19,19,19
COR01513,HTK,RKD,HATKANAGALE,RUKADI,CR,7.44,19,19
COR01514,RKD,VV,RUKADI,VALIVADE,CR,6.59,19,19
COR01515,VV,KOP,VALIVADE,C SHAHU M RAJ KOLHAPUR TERM,CR,6.53,17,17
COR01516,MDDG,SSI,Malad Gaon,Shirsai,CR,5.62,4,4
COR01517,SSI,SSF,Shirsai,Sirsuphal,CR,1.08,4,4
COR01518,SSF,KFH,Sirsuphal,Katphal,CR,8.55,4,4
COR01519,KFH,BRMT,Katphal,Baramati,CR,8.97,4,4
COR01520,CSTM,MSD,MUMBAI CST,BOMBAY MASJID,CR,0.9,50,50
COR01521,MSD,SNRD,BOMBAY MASJID,MUMBAI SANDHURST ROAD,CR,1.11,50,50
COR01522,SNRD,BY,MUMBAI SANDHURST ROAD,BYCULLA,CR,1.77,50,50
COR01523,BY,CHG,BYCULLA,MUMBAI CHINCHPOKLI,CR,1.1,50,50
COR01524,CHG,CRD,MUMBAI CHINCHPOKLI,MUMBAI CURREY ROAD,CR,0.77,50,50
COR01525,CRD,PR,MUMBAI CURREY ROAD,MUMBAI PAREL,CR,1.78,50,50
COR01526,NSL,TR,NAGARSOL,TARU,SCR,6.35,19,19
COR01527,TR,RGO,TARU,ROTEGAON,SCR,21.49,19,19
COR01528,RGO,PSD,ROTEGAON,PARSODA,SCR,12.26,20,20
COR01529,PSD,LSR,PARSODA,LASUR,SCR,14.58,18,18
COR01530,LSR,POZ,LASUR,POTUL,SCR,11.56,20,20
COR01531,POZ,DLB,POTUL,DAULATABAD,SCR,9.28,20,20
COR01532,DLB,AWB,DAULATABAD,AURANGABAD,SCR,12.25,20,20
COR01533,DKJ,PCZ,DORNAKAL JN,Pocharam,SCR,9.75,8,8
COR01534,PCZ,KRA,Pocharam,Karepalli,SCR,4.81,8,8
COR01535,KRA,GHPU,Karepalli,Gandhipuram Halt,SCR,4.78,8,8
COR01536,GHPU,CMW,Gandhipuram Halt,Chima Pahad,SCR,16.09,8,8
COR01537,CMW,TPY,Chima Pahad,Tadakalpudi,SCR,7.44,8,8
COR01538,TPY,BTPD,Tadakalpudi,Bethampurdi,SCR,4.66,8,8
COR01539,BTPD,BDCR,Bethampurdi,Bhadrachalam Road,SCR,4.55,8,8
COR01540,BDCR,AWM,Bhadrachalam Road,Aswapuram,SCR,35.95,4,4
COR01541,AWM,MUGR,Aswapuram,Manuguru,SCR,11.57,4,4
COR01542,GPR,SSV,GHORPURI,SASVAD ROAD,CR,8.86,16,16
COR01543,SSV,FSG,SASVAD ROAD,PHURSUNGI,CR,7.77,22,22
COR01544,FSG,ALN,PHURSUNGI,ALANDI,CR,7.09,22,22
COR01545,ALN,SHIV,ALANDI,SHINDAWANE,CR,7.66,22,22
COR01546,SHIV,ABLE,SHINDAWANE,AMBALE,CR,4.07,22,22
COR01547,ABLE,RJW,AMBALE,RAJEVADI,CR,2.37,22,22
COR01548,RJW,JJR,RAJEVADI,JEJURI,CR,10.99,22,22
COR01549,JJR,DNJ,JEJURI,DAUNDAJ,CR,6.31,22,22
COR01550,DNJ,WLH,DAUNDAJ,VALHA,CR,5.43,22,22
COR01551,WLH,NIRA,VALHA,NIRA,CR,10.14,22,22
COR01552,NIRA,LNN,NIRA,LONAND,CR,7.4,22,22
COR01553,LNN,SLP,LONAND,SALPA,CR,8.86,22,22
COR01554,SLP,AKI,SALPA,ADARKI,CR,5.32,22,22
COR01555,AKI,WTR,ADARKI,WATHAR,CR,6.49,22,22
COR01556,WTR,PLV,WATHAR,PALSI,CR,9.07,22,22
COR01557,PLV,JSV,PALSI,JARANDESHWAR,CR,7.75,22,22
COR01558,JSV,STR,JARANDESHWAR,SATARA,CR,7.09,22,22
COR01559,STR,KRG,SATARA,KOREGAON,CR,8.89,22,22
COR01560,KRG,RMP,KOREGAON,RAHIMATPUR,CR,9.14,22,22
COR01561,RMP,TAZ,RAHIMATPUR,TARGAON,CR,11.02,22,22
COR01562,TAZ,MSR,TARGAON,MASUR,CR,12.29,22,22
COR01563,MSR,SIW,MASUR,SHIRRAVDE,CR,5.04,22,22
COR01564,SIW,KRD,SHIRRAVDE,KARAD,CR,8.37,22,22
COR01565,KRD,SNE,KARAD,SHENOLI,CR,12.78,22,22
COR01566,SNE,BVNR,SHENOLI,BHAVANI NAGAR,CR,8.03,22,22
COR01567,BVNR,TKR,BHAVANI NAGAR,TAKARI,CR,6.15,22,22
COR01568,TKR,KOV,TAKARI,KIRLOSKARVADI,CR,7.58,22,22
COR01569,KOV,BVQ,KIRLOSKARVADI,BHILAVDI,CR,13.62,16,16
COR01570,BVQ,NDE,BHILAVDI,NANDRE,CR,6.64,22,22
COR01571,NDE,MDVR,NANDRE,MADHAVNAGAR,CR,8.79,22,22
COR01572,MDVR,SLI,MADHAVNAGAR,SANGLI,CR,3.42,22,22
COR01573,SLI,VRB,SANGLI,VISHRAMBAG,CR,1.68,23,23
COR01574,VRB,MRJ,VISHRAMBAG,MIRAJ JN,CR,5.17,23,23
COR01575,BBN,BJMD,Barbil,Bara Jamda,SER,8.21,2,2
COR01576,BJMD,NOMD,Bara Jamda,Noamundi,SER,10.54,3,3
COR01577,NOMD,PDPH,Noamundi,Padapahar Junction,SER,3.35,2,2
COR01578,PDPH,DPS,Padapahar Junction,Dangoaposi,SER,4.98,2,2
COR01579,DPS,MLKA,Dangoaposi,Maluka,SER,9.13,3,3
COR01580,MLKA,KNPS,Maluka,Kendposi,SER,11.92,3,3
COR01581,KNPS,TABU,Kendposi,Talaburu,SER,7.44,3,3
COR01582,TABU,JNK,Talaburu,Jhinkpani,SER,7.04,3,3
COR01583,JNK,SIPA,Jhinkpani,Singhookharia,SER,9.06,3,3
COR01584,SIPA,CBSA,Singhookharia,Chaibasa,SER,7.14,3,3
COR01585,CBSA,PRSL,Chaibasa,Pandrasali,SER,8.13,3,3
COR01586,SHC,SBM,SAHARSA JN,SONBARSA KACHERI,ECR,9.05,11,11
COR01587,SBM,SBV,SONBARSA KACHERI,SIMRI BHAKHTIYARPUR,ECR,8.11,11,11
COR01588,SBV,KFA,SIMRI BHAKHTIYARPUR,KOPARIA,ECR,6.65,13,13
COR01589,KFA,DHT,KOPARIA,DHAMARA GHAT,ECR,7.81,11,11
COR01590,DHT,BHB,DHAMARA GHAT,BADLA GHAT,ECR,4.3,13,13
COR01591,GOPL,GWV,GUNDLA POCHAMPALLI,GOWDAVALLI,SCR,5.11,1,1
COR01592,MAQ,MAJN,MANGALORE CNTL,MANGALORE JN,SR,3.93,6,6
COR01593,MAJN,BNTL,MANGALORE JN,Bantawala,SR,16.79,5,5
COR01594,BNTL,KBPR,Bantawala,Kabakaputtur,SWR,22.13,5,5
COR01595,UBL,KNO,HUBLI JN,KUNDGOL,SWR,14.98,17,17
COR01596,KNO,SNH,KUNDGOL,SAUNSHI,SWR,7.54,25,25
COR01597,SNH,GDI,SAUNSHI,GUDGERI,SWR,11.39,25,25
COR01598,GDI,KALS,GUDGERI,KALAS HALT,SWR,5.38,25,25
COR01599,KALS,YLG,KALAS HALT,YALVIGI,SWR,6.17,25,25
COR01600,YLG,SVNR,YALVIGI,SAVANUR,SWR,8.07,25,25
COR01601,SVNR,KVS,SAVANUR,KALSUR,SWR,8.21,25,25
COR01602,KVS,KJG,KALSUR,KARAJGI,SWR,4.13,25,25
COR01603,KJG,HVR,KARAJGI,HAVERI,SWR,6.36,25,25
COR01604,HVR,BYD,HAVERI,BYADGI,SWR,13.55,25,25
COR01605,BYD,DAD,BYADGI,DEVARGUDDA,SWR,9.91,25,25
COR01606,DAD,RNR,DEVARGUDDA,RANIBENNUR,SWR,7.89,25,25
COR01607,RNR,CLI,RANIBENNUR,CHALGERI,SWR,12.93,25,25
COR01608,CLI,HRR,CHALGERI,HARIHAR,SWR,9.74,25,25
COR01609,HRR,DVG,HARIHAR,DAVANGERE,SWR,12.97,18,18
COR01610,DVG,THN,DAVANGERE,TOLAHUNSE,SWR,8.89,26,26
COR01611,THN,HNH,TOLAHUNSE,HANUMANAHALLI,SWR,5.8,26,26
COR01612,HNH,KAG,HANUMANAHALLI,KODAGANUR,SWR,4.9,26,26
COR01613,KAG,MYK,KODAGANUR,MAYAKONDA,SWR,7.28,26,26
COR01614,MYK,SLU,MAYAKONDA,SASALU,SWR,7.03,26,26
COR01615,SLU,JRU,SASALU,CHIKJAJUR JN,SWR,11.65,26,26
COR01616,JRU,HLK,CHIKJAJUR JN,HOLALKERE,SWR,9.82,25,25
COR01617,HLK,RGI,HOLALKERE,RAMGIRI,SWR,9.8,17,17
COR01618,RGI,ABGT,RAMGIRI,ARBAGATTA HALT,SWR,4.86,25,25
COR01619,ABGT,HSD,ARBAGATTA HALT,HOSDURGA ROAD,SWR,4.92,25,25
COR01620,HSD,SHV,HOSDURGA ROAD,SHIVANI,SWR,9.96,25,25
COR01621,SHV,AJP,SHIVANI,AJJAMPUR,SWR,10.59,25,25
COR01622,AJP,NVF,AJJAMPUR,NAGAVANGALA,SWR,7.86,25,25
COR01623,NVF,RRB,NAGAVANGALA,BIRUR JN,SWR,7.9,25,25
COR01624,RRB,DRU,BIRUR JN,KADUR,SWR,5.66,32,32
COR01625,DRU,BLKR,KADUR,BALLEKERE HALT,SWR,5.8,32,32
COR01626,BLKR,VNR,BALLEKERE HALT,DEVANUR,SWR,9.92,32,32
COR01627,VNR,BVR,DEVANUR,BANAVAR,SWR,7.39,32,32
COR01628,BVR,ASK,BANAVAR,ARSIKERE JN,SWR,15.12,32,32
COR01629,ASK,ADHL,ARSIKERE JN,ADIHALLI,SWR,10.86,27,27
COR01630,ADHL,HVL,ADIHALLI,HONNAVALLI ROAD,SWR,4.73,27,27
COR01631,HVL,SSNH,HONNAVALLI ROAD,SREE SARADANAGAR HALT,SWR,7.15,27,27
COR01632,SSNH,TTR,SREE SARADANAGAR HALT,TIPTUR,SWR,2.37,21,21
COR01633,TTR,BNK,TIPTUR,BANASANKARAI HA,SWR,5.2,27,27
COR01634,BNK,RDI,BANASANKARAI HA,KARDI,SWR,5.48,27,27
COR01635,RDI,ARGP,KARDI,ARALAGUPPE,SWR,4.79,27,27
COR01636,ARGP,BSN,ARALAGUPPE,BANASANDRA,SWR,4.94,27,27
COR01637,BSN,AMSA,BANASANDRA,AMMASANDRA,SWR,5.65,27,27
COR01638,AMSA,SPGR,AMMASANDRA,SAMPIGE ROAD,SWR,5.39,27,27
COR01639,SPGR,NTR,SAMPIGE ROAD,NITTUR,SWR,10.85,27,27
COR01640,NTR,GBB,NITTUR,GUBBI,SWR,9.29,27,27
COR01641,GBB,MLSA,GUBBI,MALLASANDRA,SWR,8.34,27,27
COR01642,MLSA,HEI,MALLASANDRA,HEGGERE HALT,SWR,3.67,27,27
COR01643,HEI,TK,HEGGERE HALT,TUMKUR,SWR,5.93,27,27
COR01644,TK,KIAT,TUMKUR,KYATSANDRA,SWR,5.28,29,29
COR01645,KIAT,HHL,KYATSANDRA,HIREHALI,SWR,5.85,29,29
COR01646,HHL,DBS,HIREHALI,DOBBSPET,SWR,8.47,29,29
COR01647,DBS,NDV,DOBBSPET,NIDVANDA,SWR,2.92,29,29
COR01648,NDV,MDLL,NIDVANDA,MUDDALINGAHALLI,SWR,3.49,29,29
COR01649,MDLL,DBL,MUDDALINGAHALLI,DODBELE,SWR,5.63,29,29
COR01650,DBL,BNKH,DODBELE,BHAIRANAYAKANAH,SWR,4.27,29,29
COR01651,BNKH,GHL,BHAIRANAYAKANAH,GOLHALLI,SWR,6.09,29,29
COR01652,GHL,SDVL,GOLHALLI,SOLDEVANAHALLI,SWR,10.42,29,29
COR01653,SDVL,BAW,SOLDEVANAHALLI,CHIK BANAVAR,SWR,2.63,29,29
COR01654,MWM,SBC,MALLESWARAM,BANGALORE CITY JN,SWR,2.69,28,28
COR01655,HW,JWP,HARIDWAR JN,JWALAPUR,NR,3.93,33,33
COR01656,JWP,IKK,JWALAPUR,IKKAR,NR,4.52,33,33
COR01657,IKK,PRI,IKKAR,PATHRI,NR,4.99,33,33
COR01658,PRI,ATMO,PATHRI,AITHAL,NR,5.84,33,33
COR01659,CPK,SCE,CHAPARMUKH JN,Senchoa Junction,NFR,17.83,1,1
COR01660,SCE,NGAN,Senchoa Junction,Nagaon,NFR,5.79,2,2
COR01661,NGAN,BEE,Nagaon,Bebejia,NFR,6.01,2,2
COR01662,BEE,PUQ,Bebejia,Puranigudam,NFR,15.68,2,2
COR01663,PUQ,SMGR,Puranigudam,Samaguri,NFR,8.62,2,2
COR01664,SMGR,AONI,Samaguri,Amoni,NFR,7.8,2,2
COR01665,AONI,SLON,Amoni,Salona,NFR,9.36,2,2
COR01666,SLON,JKB,Salona,Jakhalabandha,NFR,6.66,2,2
COR01667,JKB,SHTT,Jakhalabandha,Silghat Town,NFR,7.88,2,2
COR01668,GRO,SQL,GURRA,SONTALAI,WCR,8.73,55,55
COR01669,SQL,BGTA,SONTALAI,BAGRA TAWA,WCR,4.92,55,55
COR01670,BGTA,GMD,BAGRA TAWA,GURAMKHEDI,WCR,10.36,55,55
COR01671,GMD,SGP,GURAMKHEDI,SOHAGPUR,WCR,12.02,55,55
COR01672,SGP,SXF,SOHAGPUR,SOBHAPUR,WCR,10.68,55,55
COR01673,SXF,PPI,SOBHAPUR,PIPARIYA,WCR,7.07,55,55
COR01674,PPI,BKH,PIPARIYA,BANKHEDI,WCR,18.95,55,55
COR01675,BKH,JHT,BANKHEDI,JUNEHTA,WCR,6.02,55,55
COR01676,JHT,SCKR,JUNEHTA,SALICHAUKA ROAD,WCR,9.99,55,55
COR01677,SCKR,GAR,SALICHAUKA ROAD,GADARWARA,WCR,13.91,55,55
COR01678,GAR,BNE,GADARWARA,BOHANI,WCR,12.82,55,55
COR01679,BNE,KFY,BOHANI,KARAPGAON,WCR,7.03,55,55
COR01680,KFY,KY,KARAPGAON,KARELI,WCR,8.63,55,55
COR01681,KY,NU,KARELI,NARSINGHPUR,WCR,15.16,55,55
COR01682,NU,GPC,NARSINGHPUR,GHATPINDRAI,WCR,5.42,55,55
COR01683,GPC,BELD,GHATPINDRAI,BELKHERA,WCR,4.73,55,55
COR01684,BELD,KKB,BELKHERA,KARAK BEL,WCR,4.39,55,55
COR01685,KKB,SRID,KARAK BEL,SHRIDHAM,WCR,15.36,55,55
COR01686,SRID,BMR,SHRIDHAM,BIKRAMPUR,WCR,11.73,55,55
COR01687,BMR,BHTN,BIKRAMPUR,BHITONI,WCR,11.21,55,55
COR01688,BHTN,BRGT,BHITONI,BHERAGHAT,WCR,13.02,55,55
COR01689,BRGT,KEQ,BHERAGHAT,KACHHPURA,WCR,10.76,55,55
COR01690,KEQ,MML,KACHHPURA,MADAN MAHAL,WCR,2.05,55,55
COR01691,MML,JBP,MADAN MAHAL,JABALPUR,WCR,3.17,17,17
COR01692,JBP,ADTL,JABALPUR,ADHARTAL,WCR,7.31,53,53
COR01693,ADTL,DOE,ADHARTAL,DEORI,WCR,8.78,53,53
COR01694,DOE,GSPR,DEORI,GOSALPUR,WCR,10.55,59,59
COR01695,GSPR,SHR,GOSALPUR,SIHORA ROAD,WCR,10.82,59,59
COR01696,SHR,DDCE,SIHORA ROAD,DUNDI,WCR,14.81,59,59
COR01697,DDCE,SBD,DUNDI,SLEEMANABAD RD,WCR,9.4,59,59
COR01698,SBD,SNRR,SLEEMANABAD RD,SANSARPUR,WCR,9.57,59,59
COR01699,SNRR,NWR,SANSARPUR,NIWAR,WCR,5.14,59,59
COR01700,NWR,MDRR,NIWAR,MADHAVNAGAR ROA,WCR,7.79,59,59
COR01701,KTE,PTWA,KATNI,PATWARA,WCR,9.1,58,58
COR01702,PTWA,JKE,PATWARA,JUKEHI,WCR,8.29,58,58
COR01703,JKE,PKRD,JUKEHI,PAKARA ROAD,WCR,10.32,58,58
COR01704,PKRD,UDR,PAKARA ROAD,AMDARA ROAD,WCR,9.1,58,58
COR01705,UDR,BUU,AMDARA ROAD,BHADANPUR,WCR,12.85,58,58
COR01706,BUU,MYR,BHADANPUR,MAIHAR,WCR,12.88,58,58
COR01707,MYR,UHR,MAIHAR,UNCHHERA,WCR,14.36,58,58
COR01708,UHR,LGCE,UNCHHERA,LAGARGAWAN,WCR,9.43,58,58
COR01709,LGCE,STA,LAGARGAWAN,SATNA,WCR,11.68,58,58
COR01710,STA,SAGM,SATNA,SAGMA,WCR,5.95,54,54
COR01711,SAGM,HATI,SAGMA,HATI,WCR,7.62,54,54
COR01712,HATI,JTW,HATI,JAITWAR,WCR,6.04,54,54
COR01713,JTW,KTHA,JAITWAR,KHUTAHA,WCR,6.9,54,54
COR01714,KTHA,CTHR,KHUTAHA,CHITAHRA,WCR,6.96,54,54
COR01715,CTHR,MJG,CHITAHRA,MAJHAGAWAN,WCR,6.46,54,54
COR01716,TKYR,MKD,TIKARIA,MARKUNDI,WCR,8.69,54,54
COR01717,MKD,BQF,MARKUNDI,BARAHMUAFI,WCR,6.81,54,54
COR01718,BQF,BNSP,BARAHMUAFI,BANSAPAHAR,WCR,4.4,53,53
COR01719,BNSP,MKP,BANSAPAHAR,MANIKPUR JN,WCR,4.48,53,53
COR01720,MKP,PNHI,MANIKPUR JN,PANHAI,NCR,9.86,54,54
COR01721,PNHI,DBR,PANHAI,DABHAURA,NCR,12.13,54,54
COR01722,DBR,KTDD,DABHAURA,KATAIYA DANDI,NCR,10.2,54,54
COR01723,KTDD,BRG,KATAIYA DANDI,BARGARH,NCR,5.46,54,54
COR01724,BRG,MJHR,BARGARH,MAJHIARI,NCR,7.11,54,54
COR01725,MJHR,SRJ,MAJHIARI,SHANKARGARH,NCR,10.09,54,54
COR01726,SRJ,LOG,SHANKARGARH,LOHGARA,NCR,13.57,54,54
COR01727,LOG,MFX,LOHGARA,MADARAHA,NCR,4.29,54,54
COR01728,MFX,JSR,MADARAHA,JASRA,NCR,1.26,54,54
COR01729,JSR,IDGJ,JASRA,IRADATGANJ,NCR,6.16,54,54
COR01730,PRG,PFM,PRAYAG,PHAPHAMAU JN,NR,6.26,34,34
COR01731,PFM,SWE,PHAPHAMAU JN,SIWAITH,NR,5.88,10,10
COR01732,MEM,DHRJ,MAU AIMMA,DHIRGANJ,NR,5.37,10,10
COR01733,DHRJ,BTJ,DHIRGANJ,BISHNATHGANJ,NR,6.35,10,10
COR01734,BTJ,VPO,BISHNATHGANJ,BHUPIA MAU,NR,8.87,10,10
COR01735,KDF,RMGJ,KHUNDAUR,RAMGANJ,NR,3.28,5,5
COR01736,RMGJ,PPU,RAMGANJ,PIPARPUR,NR,10.02,5,5
COR01737,KBE,CHBR,KUREBHAR,CHAURE BAZAR,NR,6.72,5,5
COR01738,CHBR,KJA,CHAURE BAZAR,KHAJURHAT,NR,6.25,5,5
COR01739,KJA,MEQ,KHAJURHAT,MALETHU KANAK,NR,8.73,5,5
COR01740,MEQ,BTKD,MALETHU KANAK,BHARATKUND,NR,3.6,5,5
COR01741,MHOW,HKH,Mhow,Haranya Kheri,WR,3.22,16,16
COR01742,HKH,RAU,Haranya Kheri,Rau,WR,6.22,16,16
COR01743,RAU,RJQ,Rau,Rajendranagar,WR,4.82,16,16
COR01744,RJQ,LKMN,Rajendranagar,Lokmanya Nagar,WR,2.97,16,16
COR01745,LKMN,SFNR,Lokmanya Nagar,Saifinagar Halt,WR,1.05,16,16
COR01746,SFNR,INDM,Saifinagar Halt,Indore Junction MG,WR,2.54,16,16
COR01747,INDM,LMNR,Indore Junction MG,LAKSHMIBAI NAGAR,WR,2.96,15,15
COR01748,LMNR,INDB,LAKSHMIBAI NAGAR,INDORE JN BG,WR,2.93,38,38
COR01749,MSRP,CRG,MURHESI RAMPUR,CHURAMAN NAGRI,WCR,1.58,30,30
COR01750,CRG,JJA,CHURAMAN NAGRI,JAJAN PATTI,WCR,6.72,30,30
COR01751,JJA,RKR,JAJAN PATTI,RANIKUND RARAH,WCR,3.87,30,30
COR01752,RKR,DUM,RANIKUND RARAH,DHAURMUI JAGHNA,WCR,4.01,30,30
COR01753,SWAR,JCU,SEWAR,JAICHOLI,WCR,5.87,29,29
COR01754,JCU,PNGR,JAICHOLI,PINGORA,WCR,5.54,29,29
COR01755,PNGR,KEV,PINGORA,KELA DEVI,WCR,9.0,29,29
COR01756,KEV,BXN,KELA DEVI,BAYANA JN,WCR,11.48,22,22
COR01757,BXN,DY,BAYANA JN,DUMARIYA,WCR,8.49,43,43
COR01758,DY,FSP,DUMARIYA,FATEH SINGHPURA,WCR,9.88,43,43
COR01759,FSP,DNHK,FATEH SINGHPURA,DHINDHORA HKMKD,WCR,4.74,43,43
COR01760,DNHK,HAN,DHINDHORA HKMKD,HINDAUN CITY,WCR,8.89,43,43
COR01761,HAN,SMBJ,HINDAUN CITY,SHRI MAHABIRJI,WCR,10.22,33,33
COR01762,SMBJ,KNDP,SHRI MAHABIRJI,KHANDIP,WCR,7.33,43,43
COR01763,KNDP,PDZ,KHANDIP,PILIODA,WCR,6.09,43,43
COR01764,PDZ,COO,PILIODA,CHHOTI ODAI,WCR,7.91,43,43
COR01765,COO,GGC,CHHOTI ODAI,GANGAPUR CITY,WCR,12.61,43,43
COR01766,GGC,LRU,GANGAPUR CITY,LALPUR UMRI,WCR,6.39,43,43
COR01767,LRU,NNW,LALPUR UMRI,NARAYANPUR TATWAR,WCR,10.53,43,43
COR01768,NNW,NMD,NARAYANPUR TATWAR,NOMODA,WCR,9.07,43,43
COR01769,NMD,MLZ,NOMODA,MALARNA,WCR,7.05,43,43
COR01770,MLZ,MXL,MALARNA,MOKHOLI,WCR,10.72,43,43
COR01771,MXL,RNT,MOKHOLI,RANTHAMBHORE,WCR,9.1,43,43
COR01772,MYS,KJS,MYSORE JN,Krishnarajasagar,SWR,12.56,7,7
COR01773,KJS,KRNR,Krishnarajasagar,Krishnarajanagara,SWR,19.98,7,7
COR01774,KRNR,AKK,Krishnarajanagara,Akkihebbalu,SWR,19.99,7,7
COR01775,AKK,MGF,Akkihebbalu,Mandagere,SWR,11.71,7,7
COR01776,MGF,HLN,Mandagere,Hole Narsipur,SWR,15.67,7,7
COR01777,HLN,HAS,Hole Narsipur,Hassan Junction,SWR,27.86,7,7
COR01778,HAS,DUH,Hassan Junction,Dudda,SWR,13.36,7,7
COR01779,DUH,ASK,Dudda,ARSIKERE JN,SWR,25.66,7,7
COR01780,ASK,BVR,ARSIKERE JN,BANAVAR,SWR,15.12,30,30
COR01781,BVR,VNR,BANAVAR,DEVANUR,SWR,7.39,30,30
COR01782,VNR,BLKR,DEVANUR,BALLEKERE HALT,SWR,9.92,30,30
COR01783,BLKR,DRU,BALLEKERE HALT,KADUR,SWR,5.8,30,30
COR01784,DRU,RRB,KADUR,BIRUR JN,SWR,5.66,30,30
COR01785,RRB,SPV,BIRUR JN,Sivapur,SWR,7.31,9,9
COR01786,SPV,KRNH,Sivapur,Karanahalli,SWR,2.3,9,9
COR01787,KRNH,TKE,Karanahalli,Tarikere Junction,SWR,14.07,9,9
COR01788,TKE,MSS,Tarikere Junction,Masarahalli,SWR,13.25,9,9
COR01789,MSS,BDVT,Masarahalli,Bhadravati,SWR,5.55,9,9
COR01790,BDVT,SME,Bhadravati,Shimoga,SWR,15.2,9,9
COR01791,SME,SMET,Shimoga,Shimoga Town,SWR,2.0,9,9
COR01792,SMET,HNHL,Shimoga Town,Harnahalli,SWR,17.86,1,1
COR01793,HNHL,ARU,Harnahalli,Arasalu,SWR,16.45,1,1
COR01794,ARU,ANF,Arasalu,Anandapuram,SWR,14.03,1,1
COR01795,ANF,SRF,Anandapuram,Sagar Jambagaru,SWR,9.7,1,1
COR01796,SRF,TLGP,Sagar Jambagaru,Talguppa,SWR,27.12,1,1
COR01797,FZR,KBU,FIROZPUR CANT,KASU BEGU,NR,10.8,10,10
COR01798,KBU,GHA,KASU BEGU,GOLEHWALA,NR,8.07,10,10
COR01799,GHA,PKZ,GOLEHWALA,PIPLI PAKHI KALAN,NR,6.92,10,10
COR01800,PKZ,FDK,PIPLI PAKHI KALAN,FARIDKOT,NR,6.17,10,10
COR01801,FDK,GZS,FARIDKOT,GIANI ZAIL SINGH SANDHWAN,NR,8.6,10,10
COR01802,GZS,KKP,GIANI ZAIL SINGH SANDHWAN,KOT KAPURA,NR,4.23,10,10
COR01803,KKP,RLS,KOT KAPURA,ROMANA ALBEL SINGH,NR,8.14,11,11
COR01804,RLS,AJTM,ROMANA ALBEL SINGH,AJITGILL MATTA,NR,3.3,11,11
COR01805,AJTM,GJUT,AJITGILL MATTA,GANGSAR JAITU,NR,4.53,11,11
COR01806,GJUT,CBX,GANGSAR JAITU,CHAND BHAN,NR,0.05,11,11
COR01807,CBX,GNA,CHAND BHAN,GONEANA,NR,14.34,11,11
COR01808,GNA,BTI,GONEANA,BHATINDA JN,NR,12.34,11,11
COR01809,BTI,SGA,BHATINDA JN,Shergarh,NR,14.45,6,6
COR01810,SGA,RMN,Shergarh,Raman,NWR,13.46,6,6
COR01811,RMN,KNL,Raman,Kalanwali,NWR,13.98,6,6
COR01812,KNL,BGD,Kalanwali,Bara Gudah,NWR,15.42,6,6
COR01813,BGD,SSA,Bara Gudah,Sirsa,NWR,17.92,6,6
COR01814,SSA,SHN,Sirsa,Suchan Kotli,NWR,13.35,7,7
COR01815,DING,BHT,Ding,Bhattu,NWR,11.25,7,7
COR01816,BHT,ADR,Bhattu,Mandi Adampur,NWR,17.03,7,7
COR01817,ADR,JKHI,Mandi Adampur,Jakhod Khera,NWR,13.07,7,7
COR01818,JKHI,HSR,Jakhod Khera,Hisar,NWR,15.94,7,7
COR01819,HSR,STD,Hisar,Satrod,NWR,10.58,11,11
COR01820,STD,HNS,Satrod,Hansi,NWR,12.46,11,11
COR01821,BWK,BNW,Bawani Khera,Bhiwani,NWR,18.11,11,11
COR01822,BNW,MHU,Bhiwani,Manheru,NWR,13.19,11,11
COR01823,MHU,CKD,Manheru,Charkhi Dadri,NWR,13.45,11,11
COR01824,CKD,PUW,Charkhi Dadri,Patuwas Mehrana,NWR,7.16,11,11
COR01825,PUW,JRL,Patuwas Mehrana,Jharili,NWR,6.9,11,11
COR01826,JRL,SDRA,Jharili,Sudharana,NWR,7.72,11,11
COR01827,SDRA,KSI,Sudharana,Kosli,NWR,6.0,11,11
COR01828,KSI,NLQ,Kosli,Nangal Pathani Halt,NWR,6.14,11,11
COR01829,NLQ,JTS,Nangal Pathani Halt,Jatusana,NWR,4.38,11,11
COR01830,JTS,KGBS,Jatusana,Kishangarh Balawas,NWR,9.09,11,11
COR01831,KGBS,RE,Kishangarh Balawas,REWARI,NWR,7.63,11,11
COR01832,INDB,LMNR,INDORE JN BG,LAKSHMIBAI NAGAR,WR,2.93,36,36
COR01833,LMNR,MGG,LAKSHMIBAI NAGAR,MANGLIYA GAON,WR,10.14,30,30
COR01834,MGG,BLAX,MANGLIYA GAON,BARLAI,WR,9.89,27,27
COR01835,BLAX,DWX,BARLAI,DEWAS,WR,13.01,27,27
COR01836,DWX,NRGR,DEWAS,NARANJIPUR,WR,8.85,22,22
COR01837,NRGR,UDM,NARANJIPUR,UNDASA MADHAWPU,WR,5.39,22,22
COR01838,UDM,KDHA,UNDASA MADHAWPU,KARCHHA,WR,7.37,22,22
COR01839,KDHA,VRG,KARCHHA,VIKRAMNAGAR,WR,11.37,21,21
COR01840,SCPD,DRE,SUCHIPIND,DHOGRI,NR,6.76,36,36
COR01841,DRE,AWL,DHOGRI,ALAWALPUR,NR,2.56,36,36
COR01842,AWL,KKL,ALAWALPUR,KALA BAKRA,NR,5.67,28,28
COR01843,KKL,BPRS,KALA BAKRA,BHOGPUR SIRWAL,NR,9.16,28,28
COR01844,BPRS,CGH,BHOGPUR SIRWAL,CHOLANG,NR,6.76,28,28
COR01845,CGH,TDO,CHOLANG,TANDA URMAR,NR,6.11,36,36
COR01846,TDO,KZX,TANDA URMAR,KHUDDA KORALA,NR,6.46,36,36
COR01847,KZX,GSB,KHUDDA KORALA,GARNA SAHIB,NR,5.68,36,36
COR01848,GSB,DZA,GARNA SAHIB,DASUYA,NR,3.14,36,36
COR01849,DZA,UCB,DASUYA,UNCHI BASSI,NR,5.97,36,36
COR01850,UCB,MEX,UNCHI BASSI,MUKERIAN,NR,9.5,28,28
COR01851,MEX,BNGL,MUKERIAN,BHANGALA,NR,8.63,28,28
COR01852,BNGL,CKKN,BHANGALA,CHAK KALAN,NR,7.15,36,36
COR01853,CKKN,MRTL,CHAK KALAN,MIRTHAL,NR,3.6,28,28
COR01854,MRTL,GILA,MIRTHAL,GHIALA,NR,5.45,36,36
COR01855,GILA,KNDI,GHIALA,KANDRORI,NR,4.33,36,36
COR01856,KNDI,CHKB,KANDRORI,CHAKKI BANK,NR,8.9,28,28
COR01857,CHKB,BHRL,CHAKKI BANK,BHAROLI JUNCTION,NR,2.29,35,35
COR01858,BHRL,SJNP,BHAROLI JUNCTION,SUJANPUR,NR,4.56,37,37
COR01859,SJNP,MDPB,SUJANPUR,MADHOPUR PUNJAB,NR,5.53,37,37
COR01860,MDPB,KTHU,MADHOPUR PUNJAB,KATHUA,NR,5.89,37,37
COR01861,KTHU,BDHY,KATHUA,BUDHI,NR,12.13,37,37
COR01862,BDHY,CHNR,BUDHI,CHHAN ARORIAN,NR,7.31,37,37
COR01863,CHNR,CKDL,CHHAN ARORIAN,CHAKDAYALA,NR,5.45,37,37
COR01864,CKDL,HRNR,CHAKDAYALA,HIRA NAGAR,NR,3.51,37,37
COR01865,HRNR,GHGL,HIRA NAGAR,GHAGWAL,NR,5.52,37,37
COR01866,GHGL,SMBX,GHAGWAL,SAMBA,NR,9.15,37,37
COR01867,SMBX,VJPJ,SAMBA,VIJAYPUR JAMMU,NR,10.49,29,29
COR01868,VJPJ,BBMN,VIJAYPUR JAMMU,BARI BRAHMAN,NR,12.32,37,37
COR01869,BBMN,JAT,BARI BRAHMAN,JAMMU TAWI,NR,8.28,37,37
COR01870,GWV,GDPL,GOWDAVALLI,GUNDLA POCHAMPALLI,SCR,5.08,17,17
COR01871,GDPL,GOPL,GUNDLA POCHAMPALLI,GUNDLA POCHAMPALLI,SCR,0.08,17,17
COR01872,PBE,MALA,PILIBHIT JN,MALA,NER,10.35,1,1
COR01873,MALA,SG,MALA,SHAHGARH,NER,12.86,1,1
COR01874,SG,PP,SHAHGARH,PURANPUR,NER,11.64,2,2
COR01875,RYP,KI,RAYANAPAD,KONDAPALLI,SCR,5.37,62,62
COR01876,KI,CVV,KONDAPALLI,CHERUVU MADHAVARAM,SCR,13.97,62,62
COR01877,CVV,GNN,CHERUVU MADHAVARAM,GANGINENI,SCR,4.5,62,62
COR01878,GNN,YP,GANGINENI,ERRUPALEM,SCR,5.69,62,62
COR01879,YP,TNGM,ERRUPALEM,TONDALAGOPAVARAM,SCR,6.41,62,62
COR01880,TNGM,MDR,TONDALAGOPAVARAM,MADHIRA,SCR,9.04,62,62
COR01881,MDR,MTMI,MADHIRA,MOTIMARI,SCR,6.23,62,62
COR01882,MTMI,BKL,MOTIMARI,BONA KALU,SCR,10.46,62,62
COR01883,BKL,NVC,BONA KALU,NAGALWANCHA,SCR,5.91,62,62
COR01884,NVC,CKN,NAGALWANCHA,CHINTA KANI,SCR,6.48,62,62
COR01885,CKN,PNDP,CHINTA KANI,PANDILLAPALLI,SCR,6.04,62,62
COR01886,PNDP,KMT,PANDILLAPALLI,KHAMMAM,SCR,9.24,62,62
COR01887,KMT,MLMG,KHAMMAM,MALLEMADUGU,SCR,8.75,62,62
COR01888,MLMG,PPY,MALLEMADUGU,PAPATAPALLI,SCR,5.63,62,62
COR01889,PPY,DKJ,PAPATAPALLI,DORNAKAL JN,SCR,8.39,61,61
COR01890,DKJ,GLA,DORNAKAL JN,GARLA,SCR,4.8,66,66
COR01891,GLA,GUU,GARLA,GUNDRATIMADUGU,SCR,8.05,66,66
COR01892,GUU,MABD,GUNDRATIMADUGU,MAHBUBABAD,SCR,11.18,66,66
COR01893,MABD,TAA,MAHBUBABAD,TADLA PUSAPALLI,SCR,5.8,66,66
COR01894,TAA,KDM,TADLA PUSAPALLI,KESAMUDRAM,SCR,9.05,66,66
COR01895,KDM,INK,KESAMUDRAM,INTAKANNE,SCR,5.96,66,66
COR01896,INK,NKD,INTAKANNE,NEKONDA,SCR,9.55,66,66
COR01897,NKD,YGL,NEKONDA,YELGUR,SCR,9.54,66,66
COR01898,YGL,CLE,YELGUR,CHINTALPALLI,SCR,7.7,66,66
COR01899,CLE,WL,CHINTALPALLI,WARANGAL,SCR,12.06,56,56
COR01900,SSPD,MRF,Sadashivapet Road,Marpalli,SCR,12.76,9,9
COR01901,MRF,KOHR,Marpalli,Kohir Deccan,SCR,9.47,9,9
COR01902,KOHR,ZB,Kohir Deccan,Zahirabad,SCR,13.05,9,9
COR01903,ZB,MTV,Zahirabad,Matalkunta,SCR,11.52,9,9
COR01904,MTV,BIDR,Matalkunta,Bidar,SCR,16.77,9,9
COR01905,BIDR,KHNP,Bidar,Khanapur Deccan,SCR,14.33,9,9
COR01906,KHNP,HBU,Khanapur Deccan,Halbarga,SCR,10.27,9,9
COR01907,HBU,BHLK,Halbarga,Bhalki,SCR,9.86,9,9
COR01908,BHLK,KCP,Bhalki,Kalgupur,SCR,13.55,9,9
COR01909,KCP,KMNR,Kalgupur,Kamalnagar,SCR,8.64,9,9
COR01910,KMNR,UDGR,Kamalnagar,Udgir,SCR,18.19,9,9
COR01911,UDGR,KTKR,Udgir,Kumtha Khurd,SCR,11.17,9,9
COR01912,KTKR,HER,Kumtha Khurd,Her,SCR,4.05,9,9
COR01913,HER,AMBR,Her,Ambika Rohina,SCR,3.37,9,9
COR01914,AMBR,CKX,Ambika Rohina,Chakur,SCR,8.06,9,9
COR01915,CKX,LTRR,Chakur,LATUR ROAD,SCR,4.6,9,9
COR01916,LTRR,WDLN,LATUR ROAD,WADWAL NAGNATH,SCR,5.35,12,12
COR01917,WDLN,JOA,WADWAL NAGNATH,JANWAL,SCR,5.99,12,12
COR01918,JOA,KRPR,JANWAL,KAREPUR,SCR,8.46,12,12
COR01919,KRPR,PNF,KAREPUR,PANGAON,SCR,6.96,12,12
COR01920,PNF,MRTY,PANGAON,MURTI,SCR,7.02,12,12
COR01921,MRTY,GTU,MURTI,GHAT NANDUR,SCR,5.44,12,12
COR01922,GTU,PRLI,GHAT NANDUR,PARLI VAIJNATH,SCR,15.03,12,12
COR01923,PRLI,UKH,PARLI VAIJNATH,UKHALI,SCR,10.83,13,13
COR01924,UKH,VDGN,UKHALI,VADGAON NILA,SCR,4.16,13,13
COR01925,VDGN,GNH,VADGAON NILA,GANGAKHER,SCR,12.98,12,12
COR01926,GNH,DNDI,GANGAKHER,DHONDI,SCR,14.92,13,13
COR01927,DNDI,PKNS,DHONDI,POKHARNI NARASIMHA,SCR,1.47,13,13
COR01928,PKNS,SNGR,POKHARNI NARASIMHA,SANGANAPUR,SCR,7.78,13,13
COR01929,SNGR,PBN,SANGANAPUR,PARBHANI JN,SCR,8.62,13,13
COR01930,PBN,PG,PARBHANI JN,PERGAON,SCR,11.36,22,22
COR01931,PG,DAV,PERGAON,DEVALGAON AVCHAR,SCR,7.79,22,22
COR01932,DAV,MVO,DEVALGAON AVCHAR,MANWATH ROAD,SCR,8.41,22,22
COR01933,MVO,DGPP,MANWATH ROAD,DHENGLI PP GOAN,SCR,7.02,22,22
COR01934,DGPP,SELU,DHENGLI PP GOAN,SELU,SCR,7.67,22,22
COR01935,SELU,SCO,SELU,SATUNA,SCR,10.34,22,22
COR01936,SCO,UPR,SATUNA,USMANPUR,SCR,8.76,22,22
COR01937,UPR,PTU,USMANPUR,PARTUR,SCR,8.07,22,22
COR01938,PTU,PDG,PARTUR,PARADGAON,SCR,9.07,22,22
COR01939,PDG,RNE,PARADGAON,RANJANI,SCR,4.63,22,22
COR01940,RNE,KODI,RANJANI,KODI,SCR,12.81,22,22
COR01941,KODI,SVD,KODI,SARWARI,SCR,9.16,22,22
COR01942,SVD,J,SARWARI,JALNA,SCR,8.82,22,22
COR01943,J,BDU,JALNA,BADNAPUR,SCR,18.48,22,22
COR01944,BDU,KMV,BADNAPUR,KARMAD,SCR,19.3,22,22
COR01945,KMV,CTH,KARMAD,CHIKALTHANA,SCR,14.2,22,22
COR01946,CTH,MKDD,CHIKALTHANA,MUKUNDWADI HALT,SCR,3.69,22,22
COR01947,MKDD,AWB,MUKUNDWADI HALT,AURANGABAD,SCR,5.95,22,22
COR01948,AWB,DLB,AURANGABAD,DAULATABAD,SCR,12.25,22,22
COR01949,DLB,POZ,DAULATABAD,POTUL,SCR,9.28,22,22
COR01950,POZ,LSR,POTUL,LASUR,SCR,11.56,22,22
COR01951,LSR,PSD,LASUR,PARSODA,SCR,14.58,21,21
COR01952,PSD,RGO,PARSODA,ROTEGAON,SCR,12.26,22,22
COR01953,RGO,TR,ROTEGAON,TARU,SCR,21.49,22,22
COR01954,TR,NSL,TARU,NAGARSOL,SCR,6.35,22,22
COR01955,SSB,DBSI,SHAKURBASTI,DAYA BASTI,NR,4.29,30,30
COR01956,KRTN,NRVR,KIRTI NAGAR,NARAINA VIHAR,NR,1.08,7,7
COR01957,NRVR,DLPI,NARAINA VIHAR,INDRAPURI,NR,1.06,7,7
COR01958,DLPI,BRSQ,INDRAPURI,BRAR SQUARE,NR,1.67,7,7
COR01959,BRSQ,SDPR,BRAR SQUARE,SARDAR PATEL ROAD,NR,3.24,7,7
COR01960,SDPR,CNKP,SARDAR PATEL ROAD,CHANAKYAPURI,NR,0.65,7,7
COR01961,CNKP,DSJ,CHANAKYAPURI,DELHI SAFDARJUNG,NR,1.82,7,7
COR01962,DSJ,SOJ,DELHI SAFDARJUNG,SAROJINI NAGAR,NR,0.92,8,8
COR01963,SOJ,LDCY,SAROJINI NAGAR,LODI COLONY,NR,1.99,8,8
COR01964,LDCY,SWNR,LODI COLONY,SEWA NAGAR,NR,1.09,8,8
COR01965,SWNR,LPNR,SEWA NAGAR,LAJPAT NAGAR,NR,1.6,8,8
COR01966,VRL,ADE,VERAVAL,ADARI ROAD,WR,9.16,10,10
COR01967,ADE,CVR,ADARI ROAD,CHORVAD ROAD,WR,8.67,10,10
COR01968,CVR,MLHA,CHORVAD ROAD,MALIYA HATINA,WR,11.64,10,10
COR01969,MLHA,KSD,MALIYA HATINA,KESHOD,WR,16.12,10,10
COR01970,KSD,BDDR,KESHOD,BADODAR,WR,8.37,10,10
COR01971,BDDR,LAL,BADODAR,LUSHALA,WR,4.65,10,10
COR01972,LAL,BNTH,LUSHALA,BANDHNATH,WR,5.67,10,10
COR01973,BNTH,SHH,BANDHNATH,SHAPUR JN,WR,5.12,10,10
COR01974,SHH,JND,SHAPUR JN,JUNAGADH JN,WR,10.68,10,10
COR01975,JND,VAL,JUNAGADH JN,VADAL,WR,9.67,10,10
COR01976,VAL,CKE,VADAL,CHOKI SORATH,WR,6.33,10,10
COR01977,CKE,JLR,CHOKI SORATH,JETALSAR JN,WR,9.26,10,10
COR01978,JLR,DJI,JETALSAR JN,DHORAJI,WR,13.36,3,3
COR01979,DJI,SPD,DHORAJI,SUPEDI,WR,8.14,3,3
COR01980,SPD,UA,SUPEDI,UPLETA,WR,9.79,3,3
COR01981,UA,BHY,UPLETA,BHAYAVADAR,WR,12.2,3,3
COR01982,BHY,PLM,BHAYAVADAR,PANELI MOTI,WR,9.11,3,3
COR01983,PLM,JDH,PANELI MOTI,JAM JODHPUR JN,WR,13.02,3,3
COR01984,JDH,WAB,JAM JODHPUR JN,BALWA,WR,7.35,3,3
COR01985,WAB,KTLA,BALWA,KATKOLA JN,WR,9.31,3,3
COR01986,KTLA,WSJ,KATKOLA JN,WANSJALIYA,WR,5.97,3,3
COR01987,WSJ,SKR,WANSJALIYA,SAKHPUR,WR,6.98,10,10
COR01988,SKR,RNBD,SAKHPUR,RANA BORDI,WR,5.72,12,12
COR01989,RNBD,RWO,RANA BORDI,RANAVAV,WR,7.05,12,12
COR01990,RWO,PBR,RANAVAV,PORBANDAR,WR,12.94,10,10
COR01991,PTK,NUPR,PATHANKOT,NURPUR ROAD,NR,19.63,3,3
COR01992,NUPR,TLRA,NURPUR ROAD,TALARA,NR,6.7,7,7
COR01993,TLRA,BLDL,TALARA,BALLE-DA-PIR-LA,NR,3.75,6,6
COR01994,BLDL,BRMR,BALLE-DA-PIR-LA,BHARMAR,NR,5.74,6,6
COR01995,BRMR,JWLS,BHARMAR,JAWAN WALA SHEHAR,NR,5.47,7,7
COR01996,JWLS,HRDR,JAWAN WALA SHEHAR,HARSAR DEHRI,NR,5.24,7,7
COR01997,HRDR,MGRP,HARSAR DEHRI,MEGH RAJ PURA,NR,4.2,6,6
COR01998,MGRP,NGRS,MEGH RAJ PURA,NAGROTA SURIYAM,NR,3.57,6,6
COR01999,NGRS,BRHL,NAGROTA SURIYAM,BARYAL HIMACHAL,NR,3.06,7,7
COR02000,BRHL,NDBT,BARYAL HIMACHAL,NANDPUR BHATAULI,NR,2.0,7,7
COR02001,NDBT,GULR,NANDPUR BHATAULI,GULER,NR,3.51,7,7
COR02002,GULR,LNS,GULER,LUNSU HALT,NR,3.14,6,6
COR02003,LNS,TRPL,LUNSU HALT,TRIPAL HALT,NR,2.76,6,6
COR02004,TRPL,JMKR,TRIPAL HALT,JAWLMUKHI ROAD,NR,2.32,7,7
COR02005,JMKR,KPLR,JAWLMUKHI ROAD,KOPARLAHAR,NR,4.61,6,6
COR02006,KPLR,KGRA,KOPARLAHAR,KANGRA,NR,3.87,6,6
COR02007,KGRA,KGMR,KANGRA,KANGRA MANDIR,NR,1.67,6,6
COR02008,KGMR,SMLT,KANGRA MANDIR,SAMLOTI,NR,7.97,5,5
COR02009,SMLT,NGRT,SAMLOTI,NAGROTA,NR,2.84,5,5
COR02010,NGRT,CMMG,NAGROTA,CHAMUNDA MARG,NR,3.05,5,5
COR02011,CMMG,PRAR,CHAMUNDA MARG,PAROR,NR,4.97,5,5
COR02012,PRAR,SLHP,PAROR,SULAH HIMACHAL PRADESH,NR,1.85,5,5
COR02013,SLHP,PLMX,SULAH HIMACHAL PRADESH,PALAMPUR HIMACHAL,NR,6.05,5,5
COR02014,PLMX,PHRH,PALAMPUR HIMACHAL,PANCH RUKHI,NR,2.71,3,3
COR02015,PHRH,MNHL,PANCH RUKHI,MAJHAIRAN HIMACHAL,NR,3.77,4,4
COR02016,MNHL,BJPL,MAJHAIRAN HIMACHAL,BAIJNATH PAPROLA,NR,2.84,5,5
COR02017,MUV,BHLP,MANDUADIH,BHULANPUR,NER,1.99,18,18
COR02018,BHLP,HDT,BHULANPUR,HARDATTPUR,NER,5.17,19,19
COR02019,NTU,KWH,NIGATPUR,KACHHWA ROAD,NER,5.22,19,19
COR02020,KWH,KFK,KACHHWA ROAD,KATKA,NER,7.28,19,19
COR02021,KFK,MBS,KATKA,MADHOSINGH,NER,8.24,19,19
COR02022,MBS,AHM,MADHOSINGH,AHIMANPUR,NER,4.11,19,19
COR02023,AHM,ALMW,AHIMANPUR,ALMAW,NER,2.33,19,19
COR02024,ALMW,SJGH,ALMAW,SARAI JAGDISH,NER,13.32,19,19
COR02025,SJGH,JGG,SARAI JAGDISH,JANGIGANJ,NER,1.57,19,19
COR02026,JGG,GYN,JANGIGANJ,GYANPUR ROAD,NER,8.2,22,25
COR02027,GYN,ATRR,GYANPUR ROAD,ATRAURA,NER,12.07,19,19
COR02028,ATRR,BYH,ATRAURA,BHITI,NER,5.64,19,19
COR02029,BYH,HDK,BHITI,HANDIA KHAS,NER,7.7,19,19
COR02030,HDK,SDC,HANDIA KHAS,SAIDABAD,NER,7.36,19,19
COR02031,SDC,RTR,SAIDABAD,RAMNATHPUR,NER,10.93,19,19
COR02032,RTR,JI,RAMNATHPUR,JHUSI,NER,10.37,19,19
COR02033,JI,DRGJ,JHUSI,DARAGANJ,NER,3.9,19,19
COR02034,DRGJ,ALY,DARAGANJ,ALLAHABAD CITY,NER,5.05,19,19
COR02035,JBP,MML,JABALPUR,MADAN MAHAL,WCR,3.17,20,20
COR02036,PVR,BBV,PANDHARPUR,BABHULGOAN,CR,13.98,5,5
COR02037,BBV,AHI,BABHULGOAN,ASHTI,CR,7.67,5,5
COR02038,AHI,MLB,ASHTI,MODNIMB,CR,7.99,5,5
COR02039,MLB,LAUL,MODNIMB,LAUL,CR,13.09,4,4
COR02040,CNHL,MGO,CHINK HILL,MAHISGAON,CR,5.16,6,6
COR02041,MGO,SEI,MAHISGAON,SHENDRI,CR,5.76,6,6
COR02042,SEI,UPI,SHENDRI,UPLAI,CR,11.27,6,6
COR02043,UPI,BTW,UPLAI,BARSI TOWN,CR,10.16,6,6
COR02044,BTW,KCB,BARSI TOWN,KUSLAMB,CR,7.28,6,6
COR02045,KCB,PJR,KUSLAMB,PANGRI,CR,9.51,6,6
COR02046,PJR,UMD,PANGRI,USMANABAD,CR,16.93,6,6
COR02047,UMD,YSI,USMANABAD,YEDESHI,CR,9.11,6,6
COR02048,YSI,KMRD,YEDESHI,KALAMB ROAD,CR,9.78,6,6
COR02049,KMRD,DKY,KALAMB ROAD,DHOKI,CR,6.03,6,6
COR02050,DKY,TER,DHOKI,THAIR,CR,4.97,6,6
COR02051,TER,PCP,THAIR,PALSAP,CR,4.37,6,6
COR02052,PCP,MRX,PALSAP,MURUD,CR,6.87,6,6
COR02053,MRX,NEI,MURUD,NEOLI,CR,5.58,6,6
COR02054,NEI,OSA,NEOLI,AUSA ROAD,CR,11.04,6,6
COR02055,OSA,HGL,AUSA ROAD,HARANGUL,CR,7.75,6,6
COR02056,HGL,LUR,HARANGUL,LATUR,CR,9.31,6,6
COR02057,PBN,PIZ,PARBHANI JN,PINGLI,SCR,9.79,24,24
COR02058,PIZ,MQL,PINGLI,MIRKHAL,SCR,6.24,24,24
COR02059,MQL,PAU,MIRKHAL,PURNA JN,SCR,11.83,24,24
COR02060,NED,PARD,HUZUR SAHIB NANDED,PATHRAD,SCR,8.96,19,19
COR02061,KEK,SQE,KARKHELI,SAMRLA,SCR,6.3,16,16
COR02062,SBC,MWM,BANGALORE CITY JN,MALLESWARAM,SWR,2.69,26,26
COR02063,BAW,SDVL,CHIK BANAVAR,SOLDEVANAHALLI,SWR,2.63,27,27
COR02064,SDVL,GHL,SOLDEVANAHALLI,GOLHALLI,SWR,10.42,27,27
COR02065,GHL,BNKH,GOLHALLI,BHAIRANAYAKANAH,SWR,6.09,27,27
COR02066,BNKH,DBL,BHAIRANAYAKANAH,DODBELE,SWR,4.27,27,27
COR02067,DBL,MDLL,DODBELE,MUDDALINGAHALLI,SWR,5.63,27,27
COR02068,MDLL,NDV,MUDDALINGAHALLI,NIDVANDA,SWR,3.49,27,27
COR02069,NDV,DBS,NIDVANDA,DOBBSPET,SWR,2.92,27,27
COR02070,DBS,HHL,DOBBSPET,HIREHALI,SWR,8.47,27,27
COR02071,HHL,KIAT,HIREHALI,KYATSANDRA,SWR,5.85,27,27
COR02072,KIAT,TK,KYATSANDRA,TUMKUR,SWR,5.28,27,27
COR02073,TK,HEI,TUMKUR,HEGGERE HALT,SWR,5.93,25,25
COR02074,HEI,MLSA,HEGGERE HALT,MALLASANDRA,SWR,3.67,25,25
COR02075,MLSA,GBB,MALLASANDRA,GUBBI,SWR,8.34,25,25
COR02076,GBB,NTR,GUBBI,NITTUR,SWR,9.29,25,25
COR02077,NTR,SPGR,NITTUR,SAMPIGE ROAD,SWR,10.85,25,25
COR02078,SPGR,AMSA,SAMPIGE ROAD,AMMASANDRA,SWR,5.39,25,25
COR02079,AMSA,BSN,AMMASANDRA,BANASANDRA,SWR,5.65,25,25
COR02080,BSN,ARGP,BANASANDRA,ARALAGUPPE,SWR,4.94,25,25
COR02081,ARGP,RDI,ARALAGUPPE,KARDI,SWR,4.79,25,25
COR02082,RDI,BNK,KARDI,BANASANKARAI HA,SWR,5.48,25,25
COR02083,BNK,TTR,BANASANKARAI HA,TIPTUR,SWR,5.2,25,25
COR02084,TTR,SSNH,TIPTUR,SREE SARADANAGAR HALT,SWR,2.37,19,19
COR02085,SSNH,HVL,SREE SARADANAGAR HALT,HONNAVALLI ROAD,SWR,7.15,25,25
COR02086,HVL,ADHL,HONNAVALLI ROAD,ADIHALLI,SWR,4.73,25,25
COR02087,ADHL,ASK,ADIHALLI,ARSIKERE JN,SWR,10.86,25,25
COR02088,RRB,NVF,BIRUR JN,NAGAVANGALA,SWR,7.9,24,24
COR02089,NVF,AJP,NAGAVANGALA,AJJAMPUR,SWR,7.86,24,24
COR02090,AJP,SHV,AJJAMPUR,SHIVANI,SWR,10.59,23,23
COR02091,SHV,HSD,SHIVANI,HOSDURGA ROAD,SWR,9.96,23,23
COR02092,HSD,ABGT,HOSDURGA ROAD,ARBAGATTA HALT,SWR,4.92,24,24
COR02093,ABGT,RGI,ARBAGATTA HALT,RAMGIRI,SWR,4.86,24,24
COR02094,RGI,HLK,RAMGIRI,HOLALKERE,SWR,9.8,16,16
COR02095,HLK,JRU,HOLALKERE,CHIKJAJUR JN,SWR,9.82,24,24
COR02096,JRU,SLU,CHIKJAJUR JN,SASALU,SWR,11.65,26,26
COR02097,SLU,MYK,SASALU,MAYAKONDA,SWR,7.03,26,26
COR02098,MYK,KAG,MAYAKONDA,KODAGANUR,SWR,7.28,26,26
COR02099,KAG,HNH,KODAGANUR,HANUMANAHALLI,SWR,4.9,26,26
COR02100,HNH,THN,HANUMANAHALLI,TOLAHUNSE,SWR,5.8,26,26
COR02101,THN,DVG,TOLAHUNSE,DAVANGERE,SWR,8.89,26,26
COR02102,DVG,HRR,DAVANGERE,HARIHAR,SWR,12.97,18,18
COR02103,HRR,CLI,HARIHAR,CHALGERI,SWR,9.74,25,25
COR02104,CLI,RNR,CHALGERI,RANIBENNUR,SWR,12.93,25,25
COR02105,RNR,DAD,RANIBENNUR,DEVARGUDDA,SWR,7.89,25,25
COR02106,DAD,BYD,DEVARGUDDA,BYADGI,SWR,9.91,25,25
COR02107,BYD,HVR,BYADGI,HAVERI,SWR,13.55,25,25
COR02108,HVR,KJG,HAVERI,KARAJGI,SWR,6.36,25,25
COR02109,KJG,KVS,KARAJGI,KALSUR,SWR,4.13,25,25
COR02110,KVS,SVNR,KALSUR,SAVANUR,SWR,8.21,25,25
COR02111,SVNR,YLG,SAVANUR,YALVIGI,SWR,8.07,25,25
COR02112,YLG,KALS,YALVIGI,KALAS HALT,SWR,6.17,25,25
COR02113,KALS,GDI,KALAS HALT,GUDGERI,SWR,5.38,25,25
COR02114,GDI,SNH,GUDGERI,SAUNSHI,SWR,11.39,25,25
COR02115,SNH,KNO,SAUNSHI,KUNDGOL,SWR,7.54,25,25
COR02116,KNO,UBL,KUNDGOL,HUBLI JN,SWR,14.98,17,17
COR02117,UBL,UNK,HUBLI JN,UNKAL,SWR,3.93,27,27
COR02118,UNK,AGL,UNKAL,AMARGOL,SWR,4.76,27,27
COR02119,AGL,NVU,AMARGOL,NAVALUR,SWR,4.6,27,27
COR02120,NVU,DWR,NAVALUR,DHARWAR,SWR,6.12,27,27
COR02121,MML,HBG,MADAN MAHAL,HOWBAGH JABALPUR,WCR,1.25,38,38
COR02122,HBG,JBP,HOWBAGH JABALPUR,JABALPUR,WCR,2.13,45,45
COR02123,KLQ,CTPE,Kilikollur,Chandanattop Halt,SR,2.09,4,4
COR02124,CTPE,KUV,Chandanattop Halt,Kundara,SR,4.79,4,4
COR02125,KUV,KFV,Kundara,Kundara East,SR,1.74,4,4
COR02126,KFV,EKN,Kundara East,Ezhukone,SR,2.81,4,4
COR02127,EKN,KKZ,Ezhukone,Kottarakara,SR,6.07,4,4
COR02128,KKZ,AVS,Kottarakara,Auvaneeswaram,SR,10.35,4,4
COR02129,AVS,PUU,Auvaneeswaram,Punalur,SR,7.1,4,4
COR02130,AWB,MKDD,AURANGABAD,MUKUNDWADI HALT,SCR,5.95,20,20
COR02131,MKDD,CTH,MUKUNDWADI HALT,CHIKALTHANA,SCR,3.69,20,20
COR02132,CTH,KMV,CHIKALTHANA,KARMAD,SCR,14.2,20,20
COR02133,KMV,BDU,KARMAD,BADNAPUR,SCR,19.3,20,20
COR02134,BDU,J,BADNAPUR,JALNA,SCR,18.48,20,20
COR02135,J,SVD,JALNA,SARWARI,SCR,8.82,20,20
COR02136,SVD,KODI,SARWARI,KODI,SCR,9.16,20,20
COR02137,KODI,RNE,KODI,RANJANI,SCR,12.81,20,20
COR02138,RNE,PDG,RANJANI,PARADGAON,SCR,4.63,20,20
COR02139,PDG,PTU,PARADGAON,PARTUR,SCR,9.07,20,20
COR02140,PTU,UPR,PARTUR,USMANPUR,SCR,8.07,20,20
COR02141,UPR,SCO,USMANPUR,SATUNA,SCR,8.76,20,20
COR02142,SCO,SELU,SATUNA,SELU,SCR,10.34,20,20
COR02143,SELU,DGPP,SELU,DHENGLI PP GOAN,SCR,7.67,20,20
COR02144,DGPP,MVO,DHENGLI PP GOAN,MANWATH ROAD,SCR,7.02,20,20
COR02145,MVO,DAV,MANWATH ROAD,DEVALGAON AVCHAR,SCR,8.41,20,20
COR02146,DAV,PG,DEVALGAON AVCHAR,PERGAON,SCR,7.79,20,20
COR02147,PG,PBN,PERGAON,PARBHANI JN,SCR,11.36,20,20
COR02148,MPKT,MCPT,CHENNAI PARK TOWN,Chintadripet,SR,0.68,70,70
COR02149,MCPT,MCPK,Chintadripet,Chepauk,SR,1.55,70,70
COR02150,MCPK,MTCN,Chepauk,Triplicane,SR,0.72,70,70
COR02151,MTCN,MLHS,Triplicane,Light House,SR,1.2,70,70
COR02152,MLHS,MTMY,Light House,Thirumayilai,SR,1.49,70,70
COR02153,MTMY,MNDY,Thirumayilai,Mandaveli,SR,1.06,70,70
COR02154,MNDY,GWYR,Mandaveli,Greenways Road,SR,1.27,70,70
COR02155,GWYR,KTPM,Greenways Road,Kotturpuram,SR,0.81,70,70
COR02156,KTPM,KTBR,Kotturpuram,Kasturba Nagar,SR,0.91,70,70
COR02157,KTBR,INDR,Kasturba Nagar,Indira Nagar,SR,,70,70
COR02158,INDR,TYMR,Indira Nagar,Tiruvanmiyur,SR,,70,70
COR02159,TYMR,TRMN,Tiruvanmiyur,Taramani,SR,1.71,70,70
COR02160,TRMN,PRGD,Taramani,Perungudi,SR,1.01,70,70
COR02161,PRGD,VLCY,Perungudi,Velachery,SR,1.6,70,70
COR02162,TEN,TAY,TIRUNELVELI,TALAIYUTHU,SR,5.82,20,20
COR02163,TAY,GDN,TALAIYUTHU,GANGAIKONDAN,SR,8.1,20,20
COR02164,GDN,NRK,GANGAIKONDAN,NARAIKKINAR,SR,7.07,20,20
COR02165,NRK,MEJ,NARAIKKINAR,VANCHIMANIYACHI,SR,5.78,20,20
COR02166,MEJ,IVL,VANCHIMANIYACHI,ILAVELANGAL,SR,6.52,21,21
COR02167,IVL,KDU,ILAVELANGAL,KADAMBUR,SR,7.2,21,21
COR02168,KDU,CVP,KADAMBUR,KOVILPATTI,SR,20.1,9,9
COR02169,CVP,SRT,KOVILPATTI,SATUR,SR,20.18,9,9
COR02170,SRT,TY,SATUR,TULUKAPATI,SR,12.33,21,21
COR02171,EDU,PALM,ERIODU,PALAIYAM,SR,23.9,7,7
COR02172,PALM,VEI,PALAIYAM,VELLIYANI,SR,13.7,9,9
COR02173,VEI,KRR,VELLIYANI,KARUR,SR,14.23,7,7
COR02174,MJG,TKYR,MAJHAGAWAN,TIKARIA,WCR,10.55,15,15
COR02175,SWE,MEM,SIWAITH,MAU AIMMA,NR,14.21,8,8
COR02176,JEA,MIM,Nakaha Jungle,Maniram,NER,4.31,5,5
COR02177,PJ,RJ,Peppeganj,Rawat Ganj,NER,3.15,5,5
COR02178,RJ,RCRA,Rawat Ganj,Ramchaura,NER,4.79,5,5
COR02179,RCRA,CM,Ramchaura,Campierganj,NER,6.65,5,5
COR02180,CM,ANDN,Campierganj,Anand Nagar,NER,5.12,4,4
COR02181,ANDN,LVR,Anand Nagar,Lokvidyapith Nagar,NER,6.68,5,5
COR02182,LVR,PDPR,Lokvidyapith Nagar,Purandarpur,NER,7.37,5,5
COR02183,PDPR,LIR,Purandarpur,Lachmipur,NER,5.82,5,5
COR02184,LIR,BHGP,Lachmipur,Bhagirathpur,NER,8.1,5,5
COR02185,BHGP,NTV,Bhagirathpur,Nautanwa,NER,11.63,5,5
COR02186,CLR,TGT,CASTLE ROCK,TINAI GHAT,SWR,9.42,9,9
COR02187,TGT,LD,TINAI GHAT,LONDA JN,SWR,9.92,9,9
COR02188,LD,GNJ,LONDA JN,GUNJI,SWR,10.49,20,20
COR02189,GNJ,KNP,GUNJI,KHANAPUR,SWR,10.77,20,20
COR02190,KNP,IDJ,KHANAPUR,IDALHOND,SWR,8.03,20,20
COR02191,IDJ,DUR,IDALHOND,DESUR,SWR,5.59,20,20
COR02192,DUR,BGM,DESUR,BELGAUM,SWR,10.62,20,20
COR02193,CAPE,SUCH,KANYAKUMARI,SUCHINDRAM,SR,10.78,11,11
COR02194,SUCH,NCJ,SUCHINDRAM,NAGERCOIL JN,SR,3.73,11,11
COR02195,NCJ,THX,NAGERCOIL JN,TOVALAI,SR,9.18,17,17
COR02196,THX,AAY,TOVALAI,ARALVAYMOZHI,SR,3.46,17,17
COR02197,AAY,NPK,ARALVAYMOZHI,NORTH PANAKUDI,SR,9.41,17,17
COR02198,NPK,VLY,NORTH PANAKUDI,VALLIYUR,SR,7.55,17,17
COR02199,VLY,DYS,VALLIYUR,DALAPATHY SAMUDRAM,SR,6.61,17,17
COR02200,DYS,NNN,DALAPATHY SAMUDRAM,NANGUNERI,SR,7.04,17,17
COR02201,NNN,SGLM,NANGUNERI,SENGULAM,SR,13.3,17,17
COR02202,SGLM,MP,SENGULAM,MELAPPALAIYAM,SR,11.28,17,17
COR02203,MP,TEN,MELAPPALAIYAM,TIRUNELVELI,SR,3.36,17,17
COR02204,BPRH,KTHD,Balpur Halt,Kothari Road,SECR,4.88,7,7
COR02205,KTHD,MWRN,Kothari Road,Madwarani,SECR,0.99,7,7
COR02206,MWRN,SRBA,Madwarani,Saragbundia,SECR,5.64,7,7
COR02207,SRBA,URGA,Saragbundia,Urga,SECR,5.96,7,7
COR02208,URGA,KRBA,Urga,Korba,SECR,8.33,7,7
COR02209,KRBA,GAD,Korba,Gevra Road,SECR,7.03,3,3
COR02210,BGKT,BANE,BHAGAT KI KOTHI,BASNI,NWR,2.85,26,26
COR02211,BANE,SZ,BASNI,SALAWAS,NWR,9.24,26,26
COR02212,SZ,HWT,SALAWAS,HANWANT,NWR,8.99,26,26
COR02213,HWT,LUNI,HANWANT,LUNI JN,NWR,6.48,26,26
COR02214,LUNI,RT,LUNI JN,ROHAT,NWR,12.79,13,13
COR02215,KAI,PMY,KAIRLA,PALI MARWAR,NWR,14.62,12,12
COR02216,PMY,BOM,PALI MARWAR,BOMADRA,NWR,11.28,12,12
COR02217,BOM,RKZ,BOMADRA,RAJKIAWAS,NWR,9.06,13,13
COR02218,RKZ,MJ,RAJKIAWAS,MARWAR JN,NWR,9.21,13,13
COR02219,MYS,MNGT,MYSORE JN,MYSORE NEW GOOD,SWR,2.21,21,21
COR02220,MNGT,NHY,MYSORE NEW GOOD,NAGANAHALLI,SWR,4.73,21,21
COR02221,NHY,S,NAGANAHALLI,SHRIRANGAPATNA,SWR,5.74,18,18
COR02222,S,PANP,SHRIRANGAPATNA,PANDAVAPURA,SWR,4.28,20,20
COR02223,PANP,CGKP,PANDAVAPURA,CHANDAGIRIKOPAL,SWR,4.15,20,20
COR02224,BDRL,Y,BYADARAHALLI,YELIYUR,SWR,8.47,21,21
COR02225,Y,MYA,YELIYUR,MANDYA,SWR,7.63,21,21
COR02226,MYA,HNK,MANDYA,HANAKERE,SWR,9.84,21,21
COR02227,HNK,MAD,HANAKERE,MADDUR,SWR,8.72,21,21
COR02228,SET,CPT,SETTIHALLY,CHANNAPATNA,SWR,6.93,21,21
COR02229,CPT,RMGM,CHANNAPATNA,RAMANAGARAM,SWR,10.94,21,21
COR02230,RMGM,KHLL,RAMANAGARAM,KETOHALLI,SWR,7.11,21,21
COR02231,KHLL,BID,KETOHALLI,BIDADI,SWR,7.52,21,21
COR02232,BID,HJL,BIDADI,HEJJALA,SWR,6.13,21,21
COR02233,HJL,KGI,HEJJALA,KENGERI,SWR,10.54,21,21
COR02234,KGI,GNB,KENGERI,JNANA BHARTI HALT,SWR,3.49,21,21
COR02235,GNB,NYH,JNANA BHARTI HALT,NAYANDAHALLI,SWR,1.21,21,21
COR02236,NYH,SBC,NAYANDAHALLI,BANGALORE CITY JN,SWR,6.54,18,18
COR02237,ASK,DUH,ARSIKERE JN,Dudda,SWR,25.66,7,7
COR02238,DUH,HAS,Dudda,Hassan Junction,SWR,13.36,7,7
COR02239,HAS,HLN,Hassan Junction,Hole Narsipur,SWR,27.86,7,7
COR02240,HLN,MGF,Hole Narsipur,Mandagere,SWR,15.67,7,7
COR02241,MGF,AKK,Mandagere,Akkihebbalu,SWR,11.71,7,7
COR02242,AKK,KRNR,Akkihebbalu,Krishnarajanagara,SWR,19.99,7,7
COR02243,KRNR,KJS,Krishnarajanagara,Krishnarajasagar,SWR,19.98,7,7
COR02244,KJS,MYS,Krishnarajasagar,MYSORE JN,SWR,12.56,7,7
COR02245,JIND,JCY,JIND JN,JIND CITY,NR,3.44,3,3
COR02246,JCY,PPDE,JIND CITY,PANDU PINDARA,NR,5.22,3,3
COR02247,PPDE,SWDE,PANDU PINDARA,SIWAHA,NR,8.99,2,2
COR02248,SWDE,PKDE,SIWAHA,PILU KHERA,NR,3.98,3,3
COR02249,PKDE,BKDE,PILU KHERA,BUDHAKHERA,NR,6.7,3,3
COR02250,BKDE,SXE,BUDHAKHERA,SILA KHERI HALT,NR,5.54,3,3
COR02251,SXE,SFDE,SILA KHERI HALT,SAFIDON,NR,4.78,3,3
COR02252,SFDE,KSDE,SAFIDON,KARSINDHU,NR,6.86,3,3
COR02253,MLDE,ASAN,MADLAUDA,ASAN,NR,7.06,3,3
COR02254,BNJL,NLH,BINJHOL HALT,NAULTHA,NR,4.38,3,3
COR02255,NLH,IRA,NAULTHA,ISRANA,NR,4.7,3,3
COR02256,IRA,DHRN,ISRANA,DHURANA,NR,6.38,3,3
COR02257,DHRN,MDLA,DHURANA,MUNDLANA,NR,6.42,3,3
COR02258,MDLA,GHNA,MUNDLANA,GOHANA,NR,10.36,2,2
COR02259,GHNA,BASN,GOHANA,BHAINSWAN,NR,5.17,3,3
COR02260,BASN,RKX,BHAINSWAN,RUKHI,NR,0.49,3,3
COR02261,MKLI,ROK,MAKRAULI,ROHTAK JN,NR,7.79,3,3
COR02262,TMS,GBRI,Tumsar Town,Gobarwahi,SECR,14.68,2,2
COR02263,GBRI,DGBZ,Gobarwahi,Dongri Buzurg,SECR,8.15,2,2
COR02264,DGBZ,TRDI,Dongri Buzurg,Tirodi,SECR,13.63,2,2
COR02265,PRBZ,PPN,Parsa Bazar,Punpun,ECR,7.16,16,16
COR02266,PPN,PFT,Punpun,Pothahi,ECR,0.18,16,16
COR02267,PFT,NDW,Pothahi,Nadwan,ECR,10.53,16,16
COR02268,NDW,TEA,Nadwan,Taregna,ECR,5.38,16,16
COR02269,TEA,NDU,Taregna,Nadauj,ECR,6.85,16,16
COR02270,NDU,JHD,Nadauj,Jehanabad,ECR,8.45,16,16
COR02271,JHD,JHDC,Jehanabad,Jehanabad Court,ECR,2.68,18,18
COR02272,JHDC,THA,Jehanabad Court,Tehta,ECR,9.79,16,16
COR02273,THA,MDE,Tehta,Makhdumpur Gaya,ECR,4.04,18,18
COR02274,MDE,BELA,Makhdumpur Gaya,Bela,ECR,10.98,16,16
COR02275,BELA,CKH,Bela,Chakand,ECR,9.92,16,16
COR02276,BHME,PUS,BHANDARIDAH,PHUSRO,ECR,4.72,6,6
COR02277,PUS,AMLO,PHUSRO,AMLO,ECR,3.06,6,6
COR02278,AMLO,BRMO,AMLO,BERMO,ECR,2.51,6,6
COR02279,BRMO,JAN,BERMO,JARANGDIH,ECR,2.78,6,6
COR02280,JAN,BKRO,JARANGDIH,BOKARO THERMAL,ECR,5.69,6,6
COR02281,BKRO,GMIA,BOKARO THERMAL,GUMIA,ECR,5.13,6,6
COR02282,GMIA,DMBR,GUMIA,DUMRI BIHAR,ECR,6.4,6,6
COR02283,DMBR,DNEA,DUMRI BIHAR,DANEA,ECR,11.01,6,6
COR02284,DNEA,CNPR,DANEA,CHAINPUR,ECR,10.88,4,4
COR02285,CNPR,RRME,CHAINPUR,RANCHI ROAD,ECR,10.15,4,4
COR02286,RRME,ARGD,RANCHI ROAD,ARIGADA,ECR,5.23,4,4
COR02287,LD,TGT,LONDA JN,TINAI GHAT,SWR,9.92,10,10
COR02288,TGT,CLR,TINAI GHAT,CASTLE ROCK,SWR,9.42,10,10
COR02289,MXN,CMA,MARIANI JN,Cinnamara,NFR,15.47,5,5
COR02290,CMA,JTTN,Cinnamara,Jorhat Town,NFR,6.14,5,5
COR02291,DDN,HRW,DEHRADUN,HARRAWALA,NR,8.53,19,19
COR02292,HRW,DWO,HARRAWALA,DOIWALA,NR,9.79,19,19
COR02293,DWO,QSR,DOIWALA,KANSRAO,NR,10.94,19,19
COR02294,QSR,RWL,KANSRAO,RAIWALA,NR,8.34,19,19
COR02295,RWL,MOTC,RAIWALA,MOTICHUR,NR,6.46,25,25
COR02296,MOTC,HW,MOTICHUR,HARIDWAR JN,NR,4.31,25,25
COR02297,TPZ,NGL,TAPRI JN,NANGAL,NR,9.98,29,29
COR02298,NGL,THJ,NANGAL,TALHERI BUZURG,NR,7.6,29,29
COR02299,THJ,DBD,TALHERI BUZURG,DEOBAND,NR,10.0,29,29
COR02300,DBD,RNA,DEOBAND,ROHANA KALAN,NR,11.69,29,29
COR02301,RNA,BMHR,ROHANA KALAN,BAMANHERI,NR,7.07,29,29
COR02302,BMHR,MOZ,BAMANHERI,MUZAFFARNAGAR,NR,5.12,29,29
COR02303,MOZ,JDW,MUZAFFARNAGAR,JARAUDA NARA,NR,4.67,29,29
COR02304,JDW,MSP,JARAUDA NARA,MANSURPUR,NR,8.05,29,29
COR02305,MSP,KAT,MANSURPUR,KHATAULI,NR,9.24,29,29
COR02306,KAT,SKF,KHATAULI,SAKHOTI TANDA,NR,9.2,29,29
COR02307,SKF,DRLA,SAKHOTI TANDA,DAURALA,NR,8.82,29,29
COR02308,DRLA,PQY,DAURALA,PABLI KHAS,NR,6.49,29,29
COR02309,PQY,MUT,PABLI KHAS,MEERUT CANT,NR,4.59,29,29
COR02310,MUT,MTC,MEERUT CANT,MEERUT CITY,NR,4.42,30,30
COR02311,MTC,PRTP,MEERUT CITY,PARTAPUR,NR,6.38,29,29
COR02312,PRTP,MUZ,PARTAPUR,MOHIUDDINPUR,NR,5.15,29,29
COR02313,MUZ,MDNR,MOHIUDDINPUR,MODINAGAR,NR,8.03,29,29
COR02314,GUH,GZN,GULDHAR,NEW GHAZIABAD,NR,3.7,26,26
COR02315,KLRS,LWS,KOLARAS,LUKWASA,WCR,12.76,7,7
COR02316,LWS,BDWS,LUKWASA,BADARWAS,WCR,14.39,7,7
COR02317,VRG,KDHA,VIKRAMNAGAR,KARCHHA,WR,11.37,23,23
COR02318,KDHA,UDM,KARCHHA,UNDASA MADHAWPU,WR,7.37,23,23
COR02319,UDM,NRGR,UNDASA MADHAWPU,NARANJIPUR,WR,5.39,23,23
COR02320,NRGR,DWX,NARANJIPUR,DEWAS,WR,8.85,23,23
COR02321,MGG,LMNR,MANGLIYA GAON,LAKSHMIBAI NAGAR,WR,10.14,31,31
COR02322,BKF,GAH,Bhikhna Thori,Gawnaha,ECR,11.4,3,3
COR02323,GAH,BHWR,Gawnaha,Bhitiharwa Ashram,ECR,,1,1
COR02324,BHWR,AMO,Bhitiharwa Ashram,Amolwa,ECR,,1,1
COR02325,AMO,NKE,Amolwa,NARKATIAGANJ JN,ECR,11.89,3,3
COR02326,MKM,CHU,Marikuppam,Champion,SWR,1.93,4,4
COR02327,CHU,OGM,Champion,Oorgaum,SWR,2.01,4,4
COR02328,OGM,COL,Oorgaum,Coromandel,SWR,2.36,4,4
COR02329,COL,BEML,Coromandel,BEML Nagar,SWR,1.7,4,4
COR02330,RJT,BKNG,RAJKOT JN,BHAKTI NAGAR,WR,3.45,12,12
COR02331,BKNG,RKY,BHAKTI NAGAR,KOTHARIYA,WR,12.02,12,12
COR02332,RKY,RBR,KOTHARIYA,RIBADA,WR,5.93,12,12
COR02333,RBR,GDL,RIBADA,GONDAL,WR,16.97,9,9
COR02334,GDL,GTT,GONDAL,GOMTA,WR,12.9,12,12
COR02335,GTT,VRR,GOMTA,VIRPUR,WR,3.66,12,12
COR02336,VRR,NUD,VIRPUR,NAVAGADH,WR,13.21,12,12
COR02337,NUD,JLR,NAVAGADH,JETALSAR JN,WR,5.89,12,12
COR02338,JLR,CKE,JETALSAR JN,CHOKI SORATH,WR,9.26,11,11
COR02339,CKE,VAL,CHOKI SORATH,VADAL,WR,6.33,11,11
COR02340,VAL,JND,VADAL,JUNAGADH JN,WR,9.67,11,11
COR02341,JND,SHH,JUNAGADH JN,SHAPUR JN,WR,10.68,11,11
COR02342,SHH,BNTH,SHAPUR JN,BANDHNATH,WR,5.12,11,11
COR02343,BNTH,LAL,BANDHNATH,LUSHALA,WR,5.67,11,11
COR02344,LAL,BDDR,LUSHALA,BADODAR,WR,4.65,11,11
COR02345,BDDR,KSD,BADODAR,KESHOD,WR,8.37,11,11
COR02346,KSD,MLHA,KESHOD,MALIYA HATINA,WR,16.12,11,11
COR02347,MLHA,CVR,MALIYA HATINA,CHORVAD ROAD,WR,11.64,11,11
COR02348,CVR,ADE,CHORVAD ROAD,ADARI ROAD,WR,8.67,11,11
COR02349,ADE,VRL,ADARI ROAD,VERAVAL,WR,9.16,11,11
COR02350,MJ,RKZ,MARWAR JN,RAJKIAWAS,NWR,9.21,13,13
COR02351,RKZ,BOM,RAJKIAWAS,BOMADRA,NWR,9.06,13,13
COR02352,BOM,PMY,BOMADRA,PALI MARWAR,NWR,11.28,13,13
COR02353,PMY,KAI,PALI MARWAR,KAIRLA,NWR,14.62,12,12
COR02354,RT,LUNI,ROHAT,LUNI JN,NWR,12.79,13,13
COR02355,LUNI,HWT,LUNI JN,HANWANT,NWR,6.48,24,24
COR02356,HWT,SZ,HANWANT,SALAWAS,NWR,8.99,24,24
COR02357,SZ,BANE,SALAWAS,BASNI,NWR,9.24,24,24
COR02358,BANE,BGKT,BASNI,BHAGAT KI KOTHI,NWR,2.85,24,24
COR02359,HBG,GRG,HOWBAGH JABALPUR,Guwarighat,WCR,5.14,7,7
COR02360,GRG,JPV,Guwarighat,Jamtara Paraswara,SECR,3.92,3,3
COR02361,JPV,CRE,Jamtara Paraswara,Charghat Piparia,SECR,6.17,3,3
COR02362,CRE,BUQ,Charghat Piparia,Bargi,SECR,7.75,3,3
COR02363,BUQ,SOY,Bargi,Sukrimangela,SECR,10.74,8,8
COR02364,SOY,SKY,Sukrimangela,Shikara,SECR,12.27,5,5
COR02365,SKY,VNK,Shikara,Binaiki,SECR,9.87,7,7
COR02366,VNK,GNS,Binaiki,Ghonsor,SECR,8.5,7,7
COR02367,GNS,TPNI,Ghonsor,Tuiya Pani,SECR,12.46,2,2
COR02368,TPNI,PDE,Tuiya Pani,Pindrai,SECR,6.54,3,3
COR02369,PDE,NIR,Pindrai,Nainpur Junction,SECR,11.54,6,6
COR02370,NIR,PNJ,Nainpur Junction,Padriganj,SECR,12.07,6,6
COR02371,PNJ,GDU,Padriganj,Gudru Halt,SECR,5.05,1,1
COR02372,NWA,LTA,Nagarwara,Lamta,SECR,7.97,7,7
COR02373,LTA,CRN,Lamta,Charegaon,SECR,10.91,7,7
COR02374,CRN,TTW,Charegaon,Titwa,SECR,5.13,7,7
COR02375,TTW,SMC,Titwa,Samnapur,SECR,6.28,7,7
COR02376,SMC,DPW,Samnapur,Dhapewara,SECR,8.49,7,7
COR02377,DPW,BTC,Dhapewara,Balaghat Junction,SECR,6.85,7,7
COR02378,VNRD,KHRS,VANI ROAD,KHARESHWAR ROAD,WR,4.29,35,35
COR02379,KHRS,SR,KHARESHWAR ROAD,SABLI ROAD,WR,4.22,35,35
COR02380,SR,LPR,SABLI ROAD,LILAPUR ROAD,WR,12.84,26,26
COR02381,LPR,LTR,LILAPUR ROAD,LAKHTAR,WR,12.59,26,26
COR02382,LTR,BLRD,LAKHTAR,BALA ROAD,WR,10.7,31,31
COR02383,BLRD,SUNR,BALA ROAD,SURENDRANAGAR,WR,10.1,38,38
COR02384,SUNR,CJR,SURENDRANAGAR,CHAMARAJ,WR,7.67,36,36
COR02385,CJR,DXR,CHAMARAJ,DIGSAR,WR,6.34,36,36
COR02386,DXR,MOL,DIGSAR,MULI ROAD,WR,7.73,36,36
COR02387,MOL,RA,MULI ROAD,RAMPARDA,WR,9.68,36,36
COR02388,RA,VD,RAMPARDA,VAGDIYA,WR,6.61,36,36
COR02389,VD,THAN,VAGDIYA,THAN JN,WR,9.58,36,36
COR02390,THAN,LMC,THAN JN,LAKHAMANCHI,WR,6.02,36,36
COR02391,LMC,DL,LAKHAMANCHI,DALADI,WR,8.26,36,36
COR02392,DL,LXR,DALADI,LUNSERIYA,WR,3.39,36,36
COR02393,LXR,WKR,LUNSERIYA,WANKANER JN,WR,8.34,36,36
COR02394,WKR,WKRC,WANKANER JN,WANKANER CITY,WR,1.54,35,35
COR02395,WKRC,AXA,WANKANER CITY,AMARSAR,WR,4.93,35,35
COR02396,AXA,SDD,AMARSAR,SINDHAWADAR,WR,4.98,35,35
COR02397,SDD,KNKT,SINDHAWADAR,KANAKOT,WR,6.75,35,35
COR02398,KNKT,KHC,KANAKOT,KHORANA,WR,11.55,35,35
COR02399,KHC,BLWR,KHORANA,BILESHWAR,WR,1.26,35,35
COR02400,BLWR,RJT,BILESHWAR,RAJKOT JN,WR,8.26,35,35
COR02401,RJT,KHDI,RAJKOT JN,KHANDERI,WR,10.45,26,26
COR02402,KHDI,PDH,KHANDERI,PADADHARI,WR,13.75,26,26
COR02403,PDH,HM,PADADHARI,HADMATIYA JN,WR,13.87,2,2
COR02404,HM,WTJ,HADMATIYA JN,JAM WANTHALI,WR,15.28,1,1
COR02405,WTJ,ALB,JAM WANTHALI,ALIA BADA,WR,11.61,26,26
COR02406,ALB,HAPA,ALIA BADA,HAPA,WR,9.79,26,26
COR02407,HAPA,JAM,HAPA,JAMNAGAR,WR,7.16,23,23
COR02408,JAM,LKBL,JAMNAGAR,LAKHABAWAL,WR,10.96,20,20
COR02409,LKBL,PPLI,LAKHABAWAL,PIPLI,WR,9.78,20,20
COR02410,PPLI,KNLS,PIPLI,KANALAS JN,WR,4.79,20,20
COR02411,KNLS,MDPR,KANALAS JN,MODPUR,WR,10.81,14,14
COR02412,MDPR,SYQ,MODPUR,SINHAN,WR,8.99,14,14
COR02413,SYQ,KMBL,SINHAN,KHAMBHALIYA,WR,7.69,14,14
COR02414,KMBL,VQD,KHAMBHALIYA,VIRAMDAD,WR,8.7,14,14
COR02415,VQD,BHTL,VIRAMDAD,BHATEL,WR,9.23,14,14
COR02416,BHTL,BPKA,BHATEL,BHOPALKA,WR,13.66,11,11
COR02417,BPKA,BHTA,BHOPALKA,BHATIYA,WR,9.89,14,14
COR02418,BHTA,KRGA,BHATIYA,KURANGA,WR,11.59,14,14
COR02419,KRGA,OKD,KURANGA,OKHA MADHI,WR,7.98,14,14
COR02420,OKD,GRJA,OKHA MADHI,GORINJA,WR,11.02,14,14
COR02421,GRJA,DWK,GORINJA,DWARKA,WR,10.43,14,14
COR02422,DWK,VVA,DWARKA,VARVALA,WR,5.54,13,13
COR02423,VVA,MTHP,VARVALA,MITHAPUR,WR,13.15,11,11
COR02424,MTHP,OKHA,MITHAPUR,OKHA,WR,9.4,13,13
COR02425,BAY,HDD,BELLARY JN,HADDINAGUNDU,SWR,6.2,15,15
COR02426,HDD,HGI,HADDINAGUNDU,HAGARI,SCR,7.8,15,15
COR02427,HGI,VP,HAGARI,VIRAPUR,SCR,8.62,15,15
COR02428,VP,TKBN,VIRAPUR,TSAKIBANDA,SCR,5.01,15,15
COR02429,TKBN,BNL,TSAKIBANDA,BEVINAHALU,SWR,3.76,15,15
COR02430,BNL,SNKG,BEVINAHALU,SANKARAGUMMANUR HALT,SCR,2.42,15,15
COR02431,SNKG,BLL,SANKARAGUMMANUR HALT,BANTANAHAL,SCR,4.34,15,15
COR02432,DGLE,NILE,DHULIAN GANGA,NIMTITA,ER,8.78,8,8
COR02433,AZ,LCAE,AZIMGANJ JN,LALBAGH COURT ROAD,ER,5.15,5,5
COR02434,LCAE,KGLE,LALBAGH COURT ROAD,KHAGRAGHAT ROAD,ER,7.7,5,5
COR02435,KGLE,JVT,KHAGRAGHAT ROAD,JIVANTI HALT,ER,4.53,18,18
COR02436,JVT,KNSN,JIVANTI HALT,KARNA SUBARNA,ER,5.26,18,18
COR02437,KNSN,KTLR,KARNA SUBARNA,KANTHALIYA ROAD,ER,4.87,16,16
COR02438,KTLR,CWLE,KANTHALIYA ROAD,CHOWRIGACHA,ER,5.53,16,16
COR02439,CWLE,KZPR,CHOWRIGACHA,KAZIPARA,ER,3.63,16,16
COR02440,KZPR,BZLE,KAZIPARA,BAZARSAU,ER,3.83,19,19
COR02441,BZLE,MIAN,BAZARSAU,MIANGRAM,ER,2.77,17,17
COR02442,MIAN,TYAE,MIANGRAM,TENYA,ER,4.15,17,17
COR02443,TYAE,MHTR,TENYA,MALIHATI TALIBPUR ROAD,ER,3.91,19,19
COR02444,MHTR,SALE,MALIHATI TALIBPUR ROAD,SALAR,ER,2.62,19,19
COR02445,SALE,JHBN,SALAR,JHAMATPUR BAHARAN,ER,3.01,19,19
COR02446,JHBN,GGLE,JHAMATPUR BAHARAN,GANGATIKURI,ER,3.72,19,19
COR02447,GGLE,SHBL,GANGATIKURI,SHIBLUN,ER,2.89,19,19
COR02448,SHBL,NBKH,SHIBLUN,NABA GRAM KANKU,ER,3.87,19,19
COR02449,NBKH,KWAE,NABA GRAM KANKU,KATWA,ER,3.39,19,19
COR02450,KWAE,KWF,KATWA,Katwa,ER,0.08,9,9
COR02451,KWF,DHAE,Katwa,DAINHAT,ER,6.35,9,9
COR02452,DHAE,SHBA,DAINHAT,SAHEBTALA,ER,3.33,12,12
COR02453,SHBA,AGAE,SAHEBTALA,AGRADWIP,ER,2.82,12,12
COR02454,AGAE,PTAE,AGRADWIP,PATULI,ER,4.54,12,12
COR02455,PTAE,BQY,PATULI,BELERHAT,ER,4.47,12,12
COR02456,BQY,LKX,BELERHAT,LAKSHMIPUR,ER,2.72,12,12
COR02457,LKX,MTFA,LAKSHMIPUR,MERTALA PHALEYA,ER,3.09,12,12
COR02458,MTFA,PSAE,MERTALA PHALEYA,PURBASTHALI,ER,2.96,12,12
COR02459,PSAE,BFZ,PURBASTHALI,BHANDARTIKURI,ER,2.32,12,12
COR02460,BFZ,VSPR,BHANDARTIKURI,BISHNUPRIYA,ER,3.41,12,12
COR02461,VSPR,NDAE,BISHNUPRIYA,NABADWIP DHAM,ER,1.85,12,12
COR02462,NDAE,ER08,NABADWIP DHAM,Kalinagar,ER,,8,8
COR02463,ER08,SMAE,Kalinagar,SAMUDRAGARH,ER,,8,8
COR02464,SMAE,DTAE,SAMUDRAGARH,DHATRIGRAM,ER,6.58,8,8
COR02465,DTAE,BGRA,DHATRIGRAM,BAGHNAPARA,ER,4.37,11,11
COR02466,BGRA,ABKA,BAGHNAPARA,AMBIKA KALNA,ER,4.22,11,11
COR02467,ABKA,GPAE,AMBIKA KALNA,GUPTIPARA,ER,6.71,11,11
COR02468,GPAE,BHLA,GUPTIPARA,BEHULA,ER,2.05,11,11
COR02469,BHLA,SOAE,BEHULA,SOMRA BAZAR,ER,4.78,11,11
COR02470,SOAE,BGAE,SOMRA BAZAR,BALAGARH,ER,2.8,11,11
COR02471,BGAE,JIT,BALAGARH,JIRAT,ER,2.75,11,11
COR02472,JIT,KMAE,JIRAT,KHAMARGACHHI,ER,5.2,11,11
COR02473,KMAE,DMLE,KHAMARGACHHI,DUMURDAHA,ER,1.97,11,11
COR02474,DMLE,KJU,DUMURDAHA,KUNTIGHAT,ER,3.27,11,11
COR02475,KJU,TBAE,KUNTIGHAT,TRIBENI,ER,3.32,11,11
COR02476,TBAE,BSAE,TRIBENI,BANSH BARIA,ER,3.69,9,9
COR02477,NIR,JGZ,Nainpur Junction,Jamgaon,SECR,9.3,3,3
COR02478,JGZ,RAMP,Jamgaon,Rampuri,SECR,6.27,3,3
COR02479,RAMP,CID,Rampuri,Chiraidongri,SECR,2.89,3,3
COR02480,CID,SAKA,Chiraidongri,Simariya Kajanwada,SECR,4.98,3,3
COR02481,SAKA,BIV,Simariya Kajanwada,Bamhani Banjur,SECR,0.08,3,3
COR02482,BIV,LMU,Bamhani Banjur,Limarua,SECR,9.83,3,3
COR02483,LMU,MFR,Limarua,Mandla Fort,SECR,6.9,3,3
COR02484,KRJR,WZJ,KARJARA,WAZERGANJ,ECR,7.47,7,7
COR02485,WZJ,TIA,WAZERGANJ,TILAYA,ECR,17.74,7,7
COR02486,TIA,NWD,TILAYA,NAWADIH,ECR,16.54,7,7
COR02487,NWD,WRS,NAWADIH,WARIS ALEGANJ,ECR,17.14,7,7
COR02488,WRS,KSC,WARIS ALEGANJ,KASHI CHAK,ECR,9.87,7,7
COR02489,KSC,SHK,KASHI CHAK,SHEIKPURA,ECR,15.23,7,7
COR02490,SHK,SRY,SHEIKPURA,SIRARI,ECR,9.92,7,7
COR02491,PLCJ,MBT,PHALODI JN,MARWAR BIRTHI,NWR,8.1,1,1
COR02492,LUNI,SUT,LUNI JN,SUTLANA,NWR,6.18,13,13
COR02493,SUT,DUK,SUTLANA,DUDIA,NWR,6.38,13,13
COR02494,DUK,DOR,DUDIA,DUNDARA,NWR,11.36,13,13
COR02495,DOR,MNKB,DUNDARA,MIYONKA BARA,NWR,7.31,13,13
COR02496,MNKB,AJIT,MIYONKA BARA,AJIT,NWR,5.25,13,13
COR02497,AJIT,SMR,AJIT,SAMDHARI JN,NWR,10.81,13,13
COR02498,SMR,BMSN,SAMDHARI JN,Bamsin,NWR,8.74,3,3
COR02499,BMSN,RHI,Bamsin,Rakhi,NWR,8.49,3,3
COR02500,RHI,MKSR,Rakhi,Mokalsar,NWR,7.78,3,3
COR02501,MKSR,BAWA,Mokalsar,Balwara,NWR,14.07,3,3
COR02502,BAWA,BISH,Balwara,Bishengarh,NWR,6.38,3,3
COR02503,BISH,JOR,Bishengarh,Jalor,NWR,12.09,3,3
COR02504,JOR,JNX,Jalor,Jagnath Road Halt,NWR,9.28,2,2
COR02505,JNX,MBGA,Jagnath Road Halt,Marwar Bagra,NWR,7.74,2,2
COR02506,MBGA,BK,Marwar Bagra,Bakra Road,NWR,10.69,3,3
COR02507,BK,MON,Bakra Road,Modran,NWR,4.93,3,3
COR02508,MON,BIPR,Modran,Bheempura,NWR,8.51,3,3
COR02509,BIPR,LDM,Bheempura,Ledarmer,NWR,9.42,3,3
COR02510,LDM,MBNL,Ledarmer,Marwar Bhinmal,NWR,9.45,3,3
COR02511,MBNL,KOF,Marwar Bhinmal,Marwar Kori,NWR,9.86,3,3
COR02512,KOF,MBW,Marwar Kori,Malwara,NWR,12.53,3,3
COR02513,MBW,RNV,Malwara,Raniwara,NWR,8.35,3,3
COR02514,RNV,MSQ,Raniwara,Marwar Ratanpur,NWR,10.15,3,3
COR02515,MSQ,JARI,Marwar Ratanpur,Jari,NWR,13.05,3,3
COR02516,JARI,DQN,Jari,Dhanera,NWR,9.45,3,3
COR02517,DQN,RXN,Dhanera,Ramsan,NWR,11.2,3,3
COR02518,RXN,JNZ,Ramsan,Jenal,NWR,8.74,3,3
COR02519,JNZ,BLDI,Jenal,BHILDI,NWR,15.1,3,3
COR02520,BLDI,DISA,BHILDI,DISA,WR,18.03,1,1
COR02521,DISA,CDS,DISA,CHANDISAR,WR,13.93,1,1
COR02522,CDS,CDQ,CHANDISAR,CHADOTAR,WR,6.55,4,4
COR02523,CDQ,PNU,CHADOTAR,PALANPUR JN,WR,5.94,4,4
COR02524,HSR,RPHR,Hisar,Raipur Hariyana Junction,NWR,4.76,7,7
COR02525,RPHR,DNX,Raipur Hariyana Junction,Dhansu,NR,6.56,7,7
COR02526,DNX,BFN,Dhansu,Bugana,NR,5.82,7,7
COR02527,BFN,BXC,Bugana,Barwala,NR,13.38,7,7
COR02528,BXC,DULP,Barwala,Daulatpur Haryana,NR,9.41,7,7
COR02529,DULP,UKN,Daulatpur Haryana,Uklana,NR,5.24,7,7
COR02530,UKN,GJW,Uklana,Gajuwala,NR,9.68,7,7
COR02531,GJW,PLT,Gajuwala,Pirthala Llauda,NR,4.84,7,7
COR02532,KUDN,JHL,Kudni,JAKHAL JN,NR,3.31,7,7
COR02533,JHL,GRN,JAKHAL JN,GURNAY,NR,8.29,17,17
COR02534,GRN,LHA,GURNAY,LEHRA GAGA,NR,7.08,17,17
COR02535,LHA,GGKR,LEHRA GAGA,GOVINDGARH KHOKHAR,NR,6.07,17,17
COR02536,GGKR,CJL,GOVINDGARH KHOKHAR,CHAJLI,NR,5.63,17,17
COR02537,CJL,SFM,CHAJLI,SUNAM,NR,9.72,17,17
COR02538,SFM,BZ,SUNAM,BHARUR,NR,3.91,17,17
COR02539,BZ,SAG,BHARUR,SANGRUR,NR,8.88,17,17
COR02540,SAG,BSS,SANGRUR,BAHADUR SINGH WALA,NR,8.8,17,17
COR02541,BSS,DUI,BAHADUR SINGH WALA,DHURI JN,NR,6.02,17,17
COR02542,SOY,BUQ,Sukrimangela,Bargi,SECR,10.74,9,10
COR02543,BUQ,KDHI,Bargi,Kaladehi,SECR,13.62,7,7
COR02544,KDHI,DRPH,Kaladehi,Devri P.H.,SECR,2.51,2,2
COR02545,DRPH,SKY,Devri P.H.,Shikara,SECR,6.79,2,2
COR02546,NIR,KLZ,Nainpur Junction,Keolari,SECR,21.32,5,5
COR02547,KLZ,PUE,Keolari,Palari,SECR,12.53,5,5
COR02548,PUE,KWB,Palari,Kaniwara,SECR,12.63,5,5
COR02549,KWB,BHV,Kaniwara,Bhoma,SECR,6.87,5,5
COR02550,BHV,SEY,Bhoma,Seoni,SECR,18.25,5,5
COR02551,SEY,PED,Seoni,Pipardahi,SECR,13.96,5,5
COR02552,PED,SMSR,Pipardahi,Samaswara,SECR,8.03,5,5
COR02553,SMSR,KPDH,Samaswara,Kapurdha Halt,SECR,3.21,5,5
COR02554,KPDH,KRBO,Kapurdha Halt,Karaboh,SECR,4.31,5,5
COR02555,KRBO,MQQ,Karaboh,Markahandi U Halt,SECR,7.34,5,5
COR02556,MQQ,JLY,Markahandi U Halt,Jhilmili,SECR,3.84,5,5
COR02557,JLY,UIH,Jhilmili,Umaria Ispa Halt,SECR,7.15,5,5
COR02558,UIH,CWA,Umaria Ispa Halt,Chhindwara Junction,SECR,13.58,5,5
COR02559,CWA,LIG,Chhindwara Junction,Linga,SECR,10.66,5,5
COR02560,LIG,BRKH,Linga,Bisapur Kalan Halt,SECR,5.59,5,5
COR02561,BRKH,ULA,Bisapur Kalan Halt,Umra Nala,SECR,6.38,5,5
COR02562,ULA,KFP,Umra Nala,Kukra Khapa,SECR,5.79,5,5
COR02563,KFP,MPML,Kukra Khapa,Mohapani Mal,SECR,1.97,5,5
COR02564,MPML,BMC,Mohapani Mal,Bhimalgondi,SECR,7.93,5,5
COR02565,BMC,GELA,Bhimalgondi,Ghadela Halt,SECR,4.06,5,5
COR02566,GELA,DVH,Ghadela Halt,Devi Halt,SECR,2.81,5,5
COR02567,DVH,RMO,Devi Halt,Ramakona,SECR,4.42,5,5
COR02568,RMO,SASR,Ramakona,Sausar,SECR,3.76,6,6
COR02569,SASR,BDHT,Sausar,Bardi Halt,SECR,4.67,6,6
COR02570,BDHT,LDE,Bardi Halt,Lokdhikhera,SECR,5.52,6,6
COR02571,LDE,PSK,Lokdhikhera,Paradsinga Halt,SECR,4.59,6,6
COR02572,PSK,SZH,Paradsinga Halt,Saonga Halt,SECR,2.93,6,6
COR02573,SZH,KLOD,Saonga Halt,Kelod,SECR,5.91,6,6
COR02574,KLOD,SONR,Kelod,Saoner Junction,SECR,9.85,6,6
COR02575,SONR,MGVK,Saoner Junction,Malegaon Vyenku,SECR,3.47,6,6
COR02576,MGVK,TKLB,Malegaon Vyenku,Takli Bhansali,SECR,3.23,6,6
COR02577,TKLB,PTS,Takli Bhansali,Patansaongi,SECR,3.41,6,6
COR02578,PTS,PSX,Patansaongi,Patansaongi Town Halt,SECR,1.87,6,6
COR02579,PSX,PQA,Patansaongi Town Halt,Pipla Halt,SECR,4.94,6,6
COR02580,PQA,KPKD,Pipla Halt,Khapri Kheda,SECR,6.09,6,6
COR02581,KPKD,KRDH,Khapri Kheda,Koradih,SECR,3.61,6,6
COR02582,KAWR,HAA,KARWAR,HARWADA,KR,12.17,22,22
COR02583,HAA,ANKL,HARWADA,ANKOLA,KR,13.22,22,22
COR02584,ANKL,GOK,ANKOLA,GOKARNA ROAD,KR,7.87,22,22
COR02585,GOK,KT,GOKARNA ROAD,KUMTA,KR,17.22,22,22
COR02586,KT,HNA,KUMTA,HONNAVAR,KR,13.4,22,22
COR02587,HNA,MANK,HONNAVAR,MANKI,KR,17.11,22,22
COR02588,MANK,MRDW,MANKI,MURDESHWAR,KR,8.35,22,22
COR02589,MRDW,CTTP,MURDESHWAR,CHITRAPUR HALT,KR,7.89,22,22
COR02590,CTTP,BTKL,CHITRAPUR HALT,Bhatkal,KR,6.39,4,4
COR02591,BTKL,BTJL,Bhatkal,BHATKAL,KR,0.26,4,4
COR02592,BTJL,SHMI,BHATKAL,SHIROOR,KR,7.14,22,22
COR02593,SHMI,BYNR,SHIROOR,MOOKAMBIKA ROAD,KR,7.7,22,22
COR02594,BYNR,BIJR,MOOKAMBIKA ROAD,BIJOOR,KR,5.69,22,22
COR02595,BIJR,SEN,BIJOOR,SENAPURA,KR,12.47,22,22
COR02596,SEN,KUDA,SENAPURA,KUNDAPURA,KR,12.6,22,22
COR02597,KUDA,BKJ,KUNDAPURA,BARKUR,KR,15.44,22,22
COR02598,BKJ,UD,BARKUR,UDUPI,KR,15.75,22,22
COR02599,UD,PDD,UDUPI,PADUBIDRI,KR,15.5,4,4
COR02600,PDD,MULK,PADUBIDRI,MULKI,KR,14.83,4,4
COR02601,MULK,SL,MULKI,SURATHKAL,KR,8.82,22,22
COR02602,SL,TOK,SURATHKAL,THOKUR,KR,3.78,22,22
COR02603,TOK,MAJN,THOKUR,MANGALORE JN,KR,12.15,22,22
COR02604,KBPR,NRJ,Kabakaputtur,Narimogaru,SWR,9.84,3,3
COR02605,NRJ,KNYR,Narimogaru,Kaniuru Halt,SWR,8.57,3,3
COR02606,KNYR,YDM,Kaniuru Halt,Yedamangala,SWR,8.42,3,3
COR02607,YDM,KDBA,Yedamangala,Kodimbala Halt,SWR,3.66,3,3
COR02608,KDBA,BAJE,Kodimbala Halt,Bajakare Halt,SWR,3.51,3,3
COR02609,BAJE,SBHR,Bajakare Halt,Subrahmanya Road,SWR,5.41,3,3
COR02610,SBHR,YDK,Subrahmanya Road,Yedekumeri,SWR,12.41,2,2
COR02611,YDK,DOGL,Yedekumeri,Donigal,SWR,15.09,2,2
COR02612,DOGL,SKLR,Donigal,Sakleshpur,SWR,6.67,2,2
COR02613,SKLR,ALUR,Sakleshpur,Alur Halt,SWR,23.31,2,2
COR02614,ALUR,HAS,Alur Halt,Hassan Junction,SWR,13.94,2,2
COR02615,LGL,KRP,Lalgola,Krishnapur,ER,1.65,9,9
COR02616,KRP,PRTL,Krishnapur,Pirtala,ER,5.78,9,9
COR02617,PRTL,BQG,Pirtala,Bhagwangola,ER,4.15,9,9
COR02618,BQG,SBNM,Bhagwangola,Subarnamrigi,ER,6.9,9,9
COR02619,SBNM,JJG,Subarnamrigi,JiaGanj,ER,3.57,9,9
COR02620,JJG,MBB,JiaGanj,Murshidabad,ER,7.5,9,9
COR02621,MBB,CSZ,Murshidabad,Cossimbazar,ER,6.26,9,9
COR02622,CSZ,BPC,Cossimbazar,Berhampore Court,ER,3.7,9,9
COR02623,BPC,NBPH,Berhampore Court,New Balarampur Halt,ER,4.52,10,10
COR02624,NBPH,SGV,New Balarampur Halt,Sargachhi,ER,3.74,10,10
COR02625,SGV,BFT,Sargachhi,Bhabta,ER,3.43,10,10
COR02626,BFT,BEB,Bhabta,Beldanga,ER,6.11,10,10
COR02627,BEB,REJ,Beldanga,Rejinagar,ER,9.26,10,10
COR02628,REJ,SRJN,Rejinagar,Sirajnagar Halt,ER,3.69,10,10
COR02629,SRJN,PLY,Sirajnagar Halt,Plassey,ER,4.73,10,10
COR02630,PLY,PCX,Plassey,Pagla Chandi,ER,4.35,10,10
COR02631,PCX,DEB,Pagla Chandi,Debagram,ER,6.45,10,10
COR02632,DEB,SVH,Debagram,Sonadanga,ER,7.26,10,10
COR02633,SVH,BTY,Sonadanga,Bethuadahari,ER,4.25,10,10
COR02634,BTY,MGM,Bethuadahari,Muragacha,ER,9.71,10,10
COR02635,MGM,DHU,Muragacha,Dhubulia,ER,5.51,10,10
COR02636,DHU,BPD,Dhubulia,Bahadurpur,ER,5.5,10,10
COR02637,BPD,KNJ,Bahadurpur,Krishnanagar City Junction,ER,6.34,10,10
COR02638,BDZ,THP,Badkulla,Taherpur,ER,5.31,10,10
COR02639,THP,BIJ,Taherpur,Birnagar,ER,2.74,10,10
COR02640,BIJ,KLNP,Birnagar,Kalinarayanpur,ER,3.96,10,10
COR02641,KLNP,RHA,Kalinarayanpur,Ranaghat Junction,ER,3.72,10,10
COR02642,GOT,SEW,GOT,SEHAL,NER,5.29,8,8
COR02643,SEW,PLS,SEHAL,PIPALSANA,NER,3.93,8,8
COR02644,RHN,PAQ,ROSHANPUR,PADIYA NAQLA,NER,4.78,8,8
COR02645,PAQ,ALJ,PADIYA NAQLA,ALAI,NER,6.89,5,5
COR02646,ALJ,KPV,ALAI,KASHIPUR,NER,7.33,6,6
COR02647,KPV,GWS,KASHIPUR,GAUSHALA,NER,11.45,9,9
COR02648,GWS,PRM,GAUSHALA,PIRUMADARA,NER,4.73,7,7
COR02649,PRM,RMR,PIRUMADARA,RAMNAGAR,NER,10.19,7,7
COR02650,PTYR,SFPR,Patiyara,Safipur,NR,17.71,2,2
COR02651,SFPR,UGU,Safipur,Ugu,NR,8.64,3,3
COR02652,UGU,FTC,Ugu,Fatehpur Chursi,NR,5.74,3,3
COR02653,FTC,BGMU,Fatehpur Chursi,Bangarmau,NR,6.66,3,3
COR02654,BGMU,GJMB,Bangarmau,Ganjmuradabad,NR,11.58,3,3
COR02655,GJMB,MLW,Ganjmuradabad,Mallanwan,NR,5.69,3,3
COR02656,MLW,FRH,Mallanwan,Farhatnagar,NR,5.22,2,2
COR02657,FRH,MAH,Farhatnagar,Madhoganj,NR,4.16,2,2
COR02658,MAH,GNTR,Madhoganj,Gauntra Halt,NR,8.36,3,3
COR02659,GNTR,ATKS,Gauntra Halt,Atwa Kursath,NR,4.88,2,2
COR02660,ATKS,GSGJ,Atwa Kursath,Ghausganj,NR,2.44,2,2
COR02661,NCJ,SUCH,NAGERCOIL JN,SUCHINDRAM,SR,3.73,11,11
COR02662,SUCH,CAPE,SUCHINDRAM,KANYAKUMARI,SR,10.78,11,11
COR02663,BTI,KZW,BHATINDA JN,KATAR SINGHWALA,NR,9.76,7,7
COR02664,KZW,KTF,KATAR SINGHWALA,KOT FATTEH,NR,8.29,6,6
COR02665,KTF,MASK,KOT FATTEH,MAISAR KHANA,NR,5.45,7,7
COR02666,MASK,MAUR,MAISAR KHANA,MAUR,NR,9.46,7,7
COR02667,MAUR,KTKL,MAUR,KOTLI KALAN,NR,7.14,7,7
COR02668,KTKL,SSZ,KOTLI KALAN,SADDA SINGHWALA,NR,2.99,7,7
COR02669,SSZ,MSZ,SADDA SINGHWALA,MANSA,NR,8.63,7,7
COR02670,MSZ,NPX,MANSA,NARINDARPURA,NR,8.26,7,7
COR02671,NPX,BLZ,NARINDARPURA,BUDHLADA,NR,7.82,7,7
COR02672,BLZ,DTW,BUDHLADA,DATEWAS,NR,7.19,7,7
COR02673,DTW,BRZ,DATEWAS,BARETA,NR,8.22,7,7
COR02674,BRZ,KAGR,BARETA,KAGANGARH,NR,5.02,7,7
COR02675,KAGR,JHL,KAGANGARH,JAKHAL JN,NR,9.24,7,7
COR02676,JHL,HMQ,JAKHAL JN,HIMMATPURA,NR,6.69,18,18
COR02677,HMQ,TUN,HIMMATPURA,TOHANA,NR,5.01,18,18
COR02678,TUN,KLWN,TOHANA,KALWAN,NR,5.43,18,18
COR02679,KLWN,DTN,KALWAN,DHAMTAN SAHIB,NR,5.15,18,18
COR02680,DTN,DHY,DHAMTAN SAHIB,DHARODI,NR,7.4,18,18
COR02681,DHY,NRW,DHARODI,NARWANA JN,NR,7.69,18,18
COR02682,NRW,GSO,NARWANA JN,GHASO,NR,7.18,22,22
COR02683,GSO,UCA,GHASO,UCHANA,NR,8.01,22,22
COR02684,UCA,BZO,UCHANA,BARSOLA,NR,9.49,22,22
COR02685,BZO,JIND,BARSOLA,JIND JN,NR,9.19,22,22
COR02686,JIND,BSPH,JIND JN,BISHANPUR HARYANA,NR,6.95,19,19
COR02687,BSPH,KIU,BISHANPUR HARYANA,KINANA,NR,5.32,14,14
COR02688,KIU,JJT,KINANA,JAI JAI WANTI,NR,7.18,14,14
COR02689,JJT,JNA,JAI JAI WANTI,JULANA,NR,6.09,17,17
COR02690,JNA,KZH,JULANA,KILA ZAFARGARH,NR,5.41,19,19
COR02691,KZH,KHV,KILA ZAFARGARH,KARAINTHI,NR,9.03,17,17
COR02692,KHV,SMF,KARAINTHI,SAMAR GOPALPUR,NR,6.89,19,19
COR02693,SMF,ROK,SAMAR GOPALPUR,ROHTAK JN,NR,9.78,19,19
COR02694,ROK,ABO,ROHTAK JN,ASTHAL BOHAR,NR,6.08,27,27
COR02695,ABO,KRZ,ASTHAL BOHAR,KHARAWAR,NR,5.83,27,27
COR02696,KRZ,ISM,KHARAWAR,ISMAILA HARYANA,NR,7.45,27,27
COR02697,ISM,SPZ,ISMAILA HARYANA,SAMPLA,NR,3.1,27,27
COR02698,SPZ,ROHN,SAMPLA,ROHEDNAGAR HALT,NR,4.6,27,27
COR02699,ROHN,ASE,ROHEDNAGAR HALT,ASAUDAH,NR,5.14,27,27
COR02700,ASE,BGZ,ASAUDAH,BAHADURGARH,NR,8.07,27,27
COR02701,BGZ,GHE,BAHADURGARH,GHEVRA,NR,6.67,27,27
COR02702,GHE,MQC,GHEVRA,MUNDKA,NR,2.96,27,27
COR02703,MQC,NNO,MUNDKA,NANGLOI,NR,2.78,27,27
COR02704,NNO,MGLP,NANGLOI,MANGOLPURI,NR,3.3,27,27
COR02705,MGLP,SSB,MANGOLPURI,SHAKURBASTI,NR,3.85,27,27
COR02706,BRND,MDGR,BORIDAND,Manendragarh,SECR,5.68,7,7
COR02707,MDGR,PRDL,Manendragarh,Paradol,SECR,3.56,7,7
COR02708,PRDL,CHRM,Paradol,Chirmiri,SECR,17.81,7,7
COR02709,MBP,BKT,MOHIBULLAPUR,BAKSHI KA TALAB,NER,8.41,12,12
COR02710,BKT,SD,BAKSHI KA TALAB,SIDHAULI,NER,34.13,1,1
COR02711,SD,KMP,SIDHAULI,KAMLAPUR,NER,10.94,7,7
COR02712,KMP,KB,KAMLAPUR,KHAIRATABAD,NER,17.81,1,1
COR02713,KB,STP,KHAIRATABAD,SITAPUR,NER,5.94,11,11
COR02714,STP,JKP,SITAPUR,JHAREKAPUR,NER,13.9,10,10
COR02715,HA,OEL,HARGAON,OEL,NER,5.96,5,5
COR02716,OEL,KDPS,OEL,KADIPUR SANI HA,NER,5.66,3,3
COR02717,LMP,DEO,LAKHIMPUR,DEOKALI,NER,7.86,11,11
COR02718,DEO,PD,DEOKALI,PHARADAHAN,NER,7.41,11,11
COR02719,PD,RZJ,PHARADAHAN,RAZAGANJ,NER,0.14,11,11
COR02720,RZJ,BFV,RAZAGANJ,BAHELIA BUZURG,NER,13.18,4,4
COR02721,BFV,GK,BAHELIA BUZURG,GOLA GOKARANATH,NER,5.55,4,4
COR02722,GK,BNKJ,GOLA GOKARANATH,BANKE GANJ,NER,10.05,12,12
COR02723,BNKJ,MLN,BANKE GANJ,MAILANI,NER,15.54,12,12
COR02724,SW,KRYA,SEHRAMAU,KURRAIYA,NER,8.07,12,12
COR02725,KRYA,DYK,KURRAIYA,DUDHIA KHURD,NER,7.0,12,12
COR02726,SG,SNDY,SHAHGARH,SANDAI,NER,5.3,4,4
COR02727,SNDY,MALA,SANDAI,MALA,NER,7.57,4,4
COR02728,MALA,DYU,MALA,DIYURI,NER,4.16,4,4
COR02729,DYU,PBE,DIYURI,PILIBHIT JN,NER,6.2,4,4
COR02730,JOR,MBGA,Jalor,Marwar Bagra,NWR,16.68,1,1
COR02731,VRA,CBU,Valavanur,Chinna Babu Samudram,SR,12.25,9,9
COR02732,CBU,VI,Chinna Babu Samudram,Villianur,SR,7.73,9,9
COR02733,VI,PDY,Villianur,Puducherry,SR,7.71,9,9
COR02734,NEM,BRAM,NEMEM,BALARAMAPURAM,SR,5.36,18,18
COR02735,BRAM,NYY,BALARAMAPURAM,NEYYATTINKARA,SR,3.94,18,18
COR02736,NYY,AMVA,NEYYATTINKARA,AMARAVILA HALT,SR,2.58,18,18
COR02737,AMVA,DAVM,AMARAVILA HALT,DHANUVACHAPURAM,SR,3.33,18,18
COR02738,DAVM,PASA,DHANUVACHAPURAM,PARASHSHALA,SR,6.27,18,18
COR02739,PASA,KZTW,PARASHSHALA,KULITTURAI WEST,SR,5.19,18,18
COR02740,KZTW,KZT,KULITTURAI WEST,KULITTHURAI,SR,2.58,18,18
COR02741,KZT,PYD,KULITTHURAI,PALLIYADI,SR,6.11,18,18
COR02742,PYD,ERL,PALLIYADI,ERANIEL,SR,7.92,18,18
COR02743,ERL,VRLR,ERANIEL,VIRANI ALUR,SR,6.95,18,18
COR02744,VRLR,NJT,VIRANI ALUR,NAGERCOIL TOWN,SR,5.61,18,18
COR02745,NJT,NCJ,NAGERCOIL TOWN,NAGERCOIL JN,SR,3.9,18,18
COR02746,ARJ,DHE,AUNRIHAR JN,Dodhi,NER,20.04,1,1
COR02747,DHE,MFJ,Dodhi,Muftiganj,NER,20.21,1,1
COR02748,MFJ,JNU,Muftiganj,JAUNPUR JN,NER,14.56,1,1
COR02749,STPM,RMV,S NARAYANAPURAM,RAMAVARAPPADU,SCR,3.39,2,2
COR02750,UPL,TNRU,UPPALUR,TENNERU,SCR,3.64,2,2
COR02751,TNRU,TGU,TENNERU,TARIGOPPULA,SCR,2.41,2,2
COR02752,BVRT,BVRM,BHIMAVARAM TOWN,Bhimavaram Junction,SCR,2.34,13,13
COR02753,BVRM,PAGM,Bhimavaram Junction,Pennada Agraharam,SCR,4.2,9,9
COR02754,PAGM,SGKM,Pennada Agraharam,Srungavruksham,SCR,2.6,9,9
COR02755,SGKM,VVM,Srungavruksham,Viravasaram,SCR,3.27,9,9
COR02756,VVM,SVDC,Viravasaram,Sivadevunichkla,SCR,2.91,9,9
COR02757,SVDC,LKDU,Sivadevunichkla,Lankalakoderu,SCR,2.38,9,9
COR02758,LKDU,PKO,Lankalakoderu,Palakollu,SCR,4.06,9,9
COR02759,PKO,NS,Palakollu,Narasapur,SCR,8.69,9,9
COR02760,BDWS,LWS,BADARWAS,LUKWASA,WCR,14.39,7,7
COR02761,LWS,KLRS,LUKWASA,KOLARAS,WCR,12.76,7,7
COR02762,GZN,GUH,NEW GHAZIABAD,GULDHAR,NR,3.7,23,23
COR02763,MDNR,MUZ,MODINAGAR,MOHIUDDINPUR,NR,8.03,28,28
COR02764,MUZ,PRTP,MOHIUDDINPUR,PARTAPUR,NR,5.15,28,28
COR02765,PRTP,MTC,PARTAPUR,MEERUT CITY,NR,6.38,28,28
COR02766,MTC,MUT,MEERUT CITY,MEERUT CANT,NR,4.42,29,29
COR02767,MUT,PQY,MEERUT CANT,PABLI KHAS,NR,4.59,28,28
COR02768,PQY,DRLA,PABLI KHAS,DAURALA,NR,6.49,28,28
COR02769,DRLA,SKF,DAURALA,SAKHOTI TANDA,NR,8.82,28,28
COR02770,SKF,KAT,SAKHOTI TANDA,KHATAULI,NR,9.2,28,28
COR02771,KAT,MSP,KHATAULI,MANSURPUR,NR,9.24,28,28
COR02772,MSP,JDW,MANSURPUR,JARAUDA NARA,NR,8.05,28,28
COR02773,JDW,MOZ,JARAUDA NARA,MUZAFFARNAGAR,NR,4.67,28,28
COR02774,MOZ,BMHR,MUZAFFARNAGAR,BAMANHERI,NR,5.12,28,28
COR02775,BMHR,RNA,BAMANHERI,ROHANA KALAN,NR,7.07,28,28
COR02776,RNA,DBD,ROHANA KALAN,DEOBAND,NR,11.69,28,28
COR02777,DBD,THJ,DEOBAND,TALHERI BUZURG,NR,10.0,28,28
COR02778,THJ,NGL,TALHERI BUZURG,NANGAL,NR,7.6,28,28
COR02779,NGL,TPZ,NANGAL,TAPRI JN,NR,9.98,28,28
COR02780,KKDI,KNPL,Karaikkudi Junction,Kandanur Puduvayal,SR,,3,3
COR02781,KNPL,VMM,Kandanur Puduvayal,Valaramanikkam,SR,,3,3
COR02782,VMM,ATQ,Valaramanikkam,Arantangi,SR,,3,3
COR02783,ATQ,AYI,Arantangi,Ayingudi,SR,,3,3
COR02784,AYI,PVI,Ayingudi,Peravurani,SR,,3,3
COR02785,PVI,TCT,Peravurani,Tiruchitrambalam,SR,,3,3
COR02786,TCT,PKT,Tiruchitrambalam,Pattukottai,SR,,3,3
COR02787,PKT,AMM,Pattukottai,Atirampattinam,SR,,3,3
COR02788,AMM,MTT,Atirampattinam,Mutupet,SR,,3,3
COR02789,MTT,TAM,Mutupet,Tilaivilagam,SR,,3,3
COR02790,TAM,TTP,Tilaivilagam,Tiruturaipudi Junction,SR,,3,3
COR02791,DDR,MRU,MUMBAI DADAR WEST,MUMBAI MATUNGA ROAD,WR,1.06,26,26
COR02792,MRU,MM,MUMBAI MATUNGA ROAD,MUMBAI MAHIM JN,WR,1.33,26,26
COR02793,MM,BA,MUMBAI MAHIM JN,BANDRA,WR,1.69,26,26
COR02794,BA,BDTS,BANDRA,MUMBAI BANDRA TERMINUS,WR,0.83,26,26
COR02795,BDTS,KHAR,MUMBAI BANDRA TERMINUS,KHAR,WR,0.81,51,51
COR02796,KHAR,STC,KHAR,SANTA CRUZ,WR,1.44,51,51
COR02797,STC,VLP,SANTA CRUZ,VILE PARLE,WR,1.93,53,53
COR02798,VLP,ADH,VILE PARLE,ANDHERI,WR,2.05,53,53
COR02799,ADH,JOS,ANDHERI,JOGESHWARI,WR,2.14,53,53
COR02800,JOS,GMN,JOGESHWARI,GOREGAON,WR,3.1,45,45
COR02801,GMN,MDD,GOREGAON,MALAD,WR,2.52,53,53
COR02802,MDD,KILE,MALAD,KANDIVLI,WR,1.97,53,53
COR02803,KILE,BVI,KANDIVLI,BORIVALI,WR,2.73,53,53
COR02804,BVI,DIC,BORIVALI,DAHISAR,WR,2.41,54,54
COR02805,DIC,MIRA,DAHISAR,MIRA ROAD,WR,3.37,54,54
COR02806,MIRA,BYR,MIRA ROAD,BHAYANDAR,WR,3.51,54,54
COR02807,BYR,NIG,BHAYANDAR,NAIGAON,WR,4.41,54,54
COR02808,NIG,BSR,NAIGAON,VASAI ROAD,WR,3.79,54,54
COR02809,BSR,NSP,VASAI ROAD,NALLA SOPARA,WR,4.2,87,87
COR02810,NSP,VR,NALLA SOPARA,VIRAR,WR,4.1,87,87
COR02811,VR,VTN,VIRAR,VAITARNA,WR,8.08,92,92
COR02812,VTN,SAH,VAITARNA,SAPHALE,WR,7.17,92,92
COR02813,SAH,KLV,SAPHALE,KELVA ROAD,WR,6.25,92,92
COR02814,KLV,PLG,KELVA ROAD,PALGHAR,WR,8.39,92,92
COR02815,PLG,UOI,PALGHAR,UMROLI,WR,6.4,92,92
COR02816,UOI,BOR,UMROLI,BOISAR,WR,4.9,92,92
COR02817,BOR,VGN,BOISAR,VANGAON,WR,9.38,92,92
COR02818,VGN,DRD,VANGAON,DAHANU ROAD,WR,12.23,92,92
COR02819,DRD,GVD,DAHANU ROAD,GHOLVAD,WR,10.65,90,90
COR02820,GVD,BRRD,GHOLVAD,BORDI ROAD,WR,4.93,90,90
COR02821,BRRD,UBR,BORDI ROAD,UMBARGAM ROAD,WR,4.31,90,90
COR02822,UBR,SJN,UMBARGAM ROAD,SANJAN,WR,5.26,90,90
COR02823,SJN,BLD,SANJAN,BHILAD,WR,11.63,90,90
COR02824,BLD,KEB,BHILAD,KARAMBELI,WR,4.8,91,91
COR02825,KEB,VAPI,KARAMBELI,VAPI,WR,6.49,91,91
COR02826,VAPI,UVD,VAPI,UDVADA,WR,9.71,64,64
COR02827,UVD,PAD,UDVADA,PARDI,WR,5.8,90,90
COR02828,PAD,ATUL,PARDI,ATUL,WR,3.51,90,90
COR02829,ATUL,BL,ATUL,VALSAD,WR,7.14,90,90
COR02830,BL,DGI,VALSAD,DUNGRI,WR,8.91,95,95
COR02831,DGI,JRS,DUNGRI,JORAVASAN,WR,5.03,95,95
COR02832,JRS,BIM,JORAVASAN,BILIMORA JN,WR,3.76,95,95
COR02833,BIM,AML,BILIMORA JN,AMALSAD,WR,5.55,95,95
COR02834,AML,ACL,AMALSAD,ANCHELI,WR,3.93,95,95
COR02835,ACL,VDH,ANCHELI,VEDCHHA,WR,3.4,95,95
COR02836,VDH,NVS,VEDCHHA,NAVSARI,WR,8.35,68,68
COR02837,NVS,MRL,NAVSARI,MAROLI,WR,8.51,95,95
COR02838,MRL,SCH,MAROLI,SACHIN,WR,6.63,95,95
COR02839,SCH,BHET,SACHIN,BHESTAN,WR,5.74,95,95
COR02840,MDNR,MUD,MODINAGAR,MURADNAGAR,NR,9.94,10,10
COR02841,MUD,GZN,MURADNAGAR,NEW GHAZIABAD,NR,11.55,3,3
COR02842,BAY,BYC,BELLARY JN,BELLARY CANT,SWR,3.01,15,15
COR02843,BYC,KDN,BELLARY CANT,KUDATINI,SWR,15.79,15,15
COR02844,KDN,DAJ,KUDATINI,DUROJI,SWR,6.94,15,15
COR02845,DAJ,TNGL,DUROJI,TORANAGALLU,SWR,4.71,15,15
COR02846,TNGL,GNR,TORANAGALLU,GADIGANURU,SWR,7.17,14,14
COR02847,GNR,PKL,GADIGANURU,PAPINAYAKNAHALI,SWR,11.77,13,13
COR02848,PKL,KGW,PAPINAYAKNAHALI,KARIGANURU,SWR,6.4,15,15
COR02849,KGW,HPT,KARIGANURU,HOSPET JN,SWR,6.43,15,15
COR02850,HPT,MRB,HOSPET JN,MUNIRABAD,SWR,5.91,13,13
COR02851,MRB,HTNL,MUNIRABAD,HITNAL,SWR,5.61,14,14
COR02852,HTNL,GIN,HITNAL,GINIGERA,SWR,4.91,14,14
COR02853,GIN,KBL,GINIGERA,KOPPAL,SWR,11.13,14,14
COR02854,KBL,BNP,KOPPAL,BHANAPUR,SWR,12.1,14,14
COR02855,BNP,BNA,BHANAPUR,BANNI KOPPA,SWR,10.38,14,14
COR02856,BNA,SOQ,BANNI KOPPA,SOMPUR ROAD,SWR,7.66,14,14
COR02857,SOQ,RLP,SOMPUR ROAD,HARLAPUR,SWR,7.94,14,14
COR02858,RLP,KGX,HARLAPUR,KANGINHAL,SWR,8.72,14,14
COR02859,KGX,GDG,KANGINHAL,GADAG JN,SWR,8.29,14,14
COR02860,GDG,LKT,GADAG JN,HULKOTI,SWR,11.85,18,18
COR02861,LKT,NGR,HULKOTI,ANNIGERI,SWR,10.84,18,18
COR02862,NGR,SVHE,ANNIGERI,SISVINHALLI,SWR,11.95,18,18
COR02863,SVHE,HBS,SISVINHALLI,HEBSUR,SWR,3.91,20,20
COR02864,HBS,KUG,HEBSUR,KUSUGALI,SWR,6.33,20,20
COR02865,KUG,UBL,KUSUGALI,HUBLI JN,SWR,10.28,18,18
COR02866,KGM,HDW,KATHGODAM,HALDWANI,NER,5.85,9,9
COR02867,HDW,LKU,HALDWANI,LAL KUAN,NER,16.04,9,9
COR02868,LKU,GUB,LAL KUAN,GULARBHOJ,NER,21.48,4,4
COR02869,GUB,BRDT,GULARBHOJ,BERIA DAULAT,NER,9.16,4,4
COR02870,BRDT,BPZ,BERIA DAULAT,BAZPUR,NER,6.81,4,4
COR02871,BPZ,SKX,BAZPUR,SARKARA,NER,6.21,4,4
COR02872,SKX,KPV,SARKARA,KASHIPUR,NER,12.63,4,4
COR02873,KPV,ALJ,KASHIPUR,ALAI,NER,7.33,8,8
COR02874,ALJ,PAQ,ALAI,PADIYA NAQLA,NER,6.89,7,7
COR02875,PAQ,RHN,PADIYA NAQLA,ROSHANPUR,NER,4.78,7,7
COR02876,PLS,SEW,PIPALSANA,SEHAL,NER,3.93,7,7
COR02877,SEW,GOT,SEHAL,GOT,NER,5.29,7,7
COR02878,BETI,ALV,Bhetasi,Anklav,WR,4.66,2,2
COR02879,ALV,DOW,Anklav,Davol,WR,4.8,2,2
COR02880,DOW,BO,Davol,Borsad,WR,4.53,2,2
COR02881,BO,BCHN,Borsad,Bochasan Junction,WR,6.32,2,2
COR02882,BCHN,RAS,Bochasan Junction,Ras,WR,,2,2
COR02883,RAS,KTNA,Ras,Kathana,WR,,2,2
COR02884,VVB,DSA,VIVEKA VIHAR,DELHI SHAHDARA,NR,2.57,52,52
COR02885,DSA,DLI,DELHI SHAHDARA,OLD DELHI,NR,6.45,61,61
COR02886,RMR,PRM,RAMNAGAR,PIRUMADARA,NER,10.19,6,6
COR02887,PRM,GWS,PIRUMADARA,GAUSHALA,NER,4.73,6,6
COR02888,GWS,KPV,GAUSHALA,KASHIPUR,NER,11.45,8,8
COR02889,DRHI,HRD,DAGARHKERI,Harsud,WCR,,34,34
COR02890,HRD,BRUD,Harsud,BARUD,WCR,,34,34
COR02891,CAER,KHA,CHHANERA,Khaigaon,WCR,23.95,32,32
COR02892,KHA,SGBJ,Khaigaon,SURGAON BANJARI,WCR,9.77,32,32
COR02893,SGBJ,MTA,SURGAON BANJARI,MATHELA,WCR,17.52,31,31
COR02894,KNW,BMA,KHANDWA,BAGMAR,CR,9.65,34,34
COR02895,DGN,MWA,DONGARGAON,MANDWA,CR,14.05,34,34
COR02896,NCJ,NJT,NAGERCOIL JN,NAGERCOIL TOWN,SR,3.9,18,18
COR02897,NJT,VRLR,NAGERCOIL TOWN,VIRANI ALUR,SR,5.61,18,18
COR02898,VRLR,ERL,VIRANI ALUR,ERANIEL,SR,6.95,18,18
COR02899,ERL,PYD,ERANIEL,PALLIYADI,SR,7.92,18,18
COR02900,PYD,KZT,PALLIYADI,KULITTHURAI,SR,6.11,18,18
COR02901,KZT,KZTW,KULITTHURAI,KULITTURAI WEST,SR,2.58,18,18
COR02902,KZTW,PASA,KULITTURAI WEST,PARASHSHALA,SR,5.19,18,18
COR02903,PASA,DAVM,PARASHSHALA,DHANUVACHAPURAM,SR,6.27,18,18
COR02904,DAVM,AMVA,DHANUVACHAPURAM,AMARAVILA HALT,SR,3.33,18,18
COR02905,AMVA,NYY,AMARAVILA HALT,NEYYATTINKARA,SR,2.58,18,18
COR02906,NYY,BRAM,NEYYATTINKARA,BALARAMAPURAM,SR,3.94,18,18
COR02907,BRAM,NEM,BALARAMAPURAM,NEMEM,SR,5.36,18,18
COR02908,KXJ,NLBR,Karimganj Junction,Nilambazar,NFR,13.09,4,4
COR02909,NLBR,KTGM,Nilambazar,Kayasthagram,NFR,2.74,4,4
COR02910,KTGM,BRGM,Kayasthagram,Baraigram Junction,NFR,4.23,4,4
COR02911,BRGM,ELL,Baraigram Junction,Eraligu,NFR,2.38,1,1
COR02912,ELL,PKGM,Eraligu,Phakhoagram,NFR,2.83,1,1
COR02913,PKGM,BZGT,Phakhoagram,Bazurghat,NFR,5.6,1,1
COR02914,BZGT,RTBR,Bazurghat,Ratabari,NFR,5.2,1,1
COR02915,RTBR,APU,Ratabari,Anipur,NFR,3.43,1,1
COR02916,APU,DLCR,Anipur,Dullabcherra,NFR,6.27,1,1
COR02917,SUBR,ITE,Subhagpur,Intiyathok,NER,1.64,5,5
COR02918,ITE,BLP,Intiyathok,Balrampur,NER,20.53,2,2
COR02919,BLP,JKNI,Balrampur,Jharkhandi,NER,2.69,5,5
COR02920,JKNI,GAW,Jharkhandi,Gainjahwa,NER,6.88,5,5
COR02921,GAW,KPE,Gainjahwa,Kauwapur,NER,8.57,5,5
COR02922,KPE,TLR,Kauwapur,Tulsipur,NER,11.33,5,5
COR02923,TLR,LBW,Tulsipur,Laiburwa Halt,NER,5.65,5,5
COR02924,LBW,GIR,Laiburwa Halt,Gainsari Junction,NER,7.48,5,5
COR02925,GIR,PPW,Gainsari Junction,Pachperwa,NER,11.21,5,5
COR02926,PPW,TPB,Pachperwa,Trilokpur,NER,4.8,5,5
COR02927,TPB,BNY,Trilokpur,Barhni,NER,9.06,5,5
COR02928,BNY,PRZ,Barhni,Parsa,NER,13.34,3,3
COR02929,PRZ,SOT,Parsa,Shohratgarh,NER,9.01,3,3
COR02930,SOT,CIH,Shohratgarh,Chilhia,NER,3.3,5,5
COR02931,CIH,AHU,Chilhia,Ahirauli,NER,6.6,5,5
COR02932,AHU,NUH,Ahirauli,Naugarh,NER,6.41,5,5
COR02933,NUH,UB,Naugarh,Uska Bazar,NER,10.16,5,5
COR02934,UB,BMJ,Uska Bazar,Bridgemanganj,NER,7.06,5,5
COR02935,BMJ,LER,Bridgemanganj,Lehra,NER,5.29,5,5
COR02936,LER,ANDN,Lehra,Anand Nagar,NER,7.35,5,5
COR02937,WL,CLE,WARANGAL,CHINTALPALLI,SCR,12.06,58,58
COR02938,NGNT,VJA,NEW GUNTUR,VEJANDLA,SCR,10.42,3,3
COR02939,VJA,SJL,VEJANDLA,SANGAM JAGARLAMUDI,SCR,5.52,13,13
COR02940,SJL,AKU,SANGAM JAGARLAMUDI,ANGALAKUDURU,SCR,4.12,13,13
COR02941,TMLP,CJ,TIRUMALPUR,KANCHIPURAM,SR,12.37,7,7
COR02942,CJ,CJE,KANCHIPURAM,KANCHIPURAM EAST,SR,1.3,6,6
COR02943,CJE,NTT,KANCHIPURAM EAST,NATHAPETTAI,SR,5.14,6,6
COR02944,NTT,WJ,NATHAPETTAI,WALAJABAD,SR,7.37,7,7
COR02945,WJ,PYV,WALAJABAD,PAZHAYA SEEVARAM,SR,6.81,7,7
COR02946,PYV,PALR,PAZHAYA SEEVARAM,PALUR,SR,3.38,7,7
COR02947,PALR,VB,PALUR,VILLIYAMBAKKAM,SR,2.76,7,7
COR02948,VB,RDY,VILLIYAMBAKKAM,REDIPALAYAM,SR,2.75,7,7
COR02949,KTW,SNX,KOTDWARA,SANEH ROAD,NR,9.12,6,6
COR02950,SQE,KEK,SAMRLA,KARKHELI,SCR,6.3,16,16
COR02951,PARD,NED,PATHRAD,HUZUR SAHIB NANDED,SCR,8.96,19,19
COR02952,PAU,MQL,PURNA JN,MIRKHAL,SCR,11.83,24,24
COR02953,MQL,PIZ,MIRKHAL,PINGLI,SCR,6.24,24,24
COR02954,PIZ,PBN,PINGLI,PARBHANI JN,SCR,9.79,24,24
COR02955,PBN,SNGR,PARBHANI JN,SANGANAPUR,SCR,8.62,11,11
COR02956,SNGR,PKNS,SANGANAPUR,POKHARNI NARASIMHA,SCR,7.78,11,11
COR02957,PKNS,DNDI,POKHARNI NARASIMHA,DHONDI,SCR,1.47,11,11
COR02958,DNDI,GNH,DHONDI,GANGAKHER,SCR,14.92,11,11
COR02959,GNH,VDGN,GANGAKHER,VADGAON NILA,SCR,12.98,10,10
COR02960,VDGN,UKH,VADGAON NILA,UKHALI,SCR,4.16,11,11
COR02961,UKH,PRLI,UKHALI,PARLI VAIJNATH,SCR,10.83,11,11
COR02962,CNR,BLLI,CHANDAR,BALLI,SWR,12.9,1,1
COR02963,BLLI,CNO,BALLI,CANCONA,KR,16.22,22,22
COR02964,AT,KAWR,ASNOTI,KARWAR,KR,7.2,22,22
COR02965,CTTP,BTJL,CHITRAPUR HALT,BHATKAL,KR,6.14,18,18
COR02966,KLAD,KQK,KALANAD HALT,KOTIKULAM,SR,5.64,16,16
COR02967,BFR,KZE,BEKAL FORT,KANHANGAD,SR,8.6,16,16
COR02968,CAN,CS,KANNUR,KANNUR SOUTH,SR,3.5,40,40
COR02969,CS,ETK,KANNUR SOUTH,ETAKKOT,SR,8.25,40,40
COR02970,ETK,DMD,ETAKKOT,DHARMADAM,SR,3.73,40,40
COR02971,DMD,TLY,DHARMADAM,THALASSERY,SR,4.28,40,40
COR02972,TLY,JGE,THALASSERY,JAGANNATH TEMPLE GATE,SR,2.34,40,40
COR02973,JGE,MAHE,JAGANNATH TEMPLE GATE,MAHE,SR,6.06,40,40
COR02974,MAHE,MUKE,MAHE,MUKKALI,SR,1.71,40,40
COR02975,MUKE,NAU,MUKKALI,NADAPURAM ROAD,SR,5.68,40,40
COR02976,NAU,BDJ,NADAPURAM ROAD,VADAKARA,SR,5.28,40,40
COR02977,BDJ,IGL,VADAKARA,IRINGAL,SR,5.57,40,40
COR02978,IGL,PYOL,IRINGAL,PAYYOLI,SR,3.62,40,40
COR02979,PYOL,TKT,PAYYOLI,TIKKOTTI,SR,3.07,40,40
COR02980,TKT,VEK,TIKKOTTI,VELLARAKKAD,SR,3.58,40,40
COR02981,VEK,QLD,VELLARAKKAD,QUILANDI,SR,5.29,40,40
COR02982,QLD,CMC,QUILANDI,CHEMANCHERI,SR,5.36,40,40
COR02983,CMC,ETR,CHEMANCHERI,ELATTUR,SR,6.95,40,40
COR02984,ETR,WH,ELATTUR,WEST HILL,SR,7.2,40,40
COR02985,WH,VLL,WEST HILL,VELLAYIL,SR,2.6,40,40
COR02986,VLL,CLT,VELLAYIL,KOZHIKODE,SR,2.13,40,40
COR02987,CLT,KUL,KOZHIKODE,KALLAYI,SR,1.59,41,41
COR02988,KUL,FK,KALLAYI,FEROK,SR,8.02,41,41
COR02989,FK,KN,FEROK,KADALUNDI,SR,4.62,41,41
COR02990,KN,VLI,KADALUNDI,VALLIKUNNU,SR,5.43,41,41
COR02991,VLI,PGI,VALLIKUNNU,PARPANANGADI,SR,5.06,41,41
COR02992,PGI,TA,PARPANANGADI,TANUR,SR,7.68,41,41
COR02993,TA,TIR,TANUR,TIRUR,SR,8.22,41,41
COR02994,TIR,TUA,TIRUR,TIRUNNAVAYA,SR,8.45,41,41
COR02995,TUA,KTU,TIRUNNAVAYA,KUTTIPPURAM,SR,6.13,41,41
COR02996,KTU,PEU,KUTTIPPURAM,PERSSANNUR,SR,3.55,41,41
COR02997,PEU,PUM,PERSSANNUR,PALLIPPURAM,SR,5.12,41,41
COR02998,PUM,KODN,PALLIPPURAM,KODUMUNDA,SR,4.3,41,41
COR02999,KODN,PTB,KODUMUNDA,PATTAMBI,SR,4.52,41,41
COR03000,PTB,KRKD,PATTAMBI,KARAKKAD,SR,5.51,41,41
COR03001,NPV,LLP,Narpatganj,Lalitgram,ECR,,5,5
COR03002,LLP,PPV,Lalitgram,Pratapganj,ECR,,5,5
COR03003,PPV,SRGR,Pratapganj,Saraygarh,ECR,,5,5
COR03004,SRGR,TB,Saraygarh,Tharbitia,ECR,,5,5
COR03005,TB,SOU,Tharbitia,Supaul,ECR,12.47,5,5
COR03006,SOU,GEB,Supaul,Garh Baruari,ECR,10.92,5,5
COR03007,GEB,PGC,Garh Baruari,Panchgachia,ECR,5.61,6,6
COR03008,PGC,SHKY,Panchgachia,Saharsa Kutchery Halt,ECR,,5,5
COR03009,SHKY,SHC,Saharsa Kutchery Halt,SAHARSA JN,ECR,,6,6
COR03010,UPL,TGU,UPPALUR,TARIGOPPULA,SCR,6.04,11,11
COR03011,GDV,NUJ,GUDIVADA JN,Nujella,SCR,6.08,4,4
COR03012,NUJ,GVL,Nujella,Gudlavalleru,SCR,4.94,4,4
COR03013,GVL,KVM,Gudlavalleru,Kavutaram,SCR,3.32,3,3
COR03014,KVM,VMD,Kavutaram,Vadlamannadu,SCR,4.47,3,3
COR03015,VMD,PAV,Vadlamannadu,Pedana,SCR,7.18,4,4
COR03016,PAV,CLU,Pedana,Chilakalapudi,SCR,5.83,4,4
COR03017,CLU,MTM,Chilakalapudi,Machilipatnam,SCR,4.36,4,4
COR03018,KLI,DOC,Kauli,Daun Kalan,NR,7.32,12,12
COR03019,DOC,PTA,Daun Kalan,Patiala,NR,6.51,12,12
COR03020,PTA,PTE,Patiala,Patiala Cantt.,NR,2.43,11,11
COR03021,PTE,DBN,Patiala Cantt.,Dhablan,NR,9.81,11,11
COR03022,DBN,NBA,Dhablan,Nabha,NR,12.85,11,11
COR03023,NBA,KKRL,Nabha,Kakrala,NR,6.91,11,11
COR03024,KKRL,CTW,Kakrala,Chhintanwala,NR,5.79,11,11
COR03025,CTW,KLSX,Chhintanwala,Kaulseri,NR,6.99,11,11
COR03026,KLSX,DUI,Kaulseri,DHURI JN,NR,7.19,11,11
COR03027,DUI,ALL,DHURI JN,ALAL,NR,14.0,11,11
COR03028,ALL,SEQ,ALAL,SEKHA,NR,7.39,11,11
COR03029,SEQ,BNN,SEKHA,BARNALA,NR,9.14,12,12
COR03030,BNN,HYA,BARNALA,HADIAYA,NR,7.86,12,12
COR03031,HYA,GUNS,HADIAYA,GHUNAS,NR,5.73,12,12
COR03032,GUNS,TAPA,GHUNAS,TAPA,NR,5.58,12,12
COR03033,TAPA,JHK,TAPA,JETHUKE,NR,4.86,12,12
COR03034,JHK,PUL,JETHUKE,RAMPURA PHUL,NR,8.06,12,12
COR03035,PUL,LHM,RAMPURA PHUL,LEHRA MUHABBAT,NR,8.06,12,12
COR03036,LHM,BCU,LEHRA MUHABBAT,BHUCHCHU,NR,7.12,11,11
COR03037,BCU,BTIC,BHUCHCHU,BHATINDA CANTT,NR,13.73,12,12
COR03038,BTIC,BTI,BHATINDA CANTT,BHATINDA JN,NR,2.96,12,12
COR03039,CVD,PAS,CHAVADIPALAIYAM,PASUR,SR,6.47,22,22
COR03040,PAS,URL,PASUR,UNJALUR,SR,12.25,17,17
COR03041,URL,KMD,UNJALUR,KODUMUDI,SR,5.87,22,22
COR03042,KMD,PGR,KODUMUDI,PUGALUR,SR,11.77,17,17
COR03043,PGR,MPLM,PUGALUR,MARTHIPALAYAM,SR,4.89,22,22
COR03044,MPLM,KRR,MARTHIPALAYAM,KARUR,SR,9.17,22,22
COR03045,KRR,VEI,KARUR,VELLIYANI,SR,14.23,7,7
COR03046,VEI,PALM,VELLIYANI,PALAIYAM,SR,13.7,9,9
COR03047,PALM,EDU,PALAIYAM,ERIODU,SR,23.9,7,7
COR03048,TY,SRT,TULUKAPATI,SATUR,SR,12.33,23,23
COR03049,SRT,CVP,SATUR,KOVILPATTI,SR,20.18,11,11
COR03050,CVP,KDU,KOVILPATTI,KADAMBUR,SR,20.1,11,11
COR03051,KDU,IVL,KADAMBUR,ILAVELANGAL,SR,7.2,23,23
COR03052,IVL,MEJ,ILAVELANGAL,VANCHIMANIYACHI,SR,6.52,23,23
COR03053,MEJ,NRK,VANCHIMANIYACHI,NARAIKKINAR,SR,5.78,22,22
COR03054,NRK,GDN,NARAIKKINAR,GANGAIKONDAN,SR,7.07,22,22
COR03055,GDN,TAY,GANGAIKONDAN,TALAIYUTHU,SR,8.1,22,22
COR03056,TAY,TEN,TALAIYUTHU,TIRUNELVELI,SR,5.82,22,22
COR03057,TEN,MP,TIRUNELVELI,MELAPPALAIYAM,SR,3.36,17,17
COR03058,MP,SGLM,MELAPPALAIYAM,SENGULAM,SR,11.28,17,17
COR03059,SGLM,NNN,SENGULAM,NANGUNERI,SR,13.3,17,17
COR03060,NNN,DYS,NANGUNERI,DALAPATHY SAMUDRAM,SR,7.04,17,17
COR03061,DYS,VLY,DALAPATHY SAMUDRAM,VALLIYUR,SR,6.61,17,17
COR03062,VLY,NPK,VALLIYUR,NORTH PANAKUDI,SR,7.55,17,17
COR03063,NPK,AAY,NORTH PANAKUDI,ARALVAYMOZHI,SR,9.41,17,17
COR03064,AAY,THX,ARALVAYMOZHI,TOVALAI,SR,3.46,17,17
COR03065,THX,NCJ,TOVALAI,NAGERCOIL JN,SR,9.18,17,17
COR03066,MRLI,RJL,Murli Halt,Rajmahal,ER,7.06,2,2
COR03067,ONR,WEL,Coonoor,Wellington,SR,1.47,4,4
COR03068,WEL,AVK,Wellington,Aravankadu,SR,1.87,4,4
COR03069,AVK,KXT,Aravankadu,Ketti,SR,4.3,4,4
COR03070,KXT,LOV,Ketti,Lovedale,SR,3.56,4,4
COR03071,LOV,UAM,Lovedale,Udagamandalam,SR,2.68,4,4
COR03072,BVRM,BVRT,Bhimavaram Junction,BHIMAVARAM TOWN,SCR,2.34,12,12
COR03073,BVRT,VND,BHIMAVARAM TOWN,VENDRA,SCR,6.55,10,10
COR03074,CLT,VLL,KOZHIKODE,VELLAYIL,SR,2.13,40,40
COR03075,VLL,WH,VELLAYIL,WEST HILL,SR,2.6,40,40
COR03076,WH,ETR,WEST HILL,ELATTUR,SR,7.2,40,40
COR03077,ETR,CMC,ELATTUR,CHEMANCHERI,SR,6.95,40,40
COR03078,CMC,QLD,CHEMANCHERI,QUILANDI,SR,5.36,40,40
COR03079,QLD,VEK,QUILANDI,VELLARAKKAD,SR,5.29,40,40
COR03080,VEK,TKT,VELLARAKKAD,TIKKOTTI,SR,3.58,40,40
COR03081,TKT,PYOL,TIKKOTTI,PAYYOLI,SR,3.07,40,40
COR03082,PYOL,IGL,PAYYOLI,IRINGAL,SR,3.62,40,40
COR03083,IGL,BDJ,IRINGAL,VADAKARA,SR,5.57,40,40
COR03084,BDJ,NAU,VADAKARA,NADAPURAM ROAD,SR,5.28,40,40
COR03085,NAU,MUKE,NADAPURAM ROAD,MUKKALI,SR,5.68,40,40
COR03086,MUKE,MAHE,MUKKALI,MAHE,SR,1.71,40,40
COR03087,MAHE,JGE,MAHE,JAGANNATH TEMPLE GATE,SR,6.06,40,40
COR03088,JGE,TLY,JAGANNATH TEMPLE GATE,THALASSERY,SR,2.34,40,40
COR03089,TLY,DMD,THALASSERY,DHARMADAM,SR,4.28,40,40
COR03090,DMD,ETK,DHARMADAM,ETAKKOT,SR,3.73,40,40
COR03091,ETK,CS,ETAKKOT,KANNUR SOUTH,SR,8.25,40,40
COR03092,CS,CAN,KANNUR SOUTH,KANNUR,SR,3.5,40,40
COR03093,RGD,SILO,Rajgir,Silao,ECR,5.45,7,7
COR03094,SILO,NLD,Silao,Nalanda,ECR,5.63,7,7
COR03095,NLD,PQE,Nalanda,Pawapuri Road,ECR,6.41,7,7
COR03096,BEHS,SOW,Bihar Sharif,Suhsarai,ECR,7.6,7,7
COR03097,SOW,RRE,Suhsarai,Rahul Road,ECR,0.09,7,7
COR03098,RRE,WENA,Rahul Road,Wena,ECR,5.83,7,7
COR03099,WENA,HRT,Wena,Harnaut,ECR,5.1,7,7
COR03100,PFM,SPGL,PHAPHAMAU JN,Sarai Gopal,NR,5.19,10,10
COR03101,SPGL,ARP,Sarai Gopal,Atrampur,NR,8.11,10,10
COR03102,ARP,RMC,Atrampur,Ram Chaura Road,NR,7.21,10,10
COR03103,RMC,LGO,Ram Chaura Road,LalgopalGanj,NR,6.75,10,10
COR03104,LGO,BHRD,LalgopalGanj,Baghara Road,NR,,1,1
COR03105,BHRD,KHNM,Baghara Road,Kunda Harnamganj,SER,,1,1
COR03106,KHNM,GRMR,Kunda Harnamganj,Garhi Manikpur,NR,13.34,10,10
COR03107,GRMR,PQN,Garhi Manikpur,Pariawan Kalakankar Road,NR,5.59,10,10
COR03108,PQN,ARKA,Pariawan Kalakankar Road,Arkha,NR,5.94,10,10
COR03109,ARKA,UCR,Arkha,Unchahar Junction,NR,4.98,10,10
COR03110,UCR,MNJR,Unchahar Junction,Manjhlepur,NR,15.9,4,4
COR03111,DMW,LLJ,Dalmau Junction,LalGanj,NR,13.46,6,6
COR03112,LLJ,NHF,LalGanj,Nihasta Halt,NR,6.54,6,6
COR03113,NHF,RRS,Nihasta Halt,Raghuraj Singh,NR,6.63,6,6
COR03114,RRS,BSWA,Raghuraj Singh,Baiswara,NR,5.52,4,4
COR03115,BSWA,TQA,Baiswara,Takia,NR,6.04,4,4
COR03116,TQA,BAHP,Takia,Band Hamirpur,NR,4.26,4,4
COR03117,BAHP,BQP,Band Hamirpur,Bighapur,NR,5.81,4,4
COR03118,BQP,TKRP,Bighapur,Tikauli Rawatpur,NR,9.37,4,4
COR03119,TKRP,ACH,Tikauli Rawatpur,Achalganj,NR,8.44,4,4
COR03120,ACH,KURO,Achalganj,Korari,NR,5.08,4,4
COR03121,SGPA,SAPT,Sugapahari,Sugapahari,ER,0.94,4,4
COR03122,SAPT,JGD,Sugapahari,Jagadishpur,ER,4.46,4,4
COR03123,JGD,KBSH,Jagadishpur,Krishna Ballabh,ER,4.69,4,4
COR03124,KBSH,MMD,Krishna Ballabh,Maheshmunda,ER,9.87,4,4
COR03125,RJL,MRLI,Rajmahal,Murli Halt,ER,7.06,1,1
COR03126,DEA,NSF,Diara,Nasibpur,ER,2.03,2,2
COR03127,NSF,SIU,Nasibpur,Singur,ER,3.58,2,2
COR03128,NKL,MLYA,Nalikul,Maliya,ER,3.08,1,1
COR03129,MLYA,HPL,Maliya,Haripal,ER,1.82,1,1
COR03130,HPL,KKAE,Haripal,Kaikala,ER,2.76,1,1
COR03131,KKAE,BAHW,Kaikala,Bahir Khanda,ER,2.65,1,1
COR03132,BAHW,LOK,Bahir Khanda,Loknath,ER,4.4,1,1
COR03133,LOK,TAK,Loknath,Tarakeswar,ER,2.42,1,1
COR03134,DJ,GHUM,Darjeeling,Ghoom,NFR,3.4,6,6
COR03135,GHUM,DJ,Ghoom,Darjeeling,NFR,3.4,7,7
COR03136,DJ,DJRZ,Darjeeling,To Darjeeling,NFR,21.81,4,4
COR03137,SNX,KTW,SANEH ROAD,KOTDWARA,NR,9.12,6,6
COR03138,NTV,BHGP,Nautanwa,Bhagirathpur,NER,11.63,6,6
COR03139,BHGP,LIR,Bhagirathpur,Lachmipur,NER,8.1,6,6
COR03140,LIR,PDPR,Lachmipur,Purandarpur,NER,5.82,6,6
COR03141,PDPR,LVR,Purandarpur,Lokvidyapith Nagar,NER,7.37,6,6
COR03142,LVR,ANDN,Lokvidyapith Nagar,Anand Nagar,NER,6.68,6,6
COR03143,ANDN,LPW,Anand Nagar,Loharpurwa,NER,2.35,3,3
COR03144,LPW,CM,Loharpurwa,Campierganj,NER,2.77,3,3
COR03145,CM,RCRA,Campierganj,Ramchaura,NER,6.65,6,6
COR03146,RCRA,RJ,Ramchaura,Rawat Ganj,NER,4.79,6,6
COR03147,RJ,PJ,Rawat Ganj,Peppeganj,NER,3.15,6,6
COR03148,MIM,JEA,Maniram,Nakaha Jungle,NER,4.31,6,6
COR03149,BIRD,KHBV,BHIWANDI ROAD,KHARBAO,CR,7.27,33,33
COR03150,KHBV,KARD,KHARBAO,KAMAN ROAD,CR,8.04,33,33
COR03151,KARD,JCNR,KAMAN ROAD,JUCHANDRA,CR,5.54,33,33
COR03152,JCNR,BSR,JUCHANDRA,VASAI ROAD,CR,4.91,33,33
COR03153,DWX,BLAX,DEWAS,BARLAI,WR,13.01,28,28
COR03154,BLAX,MGG,BARLAI,MANGLIYA GAON,WR,9.89,28,28
COR03155,RDP,DLX,Radhikapur,Dalimgaon,NFR,6.21,5,5
COR03156,DLX,KAJ,Dalimgaon,Kaliyaganj,NFR,5.61,5,5
COR03157,KAJ,BJY,Kaliyaganj,Bangalbaree,NFR,10.22,5,5
COR03158,BJY,BMGR,Bangalbaree,Bamangram,NFR,3.85,5,5
COR03159,BMGR,RGJ,Bamangram,RaiGanj,NFR,6.38,5,5
COR03160,RGJ,JTK,RaiGanj,Jhitkia,NFR,7.53,5,5
COR03161,JTK,KAU,Jhitkia,Kachna,NFR,2.96,5,5
COR03162,KAU,DHNA,Kachna,Dhachna,NFR,4.04,5,5
COR03163,JRLE,LGL,JANGIPUR ROAD,Lalgola,ER,22.35,7,7
COR03164,LGL,MGLE,Lalgola,MANIGRAM,ER,17.48,7,7
COR03165,AZ,MBB,AZIMGANJ JN,Murshidabad,ER,5.31,7,7
COR03166,MBB,NLSF,Murshidabad,NIYALISH PARA,ER,4.24,7,7
COR03167,NLSF,DHPD,NIYALISH PARA,DHAPARA DHAM,ER,4.37,10,10
COR03168,DHPD,KGLE,DHAPARA DHAM,KHAGRAGHAT ROAD,ER,10.1,10,10
COR03169,CWA,GNW,Chhindwara Junction,Gangiwara,SECR,11.89,8,8
COR03170,GNW,KUX,Gangiwara,Khirsadoh Junction,CR,6.82,8,8
COR03171,KUX,PUX,Khirsadoh Junction,Parasia,CR,6.83,8,8
COR03172,PUX,IKR,Parasia,Iklehra,CR,5.69,8,8
COR03173,IKR,PCLI,Iklehra,Palachauri,CR,5.44,8,8
COR03174,PCLI,JNO,Palachauri,Junnor Deo,CR,6.99,8,8
COR03175,JNO,HRG,Junnor Deo,Hirdagarh,CR,9.39,7,7
COR03176,HRG,MKDN,Hirdagarh,Morkadhana,CR,3.92,7,7
COR03177,MKDN,NVG,Morkadhana,Nawagaon,CR,7.15,7,7
COR03178,NVG,BQM,Nawagaon,Barelipur,CR,5.08,7,7
COR03179,BQM,BXY,Barelipur,Bordhal,CR,8.63,7,7
COR03180,BXY,BCRD,Bordhal,Barchi Road,CR,6.31,7,7
COR03181,BCRD,JMV,Barchi Road,Jambara,CR,6.22,7,7
COR03182,RHA,KLNP,Ranaghat Junction,Kalinarayanpur,ER,3.72,14,14
COR03183,KLNP,BIJ,Kalinarayanpur,Birnagar,ER,3.96,12,12
COR03184,BIJ,THP,Birnagar,Taherpur,ER,2.74,12,12
COR03185,THP,BDZ,Taherpur,Badkulla,ER,5.31,12,12
COR03186,DTR,SNKX,Dhamtari,Sankra,SECR,5.66,3,3
COR03187,SNKX,SPY,Sankra,Sarsonpuri,SECR,6.05,3,3
COR03188,SPY,KRX,Sarsonpuri,Kurud,SECR,8.43,3,3
COR03189,KRX,SIY,Kurud,Sirry,SECR,17.86,3,3
COR03190,SIY,CATD,Sirry,Chataud,SECR,2.8,3,3
COR03191,CATD,AVP,Chataud,Abhanpur Junction,SECR,4.21,3,3
COR03192,AVP,KDRI,Abhanpur Junction,Kendri,SECR,8.96,4,4
COR03193,KDRI,BOV,Kendri,Bhatgaon,SECR,4.8,4,4
COR03194,KGN,TUNG,Kurseong,Tung,NFR,5.24,3,3
COR03195,TUNG,SAD,Tung,Sonada,NFR,4.79,3,3
COR03196,SAD,GHUM,Sonada,Ghoom,NFR,5.7,3,3
COR03197,GG,VTP,GANDHIGRAM,VASTRAPUR,WR,5.61,5,5
COR03198,VTP,SEJ,VASTRAPUR,SARKHEJ,WR,3.58,5,5
COR03199,SEJ,MORA,SARKHEJ,MORAIYA,WR,5.86,5,5
COR03200,MORA,VLA,MORAIYA,BAVLA,WR,15.61,5,5
COR03201,VLA,DOK,BAVLA,DHOLKA,WR,13.3,5,5
COR03202,DOK,GS,DHOLKA,GODHANESHWAR,WR,8.78,5,5
COR03203,GS,KTGD,GODHANESHWAR,KOTH GANGAD,WR,9.02,5,5
COR03204,KTGD,AEJ,KOTH GANGAD,ARNEJ,WR,6.17,5,5
COR03205,AEJ,LHBK,ARNEJ,LOTHAL BHURKI,WR,5.72,5,5
COR03206,LHBK,LO,LOTHAL BHURKI,LOLIYA,WR,7.28,5,5
COR03207,LO,HLB,LOLIYA,HADALA BHAL,WR,4.56,5,5
COR03208,HLB,DIBL,HADALA BHAL,Dholi Bhal,WR,6.84,4,4
COR03209,DIBL,RY,Dholi Bhal,RAYAKA,WR,7.07,4,4
COR03210,RY,DCK,RAYAKA,DHANDHUKA,WR,5.89,4,4
COR03211,DCK,TID,DHANDHUKA,TAGDI,WR,10.13,5,5
COR03212,TID,BNH,TAGDI,BHIMNATH,WR,6.12,5,5
COR03213,BNH,JIL,BHIMNATH,JALILA ROAD,WR,10.8,5,5
COR03214,JIL,SAPR,JALILA ROAD,SARANGPUR ROAD,WR,7.39,5,5
COR03215,SAPR,BTD,SARANGPUR ROAD,BOTAD JN,WR,10.43,4,4
COR03216,KMA,STA,KAIMA,SATNA,WCR,5.07,4,4
COR03217,KTE,MDRR,KATNI,MADHAVNAGAR ROA,WCR,5.23,5,5
COR03218,VRL,SVB,VERAVAL,Savni,WR,13.82,4,4
COR03219,SVB,TAV,Savni,Talala Junction,WR,7.44,4,4
COR03220,TAV,CTRD,Talala Junction,Chitrawad,WR,7.52,3,3
COR03221,CTRD,SASG,Chitrawad,Sasan Gir,WR,8.9,3,3
COR03222,SASG,KANS,Sasan Gir,Kansiya Nes,WR,9.22,3,3
COR03223,KANS,STDR,Kansiya Nes,Satadhar,WR,9.5,3,3
COR03224,STDR,VSW,Satadhar,Visavadar,WR,7.35,3,3
COR03225,VSW,JTV,Visavadar,Jetalvad,WR,7.26,3,3
COR03226,JTV,BADR,Jetalvad,Bhader,WR,10.88,3,3
COR03227,BADR,DARI,Bhader,Dhari Junction,WR,11.07,3,3
COR03228,DARI,CLC,Dhari Junction,Chalala,WR,17.08,3,3
COR03229,CLC,AEP,Chalala,Amreli Para,WR,22.46,3,3
COR03230,AEP,AE,Amreli Para,Amreli,WR,0.02,3,3
COR03231,AE,KJV,Amreli,Khijadiya Junction,WR,15.59,3,3
COR03232,KJV,LAT,Khijadiya Junction,Lathi,WR,11.46,4,4
COR03233,LAT,DAS,Lathi,DHASA JN,WR,14.4,4,4
COR03234,JAO,DOD,JAORA,DHODHAR,WR,15.94,8,8
COR03235,DOD,KCNR,DHODHAR,KACHNARA ROAD,WR,6.54,8,8
COR03236,MDS,PIP,MANDASOR,PIPLIA,WR,15.83,8,8
COR03237,MLG,HKL,MALHARGARH,HARKIA KHAL,WR,12.11,8,8
COR03238,HKL,NMH,HARKIA KHAL,NIMACH,WR,12.69,8,8
COR03239,COR,CNA,CHITTAURGARH,CHANDERIYA,WR,7.28,15,15
COR03240,CNA,BSSL,CHANDERIYA,Basi Beriasal,WR,16.48,5,5
COR03241,BSSL,PSLI,Basi Beriasal,Parsoli,WCR,14.96,5,5
COR03242,PSLI,BNDI,Parsoli,Barundini,WCR,8.65,5,5
COR03243,BNDI,MLGH,Barundini,Mandalgarh,WCR,15.35,5,5
COR03244,MLGH,SMPA,Mandalgarh,Shampura,WCR,15.64,5,5
COR03245,SMPA,SNAR,Shampura,Srinagar Rajasthan,WCR,37.24,5,5
COR03246,SNAR,BUDI,Srinagar Rajasthan,Bundi,WCR,9.54,5,5
COR03247,BUDI,THEA,Bundi,Thalera,WCR,13.51,5,5
COR03248,RNT,MXL,RANTHAMBHORE,MOKHOLI,WCR,9.1,42,42
COR03249,MXL,MLZ,MOKHOLI,MALARNA,WCR,10.72,42,42
COR03250,MLZ,NMD,MALARNA,NOMODA,WCR,7.05,42,42
COR03251,NMD,NNW,NOMODA,NARAYANPUR TATWAR,WCR,9.07,42,42
COR03252,NNW,LRU,NARAYANPUR TATWAR,LALPUR UMRI,WCR,10.53,42,42
COR03253,LRU,GGC,LALPUR UMRI,GANGAPUR CITY,WCR,6.39,42,42
COR03254,GGC,COO,GANGAPUR CITY,CHHOTI ODAI,WCR,12.61,42,42
COR03255,COO,PDZ,CHHOTI ODAI,PILIODA,WCR,7.91,42,42
COR03256,PDZ,KNDP,PILIODA,KHANDIP,WCR,6.09,42,42
COR03257,KNDP,SMBJ,KHANDIP,SHRI MAHABIRJI,WCR,7.33,42,42
COR03258,SMBJ,HAN,SHRI MAHABIRJI,HINDAUN CITY,WCR,10.22,33,33
COR03259,HAN,DNHK,HINDAUN CITY,DHINDHORA HKMKD,WCR,8.89,42,42
COR03260,DNHK,FSP,DHINDHORA HKMKD,FATEH SINGHPURA,WCR,4.74,42,42
COR03261,FSP,DY,FATEH SINGHPURA,DUMARIYA,WCR,9.88,42,42
COR03262,DY,BXN,DUMARIYA,BAYANA JN,WCR,8.49,42,42
COR03263,BXN,BAMA,BAYANA JN,BIRAMBAD,WCR,2.85,14,14
COR03264,BAMA,BR,BIRAMBAD,BANDH BARETA,NCR,4.12,14,14
COR03265,BR,NGLT,BANDH BARETA,NAGLATULA,NCR,5.86,14,14
COR03266,NGLT,BIQ,NAGLATULA,BANSI PAHARPUR,NCR,3.7,14,14
COR03267,BIQ,DXK,BANSI PAHARPUR,DHANA KHERLI,NCR,8.02,14,14
COR03268,DXK,RBS,DHANA KHERLI,RUPBAS,NCR,7.06,14,14
COR03269,RBS,AED,RUPBAS,AULENDA,NCR,4.81,14,14
COR03270,AED,FTS,AULENDA,FATEHPUR SIKRI,NCR,9.22,14,14
COR03271,FTS,SNPR,FATEHPUR SIKRI,SINGARPUR,NCR,5.81,14,14
COR03272,SNPR,KLB,SINGARPUR,KIRAOLI,NCR,6.45,14,14
COR03273,KLB,MIQ,KIRAOLI,MIRHAKUR,NCR,8.17,14,14
COR03274,MIQ,PTLI,MIRHAKUR,PATHAULI,NCR,5.83,14,14
COR03275,AHD,SLGE,AHERWADI,SULERJAVALGE,SWR,5.57,12,12
COR03276,SLGE,TVL,SULERJAVALGE,TADWAL,SWR,7.31,12,12
COR03277,TVL,PDNR,TADWAL,PADNUR,SWR,7.93,12,12
COR03278,PDNR,LHN,PADNUR,LACHYAN,SWR,4.95,12,12
COR03279,LHN,IDR,LACHYAN,INDI ROAD,SWR,9.39,12,12
COR03280,IDR,CHRG,INDI ROAD,CHORGI,SWR,6.66,12,12
COR03281,CHRG,NBL,CHORGI,NIMBAL,SWR,6.39,12,12
COR03282,NBL,KTK,NIMBAL,KYATANEAKERI RD,SWR,8.32,12,12
COR03283,KTK,MNL,KYATANEAKERI RD,MINCHNAL,SWR,9.12,12,12
COR03284,MNL,AYB,MINCHNAL,Aliyabad,SWR,12.4,11,11
COR03285,AYB,BJP,Aliyabad,BIJAPUR,SWR,5.6,11,11
COR03286,BNW,BNWC,Bhiwani,Bhiwani City,NWR,3.54,10,10
COR03287,BNWC,BMLL,Bhiwani City,Bamla,NWR,9.75,10,10
COR03288,BMLL,KHRK,Bamla,Kharak,NWR,6.32,10,10
COR03289,KHRK,KLNK,Kharak,Kalanaur Kalan,NWR,7.89,10,10
COR03290,KLNK,LHLL,Kalanaur Kalan,Lahli,NWR,5.84,10,10
COR03291,LHLL,ROK,Lahli,ROHTAK JN,NWR,13.69,10,10
COR03292,BLRR,CRLM,Belandur Road,Carmelaram,SWR,3.22,12,12
COR03293,CRLM,HLE,Carmelaram,Heelalige,SWR,10.52,12,12
COR03294,HLE,AEK,Heelalige,Anekal Road,SWR,9.93,12,12
COR03295,AEK,HSRA,Anekal Road,Hosur,SWR,12.18,12,12
COR03296,HSRA,KMLM,Hosur,Kelamangalam,SWR,12.2,10,10
COR03297,KMLM,RYC,Kelamangalam,Rayakkottai,SWR,20.86,10,10
COR03298,RYC,MZU,Rayakkottai,Marandahalli,SWR,14.05,10,10
COR03299,MZU,PCV,Marandahalli,Palakkodu,SWR,11.79,10,10
COR03300,PCV,DPJ,Palakkodu,Dharmapuri,SWR,21.01,10,10
COR03301,DPJ,SZV,Dharmapuri,Sivadi,SWR,10.4,10,10
COR03302,SZV,MPC,Sivadi,Muttampatti,SWR,7.22,10,10
COR03303,MPC,TPP,Muttampatti,Toppur,SWR,10.73,10,10
COR03304,TPP,KVLR,Toppur,Karuvalli,SWR,12.08,10,10
COR03305,KVLR,SMDT,Karuvalli,Semmandappatti,SWR,3.96,10,10
COR03306,MEJ,PYM,VANCHIMANIYACHI,PANDIYAPURAM,SR,9.38,5,5
COR03307,PYM,KLPM,PANDIYAPURAM,KAILASAPURAM,SR,2.67,5,5
COR03308,KLPM,TIP,KAILASAPURAM,TATTAPPARAI,SR,3.71,5,5
COR03309,TIP,MVN,TATTAPPARAI,MILAVITTAN,SR,7.37,5,5
COR03310,MVN,TME,MILAVITTAN,TUTI MELUR,SR,6.44,5,5
COR03311,TME,TN,TUTI MELUR,TUTICORIN,SR,1.08,5,5
COR03312,BLND,KUPR,Bolinna Doaba,Khurdpur,NR,11.07,3,3
COR03313,KUPR,SCQ,Khurdpur,Sham Chaurasi,NR,5.55,3,3
COR03314,SCQ,NAS,Sham Chaurasi,Nasrala,NR,8.76,3,3
COR03315,NAS,HSX,Nasrala,Hoshiarpur,NR,6.32,3,3
COR03316,KKTA,GIF,Kollikhutaha,Gani Dham Halt,ER,2.92,5,5
COR03317,GIF,HPLE,Gani Dham Halt,Hatpuraini,ER,0.86,5,5
COR03318,HPLE,TKLE,Hatpuraini,Tikani,ER,5.34,5,5
COR03319,TKLE,SJJ,Tikani,Sanjha,ER,4.79,5,5
COR03320,SJJ,DWLE,Sanjha,Dhauni,ER,6.22,5,5
COR03321,DWLE,PNSA,Dhauni,Punsia,ER,6.45,6,6
COR03322,PNSA,BHLE,Punsia,Barahat,ER,3.68,6,6
COR03323,LMNR,PLA,LAKSHMIBAI NAGAR,Palia,WR,11.42,11,11
COR03324,PLA,BLDK,Palia,Balauda Takun,WR,7.0,11,11
COR03325,BLDK,AJN,Balauda Takun,Ajnod,WR,6.23,11,11
COR03326,AJN,FTD,Ajnod,Fatehabad Chowk Junction,WR,10.95,11,11
COR03327,DUI,HMI,DHURI JN,HIMMATANA,NR,9.56,15,15
COR03328,HMI,MET,HIMMATANA,MALERKOTLA,NR,7.87,15,15
COR03329,MET,KUP,MALERKOTLA,KUP,NR,8.13,15,15
COR03330,KUP,RHW,KUP,ROHIRA GHALUGHRA,NR,4.16,15,15
COR03331,RHW,AHH,ROHIRA GHALUGHRA,AHMADGARH,NR,5.32,15,15
COR03332,AHH,QRP,AHMADGARH,KILA RAIPUR,NR,8.4,13,13
COR03333,QRP,GILL,KILA RAIPUR,GILL,NR,9.26,13,13
COR03334,MNS,MHI,Manshahi,Manihari,NFR,15.07,3,3
COR03335,RDY,VB,REDIPALAYAM,VILLIYAMBAKKAM,SR,2.75,10,10
COR03336,VB,PALR,VILLIYAMBAKKAM,PALUR,SR,2.76,10,10
COR03337,PALR,PYV,PALUR,PAZHAYA SEEVARAM,SR,3.38,10,10
COR03338,PYV,WJ,PAZHAYA SEEVARAM,WALAJABAD,SR,6.81,10,10
COR03339,WJ,NTT,WALAJABAD,NATHAPETTAI,SR,7.37,9,9
COR03340,NTT,CJE,NATHAPETTAI,KANCHIPURAM EAST,SR,5.14,9,9
COR03341,CJE,CJ,KANCHIPURAM EAST,KANCHIPURAM,SR,1.3,10,10
COR03342,CJ,TMLP,KANCHIPURAM,TIRUMALPUR,SR,12.37,10,10
COR03343,TMLP,TKO,TIRUMALPUR,TAKKOLAM,SR,7.51,6,6
COR03344,RMM,PBM,RAMESWARAM,PAMBAN JN,SR,10.24,9,9
COR03345,PBM,MMM,PAMBAN JN,MANDAPAM,SR,6.16,9,9
COR03346,MMM,MC,MANDAPAM,MANDAPAM CAMP,SR,2.46,9,9
COR03347,MC,PPVL,MANDAPAM CAMP,PIRAPPANVALASAI,SR,10.2,9,9
COR03348,PPVL,UCP,PIRAPPANVALASAI,UCHIPPULI,SR,3.3,9,9
COR03349,UCP,VTV,UCHIPPULI,VALANTARAVAL,SR,11.78,9,9
COR03350,VTV,RMD,VALANTARAVAL,RAMANATHAPURAM,SR,8.56,9,9
COR03351,RMD,SQD,RAMANATHAPURAM,SATTIRAKKUDI,SR,15.21,9,9
COR03352,SQD,PMK,SATTIRAKKUDI,PARAMAKKUDI,SR,19.85,9,9
COR03353,PMK,SUX,PARAMAKKUDI,SUDIYUR,SR,13.88,9,9
COR03354,SUX,MNM,SUDIYUR,MANAMADURAI JN,SR,9.29,9,9
COR03355,MNM,RAGM,MANAMADURAI JN,RAJAGAMBIRAM,SR,6.85,5,5
COR03356,RAGM,TPC,RAJAGAMBIRAM,TIRUPPACHETTI,SR,8.91,5,5
COR03357,TPC,TVN,TIRUPPACHETTI,TIRUPPUVANAM,SR,10.8,5,5
COR03358,TVN,ILA,TIRUPPUVANAM,SILSIMAN,SR,8.2,5,5
COR03359,ILA,MES,SILSIMAN,MADURAI EAST,SR,8.55,5,5
COR03360,RE,KGBS,REWARI,Kishangarh Balawas,NWR,7.63,11,11
COR03361,KGBS,JTS,Kishangarh Balawas,Jatusana,NWR,9.09,11,11
COR03362,JTS,NLQ,Jatusana,Nangal Pathani Halt,NWR,4.38,11,11
COR03363,NLQ,KSI,Nangal Pathani Halt,Kosli,NWR,6.14,11,11
COR03364,KSI,SDRA,Kosli,Sudharana,NWR,6.0,11,11
COR03365,SDRA,JRL,Sudharana,Jharili,NWR,7.72,11,11
COR03366,JRL,PUW,Jharili,Patuwas Mehrana,NWR,6.9,11,11
COR03367,PUW,CKD,Patuwas Mehrana,Charkhi Dadri,NWR,7.16,11,11
COR03368,CKD,MHU,Charkhi Dadri,Manheru,NWR,13.45,11,11
COR03369,MHU,BNW,Manheru,Bhiwani,NWR,13.19,11,11
COR03370,BNW,BWK,Bhiwani,Bawani Khera,NWR,18.11,11,11
COR03371,HNS,STD,Hansi,Satrod,NWR,12.46,11,11
COR03372,STD,HSR,Satrod,Hisar,NWR,10.58,11,11
COR03373,HSR,JKHI,Hisar,Jakhod Khera,NWR,15.94,7,7
COR03374,JKHI,ADR,Jakhod Khera,Mandi Adampur,NWR,13.07,7,7
COR03375,ADR,BHT,Mandi Adampur,Bhattu,NWR,17.03,7,7
COR03376,BHT,DING,Bhattu,Ding,NWR,11.25,7,7
COR03377,SHN,SSA,Suchan Kotli,Sirsa,NWR,13.35,7,7
COR03378,SSA,BGD,Sirsa,Bara Gudah,NWR,17.92,6,6
COR03379,BGD,KNL,Bara Gudah,Kalanwali,NWR,15.42,6,6
COR03380,KNL,RMN,Kalanwali,Raman,NWR,13.98,6,6
COR03381,RMN,SGA,Raman,Shergarh,NWR,13.46,6,6
COR03382,SGA,BTI,Shergarh,BHATINDA JN,NWR,14.45,6,6
COR03383,BTI,GNA,BHATINDA JN,GONEANA,NR,12.34,11,11
COR03384,GNA,CBX,GONEANA,CHAND BHAN,NR,14.34,11,11
COR03385,CBX,GJUT,CHAND BHAN,GANGSAR JAITU,NR,0.05,11,11
COR03386,GJUT,AJTM,GANGSAR JAITU,AJITGILL MATTA,NR,4.53,11,11
COR03387,AJTM,RLS,AJITGILL MATTA,ROMANA ALBEL SINGH,NR,3.3,11,11
COR03388,RLS,KKP,ROMANA ALBEL SINGH,KOT KAPURA,NR,8.14,11,11
COR03389,KKP,WDJ,KOT KAPURA,Wanderjatana,NR,7.57,1,1
COR03390,WDJ,BRW,Wanderjatana,Bariwala,NR,8.61,1,1
COR03391,BRW,JBW,Bariwala,Jhabelwali,NR,5.98,1,1
COR03392,JBW,CWN,Jhabelwali,Charawan,NR,2.52,1,1
COR03393,CWN,MKS,Charawan,Muktsar,NR,6.63,1,1
COR03394,MKS,BDBG,Muktsar,Badhai Balamgarh Halt,NR,5.57,1,1
COR03395,BDBG,BSGR,Badhai Balamgarh Halt,Bhagsar,NR,5.64,1,2
COR03396,BSGR,BDBG,Bhagsar,Badhai Balamgarh Halt,NR,5.64,2,2
COR03397,BSGR,LKW,Bhagsar,Lakhewali,NR,5.79,1,1
COR03398,LKW,RRW,Lakhewali,Roranwala,NR,8.21,1,1
COR03399,RRW,CKA,Roranwala,Chak Pakhhewala,NR,5.77,1,1
COR03400,CKA,CKLA,Chak Pakhhewala,Chak Banwala,NR,6.24,1,1
COR03401,CKLA,FKA,Chak Banwala,Fazilka,NR,10.48,1,1
COR03402,KYH,PEE,Khairah,Paterhi,NER,8.31,4,4
COR03403,PEE,MEW,Paterhi,Marhaura,NER,6.81,4,4
COR03404,MEW,SMKR,Marhaura,Sham Kauria,NER,7.63,4,4
COR03405,SMKR,MHC,Sham Kauria,Masrakh,NER,7.78,4,4
COR03406,MHC,RPV,Masrakh,Rajapatti,NER,8.74,4,4
COR03407,RPV,DWDI,Rajapatti,Dighwa Dubauli,NER,11.42,4,4
COR03408,DWDI,SQW,Dighwa Dubauli,Sidhwalia,NER,10.77,4,4
COR03409,SQW,MJV,Sidhwalia,Manjhagarh,NER,18.68,4,4
COR03410,MJV,GOPG,Manjhagarh,Gopalganj,NER,7.98,4,4
COR03411,GOPG,THE,Gopalganj,Thawe Junction,NER,4.43,4,4
COR03412,ASV,SAHP,ASARVA JN,SAHIJPUR,WR,2.72,1,1
COR03413,SAHP,SDGM,SAHIJPUR,SARDARGRAM,WR,1.49,1,1
COR03414,SDGM,NRD,SARDARGRAM,NARODA,WR,2.33,14,20
COR03415,NRD,MDRA,NARODA,MEDRA,WR,7.93,13,19
COR03416,NHM,JLM,NANDOL DEHEGAM,JALIYA MATH,WR,8.67,6,6
COR03417,JLM,RKH,JALIYA MATH,RAKHIYAL,WR,4.55,6,6
COR03418,RKH,KOY,RAKHIYAL,KHEROL,WR,6.35,6,6
COR03419,KOY,TOD,KHEROL,TALOD,WR,4.76,6,6
COR03420,TOD,KIA,TALOD,KHARI AMRAPUR,WR,5.59,6,6
COR03421,KIA,PRJ,KHARI AMRAPUR,PRANTIJ,WR,7.52,6,6
COR03422,PRJ,SNSN,PRANTIJ,SONASAN,WR,6.72,6,6
COR03423,SNSN,HPRD,SONASAN,HAPA ROAD,WR,6.94,6,6
COR03424,HPRD,HMT,HAPA ROAD,HIMMATNAGAR,WR,6.13,6,6
COR03425,HMT,VRV,HIMMATNAGAR,VIRAVADA,WR,12.31,1,1
COR03426,VRV,RGQ,VIRAVADA,RAIGADH ROAD,NWR,10.8,3,4
COR03427,RGQ,SJS,RAIGADH ROAD,SHAMLAJI ROAD,NWR,15.74,1,1
COR03428,BHWA,DNRP,BECHHIWARA,DUNGARPUR,NWR,18.53,2,2
COR03429,SES,SZK,SEMARI,SUR KHAND KA KHEDA,NWR,6.59,2,2
COR03430,SZK,JYM,SUR KHAND KA KHEDA,JAI SAMAND ROAD,NWR,11.46,2,2
COR03431,UMRA,UDZ,UMRA,UDAIPUR CITY,NWR,8.8,2,2
COR03432,PBE,NRY,PILIBHIT JN,Nyoriya Husenpur,NER,15.21,5,5
COR03433,NRY,MJZ,Nyoriya Husenpur,Majhola Pakarya,NER,10.84,5,5
COR03434,MJZ,KHMA,Majhola Pakarya,Khatima,NER,11.55,5,5
COR03435,KHMA,CKK,Khatima,Chakarpur,NER,5.17,5,5
COR03436,CKK,BNSA,Chakarpur,Banbasa,NER,8.19,5,5
COR03437,BNSA,TPU,Banbasa,Tanakpur,NER,9.08,5,5
COR03438,HSR,CRW,Hisar,Charaud,NWR,17.59,3,3
COR03439,CRW,SWNI,Charaud,Siwani,NWR,11.31,3,3
COR03440,SURP,SDLP,Suratpura,Sadulpur Junction,NWR,3.93,8,8
COR03441,SDLP,DKWA,Sadulpur Junction,Dokwa,NWR,8.44,5,5
COR03442,DKWA,HYL,Dokwa,Hadyal,NWR,8.19,5,5
COR03443,HYL,DKX,Hadyal,Dudhwakhara,NWR,12.35,5,5
COR03444,DKX,ASLU,Dudhwakhara,Aslu,NWR,13.33,4,4
COR03445,ASLU,CUR,Aslu,Churu,NWR,13.91,5,5
COR03446,CUR,DEP,Churu,Depalsar,NWR,7.27,5,5
COR03447,DEP,JOH,Depalsar,Juharpura,NWR,8.28,5,5
COR03448,JOH,SMNN,Juharpura,Shri Makri Nath Nagar,NWR,3.1,2,2
COR03449,SMNN,MIO,Shri Makri Nath Nagar,Molisar,NWR,10.0,2,2
COR03450,MIO,RTGH,Molisar,Ratangarh Junction,NWR,13.4,5,5
COR03451,RTGH,PIH,Ratangarh Junction,Parhihara,NWR,16.76,1,1
COR03452,PIH,TLC,Parhihara,Talchhapar,NWR,13.41,2,2
COR03453,TLC,SUJH,Talchhapar,Sujangarh,NWR,13.11,2,2
COR03454,SUJH,LAU,Sujangarh,Ladnun,NWR,9.32,2,2
COR03455,LAU,DIA,Ladnun,Didwana,NWR,30.27,2,2
COR03456,DIA,KKNA,Didwana,Khunkhuna,NWR,15.64,2,2
COR03457,KKNA,CTKT,Khunkhuna,Choti Khatu,NWR,19.09,1,1
COR03458,CTKT,KHTU,Choti Khatu,Khatu,NWR,5.06,2,2
COR03459,KHTU,KRC,Khatu,Kiroda,NWR,14.04,2,2
COR03460,SIRA,KTRR,Sirhi Itara,Kathara Road,NCR,6.48,6,6
COR03461,KTRR,PTRE,Kathara Road,Patara,NCR,9.02,6,6
COR03462,PTRE,GTM,Patara,Ghatampur,NCR,9.44,6,6
COR03463,GTM,HAR,Ghatampur,Hamirpur Road,NCR,15.07,6,6
COR03464,HAR,DPSR,Hamirpur Road,Dapsaura,NCR,3.87,6,6
COR03465,DPSR,JSB,Dapsaura,Yamuna South Bank,NCR,9.33,6,6
COR03466,JSB,BSZ,Yamuna South Bank,Bharwa Sumerpur,NCR,10.41,6,6
COR03467,BSZ,IGTA,Bharwa Sumerpur,Ingohta,NCR,8.5,6,6
COR03468,IGTA,RGU,Ingohta,Ragaul,NCR,7.95,6,6
COR03469,RGU,AKW,Ragaul,Akora,NCR,8.21,6,6
COR03470,AKW,ICL,Akora,Ichauli,NCR,11.02,6,6
COR03471,ICL,BNDA,Ichauli,BANDA JN,NCR,16.52,6,6
COR03472,BNDA,KID,BANDA JN,KHAIRAR JN,NCR,10.46,14,14
COR03473,KID,BNDA,KHAIRAR JN,BANDA JN,NCR,10.46,14,14
COR03474,BNDA,DWI,BANDA JN,DINGWAHI,NCR,10.34,14,14
COR03475,DWI,KHU,DINGWAHI,KHURHAND,NCR,10.81,14,14
COR03476,KHU,ATE,KHURHAND,ATARRA,NCR,10.65,14,14
COR03477,ATE,BUS,ATARRA,BADAUSA,NCR,8.89,14,14
COR03478,BUS,BTKP,BADAUSA,BHARAT KUP,NCR,12.24,14,14
COR03479,BTKP,SWC,BHARAT KUP,SHIVRAMPUR,NCR,5.95,14,14
COR03480,SWC,CKTD,SHIVRAMPUR,CHITRAKUTDHAM KARWI,NCR,9.66,14,14
COR03481,CKTD,KHOH,CHITRAKUTDHAM KARWI,KHOH,NCR,5.82,13,13
COR03482,KHOH,BIP,KHOH,BAHILPURWA,NCR,8.27,13,13
COR03483,BIP,MKP,BAHILPURWA,MANIKPUR JN,NCR,12.59,12,12
COR03484,UCR,RCP,Unchahar Junction,Ramachandrapur,NR,10.97,11,11
COR03485,RCP,LMN,Ramachandrapur,Lachhmanpur,NR,6.09,11,11
COR03486,LMN,DYP,Lachhmanpur,Daryapur,NR,14.74,11,11
COR03487,MCV,FRD,MACHARYA,FARHEDI,NR,6.84,14,14
COR03488,FRD,KD,FARHEDI,KUNDARKHI,NR,3.52,14,14
COR03489,KD,RJK,KUNDARKHI,RAJA KA SAHASPUR,NR,6.08,14,14
COR03490,RJK,JRJ,RAJA KA SAHASPUR,JARGAON,NR,7.4,12,12
COR03491,JRJ,GTF,JARGAON,GUMTHAL,NR,8.57,8,8
COR03492,GTF,CH,GUMTHAL,CHANDAUSI JN,NR,3.58,12,12
COR03493,CH,SSKA,CHANDAUSI JN,SISARKA,NR,7.13,12,12
COR03494,SSKA,AFR,SISARKA,ASAFPUR,NR,6.5,12,12
COR03495,AFR,PRKE,ASAFPUR,PURUA KHERA,NR,4.65,2,2
COR03496,PRKE,DUB,PURUA KHERA,DABTARA,NR,4.65,2,2
COR03497,DUB,KEG,DABTARA,KARENGI,NR,5.47,5,5
COR03498,KEG,RBK,KARENGI,REOTI BAHORA KHERA,NR,7.15,4,4
COR03499,RBK,AO,REOTI BAHORA KHERA,AONLA,NR,6.58,4,4
COR03500,AO,NSU,AONLA,NISUI,NR,6.61,12,12
COR03501,NSU,BTG,NISUI,BASHARATGANJ,NR,4.78,12,12
COR03502,BTG,RGB,BASHARATGANJ,RAMGANGA,NR,8.87,10,10
COR03503,BDMA,MRIJ,Budhma,Murliganj,ECR,14.44,2,2
COR03504,MRIJ,RPLY,Murliganj,Rupauli,ECR,5.84,4,4
COR03505,RPLY,JNKR,Rupauli,Janakinagar,ECR,5.91,4,4
COR03506,MNM,MNME,MANAMADURAI JN,Manamadurai East,SR,1.81,5,5
COR03507,MNME,MEKM,Manamadurai East,Melakkonnakkulam,SR,3.27,4,4
COR03508,MEKM,SVGA,Melakkonnakkulam,Sivaganga,SR,14.71,4,4
COR03509,SVGA,NTS,Sivaganga,Nattrasankottai,SR,5.55,5,5
COR03510,NTS,PNGI,Nattrasankottai,Panangudi,SR,9.02,5,5
COR03511,PNGI,KAL,Panangudi,Kallai,SR,8.88,5,5
COR03512,KAL,DKO,Kallai,Devakottai Road,SR,12.05,5,5
COR03513,DKO,KKDI,Devakottai Road,Karaikkudi Junction,SR,4.87,5,5
COR03514,KKDI,KTYR,Karaikkudi Junction,Kottaiyur,SR,4.9,5,5
COR03515,KTYR,CTND,Kottaiyur,Chettinad,SR,5.52,5,5
COR03516,CTND,TYM,Chettinad,Tirumayam,SR,9.67,5,5
COR03517,TYM,NMN,Tirumayam,Namanasamudram,SR,9.27,5,5
COR03518,NMN,PDKT,Namanasamudram,Pudukkottai,SR,5.67,5,5
COR03519,PDKT,VEL,Pudukkottai,Vellanur,SR,10.54,5,5
COR03520,VEL,NTM,Vellanur,Narthamalai,SR,4.47,5,5
COR03521,NTM,KUTR,Narthamalai,Kulathur,SR,7.3,5,5
COR03522,KUTR,KRUR,Kulathur,Keeranur,SR,0.72,5,5
COR03523,KRUR,TNLR,Keeranur,Thondaimanallur,SR,6.89,5,5
COR03524,TNLR,KRMG,Thondaimanallur,Kumaramangalam,SR,8.45,5,5
COR03525,UAM,LOV,Udagamandalam,Lovedale,SR,2.68,4,4
COR03526,LOV,KXT,Lovedale,Ketti,SR,3.56,4,4
COR03527,KXT,AVK,Ketti,Aravankadu,SR,4.3,4,4
COR03528,AVK,WEL,Aravankadu,Wellington,SR,1.87,4,4
COR03529,WEL,ONR,Wellington,Coonoor,SR,1.47,4,4
COR03530,MLN,RNIR,MAILANI,Rajnarainpur,NER,7.69,5,5
COR03531,RNIR,BIK,Rajnarainpur,BHIRA KHERI,NER,7.03,5,5
COR03532,BIK,PLK,BHIRA KHERI,PALIA KALAN,NER,13.89,7,7
COR03533,PLK,DDW,PALIA KALAN,DUDWA,NER,12.63,5,5
COR03534,DDW,SOI,DUDWA,Sonaripur,NER,6.57,4,4
COR03535,SOI,BXM,Sonaripur,BELRAYAN,NER,21.2,4,4
COR03536,BXM,TQN,BELRAYAN,TIKUNIA,NER,6.45,5,5
COR03537,TQN,KYBR,TIKUNIA,Khairatiya Bandh Road,NER,15.4,3,3
COR03538,KYBR,MJPB,Khairatiya Bandh Road,Manjhra Purab,NER,8.32,3,3
COR03539,MJPB,BIC,Manjhra Purab,Bichia,NER,17.05,3,3
COR03540,BIC,NSA,Bichia,Nishangara,NER,8.74,3,3
COR03541,NSA,MUH,Nishangara,Murthiha,NER,11.23,3,3
COR03542,MUH,KARH,Murthiha,Kakraha Rest House,NER,5.48,3,3
COR03543,KARH,MIN,Kakraha Rest House,Mihinpurwa,NER,4.78,3,3
COR03544,MIN,RBJ,Mihinpurwa,Raibojha,NER,10.59,3,3
COR03545,RBJ,NNP,Raibojha,Nanpara Junction,NER,13.02,3,3
COR03546,NNP,MT,Nanpara Junction,Matera,NER,9.25,8,8
COR03547,MT,RS,Matera,Risia,NER,11.85,8,8
COR03548,RS,BRK,Risia,Bahraich,NER,11.93,8,8
COR03549,BRK,CLW,Bahraich,Chilwariya,NER,13.83,8,8
COR03550,CLW,YEAM,Chilwariya,Yogendra Dham Halt,NER,4.65,8,8
COR03551,YEAM,PDR,Yogendra Dham Halt,Payagpur,NER,7.07,8,8
COR03552,PDR,BEU,Payagpur,Bisheshwarganj,NER,9.27,6,6
COR03553,BEU,BGAN,Bisheshwarganj,Bangain,NER,13.42,6,6
COR03554,BGAN,GADM,Bangain,Ganga Dham,NER,4.06,6,6
COR03555,DMH,BYP,Dauram Madhepura,Baijnathpur,ECR,12.92,3,3
COR03556,BYP,SHC,Baijnathpur,SAHARSA JN,ECR,6.55,3,3
COR03557,CHRA,KSU,CHHARRA,KUSHTAUR,SER,9.8,22,22
COR03558,KSU,BGA,KUSHTAUR,BAGALIA,SER,2.8,22,22
COR03559,BGA,ANR,BAGALIA,ANARA,SER,5.63,22,22
COR03560,ANR,GRB,ANARA,GARHDHRUBESWAR,SER,6.63,22,22
COR03561,GRB,ADRA,GARHDHRUBESWAR,ADRA JN,SER,6.06,14,14
COR03562,ADRA,MYX,ADRA JN,METYAL SOHAR,SER,7.7,21,21
COR03563,MYX,IBL,METYAL SOHAR,INDRABIL,SER,5.33,25,25
COR03564,IBL,SRJM,INDRABIL,SIRJAM,SER,7.14,25,25
COR03565,CJN,ANCR,CHHATNA,ANCHURI,SER,2.98,25,25
COR03566,ANCR,BQA,ANCHURI,BANKURA,SER,10.64,25,25
COR03567,BQA,BXL,BANKURA,BHEDUASOL,SER,7.03,25,25
COR03568,BXL,ODM,BHEDUASOL,ONDAGRAM,SER,8.58,21,21
COR03569,ODM,RSG,ONDAGRAM,RAMSAGAR,SER,8.95,26,26
COR03570,RSG,VSU,RAMSAGAR,BISHNUPUR,SER,5.15,26,26
COR03571,VSU,PBA,BISHNUPUR,PIARDOBA,SER,12.27,26,26
COR03572,PBA,BGO,PIARDOBA,BOGRI ROAD,SER,8.36,26,26
COR03573,BGO,GBA,BOGRI ROAD,GARHBETA,SER,4.16,26,26
COR03574,GBA,CDGR,GARHBETA,CHANDRAKONA RD,SER,11.9,25,25
COR03575,CDGR,SLB,CHANDRAKONA RD,SALBONI,SER,11.08,25,25
COR03576,SLB,GSL,SALBONI,GODAPIASAL,SER,12.26,25,25
COR03577,GSL,BUTA,GODAPIASAL,BHADUTALA,SER,5.01,25,25
COR03578,BUTA,MDN,BHADUTALA,MIDNAPORE,SER,6.89,25,25
COR03579,MDN,GKL,MIDNAPORE,GOKULPUR,SER,5.63,21,21
COR03580,GKL,GMDN,GOKULPUR,GIRIMAIDAN,SER,4.14,23,23
COR03581,SRY,SHK,SIRARI,SHEIKPURA,ECR,9.92,7,7
COR03582,SHK,KSC,SHEIKPURA,KASHI CHAK,ECR,15.23,7,7
COR03583,KSC,WRS,KASHI CHAK,WARIS ALEGANJ,ECR,9.87,6,6
COR03584,WRS,NWD,WARIS ALEGANJ,NAWADIH,ECR,17.14,5,5
COR03585,NWD,TIA,NAWADIH,TILAYA,ECR,16.54,6,6
COR03586,TIA,WZJ,TILAYA,WAZERGANJ,ECR,17.74,7,7
COR03587,WZJ,KRJR,WAZERGANJ,KARJARA,ECR,7.47,7,7
COR03588,JNU,MFJ,JAUNPUR JN,Muftiganj,NR,14.56,2,2
COR03589,MFJ,DHE,Muftiganj,Dodhi,NER,20.21,2,2
COR03590,DHE,ARJ,Dodhi,AUNRIHAR JN,NER,20.04,2,2
COR03591,SDLP,SURP,Sadulpur Junction,Suratpura,NWR,3.93,9,9
COR03592,SURP,NRWI,Suratpura,Narwasi,NWR,,6,6
COR03593,NRWI,SDMK,Narwasi,Sidmukh,NWR,,6,6
COR03594,SDMK,AUS,Sidmukh,Anupshahr,NWR,9.78,6,6
COR03595,AUS,KALN,Anupshahr,Kalana,NWR,,6,6
COR03596,KALN,TSD,Kalana,Tahsil Bhadra,NWR,,6,6
COR03597,TSD,GAMI,Tahsil Bhadra,Gogameri,NWR,13.91,6,6
COR03598,GAMI,SHRG,Gogameri,Sri Ramgarh Halt,NWR,,6,6
COR03599,SHRG,DPLN,Sri Ramgarh Halt,Diplana,NWR,,6,6
COR03600,DPLN,NHR,Diplana,Nohar,NWR,10.49,6,6
COR03601,NHR,KNNA,Nohar,Khinaniyan,NWR,17.86,6,6
COR03602,KNNA,ENB,Khinaniyan,Ellenabad,NWR,12.4,6,6
COR03603,ENB,TLI,Ellenabad,Tulwara Jhil,NWR,,6,6
COR03604,TLI,SRKN,Tulwara Jhil,Sherekan,NWR,,6,6
COR03605,SRKN,HMO,Sherekan,Hanumangarh Town,NWR,10.26,6,6
COR03606,HMO,HMH,Hanumangarh Town,HANUMANGARH JN,NWR,5.57,6,6
COR03607,HMH,DPK,HANUMANGARH JN,Dholipal,NWR,16.82,6,6
COR03608,DPK,SDS,Dholipal,Sadulshahr,NWR,17.51,6,6
COR03609,SDS,SGNR,Sadulshahr,SHRI GANGANAGAR,NWR,29.22,6,6
COR03610,UBL,KUG,HUBLI JN,KUSUGALI,SWR,10.28,18,18
COR03611,KUG,HBS,KUSUGALI,HEBSUR,SWR,6.33,20,20
COR03612,HBS,SVHE,HEBSUR,SISVINHALLI,SWR,3.91,20,20
COR03613,SVHE,NGR,SISVINHALLI,ANNIGERI,SWR,11.95,18,18
COR03614,NGR,LKT,ANNIGERI,HULKOTI,SWR,10.84,18,18
COR03615,LKT,GDG,HULKOTI,GADAG JN,SWR,11.85,18,18
COR03616,GDG,KGX,GADAG JN,KANGINHAL,SWR,8.29,14,14
COR03617,KGX,RLP,KANGINHAL,HARLAPUR,SWR,8.72,14,14
COR03618,RLP,SOQ,HARLAPUR,SOMPUR ROAD,SWR,7.94,14,14
COR03619,SOQ,BNA,SOMPUR ROAD,BANNI KOPPA,SWR,7.66,14,14
COR03620,BNA,BNP,BANNI KOPPA,BHANAPUR,SWR,10.38,14,14
COR03621,BNP,KBL,BHANAPUR,KOPPAL,SWR,12.1,14,14
COR03622,KBL,GIN,KOPPAL,GINIGERA,SWR,11.13,14,14
COR03623,GIN,HTNL,GINIGERA,HITNAL,SWR,4.91,14,14
COR03624,HTNL,MRB,HITNAL,MUNIRABAD,SWR,5.61,14,14
COR03625,MRB,HPT,MUNIRABAD,HOSPET JN,SWR,5.91,14,14
COR03626,HPT,KGW,HOSPET JN,KARIGANURU,SWR,6.43,15,15
COR03627,KGW,PKL,KARIGANURU,PAPINAYAKNAHALI,SWR,6.4,15,15
COR03628,PKL,GNR,PAPINAYAKNAHALI,GADIGANURU,SWR,11.77,13,13
COR03629,GNR,TNGL,GADIGANURU,TORANAGALLU,SWR,7.17,15,15
COR03630,TNGL,DAJ,TORANAGALLU,DUROJI,SWR,4.71,15,15
COR03631,DAJ,KDN,DUROJI,KUDATINI,SWR,6.94,15,15
COR03632,KDN,BYC,KUDATINI,BELLARY CANT,SWR,15.79,15,15
COR03633,BYC,BAY,BELLARY CANT,BELLARY JN,SWR,3.01,15,15
COR03634,NS,PKO,Narasapur,Palakollu,SCR,8.69,8,8
COR03635,PKO,LKDU,Palakollu,Lankalakoderu,SCR,4.06,8,8
COR03636,LKDU,SVDC,Lankalakoderu,Sivadevunichkla,SCR,2.38,8,8
COR03637,SVDC,VVM,Sivadevunichkla,Viravasaram,SCR,2.91,8,8
COR03638,VVM,SGKM,Viravasaram,Srungavruksham,SCR,3.27,8,8
COR03639,SGKM,PAGM,Srungavruksham,Pennada Agraharam,SCR,2.6,8,8
COR03640,PAGM,BVRM,Pennada Agraharam,Bhimavaram Junction,SCR,4.2,8,8
COR03641,BVRT,UNDI,BHIMAVARAM TOWN,UNDI,SCR,6.71,14,14
COR03642,UNDI,CKV,UNDI,CHERUKUVADA,SCR,4.66,14,14
COR03643,CKV,AKVD,CHERUKUVADA,AKIVIDU,SCR,5.65,14,14
COR03644,AKVD,PLVA,AKIVIDU,PALLEVADA,SCR,8.67,14,14
COR03645,PLVA,KKLR,PALLEVADA,KAIKOLUR,SCR,7.95,14,14
COR03646,KKLR,MDVL,KAIKOLUR,MANDAVALLI,SCR,7.11,14,14
COR03647,MDVL,MVP,MANDAVALLI,MOKHASA KALVPDI,SCR,4.15,14,14
COR03648,MVP,PCU,MOKHASA KALVPDI,PUTLACHERUVU,SCR,2.25,14,14
COR03649,PCU,PSLP,PUTLACHERUVU,PASALAPUDI,SCR,2.4,14,14
COR03650,PSLP,GUK,PASALAPUDI,GUNTAKONDURU,SCR,2.42,14,14
COR03651,GUK,OTR,GUNTAKONDURU,MOTURU,SCR,3.4,14,14
COR03652,OTR,GDV,MOTURU,GUDIVADA JN,SCR,6.87,14,14
COR03653,GDV,DPD,GUDIVADA JN,DOSAPADU,SCR,6.77,15,15
COR03654,DPD,VPG,DOSAPADU,VENTRAPRAGADA,SCR,2.65,15,15
COR03655,VPG,IDP,VENTRAPRAGADA,INDUPALLI,SCR,4.03,15,15
COR03656,IDP,TGU,INDUPALLI,TARIGOPPULA,SCR,4.41,15,15
COR03657,TGU,TNRU,TARIGOPPULA,TENNERU,SCR,2.41,2,2
COR03658,TNRU,UPL,TENNERU,UPPALUR,SCR,3.64,2,2
COR03659,UPL,NDM,UPPALUR,NIDAMANURU,SCR,5.52,15,15
COR03660,NDM,RMV,NIDAMANURU,RAMAVARAPPADU,SCR,5.82,15,15
COR03661,MRJ,ARAG,MIRAJ JN,ARAG,CR,16.22,2,2
COR03662,ARAG,BLNK,ARAG,BELANKI,CR,8.78,4,4
COR03663,BLNK,SGRE,BELANKI,SULGARE,CR,8.49,4,4
COR03664,SGRE,AGDL,SULGARE,AGRAN DHULGAON,CR,5.95,4,4
COR03665,AGDL,KVK,AGRAN DHULGAON,KAVATHE MAHANKL,CR,5.07,4,4
COR03666,KVK,LNP,KAVATHE MAHANKL,LANGARPETH,CR,8.9,4,4
COR03667,LNP,DLGN,LANGARPETH,DHALGAON,CR,4.64,4,4
COR03668,DLGN,GLV,DHALGAON,GULVANCHI,CR,9.24,4,4
COR03669,GLV,JTRD,GULVANCHI,JATH ROAD,CR,7.51,4,4
COR03670,JTRD,JVA,JATH ROAD,JAVALE,CR,10.44,3,3
COR03671,JVA,WSD,JAVALE,WASUD,CR,8.79,4,4
COR03672,WSD,SGLA,WASUD,SANGOLA,CR,7.73,4,4
COR03673,SGLA,BMNI,SANGOLA,BAMANI,CR,10.1,4,4
COR03674,BMNI,BHLI,BAMANI,BOHALI,CR,9.29,4,4
COR03675,BHLI,PVR,BOHALI,PANDHARPUR,CR,10.07,4,4
COR03676,LPU,BASA,Lakhpuri,Banosa,CR,,1,1
COR03677,BASA,LGN,Banosa,Lehgaon,CR,,1,1
COR03678,LGN,KXD,Lehgaon,Kokalda,CR,,1,1
COR03679,KXD,KTNI,Kokalda,Kapustalni,CR,,1,1
COR03680,KTNI,ANJ,Kapustalni,Anjangaon,CR,,1,1
COR03681,ANJ,PTRT,Anjangaon,Pathrot,CR,,1,1
COR03682,PTRT,KSBG,Pathrot,Khusta Buzurg,CR,,1,1
COR03683,KSBG,CMK,Khusta Buzurg,Chamak,CR,,1,1
COR03684,CMK,NBGH,Chamak,Nowbagh,CR,,1,1
COR03685,NBGH,ELP,Nowbagh,Achalpur,CR,,1,1
COR03686,RCJ,AJKI,RANYAL JASMIYA,AJITKHERI,WR,13.84,7,7
COR03687,AJKI,DWX,AJITKHERI,DEWAS,WR,6.97,8,8
COR03688,SHM,PDPK,KOLKATA SHALIMAR,PADMAPUKAR,SER,1.72,11,11
COR03689,GMDN,GKL,GIRIMAIDAN,GOKULPUR,SER,4.14,21,21
COR03690,GKL,MDN,GOKULPUR,MIDNAPORE,SER,5.63,19,19
COR03691,MDN,BUTA,MIDNAPORE,BHADUTALA,SER,6.89,23,23
COR03692,BUTA,GSL,BHADUTALA,GODAPIASAL,SER,5.01,23,23
COR03693,GSL,SLB,GODAPIASAL,SALBONI,SER,12.26,23,23
COR03694,SLB,CDGR,SALBONI,CHANDRAKONA RD,SER,11.08,23,23
COR03695,CDGR,GBA,CHANDRAKONA RD,GARHBETA,SER,11.9,23,23
COR03696,GBA,BGO,GARHBETA,BOGRI ROAD,SER,4.16,24,24
COR03697,BGO,PBA,BOGRI ROAD,PIARDOBA,SER,8.36,24,24
COR03698,PBA,VSU,PIARDOBA,BISHNUPUR,SER,12.27,24,24
COR03699,VSU,RSG,BISHNUPUR,RAMSAGAR,SER,5.15,24,24
COR03700,RSG,ODM,RAMSAGAR,ONDAGRAM,SER,8.95,24,24
COR03701,ODM,BXL,ONDAGRAM,BHEDUASOL,SER,8.58,19,19
COR03702,BXL,BQA,BHEDUASOL,BANKURA,SER,7.03,23,23
COR03703,LGO,BHDR,LalgopalGanj,Bhadri,NR,7.34,9,9
COR03704,BHDR,KHNM,Bhadri,Kunda Harnamganj,NR,7.17,9,9
COR03705,DB,VRJ,Dabhoi Junction,Vadaj,WR,,2,2
COR03706,VRJ,CDD,Vadaj,Chandod,WR,,2,2
COR03707,BKT,IJ,BAKSHI KA TALAB,ITAUNJA,NER,11.28,11,11
COR03708,IJ,AA,ITAUNJA,ATARIA,NER,10.59,11,11
COR03709,AA,MANW,ATARIA,MANWA,NER,5.28,4,4
COR03710,MANW,SD,MANWA,SIDHAULI,NER,7.01,4,4
COR03711,SD,SUIA,SIDHAULI,SURAINCHA,NER,6.22,4,4
COR03712,BJLP,KB,BARAI JALALPUR,KHAIRATABAD,NER,9.89,10,10
COR03713,JRU,CKVD,CHIKJAJUR JN,Chikkandawadi,SWR,7.01,3,3
COR03714,CKVD,AMC,Chikkandawadi,Amritapura,SWR,4.64,3,3
COR03715,AMC,BTGH,Amritapura,Bettadnagenhali,SWR,4.09,4,4
COR03716,BTGH,HLV,Bettadnagenhali,Haliyuru,SWR,9.95,4,4
COR03717,HLV,CTA,Haliyuru,Chitradurg,SWR,5.44,4,4
COR03718,BDME,SSNR,Baidyanathdham Deoghar,Satsang Nagar Halt,ER,1.06,10,10
COR03719,LMG,BRLF,LUMDING JN,BAR LANGFER S,NFR,4.9,21,21
COR03720,BRLF,LCT,BAR LANGFER S,LANGCHOLIET,NFR,7.97,21,21
COR03721,LCT,NLN,LANGCHOLIET,NAILALUNG,NFR,8.59,21,21
COR03722,NLN,DPU,NAILALUNG,DIPHU,NFR,8.57,21,21
COR03723,DPU,DLDE,DIPHU,DALDALI,NFR,8.11,21,21
COR03724,DLDE,DSR,DALDALI,DHANSIRI,NFR,9.71,21,21
COR03725,DSR,RXR,DHANSIRI,RANGAPAHAR,NFR,10.63,21,21
COR03726,RXR,RXRX,RANGAPAHAR,RANGAPAHAR CRS,NFR,1.65,21,21
COR03727,RXRX,DMV,RANGAPAHAR CRS,DIMAPUR,NFR,4.35,21,21
COR03728,NHM,DBO,NANDOL DEHEGAM,DABHODA,WR,6.96,7,7
COR03729,DBO,MDRA,DABHODA,MEDRA,WR,5.08,6,6
COR03730,MDRA,SAHP,MEDRA,SAHIJPUR,WR,11.74,12,12
COR03731,SAHP,MDRA,SAHIJPUR,MEDRA,WR,11.74,12,12
COR03732,SDGM,ASV,SARDARGRAM,ASARVA JN,WR,4.21,7,7
COR03733,NMA,GGH,Nirmali,Ghogardiha,ECR,10.87,5,5
COR03734,GGH,CKNA,Ghogardiha,Chikna,ECR,,5,5
COR03735,CKNA,TMA,Chikna,Tamuria,ECR,,5,5
COR03736,LNO,MGI,Lohna Road,Manigachi,ECR,8.26,8,8
COR03737,VDKS,VPZ,Vadanam Kurussi Halt,Vailapuzha,SR,6.0,7,7
COR03738,VPZ,KZC,Vailapuzha,Kulukkalur,SR,3.24,7,7
COR03739,KZC,CQA,Kulukkalur,Cherukara,SR,6.89,7,7
COR03740,CQA,AAM,Cherukara,Angadippuram,SR,6.03,7,7
COR03741,AAM,PKQ,Angadippuram,Pattikkad,SR,5.3,7,7
COR03742,PKQ,MLTR,Pattikkad,Melattur,SR,6.7,7,7
COR03743,MLTR,TUV,Melattur,Tuvvur,SR,6.22,7,7
COR03744,TUV,TDPM,Tuvvur,Todikkapulam Halt,SR,3.96,7,7
COR03745,TDPM,VNB,Todikkapulam Halt,Vaniyambalam,SR,4.01,7,7
COR03746,VNB,NIL,Vaniyambalam,Nilambur Road,SR,10.07,7,7
COR03747,ARAG,MRJ,ARAG,MIRAJ JN,CR,16.22,2,2
COR03748,SMR,PRU,SAMDHARI JN,PARLU,NWR,14.2,10,10
COR03749,PRU,JNE,PARLU,JANIYANA,NWR,9.58,10,10
COR03750,JNE,BLT,JANIYANA,BALOTRA JN,NWR,8.77,10,10
COR03751,BLT,KHTX,BALOTRA JN,KHED TEMPLE HALT,NWR,15.29,10,10
COR03752,KHTX,TWL,KHED TEMPLE HALT,TILWARA,NWR,3.21,10,10
COR03753,TWL,GOLE,TILWARA,GOLE,NWR,7.81,10,10
COR03754,GOLE,BMQ,GOLE,BHIMARLAI,NWR,11.83,10,10
COR03755,BMQ,BUT,BHIMARLAI,BAYTU,NWR,11.32,10,10
COR03756,BUT,BSDA,BAYTU,BANIYA SANDA DHORA,NWR,10.84,10,10
COR03757,BSDA,KVA,BANIYA SANDA DHORA,KAVAS,NWR,13.02,10,10
COR03758,KVA,UTL,KAVAS,UTARLAI,NWR,12.96,10,10
COR03759,UTL,BME,UTARLAI,BARMER,NWR,6.74,10,10
COR03760,IZN,DOX,IZZATNAGAR,DOHNA,NER,5.22,14,14
COR03761,DOX,BPR,DOHNA,BHOJIPURA JN,NER,6.81,14,14
COR03762,BPR,DBNR,BHOJIPURA JN,Dibnapur,NER,7.54,4,4
COR03763,DBNR,STH,Dibnapur,Sethal,NER,5.42,4,4
COR03764,STH,BJV,Sethal,Bijauria,NER,9.28,9,9
COR03765,BJV,SSC,Bijauria,Shahi,NER,3.79,4,4
COR03766,SSC,PBE,Shahi,PILIBHIT JN,NER,12.37,4,4
COR03767,PBE,DYU,PILIBHIT JN,DIYURI,NER,6.2,4,4
COR03768,DYU,MALA,DIYURI,MALA,NER,4.16,4,4
COR03769,MALA,SNDY,MALA,SANDAI,NER,7.57,4,4
COR03770,SNDY,SG,SANDAI,SHAHGARH,NER,5.3,4,4
COR03771,SG,PRSP,SHAHGARH,PRASADPUR,NER,3.97,4,4
COR03772,PRSP,PP,PRASADPUR,PURANPUR,NER,7.69,4,4
COR03773,CAF,KEZ,Chanda Fort,Kelzar,SECR,26.73,6,6
COR03774,KEZ,MME,Kelzar,Mul Marora,SECR,12.6,6,6
COR03775,MME,ROL,Mul Marora,Rajuli,SECR,13.91,6,6
COR03776,ROL,SYE,Rajuli,Sindewahi,SECR,14.3,6,6
COR03777,SYE,AWH,Sindewahi,Alewahi,SECR,11.15,6,6
COR03778,AWH,TUD,Alewahi,Talodhi Road,SECR,7.85,6,6
COR03779,TUD,NAB,Talodhi Road,Nagbhir Junction,SECR,14.46,6,6
COR03780,NAB,BMP,Nagbhir Junction,Bramhapuri,SECR,17.63,6,6
COR03781,BMP,WSA,Bramhapuri,Wadsa,SECR,10.24,6,6
COR03782,WSA,WDG,Wadsa,Wadegaon,SECR,15.72,6,6
COR03783,WDG,AJU,Wadegaon,Arjuni,SECR,7.19,6,6
COR03784,AJU,DEW,Arjuni,Dewalgaon,SECR,10.17,6,6
COR03785,DEW,SNV,Dewalgaon,Sondad,SECR,21.04,6,6
COR03786,SNV,GNL,Sondad,Gongle,SECR,16.74,6,6
COR03787,GNL,HDM,Gongle,Hirdamali,SECR,14.39,6,6
COR03788,MUGR,AWM,Manuguru,Aswapuram,SCR,11.57,3,3
COR03789,AWM,BDCR,Aswapuram,Bhadrachalam Road,SCR,35.95,3,3
COR03790,BDCR,BTPD,Bhadrachalam Road,Bethampurdi,SCR,4.55,7,7
COR03791,BTPD,TPY,Bethampurdi,Tadakalpudi,SCR,4.66,7,7
COR03792,TPY,CMW,Tadakalpudi,Chima Pahad,SCR,7.44,7,7
COR03793,CMW,GHPU,Chima Pahad,Gandhipuram Halt,SCR,16.09,7,7
COR03794,GHPU,KRA,Gandhipuram Halt,Karepalli,SCR,4.78,7,7
COR03795,KRA,PCZ,Karepalli,Pocharam,SCR,4.81,7,7
COR03796,PCZ,DKJ,Pocharam,DORNAKAL JN,SCR,9.75,7,7
COR03797,BRMT,KFH,Baramati,Katphal,CR,8.97,4,4
COR03798,KFH,SSF,Katphal,Sirsuphal,CR,8.55,4,4
COR03799,SSF,SSI,Sirsuphal,Shirsai,CR,1.08,4,4
COR03800,SSI,MDDG,Shirsai,Malad Gaon,CR,5.62,4,4
COR03801,KITN,OEL,KHIRI TOWN,OEL,NER,10.06,2,2
COR03802,OEL,HA,OEL,HARGAON,NER,5.96,6,6
COR03803,CHPD,HAD,CHEPPAD HALT,HARIPPAD,SR,5.46,22,22
COR03804,HAD,KVTA,HARIPPAD,KARUVATTA HALT,SR,5.35,22,22
COR03805,KVTA,THZI,KARUVATTA HALT,Takazhi,SR,,15,15
COR03806,THZI,AMPA,Takazhi,AMBALAPUZHA,SR,,15,15
COR03807,AMPA,PUPR,AMBALAPUZHA,PUNNAPRA,SR,4.75,22,22
COR03808,PUPR,PNPR,PUNNAPRA,PUNNAPURA,SR,3.09,22,22
COR03809,TVR,MARD,THIRUVARUR JN,Mavur Road,SR,,3,3
COR03810,MARD,MAX,Mavur Road,Mangudi,SR,,6,9
COR03811,MAX,MARD,Mangudi,Mavur Road,SR,,6,9
COR03812,MAX,TNK,Mangudi,Tirunellikaval,SR,,3,3
COR03813,TNK,AMNR,Tirunellikaval,Ammanur,SR,,3,3
COR03814,AMNR,ATB,Ammanur,Alattambadi,SR,,3,3
COR03815,ATB,MNLI,Alattambadi,Manali Halt,SR,,3,3
COR03816,MNLI,TTP,Manali Halt,Tiruturaipudi Junction,SR,,3,3
COR03817,DMV,KHKT,DIMAPUR,KHOTKHOTI,NFR,5.86,19,19
COR03818,KHKT,BXJ,KHOTKHOTI,BOKAJAN,NFR,7.74,19,19
COR03819,BXJ,CJA,BOKAJAN,CHONGAJAN,NFR,6.22,19,19
COR03820,CJA,NJN,CHONGAJAN,NAOJAN,NFR,8.18,19,19
COR03821,NJN,SZR,NAOJAN,SARUPATHAR,NFR,7.31,19,19
COR03822,SZR,BXP,SARUPATHAR,BARPATHAR,NFR,9.55,19,19
COR03823,BXP,BHGN,BARPATHAR,BHILGAON,NFR,9.26,19,19
COR03824,BHGN,JMI,BHILGAON,JAMGURI,NFR,5.04,19,19
COR03825,JMI,OTN,JAMGURI,OATING,NFR,5.39,19,19
COR03826,OTN,FKG,OATING,FURKATING JN,NFR,4.27,19,19
COR03827,FKG,KXL,FURKATING JN,KAMARBANDHA ALI,NFR,8.89,17,17
COR03828,KXL,CFG,KAMARBANDHA ALI,CHAKITING,NFR,5.29,17,17
COR03829,CFG,TTB,CHAKITING,TITABAR,NFR,11.28,17,17
COR03830,TTB,KQY,TITABAR,KHARIKATIA,NFR,5.05,17,17
COR03831,KQY,MXN,KHARIKATIA,MARIANI JN,NFR,7.22,17,17
COR03832,MXN,NCH,MARIANI JN,NAKACHARI,NFR,10.53,8,8
COR03833,NCH,LH,NAKACHARI,LAHING,NFR,5.65,17,17
COR03834,LH,SLX,LAHING,SELENG HAT,NFR,6.52,17,17
COR03835,SLX,AGI,SELENG HAT,AMGURI,NFR,5.22,17,17
COR03836,AGI,NMT,AMGURI,NAMTIALI,NFR,10.4,19,19
COR03837,NMT,MZA,NAMTIALI,MEZENGA S,NFR,6.99,19,19
COR03838,MZA,NZR,MEZENGA S,NAZIRA,NFR,5.43,19,19
COR03839,NZR,SLGR,NAZIRA,SIMALUGURI JN,NFR,3.08,19,19
COR03840,SLGR,MUGN,SIMALUGURI JN,MAHUTGAON,NFR,6.19,14,14
COR03841,MUGN,LXA,MAHUTGAON,LAKSWA,NFR,6.88,14,14
COR03842,LXA,SFR,LAKSWA,SAFRAI,NFR,10.17,14,14
COR03843,SFR,BOJ,SAFRAI,BHOJO,NFR,9.66,14,14
COR03844,BOJ,LPTA,BHOJO,LONGPATIA,NFR,6.48,14,14
COR03845,LPTA,SPK,LONGPATIA,SAPEKHATI,NFR,7.33,14,14
COR03846,SPK,BRNR,SAPEKHATI,BARUANAGAR,NFR,8.11,14,14
COR03847,BRNR,BFD,BARUANAGAR,BORHAT,NFR,4.89,14,14
COR03848,BFD,NAM,BORHAT,NAMRUP,NFR,5.04,14,14
COR03849,NAM,BTZ,NAMRUP,BALIMARA,NFR,4.93,14,14
COR03850,BTZ,NHK,BALIMARA,NAHARKATIYA,NFR,5.85,14,14
COR03851,NHK,DJG,NAHARKATIYA,DULIAJAN,NFR,8.99,14,14
COR03852,DJG,BDT,DULIAJAN,BORDUBI ROAD,NFR,3.58,14,14
COR03853,BDT,CGF,BORDUBI ROAD,CHARALI,NFR,6.66,14,14
COR03854,CGF,NTSK,CHARALI,NEW TINSUKIA JN,NFR,3.73,6,6
COR03855,GEDE,HRSR,Gede,Harish Nagar Halt,ER,2.54,4,4
COR03856,HRSR,BPN,Harish Nagar Halt,Banpur,ER,2.58,6,6
COR03857,BPN,MIJ,Banpur,Majhdia,ER,6.02,6,6
COR03858,MIJ,TNX,Majhdia,Tarak Nagar,ER,5.51,6,6
COR03859,TNX,MYHT,Tarak Nagar,Mayurhat,ER,2.73,6,6
COR03860,MYHT,BGL,Mayurhat,Bagula,ER,3.41,6,6
COR03861,BGL,BHNA,Bagula,Bhayna,ER,2.63,6,6
COR03862,BHNA,BHGH,Bhayna,Bhairgachhi,ER,4.24,6,6
COR03863,BHGH,AG,Bhairgachhi,Aranghata,ER,4.2,6,6
COR03864,AG,PNCB,Aranghata,Pancheberia,ER,2.75,6,6
COR03865,PNCB,BNKA,Pancheberia,Bankim Nagar,ER,1.54,6,6
COR03866,BNKA,RHA,Bankim Nagar,Ranaghat Junction,ER,4.65,6,6
COR03867,RHA,PDX,Ranaghat Junction,Payradanga,ER,5.48,13,13
COR03868,PDX,CDH,Payradanga,Chakdaha,ER,5.82,13,13
COR03869,CDH,PXR,Chakdaha,Palpara,ER,2.3,13,13
COR03870,PXR,SMX,Palpara,Simurali,ER,2.29,13,13
COR03871,SMX,MPJ,Simurali,Madanpur,ER,4.46,13,13
COR03872,MPJ,KYI,Madanpur,Kalyani,ER,4.67,13,13
COR03873,KYI,KPA,Kalyani,Kanchrapara,ER,3.07,13,13
COR03874,KPA,HLR,Kanchrapara,Halisahar,ER,3.1,13,13
COR03875,SMET,SME,Shimoga Town,Shimoga,SWR,2.0,9,9
COR03876,SME,BDVT,Shimoga,Bhadravati,SWR,15.2,9,9
COR03877,BDVT,MSS,Bhadravati,Masarahalli,SWR,5.55,9,9
COR03878,MSS,TKE,Masarahalli,Tarikere Junction,SWR,13.25,9,9
COR03879,TKE,KRNH,Tarikere Junction,Karanahalli,SWR,14.07,9,9
COR03880,KRNH,SPV,Karanahalli,Sivapur,SWR,2.3,9,9
COR03881,SPV,RRB,Sivapur,BIRUR JN,SWR,7.31,9,9
COR03882,DBSI,SSB,DAYA BASTI,SHAKURBASTI,NR,4.29,30,30
COR03883,SSB,MGLP,SHAKURBASTI,MANGOLPURI,NR,3.85,27,27
COR03884,MGLP,NNO,MANGOLPURI,NANGLOI,NR,3.3,27,27
COR03885,NNO,MQC,NANGLOI,MUNDKA,NR,2.78,27,27
COR03886,MQC,GHE,MUNDKA,GHEVRA,NR,2.96,27,27
COR03887,GHE,BGZ,GHEVRA,BAHADURGARH,NR,6.67,27,27
COR03888,BGZ,ASE,BAHADURGARH,ASAUDAH,NR,8.07,27,27
COR03889,ASE,ROHN,ASAUDAH,ROHEDNAGAR HALT,NR,5.14,27,27
COR03890,ROHN,SPZ,ROHEDNAGAR HALT,SAMPLA,NR,4.6,27,27
COR03891,SPZ,ISM,SAMPLA,ISMAILA HARYANA,NR,3.1,27,27
COR03892,ISM,KRZ,ISMAILA HARYANA,KHARAWAR,NR,7.45,27,27
COR03893,KRZ,ABO,KHARAWAR,ASTHAL BOHAR,NR,5.83,27,27
COR03894,ABO,ROK,ASTHAL BOHAR,ROHTAK JN,NR,6.08,27,27
COR03895,ROK,SMF,ROHTAK JN,SAMAR GOPALPUR,NR,9.78,19,19
COR03896,SMF,KHV,SAMAR GOPALPUR,KARAINTHI,NR,6.89,19,19
COR03897,KHV,KZH,KARAINTHI,KILA ZAFARGARH,NR,9.03,16,16
COR03898,KZH,JNA,KILA ZAFARGARH,JULANA,NR,5.41,19,19
COR03899,JNA,JJT,JULANA,JAI JAI WANTI,NR,6.09,19,19
COR03900,JJT,KIU,JAI JAI WANTI,KINANA,NR,7.18,19,19
COR03901,KIU,BSPH,KINANA,BISHANPUR HARYANA,NR,5.32,19,19
COR03902,BSPH,JIND,BISHANPUR HARYANA,JIND JN,NR,6.95,19,19
COR03903,JIND,BZO,JIND JN,BARSOLA,NR,9.19,22,22
COR03904,BZO,UCA,BARSOLA,UCHANA,NR,9.49,22,22
COR03905,UCA,GSO,UCHANA,GHASO,NR,8.01,22,22
COR03906,GSO,NRW,GHASO,NARWANA JN,NR,7.18,22,22
COR03907,NRW,DHY,NARWANA JN,DHARODI,NR,7.69,18,18
COR03908,DHY,DTN,DHARODI,DHAMTAN SAHIB,NR,7.4,18,18
COR03909,DTN,KLWN,DHAMTAN SAHIB,KALWAN,NR,5.15,18,18
COR03910,KLWN,TUN,KALWAN,TOHANA,NR,5.43,18,18
COR03911,TUN,HMQ,TOHANA,HIMMATPURA,NR,5.01,18,18
COR03912,HMQ,JHL,HIMMATPURA,JAKHAL JN,NR,6.69,18,18
COR03913,BHRL,PTK,BHAROLI JUNCTION,PATHANKOT,NR,2.64,16,16
COR03914,MSOD,BTKD,MASODHA,BHARATKUND,NR,8.13,2,2
COR03915,BTKD,MEQ,BHARATKUND,MALETHU KANAK,NR,3.6,5,5
COR03916,MEQ,KJA,MALETHU KANAK,KHAJURHAT,NR,8.73,5,5
COR03917,KJA,CHBR,KHAJURHAT,CHAURE BAZAR,NR,6.25,5,5
COR03918,CHBR,KBE,CHAURE BAZAR,KUREBHAR,NR,6.72,5,5
COR03919,KBE,DWJ,KUREBHAR,DWARKAGANJ,NR,10.35,2,2
COR03920,PPU,RMGJ,PIPARPUR,RAMGANJ,NR,10.02,5,5
COR03921,RMGJ,KDF,RAMGANJ,KHUNDAUR,NR,3.28,5,5
COR03922,MEM,SWE,MAU AIMMA,SIWAITH,NR,14.21,7,7
COR03923,SHC,SHKY,SAHARSA JN,Saharsa Kutchery Halt,ECR,,6,6
COR03924,SHKY,PGC,Saharsa Kutchery Halt,Panchgachia,ECR,,5,5
COR03925,PGC,GEB,Panchgachia,Garh Baruari,ECR,5.61,6,6
COR03926,GEB,SOU,Garh Baruari,Supaul,ECR,10.92,5,5
COR03927,SOU,TB,Supaul,Tharbitia,ECR,12.47,5,5
COR03928,TB,SRGR,Tharbitia,Saraygarh,ECR,,5,5
COR03929,SRGR,PPV,Saraygarh,Pratapganj,ECR,,5,5
COR03930,PPV,LLP,Pratapganj,Lalitgram,ECR,,5,5
COR03931,LLP,NPV,Lalitgram,Narpatganj,ECR,,5,5
COR03932,BCT,MX,Mumbai Central,Mumbai Mahalakshmi,WR,1.36,23,23
COR03933,MX,PL,Mumbai Mahalakshmi,Mumbai Lower Parel,WR,1.55,23,23
COR03934,PL,EPR,Mumbai Lower Parel,Mumbai Elphinstone Road,WR,1.47,23,23
COR03935,EPR,DDR,Mumbai Elphinstone Road,MUMBAI DADAR WEST,WR,1.65,23,23
COR03936,BXN,KEV,BAYANA JN,KELA DEVI,WCR,11.48,23,23
COR03937,KEV,PNGR,KELA DEVI,PINGORA,WCR,9.0,29,29
COR03938,PNGR,JCU,PINGORA,JAICHOLI,WCR,5.54,29,29
COR03939,JCU,SWAR,JAICHOLI,SEWAR,WCR,5.87,29,29
COR03940,DUM,RKR,DHAURMUI JAGHNA,RANIKUND RARAH,WCR,4.01,30,30
COR03941,RKR,JJA,RANIKUND RARAH,JAJAN PATTI,WCR,3.87,30,30
COR03942,JJA,CRG,JAJAN PATTI,CHURAMAN NAGRI,WCR,6.72,30,30
COR03943,CRG,MSRP,CHURAMAN NAGRI,MURHESI RAMPUR,WCR,1.58,30,30
COR03944,BSAE,TBAE,BANSH BARIA,TRIBENI,ER,3.69,8,8
COR03945,TBAE,KJU,TRIBENI,KUNTIGHAT,ER,3.32,11,11
COR03946,KJU,DMLE,KUNTIGHAT,DUMURDAHA,ER,3.27,11,11
COR03947,DMLE,KMAE,DUMURDAHA,KHAMARGACHHI,ER,1.97,11,11
COR03948,KMAE,JIT,KHAMARGACHHI,JIRAT,ER,5.2,11,11
COR03949,JIT,BGAE,JIRAT,BALAGARH,ER,2.75,11,11
COR03950,BGAE,SOAE,BALAGARH,SOMRA BAZAR,ER,2.8,11,11
COR03951,SOAE,BHLA,SOMRA BAZAR,BEHULA,ER,4.78,11,11
COR03952,BHLA,GPAE,BEHULA,GUPTIPARA,ER,2.05,11,11
COR03953,GPAE,ABKA,GUPTIPARA,AMBIKA KALNA,ER,6.71,11,11
COR03954,ABKA,BGRA,AMBIKA KALNA,BAGHNAPARA,ER,4.22,11,11
COR03955,BGRA,DTAE,BAGHNAPARA,DHATRIGRAM,ER,4.37,11,11
COR03956,DTAE,SMAE,DHATRIGRAM,SAMUDRAGARH,ER,6.58,8,8
COR03957,SMAE,ER08,SAMUDRAGARH,Kalinagar,ER,,8,8
COR03958,ER08,NDAE,Kalinagar,NABADWIP DHAM,ER,,8,8
COR03959,NDAE,VSPR,NABADWIP DHAM,BISHNUPRIYA,ER,1.85,12,12
COR03960,VSPR,BFZ,BISHNUPRIYA,BHANDARTIKURI,ER,3.41,12,12
COR03961,BFZ,PSAE,BHANDARTIKURI,PURBASTHALI,ER,2.32,12,12
COR03962,PSAE,MTFA,PURBASTHALI,MERTALA PHALEYA,ER,2.96,12,12
COR03963,MTFA,LKX,MERTALA PHALEYA,LAKSHMIPUR,ER,3.09,12,12
COR03964,LKX,BQY,LAKSHMIPUR,BELERHAT,ER,2.72,12,12
COR03965,BQY,PTAE,BELERHAT,PATULI,ER,4.47,12,12
COR03966,PTAE,AGAE,PATULI,AGRADWIP,ER,4.54,12,12
COR03967,AGAE,SHBA,AGRADWIP,SAHEBTALA,ER,2.82,12,12
COR03968,SHBA,DHAE,SAHEBTALA,DAINHAT,ER,3.33,12,12
COR03969,DHAE,KWF,DAINHAT,Katwa,ER,6.35,9,9
COR03970,KWF,KWAE,Katwa,KATWA,ER,0.08,9,9
COR03971,KWAE,NBKH,KATWA,NABA GRAM KANKU,ER,3.39,14,14
COR03972,NBKH,SHBL,NABA GRAM KANKU,SHIBLUN,ER,3.87,14,14
COR03973,SHBL,GGLE,SHIBLUN,GANGATIKURI,ER,2.89,14,14
COR03974,GGLE,JHBN,GANGATIKURI,JHAMATPUR BAHARAN,ER,3.72,14,14
COR03975,JHBN,SALE,JHAMATPUR BAHARAN,SALAR,ER,3.01,14,14
COR03976,SALE,MHTR,SALAR,MALIHATI TALIBPUR ROAD,ER,2.62,14,14
COR03977,MHTR,TYAE,MALIHATI TALIBPUR ROAD,TENYA,ER,3.91,14,14
COR03978,TYAE,MIAN,TENYA,MIANGRAM,ER,4.15,12,12
COR03979,MIAN,BZLE,MIANGRAM,BAZARSAU,ER,2.77,12,12
COR03980,BZLE,KZPR,BAZARSAU,KAZIPARA,ER,3.83,14,14
COR03981,KZPR,CWLE,KAZIPARA,CHOWRIGACHA,ER,3.63,11,11
COR03982,CWLE,KTLR,CHOWRIGACHA,KANTHALIYA ROAD,ER,5.53,13,13
COR03983,KTLR,KNSN,KANTHALIYA ROAD,KARNA SUBARNA,ER,4.87,13,13
COR03984,KNSN,JVT,KARNA SUBARNA,JIVANTI HALT,ER,5.26,14,14
COR03985,JVT,KGLE,JIVANTI HALT,KHAGRAGHAT ROAD,ER,4.53,14,14
COR03986,KGLE,LCAE,KHAGRAGHAT ROAD,LALBAGH COURT ROAD,ER,7.7,2,2
COR03987,LCAE,AZ,LALBAGH COURT ROAD,AZIMGANJ JN,ER,5.15,2,2
COR03988,AZ,ACLE,AZIMGANJ JN,AZIMGANJ CITY,ER,2.11,17,17
COR03989,ACLE,PRDG,AZIMGANJ CITY,PORADANGA HALT,ER,4.14,11,11
COR03990,PRDG,MPLR,PORADANGA HALT,MAHIPAL ROAD,ER,4.67,14,14
COR03991,MPLR,MPLE,MAHIPAL ROAD,MAHIPAL,ER,3.61,14,14
COR03992,MPLE,NWMS,MAHIPAL,NOAPARA MAHISHA,ER,3.15,14,14
COR03993,NWMS,MGLE,NOAPARA MAHISHA,MANIGRAM,ER,3.69,14,14
COR03994,MGLE,GALE,MANIGRAM,GANKAR,ER,7.75,4,4
COR03995,GALE,JRLE,GANKAR,JANGIPUR ROAD,ER,6.9,4,4
COR03996,JRLE,AHN,JANGIPUR ROAD,AHIRAN,ER,6.47,14,14
COR03997,AHN,SPLE,AHIRAN,SUJNIPARA,ER,6.01,14,14
COR03998,SPLE,NILE,SUJNIPARA,NIMTITA,ER,6.66,14,14
COR03999,NILE,DGLE,NIMTITA,DHULIAN GANGA,ER,8.78,8,8
COR04000,DGLE,SXP,DHULIAN GANGA,SANKOPARA,ER,5.08,13,13
COR04001,SXP,BQZ,SANKOPARA,BALLALPUR,ER,4.0,13,13
COR04002,PNPR,PUPR,PUNNAPURA,PUNNAPRA,SR,3.09,22,22
COR04003,PUPR,AMPA,PUNNAPRA,AMBALAPUZHA,SR,4.75,22,22
COR04004,AMPA,THZI,AMBALAPUZHA,Takazhi,SR,,15,15
COR04005,THZI,KVTA,Takazhi,KARUVATTA HALT,SR,,15,15
COR04006,KVTA,HAD,KARUVATTA HALT,HARIPPAD,SR,5.35,22,22
COR04007,HAD,CHPD,HARIPPAD,CHEPPAD HALT,SR,5.46,22,22
COR04008,MDSA,DNUA,Modasa,Dhansura,WR,15.53,1,1
COR04009,DNUA,BAYD,Dhansura,Beyad,WR,15.1,1,1
COR04010,BAYD,KSUA,Beyad,Kashipura,WR,11.29,1,1
COR04011,KSUA,VLTR,Kashipura,Vadali Luter Road,WR,5.87,1,1
COR04012,VLTR,KVNJ,Vadali Luter Road,Kapadvanj,WR,8.84,1,1
COR04013,KVNJ,KTAL,Kapadvanj,Kathalal,WR,16.27,1,1
COR04014,KTAL,MHUA,Kathalal,Mahudha,WR,10.03,1,1
COR04015,BEML,COL,BEML Nagar,Coromandel,SWR,1.7,4,4
COR04016,COL,OGM,Coromandel,Oorgaum,SWR,2.36,4,4
COR04017,OGM,CHU,Oorgaum,Champion,SWR,2.01,4,4
COR04018,CHU,MKM,Champion,Marikuppam,SWR,1.93,4,4
COR04019,OKHA,MTHP,OKHA,MITHAPUR,WR,9.4,13,13
COR04020,MTHP,VVA,MITHAPUR,VARVALA,WR,13.15,10,10
COR04021,VVA,DWK,VARVALA,DWARKA,WR,5.54,13,13
COR04022,DWK,GRJA,DWARKA,GORINJA,WR,10.43,14,14
COR04023,GRJA,OKD,GORINJA,OKHA MADHI,WR,11.02,14,14
COR04024,OKD,KRGA,OKHA MADHI,KURANGA,WR,7.98,14,14
COR04025,KRGA,BHTA,KURANGA,BHATIYA,WR,11.59,14,14
COR04026,BHTA,BPKA,BHATIYA,BHOPALKA,WR,9.89,14,14
COR04027,BPKA,BHTL,BHOPALKA,BHATEL,WR,13.66,10,10
COR04028,BHTL,VQD,BHATEL,VIRAMDAD,WR,9.23,14,14
COR04029,VQD,KMBL,VIRAMDAD,KHAMBHALIYA,WR,8.7,14,14
COR04030,KMBL,SYQ,KHAMBHALIYA,SINHAN,WR,7.69,14,14
COR04031,SYQ,MDPR,SINHAN,MODPUR,WR,8.99,14,14
COR04032,MDPR,KNLS,MODPUR,KANALAS JN,WR,10.81,14,14
COR04033,WTJ,HM,JAM WANTHALI,HADMATIYA JN,WR,15.28,1,1
COR04034,HM,PDH,HADMATIYA JN,PADADHARI,WR,13.87,2,2
COR04035,BCY,SRNT,VARANASI CITY,SARNATH,NER,5.01,33,33
COR04036,SRNT,KDQ,SARNATH,KADIPUR,NER,10.01,33,33
COR04037,KDQ,RJI,KADIPUR,RAJAWARI,NER,6.73,33,33
COR04038,RJI,ARJ,RAJAWARI,AUNRIHAR JN,NER,7.71,33,33
COR04039,ARJ,SYH,AUNRIHAR JN,SAIYEDPUR BHTRI,NER,4.62,21,21
COR04040,SYH,TRN,SAIYEDPUR BHTRI,TARAON,NER,7.99,21,21
COR04041,TRN,BSCK,TARAON,BASUCHAK,NER,3.76,21,21
COR04042,BSCK,NDJ,BASUCHAK,NANDGANJ,NER,5.1,21,21
COR04043,NDJ,SAHR,NANDGANJ,SAHERI,NER,5.48,21,21
COR04044,SAHR,AKS,SAHERI,ANKUSPUR,NER,4.7,21,21
COR04045,AKS,GCT,ANKUSPUR,GHAZIPUR CITY,NER,7.54,21,21
COR04046,GCT,GZT,GHAZIPUR CITY,GHAZIPUR GHAT,NER,4.15,21,21
COR04047,GZT,SBK,GHAZIPUR GHAT,SHAHBAZ KULI,NER,7.85,21,21
COR04048,SBK,YFP,SHAHBAZ KULI,YUSUFPUR,NER,7.46,21,21
COR04049,YFP,DDD,YUSUFPUR,DHONDHA DIH,NER,6.02,21,21
COR04050,DDD,KMDR,DHONDHA DIH,KARIMUDDIN PUR,NER,7.2,21,21
COR04051,KMDR,TJD,KARIMUDDIN PUR,TAJPUR DEHMA,NER,7.58,21,21
COR04052,TJD,CBN,TAJPUR DEHMA,CHIT BARAGAON,NER,7.41,21,21
COR04053,GDG,HBL,GADAG JN,HOMBAL,SWR,11.66,9,9
COR04054,HBL,BLR,HOMBAL,BALGANUR,SWR,8.54,9,9
COR04055,BLR,MLP,BALGANUR,MALLAPUR,SWR,8.91,9,9
COR04056,MLP,SMKT,MALLAPUR,Somankatti,SWR,10.75,9,9
COR04057,SMKT,HLAR,Somankatti,HOLE ALUR,SWR,6.06,9,9
COR04058,HLAR,JAK,HOLE ALUR,Jakanur,SWR,2.86,9,9
COR04059,JAK,LKY,Jakanur,LAKHMAPUR,SWR,3.7,9,9
COR04060,LKY,YGA,LAKHMAPUR,Yerra Goppa Halt,SWR,4.47,9,9
COR04061,YGA,BDM,Yerra Goppa Halt,BADAMI,SWR,6.7,9,9
COR04062,BDM,GED,BADAMI,GULEDAGUDDA RD,SWR,12.46,9,9
COR04063,GED,BGK,GULEDAGUDDA RD,BAGALKOT,SWR,12.16,9,9
COR04064,KLM,JRKT,KADLIMATTI,JADARAMA KUNTE,SWR,6.99,9,9
COR04065,JRKT,SII,JADARAMA KUNTE,SITIMANI,SWR,4.9,9,9
COR04066,SII,KSAR,SITIMANI,KUDALA SANGAM,SWR,3.09,9,9
COR04067,KSAR,LMT,KUDALA SANGAM,ALMATTI,SWR,4.47,9,9
COR04068,LMT,BENL,ALMATTI,BENL,SWR,4.7,9,9
COR04069,BENL,WDL,BENL,WANDAL,SWR,4.09,9,9
COR04070,WDL,ANGR,WANDAL,ANGADGERI HALT,SWR,4.36,9,9
COR04071,ANGR,BSRX,ANGADGERI HALT,BAGEVADI RD,SWR,3.64,9,9
COR04072,BSRX,KDGI,BAGEVADI RD,KUDGI,SWR,5.87,9,9
COR04073,KDGI,MVD,KUDGI,MULVAD,SWR,12.16,9,9
COR04074,MVD,HOH,MULVAD,HONAGANAHALLI,SWR,6.73,9,9
COR04075,HOH,IMR,HONAGANAHALLI,IBRAHIMPUR,SWR,13.81,9,9
COR04076,IMR,BJP,IBRAHIMPUR,BIJAPUR,SWR,3.82,9,9
COR04077,BJP,AYB,BIJAPUR,Aliyabad,SWR,5.6,11,11
COR04078,AYB,MNL,Aliyabad,MINCHNAL,SWR,12.4,11,11
COR04079,MNL,KTK,MINCHNAL,KYATANEAKERI RD,SWR,9.12,11,11
COR04080,KTK,NBL,KYATANEAKERI RD,NIMBAL,SWR,8.32,11,11
COR04081,NBL,CHRG,NIMBAL,CHORGI,SWR,6.39,11,11
COR04082,CHRG,IDR,CHORGI,INDI ROAD,SWR,6.66,11,11
COR04083,IDR,LHN,INDI ROAD,LACHYAN,SWR,9.39,11,11
COR04084,LHN,PDNR,LACHYAN,PADNUR,SWR,4.95,11,11
COR04085,PDNR,TVL,PADNUR,TADWAL,SWR,7.93,11,11
COR04086,TVL,SLGE,TADWAL,SULERJAVALGE,SWR,7.31,11,11
COR04087,SLGE,AHD,SULERJAVALGE,AHERWADI,SWR,5.57,11,11
COR04088,SGNR,MOPR,SHRI GANGANAGAR,MOHANPURA,NWR,7.21,10,10
COR04089,MOPR,FTH,MOHANPURA,FATUHI,NR,7.61,9,9
COR04090,FTH,ORKI,FATUHI,ORKI,NR,4.3,10,10
COR04091,ORKI,HMK,ORKI,HINDUMALKOTE,NR,7.01,10,10
COR04092,HMK,KTPK,HINDUMALKOTE,KOTHA PAKKI,NR,3.9,10,10
COR04093,KTPK,BKWA,KOTHA PAKKI,BAKAYANWALA,NR,1.89,10,10
COR04094,BKWA,PJK,BAKAYANWALA,PANJ KOSI,NR,6.91,10,10
COR04095,PJK,KLWL,PANJ KOSI,KILANWALI PUNJAB,NR,5.29,10,10
COR04096,KLWL,ABS,KILANWALI PUNJAB,ABOHAR,NR,8.01,10,10
COR04097,ABS,BFE,ABOHAR,BAHAWAL BASI,NR,8.09,12,12
COR04098,BFE,PKK,BAHAWAL BASI,PAKKI,NR,7.58,12,12
COR04099,PKK,MOT,PAKKI,MALOUT,NR,13.64,11,11
COR04100,MOT,FSR,MALOUT,FAQARSAR,NR,7.43,12,12
COR04101,FSR,GDB,FAQARSAR,GIDDARBAHA,NR,8.82,12,12
COR04102,GDB,BHX,GIDDARBAHA,BULLUANA,NR,11.64,11,11
COR04103,BHX,BWX,BULLUANA,BAHMAN DIWANA,NR,6.41,12,12
COR04104,BWX,BTI,BAHMAN DIWANA,BHATINDA JN,NR,8.17,12,12
COR04105,BTI,BTIC,BHATINDA JN,BHATINDA CANTT,NR,2.96,11,11
COR04106,BTIC,BCU,BHATINDA CANTT,BHUCHCHU,NR,13.73,11,11
COR04107,BCU,LHM,BHUCHCHU,LEHRA MUHABBAT,NR,7.12,10,10
COR04108,LHM,PUL,LEHRA MUHABBAT,RAMPURA PHUL,NR,8.06,11,11
COR04109,PUL,JHK,RAMPURA PHUL,JETHUKE,NR,8.06,11,11
COR04110,JHK,TAPA,JETHUKE,TAPA,NR,4.86,11,11
COR04111,TAPA,GUNS,TAPA,GHUNAS,NR,5.58,11,11
COR04112,GUNS,HYA,GHUNAS,HADIAYA,NR,5.73,11,11
COR04113,HYA,BNN,HADIAYA,BARNALA,NR,7.86,11,11
COR04114,BNN,SEQ,BARNALA,SEKHA,NR,9.14,11,11
COR04115,SEQ,ALL,SEKHA,ALAL,NR,7.39,10,10
COR04116,ALL,DUI,ALAL,DHURI JN,NR,14.0,10,10
COR04117,DUI,KLSX,DHURI JN,Kaulseri,NR,7.19,10,10
COR04118,KLSX,CTW,Kaulseri,Chhintanwala,NR,6.99,10,10
COR04119,CTW,KKRL,Chhintanwala,Kakrala,NR,5.79,10,10
COR04120,KKRL,NBA,Kakrala,Nabha,NR,6.91,10,10
COR04121,NBA,DBN,Nabha,Dhablan,NR,12.85,10,10
COR04122,DBN,PTE,Dhablan,Patiala Cantt.,NR,9.81,10,10
COR04123,PTE,PTA,Patiala Cantt.,Patiala,NR,2.43,10,10
COR04124,PTA,DOC,Patiala,Daun Kalan,NR,6.51,11,11
COR04125,DOC,KLI,Daun Kalan,Kauli,NR,7.32,11,11
COR04126,KRKD,PTB,KARAKKAD,PATTAMBI,SR,5.51,41,41
COR04127,PTB,KODN,PATTAMBI,KODUMUNDA,SR,4.52,41,41
COR04128,KODN,PUM,KODUMUNDA,PALLIPPURAM,SR,4.3,41,41
COR04129,PUM,PEU,PALLIPPURAM,PERSSANNUR,SR,5.12,41,41
COR04130,PEU,KTU,PERSSANNUR,KUTTIPPURAM,SR,3.55,41,41
COR04131,KTU,TUA,KUTTIPPURAM,TIRUNNAVAYA,SR,6.13,41,41
COR04132,TUA,TIR,TIRUNNAVAYA,TIRUR,SR,8.45,41,41
COR04133,TIR,TA,TIRUR,TANUR,SR,8.22,41,41
COR04134,TA,PGI,TANUR,PARPANANGADI,SR,7.68,41,41
COR04135,PGI,VLI,PARPANANGADI,VALLIKUNNU,SR,5.06,41,41
COR04136,VLI,KN,VALLIKUNNU,KADALUNDI,SR,5.43,41,41
COR04137,KN,FK,KADALUNDI,FEROK,SR,4.62,41,41
COR04138,FK,KUL,FEROK,KALLAYI,SR,8.02,41,41
COR04139,KUL,CLT,KALLAYI,KOZHIKODE,SR,1.59,41,41
COR04140,CAN,CQL,KANNUR,CHIRAKKAL,SR,4.76,35,35
COR04141,CQL,VAPM,CHIRAKKAL,VALAPATTANAM,SR,2.02,35,35
COR04142,VAPM,PPNS,VALAPATTANAM,PAPPINISSERY,SR,1.57,35,35
COR04143,PPNS,KPQ,PAPPINISSERY,KANNAPURAM,SR,5.96,35,35
COR04144,KPQ,PAZ,KANNAPURAM,PAYANGADI,SR,7.22,35,35
COR04145,PAZ,ELM,PAYANGADI,ELIMALA,SR,6.11,35,35
COR04146,ELM,PAY,ELIMALA,PAYYANUR,SR,4.69,35,35
COR04147,PAY,TKQ,PAYYANUR,TRIKARPUR,SR,5.92,35,35
COR04148,TKQ,CDRA,TRIKARPUR,CHANDERA,SR,4.27,35,35
COR04149,CDRA,CHV,CHANDERA,CHARVATTUR,SR,4.02,35,35
COR04150,CHV,NLE,CHARVATTUR,NILESHWAR,SR,5.15,35,35
COR04151,NLE,KZE,NILESHWAR,KANHANGAD,SR,9.02,35,35
COR04152,KZE,PKP,KANHANGAD,Pallikkara,SR,,20,20
COR04153,PKP,BFR,Pallikkara,BEKAL FORT,SR,,20,20
COR04154,BFR,KQK,BEKAL FORT,KOTIKULAM,SR,4.69,35,35
COR04155,KQK,KALD,KOTIKULAM,Kalanad,SR,,20,20
COR04156,KALD,KLAD,Kalanad,KALANAD HALT,SR,,20,20
COR04157,KLAD,KGQ,KALANAD HALT,KASARAGOD,SR,2.87,35,35
COR04158,KGQ,KMQ,KASARAGOD,KUMBLA,SR,12.02,35,35
COR04159,KMQ,UAA,KUMBLA,UPPALA,SR,9.71,35,35
COR04160,UAA,MJS,UPPALA,MANJESHWAR,SR,6.39,35,35
COR04161,MJS,ULL,MANJESHWAR,ULLAL,SR,8.27,35,35
COR04162,ULL,TKOT,ULLAL,TOKKOTTU,SR,3.01,16,16
COR04163,TKOT,MAQ,TOKKOTTU,MANGALORE CNTL,SR,5.14,16,16
COR04164,PDL,LMD,PENDEKALLU,LINGANENIDODDI,SCR,6.64,25,25
COR04165,LMD,MYL,LINGANENIDODDI,MALLIYALA,SCR,7.87,25,25
COR04166,GILL,QRP,GILL,KILA RAIPUR,NR,9.26,15,15
COR04167,QRP,AHH,KILA RAIPUR,AHMADGARH,NR,8.4,15,15
COR04168,AHH,RHW,AHMADGARH,ROHIRA GHALUGHRA,NR,5.32,16,16
COR04169,RHW,KUP,ROHIRA GHALUGHRA,KUP,NR,4.16,16,16
COR04170,KUP,MET,KUP,MALERKOTLA,NR,8.13,16,16
COR04171,MET,HMI,MALERKOTLA,HIMMATANA,NR,7.87,16,16
COR04172,HMI,DUI,HIMMATANA,DHURI JN,NR,9.56,16,16
COR04173,DUI,BSS,DHURI JN,BAHADUR SINGH WALA,NR,6.02,18,18
COR04174,BSS,SAG,BAHADUR SINGH WALA,SANGRUR,NR,8.8,18,18
COR04175,SAG,BZ,SANGRUR,BHARUR,NR,8.88,18,18
COR04176,BZ,SFM,BHARUR,SUNAM,NR,3.91,18,18
COR04177,SFM,CJL,SUNAM,CHAJLI,NR,9.72,18,18
COR04178,CJL,GGKR,CHAJLI,GOVINDGARH KHOKHAR,NR,5.63,18,18
COR04179,GGKR,LHA,GOVINDGARH KHOKHAR,LEHRA GAGA,NR,6.07,18,18
COR04180,LHA,GRN,LEHRA GAGA,GURNAY,NR,7.08,18,18
COR04181,GRN,JHL,GURNAY,JAKHAL JN,NR,8.29,18,18
COR04182,JHL,KUDN,JAKHAL JN,Kudni,NR,3.31,7,7
COR04183,PLT,GJW,Pirthala Llauda,Gajuwala,NR,4.84,7,7
COR04184,GJW,UKN,Gajuwala,Uklana,NR,9.68,7,7
COR04185,UKN,DULP,Uklana,Daulatpur Haryana,NR,5.24,7,7
COR04186,DULP,BXC,Daulatpur Haryana,Barwala,NR,9.41,7,7
COR04187,BXC,BFN,Barwala,Bugana,NR,13.38,7,7
COR04188,BFN,DNX,Bugana,Dhansu,NR,5.82,7,7
COR04189,DNX,RPHR,Dhansu,Raipur Hariyana Junction,NR,6.56,7,7
COR04190,RPHR,HSR,Raipur Hariyana Junction,Hisar,NR,4.76,7,7
COR04191,PLK,BIK,PALIA KALAN,BHIRA KHERI,NER,13.89,8,8
COR04192,BIK,MLN,BHIRA KHERI,MAILANI,NER,14.7,2,2
COR04193,GK,LMP,GOLA GOKARANATH,LAKHIMPUR,NER,33.36,1,1
COR04194,HA,STP,HARGAON,SITAPUR,NER,23.59,1,1
COR04195,SDLP,HR,Sadulpur Junction,Harpalu,NWR,12.28,7,7
COR04196,HR,RMB,Harpalu,Rampura Beri,NWR,15.69,7,7
COR04197,RMB,PVZ,Rampura Beri,Parvezpur,NWR,8.36,7,7
COR04198,PVZ,LHU,Parvezpur,Loharu,NWR,11.76,7,7
COR04199,LHU,SAWN,Loharu,Sohansra,NWR,6.16,7,7
COR04200,SAWN,STNL,Sohansra,Satnali,NWR,10.71,7,7
COR04201,STNL,ZP,Satnali,Zarpur Pali,NWR,21.08,7,7
COR04202,ZP,MHRG,Zarpur Pali,Mahendragarh,NWR,0.05,7,7
COR04203,MHRG,BJWS,Mahendragarh,Bojawas,NWR,10.78,7,7
COR04204,BJWS,KNNK,Bojawas,Kanina Khas,NWR,4.74,7,7
COR04205,KNNK,DZB,Kanina Khas,Dahina Zainabad,NWR,9.55,7,7
COR04206,DZB,NNU,Dahina Zainabad,Nangal Mundi,NWR,11.46,7,7
COR04207,NNU,RE,Nangal Mundi,REWARI,NWR,12.03,7,7
COR04208,MZGI,HGJ,MANZURGARHI,HARDUAGANJ,NCR,3.59,7,7
COR04209,HGJ,SUNM,HARDUAGANJ,SUNAMAI HALT,NCR,14.96,7,7
COR04210,SUNM,GDHA,SUNAMAI HALT,GODHA,NR,12.81,3,3
COR04211,GDHA,AUR,GODHA,ATRAULI ROAD,NR,12.77,3,3
COR04212,AUR,DMPR,ATRAULI ROAD,DHARAMPUR,NR,7.41,7,7
COR04213,DMPR,DIB,DHARAMPUR,DIBAI,NR,6.06,7,7
COR04214,DIB,RG,DIBAI,RAJGHAT NARORA,NR,6.79,7,7
COR04215,RG,BBA,RAJGHAT NARORA,BABRALA,NR,5.96,7,7
COR04216,BBA,BHKL,BABRALA,BHAKRAULI,NR,8.39,7,7
COR04217,BHKL,DN,BHAKRAULI,DHANARI,NR,4.08,7,7
COR04218,DN,PHX,DHANARI,PATHAKPUR,NR,8.32,2,2
COR04219,PHX,BJ,PATHAKPUR,BAHJOI,NR,6.12,2,2
COR04220,BJ,MJHL,BAHJOI,MAJADA HALT,NR,12.81,2,2
COR04221,MJHL,CH,MAJADA HALT,CHANDAUSI JN,NR,3.64,2,2
COR04222,CH,GTF,CHANDAUSI JN,GUMTHAL,NR,3.58,13,13
COR04223,GTF,KZS,GUMTHAL,KUAKHERA HALT,NR,7.0,2,2
COR04224,KZS,JRJ,KUAKHERA HALT,JARGAON,NR,1.57,2,2
COR04225,JRJ,RJK,JARGAON,RAJA KA SAHASPUR,NR,7.4,13,13
COR04226,RJK,KD,RAJA KA SAHASPUR,KUNDARKHI,NR,6.08,14,14
COR04227,KD,FRD,KUNDARKHI,FARHEDI,NR,3.52,14,14
COR04228,FRD,MCV,FARHEDI,MACHARYA,NR,6.84,14,14
COR04229,GUH,MDNR,GULDHAR,MODINAGAR,NR,17.84,16,16
COR04230,COR,GSD,CHITTAURGARH,Ghosunda,WR,9.0,10,10
COR04231,GSD,PMO,Ghosunda,Pandoli,NWR,13.64,10,10
COR04232,PMO,KIN,Pandoli,Kapasan,NWR,8.75,10,10
COR04233,KIN,BSJ,Kapasan,Bhupalsagar,NWR,10.33,10,10
COR04234,BSJ,FAN,Bhupalsagar,Fatehnagar,NWR,12.14,10,10
COR04235,FAN,MVJ,Fatehnagar,MAVLI JN,NWR,12.6,10,10
COR04236,MVJ,BIML,MAVLI JN,Bhimal,NWR,6.98,10,10
COR04237,BIML,KLH,Bhimal,Khemli,NWR,10.6,10,10
COR04238,KLH,DRB,Khemli,Debari,NWR,10.05,10,10
COR04239,DRB,RPZ,Debari,Ranapratapnagar,NWR,8.28,10,10
COR04240,RPZ,UDZ,Ranapratapnagar,UDAIPUR CITY,NWR,3.35,10,10
COR04241,DKT,LLU,DHULKOT,LALRU,NR,9.37,18,18
COR04242,LLU,DHPR,LALRU,DAPPAR,NR,4.4,18,18
COR04243,DHPR,GHG,DAPPAR,GHAGGHAR,NR,11.1,18,18
COR04244,GHG,CDG,GHAGGHAR,CHANDIGARH,NR,10.4,18,18
COR04245,CDG,SASN,CHANDIGARH,SAS NAGAR MOHALI,NR,8.81,4,4
COR04246,SASN,KRHR,SAS NAGAR MOHALI,Kharar,NR,11.98,4,4
COR04247,NNGL,MTPR,Naya Nangal,Raimehatpur,NR,4.11,4,4
COR04248,MTPR,UHL,Raimehatpur,Una Himachal,NR,9.34,4,4
COR04249,BYHA,URPR,BARYA RAM,UGRASENPUR,NR,3.76,14,14
COR04250,URPR,PLP,UGRASENPUR,PHULPUR,NR,9.95,14,14
COR04251,PLP,SYC,PHULPUR,SARAI CHANDI,NR,11.33,14,14
COR04252,SYC,PFM,SARAI CHANDI,PHAPHAMAU JN,NR,11.48,7,7
COR04253,PTLI,MIQ,PATHAULI,MIRHAKUR,NCR,5.83,14,14
COR04254,MIQ,KLB,MIRHAKUR,KIRAOLI,NCR,8.17,14,14
COR04255,KLB,SNPR,KIRAOLI,SINGARPUR,NCR,6.45,14,14
COR04256,SNPR,FTS,SINGARPUR,FATEHPUR SIKRI,NCR,5.81,14,14
COR04257,FTS,AED,FATEHPUR SIKRI,AULENDA,NCR,9.22,14,14
COR04258,AED,RBS,AULENDA,RUPBAS,NCR,4.81,14,14
COR04259,RBS,DXK,RUPBAS,DHANA KHERLI,NCR,7.06,14,14
COR04260,DXK,BIQ,DHANA KHERLI,BANSI PAHARPUR,NCR,8.02,14,14
COR04261,BIQ,NGLT,BANSI PAHARPUR,NAGLATULA,NCR,3.7,14,14
COR04262,NGLT,BR,NAGLATULA,BANDH BARETA,NCR,5.86,14,14
COR04263,BR,BAMA,BANDH BARETA,BIRAMBAD,NCR,4.12,14,14
COR04264,BAMA,BXN,BIRAMBAD,BAYANA JN,NCR,2.85,14,14
COR04265,PDH,CX,PADADHARI,CHANOL,WR,6.84,24,24
COR04266,CX,JALD,CHANOL,JALIYA DEVANI,WR,14.34,18,18
COR04267,JALD,WTJ,JALIYA DEVANI,JAM WANTHALI,WR,8.06,25,25
COR04268,BSR,JCNR,VASAI ROAD,JUCHANDRA,WR,4.91,33,33
COR04269,JCNR,KARD,JUCHANDRA,KAMAN ROAD,CR,5.54,33,33
COR04270,KARD,KHBV,KAMAN ROAD,KHARBAO,CR,8.04,33,33
COR04271,KHBV,BIRD,KHARBAO,BHIWANDI ROAD,CR,7.27,33,33
COR04272,RE,NNU,REWARI,Nangal Mundi,NWR,12.03,7,7
COR04273,NNU,DZB,Nangal Mundi,Dahina Zainabad,NWR,11.46,7,7
COR04274,DZB,KNNK,Dahina Zainabad,Kanina Khas,NWR,9.55,7,7
COR04275,KNNK,BJWS,Kanina Khas,Bojawas,NWR,4.74,7,7
COR04276,BJWS,MHRG,Bojawas,Mahendragarh,NWR,10.78,7,7
COR04277,MHRG,ZP,Mahendragarh,Zarpur Pali,NWR,0.05,7,7
COR04278,ZP,STNL,Zarpur Pali,Satnali,NWR,21.08,7,7
COR04279,STNL,SAWN,Satnali,Sohansra,NWR,10.71,7,7
COR04280,SAWN,LHU,Sohansra,Loharu,NWR,6.16,7,7
COR04281,LHU,PVZ,Loharu,Parvezpur,NWR,11.76,7,7
COR04282,PVZ,RMB,Parvezpur,Rampura Beri,NWR,8.36,7,7
COR04283,RMB,HR,Rampura Beri,Harpalu,NWR,15.69,7,7
COR04284,HR,SDLP,Harpalu,Sadulpur Junction,NWR,12.28,7,7
COR04285,SWNI,CRW,Siwani,Charaud,NWR,11.31,3,3
COR04286,CRW,HSR,Charaud,Hisar,NWR,17.59,3,3
COR04287,GRB,JOC,GARHDHRUBESWAR,JOYCHANDI PAHAR,SER,6.51,8,8
COR04288,JOC,BERO,JOYCHANDI PAHAR,BERO,SER,5.9,20,20
COR04289,BERO,RKI,BERO,RAMKANALI JN,SER,5.06,20,20
COR04290,RKI,MDF,RAMKANALI JN,MURADI,SER,5.0,20,20
COR04291,MDF,MDKD,MURADI,MADHUKUNDA,SER,7.14,20,20
COR04292,MDKD,DMA,MADHUKUNDA,DAMODAR JUNCTION,SER,4.85,20,20
COR04293,DMA,BURN,DAMODAR JUNCTION,BURNPUR,SER,3.85,20,20
COR04294,ARJ,MHO,AUNRIHAR JN,MAHPUR,NER,9.01,18,18
COR04295,MHO,SDT,MAHPUR,SADAT,NER,9.76,18,18
COR04296,SDT,JKN,SADAT,JAKHANIAN,NER,9.7,16,16
COR04297,JKN,DLR,JAKHANIAN,DULLAHAPUR,NER,8.48,18,18
COR04298,DLR,PPH,DULLAHAPUR,PIPRI DIH,NER,11.72,16,16
COR04299,PPH,PNRA,PIPRI DIH,PANIARA,NER,3.6,18,18
COR04300,CKYD,KER,CHAKRA ROAD,KIRIHRAPUR,NER,8.14,17,17
COR04301,KER,BLTR,KIRIHRAPUR,BELTHARA ROAD,NER,13.44,13,13
COR04302,BLTR,TTI,BELTHARA ROAD,TURTIPAR,NER,6.6,17,17
COR04303,TTI,LRD,TURTIPAR,LAR ROAD,NER,6.17,17,17
COR04304,LRD,SRU,LAR ROAD,SALEMPUR JN,NER,9.45,17,17
COR04305,SRU,POKL,SALEMPUR JN,PEOKOL,NER,4.8,19,19
COR04306,TRG,NXR,Tarighat,Nagsar,ECR,,3,3
COR04307,NXR,SAHA,Nagsar,Sarahula,ECR,,2,2
COR04308,PRNC,KTNR,Purnia Court,Kirtyanand Nagar,ECR,,3,3
COR04309,KTNR,ATX,Kirtyanand Nagar,Alinagar Tola,ECR,,1,1
COR04310,ATX,SRSI,Alinagar Tola,Sarsi,ECR,,1,1
COR04311,SRSI,BNKI,Sarsi,Banmankhi Junction,ECR,9.47,3,3
COR04312,JNKR,RPLY,Janakinagar,Rupauli,ECR,5.91,4,4
COR04313,RPLY,MRIJ,Rupauli,Murliganj,ECR,5.84,4,4
COR04314,MV,MY,MAYILADUTURAI JN,MALLIYAM,SR,4.0,13,13
COR04315,MY,KTM,MALLIYAM,KUTRALAM,SR,4.32,13,13
COR04316,KTM,NPT,KUTRALAM,NARASINGAMPET,SR,6.35,13,13
COR04317,NPT,ADT,NARASINGAMPET,ADUTURAI,SR,4.57,13,13
COR04318,ADT,TDR,ADUTURAI,TIRUVIDAIMARUTHUR,SR,3.42,13,13
COR04319,TDR,TRM,TIRUVIDAIMARUTHUR,TIRUNAGESVARAM,SR,3.27,13,13
COR04320,TRM,KMU,TIRUNAGESVARAM,KUMBAKONAM,SR,4.98,13,13
COR04321,KMU,DSM,KUMBAKONAM,DARASURAM,SR,3.65,15,15
COR04322,DSM,SWI,DARASURAM,SWAMIMALAI,SR,3.02,15,15
COR04323,SWI,SPL,SWAMIMALAI,SUNDARAPERUMAL KOVIL,SR,3.07,15,15
COR04324,SPL,PML,SUNDARAPERUMAL KOVIL,PAPANASAM,SR,4.09,15,15
COR04325,PML,PDV,PAPANASAM,PANDARAVADAI,SR,3.06,15,15
COR04326,PDV,AZP,PANDARAVADAI,AYYAMPET,SR,4.33,15,15
COR04327,AZP,PVL,AYYAMPET,PASUPATIKOVIL,SR,2.09,15,15
COR04328,PVL,TT,PASUPATIKOVIL,TITTE,SR,4.47,15,15
COR04329,TT,TJ,TITTE,THANJAVUR,SR,8.91,15,15
COR04330,SGNR,BWC,SHRI GANGANAGAR,Banwali,NWR,15.33,2,2
COR04331,BWC,FSW,Banwali,Fateh Singhwala,NWR,0.0,2,2
COR04332,FSW,SDS,Fateh Singhwala,Sadulshahr,NWR,13.9,2,2
COR04333,SDS,BDSW,Sadulshahr,Budhsinghwala,NWR,9.24,2,2
COR04334,BDSW,BUGL,Budhsinghwala,Buglanwali,NWR,4.71,2,2
COR04335,BUGL,DPK,Buglanwali,Dholipal,NWR,3.65,2,2
COR04336,DPK,HLW,Dholipal,Hirnawali,NWR,5.99,2,2
COR04337,HLW,JRKN,Hirnawali,Jorkian,NWR,14.45,2,2
COR04338,JRKN,HMH,Jorkian,HANUMANGARH JN,NWR,25.27,2,2
COR04339,HMH,HMO,HANUMANGARH JN,Hanumangarh Town,NWR,5.57,5,5
COR04340,HMO,SRKN,Hanumangarh Town,Sherekan,NWR,10.26,5,5
COR04341,SRKN,SJSM,Sherekan,Salemgarhmasani,NWR,2.71,2,2
COR04342,SJSM,TIBI,Salemgarhmasani,Tibi,NWR,3.88,2,2
COR04343,TIBI,TLI,Tibi,Tulwara Jhil,NWR,,2,2
COR04344,TLI,ENB,Tulwara Jhil,Ellenabad,NWR,,5,5
COR04345,ENB,SURR,Ellenabad,Surera,NWR,,2,2
COR04346,SURR,KNNA,Surera,Khinaniyan,NWR,,2,2
COR04347,KNNA,BKKA,Khinaniyan,Bhukarka,NWR,12.37,2,2
COR04348,BKKA,NHR,Bhukarka,Nohar,NWR,5.53,2,2
COR04349,NHR,DPLN,Nohar,Diplana,NWR,10.49,5,5
COR04350,DPLN,SHRG,Diplana,Sri Ramgarh Halt,NWR,,5,5
COR04351,SHRG,GAMI,Sri Ramgarh Halt,Gogameri,NWR,,5,5
COR04352,GAMI,TSD,Gogameri,Tahsil Bhadra,NWR,13.91,5,5
COR04353,TSD,KALN,Tahsil Bhadra,Kalana,NWR,,5,5
COR04354,KALN,AUS,Kalana,Anupshahr,NWR,,5,5
COR04355,AUS,SDMK,Anupshahr,Sidmukh,NWR,9.78,5,5
COR04356,SDMK,HSWS,Sidmukh,Hansiawas,NWR,,2,2
COR04357,HSWS,NRWI,Hansiawas,Narwasi,NWR,,2,2
COR04358,NRWI,PRSR,Narwasi,Paharsar,NWR,,1,1
COR04359,PRSR,SURP,Paharsar,Suratpura,NWR,11.4,1,1
COR04360,AYRN,CSR,AKSHAYWAT RAI NAGAR,CHAK SIKANDAR,ECR,5.17,11,11
COR04361,CSR,DES,CHAK SIKANDAR,DESARI,ECR,4.46,11,11
COR04362,DES,SDG,DESARI,SAHADAI BUZURG,ECR,4.7,15,15
COR04363,SDG,MNO,SAHADAI BUZURG,MEHNAR ROAD,ECR,5.01,15,15
COR04364,MNO,SPP,MEHNAR ROAD,SHAHPUR PATOREE,ECR,7.88,11,11
COR04365,SPP,NNNL,SHAHPUR PATOREE,NANDANI LAGUNIA,ECR,5.26,15,15
COR04366,NNNL,MOG,NANDANI LAGUNIA,MOHIUDDINNAGAR,ECR,7.52,11,11
COR04367,MOG,HBP,MOHIUDDINNAGAR,HARPAR BOCHAHA,ECR,5.41,15,15
COR04368,HBP,VPN,HARPAR BOCHAHA,VIDYAPATINAGAR,ECR,4.53,11,11
COR04369,MES,ILA,MADURAI EAST,SILSIMAN,SR,8.55,5,5
COR04370,ILA,TVN,SILSIMAN,TIRUPPUVANAM,SR,8.2,5,5
COR04371,TVN,TPC,TIRUPPUVANAM,TIRUPPACHETTI,SR,10.8,5,5
COR04372,TPC,RAGM,TIRUPPACHETTI,RAJAGAMBIRAM,SR,8.91,5,5
COR04373,RAGM,MNM,RAJAGAMBIRAM,MANAMADURAI JN,SR,6.85,5,5
COR04374,MNM,SUX,MANAMADURAI JN,SUDIYUR,SR,9.29,9,9
COR04375,SUX,PMK,SUDIYUR,PARAMAKKUDI,SR,13.88,9,9
COR04376,PMK,SQD,PARAMAKKUDI,SATTIRAKKUDI,SR,19.85,9,9
COR04377,SQD,RMD,SATTIRAKKUDI,RAMANATHAPURAM,SR,15.21,9,9
COR04378,RMD,VTV,RAMANATHAPURAM,VALANTARAVAL,SR,8.56,9,9
COR04379,VTV,UCP,VALANTARAVAL,UCHIPPULI,SR,11.78,9,9
COR04380,UCP,PPVL,UCHIPPULI,PIRAPPANVALASAI,SR,3.3,9,9
COR04381,PPVL,MC,PIRAPPANVALASAI,MANDAPAM CAMP,SR,10.2,9,9
COR04382,MC,MMM,MANDAPAM CAMP,MANDAPAM,SR,2.46,9,9
COR04383,MMM,PBM,MANDAPAM,PAMBAN JN,SR,6.16,9,9
COR04384,PBM,RMM,PAMBAN JN,RAMESWARAM,SR,10.24,9,9
COR04385,BJPL,MNHL,BAIJNATH PAPROLA,MAJHAIRAN HIMACHAL,NR,2.84,5,5
COR04386,MNHL,PHRH,MAJHAIRAN HIMACHAL,PANCH RUKHI,NR,3.77,5,5
COR04387,PHRH,PTRJ,PANCH RUKHI,PATTI RAJPURA HALT,NR,2.71,4,4
COR04388,PTRJ,PLMX,PATTI RAJPURA HALT,PALAMPUR HIMACHAL,NR,0.03,4,4
COR04389,PLMX,SLHP,PALAMPUR HIMACHAL,SULAH HIMACHAL PRADESH,NR,6.05,5,5
COR04390,SLHP,PRAR,SULAH HIMACHAL PRADESH,PAROR,NR,1.85,5,5
COR04391,PRAR,CMMG,PAROR,CHAMUNDA MARG,NR,4.97,6,6
COR04392,CMMG,NGRT,CHAMUNDA MARG,NAGROTA,NR,3.05,6,6
COR04393,NGRT,SMLT,NAGROTA,SAMLOTI,NR,2.84,6,6
COR04394,SMLT,KGMR,SAMLOTI,KANGRA MANDIR,NR,7.97,6,6
COR04395,KGMR,KGRA,KANGRA MANDIR,KANGRA,NR,1.67,6,6
COR04396,KGRA,KPLR,KANGRA,KOPARLAHAR,NR,3.87,6,6
COR04397,KPLR,JMKR,KOPARLAHAR,JAWLMUKHI ROAD,NR,4.61,6,6
COR04398,JMKR,TRPL,JAWLMUKHI ROAD,TRIPAL HALT,NR,2.32,6,6
COR04399,TRPL,LNS,TRIPAL HALT,LUNSU HALT,NR,2.76,6,6
COR04400,LNS,GULR,LUNSU HALT,GULER,NR,3.14,6,6
COR04401,GULR,NDBT,GULER,NANDPUR BHATAULI,NR,3.51,7,7
COR04402,NDBT,BRHL,NANDPUR BHATAULI,BARYAL HIMACHAL,NR,2.0,6,6
COR04403,BRHL,NGRS,BARYAL HIMACHAL,NAGROTA SURIYAM,NR,3.06,6,6
COR04404,NGRS,MGRP,NAGROTA SURIYAM,MEGH RAJ PURA,NR,3.57,6,6
COR04405,MGRP,HRDR,MEGH RAJ PURA,HARSAR DEHRI,NR,4.2,6,6
COR04406,HRDR,JWLS,HARSAR DEHRI,JAWAN WALA SHEHAR,NR,5.24,7,7
COR04407,JWLS,BRMR,JAWAN WALA SHEHAR,BHARMAR,NR,5.47,7,7
COR04408,BRMR,BLDL,BHARMAR,BALLE-DA-PIR-LA,NR,5.74,6,6
COR04409,BLDL,TLRA,BALLE-DA-PIR-LA,TALARA,NR,3.75,6,6
COR04410,TLRA,NUPR,TALARA,NURPUR ROAD,NR,6.7,7,7
COR04411,NUPR,KAWL,NURPUR ROAD,KANDWAL HALT,NR,7.81,2,2
COR04412,COA,CCT,Kakinada Port,KAKINADA TOWN,SCR,1.52,4,4
COR04413,KEMR,BLQR,KEMRI,BILASPUR ROAD,NER,8.29,8,8
COR04414,BLQR,RUPC,BILASPUR ROAD,RUDRAPUR CITY,NER,16.76,8,8
COR04415,RUPC,HLDD,RUDRAPUR CITY,HALDI ROAD,NER,11.06,8,8
COR04416,HLDD,LKU,HALDI ROAD,LAL KUAN,NER,6.66,8,8
COR04417,LKU,HDW,LAL KUAN,HALDWANI,NER,16.04,9,9
COR04418,HDW,KGM,HALDWANI,KATHGODAM,NER,5.85,9,9
COR04419,DWR,KRKP,DHARWAR,KYARKOP,SWR,3.93,22,22
COR04420,KRKP,MGD,KYARKOP,MUGAD,SWR,6.06,22,22
COR04421,MGD,KBI,MUGAD,KAMBRGANVI,SWR,4.33,20,20
COR04422,TVG,NAG,TAVARGATTI,NAGARGALI,SWR,4.58,22,22
COR04423,NAG,DEV,NAGARGALI,DEVARAYI,SWR,6.03,22,22
COR04424,DWX,AJKI,DEWAS,AJITKHERI,WR,6.97,8,8
COR04425,AJKI,RCJ,AJITKHERI,RANYAL JASMIYA,WR,13.84,7,7
COR04426,JMV,BCRD,Jambara,Barchi Road,CR,6.22,6,6
COR04427,BCRD,BXY,Barchi Road,Bordhal,CR,6.31,6,6
COR04428,BXY,BQM,Bordhal,Barelipur,CR,8.63,6,6
COR04429,BQM,NVG,Barelipur,Nawagaon,CR,5.08,6,6
COR04430,NVG,MKDN,Nawagaon,Morkadhana,CR,7.15,6,6
COR04431,MKDN,HRG,Morkadhana,Hirdagarh,CR,3.92,6,6
COR04432,HRG,JNO,Hirdagarh,Junnor Deo,CR,9.39,6,6
COR04433,JNO,PCLI,Junnor Deo,Palachauri,CR,6.99,7,7
COR04434,PCLI,IKR,Palachauri,Iklehra,CR,5.44,7,7
COR04435,IKR,PUX,Iklehra,Parasia,CR,5.69,7,7
COR04436,PUX,KUX,Parasia,Khirsadoh Junction,CR,6.83,7,7
COR04437,KUX,GNW,Khirsadoh Junction,Gangiwara,CR,6.82,7,7
COR04438,GNW,CWA,Gangiwara,Chhindwara Junction,CR,11.89,7,7
COR04439,TIL,BGS,TILRATH,BEGU SARAI,ECR,6.85,23,23
COR04440,BGS,LAK,BEGU SARAI,LAKHO,ECR,7.15,40,40
COR04441,LAK,DPL,LAKHO,DANAULI PHLWRIA,ECR,4.48,40,40
COR04442,DPL,LKN,DANAULI PHLWRIA,LAKHMINIA,ECR,6.04,40,40
COR04443,LKN,SKJ,LAKHMINIA,SAHIBPUR KAMAL JN,ECR,9.13,23,23
COR04444,SKJ,UMNR,SAHIBPUR KAMAL JN,UMESHNAGAR,ECR,4.91,40,40
COR04445,BHB,DHT,BADLA GHAT,DHAMARA GHAT,ECR,4.3,13,13
COR04446,DHT,KFA,DHAMARA GHAT,KOPARIA,ECR,7.81,10,10
COR04447,KFA,SBV,KOPARIA,SIMRI BHAKHTIYARPUR,ECR,6.65,13,13
COR04448,SBV,SBM,SIMRI BHAKHTIYARPUR,SONBARSA KACHERI,ECR,8.11,9,9
COR04449,SBM,SHC,SONBARSA KACHERI,SAHARSA JN,ECR,9.05,8,8
COR04450,DHAE,KWAE,DAINHAT,KATWA,ER,6.35,3,3
COR04451,KGLE,NLSF,KHAGRAGHAT ROAD,NIYALISH PARA,ER,5.88,3,3
COR04452,DHPD,AZ,DHAPARA DHAM,AZIMGANJ JN,ER,2.8,3,3
COR04453,SGUT,SGUJ,SILIGURU TOWN,SILIGURI JN,NFR,2.37,19,19
COR04454,BRQ,ODB,BAGRAKOT,OODLABARI,NFR,3.86,15,15
COR04455,ODB,DDM,OODLABARI,DAM DIM,NFR,4.71,15,15
COR04456,DDM,NMZ,DAM DIM,NEW MAL JN,NFR,5.54,15,15
COR04457,NMZ,CLD,NEW MAL JN,CHALSA JN,NFR,7.34,15,15
COR04458,NKB,CRX,NAGRAKOTA,CARRON,NFR,5.27,15,15
COR04459,BNQ,BNV,BANARHAT,BINNAGURI,NFR,6.24,15,15
COR04460,BNV,DLO,BINNAGURI,DALGAON,NFR,9.04,15,15
COR04461,DLO,MJE,DALGAON,MUJNAL,NFR,6.05,15,15
COR04462,MJE,MDT,MUJNAL,MADARIHAT,NFR,8.21,15,15
COR04463,MDT,HSA,MADARIHAT,HASIMARA,NFR,8.1,15,15
COR04464,HSA,HOJ,HASIMARA,HAMITONGANJ,NFR,8.07,15,15
COR04465,HOJ,KCF,HAMITONGANJ,KALCHINI,NFR,3.05,15,15
COR04466,KCF,GRU,KALCHINI,GAROPARA,NFR,5.03,15,15
COR04467,GRU,RVK,GAROPARA,RAJA BHAT KHAWA,NFR,5.98,15,15
COR04468,MZQ,AYU,MAJGAON ASSAM,ABHAYAPURI ASSAM,NFR,10.64,15,15
COR04469,JPZ,PNVT,JOGIGHOPA,PANCHARATNA,NFR,9.41,15,15
COR04470,PNVT,GLPT,PANCHARATNA,GOALPARA TOWN,NFR,7.39,15,15
COR04471,GLPT,KRNI,GOALPARA TOWN,KRISHNAI,NFR,8.75,15,15
COR04472,KRNI,DDNI,KRISHNAI,DUDHNOI,NFR,11.06,15,15
COR04473,RGJI,DPRA,RANGJULI,DHUP DHARA,NFR,11.04,15,15
COR04474,CGON,MRZA,CHAYGAON,MIRZA,NFR,12.24,15,15
COR04475,MRZA,AZA,MIRZA,AZARA,NFR,10.08,15,15
COR04476,MWA,DGN,MANDWA,DONGARGAON,CR,14.05,36,36
COR04477,BMA,KNW,BAGMAR,KHANDWA,CR,9.65,36,36
COR04478,MTA,SGBJ,MATHELA,SURGAON BANJARI,WCR,17.52,34,34
COR04479,SGBJ,KHA,SURGAON BANJARI,Khaigaon,WCR,9.77,35,35
COR04480,KHA,CAER,Khaigaon,CHHANERA,WCR,23.95,35,35
COR04481,BRUD,HRD,BARUD,Harsud,WCR,,36,36
COR04482,HRD,DRHI,Harsud,DAGARHKERI,WCR,,36,36
COR04483,MBA,BPRA,MAHOBA,BARIPURA,NCR,10.21,12,12
COR04484,BPRA,KBR,BARIPURA,KABRAI,NCR,10.73,12,12
COR04485,KBR,MTH,KABRAI,MATAUNDH,NCR,11.7,12,12
COR04486,MTH,KID,MATAUNDH,KHAIRAR JN,NCR,9.53,12,12
COR04487,BPR,AMA,BHOJIPURA JN,ATAMANDA,NER,10.44,7,7
COR04488,AMA,DRN,ATAMANDA,DEORANIAN,NER,6.58,7,7
COR04489,DRN,RR,DEORANIAN,RICHHA ROAD,NER,8.15,7,7
COR04490,RR,BHI,RICHHA ROAD,BAHERI,NER,6.78,7,7
COR04491,BHI,KHH,BAHERI,KICHHA,NER,15.24,7,7
COR04492,KHH,PBW,KICHHA,PANTNAGAR,NER,11.6,7,7
COR04493,PBW,LKKA,PANTNAGAR,Lal Kuan,NER,,7,7
COR04494,KADH,GNK,Khairadih Halt,Garhnokha,ECR,9.74,3,3
COR04495,GNK,SJV,Garhnokha,Sanjhauli Halt,ECR,8.6,3,3
COR04496,SJV,MANI,Sanjhauli Halt,Mani Halt,ECR,5.25,3,3
COR04497,MANI,XBKJ,Mani Halt,Bikramganj,ECR,6.57,3,3
COR04498,XBKJ,HSB,Bikramganj,Hasanbazar Halt,ECR,9.27,3,3
COR04499,HSB,PIRO,Hasanbazar Halt,Piro,ECR,9.4,3,3
COR04500,PIRO,CRQ,Piro,Charpokhari Halt,ECR,8.08,3,3
COR04501,CRQ,SRMN,Charpokhari Halt,Semraon,ECR,5.45,3,3
COR04502,SRMN,GQN,Semraon,Garhani,ECR,4.66,3,3
COR04503,GQN,UWNR,Garhani,Udwant Nagar Halt,ECR,10.3,3,3
COR04504,JSKA,PT,JATAULA SAMPHKA,PATLI,NR,6.07,2,2
COR04505,BJP,IMR,BIJAPUR,IBRAHIMPUR,SWR,3.82,10,10
COR04506,IMR,HOH,IBRAHIMPUR,HONAGANAHALLI,SWR,13.81,10,10
COR04507,HOH,MVD,HONAGANAHALLI,MULVAD,SWR,6.73,10,10
COR04508,MVD,KDGI,MULVAD,KUDGI,SWR,12.16,9,9
COR04509,KDGI,BSRX,KUDGI,BAGEVADI RD,SWR,5.87,10,10
COR04510,BSRX,ANGR,BAGEVADI RD,ANGADGERI HALT,SWR,3.64,10,10
COR04511,ANGR,WDL,ANGADGERI HALT,WANDAL,SWR,4.36,10,10
COR04512,WDL,BENL,WANDAL,BENL,SWR,4.09,10,10
COR04513,BENL,LMT,BENL,ALMATTI,SWR,4.7,10,10
COR04514,LMT,KSAR,ALMATTI,KUDALA SANGAM,SWR,4.47,10,10
COR04515,KSAR,SII,KUDALA SANGAM,SITIMANI,SWR,3.09,10,10
COR04516,SII,JRKT,SITIMANI,JADARAMA KUNTE,SWR,4.9,10,10
COR04517,JRKT,KLM,JADARAMA KUNTE,KADLIMATTI,SWR,6.99,10,10
COR04518,BGK,GED,BAGALKOT,GULEDAGUDDA RD,SWR,12.16,9,9
COR04519,GED,BDM,GULEDAGUDDA RD,BADAMI,SWR,12.46,9,9
COR04520,BDM,YGA,BADAMI,Yerra Goppa Halt,SWR,6.7,9,9
COR04521,YGA,LKY,Yerra Goppa Halt,LAKHMAPUR,SWR,4.47,9,9
COR04522,LKY,JAK,LAKHMAPUR,Jakanur,SWR,3.7,9,9
COR04523,JAK,HLAR,Jakanur,HOLE ALUR,SWR,2.86,9,9
COR04524,HLAR,SMKT,HOLE ALUR,Somankatti,SWR,6.06,9,9
COR04525,SMKT,MLP,Somankatti,MALLAPUR,SWR,10.75,9,9
COR04526,MLP,BLR,MALLAPUR,BALGANUR,SWR,8.91,9,9
COR04527,BLR,HBL,BALGANUR,HOMBAL,SWR,8.54,9,9
COR04528,HBL,GDG,HOMBAL,GADAG JN,SWR,11.66,9,9
COR04529,TN,TME,TUTICORIN,TUTI MELUR,SR,1.08,4,4
COR04530,TME,MVN,TUTI MELUR,MILAVITTAN,SR,6.44,4,4
COR04531,MVN,TIP,MILAVITTAN,TATTAPPARAI,SR,7.37,5,5
COR04532,TIP,KLPM,TATTAPPARAI,KAILASAPURAM,SR,3.71,5,5
COR04533,KLPM,PYM,KAILASAPURAM,PANDIYAPURAM,SR,2.67,5,5
COR04534,PYM,MEJ,PANDIYAPURAM,VANCHIMANIYACHI,SR,9.38,5,5
COR04535,JAT,BBMN,JAMMU TAWI,BARI BRAHMAN,NR,8.28,38,38
COR04536,BBMN,VJPJ,BARI BRAHMAN,VIJAYPUR JAMMU,NR,12.32,38,38
COR04537,SMBX,GHGL,SAMBA,GHAGWAL,NR,9.15,38,38
COR04538,GHGL,HRNR,GHAGWAL,HIRA NAGAR,NR,5.52,38,38
COR04539,HRNR,CKDL,HIRA NAGAR,CHAKDAYALA,NR,3.51,38,38
COR04540,CKDL,CHNR,CHAKDAYALA,CHHAN ARORIAN,NR,5.45,38,38
COR04541,CHNR,BDHY,CHHAN ARORIAN,BUDHI,NR,7.31,38,38
COR04542,BDHY,KTHU,BUDHI,KATHUA,NR,12.13,38,38
COR04543,KTHU,MDPB,KATHUA,MADHOPUR PUNJAB,NR,5.89,38,38
COR04544,MDPB,SJNP,MADHOPUR PUNJAB,SUJANPUR,NR,5.53,38,38
COR04545,SJNP,BHRL,SUJANPUR,BHAROLI JUNCTION,NR,4.56,38,38
COR04546,BHRL,CHKB,BHAROLI JUNCTION,CHAKKI BANK,NR,2.29,36,36
COR04547,KNDI,GILA,KANDRORI,GHIALA,NR,4.33,37,37
COR04548,GILA,MRTL,GHIALA,MIRTHAL,NR,5.45,37,37
COR04549,CKKN,BNGL,CHAK KALAN,BHANGALA,NR,7.15,37,37
COR04550,UCB,DZA,UNCHI BASSI,DASUYA,NR,5.97,37,37
COR04551,DZA,GSB,DASUYA,GARNA SAHIB,NR,3.14,37,37
COR04552,GSB,KZX,GARNA SAHIB,KHUDDA KORALA,NR,5.68,37,37
COR04553,KZX,TDO,KHUDDA KORALA,TANDA URMAR,NR,6.46,37,37
COR04554,TDO,CGH,TANDA URMAR,CHOLANG,NR,6.11,37,37
COR04555,AWL,DRE,ALAWALPUR,DHOGRI,NR,2.56,37,37
COR04556,DRE,SCPD,DHOGRI,SUCHIPIND,NR,6.76,37,37
COR04557,SOG,SRPR,SURATGARH JN,SARUPSAR JN,NWR,20.84,1,1
COR04558,SRPR,SBNR,SARUPSAR JN,SHRI VIJAINAGAR,NWR,20.82,1,1
COR04559,SBNR,APH,SHRI VIJAINAGAR,ANUPGARH,NWR,31.32,2,2
COR04560,PBE,SG,PILIBHIT JN,SHAHGARH,NER,23.21,1,1
COR04561,SW,MLN,SEHRAMAU,MAILANI,NER,9.84,1,1
COR04562,GK,BFV,GOLA GOKARANATH,BAHELIA BUZURG,NER,5.55,4,4
COR04563,BFV,RZJ,BAHELIA BUZURG,RAZAGANJ,NER,13.18,4,4
COR04564,KMP,SUIA,KAMLAPUR,SURAINCHA,NER,4.72,3,3
COR04565,SUIA,SD,SURAINCHA,SIDHAULI,NER,6.22,3,3
COR04566,SD,MANW,SIDHAULI,MANWA,NER,7.01,3,3
COR04567,MANW,AA,MANWA,ATARIA,NER,5.28,3,3
COR04568,TRDI,DGBZ,Tirodi,Dongri Buzurg,SECR,13.63,2,2
COR04569,DGBZ,GBRI,Dongri Buzurg,Gobarwahi,SECR,8.15,2,2
COR04570,GBRI,TMS,Gobarwahi,Tumsar Town,SECR,14.68,2,2
COR04571,SGL,RGH,SAGAULI JN,RAMGARHWA,ECR,14.08,8,8
COR04572,RGH,RXL,RAMGARHWA,RAXAUL JN,ECR,13.43,6,6
COR04573,TKP,LAP,Takipur,Lohapur,ER,4.37,3,3
COR04574,LAP,MGAE,Lohapur,Morgram,ER,5.55,3,3
COR04575,MGAE,SDI,Morgram,Sagardighi,ER,9.02,3,3
COR04576,SDI,ACLE,Sagardighi,AZIMGANJ CITY,ER,16.52,2,2
COR04577,MKP,BIP,MANIKPUR JN,BAHILPURWA,NCR,12.59,12,12
COR04578,BIP,KHOH,BAHILPURWA,KHOH,NCR,8.27,13,13
COR04579,KHOH,CKTD,KHOH,CHITRAKUTDHAM KARWI,NCR,5.82,13,13
COR04580,CKTD,SWC,CHITRAKUTDHAM KARWI,SHIVRAMPUR,NCR,9.66,14,14
COR04581,SWC,BTKP,SHIVRAMPUR,BHARAT KUP,NCR,5.95,14,14
COR04582,BTKP,BUS,BHARAT KUP,BADAUSA,NCR,12.24,14,14
COR04583,BUS,ATE,BADAUSA,ATARRA,NCR,8.89,14,14
COR04584,ATE,KHU,ATARRA,KHURHAND,NCR,10.65,14,14
COR04585,KHU,DWI,KHURHAND,DINGWAHI,NCR,10.81,14,14
COR04586,DWI,BNDA,DINGWAHI,BANDA JN,NCR,10.34,14,14
COR04587,MTND,KDRP,Mattagajpur,Kandarpur,ECoR,8.96,1,1
COR04588,KDRP,BDKT,Kandarpur,Badakhandita,ECoR,7.74,3,3
COR04589,BDKT,RCTC,Badakhandita,Raghunathpur,ECoR,7.03,3,3
COR04590,RCTC,BNHR,Raghunathpur,Banbihari Gwalipur,ECoR,5.95,3,3
COR04591,BNHR,GRKN,Banbihari Gwalipur,Gorakhnath,ECoR,6.69,3,3
COR04592,RHMA,BDBA,Rahama,Badabandha Road,ECoR,12.21,3,3
COR04593,SSNR,BDME,Satsang Nagar Halt,Baidyanathdham Deoghar,ER,1.06,9,9
COR04594,AZA,MRZA,AZARA,MIRZA,NFR,10.08,15,15
COR04595,MRZA,CGON,MIRZA,CHAYGAON,NFR,12.24,15,15
COR04596,DPRA,RGJI,DHUP DHARA,RANGJULI,NFR,11.04,15,15
COR04597,DDNI,KRNI,DUDHNOI,KRISHNAI,NFR,11.06,15,15
COR04598,KRNI,GLPT,KRISHNAI,GOALPARA TOWN,NFR,8.75,15,15
COR04599,GLPT,PNVT,GOALPARA TOWN,PANCHARATNA,NFR,7.39,15,15
COR04600,PNVT,JPZ,PANCHARATNA,JOGIGHOPA,NFR,9.41,15,15
COR04601,AYU,MZQ,ABHAYAPURI ASSAM,MAJGAON ASSAM,NFR,10.64,15,15
COR04602,RVK,GRU,RAJA BHAT KHAWA,GAROPARA,NFR,5.98,15,15
COR04603,GRU,KCF,GAROPARA,KALCHINI,NFR,5.03,15,15
COR04604,KCF,HOJ,KALCHINI,HAMITONGANJ,NFR,3.05,15,15
COR04605,HOJ,HSA,HAMITONGANJ,HASIMARA,NFR,8.07,15,15
COR04606,HSA,MDT,HASIMARA,MADARIHAT,NFR,8.1,15,15
COR04607,MDT,MJE,MADARIHAT,MUJNAL,NFR,8.21,15,15
COR04608,MJE,DLO,MUJNAL,DALGAON,NFR,6.05,15,15
COR04609,DLO,BNV,DALGAON,BINNAGURI,NFR,9.04,15,15
COR04610,BNV,BNQ,BINNAGURI,BANARHAT,NFR,6.24,15,15
COR04611,CRX,NKB,CARRON,NAGRAKOTA,NFR,5.27,15,15
COR04612,CLD,NMZ,CHALSA JN,NEW MAL JN,NFR,7.34,15,15
COR04613,NMZ,DDM,NEW MAL JN,DAM DIM,NFR,5.54,15,15
COR04614,DDM,ODB,DAM DIM,OODLABARI,NFR,4.71,15,15
COR04615,ODB,BRQ,OODLABARI,BAGRAKOT,NFR,3.86,15,15
COR04616,SGUJ,SGUT,SILIGURI JN,SILIGURU TOWN,NFR,2.37,18,18
COR04617,CPLE,DUJ,CHINPAI,DUBRAJPUR,ER,9.24,10,10
COR04618,DUJ,PCR,DUBRAJPUR,PANCHRA,ER,6.07,10,10
COR04619,PCR,BMGA,PANCHRA,BHIMGARA,ER,6.0,10,10
COR04620,BMGA,PAW,BHIMGARA,PANDABESWAR,ER,2.98,10,10
COR04621,PAW,UKA,PANDABESWAR,UKHRA,ER,7.93,10,10
COR04622,FKA,TQL,Fazilka,Theh Qalandar,NR,8.48,1,1
COR04623,TQL,LDK,Theh Qalandar,Ladhuka,NR,5.0,1,1
COR04624,LDK,BVW,Ladhuka,Bahminiwala,NR,9.0,1,1
COR04625,BVW,DAVC,Bahminiwala,Jalalabad DAV College,NR,,1,1
COR04626,DAVC,JBD,Jalalabad DAV College,Jalalabad,NR,,1,1
COR04627,JBD,JWN,Jalalabad,Jiwa Arain,NR,11.11,1,1
COR04628,JWN,GHS,Jiwa Arain,Guru Harsahai,NR,6.24,1,1
COR04629,GHS,KRSW,Guru Harsahai,Kohar Singhwala,NR,6.67,1,1
COR04630,KRSW,JTH,Kohar Singhwala,Jhoktahal Singh,NR,7.22,1,1
COR04631,JTH,DODH,Jhoktahal Singh,Dodh,NR,4.41,1,1
COR04632,DODH,KIQ,Dodh,Khai Phemeki,NR,7.23,1,1
COR04633,KIQ,FZP,Khai Phemeki,Firozpur City,NR,8.21,1,1
COR04634,FZP,FZR,Firozpur City,FIROZPUR CANT,NR,2.75,1,1
COR04635,KZE,BFR,KANHANGAD,BEKAL FORT,SR,8.6,15,15
COR04636,KQK,KLAD,KOTIKULAM,KALANAD HALT,SR,5.64,15,15
COR04637,MAJN,TOK,MANGALORE JN,THOKUR,SR,12.15,22,22
COR04638,TOK,SL,THOKUR,SURATHKAL,KR,3.78,22,22
COR04639,SL,MULK,SURATHKAL,MULKI,KR,8.82,22,22
COR04640,UD,BKJ,UDUPI,BARKUR,KR,15.75,22,22
COR04641,BKJ,KUDA,BARKUR,KUNDAPURA,KR,15.44,22,22
COR04642,KUDA,SEN,KUNDAPURA,SENAPURA,KR,12.6,22,22
COR04643,SEN,BIJR,SENAPURA,BIJOOR,KR,12.47,22,22
COR04644,BIJR,BYNR,BIJOOR,MOOKAMBIKA ROAD,KR,5.69,22,22
COR04645,BYNR,SHMI,MOOKAMBIKA ROAD,SHIROOR,KR,7.7,22,22
COR04646,SHMI,BTJL,SHIROOR,BHATKAL,KR,7.14,22,22
COR04647,BTJL,CTTP,BHATKAL,CHITRAPUR HALT,KR,6.14,17,17
COR04648,CTTP,MRDW,CHITRAPUR HALT,MURDESHWAR,KR,7.89,22,22
COR04649,MRDW,MANK,MURDESHWAR,MANKI,KR,8.35,22,22
COR04650,MANK,HNA,MANKI,HONNAVAR,KR,17.11,22,22
COR04651,HNA,KT,HONNAVAR,KUMTA,KR,13.4,22,22
COR04652,KT,GOK,KUMTA,GOKARNA ROAD,KR,17.22,22,22
COR04653,GOK,ANKL,GOKARNA ROAD,ANKOLA,KR,7.87,22,22
COR04654,ANKL,HAA,ANKOLA,HARWADA,KR,13.22,22,22
COR04655,HAA,KAWR,HARWADA,KARWAR,KR,12.17,22,22
COR04656,KAWR,AT,KARWAR,ASNOTI,KR,7.2,21,21
COR04657,CNO,BLLI,CANCONA,BALLI,KR,16.22,21,21
COR04658,BLLI,MAO,BALLI,MADGAON,KR,14.0,21,21
COR04659,MAO,SRVX,MADGAON,SURAVALI,KR,4.3,26,26
COR04660,MJO,VEN,MAJORDA,VERNA,KR,4.52,25,25
COR04661,VEN,KRMI,VERNA,KARMALI,KR,15.25,24,24
COR04662,KRMI,THVM,KARMALI,THIVIM,KR,16.34,24,24
COR04663,THVM,PERN,THIVIM,PERNEM,KR,10.8,24,24
COR04664,PERN,MADR,PERNEM,MADURE,KR,11.71,24,24
COR04665,MADR,SWV,MADURE,SAWANTWADI ROAD,KR,6.47,24,24
COR04666,SWV,ZARP,SAWANTWADI ROAD,ZARAP,KR,10.56,25,25
COR04667,ZARP,KUDL,ZARAP,KUDAL,KR,9.82,25,25
COR04668,KUDL,SNDD,KUDAL,SINDHUDURG,KR,10.42,25,25
COR04669,SNDD,KKW,SINDHUDURG,KANKAVALI,KR,16.96,25,25
COR04670,KKW,NAN,KANKAVALI,NANDGAON ROAD,KR,14.35,25,25
COR04671,NAN,VBW,NANDGAON ROAD,VAIBHAVWADI RD,KR,14.06,25,25
COR04672,VBW,RAJP,VAIBHAVWADI RD,RAJAPUR ROAD,KR,16.19,25,25
COR04673,RAJP,VID,RAJAPUR ROAD,VILAVADE,KR,16.74,25,25
COR04674,VID,ADVI,VILAVADE,ADAVALI,KR,15.41,25,25
COR04675,ADVI,NIV,ADAVALI,NIVASAR,KR,14.93,25,25
COR04676,NIV,RN,NIVASAR,RATNAGIRI,KR,12.12,25,25
COR04677,RN,BOKE,RATNAGIRI,BHOKE,KR,5.75,26,26
COR04678,BOKE,UKC,BHOKE,UKSHI,KR,11.99,26,26
COR04679,UKC,SGR,UKSHI,SANGMESHWAR,KR,12.51,26,26
COR04680,SGR,AVRD,SANGMESHWAR,ARAVALI ROAD,KR,12.76,26,26
COR04681,AVRD,SVX,ARAVALI ROAD,SAVARDA,KR,10.13,26,26
COR04682,SVX,KMAH,SAVARDA,KAMATHE,KR,8.04,26,26
COR04683,KMAH,CHI,KAMATHE,CHIPLUN,KR,7.29,26,26
COR04684,CHI,ANO,CHIPLUN,ANJANI,KR,15.68,26,26
COR04685,ANO,KHED,ANJANI,KHED,KR,10.22,26,26
COR04686,KHED,DWV,KHED,DIWANKHAVATI,KR,15.97,26,26
COR04687,DWV,VINH,DIWANKHAVATI,VINHERE,KR,6.84,26,26
COR04688,VINH,KFD,VINHERE,KARANJADI,KR,10.28,26,26
COR04689,KFD,SAPE,KARANJADI,SAPE WAMNE,KR,10.96,26,26
COR04690,SAPE,VEER,SAPE WAMNE,VEER,KR,4.17,26,26
COR04691,VEER,GNO,VEER,GOREGAON ROAD,KR,6.19,26,26
COR04692,GNO,MNI,GOREGAON ROAD,MANGAON,KR,9.85,26,26
COR04693,MNI,INP,MANGAON,INDAPUR,KR,6.49,26,26
COR04694,INP,KOL,INDAPUR,KOLAD,KR,10.75,26,26
COR04695,KOL,ROHA,KOLAD,ROHA,KR,12.18,26,26
COR04696,ROHA,NIDI,ROHA,NIDI,CR,3.38,26,26
COR04697,NIDI,NGTN,NIDI,NAGOTHANE,CR,8.35,26,26
COR04698,NGTN,KASU,NAGOTHANE,KASU,CR,12.92,26,26
COR04699,KASU,PEN,KASU,PEN,CR,10.59,26,26
COR04700,APTA,RSYI,APTA,RASAYANI,CR,3.4,24,24
COR04701,RSYI,SMNE,RASAYANI,SOMTANE,CR,6.51,26,26
COR04702,SMNE,PNVL,SOMTANE,PANVEL,CR,4.98,26,26
COR04703,PNVL,KLMC,PANVEL,KALAMBOLI,CR,5.02,24,24
COR04704,NVRD,TPND,NAVADE ROAD,TALOJA PANCHAND,CR,3.36,25,25
COR04705,TPND,NIIJ,TALOJA PANCHAND,NILAJE,CR,8.5,25,25
COR04706,NIIJ,DTVL,NILAJE,DATIVLI,CR,4.17,25,25
COR04707,CDK,KHD,CHANDKHERA ROAD,KHODIYAR,WR,5.2,5,5
COR04708,JDN,MSH,JAGUDAN,MAHESANA JN,WR,9.08,4,4
COR04709,RWL,VRH,RAIWALA,VIRBHADRA,NR,6.21,6,6
COR04710,VRH,RKSH,VIRBHADRA,RISHIKESH,NR,4.99,6,6
COR04711,LTRR,CKX,LATUR ROAD,Chakur,SCR,4.6,7,7
COR04712,CKX,AMBR,Chakur,Ambika Rohina,SCR,8.06,7,7
COR04713,AMBR,HER,Ambika Rohina,Her,SCR,3.37,7,7
COR04714,HER,KTKR,Her,Kumtha Khurd,SCR,4.05,7,7
COR04715,KTKR,UDGR,Kumtha Khurd,Udgir,SCR,11.17,7,7
COR04716,UDGR,KMNR,Udgir,Kamalnagar,SCR,18.19,7,7
COR04717,KMNR,KCP,Kamalnagar,Kalgupur,SCR,8.64,7,7
COR04718,KCP,BHLK,Kalgupur,Bhalki,SCR,13.55,7,7
COR04719,BHLK,HBU,Bhalki,Halbarga,SCR,9.86,7,7
COR04720,HBU,KHNP,Halbarga,Khanapur Deccan,SCR,10.27,7,7
COR04721,KHNP,BIDR,Khanapur Deccan,Bidar,SCR,14.33,7,7
COR04722,BIDR,MTV,Bidar,Matalkunta,SCR,16.77,7,7
COR04723,MTV,ZB,Matalkunta,Zahirabad,SCR,11.52,7,7
COR04724,ZB,KOHR,Zahirabad,Kohir Deccan,SCR,13.05,7,7
COR04725,KOHR,MRF,Kohir Deccan,Marpalli,SCR,9.47,7,7
COR04726,MRF,SSPD,Marpalli,Sadashivapet Road,SCR,12.76,7,7
COR04727,VKA,KNG,Verka Junction,Kathunangal,NR,10.56,8,8
COR04728,BAT,CHN,Batala Junction,Chhina,NR,11.59,8,8
COR04729,CHN,DHW,Chhina,Dhariwal,NR,7.0,8,8
COR04730,DHW,SOHL,Dhariwal,Sohal,NR,3.76,8,8
COR04731,SOHL,JHWR,Sohal,Jhawar,NR,4.18,8,8
COR04732,JHWR,GSP,Jhawar,Gurdaspur,NR,6.16,8,8
COR04733,GSP,DNN,Gurdaspur,Dina Nagar,NR,11.0,8,8
COR04734,DNN,PMQ,Dina Nagar,Parna Nand,NR,4.73,8,8
COR04735,PMQ,JK,Parna Nand,Jakolari,NR,7.18,8,8
COR04736,JK,SRM,Jakolari,Sarna,NR,4.88,8,8
COR04737,SRM,BHRL,Sarna,BHAROLI JUNCTION,NR,4.1,8,8
COR04738,LKU,HLDD,LAL KUAN,HALDI ROAD,NER,6.66,8,8
COR04739,HLDD,RUPC,HALDI ROAD,RUDRAPUR CITY,NER,11.06,8,8
COR04740,RUPC,BLQR,RUDRAPUR CITY,BILASPUR ROAD,NER,16.76,8,8
COR04741,BLQR,KEMR,BILASPUR ROAD,KEMRI,NER,8.29,8,8
COR04742,BPB,KTX,BADARPUR JN,KATAKHAL JN,NFR,7.92,1,1
COR04743,KTX,SCL,KATAKHAL JN,SILCHAR,NFR,16.12,1,1
COR04744,PRTN,KEP,Pratapnagar,Kelanpur,WR,8.7,3,3
COR04745,KEP,KDHL,Kelanpur,Kundhela,WR,0.73,3,3
COR04746,KDHL,BILP,Kundhela,Bhilpur,WR,5.59,3,3
COR04747,BILP,TWV,Bhilpur,Thuwavi,WR,7.61,3,3
COR04748,TWV,DB,Thuwavi,Dabhoi Junction,WR,3.92,3,3
COR04749,DB,BDE,Dabhoi Junction,Bodeli,WR,34.32,1,1
COR04750,JJJ,MGWD,Jaijon Doaba,Mahngarwal Doaba,NR,5.13,2,2
COR04751,MGWD,SQJ,Mahngarwal Doaba,Saila Khurd,NR,3.77,2,2
COR04752,SQJ,SNB,Saila Khurd,Satnaur Badesron,NR,5.04,2,2
COR04753,SNB,GSR,Satnaur Badesron,Garhshankar,NR,5.32,2,2
COR04754,GSR,NSS,Garhshankar,Nawanshahr Doaba Junction,NR,11.22,2,2
COR04755,NSS,RHU,Nawanshahr Doaba Junction,Rahon,NR,6.89,2,2
COR04756,RHU,NSS,Rahon,Nawanshahr Doaba Junction,NR,6.89,2,2
COR04757,NSS,KYY,Nawanshahr Doaba Junction,Kariha,NR,4.75,2,2
COR04758,KYY,KHHJ,Kariha,Khatkar Kalan,NR,4.65,2,2
COR04759,KHHJ,BXB,Khatkar Kalan,Banga,NR,2.72,2,2
COR04760,BXB,MXP,Banga,Malupota,NR,3.34,2,2
COR04761,MXP,BHM,Malupota,Bahram,NR,6.94,2,2
COR04762,BHM,KASH,Bahram,Kulthamabdullashah Halt,NR,4.4,2,2
COR04763,KASH,MYE,Kulthamabdullashah Halt,Mandhali,NR,1.58,2,2
COR04764,SML,SHZ,Shimla,Summer Hill,NR,2.14,6,6
COR04765,SHZ,JTO,Summer Hill,Jutogh,NR,1.71,6,6
COR04766,JTO,TVI,Jutogh,Taradevi,NR,3.22,6,6
COR04767,TVI,SGS,Taradevi,Shoghi,NR,4.36,6,6
COR04768,SGS,KEJ,Shoghi,Kathleeghat,NR,2.78,6,6
COR04769,KEJ,KANO,Kathleeghat,Kanoh,NR,3.56,6,6
COR04770,KANO,KDZ,Kanoh,Kandaghat,NR,3.13,6,6
COR04771,KDZ,SLR,Kandaghat,Salogra,NR,4.13,6,6
COR04772,SLR,SBY,Salogra,Solan Brewery,NR,,6,6
COR04773,SBY,SOL,Solan Brewery,Solan,NR,,6,6
COR04774,SOL,BOF,Solan,Barog,NR,2.35,6,6
COR04775,BOF,KMTI,Barog,Kumarhatti,NR,2.58,6,6
COR04776,KMTI,DMP,Kumarhatti,Dharampur Himachal,NR,3.31,6,6
COR04777,DMP,SWO,Dharampur Himachal,Sonwara,NR,2.01,6,6
COR04778,SWO,KOTI,Sonwara,Koti,NR,4.68,6,6
COR04779,KOTI,GMM,Koti,Gumman,NR,2.45,6,6
COR04780,GMM,TSL,Gumman,Taksal,NR,1.72,6,6
COR04781,TSL,KLK,Taksal,Kalka,NR,2.31,6,6
COR04782,DLCR,APU,Dullabcherra,Anipur,NFR,6.27,2,2
COR04783,APU,RTBR,Anipur,Ratabari,NFR,3.43,2,2
COR04784,RTBR,BZGT,Ratabari,Bazurghat,NFR,5.2,2,2
COR04785,BZGT,PKGM,Bazurghat,Phakhoagram,NFR,5.6,2,2
COR04786,PKGM,ELL,Phakhoagram,Eraligu,NFR,2.83,2,2
COR04787,ELL,BRGM,Eraligu,Baraigram Junction,NFR,2.38,2,2
COR04788,VJPJ,SMBX,VIJAYPUR JAMMU,SAMBA,NR,10.49,31,31
COR04789,PTK,BHRL,PATHANKOT,BHAROLI JUNCTION,NR,2.64,16,16
COR04790,BHRL,SRM,BHAROLI JUNCTION,Sarna,NR,4.1,8,8
COR04791,SRM,JK,Sarna,Jakolari,NR,4.88,8,8
COR04792,JK,PMQ,Jakolari,Parna Nand,NR,7.18,8,8
COR04793,PMQ,DNN,Parna Nand,Dina Nagar,NR,4.73,8,8
COR04794,DNN,GSP,Dina Nagar,Gurdaspur,NR,11.0,8,8
COR04795,GSP,JHWR,Gurdaspur,Jhawar,NR,6.16,8,8
COR04796,JHWR,SOHL,Jhawar,Sohal,NR,4.18,8,8
COR04797,SOHL,DHW,Sohal,Dhariwal,NR,3.76,8,8
COR04798,DHW,CHN,Dhariwal,Chhina,NR,7.0,8,8
COR04799,CHN,BAT,Chhina,Batala Junction,NR,11.59,8,8
COR04800,KNG,VKA,Kathunangal,Verka Junction,NR,10.56,8,8
COR04801,SKGH,LUSA,SAKTESGARH,LUSA,NCR,13.87,10,10
COR04802,LUSA,KHRY,LUSA,KHAIRAHI,NCR,16.59,9,9
COR04803,KHRY,RBGJ,KHAIRAHI,ROBERTS GANJ,NCR,16.16,9,9
COR04804,RBGJ,CUK,ROBERTS GANJ,CHURK,NCR,4.52,10,10
COR04805,CUK,AGY,CHURK,AGORI KHAS,NCR,7.38,10,10
COR04806,AGY,CPU,AGORI KHAS,CHOPAN,NCR,9.93,10,10
COR04807,CPU,BXLL,CHOPAN,BILLI,ECR,6.89,20,20
COR04808,BXLL,RNQ,BILLI,RENUKUT,ECR,27.92,8,8
COR04809,RNQ,JRQ,RENUKUT,JHAROKHAS,ECR,12.88,8,8
COR04810,JRQ,DXN,JHAROKHAS,DUDDHINAGAR,ECR,6.26,9,9
COR04811,DXN,MXY,DUDDHINAGAR,MAHUARIYA,ECR,9.73,10,10
COR04812,MXY,WDM,MAHUARIYA,WYNDHAMGANJ,ECR,10.08,10,10
COR04813,WDM,NUQ,WYNDHAMGANJ,NAGAR UNTARI,ECR,11.66,10,10
COR04814,NUQ,RMF,NAGAR UNTARI,RAMNA,ECR,10.6,10,10
COR04815,RMF,MQX,RAMNA,MERALGRAM,ECR,11.56,10,10
COR04816,MQX,GHQ,MERALGRAM,GARHWA,ECR,10.78,10,10
COR04817,DB,VAN,Dabhoi Junction,Vadhvana,WR,7.57,2,2
COR04818,VAN,AMLP,Vadhvana,Amalpur,WR,2.39,2,2
COR04819,AMLP,SAK,Amalpur,Sak Bahadurpur,WR,5.64,2,2
COR04820,SAK,CCP,Sak Bahadurpur,Chhuchhapura Junction,WR,5.39,2,2
COR04821,CCP,JJW,Chhuchhapura Junction,Jojwa,WR,6.53,2,2
COR04822,JJW,BDE,Jojwa,Bodeli,WR,7.86,2,2
COR04823,BDE,JBU,Bodeli,Jabugam,WR,4.85,2,2
COR04824,PAVI,TJH,Pavi,Tajgadh,WR,6.72,2,2
COR04825,TJH,PQT,Tajgadh,Puniyavant,WR,5.8,2,2
COR04826,PQT,CTD,Puniyavant,Chhota Udepur,WR,6.17,2,2
COR04827,ARJ,FRDH,AUNRIHAR JN,Faridaha Halt,NER,6.32,1,1
COR04828,FRDH,DDNA,Faridaha Halt,Dudhaunda,NER,4.5,1,1
COR04829,DDNA,DHE,Dudhaunda,Dodhi,NER,9.27,1,1
COR04830,DHE,KCT,Dodhi,Kirakat,NER,8.69,1,1
COR04831,KCT,GNGL,Kirakat,Gangauli,NER,6.68,1,1
COR04832,GNGL,MFJ,Gangauli,Muftiganj,NER,5.08,1,1
COR04833,MFJ,YDV,Muftiganj,Yadvendranagar,NER,9.84,1,1
COR04834,YDV,JNU,Yadvendranagar,JAUNPUR JN,NER,5.23,1,1
COR04835,MTA,TLV,MATHELA,TALVADYA,WCR,7.63,6,6
COR04836,TLV,KHA,TALVADYA,Khaigaon,WCR,10.16,4,4
COR04837,KHA,BIR,Khaigaon,Bir,WCR,8.18,4,4
COR04838,VLR,VT,VELLORE CANT,VELLORE TOWN,SR,1.46,4,4
COR04839,KLDI,STVA,KALDHARI,SATYAVADA,SCR,4.31,12,12
COR04840,STVA,TNKU,SATYAVADA,TANUKU,SCR,5.34,12,12
COR04841,TNKU,VPU,TANUKU,VELPURU,SCR,3.14,12,12
COR04842,VPU,RLG,VELPURU,RELANGI,SCR,2.66,12,12
COR04843,RLG,AL,RELANGI,ATTILI,SCR,4.44,12,12
COR04844,AL,MCLE,ATTILI,MANCHILI,SCR,1.94,12,12
COR04845,MCLE,AVLI,MANCHILI,ARAVALLI,SCR,4.97,12,12
COR04846,AVLI,LKSH,ARAVALLI,LAKSHMINARAYANAPURAM,SCR,2.31,12,12
COR04847,LKSH,VND,LAKSHMINARAYANAPURAM,VENDRA,SCR,3.52,12,12
COR04848,VND,BVRT,VENDRA,BHIMAVARAM TOWN,SCR,6.55,11,11
COR04849,BBY,SAC,BHADROLI,SANICHARA,NCR,6.61,4,4
COR04850,SAC,MLAR,SANICHARA,MALANPUR,NCR,9.25,3,3
COR04851,MLAR,RAKL,MALANPUR,RETHORAKALAN,NCR,3.67,6,8
COR04852,RAKL,MLAR,RETHORAKALAN,MALANPUR,NCR,3.67,6,8
COR04853,RAKL,NNE,RETHORAKALAN,NONERA,NCR,10.28,3,3
COR04854,NNE,RYT,NONERA,RAYAT PURA,NCR,5.29,4,4
COR04855,RYT,GOA,RAYAT PURA,GOHAD ROAD,NCR,6.27,4,4
COR04856,GOA,SCN,GOHAD ROAD,SONDHA ROAD,NCR,4.96,4,4
COR04857,SCN,SONI,SONDHA ROAD,SONI,NCR,7.71,4,4
COR04858,SONI,AXK,SONI,ASOKHAR,NCR,0.21,4,4
COR04859,AXK,AAH,ASOKHAR,ITEHAR,NCR,13.38,4,4
COR04860,AAH,BIX,ITEHAR,BHIND,NCR,9.76,4,4
COR04861,TKYR,MJG,TIKARIA,MAJHAGAWAN,WCR,10.55,13,13
COR04862,SOG,RMH,SURATGARH JN,RANGMAHAL,NWR,11.19,9,9
COR04863,RMH,AMPR,RANGMAHAL,AMARPURA RATHAN,NWR,13.28,9,9
COR04864,AMPR,PGK,AMARPURA RATHAN,PILI BANGAN,NWR,0.06,9,9
COR04865,PGK,DBI,PILI BANGAN,DABLI RATHAN,NWR,12.62,9,9
COR04866,DBI,HMH,DABLI RATHAN,HANUMANGARH JN,NWR,13.09,9,9
COR04867,HMH,NAWN,HANUMANGARH JN,NAWAN,NWR,6.85,8,8
COR04868,NAWN,MNSR,NAWAN,MANAKSAR,NWR,4.2,8,8
COR04869,MNSR,SGRA,MANAKSAR,SANGARIA,NWR,14.82,8,8
COR04870,SGRA,DABN,SANGARIA,DHABAN,NWR,10.55,8,8
COR04871,DABN,BMK,DHABAN,BIRANG KHERA,NWR,10.7,8,8
COR04872,BMK,MBY,BIRANG KHERA,MANDI DABWALI,NWR,8.6,8,8
COR04873,MBY,PTRL,MANDI DABWALI,PATHRALA,NWR,6.16,8,8
COR04874,PTRL,BWB,PATHRALA,BAGWALI,NWR,4.03,8,8
COR04875,BWB,SGF,BAGWALI,SANGAT,NWR,8.4,8,8
COR04876,SGF,GSW,SANGAT,GURSAR SHNEWALA,NWR,7.65,8,8
COR04877,GSW,BTI,GURSAR SHNEWALA,BHATINDA JN,NWR,9.0,8,8
COR04878,MOB,DBV,MANOHARABAD,DABILPUR,SCR,9.22,15,15
COR04879,BMBE,BOKR,BIMBARI,BHOKAR,SCR,6.67,7,7
COR04880,DVN,HDGR,DEVTHANA,HADGAON ROAD,SCR,7.29,7,7
COR04881,SHSK,MHMB,SAHARSRAKUND,MAHIMBA,SCR,7.42,7,7
COR04882,MHMB,DHNR,MAHIMBA,DHANORA DECCAN,SCR,7.79,7,7
COR04883,DHNR,BHBK,DHANORA DECCAN,BODHADI BUJRUG,SCR,7.39,7,7
COR04884,BHBK,KNVT,BODHADI BUJRUG,KINWAT,SCR,13.61,7,7
COR04885,KNVT,ABX,KINWAT,AMBARI,SCR,8.02,7,7
COR04886,ABX,KSAE,AMBARI,KOSAI,SCR,13.53,7,7
COR04887,UMM,ADB,UMRAM,ADILABAD,SCR,10.46,7,7
COR04888,ADB,PMKT,ADILABAD,PIMPALKHUTI,SCR,17.29,3,3
COR04889,TTP,MNLI,Tiruturaipudi Junction,Manali Halt,SR,,3,3
COR04890,MNLI,ATB,Manali Halt,Alattambadi,SR,,3,3
COR04891,ATB,AMNR,Alattambadi,Ammanur,SR,,3,3
COR04892,AMNR,TNK,Ammanur,Tirunellikaval,SR,,3,3
COR04893,TNK,MAX,Tirunellikaval,Mangudi,SR,,3,3
COR04894,MARD,TVR,Mavur Road,THIRUVARUR JN,SR,,3,3
COR04895,SBC,NYH,BANGALORE CITY JN,NAYANDAHALLI,SWR,6.54,17,17
COR04896,NYH,GNB,NAYANDAHALLI,JNANA BHARTI HALT,SWR,1.21,20,20
COR04897,GNB,KGI,JNANA BHARTI HALT,KENGERI,SWR,3.49,20,20
COR04898,KGI,HJL,KENGERI,HEJJALA,SWR,10.54,20,20
COR04899,HJL,BID,HEJJALA,BIDADI,SWR,6.13,20,20
COR04900,BID,KHLL,BIDADI,KETOHALLI,SWR,7.52,20,20
COR04901,KHLL,RMGM,KETOHALLI,RAMANAGARAM,SWR,7.11,20,20
COR04902,RMGM,CPT,RAMANAGARAM,CHANNAPATNA,SWR,10.94,20,20
COR04903,CPT,SET,CHANNAPATNA,SETTIHALLY,SWR,6.93,20,20
COR04904,MAD,HNK,MADDUR,HANAKERE,SWR,8.72,20,20
COR04905,HNK,MYA,HANAKERE,MANDYA,SWR,9.84,20,20
COR04906,MYA,Y,MANDYA,YELIYUR,SWR,7.63,20,20
COR04907,Y,BDRL,YELIYUR,BYADARAHALLI,SWR,8.47,20,20
COR04908,CGKP,PANP,CHANDAGIRIKOPAL,PANDAVAPURA,SWR,4.15,19,19
COR04909,PANP,S,PANDAVAPURA,SHRIRANGAPATNA,SWR,4.28,19,19
COR04910,S,NHY,SHRIRANGAPATNA,NAGANAHALLI,SWR,5.74,17,17
COR04911,NHY,MNGT,NAGANAHALLI,MYSORE NEW GOOD,SWR,4.73,20,20
COR04912,MNGT,MYS,MYSORE NEW GOOD,MYSORE JN,SWR,2.21,20,20
COR04913,MCLA,RCA,Macherla,Rentachintala,SCR,14.54,3,3
COR04914,MSH,JDN,MAHESANA JN,JAGUDAN,WR,9.08,2,2
COR04915,DTVL,NIIJ,DATIVLI,NILAJE,CR,4.17,24,24
COR04916,NIIJ,TPND,NILAJE,TALOJA PANCHAND,CR,8.5,24,24
COR04917,TPND,NVRD,TALOJA PANCHAND,NAVADE ROAD,CR,3.36,24,24
COR04918,KLMC,PNVL,KALAMBOLI,PANVEL,CR,5.02,23,23
COR04919,PNVL,SMNE,PANVEL,SOMTANE,CR,4.98,26,26
COR04920,SMNE,RSYI,SOMTANE,RASAYANI,CR,6.51,26,26
COR04921,RSYI,APTA,RASAYANI,APTA,CR,3.4,26,26
COR04922,PEN,KASU,PEN,KASU,CR,10.59,25,25
COR04923,KASU,NGTN,KASU,NAGOTHANE,CR,12.92,26,26
COR04924,NGTN,NIDI,NAGOTHANE,NIDI,CR,8.35,26,26
COR04925,NIDI,ROHA,NIDI,ROHA,CR,3.38,26,26
COR04926,ROHA,KOL,ROHA,KOLAD,CR,12.18,26,26
COR04927,KOL,INP,KOLAD,INDAPUR,KR,10.75,26,26
COR04928,INP,MNI,INDAPUR,MANGAON,KR,6.49,26,26
COR04929,MNI,GNO,MANGAON,GOREGAON ROAD,KR,9.85,26,26
COR04930,GNO,VEER,GOREGAON ROAD,VEER,KR,6.19,26,26
COR04931,VEER,SAPE,VEER,SAPE WAMNE,KR,4.17,26,26
COR04932,SAPE,KFD,SAPE WAMNE,KARANJADI,KR,10.96,26,26
COR04933,KFD,VINH,KARANJADI,VINHERE,KR,10.28,26,26
COR04934,VINH,DWV,VINHERE,DIWANKHAVATI,KR,6.84,26,26
COR04935,DWV,KHED,DIWANKHAVATI,KHED,KR,15.97,26,26
COR04936,KHED,ANO,KHED,ANJANI,KR,10.22,26,26
COR04937,ANO,CHI,ANJANI,CHIPLUN,KR,15.68,26,26
COR04938,CHI,KMAH,CHIPLUN,KAMATHE,KR,7.29,26,26
COR04939,KMAH,SVX,KAMATHE,SAVARDA,KR,8.04,26,26
COR04940,SVX,AVRD,SAVARDA,ARAVALI ROAD,KR,10.13,26,26
COR04941,AVRD,SGR,ARAVALI ROAD,SANGMESHWAR,KR,12.76,26,26
COR04942,SGR,UKC,SANGMESHWAR,UKSHI,KR,12.51,26,26
COR04943,UKC,BOKE,UKSHI,BHOKE,KR,11.99,26,26
COR04944,BOKE,RN,BHOKE,RATNAGIRI,KR,5.75,26,26
COR04945,RN,NIV,RATNAGIRI,NIVASAR,KR,12.12,25,25
COR04946,NIV,ADVI,NIVASAR,ADAVALI,KR,14.93,25,25
COR04947,ADVI,VID,ADAVALI,VILAVADE,KR,15.41,25,25
COR04948,VID,RAJP,VILAVADE,RAJAPUR ROAD,KR,16.74,25,25
COR04949,RAJP,VBW,RAJAPUR ROAD,VAIBHAVWADI RD,KR,16.19,25,25
COR04950,VBW,NAN,VAIBHAVWADI RD,NANDGAON ROAD,KR,14.06,25,25
COR04951,NAN,KKW,NANDGAON ROAD,KANKAVALI,KR,14.35,25,25
COR04952,KKW,SNDD,KANKAVALI,SINDHUDURG,KR,16.96,25,25
COR04953,SNDD,KUDL,SINDHUDURG,KUDAL,KR,10.42,25,25
COR04954,KUDL,ZARP,KUDAL,ZARAP,KR,9.82,25,25
COR04955,ZARP,SWV,ZARAP,SAWANTWADI ROAD,KR,10.56,25,25
COR04956,SWV,MADR,SAWANTWADI ROAD,MADURE,KR,6.47,24,24
COR04957,MADR,PERN,MADURE,PERNEM,KR,11.71,24,24
COR04958,PERN,THVM,PERNEM,THIVIM,KR,10.8,24,24
COR04959,THVM,KRMI,THIVIM,KARMALI,KR,16.34,24,24
COR04960,KRMI,VEN,KARMALI,VERNA,KR,15.25,24,24
COR04961,VEN,MJO,VERNA,MAJORDA,KR,4.52,25,25
COR04962,MAO,BLLI,MADGAON,BALLI,KR,14.0,21,21
COR04963,CBP,NDY,Chik Ballapur,Nandi Halt,SWR,5.68,1,1
COR04964,NDY,VTE,Nandi Halt,Venkatagiri Kote Halt,SWR,6.54,1,1
COR04965,VTE,AVT,Venkatagiri Kote Halt,Avati,SWR,3.29,1,1
COR04966,AVT,DHL,Avati,Devanhalli,SWR,6.28,1,1
COR04967,DHL,DJL,Devanhalli,Dodajala Lake,SWR,9.08,2,2
COR04968,DJL,TLS,Dodajala Lake,Bettahalsoor,SWR,5.29,2,2
COR04969,TAK,LOK,Tarakeswar,Loknath,ER,2.42,1,1
COR04970,LOK,BAHW,Loknath,Bahir Khanda,ER,4.4,1,1
COR04971,BAHW,KKAE,Bahir Khanda,Kaikala,ER,2.65,1,1
COR04972,KKAE,HPL,Kaikala,Haripal,ER,2.76,1,1
COR04973,HPL,MLYA,Haripal,Maliya,ER,1.82,1,1
COR04974,MLYA,NKL,Maliya,Nalikul,ER,3.08,1,1
COR04975,SIU,NSF,Singur,Nasibpur,ER,3.58,2,2
COR04976,NSF,DEA,Nasibpur,Diara,ER,2.03,2,2
COR04977,FTD,AJN,Fatehabad Chowk Junction,Ajnod,WR,10.95,11,11
COR04978,AJN,BLDK,Ajnod,Balauda Takun,WR,6.23,11,11
COR04979,BLDK,PLA,Balauda Takun,Palia,WR,7.0,11,11
COR04980,PLA,LMNR,Palia,LAKSHMIBAI NAGAR,WR,11.42,11,11
COR04981,LMNR,INDM,LAKSHMIBAI NAGAR,Indore Junction MG,WR,2.96,14,14
COR04982,INDM,SFNR,Indore Junction MG,Saifinagar Halt,WR,2.54,16,16
COR04983,SFNR,LKMN,Saifinagar Halt,Lokmanya Nagar,WR,1.05,16,16
COR04984,LKMN,RJQ,Lokmanya Nagar,Rajendranagar,WR,2.97,16,16
COR04985,RJQ,RAU,Rajendranagar,Rau,WR,4.82,16,16
COR04986,RAU,HKH,Rau,Haranya Kheri,WR,6.22,16,16
COR04987,HKH,MHOW,Haranya Kheri,Mhow,WR,3.22,16,16
COR04988,KRR,VRQ,KARUR,VIRARAKKIYAM,SR,9.3,13,13
COR04989,VRQ,MVS,VIRARAKKIYAM,MANAVASI,SR,5.99,13,13
COR04990,MVS,MYU,MANAVASI,MAYANOOR,SR,2.89,13,13
COR04991,MYU,SEV,MAYANOOR,SITHALAVAI,SR,4.1,13,13
COR04992,SEV,MMH,SITHALAVAI,MAHADANAPURAM,SR,2.8,13,13
COR04993,MMH,LP,MAHADANAPURAM,LALAPET,SR,4.38,13,13
COR04994,LP,TIC,LALAPET,TIMMACHIPURAM,SR,3.94,13,13
COR04995,TIC,KLT,TIMMACHIPURAM,KULITALAI,SR,5.43,13,13
COR04996,KLT,MUQ,KULITALAI,MARUDUR,SR,3.78,13,13
COR04997,MUQ,PLI,MARUDUR,PETTAIVAYATALAI,SR,5.21,13,13
COR04998,PLI,PGN,PETTAIVAYATALAI,PERUGAMANI,SR,5.82,13,13
COR04999,PGN,EL,PERUGAMANI,ELAMANUR,SR,3.04,13,13
COR05000,MKY,MTNL,MEKKUDI,MUTTARASANALLUR,SR,2.22,13,13
COR05001,MTNL,TP,MUTTARASANALLUR,TIRUCHIRAPPALLI FORT,SR,6.29,13,13
COR05002,TP,TPE,TIRUCHIRAPPALLI FORT,TIRUCHIRAPPALLI PALAKKARAI,SR,2.1,13,13
COR05003,MCJ,TRB,MANJATTIDAL,TIRUVERUMBUR,SR,4.95,18,18
COR05004,TRB,TOM,TIRUVERUMBUR,TONDAMANPATTI,SR,5.17,18,18
COR05005,TOM,SGM,TONDAMANPATTI,SOLGAMPATTI,SR,3.82,18,18
COR05006,SGM,AYN,SOLGAMPATTI,AIYANAPURAM,SR,7.69,17,17
COR05007,AYN,BAL,AIYANAPURAM,BUDALUR,SR,5.76,17,17
COR05008,BAL,ALK,BUDALUR,ALAKKUDI,SR,7.91,18,18
COR05009,ALK,TJ,ALAKKUDI,THANJAVUR,SR,9.24,18,18
COR05010,TJ,MAV,THANJAVUR,MARIAMMANKOVIL,SR,6.57,7,7
COR05011,MAV,KXO,MARIAMMANKOVIL,KUDIKADU,SR,4.75,7,7
COR05012,KXO,SMM,KUDIKADU,SALIYAMANGALAM,SR,3.7,7,7
COR05013,SMM,AMT,SALIYAMANGALAM,AMMAPET,SR,4.42,7,7
COR05014,AMT,KYV,AMMAPET,KOYILVENNI,SR,5.79,7,7
COR05015,KYV,NMJ,KOYILVENNI,NIDAMANGALAM,SR,4.83,7,7
COR05016,NMJ,KDE,NIDAMANGALAM,KORADACHERI,SR,8.45,6,6
COR05017,KDE,TMU,KORADACHERI,TIRUMANTHIKUNAM,SR,4.85,6,6
COR05018,TMU,KU,TIRUMANTHIKUNAM,KULIKARAI,SR,4.92,6,6
COR05019,KU,TVR,KULIKARAI,THIRUVARUR JN,SR,5.97,6,6
COR05020,TVR,AYM,THIRUVARUR JN,ADIYAKKAMANGALAM,SR,5.17,6,6
COR05021,AYM,KOQ,ADIYAKKAMANGALAM,KUTHUR,SR,4.19,6,6
COR05022,KOQ,KVL,KUTHUR,KIZHELUR,SR,2.65,6,6
COR05023,KVL,SKK,KIZHELUR,SIKKAL,SR,5.2,6,6
COR05024,SKK,APE,SIKKAL,ANDANAPPETTAI,SR,5.87,6,6
COR05025,APE,NGT,ANDANAPPETTAI,NAGAPPATTINAM,SR,0.21,6,6
COR05026,APDJ,RVK,ALIPUR DUAR JN,RAJA BHAT KHAWA,NFR,10.78,9,9
COR05027,BNQ,CRX,BANARHAT,CARRON,NFR,10.68,9,9
COR05028,NKB,CLD,NAGRAKOTA,CHALSA JN,NFR,11.84,9,9
COR05029,BRQ,SVQ,BAGRAKOT,SIVOK,NFR,11.67,9,9
COR05030,SVQ,GLMA,SIVOK,GULMA,NFR,10.75,9,9
COR05031,GLMA,SGUJ,GULMA,SILIGURI JN,NFR,8.91,9,9
COR05032,ANDN,LER,Anand Nagar,Lehra,NER,7.35,5,5
COR05033,LER,BMJ,Lehra,Bridgemanganj,NER,5.29,5,5
COR05034,BMJ,UB,Bridgemanganj,Uska Bazar,NER,7.06,5,5
COR05035,UB,NUH,Uska Bazar,Naugarh,NER,10.16,5,5
COR05036,NUH,AHU,Naugarh,Ahirauli,NER,6.41,5,5
COR05037,AHU,CIH,Ahirauli,Chilhia,NER,6.6,5,5
COR05038,CIH,SOT,Chilhia,Shohratgarh,NER,3.3,5,5
COR05039,SOT,MHBZ,Shohratgarh,Mahtha Bazar,NER,2.21,4,4
COR05040,MHBZ,PRZ,Mahtha Bazar,Parsa,NER,6.84,4,4
COR05041,PRZ,MHBG,Parsa,Mahadev Buzurg,NER,3.79,4,4
COR05042,MHBG,BNY,Mahadev Buzurg,Barhni,NER,9.56,4,4
COR05043,BNY,TPB,Barhni,Trilokpur,NER,9.06,5,5
COR05044,TPB,PPW,Trilokpur,Pachperwa,NER,4.8,5,5
COR05045,PPW,GIR,Pachperwa,Gainsari Junction,NER,11.21,5,5
COR05046,GIR,LBW,Gainsari Junction,Laiburwa Halt,NER,7.48,5,5
COR05047,LBW,TLR,Laiburwa Halt,Tulsipur,NER,5.65,5,5
COR05048,TLR,KPE,Tulsipur,Kauwapur,NER,11.33,5,5
COR05049,KPE,GAW,Kauwapur,Gainjahwa,NER,8.57,5,5
COR05050,GAW,JKNI,Gainjahwa,Jharkhandi,NER,6.88,5,5
COR05051,JKNI,BLP,Jharkhandi,Balrampur,NER,2.69,5,5
COR05052,BLP,BWP,Balrampur,Bhawanipur Kalan,NER,0.05,3,3
COR05053,BWP,ITE,Bhawanipur Kalan,Intiyathok,NER,20.55,3,3
COR05054,ITE,SUBR,Intiyathok,Subhagpur,NER,1.64,5,5
COR05055,BLL,SNKG,BANTANAHAL,SANKARAGUMMANUR HALT,SCR,4.34,15,15
COR05056,SNKG,BNL,SANKARAGUMMANUR HALT,BEVINAHALU,SCR,2.42,15,15
COR05057,BNL,TKBN,BEVINAHALU,TSAKIBANDA,SCR,3.76,15,15
COR05058,TKBN,VP,TSAKIBANDA,VIRAPUR,SWR,5.01,15,15
COR05059,VP,HGI,VIRAPUR,HAGARI,SCR,8.62,15,15
COR05060,HGI,HDD,HAGARI,HADDINAGUNDU,SCR,7.8,15,15
COR05061,HDD,BAY,HADDINAGUNDU,BELLARY JN,SCR,6.2,15,15
COR05062,KBI,LWR,KAMBRGANVI,ALNAVAR JN,SWR,15.2,14,14
COR05063,LWR,TVG,ALNAVAR JN,TAVARGATTI,SWR,8.13,14,14
COR05064,DEV,LD,DEVARAYI,LONDA JN,SWR,7.97,14,14
COR05065,NTSK,PNT,NEW TINSUKIA JN,PANITOLA,NFR,8.52,12,12
COR05066,PNT,CHB,PANITOLA,CHABUA,NFR,7.87,12,12
COR05067,CHB,DKM,CHABUA,DIKOM,NFR,9.22,12,12
COR05068,DKM,LHL,DIKOM,LAHOAL,NFR,8.11,12,12
COR05069,LHL,CKW,LAHOAL,CHALKHOA,NFR,4.24,6,6
COR05070,CKW,DBRT,CHALKHOA,DIBRUGARH TOWN,NFR,5.81,6,6
COR05071,HTD,ROS,HATUNDI,RAJOSI,NWR,5.34,10,10
COR05072,RPI,SSR,RUPAHELI,SARERI,NWR,8.33,10,10
COR05073,LMA,MDL,LAMBIYA,MANDAL,NWR,15.45,10,10
COR05074,GGR,CNA,GANGRAR,CHANDERIYA,NWR,13.54,10,10
COR05075,CNA,COR,CHANDERIYA,CHITTAURGARH,WR,7.28,15,15
COR05076,KCNR,DOD,KACHNARA ROAD,DHODHAR,WR,6.54,8,8
COR05077,BHLE,PJLE,Barahat,Panjwara Road,ER,4.86,3,3
COR05078,PJLE,MDVB,Panjwara Road,Mandar Vidyapith Halt,ER,4.79,3,3
COR05079,MDVB,MDLE,Mandar Vidyapith Halt,Mandar Hill,ER,3.21,3,3
COR05080,RGB,BTG,RAMGANGA,BASHARATGANJ,NR,8.87,10,10
COR05081,BTG,NSU,BASHARATGANJ,NISUI,NR,4.78,13,13
COR05082,NSU,AO,NISUI,AONLA,NR,6.61,13,13
COR05083,AO,RBK,AONLA,REOTI BAHORA KHERA,NR,6.58,4,4
COR05084,RBK,KEG,REOTI BAHORA KHERA,KARENGI,NR,7.15,4,4
COR05085,KEG,DUB,KARENGI,DABTARA,NR,5.47,6,6
COR05086,DUB,PRKE,DABTARA,PURUA KHERA,NR,4.65,3,3
COR05087,PRKE,AFR,PURUA KHERA,ASAFPUR,NR,4.65,3,3
COR05088,AFR,SSKA,ASAFPUR,SISARKA,NR,6.5,13,13
COR05089,SSKA,CH,SISARKA,CHANDAUSI JN,NR,7.13,13,13
COR05090,GTF,JRJ,GUMTHAL,JARGAON,NR,8.57,9,9
COR05091,TAV,JBB,Talala Junction,Jambur,WR,7.42,3,3
COR05092,JBB,GRHM,Jambur,Gir Hadmatiya,WR,10.95,3,3
COR05093,GRHM,PCC,Gir Hadmatiya,Prachi Road Junction,WR,0.03,3,3
COR05094,PCC,SDHR,Prachi Road Junction,Sandhanidhar,WR,5.83,1,1
COR05095,SDHR,GTWD,Sandhanidhar,Ghatwad,WR,4.12,1,1
COR05096,GTWD,KODR,Ghatwad,Kodinar,WR,15.41,1,1
COR05097,ORC,BWR,ORCHHA,BARWA SAGAR,NCR,10.35,11,11
COR05098,BWR,NEW,BARWA SAGAR,NIVARI,NCR,9.27,11,11
COR05099,NEW,TKA,NIVARI,TEHARKA,NCR,10.25,9,9
COR05100,TKA,RNRD,TEHARKA,RANIPUR ROAD,NCR,14.31,11,11
COR05101,RNRD,MRPR,RANIPUR ROAD,MAU RANIPUR,NCR,8.21,11,11
COR05102,MRPR,RORA,MAU RANIPUR,RORA,NCR,10.69,11,11
COR05103,RORA,HPP,RORA,HARPALPUR,NCR,9.93,11,11
COR05104,HPP,GTI,HARPALPUR,GHUTAI,NCR,10.64,11,11
COR05105,GTI,BTX,GHUTAI,BELA TAL,NCR,11.46,11,11
COR05106,BTX,KLAR,BELA TAL,KULPAHAR,NCR,8.6,11,11
COR05107,KLAR,CRC,KULPAHAR,CHARKHARI ROAD,NCR,10.95,11,11
COR05108,CRC,MBA,CHARKHARI ROAD,MAHOBA,NCR,10.4,11,11
COR05109,TLV,SGBJ,TALVADYA,SURGAON BANJARI,WCR,10.57,3,3
COR05110,GHUM,SAD,Ghoom,Sonada,NFR,5.7,2,2
COR05111,SAD,TUNG,Sonada,Tung,NFR,4.79,2,2
COR05112,TUNG,KGN,Tung,Kurseong,NFR,5.24,2,2
COR05113,THEA,BUDI,Thalera,Bundi,WCR,13.51,5,5
COR05114,BUDI,SNAR,Bundi,Srinagar Rajasthan,WCR,9.54,4,4
COR05115,SNAR,SMPA,Srinagar Rajasthan,Shampura,WCR,37.24,4,4
COR05116,SMPA,MLGH,Shampura,Mandalgarh,WCR,15.64,5,5
COR05117,MLGH,BNDI,Mandalgarh,Barundini,WCR,15.35,5,5
COR05118,BNDI,PSLI,Barundini,Parsoli,WCR,8.65,5,5
COR05119,PSLI,BSSL,Parsoli,Basi Beriasal,WCR,14.96,5,5
COR05120,BSSL,CNA,Basi Beriasal,CHANDERIYA,WCR,16.48,5,5
COR05121,UHP,RMJK,UDHAMPUR,RAM NAGAR J K,NR,7.07,6,6
COR05122,RMJK,MNWL,RAM NAGAR J K,MANWAL,NR,10.57,6,6
COR05123,MNWL,SGRR,MANWAL,SANGAR,NR,9.21,6,6
COR05124,SGRR,BLA,SANGAR,BAJALTA,NR,9.78,6,6
COR05125,BLA,JAT,BAJALTA,JAMMU TAWI,NR,9.21,6,6
COR05126,CHKB,KNDI,CHAKKI BANK,KANDRORI,NR,8.9,30,30
COR05127,MRTL,CKKN,MIRTHAL,CHAK KALAN,NR,3.6,30,30
COR05128,BNGL,MEX,BHANGALA,MUKERIAN,NR,8.63,30,30
COR05129,MEX,UCB,MUKERIAN,UNCHI BASSI,NR,9.5,30,30
COR05130,CGH,BPRS,CHOLANG,BHOGPUR SIRWAL,NR,6.76,30,30
COR05131,BPRS,KKL,BHOGPUR SIRWAL,KALA BAKRA,NR,9.16,30,30
COR05132,KKL,AWL,KALA BAKRA,ALAWALPUR,NR,5.67,30,30
COR05133,NPR,BBJ,Nepalganj Road,Babaganj,NER,6.06,4,4
COR05134,BBJ,NNP,Babaganj,Nanpara Junction,NER,12.85,4,4
COR05135,ADRA,JOC,ADRA JN,JOYCHANDI PAHAR,SER,2.34,12,12
COR05136,BXLL,OBR,BILLI,OBRA DAM,ECR,3.99,9,9
COR05137,OBR,PPKD,OBRA DAM,PAPRAKUND,ECR,4.89,11,12
COR05138,PPKD,MWF,PAPRAKUND,MAGARDAHA,ECR,4.45,11,12
COR05139,MWF,KDRD,MAGARDAHA,KHULDIL ROAD,ECR,5.02,11,12
COR05140,KDRD,MCQ,KHULDIL ROAD,MIRCHADHORI,ECR,10.96,11,12
COR05141,MCQ,KRLR,MIRCHADHORI,KARAILA ROAD JN,ECR,8.25,11,12
COR05142,KRLR,SGRL,KARAILA ROAD JN,SINGRAULI,ECR,10.01,9,9
COR05143,SGRL,MHDA,SINGRAULI,MAHDEIYA,ECR,5.56,4,4
COR05144,MHDA,BRGW,MAHDEIYA,BARGAWAN,ECR,13.5,3,3
COR05145,BRGW,DRGM,BARGAWAN,DEORAGRAM,WCR,15.3,2,2
COR05146,DRGM,GAJB,DEORAGRAM,GAJARA BAHARA,WCR,6.36,4,4
COR05147,GAJB,SGAM,GAJARA BAHARA,SAREIGRAM,WCR,10.89,4,4
COR05148,SGAM,SSGJ,SAREIGRAM,SURSARAIGHAT JH,WCR,8.39,4,4
COR05149,SSGJ,BSDL,SURSARAIGHAT JH,BHARSENDI,WCR,6.71,3,3
COR05150,BSDL,NWB,BHARSENDI,NIWAS ROAD,WCR,5.15,4,4
COR05151,NWB,SKBR,NIWAS ROAD,SHANKARPUR BHADAURA,WCR,8.93,3,3
COR05152,SKBR,MWJ,SHANKARPUR BHADAURA,MARWASGRAM,WCR,9.76,4,4
COR05153,MWJ,JOBA,MARWASGRAM,JOBA,WCR,7.51,3,3
COR05154,JOBA,KNC,JOBA,KANCHANPUR ROAD,WCR,10.95,4,4
COR05155,KNC,BARD,KANCHANPUR ROAD,DUVRI KALAN,WCR,17.39,4,4
COR05156,BARD,BEHR,DUVRI KALAN,BEOHARI,WCR,13.05,4,4
COR05157,BEHR,CTJ,BEOHARI,CHHATAINI,WCR,9.41,4,4
COR05158,CTJ,BBAR,CHHATAINI,BARA,WCR,7.71,2,2
COR05159,BBAR,VST,BARA,BIJAYSOTA,WCR,10.55,2,2
COR05160,VST,DMYA,BIJAYSOTA,DAMOY,WCR,11.63,4,4
COR05161,DMYA,MFQ,DAMOY,MAHROI,WCR,8.16,4,4
COR05162,MFQ,KHBJ,MAHROI,KHANNA BANJARI,WCR,11.54,4,4
COR05163,KHBJ,PWK,KHANNA BANJARI,PIPARIYA KALAN,WCR,9.73,4,4
COR05164,PWK,SLHA,PIPARIYA KALAN,SALHANA,WCR,9.18,4,4
COR05165,SLHA,LEK,SALHANA,LAKHAKHERA,WCR,10.5,2,2
COR05166,LEK,KTKD,LAKHAKHERA,KATANGI KHURD,WCR,8.99,2,2
COR05167,SGRL,KRLR,SINGRAULI,KARAILA ROAD JN,ECR,10.01,8,8
COR05168,KRLR,MCQ,KARAILA ROAD JN,MIRCHADHORI,ECR,8.25,10,11
COR05169,MCQ,KDRD,MIRCHADHORI,KHULDIL ROAD,ECR,10.96,9,10
COR05170,KDRD,MWF,KHULDIL ROAD,MAGARDAHA,ECR,5.02,9,10
COR05171,MWF,PPKD,MAGARDAHA,PAPRAKUND,ECR,4.45,9,10
COR05172,PPKD,OBR,PAPRAKUND,OBRA DAM,ECR,4.89,9,10
COR05173,OBR,BXLL,OBRA DAM,BILLI,ECR,3.99,8,8
COR05174,BXLL,CPU,BILLI,CHOPAN,ECR,6.89,20,20
COR05175,CKH,BELA,Chakand,Bela,ECR,9.92,17,17
COR05176,BELA,MDE,Bela,Makhdumpur Gaya,ECR,10.98,17,17
COR05177,MDE,THA,Makhdumpur Gaya,Tehta,ECR,4.04,18,18
COR05178,THA,JHDC,Tehta,Jehanabad Court,ECR,9.79,17,17
COR05179,JHDC,JHD,Jehanabad Court,Jehanabad,ECR,2.68,18,18
COR05180,JHD,NDU,Jehanabad,Nadauj,ECR,8.45,17,17
COR05181,NDU,TEA,Nadauj,Taregna,ECR,6.85,17,17
COR05182,TEA,NDW,Taregna,Nadwan,ECR,5.38,17,17
COR05183,NDW,PFT,Nadwan,Pothahi,ECR,10.53,17,17
COR05184,PFT,PPN,Pothahi,Punpun,ECR,0.18,17,17
COR05185,PPN,PRBZ,Punpun,Parsa Bazar,ECR,7.16,17,17
COR05186,KEMA,RUT,KUKMA,RATNAL,WR,13.82,6,6
COR05187,RUT,AJE,RATNAL,ANJAR,WR,16.09,6,6
COR05188,AJE,AI,ANJAR,ADIPUR,WR,6.38,6,6
COR05189,UDZ,RPZ,UDAIPUR CITY,Ranapratapnagar,NWR,3.35,10,10
COR05190,RPZ,DRB,Ranapratapnagar,Debari,NWR,8.28,10,10
COR05191,DRB,KLH,Debari,Khemli,NWR,10.05,10,10
COR05192,KLH,BIML,Khemli,Bhimal,NWR,10.6,10,10
COR05193,BIML,MVJ,Bhimal,MAVLI JN,NWR,6.98,10,10
COR05194,MVJ,FAN,MAVLI JN,Fatehnagar,NWR,12.6,10,10
COR05195,FAN,BSJ,Fatehnagar,Bhupalsagar,NWR,12.14,10,10
COR05196,BSJ,KIN,Bhupalsagar,Kapasan,NWR,10.33,10,10
COR05197,KIN,PMO,Kapasan,Pandoli,NWR,8.75,10,10
COR05198,PMO,GSD,Pandoli,Ghosunda,NWR,13.64,10,10
COR05199,GSD,COR,Ghosunda,CHITTAURGARH,NWR,9.0,10,10
COR05200,CNA,GGR,CHANDERIYA,GANGRAR,WR,13.54,10,10
COR05201,MDL,LMA,MANDAL,LAMBIYA,NWR,15.45,10,10
COR05202,SSR,RPI,SARERI,RUPAHELI,NWR,8.33,10,10
COR05203,ROS,HTD,RAJOSI,HATUNDI,NWR,5.34,10,10
COR05204,TJ,TT,THANJAVUR,TITTE,SR,8.91,15,15
COR05205,TT,PVL,TITTE,PASUPATIKOVIL,SR,4.47,15,15
COR05206,PVL,AZP,PASUPATIKOVIL,AYYAMPET,SR,2.09,15,15
COR05207,AZP,PDV,AYYAMPET,PANDARAVADAI,SR,4.33,15,15
COR05208,PDV,PML,PANDARAVADAI,PAPANASAM,SR,3.06,15,15
COR05209,PML,SPL,PAPANASAM,SUNDARAPERUMAL KOVIL,SR,4.09,15,15
COR05210,SPL,SWI,SUNDARAPERUMAL KOVIL,SWAMIMALAI,SR,3.07,15,15
COR05211,SWI,DSM,SWAMIMALAI,DARASURAM,SR,3.02,15,15
COR05212,DSM,KMU,DARASURAM,KUMBAKONAM,SR,3.65,15,15
COR05213,KMU,TRM,KUMBAKONAM,TIRUNAGESVARAM,SR,4.98,13,13
COR05214,TRM,TDR,TIRUNAGESVARAM,TIRUVIDAIMARUTHUR,SR,3.27,13,13
COR05215,TDR,ADT,TIRUVIDAIMARUTHUR,ADUTURAI,SR,3.42,13,13
COR05216,ADT,NPT,ADUTURAI,NARASINGAMPET,SR,4.57,13,13
COR05217,NPT,KTM,NARASINGAMPET,KUTRALAM,SR,6.35,13,13
COR05218,KTM,MY,KUTRALAM,MALLIYAM,SR,4.32,13,13
COR05219,MY,MV,MALLIYAM,MAYILADUTURAI JN,SR,4.0,13,13
COR05220,BIX,AAH,BHIND,ITEHAR,NCR,9.76,4,4
COR05221,AAH,AXK,ITEHAR,ASOKHAR,NCR,13.38,4,4
COR05222,AXK,SONI,ASOKHAR,SONI,NCR,0.21,4,4
COR05223,SONI,SCN,SONI,SONDHA ROAD,NCR,7.71,4,4
COR05224,SCN,GOA,SONDHA ROAD,GOHAD ROAD,NCR,4.96,4,4
COR05225,GOA,RYT,GOHAD ROAD,RAYAT PURA,NCR,6.27,4,4
COR05226,RYT,NNE,RAYAT PURA,NONERA,NCR,5.29,4,4
COR05227,NNE,RAKL,NONERA,RETHORAKALAN,NCR,10.28,3,3
COR05228,MLAR,SAC,MALANPUR,SANICHARA,NCR,9.25,3,3
COR05229,SAC,BBY,SANICHARA,BHADROLI,NCR,6.61,4,4
COR05230,SHTT,JKB,Silghat Town,Jakhalabandha,NFR,7.88,2,2
COR05231,JKB,SLON,Jakhalabandha,Salona,NFR,6.66,2,2
COR05232,SLON,AONI,Salona,Amoni,NFR,9.36,2,2
COR05233,AONI,SMGR,Amoni,Samaguri,NFR,7.8,2,2
COR05234,SMGR,PUQ,Samaguri,Puranigudam,NFR,8.62,2,2
COR05235,PUQ,BEE,Puranigudam,Bebejia,NFR,15.68,2,2
COR05236,BEE,NGAN,Bebejia,Nagaon,NFR,6.01,2,2
COR05237,NGAN,SCE,Nagaon,Senchoa Junction,NFR,5.79,2,2
COR05238,SCE,CPK,Senchoa Junction,CHAPARMUKH JN,NFR,17.83,1,1
COR05239,SGUJ,GLMA,SILIGURI JN,GULMA,NFR,8.91,9,9
COR05240,GLMA,SVQ,GULMA,SIVOK,NFR,10.75,9,9
COR05241,SVQ,BRQ,SIVOK,BAGRAKOT,NFR,11.67,9,9
COR05242,CLD,NKB,CHALSA JN,NAGRAKOTA,NFR,11.84,9,9
COR05243,CRX,BNQ,CARRON,BANARHAT,NFR,10.68,9,9
COR05244,RVK,APDJ,RAJA BHAT KHAWA,ALIPUR DUAR JN,NFR,10.78,9,9
COR05245,BPR,STH,BHOJIPURA JN,Sethal,NER,12.95,5,5
COR05246,BJV,PBE,Bijauria,PILIBHIT JN,NER,16.12,5,5
COR05247,TQN,MIN,TIKUNIA,Mihinpurwa,NER,55.58,1,1
COR05248,MIN,NNP,Mihinpurwa,Nanpara Junction,NER,22.47,1,1
COR05249,BTC,DPW,Balaghat Junction,Dhapewara,SECR,6.85,7,7
COR05250,DPW,SMC,Dhapewara,Samnapur,SECR,8.49,7,7
COR05251,SMC,TTW,Samnapur,Titwa,SECR,6.28,7,7
COR05252,TTW,CRN,Titwa,Charegaon,SECR,5.13,7,7
COR05253,CRN,LTA,Charegaon,Lamta,SECR,10.91,7,7
COR05254,LTA,NWA,Lamta,Nagarwara,SECR,7.97,7,7
COR05255,NWA,GDU,Nagarwara,Gudru Halt,SECR,6.84,2,2
COR05256,GDU,PNJ,Gudru Halt,Padriganj,SECR,5.05,2,2
COR05257,PNJ,NIR,Padriganj,Nainpur Junction,SECR,12.07,6,6
COR05258,NIR,PDE,Nainpur Junction,Pindrai,SECR,11.54,7,7
COR05259,PDE,GNS,Pindrai,Ghonsor,SECR,18.98,7,7
COR05260,GNS,VNK,Ghonsor,Binaiki,SECR,8.5,7,7
COR05261,VNK,SKY,Binaiki,Shikara,SECR,9.87,7,7
COR05262,SKY,SOY,Shikara,Sukrimangela,SECR,12.27,7,7
COR05263,BUQ,CRE,Bargi,Charghat Piparia,SECR,7.75,3,3
COR05264,CRE,JPV,Charghat Piparia,Jamtara Paraswara,SECR,6.17,3,3
COR05265,JPV,GRG,Jamtara Paraswara,Guwarighat,SECR,3.92,3,3
COR05266,GRG,HBG,Guwarighat,HOWBAGH JABALPUR,SECR,5.14,7,7
COR05267,MTM,CLU,Machilipatnam,Chilakalapudi,SCR,4.36,4,4
COR05268,CLU,PAV,Chilakalapudi,Pedana,SCR,5.83,4,4
COR05269,PAV,VMD,Pedana,Vadlamannadu,SCR,7.18,4,4
COR05270,VMD,KVM,Vadlamannadu,Kavutaram,SCR,4.47,3,3
COR05271,KVM,GVL,Kavutaram,Gudlavalleru,SCR,3.32,3,3
COR05272,GVL,NUJ,Gudlavalleru,Nujella,SCR,4.94,4,4
COR05273,NUJ,GDV,Nujella,GUDIVADA JN,SCR,6.08,4,4
COR05274,TGU,UPL,TARIGOPPULA,UPPALUR,SCR,6.04,12,12
COR05275,KNLS,LPJ,KANALAS JN,LALPUR JAM,WR,15.08,7,7
COR05276,LPJ,GOP,LALPUR JAM,GOP JAM,WR,16.28,7,7
COR05277,GOP,BNVD,GOP JAM,BHANVAD,WR,17.54,7,7
COR05278,PNJ,NWA,Padriganj,Nagarwara,SECR,11.88,5,5
COR05279,MYS,CMJ,MYSORE JN,CHAMARAJAPURAM,SWR,2.45,7,7
COR05280,CMJ,AP,CHAMARAJAPURAM,ASHOKAPURAM,SWR,2.76,7,7
COR05281,AP,KDO,ASHOKAPURAM,KADAKOLA,SWR,9.77,7,7
COR05282,KDO,TXM,KADAKOLA,TANDAVAPURA,SWR,2.89,7,7
COR05283,TXM,SJPM,TANDAVAPURA,SUJATA PURAM HALT,SWR,3.19,7,7
COR05284,SJPM,NTW,SUJATA PURAM HALT,NANJANGUD TOWN,SWR,2.24,7,7
COR05285,NTW,CGHD,NANJANGUD TOWN,CHINNADAGUDI,SWR,6.68,5,5
COR05286,CGHD,NBU,CHINNADAGUDI,NARASAMBUDHI,SWR,4.01,5,5
COR05287,NBU,BDV,NARASAMBUDHI,BADANAVALU,SWR,6.07,5,5
COR05288,BDV,KVE,BADANAVALU,KAVALANDE,SWR,7.21,5,5
COR05289,KVE,KRNU,KAVALANDE,KONANUR,SWR,1.45,5,5
COR05290,KRNU,BDGP,KONANUR,BADANAGUPPE,SWR,6.81,5,5
COR05291,BDGP,CMNR,BADANAGUPPE,CHAMARAJANAGAR,SWR,9.93,4,4
COR05292,MUD,GUH,MURADNAGAR,GULDHAR,NR,7.9,1,1
COR05293,MHV,MQZ,MAHUVA JN,MOTA JADRA,WR,5.5,4,4
COR05294,MQZ,AVL,MOTA JADRA,AMRITVEL,WR,2.64,4,4
COR05295,AVL,SJF,AMRITVEL,SAJANVAR ROAD,WR,7.4,4,4
COR05296,SJF,DGJ,SAJANVAR ROAD,DUNGAR JN,WR,5.74,4,4
COR05297,DGJ,RLA,DUNGAR JN,RAJULA JN,WR,8.18,4,4
COR05298,RLA,RJU,RAJULA JN,Rajula City,WR,6.8,1,1
COR05299,KTKD,SLHA,KATANGI KHURD,SALHANA,WCR,17.99,1,1
COR05300,SLHA,KHBJ,SALHANA,KHANNA BANJARI,WCR,18.91,1,1
COR05301,KHBJ,MFQ,KHANNA BANJARI,MAHROI,WCR,11.54,4,4
COR05302,MFQ,VST,MAHROI,BIJAYSOTA,WCR,19.69,1,1
COR05303,VST,CTJ,BIJAYSOTA,CHHATAINI,WCR,18.0,1,1
COR05304,CTJ,BEHR,CHHATAINI,BEOHARI,WCR,9.41,4,4
COR05305,BEHR,BARD,BEOHARI,DUVRI KALAN,WCR,13.05,4,4
COR05306,BARD,JOBA,DUVRI KALAN,JOBA,WCR,28.26,1,1
COR05307,JOBA,MWJ,JOBA,MARWASGRAM,WCR,7.51,3,3
COR05308,MWJ,NWB,MARWASGRAM,NIWAS ROAD,WCR,18.6,1,1
COR05309,NWB,BSDL,NIWAS ROAD,BHARSENDI,WCR,5.15,4,4
COR05310,BSDL,SGAM,BHARSENDI,SAREIGRAM,WCR,14.75,1,1
COR05311,SGAM,GAJB,SAREIGRAM,GAJARA BAHARA,WCR,10.89,4,4
COR05312,GAJB,BRGW,GAJARA BAHARA,BARGAWAN,WCR,21.66,1,1
COR05313,BRGW,SGRL,BARGAWAN,SINGRAULI,WCR,18.96,1,1
COR05314,MCQ,MWF,MIRCHADHORI,MAGARDAHA,ECR,15.68,1,1
COR05315,MWF,OBR,MAGARDAHA,OBRA DAM,ECR,9.01,1,1
COR05316,ARGD,RRME,ARIGADA,RANCHI ROAD,ECR,5.23,4,4
COR05317,RRME,CNPR,RANCHI ROAD,CHAINPUR,ECR,10.15,4,4
COR05318,CNPR,DNEA,CHAINPUR,DANEA,ECR,10.88,4,4
COR05319,DNEA,DMBR,DANEA,DUMRI BIHAR,ECR,11.01,6,6
COR05320,DMBR,GMIA,DUMRI BIHAR,GUMIA,ECR,6.4,6,6
COR05321,GMIA,BKRO,GUMIA,BOKARO THERMAL,ECR,5.13,6,6
COR05322,BKRO,JAN,BOKARO THERMAL,JARANGDIH,ECR,5.69,6,6
COR05323,JAN,BRMO,JARANGDIH,BERMO,ECR,2.78,6,6
COR05324,BRMO,AMLO,BERMO,AMLO,ECR,2.51,6,6
COR05325,AMLO,PUS,AMLO,PHUSRO,ECR,3.06,6,6
COR05326,PUS,BHME,PHUSRO,BHANDARIDAH,ECR,4.72,6,6
COR05327,GNS,NDNI,Ghonsor,Nidhani,SECR,10.82,1,1
COR05328,NDNI,TPNI,Nidhani,Tuiya Pani,SECR,1.82,1,1
COR05329,PDE,JONR,Pindrai,Jeonara Ph,SECR,5.65,1,1
COR05330,JONR,NIR,Jeonara Ph,Nainpur Junction,SECR,5.91,1,1
COR05331,MHOW,PTP,Mhow,Patal Pani,WR,5.27,5,5
COR05332,PTP,KKD,Patal Pani,Kalkund,WR,7.56,5,5
COR05333,KKD,CRL,Kalkund,Choral,WR,9.23,5,5
COR05334,CRL,MKT,Choral,Mukhtiar Balwar,WR,6.57,5,5
COR05335,MKT,BWW,Mukhtiar Balwar,Barwaha,WR,16.92,5,5
COR05336,BWW,OM,Barwaha,Omkareshwar Road,WR,4.79,5,5
COR05337,OM,SWD,Omkareshwar Road,Sanawad,WR,5.23,5,5
COR05338,SWD,NKR,Sanawad,Nimar Kheri,WR,10.66,5,5
COR05339,NKR,KTKH,Nimar Kheri,Kotlakheri,WR,4.35,5,5
COR05340,KTKH,ATR,Kotlakheri,Attar,WR,9.41,5,5
COR05341,ATR,ANI,Attar,Ajanti,WR,14.34,5,5
COR05342,ANI,KNW,Ajanti,KHANDWA,WR,10.46,5,5
COR05343,KNW,MRDD,KHANDWA,Mordar,CR,13.39,4,4
COR05344,MRDD,GUX,Mordar,Gurhi,SCR,18.51,4,4
COR05345,GUX,AMX,Gurhi,Amlakhurd,SCR,15.11,4,4
COR05346,AMX,TTZ,Amlakhurd,Tukaithad,SCR,9.43,4,4
COR05347,TTZ,DBKA,Tukaithad,Dabka,SCR,9.0,4,4
COR05348,DBKA,DGT,Dabka,Dhulghat,SCR,7.83,4,4
COR05349,DGT,WND,Dhulghat,Wan Road,SCR,11.64,4,4
COR05350,WND,HKR,Wan Road,Kiwar Khed,SCR,6.62,4,4
COR05351,HKR,ABZ,Kiwar Khed,Adgaon Buzurg,SCR,10.8,4,4
COR05352,ABZ,AKOT,Adgaon Buzurg,Akot,SCR,9.98,4,4
COR05353,AKOT,PTZ,Akot,Patsul,SCR,10.43,4,4
COR05354,PTZ,UGWE,Patsul,Ugwe,SCR,22.0,4,4
COR05355,UGWE,KQV,Ugwe,Kinkhed,SCR,,4,4
COR05356,RIGA,DAG,RIGA,DHANG,ECR,10.83,2,2
COR05357,DAG,BGU,DHANG,BAIRGANIA,ECR,8.27,2,2
COR05358,KTKD,LEK,KATANGI KHURD,LAKHAKHERA,WCR,8.99,2,2
COR05359,LEK,SLHA,LAKHAKHERA,SALHANA,WCR,10.5,2,2
COR05360,SLHA,PWK,SALHANA,PIPARIYA KALAN,WCR,9.18,3,3
COR05361,PWK,KHBJ,PIPARIYA KALAN,KHANNA BANJARI,WCR,9.73,3,3
COR05362,MFQ,DMYA,MAHROI,DAMOY,WCR,8.16,3,3
COR05363,DMYA,VST,DAMOY,BIJAYSOTA,WCR,11.63,3,3
COR05364,VST,BBAR,BIJAYSOTA,BARA,WCR,10.55,2,2
COR05365,BBAR,CTJ,BARA,CHHATAINI,WCR,7.71,2,2
COR05366,BARD,KNC,DUVRI KALAN,KANCHANPUR ROAD,WCR,17.39,3,3
COR05367,KNC,JOBA,KANCHANPUR ROAD,JOBA,WCR,10.95,3,3
COR05368,MWJ,SKBR,MARWASGRAM,SHANKARPUR BHADAURA,WCR,9.76,3,3
COR05369,SKBR,NWB,SHANKARPUR BHADAURA,NIWAS ROAD,WCR,8.93,2,2
COR05370,BSDL,SSGJ,BHARSENDI,SURSARAIGHAT JH,WCR,6.71,2,2
COR05371,SSGJ,SGAM,SURSARAIGHAT JH,SAREIGRAM,WCR,8.39,3,3
COR05372,GAJB,DRGM,GAJARA BAHARA,DEORAGRAM,WCR,6.36,3,3
COR05373,DRGM,BRGW,DEORAGRAM,BARGAWAN,WCR,15.3,1,1
COR05374,BRGW,MHDA,BARGAWAN,MAHDEIYA,WCR,13.5,1,1
COR05375,MHDA,SGRL,MAHDEIYA,SINGRAULI,ECR,5.56,3,3
COR05376,SCL,KTX,SILCHAR,KATAKHAL JN,NFR,16.12,1,1
COR05377,KTX,BPB,KATAKHAL JN,BADARPUR JN,NFR,7.92,1,1
COR05378,BPB,RPB,BADARPUR JN,Rupasibari,NFR,2.92,3,3
COR05379,RPB,BXG,Rupasibari,Bhanga,NFR,7.28,3,3
COR05380,BXG,CGX,Bhanga,Chargola,NFR,4.29,3,3
COR05381,CGX,KXJ,Chargola,Karimganj Junction,NFR,4.64,3,3
COR05382,BRGM,KNBR,Baraigram Junction,Kanaibazar,NFR,5.34,3,3
COR05383,KNBR,PTKD,Kanaibazar,Patharkandi,NFR,3.88,3,3
COR05384,PTKD,KKGT,Patharkandi,Kalkalighat,NFR,3.6,3,3
COR05385,KKGT,CHBN,Kalkalighat,Chandkhira Bagn,NFR,7.22,3,3
COR05386,CHBN,TBX,Chandkhira Bagn,Tilbhum,NFR,6.99,3,3
COR05387,TBX,CBZ,Tilbhum,Churaibari,NFR,3.61,3,3
COR05388,CBZ,NPU,Churaibari,Nadiapur,NFR,6.53,3,3
COR05389,NPU,DMR,Nadiapur,Dharmanagar,NFR,4.18,3,3
COR05390,KID,MTH,KHAIRAR JN,MATAUNDH,NCR,9.53,12,12
COR05391,MTH,KBR,MATAUNDH,KABRAI,NCR,11.7,12,12
COR05392,KBR,BPRA,KABRAI,BARIPURA,NCR,10.73,12,12
COR05393,BPRA,MBA,BARIPURA,MAHOBA,NCR,10.21,12,12
COR05394,MBA,CRC,MAHOBA,CHARKHARI ROAD,NCR,10.4,11,11
COR05395,CRC,KLAR,CHARKHARI ROAD,KULPAHAR,NCR,10.95,11,11
COR05396,KLAR,BTX,KULPAHAR,BELA TAL,NCR,8.6,11,11
COR05397,BTX,GTI,BELA TAL,GHUTAI,NCR,11.46,11,11
COR05398,GTI,HPP,GHUTAI,HARPALPUR,NCR,10.64,11,11
COR05399,HPP,RORA,HARPALPUR,RORA,NCR,9.93,11,11
COR05400,RORA,MRPR,RORA,MAU RANIPUR,NCR,10.69,11,11
COR05401,MRPR,RNRD,MAU RANIPUR,RANIPUR ROAD,NCR,8.21,11,11
COR05402,RNRD,TKA,RANIPUR ROAD,TEHARKA,NCR,14.31,11,11
COR05403,TKA,NEW,TEHARKA,NIVARI,NCR,10.25,9,9
COR05404,NEW,BWR,NIVARI,BARWA SAGAR,NCR,9.27,11,11
COR05405,BWR,ORC,BARWA SAGAR,ORCHHA,NCR,10.35,11,11
COR05406,BQA,ANCR,BANKURA,ANCHURI,SER,10.64,23,23
COR05407,ANCR,CJN,ANCHURI,CHHATNA,SER,2.98,23,23
COR05408,SRJM,IBL,SIRJAM,INDRABIL,SER,7.14,23,23
COR05409,IBL,MYX,INDRABIL,METYAL SOHAR,SER,5.33,23,23
COR05410,MYX,ADRA,METYAL SOHAR,ADRA JN,SER,7.7,19,19
COR05411,SYC,PLP,SARAI CHANDI,PHULPUR,NR,11.33,14,14
COR05412,PLP,URPR,PHULPUR,UGRASENPUR,NR,9.95,14,14
COR05413,URPR,BYHA,UGRASENPUR,BARYA RAM,NR,3.76,14,14
COR05414,BSY,VNN,BARSATHI,BHANAUR,NR,5.71,6,6
COR05415,VNN,WRGN,BHANAUR,WARIGAON NEWADA,NR,4.1,6,6
COR05416,WRGN,MAY,WARIGAON NEWADA,MARIAHU,NR,3.23,6,6
COR05417,MAY,SPPR,MARIAHU,SHUDNIPUR,NR,5.35,6,6
COR05418,SPPR,SAF,SHUDNIPUR,SALKHAPUR,NR,5.13,6,6
COR05419,SAF,KJTW,SALKHAPUR,KAJGAON TERHWAN,NR,4.22,6,6
COR05420,JNU,MGWN,JAUNPUR JN,MAHGAWAN HALT,NR,6.06,4,4
COR05421,DYP,LMN,Daryapur,Lachhmanpur,NR,14.74,12,12
COR05422,LMN,RCP,Lachhmanpur,Ramachandrapur,NR,6.09,12,12
COR05423,RCP,UCR,Ramachandrapur,Unchahar Junction,NR,10.97,12,12
COR05424,UCR,ARKA,Unchahar Junction,Arkha,NR,4.98,11,11
COR05425,ARKA,PQN,Arkha,Pariawan Kalakankar Road,NR,5.94,11,11
COR05426,PQN,GRMR,Pariawan Kalakankar Road,Garhi Manikpur,NR,5.59,11,11
COR05427,GRMR,KHNM,Garhi Manikpur,Kunda Harnamganj,NR,13.34,11,11
COR05428,KHNM,BHDR,Kunda Harnamganj,Bhadri,NR,7.17,11,11
COR05429,BHDR,LGO,Bhadri,LalgopalGanj,NR,7.34,11,11
COR05430,LGO,RMC,LalgopalGanj,Ram Chaura Road,NR,6.75,11,11
COR05431,RMC,ARP,Ram Chaura Road,Atrampur,NR,7.21,11,11
COR05432,ARP,SPGL,Atrampur,Sarai Gopal,NR,8.11,11,11
COR05433,SPGL,PFM,Sarai Gopal,PHAPHAMAU JN,NR,5.19,11,11
COR05434,MUD,MDNR,MURADNAGAR,MODINAGAR,NR,9.94,11,11
COR05435,PKM,KAY,Periyanaikanpalayam,Karaimadai,SR,10.48,5,5
COR05436,KAY,MTP,Karaimadai,Mettupalayam,SR,7.25,5,5
COR05437,CDSL,DXD,CHANDRESAL,DIGOD,WCR,7.42,7,7
COR05438,BON,ATH,BHONRA,ANTAH,WCR,11.08,7,7
COR05439,ATH,BJK,ANTAH,BIJORA,WCR,9.08,7,7
COR05440,BAZ,CJW,BARAN,CHAJAWA,WCR,12.4,7,7
COR05441,CJW,POR,CHAJAWA,PIPALDA ROAD,WCR,6.82,2,2
COR05442,POR,ATRU,PIPALDA ROAD,ATRU,WCR,9.89,2,2
COR05443,ATRU,SYL,ATRU,SALPURA,WCR,13.62,7,7
COR05444,SYL,KOLI,SALPURA,KESHOLI,WCR,7.77,2,2
COR05445,KOLI,CAG,KESHOLI,CHHABRA GUGOR,WCR,8.04,2,2
COR05446,CAG,BLO,CHHABRA GUGOR,BHULON,WCR,12.89,7,7
COR05447,BLO,MTPC,BHULON,MOTIPURA CHAUKI,WCR,8.56,7,7
COR05448,MTPC,DHR,MOTIPURA CHAUKI,DHARNAODA,WCR,5.49,7,7
COR05449,DHR,CRKR,DHARNAODA,CHAURAKHERI,WCR,3.61,7,7
COR05450,BNVD,WSJ,BHANVAD,WANSJALIYA,WR,16.74,8,8
COR05451,PDPK,SHM,PADMAPUKAR,KOLKATA SHALIMAR,SER,1.72,10,10
COR05452,NILE,BDBP,NIMTITA,BASUDEBPUR,ER,2.78,3,3
COR05453,BDBP,DGLE,BASUDEBPUR,DHULIAN GANGA,ER,6.09,3,3
COR05454,MHRL,CDMA,Mahrail,Chandeshwarsthan,ECR,,1,1
COR05455,CDMA,VPH,Chandeshwarsthan,Vachaspati Nagar,ECR,,1,1
COR05456,KHTN,LKQ,Khutauna,Laukaha Bazar,ECR,8.49,1,1
COR05457,FTD,LOD,Fatehabad Chowk Junction,Lekoda,WR,7.85,5,5
COR05458,LOD,CNN,Lekoda,Chintaman Ganes,WR,8.92,4,4
COR05459,DHK,JDP,Dhakuria,Jadabpur,ER,2.26,5,5
COR05460,JDP,BGJT,Jadabpur,Bagha Jatin,ER,1.93,5,5
COR05461,BGJT,GIA,Bagha Jatin,Garia,ER,2.56,5,5
COR05462,GIA,NRPR,Garia,Narendrapur Halt,ER,1.93,5,5
COR05463,NRPR,SPR,Narendrapur Halt,Sonarpur Junction,ER,1.67,5,5
COR05464,SPR,BDYP,Sonarpur Junction,Bidyadharpur,ER,3.12,2,2
COR05465,BDYP,KLKR,Bidyadharpur,Kalikapur,ER,2.67,2,2
COR05466,KLKR,CHT,Kalikapur,Champahati,ER,2.23,2,2
COR05467,CHT,PLF,Champahati,Piali,ER,2.9,2,2
COR05468,PLF,GQD,Piali,Gourdaha Halt,ER,,2,2
COR05469,GQD,GOF,Gourdaha Halt,Ghutiari Sharif,ER,,2,2
COR05470,GOF,BTPG,Ghutiari Sharif,Betheria Ghola,ER,2.93,2,2
COR05471,BTPG,TLX,Betheria Ghola,Taldi,ER,3.72,2,2
COR05472,TLX,CG,Taldi,Canning,ER,6.92,2,2
COR05473,NGT,NPB,NAGAPPATTINAM,Nagapattinam Beach,SR,0.64,5,5
COR05474,NPB,VXM,Nagapattinam Beach,Vellipalayam,SR,1.36,5,5
COR05475,VXM,NCR,Vellipalayam,Nagore,SR,4.74,5,5
COR05476,DDC,DGNR,Dum Dum Cantt.,Durganagar,ER,1.77,2,2
COR05477,DGNR,BBT,Durganagar,Birati,ER,1.79,2,2
COR05478,BBT,BRPK,Birati,Bisharpara Kodaliya,ER,1.48,2,2
COR05479,BRPK,NBE,Bisharpara Kodaliya,New Barrackpore,ER,1.59,2,2
COR05480,NBE,MMG,New Barrackpore,Madhyamgram,ER,1.07,2,2
COR05481,MMG,HHR,Madhyamgram,Hridaypur,ER,2.66,2,2
COR05482,HHR,BT,Hridaypur,Barasat,ER,1.96,2,2
COR05483,MSH,LCH,MAHESANA JN,Linch,WR,9.09,3,3
COR05484,LCH,BSKN,Linch,Bhesana Manknaj,WR,3.97,2,2
COR05485,BSKN,KTRD,Bhesana Manknaj,Katosan Road,WR,13.2,2,2
COR05486,KTRD,GLD,Katosan Road,Ghelda,WR,6.87,3,3
COR05487,GLD,DTJ,Ghelda,Detroj,WR,4.27,3,3
COR05488,DTJ,BKD,Detroj,Bhankoda,WR,8.43,3,3
COR05489,BKD,JKS,Bhankoda,Jaksi,WR,5.77,3,3
COR05490,DWJ,KBE,DWARKAGANJ,KUREBHAR,NR,10.35,2,2
COR05491,BTKD,MSOD,BHARATKUND,MASODHA,NR,8.13,2,2
COR05492,DBSI,VVKP,DAYA BASTI,VIVEKANAND PURI HALT,NR,1.25,11,11
COR05493,VVKP,DKZ,VIVEKANAND PURI HALT,DELHI KISHANGANJ,NR,1.71,11,11
COR05494,GADM,BGAN,Ganga Dham,Bangain,NER,4.06,6,6
COR05495,BGAN,BEU,Bangain,Bisheshwarganj,NER,13.42,7,7
COR05496,BEU,PDR,Bisheshwarganj,Payagpur,NER,9.27,7,7
COR05497,PDR,YEAM,Payagpur,Yogendra Dham Halt,NER,7.07,9,9
COR05498,YEAM,CLW,Yogendra Dham Halt,Chilwariya,NER,4.65,9,9
COR05499,CLW,BRK,Chilwariya,Bahraich,NER,13.83,9,9
COR05500,BRK,RS,Bahraich,Risia,NER,11.93,9,9
COR05501,RS,MT,Risia,Matera,NER,11.85,9,9
COR05502,MT,NNP,Matera,Nanpara Junction,NER,9.25,9,9
COR05503,NNP,BBJ,Nanpara Junction,Babaganj,NER,12.85,4,4
COR05504,BBJ,NPR,Babaganj,Nepalganj Road,NER,6.06,4,4
COR05505,KNJ,BPD,Krishnanagar City Junction,Bahadurpur,ER,6.34,10,10
COR05506,BPD,DHU,Bahadurpur,Dhubulia,ER,5.5,10,10
COR05507,DHU,MGM,Dhubulia,Muragacha,ER,5.51,10,10
COR05508,MGM,BTY,Muragacha,Bethuadahari,ER,9.71,10,10
COR05509,BTY,SVH,Bethuadahari,Sonadanga,ER,4.25,10,10
COR05510,SVH,DEB,Sonadanga,Debagram,ER,7.26,10,10
COR05511,DEB,PCX,Debagram,Pagla Chandi,ER,6.45,10,10
COR05512,PCX,PLY,Pagla Chandi,Plassey,ER,4.35,10,10
COR05513,PLY,SRJN,Plassey,Sirajnagar Halt,ER,4.73,10,10
COR05514,SRJN,REJ,Sirajnagar Halt,Rejinagar,ER,3.69,10,10
COR05515,REJ,BEB,Rejinagar,Beldanga,ER,9.26,10,10
COR05516,BEB,BFT,Beldanga,Bhabta,ER,6.11,10,10
COR05517,BFT,SGV,Bhabta,Sargachhi,ER,3.43,10,10
COR05518,SGV,NBPH,Sargachhi,New Balarampur Halt,ER,3.74,10,10
COR05519,NBPH,BPC,New Balarampur Halt,Berhampore Court,ER,4.52,10,10
COR05520,BPC,CSZ,Berhampore Court,Cossimbazar,ER,3.7,9,9
COR05521,CSZ,MBB,Cossimbazar,Murshidabad,ER,6.26,9,9
COR05522,MBB,JJG,Murshidabad,JiaGanj,ER,7.5,9,9
COR05523,JJG,SBNM,JiaGanj,Subarnamrigi,ER,3.57,9,9
COR05524,SBNM,BQG,Subarnamrigi,Bhagwangola,ER,6.9,9,9
COR05525,BQG,PRTL,Bhagwangola,Pirtala,ER,4.15,9,9
COR05526,PRTL,KRP,Pirtala,Krishnapur,ER,5.78,9,9
COR05527,KRP,LGL,Krishnapur,Lalgola,ER,1.65,9,9
COR05528,HDM,GNL,Hirdamali,Gongle,SECR,14.39,6,6
COR05529,GNL,SNV,Gongle,Sondad,SECR,16.74,6,6
COR05530,SNV,DEW,Sondad,Dewalgaon,SECR,21.04,6,6
COR05531,DEW,AJU,Dewalgaon,Arjuni,SECR,10.17,6,6
COR05532,AJU,WDG,Arjuni,Wadegaon,SECR,7.19,6,6
COR05533,WDG,WSA,Wadegaon,Wadsa,SECR,15.72,6,6
COR05534,WSA,BMP,Wadsa,Bramhapuri,SECR,10.24,6,6
COR05535,BMP,NAB,Bramhapuri,Nagbhir Junction,SECR,17.63,6,6
COR05536,NAB,TUD,Nagbhir Junction,Talodhi Road,SECR,14.46,6,6
COR05537,TUD,AWH,Talodhi Road,Alewahi,SECR,7.85,6,6
COR05538,AWH,SYE,Alewahi,Sindewahi,SECR,11.15,6,6
COR05539,SYE,ROL,Sindewahi,Rajuli,SECR,14.3,6,6
COR05540,ROL,MME,Rajuli,Mul Marora,SECR,13.91,6,6
COR05541,MME,KEZ,Mul Marora,Kelzar,SECR,12.6,6,6
COR05542,KEZ,CAF,Kelzar,Chanda Fort,SECR,26.73,6,6
COR05543,SEPR,MNDR,SHERPUR,MANDI DHANAURA,NR,3.85,7,7
COR05544,MNDR,CPS,MANDI DHANAURA,CHANDPUR SIAU HALT,NR,19.94,3,3
COR05545,CPS,ARH,CHANDPUR SIAU HALT,AMHERA,NR,14.51,3,3
COR05546,ARH,HLDR,AMHERA,HALDAUR,NR,3.27,6,6
COR05547,HLDR,KJLU,HALDAUR,KHARI JHALU,NR,7.16,7,7
COR05548,KJLU,BJO,KHARI JHALU,BIJNOR,NR,9.2,7,7
COR05549,BJO,BSKR,BIJNOR,BASI KIRATPUR,NR,13.98,5,5
COR05550,FZR,SWX,FIROZPUR CANT,Saidanwala,NR,6.48,2,2
COR05551,SWX,DDK,Saidanwala,Dhindsa,NR,6.1,2,2
COR05552,DDK,PHS,Dhindsa,Ferozeshah,NR,4.45,2,2
COR05553,PHS,SULH,Ferozeshah,Sulhani,NR,7.92,5,5
COR05554,SULH,TWB,Sulhani,Talwandi,NR,5.71,5,5
COR05555,TWB,MSSD,Talwandi,Maheshari Sandhuan,NR,6.77,5,5
COR05556,MSSD,DAU,Maheshari Sandhuan,Dagru,NR,5.42,5,5
COR05557,DAU,MOGA,Dagru,Moga,NR,11.72,5,5
COR05558,MOGA,PMH,Moga,Parao Mahna,NR,9.98,5,5
COR05559,PMH,AJL,Parao Mahna,Ajitwal,NR,6.42,5,5
COR05560,AJL,NNKR,Ajitwal,Nanaksar,NR,7.67,5,5
COR05561,NNKR,JGN,Nanaksar,Jagraon,NR,5.05,5,5
COR05562,JGN,CKM,Jagraon,Chauki Man,NR,9.0,5,5
COR05563,CKM,MLX,Chauki Man,Mullanpur,NR,9.83,5,5
COR05564,MLX,BQH,Mullanpur,Bhanohad Punjab,NR,4.53,5,5
COR05565,BQH,BWZ,Bhanohad Punjab,Baddowal,NR,3.35,5,5
COR05566,BWZ,MG,Baddowal,Modelgram,NR,9.5,5,5
COR05567,NRWI,SURP,Narwasi,Suratpura,NWR,,4,4
COR05568,RCA,MCLA,Rentachintala,Macherla,SCR,14.54,3,3
COR05569,STA,TZR,SATNA,TURKI ROAD,WCR,29.4,2,2
COR05570,TZR,REWA,TURKI ROAD,REWA,WCR,13.52,2,2
COR05571,DKZ,DLI,DELHI KISHANGANJ,OLD DELHI,NR,2.66,8,8
COR05572,SKTN,KRSL,Shakti Nagar,Krishnashilla,ECR,7.39,2,2
COR05573,KRSL,ANPR,Krishnashilla,Anpara,ECR,6.94,2,2
COR05574,ANPR,SGRL,Anpara,SINGRAULI,ECR,12.6,2,2
COR05575,ROK,GHNA,ROHTAK JN,GOHANA,NR,29.72,2,2
COR05576,GHNA,NLH,GOHANA,NAULTHA,NR,27.78,2,2
COR05577,BNDA,ICL,BANDA JN,Ichauli,NCR,16.52,6,6
COR05578,ICL,AKW,Ichauli,Akora,NCR,11.02,6,6
COR05579,AKW,RGU,Akora,Ragaul,NCR,8.21,6,6
COR05580,RGU,IGTA,Ragaul,Ingohta,NCR,7.95,6,6
COR05581,IGTA,BSZ,Ingohta,Bharwa Sumerpur,NCR,8.5,6,6
COR05582,BSZ,JSB,Bharwa Sumerpur,Yamuna South Bank,NCR,10.41,6,6
COR05583,JSB,DPSR,Yamuna South Bank,Dapsaura,NCR,9.33,6,6
COR05584,DPSR,HAR,Dapsaura,Hamirpur Road,NCR,3.87,6,6
COR05585,HAR,GTM,Hamirpur Road,Ghatampur,NCR,15.07,6,6
COR05586,GTM,PTRE,Ghatampur,Patara,NCR,9.44,6,6
COR05587,PTRE,KTRR,Patara,Kathara Road,NCR,9.02,6,6
COR05588,KTRR,SIRA,Kathara Road,Sirhi Itara,NCR,6.48,6,6
COR05589,RGX,RGA,Raghunathbari,Rajgoda,SER,7.81,8,8
COR05590,RGA,SMTG,Rajgoda,Saheed Matangini,SER,4.95,8,8
COR05591,SMTG,TMZ,Saheed Matangini,Tamluk,SER,3.12,8,8
COR05592,MYL,LMD,MALLIYALA,LINGANENIDODDI,SCR,7.87,25,25
COR05593,LMD,PDL,LINGANENIDODDI,PENDEKALLU,SCR,6.64,25,25
COR05594,PDL,EDD,PENDEKALLU,EDDULADODDI,SCR,7.92,16,16
COR05595,EDD,TGL,EDDULADODDI,TUGGALI,SCR,6.74,16,16
COR05596,TGL,MKR,TUGGALI,MADDIKERA,SCR,14.09,16,16
COR05597,MKR,MLGT,MADDIKERA,MALLAPPA GATE,SCR,4.38,16,16
COR05598,MIH,MGWN,MIHRAWAN,MAHGAWAN HALT,NR,6.0,21,24
COR05599,MGWN,KS,MAHGAWAN HALT,KHETA SARAI,NR,16.53,17,20
COR05600,KS,JNU,KHETA SARAI,JAUNPUR JN,NR,22.59,16,16
COR05601,DUMK,MDNP,Dumka,Madanpur Halt,ER,,2,2
COR05602,MDNP,JAMA,Madanpur Halt,Jama,ER,,2,2
COR05603,JAMA,BSKH,Jama,Basukinath,ER,11.21,2,2
COR05604,BSKH,CNPI,Basukinath,Chandanpahari,ER,9.47,2,2
COR05605,CNPI,GRMA,Chandanpahari,Ghormara,ER,9.97,2,2
COR05606,GRMA,MHUR,Ghormara,Mohanpur,ER,9.44,2,2
COR05607,MHUR,DGHR,Mohanpur,Deoghar,ER,9.33,2,2
COR05608,AKU,SJL,ANGALAKUDURU,SANGAM JAGARLAMUDI,SCR,4.12,13,13
COR05609,SJL,VJA,SANGAM JAGARLAMUDI,VEJANDLA,SCR,5.52,13,13
COR05610,ADRA,SNKR,ADRA JN,Sanka,SER,6.89,7,7
COR05611,SNKR,RUI,Sanka,Rukni,SER,7.48,7,7
COR05612,RUI,SNTD,Rukni,Santaldih,SER,8.28,7,7
COR05613,SNTD,BJE,Santaldih,Bhojudih Junction,SER,6.26,7,7
COR05614,BJE,SDMD,Bhojudih Junction,Sudamdih,SER,1.53,4,4
COR05615,SDMD,PEH,Sudamdih,Pathardih Junction,SER,2.41,1,1
COR05616,PEH,SDBH,Pathardih Junction,Sindri Block Hut,ECR,2.32,1,1
COR05617,SDBH,RKJE,Sindri Block Hut,Rakhitpur,ECR,5.76,5,5
COR05618,CIV,ZPI,Chinnaravuru,Zampini,SCR,6.8,3,3
COR05619,ZPI,VMU,Zampini,Vemuru,SCR,3.89,3,3
COR05620,VMU,PUMU,Vemuru,Penumarru,SCR,6.26,3,3
COR05621,PUMU,BQU,Penumarru,Bhattiprolu,SCR,3.15,3,3
COR05622,BQU,POA,Bhattiprolu,Palikona,SCR,5.16,3,3
COR05623,POA,RAL,Palikona,Repalle,SCR,5.37,3,3
COR05624,KLMC,NVRD,KALAMBOLI,NAVADE ROAD,CR,2.26,12,12
COR05625,JOBA,SKBR,JOBA,SHANKARPUR BHADAURA,WCR,17.2,1,1
COR05626,MWJ,BSDL,MARWASGRAM,BHARSENDI,WCR,23.73,1,1
COR05627,NWB,SSGJ,NIWAS ROAD,SURSARAIGHAT JH,WCR,11.83,1,1
COR05628,SK,SALI,SAKHUN,SALI,NWR,6.93,32,32
COR05629,SALI,GLTA,SALI,GAHLOTA,NWR,7.36,32,32
COR05630,GLTA,TL,GAHLOTA,TILONIYA,NWR,3.97,32,32
COR05631,KSG,GEK,KISHANGARH,GEGAL AKHRI,NWR,9.62,32,32
COR05632,GEK,LR,GEGAL AKHRI,LADPURA,NWR,6.14,32,32
COR05633,LR,MD,LADPURA,MADAR,NWR,6.02,32,32
COR05634,MD,AII,MADAR,AJMER JN,NWR,5.04,32,32
COR05635,MUE,BMBE,MUDKHED,BIMBARI,SCR,12.89,5,5
COR05636,BOKR,DVN,BHOKAR,DEVTHANA,SCR,7.17,5,5
COR05637,HDGR,HEM,HADGAON ROAD,HIMAYATNAGAR,SCR,17.96,5,5
COR05638,JBP,DOE,JABALPUR,DEORI,WCR,16.05,6,6
COR05639,MDRR,KTE,MADHAVNAGAR ROA,KATNI,WCR,5.23,6,6
COR05640,HIL,EKR,Hilsa,Ekangarsarai,ECR,11.47,3,3
COR05641,EKR,IPR,Ekangarsarai,Islampur,ECR,9.45,3,3
COR05642,SOG,BNSR,SURATGARH JN,BHAGWANSAR,NWR,5.09,2,2
COR05643,BNSR,SRPR,BHAGWANSAR,SARUPSAR JN,NWR,16.02,1,1
COR05644,SRPR,KYNT,SARUPSAR JN,KALYANKOT,NWR,8.25,2,2
COR05645,KYNT,SBNR,KALYANKOT,SHRI VIJAINAGAR,NWR,12.79,2,2
COR05646,KRBA,URGA,Korba,Urga,SECR,8.33,7,7
COR05647,URGA,SRBA,Urga,Saragbundia,SECR,5.96,7,7
COR05648,SRBA,MWRN,Saragbundia,Madwarani,SECR,5.64,7,7
COR05649,MWRN,KTHD,Madwarani,Kothari Road,SECR,0.99,7,7
COR05650,KTHD,BPRH,Kothari Road,Balpur Halt,SECR,4.88,7,7
COR05651,AZ,DHPD,AZIMGANJ JN,DHAPARA DHAM,ER,2.8,3,3
COR05652,NLSF,KGLE,NIYALISH PARA,KHAGRAGHAT ROAD,ER,5.88,3,3
COR05653,KWAE,DHAE,KATWA,DAINHAT,ER,6.35,3,3
COR05654,BME,UTL,BARMER,UTARLAI,NWR,6.74,8,8
COR05655,UTL,KVA,UTARLAI,KAVAS,NWR,12.96,8,8
COR05656,KVA,BSDA,KAVAS,BANIYA SANDA DHORA,NWR,13.02,8,8
COR05657,BSDA,BUT,BANIYA SANDA DHORA,BAYTU,NWR,10.84,8,8
COR05658,BUT,BMQ,BAYTU,BHIMARLAI,NWR,11.32,8,8
COR05659,BMQ,GOLE,BHIMARLAI,GOLE,NWR,11.83,8,8
COR05660,GOLE,TWL,GOLE,TILWARA,NWR,7.81,8,8
COR05661,TWL,KHTX,TILWARA,KHED TEMPLE HALT,NWR,3.21,8,8
COR05662,KHTX,BLT,KHED TEMPLE HALT,BALOTRA JN,NWR,15.29,8,8
COR05663,BLT,JNE,BALOTRA JN,JANIYANA,NWR,8.77,8,8
COR05664,JNE,PRU,JANIYANA,PARLU,NWR,9.58,8,8
COR05665,PRU,SMR,PARLU,SAMDHARI JN,NWR,14.2,8,8
COR05666,SMR,AJIT,SAMDHARI JN,AJIT,NWR,10.81,11,11
COR05667,AJIT,MNKB,AJIT,MIYONKA BARA,NWR,5.25,11,11
COR05668,MNKB,DOR,MIYONKA BARA,DUNDARA,NWR,7.31,11,11
COR05669,DOR,DUK,DUNDARA,DUDIA,NWR,11.36,11,11
COR05670,DUK,SUT,DUDIA,SUTLANA,NWR,6.38,11,11
COR05671,SUT,LUNI,SUTLANA,LUNI JN,NWR,6.18,11,11
COR05672,GJN,KLYT,Gajner,Kolayat,NWR,15.31,3,3
COR05673,KJTW,SAF,KAJGAON TERHWAN,SALKHAPUR,NR,4.22,6,6
COR05674,SAF,SPPR,SALKHAPUR,SHUDNIPUR,NR,5.13,6,6
COR05675,SPPR,MAY,SHUDNIPUR,MARIAHU,NR,5.35,6,6
COR05676,MAY,WRGN,MARIAHU,WARIGAON NEWADA,NR,3.23,6,6
COR05677,WRGN,VNN,WARIGAON NEWADA,BHANAUR,NR,4.1,6,6
COR05678,VNN,BSY,BHANAUR,BARSATHI,NR,5.71,6,6
COR05679,BSY,JUA,BARSATHI,JARAUNA,NR,7.54,4,4
COR05680,SYC,THW,SARAI CHANDI,THARWAI,NR,6.51,2,2
COR05681,THW,PFM,THARWAI,PHAPHAMAU JN,NR,5.12,2,2
COR05682,GHQ,MQX,GARHWA,MERALGRAM,ECR,10.78,11,11
COR05683,MQX,RMF,MERALGRAM,RAMNA,ECR,11.56,11,11
COR05684,RMF,NUQ,RAMNA,NAGAR UNTARI,ECR,10.6,11,11
COR05685,NUQ,WDM,NAGAR UNTARI,WYNDHAMGANJ,ECR,11.66,11,11
COR05686,WDM,MXY,WYNDHAMGANJ,MAHUARIYA,ECR,10.08,11,11
COR05687,MXY,DXN,MAHUARIYA,DUDDHINAGAR,ECR,9.73,11,11
COR05688,DXN,JRQ,DUDDHINAGAR,JHAROKHAS,ECR,6.26,10,10
COR05689,JRQ,RNQ,JHAROKHAS,RENUKUT,ECR,12.88,9,9
COR05690,RNQ,BXLL,RENUKUT,BILLI,ECR,27.92,9,9
COR05691,CPU,AGY,CHOPAN,AGORI KHAS,ECR,9.93,9,9
COR05692,AGY,CUK,AGORI KHAS,CHURK,NCR,7.38,8,8
COR05693,CUK,RBGJ,CHURK,ROBERTS GANJ,NCR,4.52,8,8
COR05694,RBGJ,KHRY,ROBERTS GANJ,KHAIRAHI,NCR,16.16,9,9
COR05695,KHRY,LUSA,KHAIRAHI,LUSA,NCR,16.59,9,9
COR05696,LUSA,SKGH,LUSA,SAKTESGARH,NCR,13.87,8,8
COR05697,KALI,KXK,Kaili,Kharkhauda,NR,5.51,5,5
COR05698,KXK,NRNR,Kharkhauda,Nurnagar,NR,9.46,2,2
COR05699,NRNR,MTC,Nurnagar,MEERUT CITY,NR,7.84,4,4
COR05700,SOE,DTQ,Sheopur Kalan,Dantarda Kalan,NCR,9.85,2,2
COR05701,DTQ,GIW,Dantarda Kalan,Girdharpur,NCR,12.19,2,2
COR05702,GIW,KJP,Girdharpur,Khojeepura,NCR,9.86,2,2
COR05703,KJP,SEX,Khojeepura,Seroni Road,NCR,4.4,2,2
COR05704,SEX,TKLN,Seroni Road,Tarrakalan,NCR,3.53,2,2
COR05705,TKLN,IKD,Tarrakalan,Ikdori,NCR,8.3,2,2
COR05706,IKD,SPRA,Ikdori,Sillipur,NCR,10.3,2,2
COR05707,SPRA,BIB,Sillipur,Birpur,NCR,16.44,2,2
COR05708,BIB,KAKN,Birpur,Kaimarkalan,NCR,5.37,2,2
COR05709,KAKN,BJPR,Kaimarkalan,Bijaipur Road,NCR,8.57,2,2
COR05710,BJPR,RMPH,Bijaipur Road,Rampahari,NCR,6.77,2,2
COR05711,RMPH,SBL,Rampahari,Sabalgarh,NCR,5.4,2,2
COR05712,CRKR,DHR,CHAURAKHERI,DHARNAODA,WCR,3.61,6,6
COR05713,DHR,MTPC,DHARNAODA,MOTIPURA CHAUKI,WCR,5.49,7,7
COR05714,MTPC,BLO,MOTIPURA CHAUKI,BHULON,WCR,8.56,7,7
COR05715,BLO,CAG,BHULON,CHHABRA GUGOR,WCR,12.89,7,7
COR05716,CAG,SYL,CHHABRA GUGOR,SALPURA,WCR,15.8,5,5
COR05717,SYL,ATRU,SALPURA,ATRU,WCR,13.62,7,7
COR05718,ATRU,CJW,ATRU,CHAJAWA,WCR,16.72,3,3
COR05719,CJW,BAZ,CHAJAWA,BARAN,WCR,12.4,7,7
COR05720,BAZ,BJK,BARAN,BIJORA,WCR,12.26,4,4
COR05721,BJK,ATH,BIJORA,ANTAH,WCR,9.08,7,7
COR05722,ATH,BON,ANTAH,BHONRA,WCR,11.08,7,7
COR05723,BON,CDSL,BHONRA,CHANDRESAL,WCR,25.95,3,3
COR05724,NWA,PNJ,Nagarwara,Padriganj,SECR,11.88,4,4
COR05725,KDHI,GRG,Kaladehi,Guwarighat,SECR,27.4,4,4
COR05726,SXR,TUY,SERNDANUR,THIRUTHURAIYUR,SR,5.35,10,10
COR05727,TUY,PRT,THIRUTHURAIYUR,PANRUTI,SR,6.04,10,10
COR05728,PRT,MBU,PANRUTI,MELPATTAM BAKKAM,SR,7.49,10,10
COR05729,MBU,NPM,MELPATTAM BAKKAM,NELLAIKUPPAM,SR,4.66,10,10
COR05730,NPM,VKP,NELLAIKUPPAM,VARAKALPATTU,SR,4.42,10,10
COR05731,VKP,TDPR,VARAKALPATTU,TIRUPADRIPULYUR,SR,5.69,10,10
COR05732,TDPR,CUD,TIRUPADRIPULYUR,TIRUPPAPPULIYUR,SR,0.01,10,10
COR05733,CUD,CUPJ,TIRUPPAPPULIYUR,CUDDALORE PORT,SR,4.0,10,10
COR05734,CUPJ,CQS,CUDDALORE PORT,CAPPER QUARRY,SR,2.67,10,10
COR05735,CQS,ALP,CAPPER QUARRY,ALAPAKAM,SR,9.01,10,10
COR05736,ALP,PUC,ALAPAKAM,PUDUCHATIRAM,SR,8.6,10,10
COR05737,PUC,PO,PUDUCHATIRAM,PARANGIPETTAI,SR,7.11,10,10
COR05738,PO,KII,PARANGIPETTAI,KILLE,SR,4.61,10,10
COR05739,KII,CDM,KILLE,CHIDAMBARAM,SR,5.54,10,10
COR05740,CDM,VMP,CHIDAMBARAM,VALLAMPADUGAI,SR,4.63,10,10
COR05741,VMP,CLN,VALLAMPADUGAI,KOLLIDAM,SR,2.23,10,10
COR05742,CLN,ARS,KOLLIDAM,ARASUR,SR,6.96,10,10
COR05743,ARS,SY,ARASUR,SIRKAZHI,SR,3.36,10,10
COR05744,SY,VDL,SIRKAZHI,VITHISVARANKOL,SR,5.52,10,10
COR05745,VDL,ANP,VITHISVARANKOL,ANANDTANDAVPUR,SR,7.65,10,10
COR05746,ANP,NID,ANANDTANDAVPUR,NIDUR,SR,2.31,10,10
COR05747,NID,MV,NIDUR,MAYILADUTURAI JN,SR,3.98,10,10
COR05748,KRMG,TNLR,Kumaramangalam,Thondaimanallur,SR,8.45,5,5
COR05749,TNLR,KRUR,Thondaimanallur,Keeranur,SR,6.89,5,5
COR05750,KRUR,KUTR,Keeranur,Kulathur,SR,0.72,5,5
COR05751,KUTR,NTM,Kulathur,Narthamalai,SR,7.3,5,5
COR05752,NTM,VEL,Narthamalai,Vellanur,SR,4.47,5,5
COR05753,VEL,PDKT,Vellanur,Pudukkottai,SR,10.54,5,5
COR05754,PDKT,NMN,Pudukkottai,Namanasamudram,SR,5.67,5,5
COR05755,NMN,TYM,Namanasamudram,Tirumayam,SR,9.27,5,5
COR05756,TYM,CTND,Tirumayam,Chettinad,SR,9.67,5,5
COR05757,CTND,KTYR,Chettinad,Kottaiyur,SR,5.52,5,5
COR05758,KTYR,KKDI,Kottaiyur,Karaikkudi Junction,SR,4.9,5,5
COR05759,KKDI,DKO,Karaikkudi Junction,Devakottai Road,SR,4.87,5,5
COR05760,DKO,KAL,Devakottai Road,Kallai,SR,12.05,5,5
COR05761,KAL,PNGI,Kallai,Panangudi,SR,8.88,5,5
COR05762,PNGI,NTS,Panangudi,Nattrasankottai,SR,9.02,5,5
COR05763,NTS,SVGA,Nattrasankottai,Sivaganga,SR,5.55,5,5
COR05764,SVGA,MEKM,Sivaganga,Melakkonnakkulam,SR,14.71,5,5
COR05765,MEKM,MNME,Melakkonnakkulam,Manamadurai East,SR,3.27,5,5
COR05766,MNME,MNM,Manamadurai East,MANAMADURAI JN,SR,1.81,5,5
COR05767,FKG,GLGT,FURKATING JN,Golaghat,NFR,6.32,3,3
COR05768,GLGT,MOBD,Golaghat,Moabund,NFR,20.91,1,1
COR05769,MOBD,RWH,Moabund,Rowriah Sdg,NFR,11.63,1,1
COR05770,RWH,JTTN,Rowriah Sdg,Jorhat Town,NFR,5.47,3,3
COR05771,CLR,DWF,CASTLE ROCK,DUDH SAGAR WATER FALLS,SWR,9.65,2,2
COR05772,DWF,QLM,DUDH SAGAR WATER FALLS,KULEM,SWR,7.83,2,2
COR05773,CNR,MJO,CHANDAR,MAJORDA,SWR,14.52,4,4
COR05774,UMPD,KR,Umarpada,Kevdi,WR,,1,1
COR05775,KR,ZKV,Kevdi,Zankhvav,WR,,1,1
COR05776,ZKV,VKL,Zankhvav,Vankal,WR,9.05,1,1
COR05777,VKL,MNGV,Vankal,Mota Miya Mangrol,WR,,1,1
COR05778,MNGV,KSAI,Mota Miya Mangrol,Kosadi Halt,WR,,1,1
COR05779,KSAI,SMDR,Kosadi Halt,Simodara,WR,,1,1
COR05780,SMDR,ASM,Simodara,Asarma,WR,,1,1
COR05781,ASM,LMB,Asarma,Limbara,WR,,1,1
COR05782,LMB,VLC,Limbara,Velachha,WR,,1,1
COR05783,MSH,PHC,MAHESANA JN,PANCHOT,WR,6.15,5,5
COR05784,PHC,DHJ,PANCHOT,DHINOJ,WR,7.13,5,5
COR05785,DHJ,MRD,DHINOJ,Manund,WR,,4,4
COR05786,MRD,RUJ,Manund,RANUJ,WR,,4,4
COR05787,RUJ,PTN,RANUJ,PATAN,WR,13.47,4,4
COR05788,MKRL,NRUR,Moti Koral,Nareshwar Road,WR,,1,1
COR05789,NRUR,SNAD,Nareshwar Road,Saniyad,WR,,1,1
COR05790,SNAD,BCHR,Saniyad,Bachar,WR,,1,1
COR05791,BCHR,CRND,Bachar,Choranda Junction,WR,,1,1
COR05792,CRND,BRTL,Choranda Junction,Bharthali,WR,,3,3
COR05793,MFR,LMU,Mandla Fort,Limarua,SECR,6.9,2,2
COR05794,LMU,BIV,Limarua,Bamhani Banjur,SECR,9.83,2,2
COR05795,BIV,SAKA,Bamhani Banjur,Simariya Kajanwada,SECR,0.08,2,2
COR05796,SAKA,CID,Simariya Kajanwada,Chiraidongri,SECR,4.98,2,2
COR05797,CID,RAMP,Chiraidongri,Rampuri,SECR,2.89,2,2
COR05798,RAMP,JGZ,Rampuri,Jamgaon,SECR,6.27,2,2
COR05799,JGZ,NIR,Jamgaon,Nainpur Junction,SECR,9.3,2,2
COR05800,HMH,DBI,HANUMANGARH JN,DABLI RATHAN,NWR,13.09,10,10
COR05801,DBI,PGK,DABLI RATHAN,PILI BANGAN,NWR,12.62,10,10
COR05802,PGK,AMPR,PILI BANGAN,AMARPURA RATHAN,NWR,0.06,10,10
COR05803,AMPR,RMH,AMARPURA RATHAN,RANGMAHAL,NWR,13.28,10,10
COR05804,RMH,SOG,RANGMAHAL,SURATGARH JN,NWR,11.19,10,10
COR05805,SOG,BDWL,SURATGARH JN,BIRADHWAL,NWR,16.72,9,9
COR05806,BDWL,RJS,BIRADHWAL,RAJIYASAR,NWR,12.98,10,10
COR05807,RJS,AS,RAJIYASAR,ARJANSAR,NWR,15.15,10,10
COR05808,AS,MHJ,ARJANSAR,MAHAJAN,NWR,15.76,10,10
COR05809,MHJ,MLC,MAHAJAN,MALKISAR,NWR,15.46,10,10
COR05810,MLC,NTZ,MALKISAR,NATHWANA,NWR,11.18,10,10
COR05811,NTZ,LKS,NATHWANA,LUNKARANSAR,NWR,10.39,10,10
COR05812,LKS,DLC,LUNKARANSAR,DALMERA,NWR,11.93,10,10
COR05813,DLC,DHRR,DALMERA,DHIRERA,NWR,7.21,10,10
COR05814,DHRR,JDL,DHIRERA,JAGDEVWALA,NWR,16.77,9,9
COR05815,KNSR,LGH,KANASAR,LALGARH JN,NWR,11.42,10,10
COR05816,PFM,SYC,PHAPHAMAU JN,SARAI CHANDI,NR,11.48,7,7
COR05817,ROK,LHLL,ROHTAK JN,Lahli,NR,13.69,11,11
COR05818,LHLL,KLNK,Lahli,Kalanaur Kalan,NWR,5.84,11,11
COR05819,KLNK,KHRK,Kalanaur Kalan,Kharak,NWR,7.89,11,11
COR05820,KHRK,BMLL,Kharak,Bamla,NWR,6.32,11,11
COR05821,BMLL,BNWC,Bamla,Bhiwani City,NWR,9.75,11,11
COR05822,BNWC,BNW,Bhiwani City,Bhiwani,NWR,3.54,11,11
COR05823,ULL,MAJN,ULLAL,MANGALORE JN,SR,8.77,4,4
COR05824,MULK,PDD,MULKI,PADUBIDRI,KR,14.83,5,5
COR05825,PDD,UD,PADUBIDRI,UDUPI,KR,15.5,5,5
COR05826,BTJL,BTKL,BHATKAL,Bhatkal,KR,0.26,5,5
COR05827,BTKL,CTTP,Bhatkal,CHITRAPUR HALT,KR,6.39,5,5
COR05828,AT,CNO,ASNOTI,CANCONA,KR,18.61,4,4
COR05829,PEN,RSYI,PEN,RASAYANI,CR,18.9,2,2
COR05830,AYU,JPZ,ABHAYAPURI ASSAM,JOGIGHOPA,NFR,14.36,5,5
COR05831,DDNI,RGJI,DUDHNOI,RANGJULI,NFR,19.45,5,5
COR05832,DPRA,BOKO,DHUP DHARA,BOKO,NFR,15.52,5,5
COR05833,BOKO,CGON,BOKO,CHAYGAON,NFR,18.94,5,5
COR05834,RT,KAI,ROHAT,KAIRLA,NWR,12.97,1,1
COR05835,KAI,BOM,KAIRLA,BOMADRA,NWR,25.53,1,1
COR05836,PNU,CDQ,PALANPUR JN,CHADOTAR,WR,5.94,4,4
COR05837,CDQ,CDS,CHADOTAR,CHANDISAR,WR,6.55,4,4
COR05838,CDS,DISA,CHANDISAR,DISA,WR,13.93,1,1
COR05839,DISA,BLDI,DISA,BHILDI,WR,18.03,1,1
COR05840,BLDI,JNZ,BHILDI,Jenal,WR,15.1,3,3
COR05841,JNZ,RXN,Jenal,Ramsan,NWR,8.74,3,3
COR05842,RXN,DQN,Ramsan,Dhanera,NWR,11.2,3,3
COR05843,DQN,JARI,Dhanera,Jari,NWR,9.45,3,3
COR05844,JARI,MSQ,Jari,Marwar Ratanpur,NWR,13.05,2,2
COR05845,MSQ,RNV,Marwar Ratanpur,Raniwara,NWR,10.15,3,3
COR05846,RNV,MBW,Raniwara,Malwara,NWR,8.35,3,3
COR05847,MBW,KOF,Malwara,Marwar Kori,NWR,12.53,3,3
COR05848,KOF,MBNL,Marwar Kori,Marwar Bhinmal,NWR,9.86,3,3
COR05849,MBNL,LDM,Marwar Bhinmal,Ledarmer,NWR,9.45,3,3
COR05850,LDM,BIPR,Ledarmer,Bheempura,NWR,9.42,3,3
COR05851,BIPR,MON,Bheempura,Modran,NWR,8.51,3,3
COR05852,MON,BK,Modran,Bakra Road,NWR,4.93,3,3
COR05853,BK,MBGA,Bakra Road,Marwar Bagra,NWR,10.69,3,3
COR05854,MBGA,JNX,Marwar Bagra,Jagnath Road Halt,NWR,7.74,3,3
COR05855,JNX,JOR,Jagnath Road Halt,Jalor,NWR,9.28,3,3
COR05856,JOR,BISH,Jalor,Bishengarh,NWR,12.09,3,3
COR05857,BISH,BAWA,Bishengarh,Balwara,NWR,6.38,3,3
COR05858,BAWA,MKSR,Balwara,Mokalsar,NWR,14.07,3,3
COR05859,MKSR,RHI,Mokalsar,Rakhi,NWR,7.78,3,3
COR05860,RHI,BMSN,Rakhi,Bamsin,NWR,8.49,3,3
COR05861,BMSN,SMR,Bamsin,SAMDHARI JN,NWR,8.74,3,3
COR05862,JHL,KAGR,JAKHAL JN,KAGANGARH,NR,9.24,8,8
COR05863,KAGR,BRZ,KAGANGARH,BARETA,NR,5.02,8,8
COR05864,BRZ,DTW,BARETA,DATEWAS,NR,8.22,8,8
COR05865,DTW,BLZ,DATEWAS,BUDHLADA,NR,7.19,8,8
COR05866,BLZ,NPX,BUDHLADA,NARINDARPURA,NR,7.82,8,8
COR05867,NPX,MSZ,NARINDARPURA,MANSA,NR,8.26,8,8
COR05868,MSZ,SSZ,MANSA,SADDA SINGHWALA,NR,8.63,8,8
COR05869,SSZ,KTKL,SADDA SINGHWALA,KOTLI KALAN,NR,2.99,8,8
COR05870,KTKL,MAUR,KOTLI KALAN,MAUR,NR,7.14,8,8
COR05871,MAUR,MASK,MAUR,MAISAR KHANA,NR,9.46,8,8
COR05872,MASK,KTF,MAISAR KHANA,KOT FATTEH,NR,5.45,8,8
COR05873,KTF,KZW,KOT FATTEH,KATAR SINGHWALA,NR,8.29,7,7
COR05874,KZW,BTI,KATAR SINGHWALA,BHATINDA JN,NR,9.76,8,8
COR05875,KKP,GZS,KOT KAPURA,GIANI ZAIL SINGH SANDHWAN,NR,4.23,10,10
COR05876,GZS,FDK,GIANI ZAIL SINGH SANDHWAN,FARIDKOT,NR,8.6,10,10
COR05877,FDK,PKZ,FARIDKOT,PIPLI PAKHI KALAN,NR,6.17,10,10
COR05878,PKZ,GHA,PIPLI PAKHI KALAN,GOLEHWALA,NR,6.92,10,10
COR05879,GHA,KBU,GOLEHWALA,KASU BEGU,NR,8.07,10,10
COR05880,KBU,FZR,KASU BEGU,FIROZPUR CANT,NR,10.8,10,10
COR05881,ITE,BWP,Intiyathok,Bhawanipur Kalan,NER,20.55,3,3
COR05882,BWP,BLP,Bhawanipur Kalan,Balrampur,NER,0.05,3,3
COR05883,BNY,MHBG,Barhni,Mahadev Buzurg,NER,9.56,2,2
COR05884,MHBG,PRZ,Mahadev Buzurg,Parsa,NER,3.79,2,2
COR05885,PRZ,MHBZ,Parsa,Mahtha Bazar,NER,6.84,2,2
COR05886,MHBZ,SOT,Mahtha Bazar,Shohratgarh,NER,2.21,2,2
COR05887,DLI,DKZ,OLD DELHI,DELHI KISHANGANJ,NR,2.66,8,8
COR05888,DKZ,VVKP,DELHI KISHANGANJ,VIVEKANAND PURI HALT,NR,1.71,12,12
COR05889,VVKP,DBSI,VIVEKANAND PURI HALT,DAYA BASTI,NR,1.25,12,12
COR05890,MDNR,GUH,MODINAGAR,GULDHAR,NR,17.84,17,17
COR05891,NRI,SK,NARAINA,SAKHUN,NWR,12.02,28,28
COR05892,TL,KSG,TILONIYA,KISHANGARH,NWR,10.55,28,28
COR05893,FTD,OSRA,Fatehabad Chowk Junction,Osra,WR,21.71,7,7
COR05894,OSRA,GPX,Osra,Gautampura Road,WR,10.26,7,7
COR05895,GPX,PJH,Gautampura Road,Pirjhalar,WR,16.76,7,7
COR05896,PJH,BNG,Pirjhalar,Barnagar,WR,26.84,7,7
COR05897,BNG,SNBD,Barnagar,Sunderabad,WR,,7,7
COR05898,SNBD,RNJ,Sunderabad,Runija,WR,,7,7
COR05899,RNJ,PRNG,Runija,Pritam Nagar,WR,,7,7
COR05900,PRNG,NGW,Pritam Nagar,Nauganwan,WR,,7,7
COR05901,KJME,UKA,KAJORAGRAM,UKHRA,ER,6.48,5,5
COR05902,UKA,PAW,UKHRA,PANDABESWAR,ER,7.93,10,10
COR05903,PAW,BMGA,PANDABESWAR,BHIMGARA,ER,2.98,10,10
COR05904,BMGA,PCR,BHIMGARA,PANCHRA,ER,6.0,10,10
COR05905,PCR,DUJ,PANCHRA,DUBRAJPUR,ER,6.07,10,10
COR05906,DUJ,CPLE,DUBRAJPUR,CHINPAI,ER,9.24,10,10
COR05907,CPLE,SURI,CHINPAI,SIURI,ER,9.23,5,5
COR05908,BDE,JJW,Bodeli,Jojwa,WR,7.86,4,4
COR05909,JJW,CCP,Jojwa,Chhuchhapura Junction,WR,6.53,4,4
COR05910,CCP,SAK,Chhuchhapura Junction,Sak Bahadurpur,WR,5.39,3,3
COR05911,SAK,AMLP,Sak Bahadurpur,Amalpur,WR,5.64,3,3
COR05912,AMLP,VAN,Amalpur,Vadhvana,WR,2.39,4,4
COR05913,VAN,DB,Vadhvana,Dabhoi Junction,WR,7.57,4,4
COR05914,DB,TWV,Dabhoi Junction,Thuwavi,WR,3.92,3,3
COR05915,TWV,BILP,Thuwavi,Bhilpur,WR,7.61,3,3
COR05916,BILP,KDHL,Bhilpur,Kundhela,WR,5.59,3,3
COR05917,KDHL,KEP,Kundhela,Kelanpur,WR,0.73,3,3
COR05918,KEP,PRTN,Kelanpur,Pratapnagar,WR,8.7,3,3
COR05919,AFR,DUB,ASAFPUR,DABTARA,NR,9.3,8,8
COR05920,DUB,AO,DABTARA,AONLA,NR,19.19,5,5
COR05921,AKE,MZL,AKANAPET,MIRZAPALI,SCR,10.52,14,14
COR05922,CAER,TLV,CHHANERA,TALVADYA,WCR,27.53,2,2
COR05923,TLV,KNW,TALVADYA,KHANDWA,WCR,14.84,2,2
COR05924,AWR,OTD,ALWAR,Ootwar,NWR,13.25,3,3
COR05925,OTD,RAH,Ootwar,Ramgarh,NCR,9.51,3,3
COR05926,RAH,JBS,Ramgarh,Jadoli Ka Bas,NCR,8.01,3,3
COR05927,JBS,GVH,Jadoli Ka Bas,Govind Garh,NCR,11.46,3,3
COR05928,GVH,BINR,Govind Garh,Brij Nagar,NCR,12.04,3,3
COR05929,BINR,BEDM,Brij Nagar,Bedham,NCR,11.92,3,3
COR05930,BEDM,DEEG,Bedham,Deeg,NCR,11.92,3,3
COR05931,DEEG,GDO,Deeg,Goverdhan,NCR,14.04,3,3
COR05932,NPS,SDF,Napasar,Sudsar,NWR,22.06,2,2
COR05933,SDF,BS,Sudsar,Banisar,NWR,12.39,2,2
COR05934,BS,SDGH,Banisar,Sri Dungargarh,NWR,11.04,2,2
COR05935,SDGH,BIGA,Sri Dungargarh,Bigga,NWR,19.14,2,2
COR05936,BIGA,BGRM,Bigga,Biggabas Ramsara,NWR,0.03,2,2
COR05937,BGRM,RJR,Biggabas Ramsara,Rajaldesar,NWR,27.15,2,2
COR05938,RJR,RTGH,Rajaldesar,Ratangarh Junction,NWR,14.78,2,2
COR05939,RTGH,MIO,Ratangarh Junction,Molisar,NWR,13.4,5,5
COR05940,MIO,JOH,Molisar,Juharpura,NWR,13.05,4,4
COR05941,JOH,DEP,Juharpura,Depalsar,NWR,8.28,5,5
COR05942,DEP,CUR,Depalsar,Churu,NWR,7.27,5,5
COR05943,CUR,ASLU,Churu,Aslu,NWR,13.91,5,5
COR05944,ASLU,DKX,Aslu,Dudhwakhara,NWR,13.33,4,4
COR05945,DKX,HYL,Dudhwakhara,Hadyal,NWR,12.35,5,5
COR05946,HYL,DKWA,Hadyal,Dokwa,NWR,8.19,5,5
COR05947,DKWA,SDLP,Dokwa,Sadulpur Junction,NWR,8.44,5,5
COR05948,CNO,AT,CANCONA,ASNOTI,KR,18.61,4,4
COR05949,MAJN,ULL,MANGALORE JN,ULLAL,SR,8.77,3,3
COR05950,NVRD,KLMC,NAVADE ROAD,KALAMBOLI,CR,2.26,10,10
COR05951,APTA,KASU,APTA,KASU,CR,25.95,1,1
COR05952,TEN,PCO,TIRUNELVELI,Palayankottai,SR,4.43,5,5
COR05953,PCO,SDNR,Palayankottai,Seydunganallur,SR,13.23,5,5
COR05954,SDNR,TTQ,Seydunganallur,Thathankulam,SR,4.61,5,5
COR05955,TTQ,SVV,Thathankulam,Srivaikuntam,SR,3.47,5,5
COR05956,SVV,AWT,Srivaikuntam,Alwar Tirunagri,SR,4.5,5,5
COR05957,AWT,NZT,Alwar Tirunagri,Nazareth,SR,5.7,5,5
COR05958,NZT,KCHV,Nazareth,Kachchanvilai,SR,5.36,5,5
COR05959,KCHV,KZB,Kachchanvilai,Kurumbur,SR,2.01,5,5
COR05960,KZB,ANY,Kurumbur,Arumuganeri,SR,5.79,5,5
COR05961,ANY,KZY,Arumuganeri,Kayalpattinam,SR,1.61,5,5
COR05962,KZY,TCN,Kayalpattinam,Tiruchendur,SR,7.49,5,5
COR05963,MTP,KAY,Mettupalayam,Karaimadai,SR,7.25,5,5
COR05964,KAY,PKM,Karaimadai,Periyanaikanpalayam,SR,10.48,5,5
COR05965,BLP,ITE,Balrampur,Intiyathok,NER,20.53,2,2
COR05966,MKHI,BRDV,Makhi,Baradev,NR,6.64,1,1
COR05967,BRDV,SFPR,Baradev,Safipur,NR,7.39,1,1
COR05968,MLW,MAH,Mallanwan,Madhoganj,NR,9.37,1,1
COR05969,DSA,BHHZ,DELHI SHAHDARA,BEHTA HAZIPUR HALT,NR,5.29,7,7
COR05970,BHHZ,NOLI,BEHTA HAZIPUR HALT,NOLI,NR,3.06,8,8
COR05971,NOLI,NTG,NOLI,NURSRATABAD KHARKHAR,NR,3.21,8,8
COR05972,NTG,GTRA,NURSRATABAD KHARKHAR,GOTRA HALT,NR,3.69,8,8
COR05973,GTRA,FAP,GOTRA HALT,FAKHARPUR HALT,NR,4.41,8,8
COR05974,FAP,KEX,FAKHARPUR HALT,KHEKRA,NR,2.76,8,8
COR05975,KEX,SFA,KHEKRA,SANHERA HALT,NR,3.6,8,8
COR05976,SFA,AHQ,SANHERA HALT,AHERA HALT,NR,2.59,8,8
COR05977,AHQ,BPM,AHERA HALT,BAGPAT ROAD,NR,3.51,8,8
COR05978,BPM,SUJR,BAGPAT ROAD,SUJRA,NR,6.24,8,8
COR05979,SUJR,BADK,SUJRA,BARKA,NR,6.75,4,4
COR05980,BADK,BTU,BARKA,BARAUT,NR,2.71,8,8
COR05981,BTU,BAOL,BARAUT,BAOLI,NR,4.87,8,8
COR05982,BAOL,KPKI,BAOLI,QASIMPUR KHERI,NR,4.77,8,8
COR05983,KPKI,BDHP,QASIMPUR KHERI,BHUDPUR,NR,3.96,8,8
COR05984,BDHP,AILM,BHUDPUR,AILAM,NR,5.99,7,7
COR05985,AILM,KQL,AILAM,KANDHLA,NR,5.86,8,8
COR05986,KQL,KZI,KANDHLA,KHANDRAWALI,NR,6.44,8,8
COR05987,KZI,GLBN,KHANDRAWALI,GUJRAN BALWA,NR,2.79,8,8
COR05988,GLBN,SMQL,GUJRAN BALWA,SHAMLI,NR,4.44,8,8
COR05989,CDG,CNDM,CHANDIGARH,Chandi Mandir,NR,6.79,9,9
COR05990,CNDM,KLK,Chandi Mandir,Kalka,NR,13.02,9,9
COR05991,NGW,PRNG,Nauganwan,Pritam Nagar,WR,,7,7
COR05992,PRNG,RNJ,Pritam Nagar,Runija,WR,,7,7
COR05993,RNJ,SNBD,Runija,Sunderabad,WR,,7,7
COR05994,SNBD,BNG,Sunderabad,Barnagar,WR,,7,7
COR05995,BNG,PJH,Barnagar,Pirjhalar,WR,26.84,7,7
COR05996,PJH,GPX,Pirjhalar,Gautampura Road,WR,16.76,7,7
COR05997,GPX,OSRA,Gautampura Road,Osra,WR,10.26,7,7
COR05998,OSRA,FTD,Osra,Fatehabad Chowk Junction,WR,21.71,7,7
COR05999,CGON,BOKO,CHAYGAON,BOKO,NFR,18.94,5,5
COR06000,BOKO,DPRA,BOKO,DHUP DHARA,NFR,15.52,5,5
COR06001,RGJI,DDNI,RANGJULI,DUDHNOI,NFR,19.45,5,5
COR06002,JPZ,AYU,JOGIGHOPA,ABHAYAPURI ASSAM,NFR,14.36,6,6
COR06003,ADTL,HBG,ADHARTAL,HOWBAGH JABALPUR,WCR,8.9,3,3
COR06004,DKBJ,NDH,Dahar Ka Balaji,Nindhar Benar,NWR,7.55,9,9
COR06005,NDH,BHG,Nindhar Benar,Bhaton Ki Gali,NWR,11.43,9,9
COR06006,BHG,COM,Bhaton Ki Gali,Chomun Samod,NWR,5.93,9,9
COR06007,COM,LHW,Chomun Samod,Loharwara,NWR,5.15,9,9
COR06008,LHW,GND,Loharwara,Govindgarh Malikpur,NWR,5.65,9,9
COR06009,GND,COD,Govindgarh Malikpur,Chhota Gudha,NWR,7.43,9,9
COR06010,COD,RGS,Chhota Gudha,Ringas Junction,NWR,9.53,9,9
COR06011,RGS,SNTH,Ringas Junction,Sonthaliya,NWR,4.35,9,9
COR06012,SNTH,BOTI,Sonthaliya,Baori Thikria,NWR,2.55,9,9
COR06013,BOTI,PLSN,Baori Thikria,Palsana,NWR,15.13,9,9
COR06014,PLSN,RNIS,Palsana,Ranolishishu,NWR,8.58,9,9
COR06015,RNIS,GIO,Ranolishishu,Goriyan,NWR,4.9,9,9
COR06016,GIO,SIKR,Goriyan,Sikar Junction,NWR,13.42,9,9
COR06017,SIKR,JDD,Sikar Junction,Jerthi Dadhia,NWR,13.66,6,6
COR06018,JDD,NWH,Jerthi Dadhia,Nawalgarh,NWR,13.26,6,6
COR06019,NWH,BWPL,Nawalgarh,Balwant Pura Chelasi,NWR,20.74,6,6
COR06020,BWPL,DOB,Balwant Pura Chelasi,Dundlodh Mukundgarh,NWR,20.48,6,6
COR06021,DOB,BOX,Dundlodh Mukundgarh,Bhojasar,NWR,,6,6
COR06022,BOX,NUA,Bhojasar,Nua,NWR,,6,6
COR06023,NUA,JJN,Nua,Jhunjhunun,NWR,11.59,6,6
COR06024,JJN,RSH,Jhunjhunun,Ratan Shahr,NWR,14.3,6,6
COR06025,RSH,NRKE,Ratan Shahr,Nari Khetri,NWR,,6,6
COR06026,NRKE,CRWA,Nari Khetri,Chirawa,NWR,,6,6
COR06027,CRWA,SRGH,Chirawa,Surajgarh,NWR,11.96,6,6
COR06028,SRGH,BOTR,Surajgarh,Bhavdhari,NWR,,6,6
COR06029,BOTR,LHU,Bhavdhari,Loharu,NWR,,6,6
COR06030,DLI,DEC,OLD DELHI,DELHI CANTT,NR,12.16,6,6
COR06031,SURI,CPLE,SIURI,CHINPAI,ER,9.23,5,5
COR06032,UKA,KJME,UKHRA,KAJORAGRAM,ER,6.48,5,5
COR06033,NNP,RBJ,Nanpara Junction,Raibojha,NER,13.02,4,4
COR06034,RBJ,MIN,Raibojha,Mihinpurwa,NER,10.59,4,4
COR06035,MIN,KARH,Mihinpurwa,Kakraha Rest House,NER,4.78,4,4
COR06036,KARH,MUH,Kakraha Rest House,Murthiha,NER,5.48,4,4
COR06037,MUH,NSA,Murthiha,Nishangara,NER,11.23,4,4
COR06038,NSA,BIC,Nishangara,Bichia,NER,8.74,4,4
COR06039,BIC,MJPB,Bichia,Manjhra Purab,NER,17.05,4,4
COR06040,MJPB,KYBR,Manjhra Purab,Khairatiya Bandh Road,NER,8.32,3,3
COR06041,KYBR,TQN,Khairatiya Bandh Road,TIKUNIA,NER,15.4,3,3
COR06042,TQN,BXM,TIKUNIA,BELRAYAN,NER,6.45,6,6
COR06043,BXM,SOI,BELRAYAN,Sonaripur,NER,21.2,5,5
COR06044,SOI,DDW,Sonaripur,DUDWA,NER,6.57,5,5
COR06045,DDW,PLK,DUDWA,PALIA KALAN,NER,12.63,6,6
COR06046,BIK,RNIR,BHIRA KHERI,Rajnarainpur,NER,7.03,6,6
COR06047,RNIR,MLN,Rajnarainpur,MAILANI,NER,7.69,6,6
COR06048,MLN,ALNP,MAILANI,Akelahanspur Halt,NER,6.98,10,10
COR06049,ALNP,SW,Akelahanspur Halt,SEHRAMAU,NER,2.92,10,10
COR06050,DYK,PP,DUDHIA KHURD,PURANPUR,NER,7.22,11,11
COR06051,PP,SG,PURANPUR,SHAHGARH,NER,11.64,6,6
COR06052,PBE,SSC,PILIBHIT JN,Shahi,NER,12.37,6,6
COR06053,SSC,BJV,Shahi,Bijauria,NER,3.79,6,6
COR06054,BJV,STH,Bijauria,Sethal,NER,9.28,10,10
COR06055,STH,DBNR,Sethal,Dibnapur,NER,5.42,6,6
COR06056,DBNR,BPR,Dibnapur,BHOJIPURA JN,NER,7.54,6,6
COR06057,BPR,DOX,BHOJIPURA JN,DOHNA,NER,6.81,14,14
COR06058,DOX,IZN,DOHNA,IZZATNAGAR,NER,5.22,14,14
COR06059,PRTN,VSI,Pratapnagar,Vishvamitri,WR,,2,2
COR06060,VSI,ATDA,Vishvamitri,Atladara,WR,,2,2
COR06061,ATDA,BALI,Atladara,Bhaili,WR,,2,2
COR06062,BALI,PDRA,Bhaili,Padra,WR,5.38,2,2
COR06063,PDRA,RPP,Padra,Ranu Pipri,WR,,2,2
COR06064,RPP,BHOJ,Ranu Pipri,Bhoj Padra,WR,,2,2
COR06065,BHOJ,MBH,Bhoj Padra,Mobha Road,WR,,2,2
COR06066,MBH,KORL,Mobha Road,Kural,WR,,2,2
COR06067,KORL,ANKI,Kural,Anakhi,WR,,2,2
COR06068,ANKI,JMB,Anakhi,Jambusar Junction,WR,,2,2
COR06069,SUIA,KMP,SURAINCHA,KAMLAPUR,NER,4.72,3,3
COR06070,KMP,BJLP,KAMLAPUR,BARAI JALALPUR,NER,8.21,9,9
COR06071,MLN,BIK,MAILANI,BHIRA KHERI,NER,14.7,2,2
COR06072,DDW,BXM,DUDWA,BELRAYAN,NER,27.76,1,1
COR06073,BPB,HLX,BADARPUR JN,HILARA,NFR,11.6,3,3
COR06074,HLX,SQF,HILARA,SUKRITIPUR,NFR,5.74,4,5
COR06075,SQF,BHZ,SUKRITIPUR,BIHARA,NFR,12.05,3,3
COR06076,BHZ,CNE,BIHARA,CHANDRANATHPUR,NFR,3.72,3,3
COR06077,CNE,DCA,CHANDRANATHPUR,DAMCHARA,NFR,4.53,3,3
COR06078,DCA,BXK,DAMCHARA,BANDARKHAL,NFR,8.17,3,3
COR06079,BXK,DTC,BANDARKHAL,DITOKCHERRA,NFR,2.32,3,3
COR06080,DTC,HJO,DITOKCHERRA,Harangajao,NFR,,3,3
COR06081,HJO,JTG,Harangajao,Jatinga,NFR,,2,2
COR06082,JTG,HFG,Jatinga,Haflong Hill,NFR,,3,3
COR06083,HFG,BF,Haflong Hill,Bagetar,NFR,,3,3
COR06084,BF,LFG,Bagetar,Lower Haflong,NFR,,3,3
COR06085,LFG,MXR,Lower Haflong,MAHUR,NFR,,3,3
COR06086,MXR,DJA,MAHUR,DAOTUHAJA,NFR,5.68,4,4
COR06087,DJA,WDA,DAOTUHAJA,WADRENGDISA,NFR,4.34,4,4
COR06088,WDA,MBG,WADRENGDISA,MAIBANG,NFR,6.22,4,4
COR06089,MBG,KQI,MAIBANG,KALACHAND,NFR,3.8,4,4
COR06090,KQI,MUPA,KALACHAND,MUPA,NFR,3.46,4,4
COR06091,MUPA,DKE,MUPA,DIHAKHO,NFR,6.6,4,4
COR06092,DKE,LGT,DIHAKHO,LANGTING,NFR,7.92,4,4
COR06093,LGT,HTL,LANGTING,HATIKHALI,NFR,12.77,4,4
COR06094,HTL,MYD,HATIKHALI,MANDERDISA,NFR,11.18,4,4
COR06095,MYD,LMG,MANDERDISA,LUMDING JN,NFR,7.16,4,4
COR06096,BFJ,JMD,Bhoras Budrukh,Jamdha,CR,4.98,4,4
COR06097,JMD,RM,Jamdha,Rajmane,CR,8.93,4,4
COR06098,RM,MWK,Rajmane,Mordad Tanda,CR,6.32,4,4
COR06099,MWK,SHF,Mordad Tanda,Shirud,CR,6.03,4,4
COR06100,SHF,BRVR,Shirud,Borvihir,CR,6.52,4,4
COR06101,BRVR,MHAD,Borvihir,Mohadi Pragane Laling,CR,10.86,4,4
COR06102,MHAD,DHI,Mohadi Pragane Laling,Dhule,CR,2.98,4,4
COR06103,BVC,BVP,BHAVNAGAR TERMINUS,BHAVANAGAR PARA,WR,2.6,12,12
COR06104,BVP,NROD,BHAVANAGAR PARA,NARI ROAD,WR,4.09,12,12
COR06105,NROD,VTJ,NARI ROAD,VARTEJ,WR,3.03,12,12
COR06106,VTJ,KDMR,VARTEJ,KODIYAR MANDIR,WR,5.28,12,12
COR06107,KDMR,SOJN,KODIYAR MANDIR,SIHOR GUJARAT,WR,5.15,12,12
COR06108,SOJN,KNAD,SIHOR GUJARAT,Kanad,WR,8.99,4,4
COR06109,KNAD,MDHA,Kanad,Madhada,WR,5.07,3,4
COR06110,MDHA,KNAD,Madhada,Kanad,WR,5.07,4,4
COR06111,MDHA,PIT,Madhada,Palitana,WR,11.5,3,3
COR06112,BIRL,NUIH,Biraul,Neuri Halt,ECR,,2,2
COR06113,NUIH,BPAH,Neuri Halt,Benipur Halt,ECR,,2,2
COR06114,BPAH,JPAH,Benipur Halt,Jagdishpur Halt,ECR,,2,2
COR06115,DMR,PASG,Dharmanagar,Panisagar,NFR,10.65,4,4
COR06116,PASG,PEC,Panisagar,Pencharthal,NFR,9.46,4,4
COR06117,PEC,KUGT,Pencharthal,Kumarghat,NFR,9.01,4,4
COR06118,KUGT,MANU,Kumarghat,Manu,NFR,18.43,4,4
COR06119,MANU,SKAP,Manu,SK Para,NFR,5.56,4,4
COR06120,SKAP,JWNR,SK Para,Jawaharnagar,NFR,7.4,4,4
COR06121,JWNR,ABSA,Jawaharnagar,Ambassa,NFR,3.6,4,4
COR06122,ABSA,MGKM,Ambassa,Mungiakami,NFR,16.17,4,4
COR06123,MGKM,TLMR,Mungiakami,Teliamura,NFR,9.72,4,4
COR06124,TLMR,JRNA,Teliamura,Jirania,NFR,19.26,4,4
COR06125,JRNA,JGNR,Jirania,Jogendranagar,NFR,12.48,4,4
COR06126,JGNR,AGTL,Jogendranagar,Agartala,NFR,3.93,4,4
COR06127,SGD,BJUD,SONGADH,BAJUD,WR,6.13,9,9
COR06128,BJUD,SOA,BAJUD,SANOSRA,WR,4.19,9,9
COR06129,SOA,DLJ,SANOSRA,DHOLA JN,WR,9.82,9,9
COR06130,DLJ,UJ,DHOLA JN,UJALVAV,WR,9.8,9,9
COR06131,UJ,ALMR,UJALVAV,ALAMPUR,WR,4.37,9,9
COR06132,ALMR,NGA,ALAMPUR,NINGALA JN,WR,9.09,9,9
COR06133,NGA,LTD,NINGALA JN,LATHIDAD,WR,7.24,9,9
COR06134,LTD,BTD,LATHIDAD,BOTAD JN,WR,11.01,9,9
COR06135,BTD,KDI,BOTAD JN,KUNDLI,WR,10.84,9,9
COR06136,KDI,RUR,KUNDLI,RANPUR,WR,9.64,9,9
COR06137,RUR,VJK,RANPUR,VEJALKA,WR,6.33,9,9
COR06138,VJK,CDA,VEJALKA,CHUDA,WR,9.29,9,9
COR06139,CDA,LM,CHUDA,LIMBDI,WR,8.86,9,9
COR06140,LM,WC,LIMBDI,WADHWAN CITY,WR,19.4,9,9
COR06141,WC,JVN,WADHWAN CITY,JORAWARNAGAR JN,WR,3.33,9,9
COR06142,JVN,SRGT,JORAWARNAGAR JN,SURENDRANAGAR GATE,WR,2.52,9,9
COR06143,NIL,VNB,Nilambur Road,Vaniyambalam,SR,10.07,7,7
COR06144,VNB,TDPM,Vaniyambalam,Todikkapulam Halt,SR,4.01,7,7
COR06145,TDPM,TUV,Todikkapulam Halt,Tuvvur,SR,3.96,7,7
COR06146,TUV,MLTR,Tuvvur,Melattur,SR,6.22,7,7
COR06147,MLTR,PKQ,Melattur,Pattikkad,SR,6.7,7,7
COR06148,PKQ,AAM,Pattikkad,Angadippuram,SR,5.3,7,7
COR06149,AAM,CQA,Angadippuram,Cherukara,SR,6.03,7,7
COR06150,CQA,KZC,Cherukara,Kulukkalur,SR,6.89,7,7
COR06151,KZC,VPZ,Kulukkalur,Vailapuzha,SR,3.24,7,7
COR06152,VPZ,VDKS,Vailapuzha,Vadanam Kurussi Halt,SR,6.0,7,7
COR06153,GNC,AJM,Gandhinagar Capital,Adraj Moti,WR,7.08,5,5
COR06154,AJM,KLL,Adraj Moti,KALOL JN,WR,6.53,5,5
COR06155,JND,TORA,JUNAGADH JN,Torniya,WR,9.77,2,2
COR06156,TORA,BILK,Torniya,Bilkha,WR,10.74,2,2
COR06157,BILK,JCN,Bilkha,Junichavand,WR,10.76,2,2
COR06158,JCN,VSW,Junichavand,Visavadar,WR,8.88,2,2
COR06159,VSW,STDR,Visavadar,Satadhar,WR,7.35,3,3
COR06160,STDR,KANS,Satadhar,Kansiya Nes,WR,9.5,3,3
COR06161,KANS,SASG,Kansiya Nes,Sasan Gir,WR,9.22,3,3
COR06162,SASG,CTRD,Sasan Gir,Chitrawad,WR,8.9,3,3
COR06163,CTRD,TAV,Chitrawad,Talala Junction,WR,7.52,3,3
COR06164,PCC,VLDR,Prachi Road Junction,Valadar,WR,4.52,2,2
COR06165,VLDR,JVL,Valadar,Jamwala,WR,4.97,2,2
COR06166,JVL,HRM,Jamwala,Hadmadiya,WR,8.19,2,2
COR06167,HRM,GEG,Hadmadiya,Gir Gadhara,WR,8.71,2,2
COR06168,GEG,UNA,Gir Gadhara,Una,WR,15.54,2,2
COR06169,UNA,DVA,Una,Delvada,WR,5.1,2,2
COR06170,SZP,SZN,Shahjahanpur,Shahbaznagar,NER,4.31,5,5
COR06171,SZN,KIE,Shahbaznagar,Khiria Khurd,NER,,2,2
COR06172,KIE,ARX,Khiria Khurd,Areli,NER,,2,2
COR06173,ARX,DOT,Areli,Dhakia Tiwari,NER,,4,4
COR06174,DOT,NOH,Dhakia Tiwari,Nigohi,NER,7.83,4,4
COR06175,NOH,VZPH,Nigohi,Vazeerpur Halt,NER,5.7,5,5
COR06176,VZPH,ZNP,Vazeerpur Halt,Zindpura,NER,4.96,5,5
COR06177,ZNP,CKSR,Zindpura,Chak Safaura Halt,NER,2.32,2,2
COR06178,CKSR,MIW,Chak Safaura Halt,Mighauna,NER,3.89,2,2
COR06179,MIW,BSUR,Mighauna,Bisalpur,NER,5.43,5,5
COR06180,BSUR,BFPA,Bisalpur,Bhopatpur,NER,9.47,2,2
COR06181,BFPA,PBE,Bhopatpur,PILIBHIT JN,NER,26.65,2,2
COR06182,NKE,GKA,NARKATIAGANJ JN,Gokhula,ECR,8.46,3,3
COR06183,GKA,MRJD,Gokhula,Marajdwa,ECR,6.84,3,3
COR06184,MRJD,STF,Marajdwa,Sikta,ECR,8.06,3,3
COR06185,STF,RXL,Sikta,RAXAUL JN,ECR,16.77,3,3
COR06186,KRDH,KPKD,Koradih,Khapri Kheda,SECR,3.61,6,6
COR06187,KPKD,PQA,Khapri Kheda,Pipla Halt,SECR,6.09,6,6
COR06188,PQA,PSX,Pipla Halt,Patansaongi Town Halt,SECR,4.94,6,6
COR06189,PSX,PTS,Patansaongi Town Halt,Patansaongi,SECR,1.87,6,6
COR06190,PTS,TKLB,Patansaongi,Takli Bhansali,SECR,3.41,6,6
COR06191,TKLB,MGVK,Takli Bhansali,Malegaon Vyenku,SECR,3.23,6,6
COR06192,MGVK,SONR,Malegaon Vyenku,Saoner Junction,SECR,3.47,6,6
COR06193,SONR,KLOD,Saoner Junction,Kelod,SECR,9.85,6,6
COR06194,KLOD,SZH,Kelod,Saonga Halt,SECR,5.91,6,6
COR06195,SZH,PSK,Saonga Halt,Paradsinga Halt,SECR,2.93,6,6
COR06196,PSK,LDE,Paradsinga Halt,Lokdhikhera,SECR,4.59,6,6
COR06197,LDE,BDHT,Lokdhikhera,Bardi Halt,SECR,5.52,6,6
COR06198,BDHT,SASR,Bardi Halt,Sausar,SECR,4.67,6,6
COR06199,SASR,RMO,Sausar,Ramakona,SECR,3.76,6,6
COR06200,RMO,DVH,Ramakona,Devi Halt,SECR,4.42,5,5
COR06201,DVH,GELA,Devi Halt,Ghadela Halt,SECR,2.81,5,5
COR06202,GELA,BMC,Ghadela Halt,Bhimalgondi,SECR,4.06,5,5
COR06203,BMC,MPML,Bhimalgondi,Mohapani Mal,SECR,7.93,5,5
COR06204,MPML,KFP,Mohapani Mal,Kukra Khapa,SECR,1.97,5,5
COR06205,KFP,ULA,Kukra Khapa,Umra Nala,SECR,5.79,5,5
COR06206,ULA,BRKH,Umra Nala,Bisapur Kalan Halt,SECR,6.38,5,5
COR06207,BRKH,LIG,Bisapur Kalan Halt,Linga,SECR,5.59,5,5
COR06208,LIG,CWA,Linga,Chhindwara Junction,SECR,10.66,5,5
COR06209,JAT,BLA,JAMMU TAWI,BAJALTA,NR,9.21,6,6
COR06210,BLA,SGRR,BAJALTA,SANGAR,NR,9.78,6,6
COR06211,SGRR,MNWL,SANGAR,MANWAL,NR,9.21,6,6
COR06212,MNWL,RMJK,MANWAL,RAM NAGAR J K,NR,10.57,6,6
COR06213,RMJK,UHP,RAM NAGAR J K,UDHAMPUR,NR,7.07,6,6
COR06214,HDT,NTU,HARDATTPUR,NIGATPUR,NER,15.26,6,6
COR06215,FZR,PHS,FIROZPUR CANT,Ferozeshah,NR,16.95,3,3
COR06216,GRG,KDHI,Guwarighat,Kaladehi,SECR,27.4,4,4
COR06217,KDHI,BUQ,Kaladehi,Bargi,SECR,13.62,5,5
COR06218,GNS,PDE,Ghonsor,Pindrai,SECR,18.98,4,4
COR06219,LMG,MYD,LUMDING JN,MANDERDISA,NFR,7.16,4,4
COR06220,MYD,HTL,MANDERDISA,HATIKHALI,NFR,11.18,4,4
COR06221,HTL,LGT,HATIKHALI,LANGTING,NFR,12.77,4,4
COR06222,LGT,DKE,LANGTING,DIHAKHO,NFR,7.92,4,4
COR06223,DKE,MUPA,DIHAKHO,MUPA,NFR,6.6,4,4
COR06224,MUPA,KQI,MUPA,KALACHAND,NFR,3.46,4,4
COR06225,KQI,MBG,KALACHAND,MAIBANG,NFR,3.8,4,4
COR06226,MBG,WDA,MAIBANG,WADRENGDISA,NFR,6.22,4,4
COR06227,WDA,DJA,WADRENGDISA,DAOTUHAJA,NFR,4.34,4,4
COR06228,DJA,MXR,DAOTUHAJA,MAHUR,NFR,5.68,4,4
COR06229,MXR,LFG,MAHUR,Lower Haflong,NFR,,3,3
COR06230,BTI,GSW,BHATINDA JN,GURSAR SHNEWALA,NR,9.0,9,9
COR06231,GSW,SGF,GURSAR SHNEWALA,SANGAT,NWR,7.65,9,9
COR06232,SGF,BWB,SANGAT,BAGWALI,NWR,8.4,9,9
COR06233,BWB,PTRL,BAGWALI,PATHRALA,NWR,4.03,9,9
COR06234,PTRL,MBY,PATHRALA,MANDI DABWALI,NWR,6.16,9,9
COR06235,MBY,BMK,MANDI DABWALI,BIRANG KHERA,NWR,8.6,9,9
COR06236,BMK,DABN,BIRANG KHERA,DHABAN,NWR,10.7,9,9
COR06237,DABN,SGRA,DHABAN,SANGARIA,NWR,10.55,9,9
COR06238,SGRA,MNSR,SANGARIA,MANAKSAR,NWR,14.82,9,9
COR06239,MNSR,NAWN,MANAKSAR,NAWAN,NWR,4.2,9,9
COR06240,NAWN,HMH,NAWAN,HANUMANGARH JN,NWR,6.85,9,9
COR06241,KLK,CNDM,Kalka,Chandi Mandir,NR,13.02,12,12
COR06242,CNDM,CDG,Chandi Mandir,CHANDIGARH,NR,6.79,12,12
COR06243,RGV,NRPM,Rathopur,Narayanpur Murli Halt,ECR,,1,1
COR06244,NRPM,SRGR,Narayanpur Murli Halt,Saraygarh,ECR,,1,1
COR06245,SRGR,VDNP,Saraygarh,Baijnath Andoli,ECR,,1,1
COR06246,VDNP,TB,Baijnath Andoli,Tharbitia,ECR,,1,1
COR06247,TB,KDRA,Tharbitia,Kadampura,ECR,,1,1
COR06248,KDRA,SOU,Kadampura,Supaul,ECR,,1,1
COR06249,SOU,BCM,Supaul,Buranpudi,ECR,,1,1
COR06250,BCM,GEB,Buranpudi,Garh Baruari,ECR,,1,1
COR06251,KLL,AJM,KALOL JN,Adraj Moti,WR,6.53,5,5
COR06252,AJM,GNC,Adraj Moti,Gandhinagar Capital,WR,7.08,5,5
COR06253,MLGT,MKR,MALLAPPA GATE,MADDIKERA,SCR,4.38,16,16
COR06254,MKR,TGL,MADDIKERA,TUGGALI,SCR,14.09,16,16
COR06255,TGL,EDD,TUGGALI,EDDULADODDI,SCR,6.74,16,16
COR06256,EDD,PDL,EDDULADODDI,PENDEKALLU,SCR,7.92,16,16
COR06257,RIM,MCF,Rajim,Manik Chauree Halt,SECR,9.56,3,3
COR06258,MCF,AVP,Manik Chauree Halt,Abhanpur Junction,SECR,6.66,3,3
COR06259,SOJN,SGD,SIHOR GUJARAT,SONGADH,WR,7.29,8,8
COR06260,SRGT,LTR,SURENDRANAGAR GATE,LAKHTAR,WR,21.12,8,8
COR06261,KURO,ACH,Korari,Achalganj,NR,5.08,4,4
COR06262,ACH,TKRP,Achalganj,Tikauli Rawatpur,NR,8.44,4,4
COR06263,TKRP,BQP,Tikauli Rawatpur,Bighapur,NR,9.37,4,4
COR06264,BQP,BAHP,Bighapur,Band Hamirpur,NR,5.81,4,4
COR06265,BAHP,IDM,Band Hamirpur,Indemau,NR,2.59,3,3
COR06266,IDM,BSWA,Indemau,Baiswara,NR,7.71,3,3
COR06267,BSWA,RRS,Baiswara,Raghuraj Singh,NR,5.52,4,4
COR06268,RRS,NHF,Raghuraj Singh,Nihasta Halt,NR,6.63,6,6
COR06269,NHF,LLJ,Nihasta Halt,LalGanj,NR,6.54,6,6
COR06270,LLJ,DMW,LalGanj,Dalmau Junction,NR,13.46,6,6
COR06271,MNJR,UCR,Manjhlepur,Unchahar Junction,NR,15.9,4,4
COR06272,DMW,RDV,Dalmau Junction,Radha Balampur,NR,5.42,3,3
COR06273,RDV,UBN,Radha Balampur,Ubarni,NR,6.82,3,3
COR06274,UBN,DYP,Ubarni,Daryapur,NR,11.11,3,3
COR06275,SUJR,AIH,SUJRA,ALAWALPUR I PUR,NR,4.03,4,4
COR06276,AIH,BADK,ALAWALPUR I PUR,BARKA,NR,2.76,4,4
COR06277,CCT,COA,KAKINADA TOWN,Kakinada Port,SCR,1.52,5,5
COR06278,PAU,MRV,PURNA JN,MARSUL,SCR,9.67,3,3
COR06279,MRV,BMF,MARSUL,BASMAT,SCR,12.47,3,3
COR06280,BMF,CWI,BASMAT,CHONDI,SCR,10.81,3,3
COR06281,CWI,SIF,CHONDI,SIRLI,SCR,10.52,3,3
COR06282,SIF,BLC,SIRLI,BOLDA,SCR,8.03,3,3
COR06283,BLC,NDPR,BOLDA,NANDAPUR,SCR,6.07,3,3
COR06284,NDPR,DNE,NANDAPUR,DHAMNI,SCR,8.53,3,3
COR06285,DNE,HNL,DHAMNI,HINGOLI DECCAN,SCR,9.4,3,3
COR06286,HNL,NVLN,HINGOLI DECCAN,NAWALGOHAN,SCR,8.4,3,3
COR06287,NVLN,MLSU,NAWALGOHAN,MALSAILU,SCR,7.72,3,3
COR06288,MLSU,KNRG,MALSAILU,KANHARGAON NAKA,SCR,8.78,3,3
COR06289,KNRG,PGG,KANHARGAON NAKA,PENGANGA,SCR,3.03,3,3
COR06290,PGG,KKG,PENGANGA,KEKATUMAR,SCR,6.23,3,3
COR06291,KKG,WHM,KEKATUMAR,WASHIM,SCR,11.23,3,3
COR06292,WHM,KXX,WASHIM,KATA ROAD,SCR,10.14,3,3
COR06293,KXX,JUK,KATA ROAD,JAULKA,SCR,11.5,3,3
COR06294,JUK,AMW,JAULKA,AMAN VADI,SCR,2.01,3,3
COR06295,AMW,LHD,AMAN VADI,LOHOGAD,SCR,18.58,3,3
COR06296,LHD,BSQ,LOHOGAD,BARSI TAKLI,SCR,12.24,3,3
COR06297,BSQ,SVW,BARSI TAKLI,SHIVNI SHIVAPUR,SCR,11.0,3,3
COR06298,HRT,WENA,Harnaut,Wena,ECR,5.1,7,7
COR06299,WENA,RRE,Wena,Rahul Road,ECR,5.83,7,7
COR06300,RRE,SOW,Rahul Road,Suhsarai,ECR,0.09,7,7
COR06301,SOW,BEHS,Suhsarai,Bihar Sharif,ECR,7.6,7,7
COR06302,PQE,NLD,Pawapuri Road,Nalanda,ECR,6.41,7,7
COR06303,NLD,SILO,Nalanda,Silao,ECR,5.63,7,7
COR06304,SILO,RGD,Silao,Rajgir,ECR,5.45,7,7
COR06305,JOC,GRB,JOYCHANDI PAHAR,GARHDHRUBESWAR,SER,6.51,9,9
COR06306,SKNR,YDP,Shakar Nagar,Yedapalli,SCR,5.38,3,3
COR06307,YDP,JKM,Yedapalli,JANKAMPET JN,SCR,10.97,3,3
COR06308,DXD,CDSL,DIGOD,CHANDRESAL,WCR,7.42,6,6
COR06309,CDSL,BON,CHANDRESAL,BHONRA,WCR,25.95,3,3
COR06310,BJK,BAZ,BIJORA,BARAN,WCR,12.26,3,3
COR06311,CJW,ATRU,CHAJAWA,ATRU,WCR,16.72,3,3
COR06312,SYL,CAG,SALPURA,CHHABRA GUGOR,WCR,15.8,3,3
COR06313,PUU,AVS,Punalur,Auvaneeswaram,SR,7.1,4,4
COR06314,AVS,KKZ,Auvaneeswaram,Kottarakara,SR,10.35,4,4
COR06315,KKZ,EKN,Kottarakara,Ezhukone,SR,6.07,4,4
COR06316,EKN,KFV,Ezhukone,Kundara East,SR,2.81,4,4
COR06317,KFV,KUV,Kundara East,Kundara,SR,1.74,4,4
COR06318,KUV,CTPE,Kundara,Chandanattop Halt,SR,4.79,4,4
COR06319,CTPE,KLQ,Chandanattop Halt,Kilikollur,SR,2.09,4,4
COR06320,GHAI,MOJ,GHATIGAON,MOHANA,WCR,12.45,4,4
COR06321,MOJ,SVPI,MOHANA,SHIVPURI,WCR,63.35,4,4
COR06322,SVPI,KLRS,SHIVPURI,KOLARAS,WCR,24.22,4,4
COR06323,BDWS,MINA,BADARWAS,MIYANA,WCR,16.75,4,4
COR06324,RXL,RGH,RAXAUL JN,RAMGARHWA,ECR,13.43,3,3
COR06325,RGH,SGL,RAMGARHWA,SAGAULI JN,ECR,14.08,9,9
COR06326,DB,NADA,Dabhoi Junction,Nada,WR,,5,5
COR06327,NADA,BRPM,Nada,Baripur Mandala,WR,,5,5
COR06328,BRPM,PRKA,Baripur Mandala,Parikha,WR,,5,5
COR06329,PRKA,GNPT,Parikha,Ganpatpura,WR,,3,3
COR06330,GNPT,KNDR,Ganpatpura,Kandari,WR,,5,5
COR06331,BRTL,CRND,Bharthali,Choranda Junction,WR,,3,3
COR06332,VRL,SMNH,VERAVAL,SOMNATH,WR,4.35,3,3
COR06333,LPNR,SWNR,LAJPAT NAGAR,SEWA NAGAR,NR,1.6,8,8
COR06334,SWNR,LDCY,SEWA NAGAR,LODI COLONY,NR,1.09,8,8
COR06335,LDCY,SOJ,LODI COLONY,SAROJINI NAGAR,NR,1.99,8,8
COR06336,SOJ,DSJ,SAROJINI NAGAR,DELHI SAFDARJUNG,NR,0.92,8,8
COR06337,DSJ,CNKP,DELHI SAFDARJUNG,CHANAKYAPURI,NR,1.82,7,7
COR06338,CNKP,SDPR,CHANAKYAPURI,SARDAR PATEL ROAD,NR,0.65,7,7
COR06339,SDPR,BRSQ,SARDAR PATEL ROAD,BRAR SQUARE,NR,3.24,7,7
COR06340,BRSQ,DLPI,BRAR SQUARE,INDRAPURI,NR,1.67,7,7
COR06341,DLPI,NRVR,INDRAPURI,NARAINA VIHAR,NR,1.06,7,7
COR06342,NRVR,KRTN,NARAINA VIHAR,KIRTI NAGAR,NR,1.08,7,7
COR06343,KLL,EN,KALOL JN,ISAND,WR,5.82,2,2
COR06344,DAVJ,KWJ,D.A.V.C.H. JALANDHAR,KHOJEWALA,NR,8.31,4,4
COR06345,KWJ,KXH,KHOJEWALA,KAPURTHALA,NR,8.8,4,4
COR06346,KXH,RCF,KAPURTHALA,KAPURTHALA RAIL COACH FACTORY,NR,5.83,4,4
COR06347,RCF,HSQ,KAPURTHALA RAIL COACH FACTORY,HUSAINPUR,NR,3.55,4,4
COR06348,HSQ,PJA,HUSAINPUR,PAJIAN,NR,5.12,4,4
COR06349,PJA,DDY,PAJIAN,DUDWINDI,NR,4.14,4,4
COR06350,DDY,SQR,DUDWINDI,SULTANPUR LODI,NR,5.98,4,4
COR06351,SQR,LNK,SULTANPUR LODI,LOHIAN KHAS JN,NR,5.18,4,4
COR06352,LNK,GOD,LOHIAN KHAS JN,GIDARPINDI,NR,6.99,5,5
COR06353,GOD,JGW,GIDARPINDI,JOGIWALA,NR,8.5,5,5
COR06354,JGW,MXH,JOGIWALA,MAKHU,NR,8.1,5,5
COR06355,MXH,BWF,MAKHU,BUTEWALA,NR,8.73,5,5
COR06356,BWF,MWX,BUTEWALA,MALLANWALA KHAS,NR,8.76,5,5
COR06357,MWX,TSS,MALLANWALA KHAS,TALLI SAIDASAHU,NR,6.4,5,5
COR06358,TSS,MFM,TALLI SAIDASAHU,MAHALAM,NR,4.27,5,5
COR06359,MFM,FZR,MAHALAM,FIROZPUR CANT,NR,11.92,5,5
COR06360,PLC,PLCJ,Phalodi Junction,PHALODI JN,NWR,0.02,3,3
COR06361,PLCJ,STSN,PHALODI JN,SHAITAN SINGH NAGAR,NWR,12.88,4,4
COR06362,STSN,MWT,SHAITAN SINGH NAGAR,MARWAR LOHWAT,NWR,14.36,4,4
COR06363,MWT,SRK,MARWAR LOHWAT,SAMRAU,NWR,18.29,4,4
COR06364,SRK,BKC,SAMRAU,BHIKAMKOR,NWR,9.24,4,4
COR06365,BKC,OSN,BHIKAMKOR,OSIYAN,NWR,14.17,4,4
COR06366,OSN,TIW,OSIYAN,TIVARI,NWR,19.43,4,4
COR06367,TIW,MMY,TIVARI,MARWAR MATHANYA,NWR,9.22,4,4
COR06368,MMY,MLH,MARWAR MATHANYA,MANAKLAO,NWR,5.68,4,4
COR06369,MLH,MDB,MANAKLAO,MANDOR,NWR,15.53,4,4
COR06370,MDB,MMC,MANDOR,MAHAMANDIR,NWR,4.68,4,4
COR06371,SMNH,VRL,SOMNATH,VERAVAL,WR,4.35,4,4
COR06372,JLR,NUD,JETALSAR JN,NAVAGADH,WR,5.89,11,11
COR06373,NUD,VRR,NAVAGADH,VIRPUR,WR,13.21,10,10
COR06374,VRR,GTT,VIRPUR,GOMTA,WR,3.66,11,11
COR06375,GTT,GDL,GOMTA,GONDAL,WR,12.9,11,11
COR06376,GDL,RBR,GONDAL,RIBADA,WR,16.97,8,8
COR06377,RBR,RKY,RIBADA,KOTHARIYA,WR,5.93,11,11
COR06378,RKY,BKNG,KOTHARIYA,BHAKTI NAGAR,WR,12.02,11,11
COR06379,BKNG,RJT,BHAKTI NAGAR,RAJKOT JN,WR,3.45,11,11
COR06380,PDY,VI,Puducherry,Villianur,SR,7.71,9,9
COR06381,VI,CBU,Villianur,Chinna Babu Samudram,SR,7.73,9,9
COR06382,CBU,VRA,Chinna Babu Samudram,Valavanur,SR,12.25,9,9
COR06383,ALY,DRGJ,ALLAHABAD CITY,DARAGANJ,NER,5.05,19,19
COR06384,DRGJ,JI,DARAGANJ,JHUSI,NER,3.9,19,19
COR06385,JI,RTR,JHUSI,RAMNATHPUR,NER,10.37,19,19
COR06386,RTR,SDC,RAMNATHPUR,SAIDABAD,NER,10.93,19,19
COR06387,SDC,HDK,SAIDABAD,HANDIA KHAS,NER,7.36,19,19
COR06388,HDK,BYH,HANDIA KHAS,BHITI,NER,7.7,19,19
COR06389,BYH,ATRR,BHITI,ATRAURA,NER,5.64,19,19
COR06390,ATRR,GYN,ATRAURA,GYANPUR ROAD,NER,12.07,19,19
COR06391,GYN,JGG,GYANPUR ROAD,JANGIGANJ,NER,8.2,22,25
COR06392,JGG,SJGH,JANGIGANJ,SARAI JAGDISH,NER,1.57,19,19
COR06393,SJGH,ALMW,SARAI JAGDISH,ALMAW,NER,13.32,19,19
COR06394,ALMW,AHM,ALMAW,AHIMANPUR,NER,2.33,19,19
COR06395,AHM,MBS,AHIMANPUR,MADHOSINGH,NER,4.11,19,19
COR06396,MBS,KFK,MADHOSINGH,KATKA,NER,8.24,19,19
COR06397,KFK,KWH,KATKA,KACHHWA ROAD,NER,7.28,19,19
COR06398,KWH,NTU,KACHHWA ROAD,NIGATPUR,NER,5.22,19,19
COR06399,NTU,HDT,NIGATPUR,HARDATTPUR,NER,15.26,6,6
COR06400,HDT,BHLP,HARDATTPUR,BHULANPUR,NER,5.17,19,19
COR06401,BHLP,MUV,BHULANPUR,MANDUADIH,NER,1.99,19,19
COR06402,SDMD,BCB,Sudamdih,Bhowra Junction,SER,2.99,3,3
COR06403,BCB,JBO,Bhowra Junction,Jamadobu,SER,4.98,3,3
COR06404,JBO,VAA,Jamadobu,Bhaga Junction,SER,1.02,3,3
COR06405,VAA,KRKN,Bhaga Junction,Karkend,SER,5.95,2,2
COR06406,KRKN,LYD,Karkend,Layabad,SER,2.02,2,2
COR06407,LYD,TSAH,Layabad,Tata Sijua Halt,SER,2.06,3,3
COR06408,TSAH,MLQ,Tata Sijua Halt,Malkera Junction,SER,3.58,3,3
COR06409,MLQ,MHQ,Malkera Junction,Mahuda,SER,4.47,3,3
COR06410,MHQ,KHRI,Mahuda,Kharkhari,SER,3.91,2,2
COR06411,KHRI,KNF,Kharkhari,Khanudih,SER,7.97,2,2
COR06412,BOV,KDRI,Bhatgaon,Kendri,SECR,4.8,4,4
COR06413,KDRI,AVP,Kendri,Abhanpur Junction,SECR,8.96,4,4
COR06414,AVP,MCF,Abhanpur Junction,Manik Chauree Halt,SECR,6.66,3,3
COR06415,MCF,RIM,Manik Chauree Halt,Rajim,SECR,9.56,3,3
COR06416,GEB,BCM,Garh Baruari,Buranpudi,ECR,,1,1
COR06417,BCM,SOU,Buranpudi,Supaul,ECR,,1,1
COR06418,SOU,KDRA,Supaul,Kadampura,ECR,,1,1
COR06419,KDRA,TB,Kadampura,Tharbitia,ECR,,1,1
COR06420,TB,VDNP,Tharbitia,Baijnath Andoli,ECR,,1,1
COR06421,VDNP,SRGR,Baijnath Andoli,Saraygarh,ECR,,1,1
COR06422,SRGR,NRPM,Saraygarh,Narayanpur Murli Halt,ECR,,1,1
COR06423,NRPM,RGV,Narayanpur Murli Halt,Rathopur,ECR,,1,1
COR06424,VKG,TUWA,Vavadi Khurd,Tuwa,WR,4.13,2,2
COR06425,TUWA,TBA,Tuwa,Timba Road,WR,8.2,2,2
COR06426,TBA,SVL,Timba Road,Sevaliya,WR,5.16,2,2
COR06427,SVL,AGCI,Sevaliya,Angadi,WR,6.33,2,2
COR06428,AGCI,AAV,Angadi,Ambav,WR,,2,2
COR06429,AAV,TAS,Ambav,Thasra,WR,,2,2
COR06430,TAS,DK,Thasra,Dakor,WR,8.57,2,2
COR06431,DK,UMH,Dakor,Umreth,WR,7.19,2,2
COR06432,UMH,OD,Umreth,Od,WR,5.97,2,2
COR06433,OD,BAJ,Od,Bhalej,WR,5.21,2,2
COR06434,BAJ,SNA,Bhalej,Sadanapura,WR,4.08,2,2
COR06435,KNW,TLV,KHANDWA,TALVADYA,CR,14.84,1,1
COR06436,TLV,CAER,TALVADYA,CHHANERA,WCR,27.53,1,1
COR06437,PRSL,CBSA,Pandrasali,Chaibasa,SER,8.13,3,3
COR06438,CBSA,SIPA,Chaibasa,Singhookharia,SER,7.14,3,3
COR06439,SIPA,JNK,Singhookharia,Jhinkpani,SER,9.06,3,3
COR06440,JNK,TABU,Jhinkpani,Talaburu,SER,7.04,3,3
COR06441,TABU,KNPS,Talaburu,Kendposi,SER,7.44,3,3
COR06442,KNPS,MLKA,Kendposi,Maluka,SER,11.92,3,3
COR06443,MLKA,DPS,Maluka,Dangoaposi,SER,9.13,3,3
COR06444,DPS,PDPH,Dangoaposi,Padapahar Junction,SER,4.98,3,3
COR06445,PDPH,NOMD,Padapahar Junction,Noamundi,SER,3.35,3,3
COR06446,NOMD,BJMD,Noamundi,Bara Jamda,SER,10.54,3,3
COR06447,BJMD,BBN,Bara Jamda,Barbil,SER,8.21,2,2
COR06448,DLJ,JA,DHOLA JN,JALIYA,WR,10.94,2,2
COR06449,JA,DAS,JALIYA,DHASA JN,WR,12.4,2,2
COR06450,DAS,DME,DHASA JN,DAMNAGAR,WR,10.52,3,3
COR06451,DME,PCT,DAMNAGAR,PANCHTALAVDA ROAD,WR,4.58,3,3
COR06452,PCT,HTGR,PANCHTALAVDA ROAD,HATHIGADH,WR,5.65,3,3
COR06453,HTGR,LMO,HATHIGADH,LILIYA MOTA,WR,11.57,3,3
COR06454,LMO,JIR,LILIYA MOTA,JIRA ROAD,WR,10.41,3,3
COR06455,JIR,SVKD,JIRA ROAD,SAVAR KUNDLA,WR,13.25,3,3
COR06456,SVKD,BDHA,SAVAR KUNDLA,BADHADA,WR,7.65,3,3
COR06457,BDHA,GKD,BADHADA,GADHAKDA,WR,5.83,3,3
COR06458,GKD,VJD,GADHAKDA,VIJPADI ROAD,WR,9.54,3,3
COR06459,VJD,VVV,VIJPADI ROAD,VAVERA,WR,13.08,3,3
COR06460,VVV,RLA,VAVERA,RAJULA JN,WR,6.02,3,3
COR06461,RLA,DGJ,RAJULA JN,DUNGAR JN,WR,8.18,4,4
COR06462,DGJ,SJF,DUNGAR JN,SAJANVAR ROAD,WR,5.74,4,4
COR06463,SJF,AVL,SAJANVAR ROAD,AMRITVEL,WR,7.4,4,4
COR06464,AVL,MQZ,AMRITVEL,MOTA JADRA,WR,2.64,4,4
COR06465,MQZ,MHV,MOTA JADRA,MAHUVA JN,WR,5.5,4,4
COR06466,SBV,SHC,SIMRI BHAKHTIYARPUR,SAHARSA JN,ECR,17.16,2,2
COR06467,SZN,NOH,Shahbaznagar,Nigohi,NER,18.92,1,1
COR06468,ZNP,MIW,Zindpura,Mighauna,NER,6.2,3,3
COR06469,MINA,BDWS,MIYANA,BADARWAS,WCR,16.75,4,4
COR06470,KLRS,SVPI,KOLARAS,SHIVPURI,WCR,24.22,4,4
COR06471,SVPI,MOJ,SHIVPURI,MOHANA,WCR,63.35,4,4
COR06472,MOJ,GHAI,MOHANA,GHATIGAON,WCR,12.45,4,4
COR06473,THE,GOPG,Thawe Junction,Gopalganj,NER,4.43,4,4
COR06474,GOPG,MJV,Gopalganj,Manjhagarh,NER,7.98,4,4
COR06475,MJV,SQW,Manjhagarh,Sidhwalia,NER,18.68,4,4
COR06476,SQW,DWDI,Sidhwalia,Dighwa Dubauli,NER,10.77,4,4
COR06477,DWDI,RPV,Dighwa Dubauli,Rajapatti,NER,11.42,4,4
COR06478,RPV,MHC,Rajapatti,Masrakh,NER,8.74,4,4
COR06479,MHC,SMKR,Masrakh,Sham Kauria,NER,7.78,4,4
COR06480,SMKR,MEW,Sham Kauria,Marhaura,NER,7.63,4,4
COR06481,MEW,PEE,Marhaura,Paterhi,NER,6.81,4,4
COR06482,PEE,KYH,Paterhi,Khairah,NER,8.31,4,4
COR06483,BPO,KCV,Baripada,Krishnachandrapur,SER,13.87,2,2
COR06484,KCV,BTQ,Krishnachandrapur,Betnoti,SER,9.57,2,2
COR06485,RE,KORI,REWARI,Khori,NWR,11.05,4,5
COR06486,KORI,KUND,Khori,Kund,NWR,10.83,4,5
COR06487,KUND,KTWS,Kund,Kathuwas,NWR,5.53,4,5
COR06488,KTWS,AEL,Kathuwas,Ateli,NWR,9.62,4,5
COR06489,AEL,MBV,Ateli,Mirzapur Bachhaud,NWR,5.9,4,5
COR06490,MBV,NNL,Mirzapur Bachhaud,Narnaul,NWR,8.28,4,5
COR06491,NNL,APJ,Narnaul,Amarpur Jorasi,NWR,5.26,4,5
COR06492,APJ,NIP,Amarpur Jorasi,Nizampur,NWR,8.86,4,5
COR06493,NIP,DBLA,Nizampur,Dabla,NWR,10.74,3,4
COR06494,DBLA,JLLO,Dabla,Jhilo,NWR,6.96,3,4
COR06495,JLLO,MADA,Jhilo,Maonda,NWR,7.67,4,5
COR06496,MADA,NMK,Maonda,Nim Ka Thana,NWR,8.9,4,5
COR06497,NMK,BAGA,Nim Ka Thana,Bhagega,NWR,9.2,4,5
COR06498,BAGA,KAWT,Bhagega,Kanwat,NWR,10.7,4,5
COR06499,KAWT,KHRA,Kanwat,Khachera,NWR,7.07,4,5
COR06500,KHRA,SMPR,Khachera,Shri Madhopur,NWR,9.54,4,5
COR06501,SMPR,RGS,Shri Madhopur,Ringas Junction,NWR,9.97,4,5
COR06502,RGS,KMNP,Ringas Junction,Kishan Manpura,NWR,10.05,4,5
COR06503,KMNP,BDHL,Kishan Manpura,Badhal,NWR,7.46,4,5
COR06504,BDHL,PCMK,Badhal,Pacharmalikpura,NWR,8.34,4,5
COR06505,PCMK,RNW,Pacharmalikpura,Renwal,NWR,6.64,4,5
COR06506,RNW,MNHA,Renwal,Mindha,NWR,4.78,4,5
COR06507,MNHA,BILA,Mindha,Bheslana,NWR,5.91,4,5
COR06508,BILA,SFE,Bheslana,Sanodiya,NWR,6.49,4,5
COR06509,SFE,KNDL,Sanodiya,Khandel,NWR,6.48,4,5
COR06510,KNDL,PKBS,Khandel,Peeplee-ka-bas,NWR,4.99,4,5
COR06511,HDT,RTB,HARDATTPUR,RAJA TALAB,NER,5.9,3,3
COR06512,RTB,NTU,RAJA TALAB,NIGATPUR,NER,9.38,3,3
COR06513,MQ,NMJ,Mannargudi,NIDAMANGALAM,SR,11.97,1,1
COR06514,BTI,BWX,BHATINDA JN,BAHMAN DIWANA,NR,8.17,13,13
COR06515,BWX,BHX,BAHMAN DIWANA,BULLUANA,NR,6.41,13,13
COR06516,BHX,GDB,BULLUANA,GIDDARBAHA,NR,11.64,12,12
COR06517,GDB,FSR,GIDDARBAHA,FAQARSAR,NR,8.82,13,13
COR06518,FSR,MOT,FAQARSAR,MALOUT,NR,7.43,13,13
COR06519,MOT,PKK,MALOUT,PAKKI,NR,13.64,12,12
COR06520,PKK,BFE,PAKKI,BAHAWAL BASI,NR,7.58,13,13
COR06521,BFE,ABS,BAHAWAL BASI,ABOHAR,NR,8.09,13,13
COR06522,ABS,KLWL,ABOHAR,KILANWALI PUNJAB,NR,8.01,11,11
COR06523,KLWL,PJK,KILANWALI PUNJAB,PANJ KOSI,NR,5.29,11,11
COR06524,PJK,BKWA,PANJ KOSI,BAKAYANWALA,NR,6.91,11,11
COR06525,BKWA,KTPK,BAKAYANWALA,KOTHA PAKKI,NR,1.89,11,11
COR06526,KTPK,HMK,KOTHA PAKKI,HINDUMALKOTE,NR,3.9,11,11
COR06527,HMK,ORKI,HINDUMALKOTE,ORKI,NR,7.01,11,11
COR06528,ORKI,FTH,ORKI,FATUHI,NR,4.3,11,11
COR06529,FTH,MOPR,FATUHI,MOHANPURA,NR,7.61,10,10
COR06530,MOPR,SGNR,MOHANPURA,SHRI GANGANAGAR,NR,7.21,11,11
COR06531,ETAH,AWG,Etah,Awa Garh,NCR,21.41,2,2
COR06532,AWG,KWW,Awa Garh,Kuswa,NCR,6.96,2,2
COR06533,KWW,JSC,Kuswa,Jalesar City,NCR,9.73,2,2
COR06534,JSC,SWW,Jalesar City,Shahanagar Timarua,NCR,6.67,2,2
COR06535,SBL,PPCK,Sabalgarh,Pipalwali Chowk,NCR,6.41,2,2
COR06536,PPCK,SYF,Pipalwali Chowk,Semai,NCR,4.89,2,2
COR06537,SYF,KQS,Semai,Kailaras,NCR,10.69,3,3
COR06538,KQS,BHAT,Kailaras,Bhatpura,NCR,5.95,3,3
COR06539,BHAT,SKU,Bhatpura,Sikroda,NCR,5.84,3,3
COR06540,SKU,JPO,Sikroda,Jora Alapur,NCR,7.03,3,3
COR06541,JPO,THR,Jora Alapur,Thara,NCR,5.01,3,3
COR06542,THR,SMV,Thara,Sumaoli,NCR,6.69,3,3
COR06543,SMV,ABE,Sumaoli,Ambikeshwar,NCR,4.84,3,3
COR06544,ABE,BMZ,Ambikeshwar,Bamour Gaon,NCR,11.58,3,3
COR06545,BMZ,MIAL,Bamour Gaon,Milaoli,NCR,7.21,3,3
COR06546,MIAL,MTJL,Milaoli,Motijheel,NCR,5.61,3,3
COR06547,MTJL,GOPA,Motijheel,Ghosipura,NCR,3.94,3,3
COR06548,GOPA,GWO,Ghosipura,Gwalior NG,NCR,3.17,3,3
COR06549,BTQ,KCV,Betnoti,Krishnachandrapur,SER,9.57,2,2
COR06550,KCV,BPO,Krishnachandrapur,Baripada,SER,13.87,2,2
COR06551,BDTS,STC,MUMBAI BANDRA TERMINUS,SANTA CRUZ,WR,2.24,2,2
COR06552,AO,DUB,AONLA,DABTARA,NR,19.19,5,5
COR06553,DUB,AFR,DABTARA,ASAFPUR,NR,9.3,7,7
COR06554,DBRG,LHL,DIBRUGARH,LAHOAL,NFR,6.46,5,5
COR06555,RAL,POA,Repalle,Palikona,SCR,5.37,3,3
COR06556,POA,BQU,Palikona,Bhattiprolu,SCR,5.16,3,3
COR06557,BQU,PUMU,Bhattiprolu,Penumarru,SCR,3.15,3,3
COR06558,PUMU,VMU,Penumarru,Vemuru,SCR,6.26,3,3
COR06559,VMU,ZPI,Vemuru,Zampini,SCR,3.89,3,3
COR06560,ZPI,CIV,Zampini,Chinnaravuru,SCR,6.8,3,3
COR06561,CTA,HLV,Chitradurg,Haliyuru,SWR,5.44,4,4
COR06562,HLV,BTGH,Haliyuru,Bettadnagenhali,SWR,9.95,4,4
COR06563,BTGH,AMC,Bettadnagenhali,Amritapura,SWR,4.09,4,4
COR06564,AMC,CKVD,Amritapura,Chikkandawadi,SWR,4.64,3,3
COR06565,CKVD,JRU,Chikkandawadi,CHIKJAJUR JN,SWR,7.01,3,3
COR06566,LMT,WDL,ALMATTI,WANDAL,SWR,8.79,1,1
COR06567,WDL,BSRX,WANDAL,BAGEVADI RD,SWR,7.99,1,1
COR06568,BSRX,MVD,BAGEVADI RD,MULVAD,SWR,17.86,1,1
COR06569,MVD,BJP,MULVAD,BIJAPUR,SWR,23.44,1,1
COR06570,BJP,MNL,BIJAPUR,MINCHNAL,SWR,17.9,1,1
COR06571,MNL,NBL,MINCHNAL,NIMBAL,SWR,16.82,1,1
COR06572,NBL,LHN,NIMBAL,LACHYAN,SWR,21.5,1,1
COR06573,LHN,TVL,LACHYAN,TADWAL,SWR,12.64,1,1
COR06574,NIR,NWA,Nainpur Junction,Nagarwara,SECR,23.95,1,1
COR06575,SRDR,RXW,Sardarshahr,Ratangarh West,NWR,42.76,3,3
COR06576,RXW,RTGH,Ratangarh West,Ratangarh Junction,NWR,1.48,3,3
COR06577,SSGJ,NWB,SURSARAIGHAT JH,NIWAS ROAD,WCR,11.83,1,1
COR06578,BSDL,MWJ,BHARSENDI,MARWASGRAM,WCR,23.73,1,1
COR06579,SKBR,JOBA,SHANKARPUR BHADAURA,JOBA,WCR,17.2,1,1
COR06580,NLH,GHNA,NAULTHA,GOHANA,NR,27.78,3,3
COR06581,GHNA,ROK,GOHANA,ROHTAK JN,NR,29.72,3,3
COR06582,LHU,BOTR,Loharu,Bhavdhari,NWR,,6,6
COR06583,BOTR,SRGH,Bhavdhari,Surajgarh,NWR,,6,6
COR06584,SRGH,CRWA,Surajgarh,Chirawa,NWR,11.96,6,6
COR06585,CRWA,NRKE,Chirawa,Nari Khetri,NWR,,6,6
COR06586,NRKE,RSH,Nari Khetri,Ratan Shahr,NWR,,6,6
COR06587,RSH,JJN,Ratan Shahr,Jhunjhunun,NWR,14.3,6,6
COR06588,JJN,NUA,Jhunjhunun,Nua,NWR,11.59,6,6
COR06589,NUA,BOX,Nua,Bhojasar,NWR,,6,6
COR06590,BOX,DOB,Bhojasar,Dundlodh Mukundgarh,NWR,,6,6
COR06591,DOB,BWPL,Dundlodh Mukundgarh,Balwant Pura Chelasi,NWR,20.48,6,6
COR06592,BWPL,NWH,Balwant Pura Chelasi,Nawalgarh,NWR,20.74,6,6
COR06593,NWH,JDD,Nawalgarh,Jerthi Dadhia,NWR,13.26,6,6
COR06594,JDD,SIKR,Jerthi Dadhia,Sikar Junction,NWR,13.66,6,6
COR06595,SIKR,GIO,Sikar Junction,Goriyan,NWR,13.42,7,7
COR06596,GIO,RNIS,Goriyan,Ranolishishu,NWR,4.9,7,7
COR06597,RNIS,PLSN,Ranolishishu,Palsana,NWR,8.58,7,7
COR06598,PLSN,BOTI,Palsana,Baori Thikria,NWR,15.13,7,7
COR06599,BOTI,SNTH,Baori Thikria,Sonthaliya,NWR,2.55,7,7
COR06600,SNTH,RGS,Sonthaliya,Ringas Junction,NWR,4.35,7,7
COR06601,RGS,COD,Ringas Junction,Chhota Gudha,NWR,9.53,9,9
COR06602,COD,GND,Chhota Gudha,Govindgarh Malikpur,NWR,7.43,9,9
COR06603,GND,LHW,Govindgarh Malikpur,Loharwara,NWR,5.65,9,9
COR06604,LHW,COM,Loharwara,Chomun Samod,NWR,5.15,9,9
COR06605,COM,BHG,Chomun Samod,Bhaton Ki Gali,NWR,5.93,9,9
COR06606,BHG,NDH,Bhaton Ki Gali,Nindhar Benar,NWR,11.43,9,9
COR06607,NDH,DKBJ,Nindhar Benar,Dahar Ka Balaji,NWR,7.55,9,9
COR06608,MTC,NRNR,MEERUT CITY,Nurnagar,NR,7.84,5,5
COR06609,NRNR,KXK,Nurnagar,Kharkhauda,NR,9.46,3,3
COR06610,KXK,KALI,Kharkhauda,Kaili,NR,5.51,5,5
COR06611,HZR,GLH,Hafizpur,Gulaothi,NR,9.98,6,6
COR06612,GLH,CHWT,Gulaothi,Chhaprawat,NR,4.56,6,6
COR06613,CHWT,BARL,Chhaprawat,Baral,NR,5.41,6,6
COR06614,BARL,BSC,Baral,Bulandshahr,NR,11.96,6,6
COR06615,BSC,MOM,Bulandshahr,Maman,NR,6.96,5,5
COR06616,MOM,KJY,Maman,Khurja City,NR,8.88,5,5
COR06617,CTRL,AKL,CHHATRAL,Anakhol,WR,,2,2
COR06618,AKL,KADI,Anakhol,Kadi,WR,,2,2
COR06619,KADI,DEU,Kadi,Devsana,WR,,2,2
COR06620,DEU,BHAN,Devsana,Bhoyani,WR,,2,2
COR06621,BHAN,KTRD,Bhoyani,Katosan Road,WR,5.73,2,2
COR06622,KTRD,DNPR,Katosan Road,Dhanpura,WR,6.01,2,2
COR06623,DNPR,RTJ,Dhanpura,Rantej,WR,6.3,2,2
COR06624,RTJ,DHLI,Rantej,Dethli,WR,5.43,2,2
COR06625,DHLI,BHRJ,Dethli,Becharji,WR,8.24,2,2
COR06626,BHRJ,KVH,Becharji,Khambhel,WR,10.57,2,2
COR06627,KVH,BATS,Khambhel,Bhatsar,WR,,2,2
COR06628,BATS,BMDI,Bhatsar,Brahmanwada,WR,,2,2
COR06629,BMDI,CSMA,Brahmanwada,Chanasma Junction,WR,,2,2
COR06630,CSMA,RUJ,Chanasma Junction,RANUJ,WR,11.84,2,2
COR06631,SGRL,ANPR,SINGRAULI,Anpara,ECR,12.6,2,2
COR06632,ANPR,KRSL,Anpara,Krishnashilla,ECR,6.94,2,2
COR06633,KRSL,SKTN,Krishnashilla,Shakti Nagar,ECR,7.39,2,2
COR06634,BGQ,MNQ,BHONGAON,MAINPURI,NCR,13.78,1,1
COR06635,BBC,RMX,Bhachhbar,Ramsar,NWR,17.89,2,2
COR06636,RMX,GGY,Ramsar,Gagariya,NWR,13.31,2,2
COR06637,GGY,GDD,Gagariya,Gadra Road,NWR,9.2,2,2
COR06638,BHLE,PNSA,Barahat,Punsia,ER,3.68,6,6
COR06639,PNSA,DWLE,Punsia,Dhauni,ER,6.45,6,6
COR06640,DWLE,SJJ,Dhauni,Sanjha,ER,6.22,5,5
COR06641,SJJ,TKLE,Sanjha,Tikani,ER,4.79,5,5
COR06642,TKLE,HPLE,Tikani,Hatpuraini,ER,5.34,5,5
COR06643,HPLE,GIF,Hatpuraini,Gani Dham Halt,ER,0.86,5,5
COR06644,GIF,KKTA,Gani Dham Halt,Kollikhutaha,ER,2.92,5,5
COR06645,KHRI,MHQ,Kharkhari,Mahuda,SER,3.91,2,2
COR06646,MHQ,MLQ,Mahuda,Malkera Junction,SER,4.47,3,3
COR06647,MLQ,TSAH,Malkera Junction,Tata Sijua Halt,SER,3.58,3,3
COR06648,TSAH,LYD,Tata Sijua Halt,Layabad,SER,2.06,3,3
COR06649,LYD,KRKN,Layabad,Karkend,SER,2.02,2,2
COR06650,KRKN,VAA,Karkend,Bhaga Junction,SER,5.95,2,2
COR06651,VAA,JBO,Bhaga Junction,Jamadobu,SER,1.02,3,3
COR06652,JBO,BCB,Jamadobu,Bhowra Junction,SER,4.98,3,3
COR06653,BCB,SDMD,Bhowra Junction,Sudamdih,SER,2.99,3,3
COR06654,SDMD,BJE,Sudamdih,Bhojudih Junction,SER,1.53,4,4
COR06655,BJE,SNTD,Bhojudih Junction,Santaldih,SER,6.26,8,8
COR06656,SNTD,RUI,Santaldih,Rukni,SER,8.28,8,8
COR06657,RUI,SNKR,Rukni,Sanka,SER,7.48,8,8
COR06658,SNKR,ADRA,Sanka,ADRA JN,SER,6.89,8,8
COR06659,MHQ,TLE,Mahuda,Talgaria,SER,9.85,4,4
COR06660,TLE,SBW,Talgaria,Shewbabudih,SER,6.13,4,4
COR06661,SBW,BJE,Shewbabudih,Bhojudih Junction,SER,6.05,4,4
COR06662,BRY,RGB,BAREILLY,RAMGANGA,NER,5.6,8,8
COR06663,RGB,BMY,RAMGANGA,Bamiana,NR,5.95,8,8
COR06664,BMY,MQP,Bamiana,Makrandpur,NER,6.72,8,8
COR06665,MQP,KRTL,Makrandpur,Kartauli,NER,17.3,8,8
COR06666,KRTL,GTP,Kartauli,Ghatpuri,NER,29.98,8,8
COR06667,GTP,MQW,Ghatpuri,Mallannagar,NER,,8,8
COR06668,MQW,BEM,Mallannagar,Budaun,NER,,8,8
COR06669,BEM,SKW,Budaun,Sheikhupur,NER,4.04,8,8
COR06670,SKW,UJH,Sheikhupur,Ujhani,NER,8.87,8,8
COR06671,UJH,BTRI,Ujhani,Bitrol,NER,9.01,8,8
COR06672,BTRI,KCU,Bitrol,Kachhiaa,NER,4.19,8,8
COR06673,KCU,KCO,Kachhiaa,Kachhia Bridge,NER,3.76,8,8
COR06674,KCO,MPG,Kachhia Bridge,Manpur Nagaria,NER,6.0,8,8
COR06675,MPG,SRNK,Manpur Nagaria,Soron,NER,7.39,8,8
COR06676,SRNK,SRN,Soron,Soron,NER,0.05,8,8
COR06677,SRN,KJC,Soron,Kasganj City,NER,11.75,8,8
COR06678,KJC,KSJF,Kasganj City,Kasganj Mg,NER,1.98,8,8
COR06679,RKSH,VRH,RISHIKESH,VIRBHADRA,NR,4.99,6,6
COR06680,VRH,RWL,VIRBHADRA,RAIWALA,NR,6.21,6,6
COR06681,WGI,DNGD,Waghai,Dungarda,WR,,4,4
COR06682,DNGD,KMB,Dungarda,Kalv Amba,WR,,4,4
COR06683,KMB,KVO,Kalv Amba,Kevdi Road,WR,,4,4
COR06684,KVO,UNI,Kevdi Road,Unai Vansada Road,WR,,4,4
COR06685,UNI,ANW,Unai Vansada Road,Anawal,WR,,4,4
COR06686,ANW,DOLK,Anawal,Dholikua,WR,,4,4
COR06687,DOLK,RW,Dholikua,Rankua,WR,,4,4
COR06688,RW,CIO,Rankua,Chikhli Road,WR,,4,4
COR06689,CIO,GNV,Chikhli Road,Gandevi,WR,,4,4
COR06690,GNV,BIM,Gandevi,BILIMORA JN,WR,,4,4
COR06691,ACLE,SDI,AZIMGANJ CITY,Sagardighi,ER,16.52,2,2
COR06692,SDI,MGAE,Sagardighi,Morgram,ER,9.02,3,3
COR06693,MGAE,LAP,Morgram,Lohapur,ER,5.55,3,3
COR06694,LAP,TKP,Lohapur,Takipur,ER,4.37,3,3
COR06695,JALD,HM,JALIYA DEVANI,HADMATIYA JN,WR,7.33,3,3
COR06696,HM,CX,HADMATIYA JN,CHANOL,WR,7.03,2,2
COR06697,LTR,SRGT,LAKHTAR,SURENDRANAGAR GATE,WR,21.12,8,8
COR06698,SRGT,JVN,SURENDRANAGAR GATE,JORAWARNAGAR JN,WR,2.52,9,9
COR06699,JVN,WC,JORAWARNAGAR JN,WADHWAN CITY,WR,3.33,9,9
COR06700,WC,LM,WADHWAN CITY,LIMBDI,WR,19.4,9,9
COR06701,LM,CDA,LIMBDI,CHUDA,WR,8.86,9,9
COR06702,CDA,VJK,CHUDA,VEJALKA,WR,9.29,9,9
COR06703,VJK,RUR,VEJALKA,RANPUR,WR,6.33,9,9
COR06704,RUR,KDI,RANPUR,KUNDLI,WR,9.64,9,9
COR06705,KDI,BTD,KUNDLI,BOTAD JN,WR,10.84,9,9
COR06706,LAD,IRN,Lohardaga,Irgaon,SER,8.21,4,4
COR06707,IRN,AKZ,Irgaon,Akashi,SER,11.41,4,4
COR06708,AKZ,NJA,Akashi,Nagjua,SER,8.1,4,4
COR06709,NJA,NRKP,Nagjua,Narkopi,SER,4.99,4,4
COR06710,NRKP,TGB,Narkopi,Tangarbasuli,SER,4.92,4,4
COR06711,TGB,ITKY,Tangarbasuli,Itky,SER,6.9,4,4
COR06712,ITKY,PIS,Itky,Piska,SER,8.45,4,4
COR06713,KURJ,RJAK,KHAJURAHO,RAJNAGAR,NCR,11.92,3,3
COR06714,DEC,DLI,DELHI CANTT,OLD DELHI,NR,12.16,6,6
COR06715,KDBM,VAE,Khed Brahma,Vadali,WR,9.01,2,2
COR06716,VAE,KADR,Vadali,Kadiyadra,WR,7.17,2,2
COR06717,KADR,IDAR,Kadiyadra,Idar,WR,7.29,2,2
COR06718,IDAR,JADR,Idar,Jadar,WR,11.61,2,2
COR06719,JADR,MHDP,Jadar,Mahadevpara,WR,7.66,2,2
COR06720,MHDP,HMT,Mahadevpara,HIMMATNAGAR,WR,9.56,2,2
COR06721,GUV,AMLR,GURUVAYUR,AMALA NAGAR,SR,14.35,6,6
COR06722,NTU,RTB,NIGATPUR,RAJA TALAB,NER,9.38,3,3
COR06723,RTB,HDT,RAJA TALAB,HARDATTPUR,NER,5.9,3,3
COR06724,GUH,DXH,GULDHAR,DUHAI,NR,3.8,6,6
COR06725,DXH,MUD,DUHAI,MURADNAGAR,NR,4.1,6,6
COR06726,GNTR,MAH,Gauntra Halt,Madhoganj,NR,8.36,3,3
COR06727,MAH,MLW,Madhoganj,Mallanwan,NR,9.37,1,1
COR06728,MLW,GJMB,Mallanwan,Ganjmuradabad,NR,5.69,3,3
COR06729,GJMB,BGMU,Ganjmuradabad,Bangarmau,NR,11.58,3,3
COR06730,BGMU,FTC,Bangarmau,Fatehpur Chursi,NR,6.66,3,3
COR06731,FTC,UGU,Fatehpur Chursi,Ugu,NR,5.74,3,3
COR06732,UGU,SFPR,Ugu,Safipur,NR,8.64,3,3
COR06733,SFPR,BRDV,Safipur,Baradev,NR,7.39,3,3
COR06734,BRDV,MKHI,Baradev,Makhi,NR,6.64,3,3
COR06735,SNA,BAJ,Sadanapura,Bhalej,WR,4.08,2,2
COR06736,BAJ,OD,Bhalej,Od,WR,5.21,2,2
COR06737,OD,UMH,Od,Umreth,WR,5.97,2,2
COR06738,UMH,DK,Umreth,Dakor,WR,7.19,2,2
COR06739,DK,TAS,Dakor,Thasra,WR,8.57,2,2
COR06740,TAS,AAV,Thasra,Ambav,WR,,2,2
COR06741,AAV,AGCI,Ambav,Angadi,WR,,2,2
COR06742,AGCI,SVL,Angadi,Sevaliya,WR,6.33,2,2
COR06743,SVL,TBA,Sevaliya,Timba Road,WR,5.16,2,2
COR06744,TBA,TUWA,Timba Road,Tuwa,WR,8.2,2,2
COR06745,TUWA,VKG,Tuwa,Vavadi Khurd,WR,4.13,2,2
COR06746,BDGP,KRNU,BADANAGUPPE,KONANUR,SWR,6.81,5,5
COR06747,KRNU,KVE,KONANUR,KAVALANDE,SWR,1.45,5,5
COR06748,KVE,BDV,KAVALANDE,BADANAVALU,SWR,7.21,5,5
COR06749,BDV,NBU,BADANAVALU,NARASAMBUDHI,SWR,6.07,5,5
COR06750,NBU,CGHD,NARASAMBUDHI,CHINNADAGUDI,SWR,4.01,5,5
COR06751,CGHD,NTW,CHINNADAGUDI,NANJANGUD TOWN,SWR,6.68,5,5
COR06752,NTW,SJPM,NANJANGUD TOWN,SUJATA PURAM HALT,SWR,2.24,7,7
COR06753,SJPM,TXM,SUJATA PURAM HALT,TANDAVAPURA,SWR,3.19,7,7
COR06754,TXM,KDO,TANDAVAPURA,KADAKOLA,SWR,2.89,7,7
COR06755,KDO,AP,KADAKOLA,ASHOKAPURAM,SWR,9.77,7,7
COR06756,AP,CMJ,ASHOKAPURAM,CHAMARAJAPURAM,SWR,2.76,7,7
COR06757,CMJ,MYS,CHAMARAJAPURAM,MYSORE JN,SWR,2.45,7,7
COR06758,AA,SD,ATARIA,SIDHAULI,NER,12.29,7,7
COR06759,STP,HA,SITAPUR,HARGAON,NER,23.59,1,1
COR06760,HA,KITN,HARGAON,KHIRI TOWN,NER,16.01,6,6
COR06761,KITN,LMP,KHIRI TOWN,LAKHIMPUR,NER,5.06,9,9
COR06762,LMP,GK,LAKHIMPUR,GOLA GOKARANATH,NER,33.36,1,1
COR06763,BAHP,TQA,Band Hamirpur,Takia,NR,4.26,1,1
COR06764,TQA,BSWA,Takia,Baiswara,NR,6.04,1,1
COR06765,CMNR,BDGP,CHAMARAJANAGAR,BADANAGUPPE,SWR,9.93,4,4
COR06766,GZN,MUD,NEW GHAZIABAD,MURADNAGAR,NR,11.55,3,3
COR06767,MUD,DXH,MURADNAGAR,DUHAI,NR,4.1,6,6
COR06768,DXH,GUH,DUHAI,GULDHAR,NR,3.8,6,6
COR06769,LGH,KNSR,LALGARH JN,KANASAR,NWR,11.42,9,9
COR06770,JDL,DHRR,JAGDEVWALA,DHIRERA,NWR,16.77,8,8
COR06771,DHRR,DLC,DHIRERA,DALMERA,NWR,7.21,9,9
COR06772,DLC,LKS,DALMERA,LUNKARANSAR,NWR,11.93,9,9
COR06773,LKS,NTZ,LUNKARANSAR,NATHWANA,NWR,10.39,9,9
COR06774,NTZ,MLC,NATHWANA,MALKISAR,NWR,11.18,9,9
COR06775,MLC,MHJ,MALKISAR,MAHAJAN,NWR,15.46,9,9
COR06776,MHJ,AS,MAHAJAN,ARJANSAR,NWR,15.76,9,9
COR06777,AS,RJS,ARJANSAR,RAJIYASAR,NWR,15.15,9,9
COR06778,RJS,BDWL,RAJIYASAR,BIRADHWAL,NWR,12.98,9,9
COR06779,BDWL,SOG,BIRADHWAL,SURATGARH JN,NWR,16.72,8,8
COR06780,NMJ,MQ,NIDAMANGALAM,Mannargudi,SR,11.97,1,1
COR06781,JIL,BNH,JALILA ROAD,BHIMNATH,WR,10.8,3,3
COR06782,BNH,DCK,BHIMNATH,DHANDHUKA,WR,16.21,1,1
COR06783,DCK,LHBK,DHANDHUKA,LOTHAL BHURKI,WR,31.56,1,1
COR06784,LHBK,AEJ,LOTHAL BHURKI,ARNEJ,WR,5.72,3,3
COR06785,AEJ,KTGD,ARNEJ,KOTH GANGAD,WR,6.17,3,3
COR06786,KTGD,DOK,KOTH GANGAD,DHOLKA,WR,17.8,1,1
COR06787,DOK,VLA,DHOLKA,BAVLA,WR,13.3,3,3
COR06788,VLA,SEJ,BAVLA,SARKHEJ,WR,21.37,1,1
COR06789,SEJ,VTP,SARKHEJ,VASTRAPUR,WR,3.58,3,3
COR06790,VTP,GG,VASTRAPUR,GANDHIGRAM,WR,5.61,3,3
COR06791,BHJ,STZ,Barhaj Bazar,Satraon,NER,8.96,3,3
COR06792,STZ,DRBR,Satraon,Deoraha Baba Road,NER,4.96,3,3
COR06793,DRBR,SRU,Deoraha Baba Road,SALEMPUR JN,NER,5.43,3,3
COR06794,TLS,DJL,Bettahalsoor,Dodajala Lake,SWR,5.29,2,2
COR06795,DJL,DHL,Dodajala Lake,Devanhalli,SWR,9.08,2,2
COR06796,DHL,AVT,Devanhalli,Avati,SWR,6.28,1,1
COR06797,AVT,VTE,Avati,Venkatagiri Kote Halt,SWR,3.29,1,1
COR06798,VTE,NDY,Venkatagiri Kote Halt,Nandi Halt,SWR,6.54,1,1
COR06799,NDY,CBP,Nandi Halt,Chik Ballapur,SWR,5.68,1,1
COR06800,PKBS,KNDL,Peeplee-ka-bas,Khandel,NWR,4.99,4,5
COR06801,KNDL,SFE,Khandel,Sanodiya,NWR,6.48,4,5
COR06802,SFE,BILA,Sanodiya,Bheslana,NWR,6.49,4,5
COR06803,BILA,MNHA,Bheslana,Mindha,NWR,5.91,4,5
COR06804,MNHA,RNW,Mindha,Renwal,NWR,4.78,4,5
COR06805,RNW,PCMK,Renwal,Pacharmalikpura,NWR,6.64,4,5
COR06806,PCMK,BDHL,Pacharmalikpura,Badhal,NWR,8.34,4,5
COR06807,BDHL,KMNP,Badhal,Kishan Manpura,NWR,7.46,4,5
COR06808,KMNP,RGS,Kishan Manpura,Ringas Junction,NWR,10.05,4,5
COR06809,RGS,SMPR,Ringas Junction,Shri Madhopur,NWR,9.97,4,5
COR06810,SMPR,KHRA,Shri Madhopur,Khachera,NWR,9.54,4,5
COR06811,KHRA,KAWT,Khachera,Kanwat,NWR,7.07,4,5
COR06812,KAWT,BAGA,Kanwat,Bhagega,NWR,10.7,4,5
COR06813,BAGA,NMK,Bhagega,Nim Ka Thana,NWR,9.2,4,5
COR06814,NMK,MADA,Nim Ka Thana,Maonda,NWR,8.9,4,5
COR06815,MADA,JLLO,Maonda,Jhilo,NWR,7.67,4,5
COR06816,JLLO,NIP,Jhilo,Nizampur,NWR,17.52,1,1
COR06817,NIP,APJ,Nizampur,Amarpur Jorasi,NWR,8.86,4,5
COR06818,APJ,NNL,Amarpur Jorasi,Narnaul,NWR,5.26,4,5
COR06819,NNL,MBV,Narnaul,Mirzapur Bachhaud,NWR,8.28,4,5
COR06820,MBV,AEL,Mirzapur Bachhaud,Ateli,NWR,5.9,4,5
COR06821,AEL,KTWS,Ateli,Kathuwas,NWR,9.62,4,5
COR06822,KTWS,KUND,Kathuwas,Kund,NWR,5.53,4,5
COR06823,KUND,KORI,Kund,Khori,NWR,10.83,4,5
COR06824,KORI,RE,Khori,REWARI,NWR,11.05,4,5
COR06825,BNKI,SKHK,Banmankhi Junction,Sukhasan Kothi,ECR,6.4,2,2
COR06826,SKHK,AUI,Sukhasan Kothi,Aurahi,ECR,2.66,2,2
COR06827,BAKT,RBN,Barhara Kothi,Raghubans Nagar,ECR,4.27,3,3
COR06828,RBN,BHGJ,Raghubans Nagar,Bihariganj,ECR,7.26,3,3
COR06829,BELA,NYM,Bela,Neyamatpur,ECR,4.64,2,2
COR06830,MGWN,JNU,MAHGAWAN HALT,JAUNPUR JN,NR,6.06,4,4
COR06831,LHL,DBRG,LAHOAL,DIBRUGARH,NFR,6.46,2,2
COR06832,BSC,BARL,Bulandshahr,Baral,NR,11.96,6,6
COR06833,BARL,CHWT,Baral,Chhaprawat,NR,5.41,6,6
COR06834,CHWT,GLH,Chhaprawat,Gulaothi,NR,4.56,6,6
COR06835,GLH,HZR,Gulaothi,Hafizpur,NR,9.98,6,6
COR06836,SMQL,SLWR,SHAMLI,SILAWAR,NR,7.31,6,6
COR06837,SLWR,HIND,SILAWAR,HIND,NR,3.3,6,6
COR06838,HIND,THBN,HIND,THANA BHAWAN,NR,8.28,5,5
COR06839,THBN,TBTN,THANA BHAWAN,THANA BHAWAN TN,NR,1.52,9,14
COR06840,TBTN,THBN,THANA BHAWAN TN,THANA BHAWAN,NR,1.52,11,14
COR06841,TBTN,NNX,THANA BHAWAN TN,NANAUTA,NR,15.09,6,6
COR06842,NNX,SNAP,NANAUTA,SONA ARJUNPUR,NR,5.22,6,6
COR06843,SNAP,RPMN,SONA ARJUNPUR,RAMPURMANI HARA,NR,5.31,6,6
COR06844,RPMN,BNQL,RAMPURMANI HARA,BHANKALA HALT,NR,4.66,6,6
COR06845,BNQL,MNZ,BHANKALA HALT,MANANI,NR,4.96,6,6
COR06846,MNZ,TPZ,MANANI,TAPRI JN,NR,8.85,6,6
COR06847,RKJE,SDBH,Rakhitpur,Sindri Block Hut,ECR,5.76,5,5
COR06848,SDBH,SNMY,Sindri Block Hut,Sindri Marshalling Yard,ECR,3.48,4,4
COR06849,HSX,NAS,Hoshiarpur,Nasrala,NR,6.32,3,3
COR06850,NAS,SCQ,Nasrala,Sham Chaurasi,NR,8.76,3,3
COR06851,SCQ,KUPR,Sham Chaurasi,Khurdpur,NR,5.55,3,3
COR06852,KUPR,BLND,Khurdpur,Bolinna Doaba,NR,11.07,3,3
COR06853,SVC,ALS,Siwan Kachari,Amlori Sarsar,NER,7.57,5,5
COR06854,ALS,HTW,Amlori Sarsar,Hathua,NER,8.27,5,5
COR06855,HTW,THE,Hathua,Thawe Junction,NER,9.48,5,5
COR06856,RTGH,RXW,Ratangarh Junction,Ratangarh West,NWR,1.48,3,3
COR06857,RXW,SRDR,Ratangarh West,Sardarshahr,NWR,42.76,3,3
COR06858,KNDR,GNPT,Kandari,Ganpatpura,WR,,5,5
COR06859,GNPT,PRKA,Ganpatpura,Parikha,WR,,4,4
COR06860,PRKA,BRPM,Parikha,Baripur Mandala,WR,,5,5
COR06861,BRPM,NADA,Baripur Mandala,Nada,WR,,5,5
COR06862,NADA,DB,Nada,Dabhoi Junction,WR,,5,5
COR06863,DN,BHKL,DHANARI,BHAKRAULI,NR,4.08,7,7
COR06864,BHKL,BBA,BHAKRAULI,BABRALA,NR,8.39,7,7
COR06865,BBA,RG,BABRALA,RAJGHAT NARORA,NR,5.96,7,7
COR06866,RG,DIB,RAJGHAT NARORA,DIBAI,NR,6.79,7,7
COR06867,DIB,DMPR,DIBAI,DHARAMPUR,NR,6.06,7,7
COR06868,DMPR,AUR,DHARAMPUR,ATRAULI ROAD,NR,7.41,7,7
COR06869,SUNM,HGJ,SUNAMAI HALT,HARDUAGANJ,NR,14.96,7,7
COR06870,HGJ,MZGI,HARDUAGANJ,MANZURGARHI,NCR,3.59,7,7
COR06871,FZR,MFM,FIROZPUR CANT,MAHALAM,NR,11.92,5,5
COR06872,MFM,TSS,MAHALAM,TALLI SAIDASAHU,NR,4.27,5,5
COR06873,TSS,MWX,TALLI SAIDASAHU,MALLANWALA KHAS,NR,6.4,5,5
COR06874,MWX,BWF,MALLANWALA KHAS,BUTEWALA,NR,8.76,5,5
COR06875,BWF,MXH,BUTEWALA,MAKHU,NR,8.73,5,5
COR06876,MXH,JGW,MAKHU,JOGIWALA,NR,8.1,5,5
COR06877,JGW,GOD,JOGIWALA,GIDARPINDI,NR,8.5,5,5
COR06878,GOD,LNK,GIDARPINDI,LOHIAN KHAS JN,NR,6.99,5,5
COR06879,LNK,SQR,LOHIAN KHAS JN,SULTANPUR LODI,NR,5.18,4,4
COR06880,SQR,DDY,SULTANPUR LODI,DUDWINDI,NR,5.98,3,3
COR06881,DDY,PJA,DUDWINDI,PAJIAN,NR,4.14,3,3
COR06882,PJA,HSQ,PAJIAN,HUSAINPUR,NR,5.12,3,3
COR06883,HSQ,RCF,HUSAINPUR,KAPURTHALA RAIL COACH FACTORY,NR,3.55,3,3
COR06884,RCF,KXH,KAPURTHALA RAIL COACH FACTORY,KAPURTHALA,NR,5.83,4,4
COR06885,KXH,KWJ,KAPURTHALA,KHOJEWALA,NR,8.8,4,4
COR06886,KWJ,DAVJ,KHOJEWALA,D.A.V.C.H. JALANDHAR,NR,8.31,4,4
COR06887,MXR,MGE,MAHUR,MIGRENDISA,NFR,6.78,1,1
COR06888,MGE,LFG,MIGRENDISA,Lower Haflong,NFR,,1,1
COR06889,LFG,BF,Lower Haflong,Bagetar,NFR,,3,3
COR06890,BF,HFG,Bagetar,Haflong Hill,NFR,,3,3
COR06891,HFG,JTG,Haflong Hill,Jatinga,NFR,,3,3
COR06892,JTG,MGX,Jatinga,Mailongdisa,NFR,,1,1
COR06893,MGX,HJO,Mailongdisa,Harangajao,NFR,,1,1
COR06894,HJO,DTC,Harangajao,DITOKCHERRA,NFR,,3,3
COR06895,DTC,BXK,DITOKCHERRA,BANDARKHAL,NFR,2.32,3,3
COR06896,BXK,DCA,BANDARKHAL,DAMCHARA,NFR,8.17,3,3
COR06897,DCA,CNE,DAMCHARA,CHANDRANATHPUR,NFR,4.53,3,3
COR06898,CNE,BHZ,CHANDRANATHPUR,BIHARA,NFR,3.72,3,3
COR06899,BHZ,SQF,BIHARA,SUKRITIPUR,NFR,12.05,3,3
COR06900,SQF,HLX,SUKRITIPUR,HILARA,NFR,5.74,4,5
COR06901,HLX,BPB,HILARA,BADARPUR JN,NFR,11.6,3,3
COR06902,KTX,ARCL,KATAKHAL JN,ARUNACHAL,NFR,11.93,2,2
COR06903,JKP,PMM,JHAREKAPUR,PARSEHRA MAL,NER,5.48,1,1
COR06904,PMM,HA,PARSEHRA MAL,HARGAON,NER,4.37,1,1
COR06905,KDPS,KITN,KADIPUR SANI HA,KHIRI TOWN,NER,4.56,2,2
COR06906,KGLE,DHPD,KHAGRAGHAT ROAD,DHAPARA DHAM,ER,10.1,8,8
COR06907,DHPD,NLSF,DHAPARA DHAM,NIYALISH PARA,ER,4.37,8,8
COR06908,NLSF,MBB,NIYALISH PARA,Murshidabad,ER,4.24,8,8
COR06909,MBB,AZ,Murshidabad,AZIMGANJ JN,ER,5.31,8,8
COR06910,MGLE,LGL,MANIGRAM,Lalgola,ER,17.48,7,7
COR06911,LGL,JRLE,Lalgola,JANGIPUR ROAD,ER,22.35,7,7
COR06912,PIJ,VASO,Pij,Vaso,WR,,1,1
COR06913,VASO,DEWA,Vaso,Dewa,WR,,1,1
COR06914,DEWA,SJTR,Dewa,Sojitra,WR,,1,1
COR06915,SJTR,VOL,Sojitra,Virol,WR,,1,1
COR06916,VOL,PTD,Virol,Petlad Junction,WR,,1,1
COR06917,PTD,DMJ,Petlad Junction,Dharmaj,WR,,1,1
COR06918,DMJ,BCHN,Dharmaj,Bochasan Junction,WR,,1,1
COR06919,BCHN,BDRN,Bochasan Junction,Bhadran,WR,,1,1
COR06920,JMB,ANKI,Jambusar Junction,Anakhi,WR,,2,2
COR06921,ANKI,KORL,Anakhi,Kural,WR,,2,2
COR06922,KORL,MBH,Kural,Mobha Road,WR,,2,2
COR06923,MBH,BHOJ,Mobha Road,Bhoj Padra,WR,,2,2
COR06924,BHOJ,RPP,Bhoj Padra,Ranu Pipri,WR,,2,2
COR06925,RPP,PDRA,Ranu Pipri,Padra,WR,,2,2
COR06926,PDRA,BALI,Padra,Bhaili,WR,5.38,2,2
COR06927,BALI,ATDA,Bhaili,Atladara,WR,,2,2
COR06928,ATDA,VSI,Atladara,Vishvamitri,WR,,2,2
COR06929,VSI,PRTN,Vishvamitri,Pratapnagar,WR,,2,2
COR06930,ROK,MKLI,ROHTAK JN,MAKRAULI,NR,7.79,3,3
COR06931,RKX,BASN,RUKHI,BHAINSWAN,NR,0.49,2,2
COR06932,BASN,GHNA,BHAINSWAN,GOHANA,NR,5.17,2,2
COR06933,GHNA,MDLA,GOHANA,MUNDLANA,NR,10.36,2,2
COR06934,MDLA,DHRN,MUNDLANA,DHURANA,NR,6.42,2,2
COR06935,DHRN,IRA,DHURANA,ISRANA,NR,6.38,3,3
COR06936,IRA,NLH,ISRANA,NAULTHA,NR,4.7,3,3
COR06937,NLH,BNJL,NAULTHA,BINJHOL HALT,NR,4.38,3,3
COR06938,ASAN,MLDE,ASAN,MADLAUDA,NR,7.06,3,3
COR06939,KSDE,SFDE,KARSINDHU,SAFIDON,NR,6.86,3,3
COR06940,SFDE,SXE,SAFIDON,SILA KHERI HALT,NR,4.78,3,3
COR06941,SXE,BKDE,SILA KHERI HALT,BUDHAKHERA,NR,5.54,3,3
COR06942,BKDE,PKDE,BUDHAKHERA,PILU KHERA,NR,6.7,3,3
COR06943,PKDE,SWDE,PILU KHERA,SIWAHA,NR,3.98,3,3
COR06944,SWDE,PPDE,SIWAHA,PANDU PINDARA,NR,8.99,2,2
COR06945,PPDE,JCY,PANDU PINDARA,JIND CITY,NR,5.22,3,3
COR06946,JCY,JIND,JIND CITY,JIND JN,NR,3.44,3,3
COR06947,KPV,SKX,KASHIPUR,SARKARA,NER,12.63,4,4
COR06948,SKX,BPZ,SARKARA,BAZPUR,NER,6.21,4,4
COR06949,BPZ,BRDT,BAZPUR,BERIA DAULAT,NER,6.81,4,4
COR06950,BRDT,GUB,BERIA DAULAT,GULARBHOJ,NER,9.16,4,4
COR06951,GUB,LKU,GULARBHOJ,LAL KUAN,NER,21.48,4,4
COR06952,GLGT,NMGY,Golaghat,Numaligarh,NFR,14.0,2,2
COR06953,NMGY,KUTI,Numaligarh,Khumtai,NFR,2.81,2,2
COR06954,KUTI,BLPR,Khumtai,Badulipar,NFR,2.71,2,2
COR06955,BLPR,RNGG,Badulipar,Rangaliting,NFR,4.03,2,2
COR06956,RNGG,BBGN,Rangaliting,Barua Bamungaon,NFR,2.7,2,2
COR06957,BBGN,BLMR,Barua Bamungaon,Bhalukmara,NFR,19.94,1,1
COR06958,BLMR,RWH,Bhalukmara,Rowriah Sdg,NFR,4.95,2,2
COR06959,JKP,HA,JHAREKAPUR,HARGAON,NER,9.85,7,7
COR06960,RZJ,GK,RAZAGANJ,GOLA GOKARANATH,NER,18.42,7,7
COR06961,MDLE,MDVB,Mandar Hill,Mandar Vidyapith Halt,ER,3.21,3,3
COR06962,MDVB,PJLE,Mandar Vidyapith Halt,Panjwara Road,ER,4.79,3,3
COR06963,PJLE,BHLE,Panjwara Road,Barahat,ER,4.86,3,3
COR06964,LCAE,DHPD,LALBAGH COURT ROAD,DHAPARA DHAM,ER,2.47,1,1
COR06965,SWW,JSC,Shahanagar Timarua,Jalesar City,NCR,6.67,2,2
COR06966,JSC,KWW,Jalesar City,Kuswa,NCR,9.73,2,2
COR06967,KWW,AWG,Kuswa,Awa Garh,NCR,6.96,2,2
COR06968,AWG,ETAH,Awa Garh,Etah,NCR,21.41,2,2
COR06969,MHI,MNS,Manihari,Manshahi,NFR,15.07,3,3
COR06970,PRKA,KV,Parikha,Kayavarohan,WR,,2,2
COR06971,KV,GNPT,Kayavarohan,Ganpatpura,WR,,2,2
COR06972,BSKR,BJO,BASI KIRATPUR,BIJNOR,NR,13.98,4,4
COR06973,BJO,KJLU,BIJNOR,KHARI JHALU,NR,9.2,7,7
COR06974,KJLU,HLDR,KHARI JHALU,HALDAUR,NR,7.16,7,7
COR06975,HLDR,ARH,HALDAUR,AMHERA,NR,3.27,6,6
COR06976,ARH,CPS,AMHERA,CHANDPUR SIAU HALT,NR,14.51,2,2
COR06977,CPS,MNDR,CHANDPUR SIAU HALT,MANDI DHANAURA,NR,19.94,2,2
COR06978,MNDR,SEPR,MANDI DHANAURA,SHERPUR,NR,3.85,7,7
COR06979,KJY,MOM,Khurja City,Maman,NR,8.88,4,4
COR06980,MOM,BSC,Maman,Bulandshahr,NR,6.96,4,4
COR06981,KXK,CXA,Kharkhauda,Chandsara,NR,4.93,3,3
COR06982,CXA,NRNR,Chandsara,Nurnagar,NR,4.53,2,2
COR06983,PHS,DDK,Ferozeshah,Dhindsa,NR,4.45,1,1
COR06984,DDK,SWX,Dhindsa,Saidanwala,NR,6.1,1,1
COR06985,SWX,FZR,Saidanwala,FIROZPUR CANT,NR,6.48,1,1
COR06986,SIKR,PLSN,Sikar Junction,Palsana,NWR,26.7,2,2
COR06987,PLSN,RGS,Palsana,Ringas Junction,NWR,21.95,2,2
COR06988,RXL,MSDH,RAXAUL JN,MASNADIH,ECR,3.43,6,6
COR06989,MSDH,RGH,MASNADIH,RAMGARHWA,ECR,10.01,6,6
COR06990,JRU,AMC,CHIKJAJUR JN,Amritapura,SWR,11.62,1,1
COR06991,CTA,BNHL,Chitradurg,Bellenahalli,SWR,18.16,2,2
COR06992,BNHL,BAHI,Bellenahalli,Balenahalli,SWR,1.48,2,2
COR06993,BAHI,CHKE,Balenahalli,Challakere,SWR,12.4,2,2
COR06994,CHKE,THKU,Challakere,Thallak,SWR,15.18,2,2
COR06995,THKU,BOMN,Thallak,Bommagundanakere,SWR,15.67,2,2
COR06996,BOMN,MOMU,Bommagundanakere,Molakalmuru,SWR,14.89,2,2
COR06997,MOMU,RDG,Molakalmuru,Rayadurg,SWR,11.96,2,2
COR06998,RDG,SLM,Rayadurg,Somalapuram,SWR,23.19,2,2
COR06999,SLM,OBM,Somalapuram,Obalapuram,SWR,11.21,2,2
COR07000,OBM,BAY,Obalapuram,BELLARY JN,SWR,17.63,2,2
COR07001,MVJ,NDT,MAVLI JN,Nathdwara,NWR,15.41,2,2
COR07002,NDT,BJN,Nathdwara,Bejnal,NWR,7.02,2,2
COR07003,BJN,KDL,Bejnal,Kankroli,NWR,7.35,2,2
COR07004,KDL,KXA,Kankroli,Kuanriya,NWR,12.86,2,2
COR07005,KXA,LSG,Kuanriya,Lawa Sardargarh,NWR,16.63,2,2
COR07006,LSG,CBG,Lawa Sardargarh,Charbhuja Road,NWR,8.84,2,2
COR07007,CBG,KUTL,Charbhuja Road,Kuwanthal,NWR,16.44,2,2
COR07008,KUTL,DJKR,Kuwanthal,Dolaji Ka Khera,NWR,5.69,2,2
COR07009,DJKR,DOHM,Dolaji Ka Khera,Devgarh Madriya,NWR,8.56,2,2
COR07010,DOHM,KBK,Devgarh Madriya,Khamil Ghat,NWR,2.07,2,2
COR07011,KBK,GGO,Khamil Ghat,Goram Ghat,NWR,1.84,2,2
COR07012,GGO,FLD,Goram Ghat,Phulad,NWR,3.84,2,2
COR07013,FLD,MRWS,Phulad,Marwar Ranawas,NWR,8.91,2,2
COR07014,MRWS,MJ,Marwar Ranawas,MARWAR JN,NWR,14.27,2,2
COR07015,RXL,STF,RAXAUL JN,Sikta,ECR,16.77,3,3
COR07016,STF,MRJD,Sikta,Marajdwa,ECR,8.06,3,3
COR07017,MRJD,GKA,Marajdwa,Gokhula,ECR,6.84,3,3
COR07018,GKA,NKE,Gokhula,NARKATIAGANJ JN,ECR,8.46,3,3
COR07019,ANDN,CM,Anand Nagar,Campierganj,NER,5.12,3,3
COR07020,PP,PBE,PURANPUR,PILIBHIT JN,NER,34.74,5,5
COR07021,PBE,BJV,PILIBHIT JN,Bijauria,NER,16.12,4,4
COR07022,STH,BPR,Sethal,BHOJIPURA JN,NER,12.95,4,4
COR07023,BJE,SBW,Bhojudih Junction,Shewbabudih,SER,6.05,3,3
COR07024,SBW,TLE,Shewbabudih,Talgaria,SER,6.13,3,3
COR07025,TLE,MHQ,Talgaria,Mahuda,SER,9.85,3,3
COR07026,JLLO,DBLA,Jhilo,Dabla,NWR,6.96,3,4
COR07027,DBLA,NIP,Dabla,Nizampur,NWR,10.74,3,4
COR07028,SGUJ,SN,SILIGURI JN,Sukna,NFR,9.03,1,1
COR07029,SN,RTG,Sukna,Rangtong,NFR,5.45,1,1
COR07030,RTG,TDH,Rangtong,Tindharia,NFR,1.96,1,1
COR07031,TDH,MHN,Tindharia,Mahanadi,NFR,3.7,1,1
COR07032,MHN,KGN,Mahanadi,Kurseong,NFR,4.16,1,1
COR07033,BDRN,BCHN,Bhadran,Bochasan Junction,WR,,1,1
COR07034,BCHN,DMJ,Bochasan Junction,Dharmaj,WR,,1,1
COR07035,DMJ,PTD,Dharmaj,Petlad Junction,WR,,1,1
COR07036,PTD,VOL,Petlad Junction,Virol,WR,,1,1
COR07037,VOL,SJTR,Virol,Sojitra,WR,,1,1
COR07038,SJTR,DEWA,Sojitra,Dewa,WR,,1,1
COR07039,DEWA,VASO,Dewa,Vaso,WR,,1,1
COR07040,VASO,PIJ,Vaso,Pij,WR,,1,1
COR07041,PAQ,KPV,PADIYA NAQLA,KASHIPUR,NER,14.22,3,3
COR07042,BDBA,PRDP,Badabandha Road,Paradip,ECoR,10.46,2,2
COR07043,SHTS,SRMP,Sambhal Hatim Sarai,Sirsi Mukhdumpr,NR,7.68,1,1
COR07044,SRMP,HZN,Sirsi Mukhdumpr,Hazrat Nagar Halt,NR,3.0,1,1
COR07045,HZN,RJK,Hazrat Nagar Halt,RAJA KA SAHASPUR,NR,11.17,1,1
COR07046,CWA,UIH,Chhindwara Junction,Umaria Ispa Halt,SECR,13.58,5,5
COR07047,UIH,JLY,Umaria Ispa Halt,Jhilmili,SECR,7.15,5,5
COR07048,JLY,MQQ,Jhilmili,Markahandi U Halt,SECR,3.84,5,5
COR07049,MQQ,KRBO,Markahandi U Halt,Karaboh,SECR,7.34,5,5
COR07050,KRBO,KPDH,Karaboh,Kapurdha Halt,SECR,4.31,5,5
COR07051,KPDH,SMSR,Kapurdha Halt,Samaswara,SECR,3.21,5,5
COR07052,SMSR,PED,Samaswara,Pipardahi,SECR,8.03,5,5
COR07053,PED,SEY,Pipardahi,Seoni,SECR,13.96,5,5
COR07054,SEY,BHV,Seoni,Bhoma,SECR,18.25,5,5
COR07055,BHV,KWB,Bhoma,Kaniwara,SECR,6.87,5,5
COR07056,KWB,PUE,Kaniwara,Palari,SECR,12.63,5,5
COR07057,PUE,KLZ,Palari,Keolari,SECR,12.53,5,5
COR07058,KLZ,NIR,Keolari,Nainpur Junction,SECR,21.32,5,5
COR07059,CRND,BCHR,Choranda Junction,Bachar,WR,,1,1
COR07060,BCHR,SNAD,Bachar,Saniyad,WR,,1,1
COR07061,SNAD,NRUR,Saniyad,Nareshwar Road,WR,,1,1
COR07062,NRUR,MKRL,Nareshwar Road,Moti Koral,WR,,1,1
COR07063,JSM,THM,JAISALMER,THALYAT HAMIRA,NWR,17.04,5,5
COR07064,THM,JCH,THALYAT HAMIRA,JETHA CHANDAN,NWR,22.89,5,5
COR07065,JCH,SBLT,JETHA CHANDAN,SHRI BHADRIYA LATHI,NWR,20.85,5,5
COR07066,SBLT,OCH,SHRI BHADRIYA LATHI,ODHANIYA CHACHA,NWR,21.08,5,5
COR07067,OCH,AQG,ODHANIYA CHACHA,ASHAPURA GOMAT,NWR,17.43,5,5
COR07068,AQG,POK,ASHAPURA GOMAT,POKRAN,NWR,3.73,5,5
COR07069,POK,RDRA,POKRAN,RAMDEVRA,NWR,8.44,5,5
COR07070,RDRA,MKHR,RAMDEVRA,MARWAR KHARA,NWR,20.73,5,5
COR07071,MKHR,MBT,MARWAR KHARA,MARWAR BIRTHI,NWR,16.43,4,4
COR07072,MBT,PLC,MARWAR BIRTHI,Phalodi Junction,NWR,8.08,4,4
COR07073,KLYT,GJN,Kolayat,Gajner,NWR,15.31,3,3
COR07074,KNW,ANI,KHANDWA,Ajanti,CR,10.46,5,5
COR07075,ANI,ATR,Ajanti,Attar,WR,14.34,5,5
COR07076,ATR,KTKH,Attar,Kotlakheri,WR,9.41,5,5
COR07077,KTKH,NKR,Kotlakheri,Nimar Kheri,WR,4.35,5,5
COR07078,NKR,SWD,Nimar Kheri,Sanawad,WR,10.66,5,5
COR07079,SWD,OM,Sanawad,Omkareshwar Road,WR,5.23,5,5
COR07080,OM,BWW,Omkareshwar Road,Barwaha,WR,4.79,5,5
COR07081,BWW,MKT,Barwaha,Mukhtiar Balwar,WR,16.92,5,5
COR07082,MKT,CRL,Mukhtiar Balwar,Choral,WR,6.57,5,5
COR07083,CRL,KKD,Choral,Kalkund,WR,9.23,5,5
COR07084,KKD,PTP,Kalkund,Patal Pani,WR,7.56,5,5
COR07085,PTP,MHOW,Patal Pani,Mhow,WR,5.27,5,5
COR07086,SGBJ,TLV,SURGAON BANJARI,TALVADYA,WCR,10.57,2,2
COR07087,VLC,LMB,Velachha,Limbara,WR,,1,1
COR07088,LMB,ASM,Limbara,Asarma,WR,,1,1
COR07089,ASM,SMDR,Asarma,Simodara,WR,,1,1
COR07090,SMDR,KSAI,Simodara,Kosadi Halt,WR,,1,1
COR07091,KSAI,MNGV,Kosadi Halt,Mota Miya Mangrol,WR,,1,1
COR07092,MNGV,VKL,Mota Miya Mangrol,Vankal,WR,,1,1
COR07093,VKL,ZKV,Vankal,Zankhvav,WR,9.05,1,1
COR07094,ZKV,KR,Zankhvav,Kevdi,WR,,1,1
COR07095,KR,UMPD,Kevdi,Umarpada,WR,,1,1
COR07096,JNN,MHQ,Jamuniatand,Mahuda,ECR,8.06,1,1
COR07097,TMZ,KSBP,Tamluk,Keshabpur,SER,6.74,2,2
COR07098,MSDL,BRDB,Mahisadal,Barda,SER,8.32,2,2
COR07099,BRDB,BYSA,Barda,Basulyasutahata,SER,5.73,2,2
COR07100,BYSA,DZK,Basulyasutahata,Durgachak,SER,4.96,2,2
COR07101,DZK,DZKT,Durgachak,Durga Chak Town,SER,2.6,2,2
COR07102,NYM,BELA,Neyamatpur,Bela,ECR,4.64,1,1
COR07103,HLD,BDO,Haludpukur,Bahalda Road,SER,,1,1
COR07104,BDO,OND,Bahalda Road,Aunlajori Junction,SER,,1,1
COR07105,OND,RRP,Aunlajori Junction,Rairangpur,SER,0.0,1,1
COR07106,RRP,KIJ,Rairangpur,Kuldiha,SER,16.66,1,1
COR07107,KIJ,CHHU,Kuldiha,Chhanva,SER,8.44,1,1
COR07108,CHHU,BMPR,Chhanva,Badampahar,SER,8.08,1,1
COR07109,DH,GURN,Diamond Harbour,Gurudas Nagar,ER,2.7,1,1
COR07110,GURN,BSD,Gurudas Nagar,Basuldanga,ER,2.02,1,1
COR07111,BSD,NTA,Basuldanga,Netra,ER,2.13,1,1
COR07112,NTA,D,Netra,Deula,ER,2.92,1,1
COR07113,D,SNU,Deula,Sangrampur,ER,4.99,1,1
COR07114,SNU,BHPA,Sangrampur,Bahrupiya Halt,ER,2.15,1,1
COR07115,BHPA,MGT,Bahrupiya Halt,Magra Hat,ER,2.8,1,1
COR07116,MGT,UTN,Magra Hat,Uttar Radhanagar Halt,ER,3.23,1,1
COR07117,UTN,DMU,Uttar Radhanagar Halt,Dhamua,ER,2.48,1,1
COR07118,DMU,HT,Dhamua,Hotar,ER,2.16,1,1
COR07119,HT,DKDP,Hotar,Dakshin Durgapur,ER,0.05,1,1
COR07120,DKDP,KYP,Dakshin Durgapur,Kalyanpur,ER,4.15,1,1
COR07121,KYP,BRP,Kalyanpur,Baruipur Junction,ER,3.12,1,1
COR07122,BRP,MAK,Baruipur Junction,Mallikpur,ER,3.38,2,2
COR07123,MAK,SBGR,Mallikpur,Subhas Gram,ER,1.84,2,2
COR07124,SBGR,SPR,Subhas Gram,Sonarpur Junction,ER,3.34,2,2
COR07125,SPR,NRPR,Sonarpur Junction,Narendrapur Halt,ER,1.67,4,4
COR07126,NRPR,GIA,Narendrapur Halt,Garia,ER,1.93,4,4
COR07127,GIA,BGJT,Garia,Bagha Jatin,ER,2.56,4,4
COR07128,BGJT,JDP,Bagha Jatin,Jadabpur,ER,1.93,4,4
COR07129,JDP,DHK,Jadabpur,Dhakuria,ER,2.26,4,4
COR07130,DZKT,DZK,Durga Chak Town,Durgachak,SER,2.6,2,2
COR07131,DZK,BYSA,Durgachak,Basulyasutahata,SER,4.96,2,2
COR07132,BYSA,BRDB,Basulyasutahata,Barda,SER,5.73,2,2
COR07133,BRDB,MSDL,Barda,Mahisadal,SER,8.32,2,2
COR07134,KSBP,TMZ,Keshabpur,Tamluk,SER,6.74,2,2
COR07135,KJV,AE,Khijadiya Junction,Amreli,WR,15.59,3,3
COR07136,AE,AEP,Amreli,Amreli Para,WR,0.02,3,3
COR07137,AEP,CLC,Amreli Para,Chalala,WR,22.46,3,3
COR07138,CLC,DARI,Chalala,Dhari Junction,WR,17.08,3,3
COR07139,DARI,BADR,Dhari Junction,Bhader,WR,11.07,3,3
COR07140,BADR,JTV,Bhader,Jetalvad,WR,10.88,3,3
COR07141,JTV,VSW,Jetalvad,Visavadar,WR,7.26,3,3
COR07142,VSW,JCN,Visavadar,Junichavand,WR,8.88,2,2
COR07143,JCN,BILK,Junichavand,Bilkha,WR,10.76,2,2
COR07144,BILK,TORA,Bilkha,Torniya,WR,10.74,2,2
COR07145,TORA,JND,Torniya,JUNAGADH JN,WR,9.77,2,2
COR07146,TSK,MJN,Tinsukia Junction,Makum Junction,NFR,8.34,3,3
COR07147,MJN,TII,Makum Junction,Tingrai,NFR,9.59,3,3
COR07148,TII,DBY,Tingrai,Digboi,NFR,12.1,3,3
COR07149,DBY,MRG,Digboi,Margherita,NFR,11.82,3,3
COR07150,MRG,BGLI,Margherita,Bargolai,NFR,3.07,3,3
COR07151,BGLI,LEDO,Bargolai,Ledo,NFR,2.16,3,3
COR07152,CX,HM,CHANOL,HADMATIYA JN,WR,7.03,2,2
COR07153,HM,JALD,HADMATIYA JN,JALIYA DEVANI,WR,7.33,3,3
COR07154,LKZ,COE,LAKADIYA,CHITROD,WR,11.17,1,1
COR07155,COE,AAR,CHITROD,ADESAR,WR,35.62,1,1
COR07156,AAR,PFL,ADESAR,PIPRALA,WR,16.92,1,1
COR07157,PFL,SNLR,PIPRALA,SANTALPUR,WR,14.62,1,1
COR07158,SNLR,VRX,SANTALPUR,VARAHI,WR,25.83,1,1
COR07159,VRX,RDHP,VARAHI,RADHANPUR,WR,16.52,1,1
COR07160,RDHP,BAH,RADHANPUR,BHABHAR,WR,24.47,1,1
COR07161,BAH,DEOR,BHABHAR,DIYODAR,WR,16.63,1,1
COR07162,DEOR,BLDI,DIYODAR,BHILDI,WR,25.7,1,1
COR07163,NKE,AMO,NARKATIAGANJ JN,Amolwa,ECR,11.89,3,3
COR07164,AMO,GAH,Amolwa,Gawnaha,ECR,7.72,2,2
COR07165,GAH,BKF,Gawnaha,Bhikhna Thori,ECR,11.4,3,3
COR07166,NUPR,PTK,NURPUR ROAD,PATHANKOT,NR,19.63,2,2
COR07167,CRND,SINR,Choranda Junction,Sinor,WR,,1,1
COR07168,SINR,MLSR,Sinor,Malsar,WR,3.18,1,1
COR07169,CM,LPW,Campierganj,Loharpurwa,NER,2.77,1,1
COR07170,LPW,ANDN,Loharpurwa,Anand Nagar,NER,2.35,1,1
COR07171,DWLE,HPLE,Dhauni,Hatpuraini,ER,16.2,1,1
COR07172,HPLE,KKTA,Hatpuraini,Kollikhutaha,ER,3.77,1,1
COR07173,BUDI,SMPA,Bundi,Shampura,WCR,46.74,1,1
COR07174,THE,HTW,Thawe Junction,Hathua,NER,9.48,5,5
COR07175,HTW,ALS,Hathua,Amlori Sarsar,NER,8.27,6,6
COR07176,ALS,SVC,Amlori Sarsar,Siwan Kachari,NER,7.57,6,6
COR07177,DCU,VLV,Damalcheruvu,Vallivedu,SCR,5.67,2,2
COR07178,VLV,MPT,Vallivedu,Mangalampeta,SCR,4.47,2,2
COR07179,MPT,PCL,Mangalampeta,Pulicherla,SCR,4.98,2,2
COR07180,PCL,PIL,Pulicherla,Piler,SCR,14.09,2,2
COR07181,PIL,KCI,Piler,Kallkiri,SCR,13.81,2,2
COR07182,KCI,VLD,Kallkiri,Vayalpad,SCR,19.06,2,2
COR07183,VLD,MPL,Vayalpad,Madanapalle Road,SCR,7.7,2,2
COR07184,MPL,KBA,Madanapalle Road,Kurabalakota,SCR,7.8,2,2
COR07185,KBA,TAT,Kurabalakota,Tummanamgutta,SCR,12.39,2,2
COR07186,TAT,BTM,Tummanamgutta,Battulapuram,SCR,9.11,2,2
COR07187,BTM,MCU,Battulapuram,Mulacalacheruvu,SCR,7.51,2,2
COR07188,MCU,TKU,Mulacalacheruvu,Tanakallu,SCR,15.03,2,2
COR07189,TKU,NCU,Tanakallu,Nallacheruvu,SCR,11.2,2,2
COR07190,NCU,KRY,Nallacheruvu,Kadiri,SCR,10.56,2,2
COR07191,KRY,KCM,Kadiri,Kalasumudram,SCR,13.42,2,2
COR07192,KCM,MGB,Kalasumudram,Mudigubba,SCR,18.58,2,2
COR07193,MGB,RLX,Mudigubba,Ramanujampalli,SCR,16.65,2,2
COR07194,RLX,CCI,Ramanujampalli,Chinnekuntapali,SCR,3.22,2,2
COR07195,JTTN,RWH,Jorhat Town,Rowriah Sdg,NFR,5.47,3,3
COR07196,RWH,BLMR,Rowriah Sdg,Bhalukmara,NFR,4.95,2,2
COR07197,BLMR,MOBD,Bhalukmara,Moabund,NFR,7.39,1,1
COR07198,MOBD,BBGN,Moabund,Barua Bamungaon,NFR,12.65,1,1
COR07199,BBGN,RNGG,Barua Bamungaon,Rangaliting,NFR,2.7,2,2
COR07200,RNGG,BLPR,Rangaliting,Badulipar,NFR,4.03,2,2
COR07201,BLPR,KUTI,Badulipar,Khumtai,NFR,2.71,2,2
COR07202,KUTI,NMGY,Khumtai,Numaligarh,NFR,2.81,2,2
COR07203,NMGY,GLGT,Numaligarh,Golaghat,NFR,14.0,2,2
COR07204,GLGT,FKG,Golaghat,FURKATING JN,NFR,6.32,3,3
COR07205,CDD,VRJ,Chandod,Vadaj,WR,,2,2
COR07206,VRJ,DB,Vadaj,Dabhoi Junction,WR,,2,2
COR07207,GDD,GGY,Gadra Road,Gagariya,NWR,9.2,2,2
COR07208,GGY,RMX,Gagariya,Ramsar,NWR,13.31,2,2
COR07209,RMX,BBC,Ramsar,Bhachhbar,NWR,17.89,2,2
COR07210,MJ,MRWS,MARWAR JN,Marwar Ranawas,NWR,14.27,2,2
COR07211,MRWS,FLD,Marwar Ranawas,Phulad,NWR,8.91,2,2
COR07212,FLD,GGO,Phulad,Goram Ghat,NWR,3.84,2,2
COR07213,GGO,KBK,Goram Ghat,Khamil Ghat,NWR,1.84,2,2
COR07214,KBK,DOHM,Khamil Ghat,Devgarh Madriya,NWR,2.07,2,2
COR07215,DOHM,DJKR,Devgarh Madriya,Dolaji Ka Khera,NWR,8.56,2,2
COR07216,DJKR,KUTL,Dolaji Ka Khera,Kuwanthal,NWR,5.69,2,2
COR07217,KUTL,CBG,Kuwanthal,Charbhuja Road,NWR,16.44,2,2
COR07218,CBG,LSG,Charbhuja Road,Lawa Sardargarh,NWR,8.84,2,2
COR07219,LSG,KXA,Lawa Sardargarh,Kuanriya,NWR,16.63,2,2
COR07220,KXA,KDL,Kuanriya,Kankroli,NWR,12.86,2,2
COR07221,KDL,BJN,Kankroli,Bejnal,NWR,7.35,2,2
COR07222,BJN,NDT,Bejnal,Nathdwara,NWR,7.02,2,2
COR07223,NDT,MVJ,Nathdwara,MAVLI JN,NWR,15.41,2,2
COR07224,KB,KMP,KHAIRATABAD,KAMLAPUR,NER,17.81,2,2
COR07225,SD,BKT,SIDHAULI,BAKSHI KA TALAB,NER,34.13,1,1
COR07226,CH,MJHL,CHANDAUSI JN,MAJADA HALT,NR,3.64,3,3
COR07227,MJHL,BJ,MAJADA HALT,BAHJOI,NR,12.81,3,3
COR07228,BJ,PHX,BAHJOI,PATHAKPUR,NR,6.12,3,3
COR07229,PHX,DN,PATHAKPUR,DHANARI,NR,8.32,3,3
COR07230,AUR,GDHA,ATRAULI ROAD,GODHA,NR,12.77,3,3
COR07231,GDHA,SUNM,GODHA,SUNAMAI HALT,NR,12.81,3,3
COR07232,MVW,SUP,Mallividu,Srungavarapukota,ECoR,16.6,1,1
COR07233,SUP,SLPM,Srungavarapukota,Shivalingapuram,ECoR,11.36,1,1
COR07234,SLPM,TXD,Shivalingapuram,Tyada,ECoR,3.47,1,1
COR07235,TXD,CMDP,Tyada,Chimidipalli,ECoR,6.18,1,1
COR07236,CMDP,BGHU,Chimidipalli,Borraguhallu,ECoR,4.12,1,1
COR07237,BGHU,KVLS,Borraguhallu,Karakavalasa,ECoR,5.48,1,1
COR07238,KVLS,SMLG,Karakavalasa,Shimiliaguda,ECoR,3.84,1,1
COR07239,SMLG,ARK,Shimiliaguda,Arakku,ECoR,10.54,1,1
COR07240,ARK,GPJ,Arakku,Gorapur,ECoR,7.37,1,1
COR07241,GPJ,DPC,Gorapur,Darliput,ECoR,5.41,1,1
COR07242,DPC,PFU,Darliput,Padua,ECoR,7.11,1,1
COR07243,PFU,BHJA,Padua,Bheja,ECoR,8.44,1,1
COR07244,BHJA,MKRD,Bheja,Machhakunda,ECoR,10.66,1,1
COR07245,MKRD,PBV,Machhakunda,Paliba,ECoR,10.78,1,1
COR07246,PBV,SUKU,Paliba,Suku,ECoR,6.84,1,1
COR07247,MVG,CTS,MALIGURA,CHATTRIPUT,ECoR,6.13,3,3
COR07248,DIR,KDPA,DHANAPUR ORISSA,KHADAPA,ECoR,9.36,3,3
COR07249,KDPA,CJS,KHADAPA,CHARAMULA KUSUM,ECoR,4.97,3,3
COR07250,CJS,KPRR,CHARAMULA KUSUM,KOTAPAR ROAD,ECoR,9.96,3,3
COR07251,KPRR,AGB,KOTAPAR ROAD,AMBAGAON,ECoR,7.67,3,3
COR07252,AGB,AGZ,AMBAGAON,AMAGURA,ECoR,9.71,3,3
COR07253,AGZ,NKX,AMAGURA,NAKTISEMRA,ECoR,7.74,3,3
COR07254,NKX,JDB,NAKTISEMRA,JAGDALPUR,ECoR,6.34,3,3
COR07255,JDB,TPQ,JAGDALPUR,Topokal,ECoR,15.64,2,2
COR07256,TPQ,BDXX,Topokal,Bade Arapur,ECoR,4.31,2,2
COR07257,BDXX,DMK,Bade Arapur,Dilmili,ECoR,10.86,2,2
COR07258,DMK,SZY,Dilmili,Silak Jhori,ECoR,6.85,2,2
COR07259,SZY,KMSD,Silak Jhori,Kumar Sadra,ECoR,7.7,2,2
COR07260,KMSD,KKLU,Kumar Sadra,Kaklur,ECoR,6.36,2,2
COR07261,KKLU,KWGN,Kaklur,Kawargaon,ECoR,9.19,2,2
COR07262,GIZ,DWZ,Gidam,Dantewara,ECoR,6.47,2,2
COR07263,DWZ,KMLR,Dantewara,Kamalur,ECoR,10.09,2,2
COR07264,KMLR,BHNS,Kamalur,Bhansi,ECoR,8.72,2,2
COR07265,BHNS,BCHL,Bhansi,Bacheli,ECoR,8.64,2,2
COR07266,BCHL,KRDL,Bacheli,Kirandul,ECoR,6.35,2,2
COR07267,LNK,SDZ,LOHIAN KHAS JN,Sindhar,NR,7.47,1,1
COR07268,SDZ,MLKH,Sindhar,Mulewal Khaihra,NR,5.63,2,2
COR07269,MLKH,MQS,Mulewal Khaihra,Malsian Shahkot,NR,5.31,2,2
COR07270,MQS,GNZ,Malsian Shahkot,Gahndran Halt,NR,6.67,2,2
COR07271,GNZ,NRO,Gahndran Halt,Nakodar Junction,NR,4.94,2,2
COR07272,NRO,NRM,Nakodar Junction,Nurmahal,NR,12.44,1,1
COR07273,AVP,CATD,Abhanpur Junction,Chataud,SECR,4.21,3,3
COR07274,CATD,SIY,Chataud,Sirry,SECR,2.8,3,3
COR07275,SIY,KRX,Sirry,Kurud,SECR,17.86,3,3
COR07276,KRX,SPY,Kurud,Sarsonpuri,SECR,8.43,3,3
COR07277,SPY,SNKX,Sarsonpuri,Sankra,SECR,6.05,3,3
COR07278,SNKX,DTR,Sankra,Dhamtari,SECR,5.66,3,3
COR07279,SCL,ARCL,SILCHAR,ARUNACHAL,NFR,5.24,4,4
COR07280,ARCL,KTX,ARUNACHAL,KATAKHAL JN,NFR,11.93,2,2
COR07281,KTX,PNGM,KATAKHAL JN,PANCHGRAM,NFR,4.42,4,4
COR07282,PNGM,BPG,PANCHGRAM,BADURPUR GHAT,NFR,1.98,4,4
COR07283,BPG,BPB,BADURPUR GHAT,BADARPUR JN,NFR,2.64,4,4
COR07284,SHC,BYP,SAHARSA JN,Baijnathpur,ECR,6.55,2,2
COR07285,BYP,DMH,Baijnathpur,Dauram Madhepura,ECR,12.92,2,2
COR07286,SOT,PRZ,Shohratgarh,Parsa,NER,9.01,1,1
COR07287,PRZ,BNY,Parsa,Barhni,NER,13.34,1,1
COR07288,JOH,MIO,Juharpura,Molisar,NWR,13.05,3,3
COR07289,RTGH,RJR,Ratangarh Junction,Rajaldesar,NWR,14.78,2,2
COR07290,RJR,BGRM,Rajaldesar,Biggabas Ramsara,NWR,27.15,2,2
COR07291,BGRM,BIGA,Biggabas Ramsara,Bigga,NWR,0.03,2,2
COR07292,BIGA,SDGH,Bigga,Sri Dungargarh,NWR,19.14,2,2
COR07293,SDGH,BS,Sri Dungargarh,Banisar,NWR,11.04,2,2
COR07294,BS,SDF,Banisar,Sudsar,NWR,12.39,2,2
COR07295,SDF,NPS,Sudsar,Napasar,NWR,22.06,2,2
COR07296,KHD,CDK,KHODIYAR,CHANDKHERA ROAD,WR,5.2,3,3
COR07297,RUJ,CSMA,RANUJ,Chanasma Junction,WR,11.84,2,2
COR07298,CSMA,BMDI,Chanasma Junction,Brahmanwada,WR,,2,2
COR07299,BMDI,BATS,Brahmanwada,Bhatsar,WR,,2,2
COR07300,BATS,KVH,Bhatsar,Khambhel,WR,,2,2
COR07301,KVH,BHRJ,Khambhel,Becharji,WR,10.57,2,2
COR07302,BHRJ,DHLI,Becharji,Dethli,WR,8.24,2,2
COR07303,DHLI,RTJ,Dethli,Rantej,WR,5.43,2,2
COR07304,RTJ,DNPR,Rantej,Dhanpura,WR,6.3,2,2
COR07305,DNPR,KTRD,Dhanpura,Katosan Road,WR,6.01,2,2
COR07306,KTRD,BHAN,Katosan Road,Bhoyani,WR,5.73,2,2
COR07307,BHAN,DEU,Bhoyani,Devsana,WR,,2,2
COR07308,DEU,KADI,Devsana,Kadi,WR,,2,2
COR07309,KADI,AKL,Kadi,Anakhol,WR,,2,2
COR07310,AKL,CTRL,Anakhol,CHHATRAL,WR,,2,2
COR07311,PMKT,ADB,PIMPALKHUTI,ADILABAD,CR,17.29,1,1
COR07312,ADB,UMM,ADILABAD,UMRAM,SCR,10.46,7,7
COR07313,KSAE,ABX,KOSAI,AMBARI,SCR,13.53,7,7
COR07314,ABX,KNVT,AMBARI,KINWAT,SCR,8.02,7,7
COR07315,KNVT,BHBK,KINWAT,BODHADI BUJRUG,SCR,13.61,7,7
COR07316,BHBK,DHNR,BODHADI BUJRUG,DHANORA DECCAN,SCR,7.39,7,7
COR07317,DHNR,MHMB,DHANORA DECCAN,MAHIMBA,SCR,7.79,7,7
COR07318,MHMB,SHSK,MAHIMBA,SAHARSRAKUND,SCR,7.42,7,7
COR07319,HEM,HDGR,HIMAYATNAGAR,HADGAON ROAD,SCR,17.96,5,5
COR07320,HDGR,DVN,HADGAON ROAD,DEVTHANA,SCR,7.29,7,7
COR07321,DVN,BOKR,DEVTHANA,BHOKAR,SCR,7.17,5,5
COR07322,BOKR,BMBE,BHOKAR,BIMBARI,SCR,6.67,7,7
COR07323,BMBE,MUE,BIMBARI,MUDKHED,SCR,12.89,5,5
COR07324,MNME,SVGA,Manamadurai East,Sivaganga,SR,17.94,1,1
COR07325,KAWL,NUPR,KANDWAL HALT,NURPUR ROAD,NR,7.81,1,1
COR07326,PBE,PUF,PILIBHIT JN,Pauta,NER,18.17,2,2
COR07327,PUF,BFPA,Pauta,Bhopatpur,NER,8.49,4,4
COR07328,BFPA,SNZ,Bhopatpur,Sherganj,NER,0.56,4,4
COR07329,SNZ,BSUR,Sherganj,Bisalpur,NER,10.03,4,4
COR07330,BSUR,MIW,Bisalpur,Mighauna,NER,5.43,5,5
COR07331,MIW,ZNP,Mighauna,Zindpura,NER,6.2,3,3
COR07332,ZNP,VZPH,Zindpura,Vazeerpur Halt,NER,4.96,5,5
COR07333,VZPH,NOH,Vazeerpur Halt,Nigohi,NER,5.7,5,5
COR07334,NOH,DOT,Nigohi,Dhakia Tiwari,NER,7.83,4,4
COR07335,DOT,ARX,Dhakia Tiwari,Areli,NER,,3,3
COR07336,ARX,SZN,Areli,Shahbaznagar,NER,,2,2
COR07337,SZN,SZP,Shahbaznagar,Shahjahanpur,NER,4.31,5,5
COR07338,GRD,MMD,Giridih,Maheshmunda,ER,9.38,5,5
COR07339,MMD,KBSH,Maheshmunda,Krishna Ballabh,ER,9.87,4,4
COR07340,KBSH,JGD,Krishna Ballabh,Jagadishpur,ER,4.69,4,4
COR07341,JGD,SAPT,Jagadishpur,Sugapahari,ER,4.46,4,4
COR07342,SAPT,SGPA,Sugapahari,Sugapahari,ER,0.94,4,4
COR07343,UWNR,GQN,Udwant Nagar Halt,Garhani,ECR,10.3,3,3
COR07344,GQN,SRMN,Garhani,Semraon,ECR,4.66,3,3
COR07345,SRMN,CRQ,Semraon,Charpokhari Halt,ECR,5.45,3,3
COR07346,CRQ,PIRO,Charpokhari Halt,Piro,ECR,8.08,3,3
COR07347,PIRO,HSB,Piro,Hasanbazar Halt,ECR,9.4,3,3
COR07348,HSB,XBKJ,Hasanbazar Halt,Bikramganj,ECR,9.27,3,3
COR07349,XBKJ,MANI,Bikramganj,Mani Halt,ECR,6.57,3,3
COR07350,MANI,SJV,Mani Halt,Sanjhauli Halt,ECR,5.25,3,3
COR07351,SJV,GNK,Sanjhauli Halt,Garhnokha,ECR,8.6,3,3
COR07352,GNK,KADH,Garhnokha,Khairadih Halt,ECR,9.74,3,3
COR07353,GUA,BJMD,Gua,Bara Jamda,SER,6.58,1,1
COR07354,BXF,BUF,Barsuan,Bimlagarh Junction,SER,16.76,1,1
COR07355,BUF,PSJ,Bimlagarh Junction,Patasahi,SER,11.47,1,1
COR07356,PSJ,CPE,Patasahi,Chandiposi,SER,5.46,1,1
COR07357,CPE,CJQ,Chandiposi,Champajharam,SER,3.85,1,1
COR07358,CJQ,LTK,Champajharam,Lathikata,SER,3.5,1,1
COR07359,LTK,DMF,Lathikata,Dumerta,SER,6.33,1,1
COR07360,KRMD,BRMP,Kuarmunda,Biramitrapur,SER,13.43,1,1
COR07361,DHPD,LCAE,DHAPARA DHAM,LALBAGH COURT ROAD,ER,2.47,4,4
COR07362,LCAE,NLSF,LALBAGH COURT ROAD,NIYALISH PARA,ER,1.91,4,4
COR07363,MV,KTM,MAYILADUTURAI JN,KUTRALAM,SR,8.28,1,1
COR07364,KTM,ADT,KUTRALAM,ADUTURAI,SR,10.92,1,1
COR07365,ADT,KMU,ADUTURAI,KUMBAKONAM,SR,11.65,1,1
COR07366,KMU,PML,KUMBAKONAM,PAPANASAM,SR,13.54,1,1
COR07367,PML,TJ,PAPANASAM,THANJAVUR,SR,21.47,1,1
COR07368,BAL,SGM,BUDALUR,SOLGAMPATTI,SR,13.41,1,1
COR07369,KQV,UGWE,Kinkhed,Ugwe,CR,,4,4
COR07370,UGWE,PTZ,Ugwe,Patsul,SCR,22.0,4,4
COR07371,PTZ,AKOT,Patsul,Akot,SCR,10.43,4,4
COR07372,AKOT,ABZ,Akot,Adgaon Buzurg,SCR,9.98,4,4
COR07373,ABZ,HKR,Adgaon Buzurg,Kiwar Khed,SCR,10.8,4,4
COR07374,HKR,WND,Kiwar Khed,Wan Road,SCR,6.62,4,4
COR07375,WND,DGT,Wan Road,Dhulghat,SCR,11.64,4,4
COR07376,DGT,DBKA,Dhulghat,Dabka,SCR,7.83,4,4
COR07377,DBKA,TTZ,Dabka,Tukaithad,SCR,9.0,4,4
COR07378,TTZ,AMX,Tukaithad,Amlakhurd,SCR,9.43,4,4
COR07379,AMX,GUX,Amlakhurd,Gurhi,SCR,15.11,4,4
COR07380,GUX,MRDD,Gurhi,Mordar,SCR,18.51,4,4
COR07381,MRDD,KNW,Mordar,KHANDWA,SCR,13.39,4,4
COR07382,TPZ,MNZ,TAPRI JN,MANANI,NR,8.85,6,6
COR07383,MNZ,BNQL,MANANI,BHANKALA HALT,NR,4.96,6,6
COR07384,BNQL,RPMN,BHANKALA HALT,RAMPURMANI HARA,NR,4.66,6,6
COR07385,RPMN,SNAP,RAMPURMANI HARA,SONA ARJUNPUR,NR,5.31,6,6
COR07386,SNAP,NNX,SONA ARJUNPUR,NANAUTA,NR,5.22,6,6
COR07387,NNX,TBTN,NANAUTA,THANA BHAWAN TN,NR,15.09,6,6
COR07388,THBN,HIND,THANA BHAWAN,HIND,NR,8.28,5,5
COR07389,HIND,SLWR,HIND,SILAWAR,NR,3.3,6,6
COR07390,SLWR,SMQL,SILAWAR,SHAMLI,NR,7.31,6,6
COR07391,SMQL,GLBN,SHAMLI,GUJRAN BALWA,NR,4.44,7,7
COR07392,GLBN,KZI,GUJRAN BALWA,KHANDRAWALI,NR,2.79,7,7
COR07393,KZI,KQL,KHANDRAWALI,KANDHLA,NR,6.44,7,7
COR07394,KQL,AILM,KANDHLA,AILAM,NR,5.86,7,7
COR07395,AILM,BDHP,AILAM,BHUDPUR,NR,5.99,7,7
COR07396,BDHP,KPKI,BHUDPUR,QASIMPUR KHERI,NR,3.96,8,8
COR07397,KPKI,BAOL,QASIMPUR KHERI,BAOLI,NR,4.77,8,8
COR07398,BAOL,BTU,BAOLI,BARAUT,NR,4.87,8,8
COR07399,BTU,BADK,BARAUT,BARKA,NR,2.71,8,8
COR07400,BADK,SUJR,BARKA,SUJRA,NR,6.75,6,6
COR07401,SUJR,BPM,SUJRA,BAGPAT ROAD,NR,6.24,8,8
COR07402,BPM,AHQ,BAGPAT ROAD,AHERA HALT,NR,3.51,8,8
COR07403,AHQ,SFA,AHERA HALT,SANHERA HALT,NR,2.59,8,8
COR07404,SFA,KEX,SANHERA HALT,KHEKRA,NR,3.6,8,8
COR07405,KEX,FAP,KHEKRA,FAKHARPUR HALT,NR,2.76,8,8
COR07406,FAP,GTRA,FAKHARPUR HALT,GOTRA HALT,NR,4.41,8,8
COR07407,GTRA,NTG,GOTRA HALT,NURSRATABAD KHARKHAR,NR,3.69,8,8
COR07408,NTG,NOLI,NURSRATABAD KHARKHAR,NOLI,NR,3.21,8,8
COR07409,NOLI,BHHZ,NOLI,BEHTA HAZIPUR HALT,NR,3.06,8,8
COR07410,BHHZ,DSA,BEHTA HAZIPUR HALT,DELHI SHAHDARA,NR,5.29,7,7
COR07411,GHH,FN,GARHI HARSARU,Farukhnagar,NR,10.42,2,2
COR07412,AI,AJE,ADIPUR,ANJAR,WR,6.38,6,6
COR07413,AJE,RUT,ANJAR,RATNAL,WR,16.09,6,6
COR07414,RUT,KEMA,RATNAL,KUKMA,WR,13.82,6,6
COR07415,HJO,MGX,Harangajao,Mailongdisa,NFR,,1,1
COR07416,MGX,JTG,Mailongdisa,Jatinga,NFR,,1,1
COR07417,LFG,MGE,Lower Haflong,MIGRENDISA,NFR,,1,1
COR07418,MGE,MXR,MIGRENDISA,MAHUR,NFR,6.78,1,1
COR07419,SAC,RAKL,SANICHARA,RETHORAKALAN,NCR,5.66,1,1
COR07420,MLAR,NNE,MALANPUR,NONERA,NCR,6.61,1,1
COR07421,SLGR,SRTN,SIMALUGURI JN,SIBSAGAR TOWN,NFR,13.84,1,1
COR07422,DMGN,DBRG,DHAMALGAON,DIBRUGARH,NFR,17.2,3,3
COR07423,RWH,MOBD,Rowriah Sdg,Moabund,NFR,11.63,1,1
COR07424,MOBD,GLGT,Moabund,Golaghat,NFR,20.91,1,1
COR07425,PMY,RT,PALI MARWAR,ROHAT,NWR,27.39,1,1
COR07426,ABKP,KLPG,AMBIKAPUR,KAMALPURGRAM,SECR,7.38,4,4
COR07427,KLPG,BSPR,KAMALPURGRAM,BISHRAMPUR,SECR,10.06,4,4
COR07428,BSPR,KJZ,BISHRAMPUR,KARONJI,SECR,13.01,4,4
COR07429,KJZ,SJQ,KARONJI,SURAJPUR ROAD,SECR,4.44,4,4
COR07430,SJQ,SPDR,SURAJPUR ROAD,SHEOPRASADNAGER,SECR,9.36,4,4
COR07431,SPDR,KTO,SHEOPRASADNAGER,KATORA,SECR,8.08,4,4
COR07432,KTO,BRH,KATORA,BAIKUNTHPUR RD,SECR,18.53,4,4
COR07433,BRH,NGE,BAIKUNTHPUR RD,NAGAR,SECR,7.23,4,4
COR07434,NGE,DTL,NAGAR,DARRITOLA,SECR,7.07,4,4
COR07435,DTL,NPRD,DARRITOLA,NAGPUR ROAD,SECR,4.9,4,4
COR07436,NPRD,UKR,NAGPUR ROAD,UDALKACHAR,SECR,5.9,4,4
COR07437,UKR,BRND,UDALKACHAR,BORIDAND,SECR,11.76,4,4
COR07438,AO,KEG,AONLA,KARENGI,NR,13.73,2,2
COR07439,NNE,MLAR,NONERA,MALANPUR,NCR,6.61,1,1
COR07440,RAKL,SAC,RETHORAKALAN,SANICHARA,NCR,5.66,1,1
COR07441,BON,DXD,BHONRA,DIGOD,WCR,18.56,1,1
COR07442,FN,GHH,Farukhnagar,GARHI HARSARU,NR,10.42,2,2
COR07443,IPR,EKR,Islampur,Ekangarsarai,ECR,9.45,3,3
COR07444,EKR,HIL,Ekangarsarai,Hilsa,ECR,11.47,3,3
COR07445,NNP,MIN,Nanpara Junction,Mihinpurwa,NER,22.47,1,1
COR07446,MIN,TQN,Mihinpurwa,TIKUNIA,NER,55.58,1,1
COR07447,RHN,ALJ,ROSHANPUR,ALAI,NER,11.66,1,1
COR07448,GWS,RMR,GAUSHALA,RAMNAGAR,NER,14.92,2,2
COR07449,GAD,KRBA,Gevra Road,Korba,SECR,7.03,3,3
COR07450,RMR,GWS,RAMNAGAR,GAUSHALA,NER,14.92,2,2
COR07451,KPV,RHN,KASHIPUR,ROSHANPUR,NER,18.99,1,1
COR07452,RHN,PLS,ROSHANPUR,PIPALSANA,NER,11.67,1,1
COR07453,GDO,DEEG,Goverdhan,Deeg,NCR,14.04,3,3
COR07454,DEEG,BEDM,Deeg,Bedham,NCR,11.92,3,3
COR07455,BEDM,BINR,Bedham,Brij Nagar,NCR,11.92,3,3
COR07456,BINR,GVH,Brij Nagar,Govind Garh,NCR,12.04,3,3
COR07457,GVH,JBS,Govind Garh,Jadoli Ka Bas,NCR,11.46,3,3
COR07458,JBS,RAH,Jadoli Ka Bas,Ramgarh,NCR,8.01,3,3
COR07459,RAH,OTD,Ramgarh,Ootwar,NCR,9.51,3,3
COR07460,OTD,AWR,Ootwar,ALWAR,NCR,13.25,3,3
COR07461,BGU,DAG,BAIRGANIA,DHANG,ECR,8.27,2,2
COR07462,DAG,RIGA,DHANG,RIGA,ECR,10.83,2,2
COR07463,BAY,OBM,BELLARY JN,Obalapuram,SWR,17.63,2,2
COR07464,OBM,SLM,Obalapuram,Somalapuram,SWR,11.21,2,2
COR07465,SLM,RDG,Somalapuram,Rayadurg,SWR,23.19,2,2
COR07466,RDG,MOMU,Rayadurg,Molakalmuru,SWR,11.96,2,2
COR07467,MOMU,BOMN,Molakalmuru,Bommagundanakere,SWR,14.89,2,2
COR07468,BOMN,THKU,Bommagundanakere,Thallak,SWR,15.67,2,2
COR07469,THKU,CHKE,Thallak,Challakere,SWR,15.18,2,2
COR07470,CHKE,BAHI,Challakere,Balenahalli,SWR,12.4,2,2
COR07471,BAHI,BNHL,Balenahalli,Bellenahalli,SWR,1.48,2,2
COR07472,BNHL,CTA,Bellenahalli,Chitradurg,SWR,18.16,2,2
COR07473,MBA,RJAK,MAHOBA,RAJNAGAR,NCR,44.95,2,2
COR07474,RJAK,KURJ,RAJNAGAR,KHAJURAHO,NCR,11.92,3,3
COR07475,BJPL,PHRH,BAIJNATH PAPROLA,PANCH RUKHI,NR,6.44,1,1
COR07476,PHRH,PLMX,PANCH RUKHI,PALAMPUR HIMACHAL,NR,2.71,1,1
COR07477,PLMX,PRAR,PALAMPUR HIMACHAL,PAROR,NR,7.64,1,1
COR07478,GVL,VMD,Gudlavalleru,Vadlamannadu,SCR,7.78,1,1
COR07479,SGNR,SDS,SHRI GANGANAGAR,Sadulshahr,NWR,29.22,3,3
COR07480,SDS,DPK,Sadulshahr,Dholipal,NWR,17.51,3,3
COR07481,DPK,HMH,Dholipal,HANUMANGARH JN,NWR,16.82,3,3
COR07482,SRKN,TLI,Sherekan,Tulwara Jhil,NWR,,3,3
COR07483,ENB,KNNA,Ellenabad,Khinaniyan,NWR,12.4,3,3
COR07484,KNNA,NHR,Khinaniyan,Nohar,NWR,17.86,3,3
COR07485,SDMK,NRWI,Sidmukh,Narwasi,NWR,,3,3
COR07486,DBRG,DMGN,DIBRUGARH,DHAMALGAON,NFR,17.2,3,3
COR07487,DMGN,MRHT,DHAMALGAON,MORANHAT,NFR,17.02,2,2
COR07488,MRHT,SRTN,MORANHAT,SIBSAGAR TOWN,NFR,34.73,2,2
COR07489,SRTN,AGI,SIBSAGAR TOWN,AMGURI,NFR,23.01,2,2
COR07490,KHTU,KKNA,Khatu,Khunkhuna,NWR,24.03,2,2
COR07491,KKNA,DIA,Khunkhuna,Didwana,NWR,15.64,2,2
COR07492,DIA,LAU,Didwana,Ladnun,NWR,30.27,2,2
COR07493,LAU,SUJH,Ladnun,Sujangarh,NWR,9.32,2,2
COR07494,SUJH,RTGH,Sujangarh,Ratangarh Junction,NWR,42.78,2,2
COR07495,SCE,BEE,Senchoa Junction,Bebejia,NFR,0.22,2,2
COR07496,BEE,PUY,Bebejia,Phulaguri,NFR,6.52,2,2
COR07497,PUY,RAHA,Phulaguri,Raha,NFR,8.64,2,2
COR07498,RAHA,CPK,Raha,CHAPARMUKH JN,NFR,2.77,2,2
COR07499,ASV,SDGM,ASARVA JN,SARDARGRAM,WR,4.21,7,7
COR07500,MDRA,DBO,MEDRA,DABHODA,WR,5.08,6,6
COR07501,DBO,NHM,DABHODA,NANDOL DEHEGAM,WR,6.96,7,7
COR07502,YTL,LSN,Yavatmal,Lasina,CR,,1,1
COR07503,LSN,LDD,Lasina,Ladkhed,CR,,1,1
COR07504,LDD,TPN,Ladkhed,Tapona,CR,,1,1
COR07505,TPN,DWM,Tapona,Darwha Moti Bagh Junction,CR,,1,1
COR07506,DWM,WRD,Darwha Moti Bagh Junction,Warudkhed,CR,,1,1
COR07507,WRD,SWQ,Warudkhed,Sangwi,CR,,1,1
COR07508,SWQ,SMTN,Sangwi,Somthan,CR,,1,1
COR07509,SMTN,KRJT,Somthan,Karanja Town,CR,,1,1
COR07510,KRJT,POHE,Karanja Town,Pohe,CR,,1,1
COR07511,POHE,BDKE,Pohe,Bhadsivni,CR,,1,1
COR07512,BDKE,VLN,Bhadsivni,Vilegaon,CR,,1,1
COR07513,VLN,KQV,Vilegaon,Kinkhed,CR,,1,1
COR07514,KQV,MZRT,Kinkhed,Murtajapur Town,CR,,1,1
COR07515,DRZ,KYS,Dalli Rajhara,Kusumkasa,SECR,5.99,2,3
COR07516,KYS,BXA,Kusumkasa,Balod,SECR,16.8,2,3
COR07517,BXA,LBO,Balod,Latabor,SECR,8.31,2,3
COR07518,LBO,SKSO,Latabor,Sikosa,SECR,8.96,2,3
COR07519,SKSO,GDZ,Sikosa,Gundardehi,SECR,9.13,2,3
COR07520,GDZ,RSA,Gundardehi,Risama,SECR,12.46,2,3
COR07521,RSA,MXA,Risama,MARAUDA,SECR,11.77,2,3
COR07522,CIA,KSA,CHHEHARTA,KHASA,NR,7.65,1,1
COR07523,KSA,ATT,KHASA,ATARI,NR,10.31,1,1
COR07524,CNN,LOD,Chintaman Ganes,Lekoda,WR,8.92,4,4
COR07525,LOD,FTD,Lekoda,Fatehabad Chowk Junction,WR,7.85,5,5
COR07526,DHNA,KAU,Dhachna,Kachna,NFR,4.04,6,6
COR07527,KAU,JTK,Kachna,Jhitkia,NFR,2.96,6,6
COR07528,JTK,RGJ,Jhitkia,RaiGanj,NFR,7.53,6,6
COR07529,RGJ,BMGR,RaiGanj,Bamangram,NFR,6.38,6,6
COR07530,BMGR,BJY,Bamangram,Bangalbaree,NFR,3.85,6,6
COR07531,BJY,KAJ,Bangalbaree,Kaliyaganj,NFR,10.22,6,6
COR07532,KAJ,DLX,Kaliyaganj,Dalimgaon,NFR,5.61,6,6
COR07533,DLX,RDP,Dalimgaon,Radhikapur,NFR,6.21,6,6
COR07534,GNPT,KV,Ganpatpura,Kayavarohan,WR,,1,1
COR07535,KV,PRKA,Kayavarohan,Parikha,WR,,1,1
COR07536,BXT,ABW,Bamanhat,Abutara Halt,NFR,4.15,1,1
COR07537,ABW,NGTG,Abutara Halt,New Gitaldaha,NFR,0.0,1,1
COR07538,NGTG,FLM,New Gitaldaha,Falimari,NFR,0.0,1,1
COR07539,FLM,DHH,Falimari,Dinhata,NFR,0.0,1,1
COR07540,DHH,VTG,Dinhata,Bhetaguri,NFR,26.98,1,1
COR07541,VTG,DWT,Bhetaguri,Dewan Hat,NFR,0.0,1,1
COR07542,DWT,COB,Dewan Hat,Cooch Behar,NFR,0.0,1,1
COR07543,PMI,KRJR,PAIMAR,KARJARA,ECR,3.98,1,1
COR07544,MZW,TIA,MANJHWE,TILAYA,ECR,9.57,1,1
COR07545,CTHT,NWD,CHATAR HALT,NAWADIH,ECR,7.31,1,1
COR07546,BBE,WRS,BAGHI BARDIHA,WARIS ALEGANJ,ECR,7.19,1,1
COR07547,BFX,KSC,BAGHI GHAUSPUR,KASHI CHAK,ECR,4.08,1,1
COR07548,KSMB,SHK,KASTLA KASMABAD,SHEIKPURA,ECR,5.92,1,1
COR07549,SHK,EKH,SHEIKPURA,EKSARI HALT,ECR,3.57,1,1
COR07550,TKO,TMLP,TAKKOLAM,TIRUMALPUR,SR,7.51,5,5
COR07551,ASK,HHT,ARSIKERE JN,Habanghata,SWR,9.74,2,2
COR07552,HHT,BGPA,Habanghata,Bageshapura,SWR,9.49,2,2
COR07553,BGPA,HAS,Bageshapura,Hassan Junction,SWR,19.79,2,2
COR07554,HAS,MVC,Hassan Junction,Mavinkere,SWR,22.72,2,2
COR07555,MVC,HLN,Mavinkere,Hole Narsipur,SWR,5.85,2,2
COR07556,HLN,ANC,Hole Narsipur,Annechakanahali,SWR,6.69,2,2
COR07557,ANC,SRVN,Annechakanahali,Sravanur,SWR,7.92,2,2
COR07558,SRVN,MGF,Sravanur,Mandagere,SWR,2.93,2,2
COR07559,MGF,BRBL,Mandagere,Birahalli,SWR,7.04,2,2
COR07560,BRBL,AKK,Birahalli,Akkihebbalu,SWR,4.77,2,2
COR07561,AKK,HAH,Akkihebbalu,Hosa Agrahara,SWR,6.29,2,2
COR07562,HAH,ARNH,Hosa Agrahara,Arjunahalli,SWR,7.18,2,2
COR07563,ARNH,HPA,Arjunahalli,Hampapura,SWR,3.7,2,2
COR07564,HPA,KRNR,Hampapura,Krishnarajanagara,SWR,3.87,2,2
COR07565,KRNR,DOY,Krishnarajanagara,Dornahalli,SWR,4.31,2,2
COR07566,DOY,STE,Dornahalli,Sagarkatte,SWR,5.82,2,2
COR07567,STE,KLYH,Sagarkatte,Kallur Yedahli,SWR,2.01,2,2
COR07568,KLYH,KJS,Kallur Yedahli,Krishnarajasagar,SWR,7.89,2,2
COR07569,KJS,BLGA,Krishnarajasagar,Belagula,SWR,2.93,2,2
COR07570,BLGA,MYS,Belagula,MYSORE JN,SWR,9.69,2,2
COR07571,ALJ,RHN,ALAI,ROSHANPUR,NER,11.66,1,1
COR07572,SKND,BGPL,Sukinda Road,Baghuapal,ECoR,8.94,2,2
COR07573,BGPL,TMKA,Baghuapal,Tomka,ECoR,8.24,2,2
COR07574,TMKA,TGRL,Tomka,Tangiriapal,ECoR,8.14,2,2
COR07575,TGRL,SGDP,Tangiriapal,Sagadapata,ECoR,9.12,2,2
COR07576,SGDP,CLDR,Sagadapata,Chilikidara,ECoR,8.53,2,2
COR07577,CLDR,HCNR,Chilikidara,Harichandanpur,ECoR,10.05,2,2
COR07578,HCNR,NKW,Harichandanpur,Nilakantheswar,ECoR,10.86,2,2
COR07579,NKW,STBJ,Nilakantheswar,Sitabanji,ECoR,8.28,2,2
COR07580,STBJ,BSTP,Sitabanji,Basantapur,ECoR,12.96,2,2
COR07581,BSTP,NANR,Basantapur,Naranpur,ECoR,8.6,2,2
COR07582,NANR,KDJR,Naranpur,Kendujhargarh,ECoR,4.92,2,2
COR07583,RLA,VVV,RAJULA JN,VAVERA,WR,6.02,3,3
COR07584,VVV,VJD,VAVERA,VIJPADI ROAD,WR,13.08,3,3
COR07585,VJD,GKD,VIJPADI ROAD,GADHAKDA,WR,9.54,3,3
COR07586,GKD,BDHA,GADHAKDA,BADHADA,WR,5.83,3,3
COR07587,BDHA,SVKD,BADHADA,SAVAR KUNDLA,WR,7.65,3,3
COR07588,SVKD,JIR,SAVAR KUNDLA,JIRA ROAD,WR,13.25,3,3
COR07589,JIR,LMO,JIRA ROAD,LILIYA MOTA,WR,10.41,3,3
COR07590,LMO,HTGR,LILIYA MOTA,HATHIGADH,WR,11.57,3,3
COR07591,HTGR,PCT,HATHIGADH,PANCHTALAVDA ROAD,WR,5.65,3,3
COR07592,PCT,DME,PANCHTALAVDA ROAD,DAMNAGAR,WR,4.58,3,3
COR07593,DME,DAS,DAMNAGAR,DHASA JN,WR,10.52,3,3
COR07594,DAS,JA,DHASA JN,JALIYA,WR,12.4,2,2
COR07595,JA,DLJ,JALIYA,DHOLA JN,WR,10.94,2,2
COR07596,KNAD,SOJN,Kanad,SIHOR GUJARAT,WR,8.99,4,4
COR07597,CG,TLX,Canning,Taldi,ER,6.92,1,1
COR07598,TLX,BTPG,Taldi,Betheria Ghola,ER,3.72,1,1
COR07599,BTPG,GOF,Betheria Ghola,Ghutiari Sharif,ER,2.93,1,1
COR07600,GOF,GQD,Ghutiari Sharif,Gourdaha Halt,ER,,1,1
COR07601,GQD,PLF,Gourdaha Halt,Piali,ER,,1,1
COR07602,PLF,CHT,Piali,Champahati,ER,2.9,1,1
COR07603,CHT,KLKR,Champahati,Kalikapur,ER,2.23,1,1
COR07604,KLKR,BDYP,Kalikapur,Bidyadharpur,ER,2.67,1,1
COR07605,BDYP,SPR,Bidyadharpur,Sonarpur Junction,ER,3.12,1,1
COR07606,VT,VLR,VELLORE TOWN,VELLORE CANT,SR,1.46,4,4
COR07607,VLR,ARV,VELLORE CANT,ARNI ROAD,SR,32.36,1,1
COR07608,ARV,PRL,ARNI ROAD,POLUR,SR,15.78,1,1
COR07609,PRL,TNM,POLUR,TIRUVANNAMALAI,SR,30.92,1,1
COR07610,TNM,AND,TIRUVANNAMALAI,ANDAMPALIAM,SR,19.37,1,1
COR07611,AND,MMP,ANDAMPALIAM,MAMBALAPPATTU JN,SR,26.94,1,1
COR07612,JMNR,BGR,Jamner,Bhagdara,CR,,2,2
COR07613,BGR,PHU,Bhagdara,Pahur,CR,,2,2
COR07614,PHU,SDRN,Pahur,Shendurni,CR,,2,2
COR07615,SDRN,PMGN,Shendurni,Pimpalgaon,CR,,2,2
COR07616,PMGN,VRKD,Pimpalgaon,Varkhedi,CR,,2,2
COR07617,LKKA,PBW,Lal Kuan,PANTNAGAR,NER,,6,6
COR07618,PBW,KHH,PANTNAGAR,KICHHA,NER,11.6,6,6
COR07619,KHH,BHI,KICHHA,BAHERI,NER,15.24,6,6
COR07620,BHI,RR,BAHERI,RICHHA ROAD,NER,6.78,6,6
COR07621,RR,DRN,RICHHA ROAD,DEORANIAN,NER,8.15,6,6
COR07622,DRN,AMA,DEORANIAN,ATAMANDA,NER,6.58,6,6
COR07623,AMA,BPR,ATAMANDA,BHOJIPURA JN,NER,10.44,6,6
COR07624,PRDP,BDBA,Paradip,Badabandha Road,ECoR,10.46,2,2
COR07625,BDBA,RHMA,Badabandha Road,Rahama,ECoR,12.21,3,3
COR07626,GRKN,BNHR,Gorakhnath,Banbihari Gwalipur,ECoR,6.69,3,3
COR07627,BNHR,RCTC,Banbihari Gwalipur,Raghunathpur,ECoR,5.95,3,3
COR07628,RCTC,BDKT,Raghunathpur,Badakhandita,ECoR,7.03,3,3
COR07629,BDKT,KDRP,Badakhandita,Kandarpur,ECoR,7.74,3,3
COR07630,SPR,SBGR,Sonarpur Junction,Subhas Gram,ER,3.34,2,2
COR07631,SBGR,MAK,Subhas Gram,Mallikpur,ER,1.84,2,2
COR07632,MAK,BRP,Mallikpur,Baruipur Junction,ER,3.38,2,2
COR07633,BRP,SSRD,Baruipur Junction,Shasan Road,ER,2.26,1,1
COR07634,SSRD,KRXM,Shasan Road,Krishnamohan Halt,ER,2.39,1,1
COR07635,KRXM,DPDP,Krishnamohan Halt,Dhapdhapi,ER,1.9,1,1
COR07636,DPDP,SJPR,Dhapdhapi,Surjyapur,ER,2.63,1,1
COR07637,SJPR,GCN,Surjyapur,Gocharan,ER,1.91,1,1
COR07638,GCN,HGA,Gocharan,Hogla,ER,2.6,1,1
COR07639,HGA,DBT,Hogla,Dakshin Barasat,ER,3.22,1,1
COR07640,DBT,BARU,Dakshin Barasat,Baharu,ER,2.45,1,1
COR07641,BARU,JNM,Baharu,Jayanagar Majilpur Halt,ER,5.06,1,1
COR07642,JNM,MPRD,Jayanagar Majilpur Halt,Mathurapur Road,ER,4.01,1,1
COR07643,MPRD,MDBP,Mathurapur Road,Madhabpur,ER,5.08,1,1
COR07644,MDBP,LKPR,Madhabpur,Lakshmikantpur,ER,2.8,1,1
COR07645,LKPR,URP,Lakshmikantpur,Udairampur,ER,5.09,1,1
COR07646,URP,KLW,Udairampur,Kalwan Halt,ER,3.19,1,1
COR07647,KLW,KRJN,Kalwan Halt,Karanjali Halt,ER,,1,1
COR07648,KRJN,NCPM,Karanjali Halt,Nishchindapur Market Halt,ER,,1,1
COR07649,NCPM,NCP,Nishchindapur Market Halt,Nishchindapur,ER,1.58,1,1
COR07650,NCP,KHGR,Nishchindapur,Kashinagar Halt,ER,7.68,1,1
COR07651,KHGR,KWDP,Kashinagar Halt,Kakdwip,ER,2.97,1,1
COR07652,KWDP,UKLR,Kakdwip,Ukilerhat Halt,ER,7.17,1,1
COR07653,UKLR,NMKA,Ukilerhat Halt,Namkhana,ER,5.91,1,1
COR07654,NWA,NIR,Nagarwara,Nainpur Junction,SECR,23.95,1,1
COR07655,HNB,TKF,Hasanabad,Taki Road,ER,1.91,1,1
COR07656,TKF,NMDR,Taki Road,Nimdanri,ER,2.59,1,1
COR07657,NMDR,MPN,Nimdanri,Madhyampur,ER,1.6,1,1
COR07658,MPN,MTAP,Madhyampur,Matania Anantpur,ER,,1,1
COR07659,MTAP,BSHT,Matania Anantpur,Basirhat,ER,,1,1
COR07660,BSHT,BBLA,Basirhat,Bhyabla Halt,ER,1.5,1,1
COR07661,BBLA,CQR,Bhyabla Halt,Champapukur,ER,4.83,1,1
COR07662,CQR,GGV,Champapukur,Ghovarash Ghona,ER,2.63,1,1
COR07663,GGV,MPE,Ghovarash Ghona,Malatipur,ER,2.06,1,1
COR07664,MPE,KMZA,Malatipur,Kankra Mirzanagar,ER,4.3,1,1
COR07665,KMZA,HRO,Kankra Mirzanagar,Harua Road,ER,3.25,1,1
COR07666,HRO,BSLA,Harua Road,Bhasila,ER,3.26,1,1
COR07667,BSLA,LBTL,Bhasila,Lebutala,ER,1.9,1,1
COR07668,LBTL,BGRD,Lebutala,Beliaghata Road,ER,3.5,1,1
COR07669,BGRD,SXC,Beliaghata Road,Sondalia,ER,2.68,1,1
COR07670,SXC,BHKA,Sondalia,Bahira Kalibari,ER,1.96,1,1
COR07671,BHKA,KBGH,Bahira Kalibari,Karea Kadambagachhi,ER,3.66,1,1
COR07672,KBGH,KZPB,Karea Kadambagachhi,Kazipara Barasat,ER,,1,1
COR07673,KZPB,BT,Kazipara Barasat,Barasat,ER,,1,1
COR07674,BT,HHR,Barasat,Hridaypur,ER,1.96,1,1
COR07675,HHR,MMG,Hridaypur,Madhyamgram,ER,2.66,1,1
COR07676,MMG,NBE,Madhyamgram,New Barrackpore,ER,1.07,1,1
COR07677,NBE,BRPK,New Barrackpore,Bisharpara Kodaliya,ER,1.59,1,1
COR07678,BRPK,BBT,Bisharpara Kodaliya,Birati,ER,1.48,1,1
COR07679,BBT,DGNR,Birati,Durganagar,ER,1.79,1,1
COR07680,DGNR,DDC,Durganagar,Dum Dum Cantt.,ER,1.77,1,1
COR07681,LKQ,KHTN,Laukaha Bazar,Khutauna,ECR,8.49,1,1
COR07682,VPH,CDMA,Vachaspati Nagar,Chandeshwarsthan,ECR,,1,1
COR07683,CDMA,MHRL,Chandeshwarsthan,Mahrail,ECR,,1,1
COR07684,BLMR,BBGN,Bhalukmara,Barua Bamungaon,NFR,19.94,1,1
COR07685,SNMY,SDBH,Sindri Marshalling Yard,Sindri Block Hut,ECR,3.48,4,4
COR07686,CHRU,KEMR,CHAMRUA,KEMRI,NER,5.93,1,1
COR07687,SRDW,UGP,SHRIMAD DWARAKAPURI,UGARPUR,NCR,5.91,2,2
COR07688,UGP,NBUE,UGARPUR,NIBKARORI,NCR,10.36,2,2
COR07689,NBUE,BBLK,NIBKARORI,B L DASPURI,NCR,4.77,2,2
COR07690,BBLK,PKNA,B L DASPURI,PAKHNA,NCR,6.07,2,2
COR07691,PKNA,MOTA,PAKHNA,MOTA,NCR,5.22,2,2
COR07692,MOTA,BGQ,MOTA,BHONGAON,NCR,9.31,1,1
COR07693,BGQ,MPUE,BHONGAON,MAINPURI KACHRI,NCR,10.51,2,2
COR07694,MPUE,MNQ,MAINPURI KACHRI,MAINPURI,NCR,3.27,2,2
COR07695,MNQ,TNUE,MAINPURI,TINDAULI,NCR,11.82,2,2
COR07696,TNUE,KOZ,TINDAULI,KOSMA,NCR,8.81,2,2
COR07697,KOZ,AON,KOSMA,ARAON,NCR,15.1,1,1
COR07698,AON,BUBT,ARAON,BURAHA BHARTHA,NCR,2.27,2,2
COR07699,DEE,PTNR,DELHI SARAI ROHILLA,PATEL NAGAR,NR,3.03,1,1
COR07700,PTNR,DEC,PATEL NAGAR,DELHI CANTT,NR,6.46,1,1
COR07701,BJMD,GUA,Bara Jamda,Gua,SER,6.58,1,1
COR07702,CUR,BUB,Churu,Bissau,NWR,10.74,5,5
COR07703,BUB,MWR,Bissau,Mahansar,NWR,5.35,5,5
COR07704,MWR,RSWT,Mahansar,Ramgarh Shekhawati,NWR,5.05,5,5
COR07705,RSWT,QMRS,Ramgarh Shekhawati,Kayamsar,NWR,4.93,5,5
COR07706,QMRS,FPS,Kayamsar,Fatehpur Shekhawati,NWR,14.18,5,5
COR07707,FPS,LNH,Fatehpur Shekhawati,Lachhmangarh Sikar,NWR,19.7,5,5
COR07708,LNH,RDK,Lachhmangarh Sikar,Rasheedpura Khori,NWR,14.2,5,5
COR07709,RDK,SIKR,Rasheedpura Khori,Sikar Junction,NWR,12.65,5,5
COR07710,CCI,RLX,Chinnekuntapali,Ramanujampalli,SCR,3.22,2,2
COR07711,RLX,MGB,Ramanujampalli,Mudigubba,SCR,16.65,2,2
COR07712,MGB,KCM,Mudigubba,Kalasumudram,SCR,18.58,2,2
COR07713,KCM,KRY,Kalasumudram,Kadiri,SCR,13.42,2,2
COR07714,KRY,NCU,Kadiri,Nallacheruvu,SCR,10.56,2,2
COR07715,NCU,TKU,Nallacheruvu,Tanakallu,SCR,11.2,2,2
COR07716,TKU,MCU,Tanakallu,Mulacalacheruvu,SCR,15.03,2,2
COR07717,MCU,BTM,Mulacalacheruvu,Battulapuram,SCR,7.51,2,2
COR07718,BTM,TAT,Battulapuram,Tummanamgutta,SCR,9.11,2,2
COR07719,TAT,KBA,Tummanamgutta,Kurabalakota,SCR,12.39,2,2
COR07720,KBA,MPL,Kurabalakota,Madanapalle Road,SCR,7.8,2,2
COR07721,MPL,VLD,Madanapalle Road,Vayalpad,SCR,7.7,2,2
COR07722,VLD,KCI,Vayalpad,Kallkiri,SCR,19.06,2,2
COR07723,KCI,PIL,Kallkiri,Piler,SCR,13.81,2,2
COR07724,PIL,PCL,Piler,Pulicherla,SCR,14.09,2,2
COR07725,PCL,MPT,Pulicherla,Mangalampeta,SCR,4.98,2,2
COR07726,MPT,VLV,Mangalampeta,Vallivedu,SCR,4.47,2,2
COR07727,VLV,DCU,Vallivedu,Damalcheruvu,SCR,5.67,2,2
COR07728,MYS,BLGA,MYSORE JN,Belagula,SWR,9.69,2,2
COR07729,BLGA,KJS,Belagula,Krishnarajasagar,SWR,2.93,2,2
COR07730,KJS,KLYH,Krishnarajasagar,Kallur Yedahli,SWR,7.89,2,2
COR07731,KLYH,STE,Kallur Yedahli,Sagarkatte,SWR,2.01,2,2
COR07732,STE,DOY,Sagarkatte,Dornahalli,SWR,5.82,2,2
COR07733,DOY,KRNR,Dornahalli,Krishnarajanagara,SWR,4.31,2,2
COR07734,KRNR,HPA,Krishnarajanagara,Hampapura,SWR,3.87,2,2
COR07735,HPA,ARNH,Hampapura,Arjunahalli,SWR,3.7,2,2
COR07736,ARNH,HAH,Arjunahalli,Hosa Agrahara,SWR,7.18,2,2
COR07737,HAH,AKK,Hosa Agrahara,Akkihebbalu,SWR,6.29,2,2
COR07738,AKK,BRBL,Akkihebbalu,Birahalli,SWR,4.77,2,2
COR07739,BRBL,MGF,Birahalli,Mandagere,SWR,7.04,2,2
COR07740,MGF,SRVN,Mandagere,Sravanur,SWR,2.93,2,2
COR07741,SRVN,ANC,Sravanur,Annechakanahali,SWR,7.92,2,2
COR07742,ANC,HLN,Annechakanahali,Hole Narsipur,SWR,6.69,2,2
COR07743,HLN,MVC,Hole Narsipur,Mavinkere,SWR,5.85,2,2
COR07744,MVC,HAS,Mavinkere,Hassan Junction,SWR,22.72,2,2
COR07745,HAS,BGPA,Hassan Junction,Bageshapura,SWR,19.79,2,2
COR07746,BGPA,HHT,Bageshapura,Habanghata,SWR,9.49,2,2
COR07747,HHT,ASK,Habanghata,ARSIKERE JN,SWR,9.74,2,2
COR07748,MMD,JGD,Maheshmunda,Jagadishpur,ER,14.52,1,1
COR07749,PNVL,BIRD,PANVEL,BHIWANDI ROAD,CR,31.89,2,2
COR07750,WSJ,KTLA,WANSJALIYA,KATKOLA JN,WR,5.97,3,3
COR07751,KTLA,WAB,KATKOLA JN,BALWA,WR,9.31,3,3
COR07752,WAB,JDH,BALWA,JAM JODHPUR JN,WR,7.35,3,3
COR07753,JDH,PLM,JAM JODHPUR JN,PANELI MOTI,WR,13.02,3,3
COR07754,PLM,BHY,PANELI MOTI,BHAYAVADAR,WR,9.11,3,3
COR07755,BHY,UA,BHAYAVADAR,UPLETA,WR,12.2,3,3
COR07756,UA,SPD,UPLETA,SUPEDI,WR,9.79,3,3
COR07757,SPD,DJI,SUPEDI,DHORAJI,WR,8.14,3,3
COR07758,DJI,JLR,DHORAJI,JETALSAR JN,WR,13.36,3,3
COR07759,NMKA,UKLR,Namkhana,Ukilerhat Halt,ER,5.91,1,1
COR07760,UKLR,KWDP,Ukilerhat Halt,Kakdwip,ER,7.17,1,1
COR07761,KWDP,KHGR,Kakdwip,Kashinagar Halt,ER,2.97,1,1
COR07762,KHGR,NCP,Kashinagar Halt,Nishchindapur,ER,7.68,1,1
COR07763,NCP,NCPM,Nishchindapur,Nishchindapur Market Halt,ER,1.58,1,1
COR07764,NCPM,KRJN,Nishchindapur Market Halt,Karanjali Halt,ER,,1,1
COR07765,KRJN,KLW,Karanjali Halt,Kalwan Halt,ER,,1,1
COR07766,KLW,URP,Kalwan Halt,Udairampur,ER,3.19,1,1
COR07767,URP,LKPR,Udairampur,Lakshmikantpur,ER,5.09,1,1
COR07768,LKPR,MDBP,Lakshmikantpur,Madhabpur,ER,2.8,1,1
COR07769,MDBP,MPRD,Madhabpur,Mathurapur Road,ER,5.08,1,1
COR07770,MPRD,JNM,Mathurapur Road,Jayanagar Majilpur Halt,ER,4.01,1,1
COR07771,JNM,BARU,Jayanagar Majilpur Halt,Baharu,ER,5.06,1,1
COR07772,BARU,DBT,Baharu,Dakshin Barasat,ER,2.45,1,1
COR07773,DBT,HGA,Dakshin Barasat,Hogla,ER,3.22,1,1
COR07774,HGA,GCN,Hogla,Gocharan,ER,2.6,1,1
COR07775,GCN,SJPR,Gocharan,Surjyapur,ER,1.91,1,1
COR07776,SJPR,DPDP,Surjyapur,Dhapdhapi,ER,2.63,1,1
COR07777,DPDP,KRXM,Dhapdhapi,Krishnamohan Halt,ER,1.9,1,1
COR07778,KRXM,SSRD,Krishnamohan Halt,Shasan Road,ER,2.39,1,1
COR07779,SSRD,BRP,Shasan Road,Baruipur Junction,ER,2.26,1,1
COR07780,CTD,PQT,Chhota Udepur,Puniyavant,WR,6.17,2,2
COR07781,PQT,TJH,Puniyavant,Tajgadh,WR,5.8,2,2
COR07782,TJH,PAVI,Tajgadh,Pavi,WR,6.72,2,2
COR07783,JBU,BDE,Jabugam,Bodeli,WR,4.85,2,2
COR07784,PIT,MDHA,Palitana,Madhada,WR,11.5,3,3
COR07785,SIKR,RDK,Sikar Junction,Rasheedpura Khori,NWR,12.65,5,5
COR07786,RDK,LNH,Rasheedpura Khori,Lachhmangarh Sikar,NWR,14.2,5,5
COR07787,LNH,FPS,Lachhmangarh Sikar,Fatehpur Shekhawati,NWR,19.7,5,5
COR07788,FPS,QMRS,Fatehpur Shekhawati,Kayamsar,NWR,14.18,5,5
COR07789,QMRS,RSWT,Kayamsar,Ramgarh Shekhawati,NWR,4.93,5,5
COR07790,RSWT,MWR,Ramgarh Shekhawati,Mahansar,NWR,5.05,5,5
COR07791,MWR,BUB,Mahansar,Bissau,NWR,5.35,5,5
COR07792,BUB,CUR,Bissau,Churu,NWR,10.74,5,5
COR07793,NIP,JLLO,Nizampur,Jhilo,NWR,17.52,1,1
COR07794,VVKP,DSA,VIVEKANAND PURI HALT,DELHI SHAHDARA,NR,10.73,1,1
COR07795,KS,MNKN,KHETA SARAI,MANIKALAN HALT,NR,5.37,1,1
COR07796,MNKN,MIH,MANIKALAN HALT,MIHRAWAN,NR,5.17,1,1
COR07797,APDJ,APDC,ALIPUR DUAR JN,Alipur Duar Court,NFR,2.77,2,2
COR07798,APDC,APD,Alipur Duar Court,Alipur Duar,NFR,2.3,2,2
COR07799,APD,BSW,Alipur Duar,Baneswar,NFR,10.46,2,2
COR07800,JKS,BKD,Jaksi,Bhankoda,WR,5.77,3,3
COR07801,BKD,DTJ,Bhankoda,Detroj,WR,8.43,3,3
COR07802,DTJ,GLD,Detroj,Ghelda,WR,4.27,3,3
COR07803,GLD,KTRD,Ghelda,Katosan Road,WR,6.87,3,3
COR07804,KTRD,LCH,Katosan Road,Linch,WR,17.17,2,2
COR07805,LCH,MSH,Linch,MAHESANA JN,WR,9.09,3,3
COR07806,JDB,NKX,JAGDALPUR,NAKTISEMRA,ECoR,6.34,1,1
COR07807,NKX,AGZ,NAKTISEMRA,AMAGURA,ECoR,7.74,1,1
COR07808,AGZ,AGB,AMAGURA,AMBAGAON,ECoR,9.71,1,1
COR07809,AGB,KPRR,AMBAGAON,KOTAPAR ROAD,ECoR,7.67,1,1
COR07810,KPRR,CJS,KOTAPAR ROAD,CHARAMULA KUSUM,ECoR,9.96,1,1
COR07811,CJS,KDPA,CHARAMULA KUSUM,KHADAPA,ECoR,4.97,1,1
COR07812,KDPA,DIR,KHADAPA,DHANAPUR ORISSA,ECoR,9.36,1,1
COR07813,CTS,MVG,CHATTRIPUT,MALIGURA,ECoR,6.13,1,1
COR07814,LKKA,LKU,Lal Kuan,LAL KUAN,NER,,2,2
COR07815,SDI,BAA,Sagardighi,Barala,ER,6.79,1,1
COR07816,BAA,GSGB,Barala,Gosaingram,ER,18.38,1,1
COR07817,GSGB,ACLE,Gosaingram,AZIMGANJ CITY,ER,4.9,1,1
COR07818,BSUR,SNZ,Bisalpur,Sherganj,NER,10.03,3,3
COR07819,SNZ,BFPA,Sherganj,Bhopatpur,NER,0.56,3,3
COR07820,BFPA,PUF,Bhopatpur,Pauta,NER,8.49,3,3
COR07821,PUF,PTPR,Pauta,Pratabpur,NER,2.77,1,1
COR07822,PTPR,PBE,Pratabpur,PILIBHIT JN,NER,15.41,1,1
COR07823,TLGP,SRF,Talguppa,Sagar Jambagaru,SWR,27.12,1,1
COR07824,SRF,ANF,Sagar Jambagaru,Anandapuram,SWR,9.7,1,1
COR07825,ANF,ARU,Anandapuram,Arasalu,SWR,14.03,1,1
COR07826,ARU,HNHL,Arasalu,Harnahalli,SWR,16.45,1,1
COR07827,HNHL,SMET,Harnahalli,Shimoga Town,SWR,17.86,1,1
COR07828,MLN,SW,MAILANI,SEHRAMAU,NER,9.84,1,1
COR07829,SG,MALA,SHAHGARH,MALA,NER,12.86,3,3
COR07830,MALA,PBE,MALA,PILIBHIT JN,NER,10.35,3,3
COR07831,KTNR,SRSI,Kirtyanand Nagar,Sarsi,ECR,,2,2
COR07832,SAHA,NXR,Sarahula,Nagsar,ECR,,2,2
COR07833,NXR,TRG,Nagsar,Tarighat,ECR,,2,2
COR07834,BQA,ODM,BANKURA,ONDAGRAM,SER,15.56,1,1
COR07835,MIH,MNKN,MIHRAWAN,MANIKALAN HALT,NR,5.17,2,2
COR07836,MNKN,KS,MANIKALAN HALT,KHETA SARAI,NR,5.37,2,2
COR07837,JUA,BSY,JARAUNA,BARSATHI,NR,7.54,4,4
COR07838,JPAH,BPAH,Jagdishpur Halt,Benipur Halt,ECR,,2,2
COR07839,BPAH,NUIH,Benipur Halt,Neuri Halt,ECR,,2,2
COR07840,NUIH,BIRL,Neuri Halt,Biraul,ECR,,2,2
COR07841,GNPR,PLSG,Gunupur,Palasingi,ECoR,6.14,1,1
COR07842,PLSG,BSDR,Palasingi,Bansadhara Halt,ECoR,5.21,1,1
COR07843,BSDR,LRI,Bansadhara Halt,Lihuri Halt,ECoR,6.95,1,1
COR07844,LRI,KNGR,Lihuri Halt,Kashinagar Halt,ECoR,6.83,1,1
COR07845,KNGR,HBF,Kashinagar Halt,Hadobhangi Halt,ECoR,7.96,1,1
COR07846,HBF,SPRM,Hadobhangi Halt,Sitapuram Halt,ECoR,4.4,1,1
COR07847,SPRM,PLH,Sitapuram Halt,Parlakhemundi,ECoR,10.75,1,1
COR07848,PLH,PHM,Parlakhemundi,Patapatnam,ECoR,5.1,1,1
COR07849,PHM,GVA,Patapatnam,Ganguwada,ECoR,8.57,1,1
COR07850,GVA,TMB,Ganguwada,Temburu,ECoR,4.32,1,1
COR07851,TMB,PDSN,Temburu,Peddasana,ECoR,7.55,1,1
COR07852,PDSN,TEK,Peddasana,Tekkali Halt,ECoR,5.1,1,1
COR07853,RUSD,GARA,Runnisaidpur,Garha,ECR,1.75,1,1
COR07854,GARA,DUMR,Garha,Dumra,ECR,16.8,1,1
COR07855,ARCL,JRBM,ARUNACHAL,JIRIBAM,NFR,39.0,1,1
COR07856,BHGJ,RBN,Bihariganj,Raghubans Nagar,ECR,7.26,3,3
COR07857,RBN,BAKT,Raghubans Nagar,Barhara Kothi,ECR,4.27,3,3
COR07858,AUI,SKHK,Aurahi,Sukhasan Kothi,ECR,2.66,2,2
COR07859,SKHK,BNKI,Sukhasan Kothi,Banmankhi Junction,ECR,6.4,2,2
COR07860,BNKI,SRSI,Banmankhi Junction,Sarsi,ECR,9.47,4,4
COR07861,SRSI,ATX,Sarsi,Alinagar Tola,ECR,,1,1
COR07862,ATX,KTNR,Alinagar Tola,Kirtyanand Nagar,ECR,,1,1
COR07863,KTNR,PRNC,Kirtyanand Nagar,Purnia Court,ECR,,4,4
COR07864,TLRA,BRMR,TALARA,BHARMAR,NR,9.27,1,1
COR07865,HRDR,NGRS,HARSAR DEHRI,NAGROTA SURIYAM,NR,7.69,1,1
COR07866,GULR,TRPL,GULER,TRIPAL HALT,NR,5.04,1,1
COR07867,PLMX,PTRJ,PALAMPUR HIMACHAL,PATTI RAJPURA HALT,NR,0.03,3,3
COR07868,PTRJ,PHRH,PATTI RAJPURA HALT,PANCH RUKHI,NR,2.71,2,2
COR07869,BJPL,BJMR,BAIJNATH PAPROLA,BAIJNATH MANDIR,NR,1.81,2,2
COR07870,BJMR,AHJU,BAIJNATH MANDIR,AHJU,NR,4.53,2,2
COR07871,AHJU,CTZ,AHJU,CHAUNTRA BHATERH,NR,5.91,2,2
COR07872,CTZ,JDNX,CHAUNTRA BHATERH,JOGINDER NAGAR,NR,4.41,2,2
COR07873,PEN,HMRR,PEN,HAMARAPUR,CR,9.34,2,2
COR07874,HMRR,APTA,HAMARAPUR,APTA,CR,8.53,2,2
COR07875,MJPB,TQN,Manjhra Purab,TIKUNIA,NER,19.57,1,1
COR07876,PBE,BFPA,PILIBHIT JN,Bhopatpur,NER,26.65,1,1
COR07877,BFPA,BSUR,Bhopatpur,Bisalpur,NER,9.47,1,1
COR07878,NOH,SZN,Nigohi,Shahbaznagar,NER,18.92,1,1
COR07879,NRW,GRZ,NARWANA JN,Gurthuri,NR,9.34,4,4
COR07880,GRZ,KIY,Gurthuri,Kalayat,NR,6.02,4,4
COR07881,KIY,SJM,Kalayat,Sajuma,NR,8.45,4,4
COR07882,SJM,QTP,Sajuma,Quatabpur,NR,6.59,4,4
COR07883,QTP,KLE,Quatabpur,Kaithal,NR,5.63,4,4
COR07884,KLE,GXG,Kaithal,Geong,NR,7.39,4,4
COR07885,GXG,TIK,Geong,Tik,NR,6.67,4,4
COR07886,TIK,PHWR,Tik,Pehowa Road,NR,9.74,4,4
COR07887,PHWR,PBJM,Pehowa Road,Pabnawa Jasmahinder Halt,NR,3.34,4,4
COR07888,PBJM,PDS,Pabnawa Jasmahinder Halt,Pindarsi,NR,5.61,4,4
COR07889,PDS,TNDE,Pindarsi,Thanesar City,NR,12.7,4,4
COR07890,HMT,MHDP,HIMMATNAGAR,Mahadevpara,WR,9.56,2,2
COR07891,MHDP,JADR,Mahadevpara,Jadar,WR,7.66,2,2
COR07892,JADR,IDAR,Jadar,Idar,WR,11.61,2,2
COR07893,IDAR,KADR,Idar,Kadiyadra,WR,7.29,2,2
COR07894,KADR,VAE,Kadiyadra,Vadali,WR,7.17,2,2
COR07895,VAE,KDBM,Vadali,Khed Brahma,WR,9.01,2,2
COR07896,LYD,VAA,Layabad,Bhaga Junction,SER,7.8,1,1
COR07897,GAH,AMO,Gawnaha,Amolwa,ECR,7.72,2,2
COR07898,MRJ,BLWD,MIRAJ JN,BOLWAD,CR,8.65,1,1
COR07899,BLWD,ARAG,BOLWAD,ARAG,CR,7.57,1,1
COR07900,DEC,PTNR,DELHI CANTT,PATEL NAGAR,NR,6.46,1,1
COR07901,PTNR,DEE,PATEL NAGAR,DELHI SARAI ROHILLA,NR,3.03,1,1
COR07902,FKA,ABS,Fazilka,ABOHAR,NR,34.11,1,1
COR07903,SGNR,KESR,SHRI GANGANAGAR,Kesri Singhpur,NWR,24.46,1,1
COR07904,KESR,SRW,Kesri Singhpur,Shri Karanpur,NWR,19.41,1,1
COR07905,SRW,GJS,Shri Karanpur,Gajsinghpur,NWR,20.83,1,1
COR07906,GJS,RSNR,Gajsinghpur,Rai Singh Nagar,NWR,13.64,1,1
COR07907,RSNR,SRPR,Rai Singh Nagar,SARUPSAR JN,NWR,31.2,1,1
COR07908,SRPR,SOG,SARUPSAR JN,SURATGARH JN,NWR,20.84,1,1
COR07909,NVRD,KLMG,NAVADE ROAD,KALAMBOLI GOODS,CR,2.31,1,1
COR07910,KLMG,PNVL,KALAMBOLI GOODS,PANVEL,CR,4.97,1,1
COR07911,VMD,GVL,Vadlamannadu,Gudlavalleru,SCR,7.78,1,1
COR07912,BRJ,SSP,Brace Bridge,Santoshpur,ER,3.07,1,1
COR07913,SSP,AKRA,Santoshpur,Akra,ER,2.64,1,1
COR07914,AKRA,NAI,Akra,Nangi,ER,3.03,1,1
COR07915,NAI,BGB,Nangi,Budge Budge,ER,3.11,1,1
COR07916,KTNA,RAS,Kathana,Ras,WR,,2,2
COR07917,RAS,BCHN,Ras,Bochasan Junction,WR,,2,2
COR07918,BCHN,BO,Bochasan Junction,Borsad,WR,6.32,2,2
COR07919,BO,DOW,Borsad,Davol,WR,4.53,2,2
COR07920,DOW,ALV,Davol,Anklav,WR,4.8,2,2
COR07921,ALV,BETI,Anklav,Bhetasi,WR,4.66,2,2
COR07922,VJA,NGNT,VEJANDLA,NEW GUNTUR,SCR,10.42,3,3
COR07923,STC,BDTS,SANTA CRUZ,MUMBAI BANDRA TERMINUS,WR,2.24,2,2
COR07924,BADK,AIH,BARKA,ALAWALPUR I PUR,NR,2.76,2,2
COR07925,AIH,SUJR,ALAWALPUR I PUR,SUJRA,NR,4.03,2,2
COR07926,PTN,SNHR,PATAN,SANKHAI,WR,7.85,1,1
COR07927,SNHR,RUJ,SANKHAI,RANUJ,WR,5.64,1,1
COR07928,RUJ,DHJ,RANUJ,DHINOJ,WR,11.94,1,1
COR07929,UMN,DNW,AMBLIYASAN,DANGARWA,WR,5.43,1,1
COR07930,DNW,JUL,DANGARWA,JHULASAN,WR,8.87,1,1
COR07931,JUL,KLL,JHULASAN,KALOL JN,WR,9.71,1,1
COR07932,KDJR,NANR,Kendujhargarh,Naranpur,ECoR,4.92,2,2
COR07933,NANR,BSTP,Naranpur,Basantapur,ECoR,8.6,2,2
COR07934,BSTP,STBJ,Basantapur,Sitabanji,ECoR,12.96,2,2
COR07935,STBJ,NKW,Sitabanji,Nilakantheswar,ECoR,8.28,2,2
COR07936,NKW,HCNR,Nilakantheswar,Harichandanpur,ECoR,10.86,2,2
COR07937,HCNR,CLDR,Harichandanpur,Chilikidara,ECoR,10.05,2,2
COR07938,CLDR,SGDP,Chilikidara,Sagadapata,ECoR,8.53,2,2
COR07939,SGDP,TGRL,Sagadapata,Tangiriapal,ECoR,9.12,2,2
COR07940,TGRL,TMKA,Tangiriapal,Tomka,ECoR,8.14,2,2
COR07941,TMKA,BGPL,Tomka,Baghuapal,ECoR,8.24,2,2
COR07942,BGPL,SKND,Baghuapal,Sukinda Road,ECoR,8.94,2,2
COR07943,DVA,UNA,Delvada,Una,WR,5.1,2,2
COR07944,UNA,GEG,Una,Gir Gadhara,WR,15.54,2,2
COR07945,GEG,HRM,Gir Gadhara,Hadmadiya,WR,8.71,2,2
COR07946,HRM,JVL,Hadmadiya,Jamwala,WR,8.19,2,2
COR07947,JVL,VLDR,Jamwala,Valadar,WR,4.97,2,2
COR07948,VLDR,PCC,Valadar,Prachi Road Junction,WR,4.52,2,2
COR07949,PCC,GRHM,Prachi Road Junction,Gir Hadmatiya,WR,0.03,3,3
COR07950,GRHM,JBB,Gir Hadmatiya,Jambur,WR,10.95,3,3
COR07951,JBB,TAV,Jambur,Talala Junction,WR,7.42,3,3
COR07952,VBN,MVJ,VALLABHNAGAR,MAVLI JN,NWR,12.44,1,1
COR07953,AGI,SRTN,AMGURI,SIBSAGAR TOWN,NFR,23.01,2,2
COR07954,SRTN,DMGN,SIBSAGAR TOWN,DHAMALGAON,NFR,42.86,1,1
COR07955,MJO,MAO,MAJORDA,MADGAON,KR,7.29,4,4
COR07956,ONR,HLG,Coonoor,Hillgrove,SR,,1,1
COR07957,HLG,MTP,Hillgrove,Mettupalayam,SR,,1,1
COR07958,STA,KMA,SATNA,KAIMA,WCR,5.07,4,4
COR07959,JDNX,CTZ,JOGINDER NAGAR,CHAUNTRA BHATERH,NR,4.41,2,2
COR07960,CTZ,AHJU,CHAUNTRA BHATERH,AHJU,NR,5.91,2,2
COR07961,AHJU,BJMR,AHJU,BAIJNATH MANDIR,NR,4.53,2,2
COR07962,BJMR,BJPL,BAIJNATH MANDIR,BAIJNATH PAPROLA,NR,1.81,2,2
COR07963,ARCL,SCA,ARUNACHAL,SALCHAPRA,NFR,7.83,1,1
COR07964,SCA,KTX,SALCHAPRA,KATAKHAL JN,NFR,4.6,1,1
COR07965,KDRP,MTND,Kandarpur,Mattagajpur,ECoR,8.96,1,1
COR07966,KGMR,NGRT,KANGRA MANDIR,NAGROTA,NR,10.69,1,1
COR07967,NGRT,PRAR,NAGROTA,PAROR,NR,7.4,1,1
COR07968,PRAR,PLMX,PAROR,PALAMPUR HIMACHAL,NR,7.64,1,1
COR07969,PHRH,BJPL,PANCH RUKHI,BAIJNATH PAPROLA,NR,6.44,1,1
COR07970,PFM,THW,PHAPHAMAU JN,THARWAI,NR,5.12,2,2
COR07971,THW,SYC,THARWAI,SARAI CHANDI,NR,6.51,2,2
COR07972,EN,KLL,ISAND,KALOL JN,WR,5.82,1,1
COR07973,SRTN,SLGR,SIBSAGAR TOWN,SIMALUGURI JN,NFR,13.84,1,1
COR07974,MXA,RSA,MARAUDA,Risama,SECR,11.77,2,3
COR07975,RSA,GDZ,Risama,Gundardehi,SECR,12.46,2,3
COR07976,GDZ,SKSO,Gundardehi,Sikosa,SECR,9.13,2,3
COR07977,SKSO,LBO,Sikosa,Latabor,SECR,8.96,2,3
COR07978,LBO,BXA,Latabor,Balod,SECR,8.31,2,3
COR07979,BXA,KYS,Balod,Kusumkasa,SECR,16.8,2,3
COR07980,KYS,DRZ,Kusumkasa,Dalli Rajhara,SECR,5.99,2,3
COR07981,TEK,PDSN,Tekkali Halt,Peddasana,ECoR,5.1,1,1
COR07982,PDSN,TMB,Peddasana,Temburu,ECoR,7.55,1,1
COR07983,TMB,GVA,Temburu,Ganguwada,ECoR,4.32,1,1
COR07984,GVA,PHM,Ganguwada,Patapatnam,ECoR,8.57,1,1
COR07985,PHM,PLH,Patapatnam,Parlakhemundi,ECoR,5.1,1,1
COR07986,PLH,SPRM,Parlakhemundi,Sitapuram Halt,ECoR,10.75,1,1
COR07987,SPRM,HBF,Sitapuram Halt,Hadobhangi Halt,ECoR,4.4,1,1
COR07988,HBF,KNGR,Hadobhangi Halt,Kashinagar Halt,ECoR,7.96,1,1
COR07989,KNGR,LRI,Kashinagar Halt,Lihuri Halt,ECoR,6.83,1,1
COR07990,LRI,BSDR,Lihuri Halt,Bansadhara Halt,ECoR,6.95,1,1
COR07991,BSDR,PLSG,Bansadhara Halt,Palasingi,ECoR,5.21,1,1
COR07992,PLSG,GNPR,Palasingi,Gunupur,ECoR,6.14,1,1
COR07993,LNK,KGKD,LOHIAN KHAS JN,Kang Khurd,NR,4.63,1,1
COR07994,KGKD,SDZ,Kang Khurd,Sindhar,NR,3.2,1,1
COR07995,NRO,SWG,Nakodar Junction,Sidhwan,NR,7.03,1,1
COR07996,SWG,NRM,Sidhwan,Nurmahal,NR,5.42,1,1
COR07997,NRM,GTQ,Nurmahal,Gumtali Halt,NR,3.77,1,1
COR07998,GTQ,BZG,Gumtali Halt,Bilga,NR,3.01,1,1
COR07999,BZG,PPB,Bilga,Partabpura,NR,4.58,1,1
COR08000,SZN,ARX,Shahbaznagar,Areli,NER,,2,2
COR08001,PUF,PBE,Pauta,PILIBHIT JN,NER,18.17,2,2
COR08002,BTD,SAPR,BOTAD JN,SARANGPUR ROAD,WR,10.43,2,2
COR08003,SAPR,JIL,SARANGPUR ROAD,JALILA ROAD,WR,7.39,2,2
COR08004,BNH,TID,BHIMNATH,TAGDI,WR,6.12,2,2
COR08005,TID,DCK,TAGDI,DHANDHUKA,WR,10.13,2,2
COR08006,DCK,RY,DHANDHUKA,RAYAKA,WR,5.89,2,2
COR08007,RY,DIBL,RAYAKA,Dholi Bhal,WR,7.07,2,2
COR08008,DIBL,HLB,Dholi Bhal,HADALA BHAL,WR,6.84,2,2
COR08009,HLB,LO,HADALA BHAL,LOLIYA,WR,4.56,2,2
COR08010,LO,LHBK,LOLIYA,LOTHAL BHURKI,WR,7.28,2,2
COR08011,KTGD,GS,KOTH GANGAD,GODHANESHWAR,WR,9.02,2,2
COR08012,GS,DOK,GODHANESHWAR,DHOLKA,WR,8.78,2,2
COR08013,VLA,MORA,BAVLA,MORAIYA,WR,15.61,2,2
COR08014,MORA,SEJ,MORAIYA,SARKHEJ,WR,5.86,2,2
COR08015,BIRD,PNVL,BHIWANDI ROAD,PANVEL,CR,31.89,1,1
COR08016,MTP,HLG,Mettupalayam,Hillgrove,SR,,1,1
COR08017,HLG,ONR,Hillgrove,Coonoor,SR,,1,1
COR08018,BDCR,GLE,Bhadrachalam Road,Gajulaguden,SCR,7.95,1,1
COR08019,GLE,PGP,Gajulaguden,Panduranga Pura,SCR,16.53,1,1
COR08020,PGP,MUGR,Panduranga Pura,Manuguru,SCR,23.31,1,1
COR08021,SAZ,AMOD,Samni,Amod,WR,16.53,1,1
COR08022,AMOD,JMB,Amod,Jambusar Junction,WR,,1,1
COR08023,JMB,JMBC,Jambusar Junction,Jambusar City,WR,,1,1
COR08024,JMBC,KORA,Jambusar City,Kora,WR,,1,1
COR08025,KORA,KNGM,Kora,Kangam,WR,,1,1
COR08026,DAS,LAT,DHASA JN,Lathi,WR,14.4,4,4
COR08027,LAT,KJV,Lathi,Khijadiya Junction,WR,11.46,4,4
COR08028,KJV,CTL,Khijadiya Junction,Chital,WR,5.96,2,2
COR08029,CTL,LDU,Chital,Lunidhar,WR,14.1,2,2
COR08030,LDU,KKV,Lunidhar,Kunkavav Junction,WR,13.34,2,2
COR08031,KKV,KKK,Kunkavav Junction,Khakharia,WR,4.44,2,2
COR08032,KKK,VDV,Khakharia,Vadiya Devli,WR,9.12,2,2
COR08033,VDV,VVD,Vadiya Devli,Vavdi,WR,6.74,2,2
COR08034,VVD,JTP,Vavdi,Jetpur,WR,18.57,2,2
COR08035,JTP,JLR,Jetpur,JETALSAR JN,WR,4.31,2,2
COR08036,RMV,STPM,RAMAVARAPPADU,S NARAYANAPURAM,SCR,3.39,1,1
COR08037,BIM,GNV,BILIMORA JN,Gandevi,WR,,3,3
COR08038,GNV,CIO,Gandevi,Chikhli Road,WR,,3,3
COR08039,CIO,RW,Chikhli Road,Rankua,WR,,3,3
COR08040,RW,DOLK,Rankua,Dholikua,WR,,3,3
COR08041,DOLK,ANW,Dholikua,Anawal,WR,,3,3
COR08042,ANW,UNI,Anawal,Unai Vansada Road,WR,,3,3
COR08043,UNI,KVO,Unai Vansada Road,Kevdi Road,WR,,3,3
COR08044,KVO,KMB,Kevdi Road,Kalv Amba,WR,,3,3
COR08045,KMB,DNGD,Kalv Amba,Dungarda,WR,,3,3
COR08046,DNGD,WGI,Dungarda,Waghai,WR,,3,3
COR08047,RJAK,MBA,RAJNAGAR,MAHOBA,NCR,44.95,2,2
COR08048,TAV,SVB,Talala Junction,Savni,WR,7.44,4,4
COR08049,SVB,VRL,Savni,VERAVAL,WR,13.82,4,4
COR08050,QLM,DWF,KULEM,DUDH SAGAR WATER FALLS,SWR,7.83,1,1
COR08051,DWF,CLR,DUDH SAGAR WATER FALLS,CASTLE ROCK,SWR,9.65,1,1
COR08052,KTRD,BSKN,Katosan Road,Bhesana Manknaj,WR,13.2,1,1
COR08053,BSKN,LCH,Bhesana Manknaj,Linch,WR,3.97,1,1
COR08054,KUHI,BMW,Kuhi,Bamhni,SECR,9.58,3,3
COR08055,BMW,URR,Bamhni,Umred,SECR,8.69,3,3
COR08056,URR,BWV,Umred,Bhiwapur,SECR,20.85,3,3
COR08057,BWV,TEP,Bhiwapur,Tempa,SECR,14.05,3,3
COR08058,TEP,NAB,Tempa,Nagbhir Junction,SECR,14.74,3,3
COR08059,SRMT,BRLI,Sirmuttra,Barauli,NCR,6.18,2,2
COR08060,BRLI,RNB,Barauli,Ranpura,NCR,3.51,2,2
COR08061,RNB,AGE,Ranpura,Angai,NCR,3.87,2,2
COR08062,AGE,MHF,Angai,Mohari Junction,NCR,13.55,2,2
COR08063,MHF,BARI,Mohari Junction,Bari,NCR,8.51,3,3
COR08064,BARI,SRTE,Bari,Soorothee,NCR,8.45,2,2
COR08065,SRTE,GIS,Soorothee,Garhi Sandra,NCR,6.3,2,2
COR08066,GAJU,ASI,Gaju Halt,Arseni,NR,4.79,2,2
COR08067,ASI,ATW,Arseni,Atwa Muthia Halt,NR,4.04,2,2
COR08068,ATW,BEJ,Atwa Muthia Halt,Beniganj,NR,3.8,2,2
COR08069,BEJ,NM,Beniganj,Naimisharanya,NR,7.51,2,2
COR08070,NM,GHRI,Naimisharanya,Ghori Halt,NR,2.8,2,2
COR08071,GHRI,MSTH,Ghori Halt,Misrikh Tirath,NR,6.02,2,2
COR08072,MSTH,BRMX,Misrikh Tirath,Barmi,NR,8.03,2,2
COR08073,BRMX,RAK,Barmi,Ramkot,NR,6.16,2,2
COR08074,SGM,BAL,SOLGAMPATTI,BUDALUR,SR,13.41,1,1
COR08075,TJ,PML,THANJAVUR,PAPANASAM,SR,21.47,1,1
COR08076,PML,KMU,PAPANASAM,KUMBAKONAM,SR,13.54,1,1
COR08077,KMU,ADT,KUMBAKONAM,ADUTURAI,SR,11.65,1,1
COR08078,ADT,KTM,ADUTURAI,KUTRALAM,SR,10.92,1,1
COR08079,KTM,MV,KUTRALAM,MAYILADUTURAI JN,SR,8.28,1,1
COR08080,CPK,RAHA,CHAPARMUKH JN,Raha,NFR,2.77,3,3
COR08081,RAHA,HBN,Raha,Haibargaon,NFR,20.84,1,1
COR08082,SQR,RCF,SULTANPUR LODI,KAPURTHALA RAIL COACH FACTORY,NR,18.46,1,1
COR08083,BUBT,AON,BURAHA BHARTHA,ARAON,NCR,2.27,2,2
COR08084,AON,TKHA,ARAON,TAKHA,NCR,7.8,2,2
COR08085,TKHA,KOZ,TAKHA,KOSMA,NCR,7.31,2,2
COR08086,KOZ,TNUE,KOSMA,TINDAULI,NCR,8.81,2,2
COR08087,TNUE,MNQ,TINDAULI,MAINPURI,NCR,11.82,2,2
COR08088,MNQ,MPUE,MAINPURI,MAINPURI KACHRI,NCR,3.27,2,2
COR08089,MPUE,BGQ,MAINPURI KACHRI,BHONGAON,NCR,10.51,2,2
COR08090,BGQ,TKRU,BHONGAON,TAKHRAU,NCR,4.92,2,2
COR08091,TKRU,MOTA,TAKHRAU,MOTA,NCR,4.4,2,2
COR08092,MOTA,PKNA,MOTA,PAKHNA,NCR,5.22,2,2
COR08093,PKNA,BBLK,PAKHNA,B L DASPURI,NCR,6.07,2,2
COR08094,BBLK,NBUE,B L DASPURI,NIBKARORI,NCR,4.77,2,2
COR08095,NBUE,UGP,NIBKARORI,UGARPUR,NCR,10.36,2,2
COR08096,UGP,SRDW,UGARPUR,SHRIMAD DWARAKAPURI,NCR,5.91,2,2
COR08097,SBL,RMPH,Sabalgarh,Rampahari,NCR,5.4,2,2
COR08098,RMPH,BJPR,Rampahari,Bijaipur Road,NCR,6.77,2,2
COR08099,BJPR,KAKN,Bijaipur Road,Kaimarkalan,NCR,8.57,2,2
COR08100,KAKN,BIB,Kaimarkalan,Birpur,NCR,5.37,2,2
COR08101,BIB,SPRA,Birpur,Sillipur,NCR,16.44,2,2
COR08102,SPRA,IKD,Sillipur,Ikdori,NCR,10.3,2,2
COR08103,IKD,TKLN,Ikdori,Tarrakalan,NCR,8.3,2,2
COR08104,TKLN,SEX,Tarrakalan,Seroni Road,NCR,3.53,2,2
COR08105,SEX,KJP,Seroni Road,Khojeepura,NCR,4.4,2,2
COR08106,KJP,GIW,Khojeepura,Girdharpur,NCR,9.86,1,1
COR08107,GIW,DTQ,Girdharpur,Dantarda Kalan,NCR,12.19,2,2
COR08108,DTQ,SOE,Dantarda Kalan,Sheopur Kalan,NCR,9.85,2,2
COR08109,GIS,SRTE,Garhi Sandra,Soorothee,NCR,6.3,2,2
COR08110,SRTE,BARI,Soorothee,Bari,NCR,8.45,2,2
COR08111,BARI,MHF,Bari,Mohari Junction,NCR,8.51,3,3
COR08112,MHF,AGE,Mohari Junction,Angai,NCR,13.55,2,2
COR08113,AGE,RNB,Angai,Ranpura,NCR,3.87,2,2
COR08114,RNB,BRLI,Ranpura,Barauli,NCR,3.51,2,2
COR08115,BRLI,SRMT,Barauli,Sirmuttra,NCR,6.18,2,2
COR08116,TCN,KZY,Tiruchendur,Kayalpattinam,SR,7.49,5,5
COR08117,KZY,ANY,Kayalpattinam,Arumuganeri,SR,1.61,5,5
COR08118,ANY,KZB,Arumuganeri,Kurumbur,SR,5.79,5,5
COR08119,KZB,KCHV,Kurumbur,Kachchanvilai,SR,2.01,5,5
COR08120,KCHV,NZT,Kachchanvilai,Nazareth,SR,5.36,5,5
COR08121,NZT,AWT,Nazareth,Alwar Tirunagri,SR,5.7,5,5
COR08122,AWT,SVV,Alwar Tirunagri,Srivaikuntam,SR,4.5,5,5
COR08123,SVV,TTQ,Srivaikuntam,Thathankulam,SR,3.47,5,5
COR08124,TTQ,SDNR,Thathankulam,Seydunganallur,SR,4.61,5,5
COR08125,SDNR,PCO,Seydunganallur,Palayankottai,SR,13.23,5,5
COR08126,PCO,TEN,Palayankottai,TIRUNELVELI,SR,4.43,5,5
COR08127,KNF,KHRI,Khanudih,Kharkhari,SER,7.97,1,1
COR08128,KODR,GTWD,Kodinar,Ghatwad,WR,15.41,1,1
COR08129,GTWD,SDHR,Ghatwad,Sandhanidhar,WR,4.12,1,1
COR08130,SDHR,PCC,Sandhanidhar,Prachi Road Junction,WR,5.83,1,1
COR08131,SRSI,KTNR,Sarsi,Kirtyanand Nagar,ECR,,3,3
COR08132,MHF,BED,Mohari Junction,Baseri,NCR,5.27,1,1
COR08133,BED,BFG,Baseri,Bagthar,NCR,5.85,1,1
COR08134,BFG,TPO,Bagthar,Tantpur,NCR,5.91,1,1
COR08135,VRKD,PMGN,Varkhedi,Pimpalgaon,CR,,2,2
COR08136,PMGN,SDRN,Pimpalgaon,Shendurni,CR,,2,2
COR08137,SDRN,PHU,Shendurni,Pahur,CR,,2,2
COR08138,PHU,BGR,Pahur,Bhagdara,CR,,2,2
COR08139,BGR,JMNR,Bhagdara,Jamner,CR,,2,2
COR08140,TNDE,PDS,Thanesar City,Pindarsi,NR,12.7,3,3
COR08141,PDS,PBJM,Pindarsi,Pabnawa Jasmahinder Halt,NR,5.61,3,3
COR08142,PBJM,PHWR,Pabnawa Jasmahinder Halt,Pehowa Road,NR,3.34,3,3
COR08143,PHWR,TIK,Pehowa Road,Tik,NR,9.74,3,3
COR08144,TIK,GXG,Tik,Geong,NR,6.67,3,3
COR08145,GXG,KLE,Geong,Kaithal,NR,7.39,3,3
COR08146,KLE,QTP,Kaithal,Quatabpur,NR,5.63,3,3
COR08147,QTP,SJM,Quatabpur,Sajuma,NR,6.59,3,3
COR08148,SJM,KIY,Sajuma,Kalayat,NR,8.45,3,3
COR08149,KIY,GRZ,Kalayat,Gurthuri,NR,6.02,3,3
COR08150,GRZ,NRW,Gurthuri,NARWANA JN,NR,9.34,3,3
COR08151,AMO,BHWR,Amolwa,Bhitiharwa Ashram,ECR,,1,1
COR08152,BHWR,GAH,Bhitiharwa Ashram,Gawnaha,ECR,,1,1
COR08153,SBL,SYF,Sabalgarh,Semai,NCR,11.28,1,1
COR08154,DN,BJ,DHANARI,BAHJOI,NR,14.43,1,1
COR08155,BJ,CH,BAHJOI,CHANDAUSI JN,NR,15.87,1,1
COR08156,CH,AFR,CHANDAUSI JN,ASAFPUR,NR,13.63,1,1
COR08157,AO,BTG,AONLA,BASHARATGANJ,NR,11.4,1,1
COR08158,MZRT,KQV,Murtajapur Town,Kinkhed,CR,,1,1
COR08159,KQV,VLN,Kinkhed,Vilegaon,CR,,1,1
COR08160,VLN,BDKE,Vilegaon,Bhadsivni,CR,,1,1
COR08161,BDKE,POHE,Bhadsivni,Pohe,CR,,1,1
COR08162,POHE,KRJA,Pohe,Karanja,CR,,1,1
COR08163,KRJA,KRJT,Karanja,Karanja Town,CR,,1,1
COR08164,KRJT,SMTN,Karanja Town,Somthan,CR,,1,1
COR08165,SMTN,SWQ,Somthan,Sangwi,CR,,1,1
COR08166,SWQ,WRD,Sangwi,Warudkhed,CR,,1,1
COR08167,WRD,DWM,Warudkhed,Darwha Moti Bagh Junction,CR,,1,1
COR08168,DWM,TPN,Darwha Moti Bagh Junction,Tapona,CR,,1,1
COR08169,TPN,LDD,Tapona,Ladkhed,CR,,1,1
COR08170,LDD,LSN,Ladkhed,Lasina,CR,,1,1
COR08171,MMP,AND,MAMBALAPPATTU JN,ANDAMPALIAM,SR,26.94,1,1
COR08172,AND,TNM,ANDAMPALIAM,TIRUVANNAMALAI,SR,19.37,1,1
COR08173,TNM,PRL,TIRUVANNAMALAI,POLUR,SR,30.92,1,1
COR08174,PRL,ARV,POLUR,ARNI ROAD,SR,15.78,1,1
COR08175,ARV,VLR,ARNI ROAD,VELLORE CANT,SR,32.36,1,1
COR08176,MBO,DIU,Mairabari,Dhing,NFR,2.98,1,1
COR08177,DIU,DBZ,Dhing,Dhing Bazar,NFR,3.02,1,1
COR08178,DBZ,BTDR,Dhing Bazar,Batadrowa Road,NFR,5.81,1,1
COR08179,BTDR,BKS,Batadrowa Road,Balikotia,NFR,3.22,1,1
COR08180,BKS,DGX,Balikotia,Dagaon,NFR,5.06,1,1
COR08181,DGX,JRX,Dagaon,Juriagaon,NFR,3.09,1,1
COR08182,JRX,TRBE,Juriagaon,Tarabari,NFR,3.91,1,1
COR08183,TRBE,RUP,Tarabari,Rupahigaon,NFR,6.43,1,1
COR08184,RUP,HBN,Rupahigaon,Haibargaon,NFR,9.4,1,1
COR08185,HBN,SCE,Haibargaon,Senchoa Junction,NFR,5.74,1,1
COR08186,TRWT,MINA,TARAVATA,MIYANA,WCR,15.32,1,1
COR08187,MINA,RSJ,MIYANA,RAYSER,WCR,10.2,1,1
COR08188,RSJ,BDWS,RAYSER,BADARWAS,WCR,7.67,1,1
COR08189,KLRS,KCR,KOLARAS,KHONKER,WCR,10.24,1,1
COR08190,KCR,SVPI,KHONKER,SHIVPURI,WCR,14.81,1,1
COR08191,SVPI,KAW,SHIVPURI,KHAJRI,WCR,14.04,1,1
COR08192,KAW,PARH,KHAJRI,PARAKHEDA,WCR,16.04,1,1
COR08193,PARH,MOJ,PARAKHEDA,MOHANA,WCR,36.04,1,1
COR08194,MOJ,RENH,MOHANA,RENHAT,WCR,0.04,1,1
COR08195,RENH,GHAI,RENHAT,GHATIGAON,WCR,12.49,1,1
COR08196,GHAI,PNHR,GHATIGAON,PANIHAR,WCR,10.09,1,1
COR08197,DSA,VVKP,DELHI SHAHDARA,VIVEKANAND PURI HALT,NR,10.73,2,2
COR08198,ARVI,KBGN,Arvi,Khubagaon,CR,,1,1
COR08199,KBGN,PRGT,Khubagaon,Pargothan,CR,,1,1
COR08200,PRGT,DNZ,Pargothan,Dhanori,CR,,1,1
COR08201,DNZ,VUL,Dhanori,Virul,CR,,1,1
COR08202,BGAN,PDR,Bangain,Payagpur,NER,22.66,1,1
COR08203,BBGN,MOBD,Barua Bamungaon,Moabund,NFR,12.65,1,1
COR08204,MOBD,BLMR,Moabund,Bhalukmara,NFR,7.39,1,1
COR08205,UMG,NVL,Uttangal Mangalam,Neyveli,SR,6.23,2,2
COR08206,NVL,VLU,Neyveli,Vadalur,SR,8.09,2,2
COR08207,VLU,KJPD,Vadalur,Kurinjipadi,SR,5.49,2,2
COR08208,KJPD,CUPJ,Kurinjipadi,CUDDALORE PORT,SR,24.4,2,2
COR08209,AMC,JRU,Amritapura,CHIKJAJUR JN,SWR,11.62,1,1
COR08210,PNHR,GHAI,PANIHAR,GHATIGAON,WCR,10.09,1,1
COR08211,GHAI,RENH,GHATIGAON,RENHAT,WCR,12.49,1,1
COR08212,RENH,MOJ,RENHAT,MOHANA,WCR,0.04,1,1
COR08213,MOJ,PARH,MOHANA,PARAKHEDA,WCR,36.04,1,1
COR08214,PARH,KAW,PARAKHEDA,KHAJRI,WCR,16.04,1,1
COR08215,KAW,SVPI,KHAJRI,SHIVPURI,WCR,14.04,1,1
COR08216,SVPI,KCR,SHIVPURI,KHONKER,WCR,14.81,1,1
COR08217,KCR,KLRS,KHONKER,KOLARAS,WCR,10.24,1,1
COR08218,BDWS,RSJ,BADARWAS,RAYSER,WCR,7.67,1,1
COR08219,RSJ,MINA,RAYSER,MIYANA,WCR,10.2,1,1
COR08220,MINA,TRWT,MIYANA,TARAVATA,WCR,15.32,1,1
COR08221,OEL,KITN,OEL,KHIRI TOWN,NER,10.06,1,1
COR08222,JARI,DGQ,Jari,Dugdol,NWR,6.11,1,1
COR08223,DGQ,MSQ,Dugdol,Marwar Ratanpur,NWR,6.96,1,1
COR08224,PT,JSKA,PATLI,JATAULA SAMPHKA,NR,6.07,2,2
COR08225,JNU,YDV,JAUNPUR JN,Yadvendranagar,NR,5.23,1,1
COR08226,YDV,MFJ,Yadvendranagar,Muftiganj,NER,9.84,1,1
COR08227,MFJ,GNGL,Muftiganj,Gangauli,NER,5.08,1,1
COR08228,GNGL,KCT,Gangauli,Kirakat,NER,6.68,1,1
COR08229,KCT,DHE,Kirakat,Dodhi,NER,8.69,1,1
COR08230,DHE,DDNA,Dodhi,Dudhaunda,NER,9.27,1,1
COR08231,DDNA,FRDH,Dudhaunda,Faridaha Halt,NER,4.5,1,1
COR08232,FRDH,ARJ,Faridaha Halt,AUNRIHAR JN,NER,6.32,1,1
COR08233,MNQ,BGQ,MAINPURI,BHONGAON,NCR,13.78,1,1
COR08234,CUPJ,KJPD,CUDDALORE PORT,Kurinjipadi,SR,24.4,2,2
COR08235,KJPD,VLU,Kurinjipadi,Vadalur,SR,5.49,2,2
COR08236,VLU,NVL,Vadalur,Neyveli,SR,8.09,2,2
COR08237,NVL,UMG,Neyveli,Uttangal Mangalam,SR,6.23,2,2
COR08238,BAKT,AUI,Barhara Kothi,Aurahi,ECR,6.43,1,1
COR08239,AUI,BNKI,Aurahi,Banmankhi Junction,ECR,9.06,1,1
COR08240,DHI,MHAD,Dhule,Mohadi Pragane Laling,CR,2.98,3,3
COR08241,MHAD,BRVR,Mohadi Pragane Laling,Borvihir,CR,10.86,3,3
COR08242,BRVR,SHF,Borvihir,Shirud,CR,6.52,3,3
COR08243,SHF,MWK,Shirud,Mordad Tanda,CR,6.03,3,3
COR08244,MWK,RM,Mordad Tanda,Rajmane,CR,6.32,3,3
COR08245,RM,JMD,Rajmane,Jamdha,CR,8.93,3,3
COR08246,JMD,BFJ,Jamdha,Bhoras Budrukh,CR,4.98,3,3
COR08247,JTG,HJO,Jatinga,Harangajao,NFR,,2,2
COR08248,GWO,GOPA,Gwalior NG,Ghosipura,NCR,3.17,3,3
COR08249,GOPA,MTJL,Ghosipura,Motijheel,NCR,3.94,3,3
COR08250,MTJL,MIAL,Motijheel,Milaoli,NCR,5.61,3,3
COR08251,MIAL,BMZ,Milaoli,Bamour Gaon,NCR,7.21,3,3
COR08252,BMZ,ABE,Bamour Gaon,Ambikeshwar,NCR,11.58,3,3
COR08253,ABE,SMV,Ambikeshwar,Sumaoli,NCR,4.84,3,3
COR08254,SMV,THR,Sumaoli,Thara,NCR,6.69,3,3
COR08255,THR,JPO,Thara,Jora Alapur,NCR,5.01,3,3
COR08256,JPO,SKU,Jora Alapur,Sikroda,NCR,7.03,3,3
COR08257,SKU,BHAT,Sikroda,Bhatpura,NCR,5.84,3,3
COR08258,BHAT,KQS,Bhatpura,Kailaras,NCR,5.95,3,3
COR08259,KQS,SYF,Kailaras,Semai,NCR,10.69,3,3
COR08260,SYF,PPCK,Semai,Pipalwali Chowk,NCR,4.89,2,2
COR08261,PPCK,SBL,Pipalwali Chowk,Sabalgarh,NCR,6.41,2,2
COR08262,JMKR,GULR,JAWLMUKHI ROAD,GULER,NR,7.2,1,1
COR08263,NDBT,NGRS,NANDPUR BHATAULI,NAGROTA SURIYAM,NR,4.89,1,1
COR08264,NGRS,HRDR,NAGROTA SURIYAM,HARSAR DEHRI,NR,7.69,1,1
COR08265,BRMR,TLRA,BHARMAR,TALARA,NR,9.27,1,1
COR08266,ODM,BQA,ONDAGRAM,BANKURA,SER,15.56,1,1
COR08267,VAA,LYD,Bhaga Junction,Layabad,SER,7.8,1,1
COR08268,LKU,LKKA,LAL KUAN,Lal Kuan,NER,,2,2
COR08269,KEMR,CHRU,KEMRI,CHAMRUA,NER,5.93,1,1
COR08270,DYP,UBN,Daryapur,Ubarni,NR,11.11,3,3
COR08271,UBN,RDV,Ubarni,Radha Balampur,NR,6.82,3,3
COR08272,RDV,DMW,Radha Balampur,Dalmau Junction,NR,5.42,3,3
COR08273,RAK,BRMX,Ramkot,Barmi,NR,6.16,2,2
COR08274,BRMX,MSTH,Barmi,Misrikh Tirath,NR,8.03,2,2
COR08275,MSTH,GHRI,Misrikh Tirath,Ghori Halt,NR,6.02,2,2
COR08276,GHRI,NM,Ghori Halt,Naimisharanya,NR,2.8,2,2
COR08277,NM,BEJ,Naimisharanya,Beniganj,NR,7.51,2,2
COR08278,BEJ,ATW,Beniganj,Atwa Muthia Halt,NR,3.8,2,2
COR08279,ATW,ASI,Atwa Muthia Halt,Arseni,NR,4.04,2,2
COR08280,ASI,GAJU,Arseni,Gaju Halt,NR,4.79,2,2
COR08281,KRC,KHTU,Kiroda,Khatu,NWR,14.04,1,1
COR08282,KHTU,CTKT,Khatu,Choti Khatu,NWR,5.06,1,1
COR08283,CTKT,PW,Choti Khatu,Pirwa,NWR,14.05,1,1
COR08284,PW,KKNA,Pirwa,Khunkhuna,NWR,5.34,1,1
COR08285,KKNA,MBSK,Khunkhuna,Marwar Balia,NWR,10.29,1,1
COR08286,MBSK,DIA,Marwar Balia,Didwana,NWR,5.51,1,1
COR08287,DIA,SVO,Didwana,Sanvrad,NWR,13.44,1,1
COR08288,SVO,BLSD,Sanvrad,Balsamand,NWR,7.94,1,1
COR08289,BLSD,LAU,Balsamand,Ladnun,NWR,9.57,1,1
COR08290,LAU,JSH,Ladnun,Jaswantgarh,NWR,4.79,1,1
COR08291,JSH,SUJH,Jaswantgarh,Sujangarh,NWR,4.83,1,1
COR08292,SUJH,TLC,Sujangarh,Talchhapar,NWR,13.11,1,1
COR08293,TLC,PIH,Talchhapar,Parhihara,NWR,13.41,1,1
COR08294,PIH,LOHA,Parhihara,Loha,NWR,10.66,1,1
COR08295,LOHA,RTGH,Loha,Ratangarh Junction,NWR,6.65,1,1
COR08296,MIO,SMNN,Molisar,Shri Makri Nath Nagar,NWR,10.0,1,1
COR08297,SMNN,JOH,Shri Makri Nath Nagar,Juharpura,NWR,3.1,1,1
COR08298,ASLU,SRSL,Aslu,Sirsala,NWR,8.35,1,1
COR08299,SRSL,DKX,Sirsala,Dudhwakhara,NWR,5.0,1,1
COR08300,JLR,JTP,JETALSAR JN,Jetpur,WR,4.31,2,2
COR08301,JTP,VVD,Jetpur,Vavdi,WR,18.57,2,2
COR08302,VVD,VDV,Vavdi,Vadiya Devli,WR,6.74,2,2
COR08303,VDV,KKK,Vadiya Devli,Khakharia,WR,9.12,2,2
COR08304,KKK,KKV,Khakharia,Kunkavav Junction,WR,4.44,2,2
COR08305,KKV,LDU,Kunkavav Junction,Lunidhar,WR,13.34,2,2
COR08306,LDU,CTL,Lunidhar,Chital,WR,14.1,2,2
COR08307,CTL,KJV,Chital,Khijadiya Junction,WR,5.96,2,2
COR08308,SYF,SBL,Semai,Sabalgarh,NCR,11.28,1,1
COR08309,PBE,PTPR,PILIBHIT JN,Pratabpur,NER,15.41,2,2
COR08310,PTPR,PUF,Pratabpur,Pauta,NER,2.77,2,2
COR08311,MIW,CKSR,Mighauna,Chak Safaura Halt,NER,3.89,2,2
COR08312,CKSR,ZNP,Chak Safaura Halt,Zindpura,NER,2.32,2,2
COR08313,ARX,KIE,Areli,Khiria Khurd,NER,,1,1
COR08314,KIE,SZN,Khiria Khurd,Shahbaznagar,NER,,1,1
COR08315,PDR,BGAN,Payagpur,Bangain,NER,22.66,1,1
COR08316,HAS,ALUR,Hassan Junction,Alur Halt,SWR,13.94,2,2
COR08317,ALUR,SKLR,Alur Halt,Sakleshpur,SWR,23.31,2,2
COR08318,SKLR,DOGL,Sakleshpur,Donigal,SWR,6.67,2,2
COR08319,DOGL,YDK,Donigal,Yedekumeri,SWR,15.09,2,2
COR08320,YDK,SBHR,Yedekumeri,Subrahmanya Road,SWR,12.41,2,2
COR08321,VUL,DNZ,Virul,Dhanori,CR,,1,1
COR08322,DNZ,PRGT,Dhanori,Pargothan,CR,,1,1
COR08323,PRGT,KBGN,Pargothan,Khubagaon,CR,,1,1
COR08324,KBGN,ARVI,Khubagaon,Arvi,CR,,1,1
COR08325,ELP,NBGH,Achalpur,Nowbagh,CR,,1,1
COR08326,NBGH,CMK,Nowbagh,Chamak,CR,,1,1
COR08327,CMK,KSBG,Chamak,Khusta Buzurg,CR,,1,1
COR08328,KSBG,PTRT,Khusta Buzurg,Pathrot,CR,,1,1
COR08329,PTRT,ANJ,Pathrot,Anjangaon,CR,,1,1
COR08330,ANJ,KTNI,Anjangaon,Kapustalni,CR,,1,1
COR08331,KTNI,KXD,Kapustalni,Kokalda,CR,,1,1
COR08332,KXD,LGN,Kokalda,Lehgaon,CR,,1,1
COR08333,LGN,BASA,Lehgaon,Banosa,CR,,1,1
COR08334,BASA,LPU,Banosa,Lakhpuri,CR,,1,1
COR08335,KLNP,HBE,Kalinarayanpur,Habibpur,ER,3.61,2,2
COR08336,HBE,FLU,Habibpur,Phulia,ER,4.74,2,2
COR08337,FLU,BTKB,Phulia,Bathna Krittibas Halt,ER,1.57,2,2
COR08338,BTKB,STB,Bathna Krittibas Halt,Shantipur,ER,5.68,2,2
COR08339,STB,KNJ,Shantipur,Krishnanagar City Junction,ER,15.24,1,1
COR08340,BLDI,DEOR,BHILDI,DIYODAR,WR,25.7,1,1
COR08341,DEOR,BAH,DIYODAR,BHABHAR,WR,16.63,1,1
COR08342,BAH,RDHP,BHABHAR,RADHANPUR,WR,24.47,1,1
COR08343,RDHP,VRX,RADHANPUR,VARAHI,WR,16.52,1,1
COR08344,VRX,SNLR,VARAHI,SANTALPUR,WR,25.83,1,1
COR08345,SNLR,PFL,SANTALPUR,PIPRALA,WR,14.62,1,1
COR08346,PFL,AAR,PIPRALA,ADESAR,WR,16.92,1,1
COR08347,AAR,COE,ADESAR,CHITROD,WR,35.62,1,1
COR08348,COE,LKZ,CHITROD,LAKADIYA,WR,11.17,1,1
COR08349,KJP,DURP,Khojeepura,Durgapuri,NCR,,1,1
COR08350,DURP,GIW,Durgapuri,Girdharpur,NCR,,1,1
COR08351,RGH,MSDH,RAMGARHWA,MASNADIH,ECR,10.01,2,2
COR08352,MSDH,RXL,MASNADIH,RAXAUL JN,ECR,3.43,2,2
COR08353,APTA,HMRR,APTA,HAMARAPUR,CR,8.53,2,2
COR08354,HMRR,PEN,HAMARAPUR,PEN,CR,9.34,2,2
COR08355,GSDH,SRY,GARSANDA HALT,SIRARI,ECR,6.01,2,2
COR08356,WRS,BBE,WARIS ALEGANJ,BAGHI BARDIHA,ECR,7.19,2,2
COR08357,BBE,NWD,BAGHI BARDIHA,NAWADIH,ECR,10.54,2,2
COR08358,MLSR,SINR,Malsar,Sinor,WR,3.18,1,1
COR08359,SINR,CRND,Sinor,Choranda Junction,WR,,1,1
COR08360,KKTA,HPLE,Kollikhutaha,Hatpuraini,ER,3.77,1,1
COR08361,HPLE,DWLE,Hatpuraini,Dhauni,ER,16.2,1,1
COR08362,SUNM,AUR,SUNAMAI HALT,ATRAULI ROAD,NR,0.05,1,1
COR08363,DN,CH,DHANARI,CHANDAUSI JN,NR,30.17,1,1
COR08364,RAHA,PUY,Raha,Phulaguri,NFR,8.64,2,2
COR08365,PUY,BEE,Phulaguri,Bebejia,NFR,6.52,2,2
COR08366,BEE,SCE,Bebejia,Senchoa Junction,NFR,0.22,2,2
COR08367,SCE,HBN,Senchoa Junction,Haibargaon,NFR,5.74,1,1
COR08368,HBN,RUP,Haibargaon,Rupahigaon,NFR,9.4,1,1
COR08369,RUP,TRBE,Rupahigaon,Tarabari,NFR,6.43,1,1
COR08370,TRBE,JRX,Tarabari,Juriagaon,NFR,3.91,1,1
COR08371,JRX,DGX,Juriagaon,Dagaon,NFR,3.09,1,1
COR08372,DGX,BKS,Dagaon,Balikotia,NFR,5.06,1,1
COR08373,BKS,BTDR,Balikotia,Batadrowa Road,NFR,3.22,1,1
COR08374,BTDR,DBZ,Batadrowa Road,Dhing Bazar,NFR,5.81,1,1
COR08375,DBZ,DIU,Dhing Bazar,Dhing,NFR,3.02,1,1
COR08376,DIU,MBO,Dhing,Mairabari,NFR,2.98,1,1
COR08377,NRM,NRO,Nurmahal,Nakodar Junction,NR,12.44,1,1
COR08378,NRO,GNZ,Nakodar Junction,Gahndran Halt,NR,4.94,2,2
COR08379,GNZ,MQS,Gahndran Halt,Malsian Shahkot,NR,6.67,2,2
COR08380,MQS,MLKH,Malsian Shahkot,Mulewal Khaihra,NR,5.31,2,2
COR08381,MLKH,SDZ,Mulewal Khaihra,Sindhar,NR,5.63,2,2
COR08382,SDZ,LNK,Sindhar,LOHIAN KHAS JN,NR,7.47,1,1
COR08383,CXA,MTC,Chandsara,MEERUT CITY,NR,12.3,1,1
COR08384,DAS,DLJ,DHASA JN,DHOLA JN,WR,23.17,1,1
COR08385,MHUA,KTAL,Mahudha,Kathalal,WR,10.03,1,1
COR08386,KTAL,KVNJ,Kathalal,Kapadvanj,WR,16.27,1,1
COR08387,KVNJ,VLTR,Kapadvanj,Vadali Luter Road,WR,8.84,1,1
COR08388,VLTR,KSUA,Vadali Luter Road,Kashipura,WR,5.87,1,1
COR08389,KSUA,BAYD,Kashipura,Beyad,WR,11.29,1,1
COR08390,BAYD,DNUA,Beyad,Dhansura,WR,15.1,1,1
COR08391,DNUA,MDSA,Dhansura,Modasa,WR,15.53,1,1
COR08392,NRNR,CXA,Nurnagar,Chandsara,NR,4.53,2,2
COR08393,CXA,KXK,Chandsara,Kharkhauda,NR,4.93,2,2
COR08394,FKA,CKLA,Fazilka,Chak Banwala,NR,10.48,1,1
COR08395,CKLA,CKA,Chak Banwala,Chak Pakhhewala,NR,6.24,1,1
COR08396,CKA,RRW,Chak Pakhhewala,Roranwala,NR,5.77,1,1
COR08397,RRW,LKW,Roranwala,Lakhewali,NR,8.21,1,1
COR08398,LKW,BSGR,Lakhewali,Bhagsar,NR,5.79,1,1
COR08399,BDBG,MKS,Badhai Balamgarh Halt,Muktsar,NR,5.57,1,1
COR08400,MKS,CWN,Muktsar,Charawan,NR,6.63,1,1
COR08401,CWN,JBW,Charawan,Jhabelwali,NR,2.52,1,1
COR08402,JBW,BRW,Jhabelwali,Bariwala,NR,5.98,1,1
COR08403,BRW,WDJ,Bariwala,Wanderjatana,NR,8.61,1,1
COR08404,WDJ,KKP,Wanderjatana,KOT KAPURA,NR,7.57,1,1
COR08405,PLS,RHN,PIPALSANA,ROSHANPUR,NER,11.67,1,1
COR08406,RHN,KPV,ROSHANPUR,KASHIPUR,NER,18.99,1,1
COR08407,RTK,AMDI,Ramtek,Amdi Halt,SECR,5.43,1,1
COR08408,AMDI,DKU,Amdi Halt,Dumri Khurd,SECR,4.72,1,1
COR08409,MNL,BJP,MINCHNAL,BIJAPUR,SWR,17.9,1,1
COR08410,VLCY,PRGD,Velachery,Perungudi,SR,1.6,3,3
COR08411,PRGD,TRMN,Perungudi,Taramani,SR,1.01,3,3
COR08412,TRMN,TYMR,Taramani,Tiruvanmiyur,SR,1.71,3,3
COR08413,TYMR,INDR,Tiruvanmiyur,Indira Nagar,SR,,3,3
COR08414,INDR,KTBR,Indira Nagar,Kasturba Nagar,SR,,3,3
COR08415,KTBR,KTPM,Kasturba Nagar,Kotturpuram,SR,0.91,3,3
COR08416,KTPM,GWYR,Kotturpuram,Greenways Road,SR,0.81,3,3
COR08417,GWYR,MNDY,Greenways Road,Mandaveli,SR,1.27,3,3
COR08418,MNDY,MTMY,Mandaveli,Thirumayilai,SR,1.06,3,3
COR08419,MTMY,MLHS,Thirumayilai,Light House,SR,1.49,3,3
COR08420,MLHS,MTCN,Light House,Triplicane,SR,1.2,3,3
COR08421,MTCN,MCPK,Triplicane,Chepauk,SR,0.72,3,3
COR08422,MCPK,MCPT,Chepauk,Chintadripet,SR,1.55,3,3
COR08423,MCPT,MPKT,Chintadripet,CHENNAI PARK TOWN,SR,0.68,3,3
COR08424,ATRU,POR,ATRU,PIPALDA ROAD,WCR,9.89,1,1
COR08425,POR,CJW,PIPALDA ROAD,CHAJAWA,WCR,6.82,1,1
COR08426,NEW,MGRR,NIVARI,MAGARPUR,NCR,3.94,1,1
COR08427,MGRR,TKA,MAGARPUR,TEHARKA,NCR,6.39,1,1
COR08428,RGLI,SPDM,RANGAULI,SINGHPUR DUMRA,NCR,9.44,1,1
COR08429,SPDM,RJAK,SINGHPUR DUMRA,RAJNAGAR,NCR,18.16,1,1
COR08430,HLB,DCK,HADALA BHAL,DHANDHUKA,WR,19.73,1,1
COR08431,MVJ,VBN,MAVLI JN,VALLABHNAGAR,NWR,12.44,1,1
COR08432,DBB,GUP,DHUBRI,GAURIPUR,NFR,6.66,1,1
COR08433,GUP,GKJ,GAURIPUR,GOLAKGANJ,NFR,12.58,1,1
COR08434,GKJ,MTJR,GOLAKGANJ,MOTERJHAR,NFR,4.42,1,1
COR08435,MTJR,BSI,MOTERJHAR,BASBARI,NFR,6.65,1,1
COR08436,BSI,MONJ,BASBARI,MONGLAJHORA,NFR,10.43,1,1
COR08437,MONJ,SPX,MONGLAJHORA,SAPATGRAM,NFR,16.82,1,1
COR08438,SPX,TPK,SAPATGRAM,TIPKAI,NFR,7.6,1,1
COR08439,TPK,BSI,TIPKAI,BASBARI,NFR,19.16,1,1
COR08440,BSI,MTJR,BASBARI,MOTERJHAR,NFR,6.65,1,1
COR08441,MTJR,GKJ,MOTERJHAR,GOLAKGANJ,NFR,4.42,1,1
COR08442,GKJ,GUP,GOLAKGANJ,GAURIPUR,NFR,12.58,1,1
COR08443,GUP,DBB,GAURIPUR,DHUBRI,NFR,6.66,1,1
COR08444,BRP,KYP,Baruipur Junction,Kalyanpur,ER,3.12,1,1
COR08445,KYP,DKDP,Kalyanpur,Dakshin Durgapur,ER,4.15,1,1
COR08446,DKDP,HT,Dakshin Durgapur,Hotar,ER,0.05,1,1
COR08447,HT,DMU,Hotar,Dhamua,ER,2.16,1,1
COR08448,DMU,UTN,Dhamua,Uttar Radhanagar Halt,ER,2.48,1,1
COR08449,UTN,MGT,Uttar Radhanagar Halt,Magra Hat,ER,3.23,1,1
COR08450,MGT,BHPA,Magra Hat,Bahrupiya Halt,ER,2.8,1,1
COR08451,BHPA,SNU,Bahrupiya Halt,Sangrampur,ER,2.15,1,1
COR08452,SNU,D,Sangrampur,Deula,ER,4.99,1,1
COR08453,D,NTA,Deula,Netra,ER,2.92,1,1
COR08454,NTA,BSD,Netra,Basuldanga,ER,2.13,1,1
COR08455,BSD,GURN,Basuldanga,Gurudas Nagar,ER,2.02,1,1
COR08456,GURN,DH,Gurudas Nagar,Diamond Harbour,ER,2.7,1,1
COR08457,KLL,JUL,KALOL JN,JHULASAN,WR,9.71,1,1
COR08458,JUL,DNW,JHULASAN,DANGARWA,WR,8.87,1,1
COR08459,DNW,UMN,DANGARWA,AMBLIYASAN,WR,5.43,1,1
COR08460,DHJ,RUJ,DHINOJ,RANUJ,WR,11.94,1,1
COR08461,BHBR,PLWR,Bathua Bazar,Phulwaria,NER,3.89,1,1
COR08462,PLWR,HTW,Phulwaria,Hathua,NER,13.94,1,1
COR08463,DING,SHN,Ding,Suchan Kotli,NWR,10.65,1,1
COR08464,MUGR,PGP,Manuguru,Panduranga Pura,SCR,23.31,1,1
COR08465,PGP,GLE,Panduranga Pura,Gajulaguden,SCR,16.53,1,1
COR08466,GLE,BDCR,Gajulaguden,Bhadrachalam Road,SCR,7.95,1,1
COR08467,PNVL,KLMG,PANVEL,KALAMBOLI GOODS,CR,4.97,1,1
COR08468,KLMG,NVRD,KALAMBOLI GOODS,NAVADE ROAD,CR,2.31,1,1
COR08469,PPB,BZG,Partabpura,Bilga,NR,4.58,1,1
COR08470,BZG,GTQ,Bilga,Gumtali Halt,NR,3.01,1,1
COR08471,GTQ,NRM,Gumtali Halt,Nurmahal,NR,3.77,1,1
COR08472,NRM,SWG,Nurmahal,Sidhwan,NR,5.42,1,1
COR08473,SWG,NRO,Sidhwan,Nakodar Junction,NR,7.03,1,1
COR08474,SDZ,KGKD,Sindhar,Kang Khurd,NR,3.2,1,1
COR08475,KGKD,LNK,Kang Khurd,LOHIAN KHAS JN,NR,4.63,1,1
COR08476,ATT,KSA,ATARI,KHASA,NR,10.31,1,1
COR08477,KSA,CIA,KHASA,CHHEHARTA,NR,7.65,1,1
COR08478,LCH,KTRD,Linch,Katosan Road,WR,17.17,1,1
COR08479,DOT,SZN,Dhakia Tiwari,Shahbaznagar,NER,11.11,1,1
COR08480,SDBH,PEH,Sindri Block Hut,Pathardih Junction,ECR,2.32,1,1
COR08481,PEH,SDMD,Pathardih Junction,Sudamdih,ECR,2.41,1,1
COR08482,SRTN,MRHT,SIBSAGAR TOWN,MORANHAT,NFR,34.73,1,1
COR08483,MRHT,DMGN,MORANHAT,DHAMALGAON,NFR,17.02,1,1
COR08484,KWF,SPS,Katwa,Shripat Shrikhand,ER,,1,1
COR08485,SPS,SIZ,Shripat Shrikhand,Shrikhanda,ER,,1,1
COR08486,SIZ,BCF,Shrikhanda,Bankapasi,ER,,1,1
COR08487,BCF,KCY,Bankapasi,Kaichar,ER,,1,1
COR08488,KCY,NGX,Kaichar,Nigan,ER,,1,1
COR08489,NGX,SOF,Nigan,Saota,ER,,1,1
COR08490,SOF,BGNA,Saota,Balgona,ER,,1,1
COR08491,KSC,BFX,KASHI CHAK,BAGHI GHAUSPUR,ECR,4.08,1,1
COR08492,BFX,WRS,BAGHI GHAUSPUR,WARIS ALEGANJ,ECR,5.85,1,1
COR08493,NWD,CTHT,NAWADIH,CHATAR HALT,ECR,7.31,1,1
COR08494,CTHT,TIA,CHATAR HALT,TILAYA,ECR,9.77,1,1
COR08495,CTJ,VST,CHHATAINI,BIJAYSOTA,WCR,18.0,1,1
COR08496,SLHA,KTKD,SALHANA,KATANGI KHURD,WCR,17.99,1,1
COR08497,BNKI,AUI,Banmankhi Junction,Aurahi,ECR,9.06,1,1
COR08498,AUI,BAKT,Aurahi,Barhara Kothi,ECR,6.43,1,1
COR08499,UMRA,KRCD,UMRA,KHARWA CHANDA,NWR,11.87,1,1
COR08500,KRCD,ZW,KHARWA CHANDA,ZAWAR,NWR,9.1,1,1
COR08501,ZW,PDQ,ZAWAR,PADLA,NWR,7.49,1,1
COR08502,PDQ,JYM,PADLA,JAI SAMAND ROAD,NWR,13.17,1,1
COR08503,SES,KDLG,SEMARI,KUNDALGARH,NWR,5.62,1,1
COR08504,KDLG,RDD,KUNDALGARH,RIKHABDEV ROAD,NWR,7.23,1,1
COR08505,RDD,KTOA,RIKHABDEV ROAD,KOTANA,NWR,9.19,1,1
COR08506,KTOA,DNRP,KOTANA,DUNGARPUR,NWR,6.36,1,1
COR08507,BHWA,JO,BECHHIWARA,JO JAGABOR,NWR,9.94,1,1
COR08508,JO,LSD,JO JAGABOR,LUSADIYA,NWR,6.83,1,1
COR08509,LSD,SJS,LUSADIYA,SHAMLAJI ROAD,NWR,11.23,1,1
COR08510,SJS,VRV,SHAMLAJI ROAD,VIRAVADA,NWR,26.17,1,1
COR08511,RGQ,HMT,RAIGADH ROAD,HIMMATNAGAR,NWR,22.75,1,1
COR08512,DBO,NRD,DABHODA,NARODA,WR,13.01,1,1
COR08513,MRIJ,BDMA,Murliganj,Budhma,ECR,14.44,1,1
COR08514,NLSF,LCAE,NIYALISH PARA,LALBAGH COURT ROAD,ER,1.91,1,1
COR08515,ACLE,GSGB,AZIMGANJ CITY,Gosaingram,ER,4.9,1,1
COR08516,GSGB,BAA,Gosaingram,Barala,ER,18.38,1,1
COR08517,BAA,SDI,Barala,Sagardighi,ER,6.79,1,1
COR08518,DHT,FNO,DHAMARA GHAT,FUNGO HALT,ECR,3.14,1,1
COR08519,FNO,KFA,FUNGO HALT,KOPARIA,ECR,4.75,1,1
COR08520,SBM,PMYA,SONBARSA KACHERI,PARMINIYA HALT,ECR,3.64,1,1
COR08521,PMYA,SHC,PARMINIYA HALT,SAHARSA JN,ECR,5.41,1,1
COR08522,SHC,KKNH,SAHARSA JN,Karukhirharnagar Halt,ECR,2.79,1,1
COR08523,KKNH,BYP,Karukhirharnagar Halt,Baijnathpur,ECR,3.89,1,1
COR08524,BYP,MEE,Baijnathpur,Methai,ECR,7.12,1,1
COR08525,MEE,DMH,Methai,Dauram Madhepura,ECR,5.81,1,1
COR08526,DLJ,DAS,DHOLA JN,DHASA JN,WR,23.17,1,1
COR08527,DRGM,MZHL,DEORAGRAM,MAJHAOLI,WCR,4.78,1,1
COR08528,MZHL,BRGW,MAJHAOLI,BARGAWAN,WCR,10.96,1,1
COR08529,BRGW,GNDI,BARGAWAN,GONDWALI,WCR,6.88,1,1
COR08530,GNDI,MHDA,GONDWALI,MAHDEIYA,WCR,6.98,1,1
COR08531,RJK,SPB,RAJA KA SAHASPUR,Sonekpur Halt,NR,8.5,1,1
COR08532,SPB,HZN,Sonekpur Halt,Hazrat Nagar Halt,NR,2.68,1,1
COR08533,HZN,SRMP,Hazrat Nagar Halt,Sirsi Mukhdumpr,NR,3.0,1,1
COR08534,SRMP,SHTS,Sirsi Mukhdumpr,Sambhal Hatim Sarai,NR,7.68,1,1
COR08535,JRJ,KZS,JARGAON,KUAKHERA HALT,NR,1.57,1,1
COR08536,KZS,GTF,KUAKHERA HALT,GUMTHAL,NR,7.0,1,1
COR08537,KEG,AO,KARENGI,AONLA,NR,13.73,1,1
COR08538,RTGH,SUJH,Ratangarh Junction,Sujangarh,NWR,42.78,1,1
COR08539,KKNA,KHTU,Khunkhuna,Khatu,NWR,24.03,1,1
COR08540,PBS,MGR,Purab Sarai,Munger,ER,,1,1
COR08541,RJU,RLA,Rajula City,RAJULA JN,WR,6.8,1,1
COR08542,GSGJ,ATKS,Ghausganj,Atwa Kursath,NR,2.44,2,2
COR08543,ATKS,GNTR,Atwa Kursath,Gauntra Halt,NR,4.88,2,2
COR08544,MAH,FRH,Madhoganj,Farhatnagar,NR,4.16,2,2
COR08545,FRH,MLW,Farhatnagar,Mallanwan,NR,5.22,2,2
COR08546,MKHI,PTYR,Makhi,Patiyara,NR,4.02,2,2
COR08547,CCP,AMLP,Chhuchhapura Junction,Amalpur,WR,10.69,1,1
COR08548,NRD,DBO,NARODA,DABHODA,WR,13.01,1,1
COR08549,HMT,RGQ,HIMMATNAGAR,RAIGADH ROAD,WR,22.75,1,1
COR08550,VRV,SJS,VIRAVADA,SHAMLAJI ROAD,NWR,26.17,1,1
COR08551,SJS,LSD,SHAMLAJI ROAD,LUSADIYA,NWR,11.23,1,1
COR08552,LSD,JO,LUSADIYA,JO JAGABOR,NWR,6.83,1,1
COR08553,JO,BHWA,JO JAGABOR,BECHHIWARA,NWR,9.94,1,1
COR08554,DNRP,KTOA,DUNGARPUR,KOTANA,NWR,6.36,1,1
COR08555,KTOA,RDD,KOTANA,RIKHABDEV ROAD,NWR,9.19,1,1
COR08556,RDD,KDLG,RIKHABDEV ROAD,KUNDALGARH,NWR,7.23,1,1
COR08557,KDLG,SES,KUNDALGARH,SEMARI,NWR,5.62,1,1
COR08558,JYM,PDQ,JAI SAMAND ROAD,PADLA,NWR,13.17,1,1
COR08559,PDQ,ZW,PADLA,ZAWAR,NWR,7.49,1,1
COR08560,ZW,KRCD,ZAWAR,KHARWA CHANDA,NWR,9.1,1,1
COR08561,KRCD,UMRA,KHARWA CHANDA,UMRA,NWR,11.87,1,1
COR08562,DKX,SRSL,Dudhwakhara,Sirsala,NWR,5.0,1,1
COR08563,SRSL,ASLU,Sirsala,Aslu,NWR,8.35,1,1
COR08564,RTGH,LOHA,Ratangarh Junction,Loha,NWR,6.65,1,1
COR08565,LOHA,PIH,Loha,Parhihara,NWR,10.66,1,1
COR08566,SUJH,JSH,Sujangarh,Jaswantgarh,NWR,4.83,1,1
COR08567,JSH,LAU,Jaswantgarh,Ladnun,NWR,4.79,1,1
COR08568,LAU,BLSD,Ladnun,Balsamand,NWR,9.57,1,1
COR08569,BLSD,SVO,Balsamand,Sanvrad,NWR,7.94,1,1
COR08570,SVO,DIA,Sanvrad,Didwana,NWR,13.44,1,1
COR08571,DIA,MBSK,Didwana,Marwar Balia,NWR,5.51,1,1
COR08572,MBSK,KKNA,Marwar Balia,Khunkhuna,NWR,10.29,1,1
COR08573,KKNA,PW,Khunkhuna,Pirwa,NWR,5.34,1,1
COR08574,PW,CTKT,Pirwa,Choti Khatu,NWR,14.05,1,1
COR08575,DGHR,MHUR,Deoghar,Mohanpur,ER,9.33,2,2
COR08576,MHUR,GRMA,Mohanpur,Ghormara,ER,9.44,2,2
COR08577,GRMA,CNPI,Ghormara,Chandanpahari,ER,9.97,2,2
COR08578,CNPI,BSKH,Chandanpahari,Basukinath,ER,9.47,2,2
COR08579,BSKH,JAMA,Basukinath,Jama,ER,11.21,2,2
COR08580,JAMA,MDNP,Jama,Madanpur Halt,ER,,1,1
COR08581,MDNP,DUMK,Madanpur Halt,Dumka,ER,,1,1
COR08582,FZR,FZP,FIROZPUR CANT,Firozpur City,NR,2.75,1,1
COR08583,FZP,KIQ,Firozpur City,Khai Phemeki,NR,8.21,1,1
COR08584,KIQ,DODH,Khai Phemeki,Dodh,NR,7.23,1,1
COR08585,DODH,JTH,Dodh,Jhoktahal Singh,NR,4.41,1,1
COR08586,JTH,KRSW,Jhoktahal Singh,Kohar Singhwala,NR,7.22,1,1
COR08587,KRSW,GHS,Kohar Singhwala,Guru Harsahai,NR,6.67,1,1
COR08588,GHS,JWN,Guru Harsahai,Jiwa Arain,NR,6.24,1,1
COR08589,JWN,JBD,Jiwa Arain,Jalalabad,NR,11.11,1,1
COR08590,JBD,DAVC,Jalalabad,Jalalabad DAV College,NR,,1,1
COR08591,DAVC,BVW,Jalalabad DAV College,Bahminiwala,NR,,1,1
COR08592,BVW,LDK,Bahminiwala,Ladhuka,NR,9.0,1,1
COR08593,LDK,TQL,Ladhuka,Theh Qalandar,NR,5.0,1,1
COR08594,TQL,FKA,Theh Qalandar,Fazilka,NR,8.48,1,1
COR08595,ABS,FKA,ABOHAR,Fazilka,NR,34.11,1,1
COR08596,BRGW,MZHL,BARGAWAN,MAJHAOLI,WCR,10.96,1,1
COR08597,MZHL,DRGM,MAJHAOLI,DEORAGRAM,WCR,4.78,1,1
COR08598,MOTA,TKRU,MOTA,TAKHRAU,NCR,4.4,1,1
COR08599,TKRU,BGQ,TAKHRAU,BHONGAON,NCR,4.92,1,1
COR08600,KOZ,TKHA,KOSMA,TAKHA,NCR,7.31,1,1
COR08601,TKHA,AON,TAKHA,ARAON,NCR,7.8,1,1
COR08602,APH,RMSR,ANUPGARH,RAMSINGHPUR,NWR,18.91,2,2
COR08603,RMSR,SBNR,RAMSINGHPUR,SHRI VIJAINAGAR,NWR,13.55,2,2
COR08604,SBNR,KYNT,SHRI VIJAINAGAR,KALYANKOT,NWR,12.79,2,2
COR08605,KYNT,SRPR,KALYANKOT,SARUPSAR JN,NWR,8.25,2,2
COR08606,SRPR,SRZ,SARUPSAR JN,SARDARGARH,NWR,4.61,2,2
COR08607,SRZ,BNSR,SARDARGARH,BHAGWANSAR,NWR,11.76,2,2
COR08608,BNSR,SOG,BHAGWANSAR,SURATGARH JN,NWR,5.09,2,2
COR08609,BNSR,SRZ,BHAGWANSAR,SARDARGARH,NWR,11.76,1,1
COR08610,SRZ,SRPR,SARDARGARH,SARUPSAR JN,NWR,4.61,1,1
COR08611,SBNR,RMSR,SHRI VIJAINAGAR,RAMSINGHPUR,NWR,13.55,1,1
COR08612,RMSR,APH,RAMSINGHPUR,ANUPGARH,NWR,18.91,1,1
COR08613,TPO,BFG,Tantpur,Bagthar,NCR,5.91,1,1
COR08614,BFG,BED,Bagthar,Baseri,NCR,5.85,1,1
COR08615,BED,MHF,Baseri,Mohari Junction,NCR,5.27,1,1
COR08616,MTR,MAI,MOTIPUR,MEHSI,ECR,13.03,1,1
COR08617,TNDE,PHWR,Thanesar City,Pehowa Road,NR,21.64,1,1
COR08618,PHWR,KLE,Pehowa Road,Kaithal,NR,23.79,1,1
COR08619,KLE,KIY,Kaithal,Kalayat,NR,20.66,1,1
COR08620,KIY,NRW,Kalayat,NARWANA JN,NR,15.3,1,1
COR08621,BXM,DDW,BELRAYAN,DUDWA,NER,27.76,1,1
COR08622,IJ,MBP,ITAUNJA,MOHIBULLAPUR,NER,19.68,1,1
