corridor_id,zone,power_zone_id,feeder_section,substation_name,is_electrified
COR03045,SR,PZ0001,FDR-PZ0001-B,TSS-SR-01,True
COR04532,SR,PZ0002,FDR-PZ0002-A,TSS-SR-02,True
COR00547,SR,PZ0003,FDR-PZ0003-B,TSS-SR-03,True
COR05474,SR,PZ0004,FDR-PZ0004-B,TSS-SR-04,False
COR05011,SR,PZ0005,FDR-PZ0005-A,TSS-SR-05,False
COR01409,SR,PZ0006,FDR-PZ0006-A,TSS-SR-06,True
COR05016,SR,PZ0007,FDR-PZ0007-B,TSS-SR-07,True
COR06313,SR,PZ0008,FDR-PZ0008-B,TSS-SR-08,True
COR05733,SR,PZ0009,FDR-PZ0009-B,TSS-SR-09,True
COR07368,SR,PZ0010,FDR-PZ0010-A,TSS-SR-10,True
COR05736,SR,PZ0011,FDR-PZ0011-B,TSS-SR-11,False
COR04158,SR,PZ0012,FDR-PZ0012-B,TSS-SR-12,True
COR01378,SR,PZ0013,FDR-PZ0013-B,TSS-SR-13,True
COR05738,SR,PZ0014,FDR-PZ0014-A,TSS-SR-14,True
COR05212,SR,PZ0015,FDR-PZ0015-A,TSS-SR-15,False
COR08171,SR,PZ0016,FDR-PZ0016-B,TSS-SR-16,True
COR00536,SR,PZ0017,FDR-PZ0017-A,TSS-SR-17,False
COR03355,SR,PZ0018,FDR-PZ0018-A,TSS-SR-18,False
COR03525,SR,PZ0019,FDR-PZ0019-A,TSS-SR-19,True
COR05206,SR,PZ0020,FDR-PZ0020-A,TSS-SR-20,True
COR03306,SR,PZ0021,FDR-PZ0021-A,TSS-SR-21,True
COR04154,SR,PZ0022,FDR-PZ0022-A,TSS-SR-22,True
COR05014,SR,PZ0023,FDR-PZ0023-A,TSS-SR-23,True
COR03529,SR,PZ0024,FDR-PZ0024-B,TSS-SR-24,False
COR02902,SR,PZ0025,FDR-PZ0025-A,TSS-SR-25,True
COR04894,SR,PZ0026,FDR-PZ0026-A,TSS-SR-26,False
COR00526,SR,PZ0027,FDR-PZ0027-A,TSS-SR-27,False
COR03092,SR,PZ0028,FDR-PZ0028-A,TSS-SR-28,True
COR01383,SR,PZ0029,FDR-PZ0029-B,TSS-SR-29,True
COR02164,SR,PZ0030,FDR-PZ0030-B,TSS-SR-30,True
COR02173,SR,PZ0031,FDR-PZ0031-A,TSS-SR-31,True
COR03044,SR,PZ0032,FDR-PZ0032-A,TSS-SR-32,True
COR00538,SR,PZ0001,FDR-PZ0001-B,TSS-SR-01,False
COR03742,SR,PZ0002,FDR-PZ0002-A,TSS-SR-02,False
COR00532,SR,PZ0003,FDR-PZ0003-A,TSS-SR-03,True
COR08078,SR,PZ0004,FDR-PZ0004-B,TSS-SR-04,True
COR06152,SR,PZ0005,FDR-PZ0005-A,TSS-SR-05,True
COR03524,SR,PZ0006,FDR-PZ0006-B,TSS-SR-06,True
COR02151,SR,PZ0007,FDR-PZ0007-B,TSS-SR-07,False
COR02171,SR,PZ0008,FDR-PZ0008-A,TSS-SR-08,True
COR02975,SR,PZ0009,FDR-PZ0009-B,TSS-SR-09,True
COR04152,SR,PZ0010,FDR-PZ0010-B,TSS-SR-10,True
COR03070,SR,PZ0011,FDR-PZ0011-B,TSS-SR-11,True
COR01371,SR,PZ0012,FDR-PZ0012-B,TSS-SR-12,True
COR03071,SR,PZ0013,FDR-PZ0013-B,TSS-SR-13,True
COR05473,SR,PZ0014,FDR-PZ0014-B,TSS-SR-14,True
COR01274,SR,PZ0015,FDR-PZ0015-A,TSS-SR-15,False
COR05732,SR,PZ0016,FDR-PZ0016-A,TSS-SR-16,True
COR00945,SR,PZ0017,FDR-PZ0017-B,TSS-SR-17,True
COR03059,SR,PZ0018,FDR-PZ0018-B,TSS-SR-18,True
COR02783,SR,PZ0019,FDR-PZ0019-B,TSS-SR-19,True
COR01379,SR,PZ0020,FDR-PZ0020-B,TSS-SR-20,False
COR02978,SR,PZ0021,FDR-PZ0021-A,TSS-SR-21,True
COR05730,SR,PZ0022,FDR-PZ0022-B,TSS-SR-22,False
COR01381,SR,PZ0023,FDR-PZ0023-B,TSS-SR-23,True
COR02981,SR,PZ0024,FDR-PZ0024-B,TSS-SR-24,True
COR04636,SR,PZ0025,FDR-PZ0025-A,TSS-SR-25,True
COR03507,SR,PZ0026,FDR-PZ0026-B,TSS-SR-26,True
COR01592,SR,PZ0027,FDR-PZ0027-A,TSS-SR-27,True
COR05765,SR,PZ0028,FDR-PZ0028-B,TSS-SR-28,True
COR05751,SR,PZ0029,FDR-PZ0029-A,TSS-SR-29,True
COR02149,SR,PZ0030,FDR-PZ0030-A,TSS-SR-30,True
COR01396,SR,PZ0031,FDR-PZ0031-A,TSS-SR-31,True
COR02947,SR,PZ0032,FDR-PZ0032-B,TSS-SR-32,True
COR01401,SR,PZ0001,FDR-PZ0001-B,TSS-SR-01,True
COR05204,SR,PZ0002,FDR-PZ0002-B,TSS-SR-02,True
COR08418,SR,PZ0003,FDR-PZ0003-B,TSS-SR-03,True
COR02977,SR,PZ0004,FDR-PZ0004-B,TSS-SR-04,True
COR02788,SR,PZ0005,FDR-PZ0005-A,TSS-SR-05,True
COR02202,SR,PZ0006,FDR-PZ0006-A,TSS-SR-06,True
COR05726,SR,PZ0007,FDR-PZ0007-B,TSS-SR-07,True
COR02201,SR,PZ0008,FDR-PZ0008-B,TSS-SR-08,False
COR00539,SR,PZ0009,FDR-PZ0009-A,TSS-SR-09,True
COR04003,SR,PZ0010,FDR-PZ0010-B,TSS-SR-10,True
COR02906,SR,PZ0011,FDR-PZ0011-A,TSS-SR-11,True
COR02946,SR,PZ0012,FDR-PZ0012-A,TSS-SR-12,True
COR05215,SR,PZ0013,FDR-PZ0013-A,TSS-SR-13,True
COR02896,SR,PZ0014,FDR-PZ0014-A,TSS-SR-14,True
COR05746,SR,PZ0015,FDR-PZ0015-B,TSS-SR-15,True
COR02169,SR,PZ0016,FDR-PZ0016-A,TSS-SR-16,True
COR04319,SR,PZ0017,FDR-PZ0017-B,TSS-SR-17,True
COR00537,SR,PZ0018,FDR-PZ0018-B,TSS-SR-18,True
COR05752,SR,PZ0019,FDR-PZ0019-A,TSS-SR-19,True
COR05964,SR,PZ0020,FDR-PZ0020-B,TSS-SR-20,True
COR05959,SR,PZ0021,FDR-PZ0021-A,TSS-SR-21,True
COR08413,SR,PZ0022,FDR-PZ0022-A,TSS-SR-22,True
COR03055,SR,PZ0023,FDR-PZ0023-A,TSS-SR-23,True
COR02979,SR,PZ0024,FDR-PZ0024-B,TSS-SR-24,True
COR05952,SR,PZ0025,FDR-PZ0025-A,TSS-SR-25,True
COR05745,SR,PZ0026,FDR-PZ0026-B,TSS-SR-26,True
COR00548,SR,PZ0027,FDR-PZ0027-A,TSS-SR-27,False
COR05013,SR,PZ0028,FDR-PZ0028-B,TSS-SR-28,True
COR05009,SR,PZ0029,FDR-PZ0029-B,TSS-SR-29,True
COR02165,SR,PZ0030,FDR-PZ0030-B,TSS-SR-30,True
COR04324,SR,PZ0031,FDR-PZ0031-A,TSS-SR-31,True
COR02787,SR,PZ0032,FDR-PZ0032-A,TSS-SR-32,False
COR02985,SR,PZ0001,FDR-PZ0001-A,TSS-SR-01,True
COR05217,SR,PZ0002,FDR-PZ0002-B,TSS-SR-02,True
COR06380,SR,PZ0003,FDR-PZ0003-A,TSS-SR-03,True
COR00529,SR,PZ0004,FDR-PZ0004-A,TSS-SR-04,True
COR04893,SR,PZ0005,FDR-PZ0005-B,TSS-SR-05,True
COR03065,SR,PZ0006,FDR-PZ0006-B,TSS-SR-06,True
COR03807,SR,PZ0007,FDR-PZ0007-A,TSS-SR-07,True
COR00940,SR,PZ0008,FDR-PZ0008-B,TSS-SR-08,True
COR04323,SR,PZ0009,FDR-PZ0009-B,TSS-SR-09,True
COR04005,SR,PZ0010,FDR-PZ0010-A,TSS-SR-10,False
COR06381,SR,PZ0011,FDR-PZ0011-A,TSS-SR-11,True
COR01405,SR,PZ0012,FDR-PZ0012-A,TSS-SR-12,True
COR05728,SR,PZ0013,FDR-PZ0013-B,TSS-SR-13,False
COR02739,SR,PZ0014,FDR-PZ0014-A,TSS-SR-14,True
COR00954,SR,PZ0015,FDR-PZ0015-B,TSS-SR-15,True
COR03349,SR,PZ0016,FDR-PZ0016-B,TSS-SR-16,True
COR07365,SR,PZ0017,FDR-PZ0017-B,TSS-SR-17,True
COR05960,SR,PZ0018,FDR-PZ0018-B,TSS-SR-18,False
COR05754,SR,PZ0019,FDR-PZ0019-B,TSS-SR-19,True
COR05742,SR,PZ0020,FDR-PZ0020-A,TSS-SR-20,False
COR03086,SR,PZ0021,FDR-PZ0021-B,TSS-SR-21,True
COR03337,SR,PZ0022,FDR-PZ0022-A,TSS-SR-22,True
COR03060,SR,PZ0023,FDR-PZ0023-A,TSS-SR-23,False
COR08116,SR,PZ0024,FDR-PZ0024-B,TSS-SR-24,True
COR03513,SR,PZ0025,FDR-PZ0025-A,TSS-SR-25,True
COR05740,SR,PZ0026,FDR-PZ0026-B,TSS-SR-26,False
COR01410,SR,PZ0027,FDR-PZ0027-A,TSS-SR-27,False
COR04998,SR,PZ0028,FDR-PZ0028-B,TSS-SR-28,True
COR05755,SR,PZ0029,FDR-PZ0029-B,TSS-SR-29,False
COR07610,SR,PZ0030,FDR-PZ0030-B,TSS-SR-30,True
COR01395,SR,PZ0031,FDR-PZ0031-B,TSS-SR-31,True
COR03806,SR,PZ0032,FDR-PZ0032-A,TSS-SR-32,False
COR02128,SR,PZ0001,FDR-PZ0001-B,TSS-SR-01,True
COR02152,SR,PZ0002,FDR-PZ0002-B,TSS-SR-02,True
COR03075,SR,PZ0003,FDR-PZ0003-B,TSS-SR-03,False
COR05017,SR,PZ0004,FDR-PZ0004-A,TSS-SR-04,True
COR03049,SR,PZ0005,FDR-PZ0005-B,TSS-SR-05,True
COR06317,SR,PZ0006,FDR-PZ0006-A,TSS-SR-06,False
COR03358,SR,PZ0007,FDR-PZ0007-B,TSS-SR-07,False
COR03514,SR,PZ0008,FDR-PZ0008-A,TSS-SR-08,True
COR03345,SR,PZ0009,FDR-PZ0009-B,TSS-SR-09,True
COR01386,SR,PZ0010,FDR-PZ0010-A,TSS-SR-10,True
COR08074,SR,PZ0011,FDR-PZ0011-B,TSS-SR-11,True
COR05003,SR,PZ0012,FDR-PZ0012-A,TSS-SR-12,True
COR04006,SR,PZ0013,FDR-PZ0013-A,TSS-SR-13,False
COR02944,SR,PZ0014,FDR-PZ0014-B,TSS-SR-14,False
COR04994,SR,PZ0015,FDR-PZ0015-B,TSS-SR-15,True
COR04159,SR,PZ0016,FDR-PZ0016-A,TSS-SR-16,True
COR03352,SR,PZ0017,FDR-PZ0017-B,TSS-SR-17,True
COR07363,SR,PZ0018,FDR-PZ0018-B,TSS-SR-18,True
COR01392,SR,PZ0019,FDR-PZ0019-A,TSS-SR-19,True
COR03039,SR,PZ0020,FDR-PZ0020-A,TSS-SR-20,True
COR03307,SR,PZ0021,FDR-PZ0021-A,TSS-SR-21,True
COR02162,SR,PZ0022,FDR-PZ0022-B,TSS-SR-22,True
COR03067,SR,PZ0023,FDR-PZ0023-B,TSS-SR-23,True
COR03810,SR,PZ0024,FDR-PZ0024-B,TSS-SR-24,False
COR03354,SR,PZ0025,FDR-PZ0025-A,TSS-SR-25,True
COR02899,SR,PZ0026,FDR-PZ0026-A,TSS-SR-26,True
COR07367,SR,PZ0027,FDR-PZ0027-A,TSS-SR-27,False
COR02125,SR,PZ0028,FDR-PZ0028-B,TSS-SR-28,False
COR03058,SR,PZ0029,FDR-PZ0029-B,TSS-SR-29,True
COR04148,SR,PZ0030,FDR-PZ0030-B,TSS-SR-30,False
COR02900,SR,PZ0031,FDR-PZ0031-B,TSS-SR-31,True
COR03516,SR,PZ0032,FDR-PZ0032-B,TSS-SR-32,False
COR08234,SR,PZ0001,FDR-PZ0001-B,TSS-SR-01,True
COR04374,SR,PZ0002,FDR-PZ0002-B,TSS-SR-02,True
COR05748,SR,PZ0003,FDR-PZ0003-B,TSS-SR-03,True
COR08076,SR,PZ0004,FDR-PZ0004-B,TSS-SR-04,False
COR04370,SR,PZ0005,FDR-PZ0005-A,TSS-SR-05,True
COR02199,SR,PZ0006,FDR-PZ0006-A,TSS-SR-06,False
COR04161,SR,PZ0007,FDR-PZ0007-B,TSS-SR-07,True
COR04327,SR,PZ0008,FDR-PZ0008-B,TSS-SR-08,True
COR02903,SR,PZ0009,FDR-PZ0009-B,TSS-SR-09,True
COR02732,SR,PZ0010,FDR-PZ0010-A,TSS-SR-10,True
COR02901,SR,PZ0011,FDR-PZ0011-A,TSS-SR-11,True
COR04988,SR,PZ0012,FDR-PZ0012-B,TSS-SR-12,False
COR01397,SR,PZ0013,FDR-PZ0013-B,TSS-SR-13,True
COR04891,SR,PZ0014,FDR-PZ0014-B,TSS-SR-14,True
COR02661,SR,PZ0015,FDR-PZ0015-A,TSS-SR-15,True
COR04139,SR,PZ0016,FDR-PZ0016-A,TSS-SR-16,True
COR03737,SR,PZ0017,FDR-PZ0017-B,TSS-SR-17,True
COR03350,SR,PZ0018,FDR-PZ0018-B,TSS-SR-18,True
COR02200,SR,PZ0019,FDR-PZ0019-B,TSS-SR-19,False
COR02988,SR,PZ0020,FDR-PZ0020-B,TSS-SR-20,False
COR03340,SR,PZ0021,FDR-PZ0021-B,TSS-SR-21,False
COR03745,SR,PZ0022,FDR-PZ0022-A,TSS-SR-22,True
COR05207,SR,PZ0023,FDR-PZ0023-A,TSS-SR-23,True
COR02942,SR,PZ0024,FDR-PZ0024-B,TSS-SR-24,False
COR02170,SR,PZ0025,FDR-PZ0025-A,TSS-SR-25,True
COR04314,SR,PZ0026,FDR-PZ0026-A,TSS-SR-26,False
COR04132,SR,PZ0027,FDR-PZ0027-A,TSS-SR-27,True
COR02163,SR,PZ0028,FDR-PZ0028-B,TSS-SR-28,False
COR02741,SR,PZ0029,FDR-PZ0029-A,TSS-SR-29,True
COR04325,SR,PZ0030,FDR-PZ0030-A,TSS-SR-30,True
COR02941,SR,PZ0031,FDR-PZ0031-B,TSS-SR-31,True
COR00541,SR,PZ0032,FDR-PZ0032-A,TSS-SR-32,True
COR04157,SR,PZ0001,FDR-PZ0001-A,TSS-SR-01,True
COR04133,SR,PZ0002,FDR-PZ0002-A,TSS-SR-02,True
COR05008,SR,PZ0003,FDR-PZ0003-B,TSS-SR-03,True
COR04369,SR,PZ0004,FDR-PZ0004-A,TSS-SR-04,True
COR02745,SR,PZ0005,FDR-PZ0005-A,TSS-SR-05,True
COR04153,SR,PZ0006,FDR-PZ0006-B,TSS-SR-06,True
COR04999,SR,PZ0007,FDR-PZ0007-A,TSS-SR-07,False
COR01280,SR,PZ0008,FDR-PZ0008-B,TSS-SR-08,False
COR01387,SR,PZ0009,FDR-PZ0009-A,TSS-SR-09,True
COR08414,SR,PZ0010,FDR-PZ0010-B,TSS-SR-10,False
COR04838,SR,PZ0011,FDR-PZ0011-B,TSS-SR-11,True
COR03356,SR,PZ0012,FDR-PZ0012-B,TSS-SR-12,True
COR01278,SR,PZ0013,FDR-PZ0013-B,TSS-SR-13,False
COR04529,SR,PZ0014,FDR-PZ0014-A,TSS-SR-14,False
COR00533,SR,PZ0015,FDR-PZ0015-B,TSS-SR-15,True
COR03816,SR,PZ0016,FDR-PZ0016-B,TSS-SR-16,True
COR05475,SR,PZ0017,FDR-PZ0017-B,TSS-SR-17,False
COR02790,SR,PZ0018,FDR-PZ0018-B,TSS-SR-18,True
COR02967,SR,PZ0019,FDR-PZ0019-B,TSS-SR-19,True
COR05213,SR,PZ0020,FDR-PZ0020-A,TSS-SR-20,False
COR04379,SR,PZ0021,FDR-PZ0021-B,TSS-SR-21,False
COR05023,SR,PZ0022,FDR-PZ0022-B,TSS-SR-22,False
COR02993,SR,PZ0023,FDR-PZ0023-A,TSS-SR-23,True
COR03051,SR,PZ0024,FDR-PZ0024-B,TSS-SR-24,True
COR02782,SR,PZ0025,FDR-PZ0025-A,TSS-SR-25,True
COR04135,SR,PZ0026,FDR-PZ0026-A,TSS-SR-26,True
COR05743,SR,PZ0027,FDR-PZ0027-A,TSS-SR-27,True
COR02966,SR,PZ0028,FDR-PZ0028-B,TSS-SR-28,True
COR07956,SR,PZ0029,FDR-PZ0029-B,TSS-SR-29,True
COR02904,SR,PZ0030,FDR-PZ0030-A,TSS-SR-30,False
COR03041,SR,PZ0031,FDR-PZ0031-B,TSS-SR-31,True
COR08125,SR,PZ0032,FDR-PZ0032-A,TSS-SR-32,True
COR01414,SR,PZ0001,FDR-PZ0001-B,TSS-SR-01,True
COR08173,SR,PZ0002,FDR-PZ0002-B,TSS-SR-02,False
COR00957,SR,PZ0003,FDR-PZ0003-B,TSS-SR-03,False
COR02973,SR,PZ0004,FDR-PZ0004-B,TSS-SR-04,False
COR05005,SR,PZ0005,FDR-PZ0005-B,TSS-SR-05,True
COR04146,SR,PZ0006,FDR-PZ0006-B,TSS-SR-06,False
COR02987,SR,PZ0007,FDR-PZ0007-B,TSS-SR-07,False
COR01369,SR,PZ0008,FDR-PZ0008-A,TSS-SR-08,False
COR00951,SR,PZ0009,FDR-PZ0009-A,TSS-SR-09,False
COR05002,SR,PZ0010,FDR-PZ0010-B,TSS-SR-10,False
COR02735,SR,PZ0011,FDR-PZ0011-B,TSS-SR-11,True
COR03089,SR,PZ0012,FDR-PZ0012-B,TSS-SR-12,True
COR08236,SR,PZ0013,FDR-PZ0013-A,TSS-SR-13,True
COR03518,SR,PZ0014,FDR-PZ0014-B,TSS-SR-14,True
COR02195,SR,PZ0015,FDR-PZ0015-B,TSS-SR-15,True
COR04130,SR,PZ0016,FDR-PZ0016-A,TSS-SR-16,True
COR01399,SR,PZ0017,FDR-PZ0017-B,TSS-SR-17,False
COR03811,SR,PZ0018,FDR-PZ0018-A,TSS-SR-18,True
COR03803,SR,PZ0019,FDR-PZ0019-B,TSS-SR-19,False
COR01372,SR,PZ0020,FDR-PZ0020-B,TSS-SR-20,True
COR02785,SR,PZ0021,FDR-PZ0021-A,TSS-SR-21,True
COR03336,SR,PZ0022,FDR-PZ0022-A,TSS-SR-22,True
COR01400,SR,PZ0023,FDR-PZ0023-B,TSS-SR-23,True
COR03057,SR,PZ0024,FDR-PZ0024-A,TSS-SR-24,False
COR04992,SR,PZ0025,FDR-PZ0025-A,TSS-SR-25,True
COR03087,SR,PZ0026,FDR-PZ0026-B,TSS-SR-26,True
COR04138,SR,PZ0027,FDR-PZ0027-B,TSS-SR-27,True
COR08175,SR,PZ0028,FDR-PZ0028-A,TSS-SR-28,False
COR07364,SR,PZ0029,FDR-PZ0029-A,TSS-SR-29,False
COR02996,SR,PZ0030,FDR-PZ0030-B,TSS-SR-30,False
COR04155,SR,PZ0031,FDR-PZ0031-B,TSS-SR-31,True
COR02734,SR,PZ0032,FDR-PZ0032-B,TSS-SR-32,True
COR00545,SR,PZ0001,FDR-PZ0001-B,TSS-SR-01,False
COR05025,SR,PZ0002,FDR-PZ0002-B,TSS-SR-02,True
COR04328,SR,PZ0003,FDR-PZ0003-B,TSS-SR-03,True
COR01384,SR,PZ0004,FDR-PZ0004-B,TSS-SR-04,True
COR03346,SR,PZ0005,FDR-PZ0005-B,TSS-SR-05,True
COR00542,SR,PZ0006,FDR-PZ0006-A,TSS-SR-06,False
COR01385,SR,PZ0007,FDR-PZ0007-B,TSS-SR-07,True
COR04151,SR,PZ0008,FDR-PZ0008-A,TSS-SR-08,True
COR06146,SR,PZ0009,FDR-PZ0009-A,TSS-SR-09,True
COR04329,SR,PZ0010,FDR-PZ0010-B,TSS-SR-10,True
COR02984,SR,PZ0011,FDR-PZ0011-A,TSS-SR-11,False
COR04150,SR,PZ0012,FDR-PZ0012-A,TSS-SR-12,True
COR01391,SR,PZ0013,FDR-PZ0013-A,TSS-SR-13,True
COR02167,SR,PZ0014,FDR-PZ0014-A,TSS-SR-14,True
COR01375,SR,PZ0015,FDR-PZ0015-A,TSS-SR-15,False
COR02781,SR,PZ0016,FDR-PZ0016-A,TSS-SR-16,True
COR04131,SR,PZ0017,FDR-PZ0017-A,TSS-SR-17,False
COR00546,SR,PZ0018,FDR-PZ0018-B,TSS-SR-18,False
COR05762,SR,PZ0019,FDR-PZ0019-A,TSS-SR-19,True
COR05737,SR,PZ0020,FDR-PZ0020-A,TSS-SR-20,True
COR06151,SR,PZ0021,FDR-PZ0021-B,TSS-SR-21,False
COR00938,SR,PZ0022,FDR-PZ0022-A,TSS-SR-22,True
COR02161,SR,PZ0023,FDR-PZ0023-A,TSS-SR-23,True
COR06314,SR,PZ0024,FDR-PZ0024-A,TSS-SR-24,True
COR03062,SR,PZ0025,FDR-PZ0025-B,TSS-SR-25,True
COR03528,SR,PZ0026,FDR-PZ0026-A,TSS-SR-26,True
COR03515,SR,PZ0027,FDR-PZ0027-B,TSS-SR-27,True
COR06316,SR,PZ0028,FDR-PZ0028-A,TSS-SR-28,True
COR01593,SR,PZ0029,FDR-PZ0029-A,TSS-SR-29,False
COR02196,SR,PZ0030,FDR-PZ0030-A,TSS-SR-30,True
COR02172,SR,PZ0031,FDR-PZ0031-B,TSS-SR-31,True
COR05007,SR,PZ0032,FDR-PZ0032-A,TSS-SR-32,True
COR04378,SR,PZ0001,FDR-PZ0001-B,TSS-SR-01,False
COR01276,SR,PZ0002,FDR-PZ0002-B,TSS-SR-02,True
COR01368,SR,PZ0003,FDR-PZ0003-B,TSS-SR-03,True
COR03351,SR,PZ0004,FDR-PZ0004-B,TSS-SR-04,True
COR01377,SR,PZ0005,FDR-PZ0005-A,TSS-SR-05,True
COR01275,SR,PZ0006,FDR-PZ0006-A,TSS-SR-06,True
COR03509,SR,PZ0007,FDR-PZ0007-B,TSS-SR-07,True
COR08172,SR,PZ0008,FDR-PZ0008-B,TSS-SR-08,True
COR03359,SR,PZ0009,FDR-PZ0009-B,TSS-SR-09,True
COR05018,SR,PZ0010,FDR-PZ0010-B,TSS-SR-10,True
COR02731,SR,PZ0011,FDR-PZ0011-A,TSS-SR-11,False
COR03085,SR,PZ0012,FDR-PZ0012-A,TSS-SR-12,True
COR08017,SR,PZ0013,FDR-PZ0013-A,TSS-SR-13,True
COR03746,SR,PZ0014,FDR-PZ0014-B,TSS-SR-14,True
COR02197,SR,PZ0015,FDR-PZ0015-A,TSS-SR-15,True
COR02905,SR,PZ0016,FDR-PZ0016-B,TSS-SR-16,True
COR02158,SR,PZ0017,FDR-PZ0017-B,TSS-SR-17,False
COR03741,SR,PZ0018,FDR-PZ0018-B,TSS-SR-18,True
COR02789,SR,PZ0019,FDR-PZ0019-A,TSS-SR-19,True
COR03510,SR,PZ0020,FDR-PZ0020-A,TSS-SR-20,True
COR04890,SR,PZ0021,FDR-PZ0021-B,TSS-SR-21,False
COR03063,SR,PZ0022,FDR-PZ0022-A,TSS-SR-22,True
COR04136,SR,PZ0023,FDR-PZ0023-B,TSS-SR-23,True
COR03082,SR,PZ0024,FDR-PZ0024-B,TSS-SR-24,True
COR04320,SR,PZ0025,FDR-PZ0025-B,TSS-SR-25,False
COR01273,SR,PZ0026,FDR-PZ0026-A,TSS-SR-26,False
COR03308,SR,PZ0027,FDR-PZ0027-B,TSS-SR-27,True
COR03508,SR,PZ0028,FDR-PZ0028-A,TSS-SR-28,True
COR00528,SR,PZ0029,FDR-PZ0029-B,TSS-SR-29,True
COR00949,SR,PZ0030,FDR-PZ0030-A,TSS-SR-30,True
COR03517,SR,PZ0031,FDR-PZ0031-B,TSS-SR-31,True
COR08206,SR,PZ0032,FDR-PZ0032-B,TSS-SR-32,True
COR02662,SR,PZ0001,FDR-PZ0001-B,TSS-SR-01,False
COR04381,SR,PZ0002,FDR-PZ0002-A,TSS-SR-02,True
COR02968,SR,PZ0003,FDR-PZ0003-B,TSS-SR-03,True
COR05211,SR,PZ0004,FDR-PZ0004-B,TSS-SR-04,True
COR05219,SR,PZ0005,FDR-PZ0005-B,TSS-SR-05,False
COR03809,SR,PZ0006,FDR-PZ0006-B,TSS-SR-06,True
COR08117,SR,PZ0007,FDR-PZ0007-A,TSS-SR-07,True
COR02166,SR,PZ0008,FDR-PZ0008-B,TSS-SR-08,True
COR05741,SR,PZ0009,FDR-PZ0009-A,TSS-SR-09,True
COR03074,SR,PZ0010,FDR-PZ0010-A,TSS-SR-10,True
COR03309,SR,PZ0011,FDR-PZ0011-B,TSS-SR-11,True
COR03341,SR,PZ0012,FDR-PZ0012-B,TSS-SR-12,True
COR06319,SR,PZ0013,FDR-PZ0013-B,TSS-SR-13,False
COR03743,SR,PZ0014,FDR-PZ0014-A,TSS-SR-14,False
COR03506,SR,PZ0015,FDR-PZ0015-A,TSS-SR-15,True
COR00544,SR,PZ0016,FDR-PZ0016-A,TSS-SR-16,True
COR04321,SR,PZ0017,FDR-PZ0017-B,TSS-SR-17,True
COR03812,SR,PZ0018,FDR-PZ0018-B,TSS-SR-18,True
COR04996,SR,PZ0019,FDR-PZ0019-B,TSS-SR-19,True
COR03311,SR,PZ0020,FDR-PZ0020-A,TSS-SR-20,False
COR04997,SR,PZ0021,FDR-PZ0021-A,TSS-SR-21,True
COR04316,SR,PZ0022,FDR-PZ0022-A,TSS-SR-22,True
COR02153,SR,PZ0023,FDR-PZ0023-B,TSS-SR-23,True
COR05216,SR,PZ0024,FDR-PZ0024-B,TSS-SR-24,True
COR03347,SR,PZ0025,FDR-PZ0025-B,TSS-SR-25,False
COR05208,SR,PZ0026,FDR-PZ0026-A,TSS-SR-26,True
COR08237,SR,PZ0027,FDR-PZ0027-B,TSS-SR-27,False
COR00953,SR,PZ0028,FDR-PZ0028-A,TSS-SR-28,False
COR03064,SR,PZ0029,FDR-PZ0029-B,TSS-SR-29,True
COR04380,SR,PZ0030,FDR-PZ0030-A,TSS-SR-30,True
COR07611,SR,PZ0031,FDR-PZ0031-B,TSS-SR-31,True
COR05954,SR,PZ0032,FDR-PZ0032-B,TSS-SR-32,True
COR05749,SR,PZ0001,FDR-PZ0001-A,TSS-SR-01,True
COR03048,SR,PZ0002,FDR-PZ0002-B,TSS-SR-02,True
COR03342,SR,PZ0003,FDR-PZ0003-A,TSS-SR-03,True
COR05205,SR,PZ0004,FDR-PZ0004-B,TSS-SR-04,False
COR03813,SR,PZ0005,FDR-PZ0005-B,TSS-SR-05,True
COR02737,SR,PZ0006,FDR-PZ0006-B,TSS-SR-06,True
COR04317,SR,PZ0007,FDR-PZ0007-B,TSS-SR-07,True
COR03084,SR,PZ0008,FDR-PZ0008-B,TSS-SR-08,True
COR07366,SR,PZ0009,FDR-PZ0009-B,TSS-SR-09,True
COR05218,SR,PZ0010,FDR-PZ0010-B,TSS-SR-10,False
COR02126,SR,PZ0011,FDR-PZ0011-B,TSS-SR-11,True
COR02203,SR,PZ0012,FDR-PZ0012-A,TSS-SR-12,True
COR05957,SR,PZ0013,FDR-PZ0013-B,TSS-SR-13,True
COR01388,SR,PZ0014,FDR-PZ0014-B,TSS-SR-14,False
COR03053,SR,PZ0015,FDR-PZ0015-B,TSS-SR-15,True
COR08208,SR,PZ0016,FDR-PZ0016-A,TSS-SR-16,True
COR03527,SR,PZ0017,FDR-PZ0017-A,TSS-SR-17,True
COR06780,SR,PZ0018,FDR-PZ0018-A,TSS-SR-18,False
COR03808,SR,PZ0019,FDR-PZ0019-B,TSS-SR-19,True
COR04375,SR,PZ0020,FDR-PZ0020-A,TSS-SR-20,True
COR05955,SR,PZ0021,FDR-PZ0021-A,TSS-SR-21,True
COR02998,SR,PZ0022,FDR-PZ0022-A,TSS-SR-22,True
COR05019,SR,PZ0023,FDR-PZ0023-A,TSS-SR-23,True
COR02948,SR,PZ0024,FDR-PZ0024-B,TSS-SR-24,True
COR00305,SR,PZ0025,FDR-PZ0025-B,TSS-SR-25,True
COR02943,SR,PZ0026,FDR-PZ0026-B,TSS-SR-26,False
COR05020,SR,PZ0027,FDR-PZ0027-B,TSS-SR-27,True
COR04889,SR,PZ0028,FDR-PZ0028-A,TSS-SR-28,True
COR02971,SR,PZ0029,FDR-PZ0029-B,TSS-SR-29,False
COR04383,SR,PZ0030,FDR-PZ0030-A,TSS-SR-30,True
COR03050,SR,PZ0031,FDR-PZ0031-A,TSS-SR-31,True
COR04635,SR,PZ0032,FDR-PZ0032-B,TSS-SR-32,True
COR04372,SR,PZ0001,FDR-PZ0001-B,TSS-SR-01,False
COR01394,SR,PZ0002,FDR-PZ0002-A,TSS-SR-02,True
COR04531,SR,PZ0003,FDR-PZ0003-A,TSS-SR-03,True
COR04140,SR,PZ0004,FDR-PZ0004-B,TSS-SR-04,True
COR00959,SR,PZ0005,FDR-PZ0005-A,TSS-SR-05,True
COR00531,SR,PZ0006,FDR-PZ0006-A,TSS-SR-06,True
COR05766,SR,PZ0007,FDR-PZ0007-B,TSS-SR-07,True
COR03522,SR,PZ0008,FDR-PZ0008-A,TSS-SR-08,True
COR08423,SR,PZ0009,FDR-PZ0009-B,TSS-SR-09,False
COR08174,SR,PZ0010,FDR-PZ0010-A,TSS-SR-10,True
COR05021,SR,PZ0011,FDR-PZ0011-A,TSS-SR-11,True
COR02992,SR,PZ0012,FDR-PZ0012-B,TSS-SR-12,False
COR00950,SR,PZ0013,FDR-PZ0013-A,TSS-SR-13,True
COR04162,SR,PZ0014,FDR-PZ0014-B,TSS-SR-14,True
COR03040,SR,PZ0015,FDR-PZ0015-B,TSS-SR-15,True
COR04530,SR,PZ0016,FDR-PZ0016-A,TSS-SR-16,False
COR08016,SR,PZ0017,FDR-PZ0017-B,TSS-SR-17,True
COR04326,SR,PZ0018,FDR-PZ0018-A,TSS-SR-18,True
COR07550,SR,PZ0019,FDR-PZ0019-B,TSS-SR-19,True
COR02995,SR,PZ0020,FDR-PZ0020-A,TSS-SR-20,True
COR06149,SR,PZ0021,FDR-PZ0021-A,TSS-SR-21,False
COR04371,SR,PZ0022,FDR-PZ0022-B,TSS-SR-22,False
COR01407,SR,PZ0023,FDR-PZ0023-B,TSS-SR-23,True
COR07957,SR,PZ0024,FDR-PZ0024-A,TSS-SR-24,True
COR01277,SR,PZ0025,FDR-PZ0025-B,TSS-SR-25,True
COR04993,SR,PZ0026,FDR-PZ0026-B,TSS-SR-26,False
COR04127,SR,PZ0027,FDR-PZ0027-A,TSS-SR-27,True
COR02972,SR,PZ0028,FDR-PZ0028-B,TSS-SR-28,True
COR00943,SR,PZ0029,FDR-PZ0029-A,TSS-SR-29,True
COR01272,SR,PZ0030,FDR-PZ0030-A,TSS-SR-30,False
COR03519,SR,PZ0031,FDR-PZ0031-B,TSS-SR-31,False
COR03523,SR,PZ0032,FDR-PZ0032-B,TSS-SR-32,True
COR08118,SR,PZ0001,FDR-PZ0001-A,TSS-SR-01,True
COR08207,SR,PZ0002,FDR-PZ0002-B,TSS-SR-02,False
COR05750,SR,PZ0003,FDR-PZ0003-A,TSS-SR-03,True
COR03043,SR,PZ0004,FDR-PZ0004-A,TSS-SR-04,True
COR02976,SR,PZ0005,FDR-PZ0005-A,TSS-SR-05,True
COR05022,SR,PZ0006,FDR-PZ0006-A,TSS-SR-06,True
COR02897,SR,PZ0007,FDR-PZ0007-A,TSS-SR-07,True
COR08119,SR,PZ0008,FDR-PZ0008-A,TSS-SR-08,True
COR05024,SR,PZ0009,FDR-PZ0009-A,TSS-SR-09,False
COR01271,SR,PZ0010,FDR-PZ0010-B,TSS-SR-10,False
COR05758,SR,PZ0011,FDR-PZ0011-B,TSS-SR-11,True
COR01406,SR,PZ0012,FDR-PZ0012-A,TSS-SR-12,True
COR02974,SR,PZ0013,FDR-PZ0013-B,TSS-SR-13,False
COR04318,SR,PZ0014,FDR-PZ0014-A,TSS-SR-14,True
COR04377,SR,PZ0015,FDR-PZ0015-B,TSS-SR-15,True
COR04156,SR,PZ0016,FDR-PZ0016-B,TSS-SR-16,False
COR02157,SR,PZ0017,FDR-PZ0017-B,TSS-SR-17,False
COR03046,SR,PZ0018,FDR-PZ0018-A,TSS-SR-18,False
COR03338,SR,PZ0019,FDR-PZ0019-A,TSS-SR-19,False
COR03335,SR,PZ0020,FDR-PZ0020-A,TSS-SR-20,True
COR05764,SR,PZ0021,FDR-PZ0021-B,TSS-SR-21,True
COR05962,SR,PZ0022,FDR-PZ0022-A,TSS-SR-22,True
COR05012,SR,PZ0023,FDR-PZ0023-A,TSS-SR-23,True
COR02124,SR,PZ0024,FDR-PZ0024-A,TSS-SR-24,True
COR05210,SR,PZ0025,FDR-PZ0025-A,TSS-SR-25,False
COR03738,SR,PZ0026,FDR-PZ0026-A,TSS-SR-26,False
COR05953,SR,PZ0027,FDR-PZ0027-A,TSS-SR-27,False
COR02154,SR,PZ0028,FDR-PZ0028-B,TSS-SR-28,False
COR03068,SR,PZ0029,FDR-PZ0029-B,TSS-SR-29,True
COR04892,SR,PZ0030,FDR-PZ0030-B,TSS-SR-30,True
COR02780,SR,PZ0031,FDR-PZ0031-A,TSS-SR-31,True
COR04384,SR,PZ0032,FDR-PZ0032-A,TSS-SR-32,True
COR00540,SR,PZ0001,FDR-PZ0001-A,TSS-SR-01,False
COR00946,SR,PZ0002,FDR-PZ0002-B,TSS-SR-02,False
COR04989,SR,PZ0003,FDR-PZ0003-A,TSS-SR-03,True
COR08410,SR,PZ0004,FDR-PZ0004-B,TSS-SR-04,True
COR06143,SR,PZ0005,FDR-PZ0005-A,TSS-SR-05,False
COR03814,SR,PZ0006,FDR-PZ0006-B,TSS-SR-06,True
COR00948,SR,PZ0007,FDR-PZ0007-A,TSS-SR-07,False
COR05739,SR,PZ0008,FDR-PZ0008-A,TSS-SR-08,True
COR05757,SR,PZ0009,FDR-PZ0009-A,TSS-SR-09,True
COR05956,SR,PZ0010,FDR-PZ0010-B,TSS-SR-10,True
COR05747,SR,PZ0011,FDR-PZ0011-B,TSS-SR-11,True
COR03090,SR,PZ0012,FDR-PZ0012-A,TSS-SR-12,True
COR03344,SR,PZ0013,FDR-PZ0013-B,TSS-SR-13,True
COR00534,SR,PZ0014,FDR-PZ0014-B,TSS-SR-14,True
COR02784,SR,PZ0015,FDR-PZ0015-B,TSS-SR-15,True
COR06144,SR,PZ0016,FDR-PZ0016-A,TSS-SR-16,True
COR02148,SR,PZ0017,FDR-PZ0017-A,TSS-SR-17,True
COR02159,SR,PZ0018,FDR-PZ0018-B,TSS-SR-18,True
COR01370,SR,PZ0019,FDR-PZ0019-B,TSS-SR-19,True
COR02997,SR,PZ0020,FDR-PZ0020-B,TSS-SR-20,True
COR03069,SR,PZ0021,FDR-PZ0021-A,TSS-SR-21,True
COR04991,SR,PZ0022,FDR-PZ0022-B,TSS-SR-22,True
COR05763,SR,PZ0023,FDR-PZ0023-A,TSS-SR-23,True
COR02907,SR,PZ0024,FDR-PZ0024-B,TSS-SR-24,True
COR06147,SR,PZ0025,FDR-PZ0025-B,TSS-SR-25,False
COR03739,SR,PZ0026,FDR-PZ0026-B,TSS-SR-26,True
COR02970,SR,PZ0027,FDR-PZ0027-B,TSS-SR-27,False
COR08120,SR,PZ0028,FDR-PZ0028-B,TSS-SR-28,True
COR04002,SR,PZ0029,FDR-PZ0029-A,TSS-SR-29,False
COR01411,SR,PZ0030,FDR-PZ0030-B,TSS-SR-30,True
COR03805,SR,PZ0031,FDR-PZ0031-B,TSS-SR-31,True
COR06513,SR,PZ0032,FDR-PZ0032-A,TSS-SR-32,False
COR04141,SR,PZ0001,FDR-PZ0001-B,TSS-SR-01,False
COR06150,SR,PZ0002,FDR-PZ0002-B,TSS-SR-02,True
COR05006,SR,PZ0003,FDR-PZ0003-A,TSS-SR-03,True
COR05734,SR,PZ0004,FDR-PZ0004-B,TSS-SR-04,True
COR05961,SR,PZ0005,FDR-PZ0005-A,TSS-SR-05,True
COR03353,SR,PZ0006,FDR-PZ0006-A,TSS-SR-06,False
COR04534,SR,PZ0007,FDR-PZ0007-B,TSS-SR-07,False
COR08075,SR,PZ0008,FDR-PZ0008-B,TSS-SR-08,False
COR02168,SR,PZ0009,FDR-PZ0009-B,TSS-SR-09,True
COR01393,SR,PZ0010,FDR-PZ0010-A,TSS-SR-10,True
COR08420,SR,PZ0011,FDR-PZ0011-A,TSS-SR-11,False
COR05760,SR,PZ0012,FDR-PZ0012-B,TSS-SR-12,True
COR03047,SR,PZ0013,FDR-PZ0013-B,TSS-SR-13,True
COR03526,SR,PZ0014,FDR-PZ0014-B,TSS-SR-14,True
COR05753,SR,PZ0015,FDR-PZ0015-B,TSS-SR-15,True
COR01373,SR,PZ0016,FDR-PZ0016-A,TSS-SR-16,True
COR04147,SR,PZ0017,FDR-PZ0017-B,TSS-SR-17,True
COR03079,SR,PZ0018,FDR-PZ0018-B,TSS-SR-18,False
COR07324,SR,PZ0019,FDR-PZ0019-B,TSS-SR-19,True
COR00947,SR,PZ0020,FDR-PZ0020-A,TSS-SR-20,True
COR04322,SR,PZ0021,FDR-PZ0021-B,TSS-SR-21,True
COR03052,SR,PZ0022,FDR-PZ0022-B,TSS-SR-22,True
COR04129,SR,PZ0023,FDR-PZ0023-B,TSS-SR-23,True
COR00955,SR,PZ0024,FDR-PZ0024-B,TSS-SR-24,True
COR00952,SR,PZ0025,FDR-PZ0025-B,TSS-SR-25,True
COR05015,SR,PZ0026,FDR-PZ0026-A,TSS-SR-26,True
COR03310,SR,PZ0027,FDR-PZ0027-B,TSS-SR-27,True
COR04637,SR,PZ0028,FDR-PZ0028-B,TSS-SR-28,True
COR02156,SR,PZ0029,FDR-PZ0029-A,TSS-SR-29,True
COR00941,SR,PZ0030,FDR-PZ0030-B,TSS-SR-30,True
COR02155,SR,PZ0031,FDR-PZ0031-A,TSS-SR-31,False
COR03357,SR,PZ0032,FDR-PZ0032-A,TSS-SR-32,False
COR04126,SR,PZ0001,FDR-PZ0001-B,TSS-SR-01,True
COR05744,SR,PZ0002,FDR-PZ0002-A,TSS-SR-02,True
COR00543,SR,PZ0003,FDR-PZ0003-B,TSS-SR-03,True
COR05209,SR,PZ0004,FDR-PZ0004-A,TSS-SR-04,True
COR03520,SR,PZ0005,FDR-PZ0005-B,TSS-SR-05,False
COR00001,SR,PZ0006,FDR-PZ0006-B,TSS-SR-06,True
COR02742,SR,PZ0007,FDR-PZ0007-A,TSS-SR-07,True
COR04137,SR,PZ0008,FDR-PZ0008-B,TSS-SR-08,True
COR06315,SR,PZ0009,FDR-PZ0009-B,TSS-SR-09,True
COR08205,SR,PZ0010,FDR-PZ0010-A,TSS-SR-10,True
COR05735,SR,PZ0011,FDR-PZ0011-A,TSS-SR-11,True
COR03348,SR,PZ0012,FDR-PZ0012-B,TSS-SR-12,False
COR02123,SR,PZ0013,FDR-PZ0013-A,TSS-SR-13,True
COR05729,SR,PZ0014,FDR-PZ0014-B,TSS-SR-14,True
COR02898,SR,PZ0015,FDR-PZ0015-A,TSS-SR-15,False
COR05436,SR,PZ0016,FDR-PZ0016-B,TSS-SR-16,True
COR05823,SR,PZ0017,FDR-PZ0017-B,TSS-SR-17,True
COR00527,SR,PZ0018,FDR-PZ0018-A,TSS-SR-18,False
COR06721,SR,PZ0019,FDR-PZ0019-B,TSS-SR-19,True
COR02738,SR,PZ0020,FDR-PZ0020-B,TSS-SR-20,False
COR04533,SR,PZ0021,FDR-PZ0021-B,TSS-SR-21,True
COR07609,SR,PZ0022,FDR-PZ0022-A,TSS-SR-22,True
COR08422,SR,PZ0023,FDR-PZ0023-B,TSS-SR-23,False
COR08122,SR,PZ0024,FDR-PZ0024-A,TSS-SR-24,True
COR06318,SR,PZ0025,FDR-PZ0025-A,TSS-SR-25,False
COR02150,SR,PZ0026,FDR-PZ0026-A,TSS-SR-26,True
COR00535,SR,PZ0027,FDR-PZ0027-A,TSS-SR-27,False
COR03061,SR,PZ0028,FDR-PZ0028-A,TSS-SR-28,False
COR05010,SR,PZ0029,FDR-PZ0029-A,TSS-SR-29,True
COR04145,SR,PZ0030,FDR-PZ0030-B,TSS-SR-30,True
COR04149,SR,PZ0031,FDR-PZ0031-A,TSS-SR-31,True
COR01374,SR,PZ0032,FDR-PZ0032-A,TSS-SR-32,True
COR08123,SR,PZ0001,FDR-PZ0001-B,TSS-SR-01,False
COR08124,SR,PZ0002,FDR-PZ0002-B,TSS-SR-02,True
COR02733,SR,PZ0003,FDR-PZ0003-B,TSS-SR-03,False
COR02127,SR,PZ0004,FDR-PZ0004-A,TSS-SR-04,True
COR01270,SR,PZ0005,FDR-PZ0005-B,TSS-SR-05,True
COR01402,SR,PZ0006,FDR-PZ0006-B,TSS-SR-06,True
COR05214,SR,PZ0007,FDR-PZ0007-B,TSS-SR-07,True
COR05731,SR,PZ0008,FDR-PZ0008-A,TSS-SR-08,False
COR02193,SR,PZ0009,FDR-PZ0009-A,TSS-SR-09,True
COR06148,SR,PZ0010,FDR-PZ0010-A,TSS-SR-10,False
COR07608,SR,PZ0011,FDR-PZ0011-A,TSS-SR-11,True
COR04163,SR,PZ0012,FDR-PZ0012-A,TSS-SR-12,True
COR04382,SR,PZ0013,FDR-PZ0013-A,TSS-SR-13,True
COR03076,SR,PZ0014,FDR-PZ0014-B,TSS-SR-14,False
COR05761,SR,PZ0015,FDR-PZ0015-B,TSS-SR-15,True
COR03056,SR,PZ0016,FDR-PZ0016-B,TSS-SR-16,True
COR08417,SR,PZ0017,FDR-PZ0017-B,TSS-SR-17,True
COR03078,SR,PZ0018,FDR-PZ0018-A,TSS-SR-18,True
COR02198,SR,PZ0019,FDR-PZ0019-A,TSS-SR-19,True
COR05000,SR,PZ0020,FDR-PZ0020-A,TSS-SR-20,True
COR04160,SR,PZ0021,FDR-PZ0021-B,TSS-SR-21,False
COR05435,SR,PZ0022,FDR-PZ0022-A,TSS-SR-22,False
COR02983,SR,PZ0023,FDR-PZ0023-A,TSS-SR-23,True
COR03511,SR,PZ0024,FDR-PZ0024-B,TSS-SR-24,True
COR02982,SR,PZ0025,FDR-PZ0025-B,TSS-SR-25,True
COR01376,SR,PZ0026,FDR-PZ0026-A,TSS-SR-26,True
COR03081,SR,PZ0027,FDR-PZ0027-B,TSS-SR-27,True
COR04315,SR,PZ0028,FDR-PZ0028-B,TSS-SR-28,True
COR03512,SR,PZ0029,FDR-PZ0029-B,TSS-SR-29,True
COR08411,SR,PZ0030,FDR-PZ0030-A,TSS-SR-30,True
COR03000,SR,PZ0031,FDR-PZ0031-A,TSS-SR-31,True
COR01279,SR,PZ0032,FDR-PZ0032-B,TSS-SR-32,True
COR03521,SR,PZ0001,FDR-PZ0001-B,TSS-SR-01,True
COR02990,SR,PZ0002,FDR-PZ0002-B,TSS-SR-02,False
COR05963,SR,PZ0003,FDR-PZ0003-B,TSS-SR-03,True
COR03083,SR,PZ0004,FDR-PZ0004-B,TSS-SR-04,False
COR04143,SR,PZ0005,FDR-PZ0005-A,TSS-SR-05,False
COR05004,SR,PZ0006,FDR-PZ0006-A,TSS-SR-06,True
COR02744,SR,PZ0007,FDR-PZ0007-B,TSS-SR-07,True
COR08419,SR,PZ0008,FDR-PZ0008-B,TSS-SR-08,True
COR05756,SR,PZ0009,FDR-PZ0009-A,TSS-SR-09,True
COR02786,SR,PZ0010,FDR-PZ0010-B,TSS-SR-10,False
COR01382,SR,PZ0011,FDR-PZ0011-B,TSS-SR-11,True
COR03080,SR,PZ0012,FDR-PZ0012-A,TSS-SR-12,False
COR02980,SR,PZ0013,FDR-PZ0013-B,TSS-SR-13,True
COR03815,SR,PZ0014,FDR-PZ0014-A,TSS-SR-14,True
COR04134,SR,PZ0015,FDR-PZ0015-B,TSS-SR-15,True
COR02743,SR,PZ0016,FDR-PZ0016-B,TSS-SR-16,True
COR04128,SR,PZ0017,FDR-PZ0017-A,TSS-SR-17,False
COR04995,SR,PZ0018,FDR-PZ0018-B,TSS-SR-18,False
COR08121,SR,PZ0019,FDR-PZ0019-A,TSS-SR-19,True
COR08079,SR,PZ0020,FDR-PZ0020-A,TSS-SR-20,True
COR01412,SR,PZ0021,FDR-PZ0021-B,TSS-SR-21,True
COR08235,SR,PZ0022,FDR-PZ0022-B,TSS-SR-22,True
COR01390,SR,PZ0023,FDR-PZ0023-A,TSS-SR-23,False
COR03339,SR,PZ0024,FDR-PZ0024-B,TSS-SR-24,True
COR02999,SR,PZ0025,FDR-PZ0025-B,TSS-SR-25,True
COR00958,SR,PZ0026,FDR-PZ0026-B,TSS-SR-26,True
COR01380,SR,PZ0027,FDR-PZ0027-B,TSS-SR-27,True
COR02945,SR,PZ0028,FDR-PZ0028-A,TSS-SR-28,True
COR06382,SR,PZ0029,FDR-PZ0029-B,TSS-SR-29,True
COR04007,SR,PZ0030,FDR-PZ0030-B,TSS-SR-30,False
COR03343,SR,PZ0031,FDR-PZ0031-B,TSS-SR-31,False
COR05958,SR,PZ0032,FDR-PZ0032-A,TSS-SR-32,True
COR01389,SR,PZ0001,FDR-PZ0001-A,TSS-SR-01,True
COR04142,SR,PZ0002,FDR-PZ0002-B,TSS-SR-02,True
COR02160,SR,PZ0003,FDR-PZ0003-B,TSS-SR-03,False
COR05759,SR,PZ0004,FDR-PZ0004-A,TSS-SR-04,True
COR05001,SR,PZ0005,FDR-PZ0005-B,TSS-SR-05,True
COR00956,SR,PZ0006,FDR-PZ0006-A,TSS-SR-06,True
COR03077,SR,PZ0007,FDR-PZ0007-B,TSS-SR-07,False
COR03804,SR,PZ0008,FDR-PZ0008-B,TSS-SR-08,True
COR04004,SR,PZ0009,FDR-PZ0009-A,TSS-SR-09,True
COR01408,SR,PZ0010,FDR-PZ0010-B,TSS-SR-10,True
COR04144,SR,PZ0011,FDR-PZ0011-B,TSS-SR-11,True
COR01403,SR,PZ0012,FDR-PZ0012-B,TSS-SR-12,True
COR08416,SR,PZ0013,FDR-PZ0013-B,TSS-SR-13,True
COR03740,SR,PZ0014,FDR-PZ0014-A,TSS-SR-14,True
COR02986,SR,PZ0015,FDR-PZ0015-A,TSS-SR-15,False
COR02736,SR,PZ0016,FDR-PZ0016-B,TSS-SR-16,False
COR08126,SR,PZ0017,FDR-PZ0017-A,TSS-SR-17,True
COR03744,SR,PZ0018,FDR-PZ0018-B,TSS-SR-18,False
COR08412,SR,PZ0019,FDR-PZ0019-A,TSS-SR-19,True
COR02740,SR,PZ0020,FDR-PZ0020-B,TSS-SR-20,True
COR00530,SR,PZ0021,FDR-PZ0021-B,TSS-SR-21,True
COR03091,SR,PZ0022,FDR-PZ0022-A,TSS-SR-22,True
COR07606,SR,PZ0023,FDR-PZ0023-A,TSS-SR-23,True
COR04990,SR,PZ0024,FDR-PZ0024-B,TSS-SR-24,True
COR02991,SR,PZ0025,FDR-PZ0025-A,TSS-SR-25,True
COR04373,SR,PZ0026,FDR-PZ0026-A,TSS-SR-26,True
COR08415,SR,PZ0027,FDR-PZ0027-B,TSS-SR-27,False
COR02969,SR,PZ0028,FDR-PZ0028-A,TSS-SR-28,True
COR06145,SR,PZ0029,FDR-PZ0029-A,TSS-SR-29,True
COR00939,SR,PZ0030,FDR-PZ0030-B,TSS-SR-30,True
COR08077,SR,PZ0031,FDR-PZ0031-B,TSS-SR-31,False
COR05727,SR,PZ0032,FDR-PZ0032-B,TSS-SR-32,False
COR03042,SR,PZ0001,FDR-PZ0001-B,TSS-SR-01,True
COR02989,SR,PZ0002,FDR-PZ0002-B,TSS-SR-02,True
COR01404,SR,PZ0003,FDR-PZ0003-A,TSS-SR-03,False
COR00942,SR,PZ0004,FDR-PZ0004-B,TSS-SR-04,True
COR00944,SR,PZ0005,FDR-PZ0005-A,TSS-SR-05,False
COR04376,SR,PZ0006,FDR-PZ0006-B,TSS-SR-06,False
COR07607,SR,PZ0007,FDR-PZ0007-A,TSS-SR-07,True
COR01398,SR,PZ0008,FDR-PZ0008-B,TSS-SR-08,True
COR05949,SR,PZ0009,FDR-PZ0009-B,TSS-SR-09,True
COR01413,SR,PZ0010,FDR-PZ0010-B,TSS-SR-10,True
COR02194,SR,PZ0011,FDR-PZ0011-B,TSS-SR-11,False
COR02994,SR,PZ0012,FDR-PZ0012-B,TSS-SR-12,False
COR03054,SR,PZ0013,FDR-PZ0013-A,TSS-SR-13,True
COR03088,SR,PZ0014,FDR-PZ0014-B,TSS-SR-14,False
COR00549,SR,PZ0015,FDR-PZ0015-A,TSS-SR-15,True
COR02129,SR,PZ0016,FDR-PZ0016-B,TSS-SR-16,True
COR08421,SR,PZ0017,FDR-PZ0017-B,TSS-SR-17,True
COR00033,WR,PZ0033,FDR-PZ0033-B,TSS-WR-01,True
COR04008,WR,PZ0034,FDR-PZ0034-B,TSS-WR-02,True
COR00002,WR,PZ0035,FDR-PZ0035-B,TSS-WR-03,True
COR05898,WR,PZ0036,FDR-PZ0036-B,TSS-WR-04,True
COR02381,WR,PZ0037,FDR-PZ0037-A,TSS-WR-05,False
COR06697,WR,PZ0038,FDR-PZ0038-A,TSS-WR-06,True
COR06463,WR,PZ0039,FDR-PZ0039-B,TSS-WR-07,True
COR05332,WR,PZ0040,FDR-PZ0040-B,TSS-WR-08,False
COR06789,WR,PZ0041,FDR-PZ0041-B,TSS-WR-09,True
COR02815,WR,PZ0042,FDR-PZ0042-B,TSS-WR-10,False
COR02797,WR,PZ0043,FDR-PZ0043-B,TSS-WR-11,True
COR02813,WR,PZ0044,FDR-PZ0044-B,TSS-WR-12,True
COR02392,WR,PZ0045,FDR-PZ0045-A,TSS-WR-13,True
COR08389,WR,PZ0046,FDR-PZ0046-B,TSS-WR-14,False
COR07300,WR,PZ0047,FDR-PZ0047-A,TSS-WR-15,True
COR00035,WR,PZ0048,FDR-PZ0048-B,TSS-WR-16,True
COR01356,WR,PZ0049,FDR-PZ0049-A,TSS-WR-17,True
COR05782,WR,PZ0050,FDR-PZ0050-A,TSS-WR-18,False
COR06166,WR,PZ0051,FDR-PZ0051-B,TSS-WR-19,True
COR06920,WR,PZ0052,FDR-PZ0052-A,TSS-WR-20,False
COR00680,WR,PZ0053,FDR-PZ0053-B,TSS-WR-21,True
COR08457,WR,PZ0054,FDR-PZ0054-B,TSS-WR-22,True
COR06379,WR,PZ0055,FDR-PZ0055-B,TSS-WR-23,True
COR07062,WR,PZ0056,FDR-PZ0056-B,TSS-WR-24,True
COR06735,WR,PZ0057,FDR-PZ0057-A,TSS-WR-25,True
COR02835,WR,PZ0058,FDR-PZ0058-B,TSS-WR-26,True
COR01982,WR,PZ0059,FDR-PZ0059-A,TSS-WR-27,True
COR02349,WR,PZ0060,FDR-PZ0060-A,TSS-WR-28,True
COR02791,WR,PZ0061,FDR-PZ0061-A,TSS-WR-29,True
COR08034,WR,PZ0062,FDR-PZ0062-A,TSS-WR-30,True
COR06628,WR,PZ0063,FDR-PZ0063-A,TSS-WR-31,True
COR00022,WR,PZ0064,FDR-PZ0064-B,TSS-WR-32,True
COR03225,WR,PZ0065,FDR-PZ0065-B,TSS-WR-33,False
COR06464,WR,PZ0066,FDR-PZ0066-B,TSS-WR-34,True
COR07804,WR,PZ0067,FDR-PZ0067-B,TSS-WR-35,True
COR03934,WR,PZ0068,FDR-PZ0068-B,TSS-WR-36,True
COR08302,WR,PZ0069,FDR-PZ0069-A,TSS-WR-37,True
COR07948,WR,PZ0070,FDR-PZ0070-B,TSS-WR-38,False
COR04028,WR,PZ0071,FDR-PZ0071-A,TSS-WR-39,True
COR06163,WR,PZ0072,FDR-PZ0072-A,TSS-WR-40,True
COR02829,WR,PZ0073,FDR-PZ0073-A,TSS-WR-41,True
COR05791,WR,PZ0074,FDR-PZ0074-A,TSS-WR-42,True
COR08459,WR,PZ0075,FDR-PZ0075-A,TSS-WR-43,True
COR02806,WR,PZ0076,FDR-PZ0076-A,TSS-WR-44,True
COR00671,WR,PZ0077,FDR-PZ0077-A,TSS-WR-45,False
COR08040,WR,PZ0078,FDR-PZ0078-B,TSS-WR-46,False
COR01448,WR,PZ0079,FDR-PZ0079-A,TSS-WR-47,False
COR03203,WR,PZ0080,FDR-PZ0080-A,TSS-WR-48,False
COR00366,WR,PZ0081,FDR-PZ0081-B,TSS-WR-49,True
COR06164,WR,PZ0082,FDR-PZ0082-B,TSS-WR-50,True
COR00710,WR,PZ0083,FDR-PZ0083-A,TSS-WR-51,True
COR08341,WR,PZ0033,FDR-PZ0033-A,TSS-WR-01,True
COR05997,WR,PZ0034,FDR-PZ0034-B,TSS-WR-02,False
COR07040,WR,PZ0035,FDR-PZ0035-A,TSS-WR-03,False
COR07157,WR,PZ0036,FDR-PZ0036-B,TSS-WR-04,True
COR05991,WR,PZ0037,FDR-PZ0037-A,TSS-WR-05,True
COR02881,WR,PZ0038,FDR-PZ0038-B,TSS-WR-06,True
COR00021,WR,PZ0039,FDR-PZ0039-A,TSS-WR-07,True
COR06331,WR,PZ0040,FDR-PZ0040-A,TSS-WR-08,True
COR06105,WR,PZ0041,FDR-PZ0041-A,TSS-WR-09,True
COR00043,WR,PZ0042,FDR-PZ0042-A,TSS-WR-10,False
COR06685,WR,PZ0043,FDR-PZ0043-B,TSS-WR-11,True
COR00847,WR,PZ0044,FDR-PZ0044-B,TSS-WR-12,True
COR06378,WR,PZ0045,FDR-PZ0045-A,TSS-WR-13,False
COR06065,WR,PZ0046,FDR-PZ0046-A,TSS-WR-14,True
COR03732,WR,PZ0047,FDR-PZ0047-A,TSS-WR-15,True
COR06695,WR,PZ0048,FDR-PZ0048-A,TSS-WR-16,True
COR03210,WR,PZ0049,FDR-PZ0049-A,TSS-WR-17,False
COR00713,WR,PZ0050,FDR-PZ0050-B,TSS-WR-18,True
COR06110,WR,PZ0051,FDR-PZ0051-B,TSS-WR-19,True
COR08548,WR,PZ0052,FDR-PZ0052-B,TSS-WR-20,True
COR05996,WR,PZ0053,FDR-PZ0053-A,TSS-WR-21,True
COR07891,WR,PZ0054,FDR-PZ0054-B,TSS-WR-22,True
COR06860,WR,PZ0055,FDR-PZ0055-A,TSS-WR-23,False
COR07158,WR,PZ0056,FDR-PZ0056-A,TSS-WR-24,True
COR07750,WR,PZ0057,FDR-PZ0057-B,TSS-WR-25,True
COR02823,WR,PZ0058,FDR-PZ0058-A,TSS-WR-26,True
COR04424,WR,PZ0059,FDR-PZ0059-B,TSS-WR-27,True
COR06434,WR,PZ0060,FDR-PZ0060-A,TSS-WR-28,True
COR07413,WR,PZ0061,FDR-PZ0061-A,TSS-WR-29,False
COR00697,WR,PZ0062,FDR-PZ0062-A,TSS-WR-30,True
COR05909,WR,PZ0063,FDR-PZ0063-A,TSS-WR-31,True
COR01983,WR,PZ0064,FDR-PZ0064-A,TSS-WR-32,True
COR05792,WR,PZ0065,FDR-PZ0065-A,TSS-WR-33,True
COR02383,WR,PZ0066,FDR-PZ0066-A,TSS-WR-34,True
COR04985,WR,PZ0067,FDR-PZ0067-B,TSS-WR-35,True
COR02793,WR,PZ0068,FDR-PZ0068-B,TSS-WR-36,True
COR00361,WR,PZ0069,FDR-PZ0069-A,TSS-WR-37,True
COR00012,WR,PZ0070,FDR-PZ0070-B,TSS-WR-38,True
COR01967,WR,PZ0071,FDR-PZ0071-A,TSS-WR-39,False
COR06142,WR,PZ0072,FDR-PZ0072-A,TSS-WR-40,True
COR06449,WR,PZ0073,FDR-PZ0073-B,TSS-WR-41,True
COR00724,WR,PZ0074,FDR-PZ0074-A,TSS-WR-42,True
COR08358,WR,PZ0075,FDR-PZ0075-A,TSS-WR-43,True
COR00679,WR,PZ0076,FDR-PZ0076-B,TSS-WR-44,True
COR04746,WR,PZ0077,FDR-PZ0077-A,TSS-WR-45,True
COR08035,WR,PZ0078,FDR-PZ0078-B,TSS-WR-46,False
COR07085,WR,PZ0079,FDR-PZ0079-A,TSS-WR-47,True
COR06140,WR,PZ0080,FDR-PZ0080-A,TSS-WR-48,True
COR00066,WR,PZ0081,FDR-PZ0081-A,TSS-WR-49,True
COR06106,WR,PZ0082,FDR-PZ0082-B,TSS-WR-50,True
COR06859,WR,PZ0083,FDR-PZ0083-A,TSS-WR-51,True
COR07060,WR,PZ0033,FDR-PZ0033-A,TSS-WR-01,True
COR00688,WR,PZ0034,FDR-PZ0034-B,TSS-WR-02,True
COR02520,WR,PZ0035,FDR-PZ0035-A,TSS-WR-03,True
COR03326,WR,PZ0036,FDR-PZ0036-B,TSS-WR-04,True
COR06160,WR,PZ0037,FDR-PZ0037-A,TSS-WR-05,True
COR03239,WR,PZ0038,FDR-PZ0038-A,TSS-WR-06,True
COR01969,WR,PZ0039,FDR-PZ0039-A,TSS-WR-07,True
COR07061,WR,PZ0040,FDR-PZ0040-A,TSS-WR-08,False
COR02387,WR,PZ0041,FDR-PZ0041-A,TSS-WR-09,False
COR07084,WR,PZ0042,FDR-PZ0042-B,TSS-WR-10,False
COR05297,WR,PZ0043,FDR-PZ0043-B,TSS-WR-11,True
COR02341,WR,PZ0044,FDR-PZ0044-B,TSS-WR-12,True
COR06618,WR,PZ0045,FDR-PZ0045-A,TSS-WR-13,True
COR02410,WR,PZ0046,FDR-PZ0046-B,TSS-WR-14,True
COR02384,WR,PZ0047,FDR-PZ0047-A,TSS-WR-15,True
COR02420,WR,PZ0048,FDR-PZ0048-B,TSS-WR-16,False
COR05294,WR,PZ0049,FDR-PZ0049-A,TSS-WR-17,True
COR05094,WR,PZ0050,FDR-PZ0050-A,TSS-WR-18,True
COR00723,WR,PZ0051,FDR-PZ0051-B,TSS-WR-19,True
COR05334,WR,PZ0052,FDR-PZ0052-B,TSS-WR-20,True
COR06624,WR,PZ0053,FDR-PZ0053-A,TSS-WR-21,False
COR02380,WR,PZ0054,FDR-PZ0054-A,TSS-WR-22,False
COR06456,WR,PZ0055,FDR-PZ0055-B,TSS-WR-23,False
COR07308,WR,PZ0056,FDR-PZ0056-B,TSS-WR-24,True
COR02409,WR,PZ0057,FDR-PZ0057-A,TSS-WR-25,True
COR08007,WR,PZ0058,FDR-PZ0058-A,TSS-WR-26,False
COR02399,WR,PZ0059,FDR-PZ0059-A,TSS-WR-27,True
COR03705,WR,PZ0060,FDR-PZ0060-A,TSS-WR-28,True
COR04987,WR,PZ0061,FDR-PZ0061-A,TSS-WR-29,False
COR06457,WR,PZ0062,FDR-PZ0062-B,TSS-WR-30,True
COR03233,WR,PZ0063,FDR-PZ0063-B,TSS-WR-31,True
COR01990,WR,PZ0064,FDR-PZ0064-A,TSS-WR-32,True
COR07890,WR,PZ0065,FDR-PZ0065-A,TSS-WR-33,True
COR03731,WR,PZ0066,FDR-PZ0066-B,TSS-WR-34,True
COR06138,WR,PZ0067,FDR-PZ0067-A,TSS-WR-35,True
COR06162,WR,PZ0068,FDR-PZ0068-A,TSS-WR-36,True
COR00032,WR,PZ0069,FDR-PZ0069-B,TSS-WR-37,False
COR08037,WR,PZ0070,FDR-PZ0070-B,TSS-WR-38,True
COR08041,WR,PZ0071,FDR-PZ0071-B,TSS-WR-39,True
COR06454,WR,PZ0072,FDR-PZ0072-B,TSS-WR-40,True
COR02415,WR,PZ0073,FDR-PZ0073-A,TSS-WR-41,True
COR08387,WR,PZ0074,FDR-PZ0074-A,TSS-WR-42,True
COR08547,WR,PZ0075,FDR-PZ0075-A,TSS-WR-43,True
COR02423,WR,PZ0076,FDR-PZ0076-B,TSS-WR-44,True
COR06629,WR,PZ0077,FDR-PZ0077-B,TSS-WR-45,False
COR07949,WR,PZ0078,FDR-PZ0078-A,TSS-WR-46,True
COR06455,WR,PZ0079,FDR-PZ0079-B,TSS-WR-47,True
COR04978,WR,PZ0080,FDR-PZ0080-A,TSS-WR-48,True
COR05275,WR,PZ0081,FDR-PZ0081-B,TSS-WR-49,False
COR07033,WR,PZ0082,FDR-PZ0082-A,TSS-WR-50,True
COR00704,WR,PZ0083,FDR-PZ0083-B,TSS-WR-51,True
COR07206,WR,PZ0033,FDR-PZ0033-A,TSS-WR-01,False
COR05277,WR,PZ0034,FDR-PZ0034-B,TSS-WR-02,True
COR04817,WR,PZ0035,FDR-PZ0035-B,TSS-WR-03,True
COR05908,WR,PZ0036,FDR-PZ0036-A,TSS-WR-04,True
COR07075,WR,PZ0037,FDR-PZ0037-B,TSS-WR-05,False
COR07038,WR,PZ0038,FDR-PZ0038-A,TSS-WR-06,True
COR06424,WR,PZ0039,FDR-PZ0039-A,TSS-WR-07,False
COR02816,WR,PZ0040,FDR-PZ0040-A,TSS-WR-08,True
COR06703,WR,PZ0041,FDR-PZ0041-A,TSS-WR-09,False
COR04708,WR,PZ0042,FDR-PZ0042-A,TSS-WR-10,True
COR07301,WR,PZ0043,FDR-PZ0043-B,TSS-WR-11,True
COR08128,WR,PZ0044,FDR-PZ0044-A,TSS-WR-12,True
COR07077,WR,PZ0045,FDR-PZ0045-B,TSS-WR-13,False
COR02796,WR,PZ0046,FDR-PZ0046-A,TSS-WR-14,True
COR00003,WR,PZ0047,FDR-PZ0047-A,TSS-WR-15,True
COR00674,WR,PZ0048,FDR-PZ0048-B,TSS-WR-16,False
COR01366,WR,PZ0049,FDR-PZ0049-A,TSS-WR-17,False
COR03224,WR,PZ0050,FDR-PZ0050-B,TSS-WR-18,True
COR01747,WR,PZ0051,FDR-PZ0051-B,TSS-WR-19,True
COR06745,WR,PZ0052,FDR-PZ0052-B,TSS-WR-20,False
COR07586,WR,PZ0053,FDR-PZ0053-B,TSS-WR-21,True
COR00009,WR,PZ0054,FDR-PZ0054-B,TSS-WR-22,True
COR00676,WR,PZ0055,FDR-PZ0055-A,TSS-WR-23,True
COR00685,WR,PZ0056,FDR-PZ0056-A,TSS-WR-24,True
COR02799,WR,PZ0057,FDR-PZ0057-B,TSS-WR-25,False
COR05899,WR,PZ0058,FDR-PZ0058-A,TSS-WR-26,True
COR08304,WR,PZ0059,FDR-PZ0059-A,TSS-WR-27,True
COR07037,WR,PZ0060,FDR-PZ0060-B,TSS-WR-28,True
COR07034,WR,PZ0061,FDR-PZ0061-B,TSS-WR-29,True
COR06623,WR,PZ0062,FDR-PZ0062-B,TSS-WR-30,True
COR06167,WR,PZ0063,FDR-PZ0063-B,TSS-WR-31,True
COR08359,WR,PZ0064,FDR-PZ0064-A,TSS-WR-32,True
COR05331,WR,PZ0065,FDR-PZ0065-A,TSS-WR-33,False
COR02407,WR,PZ0066,FDR-PZ0066-B,TSS-WR-34,True
COR00497,WR,PZ0067,FDR-PZ0067-B,TSS-WR-35,True
COR07159,WR,PZ0068,FDR-PZ0068-B,TSS-WR-36,True
COR04033,WR,PZ0069,FDR-PZ0069-A,TSS-WR-37,True
COR03198,WR,PZ0070,FDR-PZ0070-A,TSS-WR-38,True
COR02807,WR,PZ0071,FDR-PZ0071-B,TSS-WR-39,True
COR06737,WR,PZ0072,FDR-PZ0072-B,TSS-WR-40,True
COR07596,WR,PZ0073,FDR-PZ0073-A,TSS-WR-41,False
COR05485,WR,PZ0074,FDR-PZ0074-A,TSS-WR-42,True
COR02883,WR,PZ0075,FDR-PZ0075-A,TSS-WR-43,True
COR07592,WR,PZ0076,FDR-PZ0076-A,TSS-WR-44,False
COR01346,WR,PZ0077,FDR-PZ0077-A,TSS-WR-45,True
COR01968,WR,PZ0078,FDR-PZ0078-B,TSS-WR-46,True
COR08307,WR,PZ0079,FDR-PZ0079-A,TSS-WR-47,True
COR02837,WR,PZ0080,FDR-PZ0080-B,TSS-WR-48,False
COR06919,WR,PZ0081,FDR-PZ0081-B,TSS-WR-49,False
COR08031,WR,PZ0082,FDR-PZ0082-A,TSS-WR-50,True
COR07153,WR,PZ0083,FDR-PZ0083-B,TSS-WR-51,False
COR07076,WR,PZ0033,FDR-PZ0033-A,TSS-WR-01,True
COR00395,WR,PZ0034,FDR-PZ0034-A,TSS-WR-02,False
COR06682,WR,PZ0035,FDR-PZ0035-B,TSS-WR-03,True
COR01359,WR,PZ0036,FDR-PZ0036-A,TSS-WR-04,True
COR02348,WR,PZ0037,FDR-PZ0037-A,TSS-WR-05,True
COR00687,WR,PZ0038,FDR-PZ0038-A,TSS-WR-06,True
COR00026,WR,PZ0039,FDR-PZ0039-B,TSS-WR-07,True
COR06718,WR,PZ0040,FDR-PZ0040-A,TSS-WR-08,False
COR04824,WR,PZ0041,FDR-PZ0041-B,TSS-WR-09,True
COR07594,WR,PZ0042,FDR-PZ0042-B,TSS-WR-10,True
COR00712,WR,PZ0043,FDR-PZ0043-A,TSS-WR-11,True
COR06060,WR,PZ0044,FDR-PZ0044-A,TSS-WR-12,False
COR05897,WR,PZ0045,FDR-PZ0045-B,TSS-WR-13,False
COR03237,WR,PZ0046,FDR-PZ0046-B,TSS-WR-14,True
COR05785,WR,PZ0047,FDR-PZ0047-B,TSS-WR-15,True
COR07089,WR,PZ0048,FDR-PZ0048-B,TSS-WR-16,True
COR00502,WR,PZ0049,FDR-PZ0049-A,TSS-WR-17,False
COR00038,WR,PZ0050,FDR-PZ0050-B,TSS-WR-18,False
COR06432,WR,PZ0051,FDR-PZ0051-B,TSS-WR-19,True
COR01836,WR,PZ0052,FDR-PZ0052-A,TSS-WR-20,True
COR00031,WR,PZ0053,FDR-PZ0053-B,TSS-WR-21,True
COR04818,WR,PZ0054,FDR-PZ0054-A,TSS-WR-22,True
COR04027,WR,PZ0055,FDR-PZ0055-B,TSS-WR-23,True
COR00364,WR,PZ0056,FDR-PZ0056-A,TSS-WR-24,False
COR00028,WR,PZ0057,FDR-PZ0057-B,TSS-WR-25,False
COR07152,WR,PZ0058,FDR-PZ0058-A,TSS-WR-26,True
COR02831,WR,PZ0059,FDR-PZ0059-B,TSS-WR-27,False
COR07753,WR,PZ0060,FDR-PZ0060-A,TSS-WR-28,True
COR04009,WR,PZ0061,FDR-PZ0061-A,TSS-WR-29,False
COR04914,WR,PZ0062,FDR-PZ0062-A,TSS-WR-30,True
COR02320,WR,PZ0063,FDR-PZ0063-A,TSS-WR-31,True
COR00838,WR,PZ0064,FDR-PZ0064-B,TSS-WR-32,True
COR05788,WR,PZ0065,FDR-PZ0065-A,TSS-WR-33,False
COR02832,WR,PZ0066,FDR-PZ0066-B,TSS-WR-34,True
COR03420,WR,PZ0067,FDR-PZ0067-B,TSS-WR-35,True
COR08052,WR,PZ0068,FDR-PZ0068-A,TSS-WR-36,True
COR03197,WR,PZ0069,FDR-PZ0069-A,TSS-WR-37,True
COR07087,WR,PZ0070,FDR-PZ0070-A,TSS-WR-38,True
COR06551,WR,PZ0071,FDR-PZ0071-B,TSS-WR-39,False
COR06169,WR,PZ0072,FDR-PZ0072-B,TSS-WR-40,True
COR01357,WR,PZ0073,FDR-PZ0073-B,TSS-WR-41,True
COR00727,WR,PZ0074,FDR-PZ0074-B,TSS-WR-42,True
COR00721,WR,PZ0075,FDR-PZ0075-B,TSS-WR-43,False
COR00711,WR,PZ0076,FDR-PZ0076-A,TSS-WR-44,True
COR01452,WR,PZ0077,FDR-PZ0077-A,TSS-WR-45,False
COR06704,WR,PZ0078,FDR-PZ0078-A,TSS-WR-46,True
COR07035,WR,PZ0079,FDR-PZ0079-B,TSS-WR-47,True
COR00355,WR,PZ0080,FDR-PZ0080-A,TSS-WR-48,True
COR00027,WR,PZ0081,FDR-PZ0081-A,TSS-WR-49,False
COR05200,WR,PZ0082,FDR-PZ0082-A,TSS-WR-50,True
COR03423,WR,PZ0083,FDR-PZ0083-A,TSS-WR-51,True
COR02424,WR,PZ0033,FDR-PZ0033-B,TSS-WR-01,True
COR03932,WR,PZ0034,FDR-PZ0034-B,TSS-WR-02,False
COR08049,WR,PZ0035,FDR-PZ0035-A,TSS-WR-03,True
COR07921,WR,PZ0036,FDR-PZ0036-B,TSS-WR-04,True
COR03728,WR,PZ0037,FDR-PZ0037-A,TSS-WR-05,True
COR06743,WR,PZ0038,FDR-PZ0038-A,TSS-WR-06,True
COR00706,WR,PZ0039,FDR-PZ0039-B,TSS-WR-07,True
COR00057,WR,PZ0040,FDR-PZ0040-B,TSS-WR-08,True
COR02827,WR,PZ0041,FDR-PZ0041-A,TSS-WR-09,True
COR07593,WR,PZ0042,FDR-PZ0042-B,TSS-WR-10,True
COR00020,WR,PZ0043,FDR-PZ0043-B,TSS-WR-11,True
COR01838,WR,PZ0044,FDR-PZ0044-A,TSS-WR-12,True
COR02343,WR,PZ0045,FDR-PZ0045-B,TSS-WR-13,True
COR01746,WR,PZ0046,FDR-PZ0046-A,TSS-WR-14,True
COR07414,WR,PZ0047,FDR-PZ0047-B,TSS-WR-15,False
COR03153,WR,PZ0048,FDR-PZ0048-B,TSS-WR-16,False
COR07036,WR,PZ0049,FDR-PZ0049-B,TSS-WR-17,False
COR06376,WR,PZ0050,FDR-PZ0050-B,TSS-WR-18,True
COR06108,WR,PZ0051,FDR-PZ0051-B,TSS-WR-19,True
COR06425,WR,PZ0052,FDR-PZ0052-B,TSS-WR-20,True
COR00708,WR,PZ0053,FDR-PZ0053-B,TSS-WR-21,True
COR04011,WR,PZ0054,FDR-PZ0054-B,TSS-WR-22,True
COR06450,WR,PZ0055,FDR-PZ0055-B,TSS-WR-23,True
COR05838,WR,PZ0056,FDR-PZ0056-A,TSS-WR-24,False
COR04979,WR,PZ0057,FDR-PZ0057-A,TSS-WR-25,True
COR06103,WR,PZ0058,FDR-PZ0058-A,TSS-WR-26,True
COR00037,WR,PZ0059,FDR-PZ0059-B,TSS-WR-27,False
COR02413,WR,PZ0060,FDR-PZ0060-B,TSS-WR-28,False
COR07167,WR,PZ0061,FDR-PZ0061-A,TSS-WR-29,True
COR00682,WR,PZ0062,FDR-PZ0062-B,TSS-WR-30,False
COR06326,WR,PZ0063,FDR-PZ0063-B,TSS-WR-31,False
COR02878,WR,PZ0064,FDR-PZ0064-B,TSS-WR-32,True
COR05337,WR,PZ0065,FDR-PZ0065-A,TSS-WR-33,True
COR00505,WR,PZ0066,FDR-PZ0066-A,TSS-WR-34,True
COR07926,WR,PZ0067,FDR-PZ0067-A,TSS-WR-35,True
COR05095,WR,PZ0068,FDR-PZ0068-A,TSS-WR-36,True
COR04012,WR,PZ0069,FDR-PZ0069-B,TSS-WR-37,True
COR00060,WR,PZ0070,FDR-PZ0070-A,TSS-WR-38,False
COR01367,WR,PZ0071,FDR-PZ0071-A,TSS-WR-39,True
COR01742,WR,PZ0072,FDR-PZ0072-B,TSS-WR-40,True
COR04266,WR,PZ0073,FDR-PZ0073-B,TSS-WR-41,True
COR03234,WR,PZ0074,FDR-PZ0074-A,TSS-WR-42,False
COR04982,WR,PZ0075,FDR-PZ0075-B,TSS-WR-43,True
COR02825,WR,PZ0076,FDR-PZ0076-A,TSS-WR-44,True
COR08046,WR,PZ0077,FDR-PZ0077-B,TSS-WR-45,True
COR03238,WR,PZ0078,FDR-PZ0078-B,TSS-WR-46,True
COR06719,WR,PZ0079,FDR-PZ0079-A,TSS-WR-47,False
COR07306,WR,PZ0080,FDR-PZ0080-B,TSS-WR-48,True
COR06371,WR,PZ0081,FDR-PZ0081-A,TSS-WR-49,True
COR00503,WR,PZ0082,FDR-PZ0082-A,TSS-WR-50,False
COR00848,WR,PZ0083,FDR-PZ0083-A,TSS-WR-51,False
COR06067,WR,PZ0033,FDR-PZ0033-B,TSS-WR-01,False
COR08343,WR,PZ0034,FDR-PZ0034-B,TSS-WR-02,True
COR00852,WR,PZ0035,FDR-PZ0035-B,TSS-WR-03,True
COR02808,WR,PZ0036,FDR-PZ0036-B,TSS-WR-04,True
COR02795,WR,PZ0037,FDR-PZ0037-B,TSS-WR-05,True
COR04984,WR,PZ0038,FDR-PZ0038-B,TSS-WR-06,True
COR03154,WR,PZ0039,FDR-PZ0039-B,TSS-WR-07,True
COR01352,WR,PZ0040,FDR-PZ0040-A,TSS-WR-08,True
COR01975,WR,PZ0041,FDR-PZ0041-B,TSS-WR-09,False
COR07135,WR,PZ0042,FDR-PZ0042-A,TSS-WR-10,True
COR02821,WR,PZ0043,FDR-PZ0043-B,TSS-WR-11,True
COR01351,WR,PZ0044,FDR-PZ0044-B,TSS-WR-12,False
COR01743,WR,PZ0045,FDR-PZ0045-A,TSS-WR-13,False
COR07893,WR,PZ0046,FDR-PZ0046-A,TSS-WR-14,True
COR00843,WR,PZ0047,FDR-PZ0047-B,TSS-WR-15,False
COR07080,WR,PZ0048,FDR-PZ0048-B,TSS-WR-16,True
COR06740,WR,PZ0049,FDR-PZ0049-B,TSS-WR-17,True
COR01984,WR,PZ0050,FDR-PZ0050-A,TSS-WR-18,True
COR05993,WR,PZ0051,FDR-PZ0051-A,TSS-WR-19,False
COR06131,WR,PZ0052,FDR-PZ0052-B,TSS-WR-20,True
COR06461,WR,PZ0053,FDR-PZ0053-B,TSS-WR-21,False
COR06688,WR,PZ0054,FDR-PZ0054-A,TSS-WR-22,True
COR05916,WR,PZ0055,FDR-PZ0055-B,TSS-WR-23,True
COR03223,WR,PZ0056,FDR-PZ0056-A,TSS-WR-24,True
COR00707,WR,PZ0057,FDR-PZ0057-A,TSS-WR-25,False
COR06698,WR,PZ0058,FDR-PZ0058-A,TSS-WR-26,True
COR05992,WR,PZ0059,FDR-PZ0059-A,TSS-WR-27,False
COR02331,WR,PZ0060,FDR-PZ0060-A,TSS-WR-28,True
COR04014,WR,PZ0061,FDR-PZ0061-B,TSS-WR-29,True
COR01839,WR,PZ0062,FDR-PZ0062-A,TSS-WR-30,True
COR00720,WR,PZ0063,FDR-PZ0063-A,TSS-WR-31,True
COR04977,WR,PZ0064,FDR-PZ0064-B,TSS-WR-32,True
COR00498,WR,PZ0065,FDR-PZ0065-B,TSS-WR-33,True
COR05840,WR,PZ0066,FDR-PZ0066-B,TSS-WR-34,True
COR06133,WR,PZ0067,FDR-PZ0067-B,TSS-WR-35,True
COR02336,WR,PZ0068,FDR-PZ0068-A,TSS-WR-36,True
COR02818,WR,PZ0069,FDR-PZ0069-B,TSS-WR-37,True
COR06141,WR,PZ0070,FDR-PZ0070-A,TSS-WR-38,False
COR03219,WR,PZ0071,FDR-PZ0071-A,TSS-WR-39,True
COR04823,WR,PZ0072,FDR-PZ0072-B,TSS-WR-40,True
COR05276,WR,PZ0073,FDR-PZ0073-A,TSS-WR-41,False
COR07589,WR,PZ0074,FDR-PZ0074-A,TSS-WR-42,True
COR00499,WR,PZ0075,FDR-PZ0075-A,TSS-WR-43,True
COR02378,WR,PZ0076,FDR-PZ0076-A,TSS-WR-44,True
COR08044,WR,PZ0077,FDR-PZ0077-B,TSS-WR-45,True
COR00699,WR,PZ0078,FDR-PZ0078-B,TSS-WR-46,True
COR02398,WR,PZ0079,FDR-PZ0079-B,TSS-WR-47,False
COR06715,WR,PZ0080,FDR-PZ0080-B,TSS-WR-48,True
COR01459,WR,PZ0081,FDR-PZ0081-B,TSS-WR-49,True
COR08512,WR,PZ0082,FDR-PZ0082-B,TSS-WR-50,True
COR05911,WR,PZ0083,FDR-PZ0083-A,TSS-WR-51,True
COR07143,WR,PZ0033,FDR-PZ0033-B,TSS-WR-01,True
COR08130,WR,PZ0034,FDR-PZ0034-B,TSS-WR-02,True
COR07918,WR,PZ0035,FDR-PZ0035-A,TSS-WR-03,True
COR02418,WR,PZ0036,FDR-PZ0036-B,TSS-WR-04,False
COR06700,WR,PZ0037,FDR-PZ0037-B,TSS-WR-05,False
COR05092,WR,PZ0038,FDR-PZ0038-B,TSS-WR-06,True
COR07752,WR,PZ0039,FDR-PZ0039-B,TSS-WR-07,True
COR01362,WR,PZ0040,FDR-PZ0040-A,TSS-WR-08,False
COR08023,WR,PZ0041,FDR-PZ0041-B,TSS-WR-09,True
COR00015,WR,PZ0042,FDR-PZ0042-A,TSS-WR-10,True
COR03200,WR,PZ0043,FDR-PZ0043-B,TSS-WR-11,False
COR08048,WR,PZ0044,FDR-PZ0044-B,TSS-WR-12,False
COR02346,WR,PZ0045,FDR-PZ0045-B,TSS-WR-13,True
COR02396,WR,PZ0046,FDR-PZ0046-A,TSS-WR-14,True
COR02397,WR,PZ0047,FDR-PZ0047-A,TSS-WR-15,True
COR01979,WR,PZ0048,FDR-PZ0048-A,TSS-WR-16,True
COR01970,WR,PZ0049,FDR-PZ0049-B,TSS-WR-17,False
COR03232,WR,PZ0050,FDR-PZ0050-B,TSS-WR-18,True
COR00046,WR,PZ0051,FDR-PZ0051-A,TSS-WR-19,False
COR00356,WR,PZ0052,FDR-PZ0052-A,TSS-WR-20,True
COR06139,WR,PZ0053,FDR-PZ0053-B,TSS-WR-21,True
COR07535,WR,PZ0054,FDR-PZ0054-B,TSS-WR-22,True
COR06742,WR,PZ0055,FDR-PZ0055-A,TSS-WR-23,False
COR01977,WR,PZ0056,FDR-PZ0056-B,TSS-WR-24,True
COR00845,WR,PZ0057,FDR-PZ0057-A,TSS-WR-25,True
COR00004,WR,PZ0058,FDR-PZ0058-B,TSS-WR-26,True
COR05914,WR,PZ0059,FDR-PZ0059-B,TSS-WR-27,True
COR00056,WR,PZ0060,FDR-PZ0060-B,TSS-WR-28,True
COR06785,WR,PZ0061,FDR-PZ0061-A,TSS-WR-29,True
COR00850,WR,PZ0062,FDR-PZ0062-A,TSS-WR-30,True
COR03935,WR,PZ0063,FDR-PZ0063-A,TSS-WR-31,True
COR05333,WR,PZ0064,FDR-PZ0064-B,TSS-WR-32,True
COR03416,WR,PZ0065,FDR-PZ0065-B,TSS-WR-33,True
COR03324,WR,PZ0066,FDR-PZ0066-A,TSS-WR-34,True
COR06620,WR,PZ0067,FDR-PZ0067-A,TSS-WR-35,True
COR03228,WR,PZ0068,FDR-PZ0068-B,TSS-WR-36,True
COR00367,WR,PZ0069,FDR-PZ0069-A,TSS-WR-37,False
COR06161,WR,PZ0070,FDR-PZ0070-B,TSS-WR-38,True
COR07092,WR,PZ0071,FDR-PZ0071-A,TSS-WR-39,True
COR08014,WR,PZ0072,FDR-PZ0072-A,TSS-WR-40,True
COR02839,WR,PZ0073,FDR-PZ0073-B,TSS-WR-41,True
COR00705,WR,PZ0074,FDR-PZ0074-A,TSS-WR-42,True
COR00839,WR,PZ0075,FDR-PZ0075-A,TSS-WR-43,True
COR02523,WR,PZ0076,FDR-PZ0076-A,TSS-WR-44,True
COR03220,WR,PZ0077,FDR-PZ0077-B,TSS-WR-45,True
COR00045,WR,PZ0078,FDR-PZ0078-B,TSS-WR-46,True
COR05076,WR,PZ0079,FDR-PZ0079-B,TSS-WR-47,True
COR06156,WR,PZ0080,FDR-PZ0080-A,TSS-WR-48,True
COR02411,WR,PZ0081,FDR-PZ0081-B,TSS-WR-49,False
COR02822,WR,PZ0082,FDR-PZ0082-B,TSS-WR-50,False
COR00508,WR,PZ0083,FDR-PZ0083-A,TSS-WR-51,True
COR01971,WR,PZ0033,FDR-PZ0033-A,TSS-WR-01,True
COR08129,WR,PZ0034,FDR-PZ0034-A,TSS-WR-02,True
COR02395,WR,PZ0035,FDR-PZ0035-B,TSS-WR-03,True
COR06717,WR,PZ0036,FDR-PZ0036-A,TSS-WR-04,True
COR00691,WR,PZ0037,FDR-PZ0037-B,TSS-WR-05,True
COR05893,WR,PZ0038,FDR-PZ0038-A,TSS-WR-06,True
COR07297,WR,PZ0039,FDR-PZ0039-B,TSS-WR-07,True
COR06705,WR,PZ0040,FDR-PZ0040-B,TSS-WR-08,True
COR00718,WR,PZ0041,FDR-PZ0041-A,TSS-WR-09,True
COR02798,WR,PZ0042,FDR-PZ0042-B,TSS-WR-10,True
COR06135,WR,PZ0043,FDR-PZ0043-A,TSS-WR-11,True
COR01348,WR,PZ0044,FDR-PZ0044-B,TSS-WR-12,True
COR03221,WR,PZ0045,FDR-PZ0045-A,TSS-WR-13,True
COR04020,WR,PZ0046,FDR-PZ0046-A,TSS-WR-14,True
COR02416,WR,PZ0047,FDR-PZ0047-A,TSS-WR-15,True
COR07307,WR,PZ0048,FDR-PZ0048-A,TSS-WR-16,True
COR03218,WR,PZ0049,FDR-PZ0049-A,TSS-WR-17,True
COR07751,WR,PZ0050,FDR-PZ0050-B,TSS-WR-18,False
COR01355,WR,PZ0051,FDR-PZ0051-A,TSS-WR-19,True
COR06168,WR,PZ0052,FDR-PZ0052-A,TSS-WR-20,True
COR00693,WR,PZ0053,FDR-PZ0053-A,TSS-WR-21,True
COR06061,WR,PZ0054,FDR-PZ0054-A,TSS-WR-22,True
COR00052,WR,PZ0055,FDR-PZ0055-B,TSS-WR-23,True
COR00029,WR,PZ0056,FDR-PZ0056-B,TSS-WR-24,True
COR01358,WR,PZ0057,FDR-PZ0057-A,TSS-WR-25,True
COR03204,WR,PZ0058,FDR-PZ0058-A,TSS-WR-26,True
COR02340,WR,PZ0059,FDR-PZ0059-A,TSS-WR-27,True
COR06134,WR,PZ0060,FDR-PZ0060-B,TSS-WR-28,True
COR07090,WR,PZ0061,FDR-PZ0061-A,TSS-WR-29,True
COR08301,WR,PZ0062,FDR-PZ0062-A,TSS-WR-30,True
COR03229,WR,PZ0063,FDR-PZ0063-A,TSS-WR-31,True
COR00360,WR,PZ0064,FDR-PZ0064-A,TSS-WR-32,True
COR03201,WR,PZ0065,FDR-PZ0065-A,TSS-WR-33,False
COR08458,WR,PZ0066,FDR-PZ0066-A,TSS-WR-34,True
COR05295,WR,PZ0067,FDR-PZ0067-B,TSS-WR-35,True
COR04825,WR,PZ0068,FDR-PZ0068-A,TSS-WR-36,True
COR02388,WR,PZ0069,FDR-PZ0069-A,TSS-WR-37,True
COR02820,WR,PZ0070,FDR-PZ0070-B,TSS-WR-38,True
COR01460,WR,PZ0071,FDR-PZ0071-A,TSS-WR-39,True
COR06696,WR,PZ0072,FDR-PZ0072-A,TSS-WR-40,False
COR07802,WR,PZ0073,FDR-PZ0073-B,TSS-WR-41,True
COR07927,WR,PZ0074,FDR-PZ0074-A,TSS-WR-42,False
COR00698,WR,PZ0075,FDR-PZ0075-A,TSS-WR-43,True
COR07916,WR,PZ0076,FDR-PZ0076-A,TSS-WR-44,False
COR07095,WR,PZ0077,FDR-PZ0077-A,TSS-WR-45,True
COR07079,WR,PZ0078,FDR-PZ0078-B,TSS-WR-46,True
COR00041,WR,PZ0079,FDR-PZ0079-A,TSS-WR-47,True
COR01744,WR,PZ0080,FDR-PZ0080-A,TSS-WR-48,False
COR07161,WR,PZ0081,FDR-PZ0081-B,TSS-WR-49,True
COR02838,WR,PZ0082,FDR-PZ0082-B,TSS-WR-50,True
COR03412,WR,PZ0083,FDR-PZ0083-A,TSS-WR-51,True
COR06328,WR,PZ0033,FDR-PZ0033-A,TSS-WR-01,True
COR00362,WR,PZ0034,FDR-PZ0034-A,TSS-WR-02,True
COR02412,WR,PZ0035,FDR-PZ0035-A,TSS-WR-03,True
COR00681,WR,PZ0036,FDR-PZ0036-B,TSS-WR-04,False
COR00010,WR,PZ0037,FDR-PZ0037-B,TSS-WR-05,False
COR08303,WR,PZ0038,FDR-PZ0038-A,TSS-WR-06,True
COR03687,WR,PZ0039,FDR-PZ0039-B,TSS-WR-07,True
COR08039,WR,PZ0040,FDR-PZ0040-B,TSS-WR-08,True
COR05342,WR,PZ0041,FDR-PZ0041-B,TSS-WR-09,True
COR02810,WR,PZ0042,FDR-PZ0042-B,TSS-WR-10,True
COR02400,WR,PZ0043,FDR-PZ0043-B,TSS-WR-11,False
COR08478,WR,PZ0044,FDR-PZ0044-A,TSS-WR-12,True
COR06154,WR,PZ0045,FDR-PZ0045-A,TSS-WR-13,False
COR06130,WR,PZ0046,FDR-PZ0046-A,TSS-WR-14,True
COR02824,WR,PZ0047,FDR-PZ0047-B,TSS-WR-15,False
COR08004,WR,PZ0048,FDR-PZ0048-B,TSS-WR-16,True
COR06925,WR,PZ0049,FDR-PZ0049-B,TSS-WR-17,False
COR07059,WR,PZ0050,FDR-PZ0050-A,TSS-WR-18,False
COR06784,WR,PZ0051,FDR-PZ0051-A,TSS-WR-19,True
COR07943,WR,PZ0052,FDR-PZ0052-B,TSS-WR-20,True
COR02402,WR,PZ0053,FDR-PZ0053-B,TSS-WR-21,True
COR04019,WR,PZ0054,FDR-PZ0054-A,TSS-WR-22,True
COR06686,WR,PZ0055,FDR-PZ0055-B,TSS-WR-23,True
COR03933,WR,PZ0056,FDR-PZ0056-A,TSS-WR-24,False
COR04026,WR,PZ0057,FDR-PZ0057-B,TSS-WR-25,True
COR00683,WR,PZ0058,FDR-PZ0058-A,TSS-WR-26,True
COR00692,WR,PZ0059,FDR-PZ0059-A,TSS-WR-27,True
COR00023,WR,PZ0060,FDR-PZ0060-B,TSS-WR-28,True
COR07928,WR,PZ0061,FDR-PZ0061-A,TSS-WR-29,True
COR02382,WR,PZ0062,FDR-PZ0062-A,TSS-WR-30,True
COR04023,WR,PZ0063,FDR-PZ0063-B,TSS-WR-31,False
COR06720,WR,PZ0064,FDR-PZ0064-A,TSS-WR-32,True
COR03729,WR,PZ0065,FDR-PZ0065-B,TSS-WR-33,True
COR06064,WR,PZ0066,FDR-PZ0066-B,TSS-WR-34,False
COR01350,WR,PZ0067,FDR-PZ0067-A,TSS-WR-35,True
COR03226,WR,PZ0068,FDR-PZ0068-B,TSS-WR-36,True
COR02804,WR,PZ0069,FDR-PZ0069-A,TSS-WR-37,True
COR06129,WR,PZ0070,FDR-PZ0070-B,TSS-WR-38,False
COR03424,WR,PZ0071,FDR-PZ0071-B,TSS-WR-39,True
COR02339,WR,PZ0072,FDR-PZ0072-B,TSS-WR-40,True
COR00044,WR,PZ0073,FDR-PZ0073-A,TSS-WR-41,False
COR00500,WR,PZ0074,FDR-PZ0074-A,TSS-WR-42,True
COR02833,WR,PZ0075,FDR-PZ0075-B,TSS-WR-43,True
COR00006,WR,PZ0076,FDR-PZ0076-A,TSS-WR-44,False
COR06343,WR,PZ0077,FDR-PZ0077-B,TSS-WR-45,False
COR00030,WR,PZ0078,FDR-PZ0078-A,TSS-WR-46,True
COR02319,WR,PZ0079,FDR-PZ0079-B,TSS-WR-47,False
COR06684,WR,PZ0080,FDR-PZ0080-B,TSS-WR-48,False
COR07091,WR,PZ0081,FDR-PZ0081-A,TSS-WR-49,False
COR06107,WR,PZ0082,FDR-PZ0082-B,TSS-WR-50,True
COR07082,WR,PZ0083,FDR-PZ0083-B,TSS-WR-51,True
COR00049,WR,PZ0033,FDR-PZ0033-B,TSS-WR-01,True
COR07154,WR,PZ0034,FDR-PZ0034-A,TSS-WR-02,True
COR06739,WR,PZ0035,FDR-PZ0035-A,TSS-WR-03,True
COR08384,WR,PZ0036,FDR-PZ0036-B,TSS-WR-04,False
COR08385,WR,PZ0037,FDR-PZ0037-B,TSS-WR-05,True
COR02333,WR,PZ0038,FDR-PZ0038-B,TSS-WR-06,True
COR04230,WR,PZ0039,FDR-PZ0039-A,TSS-WR-07,False
COR07305,WR,PZ0040,FDR-PZ0040-B,TSS-WR-08,True
COR08386,WR,PZ0041,FDR-PZ0041-B,TSS-WR-09,True
COR06155,WR,PZ0042,FDR-PZ0042-A,TSS-WR-10,True
COR07136,WR,PZ0043,FDR-PZ0043-B,TSS-WR-11,True
COR07781,WR,PZ0044,FDR-PZ0044-A,TSS-WR-12,True
COR02836,WR,PZ0045,FDR-PZ0045-A,TSS-WR-13,False
COR02342,WR,PZ0046,FDR-PZ0046-A,TSS-WR-14,False
COR01457,WR,PZ0047,FDR-PZ0047-A,TSS-WR-15,False
COR06259,WR,PZ0048,FDR-PZ0048-B,TSS-WR-16,True
COR08033,WR,PZ0049,FDR-PZ0049-A,TSS-WR-17,False
COR00673,WR,PZ0050,FDR-PZ0050-A,TSS-WR-18,True
COR07950,WR,PZ0051,FDR-PZ0051-A,TSS-WR-19,True
COR01364,WR,PZ0052,FDR-PZ0052-B,TSS-WR-20,False
COR03730,WR,PZ0053,FDR-PZ0053-B,TSS-WR-21,False
COR08013,WR,PZ0054,FDR-PZ0054-A,TSS-WR-22,True
COR05338,WR,PZ0055,FDR-PZ0055-A,TSS-WR-23,True
COR06787,WR,PZ0056,FDR-PZ0056-A,TSS-WR-24,True
COR06428,WR,PZ0057,FDR-PZ0057-B,TSS-WR-25,True
COR00019,WR,PZ0058,FDR-PZ0058-B,TSS-WR-26,True
COR00014,WR,PZ0059,FDR-PZ0059-A,TSS-WR-27,True
COR03413,WR,PZ0060,FDR-PZ0060-B,TSS-WR-28,False
COR05777,WR,PZ0061,FDR-PZ0061-B,TSS-WR-29,False
COR05910,WR,PZ0062,FDR-PZ0062-A,TSS-WR-30,True
COR04980,WR,PZ0063,FDR-PZ0063-B,TSS-WR-31,False
COR04826,WR,PZ0064,FDR-PZ0064-B,TSS-WR-32,True
COR08027,WR,PZ0065,FDR-PZ0065-A,TSS-WR-33,True
COR07156,WR,PZ0066,FDR-PZ0066-B,TSS-WR-34,True
COR04031,WR,PZ0067,FDR-PZ0067-A,TSS-WR-35,False
COR07083,WR,PZ0068,FDR-PZ0068-A,TSS-WR-36,True
COR07145,WR,PZ0069,FDR-PZ0069-B,TSS-WR-37,True
COR08003,WR,PZ0070,FDR-PZ0070-B,TSS-WR-38,True
COR00842,WR,PZ0071,FDR-PZ0071-B,TSS-WR-39,True
COR00358,WR,PZ0072,FDR-PZ0072-B,TSS-WR-40,False
COR01986,WR,PZ0073,FDR-PZ0073-B,TSS-WR-41,False
COR08340,WR,PZ0074,FDR-PZ0074-A,TSS-WR-42,True
COR06165,WR,PZ0075,FDR-PZ0075-A,TSS-WR-43,True
COR07591,WR,PZ0076,FDR-PZ0076-A,TSS-WR-44,True
COR06617,WR,PZ0077,FDR-PZ0077-A,TSS-WR-45,False
COR00365,WR,PZ0078,FDR-PZ0078-B,TSS-WR-46,True
COR06621,WR,PZ0079,FDR-PZ0079-A,TSS-WR-47,True
COR07944,WR,PZ0080,FDR-PZ0080-B,TSS-WR-48,True
COR08042,WR,PZ0081,FDR-PZ0081-A,TSS-WR-49,True
COR05779,WR,PZ0082,FDR-PZ0082-B,TSS-WR-50,True
COR08038,WR,PZ0083,FDR-PZ0083-A,TSS-WR-51,True
COR06377,WR,PZ0033,FDR-PZ0033-B,TSS-WR-01,True
COR05783,WR,PZ0034,FDR-PZ0034-B,TSS-WR-02,True
COR06458,WR,PZ0035,FDR-PZ0035-A,TSS-WR-03,False
COR01354,WR,PZ0036,FDR-PZ0036-B,TSS-WR-04,True
COR02834,WR,PZ0037,FDR-PZ0037-B,TSS-WR-05,False
COR01353,WR,PZ0038,FDR-PZ0038-A,TSS-WR-06,True
COR06687,WR,PZ0039,FDR-PZ0039-B,TSS-WR-07,True
COR04983,WR,PZ0040,FDR-PZ0040-B,TSS-WR-08,False
COR07039,WR,PZ0041,FDR-PZ0041-B,TSS-WR-09,False
COR07894,WR,PZ0042,FDR-PZ0042-A,TSS-WR-10,False
COR07805,WR,PZ0043,FDR-PZ0043-A,TSS-WR-11,True
COR08306,WR,PZ0044,FDR-PZ0044-A,TSS-WR-12,False
COR05093,WR,PZ0045,FDR-PZ0045-A,TSS-WR-13,True
COR02335,WR,PZ0046,FDR-PZ0046-A,TSS-WR-14,True
COR06690,WR,PZ0047,FDR-PZ0047-A,TSS-WR-15,True
COR06689,WR,PZ0048,FDR-PZ0048-B,TSS-WR-16,True
COR07584,WR,PZ0049,FDR-PZ0049-B,TSS-WR-17,True
COR01741,WR,PZ0050,FDR-PZ0050-B,TSS-WR-18,True
COR07160,WR,PZ0051,FDR-PZ0051-B,TSS-WR-19,True
COR07296,WR,PZ0052,FDR-PZ0052-A,TSS-WR-20,True
COR08025,WR,PZ0053,FDR-PZ0053-B,TSS-WR-21,True
COR05790,WR,PZ0054,FDR-PZ0054-B,TSS-WR-22,True
COR08430,WR,PZ0055,FDR-PZ0055-B,TSS-WR-23,True
COR06627,WR,PZ0056,FDR-PZ0056-B,TSS-WR-24,True
COR00837,WR,PZ0057,FDR-PZ0057-A,TSS-WR-25,True
COR06431,WR,PZ0058,FDR-PZ0058-A,TSS-WR-26,True
COR05895,WR,PZ0059,FDR-PZ0059-B,TSS-WR-27,True
COR07137,WR,PZ0060,FDR-PZ0060-A,TSS-WR-28,False
COR07142,WR,PZ0061,FDR-PZ0061-B,TSS-WR-29,True
COR02794,WR,PZ0062,FDR-PZ0062-B,TSS-WR-30,True
COR06153,WR,PZ0063,FDR-PZ0063-B,TSS-WR-31,False
COR06157,WR,PZ0064,FDR-PZ0064-A,TSS-WR-32,True
COR02801,WR,PZ0065,FDR-PZ0065-B,TSS-WR-33,True
COR04745,WR,PZ0066,FDR-PZ0066-A,TSS-WR-34,False
COR00675,WR,PZ0067,FDR-PZ0067-B,TSS-WR-35,True
COR06062,WR,PZ0068,FDR-PZ0068-A,TSS-WR-36,True
COR05091,WR,PZ0069,FDR-PZ0069-B,TSS-WR-37,True
COR06971,WR,PZ0070,FDR-PZ0070-B,TSS-WR-38,True
COR07499,WR,PZ0071,FDR-PZ0071-B,TSS-WR-39,True
COR07501,WR,PZ0072,FDR-PZ0072-B,TSS-WR-40,False
COR06923,WR,PZ0073,FDR-PZ0073-A,TSS-WR-41,True
COR02879,WR,PZ0074,FDR-PZ0074-A,TSS-WR-42,False
COR05486,WR,PZ0075,FDR-PZ0075-A,TSS-WR-43,False
COR04707,WR,PZ0076,FDR-PZ0076-A,TSS-WR-44,True
COR03212,WR,PZ0077,FDR-PZ0077-A,TSS-WR-45,True
COR02401,WR,PZ0078,FDR-PZ0078-A,TSS-WR-46,False
COR02803,WR,PZ0079,FDR-PZ0079-B,TSS-WR-47,False
COR05789,WR,PZ0080,FDR-PZ0080-A,TSS-WR-48,True
COR08391,WR,PZ0081,FDR-PZ0081-B,TSS-WR-49,True
COR08012,WR,PZ0082,FDR-PZ0082-A,TSS-WR-50,True
COR01833,WR,PZ0083,FDR-PZ0083-A,TSS-WR-51,True
COR06159,WR,PZ0033,FDR-PZ0033-B,TSS-WR-01,True
COR06128,WR,PZ0034,FDR-PZ0034-A,TSS-WR-02,True
COR07298,WR,PZ0035,FDR-PZ0035-B,TSS-WR-03,True
COR01455,WR,PZ0036,FDR-PZ0036-A,TSS-WR-04,False
COR01966,WR,PZ0037,FDR-PZ0037-B,TSS-WR-05,True
COR00017,WR,PZ0038,FDR-PZ0038-B,TSS-WR-06,True
COR02422,WR,PZ0039,FDR-PZ0039-A,TSS-WR-07,True
COR02814,WR,PZ0040,FDR-PZ0040-A,TSS-WR-08,True
COR01837,WR,PZ0041,FDR-PZ0041-A,TSS-WR-09,False
COR04822,WR,PZ0042,FDR-PZ0042-A,TSS-WR-10,True
COR08342,WR,PZ0043,FDR-PZ0043-A,TSS-WR-11,True
COR06926,WR,PZ0044,FDR-PZ0044-A,TSS-WR-12,True
COR06059,WR,PZ0045,FDR-PZ0045-B,TSS-WR-13,True
COR01453,WR,PZ0046,FDR-PZ0046-B,TSS-WR-14,False
COR06914,WR,PZ0047,FDR-PZ0047-B,TSS-WR-15,True
COR00042,WR,PZ0048,FDR-PZ0048-A,TSS-WR-16,True
COR08300,WR,PZ0049,FDR-PZ0049-A,TSS-WR-17,True
COR06111,WR,PZ0050,FDR-PZ0050-B,TSS-WR-18,False
COR06741,WR,PZ0051,FDR-PZ0051-B,TSS-WR-19,False
COR02386,WR,PZ0052,FDR-PZ0052-A,TSS-WR-20,True
COR00054,WR,PZ0053,FDR-PZ0053-B,TSS-WR-21,False
COR01456,WR,PZ0054,FDR-PZ0054-A,TSS-WR-22,True
COR05488,WR,PZ0055,FDR-PZ0055-A,TSS-WR-23,True
COR00507,WR,PZ0056,FDR-PZ0056-A,TSS-WR-24,True
COR03202,WR,PZ0057,FDR-PZ0057-B,TSS-WR-25,True
COR04025,WR,PZ0058,FDR-PZ0058-A,TSS-WR-26,True
COR00394,WR,PZ0059,FDR-PZ0059-B,TSS-WR-27,True
COR07919,WR,PZ0060,FDR-PZ0060-A,TSS-WR-28,True
COR01832,WR,PZ0061,FDR-PZ0061-A,TSS-WR-29,True
COR02345,WR,PZ0062,FDR-PZ0062-B,TSS-WR-30,True
COR08390,WR,PZ0063,FDR-PZ0063-A,TSS-WR-31,True
COR03222,WR,PZ0064,FDR-PZ0064-A,TSS-WR-32,False
COR07930,WR,PZ0065,FDR-PZ0065-B,TSS-WR-33,True
COR05458,WR,PZ0066,FDR-PZ0066-A,TSS-WR-34,True
COR07310,WR,PZ0067,FDR-PZ0067-A,TSS-WR-35,True
COR07895,WR,PZ0068,FDR-PZ0068-A,TSS-WR-36,True
COR03414,WR,PZ0069,FDR-PZ0069-B,TSS-WR-37,False
COR08526,WR,PZ0070,FDR-PZ0070-B,TSS-WR-38,True
COR06927,WR,PZ0071,FDR-PZ0071-A,TSS-WR-39,True
COR06699,WR,PZ0072,FDR-PZ0072-A,TSS-WR-40,False
COR00726,WR,PZ0073,FDR-PZ0073-B,TSS-WR-41,True
COR06329,WR,PZ0074,FDR-PZ0074-B,TSS-WR-42,True
COR01980,WR,PZ0075,FDR-PZ0075-B,TSS-WR-43,True
COR06626,WR,PZ0076,FDR-PZ0076-A,TSS-WR-44,True
COR04749,WR,PZ0077,FDR-PZ0077-B,TSS-WR-45,False
COR06922,WR,PZ0078,FDR-PZ0078-B,TSS-WR-46,True
COR01449,WR,PZ0079,FDR-PZ0079-B,TSS-WR-47,True
COR03208,WR,PZ0080,FDR-PZ0080-A,TSS-WR-48,True
COR06429,WR,PZ0081,FDR-PZ0081-B,TSS-WR-49,True
COR00840,WR,PZ0082,FDR-PZ0082-B,TSS-WR-50,True
COR06786,WR,PZ0083,FDR-PZ0083-B,TSS-WR-51,False
COR03418,WR,PZ0033,FDR-PZ0033-B,TSS-WR-01,True
COR08024,WR,PZ0034,FDR-PZ0034-B,TSS-WR-02,True
COR05340,WR,PZ0035,FDR-PZ0035-A,TSS-WR-03,True
COR03213,WR,PZ0036,FDR-PZ0036-A,TSS-WR-04,False
COR06327,WR,PZ0037,FDR-PZ0037-A,TSS-WR-05,False
COR06862,WR,PZ0038,FDR-PZ0038-A,TSS-WR-06,True
COR00050,WR,PZ0039,FDR-PZ0039-A,TSS-WR-07,True
COR08010,WR,PZ0040,FDR-PZ0040-A,TSS-WR-08,False
COR05836,WR,PZ0041,FDR-PZ0041-A,TSS-WR-09,False
COR07756,WR,PZ0042,FDR-PZ0042-B,TSS-WR-10,False
COR06158,WR,PZ0043,FDR-PZ0043-A,TSS-WR-11,False
COR07783,WR,PZ0044,FDR-PZ0044-B,TSS-WR-12,True
COR06063,WR,PZ0045,FDR-PZ0045-B,TSS-WR-13,True
COR05837,WR,PZ0046,FDR-PZ0046-A,TSS-WR-14,True
COR00064,WR,PZ0047,FDR-PZ0047-A,TSS-WR-15,False
COR02393,WR,PZ0048,FDR-PZ0048-B,TSS-WR-16,True
COR02419,WR,PZ0049,FDR-PZ0049-A,TSS-WR-17,True
COR08347,WR,PZ0050,FDR-PZ0050-A,TSS-WR-18,True
COR07757,WR,PZ0051,FDR-PZ0051-A,TSS-WR-19,False
COR05336,WR,PZ0052,FDR-PZ0052-A,TSS-WR-20,True
COR06861,WR,PZ0053,FDR-PZ0053-A,TSS-WR-21,True
COR00725,WR,PZ0054,FDR-PZ0054-A,TSS-WR-22,True
COR07583,WR,PZ0055,FDR-PZ0055-B,TSS-WR-23,False
COR02318,WR,PZ0056,FDR-PZ0056-A,TSS-WR-24,True
COR08045,WR,PZ0057,FDR-PZ0057-B,TSS-WR-25,True
COR07299,WR,PZ0058,FDR-PZ0058-B,TSS-WR-26,True
COR05917,WR,PZ0059,FDR-PZ0059-A,TSS-WR-27,True
COR02800,WR,PZ0060,FDR-PZ0060-B,TSS-WR-28,True
COR05915,WR,PZ0061,FDR-PZ0061-B,TSS-WR-29,False
COR07917,WR,PZ0062,FDR-PZ0062-A,TSS-WR-30,False
COR08021,WR,PZ0063,FDR-PZ0063-B,TSS-WR-31,True
COR05186,WR,PZ0064,FDR-PZ0064-B,TSS-WR-32,False
COR07595,WR,PZ0065,FDR-PZ0065-B,TSS-WR-33,True
COR00059,WR,PZ0066,FDR-PZ0066-A,TSS-WR-34,True
COR01972,WR,PZ0067,FDR-PZ0067-B,TSS-WR-35,True
COR06782,WR,PZ0068,FDR-PZ0068-A,TSS-WR-36,True
COR01989,WR,PZ0069,FDR-PZ0069-B,TSS-WR-37,False
COR04010,WR,PZ0070,FDR-PZ0070-A,TSS-WR-38,True
COR03236,WR,PZ0071,FDR-PZ0071-B,TSS-WR-39,False
COR00047,WR,PZ0072,FDR-PZ0072-B,TSS-WR-40,True
COR02334,WR,PZ0073,FDR-PZ0073-B,TSS-WR-41,False
COR00051,WR,PZ0074,FDR-PZ0074-A,TSS-WR-42,True
COR06924,WR,PZ0075,FDR-PZ0075-A,TSS-WR-43,True
COR06104,WR,PZ0076,FDR-PZ0076-A,TSS-WR-44,True
COR07093,WR,PZ0077,FDR-PZ0077-B,TSS-WR-45,True
COR00036,WR,PZ0078,FDR-PZ0078-A,TSS-WR-46,True
COR06066,WR,PZ0079,FDR-PZ0079-A,TSS-WR-47,True
COR00678,WR,PZ0080,FDR-PZ0080-B,TSS-WR-48,False
COR00357,WR,PZ0081,FDR-PZ0081-A,TSS-WR-49,True
COR01835,WR,PZ0082,FDR-PZ0082-B,TSS-WR-50,True
COR02330,WR,PZ0083,FDR-PZ0083-A,TSS-WR-51,True
COR00018,WR,PZ0033,FDR-PZ0033-B,TSS-WR-01,True
COR08549,WR,PZ0034,FDR-PZ0034-A,TSS-WR-02,True
COR03421,WR,PZ0035,FDR-PZ0035-A,TSS-WR-03,True
COR06426,WR,PZ0036,FDR-PZ0036-A,TSS-WR-04,False
COR06917,WR,PZ0037,FDR-PZ0037-A,TSS-WR-05,True
COR07920,WR,PZ0038,FDR-PZ0038-B,TSS-WR-06,False
COR01454,WR,PZ0039,FDR-PZ0039-B,TSS-WR-07,True
COR02394,WR,PZ0040,FDR-PZ0040-A,TSS-WR-08,False
COR00846,WR,PZ0041,FDR-PZ0041-B,TSS-WR-09,False
COR02828,WR,PZ0042,FDR-PZ0042-A,TSS-WR-10,True
COR04265,WR,PZ0043,FDR-PZ0043-B,TSS-WR-11,False
COR07139,WR,PZ0044,FDR-PZ0044-A,TSS-WR-12,True
COR01985,WR,PZ0045,FDR-PZ0045-B,TSS-WR-13,True
COR03211,WR,PZ0046,FDR-PZ0046-A,TSS-WR-14,True
COR05484,WR,PZ0047,FDR-PZ0047-B,TSS-WR-15,True
COR03686,WR,PZ0048,FDR-PZ0048-B,TSS-WR-16,False
COR05781,WR,PZ0049,FDR-PZ0049-A,TSS-WR-17,True
COR06452,WR,PZ0050,FDR-PZ0050-B,TSS-WR-18,True
COR04268,WR,PZ0051,FDR-PZ0051-A,TSS-WR-19,True
COR08002,WR,PZ0052,FDR-PZ0052-B,TSS-WR-20,False
COR00025,WR,PZ0053,FDR-PZ0053-A,TSS-WR-21,True
COR06918,WR,PZ0054,FDR-PZ0054-A,TSS-WR-22,False
COR01978,WR,PZ0055,FDR-PZ0055-A,TSS-WR-23,True
COR00709,WR,PZ0056,FDR-PZ0056-A,TSS-WR-24,False
COR05457,WR,PZ0057,FDR-PZ0057-A,TSS-WR-25,False
COR03227,WR,PZ0058,FDR-PZ0058-B,TSS-WR-26,True
COR07144,WR,PZ0059,FDR-PZ0059-B,TSS-WR-27,False
COR01363,WR,PZ0060,FDR-PZ0060-B,TSS-WR-28,True
COR07309,WR,PZ0061,FDR-PZ0061-B,TSS-WR-29,False
COR02830,WR,PZ0062,FDR-PZ0062-B,TSS-WR-30,True
COR07500,WR,PZ0063,FDR-PZ0063-A,TSS-WR-31,True
COR07162,WR,PZ0064,FDR-PZ0064-B,TSS-WR-32,True
COR05776,WR,PZ0065,FDR-PZ0065-A,TSS-WR-33,False
COR06427,WR,PZ0066,FDR-PZ0066-A,TSS-WR-34,True
COR06462,WR,PZ0067,FDR-PZ0067-B,TSS-WR-35,True
COR00396,WR,PZ0068,FDR-PZ0068-A,TSS-WR-36,True
COR03207,WR,PZ0069,FDR-PZ0069-A,TSS-WR-37,True
COR03209,WR,PZ0070,FDR-PZ0070-A,TSS-WR-38,True
COR04024,WR,PZ0071,FDR-PZ0071-B,TSS-WR-39,True
COR03214,WR,PZ0072,FDR-PZ0072-B,TSS-WR-40,True
COR03206,WR,PZ0073,FDR-PZ0073-A,TSS-WR-41,True
COR03422,WR,PZ0074,FDR-PZ0074-B,TSS-WR-42,True
COR08043,WR,PZ0075,FDR-PZ0075-B,TSS-WR-43,True
COR06736,WR,PZ0076,FDR-PZ0076-B,TSS-WR-44,False
COR07946,WR,PZ0077,FDR-PZ0077-B,TSS-WR-45,False
COR00717,WR,PZ0078,FDR-PZ0078-B,TSS-WR-46,True
COR01365,WR,PZ0079,FDR-PZ0079-B,TSS-WR-47,True
COR03325,WR,PZ0080,FDR-PZ0080-B,TSS-WR-48,True
COR02405,WR,PZ0081,FDR-PZ0081-B,TSS-WR-49,True
COR00034,WR,PZ0082,FDR-PZ0082-B,TSS-WR-50,True
COR08344,WR,PZ0083,FDR-PZ0083-A,TSS-WR-51,True
COR00359,WR,PZ0033,FDR-PZ0033-B,TSS-WR-01,False
COR00063,WR,PZ0034,FDR-PZ0034-A,TSS-WR-02,True
COR05778,WR,PZ0035,FDR-PZ0035-B,TSS-WR-03,False
COR00354,WR,PZ0036,FDR-PZ0036-A,TSS-WR-04,True
COR06630,WR,PZ0037,FDR-PZ0037-A,TSS-WR-05,False
COR02826,WR,PZ0038,FDR-PZ0038-A,TSS-WR-06,True
COR03425,WR,PZ0039,FDR-PZ0039-B,TSS-WR-07,True
COR00048,WR,PZ0040,FDR-PZ0040-B,TSS-WR-08,True
COR00363,WR,PZ0041,FDR-PZ0041-A,TSS-WR-09,True
COR05918,WR,PZ0042,FDR-PZ0042-B,TSS-WR-10,False
COR07141,WR,PZ0043,FDR-PZ0043-B,TSS-WR-11,True
COR06788,WR,PZ0044,FDR-PZ0044-B,TSS-WR-12,True
COR00005,WR,PZ0045,FDR-PZ0045-A,TSS-WR-13,False
COR02344,WR,PZ0046,FDR-PZ0046-A,TSS-WR-14,True
COR03230,WR,PZ0047,FDR-PZ0047-B,TSS-WR-15,True
COR00024,WR,PZ0048,FDR-PZ0048-B,TSS-WR-16,True
COR07534,WR,PZ0049,FDR-PZ0049-A,TSS-WR-17,True
COR02522,WR,PZ0050,FDR-PZ0050-A,TSS-WR-18,True
COR06451,WR,PZ0051,FDR-PZ0051-A,TSS-WR-19,False
COR04267,WR,PZ0052,FDR-PZ0052-A,TSS-WR-20,False
COR05839,WR,PZ0053,FDR-PZ0053-B,TSS-WR-21,True
COR00061,WR,PZ0054,FDR-PZ0054-B,TSS-WR-22,True
COR07088,WR,PZ0055,FDR-PZ0055-A,TSS-WR-23,True
COR04032,WR,PZ0056,FDR-PZ0056-A,TSS-WR-24,False
COR07155,WR,PZ0057,FDR-PZ0057-B,TSS-WR-25,True
COR05296,WR,PZ0058,FDR-PZ0058-B,TSS-WR-26,True
COR00714,WR,PZ0059,FDR-PZ0059-B,TSS-WR-27,True
COR04029,WR,PZ0060,FDR-PZ0060-A,TSS-WR-28,True
COR00058,WR,PZ0061,FDR-PZ0061-B,TSS-WR-29,True
COR04021,WR,PZ0062,FDR-PZ0062-B,TSS-WR-30,True
COR05293,WR,PZ0063,FDR-PZ0063-A,TSS-WR-31,True
COR00506,WR,PZ0064,FDR-PZ0064-B,TSS-WR-32,True
COR04981,WR,PZ0065,FDR-PZ0065-A,TSS-WR-33,False
COR05995,WR,PZ0066,FDR-PZ0066-B,TSS-WR-34,False
COR08345,WR,PZ0067,FDR-PZ0067-B,TSS-WR-35,True
COR01834,WR,PZ0068,FDR-PZ0068-B,TSS-WR-36,True
COR07138,WR,PZ0069,FDR-PZ0069-A,TSS-WR-37,False
COR00694,WR,PZ0070,FDR-PZ0070-B,TSS-WR-38,True
COR04013,WR,PZ0071,FDR-PZ0071-A,TSS-WR-39,True
COR05335,WR,PZ0072,FDR-PZ0072-B,TSS-WR-40,True
COR07754,WR,PZ0073,FDR-PZ0073-A,TSS-WR-41,True
COR01349,WR,PZ0074,FDR-PZ0074-A,TSS-WR-42,False
COR00841,WR,PZ0075,FDR-PZ0075-B,TSS-WR-43,False
COR05489,WR,PZ0076,FDR-PZ0076-A,TSS-WR-44,True
COR07929,WR,PZ0077,FDR-PZ0077-B,TSS-WR-45,True
COR01748,WR,PZ0078,FDR-PZ0078-A,TSS-WR-46,True
COR05188,WR,PZ0079,FDR-PZ0079-B,TSS-WR-47,True
COR05784,WR,PZ0080,FDR-PZ0080-A,TSS-WR-48,True
COR07412,WR,PZ0081,FDR-PZ0081-B,TSS-WR-49,True
COR00689,WR,PZ0082,FDR-PZ0082-B,TSS-WR-50,True
COR05896,WR,PZ0083,FDR-PZ0083-A,TSS-WR-51,True
COR00393,WR,PZ0033,FDR-PZ0033-A,TSS-WR-01,True
COR02882,WR,PZ0034,FDR-PZ0034-A,TSS-WR-02,False
COR07302,WR,PZ0035,FDR-PZ0035-A,TSS-WR-03,True
COR05450,WR,PZ0036,FDR-PZ0036-A,TSS-WR-04,False
COR07587,WR,PZ0037,FDR-PZ0037-B,TSS-WR-05,True
COR05341,WR,PZ0038,FDR-PZ0038-A,TSS-WR-06,True
COR00397,WR,PZ0039,FDR-PZ0039-A,TSS-WR-07,True
COR08011,WR,PZ0040,FDR-PZ0040-B,TSS-WR-08,True
COR06068,WR,PZ0041,FDR-PZ0041-A,TSS-WR-09,False
COR06913,WR,PZ0042,FDR-PZ0042-B,TSS-WR-10,True
COR06459,WR,PZ0043,FDR-PZ0043-B,TSS-WR-11,False
COR02337,WR,PZ0044,FDR-PZ0044-B,TSS-WR-12,True
COR06921,WR,PZ0045,FDR-PZ0045-B,TSS-WR-13,True
COR01973,WR,PZ0046,FDR-PZ0046-A,TSS-WR-14,True
COR06430,WR,PZ0047,FDR-PZ0047-B,TSS-WR-15,True
COR07094,WR,PZ0048,FDR-PZ0048-A,TSS-WR-16,True
COR05774,WR,PZ0049,FDR-PZ0049-B,TSS-WR-17,False
COR07800,WR,PZ0050,FDR-PZ0050-A,TSS-WR-18,True
COR04747,WR,PZ0051,FDR-PZ0051-A,TSS-WR-19,True
COR05786,WR,PZ0052,FDR-PZ0052-B,TSS-WR-20,True
COR06681,WR,PZ0053,FDR-PZ0053-A,TSS-WR-21,True
COR03417,WR,PZ0054,FDR-PZ0054-A,TSS-WR-22,True
COR03205,WR,PZ0055,FDR-PZ0055-A,TSS-WR-23,True
COR06127,WR,PZ0056,FDR-PZ0056-B,TSS-WR-24,True
COR06790,WR,PZ0057,FDR-PZ0057-B,TSS-WR-25,True
COR07947,WR,PZ0058,FDR-PZ0058-B,TSS-WR-26,False
COR00844,WR,PZ0059,FDR-PZ0059-B,TSS-WR-27,True
COR04821,WR,PZ0060,FDR-PZ0060-B,TSS-WR-28,True
COR00715,WR,PZ0061,FDR-PZ0061-B,TSS-WR-29,True
COR01974,WR,PZ0062,FDR-PZ0062-B,TSS-WR-30,True
COR01976,WR,PZ0063,FDR-PZ0063-B,TSS-WR-31,True
COR06136,WR,PZ0064,FDR-PZ0064-A,TSS-WR-32,True
COR03199,WR,PZ0065,FDR-PZ0065-A,TSS-WR-33,False
COR07803,WR,PZ0066,FDR-PZ0066-B,TSS-WR-34,False
COR08005,WR,PZ0067,FDR-PZ0067-B,TSS-WR-35,False
COR00695,WR,PZ0068,FDR-PZ0068-A,TSS-WR-36,True
COR06619,WR,PZ0069,FDR-PZ0069-A,TSS-WR-37,True
COR02792,WR,PZ0070,FDR-PZ0070-A,TSS-WR-38,True
COR06929,WR,PZ0071,FDR-PZ0071-B,TSS-WR-39,True
COR06683,WR,PZ0072,FDR-PZ0072-B,TSS-WR-40,False
COR05096,WR,PZ0073,FDR-PZ0073-B,TSS-WR-41,True
COR06465,WR,PZ0074,FDR-PZ0074-A,TSS-WR-42,True
COR07758,WR,PZ0075,FDR-PZ0075-A,TSS-WR-43,True
COR00851,WR,PZ0076,FDR-PZ0076-B,TSS-WR-44,True
COR02521,WR,PZ0077,FDR-PZ0077-A,TSS-WR-45,True
COR04425,WR,PZ0078,FDR-PZ0078-B,TSS-WR-46,True
COR00696,WR,PZ0079,FDR-PZ0079-B,TSS-WR-47,True
COR06433,WR,PZ0080,FDR-PZ0080-B,TSS-WR-48,True
COR00065,WR,PZ0081,FDR-PZ0081-B,TSS-WR-49,True
COR07588,WR,PZ0082,FDR-PZ0082-A,TSS-WR-50,True
COR06622,WR,PZ0083,FDR-PZ0083-A,TSS-WR-51,False
COR02880,WR,PZ0033,FDR-PZ0033-B,TSS-WR-01,True
COR06375,WR,PZ0034,FDR-PZ0034-B,TSS-WR-02,False
COR07590,WR,PZ0035,FDR-PZ0035-B,TSS-WR-03,False
COR00013,WR,PZ0036,FDR-PZ0036-B,TSS-WR-04,True
COR05912,WR,PZ0037,FDR-PZ0037-B,TSS-WR-05,True
COR08032,WR,PZ0038,FDR-PZ0038-A,TSS-WR-06,False
COR05994,WR,PZ0039,FDR-PZ0039-B,TSS-WR-07,True
COR02421,WR,PZ0040,FDR-PZ0040-B,TSS-WR-08,False
COR02811,WR,PZ0041,FDR-PZ0041-A,TSS-WR-09,True
COR02385,WR,PZ0042,FDR-PZ0042-B,TSS-WR-10,True
COR06912,WR,PZ0043,FDR-PZ0043-B,TSS-WR-11,True
COR04022,WR,PZ0044,FDR-PZ0044-B,TSS-WR-12,True
COR02317,WR,PZ0045,FDR-PZ0045-B,TSS-WR-13,True
COR03215,WR,PZ0046,FDR-PZ0046-B,TSS-WR-14,False
COR02379,WR,PZ0047,FDR-PZ0047-B,TSS-WR-15,True
COR00008,WR,PZ0048,FDR-PZ0048-B,TSS-WR-16,True
COR02338,WR,PZ0049,FDR-PZ0049-A,TSS-WR-17,False
COR02805,WR,PZ0050,FDR-PZ0050-A,TSS-WR-18,True
COR08053,WR,PZ0051,FDR-PZ0051-B,TSS-WR-19,False
COR00722,WR,PZ0052,FDR-PZ0052-A,TSS-WR-20,True
COR01450,WR,PZ0053,FDR-PZ0053-B,TSS-WR-21,True
COR00672,WR,PZ0054,FDR-PZ0054-A,TSS-WR-22,False
COR08388,WR,PZ0055,FDR-PZ0055-B,TSS-WR-23,True
COR03235,WR,PZ0056,FDR-PZ0056-A,TSS-WR-24,False
COR00501,WR,PZ0057,FDR-PZ0057-A,TSS-WR-25,True
COR02809,WR,PZ0058,FDR-PZ0058-A,TSS-WR-26,True
COR05298,WR,PZ0059,FDR-PZ0059-B,TSS-WR-27,True
COR03706,WR,PZ0060,FDR-PZ0060-A,TSS-WR-28,True
COR07168,WR,PZ0061,FDR-PZ0061-B,TSS-WR-29,True
COR03240,WR,PZ0062,FDR-PZ0062-A,TSS-WR-30,True
COR06252,WR,PZ0063,FDR-PZ0063-A,TSS-WR-31,True
COR07585,WR,PZ0064,FDR-PZ0064-B,TSS-WR-32,False
COR06132,WR,PZ0065,FDR-PZ0065-B,TSS-WR-33,False
COR08541,WR,PZ0066,FDR-PZ0066-B,TSS-WR-34,False
COR07923,WR,PZ0067,FDR-PZ0067-B,TSS-WR-35,True
COR06916,WR,PZ0068,FDR-PZ0068-A,TSS-WR-36,False
COR06453,WR,PZ0069,FDR-PZ0069-A,TSS-WR-37,True
COR07972,WR,PZ0070,FDR-PZ0070-B,TSS-WR-38,True
COR02414,WR,PZ0071,FDR-PZ0071-B,TSS-WR-39,True
COR07081,WR,PZ0072,FDR-PZ0072-B,TSS-WR-40,False
COR02819,WR,PZ0073,FDR-PZ0073-B,TSS-WR-41,True
COR06744,WR,PZ0074,FDR-PZ0074-A,TSS-WR-42,True
COR00016,WR,PZ0075,FDR-PZ0075-B,TSS-WR-43,True
COR08009,WR,PZ0076,FDR-PZ0076-A,TSS-WR-44,True
COR06702,WR,PZ0077,FDR-PZ0077-A,TSS-WR-45,True
COR02347,WR,PZ0078,FDR-PZ0078-A,TSS-WR-46,True
COR06332,WR,PZ0079,FDR-PZ0079-B,TSS-WR-47,True
COR04034,WR,PZ0080,FDR-PZ0080-B,TSS-WR-48,False
COR06738,WR,PZ0081,FDR-PZ0081-B,TSS-WR-49,True
COR01347,WR,PZ0082,FDR-PZ0082-B,TSS-WR-50,False
COR08346,WR,PZ0083,FDR-PZ0083-A,TSS-WR-51,False
COR00690,WR,PZ0033,FDR-PZ0033-B,TSS-WR-01,True
COR07140,WR,PZ0034,FDR-PZ0034-B,TSS-WR-02,True
COR01458,WR,PZ0035,FDR-PZ0035-A,TSS-WR-03,True
COR02391,WR,PZ0036,FDR-PZ0036-B,TSS-WR-04,False
COR04744,WR,PZ0037,FDR-PZ0037-A,TSS-WR-05,True
COR05187,WR,PZ0038,FDR-PZ0038-B,TSS-WR-06,True
COR07525,WR,PZ0039,FDR-PZ0039-B,TSS-WR-07,True
COR00716,WR,PZ0040,FDR-PZ0040-B,TSS-WR-08,True
COR07892,WR,PZ0041,FDR-PZ0041-A,TSS-WR-09,True
COR04986,WR,PZ0042,FDR-PZ0042-B,TSS-WR-10,True
COR05339,WR,PZ0043,FDR-PZ0043-B,TSS-WR-11,True
COR05780,WR,PZ0044,FDR-PZ0044-B,TSS-WR-12,True
COR06260,WR,PZ0045,FDR-PZ0045-B,TSS-WR-13,True
COR04030,WR,PZ0046,FDR-PZ0046-A,TSS-WR-14,True
COR02403,WR,PZ0047,FDR-PZ0047-A,TSS-WR-15,True
COR02817,WR,PZ0048,FDR-PZ0048-A,TSS-WR-16,True
COR00684,WR,PZ0049,FDR-PZ0049-A,TSS-WR-17,True
COR06109,WR,PZ0050,FDR-PZ0050-A,TSS-WR-18,True
COR05900,WR,PZ0051,FDR-PZ0051-A,TSS-WR-19,True
COR02417,WR,PZ0052,FDR-PZ0052-A,TSS-WR-20,True
COR00011,WR,PZ0053,FDR-PZ0053-B,TSS-WR-21,False
COR08029,WR,PZ0054,FDR-PZ0054-B,TSS-WR-22,False
COR07780,WR,PZ0055,FDR-PZ0055-B,TSS-WR-23,True
COR02408,WR,PZ0056,FDR-PZ0056-A,TSS-WR-24,True
COR07755,WR,PZ0057,FDR-PZ0057-A,TSS-WR-25,True
COR06858,WR,PZ0058,FDR-PZ0058-B,TSS-WR-26,True
COR01451,WR,PZ0059,FDR-PZ0059-B,TSS-WR-27,True
COR05075,WR,PZ0060,FDR-PZ0060-B,TSS-WR-28,False
COR07078,WR,PZ0061,FDR-PZ0061-A,TSS-WR-29,True
COR03231,WR,PZ0062,FDR-PZ0062-A,TSS-WR-30,True
COR07303,WR,PZ0063,FDR-PZ0063-B,TSS-WR-31,True
COR00039,WR,PZ0064,FDR-PZ0064-A,TSS-WR-32,True
COR08006,WR,PZ0065,FDR-PZ0065-A,TSS-WR-33,True
COR01361,WR,PZ0066,FDR-PZ0066-A,TSS-WR-34,True
COR07304,WR,PZ0067,FDR-PZ0067-B,TSS-WR-35,False
COR07801,WR,PZ0068,FDR-PZ0068-A,TSS-WR-36,True
COR03419,WR,PZ0069,FDR-PZ0069-A,TSS-WR-37,True
COR01360,WR,PZ0070,FDR-PZ0070-A,TSS-WR-38,True
COR08008,WR,PZ0071,FDR-PZ0071-B,TSS-WR-39,True
COR07951,WR,PZ0072,FDR-PZ0072-A,TSS-WR-40,False
COR00040,WR,PZ0073,FDR-PZ0073-A,TSS-WR-41,False
COR08030,WR,PZ0074,FDR-PZ0074-A,TSS-WR-42,True
COR07524,WR,PZ0075,FDR-PZ0075-B,TSS-WR-43,True
COR06716,WR,PZ0076,FDR-PZ0076-B,TSS-WR-44,True
COR06781,WR,PZ0077,FDR-PZ0077-B,TSS-WR-45,False
COR05487,WR,PZ0078,FDR-PZ0078-A,TSS-WR-46,False
COR01987,WR,PZ0079,FDR-PZ0079-B,TSS-WR-47,True
COR05913,WR,PZ0080,FDR-PZ0080-A,TSS-WR-48,True
COR06373,WR,PZ0081,FDR-PZ0081-A,TSS-WR-49,True
COR00504,WR,PZ0082,FDR-PZ0082-B,TSS-WR-50,True
COR06928,WR,PZ0083,FDR-PZ0083-B,TSS-WR-51,False
COR07945,WR,PZ0033,FDR-PZ0033-A,TSS-WR-01,True
COR00062,WR,PZ0034,FDR-PZ0034-A,TSS-WR-02,True
COR06330,WR,PZ0035,FDR-PZ0035-A,TSS-WR-03,True
COR02404,WR,PZ0036,FDR-PZ0036-A,TSS-WR-04,True
COR02802,WR,PZ0037,FDR-PZ0037-B,TSS-WR-05,False
COR02406,WR,PZ0038,FDR-PZ0038-B,TSS-WR-06,True
COR06915,WR,PZ0039,FDR-PZ0039-A,TSS-WR-07,True
COR01745,WR,PZ0040,FDR-PZ0040-B,TSS-WR-08,True
COR06372,WR,PZ0041,FDR-PZ0041-B,TSS-WR-09,False
COR04820,WR,PZ0042,FDR-PZ0042-B,TSS-WR-10,True
COR04819,WR,PZ0043,FDR-PZ0043-B,TSS-WR-11,True
COR07782,WR,PZ0044,FDR-PZ0044-B,TSS-WR-12,True
COR07784,WR,PZ0045,FDR-PZ0045-A,TSS-WR-13,True
COR08028,WR,PZ0046,FDR-PZ0046-B,TSS-WR-14,True
COR06374,WR,PZ0047,FDR-PZ0047-B,TSS-WR-15,False
COR03323,WR,PZ0048,FDR-PZ0048-A,TSS-WR-16,True
COR00849,WR,PZ0049,FDR-PZ0049-A,TSS-WR-17,True
COR08022,WR,PZ0050,FDR-PZ0050-B,TSS-WR-18,True
COR05787,WR,PZ0051,FDR-PZ0051-B,TSS-WR-19,True
COR08305,WR,PZ0052,FDR-PZ0052-B,TSS-WR-20,True
COR00007,WR,PZ0053,FDR-PZ0053-A,TSS-WR-21,True
COR08460,WR,PZ0054,FDR-PZ0054-B,TSS-WR-22,False
COR06970,WR,PZ0055,FDR-PZ0055-A,TSS-WR-23,True
COR06460,WR,PZ0056,FDR-PZ0056-A,TSS-WR-24,True
COR08348,WR,PZ0057,FDR-PZ0057-B,TSS-WR-25,True
COR04748,WR,PZ0058,FDR-PZ0058-B,TSS-WR-26,False
COR06701,WR,PZ0059,FDR-PZ0059-A,TSS-WR-27,True
COR02812,WR,PZ0060,FDR-PZ0060-B,TSS-WR-28,True
COR03415,WR,PZ0061,FDR-PZ0061-B,TSS-WR-29,True
COR00677,WR,PZ0062,FDR-PZ0062-A,TSS-WR-30,True
COR00055,WR,PZ0063,FDR-PZ0063-A,TSS-WR-31,True
COR01988,WR,PZ0064,FDR-PZ0064-A,TSS-WR-32,True
COR06251,WR,PZ0065,FDR-PZ0065-B,TSS-WR-33,True
COR01981,WR,PZ0066,FDR-PZ0066-A,TSS-WR-34,True
COR05483,WR,PZ0067,FDR-PZ0067-B,TSS-WR-35,True
COR07931,WR,PZ0068,FDR-PZ0068-B,TSS-WR-36,True
COR06448,WR,PZ0069,FDR-PZ0069-A,TSS-WR-37,True
COR00053,WR,PZ0070,FDR-PZ0070-A,TSS-WR-38,True
COR02332,WR,PZ0071,FDR-PZ0071-A,TSS-WR-39,True
COR02321,WR,PZ0072,FDR-PZ0072-A,TSS-WR-40,True
COR05998,WR,PZ0073,FDR-PZ0073-A,TSS-WR-41,True
COR06783,WR,PZ0074,FDR-PZ0074-B,TSS-WR-42,False
COR06137,WR,PZ0075,FDR-PZ0075-A,TSS-WR-43,False
COR00686,WR,PZ0076,FDR-PZ0076-B,TSS-WR-44,True
COR00719,WR,PZ0077,FDR-PZ0077-A,TSS-WR-45,False
COR02390,WR,PZ0078,FDR-PZ0078-A,TSS-WR-46,False
COR06625,WR,PZ0079,FDR-PZ0079-A,TSS-WR-47,True
COR05894,WR,PZ0080,FDR-PZ0080-A,TSS-WR-48,True
COR08026,WR,PZ0081,FDR-PZ0081-A,TSS-WR-49,True
COR02389,WR,PZ0082,FDR-PZ0082-A,TSS-WR-50,True
COR05775,WR,PZ0083,FDR-PZ0083-A,TSS-WR-51,True
COR07205,WR,PZ0033,FDR-PZ0033-B,TSS-WR-01,True
COR05804,NWR,PZ0084,FDR-PZ0084-B,TSS-NWR-01,False
COR06013,NWR,PZ0085,FDR-PZ0085-A,TSS-NWR-02,True
COR00099,NWR,PZ0086,FDR-PZ0086-B,TSS-NWR-03,False
COR03441,NWR,PZ0087,FDR-PZ0087-A,TSS-NWR-04,True
COR07294,NWR,PZ0088,FDR-PZ0088-A,TSS-NWR-05,False
COR07216,NWR,PZ0089,FDR-PZ0089-B,TSS-NWR-06,True
COR03604,NWR,PZ0090,FDR-PZ0090-B,TSS-NWR-07,True
COR06775,NWR,PZ0091,FDR-PZ0091-A,TSS-NWR-08,True
COR00804,NWR,PZ0092,FDR-PZ0092-B,TSS-NWR-09,True
COR04346,NWR,PZ0093,FDR-PZ0093-B,TSS-NWR-10,True
COR05655,NWR,PZ0094,FDR-PZ0094-B,TSS-NWR-11,False
COR07705,NWR,PZ0095,FDR-PZ0095-B,TSS-NWR-12,True
COR06021,NWR,PZ0096,FDR-PZ0096-B,TSS-NWR-13,True
COR00077,NWR,PZ0097,FDR-PZ0097-A,TSS-NWR-14,True
COR04239,NWR,PZ0098,FDR-PZ0098-A,TSS-NWR-15,True
COR08539,NWR,PZ0099,FDR-PZ0099-B,TSS-NWR-16,True
COR08602,NWR,PZ0100,FDR-PZ0100-B,TSS-NWR-17,True
COR07011,NWR,PZ0101,FDR-PZ0101-A,TSS-NWR-18,False
COR06361,NWR,PZ0102,FDR-PZ0102-A,TSS-NWR-19,True
COR06489,NWR,PZ0103,FDR-PZ0103-B,TSS-NWR-20,True
COR01331,NWR,PZ0104,FDR-PZ0104-A,TSS-NWR-21,True
COR07064,NWR,PZ0105,FDR-PZ0105-B,TSS-NWR-22,True
COR06506,NWR,PZ0106,FDR-PZ0106-A,TSS-NWR-23,True
COR00521,NWR,PZ0107,FDR-PZ0107-A,TSS-NWR-24,False
COR05834,NWR,PZ0108,FDR-PZ0108-A,TSS-NWR-25,False
COR06602,NWR,PZ0109,FDR-PZ0109-A,TSS-NWR-26,True
COR05201,NWR,PZ0110,FDR-PZ0110-B,TSS-NWR-27,True
COR02356,NWR,PZ0111,FDR-PZ0111-B,TSS-NWR-28,True
COR00796,NWR,PZ0112,FDR-PZ0112-B,TSS-NWR-29,True
COR04559,NWR,PZ0113,FDR-PZ0113-B,TSS-NWR-30,False
COR04339,NWR,PZ0114,FDR-PZ0114-B,TSS-NWR-31,True
COR00131,NWR,PZ0115,FDR-PZ0115-B,TSS-NWR-32,False
COR06010,NWR,PZ0116,FDR-PZ0116-A,TSS-NWR-33,True
COR05941,NWR,PZ0117,FDR-PZ0117-B,TSS-NWR-34,False
COR03362,NWR,PZ0118,FDR-PZ0118-B,TSS-NWR-35,True
COR04359,NWR,PZ0119,FDR-PZ0119-A,TSS-NWR-36,True
COR01330,NWR,PZ0120,FDR-PZ0120-B,TSS-NWR-37,True
COR03378,NWR,PZ0121,FDR-PZ0121-B,TSS-NWR-38,False
COR04345,NWR,PZ0122,FDR-PZ0122-A,TSS-NWR-39,True
COR07792,NWR,PZ0123,FDR-PZ0123-B,TSS-NWR-40,True
COR01335,NWR,PZ0124,FDR-PZ0124-B,TSS-NWR-41,True
COR01820,NWR,PZ0125,FDR-PZ0125-B,TSS-NWR-42,True
COR00800,NWR,PZ0126,FDR-PZ0126-A,TSS-NWR-43,True
COR02513,NWR,PZ0084,FDR-PZ0084-A,TSS-NWR-01,True
COR03456,NWR,PZ0085,FDR-PZ0085-B,TSS-NWR-02,False
COR03753,NWR,PZ0086,FDR-PZ0086-A,TSS-NWR-03,True
COR00786,NWR,PZ0087,FDR-PZ0087-A,TSS-NWR-04,True
COR00104,NWR,PZ0088,FDR-PZ0088-A,TSS-NWR-05,True
COR03606,NWR,PZ0089,FDR-PZ0089-A,TSS-NWR-06,True
COR06770,NWR,PZ0090,FDR-PZ0090-B,TSS-NWR-07,True
COR02497,NWR,PZ0091,FDR-PZ0091-A,TSS-NWR-08,True
COR06589,NWR,PZ0092,FDR-PZ0092-B,TSS-NWR-09,False
COR06011,NWR,PZ0093,FDR-PZ0093-B,TSS-NWR-10,True
COR04356,NWR,PZ0094,FDR-PZ0094-B,TSS-NWR-11,True
COR00798,NWR,PZ0095,FDR-PZ0095-B,TSS-NWR-12,True
COR08505,NWR,PZ0096,FDR-PZ0096-A,TSS-NWR-13,True
COR07482,NWR,PZ0097,FDR-PZ0097-A,TSS-NWR-14,True
COR06500,NWR,PZ0098,FDR-PZ0098-A,TSS-NWR-15,True
COR07013,NWR,PZ0099,FDR-PZ0099-B,TSS-NWR-16,True
COR04344,NWR,PZ0100,FDR-PZ0100-B,TSS-NWR-17,True
COR06823,NWR,PZ0101,FDR-PZ0101-A,TSS-NWR-18,True
COR04864,NWR,PZ0102,FDR-PZ0102-B,TSS-NWR-19,True
COR04200,NWR,PZ0103,FDR-PZ0103-B,TSS-NWR-20,False
COR07213,NWR,PZ0104,FDR-PZ0104-A,TSS-NWR-21,True
COR06599,NWR,PZ0105,FDR-PZ0105-B,TSS-NWR-22,True
COR04236,NWR,PZ0106,FDR-PZ0106-A,TSS-NWR-23,True
COR00784,NWR,PZ0107,FDR-PZ0107-A,TSS-NWR-24,True
COR08285,NWR,PZ0108,FDR-PZ0108-A,TSS-NWR-25,True
COR05656,NWR,PZ0109,FDR-PZ0109-B,TSS-NWR-26,True
COR00098,NWR,PZ0110,FDR-PZ0110-B,TSS-NWR-27,True
COR08566,NWR,PZ0111,FDR-PZ0111-A,TSS-NWR-28,True
COR03375,NWR,PZ0112,FDR-PZ0112-B,TSS-NWR-29,True
COR04871,NWR,PZ0113,FDR-PZ0113-B,TSS-NWR-30,True
COR00808,NWR,PZ0114,FDR-PZ0114-B,TSS-NWR-31,True
COR00137,NWR,PZ0115,FDR-PZ0115-A,TSS-NWR-32,True
COR08507,NWR,PZ0116,FDR-PZ0116-B,TSS-NWR-33,True
COR06635,NWR,PZ0117,FDR-PZ0117-B,TSS-NWR-34,True
COR06496,NWR,PZ0118,FDR-PZ0118-B,TSS-NWR-35,True
COR06587,NWR,PZ0119,FDR-PZ0119-A,TSS-NWR-36,True
COR03594,NWR,PZ0120,FDR-PZ0120-B,TSS-NWR-37,False
COR01328,NWR,PZ0121,FDR-PZ0121-A,TSS-NWR-38,True
COR01339,NWR,PZ0122,FDR-PZ0122-A,TSS-NWR-39,True
COR01828,NWR,PZ0123,FDR-PZ0123-A,TSS-NWR-40,False
COR02354,NWR,PZ0124,FDR-PZ0124-B,TSS-NWR-41,True
COR00777,NWR,PZ0125,FDR-PZ0125-B,TSS-NWR-42,True
COR04873,NWR,PZ0126,FDR-PZ0126-B,TSS-NWR-43,True
COR05194,NWR,PZ0084,FDR-PZ0084-A,TSS-NWR-01,True
COR05858,NWR,PZ0085,FDR-PZ0085-A,TSS-NWR-02,True
COR00082,NWR,PZ0086,FDR-PZ0086-B,TSS-NWR-03,False
COR07001,NWR,PZ0087,FDR-PZ0087-B,TSS-NWR-04,False
COR00123,NWR,PZ0088,FDR-PZ0088-A,TSS-NWR-05,True
COR03591,NWR,PZ0089,FDR-PZ0089-A,TSS-NWR-06,True
COR06583,NWR,PZ0090,FDR-PZ0090-A,TSS-NWR-07,False
COR08500,NWR,PZ0091,FDR-PZ0091-A,TSS-NWR-08,False
COR00820,NWR,PZ0092,FDR-PZ0092-B,TSS-NWR-09,False
COR06779,NWR,PZ0093,FDR-PZ0093-A,TSS-NWR-10,True
COR00814,NWR,PZ0094,FDR-PZ0094-A,TSS-NWR-11,True
COR00108,NWR,PZ0095,FDR-PZ0095-B,TSS-NWR-12,True
COR06232,NWR,PZ0096,FDR-PZ0096-B,TSS-NWR-13,False
COR05197,NWR,PZ0097,FDR-PZ0097-A,TSS-NWR-14,True
COR05669,NWR,PZ0098,FDR-PZ0098-B,TSS-NWR-15,True
COR05944,NWR,PZ0099,FDR-PZ0099-B,TSS-NWR-16,True
COR06816,NWR,PZ0100,FDR-PZ0100-A,TSS-NWR-17,True
COR04558,NWR,PZ0101,FDR-PZ0101-B,TSS-NWR-18,True
COR04231,NWR,PZ0102,FDR-PZ0102-A,TSS-NWR-19,True
COR06027,NWR,PZ0103,FDR-PZ0103-B,TSS-NWR-20,True
COR01327,NWR,PZ0104,FDR-PZ0104-B,TSS-NWR-21,True
COR00782,NWR,PZ0105,FDR-PZ0105-B,TSS-NWR-22,False
COR05645,NWR,PZ0106,FDR-PZ0106-A,TSS-NWR-23,True
COR00080,NWR,PZ0107,FDR-PZ0107-B,TSS-NWR-24,False
COR06804,NWR,PZ0108,FDR-PZ0108-B,TSS-NWR-25,True
COR00126,NWR,PZ0109,FDR-PZ0109-B,TSS-NWR-26,True
COR05672,NWR,PZ0110,FDR-PZ0110-B,TSS-NWR-27,False
COR02358,NWR,PZ0111,FDR-PZ0111-B,TSS-NWR-28,True
COR03598,NWR,PZ0112,FDR-PZ0112-B,TSS-NWR-29,True
COR05803,NWR,PZ0113,FDR-PZ0113-A,TSS-NWR-30,True
COR00792,NWR,PZ0114,FDR-PZ0114-A,TSS-NWR-31,True
COR07027,NWR,PZ0115,FDR-PZ0115-A,TSS-NWR-32,True
COR00072,NWR,PZ0116,FDR-PZ0116-A,TSS-NWR-33,True
COR03376,NWR,PZ0117,FDR-PZ0117-A,TSS-NWR-34,True
COR02504,NWR,PZ0118,FDR-PZ0118-A,TSS-NWR-35,True
COR05940,NWR,PZ0119,FDR-PZ0119-B,TSS-NWR-36,True
COR08611,NWR,PZ0120,FDR-PZ0120-B,TSS-NWR-37,True
COR06494,NWR,PZ0121,FDR-PZ0121-A,TSS-NWR-38,True
COR03427,NWR,PZ0122,FDR-PZ0122-A,TSS-NWR-39,True
COR05198,NWR,PZ0123,FDR-PZ0123-A,TSS-NWR-40,False
COR04272,NWR,PZ0124,FDR-PZ0124-A,TSS-NWR-41,True
COR04357,NWR,PZ0125,FDR-PZ0125-A,TSS-NWR-42,True
COR00119,NWR,PZ0126,FDR-PZ0126-A,TSS-NWR-43,True
COR03366,NWR,PZ0084,FDR-PZ0084-A,TSS-NWR-01,False
COR07483,NWR,PZ0085,FDR-PZ0085-A,TSS-NWR-02,True
COR00103,NWR,PZ0086,FDR-PZ0086-B,TSS-NWR-03,True
COR08609,NWR,PZ0087,FDR-PZ0087-A,TSS-NWR-04,True
COR07709,NWR,PZ0088,FDR-PZ0088-B,TSS-NWR-05,False
COR00828,NWR,PZ0089,FDR-PZ0089-B,TSS-NWR-06,True
COR08574,NWR,PZ0090,FDR-PZ0090-A,TSS-NWR-07,True
COR00115,NWR,PZ0091,FDR-PZ0091-A,TSS-NWR-08,True
COR06822,NWR,PZ0092,FDR-PZ0092-B,TSS-NWR-09,False
COR04342,NWR,PZ0093,FDR-PZ0093-B,TSS-NWR-10,False
COR04337,NWR,PZ0094,FDR-PZ0094-B,TSS-NWR-11,True
COR08501,NWR,PZ0095,FDR-PZ0095-A,TSS-NWR-12,True
COR07067,NWR,PZ0096,FDR-PZ0096-A,TSS-NWR-13,True
COR05801,NWR,PZ0097,FDR-PZ0097-A,TSS-NWR-14,True
COR06594,NWR,PZ0098,FDR-PZ0098-A,TSS-NWR-15,True
COR02218,NWR,PZ0099,FDR-PZ0099-B,TSS-NWR-16,True
COR06503,NWR,PZ0100,FDR-PZ0100-A,TSS-NWR-17,False
COR01302,NWR,PZ0101,FDR-PZ0101-B,TSS-NWR-18,True
COR06007,NWR,PZ0102,FDR-PZ0102-A,TSS-NWR-19,True
COR01817,NWR,PZ0103,FDR-PZ0103-B,TSS-NWR-20,False
COR01312,NWR,PZ0104,FDR-PZ0104-A,TSS-NWR-21,False
COR05851,NWR,PZ0105,FDR-PZ0105-A,TSS-NWR-22,True
COR04876,NWR,PZ0106,FDR-PZ0106-A,TSS-NWR-23,False
COR00510,NWR,PZ0107,FDR-PZ0107-B,TSS-NWR-24,True
COR06606,NWR,PZ0108,FDR-PZ0108-B,TSS-NWR-25,False
COR00779,NWR,PZ0109,FDR-PZ0109-A,TSS-NWR-26,True
COR02503,NWR,PZ0110,FDR-PZ0110-B,TSS-NWR-27,True
COR00811,NWR,PZ0111,FDR-PZ0111-B,TSS-NWR-28,False
COR04232,NWR,PZ0112,FDR-PZ0112-A,TSS-NWR-29,True
COR08607,NWR,PZ0113,FDR-PZ0113-A,TSS-NWR-30,True
COR08571,NWR,PZ0114,FDR-PZ0114-B,TSS-NWR-31,True
COR06499,NWR,PZ0115,FDR-PZ0115-B,TSS-NWR-32,True
COR01334,NWR,PZ0116,FDR-PZ0116-B,TSS-NWR-33,True
COR02212,NWR,PZ0117,FDR-PZ0117-A,TSS-NWR-34,True
COR08557,NWR,PZ0118,FDR-PZ0118-B,TSS-NWR-35,True
COR06240,NWR,PZ0119,FDR-PZ0119-B,TSS-NWR-36,False
COR04341,NWR,PZ0120,FDR-PZ0120-B,TSS-NWR-37,True
COR02505,NWR,PZ0121,FDR-PZ0121-A,TSS-NWR-38,True
COR07787,NWR,PZ0122,FDR-PZ0122-B,TSS-NWR-39,True
COR06807,NWR,PZ0123,FDR-PZ0123-B,TSS-NWR-40,True
COR07218,NWR,PZ0124,FDR-PZ0124-A,TSS-NWR-41,True
COR00825,NWR,PZ0125,FDR-PZ0125-B,TSS-NWR-42,True
COR01442,NWR,PZ0126,FDR-PZ0126-B,TSS-NWR-43,True
COR08281,NWR,PZ0084,FDR-PZ0084-A,TSS-NWR-01,True
COR03593,NWR,PZ0085,FDR-PZ0085-A,TSS-NWR-02,True
COR04234,NWR,PZ0086,FDR-PZ0086-A,TSS-NWR-03,True
COR00138,NWR,PZ0087,FDR-PZ0087-A,TSS-NWR-04,False
COR07485,NWR,PZ0088,FDR-PZ0088-B,TSS-NWR-05,True
COR05662,NWR,PZ0089,FDR-PZ0089-B,TSS-NWR-06,False
COR06593,NWR,PZ0090,FDR-PZ0090-A,TSS-NWR-07,True
COR01815,NWR,PZ0091,FDR-PZ0091-A,TSS-NWR-08,True
COR01826,NWR,PZ0092,FDR-PZ0092-A,TSS-NWR-09,True
COR07906,NWR,PZ0093,FDR-PZ0093-A,TSS-NWR-10,False
COR02495,NWR,PZ0094,FDR-PZ0094-B,TSS-NWR-11,False
COR00071,NWR,PZ0095,FDR-PZ0095-A,TSS-NWR-12,True
COR06028,NWR,PZ0096,FDR-PZ0096-A,TSS-NWR-13,False
COR03454,NWR,PZ0097,FDR-PZ0097-A,TSS-NWR-14,True
COR07481,NWR,PZ0098,FDR-PZ0098-B,TSS-NWR-15,True
COR06777,NWR,PZ0099,FDR-PZ0099-B,TSS-NWR-16,False
COR05661,NWR,PZ0100,FDR-PZ0100-A,TSS-NWR-17,True
COR06582,NWR,PZ0101,FDR-PZ0101-A,TSS-NWR-18,True
COR03755,NWR,PZ0102,FDR-PZ0102-A,TSS-NWR-19,False
COR07003,NWR,PZ0103,FDR-PZ0103-A,TSS-NWR-20,True
COR07491,NWR,PZ0104,FDR-PZ0104-A,TSS-NWR-21,False
COR06801,NWR,PZ0105,FDR-PZ0105-A,TSS-NWR-22,False
COR02491,NWR,PZ0106,FDR-PZ0106-A,TSS-NWR-23,True
COR00802,NWR,PZ0107,FDR-PZ0107-A,TSS-NWR-24,True
COR01825,NWR,PZ0108,FDR-PZ0108-A,TSS-NWR-25,True
COR08286,NWR,PZ0109,FDR-PZ0109-B,TSS-NWR-26,True
COR00801,NWR,PZ0110,FDR-PZ0110-A,TSS-NWR-27,True
COR04352,NWR,PZ0111,FDR-PZ0111-A,TSS-NWR-28,False
COR00106,NWR,PZ0112,FDR-PZ0112-A,TSS-NWR-29,True
COR07293,NWR,PZ0113,FDR-PZ0113-A,TSS-NWR-30,True
COR08499,NWR,PZ0114,FDR-PZ0114-B,TSS-NWR-31,True
COR06601,NWR,PZ0115,FDR-PZ0115-B,TSS-NWR-32,True
COR00076,NWR,PZ0116,FDR-PZ0116-B,TSS-NWR-33,True
COR06604,NWR,PZ0117,FDR-PZ0117-A,TSS-NWR-34,True
COR06239,NWR,PZ0118,FDR-PZ0118-B,TSS-NWR-35,False
COR00806,NWR,PZ0119,FDR-PZ0119-A,TSS-NWR-36,False
COR01320,NWR,PZ0120,FDR-PZ0120-A,TSS-NWR-37,True
COR00519,NWR,PZ0121,FDR-PZ0121-A,TSS-NWR-38,False
COR07014,NWR,PZ0122,FDR-PZ0122-B,TSS-NWR-39,True
COR00116,NWR,PZ0123,FDR-PZ0123-B,TSS-NWR-40,True
COR05848,NWR,PZ0124,FDR-PZ0124-A,TSS-NWR-41,True
COR06813,NWR,PZ0125,FDR-PZ0125-B,TSS-NWR-42,True
COR05806,NWR,PZ0126,FDR-PZ0126-B,TSS-NWR-43,True
COR06815,NWR,PZ0084,FDR-PZ0084-A,TSS-NWR-01,True
COR06365,NWR,PZ0085,FDR-PZ0085-A,TSS-NWR-02,True
COR08511,NWR,PZ0086,FDR-PZ0086-B,TSS-NWR-03,True
COR06487,NWR,PZ0087,FDR-PZ0087-A,TSS-NWR-04,True
COR04201,NWR,PZ0088,FDR-PZ0088-B,TSS-NWR-05,True
COR03596,NWR,PZ0089,FDR-PZ0089-A,TSS-NWR-06,True
COR01323,NWR,PZ0090,FDR-PZ0090-A,TSS-NWR-07,True
COR03286,NWR,PZ0091,FDR-PZ0091-A,TSS-NWR-08,True
COR05665,NWR,PZ0092,FDR-PZ0092-A,TSS-NWR-09,True
COR05567,NWR,PZ0093,FDR-PZ0093-A,TSS-NWR-10,True
COR03426,NWR,PZ0094,FDR-PZ0094-A,TSS-NWR-11,True
COR03361,NWR,PZ0095,FDR-PZ0095-A,TSS-NWR-12,True
COR03608,NWR,PZ0096,FDR-PZ0096-B,TSS-NWR-13,True
COR04276,NWR,PZ0097,FDR-PZ0097-A,TSS-NWR-14,True
COR00511,NWR,PZ0098,FDR-PZ0098-A,TSS-NWR-15,True
COR00084,NWR,PZ0099,FDR-PZ0099-B,TSS-NWR-16,True
COR06603,NWR,PZ0100,FDR-PZ0100-B,TSS-NWR-17,True
COR00132,NWR,PZ0101,FDR-PZ0101-B,TSS-NWR-18,True
COR04351,NWR,PZ0102,FDR-PZ0102-A,TSS-NWR-19,False
COR01324,NWR,PZ0103,FDR-PZ0103-A,TSS-NWR-20,True
COR07208,NWR,PZ0104,FDR-PZ0104-A,TSS-NWR-21,True
COR07291,NWR,PZ0105,FDR-PZ0105-A,TSS-NWR-22,True
COR07026,NWR,PZ0106,FDR-PZ0106-A,TSS-NWR-23,True
COR06501,NWR,PZ0107,FDR-PZ0107-B,TSS-NWR-24,True
COR01311,NWR,PZ0108,FDR-PZ0108-B,TSS-NWR-25,True
COR01811,NWR,PZ0109,FDR-PZ0109-A,TSS-NWR-26,True
COR00832,NWR,PZ0110,FDR-PZ0110-A,TSS-NWR-27,True
COR06015,NWR,PZ0111,FDR-PZ0111-B,TSS-NWR-28,False
COR04358,NWR,PZ0112,FDR-PZ0112-B,TSS-NWR-29,False
COR07289,NWR,PZ0113,FDR-PZ0113-A,TSS-NWR-30,True
COR00789,NWR,PZ0114,FDR-PZ0114-B,TSS-NWR-31,True
COR06486,NWR,PZ0115,FDR-PZ0115-B,TSS-NWR-32,True
COR05670,NWR,PZ0116,FDR-PZ0116-B,TSS-NWR-33,True
COR06824,NWR,PZ0117,FDR-PZ0117-B,TSS-NWR-34,True
COR00120,NWR,PZ0118,FDR-PZ0118-A,TSS-NWR-35,True
COR01822,NWR,PZ0119,FDR-PZ0119-B,TSS-NWR-36,True
COR03381,NWR,PZ0120,FDR-PZ0120-A,TSS-NWR-37,True
COR08463,NWR,PZ0121,FDR-PZ0121-A,TSS-NWR-38,True
COR08604,NWR,PZ0122,FDR-PZ0122-A,TSS-NWR-39,False
COR05805,NWR,PZ0123,FDR-PZ0123-B,TSS-NWR-40,True
COR07793,NWR,PZ0124,FDR-PZ0124-B,TSS-NWR-41,True
COR08503,NWR,PZ0125,FDR-PZ0125-B,TSS-NWR-42,True
COR06234,NWR,PZ0126,FDR-PZ0126-A,TSS-NWR-43,True
COR08502,NWR,PZ0084,FDR-PZ0084-A,TSS-NWR-01,True
COR00783,NWR,PZ0085,FDR-PZ0085-B,TSS-NWR-02,False
COR05937,NWR,PZ0086,FDR-PZ0086-A,TSS-NWR-03,True
COR00803,NWR,PZ0087,FDR-PZ0087-B,TSS-NWR-04,True
COR04340,NWR,PZ0088,FDR-PZ0088-B,TSS-NWR-05,True
COR07479,NWR,PZ0089,FDR-PZ0089-A,TSS-NWR-06,True
COR06771,NWR,PZ0090,FDR-PZ0090-B,TSS-NWR-07,True
COR03605,NWR,PZ0091,FDR-PZ0091-A,TSS-NWR-08,False
COR00133,NWR,PZ0092,FDR-PZ0092-A,TSS-NWR-09,True
COR01329,NWR,PZ0093,FDR-PZ0093-A,TSS-NWR-10,True
COR00821,NWR,PZ0094,FDR-PZ0094-B,TSS-NWR-11,True
COR01310,NWR,PZ0095,FDR-PZ0095-A,TSS-NWR-12,True
COR06820,NWR,PZ0096,FDR-PZ0096-B,TSS-NWR-13,True
COR06776,NWR,PZ0097,FDR-PZ0097-A,TSS-NWR-14,True
COR02493,NWR,PZ0098,FDR-PZ0098-A,TSS-NWR-15,True
COR05857,NWR,PZ0099,FDR-PZ0099-A,TSS-NWR-16,True
COR02516,NWR,PZ0100,FDR-PZ0100-B,TSS-NWR-17,False
COR04207,NWR,PZ0101,FDR-PZ0101-A,TSS-NWR-18,True
COR00096,NWR,PZ0102,FDR-PZ0102-A,TSS-NWR-19,True
COR08569,NWR,PZ0103,FDR-PZ0103-A,TSS-NWR-20,True
COR00791,NWR,PZ0104,FDR-PZ0104-B,TSS-NWR-21,True
COR08565,NWR,PZ0105,FDR-PZ0105-B,TSS-NWR-22,False
COR08510,NWR,PZ0106,FDR-PZ0106-A,TSS-NWR-23,False
COR02515,NWR,PZ0107,FDR-PZ0107-B,TSS-NWR-24,False
COR01316,NWR,PZ0108,FDR-PZ0108-B,TSS-NWR-25,True
COR05814,NWR,PZ0109,FDR-PZ0109-B,TSS-NWR-26,True
COR00129,NWR,PZ0110,FDR-PZ0110-A,TSS-NWR-27,False
COR06498,NWR,PZ0111,FDR-PZ0111-A,TSS-NWR-28,True
COR06812,NWR,PZ0112,FDR-PZ0112-B,TSS-NWR-29,True
COR04865,NWR,PZ0113,FDR-PZ0113-B,TSS-NWR-30,True
COR05807,NWR,PZ0114,FDR-PZ0114-B,TSS-NWR-31,True
COR06806,NWR,PZ0115,FDR-PZ0115-A,TSS-NWR-32,False
COR06595,NWR,PZ0116,FDR-PZ0116-A,TSS-NWR-33,True
COR00101,NWR,PZ0117,FDR-PZ0117-B,TSS-NWR-34,True
COR04203,NWR,PZ0118,FDR-PZ0118-A,TSS-NWR-35,True
COR05820,NWR,PZ0119,FDR-PZ0119-B,TSS-NWR-36,False
COR05822,NWR,PZ0120,FDR-PZ0120-A,TSS-NWR-37,True
COR07214,NWR,PZ0121,FDR-PZ0121-B,TSS-NWR-38,True
COR00114,NWR,PZ0122,FDR-PZ0122-B,TSS-NWR-39,True
COR05860,NWR,PZ0123,FDR-PZ0123-A,TSS-NWR-40,True
COR08573,NWR,PZ0124,FDR-PZ0124-A,TSS-NWR-41,True
COR07065,NWR,PZ0125,FDR-PZ0125-B,TSS-NWR-42,True
COR05190,NWR,PZ0126,FDR-PZ0126-A,TSS-NWR-43,True
COR05667,NWR,PZ0084,FDR-PZ0084-A,TSS-NWR-01,False
COR03365,NWR,PZ0085,FDR-PZ0085-A,TSS-NWR-02,True
COR03371,NWR,PZ0086,FDR-PZ0086-B,TSS-NWR-03,True
COR00834,NWR,PZ0087,FDR-PZ0087-B,TSS-NWR-04,True
COR00515,NWR,PZ0088,FDR-PZ0088-A,TSS-NWR-05,True
COR04278,NWR,PZ0089,FDR-PZ0089-B,TSS-NWR-06,True
COR01818,NWR,PZ0090,FDR-PZ0090-A,TSS-NWR-07,True
COR06005,NWR,PZ0091,FDR-PZ0091-B,TSS-NWR-08,True
COR07066,NWR,PZ0092,FDR-PZ0092-B,TSS-NWR-09,False
COR06508,NWR,PZ0093,FDR-PZ0093-A,TSS-NWR-10,True
COR01317,NWR,PZ0094,FDR-PZ0094-B,TSS-NWR-11,True
COR01300,NWR,PZ0095,FDR-PZ0095-B,TSS-NWR-12,False
COR03429,NWR,PZ0096,FDR-PZ0096-B,TSS-NWR-13,False
COR03373,NWR,PZ0097,FDR-PZ0097-A,TSS-NWR-14,True
COR08431,NWR,PZ0098,FDR-PZ0098-B,TSS-NWR-15,True
COR04195,NWR,PZ0099,FDR-PZ0099-A,TSS-NWR-16,True
COR06235,NWR,PZ0100,FDR-PZ0100-A,TSS-NWR-17,True
COR01326,NWR,PZ0101,FDR-PZ0101-A,TSS-NWR-18,True
COR00095,NWR,PZ0102,FDR-PZ0102-A,TSS-NWR-19,True
COR00142,NWR,PZ0103,FDR-PZ0103-B,TSS-NWR-20,True
COR07790,NWR,PZ0104,FDR-PZ0104-A,TSS-NWR-21,True
COR04867,NWR,PZ0105,FDR-PZ0105-A,TSS-NWR-22,True
COR08603,NWR,PZ0106,FDR-PZ0106-A,TSS-NWR-23,False
COR04872,NWR,PZ0107,FDR-PZ0107-B,TSS-NWR-24,True
COR03448,NWR,PZ0108,FDR-PZ0108-B,TSS-NWR-25,True
COR03444,NWR,PZ0109,FDR-PZ0109-B,TSS-NWR-26,True
COR00831,NWR,PZ0110,FDR-PZ0110-B,TSS-NWR-27,True
COR05855,NWR,PZ0111,FDR-PZ0111-A,TSS-NWR-28,False
COR08568,NWR,PZ0112,FDR-PZ0112-B,TSS-NWR-29,True
COR00070,NWR,PZ0113,FDR-PZ0113-B,TSS-NWR-30,True
COR06491,NWR,PZ0114,FDR-PZ0114-B,TSS-NWR-31,False
COR07490,NWR,PZ0115,FDR-PZ0115-A,TSS-NWR-32,True
COR06362,NWR,PZ0116,FDR-PZ0116-B,TSS-NWR-33,True
COR07210,NWR,PZ0117,FDR-PZ0117-A,TSS-NWR-34,True
COR05809,NWR,PZ0118,FDR-PZ0118-A,TSS-NWR-35,True
COR04284,NWR,PZ0119,FDR-PZ0119-B,TSS-NWR-36,True
COR02357,NWR,PZ0120,FDR-PZ0120-A,TSS-NWR-37,False
COR06584,NWR,PZ0121,FDR-PZ0121-A,TSS-NWR-38,True
COR03379,NWR,PZ0122,FDR-PZ0122-A,TSS-NWR-39,True
COR00795,NWR,PZ0123,FDR-PZ0123-B,TSS-NWR-40,True
COR05932,NWR,PZ0124,FDR-PZ0124-B,TSS-NWR-41,True
COR06818,NWR,PZ0125,FDR-PZ0125-A,TSS-NWR-42,True
COR05642,NWR,PZ0126,FDR-PZ0126-A,TSS-NWR-43,True
COR00069,NWR,PZ0084,FDR-PZ0084-B,TSS-NWR-01,True
COR03288,NWR,PZ0085,FDR-PZ0085-B,TSS-NWR-02,True
COR08290,NWR,PZ0086,FDR-PZ0086-A,TSS-NWR-03,True
COR02500,NWR,PZ0087,FDR-PZ0087-A,TSS-NWR-04,False
COR07069,NWR,PZ0088,FDR-PZ0088-B,TSS-NWR-05,False
COR08296,NWR,PZ0089,FDR-PZ0089-A,TSS-NWR-06,False
COR00813,NWR,PZ0090,FDR-PZ0090-B,TSS-NWR-07,True
COR03445,NWR,PZ0091,FDR-PZ0091-B,TSS-NWR-08,True
COR00068,NWR,PZ0092,FDR-PZ0092-B,TSS-NWR-09,True
COR04285,NWR,PZ0093,FDR-PZ0093-B,TSS-NWR-10,False
COR00134,NWR,PZ0094,FDR-PZ0094-A,TSS-NWR-11,False
COR00127,NWR,PZ0095,FDR-PZ0095-B,TSS-NWR-12,True
COR04343,NWR,PZ0096,FDR-PZ0096-A,TSS-NWR-13,True
COR03447,NWR,PZ0097,FDR-PZ0097-A,TSS-NWR-14,True
COR00836,NWR,PZ0098,FDR-PZ0098-A,TSS-NWR-15,True
COR02211,NWR,PZ0099,FDR-PZ0099-B,TSS-NWR-16,True
COR08282,NWR,PZ0100,FDR-PZ0100-A,TSS-NWR-17,True
COR01305,NWR,PZ0101,FDR-PZ0101-A,TSS-NWR-18,True
COR07288,NWR,PZ0102,FDR-PZ0102-A,TSS-NWR-19,True
COR05844,NWR,PZ0103,FDR-PZ0103-A,TSS-NWR-20,False
COR04332,NWR,PZ0104,FDR-PZ0104-B,TSS-NWR-21,True
COR00141,NWR,PZ0105,FDR-PZ0105-A,TSS-NWR-22,True
COR04277,NWR,PZ0106,FDR-PZ0106-B,TSS-NWR-23,True
COR00509,NWR,PZ0107,FDR-PZ0107-A,TSS-NWR-24,False
COR08287,NWR,PZ0108,FDR-PZ0108-B,TSS-NWR-25,True
COR03367,NWR,PZ0109,FDR-PZ0109-B,TSS-NWR-26,True
COR01319,NWR,PZ0110,FDR-PZ0110-A,TSS-NWR-27,False
COR06607,NWR,PZ0111,FDR-PZ0111-B,TSS-NWR-28,True
COR06363,NWR,PZ0112,FDR-PZ0112-B,TSS-NWR-29,True
COR05632,NWR,PZ0113,FDR-PZ0113-B,TSS-NWR-30,True
COR03291,NWR,PZ0114,FDR-PZ0114-B,TSS-NWR-31,True
COR01341,NWR,PZ0115,FDR-PZ0115-B,TSS-NWR-32,False
COR05842,NWR,PZ0116,FDR-PZ0116-A,TSS-NWR-33,True
COR04355,NWR,PZ0117,FDR-PZ0117-B,TSS-NWR-34,True
COR06507,NWR,PZ0118,FDR-PZ0118-B,TSS-NWR-35,False
COR04202,NWR,PZ0119,FDR-PZ0119-B,TSS-NWR-36,True
COR01344,NWR,PZ0120,FDR-PZ0120-B,TSS-NWR-37,True
COR03758,NWR,PZ0121,FDR-PZ0121-B,TSS-NWR-38,True
COR05199,NWR,PZ0122,FDR-PZ0122-A,TSS-NWR-39,True
COR00110,NWR,PZ0123,FDR-PZ0123-B,TSS-NWR-40,True
COR01333,NWR,PZ0124,FDR-PZ0124-B,TSS-NWR-41,True
COR03451,NWR,PZ0125,FDR-PZ0125-B,TSS-NWR-42,True
COR04334,NWR,PZ0126,FDR-PZ0126-B,TSS-NWR-43,True
COR03757,NWR,PZ0084,FDR-PZ0084-B,TSS-NWR-01,True
COR00125,NWR,PZ0085,FDR-PZ0085-B,TSS-NWR-02,True
COR04283,NWR,PZ0086,FDR-PZ0086-A,TSS-NWR-03,True
COR06026,NWR,PZ0087,FDR-PZ0087-B,TSS-NWR-04,True
COR07905,NWR,PZ0088,FDR-PZ0088-B,TSS-NWR-05,True
COR05843,NWR,PZ0089,FDR-PZ0089-B,TSS-NWR-06,False
COR00516,NWR,PZ0090,FDR-PZ0090-B,TSS-NWR-07,True
COR05195,NWR,PZ0091,FDR-PZ0091-B,TSS-NWR-08,True
COR07707,NWR,PZ0092,FDR-PZ0092-A,TSS-NWR-09,True
COR03750,NWR,PZ0093,FDR-PZ0093-B,TSS-NWR-10,False
COR07006,NWR,PZ0094,FDR-PZ0094-B,TSS-NWR-11,True
COR00812,NWR,PZ0095,FDR-PZ0095-B,TSS-NWR-12,True
COR04347,NWR,PZ0096,FDR-PZ0096-B,TSS-NWR-13,False
COR06856,NWR,PZ0097,FDR-PZ0097-A,TSS-NWR-14,True
COR06857,NWR,PZ0098,FDR-PZ0098-B,TSS-NWR-15,True
COR07952,NWR,PZ0099,FDR-PZ0099-A,TSS-NWR-16,True
COR03380,NWR,PZ0100,FDR-PZ0100-B,TSS-NWR-17,True
COR06987,NWR,PZ0101,FDR-PZ0101-B,TSS-NWR-18,False
COR08608,NWR,PZ0102,FDR-PZ0102-B,TSS-NWR-19,False
COR00079,NWR,PZ0103,FDR-PZ0103-A,TSS-NWR-20,True
COR06020,NWR,PZ0104,FDR-PZ0104-A,TSS-NWR-21,False
COR01313,NWR,PZ0105,FDR-PZ0105-A,TSS-NWR-22,True
COR05818,NWR,PZ0106,FDR-PZ0106-A,TSS-NWR-23,True
COR05629,NWR,PZ0107,FDR-PZ0107-A,TSS-NWR-24,True
COR08556,NWR,PZ0108,FDR-PZ0108-A,TSS-NWR-25,True
COR03289,NWR,PZ0109,FDR-PZ0109-B,TSS-NWR-26,True
COR06805,NWR,PZ0110,FDR-PZ0110-B,TSS-NWR-27,True
COR06492,NWR,PZ0111,FDR-PZ0111-B,TSS-NWR-28,True
COR04282,NWR,PZ0112,FDR-PZ0112-A,TSS-NWR-29,True
COR07068,NWR,PZ0113,FDR-PZ0113-A,TSS-NWR-30,False
COR08508,NWR,PZ0114,FDR-PZ0114-A,TSS-NWR-31,True
COR02502,NWR,PZ0115,FDR-PZ0115-B,TSS-NWR-32,False
COR04199,NWR,PZ0116,FDR-PZ0116-B,TSS-NWR-33,True
COR00113,NWR,PZ0117,FDR-PZ0117-B,TSS-NWR-34,True
COR08504,NWR,PZ0118,FDR-PZ0118-B,TSS-NWR-35,False
COR03457,NWR,PZ0119,FDR-PZ0119-A,TSS-NWR-36,True
COR05846,NWR,PZ0120,FDR-PZ0120-B,TSS-NWR-37,True
COR00139,NWR,PZ0121,FDR-PZ0121-B,TSS-NWR-38,True
COR07004,NWR,PZ0122,FDR-PZ0122-A,TSS-NWR-39,True
COR03749,NWR,PZ0123,FDR-PZ0123-A,TSS-NWR-40,True
COR00094,NWR,PZ0124,FDR-PZ0124-A,TSS-NWR-41,False
COR08222,NWR,PZ0125,FDR-PZ0125-A,TSS-NWR-42,True
COR01298,NWR,PZ0126,FDR-PZ0126-A,TSS-NWR-43,True
COR07785,NWR,PZ0084,FDR-PZ0084-A,TSS-NWR-01,False
COR00518,NWR,PZ0085,FDR-PZ0085-B,TSS-NWR-02,True
COR05845,NWR,PZ0086,FDR-PZ0086-B,TSS-NWR-03,True
COR00835,NWR,PZ0087,FDR-PZ0087-B,TSS-NWR-04,False
COR07072,NWR,PZ0088,FDR-PZ0088-B,TSS-NWR-05,True
COR05819,NWR,PZ0089,FDR-PZ0089-B,TSS-NWR-06,True
COR05854,NWR,PZ0090,FDR-PZ0090-A,TSS-NWR-07,True
COR06367,NWR,PZ0091,FDR-PZ0091-A,TSS-NWR-08,True
COR01830,NWR,PZ0092,FDR-PZ0092-B,TSS-NWR-09,True
COR05933,NWR,PZ0093,FDR-PZ0093-A,TSS-NWR-10,False
COR07493,NWR,PZ0094,FDR-PZ0094-B,TSS-NWR-11,True
COR00092,NWR,PZ0095,FDR-PZ0095-A,TSS-NWR-12,True
COR08292,NWR,PZ0096,FDR-PZ0096-B,TSS-NWR-13,False
COR05808,NWR,PZ0097,FDR-PZ0097-A,TSS-NWR-14,True
COR06586,NWR,PZ0098,FDR-PZ0098-A,TSS-NWR-15,False
COR01441,NWR,PZ0099,FDR-PZ0099-A,TSS-NWR-16,True
COR03363,NWR,PZ0100,FDR-PZ0100-B,TSS-NWR-17,True
COR00087,NWR,PZ0101,FDR-PZ0101-B,TSS-NWR-18,True
COR05634,NWR,PZ0102,FDR-PZ0102-A,TSS-NWR-19,False
COR07703,NWR,PZ0103,FDR-PZ0103-A,TSS-NWR-20,True
COR02730,NWR,PZ0104,FDR-PZ0104-A,TSS-NWR-21,True
COR02511,NWR,PZ0105,FDR-PZ0105-B,TSS-NWR-22,True
COR00809,NWR,PZ0106,FDR-PZ0106-A,TSS-NWR-23,False
COR05074,NWR,PZ0107,FDR-PZ0107-B,TSS-NWR-24,False
COR05643,NWR,PZ0108,FDR-PZ0108-B,TSS-NWR-25,True
COR04875,NWR,PZ0109,FDR-PZ0109-A,TSS-NWR-26,True
COR06360,NWR,PZ0110,FDR-PZ0110-A,TSS-NWR-27,True
COR02216,NWR,PZ0111,FDR-PZ0111-A,TSS-NWR-28,True
COR06366,NWR,PZ0112,FDR-PZ0112-A,TSS-NWR-29,False
COR06605,NWR,PZ0113,FDR-PZ0113-A,TSS-NWR-30,False
COR02512,NWR,PZ0114,FDR-PZ0114-A,TSS-NWR-31,False
COR06493,NWR,PZ0115,FDR-PZ0115-A,TSS-NWR-32,False
COR06017,NWR,PZ0116,FDR-PZ0116-B,TSS-NWR-33,True
COR06233,NWR,PZ0117,FDR-PZ0117-A,TSS-NWR-34,True
COR04874,NWR,PZ0118,FDR-PZ0118-A,TSS-NWR-35,True
COR06803,NWR,PZ0119,FDR-PZ0119-B,TSS-NWR-36,False
COR07008,NWR,PZ0120,FDR-PZ0120-B,TSS-NWR-37,True
COR02524,NWR,PZ0121,FDR-PZ0121-A,TSS-NWR-38,True
COR03382,NWR,PZ0122,FDR-PZ0122-B,TSS-NWR-39,True
COR03370,NWR,PZ0123,FDR-PZ0123-A,TSS-NWR-40,True
COR06238,NWR,PZ0124,FDR-PZ0124-B,TSS-NWR-41,False
COR03440,NWR,PZ0125,FDR-PZ0125-B,TSS-NWR-42,True
COR01444,NWR,PZ0126,FDR-PZ0126-A,TSS-NWR-43,True
COR06236,NWR,PZ0084,FDR-PZ0084-B,TSS-NWR-01,True
COR06495,NWR,PZ0085,FDR-PZ0085-B,TSS-NWR-02,True
COR01342,NWR,PZ0086,FDR-PZ0086-B,TSS-NWR-03,True
COR08558,NWR,PZ0087,FDR-PZ0087-B,TSS-NWR-04,True
COR04206,NWR,PZ0088,FDR-PZ0088-B,TSS-NWR-05,True
COR03438,NWR,PZ0089,FDR-PZ0089-B,TSS-NWR-06,True
COR00088,NWR,PZ0090,FDR-PZ0090-A,TSS-NWR-07,False
COR08552,NWR,PZ0091,FDR-PZ0091-B,TSS-NWR-08,False
COR06588,NWR,PZ0092,FDR-PZ0092-B,TSS-NWR-09,True
COR01823,NWR,PZ0093,FDR-PZ0093-B,TSS-NWR-10,True
COR00810,NWR,PZ0094,FDR-PZ0094-B,TSS-NWR-11,True
COR05073,NWR,PZ0095,FDR-PZ0095-A,TSS-NWR-12,True
COR02217,NWR,PZ0096,FDR-PZ0096-B,TSS-NWR-13,True
COR05663,NWR,PZ0097,FDR-PZ0097-A,TSS-NWR-14,True
COR01314,NWR,PZ0098,FDR-PZ0098-A,TSS-NWR-15,True
COR08605,NWR,PZ0099,FDR-PZ0099-A,TSS-NWR-16,True
COR02496,NWR,PZ0100,FDR-PZ0100-B,TSS-NWR-17,True
COR03442,NWR,PZ0101,FDR-PZ0101-B,TSS-NWR-18,True
COR04869,NWR,PZ0102,FDR-PZ0102-B,TSS-NWR-19,False
COR01829,NWR,PZ0103,FDR-PZ0103-B,TSS-NWR-20,False
COR05841,NWR,PZ0104,FDR-PZ0104-B,TSS-NWR-21,True
COR05631,NWR,PZ0105,FDR-PZ0105-B,TSS-NWR-22,False
COR07071,NWR,PZ0106,FDR-PZ0106-B,TSS-NWR-23,True
COR05810,NWR,PZ0107,FDR-PZ0107-B,TSS-NWR-24,True
COR00788,NWR,PZ0108,FDR-PZ0108-B,TSS-NWR-25,True
COR04240,NWR,PZ0109,FDR-PZ0109-A,TSS-NWR-26,True
COR00787,NWR,PZ0110,FDR-PZ0110-A,TSS-NWR-27,True
COR03601,NWR,PZ0111,FDR-PZ0111-A,TSS-NWR-28,False
COR08559,NWR,PZ0112,FDR-PZ0112-B,TSS-NWR-29,True
COR06598,NWR,PZ0113,FDR-PZ0113-A,TSS-NWR-30,True
COR05946,NWR,PZ0114,FDR-PZ0114-B,TSS-NWR-31,True
COR05658,NWR,PZ0115,FDR-PZ0115-A,TSS-NWR-32,False
COR06004,NWR,PZ0116,FDR-PZ0116-B,TSS-NWR-33,False
COR05630,NWR,PZ0117,FDR-PZ0117-A,TSS-NWR-34,True
COR00074,NWR,PZ0118,FDR-PZ0118-B,TSS-NWR-35,True
COR06485,NWR,PZ0119,FDR-PZ0119-B,TSS-NWR-36,True
COR06364,NWR,PZ0120,FDR-PZ0120-A,TSS-NWR-37,False
COR01814,NWR,PZ0121,FDR-PZ0121-A,TSS-NWR-38,False
COR00100,NWR,PZ0122,FDR-PZ0122-A,TSS-NWR-39,True
COR02214,NWR,PZ0123,FDR-PZ0123-B,TSS-NWR-40,False
COR01345,NWR,PZ0124,FDR-PZ0124-B,TSS-NWR-41,True
COR01315,NWR,PZ0125,FDR-PZ0125-A,TSS-NWR-42,True
COR08550,NWR,PZ0126,FDR-PZ0126-B,TSS-NWR-43,False
COR05657,NWR,PZ0084,FDR-PZ0084-A,TSS-NWR-01,True
COR05802,NWR,PZ0085,FDR-PZ0085-A,TSS-NWR-02,True
COR07789,NWR,PZ0086,FDR-PZ0086-B,TSS-NWR-03,True
COR05924,NWR,PZ0087,FDR-PZ0087-A,TSS-NWR-04,True
COR06636,NWR,PZ0088,FDR-PZ0088-B,TSS-NWR-05,True
COR05644,NWR,PZ0089,FDR-PZ0089-B,TSS-NWR-06,True
COR07708,NWR,PZ0090,FDR-PZ0090-A,TSS-NWR-07,True
COR00826,NWR,PZ0091,FDR-PZ0091-B,TSS-NWR-08,True
COR05660,NWR,PZ0092,FDR-PZ0092-B,TSS-NWR-09,True
COR00514,NWR,PZ0093,FDR-PZ0093-B,TSS-NWR-10,False
COR04197,NWR,PZ0094,FDR-PZ0094-B,TSS-NWR-11,True
COR05849,NWR,PZ0095,FDR-PZ0095-A,TSS-NWR-12,True
COR08299,NWR,PZ0096,FDR-PZ0096-A,TSS-NWR-13,False
COR02351,NWR,PZ0097,FDR-PZ0097-B,TSS-NWR-14,False
COR07290,NWR,PZ0098,FDR-PZ0098-A,TSS-NWR-15,False
COR02519,NWR,PZ0099,FDR-PZ0099-B,TSS-NWR-16,True
COR00093,NWR,PZ0100,FDR-PZ0100-B,TSS-NWR-17,True
COR01337,NWR,PZ0101,FDR-PZ0101-B,TSS-NWR-18,True
COR08509,NWR,PZ0102,FDR-PZ0102-A,TSS-NWR-19,True
COR00793,NWR,PZ0103,FDR-PZ0103-A,TSS-NWR-20,True
COR01340,NWR,PZ0104,FDR-PZ0104-B,TSS-NWR-21,True
COR06019,NWR,PZ0105,FDR-PZ0105-A,TSS-NWR-22,False
COR03290,NWR,PZ0106,FDR-PZ0106-A,TSS-NWR-23,True
COR08564,NWR,PZ0107,FDR-PZ0107-A,TSS-NWR-24,True
COR03431,NWR,PZ0108,FDR-PZ0108-A,TSS-NWR-25,True
COR04348,NWR,PZ0109,FDR-PZ0109-B,TSS-NWR-26,True
COR06809,NWR,PZ0110,FDR-PZ0110-B,TSS-NWR-27,True
COR07217,NWR,PZ0111,FDR-PZ0111-B,TSS-NWR-28,True
COR06023,NWR,PZ0112,FDR-PZ0112-B,TSS-NWR-29,True
COR06800,NWR,PZ0113,FDR-PZ0113-B,TSS-NWR-30,True
COR05935,NWR,PZ0114,FDR-PZ0114-A,TSS-NWR-31,False
COR01336,NWR,PZ0115,FDR-PZ0115-A,TSS-NWR-32,True
COR00805,NWR,PZ0116,FDR-PZ0116-A,TSS-NWR-33,True
COR05891,NWR,PZ0117,FDR-PZ0117-B,TSS-NWR-34,True
COR00136,NWR,PZ0118,FDR-PZ0118-B,TSS-NWR-35,True
COR03452,NWR,PZ0119,FDR-PZ0119-B,TSS-NWR-36,True
COR08567,NWR,PZ0120,FDR-PZ0120-A,TSS-NWR-37,False
COR01296,NWR,PZ0121,FDR-PZ0121-A,TSS-NWR-38,True
COR06814,NWR,PZ0122,FDR-PZ0122-A,TSS-NWR-39,True
COR07002,NWR,PZ0123,FDR-PZ0123-B,TSS-NWR-40,False
COR06819,NWR,PZ0124,FDR-PZ0124-A,TSS-NWR-41,True
COR03443,NWR,PZ0125,FDR-PZ0125-A,TSS-NWR-42,True
COR06585,NWR,PZ0126,FDR-PZ0126-B,TSS-NWR-43,True
COR01812,NWR,PZ0084,FDR-PZ0084-B,TSS-NWR-01,True
COR05938,NWR,PZ0085,FDR-PZ0085-B,TSS-NWR-02,False
COR07907,NWR,PZ0086,FDR-PZ0086-B,TSS-NWR-03,True
COR01816,NWR,PZ0087,FDR-PZ0087-B,TSS-NWR-04,True
COR00823,NWR,PZ0088,FDR-PZ0088-B,TSS-NWR-05,True
COR05939,NWR,PZ0089,FDR-PZ0089-B,TSS-NWR-06,True
COR05192,NWR,PZ0090,FDR-PZ0090-B,TSS-NWR-07,True
COR03595,NWR,PZ0091,FDR-PZ0091-A,TSS-NWR-08,False
COR03446,NWR,PZ0092,FDR-PZ0092-A,TSS-NWR-09,True
COR04862,NWR,PZ0093,FDR-PZ0093-A,TSS-NWR-10,True
COR07209,NWR,PZ0094,FDR-PZ0094-B,TSS-NWR-11,True
COR08551,NWR,PZ0095,FDR-PZ0095-B,TSS-NWR-12,False
COR04354,NWR,PZ0096,FDR-PZ0096-A,TSS-NWR-13,True
COR07292,NWR,PZ0097,FDR-PZ0097-B,TSS-NWR-14,True
COR05850,NWR,PZ0098,FDR-PZ0098-A,TSS-NWR-15,True
COR07222,NWR,PZ0099,FDR-PZ0099-B,TSS-NWR-16,False
COR00522,NWR,PZ0100,FDR-PZ0100-B,TSS-NWR-17,True
COR00829,NWR,PZ0101,FDR-PZ0101-A,TSS-NWR-18,True
COR06510,NWR,PZ0102,FDR-PZ0102-B,TSS-NWR-19,True
COR03607,NWR,PZ0103,FDR-PZ0103-B,TSS-NWR-20,True
COR01303,NWR,PZ0104,FDR-PZ0104-B,TSS-NWR-21,True
COR02213,NWR,PZ0105,FDR-PZ0105-A,TSS-NWR-22,True
COR03364,NWR,PZ0106,FDR-PZ0106-A,TSS-NWR-23,True
COR06008,NWR,PZ0107,FDR-PZ0107-A,TSS-NWR-24,True
COR00097,NWR,PZ0108,FDR-PZ0108-B,TSS-NWR-25,True
COR04280,NWR,PZ0109,FDR-PZ0109-B,TSS-NWR-26,True
COR02509,NWR,PZ0110,FDR-PZ0110-A,TSS-NWR-27,True
COR00130,NWR,PZ0111,FDR-PZ0111-B,TSS-NWR-28,True
COR08288,NWR,PZ0112,FDR-PZ0112-B,TSS-NWR-29,False
COR07005,NWR,PZ0113,FDR-PZ0113-B,TSS-NWR-30,True
COR02355,NWR,PZ0114,FDR-PZ0114-A,TSS-NWR-31,True
COR08297,NWR,PZ0115,FDR-PZ0115-A,TSS-NWR-32,False
COR03759,NWR,PZ0116,FDR-PZ0116-B,TSS-NWR-33,False
COR08563,NWR,PZ0117,FDR-PZ0117-A,TSS-NWR-34,False
COR03751,NWR,PZ0118,FDR-PZ0118-A,TSS-NWR-35,True
COR06773,NWR,PZ0119,FDR-PZ0119-B,TSS-NWR-36,False
COR01308,NWR,PZ0120,FDR-PZ0120-B,TSS-NWR-37,False
COR07073,NWR,PZ0121,FDR-PZ0121-A,TSS-NWR-38,True
COR05800,NWR,PZ0122,FDR-PZ0122-A,TSS-NWR-39,True
COR03599,NWR,PZ0123,FDR-PZ0123-A,TSS-NWR-40,True
COR06597,NWR,PZ0124,FDR-PZ0124-B,TSS-NWR-41,True
COR05859,NWR,PZ0125,FDR-PZ0125-A,TSS-NWR-42,True
COR02499,NWR,PZ0126,FDR-PZ0126-A,TSS-NWR-43,False
COR00107,NWR,PZ0084,FDR-PZ0084-B,TSS-NWR-01,True
COR08291,NWR,PZ0085,FDR-PZ0085-B,TSS-NWR-02,False
COR06821,NWR,PZ0086,FDR-PZ0086-A,TSS-NWR-03,False
COR05202,NWR,PZ0087,FDR-PZ0087-A,TSS-NWR-04,True
COR05811,NWR,PZ0088,FDR-PZ0088-A,TSS-NWR-05,True
COR01446,NWR,PZ0089,FDR-PZ0089-B,TSS-NWR-06,True
COR01338,NWR,PZ0090,FDR-PZ0090-B,TSS-NWR-07,False
COR00523,NWR,PZ0091,FDR-PZ0091-A,TSS-NWR-08,True
COR05861,NWR,PZ0092,FDR-PZ0092-B,TSS-NWR-09,True
COR05668,NWR,PZ0093,FDR-PZ0093-A,TSS-NWR-10,True
COR03450,NWR,PZ0094,FDR-PZ0094-B,TSS-NWR-11,True
COR00785,NWR,PZ0095,FDR-PZ0095-A,TSS-NWR-12,False
COR05821,NWR,PZ0096,FDR-PZ0096-A,TSS-NWR-13,True
COR04273,NWR,PZ0097,FDR-PZ0097-B,TSS-NWR-14,False
COR02350,NWR,PZ0098,FDR-PZ0098-A,TSS-NWR-15,True
COR04279,NWR,PZ0099,FDR-PZ0099-A,TSS-NWR-16,False
COR03377,NWR,PZ0100,FDR-PZ0100-A,TSS-NWR-17,True
COR00086,NWR,PZ0101,FDR-PZ0101-A,TSS-NWR-18,True
COR00794,NWR,PZ0102,FDR-PZ0102-B,TSS-NWR-19,True
COR08506,NWR,PZ0103,FDR-PZ0103-B,TSS-NWR-20,False
COR06502,NWR,PZ0104,FDR-PZ0104-A,TSS-NWR-21,True
COR04281,NWR,PZ0105,FDR-PZ0105-A,TSS-NWR-22,False
COR00135,NWR,PZ0106,FDR-PZ0106-B,TSS-NWR-23,True
COR00075,NWR,PZ0107,FDR-PZ0107-B,TSS-NWR-24,False
COR05633,NWR,PZ0108,FDR-PZ0108-B,TSS-NWR-25,True
COR00121,NWR,PZ0109,FDR-PZ0109-A,TSS-NWR-26,True
COR03287,NWR,PZ0110,FDR-PZ0110-A,TSS-NWR-27,False
COR01810,NWR,PZ0111,FDR-PZ0111-B,TSS-NWR-28,False
COR03368,NWR,PZ0112,FDR-PZ0112-B,TSS-NWR-29,False
COR00128,NWR,PZ0113,FDR-PZ0113-B,TSS-NWR-30,False
COR01322,NWR,PZ0114,FDR-PZ0114-B,TSS-NWR-31,True
COR02507,NWR,PZ0115,FDR-PZ0115-B,TSS-NWR-32,False
COR00111,NWR,PZ0116,FDR-PZ0116-B,TSS-NWR-33,True
COR05856,NWR,PZ0117,FDR-PZ0117-A,TSS-NWR-34,False
COR07904,NWR,PZ0118,FDR-PZ0118-B,TSS-NWR-35,True
COR04238,NWR,PZ0119,FDR-PZ0119-B,TSS-NWR-36,True
COR00085,NWR,PZ0120,FDR-PZ0120-B,TSS-NWR-37,True
COR00833,NWR,PZ0121,FDR-PZ0121-A,TSS-NWR-38,False
COR06575,NWR,PZ0122,FDR-PZ0122-A,TSS-NWR-39,True
COR07706,NWR,PZ0123,FDR-PZ0123-A,TSS-NWR-40,True
COR07010,NWR,PZ0124,FDR-PZ0124-A,TSS-NWR-41,True
COR02510,NWR,PZ0125,FDR-PZ0125-B,TSS-NWR-42,True
COR05852,NWR,PZ0126,FDR-PZ0126-A,TSS-NWR-43,True
COR05943,NWR,PZ0084,FDR-PZ0084-A,TSS-NWR-01,False
COR01813,NWR,PZ0085,FDR-PZ0085-B,TSS-NWR-02,False
COR01821,NWR,PZ0086,FDR-PZ0086-B,TSS-NWR-03,True
COR05934,NWR,PZ0087,FDR-PZ0087-A,TSS-NWR-04,True
COR01819,NWR,PZ0088,FDR-PZ0088-B,TSS-NWR-05,False
COR03597,NWR,PZ0089,FDR-PZ0089-A,TSS-NWR-06,True
COR00090,NWR,PZ0090,FDR-PZ0090-B,TSS-NWR-07,True
COR05654,NWR,PZ0091,FDR-PZ0091-B,TSS-NWR-08,False
COR05193,NWR,PZ0092,FDR-PZ0092-A,TSS-NWR-09,True
COR06778,NWR,PZ0093,FDR-PZ0093-A,TSS-NWR-10,False
COR00797,NWR,PZ0094,FDR-PZ0094-A,TSS-NWR-11,False
COR03609,NWR,PZ0095,FDR-PZ0095-B,TSS-NWR-12,True
COR00081,NWR,PZ0096,FDR-PZ0096-A,TSS-NWR-13,True
COR03372,NWR,PZ0097,FDR-PZ0097-B,TSS-NWR-14,True
COR07063,NWR,PZ0098,FDR-PZ0098-A,TSS-NWR-15,True
COR06509,NWR,PZ0099,FDR-PZ0099-B,TSS-NWR-16,True
COR06817,NWR,PZ0100,FDR-PZ0100-A,TSS-NWR-17,True
COR07221,NWR,PZ0101,FDR-PZ0101-B,TSS-NWR-18,False
COR07207,NWR,PZ0102,FDR-PZ0102-B,TSS-NWR-19,False
COR07211,NWR,PZ0103,FDR-PZ0103-B,TSS-NWR-20,True
COR07908,NWR,PZ0104,FDR-PZ0104-A,TSS-NWR-21,True
COR04235,NWR,PZ0105,FDR-PZ0105-B,TSS-NWR-22,True
COR01447,NWR,PZ0106,FDR-PZ0106-B,TSS-NWR-23,True
COR02353,NWR,PZ0107,FDR-PZ0107-B,TSS-NWR-24,False
COR00112,NWR,PZ0108,FDR-PZ0108-A,TSS-NWR-25,False
COR04877,NWR,PZ0109,FDR-PZ0109-B,TSS-NWR-26,True
COR01297,NWR,PZ0110,FDR-PZ0110-A,TSS-NWR-27,True
COR06576,NWR,PZ0111,FDR-PZ0111-B,TSS-NWR-28,False
COR05071,NWR,PZ0112,FDR-PZ0112-A,TSS-NWR-29,True
COR06505,NWR,PZ0113,FDR-PZ0113-B,TSS-NWR-30,True
COR03754,NWR,PZ0114,FDR-PZ0114-B,TSS-NWR-31,False
COR01321,NWR,PZ0115,FDR-PZ0115-B,TSS-NWR-32,True
COR07484,NWR,PZ0116,FDR-PZ0116-B,TSS-NWR-33,True
COR00091,NWR,PZ0117,FDR-PZ0117-B,TSS-NWR-34,True
COR06772,NWR,PZ0118,FDR-PZ0118-B,TSS-NWR-35,False
COR06368,NWR,PZ0119,FDR-PZ0119-B,TSS-NWR-36,True
COR03748,NWR,PZ0120,FDR-PZ0120-B,TSS-NWR-37,True
COR03455,NWR,PZ0121,FDR-PZ0121-B,TSS-NWR-38,True
COR01343,NWR,PZ0122,FDR-PZ0122-A,TSS-NWR-39,True
COR07425,NWR,PZ0123,FDR-PZ0123-A,TSS-NWR-40,True
COR04204,NWR,PZ0124,FDR-PZ0124-B,TSS-NWR-41,False
COR04557,NWR,PZ0125,FDR-PZ0125-A,TSS-NWR-42,True
COR04350,NWR,PZ0126,FDR-PZ0126-B,TSS-NWR-43,True
COR06808,NWR,PZ0084,FDR-PZ0084-B,TSS-NWR-01,True
COR00799,NWR,PZ0085,FDR-PZ0085-A,TSS-NWR-02,False
COR00524,NWR,PZ0086,FDR-PZ0086-A,TSS-NWR-03,True
COR07070,NWR,PZ0087,FDR-PZ0087-B,TSS-NWR-04,True
COR08553,NWR,PZ0088,FDR-PZ0088-B,TSS-NWR-05,False
COR08555,NWR,PZ0089,FDR-PZ0089-B,TSS-NWR-06,True
COR02518,NWR,PZ0090,FDR-PZ0090-B,TSS-NWR-07,True
COR00140,NWR,PZ0091,FDR-PZ0091-B,TSS-NWR-08,True
COR02494,NWR,PZ0092,FDR-PZ0092-A,TSS-NWR-09,True
COR02498,NWR,PZ0093,FDR-PZ0093-A,TSS-NWR-10,True
COR07219,NWR,PZ0094,FDR-PZ0094-B,TSS-NWR-11,True
COR06504,NWR,PZ0095,FDR-PZ0095-B,TSS-NWR-12,True
COR06014,NWR,PZ0096,FDR-PZ0096-B,TSS-NWR-13,True
COR01443,NWR,PZ0097,FDR-PZ0097-B,TSS-NWR-14,True
COR07702,NWR,PZ0098,FDR-PZ0098-B,TSS-NWR-15,False
COR06637,NWR,PZ0099,FDR-PZ0099-B,TSS-NWR-16,True
COR04331,NWR,PZ0100,FDR-PZ0100-B,TSS-NWR-17,False
COR07704,NWR,PZ0101,FDR-PZ0101-A,TSS-NWR-18,True
COR01445,NWR,PZ0102,FDR-PZ0102-B,TSS-NWR-19,True
COR06012,NWR,PZ0103,FDR-PZ0103-A,TSS-NWR-20,True
COR05664,NWR,PZ0104,FDR-PZ0104-A,TSS-NWR-21,True
COR08298,NWR,PZ0105,FDR-PZ0105-B,TSS-NWR-22,True
COR00822,NWR,PZ0106,FDR-PZ0106-B,TSS-NWR-23,True
COR07295,NWR,PZ0107,FDR-PZ0107-B,TSS-NWR-24,True
COR05812,NWR,PZ0108,FDR-PZ0108-B,TSS-NWR-25,False
COR07009,NWR,PZ0109,FDR-PZ0109-B,TSS-NWR-26,True
COR00520,NWR,PZ0110,FDR-PZ0110-A,TSS-NWR-27,False
COR02514,NWR,PZ0111,FDR-PZ0111-A,TSS-NWR-28,True
COR04335,NWR,PZ0112,FDR-PZ0112-A,TSS-NWR-29,True
COR05945,NWR,PZ0113,FDR-PZ0113-B,TSS-NWR-30,True
COR00117,NWR,PZ0114,FDR-PZ0114-A,TSS-NWR-31,True
COR08283,NWR,PZ0115,FDR-PZ0115-B,TSS-NWR-32,True
COR05659,NWR,PZ0116,FDR-PZ0116-A,TSS-NWR-33,True
COR00517,NWR,PZ0117,FDR-PZ0117-A,TSS-NWR-34,True
COR03602,NWR,PZ0118,FDR-PZ0118-A,TSS-NWR-35,True
COR00824,NWR,PZ0119,FDR-PZ0119-A,TSS-NWR-36,True
COR01299,NWR,PZ0120,FDR-PZ0120-B,TSS-NWR-37,True
COR04330,NWR,PZ0121,FDR-PZ0121-B,TSS-NWR-38,True
COR03374,NWR,PZ0122,FDR-PZ0122-A,TSS-NWR-39,True
COR04868,NWR,PZ0123,FDR-PZ0123-A,TSS-NWR-40,False
COR08294,NWR,PZ0124,FDR-PZ0124-A,TSS-NWR-41,True
COR00525,NWR,PZ0125,FDR-PZ0125-B,TSS-NWR-42,False
COR08570,NWR,PZ0126,FDR-PZ0126-B,TSS-NWR-43,True
COR06029,NWR,PZ0084,FDR-PZ0084-B,TSS-NWR-01,True
COR07492,NWR,PZ0085,FDR-PZ0085-A,TSS-NWR-02,True
COR05189,NWR,PZ0086,FDR-PZ0086-A,TSS-NWR-03,True
COR04286,NWR,PZ0087,FDR-PZ0087-B,TSS-NWR-04,True
COR06810,NWR,PZ0088,FDR-PZ0088-A,TSS-NWR-05,True
COR00118,NWR,PZ0089,FDR-PZ0089-A,TSS-NWR-06,False
COR01304,NWR,PZ0090,FDR-PZ0090-B,TSS-NWR-07,True
COR01831,NWR,PZ0091,FDR-PZ0091-A,TSS-NWR-08,True
COR07007,NWR,PZ0092,FDR-PZ0092-B,TSS-NWR-09,True
COR05813,NWR,PZ0093,FDR-PZ0093-B,TSS-NWR-10,True
COR03592,NWR,PZ0094,FDR-PZ0094-B,TSS-NWR-11,True
COR01301,NWR,PZ0095,FDR-PZ0095-A,TSS-NWR-12,True
COR06018,NWR,PZ0096,FDR-PZ0096-B,TSS-NWR-13,True
COR05936,NWR,PZ0097,FDR-PZ0097-A,TSS-NWR-14,True
COR03453,NWR,PZ0098,FDR-PZ0098-B,TSS-NWR-15,False
COR00109,NWR,PZ0099,FDR-PZ0099-B,TSS-NWR-16,False
COR05853,NWR,PZ0100,FDR-PZ0100-A,TSS-NWR-17,True
COR03439,NWR,PZ0101,FDR-PZ0101-A,TSS-NWR-18,False
COR00122,NWR,PZ0102,FDR-PZ0102-A,TSS-NWR-19,True
COR04275,NWR,PZ0103,FDR-PZ0103-B,TSS-NWR-20,True
COR06590,NWR,PZ0104,FDR-PZ0104-B,TSS-NWR-21,True
COR06592,NWR,PZ0105,FDR-PZ0105-B,TSS-NWR-22,False
COR00078,NWR,PZ0106,FDR-PZ0106-A,TSS-NWR-23,True
COR06490,NWR,PZ0107,FDR-PZ0107-B,TSS-NWR-24,True
COR06769,NWR,PZ0108,FDR-PZ0108-B,TSS-NWR-25,False
COR02215,NWR,PZ0109,FDR-PZ0109-A,TSS-NWR-26,True
COR00807,NWR,PZ0110,FDR-PZ0110-A,TSS-NWR-27,False
COR04353,NWR,PZ0111,FDR-PZ0111-A,TSS-NWR-28,True
COR04870,NWR,PZ0112,FDR-PZ0112-B,TSS-NWR-29,True
COR03752,NWR,PZ0113,FDR-PZ0113-B,TSS-NWR-30,True
COR03600,NWR,PZ0114,FDR-PZ0114-A,TSS-NWR-31,True
COR00124,NWR,PZ0115,FDR-PZ0115-B,TSS-NWR-32,False
COR00513,NWR,PZ0116,FDR-PZ0116-B,TSS-NWR-33,True
COR04274,NWR,PZ0117,FDR-PZ0117-A,TSS-NWR-34,True
COR07494,NWR,PZ0118,FDR-PZ0118-A,TSS-NWR-35,True
COR07220,NWR,PZ0119,FDR-PZ0119-B,TSS-NWR-36,True
COR08223,NWR,PZ0120,FDR-PZ0120-B,TSS-NWR-37,True
COR07791,NWR,PZ0121,FDR-PZ0121-B,TSS-NWR-38,True
COR06600,NWR,PZ0122,FDR-PZ0122-A,TSS-NWR-39,False
COR06369,NWR,PZ0123,FDR-PZ0123-A,TSS-NWR-40,True
COR00781,NWR,PZ0124,FDR-PZ0124-B,TSS-NWR-41,True
COR08610,NWR,PZ0125,FDR-PZ0125-A,TSS-NWR-42,False
COR08606,NWR,PZ0126,FDR-PZ0126-A,TSS-NWR-43,True
COR08289,NWR,PZ0084,FDR-PZ0084-B,TSS-NWR-01,True
COR05671,NWR,PZ0085,FDR-PZ0085-B,TSS-NWR-02,False
COR01325,NWR,PZ0086,FDR-PZ0086-B,TSS-NWR-03,True
COR05666,NWR,PZ0087,FDR-PZ0087-B,TSS-NWR-04,True
COR08560,NWR,PZ0088,FDR-PZ0088-A,TSS-NWR-05,True
COR07212,NWR,PZ0089,FDR-PZ0089-A,TSS-NWR-06,True
COR00512,NWR,PZ0090,FDR-PZ0090-B,TSS-NWR-07,False
COR07223,NWR,PZ0091,FDR-PZ0091-A,TSS-NWR-08,True
COR01827,NWR,PZ0092,FDR-PZ0092-A,TSS-NWR-09,True
COR06022,NWR,PZ0093,FDR-PZ0093-A,TSS-NWR-10,True
COR04336,NWR,PZ0094,FDR-PZ0094-B,TSS-NWR-11,True
COR08284,NWR,PZ0095,FDR-PZ0095-B,TSS-NWR-12,False
COR00778,NWR,PZ0096,FDR-PZ0096-B,TSS-NWR-13,True
COR08295,NWR,PZ0097,FDR-PZ0097-B,TSS-NWR-14,True
COR02508,NWR,PZ0098,FDR-PZ0098-B,TSS-NWR-15,False
COR02352,NWR,PZ0099,FDR-PZ0099-A,TSS-NWR-16,True
COR02501,NWR,PZ0100,FDR-PZ0100-A,TSS-NWR-17,True
COR06237,NWR,PZ0101,FDR-PZ0101-A,TSS-NWR-18,True
COR04205,NWR,PZ0102,FDR-PZ0102-A,TSS-NWR-19,False
COR02517,NWR,PZ0103,FDR-PZ0103-A,TSS-NWR-20,True
COR00830,NWR,PZ0104,FDR-PZ0104-A,TSS-NWR-21,True
COR01307,NWR,PZ0105,FDR-PZ0105-B,TSS-NWR-22,False
COR04088,NWR,PZ0106,FDR-PZ0106-A,TSS-NWR-23,True
COR05628,NWR,PZ0107,FDR-PZ0107-B,TSS-NWR-24,True
COR00105,NWR,PZ0108,FDR-PZ0108-B,TSS-NWR-25,True
COR00780,NWR,PZ0109,FDR-PZ0109-A,TSS-NWR-26,False
COR01306,NWR,PZ0110,FDR-PZ0110-B,TSS-NWR-27,False
COR06025,NWR,PZ0111,FDR-PZ0111-B,TSS-NWR-28,True
COR06024,NWR,PZ0112,FDR-PZ0112-B,TSS-NWR-29,True
COR06009,NWR,PZ0113,FDR-PZ0113-A,TSS-NWR-30,True
COR05835,NWR,PZ0114,FDR-PZ0114-B,TSS-NWR-31,True
COR06006,NWR,PZ0115,FDR-PZ0115-A,TSS-NWR-32,True
COR03360,NWR,PZ0116,FDR-PZ0116-B,TSS-NWR-33,False
COR06986,NWR,PZ0117,FDR-PZ0117-B,TSS-NWR-34,True
COR07903,NWR,PZ0118,FDR-PZ0118-B,TSS-NWR-35,True
COR00089,NWR,PZ0119,FDR-PZ0119-B,TSS-NWR-36,True
COR08562,NWR,PZ0120,FDR-PZ0120-B,TSS-NWR-37,True
COR08538,NWR,PZ0121,FDR-PZ0121-A,TSS-NWR-38,True
COR02210,NWR,PZ0122,FDR-PZ0122-B,TSS-NWR-39,True
COR03428,NWR,PZ0123,FDR-PZ0123-A,TSS-NWR-40,True
COR00073,NWR,PZ0124,FDR-PZ0124-B,TSS-NWR-41,False
COR03430,NWR,PZ0125,FDR-PZ0125-A,TSS-NWR-42,True
COR00827,NWR,PZ0126,FDR-PZ0126-B,TSS-NWR-43,True
COR05847,NWR,PZ0084,FDR-PZ0084-B,TSS-NWR-01,True
COR00083,NWR,PZ0085,FDR-PZ0085-B,TSS-NWR-02,True
COR06370,NWR,PZ0086,FDR-PZ0086-B,TSS-NWR-03,True
COR03369,NWR,PZ0087,FDR-PZ0087-A,TSS-NWR-04,True
COR00102,NWR,PZ0088,FDR-PZ0088-B,TSS-NWR-05,False
COR08554,NWR,PZ0089,FDR-PZ0089-B,TSS-NWR-06,True
COR00067,NWR,PZ0090,FDR-PZ0090-B,TSS-NWR-07,True
COR04333,NWR,PZ0091,FDR-PZ0091-B,TSS-NWR-08,False
COR05191,NWR,PZ0092,FDR-PZ0092-B,TSS-NWR-09,False
COR05196,NWR,PZ0093,FDR-PZ0093-A,TSS-NWR-10,True
COR04198,NWR,PZ0094,FDR-PZ0094-B,TSS-NWR-11,True
COR02506,NWR,PZ0095,FDR-PZ0095-A,TSS-NWR-12,True
COR07480,NWR,PZ0096,FDR-PZ0096-A,TSS-NWR-13,True
COR08561,NWR,PZ0097,FDR-PZ0097-A,TSS-NWR-14,True
COR08612,NWR,PZ0098,FDR-PZ0098-A,TSS-NWR-15,False
COR04237,NWR,PZ0099,FDR-PZ0099-B,TSS-NWR-16,True
COR01824,NWR,PZ0100,FDR-PZ0100-A,TSS-NWR-17,True
COR05942,NWR,PZ0101,FDR-PZ0101-A,TSS-NWR-18,True
COR06016,NWR,PZ0102,FDR-PZ0102-B,TSS-NWR-19,True
COR02492,NWR,PZ0103,FDR-PZ0103-A,TSS-NWR-20,True
COR06497,NWR,PZ0104,FDR-PZ0104-A,TSS-NWR-21,False
COR03458,NWR,PZ0105,FDR-PZ0105-B,TSS-NWR-22,True
COR07215,NWR,PZ0106,FDR-PZ0106-A,TSS-NWR-23,True
COR04866,NWR,PZ0107,FDR-PZ0107-A,TSS-NWR-24,True
COR06591,NWR,PZ0108,FDR-PZ0108-B,TSS-NWR-25,False
COR07786,NWR,PZ0109,FDR-PZ0109-A,TSS-NWR-26,False
COR04349,NWR,PZ0110,FDR-PZ0110-B,TSS-NWR-27,False
COR04233,NWR,PZ0111,FDR-PZ0111-A,TSS-NWR-28,True
COR03459,NWR,PZ0112,FDR-PZ0112-B,TSS-NWR-29,False
COR08572,NWR,PZ0113,FDR-PZ0113-A,TSS-NWR-30,False
COR03449,NWR,PZ0114,FDR-PZ0114-A,TSS-NWR-31,False
COR03756,NWR,PZ0115,FDR-PZ0115-A,TSS-NWR-32,True
COR05072,NWR,PZ0116,FDR-PZ0116-A,TSS-NWR-33,True
COR06488,NWR,PZ0117,FDR-PZ0117-A,TSS-NWR-34,False
COR05892,NWR,PZ0118,FDR-PZ0118-A,TSS-NWR-35,True
COR01309,NWR,PZ0119,FDR-PZ0119-B,TSS-NWR-36,False
COR06774,NWR,PZ0120,FDR-PZ0120-B,TSS-NWR-37,True
COR03603,NWR,PZ0121,FDR-PZ0121-A,TSS-NWR-38,True
COR05815,NWR,PZ0122,FDR-PZ0122-B,TSS-NWR-39,True
COR04338,NWR,PZ0123,FDR-PZ0123-A,TSS-NWR-40,True
COR05947,NWR,PZ0124,FDR-PZ0124-A,TSS-NWR-41,True
COR01332,NWR,PZ0125,FDR-PZ0125-B,TSS-NWR-42,False
COR08293,NWR,PZ0126,FDR-PZ0126-A,TSS-NWR-43,True
COR01318,NWR,PZ0084,FDR-PZ0084-B,TSS-NWR-01,True
COR00790,NWR,PZ0085,FDR-PZ0085-A,TSS-NWR-02,True
COR04863,NWR,PZ0086,FDR-PZ0086-B,TSS-NWR-03,True
COR06802,NWR,PZ0087,FDR-PZ0087-B,TSS-NWR-04,True
COR07012,NWR,PZ0088,FDR-PZ0088-A,TSS-NWR-05,True
COR05203,NWR,PZ0089,FDR-PZ0089-B,TSS-NWR-06,False
COR06811,NWR,PZ0090,FDR-PZ0090-A,TSS-NWR-07,False
COR04196,NWR,PZ0091,FDR-PZ0091-B,TSS-NWR-08,False
COR06231,NWR,PZ0092,FDR-PZ0092-B,TSS-NWR-09,False
COR06596,NWR,PZ0093,FDR-PZ0093-B,TSS-NWR-10,False
COR07788,NWR,PZ0094,FDR-PZ0094-B,TSS-NWR-11,True
COR04181,NR,PZ0127,FDR-PZ0127-B,TSS-NR-01,True
COR00759,NR,PZ0128,FDR-PZ0128-A,TSS-NR-02,True
COR04179,NR,PZ0129,FDR-PZ0129-B,TSS-NR-03,False
COR04114,NR,PZ0130,FDR-PZ0130-A,TSS-NR-04,True
COR07970,NR,PZ0131,FDR-PZ0131-A,TSS-NR-05,True
COR02311,NR,PZ0132,FDR-PZ0132-A,TSS-NR-06,True
COR02703,NR,PZ0133,FDR-PZ0133-B,TSS-NR-07,True
COR05977,NR,PZ0134,FDR-PZ0134-A,TSS-NR-08,True
COR04103,NR,PZ0135,FDR-PZ0135-B,TSS-NR-09,False
COR06351,NR,PZ0136,FDR-PZ0136-B,TSS-NR-10,True
COR02767,NR,PZ0137,FDR-PZ0137-A,TSS-NR-11,True
COR04537,NR,PZ0138,FDR-PZ0138-B,TSS-NR-12,True
COR06834,NR,PZ0139,FDR-PZ0139-A,TSS-NR-13,True
COR04250,NR,PZ0140,FDR-PZ0140-A,TSS-NR-14,True
COR07399,NR,PZ0141,FDR-PZ0141-A,TSS-NR-15,True
COR01859,NR,PZ0142,FDR-PZ0142-B,TSS-NR-16,False
COR06714,NR,PZ0143,FDR-PZ0143-A,TSS-NR-17,True
COR06933,NR,PZ0144,FDR-PZ0144-B,TSS-NR-18,True
COR05544,NR,PZ0145,FDR-PZ0145-A,TSS-NR-19,True
COR03032,NR,PZ0146,FDR-PZ0146-A,TSS-NR-20,True
COR01868,NR,PZ0147,FDR-PZ0147-A,TSS-NR-21,False
COR06768,NR,PZ0148,FDR-PZ0148-B,TSS-NR-22,True
COR04175,NR,PZ0149,FDR-PZ0149-B,TSS-NR-23,True
COR05865,NR,PZ0150,FDR-PZ0150-B,TSS-NR-24,True
COR08619,NR,PZ0151,FDR-PZ0151-A,TSS-NR-25,True
COR05560,NR,PZ0152,FDR-PZ0152-B,TSS-NR-26,True
COR06869,NR,PZ0153,FDR-PZ0153-B,TSS-NR-27,False
COR06729,NR,PZ0154,FDR-PZ0154-A,TSS-NR-28,False
COR06530,NR,PZ0155,FDR-PZ0155-B,TSS-NR-29,True
COR06935,NR,PZ0156,FDR-PZ0156-A,TSS-NR-30,True
COR06873,NR,PZ0157,FDR-PZ0157-A,TSS-NR-31,False
COR05080,NR,PZ0158,FDR-PZ0158-A,TSS-NR-32,True
COR01956,NR,PZ0159,FDR-PZ0159-B,TSS-NR-33,True
COR08591,NR,PZ0160,FDR-PZ0160-A,TSS-NR-34,True
COR06865,NR,PZ0161,FDR-PZ0161-A,TSS-NR-35,True
COR02001,NR,PZ0162,FDR-PZ0162-B,TSS-NR-36,True
COR06866,NR,PZ0163,FDR-PZ0163-A,TSS-NR-37,True
COR05425,NR,PZ0164,FDR-PZ0164-A,TSS-NR-38,False
COR08618,NR,PZ0165,FDR-PZ0165-A,TSS-NR-39,True
COR06977,NR,PZ0166,FDR-PZ0166-A,TSS-NR-40,True
COR08277,NR,PZ0167,FDR-PZ0167-A,TSS-NR-41,True
COR05428,NR,PZ0168,FDR-PZ0168-B,TSS-NR-42,True
COR06355,NR,PZ0169,FDR-PZ0169-A,TSS-NR-43,True
COR07390,NR,PZ0170,FDR-PZ0170-A,TSS-NR-44,True
COR07411,NR,PZ0171,FDR-PZ0171-B,TSS-NR-45,True
COR08144,NR,PZ0172,FDR-PZ0172-B,TSS-NR-46,False
COR05084,NR,PZ0173,FDR-PZ0173-A,TSS-NR-47,True
COR03331,NR,PZ0174,FDR-PZ0174-B,TSS-NR-48,True
COR05419,NR,PZ0175,FDR-PZ0175-B,TSS-NR-49,True
COR03397,NR,PZ0176,FDR-PZ0176-A,TSS-NR-50,True
COR04546,NR,PZ0177,FDR-PZ0177-B,TSS-NR-51,True
COR07871,NR,PZ0178,FDR-PZ0178-B,TSS-NR-52,False
COR06982,NR,PZ0179,FDR-PZ0179-B,TSS-NR-53,True
COR08403,NR,PZ0180,FDR-PZ0180-B,TSS-NR-54,True
COR00769,NR,PZ0181,FDR-PZ0181-A,TSS-NR-55,False
COR04251,NR,PZ0182,FDR-PZ0182-B,TSS-NR-56,True
COR06335,NR,PZ0183,FDR-PZ0183-A,TSS-NR-57,True
COR04222,NR,PZ0184,FDR-PZ0184-A,TSS-NR-58,True
COR08270,NR,PZ0185,FDR-PZ0185-B,TSS-NR-59,True
COR02701,NR,PZ0186,FDR-PZ0186-B,TSS-NR-60,True
COR05880,NR,PZ0127,FDR-PZ0127-B,TSS-NR-01,True
COR06842,NR,PZ0128,FDR-PZ0128-A,TSS-NR-02,True
COR02689,NR,PZ0129,FDR-PZ0129-A,TSS-NR-03,True
COR00156,NR,PZ0130,FDR-PZ0130-A,TSS-NR-04,True
COR07408,NR,PZ0131,FDR-PZ0131-B,TSS-NR-05,True
COR04098,NR,PZ0132,FDR-PZ0132-B,TSS-NR-06,False
COR02656,NR,PZ0133,FDR-PZ0133-B,TSS-NR-07,True
COR01735,NR,PZ0134,FDR-PZ0134-B,TSS-NR-08,True
COR03392,NR,PZ0135,FDR-PZ0135-A,TSS-NR-09,True
COR04387,NR,PZ0136,FDR-PZ0136-A,TSS-NR-10,False
COR05986,NR,PZ0137,FDR-PZ0137-A,TSS-NR-11,True
COR08378,NR,PZ0138,FDR-PZ0138-A,TSS-NR-12,True
COR07406,NR,PZ0139,FDR-PZ0139-B,TSS-NR-13,False
COR05983,NR,PZ0140,FDR-PZ0140-B,TSS-NR-14,True
COR02254,NR,PZ0141,FDR-PZ0141-B,TSS-NR-15,True
COR02015,NR,PZ0142,FDR-PZ0142-B,TSS-NR-16,True
COR05870,NR,PZ0143,FDR-PZ0143-B,TSS-NR-17,False
COR03315,NR,PZ0144,FDR-PZ0144-A,TSS-NR-18,True
COR03115,NR,PZ0145,FDR-PZ0145-A,TSS-NR-19,False
COR02676,NR,PZ0146,FDR-PZ0146-B,TSS-NR-20,True
COR05551,NR,PZ0147,FDR-PZ0147-A,TSS-NR-21,True
COR05549,NR,PZ0148,FDR-PZ0148-A,TSS-NR-22,True
COR07270,NR,PZ0149,FDR-PZ0149-B,TSS-NR-23,False
COR06265,NR,PZ0150,FDR-PZ0150-A,TSS-NR-24,True
COR03117,NR,PZ0151,FDR-PZ0151-A,TSS-NR-25,True
COR03107,NR,PZ0152,FDR-PZ0152-A,TSS-NR-26,True
COR05566,NR,PZ0153,FDR-PZ0153-B,TSS-NR-27,True
COR00563,NR,PZ0154,FDR-PZ0154-A,TSS-NR-28,True
COR06868,NR,PZ0155,FDR-PZ0155-A,TSS-NR-29,False
COR08393,NR,PZ0156,FDR-PZ0156-A,TSS-NR-30,False
COR04096,NR,PZ0157,FDR-PZ0157-B,TSS-NR-31,True
COR04752,NR,PZ0158,FDR-PZ0158-B,TSS-NR-32,True
COR05972,NR,PZ0159,FDR-PZ0159-B,TSS-NR-33,False
COR06275,NR,PZ0160,FDR-PZ0160-A,TSS-NR-34,True
COR05874,NR,PZ0161,FDR-PZ0161-B,TSS-NR-35,False
COR06241,NR,PZ0162,FDR-PZ0162-B,TSS-NR-36,True
COR02313,NR,PZ0163,FDR-PZ0163-B,TSS-NR-37,True
COR02654,NR,PZ0164,FDR-PZ0164-A,TSS-NR-38,False
COR04729,NR,PZ0165,FDR-PZ0165-B,TSS-NR-39,True
COR03033,NR,PZ0166,FDR-PZ0166-A,TSS-NR-40,False
COR05491,NR,PZ0167,FDR-PZ0167-B,TSS-NR-41,True
COR03918,NR,PZ0168,FDR-PZ0168-B,TSS-NR-42,True
COR05086,NR,PZ0169,FDR-PZ0169-A,TSS-NR-43,True
COR07869,NR,PZ0170,FDR-PZ0170-A,TSS-NR-44,True
COR04109,NR,PZ0171,FDR-PZ0171-A,TSS-NR-45,True
COR02295,NR,PZ0172,FDR-PZ0172-A,TSS-NR-46,True
COR00560,NR,PZ0173,FDR-PZ0173-A,TSS-NR-47,True
COR06930,NR,PZ0174,FDR-PZ0174-A,TSS-NR-48,True
COR06270,NR,PZ0175,FDR-PZ0175-A,TSS-NR-49,True
COR03112,NR,PZ0176,FDR-PZ0176-B,TSS-NR-50,True
COR04252,NR,PZ0177,FDR-PZ0177-A,TSS-NR-51,False
COR01736,NR,PZ0178,FDR-PZ0178-A,TSS-NR-52,True
COR03110,NR,PZ0179,FDR-PZ0179-A,TSS-NR-53,True
COR01865,NR,PZ0180,FDR-PZ0180-B,TSS-NR-54,True
COR02291,NR,PZ0181,FDR-PZ0181-A,TSS-NR-55,True
COR02538,NR,PZ0182,FDR-PZ0182-B,TSS-NR-56,True
COR06728,NR,PZ0183,FDR-PZ0183-A,TSS-NR-57,True
COR01506,NR,PZ0184,FDR-PZ0184-B,TSS-NR-58,False
COR06931,NR,PZ0185,FDR-PZ0185-A,TSS-NR-59,True
COR01959,NR,PZ0186,FDR-PZ0186-A,TSS-NR-60,True
COR01492,NR,PZ0127,FDR-PZ0127-A,TSS-NR-01,True
COR05575,NR,PZ0128,FDR-PZ0128-B,TSS-NR-02,False
COR04751,NR,PZ0129,FDR-PZ0129-B,TSS-NR-03,False
COR04733,NR,PZ0130,FDR-PZ0130-B,TSS-NR-04,True
COR04791,NR,PZ0131,FDR-PZ0131-B,TSS-NR-05,False
COR05559,NR,PZ0132,FDR-PZ0132-A,TSS-NR-06,False
COR08395,NR,PZ0133,FDR-PZ0133-B,TSS-NR-07,True
COR06734,NR,PZ0134,FDR-PZ0134-A,TSS-NR-08,False
COR03022,NR,PZ0135,FDR-PZ0135-B,TSS-NR-09,False
COR04210,NR,PZ0136,FDR-PZ0136-A,TSS-NR-10,True
COR08276,NR,PZ0137,FDR-PZ0137-B,TSS-NR-11,True
COR04092,NR,PZ0138,FDR-PZ0138-A,TSS-NR-12,True
COR04535,NR,PZ0139,FDR-PZ0139-A,TSS-NR-13,False
COR03106,NR,PZ0140,FDR-PZ0140-B,TSS-NR-14,False
COR07885,NR,PZ0141,FDR-PZ0141-A,TSS-NR-15,True
COR05968,NR,PZ0142,FDR-PZ0142-B,TSS-NR-16,True
COR06983,NR,PZ0143,FDR-PZ0143-A,TSS-NR-17,True
COR04187,NR,PZ0144,FDR-PZ0144-B,TSS-NR-18,True
COR03885,NR,PZ0145,FDR-PZ0145-B,TSS-NR-19,False
COR06341,NR,PZ0146,FDR-PZ0146-B,TSS-NR-20,True
COR07227,NR,PZ0147,FDR-PZ0147-A,TSS-NR-21,True
COR04241,NR,PZ0148,FDR-PZ0148-B,TSS-NR-22,True
COR07699,NR,PZ0149,FDR-PZ0149-A,TSS-NR-23,True
COR07391,NR,PZ0150,FDR-PZ0150-B,TSS-NR-24,False
COR02675,NR,PZ0151,FDR-PZ0151-A,TSS-NR-25,True
COR04401,NR,PZ0152,FDR-PZ0152-B,TSS-NR-26,True
COR03108,NR,PZ0153,FDR-PZ0153-A,TSS-NR-27,False
COR08380,NR,PZ0154,FDR-PZ0154-A,TSS-NR-28,True
COR06528,NR,PZ0155,FDR-PZ0155-A,TSS-NR-29,True
COR06529,NR,PZ0156,FDR-PZ0156-B,TSS-NR-30,True
COR06242,NR,PZ0157,FDR-PZ0157-B,TSS-NR-31,False
COR07881,NR,PZ0158,FDR-PZ0158-B,TSS-NR-32,True
COR02299,NR,PZ0159,FDR-PZ0159-A,TSS-NR-33,True
COR03383,NR,PZ0160,FDR-PZ0160-A,TSS-NR-34,False
COR04385,NR,PZ0161,FDR-PZ0161-A,TSS-NR-35,True
COR06613,NR,PZ0162,FDR-PZ0162-A,TSS-NR-36,True
COR03332,NR,PZ0163,FDR-PZ0163-B,TSS-NR-37,False
COR05971,NR,PZ0164,FDR-PZ0164-B,TSS-NR-38,True
COR02672,NR,PZ0165,FDR-PZ0165-B,TSS-NR-39,True
COR08394,NR,PZ0166,FDR-PZ0166-A,TSS-NR-40,True
COR03387,NR,PZ0167,FDR-PZ0167-B,TSS-NR-41,True
COR01499,NR,PZ0168,FDR-PZ0168-B,TSS-NR-42,False
COR08069,NR,PZ0169,FDR-PZ0169-A,TSS-NR-43,True
COR04632,NR,PZ0170,FDR-PZ0170-B,TSS-NR-44,False
COR04219,NR,PZ0171,FDR-PZ0171-B,TSS-NR-45,True
COR05547,NR,PZ0172,FDR-PZ0172-B,TSS-NR-46,False
COR04106,NR,PZ0173,FDR-PZ0173-A,TSS-NR-47,True
COR08585,NR,PZ0174,FDR-PZ0174-B,TSS-NR-48,True
COR07394,NR,PZ0175,FDR-PZ0175-A,TSS-NR-49,True
COR06514,NR,PZ0176,FDR-PZ0176-A,TSS-NR-50,True
COR08066,NR,PZ0177,FDR-PZ0177-A,TSS-NR-51,True
COR02535,NR,PZ0178,FDR-PZ0178-A,TSS-NR-52,False
COR02688,NR,PZ0179,FDR-PZ0179-B,TSS-NR-53,True
COR05556,NR,PZ0180,FDR-PZ0180-A,TSS-NR-54,True
COR03327,NR,PZ0181,FDR-PZ0181-A,TSS-NR-55,False
COR04793,NR,PZ0182,FDR-PZ0182-B,TSS-NR-56,True
COR06520,NR,PZ0183,FDR-PZ0183-B,TSS-NR-57,False
COR01797,NR,PZ0184,FDR-PZ0184-A,TSS-NR-58,True
COR04173,NR,PZ0185,FDR-PZ0185-A,TSS-NR-59,True
COR06338,NR,PZ0186,FDR-PZ0186-A,TSS-NR-60,True
COR02009,NR,PZ0127,FDR-PZ0127-B,TSS-NR-01,True
COR05557,NR,PZ0128,FDR-PZ0128-B,TSS-NR-02,False
COR06266,NR,PZ0129,FDR-PZ0129-B,TSS-NR-03,True
COR01998,NR,PZ0130,FDR-PZ0130-A,TSS-NR-04,True
COR04549,NR,PZ0131,FDR-PZ0131-A,TSS-NR-05,True
COR07901,NR,PZ0132,FDR-PZ0132-A,TSS-NR-06,True
COR04105,NR,PZ0133,FDR-PZ0133-B,TSS-NR-07,True
COR07888,NR,PZ0134,FDR-PZ0134-A,TSS-NR-08,True
COR08542,NR,PZ0135,FDR-PZ0135-B,TSS-NR-09,True
COR06849,NR,PZ0136,FDR-PZ0136-A,TSS-NR-10,True
COR03329,NR,PZ0137,FDR-PZ0137-B,TSS-NR-11,True
COR08070,NR,PZ0138,FDR-PZ0138-B,TSS-NR-12,True
COR05423,NR,PZ0139,FDR-PZ0139-A,TSS-NR-13,False
COR03103,NR,PZ0140,FDR-PZ0140-A,TSS-NR-14,True
COR02669,NR,PZ0141,FDR-PZ0141-A,TSS-NR-15,False
COR05129,NR,PZ0142,FDR-PZ0142-A,TSS-NR-16,False
COR05863,NR,PZ0143,FDR-PZ0143-B,TSS-NR-17,True
COR06276,NR,PZ0144,FDR-PZ0144-A,TSS-NR-18,False
COR05976,NR,PZ0145,FDR-PZ0145-B,TSS-NR-19,True
COR02302,NR,PZ0146,FDR-PZ0146-B,TSS-NR-20,False
COR04174,NR,PZ0147,FDR-PZ0147-B,TSS-NR-21,True
COR04246,NR,PZ0148,FDR-PZ0148-B,TSS-NR-22,True
COR04544,NR,PZ0149,FDR-PZ0149-A,TSS-NR-23,True
COR07995,NR,PZ0150,FDR-PZ0150-B,TSS-NR-24,True
COR08404,NR,PZ0151,FDR-PZ0151-B,TSS-NR-25,False
COR03388,NR,PZ0152,FDR-PZ0152-A,TSS-NR-26,False
COR03492,NR,PZ0153,FDR-PZ0153-B,TSS-NR-27,True
COR06354,NR,PZ0154,FDR-PZ0154-A,TSS-NR-28,True
COR06884,NR,PZ0155,FDR-PZ0155-B,TSS-NR-29,True
COR03894,NR,PZ0156,FDR-PZ0156-B,TSS-NR-30,False
COR04539,NR,PZ0157,FDR-PZ0157-A,TSS-NR-31,True
COR05864,NR,PZ0158,FDR-PZ0158-A,TSS-NR-32,True
COR07882,NR,PZ0159,FDR-PZ0159-A,TSS-NR-33,True
COR05131,NR,PZ0160,FDR-PZ0160-A,TSS-NR-34,True
COR01845,NR,PZ0161,FDR-PZ0161-A,TSS-NR-35,True
COR01505,NR,PZ0162,FDR-PZ0162-B,TSS-NR-36,True
COR00157,NR,PZ0163,FDR-PZ0163-A,TSS-NR-37,False
COR02693,NR,PZ0164,FDR-PZ0164-A,TSS-NR-38,True
COR03028,NR,PZ0165,FDR-PZ0165-B,TSS-NR-39,True
COR08545,NR,PZ0166,FDR-PZ0166-A,TSS-NR-40,True
COR04390,NR,PZ0167,FDR-PZ0167-B,TSS-NR-41,True
COR07407,NR,PZ0168,FDR-PZ0168-A,TSS-NR-42,True
COR08264,NR,PZ0169,FDR-PZ0169-B,TSS-NR-43,True
COR00772,NR,PZ0170,FDR-PZ0170-A,TSS-NR-44,True
COR01287,NR,PZ0171,FDR-PZ0171-B,TSS-NR-45,True
COR03501,NR,PZ0172,FDR-PZ0172-A,TSS-NR-46,True
COR00160,NR,PZ0173,FDR-PZ0173-B,TSS-NR-47,False
COR08400,NR,PZ0174,FDR-PZ0174-A,TSS-NR-48,False
COR08382,NR,PZ0175,FDR-PZ0175-B,TSS-NR-49,True
COR03892,NR,PZ0176,FDR-PZ0176-B,TSS-NR-50,True
COR06523,NR,PZ0177,FDR-PZ0177-A,TSS-NR-51,True
COR04556,NR,PZ0178,FDR-PZ0178-A,TSS-NR-52,True
COR01999,NR,PZ0179,FDR-PZ0179-A,TSS-NR-53,True
COR02261,NR,PZ0180,FDR-PZ0180-B,TSS-NR-54,True
COR04386,NR,PZ0181,FDR-PZ0181-A,TSS-NR-55,False
COR06213,NR,PZ0182,FDR-PZ0182-A,TSS-NR-56,True
COR06764,NR,PZ0183,FDR-PZ0183-B,TSS-NR-57,True
COR03102,NR,PZ0184,FDR-PZ0184-A,TSS-NR-58,True
COR04545,NR,PZ0185,FDR-PZ0185-A,TSS-NR-59,True
COR02684,NR,PZ0186,FDR-PZ0186-A,TSS-NR-60,True
COR05123,NR,PZ0127,FDR-PZ0127-A,TSS-NR-01,True
COR01292,NR,PZ0128,FDR-PZ0128-B,TSS-NR-02,True
COR04798,NR,PZ0129,FDR-PZ0129-A,TSS-NR-03,False
COR01961,NR,PZ0130,FDR-PZ0130-A,TSS-NR-04,False
COR02667,NR,PZ0131,FDR-PZ0131-A,TSS-NR-05,True
COR06880,NR,PZ0132,FDR-PZ0132-A,TSS-NR-06,True
COR01495,NR,PZ0133,FDR-PZ0133-B,TSS-NR-07,False
COR03884,NR,PZ0134,FDR-PZ0134-A,TSS-NR-08,True
COR01804,NR,PZ0135,FDR-PZ0135-A,TSS-NR-09,True
COR04797,NR,PZ0136,FDR-PZ0136-A,TSS-NR-10,True
COR06875,NR,PZ0137,FDR-PZ0137-A,TSS-NR-11,True
COR05889,NR,PZ0138,FDR-PZ0138-A,TSS-NR-12,True
COR06845,NR,PZ0139,FDR-PZ0139-B,TSS-NR-13,False
COR02772,NR,PZ0140,FDR-PZ0140-A,TSS-NR-14,True
COR04249,NR,PZ0141,FDR-PZ0141-A,TSS-NR-15,True
COR07968,NR,PZ0142,FDR-PZ0142-A,TSS-NR-16,False
COR04225,NR,PZ0143,FDR-PZ0143-B,TSS-NR-17,True
COR05862,NR,PZ0144,FDR-PZ0144-B,TSS-NR-18,True
COR07382,NR,PZ0145,FDR-PZ0145-B,TSS-NR-19,True
COR01293,NR,PZ0146,FDR-PZ0146-B,TSS-NR-20,True
COR06525,NR,PZ0147,FDR-PZ0147-A,TSS-NR-21,True
COR05919,NR,PZ0148,FDR-PZ0148-A,TSS-NR-22,True
COR04110,NR,PZ0149,FDR-PZ0149-A,TSS-NR-23,True
COR04221,NR,PZ0150,FDR-PZ0150-A,TSS-NR-24,False
COR07522,NR,PZ0151,FDR-PZ0151-A,TSS-NR-25,True
COR02702,NR,PZ0152,FDR-PZ0152-B,TSS-NR-26,True
COR03313,NR,PZ0153,FDR-PZ0153-B,TSS-NR-27,True
COR05545,NR,PZ0154,FDR-PZ0154-B,TSS-NR-28,True
COR01798,NR,PZ0155,FDR-PZ0155-A,TSS-NR-29,True
COR04095,NR,PZ0156,FDR-PZ0156-A,TSS-NR-30,False
COR05676,NR,PZ0157,FDR-PZ0157-B,TSS-NR-31,False
COR03497,NR,PZ0158,FDR-PZ0158-A,TSS-NR-32,True
COR06211,NR,PZ0159,FDR-PZ0159-A,TSS-NR-33,True
COR07477,NR,PZ0160,FDR-PZ0160-B,TSS-NR-34,False
COR01269,NR,PZ0161,FDR-PZ0161-A,TSS-NR-35,True
COR06212,NR,PZ0162,FDR-PZ0162-A,TSS-NR-36,True
COR03119,NR,PZ0163,FDR-PZ0163-A,TSS-NR-37,True
COR04166,NR,PZ0164,FDR-PZ0164-B,TSS-NR-38,True
COR04389,NR,PZ0165,FDR-PZ0165-A,TSS-NR-39,True
COR04216,NR,PZ0166,FDR-PZ0166-A,TSS-NR-40,True
COR02692,NR,PZ0167,FDR-PZ0167-B,TSS-NR-41,True
COR02292,NR,PZ0168,FDR-PZ0168-A,TSS-NR-42,True
COR03898,NR,PZ0169,FDR-PZ0169-B,TSS-NR-43,False
COR05978,NR,PZ0170,FDR-PZ0170-A,TSS-NR-44,False
COR01958,NR,PZ0171,FDR-PZ0171-A,TSS-NR-45,True
COR08401,NR,PZ0172,FDR-PZ0172-A,TSS-NR-46,True
COR05975,NR,PZ0173,FDR-PZ0173-A,TSS-NR-47,True
COR02525,NR,PZ0174,FDR-PZ0174-A,TSS-NR-48,False
COR05979,NR,PZ0175,FDR-PZ0175-A,TSS-NR-49,True
COR02681,NR,PZ0176,FDR-PZ0176-B,TSS-NR-50,True
COR08362,NR,PZ0177,FDR-PZ0177-B,TSS-NR-51,True
COR03494,NR,PZ0178,FDR-PZ0178-B,TSS-NR-52,True
COR06267,NR,PZ0179,FDR-PZ0179-B,TSS-NR-53,True
COR03500,NR,PZ0180,FDR-PZ0180-A,TSS-NR-54,False
COR08225,NR,PZ0181,FDR-PZ0181-A,TSS-NR-55,True
COR05680,NR,PZ0182,FDR-PZ0182-B,TSS-NR-56,True
COR02253,NR,PZ0183,FDR-PZ0183-B,TSS-NR-57,True
COR03887,NR,PZ0184,FDR-PZ0184-A,TSS-NR-58,True
COR06732,NR,PZ0185,FDR-PZ0185-A,TSS-NR-59,True
COR07868,NR,PZ0186,FDR-PZ0186-A,TSS-NR-60,True
COR07387,NR,PZ0127,FDR-PZ0127-B,TSS-NR-01,True
COR06333,NR,PZ0128,FDR-PZ0128-B,TSS-NR-02,True
COR07961,NR,PZ0129,FDR-PZ0129-A,TSS-NR-03,True
COR04243,NR,PZ0130,FDR-PZ0130-B,TSS-NR-04,True
COR05875,NR,PZ0131,FDR-PZ0131-A,TSS-NR-05,True
COR01857,NR,PZ0132,FDR-PZ0132-B,TSS-NR-06,False
COR01866,NR,PZ0133,FDR-PZ0133-B,TSS-NR-07,True
COR05878,NR,PZ0134,FDR-PZ0134-B,TSS-NR-08,True
COR01846,NR,PZ0135,FDR-PZ0135-A,TSS-NR-09,True
COR02677,NR,PZ0136,FDR-PZ0136-A,TSS-NR-10,False
COR04543,NR,PZ0137,FDR-PZ0137-B,TSS-NR-11,False
COR08587,NR,PZ0138,FDR-PZ0138-A,TSS-NR-12,True
COR03906,NR,PZ0139,FDR-PZ0139-A,TSS-NR-13,True
COR04403,NR,PZ0140,FDR-PZ0140-A,TSS-NR-14,True
COR01867,NR,PZ0141,FDR-PZ0141-A,TSS-NR-15,True
COR06515,NR,PZ0142,FDR-PZ0142-B,TSS-NR-16,True
COR04773,NR,PZ0143,FDR-PZ0143-B,TSS-NR-17,False
COR04794,NR,PZ0144,FDR-PZ0144-A,TSS-NR-18,False
COR01993,NR,PZ0145,FDR-PZ0145-B,TSS-NR-19,True
COR01658,NR,PZ0146,FDR-PZ0146-A,TSS-NR-20,True
COR04772,NR,PZ0147,FDR-PZ0147-A,TSS-NR-21,True
COR06526,NR,PZ0148,FDR-PZ0148-A,TSS-NR-22,False
COR08275,NR,PZ0149,FDR-PZ0149-A,TSS-NR-23,True
COR00564,NR,PZ0150,FDR-PZ0150-B,TSS-NR-24,True
COR05600,NR,PZ0151,FDR-PZ0151-A,TSS-NR-25,True
COR00770,NR,PZ0152,FDR-PZ0152-A,TSS-NR-26,True
COR01799,NR,PZ0153,FDR-PZ0153-A,TSS-NR-27,True
COR01854,NR,PZ0154,FDR-PZ0154-B,TSS-NR-28,False
COR00760,NR,PZ0155,FDR-PZ0155-B,TSS-NR-29,False
COR06940,NR,PZ0156,FDR-PZ0156-B,TSS-NR-30,True
COR08469,NR,PZ0157,FDR-PZ0157-A,TSS-NR-31,True
COR05675,NR,PZ0158,FDR-PZ0158-A,TSS-NR-32,True
COR08594,NR,PZ0159,FDR-PZ0159-A,TSS-NR-33,False
COR04761,NR,PZ0160,FDR-PZ0160-A,TSS-NR-34,True
COR08582,NR,PZ0161,FDR-PZ0161-B,TSS-NR-35,True
COR02006,NR,PZ0162,FDR-PZ0162-A,TSS-NR-36,True
COR00758,NR,PZ0163,FDR-PZ0163-B,TSS-NR-37,True
COR06832,NR,PZ0164,FDR-PZ0164-B,TSS-NR-38,False
COR01848,NR,PZ0165,FDR-PZ0165-A,TSS-NR-39,False
COR01802,NR,PZ0166,FDR-PZ0166-B,TSS-NR-40,True
COR05555,NR,PZ0167,FDR-PZ0167-A,TSS-NR-41,True
COR03398,NR,PZ0168,FDR-PZ0168-B,TSS-NR-42,True
COR06984,NR,PZ0169,FDR-PZ0169-A,TSS-NR-43,True
COR02245,NR,PZ0170,FDR-PZ0170-A,TSS-NR-44,True
COR01852,NR,PZ0171,FDR-PZ0171-A,TSS-NR-45,True
COR04629,NR,PZ0172,FDR-PZ0172-B,TSS-NR-46,True
COR02651,NR,PZ0173,FDR-PZ0173-A,TSS-NR-47,True
COR05090,NR,PZ0174,FDR-PZ0174-B,TSS-NR-48,True
COR02259,NR,PZ0175,FDR-PZ0175-B,TSS-NR-49,True
COR02300,NR,PZ0176,FDR-PZ0176-B,TSS-NR-50,True
COR05554,NR,PZ0177,FDR-PZ0177-B,TSS-NR-51,True
COR02309,NR,PZ0178,FDR-PZ0178-A,TSS-NR-52,True
COR04211,NR,PZ0179,FDR-PZ0179-B,TSS-NR-53,True
COR08363,NR,PZ0180,FDR-PZ0180-B,TSS-NR-54,True
COR05873,NR,PZ0181,FDR-PZ0181-B,TSS-NR-55,True
COR04410,NR,PZ0182,FDR-PZ0182-B,TSS-NR-56,True
COR08583,NR,PZ0183,FDR-PZ0183-A,TSS-NR-57,True
COR00201,NR,PZ0184,FDR-PZ0184-A,TSS-NR-58,True
COR03495,NR,PZ0185,FDR-PZ0185-B,TSS-NR-59,True
COR06975,NR,PZ0186,FDR-PZ0186-B,TSS-NR-60,True
COR02003,NR,PZ0127,FDR-PZ0127-B,TSS-NR-01,False
COR03400,NR,PZ0128,FDR-PZ0128-A,TSS-NR-02,True
COR02306,NR,PZ0129,FDR-PZ0129-B,TSS-NR-03,False
COR01864,NR,PZ0130,FDR-PZ0130-B,TSS-NR-04,True
COR04170,NR,PZ0131,FDR-PZ0131-B,TSS-NR-05,True
COR01283,NR,PZ0132,FDR-PZ0132-A,TSS-NR-06,True
COR05413,NR,PZ0133,FDR-PZ0133-B,TSS-NR-07,True
COR06941,NR,PZ0134,FDR-PZ0134-B,TSS-NR-08,True
COR07230,NR,PZ0135,FDR-PZ0135-A,TSS-NR-09,False
COR03395,NR,PZ0136,FDR-PZ0136-A,TSS-NR-10,True
COR01295,NR,PZ0137,FDR-PZ0137-A,TSS-NR-11,False
COR06850,NR,PZ0138,FDR-PZ0138-A,TSS-NR-12,True
COR03903,NR,PZ0139,FDR-PZ0139-B,TSS-NR-13,True
COR06264,NR,PZ0140,FDR-PZ0140-A,TSS-NR-14,True
COR04093,NR,PZ0141,FDR-PZ0141-B,TSS-NR-15,True
COR01738,NR,PZ0142,FDR-PZ0142-A,TSS-NR-16,False
COR02252,NR,PZ0143,FDR-PZ0143-A,TSS-NR-17,True
COR01803,NR,PZ0144,FDR-PZ0144-A,TSS-NR-18,True
COR04778,NR,PZ0145,FDR-PZ0145-A,TSS-NR-19,False
COR07393,NR,PZ0146,FDR-PZ0146-A,TSS-NR-20,True
COR04121,NR,PZ0147,FDR-PZ0147-B,TSS-NR-21,True
COR01733,NR,PZ0148,FDR-PZ0148-A,TSS-NR-22,True
COR00161,NR,PZ0149,FDR-PZ0149-A,TSS-NR-23,True
COR03020,NR,PZ0150,FDR-PZ0150-A,TSS-NR-24,True
COR04388,NR,PZ0151,FDR-PZ0151-A,TSS-NR-25,True
COR02841,NR,PZ0152,FDR-PZ0152-B,TSS-NR-26,False
COR06344,NR,PZ0153,FDR-PZ0153-A,TSS-NR-27,True
COR05563,NR,PZ0154,FDR-PZ0154-A,TSS-NR-28,True
COR01850,NR,PZ0155,FDR-PZ0155-A,TSS-NR-29,True
COR07967,NR,PZ0156,FDR-PZ0156-B,TSS-NR-30,True
COR04758,NR,PZ0157,FDR-PZ0157-A,TSS-NR-31,True
COR05982,NR,PZ0158,FDR-PZ0158-B,TSS-NR-32,True
COR07880,NR,PZ0159,FDR-PZ0159-B,TSS-NR-33,True
COR03902,NR,PZ0160,FDR-PZ0160-B,TSS-NR-34,True
COR03919,NR,PZ0161,FDR-PZ0161-B,TSS-NR-35,True
COR05868,NR,PZ0162,FDR-PZ0162-B,TSS-NR-36,True
COR07523,NR,PZ0163,FDR-PZ0163-A,TSS-NR-37,True
COR01962,NR,PZ0164,FDR-PZ0164-A,TSS-NR-38,True
COR04112,NR,PZ0165,FDR-PZ0165-A,TSS-NR-39,True
COR02526,NR,PZ0166,FDR-PZ0166-B,TSS-NR-40,True
COR05416,NR,PZ0167,FDR-PZ0167-B,TSS-NR-41,True
COR07229,NR,PZ0168,FDR-PZ0168-A,TSS-NR-42,True
COR03901,NR,PZ0169,FDR-PZ0169-B,TSS-NR-43,False
COR03490,NR,PZ0170,FDR-PZ0170-B,TSS-NR-44,True
COR06357,NR,PZ0171,FDR-PZ0171-A,TSS-NR-45,True
COR05426,NR,PZ0172,FDR-PZ0172-A,TSS-NR-46,True
COR04188,NR,PZ0173,FDR-PZ0173-A,TSS-NR-47,True
COR04536,NR,PZ0174,FDR-PZ0174-B,TSS-NR-48,True
COR03588,NR,PZ0175,FDR-PZ0175-B,TSS-NR-49,True
COR06356,NR,PZ0176,FDR-PZ0176-B,TSS-NR-50,True
COR07403,NR,PZ0177,FDR-PZ0177-B,TSS-NR-51,True
COR06841,NR,PZ0178,FDR-PZ0178-A,TSS-NR-52,True
COR04397,NR,PZ0179,FDR-PZ0179-A,TSS-NR-53,True
COR06946,NR,PZ0180,FDR-PZ0180-A,TSS-NR-54,True
COR02529,NR,PZ0181,FDR-PZ0181-B,TSS-NR-55,False
COR04790,NR,PZ0182,FDR-PZ0182-A,TSS-NR-56,False
COR00761,NR,PZ0183,FDR-PZ0183-B,TSS-NR-57,True
COR03312,NR,PZ0184,FDR-PZ0184-B,TSS-NR-58,False
COR05967,NR,PZ0185,FDR-PZ0185-A,TSS-NR-59,True
COR07442,NR,PZ0186,FDR-PZ0186-A,TSS-NR-60,True
COR04172,NR,PZ0127,FDR-PZ0127-A,TSS-NR-01,True
COR07960,NR,PZ0128,FDR-PZ0128-B,TSS-NR-02,False
COR04770,NR,PZ0129,FDR-PZ0129-B,TSS-NR-03,False
COR07996,NR,PZ0130,FDR-PZ0130-B,TSS-NR-04,True
COR03489,NR,PZ0131,FDR-PZ0131-A,TSS-NR-05,False
COR02777,NR,PZ0132,FDR-PZ0132-A,TSS-NR-06,True
COR08143,NR,PZ0133,FDR-PZ0133-A,TSS-NR-07,True
COR05697,NR,PZ0134,FDR-PZ0134-B,TSS-NR-08,True
COR08073,NR,PZ0135,FDR-PZ0135-A,TSS-NR-09,True
COR05888,NR,PZ0136,FDR-PZ0136-A,TSS-NR-10,False
COR08533,NR,PZ0137,FDR-PZ0137-A,TSS-NR-11,True
COR06581,NR,PZ0138,FDR-PZ0138-B,TSS-NR-12,True
COR02673,NR,PZ0139,FDR-PZ0139-A,TSS-NR-13,True
COR01507,NR,PZ0140,FDR-PZ0140-B,TSS-NR-14,True
COR08141,NR,PZ0141,FDR-PZ0141-B,TSS-NR-15,True
COR02770,NR,PZ0142,FDR-PZ0142-B,TSS-NR-16,True
COR04622,NR,PZ0143,FDR-PZ0143-A,TSS-NR-17,True
COR05132,NR,PZ0144,FDR-PZ0144-A,TSS-NR-18,True
COR04113,NR,PZ0145,FDR-PZ0145-A,TSS-NR-19,False
COR05981,NR,PZ0146,FDR-PZ0146-B,TSS-NR-20,True
COR02298,NR,PZ0147,FDR-PZ0147-B,TSS-NR-21,True
COR04224,NR,PZ0148,FDR-PZ0148-A,TSS-NR-22,True
COR01960,NR,PZ0149,FDR-PZ0149-B,TSS-NR-23,True
COR02014,NR,PZ0150,FDR-PZ0150-A,TSS-NR-24,True
COR03104,NR,PZ0151,FDR-PZ0151-A,TSS-NR-25,True
COR06337,NR,PZ0152,FDR-PZ0152-A,TSS-NR-26,False
COR02671,NR,PZ0153,FDR-PZ0153-B,TSS-NR-27,False
COR04555,NR,PZ0154,FDR-PZ0154-B,TSS-NR-28,False
COR04734,NR,PZ0155,FDR-PZ0155-A,TSS-NR-29,True
COR03488,NR,PZ0156,FDR-PZ0156-A,TSS-NR-30,False
COR08377,NR,PZ0157,FDR-PZ0157-A,TSS-NR-31,True
COR03916,NR,PZ0158,FDR-PZ0158-A,TSS-NR-32,True
COR01288,NR,PZ0159,FDR-PZ0159-B,TSS-NR-33,True
COR06837,NR,PZ0160,FDR-PZ0160-B,TSS-NR-34,True
COR00561,NR,PZ0161,FDR-PZ0161-B,TSS-NR-35,False
COR03114,NR,PZ0162,FDR-PZ0162-B,TSS-NR-36,True
COR04735,NR,PZ0163,FDR-PZ0163-A,TSS-NR-37,True
COR02301,NR,PZ0164,FDR-PZ0164-A,TSS-NR-38,False
COR03909,NR,PZ0165,FDR-PZ0165-A,TSS-NR-39,True
COR05564,NR,PZ0166,FDR-PZ0166-B,TSS-NR-40,True
COR06262,NR,PZ0167,FDR-PZ0167-A,TSS-NR-41,True
COR02668,NR,PZ0168,FDR-PZ0168-A,TSS-NR-42,True
COR04730,NR,PZ0169,FDR-PZ0169-B,TSS-NR-43,False
COR03026,NR,PZ0170,FDR-PZ0170-B,TSS-NR-44,False
COR05548,NR,PZ0171,FDR-PZ0171-A,TSS-NR-45,False
COR03496,NR,PZ0172,FDR-PZ0172-A,TSS-NR-46,True
COR02012,NR,PZ0173,FDR-PZ0173-A,TSS-NR-47,True
COR08279,NR,PZ0174,FDR-PZ0174-B,TSS-NR-48,True
COR08586,NR,PZ0175,FDR-PZ0175-A,TSS-NR-49,True
COR01869,NR,PZ0176,FDR-PZ0176-B,TSS-NR-50,True
COR04220,NR,PZ0177,FDR-PZ0177-B,TSS-NR-51,True
COR04190,NR,PZ0178,FDR-PZ0178-A,TSS-NR-52,True
COR04631,NR,PZ0179,FDR-PZ0179-A,TSS-NR-53,True
COR04120,NR,PZ0180,FDR-PZ0180-B,TSS-NR-54,False
COR03485,NR,PZ0181,FDR-PZ0181-A,TSS-NR-55,True
COR03023,NR,PZ0182,FDR-PZ0182-A,TSS-NR-56,True
COR02175,NR,PZ0183,FDR-PZ0183-A,TSS-NR-57,False
COR04242,NR,PZ0184,FDR-PZ0184-A,TSS-NR-58,True
COR03034,NR,PZ0185,FDR-PZ0185-A,TSS-NR-59,True
COR03883,NR,PZ0186,FDR-PZ0186-B,TSS-NR-60,False
COR04182,NR,PZ0127,FDR-PZ0127-B,TSS-NR-01,True
COR00771,NR,PZ0128,FDR-PZ0128-A,TSS-NR-02,True
COR04090,NR,PZ0129,FDR-PZ0129-A,TSS-NR-03,True
COR06552,NR,PZ0130,FDR-PZ0130-B,TSS-NR-04,True
COR05434,NR,PZ0131,FDR-PZ0131-A,TSS-NR-05,False
COR07971,NR,PZ0132,FDR-PZ0132-A,TSS-NR-06,True
COR00154,NR,PZ0133,FDR-PZ0133-A,TSS-NR-07,True
COR01656,NR,PZ0134,FDR-PZ0134-A,TSS-NR-08,False
COR08474,NR,PZ0135,FDR-PZ0135-A,TSS-NR-09,False
COR05990,NR,PZ0136,FDR-PZ0136-A,TSS-NR-10,True
COR07401,NR,PZ0137,FDR-PZ0137-B,TSS-NR-11,False
COR04777,NR,PZ0138,FDR-PZ0138-A,TSS-NR-12,True
COR06838,NR,PZ0139,FDR-PZ0139-B,TSS-NR-13,False
COR04122,NR,PZ0140,FDR-PZ0140-B,TSS-NR-14,False
COR03118,NR,PZ0141,FDR-PZ0141-B,TSS-NR-15,True
COR01847,NR,PZ0142,FDR-PZ0142-A,TSS-NR-16,True
COR03911,NR,PZ0143,FDR-PZ0143-B,TSS-NR-17,True
COR01739,NR,PZ0144,FDR-PZ0144-A,TSS-NR-18,True
COR01500,NR,PZ0145,FDR-PZ0145-A,TSS-NR-19,True
COR04177,NR,PZ0146,FDR-PZ0146-B,TSS-NR-20,True
COR04125,NR,PZ0147,FDR-PZ0147-B,TSS-NR-21,True
COR06766,NR,PZ0148,FDR-PZ0148-A,TSS-NR-22,True
COR00158,NR,PZ0149,FDR-PZ0149-B,TSS-NR-23,True
COR04123,NR,PZ0150,FDR-PZ0150-B,TSS-NR-24,True
COR00202,NR,PZ0151,FDR-PZ0151-A,TSS-NR-25,False
COR06945,NR,PZ0152,FDR-PZ0152-B,TSS-NR-26,True
COR06867,NR,PZ0153,FDR-PZ0153-A,TSS-NR-27,True
COR04091,NR,PZ0154,FDR-PZ0154-A,TSS-NR-28,True
COR02698,NR,PZ0155,FDR-PZ0155-B,TSS-NR-29,True
COR08147,NR,PZ0156,FDR-PZ0156-B,TSS-NR-30,True
COR04767,NR,PZ0157,FDR-PZ0157-A,TSS-NR-31,False
COR03908,NR,PZ0158,FDR-PZ0158-A,TSS-NR-32,True
COR02696,NR,PZ0159,FDR-PZ0159-B,TSS-NR-33,True
COR06350,NR,PZ0160,FDR-PZ0160-B,TSS-NR-34,True
COR06612,NR,PZ0161,FDR-PZ0161-B,TSS-NR-35,True
COR00558,NR,PZ0162,FDR-PZ0162-B,TSS-NR-36,True
COR04396,NR,PZ0163,FDR-PZ0163-A,TSS-NR-37,True
COR08470,NR,PZ0164,FDR-PZ0164-B,TSS-NR-38,True
COR04552,NR,PZ0165,FDR-PZ0165-B,TSS-NR-39,False
COR05552,NR,PZ0166,FDR-PZ0166-A,TSS-NR-40,False
COR00149,NR,PZ0167,FDR-PZ0167-A,TSS-NR-41,False
COR08072,NR,PZ0168,FDR-PZ0168-A,TSS-NR-42,True
COR03491,NR,PZ0169,FDR-PZ0169-B,TSS-NR-43,True
COR06981,NR,PZ0170,FDR-PZ0170-B,TSS-NR-44,False
COR06974,NR,PZ0171,FDR-PZ0171-A,TSS-NR-45,True
COR04226,NR,PZ0172,FDR-PZ0172-B,TSS-NR-46,True
COR06359,NR,PZ0173,FDR-PZ0173-B,TSS-NR-47,False
COR05493,NR,PZ0174,FDR-PZ0174-A,TSS-NR-48,False
COR02297,NR,PZ0175,FDR-PZ0175-B,TSS-NR-49,True
COR05082,NR,PZ0176,FDR-PZ0176-B,TSS-NR-50,True
COR02314,NR,PZ0177,FDR-PZ0177-B,TSS-NR-51,True
COR02307,NR,PZ0178,FDR-PZ0178-B,TSS-NR-52,True
COR00146,NR,PZ0179,FDR-PZ0179-A,TSS-NR-53,True
COR02303,NR,PZ0180,FDR-PZ0180-B,TSS-NR-54,True
COR05081,NR,PZ0181,FDR-PZ0181-B,TSS-NR-55,True
COR00763,NR,PZ0182,FDR-PZ0182-A,TSS-NR-56,True
COR04089,NR,PZ0183,FDR-PZ0183-B,TSS-NR-57,True
COR01734,NR,PZ0184,FDR-PZ0184-A,TSS-NR-58,True
COR01964,NR,PZ0185,FDR-PZ0185-A,TSS-NR-59,True
COR04542,NR,PZ0186,FDR-PZ0186-A,TSS-NR-60,False
COR03886,NR,PZ0127,FDR-PZ0127-A,TSS-NR-01,True
COR02705,NR,PZ0128,FDR-PZ0128-B,TSS-NR-02,False
COR03031,NR,PZ0129,FDR-PZ0129-A,TSS-NR-03,True
COR03027,NR,PZ0130,FDR-PZ0130-B,TSS-NR-04,True
COR08224,NR,PZ0131,FDR-PZ0131-A,TSS-NR-05,True
COR07392,NR,PZ0132,FDR-PZ0132-A,TSS-NR-06,False
COR06978,NR,PZ0133,FDR-PZ0133-B,TSS-NR-07,True
COR06871,NR,PZ0134,FDR-PZ0134-A,TSS-NR-08,True
COR01285,NR,PZ0135,FDR-PZ0135-A,TSS-NR-09,True
COR02256,NR,PZ0136,FDR-PZ0136-A,TSS-NR-10,True
COR02255,NR,PZ0137,FDR-PZ0137-A,TSS-NR-11,True
COR05543,NR,PZ0138,FDR-PZ0138-B,TSS-NR-12,True
COR03101,NR,PZ0139,FDR-PZ0139-A,TSS-NR-13,True
COR03890,NR,PZ0140,FDR-PZ0140-A,TSS-NR-14,True
COR04753,NR,PZ0141,FDR-PZ0141-A,TSS-NR-15,True
COR04183,NR,PZ0142,FDR-PZ0142-B,TSS-NR-16,True
COR07997,NR,PZ0143,FDR-PZ0143-A,TSS-NR-17,True
COR01262,NR,PZ0144,FDR-PZ0144-B,TSS-NR-18,True
COR01861,NR,PZ0145,FDR-PZ0145-A,TSS-NR-19,True
COR05083,NR,PZ0146,FDR-PZ0146-A,TSS-NR-20,True
COR08278,NR,PZ0147,FDR-PZ0147-B,TSS-NR-21,True
COR03328,NR,PZ0148,FDR-PZ0148-B,TSS-NR-22,True
COR02697,NR,PZ0149,FDR-PZ0149-A,TSS-NR-23,True
COR03100,NR,PZ0150,FDR-PZ0150-A,TSS-NR-24,True
COR07231,NR,PZ0151,FDR-PZ0151-A,TSS-NR-25,True
COR04104,NR,PZ0152,FDR-PZ0152-A,TSS-NR-26,True
COR01863,NR,PZ0153,FDR-PZ0153-A,TSS-NR-27,True
COR01862,NR,PZ0154,FDR-PZ0154-B,TSS-NR-28,True
COR06852,NR,PZ0155,FDR-PZ0155-B,TSS-NR-29,True
COR08595,NR,PZ0156,FDR-PZ0156-B,TSS-NR-30,False
COR05562,NR,PZ0157,FDR-PZ0157-B,TSS-NR-31,True
COR04189,NR,PZ0158,FDR-PZ0158-B,TSS-NR-32,False
COR03904,NR,PZ0159,FDR-PZ0159-B,TSS-NR-33,False
COR02774,NR,PZ0160,FDR-PZ0160-B,TSS-NR-34,False
COR07887,NR,PZ0161,FDR-PZ0161-A,TSS-NR-35,True
COR06273,NR,PZ0162,FDR-PZ0162-B,TSS-NR-36,True
COR00765,NR,PZ0163,FDR-PZ0163-A,TSS-NR-37,True
COR01853,NR,PZ0164,FDR-PZ0164-A,TSS-NR-38,False
COR02537,NR,PZ0165,FDR-PZ0165-B,TSS-NR-39,True
COR08397,NR,PZ0166,FDR-PZ0166-B,TSS-NR-40,False
COR05576,NR,PZ0167,FDR-PZ0167-A,TSS-NR-41,True
COR04116,NR,PZ0168,FDR-PZ0168-B,TSS-NR-42,True
COR03889,NR,PZ0169,FDR-PZ0169-A,TSS-NR-43,True
COR03113,NR,PZ0170,FDR-PZ0170-A,TSS-NR-44,True
COR02659,NR,PZ0171,FDR-PZ0171-B,TSS-NR-45,True
COR04185,NR,PZ0172,FDR-PZ0172-B,TSS-NR-46,True
COR01842,NR,PZ0173,FDR-PZ0173-A,TSS-NR-47,True
COR04504,NR,PZ0174,FDR-PZ0174-A,TSS-NR-48,False
COR06936,NR,PZ0175,FDR-PZ0175-B,TSS-NR-49,True
COR01284,NR,PZ0176,FDR-PZ0176-A,TSS-NR-50,True
COR00155,NR,PZ0177,FDR-PZ0177-A,TSS-NR-51,True
COR01732,NR,PZ0178,FDR-PZ0178-A,TSS-NR-52,False
COR08543,NR,PZ0179,FDR-PZ0179-A,TSS-NR-53,True
COR05598,NR,PZ0180,FDR-PZ0180-B,TSS-NR-54,True
COR06346,NR,PZ0181,FDR-PZ0181-B,TSS-NR-55,True
COR04800,NR,PZ0182,FDR-PZ0182-B,TSS-NR-56,True
COR06882,NR,PZ0183,FDR-PZ0183-B,TSS-NR-57,False
COR00554,NR,PZ0184,FDR-PZ0184-B,TSS-NR-58,True
COR03035,NR,PZ0185,FDR-PZ0185-B,TSS-NR-59,False
COR06521,NR,PZ0186,FDR-PZ0186-B,TSS-NR-60,False
COR03896,NR,PZ0127,FDR-PZ0127-A,TSS-NR-01,True
COR07409,NR,PZ0128,FDR-PZ0128-A,TSS-NR-02,True
COR03393,NR,PZ0129,FDR-PZ0129-A,TSS-NR-03,True
COR05125,NR,PZ0130,FDR-PZ0130-B,TSS-NR-04,True
COR08265,NR,PZ0131,FDR-PZ0131-A,TSS-NR-05,True
COR02527,NR,PZ0132,FDR-PZ0132-A,TSS-NR-06,True
COR08531,NR,PZ0133,FDR-PZ0133-A,TSS-NR-07,False
COR01509,NR,PZ0134,FDR-PZ0134-A,TSS-NR-08,False
COR06883,NR,PZ0135,FDR-PZ0135-A,TSS-NR-09,False
COR03390,NR,PZ0136,FDR-PZ0136-A,TSS-NR-10,False
COR02700,NR,PZ0137,FDR-PZ0137-A,TSS-NR-11,False
COR07383,NR,PZ0138,FDR-PZ0138-B,TSS-NR-12,True
COR07226,NR,PZ0139,FDR-PZ0139-A,TSS-NR-13,True
COR07835,NR,PZ0140,FDR-PZ0140-B,TSS-NR-14,True
COR01731,NR,PZ0141,FDR-PZ0141-B,TSS-NR-15,True
COR06553,NR,PZ0142,FDR-PZ0142-B,TSS-NR-16,True
COR04764,NR,PZ0143,FDR-PZ0143-A,TSS-NR-17,False
COR02763,NR,PZ0144,FDR-PZ0144-B,TSS-NR-18,True
COR00776,NR,PZ0145,FDR-PZ0145-A,TSS-NR-19,True
COR03910,NR,PZ0146,FDR-PZ0146-B,TSS-NR-20,True
COR01267,NR,PZ0147,FDR-PZ0147-A,TSS-NR-21,True
COR05417,NR,PZ0148,FDR-PZ0148-B,TSS-NR-22,True
COR05418,NR,PZ0149,FDR-PZ0149-B,TSS-NR-23,True
COR02775,NR,PZ0150,FDR-PZ0150-B,TSS-NR-24,True
COR03386,NR,PZ0151,FDR-PZ0151-B,TSS-NR-25,True
COR00562,NR,PZ0152,FDR-PZ0152-A,TSS-NR-26,True
COR07969,NR,PZ0153,FDR-PZ0153-B,TSS-NR-27,True
COR07166,NR,PZ0154,FDR-PZ0154-B,TSS-NR-28,False
COR05673,NR,PZ0155,FDR-PZ0155-B,TSS-NR-29,True
COR04540,NR,PZ0156,FDR-PZ0156-A,TSS-NR-30,False
COR03915,NR,PZ0157,FDR-PZ0157-B,TSS-NR-31,True
COR08273,NR,PZ0158,FDR-PZ0158-B,TSS-NR-32,True
COR03907,NR,PZ0159,FDR-PZ0159-A,TSS-NR-33,True
COR04627,NR,PZ0160,FDR-PZ0160-B,TSS-NR-34,True
COR01289,NR,PZ0161,FDR-PZ0161-B,TSS-NR-35,True
COR06679,NR,PZ0162,FDR-PZ0162-B,TSS-NR-36,False
COR04215,NR,PZ0163,FDR-PZ0163-A,TSS-NR-37,True
COR03029,NR,PZ0164,FDR-PZ0164-A,TSS-NR-38,True
COR00775,NR,PZ0165,FDR-PZ0165-A,TSS-NR-39,True
COR06876,NR,PZ0166,FDR-PZ0166-A,TSS-NR-40,True
COR02533,NR,PZ0167,FDR-PZ0167-A,TSS-NR-41,True
COR04108,NR,PZ0168,FDR-PZ0168-A,TSS-NR-42,True
COR01737,NR,PZ0169,FDR-PZ0169-A,TSS-NR-43,True
COR08274,NR,PZ0170,FDR-PZ0170-B,TSS-NR-44,True
COR06269,NR,PZ0171,FDR-PZ0171-B,TSS-NR-45,True
COR06517,NR,PZ0172,FDR-PZ0172-B,TSS-NR-46,True
COR04769,NR,PZ0173,FDR-PZ0173-A,TSS-NR-47,True
COR04554,NR,PZ0174,FDR-PZ0174-B,TSS-NR-48,False
COR06878,NR,PZ0175,FDR-PZ0175-A,TSS-NR-49,True
COR05816,NR,PZ0176,FDR-PZ0176-A,TSS-NR-50,True
COR04115,NR,PZ0177,FDR-PZ0177-B,TSS-NR-51,True
COR00556,NR,PZ0178,FDR-PZ0178-B,TSS-NR-52,True
COR08146,NR,PZ0179,FDR-PZ0179-B,TSS-NR-53,True
COR05558,NR,PZ0180,FDR-PZ0180-A,TSS-NR-54,False
COR04756,NR,PZ0181,FDR-PZ0181-A,TSS-NR-55,True
COR01268,NR,PZ0182,FDR-PZ0182-B,TSS-NR-56,True
COR02773,NR,PZ0183,FDR-PZ0183-B,TSS-NR-57,True
COR03025,NR,PZ0184,FDR-PZ0184-B,TSS-NR-58,False
COR01991,NR,PZ0185,FDR-PZ0185-B,TSS-NR-59,True
COR02251,NR,PZ0186,FDR-PZ0186-A,TSS-NR-60,False
COR08272,NR,PZ0127,FDR-PZ0127-B,TSS-NR-01,True
COR01291,NR,PZ0128,FDR-PZ0128-A,TSS-NR-02,True
COR06342,NR,PZ0129,FDR-PZ0129-A,TSS-NR-03,True
COR02310,NR,PZ0130,FDR-PZ0130-A,TSS-NR-04,True
COR07272,NR,PZ0131,FDR-PZ0131-B,TSS-NR-05,False
COR07271,NR,PZ0132,FDR-PZ0132-A,TSS-NR-06,True
COR05869,NR,PZ0133,FDR-PZ0133-B,TSS-NR-07,True
COR03030,NR,PZ0134,FDR-PZ0134-A,TSS-NR-08,True
COR02249,NR,PZ0135,FDR-PZ0135-B,TSS-NR-09,True
COR03401,NR,PZ0136,FDR-PZ0136-B,TSS-NR-10,True
COR00148,NR,PZ0137,FDR-PZ0137-B,TSS-NR-11,False
COR02778,NR,PZ0138,FDR-PZ0138-B,TSS-NR-12,True
COR03917,NR,PZ0139,FDR-PZ0139-A,TSS-NR-13,False
COR05130,NR,PZ0140,FDR-PZ0140-B,TSS-NR-14,True
COR03888,NR,PZ0141,FDR-PZ0141-B,TSS-NR-15,False
COR05490,NR,PZ0142,FDR-PZ0142-A,TSS-NR-16,True
COR00768,NR,PZ0143,FDR-PZ0143-A,TSS-NR-17,True
COR02308,NR,PZ0144,FDR-PZ0144-B,TSS-NR-18,True
COR00764,NR,PZ0145,FDR-PZ0145-B,TSS-NR-19,False
COR08379,NR,PZ0146,FDR-PZ0146-B,TSS-NR-20,False
COR03120,NR,PZ0147,FDR-PZ0147-A,TSS-NR-21,False
COR08149,NR,PZ0148,FDR-PZ0148-B,TSS-NR-22,True
COR04101,NR,PZ0149,FDR-PZ0149-A,TSS-NR-23,False
COR04213,NR,PZ0150,FDR-PZ0150-A,TSS-NR-24,True
COR01807,NR,PZ0151,FDR-PZ0151-A,TSS-NR-25,True
COR05412,NR,PZ0152,FDR-PZ0152-A,TSS-NR-26,True
COR06358,NR,PZ0153,FDR-PZ0153-A,TSS-NR-27,True
COR05985,NR,PZ0154,FDR-PZ0154-A,TSS-NR-28,True
COR03018,NR,PZ0155,FDR-PZ0155-A,TSS-NR-29,False
COR06727,NR,PZ0156,FDR-PZ0156-A,TSS-NR-30,True
COR04780,NR,PZ0157,FDR-PZ0157-B,TSS-NR-31,True
COR05089,NR,PZ0158,FDR-PZ0158-B,TSS-NR-32,True
COR04771,NR,PZ0159,FDR-PZ0159-A,TSS-NR-33,True
COR08398,NR,PZ0160,FDR-PZ0160-B,TSS-NR-34,True
COR05887,NR,PZ0161,FDR-PZ0161-B,TSS-NR-35,True
COR03922,NR,PZ0162,FDR-PZ0162-B,TSS-NR-36,True
COR04399,NR,PZ0163,FDR-PZ0163-B,TSS-NR-37,True
COR08392,NR,PZ0164,FDR-PZ0164-A,TSS-NR-38,True
COR08402,NR,PZ0165,FDR-PZ0165-B,TSS-NR-39,True
COR06836,NR,PZ0166,FDR-PZ0166-A,TSS-NR-40,True
COR04228,NR,PZ0167,FDR-PZ0167-B,TSS-NR-41,True
COR05292,NR,PZ0168,FDR-PZ0168-B,TSS-NR-42,True
COR06877,NR,PZ0169,FDR-PZ0169-A,TSS-NR-43,False
COR06839,NR,PZ0170,FDR-PZ0170-A,TSS-NR-44,True
COR05561,NR,PZ0171,FDR-PZ0171-A,TSS-NR-45,True
COR02679,NR,PZ0172,FDR-PZ0172-B,TSS-NR-46,True
COR04218,NR,PZ0173,FDR-PZ0173-A,TSS-NR-47,True
COR02312,NR,PZ0174,FDR-PZ0174-A,TSS-NR-48,True
COR06980,NR,PZ0175,FDR-PZ0175-B,TSS-NR-49,True
COR02664,NR,PZ0176,FDR-PZ0176-B,TSS-NR-50,True
COR01843,NR,PZ0177,FDR-PZ0177-A,TSS-NR-51,True
COR07438,NR,PZ0178,FDR-PZ0178-B,TSS-NR-52,False
COR01844,NR,PZ0179,FDR-PZ0179-B,TSS-NR-53,False
COR07837,NR,PZ0180,FDR-PZ0180-B,TSS-NR-54,True
COR08535,NR,PZ0181,FDR-PZ0181-B,TSS-NR-55,True
COR02002,NR,PZ0182,FDR-PZ0182-B,TSS-NR-56,False
COR04404,NR,PZ0183,FDR-PZ0183-B,TSS-NR-57,True
COR08472,NR,PZ0184,FDR-PZ0184-B,TSS-NR-58,True
COR07269,NR,PZ0185,FDR-PZ0185-B,TSS-NR-59,True
COR07404,NR,PZ0186,FDR-PZ0186-A,TSS-NR-60,False
COR04405,NR,PZ0127,FDR-PZ0127-B,TSS-NR-01,True
COR04796,NR,PZ0128,FDR-PZ0128-A,TSS-NR-02,True
COR02248,NR,PZ0129,FDR-PZ0129-B,TSS-NR-03,False
COR04391,NR,PZ0130,FDR-PZ0130-B,TSS-NR-04,True
COR01997,NR,PZ0131,FDR-PZ0131-B,TSS-NR-05,True
COR08546,NR,PZ0132,FDR-PZ0132-B,TSS-NR-06,True
COR08140,NR,PZ0133,FDR-PZ0133-B,TSS-NR-07,False
COR08156,NR,PZ0134,FDR-PZ0134-B,TSS-NR-08,True
COR02683,NR,PZ0135,FDR-PZ0135-B,TSS-NR-09,False
COR01740,NR,PZ0136,FDR-PZ0136-A,TSS-NR-10,True
COR03487,NR,PZ0137,FDR-PZ0137-B,TSS-NR-11,True
COR04768,NR,PZ0138,FDR-PZ0138-B,TSS-NR-12,True
COR08142,NR,PZ0139,FDR-PZ0139-A,TSS-NR-13,True
COR00150,NR,PZ0140,FDR-PZ0140-B,TSS-NR-14,False
COR02293,NR,PZ0141,FDR-PZ0141-B,TSS-NR-15,False
COR04633,NR,PZ0142,FDR-PZ0142-A,TSS-NR-16,False
COR05430,NR,PZ0143,FDR-PZ0143-A,TSS-NR-17,True
COR05871,NR,PZ0144,FDR-PZ0144-A,TSS-NR-18,True
COR08068,NR,PZ0145,FDR-PZ0145-A,TSS-NR-19,True
COR05565,NR,PZ0146,FDR-PZ0146-A,TSS-NR-20,True
COR00565,NR,PZ0147,FDR-PZ0147-A,TSS-NR-21,True
COR03137,NR,PZ0148,FDR-PZ0148-A,TSS-NR-22,False
COR04169,NR,PZ0149,FDR-PZ0149-B,TSS-NR-23,True
COR06527,NR,PZ0150,FDR-PZ0150-A,TSS-NR-24,True
COR06230,NR,PZ0151,FDR-PZ0151-A,TSS-NR-25,True
COR05546,NR,PZ0152,FDR-PZ0152-B,TSS-NR-26,False
COR02765,NR,PZ0153,FDR-PZ0153-A,TSS-NR-27,True
COR04755,NR,PZ0154,FDR-PZ0154-A,TSS-NR-28,True
COR04731,NR,PZ0155,FDR-PZ0155-A,TSS-NR-29,True
COR01503,NR,PZ0156,FDR-PZ0156-A,TSS-NR-30,True
COR02246,NR,PZ0157,FDR-PZ0157-B,TSS-NR-31,True
COR05678,NR,PZ0158,FDR-PZ0158-A,TSS-NR-32,True
COR05433,NR,PZ0159,FDR-PZ0159-B,TSS-NR-33,False
COR08477,NR,PZ0160,FDR-PZ0160-A,TSS-NR-34,True
COR02686,NR,PZ0161,FDR-PZ0161-B,TSS-NR-35,False
COR08620,NR,PZ0162,FDR-PZ0162-B,TSS-NR-36,True
COR08280,NR,PZ0163,FDR-PZ0163-A,TSS-NR-37,True
COR05877,NR,PZ0164,FDR-PZ0164-B,TSS-NR-38,True
COR08154,NR,PZ0165,FDR-PZ0165-B,TSS-NR-39,True
COR07045,NR,PZ0166,FDR-PZ0166-B,TSS-NR-40,False
COR03330,NR,PZ0167,FDR-PZ0167-A,TSS-NR-41,True
COR04097,NR,PZ0168,FDR-PZ0168-A,TSS-NR-42,True
COR08071,NR,PZ0169,FDR-PZ0169-A,TSS-NR-43,True
COR00151,NR,PZ0170,FDR-PZ0170-B,TSS-NR-44,False
COR06844,NR,PZ0171,FDR-PZ0171-B,TSS-NR-45,False
COR02004,NR,PZ0172,FDR-PZ0172-A,TSS-NR-46,True
COR03396,NR,PZ0173,FDR-PZ0173-B,TSS-NR-47,False
COR03116,NR,PZ0174,FDR-PZ0174-A,TSS-NR-48,True
COR04628,NR,PZ0175,FDR-PZ0175-A,TSS-NR-49,True
COR03385,NR,PZ0176,FDR-PZ0176-A,TSS-NR-50,True
COR03111,NR,PZ0177,FDR-PZ0177-B,TSS-NR-51,True
COR07228,NR,PZ0178,FDR-PZ0178-A,TSS-NR-52,True
COR07268,NR,PZ0179,FDR-PZ0179-A,TSS-NR-53,True
COR03913,NR,PZ0180,FDR-PZ0180-A,TSS-NR-54,True
COR05087,NR,PZ0181,FDR-PZ0181-B,TSS-NR-55,True
COR00559,NR,PZ0182,FDR-PZ0182-A,TSS-NR-56,True
COR06519,NR,PZ0183,FDR-PZ0183-B,TSS-NR-57,True
COR01294,NR,PZ0184,FDR-PZ0184-B,TSS-NR-58,True
COR07395,NR,PZ0185,FDR-PZ0185-B,TSS-NR-59,False
COR04779,NR,PZ0186,FDR-PZ0186-B,TSS-NR-60,True
COR01494,NR,PZ0127,FDR-PZ0127-B,TSS-NR-01,False
COR04245,NR,PZ0128,FDR-PZ0128-A,TSS-NR-02,True
COR03484,NR,PZ0129,FDR-PZ0129-B,TSS-NR-03,True
COR05866,NR,PZ0130,FDR-PZ0130-A,TSS-NR-04,False
COR04124,NR,PZ0131,FDR-PZ0131-B,TSS-NR-05,True
COR05427,NR,PZ0132,FDR-PZ0132-B,TSS-NR-06,True
COR05420,NR,PZ0133,FDR-PZ0133-B,TSS-NR-07,False
COR08593,NR,PZ0134,FDR-PZ0134-A,TSS-NR-08,True
COR03704,NR,PZ0135,FDR-PZ0135-B,TSS-NR-09,True
COR02000,NR,PZ0136,FDR-PZ0136-B,TSS-NR-10,True
COR05088,NR,PZ0137,FDR-PZ0137-A,TSS-NR-11,True
COR00152,NR,PZ0138,FDR-PZ0138-A,TSS-NR-12,False
COR07902,NR,PZ0139,FDR-PZ0139-B,TSS-NR-13,True
COR07959,NR,PZ0140,FDR-PZ0140-B,TSS-NR-14,True
COR08544,NR,PZ0141,FDR-PZ0141-B,TSS-NR-15,True
COR00145,NR,PZ0142,FDR-PZ0142-A,TSS-NR-16,True
COR07385,NR,PZ0143,FDR-PZ0143-B,TSS-NR-17,True
COR01849,NR,PZ0144,FDR-PZ0144-A,TSS-NR-18,True
COR05415,NR,PZ0145,FDR-PZ0145-A,TSS-NR-19,True
COR08537,NR,PZ0146,FDR-PZ0146-B,TSS-NR-20,True
COR08592,NR,PZ0147,FDR-PZ0147-B,TSS-NR-21,True
COR04626,NR,PZ0148,FDR-PZ0148-B,TSS-NR-22,True
COR04094,NR,PZ0149,FDR-PZ0149-B,TSS-NR-23,True
COR05984,NR,PZ0150,FDR-PZ0150-B,TSS-NR-24,False
COR03037,NR,PZ0151,FDR-PZ0151-A,TSS-NR-25,True
COR02949,NR,PZ0152,FDR-PZ0152-A,TSS-NR-26,True
COR04799,NR,PZ0153,FDR-PZ0153-A,TSS-NR-27,True
COR07794,NR,PZ0154,FDR-PZ0154-A,TSS-NR-28,True
COR06271,NR,PZ0155,FDR-PZ0155-B,TSS-NR-29,True
COR03921,NR,PZ0156,FDR-PZ0156-B,TSS-NR-30,True
COR07267,NR,PZ0157,FDR-PZ0157-B,TSS-NR-31,True
COR06615,NR,PZ0158,FDR-PZ0158-A,TSS-NR-32,False
COR02666,NR,PZ0159,FDR-PZ0159-B,TSS-NR-33,True
COR04765,NR,PZ0160,FDR-PZ0160-B,TSS-NR-34,True
COR03038,NR,PZ0161,FDR-PZ0161-A,TSS-NR-35,True
COR05128,NR,PZ0162,FDR-PZ0162-B,TSS-NR-36,True
COR06609,NR,PZ0163,FDR-PZ0163-A,TSS-NR-37,True
COR08476,NR,PZ0164,FDR-PZ0164-B,TSS-NR-38,True
COR04728,NR,PZ0165,FDR-PZ0165-A,TSS-NR-39,False
COR08148,NR,PZ0166,FDR-PZ0166-B,TSS-NR-40,True
COR03900,NR,PZ0167,FDR-PZ0167-B,TSS-NR-41,True
COR08155,NR,PZ0168,FDR-PZ0168-A,TSS-NR-42,True
COR04395,NR,PZ0169,FDR-PZ0169-A,TSS-NR-43,True
COR05553,NR,PZ0170,FDR-PZ0170-A,TSS-NR-44,False
COR01856,NR,PZ0171,FDR-PZ0171-B,TSS-NR-45,True
COR08590,NR,PZ0172,FDR-PZ0172-B,TSS-NR-46,True
COR05422,NR,PZ0173,FDR-PZ0173-B,TSS-NR-47,True
COR08473,NR,PZ0174,FDR-PZ0174-B,TSS-NR-48,True
COR06843,NR,PZ0175,FDR-PZ0175-A,TSS-NR-49,True
COR02762,NR,PZ0176,FDR-PZ0176-B,TSS-NR-50,True
COR01286,NR,PZ0177,FDR-PZ0177-A,TSS-NR-51,False
COR04402,NR,PZ0178,FDR-PZ0178-A,TSS-NR-52,True
COR06886,NR,PZ0179,FDR-PZ0179-A,TSS-NR-53,False
COR07879,NR,PZ0180,FDR-PZ0180-A,TSS-NR-54,True
COR01963,NR,PZ0181,FDR-PZ0181-B,TSS-NR-55,False
COR06881,NR,PZ0182,FDR-PZ0182-B,TSS-NR-56,True
COR02687,NR,PZ0183,FDR-PZ0183-A,TSS-NR-57,True
COR04186,NR,PZ0184,FDR-PZ0184-B,TSS-NR-58,False
COR04547,NR,PZ0185,FDR-PZ0185-A,TSS-NR-59,False
COR02296,NR,PZ0186,FDR-PZ0186-A,TSS-NR-60,True
COR04762,NR,PZ0127,FDR-PZ0127-A,TSS-NR-01,True
COR03109,NR,PZ0128,FDR-PZ0128-B,TSS-NR-02,True
COR03389,NR,PZ0129,FDR-PZ0129-B,TSS-NR-03,True
COR05126,NR,PZ0130,FDR-PZ0130-B,TSS-NR-04,True
COR02653,NR,PZ0131,FDR-PZ0131-A,TSS-NR-05,False
COR08157,NR,PZ0132,FDR-PZ0132-B,TSS-NR-06,True
COR02678,NR,PZ0133,FDR-PZ0133-B,TSS-NR-07,False
COR04117,NR,PZ0134,FDR-PZ0134-B,TSS-NR-08,True
COR01265,NR,PZ0135,FDR-PZ0135-A,TSS-NR-09,True
COR00143,NR,PZ0136,FDR-PZ0136-A,TSS-NR-10,True
COR01994,NR,PZ0137,FDR-PZ0137-B,TSS-NR-11,False
COR04789,NR,PZ0138,FDR-PZ0138-B,TSS-NR-12,False
COR02695,NR,PZ0139,FDR-PZ0139-B,TSS-NR-13,True
COR04750,NR,PZ0140,FDR-PZ0140-B,TSS-NR-14,False
COR07044,NR,PZ0141,FDR-PZ0141-A,TSS-NR-15,True
COR06608,NR,PZ0142,FDR-PZ0142-A,TSS-NR-16,True
COR06215,NR,PZ0143,FDR-PZ0143-A,TSS-NR-17,True
COR00144,NR,PZ0144,FDR-PZ0144-A,TSS-NR-18,False
COR00762,NR,PZ0145,FDR-PZ0145-A,TSS-NR-19,True
COR03920,NR,PZ0146,FDR-PZ0146-A,TSS-NR-20,True
COR06879,NR,PZ0147,FDR-PZ0147-B,TSS-NR-21,True
COR03891,NR,PZ0148,FDR-PZ0148-A,TSS-NR-22,True
COR04244,NR,PZ0149,FDR-PZ0149-B,TSS-NR-23,False
COR06938,NR,PZ0150,FDR-PZ0150-B,TSS-NR-24,True
COR05920,NR,PZ0151,FDR-PZ0151-A,TSS-NR-25,False
COR06851,NR,PZ0152,FDR-PZ0152-A,TSS-NR-26,False
COR04247,NR,PZ0153,FDR-PZ0153-A,TSS-NR-27,False
COR03333,NR,PZ0154,FDR-PZ0154-B,TSS-NR-28,False
COR06763,NR,PZ0155,FDR-PZ0155-A,TSS-NR-29,False
COR05966,NR,PZ0156,FDR-PZ0156-A,TSS-NR-30,True
COR02258,NR,PZ0157,FDR-PZ0157-B,TSS-NR-31,True
COR04176,NR,PZ0158,FDR-PZ0158-B,TSS-NR-32,False
COR04766,NR,PZ0159,FDR-PZ0159-A,TSS-NR-33,True
COR06348,NR,PZ0160,FDR-PZ0160-A,TSS-NR-34,True
COR01496,NR,PZ0161,FDR-PZ0161-A,TSS-NR-35,True
COR03914,NR,PZ0162,FDR-PZ0162-B,TSS-NR-36,True
COR06580,NR,PZ0163,FDR-PZ0163-A,TSS-NR-37,True
COR08399,NR,PZ0164,FDR-PZ0164-B,TSS-NR-38,True
COR02766,NR,PZ0165,FDR-PZ0165-A,TSS-NR-39,False
COR01841,NR,PZ0166,FDR-PZ0166-A,TSS-NR-40,True
COR05969,NR,PZ0167,FDR-PZ0167-A,TSS-NR-41,True
COR04788,NR,PZ0168,FDR-PZ0168-B,TSS-NR-42,True
COR07386,NR,PZ0169,FDR-PZ0169-A,TSS-NR-43,True
COR05867,NR,PZ0170,FDR-PZ0170-B,TSS-NR-44,True
COR02541,NR,PZ0171,FDR-PZ0171-B,TSS-NR-45,True
COR01730,NR,PZ0172,FDR-PZ0172-B,TSS-NR-46,True
COR07405,NR,PZ0173,FDR-PZ0173-A,TSS-NR-47,True
COR06680,NR,PZ0174,FDR-PZ0174-B,TSS-NR-48,True
COR04393,NR,PZ0175,FDR-PZ0175-B,TSS-NR-49,True
COR06611,NR,PZ0176,FDR-PZ0176-A,TSS-NR-50,True
COR06942,NR,PZ0177,FDR-PZ0177-A,TSS-NR-51,False
COR02528,NR,PZ0178,FDR-PZ0178-A,TSS-NR-52,True
COR04763,NR,PZ0179,FDR-PZ0179-A,TSS-NR-53,True
COR07925,NR,PZ0180,FDR-PZ0180-A,TSS-NR-54,True
COR00557,NR,PZ0181,FDR-PZ0181-A,TSS-NR-55,True
COR04119,NR,PZ0182,FDR-PZ0182-B,TSS-NR-56,True
COR01282,NR,PZ0183,FDR-PZ0183-A,TSS-NR-57,True
COR03498,NR,PZ0184,FDR-PZ0184-B,TSS-NR-58,True
COR04392,NR,PZ0185,FDR-PZ0185-A,TSS-NR-59,False
COR04099,NR,PZ0186,FDR-PZ0186-B,TSS-NR-60,True
COR02840,NR,PZ0127,FDR-PZ0127-B,TSS-NR-01,True
COR01266,NR,PZ0128,FDR-PZ0128-A,TSS-NR-02,True
COR02674,NR,PZ0129,FDR-PZ0129-B,TSS-NR-03,True
COR06864,NR,PZ0130,FDR-PZ0130-A,TSS-NR-04,True
COR08145,NR,PZ0131,FDR-PZ0131-A,TSS-NR-05,True
COR04180,NR,PZ0132,FDR-PZ0132-B,TSS-NR-06,False
COR06724,NR,PZ0133,FDR-PZ0133-A,TSS-NR-07,False
COR04184,NR,PZ0134,FDR-PZ0134-B,TSS-NR-08,True
COR04168,NR,PZ0135,FDR-PZ0135-A,TSS-NR-09,True
COR02531,NR,PZ0136,FDR-PZ0136-B,TSS-NR-10,False
COR04548,NR,PZ0137,FDR-PZ0137-A,TSS-NR-11,True
COR04624,NR,PZ0138,FDR-PZ0138-A,TSS-NR-12,True
COR05681,NR,PZ0139,FDR-PZ0139-B,TSS-NR-13,True
COR02534,NR,PZ0140,FDR-PZ0140-B,TSS-NR-14,False
COR02257,NR,PZ0141,FDR-PZ0141-B,TSS-NR-15,True
COR00773,NR,PZ0142,FDR-PZ0142-A,TSS-NR-16,True
COR06972,NR,PZ0143,FDR-PZ0143-B,TSS-NR-17,False
COR06272,NR,PZ0144,FDR-PZ0144-A,TSS-NR-18,False
COR03384,NR,PZ0145,FDR-PZ0145-A,TSS-NR-19,True
COR07924,NR,PZ0146,FDR-PZ0146-B,TSS-NR-20,True
COR03019,NR,PZ0147,FDR-PZ0147-B,TSS-NR-21,False
COR06726,NR,PZ0148,FDR-PZ0148-B,TSS-NR-22,True
COR03703,NR,PZ0149,FDR-PZ0149-B,TSS-NR-23,True
COR01858,NR,PZ0150,FDR-PZ0150-A,TSS-NR-24,False
COR08383,NR,PZ0151,FDR-PZ0151-B,TSS-NR-25,True
COR06863,NR,PZ0152,FDR-PZ0152-B,TSS-NR-26,True
COR03399,NR,PZ0153,FDR-PZ0153-A,TSS-NR-27,True
COR07400,NR,PZ0154,FDR-PZ0154-B,TSS-NR-28,False
COR01263,NR,PZ0155,FDR-PZ0155-A,TSS-NR-29,True
COR05492,NR,PZ0156,FDR-PZ0156-A,TSS-NR-30,True
COR00555,NR,PZ0157,FDR-PZ0157-B,TSS-NR-31,True
COR02008,NR,PZ0158,FDR-PZ0158-A,TSS-NR-32,True
COR07966,NR,PZ0159,FDR-PZ0159-B,TSS-NR-33,True
COR04732,NR,PZ0160,FDR-PZ0160-B,TSS-NR-34,False
COR01264,NR,PZ0161,FDR-PZ0161-B,TSS-NR-35,False
COR08617,NR,PZ0162,FDR-PZ0162-A,TSS-NR-36,True
COR07389,NR,PZ0163,FDR-PZ0163-B,TSS-NR-37,False
COR03499,NR,PZ0164,FDR-PZ0164-B,TSS-NR-38,True
COR02769,NR,PZ0165,FDR-PZ0165-B,TSS-NR-39,True
COR01955,NR,PZ0166,FDR-PZ0166-A,TSS-NR-40,True
COR08396,NR,PZ0167,FDR-PZ0167-B,TSS-NR-41,False
COR05872,NR,PZ0168,FDR-PZ0168-A,TSS-NR-42,True
COR02658,NR,PZ0169,FDR-PZ0169-B,TSS-NR-43,True
COR02010,NR,PZ0170,FDR-PZ0170-B,TSS-NR-44,True
COR01860,NR,PZ0171,FDR-PZ0171-A,TSS-NR-45,True
COR07796,NR,PZ0172,FDR-PZ0172-A,TSS-NR-46,True
COR08471,NR,PZ0173,FDR-PZ0173-A,TSS-NR-47,True
COR07476,NR,PZ0174,FDR-PZ0174-B,TSS-NR-48,True
COR01657,NR,PZ0175,FDR-PZ0175-A,TSS-NR-49,True
COR01800,NR,PZ0176,FDR-PZ0176-B,TSS-NR-50,True
COR07388,NR,PZ0177,FDR-PZ0177-B,TSS-NR-51,True
COR02660,NR,PZ0178,FDR-PZ0178-A,TSS-NR-52,True
COR03391,NR,PZ0179,FDR-PZ0179-A,TSS-NR-53,True
COR02779,NR,PZ0180,FDR-PZ0180-B,TSS-NR-54,True
COR07993,NR,PZ0181,FDR-PZ0181-B,TSS-NR-55,True
COR06516,NR,PZ0182,FDR-PZ0182-A,TSS-NR-56,True
COR00204,NR,PZ0183,FDR-PZ0183-A,TSS-NR-57,True
COR03882,NR,PZ0184,FDR-PZ0184-B,TSS-NR-58,False
COR06943,NR,PZ0185,FDR-PZ0185-A,TSS-NR-59,False
COR03905,NR,PZ0186,FDR-PZ0186-B,TSS-NR-60,True
COR03036,NR,PZ0127,FDR-PZ0127-A,TSS-NR-01,True
COR00203,NR,PZ0128,FDR-PZ0128-A,TSS-NR-02,True
COR06872,NR,PZ0129,FDR-PZ0129-A,TSS-NR-03,True
COR06518,NR,PZ0130,FDR-PZ0130-B,TSS-NR-04,True
COR04167,NR,PZ0131,FDR-PZ0131-B,TSS-NR-05,True
COR00766,NR,PZ0132,FDR-PZ0132-A,TSS-NR-06,False
COR04551,NR,PZ0133,FDR-PZ0133-B,TSS-NR-07,True
COR03493,NR,PZ0134,FDR-PZ0134-A,TSS-NR-08,True
COR02885,NR,PZ0135,FDR-PZ0135-B,TSS-NR-09,False
COR08150,NR,PZ0136,FDR-PZ0136-A,TSS-NR-10,True
COR04229,NR,PZ0137,FDR-PZ0137-A,TSS-NR-11,True
COR06030,NR,PZ0138,FDR-PZ0138-B,TSS-NR-12,True
COR01497,NR,PZ0139,FDR-PZ0139-B,TSS-NR-13,True
COR03912,NR,PZ0140,FDR-PZ0140-B,TSS-NR-14,True
COR07872,NR,PZ0141,FDR-PZ0141-B,TSS-NR-15,True
COR06663,NR,PZ0142,FDR-PZ0142-B,TSS-NR-16,False
COR06340,NR,PZ0143,FDR-PZ0143-B,TSS-NR-17,True
COR05429,NR,PZ0144,FDR-PZ0144-B,TSS-NR-18,True
COR06274,NR,PZ0145,FDR-PZ0145-B,TSS-NR-19,True
COR02540,NR,PZ0146,FDR-PZ0146-B,TSS-NR-20,True
COR02260,NR,PZ0147,FDR-PZ0147-B,TSS-NR-21,True
COR08589,NR,PZ0148,FDR-PZ0148-A,TSS-NR-22,False
COR02680,NR,PZ0149,FDR-PZ0149-B,TSS-NR-23,True
COR06973,NR,PZ0150,FDR-PZ0150-A,TSS-NR-24,True
COR02007,NR,PZ0151,FDR-PZ0151-B,TSS-NR-25,False
COR04227,NR,PZ0152,FDR-PZ0152-B,TSS-NR-26,True
COR06874,NR,PZ0153,FDR-PZ0153-B,TSS-NR-27,True
COR04795,NR,PZ0154,FDR-PZ0154-B,TSS-NR-28,True
COR01806,NR,PZ0155,FDR-PZ0155-A,TSS-NR-29,True
COR00162,NR,PZ0156,FDR-PZ0156-B,TSS-NR-30,False
COR06730,NR,PZ0157,FDR-PZ0157-A,TSS-NR-31,True
COR04178,NR,PZ0158,FDR-PZ0158-A,TSS-NR-32,True
COR04111,NR,PZ0159,FDR-PZ0159-A,TSS-NR-33,False
COR05679,NR,PZ0160,FDR-PZ0160-B,TSS-NR-34,True
COR02016,NR,PZ0161,FDR-PZ0161-A,TSS-NR-35,True
COR04217,NR,PZ0162,FDR-PZ0162-A,TSS-NR-36,True
COR04409,NR,PZ0163,FDR-PZ0163-A,TSS-NR-37,True
COR06939,NR,PZ0164,FDR-PZ0164-B,TSS-NR-38,True
COR00774,NR,PZ0165,FDR-PZ0165-A,TSS-NR-39,True
COR05817,NR,PZ0166,FDR-PZ0166-B,TSS-NR-40,True
COR04538,NR,PZ0167,FDR-PZ0167-A,TSS-NR-41,False
COR04248,NR,PZ0168,FDR-PZ0168-A,TSS-NR-42,True
COR04736,NR,PZ0169,FDR-PZ0169-A,TSS-NR-43,True
COR06937,NR,PZ0170,FDR-PZ0170-A,TSS-NR-44,True
COR02247,NR,PZ0171,FDR-PZ0171-A,TSS-NR-45,True
COR01498,NR,PZ0172,FDR-PZ0172-B,TSS-NR-46,True
COR08536,NR,PZ0173,FDR-PZ0173-B,TSS-NR-47,True
COR04774,NR,PZ0174,FDR-PZ0174-A,TSS-NR-48,True
COR01809,NR,PZ0175,FDR-PZ0175-B,TSS-NR-49,False
COR04775,NR,PZ0176,FDR-PZ0176-A,TSS-NR-50,False
COR04400,NR,PZ0177,FDR-PZ0177-B,TSS-NR-51,False
COR02771,NR,PZ0178,FDR-PZ0178-B,TSS-NR-52,False
COR07325,NR,PZ0179,FDR-PZ0179-A,TSS-NR-53,True
COR05876,NR,PZ0180,FDR-PZ0180-A,TSS-NR-54,True
COR05980,NR,PZ0181,FDR-PZ0181-A,TSS-NR-55,True
COR04760,NR,PZ0182,FDR-PZ0182-A,TSS-NR-56,True
COR04411,NR,PZ0183,FDR-PZ0183-B,TSS-NR-57,True
COR00553,NR,PZ0184,FDR-PZ0184-A,TSS-NR-58,False
COR05431,NR,PZ0185,FDR-PZ0185-B,TSS-NR-59,True
COR01992,NR,PZ0186,FDR-PZ0186-B,TSS-NR-60,True
COR06522,NR,PZ0127,FDR-PZ0127-A,TSS-NR-01,True
COR01501,NR,PZ0128,FDR-PZ0128-B,TSS-NR-02,True
COR04776,NR,PZ0129,FDR-PZ0129-B,TSS-NR-03,True
COR04394,NR,PZ0130,FDR-PZ0130-B,TSS-NR-04,True
COR06616,NR,PZ0131,FDR-PZ0131-B,TSS-NR-05,True
COR01504,NR,PZ0132,FDR-PZ0132-B,TSS-NR-06,True
COR08263,NR,PZ0133,FDR-PZ0133-B,TSS-NR-07,False
COR05974,NR,PZ0134,FDR-PZ0134-B,TSS-NR-08,False
COR04100,NR,PZ0135,FDR-PZ0135-B,TSS-NR-09,True
COR05879,NR,PZ0136,FDR-PZ0136-A,TSS-NR-10,True
COR06263,NR,PZ0137,FDR-PZ0137-A,TSS-NR-11,True
COR02005,NR,PZ0138,FDR-PZ0138-B,TSS-NR-12,True
COR04781,NR,PZ0139,FDR-PZ0139-A,TSS-NR-13,True
COR02704,NR,PZ0140,FDR-PZ0140-B,TSS-NR-14,True
COR08271,NR,PZ0141,FDR-PZ0141-B,TSS-NR-15,True
COR06733,NR,PZ0142,FDR-PZ0142-A,TSS-NR-16,True
COR06846,NR,PZ0143,FDR-PZ0143-B,TSS-NR-17,False
COR07396,NR,PZ0144,FDR-PZ0144-A,TSS-NR-18,False
COR02682,NR,PZ0145,FDR-PZ0145-B,TSS-NR-19,True
COR02670,NR,PZ0146,FDR-PZ0146-B,TSS-NR-20,True
COR06932,NR,PZ0147,FDR-PZ0147-A,TSS-NR-21,True
COR05698,NR,PZ0148,FDR-PZ0148-B,TSS-NR-22,True
COR05121,NR,PZ0149,FDR-PZ0149-B,TSS-NR-23,True
COR06767,NR,PZ0150,FDR-PZ0150-B,TSS-NR-24,True
COR04737,NR,PZ0151,FDR-PZ0151-B,TSS-NR-25,True
COR06944,NR,PZ0152,FDR-PZ0152-A,TSS-NR-26,False
COR06336,NR,PZ0153,FDR-PZ0153-A,TSS-NR-27,True
COR01502,NR,PZ0154,FDR-PZ0154-A,TSS-NR-28,True
COR01851,NR,PZ0155,FDR-PZ0155-B,TSS-NR-29,True
COR05421,NR,PZ0156,FDR-PZ0156-A,TSS-NR-30,False
COR02539,NR,PZ0157,FDR-PZ0157-A,TSS-NR-31,True
COR00147,NR,PZ0158,FDR-PZ0158-A,TSS-NR-32,True
COR06985,NR,PZ0159,FDR-PZ0159-B,TSS-NR-33,False
COR03314,NR,PZ0160,FDR-PZ0160-B,TSS-NR-34,False
COR03899,NR,PZ0161,FDR-PZ0161-A,TSS-NR-35,True
COR04406,NR,PZ0162,FDR-PZ0162-A,TSS-NR-36,True
COR07866,NR,PZ0163,FDR-PZ0163-A,TSS-NR-37,True
COR01655,NR,PZ0164,FDR-PZ0164-B,TSS-NR-38,True
COR06345,NR,PZ0165,FDR-PZ0165-A,TSS-NR-39,False
COR02690,NR,PZ0166,FDR-PZ0166-B,TSS-NR-40,True
COR02691,NR,PZ0167,FDR-PZ0167-B,TSS-NR-41,True
COR08381,NR,PZ0168,FDR-PZ0168-A,TSS-NR-42,True
COR06979,NR,PZ0169,FDR-PZ0169-B,TSS-NR-43,True
COR04550,NR,PZ0170,FDR-PZ0170-B,TSS-NR-44,True
COR04634,NR,PZ0171,FDR-PZ0171-A,TSS-NR-45,True
COR05677,NR,PZ0172,FDR-PZ0172-A,TSS-NR-46,True
COR04727,NR,PZ0173,FDR-PZ0173-A,TSS-NR-47,True
COR05599,NR,PZ0174,FDR-PZ0174-A,TSS-NR-48,True
COR07900,NR,PZ0175,FDR-PZ0175-A,TSS-NR-49,False
COR02768,NR,PZ0176,FDR-PZ0176-B,TSS-NR-50,False
COR07870,NR,PZ0177,FDR-PZ0177-A,TSS-NR-51,True
COR01493,NR,PZ0178,FDR-PZ0178-B,TSS-NR-52,True
COR04541,NR,PZ0179,FDR-PZ0179-A,TSS-NR-53,True
COR07884,NR,PZ0180,FDR-PZ0180-B,TSS-NR-54,True
COR02536,NR,PZ0181,FDR-PZ0181-B,TSS-NR-55,True
COR02304,NR,PZ0182,FDR-PZ0182-A,TSS-NR-56,False
COR06261,NR,PZ0183,FDR-PZ0183-B,TSS-NR-57,True
COR02532,NR,PZ0184,FDR-PZ0184-B,TSS-NR-58,False
COR07998,NR,PZ0185,FDR-PZ0185-A,TSS-NR-59,True
COR02776,NR,PZ0186,FDR-PZ0186-B,TSS-NR-60,True
COR01281,NR,PZ0127,FDR-PZ0127-B,TSS-NR-01,True
COR06885,NR,PZ0128,FDR-PZ0128-B,TSS-NR-02,True
COR06835,NR,PZ0129,FDR-PZ0129-B,TSS-NR-03,False
COR03893,NR,PZ0130,FDR-PZ0130-B,TSS-NR-04,True
COR02530,NR,PZ0131,FDR-PZ0131-B,TSS-NR-05,True
COR07889,NR,PZ0132,FDR-PZ0132-A,TSS-NR-06,False
COR07475,NR,PZ0133,FDR-PZ0133-A,TSS-NR-07,True
COR02663,NR,PZ0134,FDR-PZ0134-A,TSS-NR-08,False
COR06840,NR,PZ0135,FDR-PZ0135-B,TSS-NR-09,True
COR06976,NR,PZ0136,FDR-PZ0136-A,TSS-NR-10,True
COR02657,NR,PZ0137,FDR-PZ0137-A,TSS-NR-11,True
COR07398,NR,PZ0138,FDR-PZ0138-B,TSS-NR-12,True
COR02694,NR,PZ0139,FDR-PZ0139-A,TSS-NR-13,True
COR03021,NR,PZ0140,FDR-PZ0140-B,TSS-NR-14,True
COR06334,NR,PZ0141,FDR-PZ0141-A,TSS-NR-15,True
COR07043,NR,PZ0142,FDR-PZ0142-B,TSS-NR-16,False
COR06610,NR,PZ0143,FDR-PZ0143-A,TSS-NR-17,True
COR06349,NR,PZ0144,FDR-PZ0144-A,TSS-NR-18,False
COR07384,NR,PZ0145,FDR-PZ0145-A,TSS-NR-19,True
COR04223,NR,PZ0146,FDR-PZ0146-A,TSS-NR-20,False
COR05973,NR,PZ0147,FDR-PZ0147-A,TSS-NR-21,False
COR07836,NR,PZ0148,FDR-PZ0148-B,TSS-NR-22,False
COR05989,NR,PZ0149,FDR-PZ0149-B,TSS-NR-23,True
COR07883,NR,PZ0150,FDR-PZ0150-A,TSS-NR-24,True
COR05571,NR,PZ0151,FDR-PZ0151-A,TSS-NR-25,True
COR01957,NR,PZ0152,FDR-PZ0152-B,TSS-NR-26,True
COR08532,NR,PZ0153,FDR-PZ0153-A,TSS-NR-27,True
COR03897,NR,PZ0154,FDR-PZ0154-A,TSS-NR-28,True
COR06934,NR,PZ0155,FDR-PZ0155-A,TSS-NR-29,True
COR02665,NR,PZ0156,FDR-PZ0156-B,TSS-NR-30,True
COR06352,NR,PZ0157,FDR-PZ0157-A,TSS-NR-31,True
COR01840,NR,PZ0158,FDR-PZ0158-A,TSS-NR-32,True
COR02011,NR,PZ0159,FDR-PZ0159-B,TSS-NR-33,True
COR01965,NR,PZ0160,FDR-PZ0160-B,TSS-NR-34,True
COR06268,NR,PZ0161,FDR-PZ0161-A,TSS-NR-35,True
COR06353,NR,PZ0162,FDR-PZ0162-A,TSS-NR-36,False
COR08534,NR,PZ0163,FDR-PZ0163-B,TSS-NR-37,True
COR02250,NR,PZ0164,FDR-PZ0164-B,TSS-NR-38,True
COR06833,NR,PZ0165,FDR-PZ0165-A,TSS-NR-39,True
COR05550,NR,PZ0166,FDR-PZ0166-A,TSS-NR-40,True
COR03394,NR,PZ0167,FDR-PZ0167-A,TSS-NR-41,True
COR07700,NR,PZ0168,FDR-PZ0168-A,TSS-NR-42,False
COR04792,NR,PZ0169,FDR-PZ0169-A,TSS-NR-43,False
COR02294,NR,PZ0170,FDR-PZ0170-A,TSS-NR-44,False
COR04171,NR,PZ0171,FDR-PZ0171-A,TSS-NR-45,True
COR08584,NR,PZ0172,FDR-PZ0172-B,TSS-NR-46,True
COR05699,NR,PZ0173,FDR-PZ0173-A,TSS-NR-47,True
COR02685,NR,PZ0174,FDR-PZ0174-A,TSS-NR-48,False
COR04408,NR,PZ0175,FDR-PZ0175-A,TSS-NR-49,True
COR04625,NR,PZ0176,FDR-PZ0176-B,TSS-NR-50,True
COR05424,NR,PZ0177,FDR-PZ0177-A,TSS-NR-51,True
COR04102,NR,PZ0178,FDR-PZ0178-A,TSS-NR-52,True
COR07962,NR,PZ0179,FDR-PZ0179-B,TSS-NR-53,False
COR04107,NR,PZ0180,FDR-PZ0180-A,TSS-NR-54,True
COR05124,NR,PZ0181,FDR-PZ0181-B,TSS-NR-55,False
COR06830,NR,PZ0182,FDR-PZ0182-B,TSS-NR-56,False
COR00153,NR,PZ0183,FDR-PZ0183-A,TSS-NR-57,True
COR04623,NR,PZ0184,FDR-PZ0184-B,TSS-NR-58,True
COR06731,NR,PZ0185,FDR-PZ0185-A,TSS-NR-59,True
COR02652,NR,PZ0186,FDR-PZ0186-B,TSS-NR-60,True
COR01508,NR,PZ0127,FDR-PZ0127-B,TSS-NR-01,True
COR02650,NR,PZ0128,FDR-PZ0128-A,TSS-NR-02,False
COR05432,NR,PZ0129,FDR-PZ0129-A,TSS-NR-03,True
COR07402,NR,PZ0130,FDR-PZ0130-A,TSS-NR-04,True
COR04214,NR,PZ0131,FDR-PZ0131-A,TSS-NR-05,True
COR05674,NR,PZ0132,FDR-PZ0132-A,TSS-NR-06,True
COR01805,NR,PZ0133,FDR-PZ0133-B,TSS-NR-07,False
COR02305,NR,PZ0134,FDR-PZ0134-A,TSS-NR-08,True
COR07397,NR,PZ0135,FDR-PZ0135-A,TSS-NR-09,True
COR06347,NR,PZ0136,FDR-PZ0136-B,TSS-NR-10,True
COR04709,NR,PZ0137,FDR-PZ0137-A,TSS-NR-11,True
COR04118,NR,PZ0138,FDR-PZ0138-B,TSS-NR-12,True
COR04212,NR,PZ0139,FDR-PZ0139-B,TSS-NR-13,True
COR07999,NR,PZ0140,FDR-PZ0140-A,TSS-NR-14,True
COR01138,NR,PZ0141,FDR-PZ0141-B,TSS-NR-15,True
COR00767,NR,PZ0142,FDR-PZ0142-B,TSS-NR-16,True
COR02884,NR,PZ0143,FDR-PZ0143-B,TSS-NR-17,True
COR05127,NR,PZ0144,FDR-PZ0144-B,TSS-NR-18,False
COR07867,NR,PZ0145,FDR-PZ0145-B,TSS-NR-19,False
COR04754,NR,PZ0146,FDR-PZ0146-B,TSS-NR-20,False
COR08197,NR,PZ0147,FDR-PZ0147-A,TSS-NR-21,False
COR07410,NR,PZ0148,FDR-PZ0148-B,TSS-NR-22,True
COR02013,NR,PZ0149,FDR-PZ0149-B,TSS-NR-23,False
COR03895,NR,PZ0150,FDR-PZ0150-A,TSS-NR-24,False
COR04407,NR,PZ0151,FDR-PZ0151-B,TSS-NR-25,False
COR08067,NR,PZ0152,FDR-PZ0152-B,TSS-NR-26,False
COR07865,NR,PZ0153,FDR-PZ0153-B,TSS-NR-27,True
COR02655,NR,PZ0154,FDR-PZ0154-B,TSS-NR-28,True
COR05890,NR,PZ0155,FDR-PZ0155-B,TSS-NR-29,True
COR05085,NR,PZ0156,FDR-PZ0156-A,TSS-NR-30,True
COR07994,NR,PZ0157,FDR-PZ0157-A,TSS-NR-31,True
COR08588,NR,PZ0158,FDR-PZ0158-B,TSS-NR-32,True
COR01995,NR,PZ0159,FDR-PZ0159-A,TSS-NR-33,False
COR04630,NR,PZ0160,FDR-PZ0160-B,TSS-NR-34,True
COR03486,NR,PZ0161,FDR-PZ0161-B,TSS-NR-35,True
COR06210,NR,PZ0162,FDR-PZ0162-B,TSS-NR-36,True
COR05414,NR,PZ0163,FDR-PZ0163-B,TSS-NR-37,False
COR06614,NR,PZ0164,FDR-PZ0164-A,TSS-NR-38,True
COR08082,NR,PZ0165,FDR-PZ0165-B,TSS-NR-39,False
COR03502,NR,PZ0166,FDR-PZ0166-A,TSS-NR-40,True
COR06725,NR,PZ0167,FDR-PZ0167-A,TSS-NR-41,True
COR06209,NR,PZ0168,FDR-PZ0168-B,TSS-NR-42,True
COR02699,NR,PZ0169,FDR-PZ0169-B,TSS-NR-43,True
COR07886,NR,PZ0170,FDR-PZ0170-A,TSS-NR-44,True
COR04398,NR,PZ0171,FDR-PZ0171-A,TSS-NR-45,True
COR00159,NR,PZ0172,FDR-PZ0172-B,TSS-NR-46,False
COR05411,NR,PZ0173,FDR-PZ0173-B,TSS-NR-47,True
COR04757,NR,PZ0174,FDR-PZ0174-B,TSS-NR-48,True
COR04710,NR,PZ0175,FDR-PZ0175-B,TSS-NR-49,True
COR08262,NR,PZ0176,FDR-PZ0176-A,TSS-NR-50,True
COR05988,NR,PZ0177,FDR-PZ0177-A,TSS-NR-51,True
COR06339,NR,PZ0178,FDR-PZ0178-A,TSS-NR-52,True
COR04553,NR,PZ0179,FDR-PZ0179-B,TSS-NR-53,True
COR07864,NR,PZ0180,FDR-PZ0180-A,TSS-NR-54,True
COR01801,NR,PZ0181,FDR-PZ0181-A,TSS-NR-55,True
COR08475,NR,PZ0182,FDR-PZ0182-B,TSS-NR-56,False
COR02764,NR,PZ0183,FDR-PZ0183-A,TSS-NR-57,True
COR01290,NR,PZ0184,FDR-PZ0184-B,TSS-NR-58,True
COR05970,NR,PZ0185,FDR-PZ0185-A,TSS-NR-59,True
COR01808,NR,PZ0186,FDR-PZ0186-B,TSS-NR-60,True
COR06524,NR,PZ0127,FDR-PZ0127-B,TSS-NR-01,True
COR03024,NR,PZ0128,FDR-PZ0128-A,TSS-NR-02,True
COR05987,NR,PZ0129,FDR-PZ0129-B,TSS-NR-03,True
COR04759,NR,PZ0130,FDR-PZ0130-B,TSS-NR-04,True
COR05122,NR,PZ0131,FDR-PZ0131-B,TSS-NR-05,False
COR01996,NR,PZ0132,FDR-PZ0132-A,TSS-NR-06,True
COR01855,NR,PZ0133,FDR-PZ0133-B,TSS-NR-07,True
COR07795,NR,PZ0134,FDR-PZ0134-B,TSS-NR-08,False
COR00200,NR,PZ0135,FDR-PZ0135-B,TSS-NR-09,True
COR04298,NER,PZ0187,FDR-PZ0187-B,TSS-NER-01,True
COR02033,NER,PZ0188,FDR-PZ0188-B,TSS-NER-02,True
COR04832,NER,PZ0189,FDR-PZ0189-A,TSS-NER-03,True
COR03538,NER,PZ0190,FDR-PZ0190-A,TSS-NER-04,False
COR02024,NER,PZ0191,FDR-PZ0191-B,TSS-NER-05,True
COR02934,NER,PZ0192,FDR-PZ0192-B,TSS-NER-06,True
COR03432,NER,PZ0193,FDR-PZ0193-A,TSS-NER-07,False
COR03144,NER,PZ0194,FDR-PZ0194-A,TSS-NER-08,True
COR06959,NER,PZ0195,FDR-PZ0195-B,TSS-NER-09,True
COR05051,NER,PZ0196,FDR-PZ0196-B,TSS-NER-10,True
COR06178,NER,PZ0197,FDR-PZ0197-B,TSS-NER-11,True
COR02725,NER,PZ0198,FDR-PZ0198-A,TSS-NER-12,True
COR03143,NER,PZ0199,FDR-PZ0199-A,TSS-NER-13,True
COR06055,NER,PZ0200,FDR-PZ0200-A,TSS-NER-14,True
COR06476,NER,PZ0201,FDR-PZ0201-B,TSS-NER-15,True
COR00332,NER,PZ0202,FDR-PZ0202-B,TSS-NER-16,True
COR06071,NER,PZ0203,FDR-PZ0203-A,TSS-NER-17,True
COR00370,NER,PZ0204,FDR-PZ0204-A,TSS-NER-18,True
COR06960,NER,PZ0205,FDR-PZ0205-A,TSS-NER-19,False
COR02017,NER,PZ0206,FDR-PZ0206-B,TSS-NER-20,True
COR06671,NER,PZ0207,FDR-PZ0207-B,TSS-NER-21,True
COR02031,NER,PZ0208,FDR-PZ0208-B,TSS-NER-22,True
COR03404,NER,PZ0209,FDR-PZ0209-B,TSS-NER-23,False
COR01125,NER,PZ0210,FDR-PZ0210-A,TSS-NER-24,True
COR03406,NER,PZ0211,FDR-PZ0211-A,TSS-NER-25,True
COR02872,NER,PZ0212,FDR-PZ0212-A,TSS-NER-26,True
COR00353,NER,PZ0213,FDR-PZ0213-B,TSS-NER-27,True
COR02647,NER,PZ0214,FDR-PZ0214-A,TSS-NER-28,False
COR02642,NER,PZ0215,FDR-PZ0215-B,TSS-NER-29,True
COR03550,NER,PZ0187,FDR-PZ0187-B,TSS-NER-01,False
COR00740,NER,PZ0188,FDR-PZ0188-B,TSS-NER-02,True
COR04487,NER,PZ0189,FDR-PZ0189-A,TSS-NER-03,False
COR00337,NER,PZ0190,FDR-PZ0190-A,TSS-NER-04,True
COR05053,NER,PZ0191,FDR-PZ0191-A,TSS-NER-05,True
COR02728,NER,PZ0192,FDR-PZ0192-B,TSS-NER-06,False
COR08406,NER,PZ0193,FDR-PZ0193-B,TSS-NER-07,True
COR04191,NER,PZ0194,FDR-PZ0194-A,TSS-NER-08,True
COR00340,NER,PZ0195,FDR-PZ0195-B,TSS-NER-09,True
COR06904,NER,PZ0196,FDR-PZ0196-B,TSS-NER-10,True
COR02871,NER,PZ0197,FDR-PZ0197-A,TSS-NER-11,True
COR07830,NER,PZ0198,FDR-PZ0198-B,TSS-NER-12,True
COR02025,NER,PZ0199,FDR-PZ0199-B,TSS-NER-13,True
COR05246,NER,PZ0200,FDR-PZ0200-B,TSS-NER-14,True
COR08309,NER,PZ0201,FDR-PZ0201-B,TSS-NER-15,True
COR06722,NER,PZ0202,FDR-PZ0202-A,TSS-NER-16,False
COR05133,NER,PZ0203,FDR-PZ0203-B,TSS-NER-17,True
COR04740,NER,PZ0204,FDR-PZ0204-B,TSS-NER-18,True
COR06761,NER,PZ0205,FDR-PZ0205-B,TSS-NER-19,True
COR06903,NER,PZ0206,FDR-PZ0206-B,TSS-NER-20,True
COR00163,NER,PZ0207,FDR-PZ0207-B,TSS-NER-21,True
COR02182,NER,PZ0208,FDR-PZ0208-A,TSS-NER-22,True
COR02177,NER,PZ0209,FDR-PZ0209-B,TSS-NER-23,False
COR06675,NER,PZ0210,FDR-PZ0210-B,TSS-NER-24,True
COR04834,NER,PZ0211,FDR-PZ0211-A,TSS-NER-25,True
COR05054,NER,PZ0212,FDR-PZ0212-A,TSS-NER-26,True
COR01136,NER,PZ0213,FDR-PZ0213-A,TSS-NER-27,False
COR04036,NER,PZ0214,FDR-PZ0214-A,TSS-NER-28,True
COR03710,NER,PZ0215,FDR-PZ0215-B,TSS-NER-29,True
COR01126,NER,PZ0187,FDR-PZ0187-A,TSS-NER-01,True
COR02030,NER,PZ0188,FDR-PZ0188-B,TSS-NER-02,True
COR02930,NER,PZ0189,FDR-PZ0189-B,TSS-NER-03,False
COR06948,NER,PZ0190,FDR-PZ0190-A,TSS-NER-04,True
COR04830,NER,PZ0191,FDR-PZ0191-A,TSS-NER-05,True
COR02926,NER,PZ0192,FDR-PZ0192-B,TSS-NER-06,True
COR03544,NER,PZ0193,FDR-PZ0193-B,TSS-NER-07,True
COR05047,NER,PZ0194,FDR-PZ0194-A,TSS-NER-08,False
COR04042,NER,PZ0195,FDR-PZ0195-A,TSS-NER-09,False
COR04493,NER,PZ0196,FDR-PZ0196-B,TSS-NER-10,False
COR06758,NER,PZ0197,FDR-PZ0197-B,TSS-NER-11,True
COR00741,NER,PZ0198,FDR-PZ0198-B,TSS-NER-12,True
COR02185,NER,PZ0199,FDR-PZ0199-A,TSS-NER-13,True
COR00596,NER,PZ0200,FDR-PZ0200-A,TSS-NER-14,True
COR06049,NER,PZ0201,FDR-PZ0201-A,TSS-NER-15,True
COR02709,NER,PZ0202,FDR-PZ0202-A,TSS-NER-16,False
COR08226,NER,PZ0203,FDR-PZ0203-A,TSS-NER-17,True
COR04039,NER,PZ0204,FDR-PZ0204-A,TSS-NER-18,True
COR03548,NER,PZ0205,FDR-PZ0205-A,TSS-NER-19,True
COR05882,NER,PZ0206,FDR-PZ0206-B,TSS-NER-20,False
COR07176,NER,PZ0207,FDR-PZ0207-A,TSS-NER-21,True
COR00349,NER,PZ0208,FDR-PZ0208-A,TSS-NER-22,True
COR02887,NER,PZ0209,FDR-PZ0209-B,TSS-NER-23,False
COR03772,NER,PZ0210,FDR-PZ0210-A,TSS-NER-24,False
COR06050,NER,PZ0211,FDR-PZ0211-B,TSS-NER-25,True
COR01132,NER,PZ0212,FDR-PZ0212-B,TSS-NER-26,True
COR02922,NER,PZ0213,FDR-PZ0213-A,TSS-NER-27,True
COR00339,NER,PZ0214,FDR-PZ0214-A,TSS-NER-28,True
COR04415,NER,PZ0215,FDR-PZ0215-A,TSS-NER-29,True
COR02644,NER,PZ0187,FDR-PZ0187-A,TSS-NER-01,True
COR02029,NER,PZ0188,FDR-PZ0188-A,TSS-NER-02,True
COR04294,NER,PZ0189,FDR-PZ0189-B,TSS-NER-03,True
COR03769,NER,PZ0190,FDR-PZ0190-A,TSS-NER-04,True
COR06678,NER,PZ0191,FDR-PZ0191-B,TSS-NER-05,True
COR06057,NER,PZ0192,FDR-PZ0192-B,TSS-NER-06,True
COR05883,NER,PZ0193,FDR-PZ0193-A,TSS-NER-07,True
COR00371,NER,PZ0194,FDR-PZ0194-B,TSS-NER-08,True
COR06069,NER,PZ0195,FDR-PZ0195-A,TSS-NER-09,True
COR06394,NER,PZ0196,FDR-PZ0196-A,TSS-NER-10,True
COR04492,NER,PZ0197,FDR-PZ0197-A,TSS-NER-11,False
COR07452,NER,PZ0198,FDR-PZ0198-A,TSS-NER-12,True
COR06040,NER,PZ0199,FDR-PZ0199-B,TSS-NER-13,True
COR06395,NER,PZ0200,FDR-PZ0200-A,TSS-NER-14,True
COR05040,NER,PZ0201,FDR-PZ0201-A,TSS-NER-15,True
COR04043,NER,PZ0202,FDR-PZ0202-A,TSS-NER-16,True
COR01127,NER,PZ0203,FDR-PZ0203-B,TSS-NER-17,True
COR00346,NER,PZ0204,FDR-PZ0204-A,TSS-NER-18,True
COR05036,NER,PZ0205,FDR-PZ0205-B,TSS-NER-19,True
COR02176,NER,PZ0206,FDR-PZ0206-A,TSS-NER-20,True
COR00605,NER,PZ0207,FDR-PZ0207-A,TSS-NER-21,True
COR04566,NER,PZ0208,FDR-PZ0208-B,TSS-NER-22,True
COR06054,NER,PZ0209,FDR-PZ0209-B,TSS-NER-23,True
COR03148,NER,PZ0210,FDR-PZ0210-B,TSS-NER-24,True
COR08202,NER,PZ0211,FDR-PZ0211-B,TSS-NER-25,True
COR04563,NER,PZ0212,FDR-PZ0212-B,TSS-NER-26,False
COR00372,NER,PZ0213,FDR-PZ0213-A,TSS-NER-27,True
COR04304,NER,PZ0214,FDR-PZ0214-B,TSS-NER-28,True
COR06045,NER,PZ0215,FDR-PZ0215-A,TSS-NER-29,False
COR07326,NER,PZ0187,FDR-PZ0187-B,TSS-NER-01,True
COR03712,NER,PZ0188,FDR-PZ0188-B,TSS-NER-02,True
COR02918,NER,PZ0189,FDR-PZ0189-B,TSS-NER-03,True
COR00335,NER,PZ0190,FDR-PZ0190-A,TSS-NER-04,True
COR06400,NER,PZ0191,FDR-PZ0191-B,TSS-NER-05,True
COR00345,NER,PZ0192,FDR-PZ0192-A,TSS-NER-06,True
COR06173,NER,PZ0193,FDR-PZ0193-A,TSS-NER-07,True
COR00165,NER,PZ0194,FDR-PZ0194-B,TSS-NER-08,True
COR02924,NER,PZ0195,FDR-PZ0195-B,TSS-NER-09,True
COR06950,NER,PZ0196,FDR-PZ0196-A,TSS-NER-10,True
COR06042,NER,PZ0197,FDR-PZ0197-A,TSS-NER-11,True
COR03539,NER,PZ0198,FDR-PZ0198-A,TSS-NER-12,True
COR08228,NER,PZ0199,FDR-PZ0199-B,TSS-NER-13,True
COR03771,NER,PZ0200,FDR-PZ0200-A,TSS-NER-14,True
COR08310,NER,PZ0201,FDR-PZ0201-B,TSS-NER-15,True
COR06058,NER,PZ0202,FDR-PZ0202-B,TSS-NER-16,True
COR07337,NER,PZ0203,FDR-PZ0203-A,TSS-NER-17,True
COR04565,NER,PZ0204,FDR-PZ0204-B,TSS-NER-18,True
COR02729,NER,PZ0205,FDR-PZ0205-B,TSS-NER-19,True
COR04051,NER,PZ0206,FDR-PZ0206-B,TSS-NER-20,False
COR07686,NER,PZ0207,FDR-PZ0207-B,TSS-NER-21,True
COR04488,NER,PZ0208,FDR-PZ0208-B,TSS-NER-22,True
COR04049,NER,PZ0209,FDR-PZ0209-B,TSS-NER-23,True
COR06044,NER,PZ0210,FDR-PZ0210-A,TSS-NER-24,False
COR05965,NER,PZ0211,FDR-PZ0211-A,TSS-NER-25,True
COR02932,NER,PZ0212,FDR-PZ0212-B,TSS-NER-26,False
COR05043,NER,PZ0213,FDR-PZ0213-B,TSS-NER-27,True
COR01134,NER,PZ0214,FDR-PZ0214-A,TSS-NER-28,True
COR08621,NER,PZ0215,FDR-PZ0215-B,TSS-NER-29,False
COR00603,NER,PZ0187,FDR-PZ0187-A,TSS-NER-01,False
COR00171,NER,PZ0188,FDR-PZ0188-A,TSS-NER-02,True
COR03403,NER,PZ0189,FDR-PZ0189-B,TSS-NER-03,False
COR02873,NER,PZ0190,FDR-PZ0190-A,TSS-NER-04,False
COR00169,NER,PZ0191,FDR-PZ0191-B,TSS-NER-05,False
COR04303,NER,PZ0192,FDR-PZ0192-A,TSS-NER-06,False
COR06393,NER,PZ0193,FDR-PZ0193-B,TSS-NER-07,True
COR02876,NER,PZ0194,FDR-PZ0194-B,TSS-NER-08,True
COR00173,NER,PZ0195,FDR-PZ0195-A,TSS-NER-09,True
COR06039,NER,PZ0196,FDR-PZ0196-A,TSS-NER-10,True
COR04738,NER,PZ0197,FDR-PZ0197-A,TSS-NER-11,True
COR07335,NER,PZ0198,FDR-PZ0198-A,TSS-NER-12,True
COR08315,NER,PZ0199,FDR-PZ0199-A,TSS-NER-13,True
COR04052,NER,PZ0200,FDR-PZ0200-B,TSS-NER-14,True
COR02927,NER,PZ0201,FDR-PZ0201-A,TSS-NER-15,True
COR00172,NER,PZ0202,FDR-PZ0202-B,TSS-NER-16,True
COR06397,NER,PZ0203,FDR-PZ0203-B,TSS-NER-17,True
COR00597,NER,PZ0204,FDR-PZ0204-B,TSS-NER-18,True
COR03802,NER,PZ0205,FDR-PZ0205-B,TSS-NER-19,True
COR07336,NER,PZ0206,FDR-PZ0206-A,TSS-NER-20,True
COR07170,NER,PZ0207,FDR-PZ0207-B,TSS-NER-21,False
COR04046,NER,PZ0208,FDR-PZ0208-A,TSS-NER-22,True
COR06662,NER,PZ0209,FDR-PZ0209-B,TSS-NER-23,False
COR00351,NER,PZ0210,FDR-PZ0210-B,TSS-NER-24,True
COR03543,NER,PZ0211,FDR-PZ0211-A,TSS-NER-25,True
COR03711,NER,PZ0212,FDR-PZ0212-A,TSS-NER-26,True
COR03708,NER,PZ0213,FDR-PZ0213-A,TSS-NER-27,False
COR03546,NER,PZ0214,FDR-PZ0214-B,TSS-NER-28,True
COR04829,NER,PZ0215,FDR-PZ0215-A,TSS-NER-29,True
COR06034,NER,PZ0187,FDR-PZ0187-B,TSS-NER-01,False
COR03141,NER,PZ0188,FDR-PZ0188-A,TSS-NER-02,True
COR04041,NER,PZ0189,FDR-PZ0189-A,TSS-NER-03,True
COR00377,NER,PZ0190,FDR-PZ0190-B,TSS-NER-04,True
COR06043,NER,PZ0191,FDR-PZ0191-B,TSS-NER-05,True
COR06853,NER,PZ0192,FDR-PZ0192-A,TSS-NER-06,True
COR04741,NER,PZ0193,FDR-PZ0193-B,TSS-NER-07,True
COR00326,NER,PZ0194,FDR-PZ0194-B,TSS-NER-08,True
COR04567,NER,PZ0195,FDR-PZ0195-B,TSS-NER-09,True
COR04739,NER,PZ0196,FDR-PZ0196-B,TSS-NER-10,True
COR06792,NER,PZ0197,FDR-PZ0197-A,TSS-NER-11,True
COR05497,NER,PZ0198,FDR-PZ0198-A,TSS-NER-12,True
COR06480,NER,PZ0199,FDR-PZ0199-A,TSS-NER-13,True
COR04490,NER,PZ0200,FDR-PZ0200-B,TSS-NER-14,False
COR02929,NER,PZ0201,FDR-PZ0201-A,TSS-NER-15,True
COR02923,NER,PZ0202,FDR-PZ0202-A,TSS-NER-16,True
COR00168,NER,PZ0203,FDR-PZ0203-B,TSS-NER-17,True
COR02649,NER,PZ0204,FDR-PZ0204-A,TSS-NER-18,True
COR02724,NER,PZ0205,FDR-PZ0205-B,TSS-NER-19,True
COR08232,NER,PZ0206,FDR-PZ0206-A,TSS-NER-20,True
COR05886,NER,PZ0207,FDR-PZ0207-B,TSS-NER-21,True
COR02726,NER,PZ0208,FDR-PZ0208-A,TSS-NER-22,True
COR02727,NER,PZ0209,FDR-PZ0209-B,TSS-NER-23,True
COR00338,NER,PZ0210,FDR-PZ0210-B,TSS-NER-24,True
COR06035,NER,PZ0211,FDR-PZ0211-B,TSS-NER-25,True
COR07822,NER,PZ0212,FDR-PZ0212-A,TSS-NER-26,False
COR07878,NER,PZ0213,FDR-PZ0213-B,TSS-NER-27,False
COR02648,NER,PZ0214,FDR-PZ0214-A,TSS-NER-28,True
COR06388,NER,PZ0215,FDR-PZ0215-B,TSS-NER-29,False
COR06051,NER,PZ0187,FDR-PZ0187-B,TSS-NER-01,True
COR03405,NER,PZ0188,FDR-PZ0188-B,TSS-NER-02,True
COR03536,NER,PZ0189,FDR-PZ0189-B,TSS-NER-03,True
COR06468,NER,PZ0190,FDR-PZ0190-A,TSS-NER-04,False
COR07875,NER,PZ0191,FDR-PZ0191-B,TSS-NER-05,True
COR00306,NER,PZ0192,FDR-PZ0192-B,TSS-NER-06,True
COR06475,NER,PZ0193,FDR-PZ0193-B,TSS-NER-07,True
COR04491,NER,PZ0194,FDR-PZ0194-A,TSS-NER-08,True
COR05245,NER,PZ0195,FDR-PZ0195-A,TSS-NER-09,True
COR06214,NER,PZ0196,FDR-PZ0196-B,TSS-NER-10,True
COR02925,NER,PZ0197,FDR-PZ0197-B,TSS-NER-11,True
COR08001,NER,PZ0198,FDR-PZ0198-A,TSS-NER-12,True
COR03760,NER,PZ0199,FDR-PZ0199-B,TSS-NER-13,True
COR06674,NER,PZ0200,FDR-PZ0200-B,TSS-NER-14,True
COR03531,NER,PZ0201,FDR-PZ0201-A,TSS-NER-15,True
COR01874,NER,PZ0202,FDR-PZ0202-A,TSS-NER-16,True
COR08314,NER,PZ0203,FDR-PZ0203-B,TSS-NER-17,True
COR04828,NER,PZ0204,FDR-PZ0204-B,TSS-NER-18,True
COR03147,NER,PZ0205,FDR-PZ0205-B,TSS-NER-19,True
COR04413,NER,PZ0206,FDR-PZ0206-A,TSS-NER-20,False
COR03547,NER,PZ0207,FDR-PZ0207-B,TSS-NER-21,True
COR07571,NER,PZ0208,FDR-PZ0208-B,TSS-NER-22,True
COR06664,NER,PZ0209,FDR-PZ0209-A,TSS-NER-23,True
COR00600,NER,PZ0210,FDR-PZ0210-A,TSS-NER-24,True
COR00747,NER,PZ0211,FDR-PZ0211-A,TSS-NER-25,True
COR02936,NER,PZ0212,FDR-PZ0212-B,TSS-NER-26,True
COR06390,NER,PZ0213,FDR-PZ0213-A,TSS-NER-27,True
COR00325,NER,PZ0214,FDR-PZ0214-B,TSS-NER-28,True
COR05046,NER,PZ0215,FDR-PZ0215-A,TSS-NER-29,False
COR04035,NER,PZ0187,FDR-PZ0187-B,TSS-NER-01,False
COR03763,NER,PZ0188,FDR-PZ0188-A,TSS-NER-02,True
COR05035,NER,PZ0189,FDR-PZ0189-B,TSS-NER-03,True
COR07175,NER,PZ0190,FDR-PZ0190-A,TSS-NER-04,True
COR02184,NER,PZ0191,FDR-PZ0191-A,TSS-NER-05,True
COR07877,NER,PZ0192,FDR-PZ0192-B,TSS-NER-06,True
COR00739,NER,PZ0193,FDR-PZ0193-B,TSS-NER-07,True
COR07224,NER,PZ0194,FDR-PZ0194-A,TSS-NER-08,True
COR05885,NER,PZ0195,FDR-PZ0195-A,TSS-NER-09,True
COR02886,NER,PZ0196,FDR-PZ0196-A,TSS-NER-10,True
COR05248,NER,PZ0197,FDR-PZ0197-B,TSS-NER-11,True
COR04040,NER,PZ0198,FDR-PZ0198-A,TSS-NER-12,True
COR04418,NER,PZ0199,FDR-PZ0199-B,TSS-NER-13,True
COR08312,NER,PZ0200,FDR-PZ0200-B,TSS-NER-14,True
COR03146,NER,PZ0201,FDR-PZ0201-B,TSS-NER-15,True
COR03408,NER,PZ0202,FDR-PZ0202-A,TSS-NER-16,True
COR06672,NER,PZ0203,FDR-PZ0203-B,TSS-NER-17,True
COR03530,NER,PZ0204,FDR-PZ0204-B,TSS-NER-18,True
COR06723,NER,PZ0205,FDR-PZ0205-B,TSS-NER-19,True
COR00342,NER,PZ0206,FDR-PZ0206-B,TSS-NER-20,True
COR02919,NER,PZ0207,FDR-PZ0207-B,TSS-NER-21,False
COR04297,NER,PZ0208,FDR-PZ0208-A,TSS-NER-22,True
COR05247,NER,PZ0209,FDR-PZ0209-B,TSS-NER-23,True
COR06047,NER,PZ0210,FDR-PZ0210-B,TSS-NER-24,True
COR00382,NER,PZ0211,FDR-PZ0211-B,TSS-NER-25,True
COR06048,NER,PZ0212,FDR-PZ0212-A,TSS-NER-26,True
COR03542,NER,PZ0213,FDR-PZ0213-B,TSS-NER-27,True
COR06176,NER,PZ0214,FDR-PZ0214-A,TSS-NER-28,True
COR07819,NER,PZ0215,FDR-PZ0215-B,TSS-NER-29,True
COR03410,NER,PZ0187,FDR-PZ0187-B,TSS-NER-01,True
COR02181,NER,PZ0188,FDR-PZ0188-B,TSS-NER-02,True
COR02869,NER,PZ0189,FDR-PZ0189-B,TSS-NER-03,True
COR03533,NER,PZ0190,FDR-PZ0190-A,TSS-NER-04,True
COR04048,NER,PZ0191,FDR-PZ0191-B,TSS-NER-05,True
COR08462,NER,PZ0192,FDR-PZ0192-A,TSS-NER-06,False
COR00381,NER,PZ0193,FDR-PZ0193-B,TSS-NER-07,True
COR04414,NER,PZ0194,FDR-PZ0194-B,TSS-NER-08,False
COR06174,NER,PZ0195,FDR-PZ0195-B,TSS-NER-09,False
COR05038,NER,PZ0196,FDR-PZ0196-A,TSS-NER-10,True
COR07620,NER,PZ0197,FDR-PZ0197-A,TSS-NER-11,True
COR02921,NER,PZ0198,FDR-PZ0198-A,TSS-NER-12,True
COR03140,NER,PZ0199,FDR-PZ0199-A,TSS-NER-13,True
COR05049,NER,PZ0200,FDR-PZ0200-A,TSS-NER-14,False
COR07286,NER,PZ0201,FDR-PZ0201-B,TSS-NER-15,True
COR02719,NER,PZ0202,FDR-PZ0202-B,TSS-NER-16,False
COR05498,NER,PZ0203,FDR-PZ0203-B,TSS-NER-17,False
COR08231,NER,PZ0204,FDR-PZ0204-B,TSS-NER-18,True
COR07174,NER,PZ0205,FDR-PZ0205-B,TSS-NER-19,True
COR06759,NER,PZ0206,FDR-PZ0206-B,TSS-NER-20,True
COR03552,NER,PZ0207,FDR-PZ0207-B,TSS-NER-21,True
COR02917,NER,PZ0208,FDR-PZ0208-B,TSS-NER-22,True
COR07451,NER,PZ0209,FDR-PZ0209-B,TSS-NER-23,True
COR06855,NER,PZ0210,FDR-PZ0210-B,TSS-NER-24,True
COR05032,NER,PZ0211,FDR-PZ0211-A,TSS-NER-25,True
COR07020,NER,PZ0212,FDR-PZ0212-A,TSS-NER-26,True
COR07328,NER,PZ0213,FDR-PZ0213-B,TSS-NER-27,False
COR06046,NER,PZ0214,FDR-PZ0214-A,TSS-NER-28,True
COR02020,NER,PZ0215,FDR-PZ0215-A,TSS-NER-29,True
COR08230,NER,PZ0187,FDR-PZ0187-B,TSS-NER-01,False
COR03590,NER,PZ0188,FDR-PZ0188-B,TSS-NER-02,True
COR00344,NER,PZ0189,FDR-PZ0189-A,TSS-NER-03,True
COR03435,NER,PZ0190,FDR-PZ0190-A,TSS-NER-04,True
COR00164,NER,PZ0191,FDR-PZ0191-A,TSS-NER-05,True
COR02023,NER,PZ0192,FDR-PZ0192-B,TSS-NER-06,False
COR03766,NER,PZ0193,FDR-PZ0193-B,TSS-NER-07,True
COR08461,NER,PZ0194,FDR-PZ0194-A,TSS-NER-08,True
COR01873,NER,PZ0195,FDR-PZ0195-B,TSS-NER-09,True
COR06762,NER,PZ0196,FDR-PZ0196-B,TSS-NER-10,True
COR06793,NER,PZ0197,FDR-PZ0197-B,TSS-NER-11,True
COR03709,NER,PZ0198,FDR-PZ0198-A,TSS-NER-12,False
COR01133,NER,PZ0199,FDR-PZ0199-A,TSS-NER-13,True
COR07818,NER,PZ0200,FDR-PZ0200-A,TSS-NER-14,True
COR06387,NER,PZ0201,FDR-PZ0201-A,TSS-NER-15,True
COR06949,NER,PZ0202,FDR-PZ0202-B,TSS-NER-16,True
COR02646,NER,PZ0203,FDR-PZ0203-A,TSS-NER-17,True
COR01872,NER,PZ0204,FDR-PZ0204-B,TSS-NER-18,True
COR02026,NER,PZ0205,FDR-PZ0205-B,TSS-NER-19,False
COR02931,NER,PZ0206,FDR-PZ0206-A,TSS-NER-20,False
COR07821,NER,PZ0207,FDR-PZ0207-A,TSS-NER-21,False
COR04833,NER,PZ0208,FDR-PZ0208-B,TSS-NER-22,False
COR02180,NER,PZ0209,FDR-PZ0209-A,TSS-NER-23,True
COR00167,NER,PZ0210,FDR-PZ0210-A,TSS-NER-24,True
COR00328,NER,PZ0211,FDR-PZ0211-A,TSS-NER-25,True
COR06673,NER,PZ0212,FDR-PZ0212-B,TSS-NER-26,False
COR01135,NER,PZ0213,FDR-PZ0213-B,TSS-NER-27,False
COR02748,NER,PZ0214,FDR-PZ0214-A,TSS-NER-28,False
COR07329,NER,PZ0215,FDR-PZ0215-B,TSS-NER-29,False
COR07447,NER,PZ0187,FDR-PZ0187-A,TSS-NER-01,True
COR05034,NER,PZ0188,FDR-PZ0188-A,TSS-NER-02,True
COR00329,NER,PZ0189,FDR-PZ0189-A,TSS-NER-03,True
COR02747,NER,PZ0190,FDR-PZ0190-B,TSS-NER-04,False
COR06479,NER,PZ0191,FDR-PZ0191-A,TSS-NER-05,True
COR03764,NER,PZ0192,FDR-PZ0192-B,TSS-NER-06,True
COR06474,NER,PZ0193,FDR-PZ0193-A,TSS-NER-07,True
COR05039,NER,PZ0194,FDR-PZ0194-B,TSS-NER-08,False
COR07332,NER,PZ0195,FDR-PZ0195-A,TSS-NER-09,True
COR02874,NER,PZ0196,FDR-PZ0196-B,TSS-NER-10,True
COR03761,NER,PZ0197,FDR-PZ0197-B,TSS-NER-11,True
COR08229,NER,PZ0198,FDR-PZ0198-A,TSS-NER-12,False
COR02870,NER,PZ0199,FDR-PZ0199-A,TSS-NER-13,True
COR00348,NER,PZ0200,FDR-PZ0200-B,TSS-NER-14,True
COR02027,NER,PZ0201,FDR-PZ0201-A,TSS-NER-15,True
COR00350,NER,PZ0202,FDR-PZ0202-B,TSS-NER-16,False
COR07619,NER,PZ0203,FDR-PZ0203-B,TSS-NER-17,True
COR00383,NER,PZ0204,FDR-PZ0204-B,TSS-NER-18,True
COR05496,NER,PZ0205,FDR-PZ0205-B,TSS-NER-19,True
COR00604,NER,PZ0206,FDR-PZ0206-B,TSS-NER-20,True
COR00368,NER,PZ0207,FDR-PZ0207-A,TSS-NER-21,True
COR07019,NER,PZ0208,FDR-PZ0208-B,TSS-NER-22,True
COR06070,NER,PZ0209,FDR-PZ0209-B,TSS-NER-23,True
COR03434,NER,PZ0210,FDR-PZ0210-B,TSS-NER-24,True
COR05042,NER,PZ0211,FDR-PZ0211-A,TSS-NER-25,True
COR07021,NER,PZ0212,FDR-PZ0212-B,TSS-NER-26,True
COR00380,NER,PZ0213,FDR-PZ0213-B,TSS-NER-27,True
COR07225,NER,PZ0214,FDR-PZ0214-A,TSS-NER-28,True
COR06467,NER,PZ0215,FDR-PZ0215-A,TSS-NER-29,True
COR06905,NER,PZ0187,FDR-PZ0187-B,TSS-NER-01,False
COR07331,NER,PZ0188,FDR-PZ0188-B,TSS-NER-02,True
COR03532,NER,PZ0189,FDR-PZ0189-A,TSS-NER-03,False
COR06052,NER,PZ0190,FDR-PZ0190-B,TSS-NER-04,True
COR04192,NER,PZ0191,FDR-PZ0191-A,TSS-NER-05,True
COR02714,NER,PZ0192,FDR-PZ0192-B,TSS-NER-06,True
COR02018,NER,PZ0193,FDR-PZ0193-A,TSS-NER-07,False
COR06383,NER,PZ0194,FDR-PZ0194-A,TSS-NER-08,True
COR00308,NER,PZ0195,FDR-PZ0195-B,TSS-NER-09,True
COR07334,NER,PZ0196,FDR-PZ0196-B,TSS-NER-10,False
COR06386,NER,PZ0197,FDR-PZ0197-B,TSS-NER-11,True
COR01137,NER,PZ0198,FDR-PZ0198-B,TSS-NER-12,True
COR07828,NER,PZ0199,FDR-PZ0199-B,TSS-NER-13,True
COR04038,NER,PZ0200,FDR-PZ0200-A,TSS-NER-14,True
COR00330,NER,PZ0201,FDR-PZ0201-B,TSS-NER-15,True
COR04305,NER,PZ0202,FDR-PZ0202-A,TSS-NER-16,True
COR00324,NER,PZ0203,FDR-PZ0203-A,TSS-NER-17,True
COR06478,NER,PZ0204,FDR-PZ0204-B,TSS-NER-18,True
COR06053,NER,PZ0205,FDR-PZ0205-A,TSS-NER-19,False
COR04044,NER,PZ0206,FDR-PZ0206-A,TSS-NER-20,True
COR02019,NER,PZ0207,FDR-PZ0207-B,TSS-NER-21,True
COR08311,NER,PZ0208,FDR-PZ0208-B,TSS-NER-22,True
COR00737,NER,PZ0209,FDR-PZ0209-B,TSS-NER-23,True
COR06392,NER,PZ0210,FDR-PZ0210-B,TSS-NER-24,True
COR05033,NER,PZ0211,FDR-PZ0211-A,TSS-NER-25,False
COR06072,NER,PZ0212,FDR-PZ0212-A,TSS-NER-26,True
COR00378,NER,PZ0213,FDR-PZ0213-A,TSS-NER-27,True
COR04416,NER,PZ0214,FDR-PZ0214-A,TSS-NER-28,True
COR02643,NER,PZ0215,FDR-PZ0215-A,TSS-NER-29,True
COR05884,NER,PZ0187,FDR-PZ0187-B,TSS-NER-01,True
COR01124,NER,PZ0188,FDR-PZ0188-B,TSS-NER-02,True
COR02028,NER,PZ0189,FDR-PZ0189-A,TSS-NER-03,True
COR06177,NER,PZ0190,FDR-PZ0190-A,TSS-NER-04,False
COR07820,NER,PZ0191,FDR-PZ0191-A,TSS-NER-05,True
COR02710,NER,PZ0192,FDR-PZ0192-A,TSS-NER-06,True
COR02717,NER,PZ0193,FDR-PZ0193-A,TSS-NER-07,True
COR06669,NER,PZ0194,FDR-PZ0194-B,TSS-NER-08,True
COR01122,NER,PZ0195,FDR-PZ0195-A,TSS-NER-09,True
COR02715,NER,PZ0196,FDR-PZ0196-A,TSS-NER-10,True
COR02888,NER,PZ0197,FDR-PZ0197-A,TSS-NER-11,True
COR00374,NER,PZ0198,FDR-PZ0198-B,TSS-NER-12,True
COR02746,NER,PZ0199,FDR-PZ0199-A,TSS-NER-13,True
COR06511,NER,PZ0200,FDR-PZ0200-B,TSS-NER-14,True
COR04194,NER,PZ0201,FDR-PZ0201-B,TSS-NER-15,False
COR02712,NER,PZ0202,FDR-PZ0202-A,TSS-NER-16,True
COR06056,NER,PZ0203,FDR-PZ0203-B,TSS-NER-17,False
COR06854,NER,PZ0204,FDR-PZ0204-A,TSS-NER-18,True
COR02021,NER,PZ0205,FDR-PZ0205-B,TSS-NER-19,False
COR05499,NER,PZ0206,FDR-PZ0206-B,TSS-NER-20,False
COR05501,NER,PZ0207,FDR-PZ0207-B,TSS-NER-21,True
COR00331,NER,PZ0208,FDR-PZ0208-A,TSS-NER-22,True
COR00738,NER,PZ0209,FDR-PZ0209-B,TSS-NER-23,True
COR01129,NER,PZ0210,FDR-PZ0210-B,TSS-NER-24,True
COR06399,NER,PZ0211,FDR-PZ0211-A,TSS-NER-25,True
COR02866,NER,PZ0212,FDR-PZ0212-B,TSS-NER-26,True
COR02935,NER,PZ0213,FDR-PZ0213-A,TSS-NER-27,False
COR02868,NER,PZ0214,FDR-PZ0214-A,TSS-NER-28,True
COR02716,NER,PZ0215,FDR-PZ0215-B,TSS-NER-29,False
COR03411,NER,PZ0187,FDR-PZ0187-B,TSS-NER-01,True
COR07623,NER,PZ0188,FDR-PZ0188-A,TSS-NER-02,True
COR04295,NER,PZ0189,FDR-PZ0189-B,TSS-NER-03,True
COR03770,NER,PZ0190,FDR-PZ0190-A,TSS-NER-04,False
COR03767,NER,PZ0191,FDR-PZ0191-B,TSS-NER-05,True
COR04050,NER,PZ0192,FDR-PZ0192-A,TSS-NER-06,True
COR00334,NER,PZ0193,FDR-PZ0193-A,TSS-NER-07,False
COR02877,NER,PZ0194,FDR-PZ0194-A,TSS-NER-08,True
COR03707,NER,PZ0195,FDR-PZ0195-B,TSS-NER-09,True
COR02722,NER,PZ0196,FDR-PZ0196-B,TSS-NER-10,True
COR08000,NER,PZ0197,FDR-PZ0197-B,TSS-NER-11,False
COR00373,NER,PZ0198,FDR-PZ0198-A,TSS-NER-12,True
COR06041,NER,PZ0199,FDR-PZ0199-A,TSS-NER-13,True
COR02713,NER,PZ0200,FDR-PZ0200-A,TSS-NER-14,False
COR06391,NER,PZ0201,FDR-PZ0201-A,TSS-NER-15,False
COR06665,NER,PZ0202,FDR-PZ0202-A,TSS-NER-16,True
COR06389,NER,PZ0203,FDR-PZ0203-B,TSS-NER-17,True
COR01128,NER,PZ0204,FDR-PZ0204-B,TSS-NER-18,False
COR03437,NER,PZ0205,FDR-PZ0205-B,TSS-NER-19,True
COR08479,NER,PZ0206,FDR-PZ0206-B,TSS-NER-20,True
COR02933,NER,PZ0207,FDR-PZ0207-B,TSS-NER-21,True
COR07169,NER,PZ0208,FDR-PZ0208-B,TSS-NER-22,True
COR04827,NER,PZ0209,FDR-PZ0209-B,TSS-NER-23,False
COR05037,NER,PZ0210,FDR-PZ0210-B,TSS-NER-24,True
COR02928,NER,PZ0211,FDR-PZ0211-B,TSS-NER-25,True
COR06385,NER,PZ0212,FDR-PZ0212-B,TSS-NER-26,True
COR04302,NER,PZ0213,FDR-PZ0213-B,TSS-NER-27,True
COR00166,NER,PZ0214,FDR-PZ0214-B,TSS-NER-28,True
COR00742,NER,PZ0215,FDR-PZ0215-A,TSS-NER-29,False
COR00352,NER,PZ0187,FDR-PZ0187-B,TSS-NER-01,True
COR03762,NER,PZ0188,FDR-PZ0188-A,TSS-NER-02,True
COR07876,NER,PZ0189,FDR-PZ0189-B,TSS-NER-03,True
COR08622,NER,PZ0190,FDR-PZ0190-B,TSS-NER-04,True
COR06038,NER,PZ0191,FDR-PZ0191-B,TSS-NER-05,False
COR07448,NER,PZ0192,FDR-PZ0192-B,TSS-NER-06,True
COR01131,NER,PZ0193,FDR-PZ0193-A,TSS-NER-07,False
COR05500,NER,PZ0194,FDR-PZ0194-B,TSS-NER-08,False
COR00602,NER,PZ0195,FDR-PZ0195-A,TSS-NER-09,True
COR05050,NER,PZ0196,FDR-PZ0196-A,TSS-NER-10,True
COR03549,NER,PZ0197,FDR-PZ0197-B,TSS-NER-11,False
COR08268,NER,PZ0198,FDR-PZ0198-B,TSS-NER-12,False
COR02718,NER,PZ0199,FDR-PZ0199-A,TSS-NER-13,False
COR03436,NER,PZ0200,FDR-PZ0200-B,TSS-NER-14,True
COR06180,NER,PZ0201,FDR-PZ0201-B,TSS-NER-15,True
COR05504,NER,PZ0202,FDR-PZ0202-B,TSS-NER-16,True
COR03535,NER,PZ0203,FDR-PZ0203-A,TSS-NER-17,True
COR07622,NER,PZ0204,FDR-PZ0204-B,TSS-NER-18,True
COR03402,NER,PZ0205,FDR-PZ0205-B,TSS-NER-19,False
COR08227,NER,PZ0206,FDR-PZ0206-A,TSS-NER-20,True
COR06677,NER,PZ0207,FDR-PZ0207-A,TSS-NER-21,True
COR05503,NER,PZ0208,FDR-PZ0208-B,TSS-NER-22,False
COR06791,NER,PZ0209,FDR-PZ0209-A,TSS-NER-23,True
COR00333,NER,PZ0210,FDR-PZ0210-A,TSS-NER-24,True
COR05494,NER,PZ0211,FDR-PZ0211-B,TSS-NER-25,True
COR00379,NER,PZ0212,FDR-PZ0212-B,TSS-NER-26,True
COR04489,NER,PZ0213,FDR-PZ0213-B,TSS-NER-27,True
COR04417,NER,PZ0214,FDR-PZ0214-A,TSS-NER-28,False
COR04301,NER,PZ0215,FDR-PZ0215-A,TSS-NER-29,False
COR06668,NER,PZ0187,FDR-PZ0187-B,TSS-NER-01,False
COR06667,NER,PZ0188,FDR-PZ0188-B,TSS-NER-02,False
COR06175,NER,PZ0189,FDR-PZ0189-B,TSS-NER-03,True
COR07445,NER,PZ0190,FDR-PZ0190-A,TSS-NER-04,True
COR02875,NER,PZ0191,FDR-PZ0191-B,TSS-NER-05,True
COR00384,NER,PZ0192,FDR-PZ0192-B,TSS-NER-06,True
COR02720,NER,PZ0193,FDR-PZ0193-B,TSS-NER-07,True
COR06951,NER,PZ0194,FDR-PZ0194-A,TSS-NER-08,True
COR02178,NER,PZ0195,FDR-PZ0195-B,TSS-NER-09,True
COR04047,NER,PZ0196,FDR-PZ0196-B,TSS-NER-10,False
COR05048,NER,PZ0197,FDR-PZ0197-A,TSS-NER-11,False
COR03145,NER,PZ0198,FDR-PZ0198-B,TSS-NER-12,True
COR00599,NER,PZ0199,FDR-PZ0199-B,TSS-NER-13,False
COR02920,NER,PZ0200,FDR-PZ0200-B,TSS-NER-14,False
COR08313,NER,PZ0201,FDR-PZ0201-B,TSS-NER-15,True
COR06512,NER,PZ0202,FDR-PZ0202-B,TSS-NER-16,True
COR03138,NER,PZ0203,FDR-PZ0203-A,TSS-NER-17,True
COR06670,NER,PZ0204,FDR-PZ0204-A,TSS-NER-18,True
COR03801,NER,PZ0205,FDR-PZ0205-A,TSS-NER-19,True
COR06396,NER,PZ0206,FDR-PZ0206-B,TSS-NER-20,True
COR03765,NER,PZ0207,FDR-PZ0207-A,TSS-NER-21,False
COR00601,NER,PZ0208,FDR-PZ0208-B,TSS-NER-22,False
COR00347,NER,PZ0209,FDR-PZ0209-B,TSS-NER-23,True
COR07022,NER,PZ0210,FDR-PZ0210-A,TSS-NER-24,True
COR05045,NER,PZ0211,FDR-PZ0211-A,TSS-NER-25,True
COR00307,NER,PZ0212,FDR-PZ0212-B,TSS-NER-26,True
COR08269,NER,PZ0213,FDR-PZ0213-B,TSS-NER-27,False
COR06179,NER,PZ0214,FDR-PZ0214-B,TSS-NER-28,True
COR00327,NER,PZ0215,FDR-PZ0215-A,TSS-NER-29,True
COR06398,NER,PZ0187,FDR-PZ0187-B,TSS-NER-01,True
COR00598,NER,PZ0188,FDR-PZ0188-A,TSS-NER-02,True
COR00375,NER,PZ0189,FDR-PZ0189-A,TSS-NER-03,True
COR05881,NER,PZ0190,FDR-PZ0190-A,TSS-NER-04,True
COR03545,NER,PZ0191,FDR-PZ0191-B,TSS-NER-05,True
COR06676,NER,PZ0192,FDR-PZ0192-A,TSS-NER-06,False
COR05134,NER,PZ0193,FDR-PZ0193-B,TSS-NER-07,False
COR04045,NER,PZ0194,FDR-PZ0194-A,TSS-NER-08,True
COR06037,NER,PZ0195,FDR-PZ0195-A,TSS-NER-09,True
COR02645,NER,PZ0196,FDR-PZ0196-A,TSS-NER-10,True
COR03407,NER,PZ0197,FDR-PZ0197-A,TSS-NER-11,False
COR00385,NER,PZ0198,FDR-PZ0198-B,TSS-NER-12,False
COR01123,NER,PZ0199,FDR-PZ0199-B,TSS-NER-13,False
COR00170,NER,PZ0200,FDR-PZ0200-A,TSS-NER-14,True
COR03537,NER,PZ0201,FDR-PZ0201-A,TSS-NER-15,True
COR06401,NER,PZ0202,FDR-PZ0202-B,TSS-NER-16,False
COR01130,NER,PZ0203,FDR-PZ0203-A,TSS-NER-17,False
COR06482,NER,PZ0204,FDR-PZ0204-A,TSS-NER-18,False
COR03142,NER,PZ0205,FDR-PZ0205-A,TSS-NER-19,True
COR07041,NER,PZ0206,FDR-PZ0206-B,TSS-NER-20,True
COR02721,NER,PZ0207,FDR-PZ0207-B,TSS-NER-21,True
COR06384,NER,PZ0208,FDR-PZ0208-A,TSS-NER-22,True
COR06171,NER,PZ0209,FDR-PZ0209-B,TSS-NER-23,True
COR00748,NER,PZ0210,FDR-PZ0210-A,TSS-NER-24,True
COR02034,NER,PZ0211,FDR-PZ0211-B,TSS-NER-25,True
COR04561,NER,PZ0212,FDR-PZ0212-A,TSS-NER-26,True
COR05041,NER,PZ0213,FDR-PZ0213-A,TSS-NER-27,True
COR04193,NER,PZ0214,FDR-PZ0214-A,TSS-NER-28,True
COR03768,NER,PZ0215,FDR-PZ0215-A,TSS-NER-29,True
COR02711,NER,PZ0187,FDR-PZ0187-B,TSS-NER-01,True
COR06170,NER,PZ0188,FDR-PZ0188-B,TSS-NER-02,True
COR03589,NER,PZ0189,FDR-PZ0189-B,TSS-NER-03,True
COR02183,NER,PZ0190,FDR-PZ0190-A,TSS-NER-04,False
COR07446,NER,PZ0191,FDR-PZ0191-B,TSS-NER-05,True
COR08221,NER,PZ0192,FDR-PZ0192-A,TSS-NER-06,False
COR06481,NER,PZ0193,FDR-PZ0193-A,TSS-NER-07,True
COR03540,NER,PZ0194,FDR-PZ0194-B,TSS-NER-08,True
COR06947,NER,PZ0195,FDR-PZ0195-A,TSS-NER-09,True
COR07617,NER,PZ0196,FDR-PZ0196-B,TSS-NER-10,False
COR00743,NER,PZ0197,FDR-PZ0197-B,TSS-NER-11,False
COR07327,NER,PZ0198,FDR-PZ0198-B,TSS-NER-12,True
COR05052,NER,PZ0199,FDR-PZ0199-A,TSS-NER-13,True
COR00746,NER,PZ0200,FDR-PZ0200-B,TSS-NER-14,False
COR07814,NER,PZ0201,FDR-PZ0201-A,TSS-NER-15,False
COR06172,NER,PZ0202,FDR-PZ0202-B,TSS-NER-16,True
COR06477,NER,PZ0203,FDR-PZ0203-B,TSS-NER-17,True
COR03551,NER,PZ0204,FDR-PZ0204-A,TSS-NER-18,True
COR02032,NER,PZ0205,FDR-PZ0205-A,TSS-NER-19,True
COR04562,NER,PZ0206,FDR-PZ0206-A,TSS-NER-20,True
COR06666,NER,PZ0207,FDR-PZ0207-B,TSS-NER-21,False
COR03541,NER,PZ0208,FDR-PZ0208-A,TSS-NER-22,True
COR05495,NER,PZ0209,FDR-PZ0209-A,TSS-NER-23,False
COR03553,NER,PZ0210,FDR-PZ0210-B,TSS-NER-24,True
COR04831,NER,PZ0211,FDR-PZ0211-B,TSS-NER-25,False
COR03554,NER,PZ0212,FDR-PZ0212-B,TSS-NER-26,True
COR04299,NER,PZ0213,FDR-PZ0213-A,TSS-NER-27,True
COR03139,NER,PZ0214,FDR-PZ0214-A,TSS-NER-28,True
COR04037,NER,PZ0215,FDR-PZ0215-A,TSS-NER-29,False
COR04564,NER,PZ0187,FDR-PZ0187-A,TSS-NER-01,True
COR06473,NER,PZ0188,FDR-PZ0188-B,TSS-NER-02,True
COR07450,NER,PZ0189,FDR-PZ0189-B,TSS-NER-03,False
COR07618,NER,PZ0190,FDR-PZ0190-B,TSS-NER-04,True
COR06760,NER,PZ0191,FDR-PZ0191-A,TSS-NER-05,False
COR00376,NER,PZ0192,FDR-PZ0192-B,TSS-NER-06,True
COR07621,NER,PZ0193,FDR-PZ0193-B,TSS-NER-07,True
COR02179,NER,PZ0194,FDR-PZ0194-A,TSS-NER-08,False
COR07829,NER,PZ0195,FDR-PZ0195-A,TSS-NER-09,True
COR06181,NER,PZ0196,FDR-PZ0196-A,TSS-NER-10,True
COR07287,NER,PZ0197,FDR-PZ0197-A,TSS-NER-11,True
COR03534,NER,PZ0198,FDR-PZ0198-A,TSS-NER-12,True
COR00744,NER,PZ0199,FDR-PZ0199-A,TSS-NER-13,True
COR00745,NER,PZ0200,FDR-PZ0200-B,TSS-NER-14,True
COR06036,NER,PZ0201,FDR-PZ0201-B,TSS-NER-15,False
COR08405,NER,PZ0202,FDR-PZ0202-B,TSS-NER-16,True
COR00343,NER,PZ0203,FDR-PZ0203-A,TSS-NER-17,True
COR06033,NER,PZ0204,FDR-PZ0204-B,TSS-NER-18,False
COR03433,NER,PZ0205,FDR-PZ0205-B,TSS-NER-19,True
COR05044,NER,PZ0206,FDR-PZ0206-B,TSS-NER-20,False
COR07330,NER,PZ0207,FDR-PZ0207-A,TSS-NER-21,True
COR07333,NER,PZ0208,FDR-PZ0208-A,TSS-NER-22,True
COR04560,NER,PZ0209,FDR-PZ0209-A,TSS-NER-23,False
COR03409,NER,PZ0210,FDR-PZ0210-A,TSS-NER-24,True
COR02022,NER,PZ0211,FDR-PZ0211-A,TSS-NER-25,True
COR00336,NER,PZ0212,FDR-PZ0212-B,TSS-NER-26,True
COR02723,NER,PZ0213,FDR-PZ0213-A,TSS-NER-27,True
COR04296,NER,PZ0214,FDR-PZ0214-B,TSS-NER-28,True
COR00369,NER,PZ0215,FDR-PZ0215-B,TSS-NER-29,True
COR05502,NER,PZ0187,FDR-PZ0187-B,TSS-NER-01,True
COR02867,NER,PZ0188,FDR-PZ0188-B,TSS-NER-02,False
COR00341,NER,PZ0189,FDR-PZ0189-A,TSS-NER-03,True
COR04300,NER,PZ0190,FDR-PZ0190-B,TSS-NER-04,True
COR04313,ECR,PZ0216,FDR-PZ0216-A,TSS-ECR-01,True
COR00662,ECR,PZ0217,FDR-PZ0217-B,TSS-ECR-02,True
COR05178,ECR,PZ0218,FDR-PZ0218-B,TSS-ECR-03,True
COR00593,ECR,PZ0219,FDR-PZ0219-B,TSS-ECR-04,False
COR05323,ECR,PZ0220,FDR-PZ0220-B,TSS-ECR-05,True
COR01436,ECR,PZ0221,FDR-PZ0221-B,TSS-ECR-06,False
COR07549,ECR,PZ0222,FDR-PZ0222-A,TSS-ECR-07,True
COR06298,ECR,PZ0223,FDR-PZ0223-B,TSS-ECR-08,True
COR04307,ECR,PZ0224,FDR-PZ0224-A,TSS-ECR-09,True
COR05137,ECR,PZ0225,FDR-PZ0225-A,TSS-ECR-10,False
COR07857,ECR,PZ0226,FDR-PZ0226-A,TSS-ECR-11,True
COR03928,ECR,PZ0227,FDR-PZ0227-B,TSS-ECR-12,True
COR05683,ECR,PZ0228,FDR-PZ0228-A,TSS-ECR-13,False
COR08525,ECR,PZ0229,FDR-PZ0229-A,TSS-ECR-14,True
COR03097,ECR,PZ0230,FDR-PZ0230-A,TSS-ECR-15,True
COR02274,ECR,PZ0231,FDR-PZ0231-A,TSS-ECR-16,True
COR05322,ECR,PZ0232,FDR-PZ0232-B,TSS-ECR-17,True
COR07545,ECR,PZ0233,FDR-PZ0233-B,TSS-ECR-18,True
COR00189,ECR,PZ0234,FDR-PZ0234-A,TSS-ECR-19,True
COR06245,ECR,PZ0216,FDR-PZ0216-B,TSS-ECR-01,True
COR04501,ECR,PZ0217,FDR-PZ0217-A,TSS-ECR-02,False
COR08616,ECR,PZ0218,FDR-PZ0218-B,TSS-ECR-03,False
COR08494,ECR,PZ0219,FDR-PZ0219-A,TSS-ECR-04,True
COR03736,ECR,PZ0220,FDR-PZ0220-B,TSS-ECR-05,True
COR00175,ECR,PZ0221,FDR-PZ0221-B,TSS-ECR-06,True
COR06417,ECR,PZ0222,FDR-PZ0222-A,TSS-ECR-07,True
COR08513,ECR,PZ0223,FDR-PZ0223-B,TSS-ECR-08,True
COR03734,ECR,PZ0224,FDR-PZ0224-A,TSS-ECR-09,False
COR04439,ECR,PZ0225,FDR-PZ0225-A,TSS-ECR-10,True
COR03931,ECR,PZ0226,FDR-PZ0226-B,TSS-ECR-11,True
COR07859,ECR,PZ0227,FDR-PZ0227-B,TSS-ECR-12,True
COR00663,ECR,PZ0228,FDR-PZ0228-B,TSS-ECR-13,True
COR06184,ECR,PZ0229,FDR-PZ0229-B,TSS-ECR-14,False
COR03926,ECR,PZ0230,FDR-PZ0230-A,TSS-ECR-15,True
COR07016,ECR,PZ0231,FDR-PZ0231-B,TSS-ECR-16,True
COR05141,ECR,PZ0232,FDR-PZ0232-A,TSS-ECR-17,True
COR04368,ECR,PZ0233,FDR-PZ0233-B,TSS-ECR-18,True
COR05572,ECR,PZ0234,FDR-PZ0234-A,TSS-ECR-19,True
COR01435,ECR,PZ0216,FDR-PZ0216-A,TSS-ECR-01,False
COR05184,ECR,PZ0217,FDR-PZ0217-A,TSS-ECR-02,True
COR00190,ECR,PZ0218,FDR-PZ0218-B,TSS-ECR-03,True
COR07683,ECR,PZ0219,FDR-PZ0219-B,TSS-ECR-04,True
COR05325,ECR,PZ0220,FDR-PZ0220-B,TSS-ECR-05,True
COR00590,ECR,PZ0221,FDR-PZ0221-B,TSS-ECR-06,False
COR08480,ECR,PZ0222,FDR-PZ0222-B,TSS-ECR-07,True
COR07018,ECR,PZ0223,FDR-PZ0223-A,TSS-ECR-08,False
COR00178,ECR,PZ0224,FDR-PZ0224-A,TSS-ECR-09,True
COR03009,ECR,PZ0225,FDR-PZ0225-B,TSS-ECR-10,True
COR07840,ECR,PZ0226,FDR-PZ0226-B,TSS-ECR-11,False
COR05144,ECR,PZ0227,FDR-PZ0227-B,TSS-ECR-12,True
COR02268,ECR,PZ0228,FDR-PZ0228-B,TSS-ECR-13,True
COR06988,ECR,PZ0229,FDR-PZ0229-A,TSS-ECR-14,True
COR04442,ECR,PZ0230,FDR-PZ0230-A,TSS-ECR-15,True
COR01589,ECR,PZ0231,FDR-PZ0231-A,TSS-ECR-16,True
COR06829,ECR,PZ0232,FDR-PZ0232-A,TSS-ECR-17,False
COR06300,ECR,PZ0233,FDR-PZ0233-A,TSS-ECR-18,False
COR07163,ECR,PZ0234,FDR-PZ0234-A,TSS-ECR-19,True
COR04362,ECR,PZ0216,FDR-PZ0216-A,TSS-ECR-01,True
COR05169,ECR,PZ0217,FDR-PZ0217-A,TSS-ECR-02,True
COR04503,ECR,PZ0218,FDR-PZ0218-B,TSS-ECR-03,True
COR00193,ECR,PZ0219,FDR-PZ0219-B,TSS-ECR-04,False
COR03099,ECR,PZ0220,FDR-PZ0220-A,TSS-ECR-05,True
COR03096,ECR,PZ0221,FDR-PZ0221-B,TSS-ECR-06,True
COR04449,ECR,PZ0222,FDR-PZ0222-A,TSS-ECR-07,False
COR07897,ECR,PZ0223,FDR-PZ0223-A,TSS-ECR-08,False
COR02282,ECR,PZ0224,FDR-PZ0224-A,TSS-ECR-09,True
COR04367,ECR,PZ0225,FDR-PZ0225-A,TSS-ECR-10,False
COR05684,ECR,PZ0226,FDR-PZ0226-A,TSS-ECR-11,True
COR03555,ECR,PZ0227,FDR-PZ0227-B,TSS-ECR-12,True
COR06466,ECR,PZ0228,FDR-PZ0228-A,TSS-ECR-13,False
COR07860,ECR,PZ0229,FDR-PZ0229-A,TSS-ECR-14,False
COR06304,ECR,PZ0230,FDR-PZ0230-B,TSS-ECR-15,False
COR04363,ECR,PZ0231,FDR-PZ0231-A,TSS-ECR-16,True
COR07015,ECR,PZ0232,FDR-PZ0232-A,TSS-ECR-17,True
COR03927,ECR,PZ0233,FDR-PZ0233-A,TSS-ECR-18,False
COR07444,ECR,PZ0234,FDR-PZ0234-B,TSS-ECR-19,True
COR00197,ECR,PZ0216,FDR-PZ0216-A,TSS-ECR-01,False
COR02278,ECR,PZ0217,FDR-PZ0217-B,TSS-ECR-02,False
COR07831,ECR,PZ0218,FDR-PZ0218-B,TSS-ECR-03,False
COR05179,ECR,PZ0219,FDR-PZ0219-A,TSS-ECR-04,True
COR06324,ECR,PZ0220,FDR-PZ0220-A,TSS-ECR-05,True
COR05136,ECR,PZ0221,FDR-PZ0221-B,TSS-ECR-06,True
COR05168,ECR,PZ0222,FDR-PZ0222-B,TSS-ECR-07,True
COR00583,ECR,PZ0223,FDR-PZ0223-B,TSS-ECR-08,True
COR00572,ECR,PZ0224,FDR-PZ0224-A,TSS-ECR-09,False
COR05170,ECR,PZ0225,FDR-PZ0225-B,TSS-ECR-10,False
COR02266,ECR,PZ0226,FDR-PZ0226-A,TSS-ECR-11,False
COR08521,ECR,PZ0227,FDR-PZ0227-A,TSS-ECR-12,True
COR07284,ECR,PZ0228,FDR-PZ0228-B,TSS-ECR-13,False
COR00185,ECR,PZ0229,FDR-PZ0229-B,TSS-ECR-14,False
COR00701,ECR,PZ0230,FDR-PZ0230-A,TSS-ECR-15,True
COR05375,ECR,PZ0231,FDR-PZ0231-A,TSS-ECR-16,True
COR03587,ECR,PZ0232,FDR-PZ0232-A,TSS-ECR-17,True
COR06420,ECR,PZ0233,FDR-PZ0233-B,TSS-ECR-18,True
COR02486,ECR,PZ0234,FDR-PZ0234-B,TSS-ECR-19,True
COR07856,ECR,PZ0216,FDR-PZ0216-A,TSS-ECR-01,True
COR07838,ECR,PZ0217,FDR-PZ0217-B,TSS-ECR-02,True
COR07682,ECR,PZ0218,FDR-PZ0218-B,TSS-ECR-03,True
COR04310,ECR,PZ0219,FDR-PZ0219-B,TSS-ECR-04,False
COR00194,ECR,PZ0220,FDR-PZ0220-A,TSS-ECR-05,True
COR02286,ECR,PZ0221,FDR-PZ0221-A,TSS-ECR-06,True
COR00576,ECR,PZ0222,FDR-PZ0222-A,TSS-ECR-07,True
COR05687,ECR,PZ0223,FDR-PZ0223-A,TSS-ECR-08,True
COR02277,ECR,PZ0224,FDR-PZ0224-A,TSS-ECR-09,True
COR07863,ECR,PZ0225,FDR-PZ0225-A,TSS-ECR-10,False
COR00584,ECR,PZ0226,FDR-PZ0226-B,TSS-ECR-11,True
COR06825,ECR,PZ0227,FDR-PZ0227-A,TSS-ECR-12,False
COR03735,ECR,PZ0228,FDR-PZ0228-B,TSS-ECR-13,True
COR04808,ECR,PZ0229,FDR-PZ0229-A,TSS-ECR-14,True
COR07833,ECR,PZ0230,FDR-PZ0230-A,TSS-ECR-15,False
COR05173,ECR,PZ0231,FDR-PZ0231-A,TSS-ECR-16,True
COR06418,ECR,PZ0232,FDR-PZ0232-A,TSS-ECR-17,False
COR00587,ECR,PZ0233,FDR-PZ0233-B,TSS-ECR-18,True
COR08152,ECR,PZ0234,FDR-PZ0234-A,TSS-ECR-19,True
COR02485,ECR,PZ0216,FDR-PZ0216-A,TSS-ECR-01,True
COR00588,ECR,PZ0217,FDR-PZ0217-B,TSS-ECR-02,True
COR07685,ECR,PZ0218,FDR-PZ0218-A,TSS-ECR-03,False
COR03005,ECR,PZ0219,FDR-PZ0219-A,TSS-ECR-04,False
COR02489,ECR,PZ0220,FDR-PZ0220-B,TSS-ECR-05,False
COR00667,ECR,PZ0221,FDR-PZ0221-B,TSS-ECR-06,False
COR07164,ECR,PZ0222,FDR-PZ0222-B,TSS-ECR-07,False
COR08481,ECR,PZ0223,FDR-PZ0223-B,TSS-ECR-08,True
COR03585,ECR,PZ0224,FDR-PZ0224-A,TSS-ECR-09,True
COR07462,ECR,PZ0225,FDR-PZ0225-B,TSS-ECR-10,False
COR03586,ECR,PZ0226,FDR-PZ0226-B,TSS-ECR-11,True
COR00580,ECR,PZ0227,FDR-PZ0227-B,TSS-ECR-12,True
COR00186,ECR,PZ0228,FDR-PZ0228-B,TSS-ECR-13,True
COR04498,ECR,PZ0229,FDR-PZ0229-A,TSS-ECR-14,True
COR03581,ECR,PZ0230,FDR-PZ0230-B,TSS-ECR-15,True
COR00589,ECR,PZ0231,FDR-PZ0231-A,TSS-ECR-16,False
COR00664,ECR,PZ0232,FDR-PZ0232-B,TSS-ECR-17,True
COR00180,ECR,PZ0233,FDR-PZ0233-A,TSS-ECR-18,True
COR04495,ECR,PZ0234,FDR-PZ0234-B,TSS-ECR-19,True
COR08355,ECR,PZ0216,FDR-PZ0216-B,TSS-ECR-01,True
COR00183,ECR,PZ0217,FDR-PZ0217-A,TSS-ECR-02,True
COR08238,ECR,PZ0218,FDR-PZ0218-A,TSS-ECR-03,True
COR06631,ECR,PZ0219,FDR-PZ0219-B,TSS-ECR-04,True
COR05176,ECR,PZ0220,FDR-PZ0220-B,TSS-ECR-05,True
COR02276,ECR,PZ0221,FDR-PZ0221-B,TSS-ECR-06,False
COR03929,ECR,PZ0222,FDR-PZ0222-B,TSS-ECR-07,True
COR02323,ECR,PZ0223,FDR-PZ0223-B,TSS-ECR-08,True
COR05177,ECR,PZ0224,FDR-PZ0224-B,TSS-ECR-09,True
COR05454,ECR,PZ0225,FDR-PZ0225-A,TSS-ECR-10,True
COR05143,ECR,PZ0226,FDR-PZ0226-A,TSS-ECR-11,False
COR05315,ECR,PZ0227,FDR-PZ0227-B,TSS-ECR-12,True
COR06826,ECR,PZ0228,FDR-PZ0228-A,TSS-ECR-13,True
COR06248,ECR,PZ0229,FDR-PZ0229-A,TSS-ECR-14,True
COR00570,ECR,PZ0230,FDR-PZ0230-A,TSS-ECR-15,False
COR06302,ECR,PZ0231,FDR-PZ0231-A,TSS-ECR-16,True
COR05139,ECR,PZ0232,FDR-PZ0232-A,TSS-ECR-17,True
COR03582,ECR,PZ0233,FDR-PZ0233-B,TSS-ECR-18,True
COR08351,ECR,PZ0234,FDR-PZ0234-A,TSS-ECR-19,True
COR03925,ECR,PZ0216,FDR-PZ0216-A,TSS-ECR-01,True
COR07858,ECR,PZ0217,FDR-PZ0217-A,TSS-ECR-02,False
COR05321,ECR,PZ0218,FDR-PZ0218-B,TSS-ECR-03,True
COR08352,ECR,PZ0219,FDR-PZ0219-A,TSS-ECR-04,False
COR01437,ECR,PZ0220,FDR-PZ0220-B,TSS-ECR-05,False
COR03002,ECR,PZ0221,FDR-PZ0221-B,TSS-ECR-06,False
COR07285,ECR,PZ0222,FDR-PZ0222-B,TSS-ECR-07,True
COR07351,ECR,PZ0223,FDR-PZ0223-A,TSS-ECR-08,True
COR04497,ECR,PZ0224,FDR-PZ0224-A,TSS-ECR-09,False
COR04814,ECR,PZ0225,FDR-PZ0225-A,TSS-ECR-10,True
COR00700,ECR,PZ0226,FDR-PZ0226-A,TSS-ECR-11,True
COR07352,ECR,PZ0227,FDR-PZ0227-B,TSS-ECR-12,True
COR06303,ECR,PZ0228,FDR-PZ0228-B,TSS-ECR-13,True
COR00177,ECR,PZ0229,FDR-PZ0229-A,TSS-ECR-14,True
COR00195,ECR,PZ0230,FDR-PZ0230-B,TSS-ECR-15,True
COR02279,ECR,PZ0231,FDR-PZ0231-A,TSS-ECR-16,True
COR04444,ECR,PZ0232,FDR-PZ0232-B,TSS-ECR-17,True
COR04812,ECR,PZ0233,FDR-PZ0233-A,TSS-ECR-18,True
COR08357,ECR,PZ0234,FDR-PZ0234-A,TSS-ECR-19,True
COR07839,ECR,PZ0216,FDR-PZ0216-A,TSS-ECR-01,True
COR04811,ECR,PZ0217,FDR-PZ0217-B,TSS-ECR-02,True
COR07347,ECR,PZ0218,FDR-PZ0218-A,TSS-ECR-03,False
COR05320,ECR,PZ0219,FDR-PZ0219-A,TSS-ECR-04,True
COR06113,ECR,PZ0220,FDR-PZ0220-A,TSS-ECR-05,True
COR05686,ECR,PZ0221,FDR-PZ0221-B,TSS-ECR-06,False
COR07344,ECR,PZ0222,FDR-PZ0222-A,TSS-ECR-07,False
COR00188,ECR,PZ0223,FDR-PZ0223-A,TSS-ECR-08,True
COR02488,ECR,PZ0224,FDR-PZ0224-A,TSS-ECR-09,True
COR03001,ECR,PZ0225,FDR-PZ0225-B,TSS-ECR-10,False
COR05682,ECR,PZ0226,FDR-PZ0226-B,TSS-ECR-11,True
COR03503,ECR,PZ0227,FDR-PZ0227-B,TSS-ECR-12,True
COR04441,ECR,PZ0228,FDR-PZ0228-A,TSS-ECR-13,True
COR07544,ECR,PZ0229,FDR-PZ0229-B,TSS-ECR-14,True
COR02280,ECR,PZ0230,FDR-PZ0230-B,TSS-ECR-15,True
COR08239,ECR,PZ0231,FDR-PZ0231-A,TSS-ECR-16,True
COR04309,ECR,PZ0232,FDR-PZ0232-B,TSS-ECR-17,True
COR07546,ECR,PZ0233,FDR-PZ0233-B,TSS-ECR-18,True
COR00196,ECR,PZ0234,FDR-PZ0234-A,TSS-ECR-19,False
COR05183,ECR,PZ0216,FDR-PZ0216-B,TSS-ECR-01,False
COR05314,ECR,PZ0217,FDR-PZ0217-A,TSS-ECR-02,True
COR05640,ECR,PZ0218,FDR-PZ0218-A,TSS-ECR-03,True
COR01588,ECR,PZ0219,FDR-PZ0219-B,TSS-ECR-04,True
COR05689,ECR,PZ0220,FDR-PZ0220-B,TSS-ECR-05,True
COR08497,ECR,PZ0221,FDR-PZ0221-A,TSS-ECR-06,False
COR06989,ECR,PZ0222,FDR-PZ0222-A,TSS-ECR-07,False
COR00586,ECR,PZ0223,FDR-PZ0223-B,TSS-ECR-08,True
COR07861,ECR,PZ0224,FDR-PZ0224-B,TSS-ECR-09,True
COR08131,ECR,PZ0225,FDR-PZ0225-B,TSS-ECR-10,True
COR03093,ECR,PZ0226,FDR-PZ0226-B,TSS-ECR-11,True
COR05181,ECR,PZ0227,FDR-PZ0227-B,TSS-ECR-12,True
COR00571,ECR,PZ0228,FDR-PZ0228-B,TSS-ECR-13,True
COR00703,ECR,PZ0229,FDR-PZ0229-B,TSS-ECR-14,True
COR02285,ECR,PZ0230,FDR-PZ0230-A,TSS-ECR-15,True
COR00184,ECR,PZ0231,FDR-PZ0231-A,TSS-ECR-16,True
COR06416,ECR,PZ0232,FDR-PZ0232-B,TSS-ECR-17,False
COR02275,ECR,PZ0233,FDR-PZ0233-B,TSS-ECR-18,True
COR04499,ECR,PZ0234,FDR-PZ0234-B,TSS-ECR-19,True
COR04809,ECR,PZ0216,FDR-PZ0216-A,TSS-ECR-01,True
COR05641,ECR,PZ0217,FDR-PZ0217-B,TSS-ECR-02,True
COR00582,ECR,PZ0218,FDR-PZ0218-B,TSS-ECR-03,True
COR07443,ECR,PZ0219,FDR-PZ0219-A,TSS-ECR-04,True
COR04311,ECR,PZ0220,FDR-PZ0220-A,TSS-ECR-05,True
COR04572,ECR,PZ0221,FDR-PZ0221-B,TSS-ECR-06,True
COR03733,ECR,PZ0222,FDR-PZ0222-B,TSS-ECR-07,True
COR05617,ECR,PZ0223,FDR-PZ0223-A,TSS-ECR-08,True
COR07349,ECR,PZ0224,FDR-PZ0224-A,TSS-ECR-09,True
COR01590,ECR,PZ0225,FDR-PZ0225-A,TSS-ECR-10,True
COR03003,ECR,PZ0226,FDR-PZ0226-A,TSS-ECR-11,True
COR04440,ECR,PZ0227,FDR-PZ0227-B,TSS-ECR-12,True
COR00668,ECR,PZ0228,FDR-PZ0228-A,TSS-ECR-13,False
COR03094,ECR,PZ0229,FDR-PZ0229-B,TSS-ECR-14,True
COR06246,ECR,PZ0230,FDR-PZ0230-A,TSS-ECR-15,True
COR04361,ECR,PZ0231,FDR-PZ0231-A,TSS-ECR-16,True
COR08522,ECR,PZ0232,FDR-PZ0232-A,TSS-ECR-17,False
COR00569,ECR,PZ0233,FDR-PZ0233-A,TSS-ECR-18,True
COR07548,ECR,PZ0234,FDR-PZ0234-A,TSS-ECR-19,True
COR02267,ECR,PZ0216,FDR-PZ0216-B,TSS-ECR-01,True
COR03583,ECR,PZ0217,FDR-PZ0217-A,TSS-ECR-02,False
COR06827,ECR,PZ0218,FDR-PZ0218-B,TSS-ECR-03,False
COR04364,ECR,PZ0219,FDR-PZ0219-B,TSS-ECR-04,True
COR00176,ECR,PZ0220,FDR-PZ0220-B,TSS-ECR-05,True
COR02271,ECR,PZ0221,FDR-PZ0221-B,TSS-ECR-06,True
COR04810,ECR,PZ0222,FDR-PZ0222-A,TSS-ECR-07,True
COR05574,ECR,PZ0223,FDR-PZ0223-A,TSS-ECR-08,False
COR05616,ECR,PZ0224,FDR-PZ0224-A,TSS-ECR-09,False
COR00579,ECR,PZ0225,FDR-PZ0225-A,TSS-ECR-10,True
COR07017,ECR,PZ0226,FDR-PZ0226-A,TSS-ECR-11,True
COR00595,ECR,PZ0227,FDR-PZ0227-B,TSS-ECR-12,True
COR06244,ECR,PZ0228,FDR-PZ0228-B,TSS-ECR-13,True
COR07853,ECR,PZ0229,FDR-PZ0229-B,TSS-ECR-14,True
COR05326,ECR,PZ0230,FDR-PZ0230-A,TSS-ECR-15,False
COR03930,ECR,PZ0231,FDR-PZ0231-A,TSS-ECR-16,False
COR04571,ECR,PZ0232,FDR-PZ0232-A,TSS-ECR-17,False
COR06633,ECR,PZ0233,FDR-PZ0233-A,TSS-ECR-18,False
COR00574,ECR,PZ0234,FDR-PZ0234-B,TSS-ECR-19,True
COR02325,ECR,PZ0216,FDR-PZ0216-A,TSS-ECR-01,False
COR05185,ECR,PZ0217,FDR-PZ0217-B,TSS-ECR-02,False
COR00578,ECR,PZ0218,FDR-PZ0218-A,TSS-ECR-03,True
COR01439,ECR,PZ0219,FDR-PZ0219-A,TSS-ECR-04,False
COR05356,ECR,PZ0220,FDR-PZ0220-B,TSS-ECR-05,False
COR05691,ECR,PZ0221,FDR-PZ0221-A,TSS-ECR-06,False
COR00666,ECR,PZ0222,FDR-PZ0222-A,TSS-ECR-07,True
COR00192,ECR,PZ0223,FDR-PZ0223-B,TSS-ECR-08,True
COR04494,ECR,PZ0224,FDR-PZ0224-A,TSS-ECR-09,True
COR03504,ECR,PZ0225,FDR-PZ0225-A,TSS-ECR-10,False
COR07096,ECR,PZ0226,FDR-PZ0226-B,TSS-ECR-11,True
COR07102,ECR,PZ0227,FDR-PZ0227-A,TSS-ECR-12,True
COR05171,ECR,PZ0228,FDR-PZ0228-B,TSS-ECR-13,True
COR06421,ECR,PZ0229,FDR-PZ0229-B,TSS-ECR-14,False
COR04816,ECR,PZ0230,FDR-PZ0230-B,TSS-ECR-15,False
COR03098,ECR,PZ0231,FDR-PZ0231-A,TSS-ECR-16,True
COR08492,ECR,PZ0232,FDR-PZ0232-A,TSS-ECR-17,True
COR08356,ECR,PZ0233,FDR-PZ0233-A,TSS-ECR-18,True
COR08498,ECR,PZ0234,FDR-PZ0234-A,TSS-ECR-19,True
COR01440,ECR,PZ0216,FDR-PZ0216-B,TSS-ECR-01,True
COR05167,ECR,PZ0217,FDR-PZ0217-B,TSS-ECR-02,True
COR00573,ECR,PZ0218,FDR-PZ0218-B,TSS-ECR-03,True
COR00577,ECR,PZ0219,FDR-PZ0219-B,TSS-ECR-04,True
COR02487,ECR,PZ0220,FDR-PZ0220-B,TSS-ECR-05,True
COR04360,ECR,PZ0221,FDR-PZ0221-A,TSS-ECR-06,False
COR03505,ECR,PZ0222,FDR-PZ0222-A,TSS-ECR-07,True
COR00581,ECR,PZ0223,FDR-PZ0223-A,TSS-ECR-08,True
COR00174,ECR,PZ0224,FDR-PZ0224-A,TSS-ECR-09,False
COR04308,ECR,PZ0225,FDR-PZ0225-B,TSS-ECR-10,True
COR01438,ECR,PZ0226,FDR-PZ0226-B,TSS-ECR-11,True
COR04365,ECR,PZ0227,FDR-PZ0227-B,TSS-ECR-12,True
COR05324,ECR,PZ0228,FDR-PZ0228-B,TSS-ECR-13,True
COR05357,ECR,PZ0229,FDR-PZ0229-B,TSS-ECR-14,True
COR05172,ECR,PZ0230,FDR-PZ0230-B,TSS-ECR-15,True
COR06114,ECR,PZ0231,FDR-PZ0231-A,TSS-ECR-16,True
COR04815,ECR,PZ0232,FDR-PZ0232-B,TSS-ECR-17,True
COR07348,ECR,PZ0233,FDR-PZ0233-B,TSS-ECR-18,False
COR05140,ECR,PZ0234,FDR-PZ0234-A,TSS-ECR-19,False
COR00199,ECR,PZ0216,FDR-PZ0216-B,TSS-ECR-01,False
COR03923,ECR,PZ0217,FDR-PZ0217-A,TSS-ECR-02,True
COR02484,ECR,PZ0218,FDR-PZ0218-A,TSS-ECR-03,False
COR05174,ECR,PZ0219,FDR-PZ0219-A,TSS-ECR-04,True
COR06632,ECR,PZ0220,FDR-PZ0220-A,TSS-ECR-05,True
COR06847,ECR,PZ0221,FDR-PZ0221-A,TSS-ECR-06,True
COR03006,ECR,PZ0222,FDR-PZ0222-A,TSS-ECR-07,False
COR02272,ECR,PZ0223,FDR-PZ0223-A,TSS-ECR-08,True
COR00594,ECR,PZ0224,FDR-PZ0224-A,TSS-ECR-09,True
COR02269,ECR,PZ0225,FDR-PZ0225-B,TSS-ECR-10,False
COR04807,ECR,PZ0226,FDR-PZ0226-A,TSS-ECR-11,True
COR02273,ECR,PZ0227,FDR-PZ0227-B,TSS-ECR-12,True
COR06828,ECR,PZ0228,FDR-PZ0228-B,TSS-ECR-13,False
COR03008,ECR,PZ0229,FDR-PZ0229-A,TSS-ECR-14,True
COR06247,ECR,PZ0230,FDR-PZ0230-A,TSS-ECR-15,True
COR04500,ECR,PZ0231,FDR-PZ0231-A,TSS-ECR-16,False
COR06243,ECR,PZ0232,FDR-PZ0232-A,TSS-ECR-17,True
COR08520,ECR,PZ0233,FDR-PZ0233-A,TSS-ECR-18,True
COR06182,ECR,PZ0234,FDR-PZ0234-A,TSS-ECR-19,True
COR06185,ECR,PZ0216,FDR-PZ0216-A,TSS-ECR-01,True
COR06325,ECR,PZ0217,FDR-PZ0217-A,TSS-ECR-02,True
COR02265,ECR,PZ0218,FDR-PZ0218-A,TSS-ECR-03,True
COR06848,ECR,PZ0219,FDR-PZ0219-B,TSS-ECR-04,True
COR06183,ECR,PZ0220,FDR-PZ0220-A,TSS-ECR-05,True
COR04496,ECR,PZ0221,FDR-PZ0221-A,TSS-ECR-06,True
COR08519,ECR,PZ0222,FDR-PZ0222-A,TSS-ECR-07,True
COR00182,ECR,PZ0223,FDR-PZ0223-A,TSS-ECR-08,True
COR03004,ECR,PZ0224,FDR-PZ0224-A,TSS-ECR-09,True
COR01586,ECR,PZ0225,FDR-PZ0225-A,TSS-ECR-10,True
COR02322,ECR,PZ0226,FDR-PZ0226-B,TSS-ECR-11,False
COR05688,ECR,PZ0227,FDR-PZ0227-A,TSS-ECR-12,True
COR08491,ECR,PZ0228,FDR-PZ0228-B,TSS-ECR-13,True
COR08523,ECR,PZ0229,FDR-PZ0229-B,TSS-ECR-14,True
COR05685,ECR,PZ0230,FDR-PZ0230-B,TSS-ECR-15,False
COR00585,ECR,PZ0231,FDR-PZ0231-A,TSS-ECR-16,True
COR06301,ECR,PZ0232,FDR-PZ0232-B,TSS-ECR-17,True
COR05180,ECR,PZ0233,FDR-PZ0233-A,TSS-ECR-18,True
COR08151,ECR,PZ0234,FDR-PZ0234-A,TSS-ECR-19,True
COR04312,ECR,PZ0216,FDR-PZ0216-A,TSS-ECR-01,True
COR04448,ECR,PZ0217,FDR-PZ0217-B,TSS-ECR-02,True
COR07461,ECR,PZ0218,FDR-PZ0218-B,TSS-ECR-03,True
COR04306,ECR,PZ0219,FDR-PZ0219-A,TSS-ECR-04,True
COR07832,ECR,PZ0220,FDR-PZ0220-B,TSS-ECR-05,True
COR00670,ECR,PZ0221,FDR-PZ0221-A,TSS-ECR-06,True
COR00665,ECR,PZ0222,FDR-PZ0222-B,TSS-ECR-07,True
COR05319,ECR,PZ0223,FDR-PZ0223-B,TSS-ECR-08,True
COR03007,ECR,PZ0224,FDR-PZ0224-B,TSS-ECR-09,False
COR00591,ECR,PZ0225,FDR-PZ0225-B,TSS-ECR-10,True
COR00702,ECR,PZ0226,FDR-PZ0226-A,TSS-ECR-11,True
COR06249,ECR,PZ0227,FDR-PZ0227-A,TSS-ECR-12,True
COR00187,ECR,PZ0228,FDR-PZ0228-B,TSS-ECR-13,True
COR07350,ECR,PZ0229,FDR-PZ0229-B,TSS-ECR-14,True
COR05175,ECR,PZ0230,FDR-PZ0230-B,TSS-ECR-15,True
COR04502,ECR,PZ0231,FDR-PZ0231-B,TSS-ECR-16,True
COR00575,ECR,PZ0232,FDR-PZ0232-A,TSS-ECR-17,True
COR07862,ECR,PZ0233,FDR-PZ0233-B,TSS-ECR-18,True
COR06112,ECR,PZ0234,FDR-PZ0234-A,TSS-ECR-19,False
COR04446,ECR,PZ0216,FDR-PZ0216-B,TSS-ECR-01,True
COR07681,ECR,PZ0217,FDR-PZ0217-A,TSS-ECR-02,True
COR00592,ECR,PZ0218,FDR-PZ0218-A,TSS-ECR-03,True
COR07547,ECR,PZ0219,FDR-PZ0219-A,TSS-ECR-04,True
COR05318,ECR,PZ0220,FDR-PZ0220-A,TSS-ECR-05,True
COR06299,ECR,PZ0221,FDR-PZ0221-A,TSS-ECR-06,True
COR05573,ECR,PZ0222,FDR-PZ0222-A,TSS-ECR-07,True
COR04445,ECR,PZ0223,FDR-PZ0223-A,TSS-ECR-08,True
COR03556,ECR,PZ0224,FDR-PZ0224-B,TSS-ECR-09,True
COR02283,ECR,PZ0225,FDR-PZ0225-B,TSS-ECR-10,True
COR07854,ECR,PZ0226,FDR-PZ0226-B,TSS-ECR-11,True
COR04443,ECR,PZ0227,FDR-PZ0227-B,TSS-ECR-12,True
COR05690,ECR,PZ0228,FDR-PZ0228-A,TSS-ECR-13,True
COR07543,ECR,PZ0229,FDR-PZ0229-A,TSS-ECR-14,True
COR03924,ECR,PZ0230,FDR-PZ0230-A,TSS-ECR-15,True
COR00669,ECR,PZ0231,FDR-PZ0231-B,TSS-ECR-16,True
COR05182,ECR,PZ0232,FDR-PZ0232-B,TSS-ECR-17,True
COR06250,ECR,PZ0233,FDR-PZ0233-B,TSS-ECR-18,False
COR03584,ECR,PZ0234,FDR-PZ0234-B,TSS-ECR-19,True
COR07165,ECR,PZ0216,FDR-PZ0216-B,TSS-ECR-01,True
COR05317,ECR,PZ0217,FDR-PZ0217-B,TSS-ECR-02,True
COR02490,ECR,PZ0218,FDR-PZ0218-B,TSS-ECR-03,True
COR05316,ECR,PZ0219,FDR-PZ0219-A,TSS-ECR-04,True
COR05142,ECR,PZ0220,FDR-PZ0220-B,TSS-ECR-05,True
COR06422,ECR,PZ0221,FDR-PZ0221-A,TSS-ECR-06,True
COR07343,ECR,PZ0222,FDR-PZ0222-B,TSS-ECR-07,True
COR02284,ECR,PZ0223,FDR-PZ0223-B,TSS-ECR-08,True
COR04447,ECR,PZ0224,FDR-PZ0224-A,TSS-ECR-09,True
COR05456,ECR,PZ0225,FDR-PZ0225-B,TSS-ECR-10,True
COR05455,ECR,PZ0226,FDR-PZ0226-B,TSS-ECR-11,True
COR06419,ECR,PZ0227,FDR-PZ0227-B,TSS-ECR-12,False
COR00179,ECR,PZ0228,FDR-PZ0228-B,TSS-ECR-13,True
COR04366,ECR,PZ0229,FDR-PZ0229-B,TSS-ECR-14,True
COR05138,ECR,PZ0230,FDR-PZ0230-A,TSS-ECR-15,False
COR02270,ECR,PZ0231,FDR-PZ0231-A,TSS-ECR-16,True
COR03095,ECR,PZ0232,FDR-PZ0232-A,TSS-ECR-17,False
COR08524,ECR,PZ0233,FDR-PZ0233-A,TSS-ECR-18,True
COR07346,ECR,PZ0234,FDR-PZ0234-B,TSS-ECR-19,False
COR01587,ECR,PZ0216,FDR-PZ0216-B,TSS-ECR-01,True
COR00181,ECR,PZ0217,FDR-PZ0217-A,TSS-ECR-02,True
COR02281,ECR,PZ0218,FDR-PZ0218-A,TSS-ECR-03,True
COR02324,ECR,PZ0219,FDR-PZ0219-A,TSS-ECR-04,True
COR00198,ECR,PZ0220,FDR-PZ0220-B,TSS-ECR-05,True
COR07345,ECR,PZ0221,FDR-PZ0221-B,TSS-ECR-06,True
COR04813,ECR,PZ0222,FDR-PZ0222-B,TSS-ECR-07,False
COR08518,ECR,PZ0223,FDR-PZ0223-B,TSS-ECR-08,True
COR00191,ECR,PZ0224,FDR-PZ0224-B,TSS-ECR-09,False
COR08493,ECR,PZ0225,FDR-PZ0225-A,TSS-ECR-10,True
COR06423,ECR,PZ0226,FDR-PZ0226-A,TSS-ECR-11,True
COR08108,NCR,PZ0235,FDR-PZ0235-B,TSS-NCR-01,True
COR01720,NCR,PZ0236,FDR-PZ0236-A,TSS-NCR-02,True
COR07457,NCR,PZ0237,FDR-PZ0237-B,TSS-NCR-03,True
COR05108,NCR,PZ0238,FDR-PZ0238-A,TSS-NCR-04,True
COR05225,NCR,PZ0239,FDR-PZ0239-B,TSS-NCR-05,False
COR04581,NCR,PZ0240,FDR-PZ0240-B,TSS-NCR-06,True
COR03472,NCR,PZ0241,FDR-PZ0241-A,TSS-NCR-07,True
COR05930,NCR,PZ0242,FDR-PZ0242-A,TSS-NCR-08,True
COR07456,NCR,PZ0243,FDR-PZ0243-B,TSS-NCR-09,True
COR04257,NCR,PZ0244,FDR-PZ0244-B,TSS-NCR-10,True
COR05928,NCR,PZ0245,FDR-PZ0245-B,TSS-NCR-11,True
COR08091,NCR,PZ0246,FDR-PZ0246-B,TSS-NCR-12,False
COR06968,NCR,PZ0247,FDR-PZ0247-A,TSS-NCR-13,True
COR00212,NCR,PZ0248,FDR-PZ0248-B,TSS-NCR-14,False
COR05227,NCR,PZ0249,FDR-PZ0249-A,TSS-NCR-15,False
COR04264,NCR,PZ0235,FDR-PZ0235-B,TSS-NCR-01,True
COR06534,NCR,PZ0236,FDR-PZ0236-B,TSS-NCR-02,False
COR03465,NCR,PZ0237,FDR-PZ0237-A,TSS-NCR-03,True
COR04856,NCR,PZ0238,FDR-PZ0238-A,TSS-NCR-04,True
COR07698,NCR,PZ0239,FDR-PZ0239-B,TSS-NCR-05,False
COR03480,NCR,PZ0240,FDR-PZ0240-A,TSS-NCR-06,True
COR06965,NCR,PZ0241,FDR-PZ0241-B,TSS-NCR-07,True
COR08259,NCR,PZ0242,FDR-PZ0242-A,TSS-NCR-08,True
COR03476,NCR,PZ0243,FDR-PZ0243-B,TSS-NCR-09,True
COR06531,NCR,PZ0244,FDR-PZ0244-B,TSS-NCR-10,True
COR05925,NCR,PZ0245,FDR-PZ0245-B,TSS-NCR-11,False
COR03471,NCR,PZ0246,FDR-PZ0246-A,TSS-NCR-12,False
COR05709,NCR,PZ0247,FDR-PZ0247-B,TSS-NCR-13,True
COR03462,NCR,PZ0248,FDR-PZ0248-B,TSS-NCR-14,True
COR07695,NCR,PZ0249,FDR-PZ0249-B,TSS-NCR-15,True
COR00207,NCR,PZ0235,FDR-PZ0235-B,TSS-NCR-01,False
COR08250,NCR,PZ0236,FDR-PZ0236-B,TSS-NCR-02,False
COR04582,NCR,PZ0237,FDR-PZ0237-B,TSS-NCR-03,True
COR08233,NCR,PZ0238,FDR-PZ0238-A,TSS-NCR-04,False
COR05401,NCR,PZ0239,FDR-PZ0239-B,TSS-NCR-05,True
COR05586,NCR,PZ0240,FDR-PZ0240-A,TSS-NCR-06,True
COR04801,NCR,PZ0241,FDR-PZ0241-A,TSS-NCR-07,False
COR05704,NCR,PZ0242,FDR-PZ0242-A,TSS-NCR-08,False
COR07691,NCR,PZ0243,FDR-PZ0243-A,TSS-NCR-09,False
COR05104,NCR,PZ0244,FDR-PZ0244-B,TSS-NCR-10,True
COR03267,NCR,PZ0245,FDR-PZ0245-B,TSS-NCR-11,False
COR03271,NCR,PZ0246,FDR-PZ0246-A,TSS-NCR-12,True
COR01728,NCR,PZ0247,FDR-PZ0247-A,TSS-NCR-13,True
COR08113,NCR,PZ0248,FDR-PZ0248-A,TSS-NCR-14,True
COR07689,NCR,PZ0249,FDR-PZ0249-B,TSS-NCR-15,True
COR04262,NCR,PZ0235,FDR-PZ0235-B,TSS-NCR-01,True
COR05403,NCR,PZ0236,FDR-PZ0236-B,TSS-NCR-02,True
COR04859,NCR,PZ0237,FDR-PZ0237-B,TSS-NCR-03,True
COR08427,NCR,PZ0238,FDR-PZ0238-B,TSS-NCR-04,True
COR00205,NCR,PZ0239,FDR-PZ0239-B,TSS-NCR-05,True
COR05695,NCR,PZ0240,FDR-PZ0240-A,TSS-NCR-06,True
COR08100,NCR,PZ0241,FDR-PZ0241-B,TSS-NCR-07,True
COR08252,NCR,PZ0242,FDR-PZ0242-A,TSS-NCR-08,True
COR08103,NCR,PZ0243,FDR-PZ0243-A,TSS-NCR-09,True
COR05397,NCR,PZ0244,FDR-PZ0244-A,TSS-NCR-10,True
COR04483,NCR,PZ0245,FDR-PZ0245-B,TSS-NCR-11,True
COR04259,NCR,PZ0246,FDR-PZ0246-B,TSS-NCR-12,True
COR01727,NCR,PZ0247,FDR-PZ0247-A,TSS-NCR-13,True
COR05098,NCR,PZ0248,FDR-PZ0248-A,TSS-NCR-14,False
COR05701,NCR,PZ0249,FDR-PZ0249-A,TSS-NCR-15,True
COR03273,NCR,PZ0235,FDR-PZ0235-A,TSS-NCR-01,True
COR08613,NCR,PZ0236,FDR-PZ0236-A,TSS-NCR-02,True
COR04579,NCR,PZ0237,FDR-PZ0237-A,TSS-NCR-03,True
COR03264,NCR,PZ0238,FDR-PZ0238-B,TSS-NCR-04,False
COR05107,NCR,PZ0239,FDR-PZ0239-B,TSS-NCR-05,False
COR05583,NCR,PZ0240,FDR-PZ0240-B,TSS-NCR-06,True
COR07419,NCR,PZ0241,FDR-PZ0241-B,TSS-NCR-07,True
COR04854,NCR,PZ0242,FDR-PZ0242-B,TSS-NCR-08,True
COR04258,NCR,PZ0243,FDR-PZ0243-B,TSS-NCR-09,True
COR04852,NCR,PZ0244,FDR-PZ0244-B,TSS-NCR-10,True
COR05222,NCR,PZ0245,FDR-PZ0245-A,TSS-NCR-11,True
COR05398,NCR,PZ0246,FDR-PZ0246-A,TSS-NCR-12,True
COR06966,NCR,PZ0247,FDR-PZ0247-B,TSS-NCR-13,True
COR05395,NCR,PZ0248,FDR-PZ0248-B,TSS-NCR-14,False
COR05702,NCR,PZ0249,FDR-PZ0249-B,TSS-NCR-15,False
COR05102,NCR,PZ0235,FDR-PZ0235-A,TSS-NCR-01,True
COR06544,NCR,PZ0236,FDR-PZ0236-B,TSS-NCR-02,False
COR08255,NCR,PZ0237,FDR-PZ0237-B,TSS-NCR-03,False
COR05223,NCR,PZ0238,FDR-PZ0238-B,TSS-NCR-04,True
COR06870,NCR,PZ0239,FDR-PZ0239-B,TSS-NCR-05,False
COR05931,NCR,PZ0240,FDR-PZ0240-A,TSS-NCR-06,True
COR08087,NCR,PZ0241,FDR-PZ0241-A,TSS-NCR-07,True
COR05585,NCR,PZ0242,FDR-PZ0242-A,TSS-NCR-08,True
COR08258,NCR,PZ0243,FDR-PZ0243-B,TSS-NCR-09,True
COR03474,NCR,PZ0244,FDR-PZ0244-B,TSS-NCR-10,True
COR04849,NCR,PZ0245,FDR-PZ0245-B,TSS-NCR-11,True
COR08114,NCR,PZ0246,FDR-PZ0246-B,TSS-NCR-12,True
COR03270,NCR,PZ0247,FDR-PZ0247-B,TSS-NCR-13,True
COR08112,NCR,PZ0248,FDR-PZ0248-A,TSS-NCR-14,True
COR04805,NCR,PZ0249,FDR-PZ0249-A,TSS-NCR-15,False
COR06541,NCR,PZ0235,FDR-PZ0235-B,TSS-NCR-01,True
COR05700,NCR,PZ0236,FDR-PZ0236-A,TSS-NCR-02,True
COR05221,NCR,PZ0237,FDR-PZ0237-B,TSS-NCR-03,False
COR05694,NCR,PZ0238,FDR-PZ0238-A,TSS-NCR-04,True
COR08615,NCR,PZ0239,FDR-PZ0239-A,TSS-NCR-05,True
COR05229,NCR,PZ0240,FDR-PZ0240-B,TSS-NCR-06,True
COR08253,NCR,PZ0241,FDR-PZ0241-B,TSS-NCR-07,True
COR05927,NCR,PZ0242,FDR-PZ0242-A,TSS-NCR-08,True
COR06967,NCR,PZ0243,FDR-PZ0243-B,TSS-NCR-09,True
COR07440,NCR,PZ0244,FDR-PZ0244-A,TSS-NCR-10,False
COR05580,NCR,PZ0245,FDR-PZ0245-A,TSS-NCR-11,True
COR04857,NCR,PZ0246,FDR-PZ0246-B,TSS-NCR-12,True
COR05390,NCR,PZ0247,FDR-PZ0247-B,TSS-NCR-13,False
COR04802,NCR,PZ0248,FDR-PZ0248-A,TSS-NCR-14,False
COR05105,NCR,PZ0249,FDR-PZ0249-A,TSS-NCR-15,True
COR05224,NCR,PZ0235,FDR-PZ0235-A,TSS-NCR-01,True
COR05103,NCR,PZ0236,FDR-PZ0236-B,TSS-NCR-02,True
COR00208,NCR,PZ0237,FDR-PZ0237-B,TSS-NCR-03,False
COR05926,NCR,PZ0238,FDR-PZ0238-A,TSS-NCR-04,True
COR08088,NCR,PZ0239,FDR-PZ0239-A,TSS-NCR-05,True
COR08110,NCR,PZ0240,FDR-PZ0240-A,TSS-NCR-06,True
COR06542,NCR,PZ0241,FDR-PZ0241-B,TSS-NCR-07,False
COR03478,NCR,PZ0242,FDR-PZ0242-B,TSS-NCR-08,True
COR07458,NCR,PZ0243,FDR-PZ0243-B,TSS-NCR-09,True
COR07420,NCR,PZ0244,FDR-PZ0244-A,TSS-NCR-10,True
COR05226,NCR,PZ0245,FDR-PZ0245-A,TSS-NCR-11,True
COR07439,NCR,PZ0246,FDR-PZ0246-B,TSS-NCR-12,True
COR08099,NCR,PZ0247,FDR-PZ0247-A,TSS-NCR-13,True
COR04580,NCR,PZ0248,FDR-PZ0248-B,TSS-NCR-14,True
COR08084,NCR,PZ0249,FDR-PZ0249-A,TSS-NCR-15,False
COR03268,NCR,PZ0235,FDR-PZ0235-A,TSS-NCR-01,True
COR05584,NCR,PZ0236,FDR-PZ0236-A,TSS-NCR-02,True
COR05402,NCR,PZ0237,FDR-PZ0237-A,TSS-NCR-03,True
COR03477,NCR,PZ0238,FDR-PZ0238-B,TSS-NCR-04,True
COR04260,NCR,PZ0239,FDR-PZ0239-B,TSS-NCR-05,True
COR03475,NCR,PZ0240,FDR-PZ0240-B,TSS-NCR-06,True
COR04484,NCR,PZ0241,FDR-PZ0241-A,TSS-NCR-07,True
COR04263,NCR,PZ0242,FDR-PZ0242-A,TSS-NCR-08,True
COR07693,NCR,PZ0243,FDR-PZ0243-A,TSS-NCR-09,True
COR05404,NCR,PZ0244,FDR-PZ0244-B,TSS-NCR-10,True
COR07453,NCR,PZ0245,FDR-PZ0245-B,TSS-NCR-11,True
COR03482,NCR,PZ0246,FDR-PZ0246-A,TSS-NCR-12,True
COR05693,NCR,PZ0247,FDR-PZ0247-A,TSS-NCR-13,True
COR03470,NCR,PZ0248,FDR-PZ0248-B,TSS-NCR-14,True
COR08248,NCR,PZ0249,FDR-PZ0249-A,TSS-NCR-15,True
COR08089,NCR,PZ0235,FDR-PZ0235-A,TSS-NCR-01,True
COR07696,NCR,PZ0236,FDR-PZ0236-A,TSS-NCR-02,False
COR04806,NCR,PZ0237,FDR-PZ0237-A,TSS-NCR-03,True
COR00206,NCR,PZ0238,FDR-PZ0238-B,TSS-NCR-04,True
COR05391,NCR,PZ0239,FDR-PZ0239-A,TSS-NCR-05,True
COR05929,NCR,PZ0240,FDR-PZ0240-B,TSS-NCR-06,True
COR06533,NCR,PZ0241,FDR-PZ0241-A,TSS-NCR-07,True
COR00214,NCR,PZ0242,FDR-PZ0242-A,TSS-NCR-08,False
COR03479,NCR,PZ0243,FDR-PZ0243-A,TSS-NCR-09,False
COR05705,NCR,PZ0244,FDR-PZ0244-A,TSS-NCR-10,True
COR06546,NCR,PZ0245,FDR-PZ0245-A,TSS-NCR-11,True
COR06535,NCR,PZ0246,FDR-PZ0246-A,TSS-NCR-12,True
COR07473,NCR,PZ0247,FDR-PZ0247-B,TSS-NCR-13,False
COR05711,NCR,PZ0248,FDR-PZ0248-B,TSS-NCR-14,False
COR06545,NCR,PZ0249,FDR-PZ0249-B,TSS-NCR-15,True
COR08600,NCR,PZ0235,FDR-PZ0235-B,TSS-NCR-01,True
COR08134,NCR,PZ0236,FDR-PZ0236-B,TSS-NCR-02,False
COR08429,NCR,PZ0237,FDR-PZ0237-A,TSS-NCR-03,True
COR08115,NCR,PZ0238,FDR-PZ0238-B,TSS-NCR-04,True
COR08260,NCR,PZ0239,FDR-PZ0239-A,TSS-NCR-05,True
COR07692,NCR,PZ0240,FDR-PZ0240-A,TSS-NCR-06,True
COR04584,NCR,PZ0241,FDR-PZ0241-B,TSS-NCR-07,True
COR05394,NCR,PZ0242,FDR-PZ0242-A,TSS-NCR-08,True
COR07454,NCR,PZ0243,FDR-PZ0243-B,TSS-NCR-09,True
COR06536,NCR,PZ0244,FDR-PZ0244-A,TSS-NCR-10,True
COR04254,NCR,PZ0245,FDR-PZ0245-A,TSS-NCR-11,True
COR04208,NCR,PZ0246,FDR-PZ0246-A,TSS-NCR-12,True
COR08598,NCR,PZ0247,FDR-PZ0247-A,TSS-NCR-13,False
COR08254,NCR,PZ0248,FDR-PZ0248-A,TSS-NCR-14,True
COR08090,NCR,PZ0249,FDR-PZ0249-B,TSS-NCR-15,True
COR04209,NCR,PZ0235,FDR-PZ0235-B,TSS-NCR-01,True
COR08085,NCR,PZ0236,FDR-PZ0236-B,TSS-NCR-02,False
COR08094,NCR,PZ0237,FDR-PZ0237-B,TSS-NCR-03,True
COR08065,NCR,PZ0238,FDR-PZ0238-B,TSS-NCR-04,False
COR05579,NCR,PZ0239,FDR-PZ0239-A,TSS-NCR-05,True
COR08062,NCR,PZ0240,FDR-PZ0240-A,TSS-NCR-06,True
COR07697,NCR,PZ0241,FDR-PZ0241-B,TSS-NCR-07,True
COR08349,NCR,PZ0242,FDR-PZ0242-A,TSS-NCR-08,True
COR04253,NCR,PZ0243,FDR-PZ0243-B,TSS-NCR-09,False
COR04261,NCR,PZ0244,FDR-PZ0244-B,TSS-NCR-10,True
COR03272,NCR,PZ0245,FDR-PZ0245-A,TSS-NCR-11,True
COR08133,NCR,PZ0246,FDR-PZ0246-B,TSS-NCR-12,False
COR05220,NCR,PZ0247,FDR-PZ0247-A,TSS-NCR-13,True
COR03481,NCR,PZ0248,FDR-PZ0248-B,TSS-NCR-14,True
COR03265,NCR,PZ0249,FDR-PZ0249-B,TSS-NCR-15,True
COR08083,NCR,PZ0235,FDR-PZ0235-B,TSS-NCR-01,True
COR03467,NCR,PZ0236,FDR-PZ0236-B,TSS-NCR-02,True
COR06532,NCR,PZ0237,FDR-PZ0237-A,TSS-NCR-03,False
COR08060,NCR,PZ0238,FDR-PZ0238-A,TSS-NCR-04,False
COR08093,NCR,PZ0239,FDR-PZ0239-B,TSS-NCR-05,True
COR05101,NCR,PZ0240,FDR-PZ0240-B,TSS-NCR-06,True
COR05400,NCR,PZ0241,FDR-PZ0241-B,TSS-NCR-07,True
COR01724,NCR,PZ0242,FDR-PZ0242-B,TSS-NCR-08,True
COR08599,NCR,PZ0243,FDR-PZ0243-A,TSS-NCR-09,True
COR08426,NCR,PZ0244,FDR-PZ0244-B,TSS-NCR-10,True
COR05392,NCR,PZ0245,FDR-PZ0245-A,TSS-NCR-11,True
COR07455,NCR,PZ0246,FDR-PZ0246-B,TSS-NCR-12,True
COR04804,NCR,PZ0247,FDR-PZ0247-B,TSS-NCR-13,True
COR05100,NCR,PZ0248,FDR-PZ0248-B,TSS-NCR-14,True
COR01729,NCR,PZ0249,FDR-PZ0249-B,TSS-NCR-15,False
COR04803,NCR,PZ0235,FDR-PZ0235-B,TSS-NCR-01,True
COR04850,NCR,PZ0236,FDR-PZ0236-A,TSS-NCR-02,True
COR04851,NCR,PZ0237,FDR-PZ0237-A,TSS-NCR-03,True
COR07690,NCR,PZ0238,FDR-PZ0238-B,TSS-NCR-04,False
COR03266,NCR,PZ0239,FDR-PZ0239-B,TSS-NCR-05,True
COR04255,NCR,PZ0240,FDR-PZ0240-A,TSS-NCR-06,False
COR07459,NCR,PZ0241,FDR-PZ0241-B,TSS-NCR-07,False
COR08101,NCR,PZ0242,FDR-PZ0242-B,TSS-NCR-08,False
COR08251,NCR,PZ0243,FDR-PZ0243-B,TSS-NCR-09,True
COR03269,NCR,PZ0244,FDR-PZ0244-B,TSS-NCR-10,True
COR03466,NCR,PZ0245,FDR-PZ0245-A,TSS-NCR-11,False
COR03463,NCR,PZ0246,FDR-PZ0246-B,TSS-NCR-12,True
COR01726,NCR,PZ0247,FDR-PZ0247-B,TSS-NCR-13,True
COR01725,NCR,PZ0248,FDR-PZ0248-B,TSS-NCR-14,True
COR08256,NCR,PZ0249,FDR-PZ0249-A,TSS-NCR-15,True
COR03461,NCR,PZ0235,FDR-PZ0235-A,TSS-NCR-01,True
COR08614,NCR,PZ0236,FDR-PZ0236-A,TSS-NCR-02,True
COR06538,NCR,PZ0237,FDR-PZ0237-B,TSS-NCR-03,True
COR06540,NCR,PZ0238,FDR-PZ0238-A,TSS-NCR-04,False
COR08153,NCR,PZ0239,FDR-PZ0239-B,TSS-NCR-05,True
COR05396,NCR,PZ0240,FDR-PZ0240-A,TSS-NCR-06,True
COR00215,NCR,PZ0241,FDR-PZ0241-B,TSS-NCR-07,False
COR05582,NCR,PZ0242,FDR-PZ0242-B,TSS-NCR-08,True
COR06548,NCR,PZ0243,FDR-PZ0243-A,TSS-NCR-09,True
COR08257,NCR,PZ0244,FDR-PZ0244-B,TSS-NCR-10,False
COR08061,NCR,PZ0245,FDR-PZ0245-B,TSS-NCR-11,False
COR08102,NCR,PZ0246,FDR-PZ0246-A,TSS-NCR-12,True
COR05707,NCR,PZ0247,FDR-PZ0247-B,TSS-NCR-13,False
COR00213,NCR,PZ0248,FDR-PZ0248-A,TSS-NCR-14,False
COR06634,NCR,PZ0249,FDR-PZ0249-B,TSS-NCR-15,True
COR07474,NCR,PZ0235,FDR-PZ0235-A,TSS-NCR-01,False
COR05696,NCR,PZ0236,FDR-PZ0236-A,TSS-NCR-02,True
COR08097,NCR,PZ0237,FDR-PZ0237-B,TSS-NCR-03,False
COR03473,NCR,PZ0238,FDR-PZ0238-A,TSS-NCR-04,True
COR08104,NCR,PZ0239,FDR-PZ0239-B,TSS-NCR-05,True
COR08098,NCR,PZ0240,FDR-PZ0240-B,TSS-NCR-06,True
COR05708,NCR,PZ0241,FDR-PZ0241-A,TSS-NCR-07,False
COR05106,NCR,PZ0242,FDR-PZ0242-B,TSS-NCR-08,True
COR08109,NCR,PZ0243,FDR-PZ0243-A,TSS-NCR-09,True
COR00211,NCR,PZ0244,FDR-PZ0244-B,TSS-NCR-10,True
COR08107,NCR,PZ0245,FDR-PZ0245-B,TSS-NCR-11,True
COR08350,NCR,PZ0246,FDR-PZ0246-A,TSS-NCR-12,True
COR06539,NCR,PZ0247,FDR-PZ0247-A,TSS-NCR-13,True
COR07460,NCR,PZ0248,FDR-PZ0248-B,TSS-NCR-14,True
COR08111,NCR,PZ0249,FDR-PZ0249-B,TSS-NCR-15,False
COR03464,NCR,PZ0235,FDR-PZ0235-B,TSS-NCR-01,True
COR04853,NCR,PZ0236,FDR-PZ0236-B,TSS-NCR-02,True
COR05228,NCR,PZ0237,FDR-PZ0237-B,TSS-NCR-03,True
COR08105,NCR,PZ0238,FDR-PZ0238-B,TSS-NCR-04,True
COR04586,NCR,PZ0239,FDR-PZ0239-B,TSS-NCR-05,True
COR07694,NCR,PZ0240,FDR-PZ0240-B,TSS-NCR-06,False
COR01722,NCR,PZ0241,FDR-PZ0241-A,TSS-NCR-07,True
COR08261,NCR,PZ0242,FDR-PZ0242-A,TSS-NCR-08,True
COR00209,NCR,PZ0243,FDR-PZ0243-B,TSS-NCR-09,True
COR08092,NCR,PZ0244,FDR-PZ0244-B,TSS-NCR-10,True
COR04585,NCR,PZ0245,FDR-PZ0245-B,TSS-NCR-11,True
COR03460,NCR,PZ0246,FDR-PZ0246-B,TSS-NCR-12,True
COR05587,NCR,PZ0247,FDR-PZ0247-B,TSS-NCR-13,False
COR03469,NCR,PZ0248,FDR-PZ0248-B,TSS-NCR-14,True
COR04485,NCR,PZ0249,FDR-PZ0249-B,TSS-NCR-15,False
COR08063,NCR,PZ0235,FDR-PZ0235-A,TSS-NCR-01,True
COR04860,NCR,PZ0236,FDR-PZ0236-A,TSS-NCR-02,True
COR05578,NCR,PZ0237,FDR-PZ0237-A,TSS-NCR-03,True
COR08064,NCR,PZ0238,FDR-PZ0238-B,TSS-NCR-04,True
COR05577,NCR,PZ0239,FDR-PZ0239-A,TSS-NCR-05,True
COR03483,NCR,PZ0240,FDR-PZ0240-B,TSS-NCR-06,False
COR08428,NCR,PZ0241,FDR-PZ0241-A,TSS-NCR-07,True
COR08047,NCR,PZ0242,FDR-PZ0242-B,TSS-NCR-08,True
COR04583,NCR,PZ0243,FDR-PZ0243-B,TSS-NCR-09,False
COR06713,NCR,PZ0244,FDR-PZ0244-B,TSS-NCR-10,True
COR08059,NCR,PZ0245,FDR-PZ0245-A,TSS-NCR-11,True
COR04578,NCR,PZ0246,FDR-PZ0246-A,TSS-NCR-12,False
COR08086,NCR,PZ0247,FDR-PZ0247-B,TSS-NCR-13,True
COR06543,NCR,PZ0248,FDR-PZ0248-A,TSS-NCR-14,True
COR03468,NCR,PZ0249,FDR-PZ0249-A,TSS-NCR-15,True
COR07687,NCR,PZ0235,FDR-PZ0235-A,TSS-NCR-01,True
COR01723,NCR,PZ0236,FDR-PZ0236-B,TSS-NCR-02,True
COR01721,NCR,PZ0237,FDR-PZ0237-B,TSS-NCR-03,True
COR08601,NCR,PZ0238,FDR-PZ0238-B,TSS-NCR-04,True
COR04486,NCR,PZ0239,FDR-PZ0239-A,TSS-NCR-05,True
COR05099,NCR,PZ0240,FDR-PZ0240-B,TSS-NCR-06,True
COR05399,NCR,PZ0241,FDR-PZ0241-A,TSS-NCR-07,True
COR05692,NCR,PZ0242,FDR-PZ0242-A,TSS-NCR-08,True
COR00210,NCR,PZ0243,FDR-PZ0243-A,TSS-NCR-09,True
COR07688,NCR,PZ0244,FDR-PZ0244-B,TSS-NCR-10,False
COR06547,NCR,PZ0245,FDR-PZ0245-A,TSS-NCR-11,True
COR05393,NCR,PZ0246,FDR-PZ0246-A,TSS-NCR-12,True
COR05581,NCR,PZ0247,FDR-PZ0247-A,TSS-NCR-13,True
COR08106,NCR,PZ0248,FDR-PZ0248-A,TSS-NCR-14,True
COR08132,NCR,PZ0249,FDR-PZ0249-A,TSS-NCR-15,True
COR04858,NCR,PZ0235,FDR-PZ0235-B,TSS-NCR-01,True
COR03274,NCR,PZ0236,FDR-PZ0236-B,TSS-NCR-02,True
COR05588,NCR,PZ0237,FDR-PZ0237-A,TSS-NCR-03,True
COR04256,NCR,PZ0238,FDR-PZ0238-A,TSS-NCR-04,True
COR04855,NCR,PZ0239,FDR-PZ0239-A,TSS-NCR-05,True
COR05097,NCR,PZ0240,FDR-PZ0240-A,TSS-NCR-06,False
COR08249,NCR,PZ0241,FDR-PZ0241-A,TSS-NCR-07,True
COR05703,NCR,PZ0242,FDR-PZ0242-A,TSS-NCR-08,True
COR08096,NCR,PZ0243,FDR-PZ0243-A,TSS-NCR-09,True
COR05706,NCR,PZ0244,FDR-PZ0244-A,TSS-NCR-10,False
COR05405,NCR,PZ0245,FDR-PZ0245-A,TSS-NCR-11,False
COR04577,NCR,PZ0246,FDR-PZ0246-B,TSS-NCR-12,True
COR08308,NCR,PZ0247,FDR-PZ0247-B,TSS-NCR-13,True
COR08095,NCR,PZ0248,FDR-PZ0248-B,TSS-NCR-14,True
COR06537,NCR,PZ0249,FDR-PZ0249-A,TSS-NCR-15,True
COR05710,NCR,PZ0235,FDR-PZ0235-A,TSS-NCR-01,True
COR06003,WCR,PZ0250,FDR-PZ0250-B,TSS-WCR-01,False
COR03938,WCR,PZ0251,FDR-PZ0251-B,TSS-WCR-02,True
COR01718,WCR,PZ0252,FDR-PZ0252-B,TSS-WCR-03,True
COR05439,WCR,PZ0253,FDR-PZ0253-A,TSS-WCR-04,False
COR01696,WCR,PZ0254,FDR-PZ0254-B,TSS-WCR-05,False
COR03246,WCR,PZ0255,FDR-PZ0255-A,TSS-WCR-06,False
COR05158,WCR,PZ0256,FDR-PZ0256-A,TSS-WCR-07,True
COR05115,WCR,PZ0257,FDR-PZ0257-B,TSS-WCR-08,True
COR05638,WCR,PZ0258,FDR-PZ0258-A,TSS-WCR-09,True
COR01763,WCR,PZ0259,FDR-PZ0259-B,TSS-WCR-10,True
COR00961,WCR,PZ0260,FDR-PZ0260-B,TSS-WCR-11,True
COR08424,WCR,PZ0261,FDR-PZ0261-B,TSS-WCR-12,False
COR05311,WCR,PZ0262,FDR-PZ0262-B,TSS-WCR-13,True
COR00244,WCR,PZ0263,FDR-PZ0263-B,TSS-WCR-14,True
COR00251,WCR,PZ0264,FDR-PZ0264-B,TSS-WCR-15,True
COR01672,WCR,PZ0265,FDR-PZ0265-A,TSS-WCR-16,True
COR05308,WCR,PZ0266,FDR-PZ0266-A,TSS-WCR-17,False
COR03942,WCR,PZ0267,FDR-PZ0267-B,TSS-WCR-18,True
COR00256,WCR,PZ0250,FDR-PZ0250-B,TSS-WCR-01,True
COR00260,WCR,PZ0251,FDR-PZ0251-A,TSS-WCR-02,True
COR00223,WCR,PZ0252,FDR-PZ0252-B,TSS-WCR-03,False
COR08425,WCR,PZ0253,FDR-PZ0253-A,TSS-WCR-04,True
COR05120,WCR,PZ0254,FDR-PZ0254-B,TSS-WCR-05,True
COR05165,WCR,PZ0255,FDR-PZ0255-A,TSS-WCR-06,True
COR04861,WCR,PZ0256,FDR-PZ0256-B,TSS-WCR-07,False
COR05368,WCR,PZ0257,FDR-PZ0257-B,TSS-WCR-08,True
COR03258,WCR,PZ0258,FDR-PZ0258-A,TSS-WCR-09,True
COR06322,WCR,PZ0259,FDR-PZ0259-A,TSS-WCR-10,True
COR05364,WCR,PZ0260,FDR-PZ0260-B,TSS-WCR-11,True
COR00495,WCR,PZ0261,FDR-PZ0261-B,TSS-WCR-12,True
COR04480,WCR,PZ0262,FDR-PZ0262-A,TSS-WCR-13,True
COR01714,WCR,PZ0263,FDR-PZ0263-A,TSS-WCR-14,True
COR00496,WCR,PZ0264,FDR-PZ0264-B,TSS-WCR-15,True
COR02316,WCR,PZ0265,FDR-PZ0265-B,TSS-WCR-16,True
COR07086,WCR,PZ0266,FDR-PZ0266-B,TSS-WCR-17,True
COR00218,WCR,PZ0267,FDR-PZ0267-A,TSS-WCR-18,True
COR05152,WCR,PZ0250,FDR-PZ0250-B,TSS-WCR-01,False
COR02890,WCR,PZ0251,FDR-PZ0251-A,TSS-WCR-02,False
COR00488,WCR,PZ0252,FDR-PZ0252-A,TSS-WCR-03,True
COR01753,WCR,PZ0253,FDR-PZ0253-B,TSS-WCR-04,False
COR00248,WCR,PZ0254,FDR-PZ0254-A,TSS-WCR-05,False
COR05113,WCR,PZ0255,FDR-PZ0255-B,TSS-WCR-06,True
COR00277,WCR,PZ0256,FDR-PZ0256-A,TSS-WCR-07,True
COR01707,WCR,PZ0257,FDR-PZ0257-A,TSS-WCR-08,True
COR03939,WCR,PZ0258,FDR-PZ0258-B,TSS-WCR-09,True
COR05159,WCR,PZ0259,FDR-PZ0259-A,TSS-WCR-10,True
COR01689,WCR,PZ0260,FDR-PZ0260-A,TSS-WCR-11,False
COR05722,WCR,PZ0261,FDR-PZ0261-B,TSS-WCR-12,True
COR05626,WCR,PZ0262,FDR-PZ0262-B,TSS-WCR-13,True
COR00274,WCR,PZ0263,FDR-PZ0263-B,TSS-WCR-14,False
COR03257,WCR,PZ0264,FDR-PZ0264-A,TSS-WCR-15,True
COR00249,WCR,PZ0265,FDR-PZ0265-A,TSS-WCR-16,True
COR08191,WCR,PZ0266,FDR-PZ0266-B,TSS-WCR-17,False
COR08188,WCR,PZ0267,FDR-PZ0267-A,TSS-WCR-18,False
COR04482,WCR,PZ0250,FDR-PZ0250-B,TSS-WCR-01,True
COR05713,WCR,PZ0251,FDR-PZ0251-B,TSS-WCR-02,True
COR02761,WCR,PZ0252,FDR-PZ0252-A,TSS-WCR-03,True
COR01716,WCR,PZ0253,FDR-PZ0253-B,TSS-WCR-04,True
COR00268,WCR,PZ0254,FDR-PZ0254-A,TSS-WCR-05,False
COR08196,WCR,PZ0255,FDR-PZ0255-A,TSS-WCR-06,True
COR08530,WCR,PZ0256,FDR-PZ0256-B,TSS-WCR-07,True
COR03217,WCR,PZ0257,FDR-PZ0257-B,TSS-WCR-08,True
COR01688,WCR,PZ0258,FDR-PZ0258-B,TSS-WCR-09,True
COR00240,WCR,PZ0259,FDR-PZ0259-B,TSS-WCR-10,True
COR08192,WCR,PZ0260,FDR-PZ0260-A,TSS-WCR-11,True
COR05723,WCR,PZ0261,FDR-PZ0261-B,TSS-WCR-12,True
COR01760,WCR,PZ0262,FDR-PZ0262-A,TSS-WCR-13,True
COR00486,WCR,PZ0263,FDR-PZ0263-A,TSS-WCR-14,False
COR01669,WCR,PZ0264,FDR-PZ0264-A,TSS-WCR-15,False
COR01697,WCR,PZ0265,FDR-PZ0265-A,TSS-WCR-16,False
COR07958,WCR,PZ0266,FDR-PZ0266-B,TSS-WCR-17,False
COR08195,WCR,PZ0267,FDR-PZ0267-A,TSS-WCR-18,False
COR01770,WCR,PZ0250,FDR-PZ0250-B,TSS-WCR-01,True
COR00493,WCR,PZ0251,FDR-PZ0251-B,TSS-WCR-02,True
COR00480,WCR,PZ0252,FDR-PZ0252-B,TSS-WCR-03,True
COR00261,WCR,PZ0253,FDR-PZ0253-B,TSS-WCR-04,False
COR00262,WCR,PZ0254,FDR-PZ0254-B,TSS-WCR-05,False
COR05154,WCR,PZ0255,FDR-PZ0255-B,TSS-WCR-06,True
COR05438,WCR,PZ0256,FDR-PZ0256-A,TSS-WCR-07,True
COR00220,WCR,PZ0257,FDR-PZ0257-B,TSS-WCR-08,True
COR00238,WCR,PZ0258,FDR-PZ0258-A,TSS-WCR-09,False
COR01699,WCR,PZ0259,FDR-PZ0259-A,TSS-WCR-10,True
COR05153,WCR,PZ0260,FDR-PZ0260-A,TSS-WCR-11,True
COR00222,WCR,PZ0261,FDR-PZ0261-A,TSS-WCR-12,True
COR00960,WCR,PZ0262,FDR-PZ0262-B,TSS-WCR-13,True
COR00489,WCR,PZ0263,FDR-PZ0263-B,TSS-WCR-14,False
COR04835,WCR,PZ0264,FDR-PZ0264-B,TSS-WCR-15,True
COR01752,WCR,PZ0265,FDR-PZ0265-B,TSS-WCR-16,True
COR00270,WCR,PZ0266,FDR-PZ0266-A,TSS-WCR-17,True
COR01767,WCR,PZ0267,FDR-PZ0267-B,TSS-WCR-18,False
COR06472,WCR,PZ0250,FDR-PZ0250-A,TSS-WCR-01,False
COR00217,WCR,PZ0251,FDR-PZ0251-A,TSS-WCR-02,False
COR01668,WCR,PZ0252,FDR-PZ0252-B,TSS-WCR-03,True
COR03242,WCR,PZ0253,FDR-PZ0253-B,TSS-WCR-04,True
COR08194,WCR,PZ0254,FDR-PZ0254-B,TSS-WCR-05,True
COR08190,WCR,PZ0255,FDR-PZ0255-A,TSS-WCR-06,True
COR00264,WCR,PZ0256,FDR-PZ0256-A,TSS-WCR-07,True
COR01690,WCR,PZ0257,FDR-PZ0257-B,TSS-WCR-08,True
COR02760,WCR,PZ0258,FDR-PZ0258-B,TSS-WCR-09,True
COR01712,WCR,PZ0259,FDR-PZ0259-B,TSS-WCR-10,True
COR01711,WCR,PZ0260,FDR-PZ0260-A,TSS-WCR-11,False
COR00259,WCR,PZ0261,FDR-PZ0261-B,TSS-WCR-12,True
COR08597,WCR,PZ0262,FDR-PZ0262-A,TSS-WCR-13,True
COR05372,WCR,PZ0263,FDR-PZ0263-A,TSS-WCR-14,True
COR00485,WCR,PZ0264,FDR-PZ0264-B,TSS-WCR-15,True
COR00247,WCR,PZ0265,FDR-PZ0265-B,TSS-WCR-16,True
COR06310,WCR,PZ0266,FDR-PZ0266-A,TSS-WCR-17,False
COR05360,WCR,PZ0267,FDR-PZ0267-B,TSS-WCR-18,True
COR01683,WCR,PZ0250,FDR-PZ0250-B,TSS-WCR-01,True
COR00271,WCR,PZ0251,FDR-PZ0251-A,TSS-WCR-02,True
COR08218,WCR,PZ0252,FDR-PZ0252-B,TSS-WCR-03,True
COR06471,WCR,PZ0253,FDR-PZ0253-A,TSS-WCR-04,True
COR06311,WCR,PZ0254,FDR-PZ0254-B,TSS-WCR-05,False
COR05116,WCR,PZ0255,FDR-PZ0255-B,TSS-WCR-06,True
COR05721,WCR,PZ0256,FDR-PZ0256-B,TSS-WCR-07,False
COR05148,WCR,PZ0257,FDR-PZ0257-B,TSS-WCR-08,True
COR01710,WCR,PZ0258,FDR-PZ0258-B,TSS-WCR-09,True
COR05362,WCR,PZ0259,FDR-PZ0259-B,TSS-WCR-10,True
COR01750,WCR,PZ0260,FDR-PZ0260-B,TSS-WCR-11,True
COR00231,WCR,PZ0261,FDR-PZ0261-A,TSS-WCR-12,False
COR00263,WCR,PZ0262,FDR-PZ0262-A,TSS-WCR-13,True
COR05146,WCR,PZ0263,FDR-PZ0263-A,TSS-WCR-14,False
COR03251,WCR,PZ0264,FDR-PZ0264-B,TSS-WCR-15,True
COR04481,WCR,PZ0265,FDR-PZ0265-A,TSS-WCR-16,True
COR00276,WCR,PZ0266,FDR-PZ0266-A,TSS-WCR-17,True
COR03262,WCR,PZ0267,FDR-PZ0267-A,TSS-WCR-18,True
COR00235,WCR,PZ0250,FDR-PZ0250-B,TSS-WCR-01,True
COR06320,WCR,PZ0251,FDR-PZ0251-A,TSS-WCR-02,False
COR08219,WCR,PZ0252,FDR-PZ0252-B,TSS-WCR-03,False
COR01769,WCR,PZ0253,FDR-PZ0253-B,TSS-WCR-04,True
COR00230,WCR,PZ0254,FDR-PZ0254-B,TSS-WCR-05,False
COR00487,WCR,PZ0255,FDR-PZ0255-A,TSS-WCR-06,True
COR08210,WCR,PZ0256,FDR-PZ0256-B,TSS-WCR-07,True
COR01768,WCR,PZ0257,FDR-PZ0257-B,TSS-WCR-08,True
COR05923,WCR,PZ0258,FDR-PZ0258-A,TSS-WCR-09,True
COR02035,WCR,PZ0259,FDR-PZ0259-A,TSS-WCR-10,False
COR05313,WCR,PZ0260,FDR-PZ0260-A,TSS-WCR-11,True
COR01759,WCR,PZ0261,FDR-PZ0261-B,TSS-WCR-12,True
COR05145,WCR,PZ0262,FDR-PZ0262-B,TSS-WCR-13,True
COR04478,WCR,PZ0263,FDR-PZ0263-A,TSS-WCR-14,True
COR01677,WCR,PZ0264,FDR-PZ0264-A,TSS-WCR-15,True
COR08187,WCR,PZ0265,FDR-PZ0265-A,TSS-WCR-16,True
COR00962,WCR,PZ0266,FDR-PZ0266-A,TSS-WCR-17,True
COR05374,WCR,PZ0267,FDR-PZ0267-A,TSS-WCR-18,True
COR05363,WCR,PZ0250,FDR-PZ0250-A,TSS-WCR-01,True
COR00241,WCR,PZ0251,FDR-PZ0251-A,TSS-WCR-02,False
COR02359,WCR,PZ0252,FDR-PZ0252-A,TSS-WCR-03,True
COR01693,WCR,PZ0253,FDR-PZ0253-B,TSS-WCR-04,True
COR05302,WCR,PZ0254,FDR-PZ0254-A,TSS-WCR-05,True
COR03253,WCR,PZ0255,FDR-PZ0255-A,TSS-WCR-06,True
COR05440,WCR,PZ0256,FDR-PZ0256-A,TSS-WCR-07,True
COR05441,WCR,PZ0257,FDR-PZ0257-B,TSS-WCR-08,True
COR08186,WCR,PZ0258,FDR-PZ0258-B,TSS-WCR-09,True
COR05448,WCR,PZ0259,FDR-PZ0259-B,TSS-WCR-10,False
COR08495,WCR,PZ0260,FDR-PZ0260-B,TSS-WCR-11,False
COR01764,WCR,PZ0261,FDR-PZ0261-B,TSS-WCR-12,True
COR05569,WCR,PZ0262,FDR-PZ0262-A,TSS-WCR-13,True
COR00229,WCR,PZ0263,FDR-PZ0263-B,TSS-WCR-14,True
COR01678,WCR,PZ0264,FDR-PZ0264-B,TSS-WCR-15,True
COR01702,WCR,PZ0265,FDR-PZ0265-A,TSS-WCR-16,True
COR00483,WCR,PZ0266,FDR-PZ0266-A,TSS-WCR-17,True
COR01705,WCR,PZ0267,FDR-PZ0267-A,TSS-WCR-18,True
COR05447,WCR,PZ0250,FDR-PZ0250-A,TSS-WCR-01,False
COR08529,WCR,PZ0251,FDR-PZ0251-A,TSS-WCR-02,True
COR03255,WCR,PZ0252,FDR-PZ0252-A,TSS-WCR-03,True
COR05359,WCR,PZ0253,FDR-PZ0253-A,TSS-WCR-04,True
COR05366,WCR,PZ0254,FDR-PZ0254-A,TSS-WCR-05,True
COR00273,WCR,PZ0255,FDR-PZ0255-A,TSS-WCR-06,False
COR00278,WCR,PZ0256,FDR-PZ0256-B,TSS-WCR-07,False
COR07173,WCR,PZ0257,FDR-PZ0257-A,TSS-WCR-08,True
COR06308,WCR,PZ0258,FDR-PZ0258-A,TSS-WCR-09,False
COR01708,WCR,PZ0259,FDR-PZ0259-A,TSS-WCR-10,True
COR05442,WCR,PZ0260,FDR-PZ0260-B,TSS-WCR-11,True
COR05307,WCR,PZ0261,FDR-PZ0261-A,TSS-WCR-12,True
COR05155,WCR,PZ0262,FDR-PZ0262-A,TSS-WCR-13,False
COR01709,WCR,PZ0263,FDR-PZ0263-B,TSS-WCR-14,False
COR00490,WCR,PZ0264,FDR-PZ0264-B,TSS-WCR-15,True
COR05163,WCR,PZ0265,FDR-PZ0265-B,TSS-WCR-16,True
COR08214,WCR,PZ0266,FDR-PZ0266-A,TSS-WCR-17,False
COR05151,WCR,PZ0267,FDR-PZ0267-A,TSS-WCR-18,True
COR08193,WCR,PZ0250,FDR-PZ0250-B,TSS-WCR-01,True
COR01717,WCR,PZ0251,FDR-PZ0251-A,TSS-WCR-02,True
COR08527,WCR,PZ0252,FDR-PZ0252-B,TSS-WCR-03,True
COR05639,WCR,PZ0253,FDR-PZ0253-B,TSS-WCR-04,True
COR01695,WCR,PZ0254,FDR-PZ0254-B,TSS-WCR-05,True
COR01670,WCR,PZ0255,FDR-PZ0255-A,TSS-WCR-06,True
COR05114,WCR,PZ0256,FDR-PZ0256-B,TSS-WCR-07,True
COR00494,WCR,PZ0257,FDR-PZ0257-A,TSS-WCR-08,False
COR01692,WCR,PZ0258,FDR-PZ0258-A,TSS-WCR-09,True
COR05309,WCR,PZ0259,FDR-PZ0259-A,TSS-WCR-10,True
COR05437,WCR,PZ0260,FDR-PZ0260-A,TSS-WCR-11,True
COR00245,WCR,PZ0261,FDR-PZ0261-A,TSS-WCR-12,True
COR01701,WCR,PZ0262,FDR-PZ0262-B,TSS-WCR-13,True
COR02315,WCR,PZ0263,FDR-PZ0263-A,TSS-WCR-14,True
COR00258,WCR,PZ0264,FDR-PZ0264-B,TSS-WCR-15,False
COR01694,WCR,PZ0265,FDR-PZ0265-B,TSS-WCR-16,True
COR06312,WCR,PZ0266,FDR-PZ0266-B,TSS-WCR-17,True
COR03260,WCR,PZ0267,FDR-PZ0267-A,TSS-WCR-18,True
COR01698,WCR,PZ0250,FDR-PZ0250-A,TSS-WCR-01,True
COR05160,WCR,PZ0251,FDR-PZ0251-B,TSS-WCR-02,True
COR00283,WCR,PZ0252,FDR-PZ0252-A,TSS-WCR-03,True
COR05164,WCR,PZ0253,FDR-PZ0253-B,TSS-WCR-04,True
COR00257,WCR,PZ0254,FDR-PZ0254-A,TSS-WCR-05,True
COR00232,WCR,PZ0255,FDR-PZ0255-B,TSS-WCR-06,True
COR08528,WCR,PZ0256,FDR-PZ0256-A,TSS-WCR-07,True
COR00269,WCR,PZ0257,FDR-PZ0257-A,TSS-WCR-08,True
COR00281,WCR,PZ0258,FDR-PZ0258-B,TSS-WCR-09,True
COR03943,WCR,PZ0259,FDR-PZ0259-A,TSS-WCR-10,False
COR05300,WCR,PZ0260,FDR-PZ0260-A,TSS-WCR-11,True
COR01684,WCR,PZ0261,FDR-PZ0261-A,TSS-WCR-12,True
COR00254,WCR,PZ0262,FDR-PZ0262-A,TSS-WCR-13,True
COR05717,WCR,PZ0263,FDR-PZ0263-B,TSS-WCR-14,True
COR01681,WCR,PZ0264,FDR-PZ0264-A,TSS-WCR-15,True
COR04479,WCR,PZ0265,FDR-PZ0265-A,TSS-WCR-16,True
COR05305,WCR,PZ0266,FDR-PZ0266-B,TSS-WCR-17,True
COR01682,WCR,PZ0267,FDR-PZ0267-B,TSS-WCR-18,True
COR00265,WCR,PZ0250,FDR-PZ0250-B,TSS-WCR-01,True
COR05373,WCR,PZ0251,FDR-PZ0251-B,TSS-WCR-02,True
COR00219,WCR,PZ0252,FDR-PZ0252-B,TSS-WCR-03,True
COR00484,WCR,PZ0253,FDR-PZ0253-B,TSS-WCR-04,True
COR00227,WCR,PZ0254,FDR-PZ0254-A,TSS-WCR-05,True
COR00226,WCR,PZ0255,FDR-PZ0255-B,TSS-WCR-06,True
COR00272,WCR,PZ0256,FDR-PZ0256-A,TSS-WCR-07,True
COR01675,WCR,PZ0257,FDR-PZ0257-B,TSS-WCR-08,True
COR00309,WCR,PZ0258,FDR-PZ0258-A,TSS-WCR-09,True
COR01673,WCR,PZ0259,FDR-PZ0259-A,TSS-WCR-10,True
COR01761,WCR,PZ0260,FDR-PZ0260-A,TSS-WCR-11,True
COR00239,WCR,PZ0261,FDR-PZ0261-A,TSS-WCR-12,True
COR00266,WCR,PZ0262,FDR-PZ0262-B,TSS-WCR-13,True
COR05166,WCR,PZ0263,FDR-PZ0263-A,TSS-WCR-14,True
COR05119,WCR,PZ0264,FDR-PZ0264-B,TSS-WCR-15,True
COR00252,WCR,PZ0265,FDR-PZ0265-A,TSS-WCR-16,True
COR00284,WCR,PZ0266,FDR-PZ0266-A,TSS-WCR-17,True
COR01766,WCR,PZ0267,FDR-PZ0267-A,TSS-WCR-18,True
COR03241,WCR,PZ0250,FDR-PZ0250-B,TSS-WCR-01,True
COR03244,WCR,PZ0251,FDR-PZ0251-B,TSS-WCR-02,True
COR01687,WCR,PZ0252,FDR-PZ0252-B,TSS-WCR-03,False
COR03216,WCR,PZ0253,FDR-PZ0253-A,TSS-WCR-04,True
COR05371,WCR,PZ0254,FDR-PZ0254-A,TSS-WCR-05,True
COR05367,WCR,PZ0255,FDR-PZ0255-A,TSS-WCR-06,False
COR01671,WCR,PZ0256,FDR-PZ0256-A,TSS-WCR-07,True
COR06578,WCR,PZ0257,FDR-PZ0257-B,TSS-WCR-08,True
COR05446,WCR,PZ0258,FDR-PZ0258-A,TSS-WCR-09,False
COR05443,WCR,PZ0259,FDR-PZ0259-B,TSS-WCR-10,False
COR00233,WCR,PZ0260,FDR-PZ0260-A,TSS-WCR-11,False
COR05719,WCR,PZ0261,FDR-PZ0261-B,TSS-WCR-12,True
COR01719,WCR,PZ0262,FDR-PZ0262-A,TSS-WCR-13,False
COR05449,WCR,PZ0263,FDR-PZ0263-B,TSS-WCR-14,True
COR03243,WCR,PZ0264,FDR-PZ0264-B,TSS-WCR-15,False
COR01715,WCR,PZ0265,FDR-PZ0265-B,TSS-WCR-16,True
COR03256,WCR,PZ0266,FDR-PZ0266-A,TSS-WCR-17,True
COR02122,WCR,PZ0267,FDR-PZ0267-A,TSS-WCR-18,False
COR00225,WCR,PZ0250,FDR-PZ0250-A,TSS-WCR-01,True
COR01706,WCR,PZ0251,FDR-PZ0251-A,TSS-WCR-02,True
COR06577,WCR,PZ0252,FDR-PZ0252-A,TSS-WCR-03,True
COR05444,WCR,PZ0253,FDR-PZ0253-A,TSS-WCR-04,True
COR05718,WCR,PZ0254,FDR-PZ0254-A,TSS-WCR-05,False
COR05720,WCR,PZ0255,FDR-PZ0255-A,TSS-WCR-06,True
COR00279,WCR,PZ0256,FDR-PZ0256-B,TSS-WCR-07,True
COR05627,WCR,PZ0257,FDR-PZ0257-B,TSS-WCR-08,True
COR07441,WCR,PZ0258,FDR-PZ0258-A,TSS-WCR-09,True
COR01749,WCR,PZ0259,FDR-PZ0259-A,TSS-WCR-10,True
COR01771,WCR,PZ0260,FDR-PZ0260-B,TSS-WCR-11,False
COR02889,WCR,PZ0261,FDR-PZ0261-B,TSS-WCR-12,True
COR08496,WCR,PZ0262,FDR-PZ0262-A,TSS-WCR-13,False
COR02174,WCR,PZ0263,FDR-PZ0263-A,TSS-WCR-14,True
COR08217,WCR,PZ0264,FDR-PZ0264-A,TSS-WCR-15,True
COR05117,WCR,PZ0265,FDR-PZ0265-A,TSS-WCR-16,True
COR05361,WCR,PZ0266,FDR-PZ0266-B,TSS-WCR-17,True
COR06579,WCR,PZ0267,FDR-PZ0267-A,TSS-WCR-18,True
COR08213,WCR,PZ0250,FDR-PZ0250-A,TSS-WCR-01,True
COR01686,WCR,PZ0251,FDR-PZ0251-B,TSS-WCR-02,True
COR05304,WCR,PZ0252,FDR-PZ0252-A,TSS-WCR-03,True
COR06469,WCR,PZ0253,FDR-PZ0253-B,TSS-WCR-04,False
COR00246,WCR,PZ0254,FDR-PZ0254-A,TSS-WCR-05,False
COR01713,WCR,PZ0255,FDR-PZ0255-A,TSS-WCR-06,False
COR06309,WCR,PZ0256,FDR-PZ0256-B,TSS-WCR-07,True
COR05570,WCR,PZ0257,FDR-PZ0257-B,TSS-WCR-08,True
COR00221,WCR,PZ0258,FDR-PZ0258-B,TSS-WCR-09,True
COR00491,WCR,PZ0259,FDR-PZ0259-A,TSS-WCR-10,True
COR05303,WCR,PZ0260,FDR-PZ0260-B,TSS-WCR-11,True
COR01762,WCR,PZ0261,FDR-PZ0261-B,TSS-WCR-12,False
COR01674,WCR,PZ0262,FDR-PZ0262-A,TSS-WCR-13,False
COR02121,WCR,PZ0263,FDR-PZ0263-A,TSS-WCR-14,False
COR02892,WCR,PZ0264,FDR-PZ0264-A,TSS-WCR-15,True
COR08596,WCR,PZ0265,FDR-PZ0265-A,TSS-WCR-16,True
COR05157,WCR,PZ0266,FDR-PZ0266-B,TSS-WCR-17,False
COR00236,WCR,PZ0267,FDR-PZ0267-A,TSS-WCR-18,True
COR05156,WCR,PZ0250,FDR-PZ0250-A,TSS-WCR-01,True
COR05370,WCR,PZ0251,FDR-PZ0251-A,TSS-WCR-02,False
COR05306,WCR,PZ0252,FDR-PZ0252-A,TSS-WCR-03,False
COR08212,WCR,PZ0253,FDR-PZ0253-A,TSS-WCR-04,True
COR01754,WCR,PZ0254,FDR-PZ0254-A,TSS-WCR-05,True
COR00255,WCR,PZ0255,FDR-PZ0255-A,TSS-WCR-06,True
COR04836,WCR,PZ0256,FDR-PZ0256-B,TSS-WCR-07,True
COR03254,WCR,PZ0257,FDR-PZ0257-A,TSS-WCR-08,True
COR08211,WCR,PZ0258,FDR-PZ0258-B,TSS-WCR-09,False
COR02891,WCR,PZ0259,FDR-PZ0259-A,TSS-WCR-10,True
COR00243,WCR,PZ0260,FDR-PZ0260-A,TSS-WCR-11,True
COR06470,WCR,PZ0261,FDR-PZ0261-A,TSS-WCR-12,True
COR01755,WCR,PZ0262,FDR-PZ0262-B,TSS-WCR-13,True
COR00267,WCR,PZ0263,FDR-PZ0263-A,TSS-WCR-14,True
COR00481,WCR,PZ0264,FDR-PZ0264-B,TSS-WCR-15,True
COR05922,WCR,PZ0265,FDR-PZ0265-B,TSS-WCR-16,False
COR00242,WCR,PZ0266,FDR-PZ0266-B,TSS-WCR-17,True
COR03941,WCR,PZ0267,FDR-PZ0267-A,TSS-WCR-18,False
COR00282,WCR,PZ0250,FDR-PZ0250-A,TSS-WCR-01,False
COR05149,WCR,PZ0251,FDR-PZ0251-A,TSS-WCR-02,True
COR01679,WCR,PZ0252,FDR-PZ0252-A,TSS-WCR-03,False
COR03247,WCR,PZ0253,FDR-PZ0253-A,TSS-WCR-04,True
COR05716,WCR,PZ0254,FDR-PZ0254-A,TSS-WCR-05,True
COR08215,WCR,PZ0255,FDR-PZ0255-A,TSS-WCR-06,True
COR03261,WCR,PZ0256,FDR-PZ0256-B,TSS-WCR-07,True
COR06323,WCR,PZ0257,FDR-PZ0257-A,TSS-WCR-08,True
COR01704,WCR,PZ0258,FDR-PZ0258-B,TSS-WCR-09,True
COR05109,WCR,PZ0259,FDR-PZ0259-A,TSS-WCR-10,False
COR01691,WCR,PZ0260,FDR-PZ0260-B,TSS-WCR-11,False
COR06321,WCR,PZ0261,FDR-PZ0261-B,TSS-WCR-12,True
COR00311,WCR,PZ0262,FDR-PZ0262-A,TSS-WCR-13,True
COR01700,WCR,PZ0263,FDR-PZ0263-B,TSS-WCR-14,True
COR08220,WCR,PZ0264,FDR-PZ0264-A,TSS-WCR-15,True
COR01758,WCR,PZ0265,FDR-PZ0265-B,TSS-WCR-16,True
COR00310,WCR,PZ0266,FDR-PZ0266-A,TSS-WCR-17,True
COR05625,WCR,PZ0267,FDR-PZ0267-B,TSS-WCR-18,True
COR05118,WCR,PZ0250,FDR-PZ0250-B,TSS-WCR-01,True
COR00482,WCR,PZ0251,FDR-PZ0251-A,TSS-WCR-02,True
COR04837,WCR,PZ0252,FDR-PZ0252-A,TSS-WCR-03,True
COR01685,WCR,PZ0253,FDR-PZ0253-A,TSS-WCR-04,True
COR00224,WCR,PZ0254,FDR-PZ0254-B,TSS-WCR-05,True
COR01676,WCR,PZ0255,FDR-PZ0255-B,TSS-WCR-06,True
COR05161,WCR,PZ0256,FDR-PZ0256-B,TSS-WCR-07,True
COR01765,WCR,PZ0257,FDR-PZ0257-A,TSS-WCR-08,True
COR00228,WCR,PZ0258,FDR-PZ0258-A,TSS-WCR-09,False
COR03248,WCR,PZ0259,FDR-PZ0259-A,TSS-WCR-10,False
COR01757,WCR,PZ0260,FDR-PZ0260-B,TSS-WCR-11,True
COR03249,WCR,PZ0261,FDR-PZ0261-B,TSS-WCR-12,True
COR03252,WCR,PZ0262,FDR-PZ0262-A,TSS-WCR-13,False
COR03940,WCR,PZ0263,FDR-PZ0263-B,TSS-WCR-14,True
COR05714,WCR,PZ0264,FDR-PZ0264-A,TSS-WCR-15,True
COR00275,WCR,PZ0265,FDR-PZ0265-A,TSS-WCR-16,True
COR01756,WCR,PZ0266,FDR-PZ0266-A,TSS-WCR-17,True
COR03245,WCR,PZ0267,FDR-PZ0267-B,TSS-WCR-18,True
COR05712,WCR,PZ0250,FDR-PZ0250-A,TSS-WCR-01,False
COR00253,WCR,PZ0251,FDR-PZ0251-A,TSS-WCR-02,True
COR01680,WCR,PZ0252,FDR-PZ0252-A,TSS-WCR-03,True
COR00234,WCR,PZ0253,FDR-PZ0253-A,TSS-WCR-04,False
COR00280,WCR,PZ0254,FDR-PZ0254-B,TSS-WCR-05,True
COR05299,WCR,PZ0255,FDR-PZ0255-A,TSS-WCR-06,False
COR05301,WCR,PZ0256,FDR-PZ0256-A,TSS-WCR-07,True
COR00492,WCR,PZ0257,FDR-PZ0257-B,TSS-WCR-08,False
COR03937,WCR,PZ0258,FDR-PZ0258-A,TSS-WCR-09,True
COR08216,WCR,PZ0259,FDR-PZ0259-B,TSS-WCR-10,True
COR01703,WCR,PZ0260,FDR-PZ0260-A,TSS-WCR-11,True
COR03936,WCR,PZ0261,FDR-PZ0261-B,TSS-WCR-12,True
COR05445,WCR,PZ0262,FDR-PZ0262-A,TSS-WCR-13,True
COR05715,WCR,PZ0263,FDR-PZ0263-A,TSS-WCR-14,True
COR02893,WCR,PZ0264,FDR-PZ0264-A,TSS-WCR-15,True
COR05310,WCR,PZ0265,FDR-PZ0265-A,TSS-WCR-16,True
COR06436,WCR,PZ0266,FDR-PZ0266-B,TSS-WCR-17,True
COR05150,WCR,PZ0267,FDR-PZ0267-B,TSS-WCR-18,True
COR05312,WCR,PZ0250,FDR-PZ0250-B,TSS-WCR-01,True
COR03263,WCR,PZ0251,FDR-PZ0251-A,TSS-WCR-02,True
COR05365,WCR,PZ0252,FDR-PZ0252-B,TSS-WCR-03,False
COR05369,WCR,PZ0253,FDR-PZ0253-A,TSS-WCR-04,True
COR03259,WCR,PZ0254,FDR-PZ0254-B,TSS-WCR-05,True
COR08189,WCR,PZ0255,FDR-PZ0255-B,TSS-WCR-06,False
COR05162,WCR,PZ0256,FDR-PZ0256-B,TSS-WCR-07,True
COR05358,WCR,PZ0257,FDR-PZ0257-A,TSS-WCR-08,False
COR05147,WCR,PZ0258,FDR-PZ0258-B,TSS-WCR-09,False
COR01751,WCR,PZ0259,FDR-PZ0259-B,TSS-WCR-10,True
COR00216,WCR,PZ0260,FDR-PZ0260-B,TSS-WCR-11,False
COR00285,WCR,PZ0261,FDR-PZ0261-A,TSS-WCR-12,True
COR03250,WCR,PZ0262,FDR-PZ0262-A,TSS-WCR-13,True
COR00250,WCR,PZ0263,FDR-PZ0263-B,TSS-WCR-14,True
COR00237,WCR,PZ0264,FDR-PZ0264-A,TSS-WCR-15,True
COR07504,CR,PZ0268,FDR-PZ0268-B,TSS-CR-01,False
COR01192,CR,PZ0269,FDR-PZ0269-A,TSS-CR-02,False
COR01233,CR,PZ0270,FDR-PZ0270-B,TSS-CR-03,True
COR07512,CR,PZ0271,FDR-PZ0271-A,TSS-CR-04,True
COR01521,CR,PZ0272,FDR-PZ0272-B,TSS-CR-05,True
COR04426,CR,PZ0273,FDR-PZ0273-A,TSS-CR-06,True
COR01251,CR,PZ0274,FDR-PZ0274-B,TSS-CR-07,True
COR01239,CR,PZ0275,FDR-PZ0275-B,TSS-CR-08,True
COR01524,CR,PZ0276,FDR-PZ0276-B,TSS-CR-09,True
COR07614,CR,PZ0277,FDR-PZ0277-A,TSS-CR-10,False
COR01198,CR,PZ0278,FDR-PZ0278-A,TSS-CR-11,True
COR02056,CR,PZ0279,FDR-PZ0279-B,TSS-CR-12,False
COR08138,CR,PZ0280,FDR-PZ0280-A,TSS-CR-13,True
COR01547,CR,PZ0281,FDR-PZ0281-A,TSS-CR-14,False
COR03667,CR,PZ0282,FDR-PZ0282-B,TSS-CR-15,True
COR00473,CR,PZ0283,FDR-PZ0283-A,TSS-CR-16,True
COR00293,CR,PZ0284,FDR-PZ0284-A,TSS-CR-17,False
COR04701,CR,PZ0268,FDR-PZ0268-B,TSS-CR-01,True
COR08241,CR,PZ0269,FDR-PZ0269-A,TSS-CR-02,True
COR03662,CR,PZ0270,FDR-PZ0270-B,TSS-CR-03,False
COR08162,CR,PZ0271,FDR-PZ0271-B,TSS-CR-04,True
COR03172,CR,PZ0272,FDR-PZ0272-A,TSS-CR-05,False
COR01155,CR,PZ0273,FDR-PZ0273-A,TSS-CR-06,True
COR01525,CR,PZ0274,FDR-PZ0274-A,TSS-CR-07,True
COR01244,CR,PZ0275,FDR-PZ0275-B,TSS-CR-08,True
COR01516,CR,PZ0276,FDR-PZ0276-B,TSS-CR-09,True
COR01183,CR,PZ0277,FDR-PZ0277-A,TSS-CR-10,True
COR04434,CR,PZ0278,FDR-PZ0278-B,TSS-CR-11,True
COR07508,CR,PZ0279,FDR-PZ0279-A,TSS-CR-12,True
COR04917,CR,PZ0280,FDR-PZ0280-A,TSS-CR-13,False
COR02045,CR,PZ0281,FDR-PZ0281-B,TSS-CR-14,False
COR08136,CR,PZ0282,FDR-PZ0282-A,TSS-CR-15,True
COR01254,CR,PZ0283,FDR-PZ0283-A,TSS-CR-16,True
COR01153,CR,PZ0284,FDR-PZ0284-A,TSS-CR-17,True
COR00289,CR,PZ0268,FDR-PZ0268-B,TSS-CR-01,True
COR03676,CR,PZ0269,FDR-PZ0269-A,TSS-CR-02,False
COR07510,CR,PZ0270,FDR-PZ0270-B,TSS-CR-03,True
COR01566,CR,PZ0271,FDR-PZ0271-B,TSS-CR-04,False
COR01252,CR,PZ0272,FDR-PZ0272-A,TSS-CR-05,False
COR01225,CR,PZ0273,FDR-PZ0273-B,TSS-CR-06,True
COR01220,CR,PZ0274,FDR-PZ0274-A,TSS-CR-07,True
COR04696,CR,PZ0275,FDR-PZ0275-B,TSS-CR-08,True
COR01187,CR,PZ0276,FDR-PZ0276-B,TSS-CR-09,True
COR04700,CR,PZ0277,FDR-PZ0277-B,TSS-CR-10,True
COR08200,CR,PZ0278,FDR-PZ0278-B,TSS-CR-11,True
COR03179,CR,PZ0279,FDR-PZ0279-A,TSS-CR-12,True
COR00469,CR,PZ0280,FDR-PZ0280-B,TSS-CR-13,False
COR01571,CR,PZ0281,FDR-PZ0281-B,TSS-CR-14,False
COR01564,CR,PZ0282,FDR-PZ0282-B,TSS-CR-15,True
COR03178,CR,PZ0283,FDR-PZ0283-A,TSS-CR-16,True
COR03671,CR,PZ0284,FDR-PZ0284-A,TSS-CR-17,True
COR02043,CR,PZ0268,FDR-PZ0268-B,TSS-CR-01,True
COR00287,CR,PZ0269,FDR-PZ0269-B,TSS-CR-02,False
COR02894,CR,PZ0270,FDR-PZ0270-A,TSS-CR-03,False
COR01562,CR,PZ0271,FDR-PZ0271-A,TSS-CR-04,False
COR03683,CR,PZ0272,FDR-PZ0272-B,TSS-CR-05,True
COR04430,CR,PZ0273,FDR-PZ0273-B,TSS-CR-06,True
COR03175,CR,PZ0274,FDR-PZ0274-A,TSS-CR-07,True
COR01246,CR,PZ0275,FDR-PZ0275-B,TSS-CR-08,True
COR01229,CR,PZ0276,FDR-PZ0276-A,TSS-CR-09,False
COR03670,CR,PZ0277,FDR-PZ0277-B,TSS-CR-10,True
COR04919,CR,PZ0278,FDR-PZ0278-A,TSS-CR-11,True
COR08331,CR,PZ0279,FDR-PZ0279-B,TSS-CR-12,True
COR03170,CR,PZ0280,FDR-PZ0280-A,TSS-CR-13,True
COR08167,CR,PZ0281,FDR-PZ0281-A,TSS-CR-14,False
COR01218,CR,PZ0282,FDR-PZ0282-A,TSS-CR-15,True
COR01208,CR,PZ0283,FDR-PZ0283-A,TSS-CR-16,True
COR04921,CR,PZ0284,FDR-PZ0284-A,TSS-CR-17,True
COR01200,CR,PZ0268,FDR-PZ0268-A,TSS-CR-01,False
COR01230,CR,PZ0269,FDR-PZ0269-A,TSS-CR-02,False
COR07749,CR,PZ0270,FDR-PZ0270-B,TSS-CR-03,True
COR03747,CR,PZ0271,FDR-PZ0271-B,TSS-CR-04,True
COR01193,CR,PZ0272,FDR-PZ0272-B,TSS-CR-05,True
COR00478,CR,PZ0273,FDR-PZ0273-A,TSS-CR-06,True
COR01232,CR,PZ0274,FDR-PZ0274-A,TSS-CR-07,False
COR02047,CR,PZ0275,FDR-PZ0275-B,TSS-CR-08,True
COR07514,CR,PZ0276,FDR-PZ0276-A,TSS-CR-09,True
COR01238,CR,PZ0277,FDR-PZ0277-A,TSS-CR-10,False
COR03177,CR,PZ0278,FDR-PZ0278-B,TSS-CR-11,True
COR03798,CR,PZ0279,FDR-PZ0279-B,TSS-CR-12,True
COR08159,CR,PZ0280,FDR-PZ0280-A,TSS-CR-13,False
COR03665,CR,PZ0281,FDR-PZ0281-A,TSS-CR-14,True
COR00294,CR,PZ0282,FDR-PZ0282-B,TSS-CR-15,False
COR01548,CR,PZ0283,FDR-PZ0283-A,TSS-CR-16,True
COR08135,CR,PZ0284,FDR-PZ0284-B,TSS-CR-17,False
COR03150,CR,PZ0268,FDR-PZ0268-B,TSS-CR-01,True
COR01206,CR,PZ0269,FDR-PZ0269-A,TSS-CR-02,False
COR01245,CR,PZ0270,FDR-PZ0270-B,TSS-CR-03,True
COR01226,CR,PZ0271,FDR-PZ0271-B,TSS-CR-04,True
COR00288,CR,PZ0272,FDR-PZ0272-A,TSS-CR-05,False
COR08242,CR,PZ0273,FDR-PZ0273-A,TSS-CR-06,True
COR06435,CR,PZ0274,FDR-PZ0274-A,TSS-CR-07,True
COR01522,CR,PZ0275,FDR-PZ0275-B,TSS-CR-08,False
COR08353,CR,PZ0276,FDR-PZ0276-A,TSS-CR-09,True
COR01556,CR,PZ0277,FDR-PZ0277-A,TSS-CR-10,True
COR01560,CR,PZ0278,FDR-PZ0278-B,TSS-CR-11,True
COR01573,CR,PZ0279,FDR-PZ0279-B,TSS-CR-12,True
COR06100,CR,PZ0280,FDR-PZ0280-B,TSS-CR-13,False
COR04697,CR,PZ0281,FDR-PZ0281-B,TSS-CR-14,True
COR01227,CR,PZ0282,FDR-PZ0282-B,TSS-CR-15,False
COR01189,CR,PZ0283,FDR-PZ0283-A,TSS-CR-16,False
COR08169,CR,PZ0284,FDR-PZ0284-A,TSS-CR-17,False
COR07369,CR,PZ0268,FDR-PZ0268-A,TSS-CR-01,True
COR03681,CR,PZ0269,FDR-PZ0269-B,TSS-CR-02,True
COR02895,CR,PZ0270,FDR-PZ0270-B,TSS-CR-03,True
COR02040,CR,PZ0271,FDR-PZ0271-B,TSS-CR-04,False
COR07506,CR,PZ0272,FDR-PZ0272-A,TSS-CR-05,True
COR01523,CR,PZ0273,FDR-PZ0273-B,TSS-CR-06,True
COR04438,CR,PZ0274,FDR-PZ0274-A,TSS-CR-07,True
COR03680,CR,PZ0275,FDR-PZ0275-A,TSS-CR-08,True
COR06101,CR,PZ0276,FDR-PZ0276-B,TSS-CR-09,True
COR01559,CR,PZ0277,FDR-PZ0277-B,TSS-CR-10,True
COR03663,CR,PZ0278,FDR-PZ0278-A,TSS-CR-11,False
COR04923,CR,PZ0279,FDR-PZ0279-A,TSS-CR-12,True
COR02041,CR,PZ0280,FDR-PZ0280-A,TSS-CR-13,True
COR03672,CR,PZ0281,FDR-PZ0281-A,TSS-CR-14,True
COR02049,CR,PZ0282,FDR-PZ0282-A,TSS-CR-15,True
COR08333,CR,PZ0283,FDR-PZ0283-B,TSS-CR-16,True
COR03684,CR,PZ0284,FDR-PZ0284-A,TSS-CR-17,True
COR07311,CR,PZ0268,FDR-PZ0268-B,TSS-CR-01,True
COR07874,CR,PZ0269,FDR-PZ0269-B,TSS-CR-02,True
COR04915,CR,PZ0270,FDR-PZ0270-B,TSS-CR-03,True
COR03661,CR,PZ0271,FDR-PZ0271-B,TSS-CR-04,False
COR01518,CR,PZ0272,FDR-PZ0272-B,TSS-CR-05,True
COR01180,CR,PZ0273,FDR-PZ0273-A,TSS-CR-06,True
COR04705,CR,PZ0274,FDR-PZ0274-A,TSS-CR-07,True
COR03174,CR,PZ0275,FDR-PZ0275-A,TSS-CR-08,True
COR04269,CR,PZ0276,FDR-PZ0276-B,TSS-CR-09,False
COR03685,CR,PZ0277,FDR-PZ0277-A,TSS-CR-10,True
COR01209,CR,PZ0278,FDR-PZ0278-B,TSS-CR-11,True
COR01195,CR,PZ0279,FDR-PZ0279-B,TSS-CR-12,False
COR01178,CR,PZ0280,FDR-PZ0280-A,TSS-CR-13,False
COR01512,CR,PZ0281,FDR-PZ0281-A,TSS-CR-14,False
COR04698,CR,PZ0282,FDR-PZ0282-A,TSS-CR-15,False
COR01544,CR,PZ0283,FDR-PZ0283-A,TSS-CR-16,False
COR03797,CR,PZ0284,FDR-PZ0284-A,TSS-CR-17,True
COR05624,CR,PZ0268,FDR-PZ0268-B,TSS-CR-01,False
COR07613,CR,PZ0269,FDR-PZ0269-B,TSS-CR-02,True
COR01550,CR,PZ0270,FDR-PZ0270-B,TSS-CR-03,True
COR07513,CR,PZ0271,FDR-PZ0271-B,TSS-CR-04,False
COR07898,CR,PZ0272,FDR-PZ0272-B,TSS-CR-05,False
COR08243,CR,PZ0273,FDR-PZ0273-A,TSS-CR-06,True
COR08244,CR,PZ0274,FDR-PZ0274-B,TSS-CR-07,True
COR08322,CR,PZ0275,FDR-PZ0275-B,TSS-CR-08,False
COR04436,CR,PZ0276,FDR-PZ0276-A,TSS-CR-09,True
COR01186,CR,PZ0277,FDR-PZ0277-B,TSS-CR-10,True
COR01152,CR,PZ0278,FDR-PZ0278-A,TSS-CR-11,True
COR07503,CR,PZ0279,FDR-PZ0279-B,TSS-CR-12,True
COR01231,CR,PZ0280,FDR-PZ0280-B,TSS-CR-13,True
COR03800,CR,PZ0281,FDR-PZ0281-A,TSS-CR-14,True
COR01520,CR,PZ0282,FDR-PZ0282-B,TSS-CR-15,True
COR08246,CR,PZ0283,FDR-PZ0283-A,TSS-CR-16,False
COR01247,CR,PZ0284,FDR-PZ0284-A,TSS-CR-17,True
COR03678,CR,PZ0268,FDR-PZ0268-B,TSS-CR-01,True
COR00479,CR,PZ0269,FDR-PZ0269-B,TSS-CR-02,True
COR03668,CR,PZ0270,FDR-PZ0270-A,TSS-CR-03,False
COR02054,CR,PZ0271,FDR-PZ0271-B,TSS-CR-04,True
COR08161,CR,PZ0272,FDR-PZ0272-A,TSS-CR-05,False
COR01241,CR,PZ0273,FDR-PZ0273-A,TSS-CR-06,True
COR08015,CR,PZ0274,FDR-PZ0274-A,TSS-CR-07,True
COR03171,CR,PZ0275,FDR-PZ0275-A,TSS-CR-08,False
COR04432,CR,PZ0276,FDR-PZ0276-B,TSS-CR-09,True
COR04427,CR,PZ0277,FDR-PZ0277-A,TSS-CR-10,True
COR03151,CR,PZ0278,FDR-PZ0278-A,TSS-CR-11,True
COR06099,CR,PZ0279,FDR-PZ0279-A,TSS-CR-12,True
COR02053,CR,PZ0280,FDR-PZ0280-B,TSS-CR-13,False
COR01174,CR,PZ0281,FDR-PZ0281-B,TSS-CR-14,False
COR08168,CR,PZ0282,FDR-PZ0282-B,TSS-CR-15,True
COR07616,CR,PZ0283,FDR-PZ0283-B,TSS-CR-16,True
COR01552,CR,PZ0284,FDR-PZ0284-A,TSS-CR-17,True
COR08325,CR,PZ0268,FDR-PZ0268-A,TSS-CR-01,True
COR01515,CR,PZ0269,FDR-PZ0269-A,TSS-CR-02,False
COR01513,CR,PZ0270,FDR-PZ0270-B,TSS-CR-03,False
COR03682,CR,PZ0271,FDR-PZ0271-B,TSS-CR-04,True
COR01546,CR,PZ0272,FDR-PZ0272-B,TSS-CR-05,True
COR01202,CR,PZ0273,FDR-PZ0273-B,TSS-CR-06,True
COR03180,CR,PZ0274,FDR-PZ0274-B,TSS-CR-07,False
COR06098,CR,PZ0275,FDR-PZ0275-B,TSS-CR-08,True
COR08139,CR,PZ0276,FDR-PZ0276-A,TSS-CR-09,True
COR01242,CR,PZ0277,FDR-PZ0277-A,TSS-CR-10,True
COR00296,CR,PZ0278,FDR-PZ0278-B,TSS-CR-11,False
COR07511,CR,PZ0279,FDR-PZ0279-A,TSS-CR-12,False
COR01557,CR,PZ0280,FDR-PZ0280-A,TSS-CR-13,True
COR01553,CR,PZ0281,FDR-PZ0281-A,TSS-CR-14,True
COR01175,CR,PZ0282,FDR-PZ0282-A,TSS-CR-15,True
COR01224,CR,PZ0283,FDR-PZ0283-B,TSS-CR-16,True
COR03149,CR,PZ0284,FDR-PZ0284-B,TSS-CR-17,True
COR00295,CR,PZ0268,FDR-PZ0268-B,TSS-CR-01,True
COR04925,CR,PZ0269,FDR-PZ0269-B,TSS-CR-02,True
COR01074,CR,PZ0270,FDR-PZ0270-A,TSS-CR-03,True
COR04702,CR,PZ0271,FDR-PZ0271-A,TSS-CR-04,False
COR01511,CR,PZ0272,FDR-PZ0272-A,TSS-CR-05,True
COR01235,CR,PZ0273,FDR-PZ0273-B,TSS-CR-06,True
COR01234,CR,PZ0274,FDR-PZ0274-A,TSS-CR-07,True
COR01219,CR,PZ0275,FDR-PZ0275-B,TSS-CR-08,True
COR07509,CR,PZ0276,FDR-PZ0276-A,TSS-CR-09,False
COR01203,CR,PZ0277,FDR-PZ0277-B,TSS-CR-10,True
COR04428,CR,PZ0278,FDR-PZ0278-B,TSS-CR-11,False
COR01179,CR,PZ0279,FDR-PZ0279-B,TSS-CR-12,True
COR01549,CR,PZ0280,FDR-PZ0280-B,TSS-CR-13,False
COR04429,CR,PZ0281,FDR-PZ0281-B,TSS-CR-14,False
COR02036,CR,PZ0282,FDR-PZ0282-A,TSS-CR-15,True
COR08323,CR,PZ0283,FDR-PZ0283-B,TSS-CR-16,True
COR01182,CR,PZ0284,FDR-PZ0284-A,TSS-CR-17,False
COR04703,CR,PZ0268,FDR-PZ0268-A,TSS-CR-01,False
COR08354,CR,PZ0269,FDR-PZ0269-A,TSS-CR-02,False
COR01191,CR,PZ0270,FDR-PZ0270-B,TSS-CR-03,True
COR08165,CR,PZ0271,FDR-PZ0271-A,TSS-CR-04,True
COR04922,CR,PZ0272,FDR-PZ0272-B,TSS-CR-05,True
COR01177,CR,PZ0273,FDR-PZ0273-B,TSS-CR-06,False
COR01570,CR,PZ0274,FDR-PZ0274-A,TSS-CR-07,False
COR08329,CR,PZ0275,FDR-PZ0275-A,TSS-CR-08,True
COR01236,CR,PZ0276,FDR-PZ0276-A,TSS-CR-09,True
COR08166,CR,PZ0277,FDR-PZ0277-B,TSS-CR-10,True
COR06102,CR,PZ0278,FDR-PZ0278-B,TSS-CR-11,True
COR08328,CR,PZ0279,FDR-PZ0279-A,TSS-CR-12,True
COR01201,CR,PZ0280,FDR-PZ0280-B,TSS-CR-13,True
COR04926,CR,PZ0281,FDR-PZ0281-A,TSS-CR-14,False
COR01223,CR,PZ0282,FDR-PZ0282-B,TSS-CR-15,True
COR01558,CR,PZ0283,FDR-PZ0283-A,TSS-CR-16,True
COR01154,CR,PZ0284,FDR-PZ0284-B,TSS-CR-17,True
COR01222,CR,PZ0268,FDR-PZ0268-B,TSS-CR-01,True
COR01567,CR,PZ0269,FDR-PZ0269-B,TSS-CR-02,False
COR03664,CR,PZ0270,FDR-PZ0270-A,TSS-CR-03,True
COR02044,CR,PZ0271,FDR-PZ0271-A,TSS-CR-04,True
COR01554,CR,PZ0272,FDR-PZ0272-A,TSS-CR-05,True
COR03799,CR,PZ0273,FDR-PZ0273-B,TSS-CR-06,True
COR08199,CR,PZ0274,FDR-PZ0274-B,TSS-CR-07,True
COR03673,CR,PZ0275,FDR-PZ0275-A,TSS-CR-08,True
COR00475,CR,PZ0276,FDR-PZ0276-B,TSS-CR-09,True
COR01574,CR,PZ0277,FDR-PZ0277-A,TSS-CR-10,False
COR01228,CR,PZ0278,FDR-PZ0278-A,TSS-CR-11,True
COR08170,CR,PZ0279,FDR-PZ0279-A,TSS-CR-12,True
COR00471,CR,PZ0280,FDR-PZ0280-B,TSS-CR-13,True
COR04271,CR,PZ0281,FDR-PZ0281-A,TSS-CR-14,False
COR01176,CR,PZ0282,FDR-PZ0282-B,TSS-CR-15,True
COR01237,CR,PZ0283,FDR-PZ0283-B,TSS-CR-16,False
COR08137,CR,PZ0284,FDR-PZ0284-B,TSS-CR-17,False
COR02037,CR,PZ0268,FDR-PZ0268-B,TSS-CR-01,True
COR08467,CR,PZ0269,FDR-PZ0269-B,TSS-CR-02,True
COR01249,CR,PZ0270,FDR-PZ0270-A,TSS-CR-03,True
COR05829,CR,PZ0271,FDR-PZ0271-B,TSS-CR-04,True
COR08198,CR,PZ0272,FDR-PZ0272-B,TSS-CR-05,True
COR02039,CR,PZ0273,FDR-PZ0273-B,TSS-CR-06,True
COR04270,CR,PZ0274,FDR-PZ0274-B,TSS-CR-07,False
COR00286,CR,PZ0275,FDR-PZ0275-B,TSS-CR-08,False
COR04433,CR,PZ0276,FDR-PZ0276-B,TSS-CR-09,True
COR06096,CR,PZ0277,FDR-PZ0277-A,TSS-CR-10,True
COR07899,CR,PZ0278,FDR-PZ0278-A,TSS-CR-11,False
COR03173,CR,PZ0279,FDR-PZ0279-B,TSS-CR-12,False
COR04699,CR,PZ0280,FDR-PZ0280-A,TSS-CR-13,True
COR01172,CR,PZ0281,FDR-PZ0281-A,TSS-CR-14,False
COR01572,CR,PZ0282,FDR-PZ0282-A,TSS-CR-15,True
COR04704,CR,PZ0283,FDR-PZ0283-B,TSS-CR-16,True
COR08332,CR,PZ0284,FDR-PZ0284-A,TSS-CR-17,True
COR01565,CR,PZ0268,FDR-PZ0268-A,TSS-CR-01,True
COR01555,CR,PZ0269,FDR-PZ0269-A,TSS-CR-02,True
COR07502,CR,PZ0270,FDR-PZ0270-A,TSS-CR-03,False
COR04477,CR,PZ0271,FDR-PZ0271-B,TSS-CR-04,True
COR02051,CR,PZ0272,FDR-PZ0272-A,TSS-CR-05,True
COR08334,CR,PZ0273,FDR-PZ0273-B,TSS-CR-06,True
COR01545,CR,PZ0274,FDR-PZ0274-A,TSS-CR-07,True
COR00292,CR,PZ0275,FDR-PZ0275-B,TSS-CR-08,True
COR01207,CR,PZ0276,FDR-PZ0276-A,TSS-CR-09,True
COR01199,CR,PZ0277,FDR-PZ0277-B,TSS-CR-10,True
COR03679,CR,PZ0278,FDR-PZ0278-B,TSS-CR-11,True
COR02052,CR,PZ0279,FDR-PZ0279-B,TSS-CR-12,True
COR01196,CR,PZ0280,FDR-PZ0280-A,TSS-CR-13,True
COR00472,CR,PZ0281,FDR-PZ0281-B,TSS-CR-14,True
COR00470,CR,PZ0282,FDR-PZ0282-B,TSS-CR-15,True
COR08163,CR,PZ0283,FDR-PZ0283-A,TSS-CR-16,True
COR01243,CR,PZ0284,FDR-PZ0284-A,TSS-CR-17,True
COR00291,CR,PZ0268,FDR-PZ0268-A,TSS-CR-01,False
COR00290,CR,PZ0269,FDR-PZ0269-B,TSS-CR-02,True
COR05950,CR,PZ0270,FDR-PZ0270-A,TSS-CR-03,True
COR07507,CR,PZ0271,FDR-PZ0271-A,TSS-CR-04,True
COR08245,CR,PZ0272,FDR-PZ0272-A,TSS-CR-05,True
COR04435,CR,PZ0273,FDR-PZ0273-A,TSS-CR-06,False
COR07909,CR,PZ0274,FDR-PZ0274-A,TSS-CR-07,True
COR03666,CR,PZ0275,FDR-PZ0275-A,TSS-CR-08,False
COR02048,CR,PZ0276,FDR-PZ0276-A,TSS-CR-09,True
COR04916,CR,PZ0277,FDR-PZ0277-A,TSS-CR-10,True
COR08326,CR,PZ0278,FDR-PZ0278-A,TSS-CR-11,False
COR01184,CR,PZ0279,FDR-PZ0279-A,TSS-CR-12,True
COR01181,CR,PZ0280,FDR-PZ0280-B,TSS-CR-13,True
COR00474,CR,PZ0281,FDR-PZ0281-B,TSS-CR-14,True
COR03675,CR,PZ0282,FDR-PZ0282-A,TSS-CR-15,False
COR00477,CR,PZ0283,FDR-PZ0283-B,TSS-CR-16,True
COR08324,CR,PZ0284,FDR-PZ0284-A,TSS-CR-17,True
COR02046,CR,PZ0268,FDR-PZ0268-A,TSS-CR-01,False
COR03674,CR,PZ0269,FDR-PZ0269-B,TSS-CR-02,True
COR08240,CR,PZ0270,FDR-PZ0270-B,TSS-CR-03,True
COR08164,CR,PZ0271,FDR-PZ0271-B,TSS-CR-04,True
COR04706,CR,PZ0272,FDR-PZ0272-B,TSS-CR-05,True
COR07615,CR,PZ0273,FDR-PZ0273-B,TSS-CR-06,True
COR07910,CR,PZ0274,FDR-PZ0274-A,TSS-CR-07,True
COR08321,CR,PZ0275,FDR-PZ0275-A,TSS-CR-08,True
COR01250,CR,PZ0276,FDR-PZ0276-B,TSS-CR-09,True
COR01151,CR,PZ0277,FDR-PZ0277-A,TSS-CR-10,True
COR07074,CR,PZ0278,FDR-PZ0278-B,TSS-CR-11,True
COR01205,CR,PZ0279,FDR-PZ0279-A,TSS-CR-12,True
COR08201,CR,PZ0280,FDR-PZ0280-A,TSS-CR-13,True
COR08160,CR,PZ0281,FDR-PZ0281-A,TSS-CR-14,True
COR04431,CR,PZ0282,FDR-PZ0282-A,TSS-CR-15,True
COR01190,CR,PZ0283,FDR-PZ0283-A,TSS-CR-16,False
COR01188,CR,PZ0284,FDR-PZ0284-A,TSS-CR-17,False
COR01194,CR,PZ0268,FDR-PZ0268-A,TSS-CR-01,True
COR01221,CR,PZ0269,FDR-PZ0269-A,TSS-CR-02,True
COR01517,CR,PZ0270,FDR-PZ0270-A,TSS-CR-03,True
COR03669,CR,PZ0271,FDR-PZ0271-A,TSS-CR-04,False
COR01204,CR,PZ0272,FDR-PZ0272-B,TSS-CR-05,False
COR02042,CR,PZ0273,FDR-PZ0273-A,TSS-CR-06,True
COR07873,CR,PZ0274,FDR-PZ0274-A,TSS-CR-07,True
COR01551,CR,PZ0275,FDR-PZ0275-A,TSS-CR-08,True
COR05951,CR,PZ0276,FDR-PZ0276-A,TSS-CR-09,True
COR01248,CR,PZ0277,FDR-PZ0277-B,TSS-CR-10,True
COR03152,CR,PZ0278,FDR-PZ0278-A,TSS-CR-11,False
COR01510,CR,PZ0279,FDR-PZ0279-A,TSS-CR-12,True
COR01514,CR,PZ0280,FDR-PZ0280-B,TSS-CR-13,True
COR01253,CR,PZ0281,FDR-PZ0281-A,TSS-CR-14,True
COR01542,CR,PZ0282,FDR-PZ0282-B,TSS-CR-15,True
COR01569,CR,PZ0283,FDR-PZ0283-B,TSS-CR-16,True
COR01156,CR,PZ0284,FDR-PZ0284-B,TSS-CR-17,True
COR08330,CR,PZ0268,FDR-PZ0268-A,TSS-CR-01,True
COR00476,CR,PZ0269,FDR-PZ0269-B,TSS-CR-02,False
COR02055,CR,PZ0270,FDR-PZ0270-B,TSS-CR-03,True
COR01173,CR,PZ0271,FDR-PZ0271-A,TSS-CR-04,True
COR08158,CR,PZ0272,FDR-PZ0272-B,TSS-CR-05,True
COR04437,CR,PZ0273,FDR-PZ0273-B,TSS-CR-06,True
COR01210,CR,PZ0274,FDR-PZ0274-A,TSS-CR-07,True
COR02050,CR,PZ0275,FDR-PZ0275-A,TSS-CR-08,True
COR01561,CR,PZ0276,FDR-PZ0276-A,TSS-CR-09,True
COR01240,CR,PZ0277,FDR-PZ0277-B,TSS-CR-10,False
COR05343,CR,PZ0278,FDR-PZ0278-B,TSS-CR-11,True
COR04918,CR,PZ0279,FDR-PZ0279-A,TSS-CR-12,True
COR07505,CR,PZ0280,FDR-PZ0280-B,TSS-CR-13,True
COR01543,CR,PZ0281,FDR-PZ0281-A,TSS-CR-14,True
COR03176,CR,PZ0282,FDR-PZ0282-A,TSS-CR-15,False
COR01197,CR,PZ0283,FDR-PZ0283-A,TSS-CR-16,True
COR01519,CR,PZ0284,FDR-PZ0284-B,TSS-CR-17,True
COR08468,CR,PZ0268,FDR-PZ0268-A,TSS-CR-01,True
COR04920,CR,PZ0269,FDR-PZ0269-A,TSS-CR-02,True
COR06097,CR,PZ0270,FDR-PZ0270-A,TSS-CR-03,True
COR07612,CR,PZ0271,FDR-PZ0271-B,TSS-CR-04,True
COR04924,CR,PZ0272,FDR-PZ0272-B,TSS-CR-05,True
COR01568,CR,PZ0273,FDR-PZ0273-B,TSS-CR-06,True
COR01563,CR,PZ0274,FDR-PZ0274-A,TSS-CR-07,True
COR03677,CR,PZ0275,FDR-PZ0275-B,TSS-CR-08,True
COR02038,CR,PZ0276,FDR-PZ0276-B,TSS-CR-09,True
COR03181,CR,PZ0277,FDR-PZ0277-B,TSS-CR-10,False
COR04476,CR,PZ0278,FDR-PZ0278-A,TSS-CR-11,True
COR01185,CR,PZ0279,FDR-PZ0279-B,TSS-CR-12,False
COR08327,CR,PZ0280,FDR-PZ0280-A,TSS-CR-13,False
COR00468,CR,PZ0281,FDR-PZ0281-A,TSS-CR-14,False
COR05058,SWR,PZ0285,FDR-PZ0285-B,TSS-SWR-01,True
COR03619,SWR,PZ0286,FDR-PZ0286-A,TSS-SWR-02,True
COR03876,SWR,PZ0287,FDR-PZ0287-B,TSS-SWR-03,True
COR02066,SWR,PZ0288,FDR-PZ0288-B,TSS-SWR-04,True
COR07824,SWR,PZ0289,FDR-PZ0289-B,TSS-SWR-05,True
COR02228,SWR,PZ0290,FDR-PZ0290-A,TSS-SWR-06,False
COR01141,SWR,PZ0291,FDR-PZ0291-B,TSS-SWR-07,True
COR07730,SWR,PZ0292,FDR-PZ0292-B,TSS-SWR-08,False
COR02865,SWR,PZ0293,FDR-PZ0293-B,TSS-SWR-09,True
COR03279,SWR,PZ0294,FDR-PZ0294-A,TSS-SWR-10,True
COR01783,SWR,PZ0295,FDR-PZ0295-B,TSS-SWR-11,True
COR03614,SWR,PZ0296,FDR-PZ0296-B,TSS-SWR-12,True
COR00918,SWR,PZ0297,FDR-PZ0297-A,TSS-SWR-13,True
COR02857,SWR,PZ0298,FDR-PZ0298-A,TSS-SWR-14,True
COR05064,SWR,PZ0299,FDR-PZ0299-B,TSS-SWR-15,True
COR02084,SWR,PZ0300,FDR-PZ0300-A,TSS-SWR-16,True
COR01605,SWR,PZ0301,FDR-PZ0301-B,TSS-SWR-17,True
COR00927,SWR,PZ0302,FDR-PZ0302-A,TSS-SWR-18,False
COR02222,SWR,PZ0303,FDR-PZ0303-B,TSS-SWR-19,True
COR03879,SWR,PZ0304,FDR-PZ0304-A,TSS-SWR-20,True
COR06754,SWR,PZ0305,FDR-PZ0305-A,TSS-SWR-21,True
COR07564,SWR,PZ0306,FDR-PZ0306-B,TSS-SWR-22,True
COR02850,SWR,PZ0307,FDR-PZ0307-A,TSS-SWR-23,True
COR07827,SWR,PZ0308,FDR-PZ0308-B,TSS-SWR-24,True
COR07736,SWR,PZ0309,FDR-PZ0309-B,TSS-SWR-25,True
COR02223,SWR,PZ0310,FDR-PZ0310-A,TSS-SWR-26,False
COR02239,SWR,PZ0311,FDR-PZ0311-B,TSS-SWR-27,True
COR07746,SWR,PZ0312,FDR-PZ0312-A,TSS-SWR-28,True
COR02224,SWR,PZ0313,FDR-PZ0313-A,TSS-SWR-29,True
COR01793,SWR,PZ0285,FDR-PZ0285-A,TSS-SWR-01,True
COR06573,SWR,PZ0286,FDR-PZ0286-A,TSS-SWR-02,True
COR04522,SWR,PZ0287,FDR-PZ0287-A,TSS-SWR-03,True
COR07737,SWR,PZ0288,FDR-PZ0288-A,TSS-SWR-04,False
COR04082,SWR,PZ0289,FDR-PZ0289-A,TSS-SWR-05,True
COR07470,SWR,PZ0290,FDR-PZ0290-A,TSS-SWR-06,True
COR03630,SWR,PZ0291,FDR-PZ0291-B,TSS-SWR-07,True
COR06566,SWR,PZ0292,FDR-PZ0292-A,TSS-SWR-08,True
COR00920,SWR,PZ0293,FDR-PZ0293-A,TSS-SWR-09,True
COR01782,SWR,PZ0294,FDR-PZ0294-B,TSS-SWR-10,True
COR01599,SWR,PZ0295,FDR-PZ0295-A,TSS-SWR-11,True
COR03613,SWR,PZ0296,FDR-PZ0296-A,TSS-SWR-12,False
COR01650,SWR,PZ0297,FDR-PZ0297-B,TSS-SWR-13,False
COR00757,SWR,PZ0298,FDR-PZ0298-B,TSS-SWR-14,False
COR02852,SWR,PZ0299,FDR-PZ0299-B,TSS-SWR-15,True
COR08209,SWR,PZ0300,FDR-PZ0300-A,TSS-SWR-16,True
COR03618,SWR,PZ0301,FDR-PZ0301-B,TSS-SWR-17,True
COR07469,SWR,PZ0302,FDR-PZ0302-A,TSS-SWR-18,False
COR03298,SWR,PZ0303,FDR-PZ0303-B,TSS-SWR-19,True
COR07825,SWR,PZ0304,FDR-PZ0304-B,TSS-SWR-20,True
COR06750,SWR,PZ0305,FDR-PZ0305-A,TSS-SWR-21,True
COR04967,SWR,PZ0306,FDR-PZ0306-B,TSS-SWR-22,False
COR06753,SWR,PZ0307,FDR-PZ0307-A,TSS-SWR-23,False
COR01150,SWR,PZ0308,FDR-PZ0308-A,TSS-SWR-24,True
COR02229,SWR,PZ0309,FDR-PZ0309-A,TSS-SWR-25,True
COR06748,SWR,PZ0310,FDR-PZ0310-A,TSS-SWR-26,False
COR06995,SWR,PZ0311,FDR-PZ0311-B,TSS-SWR-27,False
COR07747,SWR,PZ0312,FDR-PZ0312-A,TSS-SWR-28,True
COR02189,SWR,PZ0313,FDR-PZ0313-A,TSS-SWR-29,True
COR07565,SWR,PZ0285,FDR-PZ0285-B,TSS-SWR-01,True
COR00755,SWR,PZ0286,FDR-PZ0286-A,TSS-SWR-02,False
COR04895,SWR,PZ0287,FDR-PZ0287-B,TSS-SWR-03,True
COR02851,SWR,PZ0288,FDR-PZ0288-B,TSS-SWR-04,True
COR00735,SWR,PZ0289,FDR-PZ0289-B,TSS-SWR-05,True
COR03301,SWR,PZ0290,FDR-PZ0290-A,TSS-SWR-06,True
COR03305,SWR,PZ0291,FDR-PZ0291-B,TSS-SWR-07,True
COR03610,SWR,PZ0292,FDR-PZ0292-B,TSS-SWR-08,True
COR01147,SWR,PZ0293,FDR-PZ0293-B,TSS-SWR-09,True
COR04909,SWR,PZ0294,FDR-PZ0294-A,TSS-SWR-10,True
COR00924,SWR,PZ0295,FDR-PZ0295-B,TSS-SWR-11,False
COR07558,SWR,PZ0296,FDR-PZ0296-A,TSS-SWR-12,True
COR02328,SWR,PZ0297,FDR-PZ0297-A,TSS-SWR-13,True
COR04519,SWR,PZ0298,FDR-PZ0298-A,TSS-SWR-14,True
COR01643,SWR,PZ0299,FDR-PZ0299-B,TSS-SWR-15,False
COR01645,SWR,PZ0300,FDR-PZ0300-A,TSS-SWR-16,True
COR03877,SWR,PZ0301,FDR-PZ0301-B,TSS-SWR-17,False
COR02069,SWR,PZ0302,FDR-PZ0302-A,TSS-SWR-18,True
COR03303,SWR,PZ0303,FDR-PZ0303-A,TSS-SWR-19,True
COR02187,SWR,PZ0304,FDR-PZ0304-B,TSS-SWR-20,True
COR04018,SWR,PZ0305,FDR-PZ0305-A,TSS-SWR-21,True
COR01792,SWR,PZ0306,FDR-PZ0306-B,TSS-SWR-22,True
COR07732,SWR,PZ0307,FDR-PZ0307-B,TSS-SWR-23,True
COR07000,SWR,PZ0308,FDR-PZ0308-A,TSS-SWR-24,True
COR07563,SWR,PZ0309,FDR-PZ0309-B,TSS-SWR-25,True
COR07471,SWR,PZ0310,FDR-PZ0310-A,TSS-SWR-26,True
COR02610,SWR,PZ0311,FDR-PZ0311-A,TSS-SWR-27,True
COR06994,SWR,PZ0312,FDR-PZ0312-B,TSS-SWR-28,False
COR02288,SWR,PZ0313,FDR-PZ0313-B,TSS-SWR-29,True
COR03620,SWR,PZ0285,FDR-PZ0285-B,TSS-SWR-01,True
COR02219,SWR,PZ0286,FDR-PZ0286-B,TSS-SWR-02,False
COR02221,SWR,PZ0287,FDR-PZ0287-B,TSS-SWR-03,True
COR00656,SWR,PZ0288,FDR-PZ0288-B,TSS-SWR-04,False
COR02063,SWR,PZ0289,FDR-PZ0289-B,TSS-SWR-05,True
COR01647,SWR,PZ0290,FDR-PZ0290-B,TSS-SWR-06,True
COR02608,SWR,PZ0291,FDR-PZ0291-B,TSS-SWR-07,True
COR04017,SWR,PZ0292,FDR-PZ0292-A,TSS-SWR-08,False
COR03717,SWR,PZ0293,FDR-PZ0293-B,TSS-SWR-09,True
COR01788,SWR,PZ0294,FDR-PZ0294-B,TSS-SWR-10,True
COR01142,SWR,PZ0295,FDR-PZ0295-B,TSS-SWR-11,True
COR01603,SWR,PZ0296,FDR-PZ0296-A,TSS-SWR-12,True
COR04506,SWR,PZ0297,FDR-PZ0297-B,TSS-SWR-13,False
COR01594,SWR,PZ0298,FDR-PZ0298-A,TSS-SWR-14,True
COR00926,SWR,PZ0299,FDR-PZ0299-A,TSS-SWR-15,True
COR07734,SWR,PZ0300,FDR-PZ0300-A,TSS-SWR-16,False
COR03633,SWR,PZ0301,FDR-PZ0301-B,TSS-SWR-17,True
COR06996,SWR,PZ0302,FDR-PZ0302-B,TSS-SWR-18,False
COR07826,SWR,PZ0303,FDR-PZ0303-A,TSS-SWR-19,False
COR05288,SWR,PZ0304,FDR-PZ0304-A,TSS-SWR-20,False
COR04060,SWR,PZ0305,FDR-PZ0305-B,TSS-SWR-21,True
COR02242,SWR,PZ0306,FDR-PZ0306-A,TSS-SWR-22,True
COR04062,SWR,PZ0307,FDR-PZ0307-B,TSS-SWR-23,True
COR03615,SWR,PZ0308,FDR-PZ0308-B,TSS-SWR-24,True
COR06998,SWR,PZ0309,FDR-PZ0309-A,TSS-SWR-25,True
COR01644,SWR,PZ0310,FDR-PZ0310-B,TSS-SWR-26,True
COR01632,SWR,PZ0311,FDR-PZ0311-A,TSS-SWR-27,True
COR04421,SWR,PZ0312,FDR-PZ0312-A,TSS-SWR-28,True
COR02188,SWR,PZ0313,FDR-PZ0313-B,TSS-SWR-29,True
COR06747,SWR,PZ0285,FDR-PZ0285-B,TSS-SWR-01,True
COR07553,SWR,PZ0286,FDR-PZ0286-B,TSS-SWR-02,True
COR00304,SWR,PZ0287,FDR-PZ0287-A,TSS-SWR-03,False
COR02859,SWR,PZ0288,FDR-PZ0288-A,TSS-SWR-04,True
COR04079,SWR,PZ0289,FDR-PZ0289-A,TSS-SWR-05,True
COR02075,SWR,PZ0290,FDR-PZ0290-B,TSS-SWR-06,True
COR02862,SWR,PZ0291,FDR-PZ0291-A,TSS-SWR-07,True
COR06990,SWR,PZ0292,FDR-PZ0292-B,TSS-SWR-08,True
COR02089,SWR,PZ0293,FDR-PZ0293-B,TSS-SWR-09,False
COR07556,SWR,PZ0294,FDR-PZ0294-A,TSS-SWR-10,False
COR06751,SWR,PZ0295,FDR-PZ0295-A,TSS-SWR-11,True
COR02855,SWR,PZ0296,FDR-PZ0296-B,TSS-SWR-12,True
COR05281,SWR,PZ0297,FDR-PZ0297-B,TSS-SWR-13,False
COR02110,SWR,PZ0298,FDR-PZ0298-A,TSS-SWR-14,True
COR04053,SWR,PZ0299,FDR-PZ0299-A,TSS-SWR-15,True
COR03715,SWR,PZ0300,FDR-PZ0300-B,TSS-SWR-16,True
COR02227,SWR,PZ0301,FDR-PZ0301-A,TSS-SWR-17,False
COR01617,SWR,PZ0302,FDR-PZ0302-B,TSS-SWR-18,True
COR07472,SWR,PZ0303,FDR-PZ0303-B,TSS-SWR-19,False
COR02103,SWR,PZ0304,FDR-PZ0304-A,TSS-SWR-20,True
COR02097,SWR,PZ0305,FDR-PZ0305-B,TSS-SWR-21,True
COR04063,SWR,PZ0306,FDR-PZ0306-A,TSS-SWR-22,False
COR04968,SWR,PZ0307,FDR-PZ0307-A,TSS-SWR-23,True
COR02116,SWR,PZ0308,FDR-PZ0308-B,TSS-SWR-24,True
COR01786,SWR,PZ0309,FDR-PZ0309-B,TSS-SWR-25,True
COR01638,SWR,PZ0310,FDR-PZ0310-B,TSS-SWR-26,True
COR00932,SWR,PZ0311,FDR-PZ0311-B,TSS-SWR-27,False
COR04084,SWR,PZ0312,FDR-PZ0312-A,TSS-SWR-28,True
COR01618,SWR,PZ0313,FDR-PZ0313-B,TSS-SWR-29,False
COR03297,SWR,PZ0285,FDR-PZ0285-A,TSS-SWR-01,True
COR03296,SWR,PZ0286,FDR-PZ0286-B,TSS-SWR-02,False
COR01079,SWR,PZ0287,FDR-PZ0287-A,TSS-SWR-03,True
COR02099,SWR,PZ0288,FDR-PZ0288-A,TSS-SWR-04,True
COR02220,SWR,PZ0289,FDR-PZ0289-A,TSS-SWR-05,True
COR02088,SWR,PZ0290,FDR-PZ0290-B,TSS-SWR-06,True
COR01629,SWR,PZ0291,FDR-PZ0291-B,TSS-SWR-07,True
COR02237,SWR,PZ0292,FDR-PZ0292-B,TSS-SWR-08,True
COR03716,SWR,PZ0293,FDR-PZ0293-B,TSS-SWR-09,True
COR01093,SWR,PZ0294,FDR-PZ0294-B,TSS-SWR-10,True
COR02236,SWR,PZ0295,FDR-PZ0295-A,TSS-SWR-11,False
COR03277,SWR,PZ0296,FDR-PZ0296-A,TSS-SWR-12,True
COR06563,SWR,PZ0297,FDR-PZ0297-A,TSS-SWR-13,True
COR04963,SWR,PZ0298,FDR-PZ0298-B,TSS-SWR-14,True
COR02062,SWR,PZ0299,FDR-PZ0299-B,TSS-SWR-15,True
COR01612,SWR,PZ0300,FDR-PZ0300-A,TSS-SWR-16,True
COR00730,SWR,PZ0301,FDR-PZ0301-B,TSS-SWR-17,False
COR01094,SWR,PZ0302,FDR-PZ0302-A,TSS-SWR-18,True
COR04423,SWR,PZ0303,FDR-PZ0303-A,TSS-SWR-19,True
COR07570,SWR,PZ0304,FDR-PZ0304-A,TSS-SWR-20,True
COR04902,SWR,PZ0305,FDR-PZ0305-B,TSS-SWR-21,True
COR02192,SWR,PZ0306,FDR-PZ0306-A,TSS-SWR-22,False
COR05062,SWR,PZ0307,FDR-PZ0307-B,TSS-SWR-23,True
COR08319,SWR,PZ0308,FDR-PZ0308-A,TSS-SWR-24,False
COR01775,SWR,PZ0309,FDR-PZ0309-A,TSS-SWR-25,True
COR04507,SWR,PZ0310,FDR-PZ0310-B,TSS-SWR-26,False
COR00929,SWR,PZ0311,FDR-PZ0311-A,TSS-SWR-27,True
COR02844,SWR,PZ0312,FDR-PZ0312-A,TSS-SWR-28,True
COR02071,SWR,PZ0313,FDR-PZ0313-A,TSS-SWR-29,True
COR01077,SWR,PZ0285,FDR-PZ0285-A,TSS-SWR-01,True
COR04527,SWR,PZ0286,FDR-PZ0286-A,TSS-SWR-02,True
COR07742,SWR,PZ0287,FDR-PZ0287-A,TSS-SWR-03,False
COR01642,SWR,PZ0288,FDR-PZ0288-A,TSS-SWR-04,True
COR04419,SWR,PZ0289,FDR-PZ0289-A,TSS-SWR-05,True
COR03285,SWR,PZ0290,FDR-PZ0290-B,TSS-SWR-06,True
COR04057,SWR,PZ0291,FDR-PZ0291-B,TSS-SWR-07,True
COR04015,SWR,PZ0292,FDR-PZ0292-A,TSS-SWR-08,False
COR01789,SWR,PZ0293,FDR-PZ0293-B,TSS-SWR-09,False
COR02235,SWR,PZ0294,FDR-PZ0294-B,TSS-SWR-10,True
COR02113,SWR,PZ0295,FDR-PZ0295-B,TSS-SWR-11,True
COR07467,SWR,PZ0296,FDR-PZ0296-B,TSS-SWR-12,True
COR03624,SWR,PZ0297,FDR-PZ0297-A,TSS-SWR-13,False
COR07569,SWR,PZ0298,FDR-PZ0298-B,TSS-SWR-14,True
COR01780,SWR,PZ0299,FDR-PZ0299-B,TSS-SWR-15,True
COR04966,SWR,PZ0300,FDR-PZ0300-A,TSS-SWR-16,True
COR00648,SWR,PZ0301,FDR-PZ0301-A,TSS-SWR-17,True
COR00923,SWR,PZ0302,FDR-PZ0302-B,TSS-SWR-18,True
COR04067,SWR,PZ0303,FDR-PZ0303-A,TSS-SWR-19,True
COR02847,SWR,PZ0304,FDR-PZ0304-B,TSS-SWR-20,False
COR02605,SWR,PZ0305,FDR-PZ0305-B,TSS-SWR-21,False
COR02611,SWR,PZ0306,FDR-PZ0306-B,TSS-SWR-22,False
COR05282,SWR,PZ0307,FDR-PZ0307-B,TSS-SWR-23,False
COR02241,SWR,PZ0308,FDR-PZ0308-A,TSS-SWR-24,False
COR05280,SWR,PZ0309,FDR-PZ0309-A,TSS-SWR-25,True
COR05287,SWR,PZ0310,FDR-PZ0310-B,TSS-SWR-26,True
COR01089,SWR,PZ0311,FDR-PZ0311-A,TSS-SWR-27,False
COR03293,SWR,PZ0312,FDR-PZ0312-A,TSS-SWR-28,True
COR07566,SWR,PZ0313,FDR-PZ0313-B,TSS-SWR-29,True
COR02606,SWR,PZ0285,FDR-PZ0285-B,TSS-SWR-01,True
COR04515,SWR,PZ0286,FDR-PZ0286-A,TSS-SWR-02,False
COR03302,SWR,PZ0287,FDR-PZ0287-B,TSS-SWR-03,True
COR04074,SWR,PZ0288,FDR-PZ0288-A,TSS-SWR-04,True
COR04900,SWR,PZ0289,FDR-PZ0289-A,TSS-SWR-05,False
COR03282,SWR,PZ0290,FDR-PZ0290-A,TSS-SWR-06,True
COR02848,SWR,PZ0291,FDR-PZ0291-A,TSS-SWR-07,True
COR02085,SWR,PZ0292,FDR-PZ0292-A,TSS-SWR-08,True
COR07468,SWR,PZ0293,FDR-PZ0293-A,TSS-SWR-09,True
COR06572,SWR,PZ0294,FDR-PZ0294-A,TSS-SWR-10,False
COR02232,SWR,PZ0295,FDR-PZ0295-B,TSS-SWR-11,True
COR01087,SWR,PZ0296,FDR-PZ0296-A,TSS-SWR-12,False
COR06997,SWR,PZ0297,FDR-PZ0297-A,TSS-SWR-13,False
COR02080,SWR,PZ0298,FDR-PZ0298-A,TSS-SWR-14,True
COR07738,SWR,PZ0299,FDR-PZ0299-A,TSS-SWR-15,True
COR00647,SWR,PZ0300,FDR-PZ0300-A,TSS-SWR-16,True
COR04075,SWR,PZ0301,FDR-PZ0301-A,TSS-SWR-17,True
COR03275,SWR,PZ0302,FDR-PZ0302-A,TSS-SWR-18,True
COR01626,SWR,PZ0303,FDR-PZ0303-A,TSS-SWR-19,True
COR02287,SWR,PZ0304,FDR-PZ0304-B,TSS-SWR-20,True
COR01631,SWR,PZ0305,FDR-PZ0305-B,TSS-SWR-21,True
COR04906,SWR,PZ0306,FDR-PZ0306-A,TSS-SWR-22,True
COR01621,SWR,PZ0307,FDR-PZ0307-B,TSS-SWR-23,True
COR02613,SWR,PZ0308,FDR-PZ0308-A,TSS-SWR-24,True
COR00736,SWR,PZ0309,FDR-PZ0309-A,TSS-SWR-25,False
COR07745,SWR,PZ0310,FDR-PZ0310-A,TSS-SWR-26,True
COR00655,SWR,PZ0311,FDR-PZ0311-A,TSS-SWR-27,True
COR02082,SWR,PZ0312,FDR-PZ0312-A,TSS-SWR-28,False
COR06752,SWR,PZ0313,FDR-PZ0313-B,TSS-SWR-29,False
COR01774,SWR,PZ0285,FDR-PZ0285-A,TSS-SWR-01,True
COR01784,SWR,PZ0286,FDR-PZ0286-A,TSS-SWR-02,True
COR07735,SWR,PZ0287,FDR-PZ0287-A,TSS-SWR-03,False
COR04518,SWR,PZ0288,FDR-PZ0288-B,TSS-SWR-04,True
COR00729,SWR,PZ0289,FDR-PZ0289-A,TSS-SWR-05,True
COR04525,SWR,PZ0290,FDR-PZ0290-B,TSS-SWR-06,True
COR03612,SWR,PZ0291,FDR-PZ0291-B,TSS-SWR-07,False
COR01610,SWR,PZ0292,FDR-PZ0292-A,TSS-SWR-08,True
COR06570,SWR,PZ0293,FDR-PZ0293-A,TSS-SWR-09,True
COR00652,SWR,PZ0294,FDR-PZ0294-A,TSS-SWR-10,True
COR04899,SWR,PZ0295,FDR-PZ0295-B,TSS-SWR-11,False
COR06746,SWR,PZ0296,FDR-PZ0296-A,TSS-SWR-12,True
COR01628,SWR,PZ0297,FDR-PZ0297-B,TSS-SWR-13,False
COR02604,SWR,PZ0298,FDR-PZ0298-B,TSS-SWR-14,True
COR07562,SWR,PZ0299,FDR-PZ0299-A,TSS-SWR-15,True
COR00756,SWR,PZ0300,FDR-PZ0300-A,TSS-SWR-16,True
COR07567,SWR,PZ0301,FDR-PZ0301-B,TSS-SWR-17,True
COR02326,SWR,PZ0302,FDR-PZ0302-A,TSS-SWR-18,True
COR01641,SWR,PZ0303,FDR-PZ0303-B,TSS-SWR-19,False
COR05283,SWR,PZ0304,FDR-PZ0304-B,TSS-SWR-20,False
COR01773,SWR,PZ0305,FDR-PZ0305-A,TSS-SWR-21,True
COR06796,SWR,PZ0306,FDR-PZ0306-A,TSS-SWR-22,False
COR00658,SWR,PZ0307,FDR-PZ0307-A,TSS-SWR-23,False
COR06569,SWR,PZ0308,FDR-PZ0308-B,TSS-SWR-24,True
COR02238,SWR,PZ0309,FDR-PZ0309-B,TSS-SWR-25,False
COR07739,SWR,PZ0310,FDR-PZ0310-B,TSS-SWR-26,True
COR02112,SWR,PZ0311,FDR-PZ0311-A,TSS-SWR-27,True
COR01637,SWR,PZ0312,FDR-PZ0312-A,TSS-SWR-28,True
COR02114,SWR,PZ0313,FDR-PZ0313-A,TSS-SWR-29,True
COR01144,SWR,PZ0285,FDR-PZ0285-A,TSS-SWR-01,True
COR02095,SWR,PZ0286,FDR-PZ0286-B,TSS-SWR-02,True
COR02845,SWR,PZ0287,FDR-PZ0287-B,TSS-SWR-03,False
COR01608,SWR,PZ0288,FDR-PZ0288-A,TSS-SWR-04,True
COR02854,SWR,PZ0289,FDR-PZ0289-A,TSS-SWR-05,True
COR00299,SWR,PZ0290,FDR-PZ0290-B,TSS-SWR-06,False
COR01081,SWR,PZ0291,FDR-PZ0291-A,TSS-SWR-07,True
COR01611,SWR,PZ0292,FDR-PZ0292-B,TSS-SWR-08,False
COR03278,SWR,PZ0293,FDR-PZ0293-B,TSS-SWR-09,True
COR04016,SWR,PZ0294,FDR-PZ0294-B,TSS-SWR-10,False
COR01636,SWR,PZ0295,FDR-PZ0295-B,TSS-SWR-11,False
COR07463,SWR,PZ0296,FDR-PZ0296-A,TSS-SWR-12,True
COR04081,SWR,PZ0297,FDR-PZ0297-A,TSS-SWR-13,True
COR02117,SWR,PZ0298,FDR-PZ0298-A,TSS-SWR-14,True
COR02070,SWR,PZ0299,FDR-PZ0299-B,TSS-SWR-15,True
COR02329,SWR,PZ0300,FDR-PZ0300-A,TSS-SWR-16,True
COR02429,SWR,PZ0301,FDR-PZ0301-B,TSS-SWR-17,False
COR05772,SWR,PZ0302,FDR-PZ0302-A,TSS-SWR-18,False
COR01600,SWR,PZ0303,FDR-PZ0303-B,TSS-SWR-19,False
COR04061,SWR,PZ0304,FDR-PZ0304-A,TSS-SWR-20,False
COR04054,SWR,PZ0305,FDR-PZ0305-B,TSS-SWR-21,True
COR00650,SWR,PZ0306,FDR-PZ0306-B,TSS-SWR-22,False
COR04420,SWR,PZ0307,FDR-PZ0307-A,TSS-SWR-23,True
COR07740,SWR,PZ0308,FDR-PZ0308-B,TSS-SWR-24,True
COR01596,SWR,PZ0309,FDR-PZ0309-A,TSS-SWR-25,True
COR02094,SWR,PZ0310,FDR-PZ0310-A,TSS-SWR-26,True
COR01609,SWR,PZ0311,FDR-PZ0311-B,TSS-SWR-27,True
COR06798,SWR,PZ0312,FDR-PZ0312-A,TSS-SWR-28,True
COR02231,SWR,PZ0313,FDR-PZ0313-A,TSS-SWR-29,True
COR04064,SWR,PZ0285,FDR-PZ0285-B,TSS-SWR-01,False
COR04073,SWR,PZ0286,FDR-PZ0286-B,TSS-SWR-02,True
COR02073,SWR,PZ0287,FDR-PZ0287-A,TSS-SWR-03,True
COR01654,SWR,PZ0288,FDR-PZ0288-B,TSS-SWR-04,True
COR07823,SWR,PZ0289,FDR-PZ0289-A,TSS-SWR-05,True
COR00919,SWR,PZ0290,FDR-PZ0290-B,TSS-SWR-06,True
COR01794,SWR,PZ0291,FDR-PZ0291-B,TSS-SWR-07,True
COR04072,SWR,PZ0292,FDR-PZ0292-A,TSS-SWR-08,True
COR03623,SWR,PZ0293,FDR-PZ0293-B,TSS-SWR-09,True
COR04514,SWR,PZ0294,FDR-PZ0294-B,TSS-SWR-10,True
COR03629,SWR,PZ0295,FDR-PZ0295-A,TSS-SWR-11,True
COR00931,SWR,PZ0296,FDR-PZ0296-A,TSS-SWR-12,True
COR04085,SWR,PZ0297,FDR-PZ0297-A,TSS-SWR-13,True
COR02098,SWR,PZ0298,FDR-PZ0298-B,TSS-SWR-14,True
COR03294,SWR,PZ0299,FDR-PZ0299-A,TSS-SWR-15,True
COR02240,SWR,PZ0300,FDR-PZ0300-A,TSS-SWR-16,False
COR01607,SWR,PZ0301,FDR-PZ0301-A,TSS-SWR-17,True
COR05286,SWR,PZ0302,FDR-PZ0302-B,TSS-SWR-18,True
COR02191,SWR,PZ0303,FDR-PZ0303-B,TSS-SWR-19,True
COR04087,SWR,PZ0304,FDR-PZ0304-A,TSS-SWR-20,True
COR07555,SWR,PZ0305,FDR-PZ0305-A,TSS-SWR-21,False
COR01075,SWR,PZ0306,FDR-PZ0306-B,TSS-SWR-22,False
COR00653,SWR,PZ0307,FDR-PZ0307-B,TSS-SWR-23,False
COR02861,SWR,PZ0308,FDR-PZ0308-A,TSS-SWR-24,False
COR01139,SWR,PZ0309,FDR-PZ0309-B,TSS-SWR-25,False
COR04066,SWR,PZ0310,FDR-PZ0310-B,TSS-SWR-26,True
COR02118,SWR,PZ0311,FDR-PZ0311-A,TSS-SWR-27,True
COR04896,SWR,PZ0312,FDR-PZ0312-A,TSS-SWR-28,True
COR04908,SWR,PZ0313,FDR-PZ0313-B,TSS-SWR-29,True
COR04065,SWR,PZ0285,FDR-PZ0285-A,TSS-SWR-01,True
COR00303,SWR,PZ0286,FDR-PZ0286-B,TSS-SWR-02,True
COR02609,SWR,PZ0287,FDR-PZ0287-B,TSS-SWR-03,True
COR00659,SWR,PZ0288,FDR-PZ0288-A,TSS-SWR-04,True
COR02244,SWR,PZ0289,FDR-PZ0289-B,TSS-SWR-05,False
COR05063,SWR,PZ0290,FDR-PZ0290-A,TSS-SWR-06,True
COR04509,SWR,PZ0291,FDR-PZ0291-B,TSS-SWR-07,False
COR02230,SWR,PZ0292,FDR-PZ0292-A,TSS-SWR-08,False
COR06794,SWR,PZ0293,FDR-PZ0293-A,TSS-SWR-09,False
COR04903,SWR,PZ0294,FDR-PZ0294-A,TSS-SWR-10,True
COR02093,SWR,PZ0295,FDR-PZ0295-B,TSS-SWR-11,True
COR02119,SWR,PZ0296,FDR-PZ0296-A,TSS-SWR-12,True
COR06795,SWR,PZ0297,FDR-PZ0297-A,TSS-SWR-13,False
COR04907,SWR,PZ0298,FDR-PZ0298-B,TSS-SWR-14,True
COR07743,SWR,PZ0299,FDR-PZ0299-A,TSS-SWR-15,True
COR04078,SWR,PZ0300,FDR-PZ0300-A,TSS-SWR-16,True
COR04517,SWR,PZ0301,FDR-PZ0301-B,TSS-SWR-17,True
COR06799,SWR,PZ0302,FDR-PZ0302-A,TSS-SWR-18,True
COR00657,SWR,PZ0303,FDR-PZ0303-B,TSS-SWR-19,True
COR01082,SWR,PZ0304,FDR-PZ0304-A,TSS-SWR-20,False
COR02243,SWR,PZ0305,FDR-PZ0305-B,TSS-SWR-21,True
COR07466,SWR,PZ0306,FDR-PZ0306-B,TSS-SWR-22,True
COR04056,SWR,PZ0307,FDR-PZ0307-A,TSS-SWR-23,False
COR02842,SWR,PZ0308,FDR-PZ0308-A,TSS-SWR-24,False
COR00660,SWR,PZ0309,FDR-PZ0309-B,TSS-SWR-25,True
COR01076,SWR,PZ0310,FDR-PZ0310-A,TSS-SWR-26,False
COR00298,SWR,PZ0311,FDR-PZ0311-B,TSS-SWR-27,True
COR02111,SWR,PZ0312,FDR-PZ0312-B,TSS-SWR-28,True
COR02190,SWR,PZ0313,FDR-PZ0313-B,TSS-SWR-29,False
COR03628,SWR,PZ0285,FDR-PZ0285-B,TSS-SWR-01,False
COR01090,SWR,PZ0286,FDR-PZ0286-A,TSS-SWR-02,False
COR04071,SWR,PZ0287,FDR-PZ0287-A,TSS-SWR-03,False
COR04508,SWR,PZ0288,FDR-PZ0288-A,TSS-SWR-04,False
COR01635,SWR,PZ0289,FDR-PZ0289-A,TSS-SWR-05,True
COR01633,SWR,PZ0290,FDR-PZ0290-A,TSS-SWR-06,True
COR01595,SWR,PZ0291,FDR-PZ0291-B,TSS-SWR-07,True
COR04901,SWR,PZ0292,FDR-PZ0292-B,TSS-SWR-08,False
COR06765,SWR,PZ0293,FDR-PZ0293-B,TSS-SWR-09,True
COR02079,SWR,PZ0294,FDR-PZ0294-A,TSS-SWR-10,True
COR02067,SWR,PZ0295,FDR-PZ0295-B,TSS-SWR-11,True
COR03622,SWR,PZ0296,FDR-PZ0296-B,TSS-SWR-12,True
COR04080,SWR,PZ0297,FDR-PZ0297-A,TSS-SWR-13,True
COR07729,SWR,PZ0298,FDR-PZ0298-A,TSS-SWR-14,True
COR02078,SWR,PZ0299,FDR-PZ0299-A,TSS-SWR-15,True
COR06749,SWR,PZ0300,FDR-PZ0300-B,TSS-SWR-16,False
COR03284,SWR,PZ0301,FDR-PZ0301-B,TSS-SWR-17,True
COR04528,SWR,PZ0302,FDR-PZ0302-B,TSS-SWR-18,True
COR04513,SWR,PZ0303,FDR-PZ0303-A,TSS-SWR-19,False
COR02077,SWR,PZ0304,FDR-PZ0304-B,TSS-SWR-20,False
COR02120,SWR,PZ0305,FDR-PZ0305-A,TSS-SWR-21,True
COR03299,SWR,PZ0306,FDR-PZ0306-A,TSS-SWR-22,True
COR07733,SWR,PZ0307,FDR-PZ0307-A,TSS-SWR-23,True
COR04912,SWR,PZ0308,FDR-PZ0308-B,TSS-SWR-24,True
COR02096,SWR,PZ0309,FDR-PZ0309-A,TSS-SWR-25,True
COR04511,SWR,PZ0310,FDR-PZ0310-B,TSS-SWR-26,True
COR03281,SWR,PZ0311,FDR-PZ0311-B,TSS-SWR-27,False
COR04910,SWR,PZ0312,FDR-PZ0312-B,TSS-SWR-28,True
COR04911,SWR,PZ0313,FDR-PZ0313-B,TSS-SWR-29,True
COR06991,SWR,PZ0285,FDR-PZ0285-B,TSS-SWR-01,True
COR01634,SWR,PZ0286,FDR-PZ0286-B,TSS-SWR-02,False
COR00654,SWR,PZ0287,FDR-PZ0287-A,TSS-SWR-03,True
COR06567,SWR,PZ0288,FDR-PZ0288-A,TSS-SWR-04,True
COR03875,SWR,PZ0289,FDR-PZ0289-A,TSS-SWR-05,True
COR03714,SWR,PZ0290,FDR-PZ0290-B,TSS-SWR-06,False
COR01620,SWR,PZ0291,FDR-PZ0291-B,TSS-SWR-07,True
COR00300,SWR,PZ0292,FDR-PZ0292-B,TSS-SWR-08,True
COR08409,SWR,PZ0293,FDR-PZ0293-B,TSS-SWR-09,True
COR03295,SWR,PZ0294,FDR-PZ0294-A,TSS-SWR-10,False
COR03626,SWR,PZ0295,FDR-PZ0295-A,TSS-SWR-11,False
COR01145,SWR,PZ0296,FDR-PZ0296-A,TSS-SWR-12,True
COR01640,SWR,PZ0297,FDR-PZ0297-B,TSS-SWR-13,True
COR01787,SWR,PZ0298,FDR-PZ0298-A,TSS-SWR-14,True
COR02064,SWR,PZ0299,FDR-PZ0299-B,TSS-SWR-15,True
COR07560,SWR,PZ0300,FDR-PZ0300-B,TSS-SWR-16,True
COR03304,SWR,PZ0301,FDR-PZ0301-A,TSS-SWR-17,True
COR02425,SWR,PZ0302,FDR-PZ0302-A,TSS-SWR-18,True
COR01651,SWR,PZ0303,FDR-PZ0303-A,TSS-SWR-19,True
COR01084,SWR,PZ0304,FDR-PZ0304-B,TSS-SWR-20,False
COR04526,SWR,PZ0305,FDR-PZ0305-B,TSS-SWR-21,False
COR01623,SWR,PZ0306,FDR-PZ0306-B,TSS-SWR-22,True
COR02100,SWR,PZ0307,FDR-PZ0307-A,TSS-SWR-23,True
COR06757,SWR,PZ0308,FDR-PZ0308-A,TSS-SWR-24,False
COR06561,SWR,PZ0309,FDR-PZ0309-A,TSS-SWR-25,True
COR02107,SWR,PZ0310,FDR-PZ0310-B,TSS-SWR-26,False
COR02109,SWR,PZ0311,FDR-PZ0311-B,TSS-SWR-27,False
COR00922,SWR,PZ0312,FDR-PZ0312-A,TSS-SWR-28,True
COR05289,SWR,PZ0313,FDR-PZ0313-B,TSS-SWR-29,False
COR03880,SWR,PZ0285,FDR-PZ0285-A,TSS-SWR-01,True
COR02115,SWR,PZ0286,FDR-PZ0286-A,TSS-SWR-02,True
COR00750,SWR,PZ0287,FDR-PZ0287-A,TSS-SWR-03,False
COR03283,SWR,PZ0288,FDR-PZ0288-B,TSS-SWR-04,False
COR02864,SWR,PZ0289,FDR-PZ0289-B,TSS-SWR-05,True
COR01149,SWR,PZ0290,FDR-PZ0290-B,TSS-SWR-06,True
COR00749,SWR,PZ0291,FDR-PZ0291-B,TSS-SWR-07,True
COR07561,SWR,PZ0292,FDR-PZ0292-B,TSS-SWR-08,True
COR02233,SWR,PZ0293,FDR-PZ0293-B,TSS-SWR-09,True
COR06755,SWR,PZ0294,FDR-PZ0294-A,TSS-SWR-10,True
COR07557,SWR,PZ0295,FDR-PZ0295-A,TSS-SWR-11,False
COR02225,SWR,PZ0296,FDR-PZ0296-B,TSS-SWR-12,True
COR01146,SWR,PZ0297,FDR-PZ0297-A,TSS-SWR-13,True
COR03280,SWR,PZ0298,FDR-PZ0298-A,TSS-SWR-14,True
COR07551,SWR,PZ0299,FDR-PZ0299-B,TSS-SWR-15,True
COR01083,SWR,PZ0300,FDR-PZ0300-A,TSS-SWR-16,False
COR02105,SWR,PZ0301,FDR-PZ0301-A,TSS-SWR-17,True
COR00731,SWR,PZ0302,FDR-PZ0302-A,TSS-SWR-18,True
COR02226,SWR,PZ0303,FDR-PZ0303-B,TSS-SWR-19,True
COR04904,SWR,PZ0304,FDR-PZ0304-A,TSS-SWR-20,False
COR04523,SWR,PZ0305,FDR-PZ0305-B,TSS-SWR-21,True
COR01143,SWR,PZ0306,FDR-PZ0306-B,TSS-SWR-22,True
COR04965,SWR,PZ0307,FDR-PZ0307-B,TSS-SWR-23,True
COR04059,SWR,PZ0308,FDR-PZ0308-A,TSS-SWR-24,False
COR00917,SWR,PZ0309,FDR-PZ0309-B,TSS-SWR-25,False
COR07552,SWR,PZ0310,FDR-PZ0310-A,TSS-SWR-26,False
COR06993,SWR,PZ0311,FDR-PZ0311-B,TSS-SWR-27,True
COR05771,SWR,PZ0312,FDR-PZ0312-A,TSS-SWR-28,False
COR01615,SWR,PZ0313,FDR-PZ0313-B,TSS-SWR-29,True
COR01086,SWR,PZ0285,FDR-PZ0285-B,TSS-SWR-01,True
COR04069,SWR,PZ0286,FDR-PZ0286-A,TSS-SWR-02,True
COR01781,SWR,PZ0287,FDR-PZ0287-B,TSS-SWR-03,True
COR02087,SWR,PZ0288,FDR-PZ0288-A,TSS-SWR-04,True
COR05291,SWR,PZ0289,FDR-PZ0289-B,TSS-SWR-05,True
COR02607,SWR,PZ0290,FDR-PZ0290-A,TSS-SWR-06,True
COR06571,SWR,PZ0291,FDR-PZ0291-B,TSS-SWR-07,True
COR02612,SWR,PZ0292,FDR-PZ0292-B,TSS-SWR-08,True
COR06992,SWR,PZ0293,FDR-PZ0293-A,TSS-SWR-09,False
COR02106,SWR,PZ0294,FDR-PZ0294-B,TSS-SWR-10,True
COR01604,SWR,PZ0295,FDR-PZ0295-A,TSS-SWR-11,True
COR01648,SWR,PZ0296,FDR-PZ0296-A,TSS-SWR-12,True
COR01092,SWR,PZ0297,FDR-PZ0297-B,TSS-SWR-13,True
COR01080,SWR,PZ0298,FDR-PZ0298-B,TSS-SWR-14,False
COR02186,SWR,PZ0299,FDR-PZ0299-A,TSS-SWR-15,True
COR07559,SWR,PZ0300,FDR-PZ0300-B,TSS-SWR-16,True
COR07728,SWR,PZ0301,FDR-PZ0301-A,TSS-SWR-17,True
COR04076,SWR,PZ0302,FDR-PZ0302-A,TSS-SWR-18,True
COR06564,SWR,PZ0303,FDR-PZ0303-B,TSS-SWR-19,False
COR06562,SWR,PZ0304,FDR-PZ0304-A,TSS-SWR-20,True
COR07465,SWR,PZ0305,FDR-PZ0305-B,TSS-SWR-21,True
COR02856,SWR,PZ0306,FDR-PZ0306-A,TSS-SWR-22,False
COR08316,SWR,PZ0307,FDR-PZ0307-A,TSS-SWR-23,True
COR04077,SWR,PZ0308,FDR-PZ0308-B,TSS-SWR-24,True
COR06565,SWR,PZ0309,FDR-PZ0309-A,TSS-SWR-25,True
COR02065,SWR,PZ0310,FDR-PZ0310-A,TSS-SWR-26,True
COR07744,SWR,PZ0311,FDR-PZ0311-A,TSS-SWR-27,True
COR02849,SWR,PZ0312,FDR-PZ0312-A,TSS-SWR-28,True
COR03617,SWR,PZ0313,FDR-PZ0313-A,TSS-SWR-29,True
COR03878,SWR,PZ0285,FDR-PZ0285-A,TSS-SWR-01,True
COR01616,SWR,PZ0286,FDR-PZ0286-B,TSS-SWR-02,False
COR07554,SWR,PZ0287,FDR-PZ0287-A,TSS-SWR-03,True
COR00297,SWR,PZ0288,FDR-PZ0288-A,TSS-SWR-04,True
COR03611,SWR,PZ0289,FDR-PZ0289-B,TSS-SWR-05,True
COR04055,SWR,PZ0290,FDR-PZ0290-A,TSS-SWR-06,True
COR04058,SWR,PZ0291,FDR-PZ0291-A,TSS-SWR-07,True
COR04505,SWR,PZ0292,FDR-PZ0292-B,TSS-SWR-08,True
COR00752,SWR,PZ0293,FDR-PZ0293-A,TSS-SWR-09,True
COR06756,SWR,PZ0294,FDR-PZ0294-A,TSS-SWR-10,True
COR04520,SWR,PZ0295,FDR-PZ0295-B,TSS-SWR-11,False
COR02083,SWR,PZ0296,FDR-PZ0296-B,TSS-SWR-12,True
COR03881,SWR,PZ0297,FDR-PZ0297-B,TSS-SWR-13,True
COR02068,SWR,PZ0298,FDR-PZ0298-A,TSS-SWR-14,True
COR02076,SWR,PZ0299,FDR-PZ0299-B,TSS-SWR-15,True
COR04524,SWR,PZ0300,FDR-PZ0300-B,TSS-SWR-16,True
COR03713,SWR,PZ0301,FDR-PZ0301-A,TSS-SWR-17,True
COR01606,SWR,PZ0302,FDR-PZ0302-A,TSS-SWR-18,False
COR02860,SWR,PZ0303,FDR-PZ0303-A,TSS-SWR-19,True
COR04512,SWR,PZ0304,FDR-PZ0304-B,TSS-SWR-20,True
COR04521,SWR,PZ0305,FDR-PZ0305-A,TSS-SWR-21,True
COR00646,SWR,PZ0306,FDR-PZ0306-B,TSS-SWR-22,False
COR01085,SWR,PZ0307,FDR-PZ0307-A,TSS-SWR-23,True
COR02081,SWR,PZ0308,FDR-PZ0308-B,TSS-SWR-24,True
COR01653,SWR,PZ0309,FDR-PZ0309-B,TSS-SWR-25,False
COR02863,SWR,PZ0310,FDR-PZ0310-A,TSS-SWR-26,True
COR01140,SWR,PZ0311,FDR-PZ0311-A,TSS-SWR-27,True
COR08317,SWR,PZ0312,FDR-PZ0312-B,TSS-SWR-28,True
COR01791,SWR,PZ0313,FDR-PZ0313-A,TSS-SWR-29,True
COR03616,SWR,PZ0285,FDR-PZ0285-A,TSS-SWR-01,True
COR02853,SWR,PZ0286,FDR-PZ0286-A,TSS-SWR-02,True
COR00301,SWR,PZ0287,FDR-PZ0287-B,TSS-SWR-03,True
COR04897,SWR,PZ0288,FDR-PZ0288-B,TSS-SWR-04,True
COR01796,SWR,PZ0289,FDR-PZ0289-B,TSS-SWR-05,True
COR05285,SWR,PZ0290,FDR-PZ0290-A,TSS-SWR-06,True
COR01091,SWR,PZ0291,FDR-PZ0291-A,TSS-SWR-07,True
COR02327,SWR,PZ0292,FDR-PZ0292-B,TSS-SWR-08,True
COR03292,SWR,PZ0293,FDR-PZ0293-A,TSS-SWR-09,True
COR07464,SWR,PZ0294,FDR-PZ0294-B,TSS-SWR-10,True
COR03625,SWR,PZ0295,FDR-PZ0295-B,TSS-SWR-11,True
COR02843,SWR,PZ0296,FDR-PZ0296-B,TSS-SWR-12,True
COR04083,SWR,PZ0297,FDR-PZ0297-A,TSS-SWR-13,True
COR00649,SWR,PZ0298,FDR-PZ0298-A,TSS-SWR-14,True
COR01652,SWR,PZ0299,FDR-PZ0299-B,TSS-SWR-15,False
COR00925,SWR,PZ0300,FDR-PZ0300-B,TSS-SWR-16,True
COR00930,SWR,PZ0301,FDR-PZ0301-A,TSS-SWR-17,True
COR01597,SWR,PZ0302,FDR-PZ0302-B,TSS-SWR-18,True
COR02846,SWR,PZ0303,FDR-PZ0303-A,TSS-SWR-19,True
COR01777,SWR,PZ0304,FDR-PZ0304-B,TSS-SWR-20,False
COR01613,SWR,PZ0305,FDR-PZ0305-B,TSS-SWR-21,True
COR02962,SWR,PZ0306,FDR-PZ0306-B,TSS-SWR-22,False
COR05279,SWR,PZ0307,FDR-PZ0307-A,TSS-SWR-23,False
COR02072,SWR,PZ0308,FDR-PZ0308-A,TSS-SWR-24,True
COR00651,SWR,PZ0309,FDR-PZ0309-B,TSS-SWR-25,True
COR02102,SWR,PZ0310,FDR-PZ0310-A,TSS-SWR-26,True
COR03621,SWR,PZ0311,FDR-PZ0311-A,TSS-SWR-27,True
COR04068,SWR,PZ0312,FDR-PZ0312-A,TSS-SWR-28,True
COR04898,SWR,PZ0313,FDR-PZ0313-A,TSS-SWR-29,True
COR07741,SWR,PZ0285,FDR-PZ0285-A,TSS-SWR-01,True
COR02858,SWR,PZ0286,FDR-PZ0286-A,TSS-SWR-02,True
COR00916,SWR,PZ0287,FDR-PZ0287-B,TSS-SWR-03,False
COR02108,SWR,PZ0288,FDR-PZ0288-A,TSS-SWR-04,True
COR02091,SWR,PZ0289,FDR-PZ0289-A,TSS-SWR-05,True
COR02234,SWR,PZ0290,FDR-PZ0290-B,TSS-SWR-06,True
COR04905,SWR,PZ0291,FDR-PZ0291-A,TSS-SWR-07,True
COR03627,SWR,PZ0292,FDR-PZ0292-A,TSS-SWR-08,True
COR01646,SWR,PZ0293,FDR-PZ0293-A,TSS-SWR-09,True
COR04964,SWR,PZ0294,FDR-PZ0294-A,TSS-SWR-10,False
COR00751,SWR,PZ0295,FDR-PZ0295-B,TSS-SWR-11,False
COR01630,SWR,PZ0296,FDR-PZ0296-A,TSS-SWR-12,True
COR00921,SWR,PZ0297,FDR-PZ0297-A,TSS-SWR-13,True
COR02074,SWR,PZ0298,FDR-PZ0298-B,TSS-SWR-14,True
COR01639,SWR,PZ0299,FDR-PZ0299-A,TSS-SWR-15,True
COR01614,SWR,PZ0300,FDR-PZ0300-A,TSS-SWR-16,True
COR04422,SWR,PZ0301,FDR-PZ0301-A,TSS-SWR-17,True
COR04070,SWR,PZ0302,FDR-PZ0302-A,TSS-SWR-18,True
COR01622,SWR,PZ0303,FDR-PZ0303-B,TSS-SWR-19,True
COR07568,SWR,PZ0304,FDR-PZ0304-A,TSS-SWR-20,True
COR01598,SWR,PZ0305,FDR-PZ0305-B,TSS-SWR-21,True
COR07731,SWR,PZ0306,FDR-PZ0306-A,TSS-SWR-22,True
COR00933,SWR,PZ0307,FDR-PZ0307-A,TSS-SWR-23,False
COR01649,SWR,PZ0308,FDR-PZ0308-B,TSS-SWR-24,True
COR05290,SWR,PZ0309,FDR-PZ0309-B,TSS-SWR-25,True
COR04510,SWR,PZ0310,FDR-PZ0310-A,TSS-SWR-26,True
COR08318,SWR,PZ0311,FDR-PZ0311-A,TSS-SWR-27,True
COR01627,SWR,PZ0312,FDR-PZ0312-A,TSS-SWR-28,True
COR01785,SWR,PZ0313,FDR-PZ0313-A,TSS-SWR-29,False
COR02101,SWR,PZ0285,FDR-PZ0285-A,TSS-SWR-01,True
COR01625,SWR,PZ0286,FDR-PZ0286-A,TSS-SWR-02,True
COR01779,SWR,PZ0287,FDR-PZ0287-B,TSS-SWR-03,False
COR01778,SWR,PZ0288,FDR-PZ0288-A,TSS-SWR-04,False
COR00928,SWR,PZ0289,FDR-PZ0289-A,TSS-SWR-05,True
COR04086,SWR,PZ0290,FDR-PZ0290-A,TSS-SWR-06,True
COR01772,SWR,PZ0291,FDR-PZ0291-A,TSS-SWR-07,True
COR01624,SWR,PZ0292,FDR-PZ0292-B,TSS-SWR-08,True
COR08050,SWR,PZ0293,FDR-PZ0293-B,TSS-SWR-09,True
COR06797,SWR,PZ0294,FDR-PZ0294-A,TSS-SWR-10,True
COR08051,SWR,PZ0295,FDR-PZ0295-A,TSS-SWR-11,False
COR01148,SWR,PZ0296,FDR-PZ0296-B,TSS-SWR-12,True
COR05773,SWR,PZ0297,FDR-PZ0297-A,TSS-SWR-13,True
COR04516,SWR,PZ0298,FDR-PZ0298-B,TSS-SWR-14,False
COR00302,SWR,PZ0299,FDR-PZ0299-B,TSS-SWR-15,False
COR02090,SWR,PZ0300,FDR-PZ0300-B,TSS-SWR-16,True
COR01078,SWR,PZ0301,FDR-PZ0301-A,TSS-SWR-17,True
COR02086,SWR,PZ0302,FDR-PZ0302-B,TSS-SWR-18,False
COR06999,SWR,PZ0303,FDR-PZ0303-A,TSS-SWR-19,True
COR02614,SWR,PZ0304,FDR-PZ0304-B,TSS-SWR-20,True
COR06568,SWR,PZ0305,FDR-PZ0305-A,TSS-SWR-21,True
COR02092,SWR,PZ0306,FDR-PZ0306-B,TSS-SWR-22,False
COR03276,SWR,PZ0307,FDR-PZ0307-B,TSS-SWR-23,True
COR01601,SWR,PZ0308,FDR-PZ0308-A,TSS-SWR-24,True
COR00728,SWR,PZ0309,FDR-PZ0309-B,TSS-SWR-25,True
COR03632,SWR,PZ0310,FDR-PZ0310-A,TSS-SWR-26,True
COR01795,SWR,PZ0311,FDR-PZ0311-A,TSS-SWR-27,True
COR01776,SWR,PZ0312,FDR-PZ0312-B,TSS-SWR-28,True
COR00661,SWR,PZ0313,FDR-PZ0313-B,TSS-SWR-29,True
COR01602,SWR,PZ0285,FDR-PZ0285-B,TSS-SWR-01,True
COR02104,SWR,PZ0286,FDR-PZ0286-A,TSS-SWR-02,True
COR01790,SWR,PZ0287,FDR-PZ0287-A,TSS-SWR-03,True
COR03631,SWR,PZ0288,FDR-PZ0288-B,TSS-SWR-04,False
COR01088,SWR,PZ0289,FDR-PZ0289-A,TSS-SWR-05,True
COR05284,SWR,PZ0290,FDR-PZ0290-A,TSS-SWR-06,True
COR01619,SWR,PZ0291,FDR-PZ0291-B,TSS-SWR-07,True
COR03300,SWR,PZ0292,FDR-PZ0292-B,TSS-SWR-08,False
COR08320,SWR,PZ0293,FDR-PZ0293-B,TSS-SWR-09,True
COR05407,SER,PZ0314,FDR-PZ0314-B,TSS-SER-01,False
COR01579,SER,PZ0315,FDR-PZ0315-B,TSS-SER-02,True
COR03569,SER,PZ0316,FDR-PZ0316-B,TSS-SER-03,True
COR00321,SER,PZ0317,FDR-PZ0317-B,TSS-SER-04,True
COR06404,SER,PZ0318,FDR-PZ0318-A,TSS-SER-05,False
COR00318,SER,PZ0319,FDR-PZ0319-A,TSS-SER-06,True
COR03575,SER,PZ0320,FDR-PZ0320-B,TSS-SER-07,False
COR01578,SER,PZ0321,FDR-PZ0321-A,TSS-SER-08,True
COR06410,SER,PZ0322,FDR-PZ0322-B,TSS-SER-09,True
COR03560,SER,PZ0314,FDR-PZ0314-A,TSS-SER-01,True
COR04287,SER,PZ0315,FDR-PZ0315-B,TSS-SER-02,True
COR06661,SER,PZ0316,FDR-PZ0316-B,TSS-SER-03,True
COR07106,SER,PZ0317,FDR-PZ0317-B,TSS-SER-04,True
COR05613,SER,PZ0318,FDR-PZ0318-B,TSS-SER-05,False
COR07358,SER,PZ0319,FDR-PZ0319-A,TSS-SER-06,False
COR05135,SER,PZ0320,FDR-PZ0320-B,TSS-SER-07,False
COR06445,SER,PZ0321,FDR-PZ0321-B,TSS-SER-08,False
COR00316,SER,PZ0322,FDR-PZ0322-A,TSS-SER-09,True
COR00317,SER,PZ0314,FDR-PZ0314-B,TSS-SER-01,True
COR03570,SER,PZ0315,FDR-PZ0315-A,TSS-SER-02,True
COR06405,SER,PZ0316,FDR-PZ0316-A,TSS-SER-03,True
COR03701,SER,PZ0317,FDR-PZ0317-A,TSS-SER-04,True
COR01577,SER,PZ0318,FDR-PZ0318-A,TSS-SER-05,True
COR06409,SER,PZ0319,FDR-PZ0319-B,TSS-SER-06,True
COR03693,SER,PZ0320,FDR-PZ0320-A,TSS-SER-07,True
COR05591,SER,PZ0321,FDR-PZ0321-A,TSS-SER-08,True
COR00644,SER,PZ0322,FDR-PZ0322-A,TSS-SER-09,False
COR00312,SER,PZ0314,FDR-PZ0314-A,TSS-SER-01,False
COR07108,SER,PZ0315,FDR-PZ0315-A,TSS-SER-02,False
COR03579,SER,PZ0316,FDR-PZ0316-A,TSS-SER-03,True
COR03105,SER,PZ0317,FDR-PZ0317-A,TSS-SER-04,False
COR01575,SER,PZ0318,FDR-PZ0318-A,TSS-SER-05,True
COR07701,SER,PZ0319,FDR-PZ0319-B,TSS-SER-06,True
COR06550,SER,PZ0320,FDR-PZ0320-B,TSS-SER-07,True
COR00645,SER,PZ0321,FDR-PZ0321-B,TSS-SER-08,True
COR03694,SER,PZ0322,FDR-PZ0322-A,TSS-SER-09,True
COR00387,SER,PZ0314,FDR-PZ0314-A,TSS-SER-01,True
COR06444,SER,PZ0315,FDR-PZ0315-B,TSS-SER-02,False
COR06656,SER,PZ0316,FDR-PZ0316-B,TSS-SER-03,True
COR06657,SER,PZ0317,FDR-PZ0317-B,TSS-SER-04,False
COR03568,SER,PZ0318,FDR-PZ0318-B,TSS-SER-05,False
COR06650,SER,PZ0319,FDR-PZ0319-A,TSS-SER-06,False
COR07024,SER,PZ0320,FDR-PZ0320-A,TSS-SER-07,True
COR06658,SER,PZ0321,FDR-PZ0321-B,TSS-SER-08,True
COR00386,SER,PZ0322,FDR-PZ0322-A,TSS-SER-09,False
COR03692,SER,PZ0314,FDR-PZ0314-A,TSS-SER-01,True
COR06403,SER,PZ0315,FDR-PZ0315-B,TSS-SER-02,False
COR03697,SER,PZ0316,FDR-PZ0316-A,TSS-SER-03,False
COR07834,SER,PZ0317,FDR-PZ0317-A,TSS-SER-04,True
COR04290,SER,PZ0318,FDR-PZ0318-B,TSS-SER-05,True
COR00315,SER,PZ0319,FDR-PZ0319-B,TSS-SER-06,False
COR06446,SER,PZ0320,FDR-PZ0320-B,TSS-SER-07,True
COR07103,SER,PZ0321,FDR-PZ0321-A,TSS-SER-08,True
COR00641,SER,PZ0322,FDR-PZ0322-B,TSS-SER-09,True
COR04289,SER,PZ0314,FDR-PZ0314-A,TSS-SER-01,True
COR00391,SER,PZ0315,FDR-PZ0315-B,TSS-SER-02,False
COR06654,SER,PZ0316,FDR-PZ0316-A,TSS-SER-03,False
COR07133,SER,PZ0317,FDR-PZ0317-A,TSS-SER-04,False
COR03561,SER,PZ0318,FDR-PZ0318-A,TSS-SER-05,True
COR06709,SER,PZ0319,FDR-PZ0319-A,TSS-SER-06,True
COR07355,SER,PZ0320,FDR-PZ0320-A,TSS-SER-07,True
COR00389,SER,PZ0321,FDR-PZ0321-A,TSS-SER-08,True
COR07132,SER,PZ0322,FDR-PZ0322-A,TSS-SER-09,False
COR06648,SER,PZ0314,FDR-PZ0314-A,TSS-SER-01,True
COR06483,SER,PZ0315,FDR-PZ0315-B,TSS-SER-02,True
COR04292,SER,PZ0316,FDR-PZ0316-B,TSS-SER-03,False
COR06408,SER,PZ0317,FDR-PZ0317-B,TSS-SER-04,True
COR06711,SER,PZ0318,FDR-PZ0318-B,TSS-SER-05,False
COR03700,SER,PZ0319,FDR-PZ0319-B,TSS-SER-06,True
COR06707,SER,PZ0320,FDR-PZ0320-B,TSS-SER-07,False
COR08267,SER,PZ0321,FDR-PZ0321-A,TSS-SER-08,True
COR07134,SER,PZ0322,FDR-PZ0322-A,TSS-SER-09,False
COR06439,SER,PZ0314,FDR-PZ0314-A,TSS-SER-01,True
COR05406,SER,PZ0315,FDR-PZ0315-A,TSS-SER-02,False
COR03557,SER,PZ0316,FDR-PZ0316-A,TSS-SER-03,True
COR00392,SER,PZ0317,FDR-PZ0317-B,TSS-SER-04,True
COR06447,SER,PZ0318,FDR-PZ0318-A,TSS-SER-05,True
COR00640,SER,PZ0319,FDR-PZ0319-A,TSS-SER-06,True
COR05408,SER,PZ0320,FDR-PZ0320-A,TSS-SER-07,True
COR00323,SER,PZ0321,FDR-PZ0321-B,TSS-SER-08,True
COR03688,SER,PZ0322,FDR-PZ0322-B,TSS-SER-09,True
COR01585,SER,PZ0314,FDR-PZ0314-B,TSS-SER-01,True
COR07130,SER,PZ0315,FDR-PZ0315-A,TSS-SER-02,False
COR06411,SER,PZ0316,FDR-PZ0316-A,TSS-SER-03,False
COR03696,SER,PZ0317,FDR-PZ0317-B,TSS-SER-04,False
COR00313,SER,PZ0318,FDR-PZ0318-A,TSS-SER-05,True
COR06645,SER,PZ0319,FDR-PZ0319-A,TSS-SER-06,True
COR00314,SER,PZ0320,FDR-PZ0320-B,TSS-SER-07,True
COR06406,SER,PZ0321,FDR-PZ0321-B,TSS-SER-08,True
COR01582,SER,PZ0322,FDR-PZ0322-A,TSS-SER-09,True
COR03559,SER,PZ0314,FDR-PZ0314-B,TSS-SER-01,True
COR00639,SER,PZ0315,FDR-PZ0315-B,TSS-SER-02,False
COR07360,SER,PZ0316,FDR-PZ0316-B,TSS-SER-03,True
COR00390,SER,PZ0317,FDR-PZ0317-A,TSS-SER-04,True
COR01581,SER,PZ0318,FDR-PZ0318-B,TSS-SER-05,True
COR00643,SER,PZ0319,FDR-PZ0319-A,TSS-SER-06,True
COR06407,SER,PZ0320,FDR-PZ0320-B,TSS-SER-07,True
COR07353,SER,PZ0321,FDR-PZ0321-A,TSS-SER-08,True
COR03564,SER,PZ0322,FDR-PZ0322-B,TSS-SER-09,True
COR03580,SER,PZ0314,FDR-PZ0314-B,TSS-SER-01,True
COR06646,SER,PZ0315,FDR-PZ0315-B,TSS-SER-02,False
COR03699,SER,PZ0316,FDR-PZ0316-A,TSS-SER-03,True
COR06655,SER,PZ0317,FDR-PZ0317-B,TSS-SER-04,True
COR03565,SER,PZ0318,FDR-PZ0318-A,TSS-SER-05,False
COR03566,SER,PZ0319,FDR-PZ0319-A,TSS-SER-06,True
COR06441,SER,PZ0320,FDR-PZ0320-B,TSS-SER-07,False
COR06708,SER,PZ0321,FDR-PZ0321-B,TSS-SER-08,True
COR07025,SER,PZ0322,FDR-PZ0322-B,TSS-SER-09,True
COR07107,SER,PZ0314,FDR-PZ0314-B,TSS-SER-01,True
COR03571,SER,PZ0315,FDR-PZ0315-A,TSS-SER-02,True
COR01576,SER,PZ0316,FDR-PZ0316-B,TSS-SER-03,True
COR03562,SER,PZ0317,FDR-PZ0317-A,TSS-SER-04,True
COR08127,SER,PZ0318,FDR-PZ0318-B,TSS-SER-05,True
COR03558,SER,PZ0319,FDR-PZ0319-B,TSS-SER-06,False
COR04288,SER,PZ0320,FDR-PZ0320-A,TSS-SER-07,True
COR06438,SER,PZ0321,FDR-PZ0321-A,TSS-SER-08,False
COR05611,SER,PZ0322,FDR-PZ0322-A,TSS-SER-09,True
COR06443,SER,PZ0314,FDR-PZ0314-B,TSS-SER-01,False
COR07097,SER,PZ0315,FDR-PZ0315-A,TSS-SER-02,True
COR05615,SER,PZ0316,FDR-PZ0316-B,TSS-SER-03,True
COR05410,SER,PZ0317,FDR-PZ0317-A,TSS-SER-04,True
COR06437,SER,PZ0318,FDR-PZ0318-A,TSS-SER-05,False
COR05409,SER,PZ0319,FDR-PZ0319-A,TSS-SER-06,False
COR03698,SER,PZ0320,FDR-PZ0320-B,TSS-SER-07,False
COR06660,SER,PZ0321,FDR-PZ0321-B,TSS-SER-08,True
COR03574,SER,PZ0322,FDR-PZ0322-B,TSS-SER-09,True
COR05614,SER,PZ0314,FDR-PZ0314-B,TSS-SER-01,True
COR04291,SER,PZ0315,FDR-PZ0315-A,TSS-SER-02,True
COR06653,SER,PZ0316,FDR-PZ0316-B,TSS-SER-03,True
COR06649,SER,PZ0317,FDR-PZ0317-A,TSS-SER-04,True
COR05612,SER,PZ0318,FDR-PZ0318-B,TSS-SER-05,True
COR06442,SER,PZ0319,FDR-PZ0319-A,TSS-SER-06,True
COR05589,SER,PZ0320,FDR-PZ0320-B,TSS-SER-07,True
COR03691,SER,PZ0321,FDR-PZ0321-B,TSS-SER-08,True
COR05590,SER,PZ0322,FDR-PZ0322-B,TSS-SER-09,True
COR00319,SER,PZ0314,FDR-PZ0314-A,TSS-SER-01,False
COR06305,SER,PZ0315,FDR-PZ0315-B,TSS-SER-02,True
COR06549,SER,PZ0316,FDR-PZ0316-A,TSS-SER-03,True
COR06651,SER,PZ0317,FDR-PZ0317-B,TSS-SER-04,True
COR06710,SER,PZ0318,FDR-PZ0318-A,TSS-SER-05,True
COR00551,SER,PZ0319,FDR-PZ0319-B,TSS-SER-06,True
COR00550,SER,PZ0320,FDR-PZ0320-A,TSS-SER-07,True
COR07098,SER,PZ0321,FDR-PZ0321-A,TSS-SER-08,True
COR00320,SER,PZ0322,FDR-PZ0322-A,TSS-SER-09,True
COR07101,SER,PZ0314,FDR-PZ0314-A,TSS-SER-01,False
COR03689,SER,PZ0315,FDR-PZ0315-B,TSS-SER-02,False
COR03578,SER,PZ0316,FDR-PZ0316-B,TSS-SER-03,False
COR03573,SER,PZ0317,FDR-PZ0317-B,TSS-SER-04,False
COR03576,SER,PZ0318,FDR-PZ0318-B,TSS-SER-05,True
COR07359,SER,PZ0319,FDR-PZ0319-A,TSS-SER-06,True
COR07357,SER,PZ0320,FDR-PZ0320-B,TSS-SER-07,False
COR00388,SER,PZ0321,FDR-PZ0321-B,TSS-SER-08,True
COR05451,SER,PZ0322,FDR-PZ0322-B,TSS-SER-09,True
COR03563,SER,PZ0314,FDR-PZ0314-B,TSS-SER-01,True
COR06440,SER,PZ0315,FDR-PZ0315-B,TSS-SER-02,True
COR03695,SER,PZ0316,FDR-PZ0316-B,TSS-SER-03,False
COR01580,SER,PZ0317,FDR-PZ0317-A,TSS-SER-04,True
COR07131,SER,PZ0318,FDR-PZ0318-A,TSS-SER-05,True
COR04293,SER,PZ0319,FDR-PZ0319-B,TSS-SER-06,True
COR06659,SER,PZ0320,FDR-PZ0320-A,TSS-SER-07,True
COR03567,SER,PZ0321,FDR-PZ0321-B,TSS-SER-08,True
COR03572,SER,PZ0322,FDR-PZ0322-B,TSS-SER-09,True
COR03690,SER,PZ0314,FDR-PZ0314-B,TSS-SER-01,True
COR05610,SER,PZ0315,FDR-PZ0315-B,TSS-SER-02,True
COR06706,SER,PZ0316,FDR-PZ0316-B,TSS-SER-03,False
COR07023,SER,PZ0317,FDR-PZ0317-B,TSS-SER-04,True
COR00552,SER,PZ0318,FDR-PZ0318-B,TSS-SER-05,True
COR03702,SER,PZ0319,FDR-PZ0319-A,TSS-SER-06,False
COR03577,SER,PZ0320,FDR-PZ0320-B,TSS-SER-07,True
COR07105,SER,PZ0321,FDR-PZ0321-B,TSS-SER-08,True
COR01583,SER,PZ0322,FDR-PZ0322-A,TSS-SER-09,True
COR06402,SER,PZ0314,FDR-PZ0314-B,TSS-SER-01,True
COR07100,SER,PZ0315,FDR-PZ0315-A,TSS-SER-02,True
COR08266,SER,PZ0316,FDR-PZ0316-B,TSS-SER-03,True
COR07099,SER,PZ0317,FDR-PZ0317-A,TSS-SER-04,True
COR07356,SER,PZ0318,FDR-PZ0318-A,TSS-SER-05,True
COR06712,SER,PZ0319,FDR-PZ0319-A,TSS-SER-06,False
COR06484,SER,PZ0320,FDR-PZ0320-B,TSS-SER-07,True
COR06652,SER,PZ0321,FDR-PZ0321-B,TSS-SER-08,True
COR00322,SER,PZ0322,FDR-PZ0322-B,TSS-SER-09,False
COR07104,SER,PZ0314,FDR-PZ0314-B,TSS-SER-01,True
COR07896,SER,PZ0315,FDR-PZ0315-A,TSS-SER-02,True
COR06647,SER,PZ0316,FDR-PZ0316-B,TSS-SER-03,False
COR07354,SER,PZ0317,FDR-PZ0317-B,TSS-SER-04,True
COR00642,SER,PZ0318,FDR-PZ0318-B,TSS-SER-05,True
COR01584,SER,PZ0319,FDR-PZ0319-A,TSS-SER-06,False
COR03975,ER,PZ0323,FDR-PZ0323-B,TSS-ER-01,True
COR05510,ER,PZ0324,FDR-PZ0324-A,TSS-ER-02,True
COR08360,ER,PZ0325,FDR-PZ0325-B,TSS-ER-03,True
COR05521,ER,PZ0326,FDR-PZ0326-A,TSS-ER-04,True
COR04969,ER,PZ0327,FDR-PZ0327-B,TSS-ER-05,True
COR07604,ER,PZ0328,FDR-PZ0328-A,TSS-ER-06,True
COR00401,ER,PZ0329,FDR-PZ0329-B,TSS-ER-07,True
COR04976,ER,PZ0330,FDR-PZ0330-A,TSS-ER-08,True
COR03966,ER,PZ0331,FDR-PZ0331-A,TSS-ER-09,True
COR02634,ER,PZ0332,FDR-PZ0332-B,TSS-ER-10,True
COR06911,ER,PZ0333,FDR-PZ0333-A,TSS-ER-11,True
COR01258,ER,PZ0334,FDR-PZ0334-B,TSS-ER-12,True
COR08339,ER,PZ0335,FDR-PZ0335-B,TSS-ER-13,False
COR05518,ER,PZ0336,FDR-PZ0336-B,TSS-ER-14,True
COR02445,ER,PZ0337,FDR-PZ0337-A,TSS-ER-15,True
COR03873,ER,PZ0338,FDR-PZ0338-B,TSS-ER-16,False
COR04451,ER,PZ0339,FDR-PZ0339-B,TSS-ER-17,True
COR04970,ER,PZ0340,FDR-PZ0340-A,TSS-ER-18,True
COR07760,ER,PZ0341,FDR-PZ0341-A,TSS-ER-19,True
COR07634,ER,PZ0342,FDR-PZ0342-A,TSS-ER-20,False
COR01433,ER,PZ0343,FDR-PZ0343-B,TSS-ER-21,True
COR03718,ER,PZ0344,FDR-PZ0344-A,TSS-ER-22,True
COR05481,ER,PZ0345,FDR-PZ0345-B,TSS-ER-23,True
COR07603,ER,PZ0346,FDR-PZ0346-B,TSS-ER-24,True
COR07118,ER,PZ0323,FDR-PZ0323-A,TSS-ER-01,True
COR03132,ER,PZ0324,FDR-PZ0324-B,TSS-ER-02,True
COR07660,ER,PZ0325,FDR-PZ0325-A,TSS-ER-03,True
COR07112,ER,PZ0326,FDR-PZ0326-A,TSS-ER-04,True
COR03872,ER,PZ0327,FDR-PZ0327-A,TSS-ER-05,True
COR05468,ER,PZ0328,FDR-PZ0328-A,TSS-ER-06,True
COR07914,ER,PZ0329,FDR-PZ0329-A,TSS-ER-07,True
COR07652,ER,PZ0330,FDR-PZ0330-A,TSS-ER-08,True
COR07125,ER,PZ0331,FDR-PZ0331-A,TSS-ER-09,True
COR02461,ER,PZ0332,FDR-PZ0332-A,TSS-ER-10,False
COR03957,ER,PZ0333,FDR-PZ0333-B,TSS-ER-11,True
COR03956,ER,PZ0334,FDR-PZ0334-A,TSS-ER-12,True
COR08575,ER,PZ0335,FDR-PZ0335-A,TSS-ER-13,False
COR07338,ER,PZ0336,FDR-PZ0336-B,TSS-ER-14,True
COR07121,ER,PZ0337,FDR-PZ0337-B,TSS-ER-15,True
COR05078,ER,PZ0338,FDR-PZ0338-A,TSS-ER-16,True
COR02440,ER,PZ0339,FDR-PZ0339-A,TSS-ER-17,True
COR02472,ER,PZ0340,FDR-PZ0340-B,TSS-ER-18,True
COR05452,ER,PZ0341,FDR-PZ0341-A,TSS-ER-19,True
COR02616,ER,PZ0342,FDR-PZ0342-B,TSS-ER-20,False
COR01171,ER,PZ0343,FDR-PZ0343-A,TSS-ER-21,True
COR06962,ER,PZ0344,FDR-PZ0344-B,TSS-ER-22,True
COR00398,ER,PZ0345,FDR-PZ0345-B,TSS-ER-23,True
COR08516,ER,PZ0346,FDR-PZ0346-B,TSS-ER-24,True
COR02435,ER,PZ0323,FDR-PZ0323-B,TSS-ER-01,True
COR05527,ER,PZ0324,FDR-PZ0324-B,TSS-ER-02,True
COR03164,ER,PZ0325,FDR-PZ0325-B,TSS-ER-03,False
COR08450,ER,PZ0326,FDR-PZ0326-B,TSS-ER-04,True
COR03961,ER,PZ0327,FDR-PZ0327-A,TSS-ER-05,True
COR03962,ER,PZ0328,FDR-PZ0328-A,TSS-ER-06,True
COR03127,ER,PZ0329,FDR-PZ0329-A,TSS-ER-07,True
COR07767,ER,PZ0330,FDR-PZ0330-A,TSS-ER-08,True
COR08453,ER,PZ0331,FDR-PZ0331-B,TSS-ER-09,False
COR05467,ER,PZ0332,FDR-PZ0332-A,TSS-ER-10,True
COR07816,ER,PZ0333,FDR-PZ0333-A,TSS-ER-11,True
COR02449,ER,PZ0334,FDR-PZ0334-A,TSS-ER-12,True
COR05505,ER,PZ0335,FDR-PZ0335-A,TSS-ER-13,True
COR05511,ER,PZ0336,FDR-PZ0336-A,TSS-ER-14,False
COR04620,ER,PZ0337,FDR-PZ0337-A,TSS-ER-15,True
COR02465,ER,PZ0338,FDR-PZ0338-B,TSS-ER-16,False
COR04618,ER,PZ0339,FDR-PZ0339-A,TSS-ER-17,True
COR06694,ER,PZ0340,FDR-PZ0340-B,TSS-ER-18,True
COR03320,ER,PZ0341,FDR-PZ0341-B,TSS-ER-19,True
COR04593,ER,PZ0342,FDR-PZ0342-B,TSS-ER-20,True
COR07664,ER,PZ0343,FDR-PZ0343-A,TSS-ER-21,True
COR07655,ER,PZ0344,FDR-PZ0344-A,TSS-ER-22,True
COR07770,ER,PZ0345,FDR-PZ0345-A,TSS-ER-23,True
COR05507,ER,PZ0346,FDR-PZ0346-B,TSS-ER-24,True
COR02633,ER,PZ0323,FDR-PZ0323-A,TSS-ER-01,True
COR07339,ER,PZ0324,FDR-PZ0324-A,TSS-ER-02,True
COR03316,ER,PZ0325,FDR-PZ0325-A,TSS-ER-03,True
COR02437,ER,PZ0326,FDR-PZ0326-A,TSS-ER-04,True
COR03982,ER,PZ0327,FDR-PZ0327-B,TSS-ER-05,True
COR00416,ER,PZ0328,FDR-PZ0328-B,TSS-ER-06,True
COR08446,ER,PZ0329,FDR-PZ0329-A,TSS-ER-07,True
COR05077,ER,PZ0330,FDR-PZ0330-A,TSS-ER-08,True
COR02617,ER,PZ0331,FDR-PZ0331-A,TSS-ER-09,True
COR03163,ER,PZ0332,FDR-PZ0332-A,TSS-ER-10,True
COR04972,ER,PZ0333,FDR-PZ0333-A,TSS-ER-11,False
COR07129,ER,PZ0334,FDR-PZ0334-A,TSS-ER-12,False
COR03990,ER,PZ0335,FDR-PZ0335-A,TSS-ER-13,True
COR07675,ER,PZ0336,FDR-PZ0336-A,TSS-ER-14,True
COR07647,ER,PZ0337,FDR-PZ0337-B,TSS-ER-15,True
COR03970,ER,PZ0338,FDR-PZ0338-B,TSS-ER-16,True
COR07775,ER,PZ0339,FDR-PZ0339-B,TSS-ER-17,False
COR05515,ER,PZ0340,FDR-PZ0340-A,TSS-ER-18,False
COR03999,ER,PZ0341,FDR-PZ0341-A,TSS-ER-19,False
COR03955,ER,PZ0342,FDR-PZ0342-A,TSS-ER-20,False
COR07127,ER,PZ0343,FDR-PZ0343-B,TSS-ER-21,True
COR06906,ER,PZ0344,FDR-PZ0344-A,TSS-ER-22,True
COR02464,ER,PZ0345,FDR-PZ0345-B,TSS-ER-23,True
COR01165,ER,PZ0346,FDR-PZ0346-A,TSS-ER-24,True
COR07648,ER,PZ0323,FDR-PZ0323-A,TSS-ER-01,False
COR03998,ER,PZ0324,FDR-PZ0324-B,TSS-ER-02,True
COR07680,ER,PZ0325,FDR-PZ0325-B,TSS-ER-03,True
COR07124,ER,PZ0326,FDR-PZ0326-B,TSS-ER-04,True
COR08579,ER,PZ0327,FDR-PZ0327-A,TSS-ER-05,True
COR05517,ER,PZ0328,FDR-PZ0328-A,TSS-ER-06,True
COR04575,ER,PZ0329,FDR-PZ0329-A,TSS-ER-07,True
COR06639,ER,PZ0330,FDR-PZ0330-A,TSS-ER-08,True
COR02473,ER,PZ0331,FDR-PZ0331-A,TSS-ER-09,True
COR07667,ER,PZ0332,FDR-PZ0332-A,TSS-ER-10,True
COR07671,ER,PZ0333,FDR-PZ0333-A,TSS-ER-11,True
COR07670,ER,PZ0334,FDR-PZ0334-A,TSS-ER-12,True
COR02629,ER,PZ0335,FDR-PZ0335-B,TSS-ER-13,True
COR03989,ER,PZ0336,FDR-PZ0336-A,TSS-ER-14,True
COR02458,ER,PZ0337,FDR-PZ0337-B,TSS-ER-15,True
COR05461,ER,PZ0338,FDR-PZ0338-A,TSS-ER-16,True
COR03986,ER,PZ0339,FDR-PZ0339-B,TSS-ER-17,False
COR02615,ER,PZ0340,FDR-PZ0340-B,TSS-ER-18,False
COR01167,ER,PZ0341,FDR-PZ0341-A,TSS-ER-19,True
COR05453,ER,PZ0342,FDR-PZ0342-A,TSS-ER-20,False
COR06643,ER,PZ0343,FDR-PZ0343-B,TSS-ER-21,True
COR07599,ER,PZ0344,FDR-PZ0344-A,TSS-ER-22,True
COR06693,ER,PZ0345,FDR-PZ0345-B,TSS-ER-23,True
COR00413,ER,PZ0346,FDR-PZ0346-B,TSS-ER-24,True
COR00404,ER,PZ0323,FDR-PZ0323-A,TSS-ER-01,True
COR05605,ER,PZ0324,FDR-PZ0324-B,TSS-ER-02,True
COR08486,ER,PZ0325,FDR-PZ0325-A,TSS-ER-03,True
COR08456,ER,PZ0326,FDR-PZ0326-B,TSS-ER-04,True
COR03864,ER,PZ0327,FDR-PZ0327-B,TSS-ER-05,True
COR04973,ER,PZ0328,FDR-PZ0328-A,TSS-ER-06,False
COR05478,ER,PZ0329,FDR-PZ0329-A,TSS-ER-07,True
COR05520,ER,PZ0330,FDR-PZ0330-B,TSS-ER-08,True
COR08455,ER,PZ0331,FDR-PZ0331-B,TSS-ER-09,True
COR02436,ER,PZ0332,FDR-PZ0332-A,TSS-ER-10,True
COR07600,ER,PZ0333,FDR-PZ0333-B,TSS-ER-11,True
COR07117,ER,PZ0334,FDR-PZ0334-A,TSS-ER-12,True
COR07171,ER,PZ0335,FDR-PZ0335-B,TSS-ER-13,True
COR08361,ER,PZ0336,FDR-PZ0336-A,TSS-ER-14,True
COR07128,ER,PZ0337,FDR-PZ0337-A,TSS-ER-15,True
COR08451,ER,PZ0338,FDR-PZ0338-B,TSS-ER-16,True
COR07915,ER,PZ0339,FDR-PZ0339-A,TSS-ER-17,False
COR03182,ER,PZ0340,FDR-PZ0340-B,TSS-ER-18,False
COR02626,ER,PZ0341,FDR-PZ0341-A,TSS-ER-19,True
COR04001,ER,PZ0342,FDR-PZ0342-B,TSS-ER-20,True
COR08338,ER,PZ0343,FDR-PZ0343-B,TSS-ER-21,True
COR00408,ER,PZ0344,FDR-PZ0344-B,TSS-ER-22,True
COR08447,ER,PZ0345,FDR-PZ0345-B,TSS-ER-23,True
COR03857,ER,PZ0346,FDR-PZ0346-B,TSS-ER-24,True
COR03868,ER,PZ0323,FDR-PZ0323-A,TSS-ER-01,True
COR05901,ER,PZ0324,FDR-PZ0324-B,TSS-ER-02,True
COR03133,ER,PZ0325,FDR-PZ0325-B,TSS-ER-03,True
COR02474,ER,PZ0326,FDR-PZ0326-B,TSS-ER-04,True
COR07113,ER,PZ0327,FDR-PZ0327-B,TSS-ER-05,True
COR03124,ER,PZ0328,FDR-PZ0328-A,TSS-ER-06,False
COR01259,ER,PZ0329,FDR-PZ0329-A,TSS-ER-07,False
COR03952,ER,PZ0330,FDR-PZ0330-B,TSS-ER-08,True
COR03183,ER,PZ0331,FDR-PZ0331-B,TSS-ER-09,True
COR05459,ER,PZ0332,FDR-PZ0332-B,TSS-ER-10,True
COR03969,ER,PZ0333,FDR-PZ0333-B,TSS-ER-11,True
COR07773,ER,PZ0334,FDR-PZ0334-A,TSS-ER-12,False
COR07669,ER,PZ0335,FDR-PZ0335-B,TSS-ER-13,False
COR00410,ER,PZ0336,FDR-PZ0336-A,TSS-ER-14,True
COR07659,ER,PZ0337,FDR-PZ0337-B,TSS-ER-15,True
COR02434,ER,PZ0338,FDR-PZ0338-A,TSS-ER-16,True
COR03860,ER,PZ0339,FDR-PZ0339-B,TSS-ER-17,False
COR03866,ER,PZ0340,FDR-PZ0340-B,TSS-ER-18,False
COR07639,ER,PZ0341,FDR-PZ0341-A,TSS-ER-19,False
COR03951,ER,PZ0342,FDR-PZ0342-A,TSS-ER-20,True
COR03950,ER,PZ0343,FDR-PZ0343-A,TSS-ER-21,False
COR07111,ER,PZ0344,FDR-PZ0344-A,TSS-ER-22,True
COR03130,ER,PZ0345,FDR-PZ0345-B,TSS-ER-23,True
COR03869,ER,PZ0346,FDR-PZ0346-A,TSS-ER-24,True
COR07912,ER,PZ0323,FDR-PZ0323-A,TSS-ER-01,True
COR03125,ER,PZ0324,FDR-PZ0324-B,TSS-ER-02,True
COR01163,ER,PZ0325,FDR-PZ0325-A,TSS-ER-03,False
COR06032,ER,PZ0326,FDR-PZ0326-A,TSS-ER-04,True
COR03185,ER,PZ0327,FDR-PZ0327-A,TSS-ER-05,False
COR07602,ER,PZ0328,FDR-PZ0328-A,TSS-ER-06,True
COR03980,ER,PZ0329,FDR-PZ0329-B,TSS-ER-07,True
COR02631,ER,PZ0330,FDR-PZ0330-A,TSS-ER-08,True
COR04576,ER,PZ0331,FDR-PZ0331-B,TSS-ER-09,True
COR08515,ER,PZ0332,FDR-PZ0332-A,TSS-ER-10,True
COR02621,ER,PZ0333,FDR-PZ0333-B,TSS-ER-11,False
COR00411,ER,PZ0334,FDR-PZ0334-A,TSS-ER-12,True
COR08337,ER,PZ0335,FDR-PZ0335-B,TSS-ER-13,False
COR03972,ER,PZ0336,FDR-PZ0336-A,TSS-ER-14,True
COR05466,ER,PZ0337,FDR-PZ0337-A,TSS-ER-15,True
COR07123,ER,PZ0338,FDR-PZ0338-B,TSS-ER-16,True
COR01261,ER,PZ0339,FDR-PZ0339-B,TSS-ER-17,True
COR05905,ER,PZ0340,FDR-PZ0340-B,TSS-ER-18,True
COR07605,ER,PZ0341,FDR-PZ0341-A,TSS-ER-19,False
COR01160,ER,PZ0342,FDR-PZ0342-B,TSS-ER-20,True
COR05470,ER,PZ0343,FDR-PZ0343-A,TSS-ER-21,True
COR03983,ER,PZ0344,FDR-PZ0344-A,TSS-ER-22,False
COR07779,ER,PZ0345,FDR-PZ0345-B,TSS-ER-23,True
COR03121,ER,PZ0346,FDR-PZ0346-A,TSS-ER-24,True
COR07676,ER,PZ0323,FDR-PZ0323-B,TSS-ER-01,False
COR07768,ER,PZ0324,FDR-PZ0324-A,TSS-ER-02,True
COR08444,ER,PZ0325,FDR-PZ0325-B,TSS-ER-03,True
COR00409,ER,PZ0326,FDR-PZ0326-A,TSS-ER-04,True
COR01170,ER,PZ0327,FDR-PZ0327-A,TSS-ER-05,True
COR03959,ER,PZ0328,FDR-PZ0328-A,TSS-ER-06,True
COR05469,ER,PZ0329,FDR-PZ0329-B,TSS-ER-07,False
COR05464,ER,PZ0330,FDR-PZ0330-B,TSS-ER-08,False
COR00405,ER,PZ0331,FDR-PZ0331-B,TSS-ER-09,True
COR02448,ER,PZ0332,FDR-PZ0332-A,TSS-ER-10,True
COR07114,ER,PZ0333,FDR-PZ0333-B,TSS-ER-11,True
COR08514,ER,PZ0334,FDR-PZ0334-B,TSS-ER-12,True
COR08490,ER,PZ0335,FDR-PZ0335-B,TSS-ER-13,False
COR03973,ER,PZ0336,FDR-PZ0336-B,TSS-ER-14,True
COR07650,ER,PZ0337,FDR-PZ0337-A,TSS-ER-15,True
COR03855,ER,PZ0338,FDR-PZ0338-A,TSS-ER-16,True
COR03964,ER,PZ0339,FDR-PZ0339-B,TSS-ER-17,True
COR02447,ER,PZ0340,FDR-PZ0340-B,TSS-ER-18,False
COR03993,ER,PZ0341,FDR-PZ0341-A,TSS-ER-19,True
COR01157,ER,PZ0342,FDR-PZ0342-B,TSS-ER-20,False
COR03994,ER,PZ0343,FDR-PZ0343-A,TSS-ER-21,False
COR07764,ER,PZ0344,FDR-PZ0344-A,TSS-ER-22,True
COR02620,ER,PZ0345,FDR-PZ0345-A,TSS-ER-23,True
COR03871,ER,PZ0346,FDR-PZ0346-A,TSS-ER-24,False
COR02459,ER,PZ0323,FDR-PZ0323-B,TSS-ER-01,True
COR02432,ER,PZ0324,FDR-PZ0324-A,TSS-ER-02,True
COR05902,ER,PZ0325,FDR-PZ0325-B,TSS-ER-03,True
COR03967,ER,PZ0326,FDR-PZ0326-B,TSS-ER-04,True
COR02451,ER,PZ0327,FDR-PZ0327-B,TSS-ER-05,True
COR06909,ER,PZ0328,FDR-PZ0328-B,TSS-ER-06,True
COR06692,ER,PZ0329,FDR-PZ0329-A,TSS-ER-07,True
COR03968,ER,PZ0330,FDR-PZ0330-B,TSS-ER-08,True
COR07679,ER,PZ0331,FDR-PZ0331-A,TSS-ER-09,True
COR04450,ER,PZ0332,FDR-PZ0332-B,TSS-ER-10,True
COR08581,ER,PZ0333,FDR-PZ0333-A,TSS-ER-11,False
COR03126,ER,PZ0334,FDR-PZ0334-B,TSS-ER-12,True
COR07116,ER,PZ0335,FDR-PZ0335-B,TSS-ER-13,True
COR01256,ER,PZ0336,FDR-PZ0336-A,TSS-ER-14,True
COR05607,ER,PZ0337,FDR-PZ0337-A,TSS-ER-15,True
COR03995,ER,PZ0338,FDR-PZ0338-A,TSS-ER-16,True
COR07774,ER,PZ0339,FDR-PZ0339-A,TSS-ER-17,False
COR05460,ER,PZ0340,FDR-PZ0340-A,TSS-ER-18,False
COR06642,ER,PZ0341,FDR-PZ0341-B,TSS-ER-19,True
COR07341,ER,PZ0342,FDR-PZ0342-A,TSS-ER-20,True
COR05653,ER,PZ0343,FDR-PZ0343-B,TSS-ER-21,True
COR07110,ER,PZ0344,FDR-PZ0344-B,TSS-ER-22,False
COR02635,ER,PZ0345,FDR-PZ0345-A,TSS-ER-23,True
COR08580,ER,PZ0346,FDR-PZ0346-B,TSS-ER-24,True
COR03947,ER,PZ0323,FDR-PZ0323-B,TSS-ER-01,True
COR07748,ER,PZ0324,FDR-PZ0324-A,TSS-ER-02,True
COR03953,ER,PZ0325,FDR-PZ0325-B,TSS-ER-03,True
COR05512,ER,PZ0326,FDR-PZ0326-B,TSS-ER-04,True
COR06907,ER,PZ0327,FDR-PZ0327-B,TSS-ER-05,True
COR02638,ER,PZ0328,FDR-PZ0328-A,TSS-ER-06,False
COR05471,ER,PZ0329,FDR-PZ0329-B,TSS-ER-07,True
COR05462,ER,PZ0330,FDR-PZ0330-A,TSS-ER-08,True
COR07665,ER,PZ0331,FDR-PZ0331-A,TSS-ER-09,True
COR02438,ER,PZ0332,FDR-PZ0332-A,TSS-ER-10,True
COR02444,ER,PZ0333,FDR-PZ0333-A,TSS-ER-11,True
COR07658,ER,PZ0334,FDR-PZ0334-A,TSS-ER-12,True
COR07636,ER,PZ0335,FDR-PZ0335-B,TSS-ER-13,True
COR00400,ER,PZ0336,FDR-PZ0336-B,TSS-ER-14,True
COR07776,ER,PZ0337,FDR-PZ0337-B,TSS-ER-15,True
COR06963,ER,PZ0338,FDR-PZ0338-B,TSS-ER-16,False
COR02636,ER,PZ0339,FDR-PZ0339-B,TSS-ER-17,True
COR06640,ER,PZ0340,FDR-PZ0340-B,TSS-ER-18,True
COR03981,ER,PZ0341,FDR-PZ0341-B,TSS-ER-19,True
COR07362,ER,PZ0342,FDR-PZ0342-B,TSS-ER-20,True
COR05476,ER,PZ0343,FDR-PZ0343-B,TSS-ER-21,True
COR08448,ER,PZ0344,FDR-PZ0344-B,TSS-ER-22,False
COR08488,ER,PZ0345,FDR-PZ0345-A,TSS-ER-23,True
COR07763,ER,PZ0346,FDR-PZ0346-A,TSS-ER-24,True
COR03123,ER,PZ0323,FDR-PZ0323-A,TSS-ER-01,True
COR05602,ER,PZ0324,FDR-PZ0324-A,TSS-ER-02,True
COR02456,ER,PZ0325,FDR-PZ0325-B,TSS-ER-03,True
COR02628,ER,PZ0326,FDR-PZ0326-A,TSS-ER-04,True
COR02627,ER,PZ0327,FDR-PZ0327-A,TSS-ER-05,False
COR02469,ER,PZ0328,FDR-PZ0328-A,TSS-ER-06,True
COR07666,ER,PZ0329,FDR-PZ0329-A,TSS-ER-07,True
COR04573,ER,PZ0330,FDR-PZ0330-A,TSS-ER-08,False
COR02618,ER,PZ0331,FDR-PZ0331-A,TSS-ER-09,True
COR03949,ER,PZ0332,FDR-PZ0332-A,TSS-ER-10,True
COR07598,ER,PZ0333,FDR-PZ0333-B,TSS-ER-11,True
COR03992,ER,PZ0334,FDR-PZ0334-B,TSS-ER-12,False
COR08540,ER,PZ0335,FDR-PZ0335-B,TSS-ER-13,True
COR02470,ER,PZ0336,FDR-PZ0336-A,TSS-ER-14,True
COR02471,ER,PZ0337,FDR-PZ0337-A,TSS-ER-15,True
COR06964,ER,PZ0338,FDR-PZ0338-B,TSS-ER-16,True
COR03963,ER,PZ0339,FDR-PZ0339-A,TSS-ER-17,False
COR05506,ER,PZ0340,FDR-PZ0340-A,TSS-ER-18,True
COR03066,ER,PZ0341,FDR-PZ0341-A,TSS-ER-19,True
COR02467,ER,PZ0342,FDR-PZ0342-A,TSS-ER-20,True
COR01166,ER,PZ0343,FDR-PZ0343-B,TSS-ER-21,True
COR03870,ER,PZ0344,FDR-PZ0344-B,TSS-ER-22,False
COR06641,ER,PZ0345,FDR-PZ0345-B,TSS-ER-23,True
COR06638,ER,PZ0346,FDR-PZ0346-B,TSS-ER-24,True
COR07656,ER,PZ0323,FDR-PZ0323-B,TSS-ER-01,False
COR07120,ER,PZ0324,FDR-PZ0324-B,TSS-ER-02,True
COR03167,ER,PZ0325,FDR-PZ0325-A,TSS-ER-03,False
COR04621,ER,PZ0326,FDR-PZ0326-A,TSS-ER-04,True
COR07645,ER,PZ0327,FDR-PZ0327-B,TSS-ER-05,True
COR07668,ER,PZ0328,FDR-PZ0328-B,TSS-ER-06,False
COR04000,ER,PZ0329,FDR-PZ0329-B,TSS-ER-07,True
COR05079,ER,PZ0330,FDR-PZ0330-B,TSS-ER-08,True
COR02433,ER,PZ0331,FDR-PZ0331-A,TSS-ER-09,True
COR02466,ER,PZ0332,FDR-PZ0332-A,TSS-ER-10,True
COR01162,ER,PZ0333,FDR-PZ0333-B,TSS-ER-11,True
COR07361,ER,PZ0334,FDR-PZ0334-A,TSS-ER-12,True
COR07646,ER,PZ0335,FDR-PZ0335-A,TSS-ER-13,False
COR03319,ER,PZ0336,FDR-PZ0336-B,TSS-ER-14,True
COR08577,ER,PZ0337,FDR-PZ0337-A,TSS-ER-15,True
COR07637,ER,PZ0338,FDR-PZ0338-B,TSS-ER-16,True
COR03867,ER,PZ0339,FDR-PZ0339-B,TSS-ER-17,False
COR07122,ER,PZ0340,FDR-PZ0340-A,TSS-ER-18,True
COR00414,ER,PZ0341,FDR-PZ0341-B,TSS-ER-19,True
COR07638,ER,PZ0342,FDR-PZ0342-B,TSS-ER-20,True
COR05508,ER,PZ0343,FDR-PZ0343-B,TSS-ER-21,True
COR08578,ER,PZ0344,FDR-PZ0344-B,TSS-ER-22,True
COR05465,ER,PZ0345,FDR-PZ0345-B,TSS-ER-23,False
COR03988,ER,PZ0346,FDR-PZ0346-B,TSS-ER-24,True
COR08576,ER,PZ0323,FDR-PZ0323-B,TSS-ER-01,False
COR08484,ER,PZ0324,FDR-PZ0324-A,TSS-ER-02,False
COR03122,ER,PZ0325,FDR-PZ0325-A,TSS-ER-03,False
COR07651,ER,PZ0326,FDR-PZ0326-A,TSS-ER-04,True
COR00407,ER,PZ0327,FDR-PZ0327-A,TSS-ER-05,True
COR02443,ER,PZ0328,FDR-PZ0328-B,TSS-ER-06,True
COR02632,ER,PZ0329,FDR-PZ0329-A,TSS-ER-07,False
COR06910,ER,PZ0330,FDR-PZ0330-B,TSS-ER-08,True
COR08449,ER,PZ0331,FDR-PZ0331-A,TSS-ER-09,True
COR06961,ER,PZ0332,FDR-PZ0332-B,TSS-ER-10,False
COR03856,ER,PZ0333,FDR-PZ0333-B,TSS-ER-11,True
COR04617,ER,PZ0334,FDR-PZ0334-B,TSS-ER-12,False
COR03865,ER,PZ0335,FDR-PZ0335-B,TSS-ER-13,False
COR02625,ER,PZ0336,FDR-PZ0336-B,TSS-ER-14,False
COR07766,ER,PZ0337,FDR-PZ0337-A,TSS-ER-15,False
COR00415,ER,PZ0338,FDR-PZ0338-A,TSS-ER-16,True
COR07633,ER,PZ0339,FDR-PZ0339-A,TSS-ER-17,True
COR07765,ER,PZ0340,FDR-PZ0340-B,TSS-ER-18,False
COR03984,ER,PZ0341,FDR-PZ0341-A,TSS-ER-19,True
COR07597,ER,PZ0342,FDR-PZ0342-A,TSS-ER-20,True
COR02619,ER,PZ0343,FDR-PZ0343-A,TSS-ER-21,True
COR03858,ER,PZ0344,FDR-PZ0344-B,TSS-ER-22,False
COR07631,ER,PZ0345,FDR-PZ0345-A,TSS-ER-23,False
COR08335,ER,PZ0346,FDR-PZ0346-A,TSS-ER-24,True
COR07663,ER,PZ0323,FDR-PZ0323-B,TSS-ER-01,False
COR05513,ER,PZ0324,FDR-PZ0324-A,TSS-ER-02,True
COR05509,ER,PZ0325,FDR-PZ0325-B,TSS-ER-03,True
COR07641,ER,PZ0326,FDR-PZ0326-A,TSS-ER-04,True
COR01257,ER,PZ0327,FDR-PZ0327-A,TSS-ER-05,False
COR01434,ER,PZ0328,FDR-PZ0328-B,TSS-ER-06,True
COR02639,ER,PZ0329,FDR-PZ0329-A,TSS-ER-07,True
COR03974,ER,PZ0330,FDR-PZ0330-A,TSS-ER-08,True
COR03979,ER,PZ0331,FDR-PZ0331-B,TSS-ER-09,False
COR07673,ER,PZ0332,FDR-PZ0332-A,TSS-ER-10,True
COR08487,ER,PZ0333,FDR-PZ0333-B,TSS-ER-11,True
COR02622,ER,PZ0334,FDR-PZ0334-B,TSS-ER-12,True
COR03859,ER,PZ0335,FDR-PZ0335-A,TSS-ER-13,False
COR05514,ER,PZ0336,FDR-PZ0336-B,TSS-ER-14,False
COR03960,ER,PZ0337,FDR-PZ0337-A,TSS-ER-15,False
COR03166,ER,PZ0338,FDR-PZ0338-B,TSS-ER-16,True
COR01255,ER,PZ0339,FDR-PZ0339-B,TSS-ER-17,True
COR07777,ER,PZ0340,FDR-PZ0340-A,TSS-ER-18,True
COR07642,ER,PZ0341,FDR-PZ0341-A,TSS-ER-19,False
COR05525,ER,PZ0342,FDR-PZ0342-A,TSS-ER-20,True
COR01260,ER,PZ0343,FDR-PZ0343-A,TSS-ER-21,False
COR03996,ER,PZ0344,FDR-PZ0344-B,TSS-ER-22,True
COR05516,ER,PZ0345,FDR-PZ0345-B,TSS-ER-23,True
COR00399,ER,PZ0346,FDR-PZ0346-A,TSS-ER-24,True
COR07661,ER,PZ0323,FDR-PZ0323-A,TSS-ER-01,True
COR08445,ER,PZ0324,FDR-PZ0324-B,TSS-ER-02,False
COR06644,ER,PZ0325,FDR-PZ0325-A,TSS-ER-03,False
COR07662,ER,PZ0326,FDR-PZ0326-A,TSS-ER-04,True
COR07769,ER,PZ0327,FDR-PZ0327-B,TSS-ER-05,True
COR03945,ER,PZ0328,FDR-PZ0328-A,TSS-ER-06,True
COR02623,ER,PZ0329,FDR-PZ0329-B,TSS-ER-07,True
COR03976,ER,PZ0330,FDR-PZ0330-A,TSS-ER-08,False
COR05652,ER,PZ0331,FDR-PZ0331-B,TSS-ER-09,True
COR08489,ER,PZ0332,FDR-PZ0332-B,TSS-ER-10,True
COR05480,ER,PZ0333,FDR-PZ0333-B,TSS-ER-11,True
COR07635,ER,PZ0334,FDR-PZ0334-B,TSS-ER-12,True
COR03977,ER,PZ0335,FDR-PZ0335-B,TSS-ER-13,True
COR03946,ER,PZ0336,FDR-PZ0336-A,TSS-ER-14,True
COR04619,ER,PZ0337,FDR-PZ0337-A,TSS-ER-15,True
COR07630,ER,PZ0338,FDR-PZ0338-B,TSS-ER-16,True
COR02630,ER,PZ0339,FDR-PZ0339-B,TSS-ER-17,True
COR07678,ER,PZ0340,FDR-PZ0340-B,TSS-ER-18,True
COR02457,ER,PZ0341,FDR-PZ0341-A,TSS-ER-19,True
COR02442,ER,PZ0342,FDR-PZ0342-B,TSS-ER-20,False
COR03958,ER,PZ0343,FDR-PZ0343-B,TSS-ER-21,True
COR07632,ER,PZ0344,FDR-PZ0344-B,TSS-ER-22,True
COR02460,ER,PZ0345,FDR-PZ0345-B,TSS-ER-23,True
COR00412,ER,PZ0346,FDR-PZ0346-A,TSS-ER-24,True
COR01164,ER,PZ0323,FDR-PZ0323-B,TSS-ER-01,True
COR07771,ER,PZ0324,FDR-PZ0324-A,TSS-ER-02,True
COR08336,ER,PZ0325,FDR-PZ0325-A,TSS-ER-03,True
COR05907,ER,PZ0326,FDR-PZ0326-A,TSS-ER-04,True
COR07778,ER,PZ0327,FDR-PZ0327-A,TSS-ER-05,True
COR02463,ER,PZ0328,FDR-PZ0328-B,TSS-ER-06,False
COR01169,ER,PZ0329,FDR-PZ0329-B,TSS-ER-07,True
COR03971,ER,PZ0330,FDR-PZ0330-B,TSS-ER-08,False
COR03862,ER,PZ0331,FDR-PZ0331-B,TSS-ER-09,True
COR03997,ER,PZ0332,FDR-PZ0332-A,TSS-ER-10,True
COR05522,ER,PZ0333,FDR-PZ0333-B,TSS-ER-11,True
COR03318,ER,PZ0334,FDR-PZ0334-B,TSS-ER-12,True
COR07672,ER,PZ0335,FDR-PZ0335-A,TSS-ER-13,True
COR01158,ER,PZ0336,FDR-PZ0336-B,TSS-ER-14,False
COR00403,ER,PZ0337,FDR-PZ0337-B,TSS-ER-15,True
COR08517,ER,PZ0338,FDR-PZ0338-A,TSS-ER-16,True
COR00417,ER,PZ0339,FDR-PZ0339-B,TSS-ER-17,True
COR02452,ER,PZ0340,FDR-PZ0340-B,TSS-ER-18,True
COR07653,ER,PZ0341,FDR-PZ0341-B,TSS-ER-19,False
COR02455,ER,PZ0342,FDR-PZ0342-A,TSS-ER-20,True
COR05604,ER,PZ0343,FDR-PZ0343-A,TSS-ER-21,True
COR04971,ER,PZ0344,FDR-PZ0344-A,TSS-ER-22,True
COR03948,ER,PZ0345,FDR-PZ0345-A,TSS-ER-23,True
COR03965,ER,PZ0346,FDR-PZ0346-A,TSS-ER-24,True
COR03987,ER,PZ0323,FDR-PZ0323-A,TSS-ER-01,True
COR07657,ER,PZ0324,FDR-PZ0324-B,TSS-ER-02,True
COR07342,ER,PZ0325,FDR-PZ0325-B,TSS-ER-03,True
COR06691,ER,PZ0326,FDR-PZ0326-A,TSS-ER-04,True
COR03322,ER,PZ0327,FDR-PZ0327-A,TSS-ER-05,False
COR02624,ER,PZ0328,FDR-PZ0328-B,TSS-ER-06,True
COR03954,ER,PZ0329,FDR-PZ0329-A,TSS-ER-07,True
COR05472,ER,PZ0330,FDR-PZ0330-B,TSS-ER-08,True
COR03861,ER,PZ0331,FDR-PZ0331-A,TSS-ER-09,True
COR03874,ER,PZ0332,FDR-PZ0332-A,TSS-ER-10,True
COR07677,ER,PZ0333,FDR-PZ0333-B,TSS-ER-11,False
COR01159,ER,PZ0334,FDR-PZ0334-B,TSS-ER-12,False
COR07762,ER,PZ0335,FDR-PZ0335-B,TSS-ER-13,False
COR04975,ER,PZ0336,FDR-PZ0336-B,TSS-ER-14,True
COR02446,ER,PZ0337,FDR-PZ0337-A,TSS-ER-15,False
COR02476,ER,PZ0338,FDR-PZ0338-B,TSS-ER-16,True
COR07126,ER,PZ0339,FDR-PZ0339-B,TSS-ER-17,True
COR01168,ER,PZ0340,FDR-PZ0340-B,TSS-ER-18,True
COR02454,ER,PZ0341,FDR-PZ0341-B,TSS-ER-19,False
COR04452,ER,PZ0342,FDR-PZ0342-A,TSS-ER-20,True
COR05524,ER,PZ0343,FDR-PZ0343-B,TSS-ER-21,False
COR07644,ER,PZ0344,FDR-PZ0344-A,TSS-ER-22,False
COR00402,ER,PZ0345,FDR-PZ0345-B,TSS-ER-23,False
COR02441,ER,PZ0346,FDR-PZ0346-B,TSS-ER-24,False
COR02468,ER,PZ0323,FDR-PZ0323-A,TSS-ER-01,True
COR03131,ER,PZ0324,FDR-PZ0324-A,TSS-ER-02,True
COR02439,ER,PZ0325,FDR-PZ0325-A,TSS-ER-03,True
COR08452,ER,PZ0326,FDR-PZ0326-A,TSS-ER-04,True
COR05603,ER,PZ0327,FDR-PZ0327-B,TSS-ER-05,True
COR05477,ER,PZ0328,FDR-PZ0328-B,TSS-ER-06,False
COR07649,ER,PZ0329,FDR-PZ0329-A,TSS-ER-07,True
COR06908,ER,PZ0330,FDR-PZ0330-A,TSS-ER-08,True
COR05482,ER,PZ0331,FDR-PZ0331-B,TSS-ER-09,True
COR07674,ER,PZ0332,FDR-PZ0332-B,TSS-ER-10,True
COR07115,ER,PZ0333,FDR-PZ0333-A,TSS-ER-11,True
COR08454,ER,PZ0334,FDR-PZ0334-A,TSS-ER-12,False
COR02637,ER,PZ0335,FDR-PZ0335-B,TSS-ER-13,True
COR07815,ER,PZ0336,FDR-PZ0336-B,TSS-ER-14,False
COR04974,ER,PZ0337,FDR-PZ0337-A,TSS-ER-15,True
COR07601,ER,PZ0338,FDR-PZ0338-B,TSS-ER-16,True
COR05904,ER,PZ0339,FDR-PZ0339-B,TSS-ER-17,False
COR02453,ER,PZ0340,FDR-PZ0340-A,TSS-ER-18,False
COR03991,ER,PZ0341,FDR-PZ0341-A,TSS-ER-19,True
COR05463,ER,PZ0342,FDR-PZ0342-A,TSS-ER-20,False
COR03944,ER,PZ0343,FDR-PZ0343-A,TSS-ER-21,False
COR05651,ER,PZ0344,FDR-PZ0344-A,TSS-ER-22,True
COR01161,ER,PZ0345,FDR-PZ0345-B,TSS-ER-23,True
COR02640,ER,PZ0346,FDR-PZ0346-A,TSS-ER-24,True
COR02462,ER,PZ0323,FDR-PZ0323-B,TSS-ER-01,True
COR02475,ER,PZ0324,FDR-PZ0324-A,TSS-ER-02,True
COR05519,ER,PZ0325,FDR-PZ0325-B,TSS-ER-03,True
COR07172,ER,PZ0326,FDR-PZ0326-B,TSS-ER-04,True
COR07109,ER,PZ0327,FDR-PZ0327-A,TSS-ER-05,True
COR07761,ER,PZ0328,FDR-PZ0328-B,TSS-ER-06,False
COR07119,ER,PZ0329,FDR-PZ0329-A,TSS-ER-07,False
COR07643,ER,PZ0330,FDR-PZ0330-A,TSS-ER-08,True
COR05479,ER,PZ0331,FDR-PZ0331-B,TSS-ER-09,True
COR00406,ER,PZ0332,FDR-PZ0332-B,TSS-ER-10,True
COR03168,ER,PZ0333,FDR-PZ0333-A,TSS-ER-11,True
COR03985,ER,PZ0334,FDR-PZ0334-B,TSS-ER-12,True
COR07817,ER,PZ0335,FDR-PZ0335-B,TSS-ER-13,True
COR03184,ER,PZ0336,FDR-PZ0336-B,TSS-ER-14,True
COR07913,ER,PZ0337,FDR-PZ0337-B,TSS-ER-15,False
COR05526,ER,PZ0338,FDR-PZ0338-B,TSS-ER-16,True
COR02641,ER,PZ0339,FDR-PZ0339-A,TSS-ER-17,True
COR03321,ER,PZ0340,FDR-PZ0340-B,TSS-ER-18,False
COR04574,ER,PZ0341,FDR-PZ0341-A,TSS-ER-19,True
COR05601,ER,PZ0342,FDR-PZ0342-A,TSS-ER-20,True
COR03317,ER,PZ0343,FDR-PZ0343-A,TSS-ER-21,True
COR03165,ER,PZ0344,FDR-PZ0344-A,TSS-ER-22,True
COR07772,ER,PZ0345,FDR-PZ0345-A,TSS-ER-23,True
COR07340,ER,PZ0346,FDR-PZ0346-B,TSS-ER-24,True
COR07759,ER,PZ0323,FDR-PZ0323-B,TSS-ER-01,True
COR03128,ER,PZ0324,FDR-PZ0324-B,TSS-ER-02,True
COR05906,ER,PZ0325,FDR-PZ0325-B,TSS-ER-03,True
COR07640,ER,PZ0326,FDR-PZ0326-B,TSS-ER-04,True
COR03129,ER,PZ0327,FDR-PZ0327-A,TSS-ER-05,True
COR05606,ER,PZ0328,FDR-PZ0328-A,TSS-ER-06,False
COR05903,ER,PZ0329,FDR-PZ0329-A,TSS-ER-07,True
COR08485,ER,PZ0330,FDR-PZ0330-A,TSS-ER-08,True
COR05523,ER,PZ0331,FDR-PZ0331-B,TSS-ER-09,True
COR03978,ER,PZ0332,FDR-PZ0332-A,TSS-ER-10,True
COR02450,ER,PZ0333,FDR-PZ0333-A,TSS-ER-11,True
COR06031,ER,PZ0334,FDR-PZ0334-A,TSS-ER-12,True
COR03863,ER,PZ0335,FDR-PZ0335-B,TSS-ER-13,True
COR00606,SCR,PZ0347,FDR-PZ0347-A,TSS-SCR-01,True
COR07714,SCR,PZ0348,FDR-PZ0348-B,TSS-SCR-02,True
COR00855,SCR,PZ0349,FDR-PZ0349-B,TSS-SCR-03,True
COR07192,SCR,PZ0350,FDR-PZ0350-A,TSS-SCR-04,True
COR05060,SCR,PZ0351,FDR-PZ0351-B,TSS-SCR-05,False
COR00439,SCR,PZ0352,FDR-PZ0352-B,TSS-SCR-06,False
COR01871,SCR,PZ0353,FDR-PZ0353-B,TSS-SCR-07,True
COR02754,SCR,PZ0354,FDR-PZ0354-B,TSS-SCR-08,True
COR07319,SCR,PZ0355,FDR-PZ0355-A,TSS-SCR-09,True
COR00876,SCR,PZ0356,FDR-PZ0356-B,TSS-SCR-10,True
COR00857,SCR,PZ0357,FDR-PZ0357-B,TSS-SCR-11,False
COR06289,SCR,PZ0358,FDR-PZ0358-A,TSS-SCR-12,False
COR05350,SCR,PZ0359,FDR-PZ0359-A,TSS-SCR-13,True
COR07380,SCR,PZ0360,FDR-PZ0360-B,TSS-SCR-14,False
COR07322,SCR,PZ0361,FDR-PZ0361-A,TSS-SCR-15,True
COR01954,SCR,PZ0362,FDR-PZ0362-B,TSS-SCR-16,True
COR00607,SCR,PZ0363,FDR-PZ0363-B,TSS-SCR-17,True
COR01889,SCR,PZ0364,FDR-PZ0364-A,TSS-SCR-18,True
COR00615,SCR,PZ0365,FDR-PZ0365-B,TSS-SCR-19,True
COR01111,SCR,PZ0366,FDR-PZ0366-A,TSS-SCR-20,True
COR04883,SCR,PZ0367,FDR-PZ0367-B,TSS-SCR-21,True
COR08019,SCR,PZ0368,FDR-PZ0368-B,TSS-SCR-22,True
COR01907,SCR,PZ0369,FDR-PZ0369-B,TSS-SCR-23,True
COR03655,SCR,PZ0370,FDR-PZ0370-A,TSS-SCR-24,True
COR00860,SCR,PZ0371,FDR-PZ0371-A,TSS-SCR-25,False
COR03013,SCR,PZ0372,FDR-PZ0372-A,TSS-SCR-26,True
COR01537,SCR,PZ0373,FDR-PZ0373-A,TSS-SCR-27,False
COR07191,SCR,PZ0374,FDR-PZ0374-B,TSS-SCR-28,True
COR01894,SCR,PZ0347,FDR-PZ0347-B,TSS-SCR-01,True
COR07712,SCR,PZ0348,FDR-PZ0348-A,TSS-SCR-02,True
COR01935,SCR,PZ0349,FDR-PZ0349-A,TSS-SCR-03,True
COR02752,SCR,PZ0350,FDR-PZ0350-B,TSS-SCR-04,True
COR01899,SCR,PZ0351,FDR-PZ0351-B,TSS-SCR-05,True
COR01098,SCR,PZ0352,FDR-PZ0352-A,TSS-SCR-06,True
COR03645,SCR,PZ0353,FDR-PZ0353-A,TSS-SCR-07,True
COR03656,SCR,PZ0354,FDR-PZ0354-B,TSS-SCR-08,True
COR04714,SCR,PZ0355,FDR-PZ0355-A,TSS-SCR-09,True
COR00900,SCR,PZ0356,FDR-PZ0356-A,TSS-SCR-10,False
COR02130,SCR,PZ0357,FDR-PZ0357-A,TSS-SCR-11,True
COR05349,SCR,PZ0358,FDR-PZ0358-B,TSS-SCR-12,True
COR07179,SCR,PZ0359,FDR-PZ0359-A,TSS-SCR-13,True
COR00450,SCR,PZ0360,FDR-PZ0360-B,TSS-SCR-14,True
COR00902,SCR,PZ0361,FDR-PZ0361-A,TSS-SCR-15,True
COR03653,SCR,PZ0362,FDR-PZ0362-B,TSS-SCR-16,False
COR02957,SCR,PZ0363,FDR-PZ0363-A,TSS-SCR-17,True
COR00853,SCR,PZ0364,FDR-PZ0364-B,TSS-SCR-18,True
COR06292,SCR,PZ0365,FDR-PZ0365-B,TSS-SCR-19,False
COR05354,SCR,PZ0366,FDR-PZ0366-B,TSS-SCR-20,True
COR01880,SCR,PZ0367,FDR-PZ0367-A,TSS-SCR-21,False
COR01938,SCR,PZ0368,FDR-PZ0368-B,TSS-SCR-22,False
COR04880,SCR,PZ0369,FDR-PZ0369-A,TSS-SCR-23,False
COR00905,SCR,PZ0370,FDR-PZ0370-B,TSS-SCR-24,True
COR05267,SCR,PZ0371,FDR-PZ0371-A,TSS-SCR-25,True
COR01952,SCR,PZ0372,FDR-PZ0372-B,TSS-SCR-26,True
COR05636,SCR,PZ0373,FDR-PZ0373-B,TSS-SCR-27,False
COR03648,SCR,PZ0374,FDR-PZ0374-B,TSS-SCR-28,False
COR02138,SCR,PZ0347,FDR-PZ0347-B,TSS-SCR-01,False
COR01949,SCR,PZ0348,FDR-PZ0348-A,TSS-SCR-02,True
COR02759,SCR,PZ0349,FDR-PZ0349-A,TSS-SCR-03,True
COR03016,SCR,PZ0350,FDR-PZ0350-B,TSS-SCR-04,True
COR08036,SCR,PZ0351,FDR-PZ0351-B,TSS-SCR-05,True
COR01105,SCR,PZ0352,FDR-PZ0352-A,TSS-SCR-06,True
COR06281,SCR,PZ0353,FDR-PZ0353-A,TSS-SCR-07,True
COR01591,SCR,PZ0354,FDR-PZ0354-B,TSS-SCR-08,True
COR00868,SCR,PZ0355,FDR-PZ0355-A,TSS-SCR-09,True
COR00437,SCR,PZ0356,FDR-PZ0356-B,TSS-SCR-10,True
COR02749,SCR,PZ0357,FDR-PZ0357-A,TSS-SCR-11,True
COR05620,SCR,PZ0358,FDR-PZ0358-B,TSS-SCR-12,True
COR07727,SCR,PZ0359,FDR-PZ0359-B,TSS-SCR-13,True
COR00887,SCR,PZ0360,FDR-PZ0360-A,TSS-SCR-14,True
COR03657,SCR,PZ0361,FDR-PZ0361-A,TSS-SCR-15,False
COR01533,SCR,PZ0362,FDR-PZ0362-B,TSS-SCR-16,False
COR04842,SCR,PZ0363,FDR-PZ0363-A,TSS-SCR-17,True
COR07376,SCR,PZ0364,FDR-PZ0364-A,TSS-SCR-18,True
COR03637,SCR,PZ0365,FDR-PZ0365-B,TSS-SCR-19,True
COR01886,SCR,PZ0366,FDR-PZ0366-B,TSS-SCR-20,False
COR01925,SCR,PZ0367,FDR-PZ0367-A,TSS-SCR-21,True
COR07183,SCR,PZ0368,FDR-PZ0368-A,TSS-SCR-22,True
COR01532,SCR,PZ0369,FDR-PZ0369-B,TSS-SCR-23,True
COR00869,SCR,PZ0370,FDR-PZ0370-A,TSS-SCR-24,False
COR00609,SCR,PZ0371,FDR-PZ0371-A,TSS-SCR-25,True
COR04885,SCR,PZ0372,FDR-PZ0372-B,TSS-SCR-26,True
COR02142,SCR,PZ0373,FDR-PZ0373-B,TSS-SCR-27,False
COR01536,SCR,PZ0374,FDR-PZ0374-B,TSS-SCR-28,False
COR01908,SCR,PZ0347,FDR-PZ0347-A,TSS-SCR-01,True
COR07193,SCR,PZ0348,FDR-PZ0348-B,TSS-SCR-02,True
COR00423,SCR,PZ0349,FDR-PZ0349-B,TSS-SCR-03,True
COR07724,SCR,PZ0350,FDR-PZ0350-A,TSS-SCR-04,True
COR00457,SCR,PZ0351,FDR-PZ0351-B,TSS-SCR-05,False
COR00878,SCR,PZ0352,FDR-PZ0352-A,TSS-SCR-06,False
COR00446,SCR,PZ0353,FDR-PZ0353-A,TSS-SCR-07,True
COR00459,SCR,PZ0354,FDR-PZ0354-A,TSS-SCR-08,False
COR07314,SCR,PZ0355,FDR-PZ0355-B,TSS-SCR-09,True
COR02958,SCR,PZ0356,FDR-PZ0356-B,TSS-SCR-10,True
COR00619,SCR,PZ0357,FDR-PZ0357-B,TSS-SCR-11,True
COR06293,SCR,PZ0358,FDR-PZ0358-B,TSS-SCR-12,True
COR01936,SCR,PZ0359,FDR-PZ0359-B,TSS-SCR-13,True
COR01539,SCR,PZ0360,FDR-PZ0360-B,TSS-SCR-14,True
COR01881,SCR,PZ0361,FDR-PZ0361-A,TSS-SCR-15,True
COR03015,SCR,PZ0362,FDR-PZ0362-B,TSS-SCR-16,True
COR01933,SCR,PZ0363,FDR-PZ0363-A,TSS-SCR-17,True
COR03652,SCR,PZ0364,FDR-PZ0364-A,TSS-SCR-18,True
COR05622,SCR,PZ0365,FDR-PZ0365-B,TSS-SCR-19,False
COR04725,SCR,PZ0366,FDR-PZ0366-A,TSS-SCR-20,True
COR00912,SCR,PZ0367,FDR-PZ0367-A,TSS-SCR-21,True
COR00915,SCR,PZ0368,FDR-PZ0368-A,TSS-SCR-22,True
COR05344,SCR,PZ0369,FDR-PZ0369-B,TSS-SCR-23,True
COR03642,SCR,PZ0370,FDR-PZ0370-B,TSS-SCR-24,False
COR07316,SCR,PZ0371,FDR-PZ0371-A,TSS-SCR-25,True
COR01895,SCR,PZ0372,FDR-PZ0372-A,TSS-SCR-26,True
COR00903,SCR,PZ0373,FDR-PZ0373-A,TSS-SCR-27,True
COR03638,SCR,PZ0374,FDR-PZ0374-A,TSS-SCR-28,True
COR01915,SCR,PZ0347,FDR-PZ0347-B,TSS-SCR-01,True
COR03073,SCR,PZ0348,FDR-PZ0348-B,TSS-SCR-02,True
COR02753,SCR,PZ0349,FDR-PZ0349-A,TSS-SCR-03,True
COR07312,SCR,PZ0350,FDR-PZ0350-B,TSS-SCR-04,False
COR00913,SCR,PZ0351,FDR-PZ0351-B,TSS-SCR-05,True
COR07317,SCR,PZ0352,FDR-PZ0352-A,TSS-SCR-06,False
COR04839,SCR,PZ0353,FDR-PZ0353-B,TSS-SCR-07,False
COR02960,SCR,PZ0354,FDR-PZ0354-A,TSS-SCR-08,True
COR05347,SCR,PZ0355,FDR-PZ0355-B,TSS-SCR-09,False
COR01917,SCR,PZ0356,FDR-PZ0356-B,TSS-SCR-10,True
COR02955,SCR,PZ0357,FDR-PZ0357-B,TSS-SCR-11,False
COR01906,SCR,PZ0358,FDR-PZ0358-B,TSS-SCR-12,True
COR04711,SCR,PZ0359,FDR-PZ0359-B,TSS-SCR-13,True
COR02954,SCR,PZ0360,FDR-PZ0360-A,TSS-SCR-14,True
COR01216,SCR,PZ0361,FDR-PZ0361-B,TSS-SCR-15,True
COR07320,SCR,PZ0362,FDR-PZ0362-A,TSS-SCR-16,True
COR00883,SCR,PZ0363,FDR-PZ0363-B,TSS-SCR-17,True
COR04845,SCR,PZ0364,FDR-PZ0364-A,TSS-SCR-18,False
COR02952,SCR,PZ0365,FDR-PZ0365-B,TSS-SCR-19,False
COR07182,SCR,PZ0366,FDR-PZ0366-B,TSS-SCR-20,True
COR05921,SCR,PZ0367,FDR-PZ0367-A,TSS-SCR-21,True
COR00462,SCR,PZ0368,FDR-PZ0368-B,TSS-SCR-22,False
COR06557,SCR,PZ0369,FDR-PZ0369-A,TSS-SCR-23,True
COR00433,SCR,PZ0370,FDR-PZ0370-A,TSS-SCR-24,True
COR01529,SCR,PZ0371,FDR-PZ0371-B,TSS-SCR-25,True
COR01924,SCR,PZ0372,FDR-PZ0372-A,TSS-SCR-26,True
COR07315,SCR,PZ0373,FDR-PZ0373-A,TSS-SCR-27,False
COR07373,SCR,PZ0374,FDR-PZ0374-B,TSS-SCR-28,True
COR01112,SCR,PZ0347,FDR-PZ0347-A,TSS-SCR-01,True
COR01114,SCR,PZ0348,FDR-PZ0348-B,TSS-SCR-02,False
COR07323,SCR,PZ0349,FDR-PZ0349-B,TSS-SCR-03,True
COR04715,SCR,PZ0350,FDR-PZ0350-B,TSS-SCR-04,True
COR01217,SCR,PZ0351,FDR-PZ0351-A,TSS-SCR-05,True
COR00886,SCR,PZ0352,FDR-PZ0352-A,TSS-SCR-06,False
COR00447,SCR,PZ0353,FDR-PZ0353-B,TSS-SCR-07,True
COR01883,SCR,PZ0354,FDR-PZ0354-B,TSS-SCR-08,True
COR00445,SCR,PZ0355,FDR-PZ0355-B,TSS-SCR-09,False
COR01928,SCR,PZ0356,FDR-PZ0356-B,TSS-SCR-10,False
COR01948,SCR,PZ0357,FDR-PZ0357-B,TSS-SCR-11,False
COR01540,SCR,PZ0358,FDR-PZ0358-B,TSS-SCR-12,False
COR01097,SCR,PZ0359,FDR-PZ0359-B,TSS-SCR-13,True
COR01885,SCR,PZ0360,FDR-PZ0360-B,TSS-SCR-14,True
COR07478,SCR,PZ0361,FDR-PZ0361-A,TSS-SCR-15,True
COR04881,SCR,PZ0362,FDR-PZ0362-A,TSS-SCR-16,True
COR03011,SCR,PZ0363,FDR-PZ0363-B,TSS-SCR-17,True
COR02756,SCR,PZ0364,FDR-PZ0364-B,TSS-SCR-18,False
COR01878,SCR,PZ0365,FDR-PZ0365-B,TSS-SCR-19,True
COR00895,SCR,PZ0366,FDR-PZ0366-A,TSS-SCR-20,True
COR04888,SCR,PZ0367,FDR-PZ0367-A,TSS-SCR-21,True
COR01538,SCR,PZ0368,FDR-PZ0368-B,TSS-SCR-22,True
COR05621,SCR,PZ0369,FDR-PZ0369-A,TSS-SCR-23,True
COR01922,SCR,PZ0370,FDR-PZ0370-A,TSS-SCR-24,False
COR03647,SCR,PZ0371,FDR-PZ0371-B,TSS-SCR-25,False
COR03643,SCR,PZ0372,FDR-PZ0372-B,TSS-SCR-26,True
COR05273,SCR,PZ0373,FDR-PZ0373-B,TSS-SCR-27,True
COR07723,SCR,PZ0374,FDR-PZ0374-A,TSS-SCR-28,True
COR00614,SCR,PZ0347,FDR-PZ0347-A,TSS-SCR-01,True
COR00898,SCR,PZ0348,FDR-PZ0348-B,TSS-SCR-02,True
COR00452,SCR,PZ0349,FDR-PZ0349-B,TSS-SCR-03,True
COR00862,SCR,PZ0350,FDR-PZ0350-B,TSS-SCR-04,False
COR05346,SCR,PZ0351,FDR-PZ0351-B,TSS-SCR-05,True
COR02951,SCR,PZ0352,FDR-PZ0352-B,TSS-SCR-06,False
COR01912,SCR,PZ0353,FDR-PZ0353-B,TSS-SCR-07,True
COR01927,SCR,PZ0354,FDR-PZ0354-B,TSS-SCR-08,True
COR00867,SCR,PZ0355,FDR-PZ0355-B,TSS-SCR-09,True
COR00914,SCR,PZ0356,FDR-PZ0356-B,TSS-SCR-10,True
COR06294,SCR,PZ0357,FDR-PZ0357-A,TSS-SCR-11,True
COR02058,SCR,PZ0358,FDR-PZ0358-A,TSS-SCR-12,False
COR00879,SCR,PZ0359,FDR-PZ0359-A,TSS-SCR-13,False
COR07379,SCR,PZ0360,FDR-PZ0360-A,TSS-SCR-14,True
COR02959,SCR,PZ0361,FDR-PZ0361-B,TSS-SCR-15,True
COR07180,SCR,PZ0362,FDR-PZ0362-A,TSS-SCR-16,True
COR01897,SCR,PZ0363,FDR-PZ0363-A,TSS-SCR-17,True
COR03634,SCR,PZ0364,FDR-PZ0364-B,TSS-SCR-18,True
COR00910,SCR,PZ0365,FDR-PZ0365-B,TSS-SCR-19,True
COR04887,SCR,PZ0366,FDR-PZ0366-B,TSS-SCR-20,False
COR01121,SCR,PZ0367,FDR-PZ0367-A,TSS-SCR-21,False
COR05274,SCR,PZ0368,FDR-PZ0368-B,TSS-SCR-22,True
COR05623,SCR,PZ0369,FDR-PZ0369-A,TSS-SCR-23,True
COR02431,SCR,PZ0370,FDR-PZ0370-B,TSS-SCR-24,False
COR05568,SCR,PZ0371,FDR-PZ0371-A,TSS-SCR-25,True
COR00441,SCR,PZ0372,FDR-PZ0372-B,TSS-SCR-26,False
COR03646,SCR,PZ0373,FDR-PZ0373-A,TSS-SCR-27,True
COR01893,SCR,PZ0374,FDR-PZ0374-B,TSS-SCR-28,True
COR03658,SCR,PZ0347,FDR-PZ0347-B,TSS-SCR-01,True
COR01920,SCR,PZ0348,FDR-PZ0348-B,TSS-SCR-02,True
COR07186,SCR,PZ0349,FDR-PZ0349-B,TSS-SCR-03,False
COR07718,SCR,PZ0350,FDR-PZ0350-B,TSS-SCR-04,True
COR05593,SCR,PZ0351,FDR-PZ0351-B,TSS-SCR-05,True
COR07721,SCR,PZ0352,FDR-PZ0352-A,TSS-SCR-06,True
COR06296,SCR,PZ0353,FDR-PZ0353-B,TSS-SCR-07,True
COR00432,SCR,PZ0354,FDR-PZ0354-B,TSS-SCR-08,True
COR00442,SCR,PZ0355,FDR-PZ0355-A,TSS-SCR-09,True
COR00431,SCR,PZ0356,FDR-PZ0356-A,TSS-SCR-10,True
COR06255,SCR,PZ0357,FDR-PZ0357-A,TSS-SCR-11,True
COR00455,SCR,PZ0358,FDR-PZ0358-B,TSS-SCR-12,True
COR07370,SCR,PZ0359,FDR-PZ0359-A,TSS-SCR-13,True
COR00889,SCR,PZ0360,FDR-PZ0360-B,TSS-SCR-14,True
COR02139,SCR,PZ0361,FDR-PZ0361-A,TSS-SCR-15,True
COR00625,SCR,PZ0362,FDR-PZ0362-A,TSS-SCR-16,True
COR06253,SCR,PZ0363,FDR-PZ0363-A,TSS-SCR-17,True
COR07313,SCR,PZ0364,FDR-PZ0364-A,TSS-SCR-18,True
COR06555,SCR,PZ0365,FDR-PZ0365-A,TSS-SCR-19,False
COR04846,SCR,PZ0366,FDR-PZ0366-B,TSS-SCR-20,False
COR01106,SCR,PZ0367,FDR-PZ0367-B,TSS-SCR-21,True
COR01109,SCR,PZ0368,FDR-PZ0368-A,TSS-SCR-22,False
COR01101,SCR,PZ0369,FDR-PZ0369-A,TSS-SCR-23,True
COR00875,SCR,PZ0370,FDR-PZ0370-A,TSS-SCR-24,False
COR01941,SCR,PZ0371,FDR-PZ0371-A,TSS-SCR-25,True
COR04848,SCR,PZ0372,FDR-PZ0372-B,TSS-SCR-26,True
COR03010,SCR,PZ0373,FDR-PZ0373-B,TSS-SCR-27,False
COR04718,SCR,PZ0374,FDR-PZ0374-B,TSS-SCR-28,True
COR00884,SCR,PZ0347,FDR-PZ0347-A,TSS-SCR-01,True
COR03639,SCR,PZ0348,FDR-PZ0348-A,TSS-SCR-02,False
COR08464,SCR,PZ0349,FDR-PZ0349-B,TSS-SCR-03,False
COR05348,SCR,PZ0350,FDR-PZ0350-A,TSS-SCR-04,True
COR00861,SCR,PZ0351,FDR-PZ0351-A,TSS-SCR-05,True
COR00608,SCR,PZ0352,FDR-PZ0352-A,TSS-SCR-06,True
COR06283,SCR,PZ0353,FDR-PZ0353-A,TSS-SCR-07,True
COR00435,SCR,PZ0354,FDR-PZ0354-B,TSS-SCR-08,True
COR00421,SCR,PZ0355,FDR-PZ0355-B,TSS-SCR-09,True
COR01213,SCR,PZ0356,FDR-PZ0356-A,TSS-SCR-10,True
COR03650,SCR,PZ0357,FDR-PZ0357-A,TSS-SCR-11,False
COR06285,SCR,PZ0358,FDR-PZ0358-B,TSS-SCR-12,True
COR01929,SCR,PZ0359,FDR-PZ0359-A,TSS-SCR-13,False
COR04840,SCR,PZ0360,FDR-PZ0360-A,TSS-SCR-14,True
COR05637,SCR,PZ0361,FDR-PZ0361-A,TSS-SCR-15,True
COR02133,SCR,PZ0362,FDR-PZ0362-A,TSS-SCR-16,False
COR00456,SCR,PZ0363,FDR-PZ0363-A,TSS-SCR-17,False
COR00858,SCR,PZ0364,FDR-PZ0364-B,TSS-SCR-18,True
COR02938,SCR,PZ0365,FDR-PZ0365-A,TSS-SCR-19,True
COR04913,SCR,PZ0366,FDR-PZ0366-B,TSS-SCR-20,True
COR04843,SCR,PZ0367,FDR-PZ0367-B,TSS-SCR-21,True
COR00454,SCR,PZ0368,FDR-PZ0368-A,TSS-SCR-22,False
COR00907,SCR,PZ0369,FDR-PZ0369-B,TSS-SCR-23,True
COR00863,SCR,PZ0370,FDR-PZ0370-B,TSS-SCR-24,False
COR07711,SCR,PZ0371,FDR-PZ0371-B,TSS-SCR-25,False
COR01528,SCR,PZ0372,FDR-PZ0372-A,TSS-SCR-26,True
COR07187,SCR,PZ0373,FDR-PZ0373-A,TSS-SCR-27,True
COR01119,SCR,PZ0374,FDR-PZ0374-B,TSS-SCR-28,True
COR03651,SCR,PZ0347,FDR-PZ0347-A,TSS-SCR-01,False
COR01108,SCR,PZ0348,FDR-PZ0348-B,TSS-SCR-02,True
COR01212,SCR,PZ0349,FDR-PZ0349-A,TSS-SCR-03,True
COR02146,SCR,PZ0350,FDR-PZ0350-A,TSS-SCR-04,True
COR01116,SCR,PZ0351,FDR-PZ0351-A,TSS-SCR-05,False
COR03794,SCR,PZ0352,FDR-PZ0352-B,TSS-SCR-06,True
COR07318,SCR,PZ0353,FDR-PZ0353-A,TSS-SCR-07,True
COR02132,SCR,PZ0354,FDR-PZ0354-A,TSS-SCR-08,False
COR07371,SCR,PZ0355,FDR-PZ0355-A,TSS-SCR-09,True
COR07374,SCR,PZ0356,FDR-PZ0356-A,TSS-SCR-10,True
COR00467,SCR,PZ0357,FDR-PZ0357-B,TSS-SCR-11,True
COR06559,SCR,PZ0358,FDR-PZ0358-B,TSS-SCR-12,True
COR01903,SCR,PZ0359,FDR-PZ0359-B,TSS-SCR-13,True
COR02940,SCR,PZ0360,FDR-PZ0360-B,TSS-SCR-14,False
COR00891,SCR,PZ0361,FDR-PZ0361-B,TSS-SCR-15,False
COR01095,SCR,PZ0362,FDR-PZ0362-B,TSS-SCR-16,True
COR04878,SCR,PZ0363,FDR-PZ0363-A,TSS-SCR-17,True
COR05269,SCR,PZ0364,FDR-PZ0364-B,TSS-SCR-18,True
COR05597,SCR,PZ0365,FDR-PZ0365-B,TSS-SCR-19,True
COR03644,SCR,PZ0366,FDR-PZ0366-A,TSS-SCR-20,True
COR00904,SCR,PZ0367,FDR-PZ0367-B,TSS-SCR-21,True
COR02134,SCR,PZ0368,FDR-PZ0368-A,TSS-SCR-22,True
COR04723,SCR,PZ0369,FDR-PZ0369-B,TSS-SCR-23,False
COR06287,SCR,PZ0370,FDR-PZ0370-B,TSS-SCR-24,False
COR01898,SCR,PZ0371,FDR-PZ0371-A,TSS-SCR-25,True
COR06556,SCR,PZ0372,FDR-PZ0372-A,TSS-SCR-26,True
COR02061,SCR,PZ0373,FDR-PZ0373-A,TSS-SCR-27,True
COR03792,SCR,PZ0374,FDR-PZ0374-A,TSS-SCR-28,True
COR01215,SCR,PZ0347,FDR-PZ0347-A,TSS-SCR-01,True
COR02060,SCR,PZ0348,FDR-PZ0348-A,TSS-SCR-02,False
COR04717,SCR,PZ0349,FDR-PZ0349-B,TSS-SCR-03,False
COR01879,SCR,PZ0350,FDR-PZ0350-A,TSS-SCR-04,True
COR03791,SCR,PZ0351,FDR-PZ0351-B,TSS-SCR-05,True
COR01916,SCR,PZ0352,FDR-PZ0352-A,TSS-SCR-06,True
COR01953,SCR,PZ0353,FDR-PZ0353-A,TSS-SCR-07,False
COR04724,SCR,PZ0354,FDR-PZ0354-B,TSS-SCR-08,False
COR03659,SCR,PZ0355,FDR-PZ0355-A,TSS-SCR-09,True
COR01934,SCR,PZ0356,FDR-PZ0356-A,TSS-SCR-10,False
COR00627,SCR,PZ0357,FDR-PZ0357-A,TSS-SCR-11,True
COR00899,SCR,PZ0358,FDR-PZ0358-A,TSS-SCR-12,True
COR07710,SCR,PZ0359,FDR-PZ0359-B,TSS-SCR-13,False
COR02751,SCR,PZ0360,FDR-PZ0360-B,TSS-SCR-14,True
COR01877,SCR,PZ0361,FDR-PZ0361-A,TSS-SCR-15,True
COR07184,SCR,PZ0362,FDR-PZ0362-A,TSS-SCR-16,False
COR02147,SCR,PZ0363,FDR-PZ0363-B,TSS-SCR-17,True
COR06280,SCR,PZ0364,FDR-PZ0364-A,TSS-SCR-18,True
COR05618,SCR,PZ0365,FDR-PZ0365-B,TSS-SCR-19,True
COR05609,SCR,PZ0366,FDR-PZ0366-B,TSS-SCR-20,True
COR05594,SCR,PZ0367,FDR-PZ0367-A,TSS-SCR-21,True
COR00908,SCR,PZ0368,FDR-PZ0368-A,TSS-SCR-22,True
COR00618,SCR,PZ0369,FDR-PZ0369-A,TSS-SCR-23,True
COR05355,SCR,PZ0370,FDR-PZ0370-A,TSS-SCR-24,True
COR03796,SCR,PZ0371,FDR-PZ0371-A,TSS-SCR-25,True
COR03788,SCR,PZ0372,FDR-PZ0372-A,TSS-SCR-26,True
COR01947,SCR,PZ0373,FDR-PZ0373-A,TSS-SCR-27,True
COR01945,SCR,PZ0374,FDR-PZ0374-A,TSS-SCR-28,True
COR07375,SCR,PZ0347,FDR-PZ0347-B,TSS-SCR-01,False
COR00420,SCR,PZ0348,FDR-PZ0348-A,TSS-SCR-02,True
COR04713,SCR,PZ0349,FDR-PZ0349-A,TSS-SCR-03,True
COR02750,SCR,PZ0350,FDR-PZ0350-B,TSS-SCR-04,False
COR07378,SCR,PZ0351,FDR-PZ0351-B,TSS-SCR-05,True
COR01913,SCR,PZ0352,FDR-PZ0352-A,TSS-SCR-06,False
COR03789,SCR,PZ0353,FDR-PZ0353-A,TSS-SCR-07,True
COR04165,SCR,PZ0354,FDR-PZ0354-B,TSS-SCR-08,True
COR00906,SCR,PZ0355,FDR-PZ0355-A,TSS-SCR-09,True
COR06282,SCR,PZ0356,FDR-PZ0356-B,TSS-SCR-10,True
COR01946,SCR,PZ0357,FDR-PZ0357-B,TSS-SCR-11,True
COR02131,SCR,PZ0358,FDR-PZ0358-A,TSS-SCR-12,True
COR00427,SCR,PZ0359,FDR-PZ0359-B,TSS-SCR-13,True
COR00428,SCR,PZ0360,FDR-PZ0360-A,TSS-SCR-14,False
COR00449,SCR,PZ0361,FDR-PZ0361-B,TSS-SCR-15,True
COR00419,SCR,PZ0362,FDR-PZ0362-A,TSS-SCR-16,True
COR07716,SCR,PZ0363,FDR-PZ0363-A,TSS-SCR-17,True
COR06306,SCR,PZ0364,FDR-PZ0364-A,TSS-SCR-18,True
COR00418,SCR,PZ0365,FDR-PZ0365-A,TSS-SCR-19,True
COR01211,SCR,PZ0366,FDR-PZ0366-A,TSS-SCR-20,True
COR05353,SCR,PZ0367,FDR-PZ0367-A,TSS-SCR-21,False
COR07181,SCR,PZ0368,FDR-PZ0368-B,TSS-SCR-22,True
COR03072,SCR,PZ0369,FDR-PZ0369-A,TSS-SCR-23,True
COR04412,SCR,PZ0370,FDR-PZ0370-B,TSS-SCR-24,True
COR00881,SCR,PZ0371,FDR-PZ0371-A,TSS-SCR-25,False
COR00864,SCR,PZ0372,FDR-PZ0372-A,TSS-SCR-26,True
COR00451,SCR,PZ0373,FDR-PZ0373-B,TSS-SCR-27,True
COR00865,SCR,PZ0374,FDR-PZ0374-A,TSS-SCR-28,True
COR04841,SCR,PZ0347,FDR-PZ0347-A,TSS-SCR-01,True
COR00854,SCR,PZ0348,FDR-PZ0348-B,TSS-SCR-02,True
COR07717,SCR,PZ0349,FDR-PZ0349-A,TSS-SCR-03,True
COR07725,SCR,PZ0350,FDR-PZ0350-A,TSS-SCR-04,True
COR00937,SCR,PZ0351,FDR-PZ0351-A,TSS-SCR-05,True
COR05271,SCR,PZ0352,FDR-PZ0352-A,TSS-SCR-06,False
COR01891,SCR,PZ0353,FDR-PZ0353-B,TSS-SCR-07,True
COR03660,SCR,PZ0354,FDR-PZ0354-A,TSS-SCR-08,True
COR02144,SCR,PZ0355,FDR-PZ0355-A,TSS-SCR-09,True
COR07372,SCR,PZ0356,FDR-PZ0356-A,TSS-SCR-10,True
COR00616,SCR,PZ0357,FDR-PZ0357-A,TSS-SCR-11,True
COR00859,SCR,PZ0358,FDR-PZ0358-B,TSS-SCR-12,True
COR01939,SCR,PZ0359,FDR-PZ0359-B,TSS-SCR-13,True
COR00438,SCR,PZ0360,FDR-PZ0360-B,TSS-SCR-14,True
COR01910,SCR,PZ0361,FDR-PZ0361-A,TSS-SCR-15,True
COR05592,SCR,PZ0362,FDR-PZ0362-B,TSS-SCR-16,False
COR03793,SCR,PZ0363,FDR-PZ0363-A,TSS-SCR-17,False
COR04721,SCR,PZ0364,FDR-PZ0364-A,TSS-SCR-18,True
COR04726,SCR,PZ0365,FDR-PZ0365-B,TSS-SCR-19,True
COR05059,SCR,PZ0366,FDR-PZ0366-B,TSS-SCR-20,True
COR01096,SCR,PZ0367,FDR-PZ0367-A,TSS-SCR-21,True
COR00896,SCR,PZ0368,FDR-PZ0368-A,TSS-SCR-22,True
COR01120,SCR,PZ0369,FDR-PZ0369-B,TSS-SCR-23,True
COR00880,SCR,PZ0370,FDR-PZ0370-B,TSS-SCR-24,True
COR00621,SCR,PZ0371,FDR-PZ0371-B,TSS-SCR-25,False
COR08020,SCR,PZ0372,FDR-PZ0372-A,TSS-SCR-26,False
COR02758,SCR,PZ0373,FDR-PZ0373-A,TSS-SCR-27,False
COR01882,SCR,PZ0374,FDR-PZ0374-B,TSS-SCR-28,True
COR00882,SCR,PZ0347,FDR-PZ0347-B,TSS-SCR-01,False
COR01951,SCR,PZ0348,FDR-PZ0348-A,TSS-SCR-02,True
COR06290,SCR,PZ0349,FDR-PZ0349-B,TSS-SCR-03,True
COR01887,SCR,PZ0350,FDR-PZ0350-B,TSS-SCR-04,False
COR07377,SCR,PZ0351,FDR-PZ0351-B,TSS-SCR-05,True
COR00440,SCR,PZ0352,FDR-PZ0352-B,TSS-SCR-06,True
COR05608,SCR,PZ0353,FDR-PZ0353-B,TSS-SCR-07,True
COR01904,SCR,PZ0354,FDR-PZ0354-A,TSS-SCR-08,False
COR00461,SCR,PZ0355,FDR-PZ0355-A,TSS-SCR-09,False
COR05635,SCR,PZ0356,FDR-PZ0356-B,TSS-SCR-10,True
COR02141,SCR,PZ0357,FDR-PZ0357-B,TSS-SCR-11,True
COR02950,SCR,PZ0358,FDR-PZ0358-A,TSS-SCR-12,True
COR01103,SCR,PZ0359,FDR-PZ0359-B,TSS-SCR-13,True
COR01932,SCR,PZ0360,FDR-PZ0360-A,TSS-SCR-14,True
COR00434,SCR,PZ0361,FDR-PZ0361-A,TSS-SCR-15,True
COR02143,SCR,PZ0362,FDR-PZ0362-A,TSS-SCR-16,False
COR05272,SCR,PZ0363,FDR-PZ0363-B,TSS-SCR-17,True
COR02140,SCR,PZ0364,FDR-PZ0364-A,TSS-SCR-18,False
COR00463,SCR,PZ0365,FDR-PZ0365-B,TSS-SCR-19,True
COR05596,SCR,PZ0366,FDR-PZ0366-A,TSS-SCR-20,True
COR03017,SCR,PZ0367,FDR-PZ0367-B,TSS-SCR-21,True
COR01905,SCR,PZ0368,FDR-PZ0368-A,TSS-SCR-22,True
COR00897,SCR,PZ0369,FDR-PZ0369-B,TSS-SCR-23,True
COR04716,SCR,PZ0370,FDR-PZ0370-B,TSS-SCR-24,True
COR01942,SCR,PZ0371,FDR-PZ0371-B,TSS-SCR-25,True
COR05595,SCR,PZ0372,FDR-PZ0372-B,TSS-SCR-26,True
COR00911,SCR,PZ0373,FDR-PZ0373-B,TSS-SCR-27,False
COR01914,SCR,PZ0374,FDR-PZ0374-A,TSS-SCR-28,True
COR01113,SCR,PZ0347,FDR-PZ0347-A,TSS-SCR-01,False
COR00934,SCR,PZ0348,FDR-PZ0348-A,TSS-SCR-02,False
COR01950,SCR,PZ0349,FDR-PZ0349-A,TSS-SCR-03,True
COR01937,SCR,PZ0350,FDR-PZ0350-A,TSS-SCR-04,True
COR00422,SCR,PZ0351,FDR-PZ0351-A,TSS-SCR-05,True
COR08465,SCR,PZ0352,FDR-PZ0352-B,TSS-SCR-06,True
COR07722,SCR,PZ0353,FDR-PZ0353-B,TSS-SCR-07,True
COR01918,SCR,PZ0354,FDR-PZ0354-B,TSS-SCR-08,True
COR07177,SCR,PZ0355,FDR-PZ0355-B,TSS-SCR-09,False
COR00620,SCR,PZ0356,FDR-PZ0356-B,TSS-SCR-10,False
COR06256,SCR,PZ0357,FDR-PZ0357-A,TSS-SCR-11,False
COR06560,SCR,PZ0358,FDR-PZ0358-B,TSS-SCR-12,True
COR01944,SCR,PZ0359,FDR-PZ0359-A,TSS-SCR-13,True
COR04879,SCR,PZ0360,FDR-PZ0360-B,TSS-SCR-14,True
COR01900,SCR,PZ0361,FDR-PZ0361-A,TSS-SCR-15,True
COR02135,SCR,PZ0362,FDR-PZ0362-A,TSS-SCR-16,True
COR01926,SCR,PZ0363,FDR-PZ0363-A,TSS-SCR-17,True
COR00909,SCR,PZ0364,FDR-PZ0364-A,TSS-SCR-18,True
COR01892,SCR,PZ0365,FDR-PZ0365-A,TSS-SCR-19,True
COR05270,SCR,PZ0366,FDR-PZ0366-A,TSS-SCR-20,True
COR04884,SCR,PZ0367,FDR-PZ0367-B,TSS-SCR-21,False
COR02757,SCR,PZ0368,FDR-PZ0368-A,TSS-SCR-22,True
COR06307,SCR,PZ0369,FDR-PZ0369-A,TSS-SCR-23,True
COR01100,SCR,PZ0370,FDR-PZ0370-A,TSS-SCR-24,True
COR03654,SCR,PZ0371,FDR-PZ0371-B,TSS-SCR-25,False
COR04720,SCR,PZ0372,FDR-PZ0372-A,TSS-SCR-26,True
COR01888,SCR,PZ0373,FDR-PZ0373-A,TSS-SCR-27,True
COR05351,SCR,PZ0374,FDR-PZ0374-B,TSS-SCR-28,True
COR01901,SCR,PZ0347,FDR-PZ0347-B,TSS-SCR-01,False
COR04886,SCR,PZ0348,FDR-PZ0348-A,TSS-SCR-02,True
COR00866,SCR,PZ0349,FDR-PZ0349-B,TSS-SCR-03,False
COR00464,SCR,PZ0350,FDR-PZ0350-B,TSS-SCR-04,True
COR02426,SCR,PZ0351,FDR-PZ0351-B,TSS-SCR-05,True
COR02057,SCR,PZ0352,FDR-PZ0352-B,TSS-SCR-06,True
COR01117,SCR,PZ0353,FDR-PZ0353-A,TSS-SCR-07,True
COR00612,SCR,PZ0354,FDR-PZ0354-B,TSS-SCR-08,True
COR07922,SCR,PZ0355,FDR-PZ0355-B,TSS-SCR-09,True
COR02145,SCR,PZ0356,FDR-PZ0356-A,TSS-SCR-10,True
COR06286,SCR,PZ0357,FDR-PZ0357-A,TSS-SCR-11,False
COR00610,SCR,PZ0358,FDR-PZ0358-A,TSS-SCR-12,False
COR07188,SCR,PZ0359,FDR-PZ0359-A,TSS-SCR-13,True
COR00436,SCR,PZ0360,FDR-PZ0360-B,TSS-SCR-14,True
COR01876,SCR,PZ0361,FDR-PZ0361-A,TSS-SCR-15,False
COR00613,SCR,PZ0362,FDR-PZ0362-B,TSS-SCR-16,True
COR01530,SCR,PZ0363,FDR-PZ0363-A,TSS-SCR-17,True
COR02059,SCR,PZ0364,FDR-PZ0364-B,TSS-SCR-18,True
COR02428,SCR,PZ0365,FDR-PZ0365-B,TSS-SCR-19,True
COR01534,SCR,PZ0366,FDR-PZ0366-A,TSS-SCR-20,True
COR03649,SCR,PZ0367,FDR-PZ0367-B,TSS-SCR-21,True
COR05268,SCR,PZ0368,FDR-PZ0368-B,TSS-SCR-22,True
COR01527,SCR,PZ0369,FDR-PZ0369-B,TSS-SCR-23,False
COR06558,SCR,PZ0370,FDR-PZ0370-A,TSS-SCR-24,True
COR00624,SCR,PZ0371,FDR-PZ0371-A,TSS-SCR-25,False
COR03641,SCR,PZ0372,FDR-PZ0372-B,TSS-SCR-26,True
COR07911,SCR,PZ0373,FDR-PZ0373-A,TSS-SCR-27,False
COR02136,SCR,PZ0374,FDR-PZ0374-B,TSS-SCR-28,False
COR03790,SCR,PZ0347,FDR-PZ0347-B,TSS-SCR-01,True
COR01107,SCR,PZ0348,FDR-PZ0348-B,TSS-SCR-02,True
COR05057,SCR,PZ0349,FDR-PZ0349-B,TSS-SCR-03,True
COR07194,SCR,PZ0350,FDR-PZ0350-A,TSS-SCR-04,False
COR01919,SCR,PZ0351,FDR-PZ0351-B,TSS-SCR-05,True
COR03014,SCR,PZ0352,FDR-PZ0352-A,TSS-SCR-06,True
COR00458,SCR,PZ0353,FDR-PZ0353-A,TSS-SCR-07,True
COR07715,SCR,PZ0354,FDR-PZ0354-A,TSS-SCR-08,True
COR01921,SCR,PZ0355,FDR-PZ0355-A,TSS-SCR-09,True
COR00622,SCR,PZ0356,FDR-PZ0356-B,TSS-SCR-10,False
COR00894,SCR,PZ0357,FDR-PZ0357-A,TSS-SCR-11,False
COR00466,SCR,PZ0358,FDR-PZ0358-A,TSS-SCR-12,True
COR01115,SCR,PZ0359,FDR-PZ0359-B,TSS-SCR-13,True
COR01531,SCR,PZ0360,FDR-PZ0360-B,TSS-SCR-14,False
COR08466,SCR,PZ0361,FDR-PZ0361-B,TSS-SCR-15,True
COR02961,SCR,PZ0362,FDR-PZ0362-B,TSS-SCR-16,True
COR01896,SCR,PZ0363,FDR-PZ0363-A,TSS-SCR-17,True
COR00872,SCR,PZ0364,FDR-PZ0364-B,TSS-SCR-18,False
COR03640,SCR,PZ0365,FDR-PZ0365-B,TSS-SCR-19,True
COR00885,SCR,PZ0366,FDR-PZ0366-B,TSS-SCR-20,False
COR00429,SCR,PZ0367,FDR-PZ0367-A,TSS-SCR-21,True
COR02939,SCR,PZ0368,FDR-PZ0368-A,TSS-SCR-22,True
COR01870,SCR,PZ0369,FDR-PZ0369-B,TSS-SCR-23,True
COR07178,SCR,PZ0370,FDR-PZ0370-B,TSS-SCR-24,True
COR05619,SCR,PZ0371,FDR-PZ0371-B,TSS-SCR-25,True
COR01923,SCR,PZ0372,FDR-PZ0372-A,TSS-SCR-26,False
COR05345,SCR,PZ0373,FDR-PZ0373-A,TSS-SCR-27,True
COR04882,SCR,PZ0374,FDR-PZ0374-A,TSS-SCR-28,True
COR01909,SCR,PZ0347,FDR-PZ0347-B,TSS-SCR-01,True
COR05061,SCR,PZ0348,FDR-PZ0348-B,TSS-SCR-02,True
COR04712,SCR,PZ0349,FDR-PZ0349-B,TSS-SCR-03,True
COR01110,SCR,PZ0350,FDR-PZ0350-B,TSS-SCR-04,True
COR08018,SCR,PZ0351,FDR-PZ0351-A,TSS-SCR-05,True
COR02427,SCR,PZ0352,FDR-PZ0352-A,TSS-SCR-06,False
COR00426,SCR,PZ0353,FDR-PZ0353-A,TSS-SCR-07,True
COR03795,SCR,PZ0354,FDR-PZ0354-A,TSS-SCR-08,True
COR03635,SCR,PZ0355,FDR-PZ0355-A,TSS-SCR-09,True
COR06291,SCR,PZ0356,FDR-PZ0356-B,TSS-SCR-10,True
COR06279,SCR,PZ0357,FDR-PZ0357-B,TSS-SCR-11,False
COR04164,SCR,PZ0358,FDR-PZ0358-B,TSS-SCR-12,True
COR00628,SCR,PZ0359,FDR-PZ0359-B,TSS-SCR-13,True
COR07713,SCR,PZ0360,FDR-PZ0360-B,TSS-SCR-14,True
COR04719,SCR,PZ0361,FDR-PZ0361-B,TSS-SCR-15,True
COR00935,SCR,PZ0362,FDR-PZ0362-B,TSS-SCR-16,True
COR02430,SCR,PZ0363,FDR-PZ0363-B,TSS-SCR-17,False
COR06278,SCR,PZ0364,FDR-PZ0364-B,TSS-SCR-18,False
COR00888,SCR,PZ0365,FDR-PZ0365-B,TSS-SCR-19,False
COR00871,SCR,PZ0366,FDR-PZ0366-B,TSS-SCR-20,True
COR07719,SCR,PZ0367,FDR-PZ0367-B,TSS-SCR-21,False
COR07185,SCR,PZ0368,FDR-PZ0368-B,TSS-SCR-22,True
COR00425,SCR,PZ0369,FDR-PZ0369-A,TSS-SCR-23,True
COR01884,SCR,PZ0370,FDR-PZ0370-B,TSS-SCR-24,False
COR03012,SCR,PZ0371,FDR-PZ0371-A,TSS-SCR-25,True
COR00465,SCR,PZ0372,FDR-PZ0372-A,TSS-SCR-26,False
COR00629,SCR,PZ0373,FDR-PZ0373-A,TSS-SCR-27,True
COR01535,SCR,PZ0374,FDR-PZ0374-A,TSS-SCR-28,True
COR00873,SCR,PZ0347,FDR-PZ0347-A,TSS-SCR-01,True
COR00623,SCR,PZ0348,FDR-PZ0348-B,TSS-SCR-02,True
COR07720,SCR,PZ0349,FDR-PZ0349-B,TSS-SCR-03,True
COR06288,SCR,PZ0350,FDR-PZ0350-B,TSS-SCR-04,True
COR04847,SCR,PZ0351,FDR-PZ0351-A,TSS-SCR-05,True
COR05352,SCR,PZ0352,FDR-PZ0352-B,TSS-SCR-06,True
COR01104,SCR,PZ0353,FDR-PZ0353-A,TSS-SCR-07,True
COR02755,SCR,PZ0354,FDR-PZ0354-A,TSS-SCR-08,True
COR01911,SCR,PZ0355,FDR-PZ0355-B,TSS-SCR-09,True
COR01102,SCR,PZ0356,FDR-PZ0356-A,TSS-SCR-10,True
COR00611,SCR,PZ0357,FDR-PZ0357-B,TSS-SCR-11,True
COR05055,SCR,PZ0358,FDR-PZ0358-B,TSS-SCR-12,True
COR01931,SCR,PZ0359,FDR-PZ0359-A,TSS-SCR-13,False
COR02937,SCR,PZ0360,FDR-PZ0360-B,TSS-SCR-14,True
COR01943,SCR,PZ0361,FDR-PZ0361-A,TSS-SCR-15,True
COR06277,SCR,PZ0362,FDR-PZ0362-A,TSS-SCR-16,True
COR00424,SCR,PZ0363,FDR-PZ0363-A,TSS-SCR-17,True
COR06297,SCR,PZ0364,FDR-PZ0364-B,TSS-SCR-18,False
COR00626,SCR,PZ0365,FDR-PZ0365-B,TSS-SCR-19,False
COR01214,SCR,PZ0366,FDR-PZ0366-A,TSS-SCR-20,False
COR00892,SCR,PZ0367,FDR-PZ0367-B,TSS-SCR-21,True
COR07381,SCR,PZ0368,FDR-PZ0368-B,TSS-SCR-22,True
COR00893,SCR,PZ0369,FDR-PZ0369-B,TSS-SCR-23,True
COR05056,SCR,PZ0370,FDR-PZ0370-A,TSS-SCR-24,True
COR02137,SCR,PZ0371,FDR-PZ0371-A,TSS-SCR-25,True
COR02956,SCR,PZ0372,FDR-PZ0372-A,TSS-SCR-26,True
COR01940,SCR,PZ0373,FDR-PZ0373-A,TSS-SCR-27,True
COR00443,SCR,PZ0374,FDR-PZ0374-B,TSS-SCR-28,False
COR00901,SCR,PZ0347,FDR-PZ0347-A,TSS-SCR-01,True
COR01541,SCR,PZ0348,FDR-PZ0348-B,TSS-SCR-02,False
COR01099,SCR,PZ0349,FDR-PZ0349-B,TSS-SCR-03,False
COR07190,SCR,PZ0350,FDR-PZ0350-B,TSS-SCR-04,True
COR04844,SCR,PZ0351,FDR-PZ0351-A,TSS-SCR-05,False
COR00856,SCR,PZ0352,FDR-PZ0352-B,TSS-SCR-06,True
COR06295,SCR,PZ0353,FDR-PZ0353-B,TSS-SCR-07,False
COR07321,SCR,PZ0354,FDR-PZ0354-A,TSS-SCR-08,True
COR00460,SCR,PZ0355,FDR-PZ0355-B,TSS-SCR-09,True
COR04722,SCR,PZ0356,FDR-PZ0356-B,TSS-SCR-10,True
COR01890,SCR,PZ0357,FDR-PZ0357-B,TSS-SCR-11,True
COR00890,SCR,PZ0358,FDR-PZ0358-A,TSS-SCR-12,False
COR00874,SCR,PZ0359,FDR-PZ0359-B,TSS-SCR-13,False
COR01118,SCR,PZ0360,FDR-PZ0360-A,TSS-SCR-14,True
COR01526,SCR,PZ0361,FDR-PZ0361-A,TSS-SCR-15,False
COR06254,SCR,PZ0362,FDR-PZ0362-A,TSS-SCR-16,True
COR00453,SCR,PZ0363,FDR-PZ0363-A,TSS-SCR-17,True
COR01875,SCR,PZ0364,FDR-PZ0364-A,TSS-SCR-18,True
COR00870,SCR,PZ0365,FDR-PZ0365-B,TSS-SCR-19,False
COR07726,SCR,PZ0366,FDR-PZ0366-A,TSS-SCR-20,False
COR01902,SCR,PZ0367,FDR-PZ0367-A,TSS-SCR-21,True
COR06284,SCR,PZ0368,FDR-PZ0368-B,TSS-SCR-22,True
COR00444,SCR,PZ0369,FDR-PZ0369-A,TSS-SCR-23,True
COR00430,SCR,PZ0370,FDR-PZ0370-B,TSS-SCR-24,True
COR03636,SCR,PZ0371,FDR-PZ0371-A,TSS-SCR-25,True
COR00936,SCR,PZ0372,FDR-PZ0372-B,TSS-SCR-26,True
COR01930,SCR,PZ0373,FDR-PZ0373-A,TSS-SCR-27,True
COR07189,SCR,PZ0374,FDR-PZ0374-A,TSS-SCR-28,False
COR00877,SCR,PZ0347,FDR-PZ0347-A,TSS-SCR-01,True
COR00617,SCR,PZ0348,FDR-PZ0348-A,TSS-SCR-02,False
COR00448,SCR,PZ0349,FDR-PZ0349-B,TSS-SCR-03,True
COR02953,SCR,PZ0350,FDR-PZ0350-A,TSS-SCR-04,True
COR08180,NFR,PZ0375,FDR-PZ0375-B,TSS-NFR-01,True
COR07530,NFR,PZ0376,FDR-PZ0376-A,TSS-NFR-02,False
COR05383,NFR,PZ0377,FDR-PZ0377-B,TSS-NFR-03,True
COR06118,NFR,PZ0378,FDR-PZ0378-B,TSS-NFR-04,True
COR03134,NFR,PZ0379,FDR-PZ0379-B,TSS-NFR-05,False
COR07497,NFR,PZ0380,FDR-PZ0380-A,TSS-NFR-06,True
COR04598,NFR,PZ0381,FDR-PZ0381-A,TSS-NFR-07,False
COR00995,NFR,PZ0382,FDR-PZ0382-A,TSS-NFR-08,True
COR01069,NFR,PZ0383,FDR-PZ0383-B,TSS-NFR-09,True
COR01040,NFR,PZ0384,FDR-PZ0384-A,TSS-NFR-10,False
COR00982,NFR,PZ0385,FDR-PZ0385-A,TSS-NFR-11,False
COR06092,NFR,PZ0386,FDR-PZ0386-A,TSS-NFR-12,False
COR04742,NFR,PZ0387,FDR-PZ0387-B,TSS-NFR-13,True
COR07531,NFR,PZ0388,FDR-PZ0388-A,TSS-NFR-14,False
COR08438,NFR,PZ0389,FDR-PZ0389-A,TSS-NFR-15,False
COR03334,NFR,PZ0390,FDR-PZ0390-B,TSS-NFR-16,True
COR03156,NFR,PZ0391,FDR-PZ0391-B,TSS-NFR-17,True
COR01030,NFR,PZ0392,FDR-PZ0392-B,TSS-NFR-18,True
COR02915,NFR,PZ0393,FDR-PZ0393-A,TSS-NFR-19,True
COR00988,NFR,PZ0394,FDR-PZ0394-B,TSS-NFR-20,True
COR06952,NFR,PZ0395,FDR-PZ0395-B,TSS-NFR-21,True
COR07201,NFR,PZ0396,FDR-PZ0396-A,TSS-NFR-22,True
COR05381,NFR,PZ0397,FDR-PZ0397-A,TSS-NFR-23,True
COR01019,NFR,PZ0398,FDR-PZ0398-B,TSS-NFR-24,True
COR01068,NFR,PZ0399,FDR-PZ0399-B,TSS-NFR-25,True
COR00971,NFR,PZ0375,FDR-PZ0375-A,TSS-NFR-01,True
COR01046,NFR,PZ0376,FDR-PZ0376-A,TSS-NFR-02,False
COR05386,NFR,PZ0377,FDR-PZ0377-A,TSS-NFR-03,True
COR07542,NFR,PZ0378,FDR-PZ0378-B,TSS-NFR-04,True
COR04787,NFR,PZ0379,FDR-PZ0379-B,TSS-NFR-05,True
COR00996,NFR,PZ0380,FDR-PZ0380-A,TSS-NFR-06,False
COR02912,NFR,PZ0381,FDR-PZ0381-A,TSS-NFR-07,True
COR08184,NFR,PZ0382,FDR-PZ0382-B,TSS-NFR-08,False
COR06892,NFR,PZ0383,FDR-PZ0383-A,TSS-NFR-09,True
COR03831,NFR,PZ0384,FDR-PZ0384-A,TSS-NFR-10,False
COR01013,NFR,PZ0385,FDR-PZ0385-A,TSS-NFR-11,True
COR00966,NFR,PZ0386,FDR-PZ0386-A,TSS-NFR-12,True
COR00985,NFR,PZ0387,FDR-PZ0387-A,TSS-NFR-13,True
COR06219,NFR,PZ0388,FDR-PZ0388-B,TSS-NFR-14,True
COR06969,NFR,PZ0389,FDR-PZ0389-A,TSS-NFR-15,False
COR05112,NFR,PZ0390,FDR-PZ0390-A,TSS-NFR-16,True
COR06958,NFR,PZ0391,FDR-PZ0391-B,TSS-NFR-17,False
COR00974,NFR,PZ0392,FDR-PZ0392-B,TSS-NFR-18,True
COR08364,NFR,PZ0393,FDR-PZ0393-B,TSS-NFR-19,True
COR08185,NFR,PZ0394,FDR-PZ0394-A,TSS-NFR-20,True
COR04596,NFR,PZ0395,FDR-PZ0395-A,TSS-NFR-21,True
COR08374,NFR,PZ0396,FDR-PZ0396-B,TSS-NFR-22,True
COR06082,NFR,PZ0397,FDR-PZ0397-B,TSS-NFR-23,True
COR05235,NFR,PZ0398,FDR-PZ0398-B,TSS-NFR-24,True
COR04462,NFR,PZ0399,FDR-PZ0399-B,TSS-NFR-25,True
COR01010,NFR,PZ0375,FDR-PZ0375-A,TSS-NFR-01,False
COR06893,NFR,PZ0376,FDR-PZ0376-A,TSS-NFR-02,True
COR02916,NFR,PZ0377,FDR-PZ0377-B,TSS-NFR-03,True
COR06117,NFR,PZ0378,FDR-PZ0378-A,TSS-NFR-04,False
COR01052,NFR,PZ0379,FDR-PZ0379-B,TSS-NFR-05,True
COR06076,NFR,PZ0380,FDR-PZ0380-A,TSS-NFR-06,True
COR01464,NFR,PZ0381,FDR-PZ0381-A,TSS-NFR-07,False
COR04466,NFR,PZ0382,FDR-PZ0382-B,TSS-NFR-08,True
COR06001,NFR,PZ0383,FDR-PZ0383-B,TSS-NFR-09,False
COR03821,NFR,PZ0384,FDR-PZ0384-A,TSS-NFR-10,True
COR01475,NFR,PZ0385,FDR-PZ0385-A,TSS-NFR-11,False
COR07417,NFR,PZ0386,FDR-PZ0386-A,TSS-NFR-12,True
COR05029,NFR,PZ0387,FDR-PZ0387-A,TSS-NFR-13,True
COR06228,NFR,PZ0388,FDR-PZ0388-B,TSS-NFR-14,False
COR06085,NFR,PZ0389,FDR-PZ0389-A,TSS-NFR-15,True
COR01067,NFR,PZ0390,FDR-PZ0390-A,TSS-NFR-16,False
COR07495,NFR,PZ0391,FDR-PZ0391-B,TSS-NFR-17,True
COR01660,NFR,PZ0392,FDR-PZ0392-B,TSS-NFR-18,True
COR01468,NFR,PZ0393,FDR-PZ0393-B,TSS-NFR-19,True
COR08375,NFR,PZ0394,FDR-PZ0394-B,TSS-NFR-20,True
COR06121,NFR,PZ0395,FDR-PZ0395-B,TSS-NFR-21,True
COR05833,NFR,PZ0396,FDR-PZ0396-A,TSS-NFR-22,True
COR06229,NFR,PZ0397,FDR-PZ0397-B,TSS-NFR-23,True
COR05378,NFR,PZ0398,FDR-PZ0398-B,TSS-NFR-24,False
COR06955,NFR,PZ0399,FDR-PZ0399-A,TSS-NFR-25,True
COR00970,NFR,PZ0375,FDR-PZ0375-B,TSS-NFR-01,True
COR06554,NFR,PZ0376,FDR-PZ0376-B,TSS-NFR-02,True
COR06954,NFR,PZ0377,FDR-PZ0377-B,TSS-NFR-03,True
COR05068,NFR,PZ0378,FDR-PZ0378-B,TSS-NFR-04,True
COR01072,NFR,PZ0379,FDR-PZ0379-B,TSS-NFR-05,True
COR03196,NFR,PZ0380,FDR-PZ0380-A,TSS-NFR-06,False
COR03723,NFR,PZ0381,FDR-PZ0381-A,TSS-NFR-07,False
COR01470,NFR,PZ0382,FDR-PZ0382-A,TSS-NFR-08,True
COR05376,NFR,PZ0383,FDR-PZ0383-A,TSS-NFR-09,True
COR08178,NFR,PZ0384,FDR-PZ0384-A,TSS-NFR-10,False
COR02913,NFR,PZ0385,FDR-PZ0385-B,TSS-NFR-11,True
COR03194,NFR,PZ0386,FDR-PZ0386-B,TSS-NFR-12,True
COR01031,NFR,PZ0387,FDR-PZ0387-B,TSS-NFR-13,False
COR04610,NFR,PZ0388,FDR-PZ0388-B,TSS-NFR-14,True
COR04463,NFR,PZ0389,FDR-PZ0389-B,TSS-NFR-15,True
COR00973,NFR,PZ0390,FDR-PZ0390-B,TSS-NFR-16,True
COR08437,NFR,PZ0391,FDR-PZ0391-B,TSS-NFR-17,False
COR07200,NFR,PZ0392,FDR-PZ0392-B,TSS-NFR-18,True
COR01014,NFR,PZ0393,FDR-PZ0393-A,TSS-NFR-19,True
COR01022,NFR,PZ0394,FDR-PZ0394-B,TSS-NFR-20,True
COR07539,NFR,PZ0395,FDR-PZ0395-B,TSS-NFR-21,True
COR07532,NFR,PZ0396,FDR-PZ0396-B,TSS-NFR-22,True
COR03850,NFR,PZ0397,FDR-PZ0397-B,TSS-NFR-23,True
COR01003,NFR,PZ0398,FDR-PZ0398-B,TSS-NFR-24,True
COR07536,NFR,PZ0399,FDR-PZ0399-A,TSS-NFR-25,True
COR07204,NFR,PZ0375,FDR-PZ0375-A,TSS-NFR-01,True
COR01026,NFR,PZ0376,FDR-PZ0376-A,TSS-NFR-02,True
COR03829,NFR,PZ0377,FDR-PZ0377-A,TSS-NFR-03,True
COR05830,NFR,PZ0378,FDR-PZ0378-A,TSS-NFR-04,True
COR06123,NFR,PZ0379,FDR-PZ0379-A,TSS-NFR-05,True
COR01050,NFR,PZ0380,FDR-PZ0380-A,TSS-NFR-06,True
COR06224,NFR,PZ0381,FDR-PZ0381-B,TSS-NFR-07,True
COR03848,NFR,PZ0382,FDR-PZ0382-A,TSS-NFR-08,True
COR06119,NFR,PZ0383,FDR-PZ0383-A,TSS-NFR-09,True
COR06077,NFR,PZ0384,FDR-PZ0384-A,TSS-NFR-10,True
COR03724,NFR,PZ0385,FDR-PZ0385-A,TSS-NFR-11,False
COR06081,NFR,PZ0386,FDR-PZ0386-A,TSS-NFR-12,False
COR08440,NFR,PZ0387,FDR-PZ0387-A,TSS-NFR-13,True
COR01060,NFR,PZ0388,FDR-PZ0388-A,TSS-NFR-14,True
COR03195,NFR,PZ0389,FDR-PZ0389-A,TSS-NFR-15,True
COR00980,NFR,PZ0390,FDR-PZ0390-B,TSS-NFR-16,True
COR06225,NFR,PZ0391,FDR-PZ0391-A,TSS-NFR-17,False
COR01009,NFR,PZ0392,FDR-PZ0392-B,TSS-NFR-18,False
COR01045,NFR,PZ0393,FDR-PZ0393-B,TSS-NFR-19,True
COR03841,NFR,PZ0394,FDR-PZ0394-B,TSS-NFR-20,True
COR05768,NFR,PZ0395,FDR-PZ0395-A,TSS-NFR-21,True
COR05028,NFR,PZ0396,FDR-PZ0396-A,TSS-NFR-22,False
COR06831,NFR,PZ0397,FDR-PZ0397-A,TSS-NFR-23,True
COR01029,NFR,PZ0398,FDR-PZ0398-B,TSS-NFR-24,True
COR07526,NFR,PZ0399,FDR-PZ0399-B,TSS-NFR-25,True
COR06090,NFR,PZ0375,FDR-PZ0375-B,TSS-NFR-01,False
COR06895,NFR,PZ0376,FDR-PZ0376-B,TSS-NFR-02,True
COR04468,NFR,PZ0377,FDR-PZ0377-B,TSS-NFR-03,False
COR01467,NFR,PZ0378,FDR-PZ0378-A,TSS-NFR-04,True
COR06220,NFR,PZ0379,FDR-PZ0379-B,TSS-NFR-05,True
COR03818,NFR,PZ0380,FDR-PZ0380-B,TSS-NFR-06,True
COR03721,NFR,PZ0381,FDR-PZ0381-B,TSS-NFR-07,True
COR07496,NFR,PZ0382,FDR-PZ0382-A,TSS-NFR-08,True
COR06120,NFR,PZ0383,FDR-PZ0383-A,TSS-NFR-09,True
COR05234,NFR,PZ0384,FDR-PZ0384-A,TSS-NFR-10,True
COR01661,NFR,PZ0385,FDR-PZ0385-B,TSS-NFR-11,True
COR08436,NFR,PZ0386,FDR-PZ0386-B,TSS-NFR-12,True
COR07198,NFR,PZ0387,FDR-PZ0387-B,TSS-NFR-13,False
COR04471,NFR,PZ0388,FDR-PZ0388-B,TSS-NFR-14,False
COR07964,NFR,PZ0389,FDR-PZ0389-B,TSS-NFR-15,False
COR08482,NFR,PZ0390,FDR-PZ0390-A,TSS-NFR-16,False
COR01038,NFR,PZ0391,FDR-PZ0391-B,TSS-NFR-17,True
COR05382,NFR,PZ0392,FDR-PZ0392-B,TSS-NFR-18,True
COR00997,NFR,PZ0393,FDR-PZ0393-A,TSS-NFR-19,True
COR05243,NFR,PZ0394,FDR-PZ0394-B,TSS-NFR-20,True
COR01466,NFR,PZ0395,FDR-PZ0395-A,TSS-NFR-21,False
COR03827,NFR,PZ0396,FDR-PZ0396-B,TSS-NFR-22,True
COR06956,NFR,PZ0397,FDR-PZ0397-B,TSS-NFR-23,False
COR01034,NFR,PZ0398,FDR-PZ0398-B,TSS-NFR-24,True
COR00977,NFR,PZ0399,FDR-PZ0399-A,TSS-NFR-25,True
COR07423,NFR,PZ0375,FDR-PZ0375-B,TSS-NFR-01,True
COR08182,NFR,PZ0376,FDR-PZ0376-A,TSS-NFR-02,False
COR06080,NFR,PZ0377,FDR-PZ0377-B,TSS-NFR-03,True
COR04597,NFR,PZ0378,FDR-PZ0378-A,TSS-NFR-04,True
COR06124,NFR,PZ0379,FDR-PZ0379-A,TSS-NFR-05,True
COR04475,NFR,PZ0380,FDR-PZ0380-B,TSS-NFR-06,True
COR05066,NFR,PZ0381,FDR-PZ0381-B,TSS-NFR-07,False
COR06095,NFR,PZ0382,FDR-PZ0382-A,TSS-NFR-08,True
COR06957,NFR,PZ0383,FDR-PZ0383-A,TSS-NFR-09,True
COR04473,NFR,PZ0384,FDR-PZ0384-A,TSS-NFR-10,True
COR07798,NFR,PZ0385,FDR-PZ0385-A,TSS-NFR-11,True
COR01011,NFR,PZ0386,FDR-PZ0386-A,TSS-NFR-12,True
COR05385,NFR,PZ0387,FDR-PZ0387-B,TSS-NFR-13,True
COR07150,NFR,PZ0388,FDR-PZ0388-B,TSS-NFR-14,True
COR03159,NFR,PZ0389,FDR-PZ0389-B,TSS-NFR-15,True
COR02290,NFR,PZ0390,FDR-PZ0390-A,TSS-NFR-16,True
COR01024,NFR,PZ0391,FDR-PZ0391-B,TSS-NFR-17,True
COR01480,NFR,PZ0392,FDR-PZ0392-B,TSS-NFR-18,True
COR04461,NFR,PZ0393,FDR-PZ0393-B,TSS-NFR-19,False
COR04456,NFR,PZ0394,FDR-PZ0394-B,TSS-NFR-20,True
COR03851,NFR,PZ0395,FDR-PZ0395-B,TSS-NFR-21,True
COR03854,NFR,PZ0396,FDR-PZ0396-B,TSS-NFR-22,True
COR05070,NFR,PZ0397,FDR-PZ0397-B,TSS-NFR-23,True
COR00991,NFR,PZ0398,FDR-PZ0398-A,TSS-NFR-24,True
COR04604,NFR,PZ0399,FDR-PZ0399-A,TSS-NFR-25,False
COR07029,NFR,PZ0375,FDR-PZ0375-B,TSS-NFR-01,True
COR07538,NFR,PZ0376,FDR-PZ0376-B,TSS-NFR-02,False
COR06116,NFR,PZ0377,FDR-PZ0377-B,TSS-NFR-03,True
COR03849,NFR,PZ0378,FDR-PZ0378-B,TSS-NFR-04,True
COR03830,NFR,PZ0379,FDR-PZ0379-A,TSS-NFR-05,True
COR01462,NFR,PZ0380,FDR-PZ0380-A,TSS-NFR-06,False
COR01473,NFR,PZ0381,FDR-PZ0381-B,TSS-NFR-07,True
COR05031,NFR,PZ0382,FDR-PZ0382-B,TSS-NFR-08,True
COR04595,NFR,PZ0383,FDR-PZ0383-A,TSS-NFR-09,True
COR01478,NFR,PZ0384,FDR-PZ0384-B,TSS-NFR-10,True
COR04784,NFR,PZ0385,FDR-PZ0385-A,TSS-NFR-11,False
COR07281,NFR,PZ0386,FDR-PZ0386-B,TSS-NFR-12,False
COR06087,NFR,PZ0387,FDR-PZ0387-A,TSS-NFR-13,True
COR03824,NFR,PZ0388,FDR-PZ0388-A,TSS-NFR-14,False
COR04607,NFR,PZ0389,FDR-PZ0389-A,TSS-NFR-15,True
COR01042,NFR,PZ0390,FDR-PZ0390-A,TSS-NFR-16,True
COR01015,NFR,PZ0391,FDR-PZ0391-B,TSS-NFR-17,True
COR01023,NFR,PZ0392,FDR-PZ0392-A,TSS-NFR-18,True
COR01487,NFR,PZ0393,FDR-PZ0393-A,TSS-NFR-19,True
COR03726,NFR,PZ0394,FDR-PZ0394-B,TSS-NFR-20,True
COR08434,NFR,PZ0395,FDR-PZ0395-A,TSS-NFR-21,True
COR04785,NFR,PZ0396,FDR-PZ0396-B,TSS-NFR-22,True
COR05111,NFR,PZ0397,FDR-PZ0397-A,TSS-NFR-23,True
COR00999,NFR,PZ0398,FDR-PZ0398-A,TSS-NFR-24,True
COR07283,NFR,PZ0399,FDR-PZ0399-A,TSS-NFR-25,False
COR07486,NFR,PZ0375,FDR-PZ0375-B,TSS-NFR-01,True
COR06223,NFR,PZ0376,FDR-PZ0376-A,TSS-NFR-02,True
COR02908,NFR,PZ0377,FDR-PZ0377-B,TSS-NFR-03,True
COR01056,NFR,PZ0378,FDR-PZ0378-A,TSS-NFR-04,True
COR01048,NFR,PZ0379,FDR-PZ0379-A,TSS-NFR-05,True
COR01008,NFR,PZ0380,FDR-PZ0380-B,TSS-NFR-06,True
COR06221,NFR,PZ0381,FDR-PZ0381-A,TSS-NFR-07,True
COR04472,NFR,PZ0382,FDR-PZ0382-A,TSS-NFR-08,True
COR04470,NFR,PZ0383,FDR-PZ0383-A,TSS-NFR-09,True
COR07973,NFR,PZ0384,FDR-PZ0384-A,TSS-NFR-10,True
COR01463,NFR,PZ0385,FDR-PZ0385-A,TSS-NFR-11,True
COR07202,NFR,PZ0386,FDR-PZ0386-A,TSS-NFR-12,True
COR06894,NFR,PZ0387,FDR-PZ0387-B,TSS-NFR-13,True
COR01066,NFR,PZ0388,FDR-PZ0388-B,TSS-NFR-14,True
COR01058,NFR,PZ0389,FDR-PZ0389-A,TSS-NFR-15,True
COR08367,NFR,PZ0390,FDR-PZ0390-A,TSS-NFR-16,False
COR00992,NFR,PZ0391,FDR-PZ0391-A,TSS-NFR-17,False
COR02910,NFR,PZ0392,FDR-PZ0392-B,TSS-NFR-18,True
COR01491,NFR,PZ0393,FDR-PZ0393-B,TSS-NFR-19,False
COR01065,NFR,PZ0394,FDR-PZ0394-B,TSS-NFR-20,False
COR01002,NFR,PZ0395,FDR-PZ0395-B,TSS-NFR-21,True
COR04786,NFR,PZ0396,FDR-PZ0396-B,TSS-NFR-22,True
COR06079,NFR,PZ0397,FDR-PZ0397-B,TSS-NFR-23,True
COR01481,NFR,PZ0398,FDR-PZ0398-A,TSS-NFR-24,True
COR04594,NFR,PZ0399,FDR-PZ0399-A,TSS-NFR-25,True
COR07418,NFR,PZ0375,FDR-PZ0375-A,TSS-NFR-01,True
COR04602,NFR,PZ0376,FDR-PZ0376-B,TSS-NFR-02,False
COR00972,NFR,PZ0377,FDR-PZ0377-A,TSS-NFR-03,True
COR08483,NFR,PZ0378,FDR-PZ0378-A,TSS-NFR-04,True
COR00994,NFR,PZ0379,FDR-PZ0379-B,TSS-NFR-05,False
COR01004,NFR,PZ0380,FDR-PZ0380-A,TSS-NFR-06,False
COR04612,NFR,PZ0381,FDR-PZ0381-B,TSS-NFR-07,True
COR03157,NFR,PZ0382,FDR-PZ0382-B,TSS-NFR-08,True
COR04453,NFR,PZ0383,FDR-PZ0383-A,TSS-NFR-09,True
COR03846,NFR,PZ0384,FDR-PZ0384-A,TSS-NFR-10,False
COR06084,NFR,PZ0385,FDR-PZ0385-B,TSS-NFR-11,False
COR07963,NFR,PZ0386,FDR-PZ0386-B,TSS-NFR-12,True
COR03837,NFR,PZ0387,FDR-PZ0387-B,TSS-NFR-13,True
COR01659,NFR,PZ0388,FDR-PZ0388-B,TSS-NFR-14,True
COR05377,NFR,PZ0389,FDR-PZ0389-B,TSS-NFR-15,False
COR01662,NFR,PZ0390,FDR-PZ0390-B,TSS-NFR-16,True
COR01055,NFR,PZ0391,FDR-PZ0391-A,TSS-NFR-17,True
COR07028,NFR,PZ0392,FDR-PZ0392-B,TSS-NFR-18,True
COR00978,NFR,PZ0393,FDR-PZ0393-B,TSS-NFR-19,True
COR01663,NFR,PZ0394,FDR-PZ0394-A,TSS-NFR-20,True
COR07421,NFR,PZ0395,FDR-PZ0395-B,TSS-NFR-21,True
COR07149,NFR,PZ0396,FDR-PZ0396-A,TSS-NFR-22,False
COR06078,NFR,PZ0397,FDR-PZ0397-B,TSS-NFR-23,True
COR02911,NFR,PZ0398,FDR-PZ0398-B,TSS-NFR-24,True
COR03826,NFR,PZ0399,FDR-PZ0399-B,TSS-NFR-25,True
COR02289,NFR,PZ0375,FDR-PZ0375-B,TSS-NFR-01,True
COR07799,NFR,PZ0376,FDR-PZ0376-A,TSS-NFR-02,True
COR03834,NFR,PZ0377,FDR-PZ0377-A,TSS-NFR-03,False
COR01063,NFR,PZ0378,FDR-PZ0378-B,TSS-NFR-04,False
COR08433,NFR,PZ0379,FDR-PZ0379-A,TSS-NFR-05,False
COR00979,NFR,PZ0380,FDR-PZ0380-A,TSS-NFR-06,True
COR03847,NFR,PZ0381,FDR-PZ0381-A,TSS-NFR-07,False
COR08369,NFR,PZ0382,FDR-PZ0382-B,TSS-NFR-08,True
COR08439,NFR,PZ0383,FDR-PZ0383-B,TSS-NFR-09,False
COR01061,NFR,PZ0384,FDR-PZ0384-B,TSS-NFR-10,False
COR01037,NFR,PZ0385,FDR-PZ0385-A,TSS-NFR-11,True
COR03838,NFR,PZ0386,FDR-PZ0386-B,TSS-NFR-12,True
COR04743,NFR,PZ0387,FDR-PZ0387-B,TSS-NFR-13,True
COR06222,NFR,PZ0388,FDR-PZ0388-A,TSS-NFR-14,True
COR03817,NFR,PZ0389,FDR-PZ0389-A,TSS-NFR-15,False
COR07030,NFR,PZ0390,FDR-PZ0390-B,TSS-NFR-16,True
COR05379,NFR,PZ0391,FDR-PZ0391-B,TSS-NFR-17,False
COR04599,NFR,PZ0392,FDR-PZ0392-A,TSS-NFR-18,True
COR05236,NFR,PZ0393,FDR-PZ0393-B,TSS-NFR-19,True
COR08368,NFR,PZ0394,FDR-PZ0394-B,TSS-NFR-20,False
COR01020,NFR,PZ0395,FDR-PZ0395-A,TSS-NFR-21,False
COR06889,NFR,PZ0396,FDR-PZ0396-A,TSS-NFR-22,True
COR07416,NFR,PZ0397,FDR-PZ0397-B,TSS-NFR-23,False
COR08370,NFR,PZ0398,FDR-PZ0398-B,TSS-NFR-24,True
COR03832,NFR,PZ0399,FDR-PZ0399-A,TSS-NFR-25,True
COR05110,NFR,PZ0375,FDR-PZ0375-A,TSS-NFR-01,False
COR06088,NFR,PZ0376,FDR-PZ0376-B,TSS-NFR-02,False
COR08371,NFR,PZ0377,FDR-PZ0377-A,TSS-NFR-03,True
COR08376,NFR,PZ0378,FDR-PZ0378-A,TSS-NFR-04,True
COR03853,NFR,PZ0379,FDR-PZ0379-A,TSS-NFR-05,True
COR04616,NFR,PZ0380,FDR-PZ0380-A,TSS-NFR-06,True
COR01000,NFR,PZ0381,FDR-PZ0381-B,TSS-NFR-07,True
COR04600,NFR,PZ0382,FDR-PZ0382-B,TSS-NFR-08,True
COR01477,NFR,PZ0383,FDR-PZ0383-A,TSS-NFR-09,True
COR03845,NFR,PZ0384,FDR-PZ0384-A,TSS-NFR-10,True
COR08443,NFR,PZ0385,FDR-PZ0385-B,TSS-NFR-11,True
COR03720,NFR,PZ0386,FDR-PZ0386-A,TSS-NFR-12,True
COR03719,NFR,PZ0387,FDR-PZ0387-A,TSS-NFR-13,False
COR08176,NFR,PZ0388,FDR-PZ0388-B,TSS-NFR-14,False
COR02909,NFR,PZ0389,FDR-PZ0389-B,TSS-NFR-15,True
COR06089,NFR,PZ0390,FDR-PZ0390-A,TSS-NFR-16,True
COR02914,NFR,PZ0391,FDR-PZ0391-B,TSS-NFR-17,True
COR05232,NFR,PZ0392,FDR-PZ0392-B,TSS-NFR-18,True
COR01471,NFR,PZ0393,FDR-PZ0393-A,TSS-NFR-19,False
COR01664,NFR,PZ0394,FDR-PZ0394-A,TSS-NFR-20,True
COR06094,NFR,PZ0395,FDR-PZ0395-B,TSS-NFR-21,True
COR07282,NFR,PZ0396,FDR-PZ0396-B,TSS-NFR-22,True
COR07280,NFR,PZ0397,FDR-PZ0397-A,TSS-NFR-23,True
COR07541,NFR,PZ0398,FDR-PZ0398-A,TSS-NFR-24,False
COR05242,NFR,PZ0399,FDR-PZ0399-A,TSS-NFR-25,True
COR00990,NFR,PZ0375,FDR-PZ0375-B,TSS-NFR-01,True
COR06115,NFR,PZ0376,FDR-PZ0376-B,TSS-NFR-02,True
COR04457,NFR,PZ0377,FDR-PZ0377-B,TSS-NFR-03,True
COR05069,NFR,PZ0378,FDR-PZ0378-B,TSS-NFR-04,True
COR01483,NFR,PZ0379,FDR-PZ0379-B,TSS-NFR-05,True
COR05027,NFR,PZ0380,FDR-PZ0380-B,TSS-NFR-06,True
COR01053,NFR,PZ0381,FDR-PZ0381-B,TSS-NFR-07,True
COR00964,NFR,PZ0382,FDR-PZ0382-A,TSS-NFR-08,False
COR01474,NFR,PZ0383,FDR-PZ0383-B,TSS-NFR-09,True
COR03725,NFR,PZ0384,FDR-PZ0384-B,TSS-NFR-10,False
COR07498,NFR,PZ0385,FDR-PZ0385-A,TSS-NFR-11,False
COR01461,NFR,PZ0386,FDR-PZ0386-A,TSS-NFR-12,True
COR07199,NFR,PZ0387,FDR-PZ0387-A,TSS-NFR-13,True
COR01006,NFR,PZ0388,FDR-PZ0388-B,TSS-NFR-14,True
COR05233,NFR,PZ0389,FDR-PZ0389-A,TSS-NFR-15,True
COR08441,NFR,PZ0390,FDR-PZ0390-B,TSS-NFR-16,True
COR05239,NFR,PZ0391,FDR-PZ0391-B,TSS-NFR-17,True
COR03836,NFR,PZ0392,FDR-PZ0392-B,TSS-NFR-18,False
COR01070,NFR,PZ0393,FDR-PZ0393-B,TSS-NFR-19,True
COR03819,NFR,PZ0394,FDR-PZ0394-B,TSS-NFR-20,True
COR08372,NFR,PZ0395,FDR-PZ0395-B,TSS-NFR-21,False
COR07196,NFR,PZ0396,FDR-PZ0396-B,TSS-NFR-22,True
COR01033,NFR,PZ0397,FDR-PZ0397-A,TSS-NFR-23,True
COR07279,NFR,PZ0398,FDR-PZ0398-B,TSS-NFR-24,True
COR00965,NFR,PZ0399,FDR-PZ0399-A,TSS-NFR-25,True
COR01051,NFR,PZ0375,FDR-PZ0375-B,TSS-NFR-01,True
COR01001,NFR,PZ0376,FDR-PZ0376-B,TSS-NFR-02,False
COR00963,NFR,PZ0377,FDR-PZ0377-A,TSS-NFR-03,True
COR04474,NFR,PZ0378,FDR-PZ0378-A,TSS-NFR-04,True
COR04611,NFR,PZ0379,FDR-PZ0379-B,TSS-NFR-05,True
COR03158,NFR,PZ0380,FDR-PZ0380-B,TSS-NFR-06,True
COR07487,NFR,PZ0381,FDR-PZ0381-A,TSS-NFR-07,True
COR08081,NFR,PZ0382,FDR-PZ0382-B,TSS-NFR-08,False
COR08365,NFR,PZ0383,FDR-PZ0383-B,TSS-NFR-09,True
COR06900,NFR,PZ0384,FDR-PZ0384-B,TSS-NFR-10,False
COR07146,NFR,PZ0385,FDR-PZ0385-A,TSS-NFR-11,True
COR03823,NFR,PZ0386,FDR-PZ0386-A,TSS-NFR-12,True
COR05238,NFR,PZ0387,FDR-PZ0387-B,TSS-NFR-13,False
COR03135,NFR,PZ0388,FDR-PZ0388-B,TSS-NFR-14,True
COR01071,NFR,PZ0389,FDR-PZ0389-A,TSS-NFR-15,False
COR01484,NFR,PZ0390,FDR-PZ0390-B,TSS-NFR-16,False
COR01490,NFR,PZ0391,FDR-PZ0391-A,TSS-NFR-17,True
COR01482,NFR,PZ0392,FDR-PZ0392-A,TSS-NFR-18,True
COR01059,NFR,PZ0393,FDR-PZ0393-A,TSS-NFR-19,False
COR03843,NFR,PZ0394,FDR-PZ0394-B,TSS-NFR-20,False
COR06901,NFR,PZ0395,FDR-PZ0395-B,TSS-NFR-21,True
COR05767,NFR,PZ0396,FDR-PZ0396-A,TSS-NFR-22,True
COR00989,NFR,PZ0397,FDR-PZ0397-B,TSS-NFR-23,True
COR04459,NFR,PZ0398,FDR-PZ0398-A,TSS-NFR-24,False
COR01021,NFR,PZ0399,FDR-PZ0399-B,TSS-NFR-25,True
COR05384,NFR,PZ0375,FDR-PZ0375-A,TSS-NFR-01,True
COR01469,NFR,PZ0376,FDR-PZ0376-B,TSS-NFR-02,True
COR00968,NFR,PZ0377,FDR-PZ0377-A,TSS-NFR-03,True
COR01028,NFR,PZ0378,FDR-PZ0378-A,TSS-NFR-04,True
COR08373,NFR,PZ0379,FDR-PZ0379-B,TSS-NFR-05,True
COR07031,NFR,PZ0380,FDR-PZ0380-B,TSS-NFR-06,True
COR05030,NFR,PZ0381,FDR-PZ0381-B,TSS-NFR-07,True
COR00967,NFR,PZ0382,FDR-PZ0382-B,TSS-NFR-08,True
COR01027,NFR,PZ0383,FDR-PZ0383-A,TSS-NFR-09,True
COR03828,NFR,PZ0384,FDR-PZ0384-A,TSS-NFR-10,True
COR03835,NFR,PZ0385,FDR-PZ0385-B,TSS-NFR-11,True
COR07855,NFR,PZ0386,FDR-PZ0386-A,TSS-NFR-12,True
COR01047,NFR,PZ0387,FDR-PZ0387-A,TSS-NFR-13,True
COR01016,NFR,PZ0388,FDR-PZ0388-B,TSS-NFR-14,False
COR07684,NFR,PZ0389,FDR-PZ0389-B,TSS-NFR-15,False
COR08203,NFR,PZ0390,FDR-PZ0390-B,TSS-NFR-16,True
COR07954,NFR,PZ0391,FDR-PZ0391-A,TSS-NFR-17,True
COR06086,NFR,PZ0392,FDR-PZ0392-B,TSS-NFR-18,True
COR05237,NFR,PZ0393,FDR-PZ0393-A,TSS-NFR-19,True
COR03844,NFR,PZ0394,FDR-PZ0394-A,TSS-NFR-20,False
COR08432,NFR,PZ0395,FDR-PZ0395-A,TSS-NFR-21,True
COR07032,NFR,PZ0396,FDR-PZ0396-B,TSS-NFR-22,True
COR03842,NFR,PZ0397,FDR-PZ0397-B,TSS-NFR-23,True
COR08080,NFR,PZ0398,FDR-PZ0398-A,TSS-NFR-24,False
COR01005,NFR,PZ0399,FDR-PZ0399-A,TSS-NFR-25,True
COR01488,NFR,PZ0375,FDR-PZ0375-A,TSS-NFR-01,True
COR05388,NFR,PZ0376,FDR-PZ0376-B,TSS-NFR-02,True
COR04465,NFR,PZ0377,FDR-PZ0377-A,TSS-NFR-03,True
COR05832,NFR,PZ0378,FDR-PZ0378-B,TSS-NFR-04,True
COR07540,NFR,PZ0379,FDR-PZ0379-A,TSS-NFR-05,True
COR01054,NFR,PZ0380,FDR-PZ0380-B,TSS-NFR-06,True
COR05067,NFR,PZ0381,FDR-PZ0381-B,TSS-NFR-07,True
COR03160,NFR,PZ0382,FDR-PZ0382-B,TSS-NFR-08,True
COR07528,NFR,PZ0383,FDR-PZ0383-B,TSS-NFR-09,False
COR08204,NFR,PZ0384,FDR-PZ0384-A,TSS-NFR-10,True
COR04603,NFR,PZ0385,FDR-PZ0385-A,TSS-NFR-11,True
COR04608,NFR,PZ0386,FDR-PZ0386-B,TSS-NFR-12,True
COR08181,NFR,PZ0387,FDR-PZ0387-A,TSS-NFR-13,True
COR04460,NFR,PZ0388,FDR-PZ0388-A,TSS-NFR-14,False
COR00969,NFR,PZ0389,FDR-PZ0389-B,TSS-NFR-15,False
COR06074,NFR,PZ0390,FDR-PZ0390-B,TSS-NFR-16,True
COR07148,NFR,PZ0391,FDR-PZ0391-B,TSS-NFR-17,True
COR06887,NFR,PZ0392,FDR-PZ0392-B,TSS-NFR-18,True
COR03136,NFR,PZ0393,FDR-PZ0393-A,TSS-NFR-19,True
COR04613,NFR,PZ0394,FDR-PZ0394-B,TSS-NFR-20,True
COR01667,NFR,PZ0395,FDR-PZ0395-B,TSS-NFR-21,True
COR01665,NFR,PZ0396,FDR-PZ0396-B,TSS-NFR-22,True
COR06896,NFR,PZ0397,FDR-PZ0397-B,TSS-NFR-23,True
COR08179,NFR,PZ0398,FDR-PZ0398-B,TSS-NFR-24,False
COR01049,NFR,PZ0399,FDR-PZ0399-B,TSS-NFR-25,False
COR05026,NFR,PZ0375,FDR-PZ0375-A,TSS-NFR-01,True
COR07953,NFR,PZ0376,FDR-PZ0376-B,TSS-NFR-02,True
COR05241,NFR,PZ0377,FDR-PZ0377-A,TSS-NFR-03,True
COR01044,NFR,PZ0378,FDR-PZ0378-A,TSS-NFR-04,False
COR07529,NFR,PZ0379,FDR-PZ0379-A,TSS-NFR-05,True
COR01036,NFR,PZ0380,FDR-PZ0380-A,TSS-NFR-06,True
COR03833,NFR,PZ0381,FDR-PZ0381-A,TSS-NFR-07,True
COR01041,NFR,PZ0382,FDR-PZ0382-A,TSS-NFR-08,True
COR04458,NFR,PZ0383,FDR-PZ0383-A,TSS-NFR-09,False
COR00993,NFR,PZ0384,FDR-PZ0384-B,TSS-NFR-10,False
COR05769,NFR,PZ0385,FDR-PZ0385-B,TSS-NFR-11,True
COR04609,NFR,PZ0386,FDR-PZ0386-A,TSS-NFR-12,False
COR00976,NFR,PZ0387,FDR-PZ0387-A,TSS-NFR-13,True
COR04783,NFR,PZ0388,FDR-PZ0388-B,TSS-NFR-14,True
COR07197,NFR,PZ0389,FDR-PZ0389-A,TSS-NFR-15,True
COR08366,NFR,PZ0390,FDR-PZ0390-A,TSS-NFR-16,True
COR00975,NFR,PZ0391,FDR-PZ0391-A,TSS-NFR-17,False
COR01064,NFR,PZ0392,FDR-PZ0392-A,TSS-NFR-18,True
COR00984,NFR,PZ0393,FDR-PZ0393-A,TSS-NFR-19,True
COR04454,NFR,PZ0394,FDR-PZ0394-B,TSS-NFR-20,True
COR00981,NFR,PZ0395,FDR-PZ0395-B,TSS-NFR-21,False
COR01666,NFR,PZ0396,FDR-PZ0396-B,TSS-NFR-22,True
COR05387,NFR,PZ0397,FDR-PZ0397-B,TSS-NFR-23,False
COR03839,NFR,PZ0398,FDR-PZ0398-B,TSS-NFR-24,True
COR01039,NFR,PZ0399,FDR-PZ0399-B,TSS-NFR-25,True
COR05240,NFR,PZ0375,FDR-PZ0375-B,TSS-NFR-01,True
COR08183,NFR,PZ0376,FDR-PZ0376-B,TSS-NFR-02,True
COR04469,NFR,PZ0377,FDR-PZ0377-A,TSS-NFR-03,False
COR07533,NFR,PZ0378,FDR-PZ0378-A,TSS-NFR-04,False
COR00983,NFR,PZ0379,FDR-PZ0379-A,TSS-NFR-05,True
COR06898,NFR,PZ0380,FDR-PZ0380-A,TSS-NFR-06,True
COR04455,NFR,PZ0381,FDR-PZ0381-A,TSS-NFR-07,True
COR01062,NFR,PZ0382,FDR-PZ0382-A,TSS-NFR-08,True
COR00566,NFR,PZ0383,FDR-PZ0383-B,TSS-NFR-09,True
COR03155,NFR,PZ0384,FDR-PZ0384-B,TSS-NFR-10,True
COR01007,NFR,PZ0385,FDR-PZ0385-A,TSS-NFR-11,True
COR04605,NFR,PZ0386,FDR-PZ0386-B,TSS-NFR-12,True
COR06000,NFR,PZ0387,FDR-PZ0387-A,TSS-NFR-13,False
COR07488,NFR,PZ0388,FDR-PZ0388-A,TSS-NFR-14,True
COR01032,NFR,PZ0389,FDR-PZ0389-B,TSS-NFR-15,True
COR06002,NFR,PZ0390,FDR-PZ0390-A,TSS-NFR-16,True
COR06125,NFR,PZ0391,FDR-PZ0391-A,TSS-NFR-17,True
COR05231,NFR,PZ0392,FDR-PZ0392-A,TSS-NFR-18,True
COR06897,NFR,PZ0393,FDR-PZ0393-B,TSS-NFR-19,True
COR01476,NFR,PZ0394,FDR-PZ0394-A,TSS-NFR-20,True
COR07415,NFR,PZ0395,FDR-PZ0395-B,TSS-NFR-21,False
COR05999,NFR,PZ0396,FDR-PZ0396-A,TSS-NFR-22,True
COR03822,NFR,PZ0397,FDR-PZ0397-A,TSS-NFR-23,False
COR01012,NFR,PZ0398,FDR-PZ0398-A,TSS-NFR-24,True
COR00986,NFR,PZ0399,FDR-PZ0399-B,TSS-NFR-25,True
COR06890,NFR,PZ0375,FDR-PZ0375-B,TSS-NFR-01,True
COR06888,NFR,PZ0376,FDR-PZ0376-A,TSS-NFR-02,False
COR07424,NFR,PZ0377,FDR-PZ0377-A,TSS-NFR-03,True
COR05230,NFR,PZ0378,FDR-PZ0378-A,TSS-NFR-04,True
COR04614,NFR,PZ0379,FDR-PZ0379-A,TSS-NFR-05,True
COR05831,NFR,PZ0380,FDR-PZ0380-A,TSS-NFR-06,True
COR07527,NFR,PZ0381,FDR-PZ0381-A,TSS-NFR-07,True
COR03162,NFR,PZ0382,FDR-PZ0382-B,TSS-NFR-08,True
COR01018,NFR,PZ0383,FDR-PZ0383-B,TSS-NFR-09,False
COR08177,NFR,PZ0384,FDR-PZ0384-A,TSS-NFR-10,True
COR01073,NFR,PZ0385,FDR-PZ0385-A,TSS-NFR-11,True
COR06075,NFR,PZ0386,FDR-PZ0386-B,TSS-NFR-12,True
COR01485,NFR,PZ0387,FDR-PZ0387-B,TSS-NFR-13,False
COR05770,NFR,PZ0388,FDR-PZ0388-A,TSS-NFR-14,False
COR03820,NFR,PZ0389,FDR-PZ0389-A,TSS-NFR-15,True
COR05389,NFR,PZ0390,FDR-PZ0390-B,TSS-NFR-16,True
COR03825,NFR,PZ0391,FDR-PZ0391-B,TSS-NFR-17,True
COR00568,NFR,PZ0392,FDR-PZ0392-A,TSS-NFR-18,False
COR07422,NFR,PZ0393,FDR-PZ0393-A,TSS-NFR-19,True
COR04601,NFR,PZ0394,FDR-PZ0394-B,TSS-NFR-20,True
COR04467,NFR,PZ0395,FDR-PZ0395-A,TSS-NFR-21,True
COR03840,NFR,PZ0396,FDR-PZ0396-B,TSS-NFR-22,True
COR01017,NFR,PZ0397,FDR-PZ0397-A,TSS-NFR-23,True
COR08435,NFR,PZ0398,FDR-PZ0398-A,TSS-NFR-24,True
COR06126,NFR,PZ0399,FDR-PZ0399-A,TSS-NFR-25,True
COR04464,NFR,PZ0375,FDR-PZ0375-B,TSS-NFR-01,True
COR00998,NFR,PZ0376,FDR-PZ0376-B,TSS-NFR-02,True
COR06226,NFR,PZ0377,FDR-PZ0377-A,TSS-NFR-03,True
COR07195,NFR,PZ0378,FDR-PZ0378-A,TSS-NFR-04,True
COR06083,NFR,PZ0379,FDR-PZ0379-B,TSS-NFR-05,False
COR06091,NFR,PZ0380,FDR-PZ0380-A,TSS-NFR-06,True
COR07489,NFR,PZ0381,FDR-PZ0381-A,TSS-NFR-07,False
COR06902,NFR,PZ0382,FDR-PZ0382-A,TSS-NFR-08,False
COR01035,NFR,PZ0383,FDR-PZ0383-B,TSS-NFR-09,False
COR06093,NFR,PZ0384,FDR-PZ0384-A,TSS-NFR-10,True
COR08442,NFR,PZ0385,FDR-PZ0385-B,TSS-NFR-11,True
COR07147,NFR,PZ0386,FDR-PZ0386-B,TSS-NFR-12,False
COR01472,NFR,PZ0387,FDR-PZ0387-A,TSS-NFR-13,True
COR06953,NFR,PZ0388,FDR-PZ0388-B,TSS-NFR-14,False
COR06073,NFR,PZ0389,FDR-PZ0389-B,TSS-NFR-15,True
COR01489,NFR,PZ0390,FDR-PZ0390-A,TSS-NFR-16,False
COR06899,NFR,PZ0391,FDR-PZ0391-A,TSS-NFR-17,True
COR06227,NFR,PZ0392,FDR-PZ0392-B,TSS-NFR-18,False
COR04606,NFR,PZ0393,FDR-PZ0393-B,TSS-NFR-19,True
COR07797,NFR,PZ0394,FDR-PZ0394-B,TSS-NFR-20,True
COR05065,NFR,PZ0395,FDR-PZ0395-B,TSS-NFR-21,True
COR01465,NFR,PZ0396,FDR-PZ0396-B,TSS-NFR-22,True
COR01486,NFR,PZ0397,FDR-PZ0397-A,TSS-NFR-23,False
COR08247,NFR,PZ0398,FDR-PZ0398-B,TSS-NFR-24,True
COR01043,NFR,PZ0399,FDR-PZ0399-B,TSS-NFR-25,False
COR04615,NFR,PZ0375,FDR-PZ0375-A,TSS-NFR-01,True
COR05244,NFR,PZ0376,FDR-PZ0376-A,TSS-NFR-02,False
COR01479,NFR,PZ0377,FDR-PZ0377-B,TSS-NFR-03,True
COR03727,NFR,PZ0378,FDR-PZ0378-B,TSS-NFR-04,True
COR00567,NFR,PZ0379,FDR-PZ0379-A,TSS-NFR-05,False
COR01057,NFR,PZ0380,FDR-PZ0380-B,TSS-NFR-06,True
COR03852,NFR,PZ0381,FDR-PZ0381-B,TSS-NFR-07,True
COR04782,NFR,PZ0382,FDR-PZ0382-A,TSS-NFR-08,True
COR07151,NFR,PZ0383,FDR-PZ0383-A,TSS-NFR-09,True
COR03161,NFR,PZ0384,FDR-PZ0384-A,TSS-NFR-10,True
COR05380,NFR,PZ0385,FDR-PZ0385-B,TSS-NFR-11,False
COR01025,NFR,PZ0386,FDR-PZ0386-A,TSS-NFR-12,True
COR03722,NFR,PZ0387,FDR-PZ0387-A,TSS-NFR-13,True
COR06891,NFR,PZ0388,FDR-PZ0388-A,TSS-NFR-14,True
COR00987,NFR,PZ0389,FDR-PZ0389-B,TSS-NFR-15,False
COR07537,NFR,PZ0390,FDR-PZ0390-B,TSS-NFR-16,True
COR07203,NFR,PZ0391,FDR-PZ0391-A,TSS-NFR-17,True
COR06122,NFR,PZ0392,FDR-PZ0392-B,TSS-NFR-18,True
COR00631,SECR,PZ0400,FDR-PZ0400-A,TSS-SECR-01,True
COR07432,SECR,PZ0401,FDR-PZ0401-B,TSS-SECR-02,True
COR03773,SECR,PZ0402,FDR-PZ0402-A,TSS-SECR-03,True
COR00819,SECR,PZ0403,FDR-PZ0403-B,TSS-SECR-04,False
COR03787,SECR,PZ0404,FDR-PZ0404-A,TSS-SECR-05,True
COR07654,SECR,PZ0405,FDR-PZ0405-A,TSS-SECR-06,True
COR06202,SECR,PZ0406,FDR-PZ0406-A,TSS-SECR-07,True
COR01429,SECR,PZ0407,FDR-PZ0407-B,TSS-SECR-08,True
COR05793,SECR,PZ0408,FDR-PZ0408-B,TSS-SECR-09,True
COR05647,SECR,PZ0409,FDR-PZ0409-A,TSS-SECR-10,False
COR06217,SECR,PZ0410,FDR-PZ0410-A,TSS-SECR-11,True
COR03780,SECR,PZ0411,FDR-PZ0411-A,TSS-SECR-12,True
COR05265,SECR,PZ0412,FDR-PZ0412-A,TSS-SECR-13,True
COR05538,SECR,PZ0400,FDR-PZ0400-B,TSS-SECR-01,True
COR02569,SECR,PZ0401,FDR-PZ0401-B,TSS-SECR-02,True
COR07518,SECR,PZ0402,FDR-PZ0402-A,TSS-SECR-03,True
COR02543,SECR,PZ0403,FDR-PZ0403-B,TSS-SECR-04,False
COR02376,SECR,PZ0404,FDR-PZ0404-B,TSS-SECR-05,True
COR05533,SECR,PZ0405,FDR-PZ0405-A,TSS-SECR-06,True
COR06206,SECR,PZ0406,FDR-PZ0406-B,TSS-SECR-07,False
COR02482,SECR,PZ0407,FDR-PZ0407-A,TSS-SECR-08,True
COR02551,SECR,PZ0408,FDR-PZ0408-A,TSS-SECR-09,True
COR02564,SECR,PZ0409,FDR-PZ0409-B,TSS-SECR-10,True
COR07428,SECR,PZ0410,FDR-PZ0410-A,TSS-SECR-11,True
COR02478,SECR,PZ0411,FDR-PZ0411-A,TSS-SECR-12,True
COR07051,SECR,PZ0412,FDR-PZ0412-A,TSS-SECR-13,True
COR03186,SECR,PZ0400,FDR-PZ0400-B,TSS-SECR-01,False
COR05330,SECR,PZ0401,FDR-PZ0401-B,TSS-SECR-02,False
COR06204,SECR,PZ0402,FDR-PZ0402-A,TSS-SECR-03,True
COR06189,SECR,PZ0403,FDR-PZ0403-A,TSS-SECR-04,True
COR00632,SECR,PZ0404,FDR-PZ0404-A,TSS-SECR-05,True
COR06208,SECR,PZ0405,FDR-PZ0405-A,TSS-SECR-06,True
COR05258,SECR,PZ0406,FDR-PZ0406-B,TSS-SECR-07,True
COR07980,SECR,PZ0407,FDR-PZ0407-A,TSS-SECR-08,True
COR05329,SECR,PZ0408,FDR-PZ0408-B,TSS-SECR-09,True
COR02561,SECR,PZ0409,FDR-PZ0409-A,TSS-SECR-10,True
COR02264,SECR,PZ0410,FDR-PZ0410-B,TSS-SECR-11,True
COR02560,SECR,PZ0411,FDR-PZ0411-A,TSS-SECR-12,True
COR05249,SECR,PZ0412,FDR-PZ0412-A,TSS-SECR-13,True
COR07431,SECR,PZ0400,FDR-PZ0400-A,TSS-SECR-01,True
COR07520,SECR,PZ0401,FDR-PZ0401-A,TSS-SECR-02,False
COR04569,SECR,PZ0402,FDR-PZ0402-A,TSS-SECR-03,False
COR06191,SECR,PZ0403,FDR-PZ0403-A,TSS-SECR-04,True
COR05528,SECR,PZ0404,FDR-PZ0404-A,TSS-SECR-05,True
COR01416,SECR,PZ0405,FDR-PZ0405-B,TSS-SECR-06,True
COR02373,SECR,PZ0406,FDR-PZ0406-A,TSS-SECR-07,True
COR05795,SECR,PZ0407,FDR-PZ0407-A,TSS-SECR-08,False
COR02545,SECR,PZ0408,FDR-PZ0408-A,TSS-SECR-09,False
COR02208,SECR,PZ0409,FDR-PZ0409-B,TSS-SECR-10,True
COR05253,SECR,PZ0410,FDR-PZ0410-A,TSS-SECR-11,True
COR05799,SECR,PZ0411,FDR-PZ0411-A,TSS-SECR-12,True
COR02481,SECR,PZ0412,FDR-PZ0412-A,TSS-SECR-13,True
COR06412,SECR,PZ0400,FDR-PZ0400-B,TSS-SECR-01,False
COR00815,SECR,PZ0401,FDR-PZ0401-A,TSS-SECR-02,False
COR03782,SECR,PZ0402,FDR-PZ0402-A,TSS-SECR-03,True
COR06574,SECR,PZ0403,FDR-PZ0403-B,TSS-SECR-04,True
COR08056,SECR,PZ0404,FDR-PZ0404-B,TSS-SECR-05,True
COR02555,SECR,PZ0405,FDR-PZ0405-B,TSS-SECR-06,True
COR02573,SECR,PZ0406,FDR-PZ0406-B,TSS-SECR-07,True
COR02542,SECR,PZ0407,FDR-PZ0407-B,TSS-SECR-08,True
COR02477,SECR,PZ0408,FDR-PZ0408-B,TSS-SECR-09,True
COR04568,SECR,PZ0409,FDR-PZ0409-B,TSS-SECR-10,False
COR02577,SECR,PZ0410,FDR-PZ0410-A,TSS-SECR-11,True
COR07975,SECR,PZ0411,FDR-PZ0411-B,TSS-SECR-12,True
COR01427,SECR,PZ0412,FDR-PZ0412-B,TSS-SECR-13,True
COR02570,SECR,PZ0400,FDR-PZ0400-A,TSS-SECR-01,True
COR02362,SECR,PZ0401,FDR-PZ0401-B,TSS-SECR-02,True
COR07430,SECR,PZ0402,FDR-PZ0402-B,TSS-SECR-03,True
COR01423,SECR,PZ0403,FDR-PZ0403-B,TSS-SECR-04,True
COR05530,SECR,PZ0404,FDR-PZ0404-A,TSS-SECR-05,True
COR07273,SECR,PZ0405,FDR-PZ0405-B,TSS-SECR-06,True
COR02578,SECR,PZ0406,FDR-PZ0406-B,TSS-SECR-07,False
COR02571,SECR,PZ0407,FDR-PZ0407-B,TSS-SECR-08,True
COR05261,SECR,PZ0408,FDR-PZ0408-A,TSS-SECR-09,True
COR00635,SECR,PZ0409,FDR-PZ0409-A,TSS-SECR-10,False
COR03190,SECR,PZ0410,FDR-PZ0410-B,TSS-SECR-11,True
COR00817,SECR,PZ0411,FDR-PZ0411-B,TSS-SECR-12,True
COR02205,SECR,PZ0412,FDR-PZ0412-A,TSS-SECR-13,True
COR07517,SECR,PZ0400,FDR-PZ0400-B,TSS-SECR-01,False
COR05646,SECR,PZ0401,FDR-PZ0401-B,TSS-SECR-02,False
COR03774,SECR,PZ0402,FDR-PZ0402-A,TSS-SECR-03,True
COR01424,SECR,PZ0403,FDR-PZ0403-B,TSS-SECR-04,True
COR02563,SECR,PZ0404,FDR-PZ0404-A,TSS-SECR-05,True
COR01421,SECR,PZ0405,FDR-PZ0405-B,TSS-SECR-06,True
COR02568,SECR,PZ0406,FDR-PZ0406-B,TSS-SECR-07,False
COR05251,SECR,PZ0407,FDR-PZ0407-B,TSS-SECR-08,True
COR07057,SECR,PZ0408,FDR-PZ0408-B,TSS-SECR-09,False
COR02557,SECR,PZ0409,FDR-PZ0409-B,TSS-SECR-10,False
COR03778,SECR,PZ0410,FDR-PZ0410-B,TSS-SECR-11,True
COR06201,SECR,PZ0411,FDR-PZ0411-B,TSS-SECR-12,True
COR02558,SECR,PZ0412,FDR-PZ0412-B,TSS-SECR-13,True
COR02364,SECR,PZ0400,FDR-PZ0400-B,TSS-SECR-01,True
COR02550,SECR,PZ0401,FDR-PZ0401-B,TSS-SECR-02,True
COR07515,SECR,PZ0402,FDR-PZ0402-A,TSS-SECR-03,True
COR03192,SECR,PZ0403,FDR-PZ0403-B,TSS-SECR-04,True
COR04570,SECR,PZ0404,FDR-PZ0404-A,TSS-SECR-05,True
COR05724,SECR,PZ0405,FDR-PZ0405-B,TSS-SECR-06,True
COR07278,SECR,PZ0406,FDR-PZ0406-A,TSS-SECR-07,True
COR07449,SECR,PZ0407,FDR-PZ0407-B,TSS-SECR-08,False
COR07519,SECR,PZ0408,FDR-PZ0408-A,TSS-SECR-09,True
COR03775,SECR,PZ0409,FDR-PZ0409-A,TSS-SECR-10,False
COR02368,SECR,PZ0410,FDR-PZ0410-B,TSS-SECR-11,True
COR03784,SECR,PZ0411,FDR-PZ0411-B,TSS-SECR-12,True
COR06207,SECR,PZ0412,FDR-PZ0412-B,TSS-SECR-13,True
COR07521,SECR,PZ0400,FDR-PZ0400-A,TSS-SECR-01,True
COR02580,SECR,PZ0401,FDR-PZ0401-A,TSS-SECR-02,True
COR05542,SECR,PZ0402,FDR-PZ0402-A,TSS-SECR-03,True
COR03783,SECR,PZ0403,FDR-PZ0403-B,TSS-SECR-04,True
COR01418,SECR,PZ0404,FDR-PZ0404-A,TSS-SECR-05,True
COR02263,SECR,PZ0405,FDR-PZ0405-A,TSS-SECR-06,True
COR02374,SECR,PZ0406,FDR-PZ0406-B,TSS-SECR-07,False
COR02365,SECR,PZ0407,FDR-PZ0407-A,TSS-SECR-08,True
COR02369,SECR,PZ0408,FDR-PZ0408-A,TSS-SECR-09,True
COR06203,SECR,PZ0409,FDR-PZ0409-A,TSS-SECR-10,True
COR07055,SECR,PZ0410,FDR-PZ0410-A,TSS-SECR-11,True
COR06415,SECR,PZ0411,FDR-PZ0411-A,TSS-SECR-12,True
COR05278,SECR,PZ0412,FDR-PZ0412-B,TSS-SECR-13,True
COR05327,SECR,PZ0400,FDR-PZ0400-A,TSS-SECR-01,False
COR03169,SECR,PZ0401,FDR-PZ0401-A,TSS-SECR-02,False
COR02575,SECR,PZ0402,FDR-PZ0402-B,TSS-SECR-03,True
COR05537,SECR,PZ0403,FDR-PZ0403-B,TSS-SECR-04,False
COR01428,SECR,PZ0404,FDR-PZ0404-A,TSS-SECR-05,True
COR07437,SECR,PZ0405,FDR-PZ0405-A,TSS-SECR-06,True
COR02554,SECR,PZ0406,FDR-PZ0406-B,TSS-SECR-07,True
COR07436,SECR,PZ0407,FDR-PZ0407-A,TSS-SECR-08,True
COR02209,SECR,PZ0408,FDR-PZ0408-A,TSS-SECR-09,False
COR07435,SECR,PZ0409,FDR-PZ0409-B,TSS-SECR-10,False
COR01431,SECR,PZ0410,FDR-PZ0410-B,TSS-SECR-11,False
COR06190,SECR,PZ0411,FDR-PZ0411-B,TSS-SECR-12,True
COR06258,SECR,PZ0412,FDR-PZ0412-B,TSS-SECR-13,True
COR02553,SECR,PZ0400,FDR-PZ0400-A,TSS-SECR-01,True
COR05797,SECR,PZ0401,FDR-PZ0401-A,TSS-SECR-02,True
COR02559,SECR,PZ0402,FDR-PZ0402-B,TSS-SECR-03,True
COR05259,SECR,PZ0403,FDR-PZ0403-B,TSS-SECR-04,True
COR08408,SECR,PZ0404,FDR-PZ0404-A,TSS-SECR-05,True
COR03776,SECR,PZ0405,FDR-PZ0405-B,TSS-SECR-06,True
COR07053,SECR,PZ0406,FDR-PZ0406-B,TSS-SECR-07,True
COR00634,SECR,PZ0407,FDR-PZ0407-B,TSS-SECR-08,False
COR02567,SECR,PZ0408,FDR-PZ0408-B,TSS-SECR-09,True
COR06200,SECR,PZ0409,FDR-PZ0409-A,TSS-SECR-10,False
COR02707,SECR,PZ0410,FDR-PZ0410-A,TSS-SECR-11,True
COR05263,SECR,PZ0411,FDR-PZ0411-B,TSS-SECR-12,True
COR07050,SECR,PZ0412,FDR-PZ0412-B,TSS-SECR-13,True
COR06413,SECR,PZ0400,FDR-PZ0400-B,TSS-SECR-01,True
COR03188,SECR,PZ0401,FDR-PZ0401-B,TSS-SECR-02,True
COR02372,SECR,PZ0402,FDR-PZ0402-A,TSS-SECR-03,True
COR07049,SECR,PZ0403,FDR-PZ0403-A,TSS-SECR-04,True
COR00816,SECR,PZ0404,FDR-PZ0404-A,TSS-SECR-05,True
COR07516,SECR,PZ0405,FDR-PZ0405-A,TSS-SECR-06,True
COR07433,SECR,PZ0406,FDR-PZ0406-B,TSS-SECR-07,True
COR02375,SECR,PZ0407,FDR-PZ0407-B,TSS-SECR-08,False
COR05536,SECR,PZ0408,FDR-PZ0408-A,TSS-SECR-09,True
COR06192,SECR,PZ0409,FDR-PZ0409-A,TSS-SECR-10,True
COR02206,SECR,PZ0410,FDR-PZ0410-B,TSS-SECR-11,True
COR00638,SECR,PZ0411,FDR-PZ0411-A,TSS-SECR-12,False
COR02363,SECR,PZ0412,FDR-PZ0412-A,TSS-SECR-13,True
COR02547,SECR,PZ0400,FDR-PZ0400-A,TSS-SECR-01,True
COR06196,SECR,PZ0401,FDR-PZ0401-B,TSS-SECR-02,True
COR02576,SECR,PZ0402,FDR-PZ0402-B,TSS-SECR-03,False
COR02556,SECR,PZ0403,FDR-PZ0403-A,TSS-SECR-04,False
COR08407,SECR,PZ0404,FDR-PZ0404-B,TSS-SECR-05,True
COR07429,SECR,PZ0405,FDR-PZ0405-A,TSS-SECR-06,True
COR07056,SECR,PZ0406,FDR-PZ0406-B,TSS-SECR-07,True
COR03187,SECR,PZ0407,FDR-PZ0407-A,TSS-SECR-08,False
COR02581,SECR,PZ0408,FDR-PZ0408-B,TSS-SECR-09,True
COR05541,SECR,PZ0409,FDR-PZ0409-A,TSS-SECR-10,True
COR05540,SECR,PZ0410,FDR-PZ0410-B,TSS-SECR-11,False
COR07977,SECR,PZ0411,FDR-PZ0411-A,TSS-SECR-12,True
COR01432,SECR,PZ0412,FDR-PZ0412-A,TSS-SECR-13,False
COR03193,SECR,PZ0400,FDR-PZ0400-A,TSS-SECR-01,False
COR06414,SECR,PZ0401,FDR-PZ0401-A,TSS-SECR-02,False
COR02572,SECR,PZ0402,FDR-PZ0402-A,TSS-SECR-03,False
COR07978,SECR,PZ0403,FDR-PZ0403-A,TSS-SECR-04,True
COR02367,SECR,PZ0404,FDR-PZ0404-B,TSS-SECR-05,False
COR05255,SECR,PZ0405,FDR-PZ0405-A,TSS-SECR-06,True
COR07974,SECR,PZ0406,FDR-PZ0406-A,TSS-SECR-07,True
COR02366,SECR,PZ0407,FDR-PZ0407-A,TSS-SECR-08,False
COR06216,SECR,PZ0408,FDR-PZ0408-A,TSS-SECR-09,True
COR07976,SECR,PZ0409,FDR-PZ0409-A,TSS-SECR-10,True
COR07048,SECR,PZ0410,FDR-PZ0410-A,TSS-SECR-11,True
COR05260,SECR,PZ0411,FDR-PZ0411-B,TSS-SECR-12,True
COR05798,SECR,PZ0412,FDR-PZ0412-B,TSS-SECR-13,False
COR02565,SECR,PZ0400,FDR-PZ0400-A,TSS-SECR-01,True
COR05531,SECR,PZ0401,FDR-PZ0401-A,TSS-SECR-02,True
COR07426,SECR,PZ0402,FDR-PZ0402-A,TSS-SECR-03,True
COR02262,SECR,PZ0403,FDR-PZ0403-A,TSS-SECR-04,True
COR00637,SECR,PZ0404,FDR-PZ0404-A,TSS-SECR-05,True
COR02370,SECR,PZ0405,FDR-PZ0405-B,TSS-SECR-06,True
COR02479,SECR,PZ0406,FDR-PZ0406-B,TSS-SECR-07,False
COR05532,SECR,PZ0407,FDR-PZ0407-A,TSS-SECR-08,False
COR07047,SECR,PZ0408,FDR-PZ0408-A,TSS-SECR-09,False
COR06198,SECR,PZ0409,FDR-PZ0409-A,TSS-SECR-10,True
COR07052,SECR,PZ0410,FDR-PZ0410-A,TSS-SECR-11,False
COR05250,SECR,PZ0411,FDR-PZ0411-A,TSS-SECR-12,True
COR06195,SECR,PZ0412,FDR-PZ0412-B,TSS-SECR-13,False
COR05796,SECR,PZ0400,FDR-PZ0400-A,TSS-SECR-01,False
COR06205,SECR,PZ0401,FDR-PZ0401-B,TSS-SECR-02,False
COR02204,SECR,PZ0402,FDR-PZ0402-A,TSS-SECR-03,True
COR06186,SECR,PZ0403,FDR-PZ0403-A,TSS-SECR-04,True
COR00636,SECR,PZ0404,FDR-PZ0404-A,TSS-SECR-05,True
COR08055,SECR,PZ0405,FDR-PZ0405-B,TSS-SECR-06,False
COR03191,SECR,PZ0406,FDR-PZ0406-B,TSS-SECR-07,True
COR07434,SECR,PZ0407,FDR-PZ0407-B,TSS-SECR-08,False
COR08058,SECR,PZ0408,FDR-PZ0408-A,TSS-SECR-09,False
COR02371,SECR,PZ0409,FDR-PZ0409-A,TSS-SECR-10,False
COR05256,SECR,PZ0410,FDR-PZ0410-B,TSS-SECR-11,False
COR02483,SECR,PZ0411,FDR-PZ0411-B,TSS-SECR-12,True
COR05264,SECR,PZ0412,FDR-PZ0412-B,TSS-SECR-13,False
COR05725,SECR,PZ0400,FDR-PZ0400-A,TSS-SECR-01,True
COR01415,SECR,PZ0401,FDR-PZ0401-A,TSS-SECR-02,True
COR05650,SECR,PZ0402,FDR-PZ0402-A,TSS-SECR-03,True
COR02574,SECR,PZ0403,FDR-PZ0403-B,TSS-SECR-04,True
COR03777,SECR,PZ0404,FDR-PZ0404-A,TSS-SECR-05,True
COR07058,SECR,PZ0405,FDR-PZ0405-B,TSS-SECR-06,True
COR02546,SECR,PZ0406,FDR-PZ0406-B,TSS-SECR-07,True
COR06257,SECR,PZ0407,FDR-PZ0407-A,TSS-SECR-08,True
COR02552,SECR,PZ0408,FDR-PZ0408-B,TSS-SECR-09,False
COR06193,SECR,PZ0409,FDR-PZ0409-A,TSS-SECR-10,True
COR06199,SECR,PZ0410,FDR-PZ0410-A,TSS-SECR-11,False
COR02377,SECR,PZ0411,FDR-PZ0411-A,TSS-SECR-12,True
COR01426,SECR,PZ0412,FDR-PZ0412-B,TSS-SECR-13,True
COR02549,SECR,PZ0400,FDR-PZ0400-B,TSS-SECR-01,False
COR06218,SECR,PZ0401,FDR-PZ0401-A,TSS-SECR-02,True
COR05534,SECR,PZ0402,FDR-PZ0402-B,TSS-SECR-03,True
COR01419,SECR,PZ0403,FDR-PZ0403-B,TSS-SECR-04,True
COR05254,SECR,PZ0404,FDR-PZ0404-B,TSS-SECR-05,True
COR05257,SECR,PZ0405,FDR-PZ0405-B,TSS-SECR-06,True
COR02579,SECR,PZ0406,FDR-PZ0406-A,TSS-SECR-07,True
COR01425,SECR,PZ0407,FDR-PZ0407-B,TSS-SECR-08,True
COR05539,SECR,PZ0408,FDR-PZ0408-A,TSS-SECR-09,False
COR03786,SECR,PZ0409,FDR-PZ0409-B,TSS-SECR-10,True
COR01420,SECR,PZ0410,FDR-PZ0410-B,TSS-SECR-11,True
COR02361,SECR,PZ0411,FDR-PZ0411-B,TSS-SECR-12,True
COR07054,SECR,PZ0412,FDR-PZ0412-B,TSS-SECR-13,True
COR02360,SECR,PZ0400,FDR-PZ0400-A,TSS-SECR-01,False
COR00633,SECR,PZ0401,FDR-PZ0401-A,TSS-SECR-02,True
COR02562,SECR,PZ0402,FDR-PZ0402-B,TSS-SECR-03,True
COR00630,SECR,PZ0403,FDR-PZ0403-B,TSS-SECR-04,False
COR03189,SECR,PZ0404,FDR-PZ0404-B,TSS-SECR-05,True
COR01417,SECR,PZ0405,FDR-PZ0405-B,TSS-SECR-06,False
COR02708,SECR,PZ0406,FDR-PZ0406-B,TSS-SECR-07,False
COR01430,SECR,PZ0407,FDR-PZ0407-A,TSS-SECR-08,True
COR05328,SECR,PZ0408,FDR-PZ0408-A,TSS-SECR-09,True
COR07276,SECR,PZ0409,FDR-PZ0409-B,TSS-SECR-10,True
COR07275,SECR,PZ0410,FDR-PZ0410-B,TSS-SECR-11,True
COR07979,SECR,PZ0411,FDR-PZ0411-A,TSS-SECR-12,True
COR06187,SECR,PZ0412,FDR-PZ0412-A,TSS-SECR-13,True
COR02544,SECR,PZ0400,FDR-PZ0400-A,TSS-SECR-01,True
COR03779,SECR,PZ0401,FDR-PZ0401-B,TSS-SECR-02,True
COR05529,SECR,PZ0402,FDR-PZ0402-A,TSS-SECR-03,True
COR07274,SECR,PZ0403,FDR-PZ0403-B,TSS-SECR-04,True
COR01422,SECR,PZ0404,FDR-PZ0404-B,TSS-SECR-05,False
COR05535,SECR,PZ0405,FDR-PZ0405-B,TSS-SECR-06,True
COR02548,SECR,PZ0406,FDR-PZ0406-B,TSS-SECR-07,False
COR05252,SECR,PZ0407,FDR-PZ0407-A,TSS-SECR-08,False
COR05794,SECR,PZ0408,FDR-PZ0408-A,TSS-SECR-09,False
COR05648,SECR,PZ0409,FDR-PZ0409-B,TSS-SECR-10,True
COR02480,SECR,PZ0410,FDR-PZ0410-A,TSS-SECR-11,True
COR02566,SECR,PZ0411,FDR-PZ0411-A,TSS-SECR-12,True
COR08054,SECR,PZ0412,FDR-PZ0412-A,TSS-SECR-13,True
COR08057,SECR,PZ0400,FDR-PZ0400-B,TSS-SECR-01,True
COR07427,SECR,PZ0401,FDR-PZ0401-A,TSS-SECR-02,True
COR06194,SECR,PZ0402,FDR-PZ0402-A,TSS-SECR-03,True
COR05262,SECR,PZ0403,FDR-PZ0403-A,TSS-SECR-04,True
COR05266,SECR,PZ0404,FDR-PZ0404-A,TSS-SECR-05,True
COR02706,SECR,PZ0405,FDR-PZ0405-A,TSS-SECR-06,True
COR07277,SECR,PZ0406,FDR-PZ0406-B,TSS-SECR-07,True
COR00818,SECR,PZ0407,FDR-PZ0407-A,TSS-SECR-08,True
COR06197,SECR,PZ0408,FDR-PZ0408-B,TSS-SECR-09,False
COR07046,SECR,PZ0409,FDR-PZ0409-B,TSS-SECR-10,True
COR03781,SECR,PZ0410,FDR-PZ0410-B,TSS-SECR-11,True
COR03785,SECR,PZ0411,FDR-PZ0411-B,TSS-SECR-12,True
COR05649,SECR,PZ0412,FDR-PZ0412-A,TSS-SECR-13,True
COR02207,SECR,PZ0400,FDR-PZ0400-A,TSS-SECR-01,True
COR06188,SECR,PZ0401,FDR-PZ0401-A,TSS-SECR-02,True
COR04961,KR,PZ0413,FDR-PZ0413-B,TSS-KR-01,True
COR04652,KR,PZ0414,FDR-PZ0414-A,TSS-KR-02,True
COR04661,KR,PZ0415,FDR-PZ0415-B,TSS-KR-03,True
COR04648,KR,PZ0416,FDR-PZ0416-A,TSS-KR-04,True
COR04669,KR,PZ0417,FDR-PZ0417-B,TSS-KR-05,True
COR04930,KR,PZ0418,FDR-PZ0418-B,TSS-KR-06,True
COR02596,KR,PZ0413,FDR-PZ0413-A,TSS-KR-01,True
COR04950,KR,PZ0414,FDR-PZ0414-A,TSS-KR-02,True
COR04958,KR,PZ0415,FDR-PZ0415-A,TSS-KR-03,True
COR02603,KR,PZ0416,FDR-PZ0416-A,TSS-KR-04,True
COR04642,KR,PZ0417,FDR-PZ0417-B,TSS-KR-05,True
COR04672,KR,PZ0418,FDR-PZ0418-B,TSS-KR-06,True
COR04685,KR,PZ0413,FDR-PZ0413-A,TSS-KR-01,True
COR04933,KR,PZ0414,FDR-PZ0414-B,TSS-KR-02,True
COR04659,KR,PZ0415,FDR-PZ0415-B,TSS-KR-03,True
COR04662,KR,PZ0416,FDR-PZ0416-B,TSS-KR-04,False
COR04939,KR,PZ0417,FDR-PZ0417-A,TSS-KR-05,True
COR04946,KR,PZ0418,FDR-PZ0418-A,TSS-KR-06,True
COR02600,KR,PZ0413,FDR-PZ0413-A,TSS-KR-01,True
COR02963,KR,PZ0414,FDR-PZ0414-A,TSS-KR-02,False
COR04941,KR,PZ0415,FDR-PZ0415-A,TSS-KR-03,True
COR02585,KR,PZ0416,FDR-PZ0416-A,TSS-KR-04,False
COR02594,KR,PZ0417,FDR-PZ0417-B,TSS-KR-05,True
COR04671,KR,PZ0418,FDR-PZ0418-A,TSS-KR-06,True
COR02601,KR,PZ0413,FDR-PZ0413-B,TSS-KR-01,True
COR04640,KR,PZ0414,FDR-PZ0414-B,TSS-KR-02,True
COR04953,KR,PZ0415,FDR-PZ0415-B,TSS-KR-03,True
COR05826,KR,PZ0416,FDR-PZ0416-B,TSS-KR-04,True
COR04960,KR,PZ0417,FDR-PZ0417-A,TSS-KR-05,True
COR02588,KR,PZ0418,FDR-PZ0418-B,TSS-KR-06,True
COR04692,KR,PZ0413,FDR-PZ0413-B,TSS-KR-01,True
COR05825,KR,PZ0414,FDR-PZ0414-B,TSS-KR-02,True
COR04955,KR,PZ0415,FDR-PZ0415-B,TSS-KR-03,True
COR04658,KR,PZ0416,FDR-PZ0416-A,TSS-KR-04,True
COR05824,KR,PZ0417,FDR-PZ0417-A,TSS-KR-05,True
COR02597,KR,PZ0418,FDR-PZ0418-B,TSS-KR-06,True
COR04952,KR,PZ0413,FDR-PZ0413-B,TSS-KR-01,True
COR04682,KR,PZ0414,FDR-PZ0414-A,TSS-KR-02,False
COR02602,KR,PZ0415,FDR-PZ0415-B,TSS-KR-03,True
COR04948,KR,PZ0416,FDR-PZ0416-A,TSS-KR-04,True
COR04678,KR,PZ0417,FDR-PZ0417-A,TSS-KR-05,True
COR04674,KR,PZ0418,FDR-PZ0418-A,TSS-KR-06,False
COR04647,KR,PZ0413,FDR-PZ0413-A,TSS-KR-01,True
COR04655,KR,PZ0414,FDR-PZ0414-B,TSS-KR-02,True
COR04681,KR,PZ0415,FDR-PZ0415-A,TSS-KR-03,True
COR02583,KR,PZ0416,FDR-PZ0416-A,TSS-KR-04,True
COR04691,KR,PZ0417,FDR-PZ0417-A,TSS-KR-05,True
COR04947,KR,PZ0418,FDR-PZ0418-A,TSS-KR-06,True
COR07955,KR,PZ0413,FDR-PZ0413-A,TSS-KR-01,True
COR04949,KR,PZ0414,FDR-PZ0414-A,TSS-KR-02,False
COR04665,KR,PZ0415,FDR-PZ0415-B,TSS-KR-03,True
COR02965,KR,PZ0416,FDR-PZ0416-A,TSS-KR-04,False
COR04943,KR,PZ0417,FDR-PZ0417-B,TSS-KR-05,True
COR04651,KR,PZ0418,FDR-PZ0418-B,TSS-KR-06,False
COR00733,KR,PZ0413,FDR-PZ0413-A,TSS-KR-01,True
COR04653,KR,PZ0414,FDR-PZ0414-A,TSS-KR-02,False
COR04649,KR,PZ0415,FDR-PZ0415-A,TSS-KR-03,False
COR04643,KR,PZ0416,FDR-PZ0416-A,TSS-KR-04,False
COR04680,KR,PZ0417,FDR-PZ0417-A,TSS-KR-05,True
COR04945,KR,PZ0418,FDR-PZ0418-B,TSS-KR-06,True
COR04676,KR,PZ0413,FDR-PZ0413-B,TSS-KR-01,True
COR04656,KR,PZ0414,FDR-PZ0414-A,TSS-KR-02,True
COR02591,KR,PZ0415,FDR-PZ0415-A,TSS-KR-03,True
COR05828,KR,PZ0416,FDR-PZ0416-A,TSS-KR-04,True
COR04932,KR,PZ0417,FDR-PZ0417-A,TSS-KR-05,True
COR02964,KR,PZ0418,FDR-PZ0418-A,TSS-KR-06,True
COR04927,KR,PZ0413,FDR-PZ0413-A,TSS-KR-01,True
COR02587,KR,PZ0414,FDR-PZ0414-B,TSS-KR-02,True
COR02599,KR,PZ0415,FDR-PZ0415-A,TSS-KR-03,True
COR00754,KR,PZ0416,FDR-PZ0416-A,TSS-KR-04,True
COR05948,KR,PZ0417,FDR-PZ0417-B,TSS-KR-05,True
COR04951,KR,PZ0418,FDR-PZ0418-B,TSS-KR-06,True
COR04666,KR,PZ0413,FDR-PZ0413-B,TSS-KR-01,True
COR04660,KR,PZ0414,FDR-PZ0414-B,TSS-KR-02,True
COR04942,KR,PZ0415,FDR-PZ0415-A,TSS-KR-03,True
COR04668,KR,PZ0416,FDR-PZ0416-B,TSS-KR-04,True
COR04695,KR,PZ0417,FDR-PZ0417-B,TSS-KR-05,True
COR04641,KR,PZ0418,FDR-PZ0418-B,TSS-KR-06,True
COR02589,KR,PZ0413,FDR-PZ0413-A,TSS-KR-01,True
COR04673,KR,PZ0414,FDR-PZ0414-B,TSS-KR-02,False
COR04934,KR,PZ0415,FDR-PZ0415-B,TSS-KR-03,True
COR04694,KR,PZ0416,FDR-PZ0416-A,TSS-KR-04,True
COR04686,KR,PZ0417,FDR-PZ0417-A,TSS-KR-05,True
COR04931,KR,PZ0418,FDR-PZ0418-B,TSS-KR-06,True
COR04929,KR,PZ0413,FDR-PZ0413-B,TSS-KR-01,True
COR04639,KR,PZ0414,FDR-PZ0414-A,TSS-KR-02,True
COR04650,KR,PZ0415,FDR-PZ0415-B,TSS-KR-03,True
COR04644,KR,PZ0416,FDR-PZ0416-B,TSS-KR-04,False
COR04687,KR,PZ0417,FDR-PZ0417-B,TSS-KR-05,True
COR02590,KR,PZ0418,FDR-PZ0418-A,TSS-KR-06,True
COR04646,KR,PZ0413,FDR-PZ0413-B,TSS-KR-01,True
COR04935,KR,PZ0414,FDR-PZ0414-A,TSS-KR-02,False
COR02586,KR,PZ0415,FDR-PZ0415-B,TSS-KR-03,False
COR00734,KR,PZ0416,FDR-PZ0416-B,TSS-KR-04,False
COR04677,KR,PZ0417,FDR-PZ0417-B,TSS-KR-05,True
COR04954,KR,PZ0418,FDR-PZ0418-B,TSS-KR-06,True
COR00753,KR,PZ0413,FDR-PZ0413-B,TSS-KR-01,True
COR04638,KR,PZ0414,FDR-PZ0414-B,TSS-KR-02,True
COR04956,KR,PZ0415,FDR-PZ0415-A,TSS-KR-03,False
COR04667,KR,PZ0416,FDR-PZ0416-A,TSS-KR-04,True
COR04936,KR,PZ0417,FDR-PZ0417-B,TSS-KR-05,True
COR04684,KR,PZ0418,FDR-PZ0418-A,TSS-KR-06,True
COR02582,KR,PZ0413,FDR-PZ0413-A,TSS-KR-01,False
COR04679,KR,PZ0414,FDR-PZ0414-A,TSS-KR-02,True
COR04670,KR,PZ0415,FDR-PZ0415-A,TSS-KR-03,True
COR04654,KR,PZ0416,FDR-PZ0416-A,TSS-KR-04,True
COR04693,KR,PZ0417,FDR-PZ0417-B,TSS-KR-05,True
COR04928,KR,PZ0418,FDR-PZ0418-B,TSS-KR-06,True
COR05827,KR,PZ0413,FDR-PZ0413-A,TSS-KR-01,True
COR02592,KR,PZ0414,FDR-PZ0414-A,TSS-KR-02,True
COR04645,KR,PZ0415,FDR-PZ0415-B,TSS-KR-03,True
COR04663,KR,PZ0416,FDR-PZ0416-B,TSS-KR-04,True
COR04940,KR,PZ0417,FDR-PZ0417-A,TSS-KR-05,False
COR00732,KR,PZ0418,FDR-PZ0418-B,TSS-KR-06,False
COR04944,KR,PZ0413,FDR-PZ0413-B,TSS-KR-01,True
COR02593,KR,PZ0414,FDR-PZ0414-B,TSS-KR-02,True
COR04683,KR,PZ0415,FDR-PZ0415-B,TSS-KR-03,True
COR04675,KR,PZ0416,FDR-PZ0416-B,TSS-KR-04,False
COR04690,KR,PZ0417,FDR-PZ0417-B,TSS-KR-05,True
COR04937,KR,PZ0418,FDR-PZ0418-A,TSS-KR-06,True
COR02598,KR,PZ0413,FDR-PZ0413-A,TSS-KR-01,True
COR02595,KR,PZ0414,FDR-PZ0414-B,TSS-KR-02,False
COR04957,KR,PZ0415,FDR-PZ0415-A,TSS-KR-03,True
COR04664,KR,PZ0416,FDR-PZ0416-A,TSS-KR-04,False
COR04959,KR,PZ0417,FDR-PZ0417-A,TSS-KR-05,True
COR04938,KR,PZ0418,FDR-PZ0418-B,TSS-KR-06,True
COR04962,KR,PZ0413,FDR-PZ0413-B,TSS-KR-01,True
COR04689,KR,PZ0414,FDR-PZ0414-A,TSS-KR-02,True
COR04657,KR,PZ0415,FDR-PZ0415-B,TSS-KR-03,False
COR04688,KR,PZ0416,FDR-PZ0416-B,TSS-KR-04,True
COR02584,KR,PZ0417,FDR-PZ0417-A,TSS-KR-05,False
COR07259,ECoR,PZ0419,FDR-PZ0419-A,TSS-ECoR-01,True
COR07247,ECoR,PZ0420,FDR-PZ0420-A,TSS-ECoR-02,True
COR07042,ECoR,PZ0421,FDR-PZ0421-B,TSS-ECoR-03,True
COR07992,ECoR,PZ0422,FDR-PZ0422-A,TSS-ECoR-04,True
COR07806,ECoR,PZ0423,FDR-PZ0423-B,TSS-ECoR-05,False
COR07628,ECoR,PZ0419,FDR-PZ0419-B,TSS-ECoR-01,False
COR07578,ECoR,PZ0420,FDR-PZ0420-A,TSS-ECoR-02,True
COR07624,ECoR,PZ0421,FDR-PZ0421-B,TSS-ECoR-03,True
COR04589,ECoR,PZ0422,FDR-PZ0422-A,TSS-ECoR-04,True
COR07236,ECoR,PZ0423,FDR-PZ0423-A,TSS-ECoR-05,True
COR07812,ECoR,PZ0419,FDR-PZ0419-A,TSS-ECoR-01,True
COR07250,ECoR,PZ0420,FDR-PZ0420-B,TSS-ECoR-02,True
COR07941,ECoR,PZ0421,FDR-PZ0421-A,TSS-ECoR-03,False
COR07981,ECoR,PZ0422,FDR-PZ0422-A,TSS-ECoR-04,True
COR07988,ECoR,PZ0423,FDR-PZ0423-A,TSS-ECoR-05,True
COR07813,ECoR,PZ0419,FDR-PZ0419-B,TSS-ECoR-01,True
COR07263,ECoR,PZ0420,FDR-PZ0420-B,TSS-ECoR-02,True
COR07581,ECoR,PZ0421,FDR-PZ0421-B,TSS-ECoR-03,True
COR07842,ECoR,PZ0422,FDR-PZ0422-A,TSS-ECoR-04,True
COR07987,ECoR,PZ0423,FDR-PZ0423-A,TSS-ECoR-05,True
COR07983,ECoR,PZ0419,FDR-PZ0419-B,TSS-ECoR-01,True
COR07240,ECoR,PZ0420,FDR-PZ0420-A,TSS-ECoR-02,True
COR07254,ECoR,PZ0421,FDR-PZ0421-A,TSS-ECoR-03,False
COR07239,ECoR,PZ0422,FDR-PZ0422-A,TSS-ECoR-04,True
COR07808,ECoR,PZ0423,FDR-PZ0423-A,TSS-ECoR-05,False
COR07629,ECoR,PZ0419,FDR-PZ0419-B,TSS-ECoR-01,True
COR07238,ECoR,PZ0420,FDR-PZ0420-B,TSS-ECoR-02,True
COR07844,ECoR,PZ0421,FDR-PZ0421-B,TSS-ECoR-03,False
COR07932,ECoR,PZ0422,FDR-PZ0422-A,TSS-ECoR-04,True
COR07989,ECoR,PZ0423,FDR-PZ0423-A,TSS-ECoR-05,True
COR04591,ECoR,PZ0419,FDR-PZ0419-B,TSS-ECoR-01,True
COR07851,ECoR,PZ0420,FDR-PZ0420-B,TSS-ECoR-02,True
COR07246,ECoR,PZ0421,FDR-PZ0421-A,TSS-ECoR-03,False
COR07249,ECoR,PZ0422,FDR-PZ0422-B,TSS-ECoR-04,True
COR07985,ECoR,PZ0423,FDR-PZ0423-A,TSS-ECoR-05,True
COR07937,ECoR,PZ0419,FDR-PZ0419-B,TSS-ECoR-01,True
COR07266,ECoR,PZ0420,FDR-PZ0420-B,TSS-ECoR-02,True
COR07572,ECoR,PZ0421,FDR-PZ0421-B,TSS-ECoR-03,True
COR04587,ECoR,PZ0422,FDR-PZ0422-B,TSS-ECoR-04,False
COR07942,ECoR,PZ0423,FDR-PZ0423-A,TSS-ECoR-05,True
COR07850,ECoR,PZ0419,FDR-PZ0419-B,TSS-ECoR-01,False
COR07811,ECoR,PZ0420,FDR-PZ0420-B,TSS-ECoR-02,True
COR07807,ECoR,PZ0421,FDR-PZ0421-A,TSS-ECoR-03,True
COR07244,ECoR,PZ0422,FDR-PZ0422-A,TSS-ECoR-04,True
COR04588,ECoR,PZ0423,FDR-PZ0423-B,TSS-ECoR-05,False
COR07232,ECoR,PZ0419,FDR-PZ0419-A,TSS-ECoR-01,False
COR07847,ECoR,PZ0420,FDR-PZ0420-A,TSS-ECoR-02,True
COR07939,ECoR,PZ0421,FDR-PZ0421-A,TSS-ECoR-03,True
COR07933,ECoR,PZ0422,FDR-PZ0422-B,TSS-ECoR-04,True
COR07261,ECoR,PZ0423,FDR-PZ0423-A,TSS-ECoR-05,True
COR07984,ECoR,PZ0419,FDR-PZ0419-A,TSS-ECoR-01,True
COR07991,ECoR,PZ0420,FDR-PZ0420-A,TSS-ECoR-02,True
COR07235,ECoR,PZ0421,FDR-PZ0421-A,TSS-ECoR-03,True
COR07252,ECoR,PZ0422,FDR-PZ0422-A,TSS-ECoR-04,True
COR07935,ECoR,PZ0423,FDR-PZ0423-A,TSS-ECoR-05,True
COR07849,ECoR,PZ0419,FDR-PZ0419-A,TSS-ECoR-01,True
COR07257,ECoR,PZ0420,FDR-PZ0420-B,TSS-ECoR-02,False
COR07843,ECoR,PZ0421,FDR-PZ0421-B,TSS-ECoR-03,True
COR07258,ECoR,PZ0422,FDR-PZ0422-A,TSS-ECoR-04,False
COR07241,ECoR,PZ0423,FDR-PZ0423-A,TSS-ECoR-05,True
COR07986,ECoR,PZ0419,FDR-PZ0419-A,TSS-ECoR-01,True
COR07255,ECoR,PZ0420,FDR-PZ0420-A,TSS-ECoR-02,True
COR07264,ECoR,PZ0421,FDR-PZ0421-B,TSS-ECoR-03,True
COR07940,ECoR,PZ0422,FDR-PZ0422-A,TSS-ECoR-04,True
COR07845,ECoR,PZ0423,FDR-PZ0423-A,TSS-ECoR-05,True
COR07936,ECoR,PZ0419,FDR-PZ0419-B,TSS-ECoR-01,True
COR07576,ECoR,PZ0420,FDR-PZ0420-B,TSS-ECoR-02,True
COR07848,ECoR,PZ0421,FDR-PZ0421-B,TSS-ECoR-03,True
COR07256,ECoR,PZ0422,FDR-PZ0422-B,TSS-ECoR-04,True
COR07852,ECoR,PZ0423,FDR-PZ0423-A,TSS-ECoR-05,True
COR07574,ECoR,PZ0419,FDR-PZ0419-A,TSS-ECoR-01,True
COR07265,ECoR,PZ0420,FDR-PZ0420-B,TSS-ECoR-02,False
COR07965,ECoR,PZ0421,FDR-PZ0421-A,TSS-ECoR-03,True
COR07934,ECoR,PZ0422,FDR-PZ0422-A,TSS-ECoR-04,True
COR07809,ECoR,PZ0423,FDR-PZ0423-A,TSS-ECoR-05,True
COR07243,ECoR,PZ0419,FDR-PZ0419-A,TSS-ECoR-01,True
COR07233,ECoR,PZ0420,FDR-PZ0420-B,TSS-ECoR-02,True
COR07577,ECoR,PZ0421,FDR-PZ0421-B,TSS-ECoR-03,True
COR07253,ECoR,PZ0422,FDR-PZ0422-B,TSS-ECoR-04,False
COR07627,ECoR,PZ0423,FDR-PZ0423-B,TSS-ECoR-05,True
COR07626,ECoR,PZ0419,FDR-PZ0419-A,TSS-ECoR-01,True
COR07248,ECoR,PZ0420,FDR-PZ0420-A,TSS-ECoR-02,True
COR07262,ECoR,PZ0421,FDR-PZ0421-B,TSS-ECoR-03,False
COR07580,ECoR,PZ0422,FDR-PZ0422-B,TSS-ECoR-04,False
COR07625,ECoR,PZ0423,FDR-PZ0423-B,TSS-ECoR-05,False
COR07245,ECoR,PZ0419,FDR-PZ0419-A,TSS-ECoR-01,True
COR07575,ECoR,PZ0420,FDR-PZ0420-B,TSS-ECoR-02,True
COR07579,ECoR,PZ0421,FDR-PZ0421-A,TSS-ECoR-03,True
COR04590,ECoR,PZ0422,FDR-PZ0422-B,TSS-ECoR-04,True
COR07938,ECoR,PZ0423,FDR-PZ0423-A,TSS-ECoR-05,True
COR07260,ECoR,PZ0419,FDR-PZ0419-A,TSS-ECoR-01,True
COR07982,ECoR,PZ0420,FDR-PZ0420-A,TSS-ECoR-02,False
COR07237,ECoR,PZ0421,FDR-PZ0421-A,TSS-ECoR-03,True
COR04592,ECoR,PZ0422,FDR-PZ0422-B,TSS-ECoR-04,True
COR07242,ECoR,PZ0423,FDR-PZ0423-A,TSS-ECoR-05,True
COR07841,ECoR,PZ0419,FDR-PZ0419-B,TSS-ECoR-01,True
COR07251,ECoR,PZ0420,FDR-PZ0420-A,TSS-ECoR-02,True
COR07990,ECoR,PZ0421,FDR-PZ0421-B,TSS-ECoR-03,True
COR07234,ECoR,PZ0422,FDR-PZ0422-B,TSS-ECoR-04,False
COR07846,ECoR,PZ0423,FDR-PZ0423-B,TSS-ECoR-05,True
COR07573,ECoR,PZ0419,FDR-PZ0419-A,TSS-ECoR-01,True
COR07582,ECoR,PZ0420,FDR-PZ0420-A,TSS-ECoR-02,True
COR07810,ECoR,PZ0421,FDR-PZ0421-B,TSS-ECoR-03,True
