station_code,station_name,state,zone,lat,lon
BDHL,Badhal,Rajasthan,NWR,27.2520587,75.4516454
KHH,KICHHA,Uttar Pradesh,NER,28.913427000000002,79.519746
SRKN,Sherekan,Rajasthan,NWR,29.55519806064484,74.43499088287354
BKKA,Bhukarka,Rajasthan,NWR,29.238227312503696,74.75103096105158
NHR,Nohar,Rajasthan,NWR,29.192562738768984,74.77362781763077
PRGD,Perungudi,Tamil Nadu,SR,12.975217,80.231363
KNNA,Khinaniyan,Haryana,NWR,29.345637263205944,74.7179570607841
DOD,DHODHAR,Madhya Pradesh,WR,23.770740999999997,75.10354600000001
JNM,Jayanagar Majilpur Halt,West Bengal,ER,22.168635,88.415324
NSD,NASIRABAD,Rajasthan,NWR,26.294459999999997,74.71699100000001
NZB,NIZAMABAD,Andhra Pradesh,SCR,18.679164999999998,78.103238
ADT,ADUTURAI,Tamil Nadu,SR,11.009165,79.478668
KMU,KUMBAKONAM,Tamil Nadu,SR,10.952962,79.388644
MNM,MANAMADURAI JN,Tamil Nadu,SR,9.681538999999999,78.45351
BTU,BARAUT,Uttar Pradesh,NR,29.09692,77.273006
MOGA,Moga,Punjab,NR,30.817296,75.16846699999999
RDK,Rasheedpura Khori,Rajasthan,NWR,27.713786000000002,75.087121
SNSI,SAINAGAR SHIRDI,Maharashtra,CR,19.780792299999998,74.4806877
DLJ,DHOLA JN,Gujarat,WR,21.822549000000002,71.738273
AQG,ASHAPURA GOMAT,Rajasthan,NWR,26.950232,71.892665
MTPC,MOTIPURA CHAUKI,Rajasthan,WCR,24.6093382288,77.04829951629999
DDNI,DUDHNOI,Assam,NFR,26.001459,90.76188
IJ,ITAUNJA,Uttar Pradesh,NER,27.081066999999997,80.89123400000001
RMX,Ramsar,Rajasthan,NWR,25.722252,70.866078
PBE,PILIBHIT JN,Uttar Pradesh,NER,28.614977999999997,79.813946
RMB,Rampura Beri,Rajasthan,NWR,28.5301320576,75.64547982849999
RSWT,Ramgarh Shekhawati,Rajasthan,NWR,28.169397,74.993046
DMGN,DHAMALGAON,Assam,NFR,27.325566,94.85656900000001
LKPL,LAKDIKAPUL,Andhra Pradesh,SCR,17.404048000000003,78.463527
BRUD,BARUD,Madhya Pradesh,WCR,22.052142,76.814085
REWA,REWA,Madhya Pradesh,WCR,24.537122,81.250615
DOK,DHOLKA,Gujarat,WR,22.731982,72.433842
MBA,MAHOBA,Uttar Pradesh,NCR,25.306914,79.849079
JGZ,Jamgaon,Madhya Pradesh,SECR,22.418426,80.198945
NOLI,NOLI,Uttar Pradesh,NR,28.746571,77.31077099999999
SUJR,SUJRA,Uttar Pradesh,NR,29.012729,77.26134099999999
AMOD,Amod,Gujarat,WR,21.990791167399735,72.86546467803419
VKL,Vankal,Gujarat,WR,21.439673931772646,73.23136643506587
BY,BYCULLA,Maharashtra,CR,18.97695,72.833211
KTY,Kotturu,Tamil Nadu,SWR,14.826788325296278,76.21354088187218
BLMR,Bhalukmara,Assam,NFR,26.685532,94.143709
ANJ,Anjangaon,Maharashtra,CR,21.163199753077336,77.31896504759789
DEB,Debagram,West Bengal,ER,23.685277,88.306807
ELP,Achalpur,Maharashtra,CR,21.27760302246017,77.51926277764142
BTY,Bethuadahari,West Bengal,ER,23.610275,88.384597
WARUD,Warud,Maharashtra,CR,20.74690547756532,78.65141943097115
PCU,PUTLACHERUVU,Andhra Pradesh,SCR,16.484823,81.112395
GPJ,Gorapur,Andhra Pradesh,ECoR,18.346936,82.79406
ABEO,Pattaravakkam,,SR,13.114499981582952,80.16618146561086
GDU,Gudru Halt,Madhya Pradesh,SECR,22.2718946035,80.1163395764
BGNA,Balgona,West Bengal,ER,23.458049719226736,87.95045644976199
KLNP,Kalinarayanpur,West Bengal,ER,23.206506,88.573216
BRDB,Barda,West Bengal,SER,22.15295838,88.08753041
NIR,Nainpur Junction,Madhya Pradesh,SECR,22.425676,80.108853
NCH,NAKACHARI,Assam,NFR,26.7081333353,94.3939129431
APDJ,ALIPUR DUAR JN,West Bengal,NFR,26.523279,89.534048
JTK,Jhitkia,West Bengal,NFR,25.626133,88.05297200000001
SNKR,Sanka,West Bengal,SER,23.52693,86.616164
VNK,Binaiki,Madhya Pradesh,SECR,22.72003,79.902424
GCN,Gocharan,West Bengal,ER,22.277738,88.45836999999999
SEY,Seoni,Madhya Pradesh,SECR,22.075431,79.545769
SDMD,Sudamdih,West Bengal,SER,23.654478,86.44032
CLC,Chalala,Gujarat,WR,21.4155588,71.16224249999999
HP,HARIPUR,Rajasthan,NWR,26.012397,74.024928
KUGT,Kumarghat,Tripura,NFR,24.1506303119,92.0348331158
AWB,AURANGABAD,Maharashtra,SCR,19.859276,75.31064599999999
BNL,BEVINAHALU,Andhra Pradesh,SCR,15.16697376,77.21298975
SMNH,SOMNATH,Gujarat,WR,20.896131999999998,70.408254
CUPJ,CUDDALORE PORT,Tamil Nadu,SR,11.715119,79.766287
GOLE,GOLE,Rajasthan,NWR,25.891938,72.00004
TAT,Tummanamgutta,Andhra Pradesh,SCR,13.707414,78.37926300000001
MBGA,Marwar Bagra,Rajasthan,NWR,25.208689,72.59376099999999
JNE,JANIYANA,Rajasthan,NWR,25.827638,72.336284
SMR,SAMDHARI JN,Rajasthan,NWR,25.837202,72.57300699999999
SUT,SUTLANA,Rajasthan,NWR,25.970783,72.951414
PBR,PORBANDAR,Gujarat,WR,21.643597999999997,69.615506
CKVD,Chikkandawadi,Karnataka,SWR,14.137920273699999,76.2025684888
BHG,Bhaton Ki Gali,Rajasthan,NWR,27.105646,75.712919
HMO,Hanumangarh Town,Rajasthan,NWR,29.574220545495677,74.33120188303292
GRD,Giridih,Jharkhand,ER,24.182255899999998,86.3146452
GGY,Gagariya,Rajasthan,NWR,25.741083,70.734877
AGTL,Agartala,Tripura,NFR,23.792417,91.278481
POK,POKRAN,Rajasthan,NWR,26.930571,71.923129
OCH,ODHANIYA CHACHA,Rajasthan,NWR,26.972848,71.718687
SOG,SURATGARH JN,Rajasthan,NWR,29.324152,73.90724800000001
SNV,Sondad,Maharashtra,SECR,21.079845,80.094149
QMRS,Kayamsar,Rajasthan,NWR,28.125576,75.000562
AYB,Aliyabad,Karnataka,SWR,16.878268000000002,75.758306
MBF,Munabao,Rajasthan,NWR,25.742614,70.276543
CLDR,Chilikidara,Orissa,ECoR,21.243022,85.827112
KLYT,Kolayat,Rajasthan,NWR,27.835319,72.95507400000001
CLD,CHALSA JN,West Bengal,NFR,26.882215,88.798213
CRX,CARRON,West Bengal,NFR,26.880279,88.9704
CNPI,Chandanpahari,Jharkhand,ER,24.404224,86.953082
COD,Chhota Gudha,Rajasthan,NWR,27.293803,75.599508
IRA,ISRANA,Haryana,NR,29.291379,76.85285999999999
CLN,KOLLIDAM,Tamil Nadu,SR,11.332713,79.718347
CNA,CHANDERIYA,Rajasthan,WR,24.939557999999998,74.629979
CRC,CHARKHARI ROAD,Uttar Pradesh,NCR,25.307555999999998,79.74565299999999
CSZ,Cossimbazar,West Bengal,ER,24.122264,88.266903
CNE,CHANDRANATHPUR,Assam,NFR,24.984962,92.71665800000001
CNL,CHANDAWAL,Rajasthan,NWR,25.946542716,73.86881457700001
BFY,BHESANA,Rajasthan,NWR,25.82438,73.7180903
COL,Coromandel,Karnataka,SWR,12.97518,78.257278
MQP,Makrandpur,Uttar Pradesh,NER,28.213407,79.290097
CNKP,CHANAKYAPURI,Delhi NCT,NR,28.591905,77.172004
CTND,Chettinad,Tamil Nadu,SR,10.160613,78.775924
SEPR,SHERPUR,Uttar Pradesh,NR,28.919358,78.25287
NVS,NAVSARI,Gujarat,WR,20.946851,72.914294
JBD,Jalalabad,Punjab,NR,30.60775,74.268446
DDM,DAM DIM,West Bengal,NFR,26.859243000000003,88.67133299999999
COE,CHITROD,Gujarat,WR,23.417869,70.655356
COM,Chomun Samod,Rajasthan,NWR,27.158223,75.70272
DKT,DHULKOT,Haryana,NR,30.395686,76.78753499999999
CRLM,Carmelaram,Karnataka,SWR,12.907633,77.706014
CNR,CHANDAR,Goa,SWR,15.264834,74.047794
CMDP,Chimidipalli,Andhra Pradesh,ECoR,18.262764,83.07686199999999
TAS,Thasra,Gujarat,WR,22.797769,73.221682
CLW,Chilwariya,Uttar Pradesh,NER,27.487001000000003,81.69873199999999
CQL,CHIRAKKAL,Kerala,SR,11.911049,75.353696
CMNR,CHAMARAJANAGAR,Karnataka,SWR,11.934891,76.932807
CMJ,CHAMARAJAPURAM,Karnataka,SWR,12.29844,76.637861
ACL,ANCHELI,Gujarat,WR,20.845167,72.944978
CVR,CHORVAD ROAD,Gujarat,WR,21.055196000000002,70.290734
CTH,CHIKALTHANA,Maharashtra,SCR,19.859565,75.402851
BTKD,BHARATKUND,Uttar Pradesh,NR,26.6360965,82.12739309999999
DHW,Dhariwal,Punjab,NR,31.949113,75.32156499999999
CPE,Chandiposi,Orissa,SER,22.068676999999997,84.915988
CRU,CHUDAWA,Maharashtra,SCR,19.1803282622,77.1169303369
DBB,DHUBRI,Assam,NFR,26.023137000000002,89.977952
CPS,CHANDPUR SIAU HALT,Uttar Pradesh,NR,29.13201,78.27585499999999
CX,CHANOL,Gujarat,WR,22.427916,70.53884199999999
CSR,CHAK SIKANDAR,Bihar,ECR,25.6767202377,85.365246145
CRQ,Charpokhari Halt,Bihar,ECR,25.3615157718,84.487603186
DAG,DHANG,Bihar,ECR,26.7174,85.353298
CRW,Charaud,Haryana,NWR,29.0094584,75.6466632
CPK,CHAPARMUKH JN,Assam,NFR,26.202272,92.511718
CTW,Chhintanwala,Punjab,NR,30.365958000000003,76.014229
CTA,Chitradurg,Karnataka,SWR,14.231154,76.386431
AAV,Ambav,Gujarat,WR,,
CTD,Chhota Udepur,Gujarat,WR,22.314788,74.014286
DBY,Digboi,Assam,NFR,27.383483,95.61698200000001
CWI,CHONDI,Maharashtra,SCR,19.430619765,77.1556666229
CSDR,CHANNASANDRA,Karnataka,SWR,13.010940720799999,77.6629705685
MNHA,Mindha,Rajasthan,NWR,27.112061,75.33241
DBO,DABHODA,Gujarat,WR,23.168331000000002,72.748038
DABN,DHABAN,Rajasthan,NWR,29.859997,74.54288000000001
DBI,DABLI RATHAN,Rajasthan,NWR,29.542416,74.19093000000001
SID,SIDDHPUR,Gujarat,WR,23.918067,72.367959
ARGD,ARIGADA,,ECR,23.643461000000002,85.466475
CTJ,CHHATAINI,Madhya Pradesh,WCR,23.994088,81.287323
KTKD,KATANGI KHURD,Madhya Pradesh,WCR,23.7758696073,80.48673398129999
CRL,Choral,Madhya Pradesh,WR,22.450677,75.94413499999999
ABSA,Ambassa,Tripura,NFR,23.930507,91.860783
DBKA,Dabka,Madhya Pradesh,SCR,21.361353,76.720809
CQR,Champapukur,West Bengal,ER,22.656633999999997,88.80796000000001
CUR,Churu,Rajasthan,NWR,28.288281,74.966203
CWA,Chhindwara Junction,Madhya Pradesh,SECR,22.058201,78.953212
CTPE,Chandanattop Halt,Kerala,SR,8.932478000000001,76.64532
DAVM,DHANUVACHAPURAM,Kerala,SR,8.378802,77.124352
CTS,CHATTRIPUT,Orissa,ECoR,18.922722,82.590027
DAVJ,D.A.V.C.H. JALANDHAR,Punjab,NR,31.346977000000003,75.56132
DLPI,INDRAPURI,Delhi NCT,NR,28.628342466499998,77.14358825779999
GRG,Guwarighat,Madhya Pradesh,SECR,23.110295,79.92761300000001
DSJ,DELHI SAFDARJUNG,Delhi NCT,NR,28.582121,77.186969
DHRN,DHURANA,Haryana,NR,29.253606,76.803295
DUK,DUDIA,Rajasthan,NWR,25.934458,72.902042
DAJ,DUROJI,Karnataka,SWR,15.227107,76.70013
DKO,Devakottai Road,Tamil Nadu,SR,10.037610999999998,78.761747
DIB,DIBAI,Uttar Pradesh,NR,28.19378,78.303084
LMA,LAMBIYA,Rajasthan,NWR,25.578333999999998,74.58561499999999
DOHM,Devgarh Madriya,Rajasthan,NWR,25.610206,73.855552
DYE,DAYANAND NAGAR,Andhra Pradesh,SCR,17.456247,78.53134999999999
DBV,DABILPUR,Andhra Pradesh,SCR,17.674226,78.470315
BGZ,BAHADURGARH,Haryana,NR,28.700863000000002,76.930886
DME,DAMNAGAR,Gujarat,WR,21.688346,71.509053
AG,Aranghata,West Bengal,ER,23.242037,88.613551
RLG,RELANGI,Andhra Pradesh,SCR,16.709921,81.64411
DNDI,DHONDI,Maharashtra,SCR,19.106268,76.736112
FKA,Fazilka,Punjab,NR,30.408641,74.02541699999999
BDHT,Bardi Halt,Madhya Pradesh,SECR,21.621177,78.822411
DJL,Dodajala Lake,Karnataka,SWR,13.183156,77.652122
DIU,Dhing,Assam,NFR,26.453101,92.45086500000001
DGQ,Dugdol,Gujarat,NWR,24.631708,72.096828
DAU,Dagru,Punjab,NR,30.834858,75.047442
DJ,Darjeeling,West Bengal,NFR,27.038151,88.263326
DBN,Dhablan,Punjab,NR,30.3379133215,76.276917865
DBZ,Dhing Bazar,Assam,NFR,26.455873,92.481039
DLC,DALMERA,Rajasthan,NWR,28.417832,73.65658
DIR,DHANAPUR ORISSA,Orissa,ECoR,18.945173,82.50739300000001
DRN,DEORANIAN,Uttar Pradesh,NER,28.64478,79.476473
BGS,BEGU SARAI,Bihar,ECR,25.425296,86.134476
GBP,GULABPURA,Rajasthan,NWR,25.9027951891,74.65595449829999
GOA,GOHAD ROAD,Madhya Pradesh,NCR,26.480421000000003,78.439153
DHNR,DHANORA DECCAN,Maharashtra,SCR,19.465517438899997,78.13275402709999
ETAH,Etah,Uttar Pradesh,NCR,27.571173,78.65391899999999
GG,GANDHIGRAM,Gujarat,WR,23.02676,72.568831
GGLE,GANGATIKURI,West Bengal,ER,23.71822,88.087286
GDD,Gadra Road,Rajasthan,NWR,25.743851,70.64304
DTAE,DHATRIGRAM,West Bengal,ER,23.277796,88.31182199999999
DNUA,Dhansura,Gujarat,WR,23.351916,73.19870999999999
EDU,ERIODU,Tamil Nadu,SR,10.515627989999999,78.05712899000001
GDN,GANGAIKONDAN,Tamil Nadu,SR,8.830736,77.786203
DTC,DITOKCHERRA,Assam,NFR,25.090538,92.798715
BPG,BADURPUR GHAT,Assam,NFR,24.872902,92.581099
GIW,Girdharpur,Rajasthan,NCR,25.845508,76.794583
GIR,Gainsari Junction,Uttar Pradesh,NER,27.526839296800002,82.5441789069
GGH,Ghogardiha,Bihar,ECR,26.282768,86.468503
FSR,FAQARSAR,Punjab,NR,30.189431000000003,74.57257200000001
CFG,CHAKITING,Assam,NFR,26.5616754046,94.0956546234
FRH,Farhatnagar,Uttar Pradesh,NR,27.081164,80.143212
GATD,Gautamdhara,Jharkhand,SER,23.3498809788,85.6329945703
GEG,Gir Gadhara,Gujarat,WR,20.906347,70.919246
FLD,Phulad,Rajasthan,NWR,25.623979,73.81311799999999
GADM,Ganga Dham,Uttar Pradesh,NER,27.20976,81.930509
DTR,Dhamtari,Chhattisgarh,SECR,20.714515000000002,81.550321
DRW,DHAREWADA,Gujarat,WR,23.960815999999998,72.378575
KZQ,KHIMEL,Rajasthan,NWR,25.300189,73.279577
HDW,HALDWANI,Uttarakhand,NER,29.215097,79.533732
HBU,Halbarga,Karnataka,SCR,17.988470000000003,77.298175
GNH,GANGAKHER,Maharashtra,SCR,18.973377,76.755511
GPX,Gautampura Road,Madhya Pradesh,WR,23.2008894,75.68198989999999
RGQ,RAIGADH ROAD,Gujarat,NWR,23.596666,73.183592
GS,GODHANESHWAR,Gujarat,WR,22.68118,72.36834
GLH,Gulaothi,Uttar Pradesh,NR,28.582962,77.801799
HNB,Hasanabad,West Bengal,ER,22.570155,88.912953
HR,Harpalu,Rajasthan,NWR,28.569053803099997,75.4910470972
DUR,DESUR,Karnataka,SWR,15.754344,74.49801
CNC,CHINCHLI,Karnataka,SWR,16.571696999999997,74.855323
GKD,GADHAKDA,Gujarat,WR,21.237962,71.38171899999999
GYN,GYANPUR ROAD,Uttar Pradesh,NER,25.280144010999997,82.4272883557
AAR,ADESAR,Gujarat,WR,23.552978399500002,70.9720505023
HRR,HARIHAR,Karnataka,SWR,14.515431,75.812314
GVA,Ganguwada,Andhra Pradesh,ECoR,18.66763705,84.1072235
GUX,Gurhi,Madhya Pradesh,SCR,21.629554,76.58074500000001
HMH,HANUMANGARH JN,Rajasthan,NWR,29.614904,74.297633
AAM,Angadippuram,Kerala,SR,10.979489000000001,76.20734300000001
HKR,Kiwar Khed,Maharashtra,SCR,21.186952,76.8767
CPT,CHANNAPATNA,Karnataka,SWR,12.659673000000002,77.203824
JDR,JIWDHARA,Bihar,ECR,26.581722,84.906874
KIA,KHARI AMRAPUR,Gujarat,WR,23.390711,72.913948
IMR,IBRAHIMPUR,Karnataka,SWR,16.802926,75.719362
JND,JUNAGADH JN,Gujarat,WR,21.530606,70.457612
JA,JALIYA,Gujarat,WR,21.8163569109,71.6324910046
IDP,INDUPALLI,Andhra Pradesh,SCR,16.479094,80.87706899999999
DBL,DODBELE,Karnataka,SWR,13.216441000000001,77.351193
JBO,Jamadobu,Jharkhand,SER,23.715138999999997,86.410031
JHBN,JHAMATPUR BAHARAN,West Bengal,ER,23.749987,88.098669
JIT,JIRAT,West Bengal,ER,23.098255,88.461461
JDD,Jerthi Dadhia,Rajasthan,NWR,27.731618001396782,75.2010774705559
JGJN,JUGIJAN,Assam,NFR,26.028001,92.81771
JMI,JAMGURI,Assam,NFR,26.3877071452,93.9604479663
CSM,CANSAULIM,Goa,SWR,15.344532000000001,73.897226
IDM,Indemau,Uttar Pradesh,NR,26.318344,80.767021
JNO,Junnor Deo,Madhya Pradesh,CR,22.191279,78.592052
ICL,Ichauli,Uttar Pradesh,NCR,25.520955,80.178833
KAU,Kachna,West Bengal,NFR,25.6337383216,88.0246425354
JOA,JANWAL,Maharashtra,SCR,18.559639999999998,76.75514700000001
JADR,Jadar,Gujarat,WR,23.745814000000003,72.952369
JJW,Jojwa,Gujarat,WR,22.253213000000002,73.642431
HSB,Hasanbazar Halt,Bihar,ECR,25.2665823122,84.34929577759999
JI,JHUSI,Uttar Pradesh,NER,25.431145,81.91664399999999
JSH,Jaswantgarh,Rajasthan,NWR,27.668988,74.44396800000001
LOHA,Loha,Rajasthan,NWR,28.006921,74.619424
KBA,Kurabalakota,Andhra Pradesh,SCR,13.666284000000001,78.48584299999999
ABE,Ambikeshwar,Madhya Pradesh,NCR,26.368567,77.963828
JTO,Jutogh,Himachal Pradesh,NR,31.100734,77.122043
KHBV,KHARBAO,Maharashtra,CR,19.297247,72.983444
KEV,KELA DEVI,Rajasthan,WCR,27.015612,77.329069
KDE,KORADACHERI,Tamil Nadu,SR,10.771022,79.49003499999999
CTHR,CHITAHRA,Madhya Pradesh,WCR,24.862627000000003,80.842854
STA,SATNA,Madhya Pradesh,WCR,24.568619,80.827717
KALS,KALAS HALT,Karnataka,SWR,15.08644671,75.3899776996
KLPM,KAILASAPURAM,Tamil Nadu,SR,8.847387005,77.9946102
KHNP,Khanapur Deccan,Karnataka,SCR,17.942175,77.382161
KBSH,Krishna Ballabh,Jharkhand,ER,24.255819,86.482965
KEMA,KUKMA,Gujarat,WR,23.217031,69.766265
KKDI,Karaikkudi Junction,Tamil Nadu,SR,10.068518,78.79331499999999
KJZ,KARONJI,Chhattisgarh,SECR,23.282475,82.923013
KDZ,Kandaghat,Himachal Pradesh,NR,30.965544,77.106996
NPB,Nagapattinam Beach,Tamil Nadu,SR,10.764487,79.848443
JWN,Jiwa Arain,Punjab,NR,30.673761,74.355654
KHTN,Khutauna,Bihar,ECR,26.494365000000002,86.397414
KJC,Kasganj City,Uttar Pradesh,NER,27.814972,78.658063
KID,KHAIRAR JN,Uttar Pradesh,NCR,25.451955,80.236073
KHOH,KHOH,Uttar Pradesh,NCR,25.209491000000003,80.979976
KLI,Kauli,Punjab,NR,30.418387999999997,76.51987899999999
KLAR,KULPAHAR,Uttar Pradesh,NCR,25.29552,79.63751
KHBJ,KHANNA BANJARI,Madhya Pradesh,WCR,23.897087,80.822716
KCT,Kirakat,Uttar Pradesh,NER,25.645355,82.924798
KJS,Krishnarajasagar,Karnataka,SWR,12.401425999999999,76.56702899999999
KLK,Kalka,Haryana,NR,30.837667,76.931759
KKL,KALA BAKRA,Punjab,NR,31.4751812122,75.63034779659999
KHKT,KHOTKHOTI,Assam,NFR,25.952482999999997,93.754761
KDPS,KADIPUR SANI HA,Uttar Pradesh,NER,27.862753,80.779037
KITN,KHIRI TOWN,Uttar Pradesh,NER,27.902943999999998,80.788481
KOZ,KOSMA,Uttar Pradesh,NCR,27.156663,78.837282
KTM,KUTRALAM,Tamil Nadu,SR,11.069825000000002,79.557389
KTX,KATAKHAL JN,Assam,NFR,24.83436,92.62706700000001
KRBA,Korba,Chhattisgarh,SECR,22.337584,82.71301299999999
KSAR,KUDALA SANGAM,Karnataka,SWR,16.306774,75.891059
KIAT,KYATSANDRA,Karnataka,SWR,13.3161963923,77.1481127075
KRMD,Kuarmunda,Orissa,SER,22.286675000000002,84.789851
KQD,KHAIRATABAD DCN,Andhra Pradesh,SCR,17.414221,78.46165
ORKI,ORKI,Rajasthan,NR,30.091597,73.891318
HYA,HADIAYA,Punjab,NR,30.337054,75.477006
MLQ,Malkera Junction,Jharkhand,SER,23.779733,86.29694900000001
KOHR,Kohir Deccan,Andhra Pradesh,SCR,17.608886,77.71197699999999
HMQ,HIMMATPURA,Haryana,NR,29.750497,75.860597
NBKH,NABA GRAM KANKU,West Bengal,ER,23.661572,88.10026
ABKA,AMBIKA KALNA,West Bengal,ER,23.211377,88.353984
KMAE,KHAMARGACHHI,West Bengal,ER,23.054229,88.44421
KNNK,Kanina Khas,Haryana,NWR,28.321248999999998,76.300375
KNH,Konch,Uttar Pradesh,NCR,25.99510551,79.15770702
HOJ,HAMITONGANJ,West Bengal,NFR,26.688907,89.416841
KTKL,KOTLI KALAN,Punjab,NR,30.0411022365,75.297550556
KOY,KHEROL,Gujarat,WR,23.310434,72.934133
JLM,JALIYA MATH,Gujarat,WR,23.227583000000003,72.877596
KSI,Kosli,Haryana,NWR,28.411947,76.464704
KUV,Kundara,Kerala,SR,8.960373,76.67854899999999
DEC,DELHI CANTT,Delhi NCT,NR,28.613534,77.116577
KMLR,Kamalur,Chhattisgarh,ECoR,18.854521000000002,81.276887
KNPS,Kendposi,Jharkhand,SER,22.294845000000002,85.73248199999999
NGTN,NAGOTHANE,Maharashtra,CR,18.539932,73.14076899999999
KNF,Khanudih,Jharkhand,SER,23.820217999999997,86.19215700000001
KORI,Khori,Haryana,NWR,28.187268,76.498091
LRD,LAR ROAD,Uttar Pradesh,NER,26.21389,83.91018299999999
LHM,LEHRA MUHABBAT,Punjab,NR,30.236037,75.162817
LBG,LIMBGAON,Maharashtra,SCR,19.176458097999998,77.2061342529
MASK,MAISAR KHANA,Punjab,NR,30.099805,75.13917000000001
LKBL,LAKHABAWAL,Gujarat,WR,22.409215,69.99951399999999
KZY,Kayalpattinam,Tamil Nadu,SR,8.566912,78.09973
KURO,Korari,Uttar Pradesh,NR,26.48788,80.529002
KMNP,Kishan Manpura,Rajasthan,NWR,27.299546000000003,75.504945
MAI,MEHSI,Bihar,ECR,26.354898000000002,85.096319
LMT,ALMATTI,Karnataka,SWR,16.3459,75.90050000000001
KXK,Kharkhauda,Uttar Pradesh,NR,28.833444999999998,77.73904300000001
LKDU,Lankalakoderu,Andhra Pradesh,SCR,16.534517,81.68124399999999
ABKP,AMBIKAPUR,Chhattisgarh,SECR,23.137032,83.14510899999999
LM,LIMBDI,Gujarat,WR,22.566039999999997,71.789599
LGO,LalgopalGanj,Uttar Pradesh,NR,25.642195,81.630185
LAP,Lohapur,West Bengal,ER,24.302357,87.963719
KUP,KUP,Punjab,NR,30.6007316295,75.852845957
LLJ,LalGanj,Uttar Pradesh,NR,26.172392000000002,80.973175
CRKR,CHAURAKHERI,Rajasthan,WCR,24.567234000000003,77.12201900000001
DXD,DIGOD,Rajasthan,WCR,25.196344,76.01539600000001
KJME,KAJORAGRAM,West Bengal,ER,23.615327,87.18466500000001
MAE,Matheran,Maharashtra,CR,18.989244,73.270911
MADA,Maonda,Rajasthan,NWR,27.809478,75.827673
LNN,LONAND,Maharashtra,CR,18.040769,74.190477
KXA,Kuanriya,Rajasthan,NWR,25.130668,74.000153
KZB,Kurumbur,Tamil Nadu,SR,8.585754999999999,78.03964
NCU,Nallacheruvu,Andhra Pradesh,SCR,14.020565,78.17773399999999
LWS,LUKWASA,Madhya Pradesh,WCR,25.110195,77.590102
MALA,MALA,Uttar Pradesh,NER,28.592851,79.916972
MBO,Mairabari,Assam,NFR,26.450839000000002,92.421058
MAA,MAVAL,Rajasthan,NWR,24.432277,72.70044
KWI,KIVARLI,Rajasthan,NWR,24.5405071601,72.8424186963
MMM,MANDAPAM,Tamil Nadu,SR,9.280516,79.157354
MJHL,MAJADA HALT,Uttar Pradesh,NR,28.461762,78.74320900000001
MLMG,MALLEMADUGU,Andhra Pradesh,SCR,17.3251381906,80.1605882117
MLSU,MALSAILU,Maharashtra,SCR,19.8680489165,77.1232376385
ABS,ABOHAR,Punjab,NR,30.1393834225,74.19568617739999
MONJ,MONGLAJHORA,Assam,NFR,26.259236,89.963309
MHO,MAHPUR,Uttar Pradesh,NER,25.605166,83.246984
GSPR,GOSALPUR,Madhya Pradesh,WCR,23.381806,80.059225
MML,MADAN MAHAL,Madhya Pradesh,WCR,23.159475,79.920425
MLP,MALLAPUR,Karnataka,SWR,15.672447,75.610219
ABW,Abutara Halt,West Bengal,NFR,26.0707762,89.5868746
MGB,Mudigubba,Andhra Pradesh,SCR,14.349934000000001,77.994996
MKSR,Mokalsar,Rajasthan,NWR,25.625350216,72.5180445245
MYK,MAYAKONDA,Karnataka,SWR,14.284214,76.08138100000001
DKZ,DELHI KISHANGANJ,Delhi NCT,NR,28.664731999999997,77.201256
MORA,MORAIYA,Gujarat,WR,22.946834,72.454814
KRZ,KHARAWAR,Haryana,NR,28.83154,76.681044
MKDD,MUKUNDWADI HALT,Maharashtra,SCR,19.859544,75.367553
ABX,AMBARI,Maharashtra,SCR,19.6893606972,78.2166847791
MIAL,Milaoli,Madhya Pradesh,NCR,26.296423,78.120963
ZARP,ZARAP,Maharashtra,KR,15.94768,73.734105
MGI,Manigachi,Bihar,ECR,26.213719,86.146605
MHN,Mahanadi,West Bengal,NFR,26.882301000000002,88.318628
MKRD,Machhakunda,Orissa,ECoR,18.566875,82.666955
MHI,Manihari,Bihar,NFR,25.343215469,87.6197250085
HLG,Hillgrove,Tamil Nadu,SR,,
MDKD,MADHUKUNDA,West Bengal,SER,23.626630000000002,86.869091
MRJ,MIRAJ JN,Maharashtra,CR,16.819946,74.638839
MNWL,MANWAL,Jammu and Kashmir,NR,32.769105,75.13222499999999
MDVL,MANDAVALLI,Andhra Pradesh,SCR,16.518809308199998,81.1607440393
CPLE,CHINPAI,West Bengal,ER,23.839677000000002,87.46063699999999
MJNL,MAJRI NANGAL,Rajasthan,NWR,28.011996999999997,76.554869
MIN,Mihinpurwa,Uttar Pradesh,NER,28.0273441203,81.38446715209999
MME,Mul Marora,Maharashtra,SECR,20.053466,79.65827900000001
MDPB,MADHOPUR PUNJAB,Punjab,NR,32.359168000000004,75.594728
GILA,GHIALA,Punjab,NR,32.151615,75.64393899999999
MEX,MUKERIAN,Punjab,NR,31.941873,75.61183799999999
MLC,MALKISAR,Rajasthan,NWR,28.654232,73.862645
KVJ,KESHAVGANJ,Rajasthan,NWR,24.856164,73.07132899999999
MV,MAYILADUTURAI JN,Tamil Nadu,SR,11.095237000000001,79.62868
NILE,NIMTITA,West Bengal,ER,24.625338,88.00764
BLRD,BALA ROAD,Gujarat,WR,22.80462,71.703754
MRTY,MURTI,Maharashtra,SCR,18.681887,76.59157300000001
MCJ,MANJATTIDAL,Tamil Nadu,SR,10.792057,78.731401
MZH,MAUHARI,Madhya Pradesh,SECR,23.118661000000003,81.769465
MVD,MULVAD,Karnataka,SWR,16.620372,75.746926
NDV,NIDVANDA,Karnataka,SWR,13.245141950999999,77.2731255127
NANR,Naranpur,Orissa,ECoR,21.617209,85.63786800000001
NDH,Nindhar Benar,Rajasthan,NWR,27.003881709799998,75.7290964111
MTH,MATAUNDH,Uttar Pradesh,NCR,25.418978,80.148507
NDY,Nandi Halt,Karnataka,SWR,13.384141999999999,77.71248600000001
MZQ,MAJGAON ASSAM,Assam,NFR,26.430697,90.57413700000001
MQX,MERALGRAM,Jharkhand,ECR,24.19691,83.70963400000001
MYE,Mandhali,Punjab,NR,31.204703000000002,75.831855
MWF,MAGARDAHA,Uttar Pradesh,ECR,24.388752999999998,82.905844
MFQ,MAHROI,Madhya Pradesh,WCR,23.951414,80.919501
LEK,LAKHAKHERA,Madhya Pradesh,WCR,23.7639,80.574139
NDM,NIDAMANURU,Andhra Pradesh,SCR,16.507237,80.730551
MTR,MOTIPUR,Bihar,ECR,26.257038720999997,85.1681972229
MRLI,Murli Halt,Jharkhand,ER,25.017163,87.77319899999999
MWRN,Madwarani,Chhattisgarh,SECR,22.165407000000002,82.711553
NIRA,NIRA,Maharashtra,CR,18.1049649229,74.20908244200001
MTV,Matalkunta,Andhra Pradesh,SCR,17.768291,77.56294000000001
MSTH,Misrikh Tirath,Uttar Pradesh,NR,27.422483999999997,80.530303
MRIJ,Murliganj,Bihar,ECR,25.888506,87.000446
MGWN,MAHGAWAN HALT,Uttar Pradesh,NR,25.817255999999997,82.69625099999999
DDD,DHONDHA DIH,Uttar Pradesh,NER,25.672848,83.79552
KHED,KHED,Maharashtra,KR,17.712059,73.40881499999999
AT,ASNOTI,Karnataka,KR,14.876286,74.147683
MTM,Machilipatnam,Andhra Pradesh,SCR,16.171258,81.137763
OSA,AUSA ROAD,Maharashtra,CR,18.3772296262,76.4079921729
NMD,NOMODA,Rajasthan,WCR,26.280074,76.57945000000001
HDGR,HADGAON ROAD,Maharashtra,SCR,19.332338999999997,77.722863
PRJ,PRANTIJ,Gujarat,WR,23.439324000000003,72.862688
NRV,NARIYAR,Bihar,ECR,26.240375999999998,85.217642
NRY,Nyoriya Husenpur,Uttar Pradesh,NER,28.734528,79.88966099999999
PPF,PIPLAJ,Rajasthan,NWR,26.164809,74.377466
APA,AMARPURA,Rajasthan,NWR,26.110972999999998,74.249302
NUQ,NAGAR UNTARI,Jharkhand,ECR,24.285735,83.51416499999999
SBC,BANGALORE CITY JN,Karnataka,SWR,12.977595,77.56808299999999
GED,GULEDAGUDDA RD,Karnataka,SWR,16.069516,75.69565899999999
NBL,NIMBAL,Karnataka,SWR,17.118384,75.859907
NVG,Nawagaon,Madhya Pradesh,CR,22.088704,78.436386
NIL,Nilambur Road,Kerala,SR,11.278805,76.254779
NOMD,Noamundi,Jharkhand,SER,22.15311,85.513684
ACH,Achalganj,Uttar Pradesh,NR,26.444642,80.54541499999999
OSRA,Osra,Madhya Pradesh,WR,23.1782623,75.77929449999999
PAGM,Pennada Agraharam,Andhra Pradesh,SCR,16.541296,81.577652
NLN,NAILALUNG,Assam,NFR,25.7743785055,93.3888097504
OTN,OATING,Assam,NFR,26.429808896500003,93.9872737866
NZR,NAZIRA,Assam,NFR,26.905961,94.72847999999999
NMN,Namanasamudram,Tamil Nadu,SR,10.327487,78.777507
NPU,Nadiapur,Tripura,NFR,24.385641000000003,92.204092
NNX,NANAUTA,Uttar Pradesh,NR,29.712202,77.442397
OEL,OEL,Uttar Pradesh,NER,27.819798,80.74816
PD,PHARADAHAN,Uttar Pradesh,NER,27.993457,80.631949
NSA,Nishangara,Uttar Pradesh,NER,28.112457,81.311271
OGM,Oorgaum,Karnataka,SWR,12.95409,78.259747
MHUR,Mohanpur,Jharkhand,ER,24.488460999999997,86.78564800000001
ONR,Coonoor,Tamil Nadu,SR,11.343714,76.791337
OBM,Obalapuram,Andhra Pradesh,SWR,15.009799000000001,76.836422
KPRR,KOTAPAR ROAD,Chhattisgarh,ECoR,19.041434,82.30895
PIP,PIPLIA,Madhya Pradesh,WR,24.203692999999998,75.007483
PNF,PANGAON,Maharashtra,SCR,18.634293,76.635315
PNRA,PANIARA,Uttar Pradesh,NER,25.902065,83.525851
PRLI,PARLI VAIJNATH,Maharashtra,SCR,18.853005,76.524424
HRDR,HARSAR DEHRI,Himachal Pradesh,NR,32.104872,76.03849100000001
RKH,RAKHIYAL,Gujarat,WR,23.260621,72.903803
PLK,PALIA KALAN,Uttar Pradesh,NER,28.426644,80.582392
KVL,KIZHELUR,Tamil Nadu,SR,10.754287999999999,79.743134
PPA,PIPRA,Bihar,ECR,26.489784,84.98573499999999
PDL,PENDEKALLU,Andhra Pradesh,SCR,15.374513,77.647361
BDRL,BYADARAHALLI,Karnataka,SWR,12.5019534049,76.7520832336
Y,YELIYUR,Karnataka,SWR,12.5106209267,76.82957502260001
PUU,Punalur,Tamil Nadu,SR,9.023336,76.916104
HJI,HOJAI,Assam,NFR,26.001794,92.851752
RHI,Rakhi,Rajasthan,NWR,25.6871480115,72.5544692444
MHBG,Mahadev Buzurg,Uttar Pradesh,NER,27.451000999999998,82.87452
PGC,Panchgachia,Bihar,ECR,25.969294,86.59822100000001
PGP,Panduranga Pura,Andhra Pradesh,SCR,17.718238,80.76459
PRTN,Pratapnagar,Gujarat,WR,22.281143,73.210289
RRJ,RAMARAJU PALLI,Andhra Pradesh,SCR,15.041948,77.61736699999999
KVTA,KARUVATTA HALT,Kerala,SR,9.316791,76.431242
PLM,PANELI MOTI,Gujarat,WR,21.874341,70.15264699999999
RTGH,Ratangarh Junction,Rajasthan,NWR,28.0665867073,74.6236025668
PMH,Parao Mahna,Punjab,NR,30.811762,75.272772
PLSN,Palsana,Rajasthan,NWR,27.484876,75.38008
RNW,Renwal,Rajasthan,NWR,27.149463,75.356234
CTT,CHITRASANI,Gujarat,NWR,24.267557999999998,72.488653
IQG,IQBAL GADH,Gujarat,NWR,24.3460328561,72.5337815405
SZA,SAROTRA ROAD,Gujarat,NWR,24.377144,72.592045
NANA,NANA,Rajasthan,NWR,24.925895,73.110095
EL,ELAMANUR,Tamil Nadu,SR,10.879069,78.57336000000001
RR,RICHHA ROAD,Uttar Pradesh,NER,28.717268999999998,79.488904
RGH,RAMGARHWA,Bihar,ECR,26.873842826500002,84.7971486487
SES,SEMARI,Rajasthan,NWR,24.07001,73.841822
PUC,PUDUCHATIRAM,Tamil Nadu,SR,11.5405299099,79.7303939545
RHA,Ranaghat Junction,West Bengal,ER,23.173344,88.568184
PVL,PASUPATIKOVIL,Tamil Nadu,SR,10.884228,79.19204
RPZ,Ranapratapnagar,Rajasthan,NWR,24.582417,73.72805600000001
RAGM,RAJAGAMBIRAM,Tamil Nadu,SR,9.725053,78.409255
CVD,CHAVADIPALAIYAM,Tamil Nadu,SR,11.255404,77.800933
RCRA,Ramchaura,Uttar Pradesh,NER,26.9979518998,83.26840578
RJAK,RAJNAGAR,Madhya Pradesh,NCR,24.903476070500002,79.8769002625
DPL,DANAULI PHLWRIA,Bihar,ECR,25.420471,86.24940600000001
SFE,Sanodiya,Rajasthan,NWR,27.011243999999998,75.279108
DMD,DHARMADAM,Kerala,SR,11.778949,75.46377
QLD,QUILANDI,Kerala,SR,11.446139,75.693924
SK,SAKHUN,Rajasthan,NWR,26.7380786343,75.0911894116
HNHL,Harnahalli,Karnataka,SWR,14.04849031,75.45828601
RMV,RAMAVARAPPADU,Andhra Pradesh,SCR,16.5262013806,80.67971387700001
DEOR,DIYODAR,Gujarat,WR,24.113489,71.770888
PFL,PIPRALA,Gujarat,WR,23.652483999999998,71.097619
RMP,RAHIMATPUR,Maharashtra,CR,17.612152,74.17217
RRP,Rairangpur,Orissa,SER,22.440956,86.16420749999999
PTPR,Pratabpur,Uttar Pradesh,NER,28.4764188903,79.8145455212
RSNR,Rai Singh Nagar,Rajasthan,NWR,29.535956,73.450472
RNB,Ranpura,Rajasthan,NCR,26.579427,77.44262
RSA,Risama,Chhattisgarh,SECR,21.058881000000003,81.324776
RLX,Ramanujampalli,Andhra Pradesh,SCR,14.440531,77.87191
AWR,ALWAR,Rajasthan,NWR,27.559273,76.62126500000001
ROL,Rajuli,Maharashtra,SECR,20.171116,79.703505
MRB,MUNIRABAD,Karnataka,SWR,15.308524,76.335537
RTK,Ramtek,Maharashtra,SECR,21.400715,79.326499
RIM,Rajim,Chhattisgarh,SECR,20.969475,81.867426
SJNP,SUJANPUR,Punjab,NR,32.31198,75.61346499999999
SGRA,SANGARIA,Rajasthan,NWR,29.792507999999998,74.466053
JSR,JASRA,Uttar Pradesh,NCR,25.280002,81.774617
SBHR,Subrahmanya Road,Karnataka,SWR,12.7312724613,75.5576150342
SCL,SILCHAR,Assam,NFR,24.830337999999998,92.786795
SHM,KOLKATA SHALIMAR,West Bengal,SER,22.555508,88.315615
SCO,SATUNA,Maharashtra,SCR,19.494861,76.34805200000001
SAPT,Sugapahari,Jharkhand,ER,24.278919666,86.5687357202
SAF,SALKHAPUR,Uttar Pradesh,NR,25.655084,82.680471
SOD,SOJAT ROAD,Rajasthan,NWR,25.862203,73.75567199999999
SMV,Sumaoli,Madhya Pradesh,NCR,26.372988907099998,77.9154615387
SGRL,SINGRAULI,Madhya Pradesh,ECR,24.204257000000002,82.642735
SKW,Sheikhupur,Uttar Pradesh,NER,28.003861999999998,79.10472999999999
SAK,Sak Bahadurpur,Gujarat,WR,22.178375,73.559848
SAHI,SATHI,Bihar,ECR,27.015884999999997,84.503862
SFA,SANHERA HALT,Uttar Pradesh,NR,28.903375,77.28233900000001
SFDE,SAFIDON,Haryana,NR,29.39793,76.66142400000001
SD,SIDHAULI,Uttar Pradesh,NER,27.281001999999997,80.837587
SDG,SAHADAI BUZURG,Bihar,ECR,25.6614908641,85.4550875531
SGDP,Sagadapata,Orissa,ECoR,21.244692,85.909396
SLGR,SIMALUGURI JN,Assam,NFR,26.917281,94.756816
SG,SHAHGARH,Uttar Pradesh,NER,28.559235,80.043015
MNI,MANGAON,Maharashtra,KR,18.247286000000003,73.275679
KXJ,Karimganj Junction,Assam,NFR,24.860717,92.373769
HAA,HARWADA,Karnataka,KR,14.740761999999998,74.259657
ANKL,ANKOLA,Karnataka,KR,14.645347,74.332936
SDC,SAIDABAD,Uttar Pradesh,NER,25.379137,82.12019500000001
SPRM,Sitapuram Halt,Orissa,ECoR,18.814443,83.982854
SLPM,Shivalingapuram,Andhra Pradesh,ECoR,18.196655,83.066187
RYC,Rayakkottai,Tamil Nadu,SWR,12.514891,78.027508
SBW,Shewbabudih,Jharkhand,SER,23.659482,86.390668
SDI,Sagardighi,West Bengal,ER,24.287789,88.105398
SDNR,Seydunganallur,Tamil Nadu,SR,8.639358,77.834992
RUT,RATNAL,Gujarat,WR,23.186898,69.897403
DK,Dakor,,WR,22.747203,73.15859180000001
SVH,Sonadanga,West Bengal,ER,23.636393,88.354092
SMBX,SAMBA,Jammu and Kashmir,NR,32.528358000000004,75.120256
SEX,Seroni Road,Madhya Pradesh,NCR,25.943966000000003,76.88447099999999
SOS,SOMESAR,Rajasthan,NWR,25.520225999999997,73.450999
SUKU,Suku,Orissa,ECoR,18.714329,82.726061
SQF,SUKRITIPUR,Assam,NFR,24.913078000000002,92.582849
SXR,SERNDANUR,Tamil Nadu,SR,11.869105000000001,79.518251
PRAR,PAROR,Himachal Pradesh,NR,32.08098,76.460155
HNH,HANUMANAHALLI,Karnataka,SWR,14.3589476214,75.9987814502
SPGR,SAMPIGE ROAD,Karnataka,SWR,13.270203,76.760983
SPX,SAPATGRAM,Assam,NFR,26.334709,90.10955799999999
SSZ,SADDA SINGHWALA,Punjab,NR,30.0282558081,75.32479556150001
CWLE,CHOWRIGACHA,West Bengal,ER,23.942472,88.18645099999999
LRU,LALPUR UMRI,Rajasthan,WCR,26.429998,76.680536
MXL,MOKHOLI,Rajasthan,WCR,26.160967,76.460845
TNGL,TORANAGALLU,Karnataka,SWR,15.203137,76.66392400000001
SVHE,SISVINHALLI,Karnataka,SWR,15.4300360491,75.3193615509
LKX,LAKSHMIPUR,West Bengal,ER,23.502512000000003,88.302374
SWC,SHIVRAMPUR,Uttar Pradesh,NCR,25.219375000000003,80.82678299999999
SPDM,SINGHPUR DUMRA,Madhya Pradesh,NCR,25.065781416,79.8964954901
DMLE,DUMURDAHA,West Bengal,ER,23.040053,88.43266200000001
SRZ,SARDARGARH,Rajasthan,NWR,29.364244000000003,73.740791
DL,DALADI,Gujarat,WR,22.585067,71.069304
CSTM,MUMBAI CST,Maharashtra,CR,18.944481,72.836903
SYF,Semai,Madhya Pradesh,NCR,26.282698,77.516308
SRTE,Soorothee,Rajasthan,NCR,26.657818,77.70277399999999
DNGD,Dungarda,Gujarat,WR,,
SSI,Shirsai,Maharashtra,CR,18.314695999999998,74.578044
SPV,Sivapur,Karnataka,SWR,13.647065,75.939298
SRF,Sagar Jambagaru,Karnataka,SWR,14.142728,75.15471199999999
SMPA,Shampura,Rajasthan,WCR,25.222941000000002,75.233108
DXK,DHANA KHERLI,Uttar Pradesh,NCR,26.950169,77.53577899999999
RBS,RUPBAS,Rajasthan,NCR,26.9903803821,77.5909632294
FTS,FATEHPUR SIKRI,Uttar Pradesh,NCR,27.093989,77.670597
PTLI,PATHAULI,Uttar Pradesh,NCR,27.1568431942,77.924593761
MAO,MADGAON,Goa,KR,15.267911000000002,73.97072399999999
SXB,SAMBRE,Karnataka,SWR,15.891067999999999,74.593121
SNE,SHENOLI,Maharashtra,CR,17.200729,74.252881
SW,SEHRAMAU,Uttar Pradesh,NER,28.360763,80.296582
NKB,NAGRAKOTA,West Bengal,NFR,26.885533,88.917581
GRU,GAROPARA,West Bengal,NFR,26.6574376742,89.48526169979999
SMLG,Shimiliaguda,Andhra Pradesh,ECoR,18.303639999999998,82.95710500000001
THP,Taherpur,West Bengal,ER,23.259379000000003,88.54311899999999
ADH,ANDHERI,Maharashtra,WR,19.1174289,72.84685300000001
SYE,Sindewahi,Maharashtra,SECR,20.2955,79.668805
SUP,Srungavarapukota,Andhra Pradesh,ECoR,18.116239,83.132531
GOT,GOT,Uttar Pradesh,NER,28.870965,78.82300099999999
TKHA,TAKHA,Uttar Pradesh,NCR,27.135742999999998,78.76725900000001
DMP,Dharampur Himachal,Himachal Pradesh,NR,30.900491,77.023914
TVL,TADWAL,Maharashtra,SWR,17.393190999999998,75.975729
UDZ,UDAIPUR CITY,Rajasthan,NWR,24.566862,73.699632
UMRA,UMRA,Rajasthan,NWR,24.522588,73.771734
TT,TITTE,Tamil Nadu,SR,10.844904,79.1834
TGB,Tangarbasuli,Jharkhand,SER,23.3740319962,85.0638054443
KGMR,KANGRA MANDIR,Himachal Pradesh,NR,32.09448999999999,76.276521
TOM,TONDAMANPATTI,Tamil Nadu,SR,10.786552,78.823761
TRB,TIRUVERUMBUR,Tamil Nadu,SR,10.787167,78.776419
PPI,PIPARIYA,Madhya Pradesh,WCR,22.753941,78.354538
MWA,MANDWA,Madhya Pradesh,CR,21.517291,76.389861
NPNR,NEPANAGAR,Madhya Pradesh,CR,21.463933,76.397032
UA,UPLETA,Gujarat,WR,21.746916,70.282434
SAV,SAVDA,Maharashtra,CR,21.111116,75.91065900000001
HSD,HOSDURGA ROAD,Karnataka,SWR,13.8632737545,76.1332331232
TKU,Tanakallu,Andhra Pradesh,SCR,13.922427,78.201224
VLD,Vayalpad,Andhra Pradesh,SCR,13.634506,78.624967
PKL,PAPINAYAKNAHALI,Karnataka,SWR,15.236108999999999,76.490876
TPQ,Topokal,Chhattisgarh,ECoR,19.007080000000002,81.878645
CLE,CHINTALPALLI,Andhra Pradesh,SCR,17.914855999999997,79.701487
UHP,UDHAMPUR,Jammu and Kashmir,NR,32.92664,75.154881
TAZ,TARGAON,Maharashtra,CR,17.514242,74.155817
TLR,Tulsipur,Uttar Pradesh,NER,27.531769928899998,82.4114096783
TLE,Talgaria,Jharkhand,SER,23.681625999999998,86.335511
KFD,KARANJADI,Maharashtra,KR,17.998115,73.404252
TII,Tingrai,Assam,NFR,27.464468,95.535143
UM,UMARDASHI,Gujarat,WR,24.1003209724,72.4205625555
THBN,THANA BHAWAN,Uttar Pradesh,NR,29.592663211399998,77.4104337677
TEP,Tempa,Maharashtra,SECR,20.678242,79.60522300000001
MUQ,MARUDUR,Tamil Nadu,SR,10.914737,78.45029299999999
VMD,Vadlamannadu,Andhra Pradesh,SCR,16.300176,81.098875
UNDI,UNDI,Andhra Pradesh,SCR,16.580375476,81.46418718439999
EKH,EKSARI HALT,Bihar,ECR,25.134973,85.889325
TLS,Bettahalsoor,Karnataka,SWR,13.166875999999998,77.60618600000001
TPY,Tadakalpudi,Andhra Pradesh,SCR,17.530163,80.532205
UDGR,Udgir,Maharashtra,SCR,18.3906018255,77.1099430353
KZT,KULITTHURAI,Tamil Nadu,SR,8.302348,77.218817
UKH,UKHALI,Maharashtra,SCR,18.912675,76.60581400000001
VAA,Bhaga Junction,Jharkhand,SER,23.723330999999998,86.405555
VLR,VELLORE CANT,Tamil Nadu,SR,12.910718,79.127493
UGP,UGARPUR,Uttar Pradesh,NCR,27.351481,79.511652
VAN,Vadhvana,Gujarat,WR,22.152185,73.487264
VDL,VITHISVARANKOL,Tamil Nadu,SR,11.195825000000001,79.703785
AO,AONLA,Uttar Pradesh,NR,28.296051,79.16915
DBR,DABHAURA,Uttar Pradesh,NCR,25.11793,81.30312500000001
NU,NARSINGHPUR,Madhya Pradesh,WCR,22.943112,79.214385
GAR,GADARWARA,Madhya Pradesh,WCR,22.899459,78.79173399999999
AMLO,AMLO,,ECR,23.768893,85.98023400000001
AMSA,AMMASANDRA,Karnataka,SWR,13.264571,76.71148570000001
GRJA,GORINJA,Gujarat,WR,22.1759911277,69.0411941809
VEI,VELLIYANI,Tamil Nadu,SR,10.841,78.114795
VID,VILAVADE,Maharashtra,KR,16.785593,73.619321
KT,KUMTA,Karnataka,KR,14.436871,74.420652
VTE,Venkatagiri Kote Halt,Karnataka,SWR,13.32831,77.73159
AGI,AMGURI,Assam,NFR,26.812601,94.524011
AP,ASHOKAPURAM,Karnataka,SWR,12.273762000000001,76.635315
ALY,ALLAHABAD CITY,Uttar Pradesh,NER,25.442410000000002,81.829736
VRB,VISHRAMBAG,Maharashtra,CR,16.850569999999998,74.602231
UWNR,Udwant Nagar Halt,Bihar,ECR,25.496532000000002,84.61131300000001
URR,Umred,Maharashtra,SECR,20.850672,79.330741
TYM,Tirumayam,Tamil Nadu,SR,10.246016,78.759423
UCR,Unchahar Junction,Uttar Pradesh,NR,25.902315,81.30014299999999
AMX,Amlakhurd,Madhya Pradesh,SCR,21.510235,76.65068500000001
VPH,Vachaspati Nagar,Bihar,ECR,26.400204,86.325158
VTL,Vadtal Swaminarayan,Gujarat,WR,22.591636,72.876748
GMN,GOREGAON,Maharashtra,WR,19.164447,72.849389
WDA,WADRENGDISA,Assam,NFR,25.263973,93.177527
AHH,AHMADGARH,Punjab,NR,30.683642000000003,75.829518
AGE,Angai,Rajasthan,NCR,26.606593,77.46692
AHI,ASHTI,Maharashtra,CR,17.8447367757,75.4030697949
ALP,ALAPAKAM,Tamil Nadu,SR,11.6178033436,79.7272273724
AMW,AMAN VADI,Maharashtra,SCR,20.300507,77.065281
AYM,ADIYAKKAMANGALAM,Tamil Nadu,SR,10.756748,79.68058
ASV,ASARVA JN,Gujarat,WR,23.043981000000002,72.612937
AMT,AMMAPET,Tamil Nadu,SR,10.779506,79.31573800000001
ATT,ATARI,Punjab,NR,31.594934000000002,74.607241
JJA,JAJAN PATTI,Rajasthan,WCR,27.354893999999998,77.573854
ARS,ARASUR,Tamil Nadu,SR,11.270467,79.72470399999999
KNDP,KHANDIP,Rajasthan,WCR,26.641030999999998,76.911821
YDM,Yedamangala,Karnataka,SWR,12.714668,75.44308500000001
NNW,NARAYANPUR TATWAR,Rajasthan,WCR,26.344258999999997,76.635578
BA,BANDRA,Maharashtra,WR,19.05445443,72.84045439
AEJ,ARNEJ,Gujarat,WR,22.582088000000002,72.268322
DDCE,DUNDI,Madhya Pradesh,WCR,23.557854000000003,80.21665700000001
GRO,GURRA,Madhya Pradesh,WCR,22.632067,77.86729
KTZ,KHUTWANSA,Madhya Pradesh,WCR,22.545189,77.602425
KKN,KHIRKIYA,Madhya Pradesh,WCR,22.166444000000002,76.85944699999999
BALI,Bhaili,Gujarat,WR,22.266245011489417,73.1319768447429
ATQ,Arantangi,Tamil Nadu,SR,10.164469056963739,78.99684813804924
AGAE,AGRADWIP,West Bengal,ER,23.58096,88.22611699999999
AMLP,Amalpur,Gujarat,WR,22.161144,73.508313
AUS,Anupshahr,Rajasthan,NWR,28.947951113517377,75.21122979931533
ARVI,Arvi,Maharashtra,CR,,
ARX,Areli,Uttar Pradesh,NER,,
ASM,Asarma,Gujarat,WR,,
ATB,Alattambadi,Tamil Nadu,SR,,
ATDA,Atladara,Gujarat,WR,,
ATX,Alinagar Tola,Bihar,ECR,,
ASLU,Aslu,Rajasthan,NWR,28.368987999999998,75.07484199999999
AYI,Ayingudi,Tamil Nadu,SR,,
AEL,Ateli,Haryana,NWR,28.100118,76.25310499999999
WTR,WATHAR,Maharashtra,CR,17.89054,74.135767
WLH,VALHA,Maharashtra,CR,18.1836347437,74.1605539337
AE,Amreli,Gujarat,WR,21.607831,71.228012
TPND,TALOJA PANCHAND,Maharashtra,CR,19.078901,73.087316
ADVI,ADAVALI,Maharashtra,KR,16.921753,73.592514
AGL,AMARGOL,Karnataka,SWR,15.4117921224,75.09820837459999
AS,ARJANSAR,Rajasthan,NWR,28.933796,73.87196899999999
BAKT,Barhara Kothi,Bihar,ECR,25.776942,87.09631900000001
CM,Campierganj,Uttar Pradesh,NER,27.05777,83.267384
DB,Dabhoi Junction,Gujarat,WR,22.137755,73.415466
AGZ,AMAGURA,Chhattisgarh,ECoR,19.068103,82.147342
AGB,AMBAGAON,Chhattisgarh,ECoR,19.062527,82.239507
BBLK,B L DASPURI,Uttar Pradesh,NCR,27.316999355900002,79.36351860779999
ARV,ARNI ROAD,Tamil Nadu,SR,12.630801,79.209033
BARI,Bari,Rajasthan,NCR,26.65005846,77.61817468
BAT,Batala Junction,Punjab,NR,31.8214816,75.1944316
BBV,BABHULGOAN,Maharashtra,CR,17.778326000000003,75.383427
ASI,Arseni,Uttar Pradesh,NR,27.243104,80.39386
APE,ANDANAPPETTAI,Tamil Nadu,SR,10.758823,79.84409600000001
BEHR,BEOHARI,Madhya Pradesh,WCR,24.0002687,81.3797154
ARNH,Arjunahalli,Karnataka,SWR,12.512857,76.391729
BFG,Bagthar,Uttar Pradesh,NCR,26.79623183,77.52218902999999
BBAR,BARA,Madhya Pradesh,WCR,24.001215,81.21186200000001
BDYP,Bidyadharpur,West Bengal,ER,22.425122,88.452872
AKL,Anakhol,Gujarat,WR,,
ASAN,ASAN,Haryana,NR,29.40129,76.882594
ATUL,ATUL,Gujarat,WR,20.544593354,72.9271335858
AONI,Amoni,Assam,NFR,26.448121,92.91960900000001
BASA,Banosa,Maharashtra,CR,,
BATS,Bhatsar,Gujarat,WR,,
BBE,BAGHI BARDIHA,Bihar,ECR,24.953077,85.623332
BFX,BAGHI GHAUSPUR,Bihar,ECR,25.051952,85.684033
BCF,Bankapasi,West Bengal,ER,,
BDV,BADANAVALU,Karnataka,SWR,12.075565500000002,76.74904447
BCHR,Bachar,Gujarat,WR,,
BCM,Buranpudi,Bihar,ECR,,
BDKE,Bhadsivni,Maharashtra,CR,,
ANDN,Anand Nagar,Uttar Pradesh,NER,27.103714,83.270698
BDRN,Bhadran,Gujarat,WR,,
ARK,Arakku,Andhra Pradesh,ECoR,18.333991,82.86256
BF,Bagetar,Assam,NFR,,
ATR,Attar,Madhya Pradesh,WR,21.998734000000002,76.204918
ANY,Arumuganeri,Tamil Nadu,SR,8.579144,78.091842
BAW,CHIK BANAVAR,Karnataka,SWR,13.073539,77.50634099999999
BFN,Bugana,Haryana,NR,29.258822195,75.8278150574
ANF,Anandapuram,Karnataka,SWR,14.073324,75.209164
BBN,Barbil,Odisha,SER,22.104577,85.36905800000001
DBM,DABOLIM,Goa,SWR,15.389334,73.849937
AUWA,AUWA,Rajasthan,NWR,25.665207000000002,73.564613
BEB,Beldanga,West Bengal,ER,23.9320594,88.2429681
BHLI,BOHALI,Maharashtra,CR,17.5887732682,75.27417043950001
BASN,BHAINSWAN,Haryana,NR,29.094392,76.680769
BHNA,Bhayna,West Bengal,ER,23.31226134,88.64165885999999
BHME,BHANDARIDAH,,ECR,23.7566729304,86.05509864230001
BCU,BHUCHCHU,Punjab,NR,30.209881999999997,75.0951862
BHL,BHILWARA,Rajasthan,NWR,25.3435508,74.63077340000001
KVA,KAVAS,Rajasthan,NWR,25.867466,71.538716
BDW,BANDANWARA,Rajasthan,NWR,26.1253008,74.6913786
BJV,Bijauria,Uttar Pradesh,NER,28.574785,79.65527399999999
BHJ,Barhaj Bazar,Uttar Pradesh,NER,26.283912,83.731497
DRD,DAHANU ROAD,Maharashtra,WR,19.991217,72.74336799999999
BDXT,BASAI DHANKOT,Haryana,NR,28.464735,76.983187
BCHN,Bochasan Junction,Gujarat,WR,22.402073,72.847673
BHT,Bhattu,Haryana,NWR,29.387323,75.34013
SHR,SIHORA ROAD,Madhya Pradesh,WCR,23.467136,80.110265
SGBJ,SURGAON BANJARI,Madhya Pradesh,WCR,21.946109,76.544215
BADR,Bhader,Gujarat,WR,21.36507,70.928979
BJUD,BAJUD,Gujarat,WR,21.736131,71.82792500000001
BDSW,Budhsinghwala,Rajasthan,NWR,29.831708406844584,74.22266067937016
BER,BEAWAR,Rajasthan,NWR,26.1089078,74.3149711
AWG,Awa Garh,Uttar Pradesh,NCR,27.464247,78.47340000000001
SBK,SHAHBAZ KULI,Uttar Pradesh,NER,25.632101000000002,83.67465299999999
AVL,AMRITVEL,Gujarat,WR,21.077372,71.679671
BGR,Bhagdara,Maharashtra,CR,,
BGA,BAGALIA,West Bengal,SER,23.44693617,86.51904643
BERO,BERO,West Bengal,SER,23.548271,86.72660900000001
AVT,Avati,Karnataka,SWR,13.299092,77.72667899999999
BHOJ,Bhoj Padra,Gujarat,WR,,
BIV,Bamhani Banjur,Madhya Pradesh,SECR,22.438916000000003,80.324566
BGB,Budge Budge,West Bengal,ER,22.49310248,88.19469228000001
BHRD,Baghara Road,,SER,,
UMNR,UMESHNAGAR,Bihar,ECR,25.461085,86.431195
BHWR,Bhitiharwa Ashram,Bihar,ECR,,
BDBP,BASUDEBPUR,Bihar,ER,24.6355270351,87.98253549799999
MOL,MULI ROAD,Gujarat,WR,22.676562,71.43486
AZA,AZARA,Assam,NFR,26.099339999999998,91.613927
BAHI,Balenahalli,Karnataka,SWR,14.250321000000001,76.56637599999999
BDHP,BHUDPUR,Uttar Pradesh,NR,29.218093878,77.29116829590001
BKF,Bhikhna Thori,Bihar,ECR,27.333596,84.61057
BGJT,Bagha Jatin,West Bengal,ER,22.482615000000003,88.387421
BGPL,Baghuapal,Orissa,ECoR,21.042219,86.013166
BEHS,Bihar Sharif,Bihar,ECR,25.206116,85.5390747
BDWL,BIRADHWAL,Rajasthan,NWR,29.1741168151,73.896516228
BANE,BASNI,Rajasthan,NWR,26.222963,73.010639
BHZ,BIHARA,Assam,NFR,24.9628178,92.689054
BHI,BAHERI,Uttar Pradesh,NER,28.777391,79.5003221
BHB,BADLA GHAT,Bihar,ECR,25.553762900000002,86.5871439
BJNR,BIJAINAGAR,Rajasthan,NWR,25.931003,74.65305889999999
BGHI,BAGAHAI ROAD,Madhya Pradesh,WCR,24.555903,81.018663
BDDR,BADODAR,Gujarat,WR,21.361072999999998,70.295846
BIJ,Birnagar,West Bengal,ER,23.2358754,88.55125199999999
BJO,BIJNOR,Uttar Pradesh,NR,29.3856298,78.14680469999999
BHLA,BEHULA,West Bengal,ER,23.181967399999998,88.4287921
BLQR,BILASPUR ROAD,Uttar Pradesh,NER,28.865600999999998,79.254263
BHLE,Barahat,Bihar,ER,24.9206004744,87.0100837976
BGAE,BALAGARH,West Bengal,ER,23.1215453,88.4525522
BJRI,BIJURI,Madhya Pradesh,SECR,23.250338600000003,82.1189461
BHTA,BHATIYA,Gujarat,WR,22.0881542,69.2803623
BKRO,BOKARO THERMAL,,ECR,23.7851503,85.87557819999999
LLP,Lalitgram,Bihar,ECR,26.35666473117378,87.01226592063904
BDGP,BADANAGUPPE,Karnataka,SWR,11.990316,76.861228
BIQ,BANSI PAHARPUR,Rajasthan,NCR,26.93277,77.457241
CTTP,CHITRAPUR HALT,Karnataka,KR,14.036147999999999,74.536566
BMDI,Brahmanwada,Gujarat,WR,,
BFD,BORHAT,Assam,NFR,27.164263,95.277512
BGM,BELGAUM,Karnataka,SWR,15.8492433,74.5095639
BGU,BAIRGANIA,Bihar,ECR,26.738281999999998,85.27333399999999
BGRM,Biggabas Ramsara,Rajasthan,NWR,28.04769242,74.20154742999999
BEML,BEML Nagar,Karnataka,SWR,12.9786413,78.24197815000001
BKT,BAKSHI KA TALAB,Uttar Pradesh,NER,26.983452,80.922331
BFPA,Bhopatpur,Uttar Pradesh,NER,28.375464097400002,79.8051375
BJP,BIJAPUR,Karnataka,SWR,16.8310603,75.7400012
BILA,Bheslana,Rajasthan,NWR,27.065209000000003,75.304187
VJA,VEJANDLA,Andhra Pradesh,SCR,16.237226,80.519729
SJL,SANGAM JAGARLAMUDI,Andhra Pradesh,SCR,16.246589,80.570521
BDE,Bodeli,Gujarat,WR,22.2701906,73.71657979999999
BADK,BARKA,Uttar Pradesh,NR,29.0725646906,77.2733021582
BDKT,Badakhandita,Orissa,ECoR,20.365448699999998,86.08383554000001
BELA,Bela,Bihar,ECR,24.97843,84.981353
BIDR,Bidar,Karnataka,SCR,17.9116836,77.5137793
BHM,Bahram,Punjab,NR,31.197575,75.894193
BGPA,Bageshapura,Karnataka,SWR,13.143803441600001,76.2293551874
BHRJ,Becharji,Gujarat,WR,23.516602,72.02941299999999
BKL,BONA KALU,Andhra Pradesh,SCR,17.031591000000002,80.261499
BLO,BHULON,Rajasthan,WCR,24.635909,76.968812
BMHR,BAMANHERI,Uttar Pradesh,NR,29.514761999999997,77.70639
BME,BARMER,Rajasthan,NWR,25.744521900000002,71.397067
BLC,BOLDA,Maharashtra,SCR,19.5520321,77.2735908
BKWA,BAKAYANWALA,Rajasthan,NR,30.143292,73.98581800000001
BLDI,BHILDI,Gujarat,WR,24.194251,72.008187
BJ,BAHJOI,Uttar Pradesh,NR,28.401499599999998,78.6315064
BMSR,Bhimasar,Gujarat,WR,23.533660939738297,70.88691945187747
BLWR,BILESHWAR,Gujarat,WR,22.382129,70.830427
BKDE,BUDHAKHERA,Haryana,NR,29.378719,76.557193
BHY,BHAYAVADAR,Gujarat,WR,21.8478371804,70.23614485659999
BL,VALSAD,Gujarat,WR,20.6085595,72.9335291
BNSP,BANSAPAHAR,Uttar Pradesh,WCR,25.055505,81.050022
BLP,Balrampur,Uttar Pradesh,NER,27.4158206073,82.16066989870001
APH,ANUPGARH,Rajasthan,NWR,29.1968977,73.2045643
BJMR,BAIJNATH MANDIR,Himachal Pradesh,NR,32.052625660000004,76.65152893999999
BOTR,Bhavdhari,Haryana,NWR,,
BOX,Bhojasar,Rajasthan,NWR,,
BMR,BIKRAMPUR,Madhya Pradesh,WCR,23.082226,79.586316
BPAH,Benipur Halt,Bihar,ECR,,
BKH,BANKHEDI,Madhya Pradesh,WCR,22.7748819,78.5379969
AKRA,Akra,West Bengal,ER,22.514668,88.249021
BPF,BANAPURA,Madhya Pradesh,WCR,22.4703575471,77.4807316095
BLKR,BALLEKERE HALT,Karnataka,SWR,13.502322000000001,76.023514
SUCH,SUCHINDRAM,Tamil Nadu,SR,8.149479,77.466792
BJWS,Bojawas,Haryana,NWR,28.312786,76.25286799999999
BLGA,Belagula,Karnataka,SWR,12.385698676899999,76.5887032642
BLLI,BALLI,Goa,KR,15.151725800000001,74.0209756
BJMD,Bara Jamda,Jharkhand,SER,22.1665327,85.41239200000001
BMP,Bramhapuri,Maharashtra,SECR,20.603943,79.867537
BIC,Bichia,Uttar Pradesh,NER,28.1830705,81.2720808
BILK,Bilkha,Gujarat,WR,21.443078399999997,70.6004021
BMPR,Badampahar,Orissa,SER,22.2640234,86.18081819999999
BMGR,Bamangram,West Bengal,NFR,25.622139865799998,88.1912832245
BPN,Banpur,West Bengal,ER,23.45186861,88.76185515
BMLL,Bamla,Haryana,NWR,28.832463999999998,76.244079
BMW,Bamhni,Maharashtra,SECR,20.922361,79.364152
BNHL,Bellenahalli,Karnataka,SWR,14.243859,76.554391
BJE,Bhojudih Junction,Jharkhand,SER,23.642174999999998,86.4469993
BPZ,BAZPUR,Uttarakhand,NER,29.1578998,79.1463827
BRY,BAREILLY,Uttar Pradesh,NER,28.3372843,79.4109744
BQZ,BALLALPUR,West Bengal,ER,24.747459000000003,87.91224299999999
BNN,BARNALA,Punjab,NR,30.370396799999998,75.5492466
BNJL,BINJHOL HALT,Haryana,NR,29.344605,76.92378099999999
BNH,BHIMNATH,Gujarat,WR,22.245963,71.92503
BNVD,BHANVAD,Gujarat,WR,21.9330444,69.79885780000001
BRGM,Baraigram Junction,Assam,NFR,24.684059,92.344106
BSPR,BISHRAMPUR,Chhattisgarh,SECR,23.179178,82.98289000000001
BRH,BAIKUNTHPUR RD,Chhattisgarh,SECR,23.317286,82.5298836
BTKL,Bhatkal,Karnataka,KR,13.987012001486875,74.56730199046433
BNSR,BHAGWANSAR,Rajasthan,NWR,29.343806,73.859791
BQH,Bhanohad Punjab,Punjab,NR,30.85173825,75.70970576
BPRA,BARIPURA,Uttar Pradesh,NCR,25.340728000000002,79.943488
BRPM,Baripur Mandala,Gujarat,WR,,
BRTL,Bharthali,Gujarat,WR,,
BPO,Baripada,Orissa,SER,21.9227408,86.73709000000001
BO,Borsad,Gujarat,WR,22.401548000000002,72.909158
BS,Banisar,Rajasthan,NWR,28.067563416,73.8954879211
ATH,ANTAH,Rajasthan,WCR,25.1611771,76.3072684
BON,BHONRA,Rajasthan,WCR,25.171061136400002,76.1976736633
BOV,Bhatgaon,Chhattisgarh,SECR,21.171626,81.71272400000001
BNCE,BANGALORE EAST,Karnataka,SWR,13.001479999999999,77.6184701
BRP,Baruipur Junction,West Bengal,ER,22.366657999999997,88.431647
AAH,ITEHAR,Madhya Pradesh,NCR,26.562635,78.683783
RYT,RAYAT PURA,Madhya Pradesh,NCR,26.456937,78.38188099999999
BBY,BHADROLI,Madhya Pradesh,NCR,26.30595,78.181356
BTKB,Bathna Krittibas Halt,West Bengal,ER,23.236313600000003,88.48266943
AKZ,Akashi,Jharkhand,SER,23.385124400800002,84.8877858557
BR,BANDH BARETA,Rajasthan,NCR,26.910367,77.364108
CKYD,CHAKRA ROAD,Uttar Pradesh,NER,26.001213,83.672178
BOKE,BHOKE,Maharashtra,KR,17.0490546,73.3810615
BSKH,Basukinath,Jharkhand,ER,24.388941000000003,87.045099
BSKN,Bhesana Manknaj,Gujarat,WR,23.4987569498,72.3312086395
ASE,ASAUDAH,Haryana,NR,28.73653776,76.85877285
ABO,ASTHAL BOHAR,Haryana,NR,28.857765,76.629155
KZH,KILA ZAFARGARH,Haryana,NR,29.0805810005,76.4289531995
BNQL,BHANKALA HALT,Uttar Pradesh,NR,29.845590837699998,77.4743493237
BQA,BANKURA,West Bengal,SER,23.224387099999998,87.07468750000001
BRLI,Barauli,Uttar Pradesh,NCR,26.552056,77.424988
BPRH,Balpur Halt,Chhattisgarh,SECR,22.115136,82.694138
BNKI,Banmankhi Junction,Bihar,ECR,25.885092,87.193664
BRJ,Brace Bridge,West Bengal,ER,22.517861,88.301496
BZGT,Bazurghat,Assam,NFR,24.607593,92.38341799999999
DWO,DOIWALA,Uttarakhand,NR,30.175451000000002,78.12218
BRSQ,BRAR SQUARE,Delhi NCT,NR,28.613526,77.14079000000001
KAT,KHATAULI,Uttar Pradesh,NR,29.273712,77.736988
BUB,Bissau,Rajasthan,NWR,28.2401014,75.0612084
PQY,PABLI KHAS,Uttar Pradesh,NR,29.05601,77.698335
GUH,GULDHAR,Uttar Pradesh,NR,28.703751999999998,77.455792
BRRD,BORDI ROAD,Gujarat,WR,20.122424,72.766138
BRU,BHAIROGANJ,Bihar,ECR,27.151418149999998,84.24239742
BTH,BETTIAH,Bihar,ECR,26.8058847,84.5229561
BSDL,BHARSENDI,Madhya Pradesh,WCR,24.036488,82.06039
BSC,Bulandshahr,Uttar Pradesh,NR,28.3919187,77.8482415
BTPG,Betheria Ghola,West Bengal,ER,22.350122,88.573321
BTPD,Bethampurdi,Andhra Pradesh,SCR,17.543986,80.573657
BTG,BASHARATGANJ,Uttar Pradesh,NR,28.288009,79.2851956
BTIC,BHATINDA CANTT,Punjab,NR,30.19088,74.954044
ALL,ALAL,Punjab,NR,30.377724999999998,75.72074952000001
BTD,BOTAD JN,Gujarat,WR,22.182870599999998,71.6655966
BU,BASWA,Haryana,NWR,27.149686000000003,76.575644
BUGL,Buglanwali,Rajasthan,NWR,29.79175066957987,74.23897337168455
BSX,BASAR,Andhra Pradesh,SCR,18.86512,77.938506
BWZ,Baddowal,Punjab,NR,30.862116999999998,75.742678
BSQ,BARSI TAKLI,Maharashtra,SCR,20.576054000000003,77.060902
PARH,PARAKHEDA,Madhya Pradesh,WCR,25.705583,77.642772
BUQ,Bargi,Madhya Pradesh,SECR,22.995932999999997,79.875125
BSJ,Bhupalsagar,Rajasthan,NWR,24.8477620899,74.2116131934
BRPK,Bisharpara Kodaliya,West Bengal,ER,22.676284,88.434731
TY,TULUKAPATI,Tamil Nadu,SR,9.467438999999999,77.936903
BYSA,Basulyasutahata,West Bengal,SER,22.12030128,88.13056325
BRG,BARGARH,Uttar Pradesh,NCR,25.164270416300003,81.4500584753
MH,Marahra,,CR,25.100178,85.446664
BSGR,Bhagsar,Punjab,NR,30.452385,74.40197699999999
SNRD,MUMBAI SANDHURST ROAD,Maharashtra,CR,18.962311,72.839733
BXB,Banga,Punjab,NR,31.177139,75.999562
BVW,Bahminiwala,Punjab,NR,30.548939999999998,74.19313199999999
BTQ,Betnoti,Orissa,SER,21.741339999999997,86.8435187
BSN,BANASANDRA,Karnataka,SWR,13.265332,76.659317
MOI,MORI BERA,Rajasthan,NWR,25.035574999999998,73.136306
BRLY,BIROLIYA,Rajasthan,NWR,25.170546,73.192517
RT,ROHAT,Rajasthan,NWR,25.921475609399998,73.0953188199
BSRX,BAGEVADI RD,Karnataka,SWR,16.47986853,75.82814753
BZG,Bilga,Punjab,NR,31.058267,75.66684099999999
LMC,LAKHAMANCHI,Gujarat,WR,22.5718124104,71.14841382110001
BDME,Baidyanathdham Deoghar,Jharkhand,ER,24.4892623,86.6920701
BTW,BARSI TOWN,Maharashtra,CR,18.240993,75.718169
BWW,Barwaha,Madhya Pradesh,WR,22.255445899999998,76.0302621
JWLS,JAWAN WALA SHEHAR,Himachal Pradesh,NR,32.14165,76.003772
CDLD,Chandlodiya,Gujarat,WR,,
CDMA,Chandeshwarsthan,Bihar,ECR,,
CDD,Chandod,Gujarat,WR,21.99195697308774,73.45218163914979
BXT,Bamanhat,West Bengal,NFR,26.076284459879247,89.62797752581537
BXK,BANDARKHAL,Assam,NFR,25.069785,92.80071699999999
BWX,BAHMAN DIWANA,Punjab,NR,30.225526,74.849153
BYHA,BARYA RAM,Uttar Pradesh,NR,25.566931,82.22659200000001
CRK,CHARKHERA,Madhya Pradesh,WCR,22.367273,77.171177
BUTA,BHADUTALA,West Bengal,SER,22.485657,87.3208
CDGR,CHANDRAKONA RD,West Bengal,SER,22.739076,87.340588
BZO,BARSOLA,Haryana,NR,29.394379,76.231711
CDQ,CHADOTAR,Gujarat,WR,24.18394723,72.37251094
BWL,BAWAL,Haryana,NWR,28.070281,76.572402
BVRT,BHIMAVARAM TOWN,Andhra Pradesh,SCR,16.547348,81.516853
BQN,BAGRI NAGAR,Rajasthan,NWR,25.895725000000002,73.787801
CIO,Chikhli Road,Gujarat,WR,,
BUG,BAGAHA,Bihar,ECR,27.130045000000003,84.066991
CAI,CHANPATIA,Bihar,ECR,26.94163,84.53063900000001
CAA,CHAKIA,Bihar,ECR,26.417182,85.04636
CKNA,Chikna,,ECR,,
BXM,BELRAYAN,Uttar Pradesh,NER,28.379381,80.915268
BVQ,BHILAVDI,Maharashtra,CR,17.008048,74.51678100000001
ANR,ANARA,West Bengal,SER,23.481082,86.559763
BWPL,Balwant Pura Chelasi,Rajasthan,NWR,27.9104715,75.44328689999999
CATD,Chataud,,SECR,21.015051,81.73716
CID,Chiraidongri,Madhya Pradesh,SECR,22.411417999999998,80.287402
BHGJ,Bihariganj,Bihar,ECR,25.732598999999997,86.992655
HTGR,HATHIGADH,Gujarat,WR,21.620099999999997,71.444628
CHBN,Chandkhira Bagn,Assam,NFR,24.515852,92.287381
MKY,MEKKUDI,Tamil Nadu,SR,10.87109,78.628737
BXC,Barwala,Haryana,NR,29.367534,75.88703100000001
CBG,Charbhuja Road,Rajasthan,NWR,25.352227999999997,73.946241
HNA,HONNAVAR,Karnataka,KR,14.316931,74.433196
SEN,SENAPURA,Karnataka,KR,13.717680182199999,74.6840119482
CGX,Chargola,Assam,NFR,24.845883999999998,92.416794
BYR,BHAYANDAR,Maharashtra,WR,19.311766,72.85303900000001
BHU,BHANDU MOTIDAU,Gujarat,WR,23.709061000000002,72.38933899999999
CG,Canning,West Bengal,ER,22.313264,88.667458
CHKB,CHAKKI BANK,Punjab,NR,32.259653,75.636651
CH,CHANDAUSI JN,Uttar Pradesh,NR,28.458626000000002,78.780268
DGI,DUNGRI,Gujarat,WR,20.687336000000002,72.949119
DDY,DUDWINDI,Punjab,NR,31.237553,75.258143
DDN,DEHRADUN,Uttarakhand,NR,30.3140377,78.0336011
CDSL,CHANDRESAL,Rajasthan,WCR,25.212948,75.943986
CDG,CHANDIGARH,Chandigarh,NR,30.7019773,76.82208
CPJ,KAPTANGANJ JN,Uttar Pradesh,NER,26.926388,83.69990700000001
AWS,ASWANI HALT,Bihar,ECR,27.15958,84.051843
DES,DESARI,Bihar,ECR,25.6683593565,85.4087656586
BKJ,BARKUR,Karnataka,KR,13.477458799999999,74.75968040000001
BFR,BEKAL FORT,Kerala,SR,12.385524,75.04278599999999
DMK,Dilmili,Chhattisgarh,ECoR,18.987443,81.737851
DGHR,Deoghar,Jharkhand,ER,24.51178242,86.69712126
ALUR,Alur Halt,Karnataka,SWR,12.98251226,75.99049337
CBX,CHAND BHAN,Punjab,NR,30.445148,74.88002100000001
DEV,DEVARAYI,Karnataka,SWR,15.44947863,74.57136412999999
DGBZ,Dongri Buzurg,Maharashtra,SECR,21.573844,79.676645
DEEG,Deeg,Rajasthan,NCR,27.48655053,77.32451142
DGNR,Durganagar,West Bengal,ER,22.650758,88.419
BHGN,BHILGAON,Assam,NFR,26.354394000000003,93.926117
CHB,CHABUA,Assam,NFR,27.481420709000002,95.1720581342
DEO,DEOKALI,Uttar Pradesh,NER,27.977317000000003,80.705156
CHNR,CHHAN ARORIAN,Jammu and Kashmir,NR,32.46131096,75.35904533
BDHY,BUDHI,Jammu and Kashmir,NR,32.440429,75.432931
CKKN,CHAK KALAN,Punjab,NR,32.083103,75.623498
BNGL,BHANGALA,Punjab,NR,32.0195148161,75.61231335209999
CDH,Chakdaha,West Bengal,ER,23.078406,88.529672
CGH,CHOLANG,Punjab,NR,31.617259999999998,75.639894
DIC,DAHISAR,Maharashtra,WR,19.250166,72.859587
CHN,Chhina,Punjab,NR,31.902255,75.271993
MLYA,Maliya,West Bengal,ER,22.831668,88.136281
DMU,Dhamua,West Bengal,ER,22.290179,88.392178
DON,DERAWAN HALT,Jharkhand,SER,23.230256999999998,76.104438
DMJ,Dharmaj,Gujarat,WR,,
DLB,DAULATABAD,Maharashtra,SCR,19.916367,75.210494
DHT,DHAMARA GHAT,Bihar,ECR,25.590821,86.599522
DLGN,DHALGAON,Maharashtra,CR,17.120967200000003,74.9887134
DKY,DHOKI,Maharashtra,CR,18.353216,76.10298900000001
DRBR,Deoraha Baba Road,,NER,26.283979000000002,83.87109099999999
DLR,DULLAHAPUR,Uttar Pradesh,NER,25.799898,83.423264
DKE,DIHAKHO,Assam,NFR,25.427907,93.126587
DNEA,DANEA,,ECR,23.799131,85.658334
DPLN,Diplana,Rajasthan,NWR,29.182572629698868,74.88112287595868
DOW,Davol,,WR,22.39911,72.953112
DHR,DHARNAODA,Rajasthan,WCR,24.592205,77.09925299999999
DHPR,DAPPAR,Punjab,NR,30.5176409515,76.8075098584
DUMR,Dumra,Bihar,ECR,26.576993,85.533639
DISA,DISA,Gujarat,WR,24.237125199999998,72.1796003
CKV,CHERUKUVADA,Andhra Pradesh,SCR,16.58967159,81.42156278
DLI,OLD DELHI,Delhi NCT,NR,28.661815999999998,77.228356
DOLK,Dholikua,Gujarat,WR,,
CHV,CHARVATTUR,Kerala,SR,12.213321,75.15435
CDRA,CHANDERA,Kerala,SR,12.179818,75.168292
DHH,Dinhata,West Bengal,NFR,26.0707762,89.5868746
DKDP,Dakshin Durgapur,West Bengal,ER,22.308871,88.399338
DJRZ,To Darjeeling,West Bengal,NFR,26.8521353,88.3332302
DJG,DULIAJAN,Assam,NFR,27.367712,95.30695200000001
DKM,DIKOM,Assam,NFR,27.4642265659,95.0806742816
DHNA,Dhachna,Bihar,NFR,25.6464732123,87.9869386938
DURP,Durgapuri,Madhya Pradesh,NCR,,
DMR,Dharmanagar,Tripura,NFR,24.366946,92.16824700000001
DPDP,Dhapdhapi,West Bengal,ER,22.315994,88.459855
ENB,Ellenabad,Rajasthan,NWR,29.44410399265112,74.6579341054894
DLCR,Dullabcherra,Assam,NFR,24.505297000000002,92.477671
DVH,Devi Halt,Madhya Pradesh,SECR,21.706411,78.86207
DGX,Dagaon,Assam,NFR,26.444446,92.61368900000001
DKWA,Dokwa,Rajasthan,NWR,28.579787000000003,75.32336400000001
DUH,Dudda,Karnataka,SWR,13.08842214,76.2042468
DHI,Dhule,Maharashtra,CR,20.887752,74.768847
DHU,Dhubulia,West Bengal,ER,23.483546,88.441145
DOGL,Donigal,Karnataka,SWR,12.9040478098,75.73412167570001
DSM,DARASURAM,Tamil Nadu,SR,10.944384000000001,79.35638399999999
DWX,DEWAS,Madhya Pradesh,WR,22.977556,76.051191
DOR,DUNDARA,Rajasthan,NWR,25.895799,72.796892
DMH,Dauram Madhepura,Bihar,ECR,25.908513,86.782638
DPK,Dholipal,Rajasthan,NWR,29.76082671390587,74.25159995444119
AHO,ADARSHNAGAR,Rajasthan,NWR,26.411579930800002,74.653432493
DNN,Dina Nagar,Punjab,NR,32.134789,75.467351
DPC,Darliput,Orissa,ECoR,18.365186,82.74651899999999
DWK,DWARKA,Gujarat,WR,22.251023,68.980434
DWM,Darwha Moti Bagh Junction,Maharashtra,CR,,
DOZ,DAURAI,Rajasthan,NWR,26.395604000000002,74.619546
DOC,Daun Kalan,Punjab,NR,30.3792190643,76.4585689563
MXA,MARAUDA,Chhattisgarh,SECR,21.15958,81.35973
ER08,Kalinagar,West Bengal,ER,,
BQF,BARAHMUAFI,Uttar Pradesh,WCR,25.039892,81.009932
DOE,DEORI,Madhya Pradesh,WCR,23.298434999999998,80.009808
DRHI,DAGARHKERI,Madhya Pradesh,WCR,22.0812732116,76.8264017633
DGN,DONGARGAON,Madhya Pradesh,CR,21.641314,76.36406699999999
DRB,Debari,Rajasthan,NWR,24.606987,73.805352
FAP,FAKHARPUR HALT,Uttar Pradesh,NR,28.846965,77.293521
DSA,DELHI SHAHDARA,Delhi NCT,NR,28.673098,77.293154
GZT,GHAZIPUR GHAT,Uttar Pradesh,NER,25.600279999999998,83.60480199999999
PGN,PERUGAMANI,Tamil Nadu,SR,10.889271,78.54751
DMV,DIMAPUR,Nagaland,NFR,25.905701999999998,93.72781599999999
DWF,DUDH SAGAR WATER FALLS,Karnataka,SWR,15.31333714,74.31403358
FSG,PHURSUNGI,Maharashtra,CR,18.455828999999998,74.026016
FLU,Phulia,West Bengal,ER,23.229896999999998,88.49634
DPS,Dangoaposi,Jharkhand,SER,22.167964,85.59273
DZKT,Durga Chak Town,West Bengal,SER,22.066831,88.136032
EPR,Mumbai Elphinstone Road,Maharashtra,WR,19.00694,72.835426
ELL,Eraligu,Assam,NFR,24.665398,92.33263099999999
AHM,AHIMANPUR,Uttar Pradesh,NER,25.252404,82.511544
FA,FALNA,Rajasthan,NWR,25.235808,73.23495299999999
DODH,Dodh,Punjab,NR,30.841607,74.52193700000001
DRGJ,DARAGANJ,Uttar Pradesh,NER,25.44265,81.87998999999999
DQN,Dhanera,Gujarat,NWR,24.506528,72.032364
DUMK,Dumka,Jharkhand,ER,24.289527,87.254975
DZK,Durgachak,West Bengal,SER,22.082011,88.15527399999999
DPD,DOSAPADU,Andhra Pradesh,SCR,16.468807,80.938771
GAMI,Gogameri,Rajasthan,NWR,29.160244032368652,75.03507563844323
DVN,DEVTHANA,Maharashtra,SCR,19.274562,77.689981
DXH,DUHAI,Uttar Pradesh,NR,28.730283,77.480363
DWLE,Dhauni,Bihar,ER,25.010329682000002,86.9930409827
DUI,DHURI JN,Punjab,NR,30.372740999999998,75.86660300000001
FPS,Fatehpur Shekhawati,Rajasthan,NWR,28.000728000000002,74.971043
DWJ,DWARKAGANJ,Uttar Pradesh,NR,26.316418,82.109076
VGN,VANGAON,Maharashtra,WR,19.882845,72.76318500000001
EKR,Ekangarsarai,Bihar,ECR,25.2224815,85.2322638
GGN,GURGAON,Haryana,NR,28.489165,77.010739
DTW,DATEWAS,Punjab,NR,29.893255,75.616682
NAI,Nangi,West Bengal,ER,22.500255999999997,88.223984
FN,Farukhnagar,Haryana,NR,28.467066,76.828486
GDL,GONDAL,Gujarat,WR,21.972471,70.79558800000001
GAH,Gawnaha,Bihar,ECR,27.269838999999997,84.52017599999999
GAL,GHATLA,Rajasthan,NWR,27.731813000000002,76.628452
AI,ADIPUR,Gujarat,WR,23.077052700000003,70.0786586
CHG,MUMBAI CHINCHPOKLI,Maharashtra,CR,18.986789,72.832659
DWZ,Dantewara,Chhattisgarh,ECoR,18.907733,81.35453600000001
DXR,DIGSAR,Gujarat,WR,22.712403000000002,71.499375
FTD,Fatehabad Chowk Junction,Madhya Pradesh,WR,23.009106,75.673338
DZB,Dahina Zainabad,Haryana,NWR,28.291078574500002,76.39169434200001
TMLP,TIRUMALPUR,Tamil Nadu,SR,12.956333,79.67348799999999
CJE,KANCHIPURAM EAST,Tamil Nadu,SR,12.841137186300001,79.7120436792
DUJ,DUBRAJPUR,West Bengal,ER,23.803358,87.378973
DGU,DIGARU,Assam,NFR,26.173306,91.977861
BRHU,BARAHU,Assam,NFR,26.1204333815,92.1395124182
DML,DHARAMTUL,Assam,NFR,26.189127,92.36716
BHGP,Bhagirathpur,Uttar Pradesh,NER,27.326628,83.38771
DHRY,DHALPUKHURI,Assam,NFR,25.981050999999997,92.880626
BRLF,BAR LANGFER S,Assam,NFR,25.755626,93.225136
SLX,SELENG HAT,Assam,NFR,26.783438032899998,94.4827626898
DBRG,DIBRUGARH,Assam,NFR,27.463606565899997,94.93525791020001
NDJ,NANDGANJ,Uttar Pradesh,NER,25.54457,83.396867
DYU,DIYURI,Uttar Pradesh,NER,28.603253,79.87601000000001
JAT,JAMMU TAWI,Jammu and Kashmir,NR,32.706975,74.880117
KNDI,KANDRORI,Himachal Pradesh,NR,32.184403,75.668807
DYP,Daryapur,Uttar Pradesh,NR,26.182799,81.248588
BMK,BIRANG KHERA,Punjab,NWR,29.9125697133,74.63586428650001
DHRR,DHIRERA,Rajasthan,NWR,28.363519,73.616355
CBN,CHIT BARAGAON,Uttar Pradesh,NER,25.744108999999998,84.00154
FRDH,Faridaha Halt,Uttar Pradesh,NER,25.557959,83.12602199999999
KLL,KALOL JN,Gujarat,WR,23.244576000000002,72.50363
DNW,DANGARWA,Gujarat,WR,23.401485,72.44125299999999
CHP,CHHAPI,Gujarat,WR,24.034518000000002,72.40022099999999
SOH,SIROHI ROAD,Rajasthan,NWR,24.791042,73.039834
TN,TUTICORIN,Tamil Nadu,SR,8.806109000000001,78.15535899999999
GBA,GARHBETA,West Bengal,SER,22.844562,87.320972
ELM,ELIMALA,Kerala,SR,12.0686868024,75.2308476031
GARA,Garha,Bihar,ECR,26.426289,85.52096599999999
GJN,Gajner,Rajasthan,NWR,27.9358522,73.0615538
GIA,Garia,West Bengal,ER,22.465958999999998,88.404673
ERL,ERANIEL,Tamil Nadu,SR,8.212549,77.308161
PNDP,PANDILLAPALLI,Andhra Pradesh,SCR,17.171933,80.17023400000001
GLV,GULVANCHI,Maharashtra,CR,17.172707,75.05678
GHH,GARHI HARSARU,Haryana,NR,28.43755,76.929697
GOP,GOP JAM,Gujarat,WR,22.0539696502,69.90809078
GDZ,Gundardehi,Chhattisgarh,SECR,20.948836,81.302351
GDB,GIDDARBAHA,Punjab,NR,30.201319,74.663342
GJW,Gajuwala,Punjab,NR,29.585509000000002,75.871735
GMIA,GUMIA,,ECR,23.802650999999997,85.82892199999999
GDHA,GODHA,Uttar Pradesh,NR,28.005897,78.141225
GHUM,Ghoom,West Bengal,NFR,27.008643,88.254223
GNPT,Ganpatpura,Gujarat,WR,,
GSDH,GARSANDA HALT,Jharkhand,ECR,25.142617,86.011307
GELA,Ghadela Halt,Madhya Pradesh,SECR,21.714043999999998,78.888017
GHQ,GARHWA,Jharkhand,ECR,24.1751953,83.8132154
GDV,GUDIVADA JN,Andhra Pradesh,SCR,16.429888,80.987594
GNDI,GONDWALI,Madhya Pradesh,WCR,24.217437999999998,82.519981
GNK,Garhnokha,Bihar,ECR,25.09724423,84.12283778
DKI,DHARMKUNDI,Madhya Pradesh,WCR,22.5120383739,77.5510144354
NGL,NANGAL,Uttar Pradesh,NR,29.832554,77.62227
MOZ,MUZAFFARNAGAR,Uttar Pradesh,NR,29.468689,77.707807
DRLA,DAURALA,Uttar Pradesh,NR,29.114015000000002,77.70616000000001
MDNR,MODINAGAR,Uttar Pradesh,NR,28.827907,77.571716
BRI,BHIRINGI,Madhya Pradesh,WCR,22.227752,76.941024
GEDE,Gede,West Bengal,ER,23.491197,88.786737
GHE,GHEVRA,Delhi NCT,NR,28.691982000000003,76.99853599999999
GHA,GOLEHWALA,Punjab,NR,30.789872,74.70440599999999
GAW,Gainjahwa,Uttar Pradesh,NER,27.4546557588,82.24506478820001
GNZ,Gahndran Halt,Punjab,NR,31.117935,75.424279
GH,GHUGHULI,Uttar Pradesh,NER,27.0539516142,83.7137745453
SJGH,SARAI JAGDISH,Uttar Pradesh,NER,25.30009,82.365134
KARD,KAMAN ROAD,Maharashtra,CR,19.33655,72.919123
GOV,Govindpuri,Uttar Pradesh,NCR,,
AML,AMALSAD,Gujarat,WR,20.811373000000003,72.956092
GPLG,Gopalpurgram,West Bengal,ER,,
GQD,Gourdaha Halt,West Bengal,ER,,
GTQ,Gumtali Halt,Punjab,NR,31.065852,75.636453
GLD,Ghelda,Gujarat,WR,23.3616934176,72.20310172849999
GCT,GHAZIPUR CITY,Uttar Pradesh,NER,25.583144,83.568045
GIS,Garhi Sandra,Rajasthan,NCR,26.668256,77.76513
GUV,GURUVAYUR,Kerala,SR,10.596896,76.045457
DTVL,DATIVLI,Maharashtra,CR,19.187012,73.059049
KLMG,KALAMBOLI GOODS,Maharashtra,CR,19.035116,73.11494900000001
PEN,PEN,Maharashtra,CR,18.735604455900003,73.0867978516
GKA,Gokhula,Bihar,ECR,27.069813,84.53976300000001
CMC,CHEMANCHERI,Kerala,SR,11.405279,75.720039
ETR,ELATTUR,Kerala,SR,11.346337,75.741119
CLT,KOZHIKODE,Kerala,SR,11.246234,75.780407
FK,FEROK,Kerala,SR,11.174972200000001,75.8302845
PGI,PARPANANGADI,Kerala,SR,11.045910000000001,75.861006
GIO,Goriyan,Rajasthan,NWR,27.547928,75.26559
GLA,GARLA,Andhra Pradesh,SCR,17.487076,80.139236
GOD,GIDARPINDI,Punjab,NR,31.152633,75.12451399999999
GVH,Govind Garh,Rajasthan,NCR,27.499556,76.98805800000001
GRB,GARHDHRUBESWAR,West Bengal,SER,23.509341,86.617006
GNW,Gangiwara,Madhya Pradesh,CR,22.097988,78.846139
GRI,GURIYA,Rajasthan,NWR,25.998261,73.955291
HBE,Habibpur,West Bengal,ER,23.211966999999998,88.538423
GWV,GOWDAVALLI,Andhra Pradesh,SCR,17.609541,78.46819099999999
GLGT,Golaghat,Assam,NFR,26.508626,93.9611898
MDRR,MADHAVNAGAR ROA,Madhya Pradesh,WCR,23.7866102083,80.3948243298
GMD,GURAMKHEDI,Madhya Pradesh,WCR,22.682206476,78.0778207251
HGA,Hogla,West Bengal,ER,22.255044,88.452384
BGTA,BAGRA TAWA,Madhya Pradesh,WCR,22.6307113,77.9937073
AIA,AJARAKA,Rajasthan,NWR,27.959391,76.56420899999999
GNJ,GUNJI,Karnataka,SWR,15.5431155625,74.47936741759999
H,Venkatagiri Kote Halt,Karnataka,SWR,,
GPB,GHATPRABHA,Karnataka,SWR,16.240718896,74.7598229541
GTRA,GOTRA HALT,Uttar Pradesh,NR,28.807889,77.30096
GLTA,GAHLOTA,Rajasthan,NWR,26.6723715203,74.967556543
GNA,GONEANA,Punjab,NR,30.318715,74.90948
GJS,Gajsinghpur,Rajasthan,NWR,29.658053,73.436739
GJUT,GANGSAR JAITU,Punjab,NR,30.445082000000003,74.87951100000001
GUS,GHUMASAN,Gujarat,WR,23.378698999999997,72.449853
GSD,Ghosunda,Rajasthan,NWR,24.871222,74.53452700000001
HBP,HARPAR BOCHAHA,Bihar,ECR,25.6034373373,85.75716073
GLE,Gajulaguden,Andhra Pradesh,SCR,17.609727,80.657904
GOPG,Gopalganj,Bihar,NER,26.454202,84.43554700000001
GOK,GOKARNA ROAD,Karnataka,KR,14.582791,74.36719699999999
CS,KANNUR SOUTH,Kerala,SR,11.866899,75.400253
GNL,Gongle,Maharashtra,SECR,21.222011000000002,80.147349
ETK,ETAKKOT,Kerala,SR,11.806194999999999,75.44379699999999
GQN,Garhani,Bihar,ECR,25.4118931462,84.5696156628
GNC,Gandhinagar Capital,Gujarat,WR,23.233379,72.62916200000001
HJO,Harangajao,Assam,NFR,,
GUA,Gua,Jharkhand,SER,22.218519,85.381896
HKH,Haranya Kheri,Madhya Pradesh,WR,22.583661,75.776745
GVL,Gudlavalleru,Andhra Pradesh,SCR,16.348371,81.046037
GWYR,Greenways Road,Tamil Nadu,SR,13.0202759,80.25171539
GSP,Gurdaspur,Punjab,NR,32.044111,75.420769
GNPR,Gunupur,Orissa,ECoR,19.069058897799998,83.8099599005
GULR,GULER,Himachal Pradesh,NR,32.004278,76.151266
GSW,GURSAR SHNEWALA,Punjab,NWR,30.138926513900003,74.8861198969
HRD,Harsud,Madhya Pradesh,WCR,,
HAPA,HAPA,Gujarat,WR,22.468974,70.11814
GZN,NEW GHAZIABAD,Uttar Pradesh,NR,28.674404,77.43800800000001
HSWS,Hansiawas,Rajasthan,NWR,,
HPT,HOSPET JN,Karnataka,SWR,15.286807,76.38578
HLZ,Haldia,West Bengal,SER,22.045284,88.06589
HEM,HIMAYATNAGAR,Maharashtra,SCR,19.416708999999997,77.868855
HTD,HATUNDI,Rajasthan,NWR,26.354279161199997,74.6445661014
HLAR,HOLE ALUR,Karnataka,SWR,15.81959,75.64646099999999
HPP,HARPALPUR,Madhya Pradesh,NCR,25.290501,79.33546100000001
GSL,GODAPIASAL,West Bengal,SER,22.530677,87.320806
HLDR,HALDAUR,Uttar Pradesh,NR,29.290081553100002,78.275060462
GVD,GHOLVAD,Maharashtra,WR,20.08688,72.73799100000001
HSA,HASIMARA,West Bengal,NFR,26.72689,89.347661
GTT,GOMTA,Gujarat,WR,21.873814999999997,70.72970199999999
GTF,GUMTHAL,Uttar Pradesh,NR,28.484002,78.757645
HSI,HARSAULI,Rajasthan,NWR,27.864848000000002,76.615189
HRSR,Harish Nagar Halt,West Bengal,ER,23.469777,88.77798899999999
GSO,GHASO,Haryana,NR,29.531288,76.14336899999999
HNK,HANAKERE,Karnataka,SWR,12.565639000000001,76.979837
AII,AJMER JN,Rajasthan,NWR,26.456612,74.63746400000001
HIL,Hilsa,Bihar,ECR,25.317354,85.277079
GXG,Geong,Haryana,NR,29.8223584375,76.466397041
HBN,Haibargaon,Assam,NFR,26.355638,92.672506
HLW,Hirnawali,Rajasthan,NWR,29.710120646310926,74.27241649478674
HRT,Harnaut,Bihar,ECR,25.371762836200002,85.5407224109
HBF,Hadobhangi Halt,Orissa,ECoR,18.8219370968,83.94176085389999
HRF,Hathras Kila,Uttar Pradesh,NCR,27.594876304064115,78.05801798589528
GRPA,Garhpura,Bihar,ECR,25.65472,86.209037
HSR,Hisar,Haryana,NWR,29.152341,75.724305
GTM,Ghatampur,Uttar Pradesh,NCR,26.151304,80.174712
GRMA,Ghormara,Jharkhand,ER,24.442298,86.86392
PCV,Palakkodu,Tamil Nadu,SWR,12.297417999999999,78.072073
HAH,Hosa Agrahara,Karnataka,SWR,12.570459617700001,76.3618194318
IDR,INDI ROAD,Karnataka,SWR,17.211288999999997,75.919616
HLDD,HALDI ROAD,Uttarakhand,NER,29.039597,79.45967900000001
IZN,IZZATNAGAR,Uttar Pradesh,NER,28.388265999999998,79.421171
HSQ,HUSAINPUR,Punjab,NR,31.301125,75.320851
HNM,HINAUTARAMBAN,Madhya Pradesh,WCR,24.575192,80.94306200000001
HLX,HILARA,Assam,NFR,24.951767,92.62051100000001
INDR,Indira Nagar,Tamil Nadu,SR,,
HYB,HYDERABAD DECCAN,Andhra Pradesh,SCR,17.393362999999997,78.467377
JCU,JAICHOLI,Rajasthan,WCR,27.131193,77.397778
HTK,HATKANAGALE,Maharashtra,CR,16.748424,74.42206700000001
HMT,HIMMATNAGAR,Gujarat,WR,23.591655,72.960358
JAM,JAMNAGAR,Gujarat,WR,22.493992,70.053879
HGJ,HARDUAGANJ,Uttar Pradesh,NCR,27.9904756211,78.1280258472
HMI,HIMMATANA,Punjab,NR,30.458736,75.867119
HRNG,HARPUR NAG HALT,Bihar,ECR,26.386419,85.07713600000001
HW,HARIDWAR JN,Uttarakhand,NR,29.947787,78.15489899999999
INDM,Indore Junction MG,Madhya Pradesh,WR,22.717139,75.868072
IHP,INCHHAPURI,Haryana,NR,28.319499,76.7189807
HWX,HABAIPUR,Assam,NFR,25.871926,92.98586300000001
HMRR,HAMARAPUR,Maharashtra,CR,18.81964,73.086161
HIND,HIND,Uttar Pradesh,NR,29.530388830099998,77.3634743811
HTNL,HITNAL,Karnataka,SWR,15.335637,76.291469
HJL,HEJJALA,Karnataka,SWR,12.8482854964,77.4184168683
JGNR,Jogendranagar,Tripura,NFR,23.812162,91.310464
HVR,HAVERI,Karnataka,SWR,14.7943,75.410686
JDL,JAGDEVWALA,Rajasthan,NWR,28.3108582783,73.455749812
HEI,HEGGERE HALT,Karnataka,SWR,13.341342,77.048296
HHL,HIREHALI,Karnataka,SWR,13.2815759392,77.1887639459
JDP,Jadabpur,West Bengal,ER,22.495442,88.37469700000001
JHD,Jehanabad,Bihar,ECR,25.224705,84.989964
HRM,Hadmadiya,Gujarat,WR,20.934947,70.841154
HDM,Hirdamali,Maharashtra,SECR,21.342807,80.197137
JARI,Jari,Gujarat,NWR,24.587316,72.061232
HTW,Hathua,Bihar,NER,26.3689018769,84.3402527405
HLV,Haliyuru,Karnataka,SWR,14.222474,76.336804
BETI,Bhetasi,,WR,22.421623999999998,73.03223700000001
KMNR,Kamalnagar,Karnataka,SCR,18.240644,77.178835
HPLE,Hatpuraini,Bihar,ER,25.1558255368,86.9850695752
JGN,Jagraon,Punjab,NR,30.801197,75.47275900000001
HPA,Hampapura,Karnataka,SWR,12.479685,76.39466399999999
JHDC,Jehanabad Court,Bihar,ECR,25.2011434752,84.98415622680001
JOR,Jalor,Rajasthan,NWR,25.35418,72.63429
JBP,JABALPUR,Madhya Pradesh,WCR,23.164636,79.950919
IRN,Irgaon,Jharkhand,SER,23.421550999999997,84.78325099999999
JHK,JETHUKE,Punjab,NR,30.288215,75.318381
JNA,JULANA,Haryana,NR,29.120124,76.396508
IDJ,IDALHOND,Karnataka,SWR,15.7079285213,74.51814539669999
IDL,INDALVAI,Andhra Pradesh,SCR,18.548665,78.244351
JJR,JEJURI,Maharashtra,CR,18.286557,74.171451
JRBM,JIRIBAM,Assam,NFR,24.79884918,93.12437581
JRNA,Jirania,Tripura,NFR,23.827373,91.43198600000001
JCY,JIND CITY,Haryana,NR,29.309693,76.317477
JDNX,JOGINDER NAGAR,Himachal Pradesh,NR,31.988433,76.788887
IGL,IRINGAL,Kerala,SR,11.548117000000001,75.608869
AILM,AILAM,Uttar Pradesh,NR,29.2719947091,77.2915349414
JONR,Jeonara Ph,Madhya Pradesh,SECR,22.467657,80.073534
JAK,Jakanur,Karnataka,SWR,15.845019,75.650291
IBL,INDRABIL,West Bengal,SER,23.445293999999997,86.78164699999999
JOS,JOGESHWARI,Maharashtra,WR,19.136550999999997,72.84906600000001
JDN,JAGUDAN,Gujarat,WR,23.521841,72.40164899999999
PBS,Purab Sarai,Bihar,ER,,
JGG,JANGIGANJ,Uttar Pradesh,NER,25.3053173094,82.35067155089999
JMNR,Jamner,Maharashtra,CR,20.80642760713478,75.77482301741838
JTG,Jatinga,Assam,NFR,25.132585153047003,93.00795843824744
JMB,Jambusar Junction,Gujarat,WR,,
JMBC,Jambusar City,Gujarat,WR,,
JTP,Jetpur,Gujarat,WR,21.735312999999998,70.615184
JONA,Jonha,Jharkhand,SER,,
JPAH,Jagdishpur Halt,Bihar,ECR,,
JBB,Jambur,Gujarat,WR,21.032797000000002,70.593046
ITKY,Itky,Jharkhand,SER,23.3522113974,85.1270959845
JJN,Jhunjhunun,Rajasthan,NWR,28.106884063857194,75.39017865434289
JBU,Jabugam,Gujarat,WR,22.28593,73.76050000000001
JTTN,Jorhat Town,Assam,NFR,26.750692,94.217106
JBW,Jhabelwali,Punjab,NR,30.510447,74.602033
IDAR,Idar,Gujarat,WR,23.835435,73.01088
JLLO,Jhilo,Rajasthan,NWR,27.850784,75.890113
HZR,Hafizpur,Uttar Pradesh,NR,28.671653,77.785833
JK,Jakolari,Punjab,NR,32.218706,75.545676
JPO,Jora Alapur,Madhya Pradesh,NCR,26.344599,77.802358
JPV,Jamtara Paraswara,Madhya Pradesh,SECR,23.091963999999997,79.960351
JRJ,JARGAON,Uttar Pradesh,NR,28.560472,78.768653
JTRD,JATH ROAD,Maharashtra,CR,17.2166,75.110555
KCB,KUSLAMB,Maharashtra,CR,18.274834000000002,75.777193
KCNR,KACHNARA ROAD,Madhya Pradesh,WR,23.829547,75.101751
JWO,JAWAD ROAD,Rajasthan,WR,24.557577000000002,74.764389
JYM,JAI SAMAND ROAD,Rajasthan,NWR,24.22064,73.86827000000001
KEG,KARENGI,Uttar Pradesh,NR,28.346844,79.041353
JSM,JAISALMER,Rajasthan,NWR,26.91655,70.92823899999999
JID,JAGI ROAD,Assam,NFR,26.126113999999998,92.197461
JKN,JAKHANIAN,Uttar Pradesh,NER,25.740942,83.369563
KEQ,KACHHPURA,Madhya Pradesh,WCR,23.168783,79.903128
JRS,JORAVASAN,Gujarat,WR,20.729778,72.96576
JLR,JETALSAR JN,Gujarat,WR,21.729374,70.57391
JHT,JUNEHTA,Madhya Pradesh,WCR,22.78247,78.596143
KB,KHAIRATABAD,Uttar Pradesh,NER,27.521338,80.740844
JIR,JIRA ROAD,Gujarat,WR,21.450312,71.345267
JJT,JAI JAI WANTI,Haryana,NR,29.16948,76.36926500000001
JKP,JHAREKAPUR,Uttar Pradesh,NER,27.680642,80.728934
JSB,Yamuna South Bank,Uttar Pradesh,NCR,25.902334,80.226651
JNKR,Janakinagar,Bihar,ECR,25.881604,87.116949
KAGR,KAGANGARH,Punjab,NR,29.839460000000003,75.739115
KFP,Kukra Khapa,Madhya Pradesh,SECR,21.825569,78.897525
KALD,Kalanad,Kerala,SR,,
KALN,Kalana,Rajasthan,NWR,,
KAPM,Kottapalem,Andhra Pradesh,ECoR,,
KBGN,Khubagaon,Maharashtra,CR,,
JKHI,Jakhod Khera,Haryana,NWR,29.209394,75.57373
KCO,Kachhia Bridge,Uttar Pradesh,NER,27.944171,78.863805
KAVI,Kavi,Gujarat,WR,22.47229104660886,88.39808402583003
JNK,Jhinkpani,Jharkhand,SER,22.4200106276,85.77066197879999
KAI,KAIRLA,Rajasthan,NWR,25.8474354519,73.1955095032
KCY,Kaichar,West Bengal,ER,,
KDRA,Kadampura,Bihar,ECR,,
JOH,Juharpura,Rajasthan,NWR,28.199319000000003,74.84733
VI,Villianur,Puducherry,SR,11.919269000000002,79.757506
JKS,Jaksi,Gujarat,WR,23.222302523099998,72.1076480029
KBGH,Karea Kadambagachhi,West Bengal,ER,22.705299,88.534887
JRL,Jharili,Haryana,NWR,28.50653,76.374648
JHWR,Jhawar,Punjab,NR,32.002349,75.377777
KAJ,Kaliyaganj,West Bengal,NFR,25.6393,88.330404
KBE,KUREBHAR,Uttar Pradesh,NR,26.409469,82.111598
KGM,KATHGODAM,Uttarakhand,NER,29.266583,79.54633
KDGI,KUDGI,Karnataka,SWR,16.530215,75.811482
KHHJ,Khatkar Kalan,Punjab,NR,31.166967,76.02555000000001
KDLG,KUNDALGARH,Rajasthan,NWR,24.02828,73.81051
KCF,KALCHINI,West Bengal,NFR,26.687507,89.447487
JVA,JAVALE,Maharashtra,CR,17.298963,75.157805
JUA,JARAUNA,Uttar Pradesh,NR,25.557129999999997,82.399136
JSP,JAYASINGPUR,Maharashtra,CR,16.791339,74.551613
KBI,KAMBRGANVI,Karnataka,SWR,15.459597,74.875061
KDMR,KODIYAR MANDIR,Gujarat,WR,21.739200999999998,72.00460199999999
KIQ,Khai Phemeki,Punjab,NR,30.901616999999998,74.55121799999999
JWP,JWALAPUR,Uttarakhand,NR,29.928457,78.120775
KBR,KABRAI,Uttar Pradesh,NCR,25.385191218099997,80.0382402954
KCR,KHONKER,Madhya Pradesh,WCR,25.316453,77.578988
KGW,KARIGANURU,Karnataka,SWR,15.251727,76.43343
KBL,KOPPAL,Karnataka,SWR,15.353868,76.14395900000001
KGI,KENGERI,Karnataka,SWR,12.918047,77.48431
KBU,KASU BEGU,Punjab,NR,30.856795,74.671641
KGX,KANGINHAL,Karnataka,SWR,15.447816999999999,75.719041
KHAR,KHAR,Maharashtra,WR,19.069166,72.840078
KILE,KANDIVLI,Maharashtra,WR,19.204551,72.852098
JTY,JETHI,Gujarat,NWR,24.291967,72.507154
KIE,Khiria Khurd,Uttar Pradesh,NER,,
KKGT,Kalkalighat,Assam,NFR,24.5804202061,92.2952717633
BOMN,Bommagundanakere,Karnataka,SWR,14.591669999999999,76.68023
KAY,Karaimadai,Tamil Nadu,SR,11.238610999999999,76.957617
KKK,Khakharia,Gujarat,WR,21.653052,70.932064
KALI,Kaili,Uttar Pradesh,NR,28.785394,77.75277
KKAE,Kaikala,West Bengal,ER,22.83998676,88.09337895
JTH,Jhoktahal Singh,Punjab,NR,30.80909,74.495544
JRX,Juriagaon,Assam,NFR,26.441079000000002,92.644475
KGKD,Kang Khurd,Punjab,NR,31.126338,75.213236
KARH,Kakraha Rest House,Uttar Pradesh,NER,27.998447,81.420529
KHGR,Kashinagar Halt,West Bengal,ER,21.90539421,88.20132346
KCHV,Kachchanvilai,Tamil Nadu,SR,8.579343999999999,78.022519
KDBM,Khed Brahma,Gujarat,WR,24.029405999999998,73.041259
JTS,Jatusana,Haryana,NWR,28.331448,76.52110400000001
KHNM,Kunda Harnamganj,Uttar Pradesh,NR,25.714175,81.509547
KI,KONDAPALLI,Andhra Pradesh,SCR,16.623242,80.54669299999999
KII,KILLE,Tamil Nadu,SR,11.43755,79.722552
KLPG,KAMALPURGRAM,Chhattisgarh,SECR,23.166227,83.080298
KFA,KOPARIA,Bihar,ECR,25.661041,86.59816
KHDI,KHANDERI,Gujarat,WR,22.361075999999997,70.716676
KHC,KHORANA,Gujarat,WR,22.39349,70.82999099999999
KDU,KADAMBUR,Tamil Nadu,SR,9.002019,77.86363300000001
KDN,KUDATINI,Karnataka,SWR,15.215160000000001,76.76356899999999
KKB,KARAK BEL,Madhya Pradesh,WCR,22.992315,79.34125900000001
KJG,KARAJGI,Karnataka,SWR,14.851426,75.407636
KEB,KARAMBELI,Gujarat,WR,20.316435,72.90153400000001
KEZ,Kelzar,Maharashtra,SECR,19.98294,79.56394
KEP,Kelanpur,Gujarat,WR,22.233139,73.277017
KDHL,Kundhela,Gujarat,WR,22.227958,73.28142
KESR,Kesri Singhpur,Rajasthan,NWR,29.950588999999997,73.61854
KLMC,KALAMBOLI,Maharashtra,CR,19.035625,73.11480900000001
KGQ,KASARAGOD,Kerala,SR,12.491175,74.987652
KLRD,KALI ROAD,Gujarat,WR,23.097473,72.57787300000001
KNGT,KARNAWAS,Haryana,NWR,28.130539000000002,76.590073
PSL,PARISAL,Rajasthan,NWR,27.669476,76.61526599999999
AJE,ANJAR,Gujarat,WR,23.1194723,70.0366109
KHA,Khaigaon,Madhya Pradesh,WCR,22.011786,76.48125700000001
KHLL,KETOHALLI,Karnataka,SWR,12.758925999999999,77.335544
KJP,Khojeepura,Madhya Pradesh,NCR,25.918097,76.851134
KMB,Kalv Amba,Gujarat,WR,,
KLKR,Kalikapur,West Bengal,ER,22.412606,88.47502999999999
KNDR,Kandari,Gujarat,WR,,
KNGM,Kangam,Gujarat,WR,,
KLW,Kalwan Halt,West Bengal,ER,22.076525,88.256019
KDRI,Kendri,Chhattisgarh,SECR,21.131542,81.729967
KKNA,Khunkhuna,Rajasthan,NWR,27.277760999999998,74.49286000000001
KNBR,Kanaibazar,Assam,NFR,24.638740000000002,92.326722
KHRA,Khachera,Rajasthan,NWR,27.530759924999998,75.6489122412
KLOD,Kelod,Maharashtra,SECR,21.470222,78.891017
KHTU,Khatu,Rajasthan,NWR,27.116118,74.331631
KFV,Kundara East,Kerala,SR,8.969608,76.691337
KLZ,Keolari,Madhya Pradesh,SECR,22.374838,79.90885
KLE,Kaithal,Haryana,NR,29.792735,76.397796
KKNH,Karukhirharnagar Halt,,ECR,25.891166,86.61649100000001
SLHP,SULAH HIMACHAL PRADESH,Himachal Pradesh,NR,32.070953,76.475805
KKZ,Kottarakara,Kerala,SR,9.000279,76.765986
KIY,Kalayat,Haryana,NR,29.679483800099998,76.2281810498
KIJ,Kuldiha,Orissa,SER,22.3331028,86.27664089999999
KMRD,KALAMB ROAD,Maharashtra,CR,18.371892000000003,76.04934
KMC,KAMAREDDI,Andhra Pradesh,SCR,18.32586,78.335858
KLB,KIRAOLI,Uttar Pradesh,NCR,27.133898,77.78581199999999
KNVT,KINWAT,Maharashtra,SCR,19.618502,78.20243500000001
KJLU,KHARI JHALU,Uttar Pradesh,NR,29.331864,78.21890400000001
KHV,KARAINTHI,Haryana,NR,29.0138203113,76.4817815491
KIU,KINANA,Haryana,NR,29.227482,76.336659
KLWN,KALWAN,Haryana,NR,29.701333,75.952638
KKP,KOT KAPURA,Punjab,NR,30.578495999999998,74.818173
KLT,KULITALAI,Tamil Nadu,SR,10.932727,78.42089299999999
KKET,KAMRUP KHETRI,Assam,NFR,26.1271784614,92.08187667179999
KM,KALEEM,Goa,SWR,15.293341,74.18884299999999
KNP,KHANAPUR,Karnataka,SWR,15.6379344079,74.49975681459999
PRSR,Paharsar,Rajasthan,NWR,28.764429948734062,75.41038356721401
KMLI,KAMLI,Gujarat,WR,23.863182,72.375949
SHIV,SHINDAWANE,Maharashtra,CR,18.434555000000003,74.163601
KKW,KANKAVALI,Maharashtra,KR,16.2587773,73.71987089999999
KMQ,KUMBLA,Kerala,SR,12.590263,74.943503
KNPL,Kandanur Puduvayal,Tamil Nadu,SR,,
KORA,Kora,Gujarat,WR,,
KORL,Kural,Gujarat,WR,,
KLQ,Kilikollur,Kerala,SR,8.9182952655,76.6327939999
KQV,Kinkhed,Maharashtra,CR,,
KR,Kevdi,Gujarat,WR,,
KNDL,Khandel,Rajasthan,NWR,26.9529472159,75.2798777728
KHRK,Kharak,Haryana,NWR,28.83755,76.308694
KPKD,Khapri Kheda,Maharashtra,SECR,21.279557,79.11366699999999
KOTI,Koti,Himachal Pradesh,NR,30.852821,76.994519
KKTA,Kollikhutaha,Bihar,ER,25.18966,86.987831
KKRL,Kakrala,Punjab,NR,30.367614999999997,76.074534
KJY,Khurja City,Uttar Pradesh,NR,28.252454,77.84116100000001
KQI,KALACHAND,Assam,NFR,25.339050999999998,93.13311999999999
KPV,KASHIPUR,Uttarakhand,NER,29.204978,78.96071
KNKT,KANAKOT,Gujarat,WR,22.488122,70.876238
KODI,KODI,Maharashtra,SCR,19.710119,76.00525300000001
KNO,KUNDGOL,Karnataka,SWR,15.258352,75.250168
KTHU,KATHUA,Jammu and Kashmir,NR,32.397897,75.551922
KTF,KOT FATTEH,Punjab,NR,30.120715999999998,75.087931
KRH,KHAIRTHAL,Rajasthan,NWR,27.797324415,76.64170412169999
KODR,Kodinar,Gujarat,WR,20.797371000000002,70.695807
KQS,Kailaras,Madhya Pradesh,NCR,26.3046614487,77.62065939360001
KRJN,Karanjali Halt,West Bengal,ER,,
KRJT,Karanja Town,Maharashtra,CR,,
KUG,KUSUGALI,Karnataka,SWR,15.392095,75.233643
KSG,KISHANGARH,Rajasthan,NWR,26.588968,74.855553
KRJR,KARJARA,Bihar,ECR,24.808297,85.151844
KOL,KOLAD,Maharashtra,KR,18.392294,73.223871
KRMI,KARMALI,Goa,KR,15.490212900000001,73.9246644
KRMG,Kumaramangalam,Tamil Nadu,SR,10.696433,78.724107
KSAI,Kosadi Halt,Gujarat,WR,,
KSBG,Khusta Buzurg,Maharashtra,CR,,
KPQ,KANNAPURAM,Kerala,SR,11.984076,75.31381
KRHR,Kharar,Punjab,NR,30.726293624427043,76.6360420268029
KRJA,Karanja,Maharashtra,CR,20.491825750710376,77.48152183368802
KTGM,Kayasthagram,Assam,NFR,24.721172,92.353216
KNGR,Kashinagar Halt,Orissa,ECoR,18.8568644473,83.87569620789999
KRBO,Karaboh,Madhya Pradesh,SECR,22.054579999999998,79.26235799999999
KPA,Kanchrapara,West Bengal,ER,22.946024,88.451231
KTNI,Kapustalni,Maharashtra,CR,,
KTNR,Kirtyanand Nagar,Bihar,ECR,,
KRXM,Krishnamohan Halt,West Bengal,ER,22.330258,88.449759
KRX,Kurud,,SECR,20.833165,81.696451
KRDH,Koradih,Maharashtra,SECR,21.249152,79.10140100000001
KTPM,Kotturpuram,Tamil Nadu,SR,13.013835,80.24820899999999
KRP,Krishnapur,West Bengal,ER,24.406330999999998,88.25613200000001
KUTL,Kuwanthal,Rajasthan,NWR,25.498041,73.918994
KRKN,Karkend,West Bengal,SER,23.765615,86.369799
KTBR,Kasturba Nagar,Tamil Nadu,SR,13.005609,80.248086
KNAD,Kanad,Gujarat,WR,21.649251036200003,71.9263402661
KRC,Kiroda,Rajasthan,NWR,26.991165000000002,74.311248
KRO,KURAWAN,Madhya Pradesh,WCR,22.191568,76.888706
KSAE,KOSAI,Maharashtra,SCR,19.6395023854,78.334546145
KTLA,KATKOLA JN,Gujarat,WR,21.8521799207,69.8841357111
KRGA,KURANGA,Gujarat,WR,22.061244,69.171715
KRCD,KHARWA CHANDA,Rajasthan,NWR,24.417762999999997,73.794095
VR,VIRAR,Maharashtra,WR,19.454407,72.811737
KTI,KANTI,Bihar,ECR,26.198944,85.285092
KSU,KUSHTAUR,West Bengal,SER,23.430415999999997,86.498336
KTGD,KOTH GANGAD,Gujarat,WR,22.6282749467,72.3016887134
KTO,KATORA,Chhattisgarh,SECR,23.3115927105,82.7112187811
KV,Kayavarohan,Gujarat,WR,,
KVO,Kevdi Road,Gujarat,WR,,
KSD,KESHOD,Gujarat,WR,21.297662,70.252274
KSA,KHASA,Punjab,NR,31.610411,74.714584
KQY,KHARIKATIA,Assam,NFR,26.615923,94.248092
KS,KHETA SARAI,Uttar Pradesh,NR,25.965774583199998,82.6886636169
KTR,KOTHAR,Rajasthan,NWR,24.980982,73.123647
KWDP,Kakdwip,West Bengal,ER,21.8796,88.19387900000001
NMT,NAMTIALI,Assam,NFR,26.851588,94.619336
KRKP,KYARKOP,Karnataka,SWR,15.442249,74.96794799999999
KUD,KUDACHI,Karnataka,SWR,16.62608,74.85868699999999
KRG,KOREGAON,Maharashtra,CR,17.690976,74.147622
KQK,KOTIKULAM,Kerala,SR,12.423507,75.024008
KTKR,Kumtha Khurd,Maharashtra,SCR,18.4218389359,77.0092961456
KTU,KUTTIPPURAM,Kerala,SR,10.845723999999999,76.03339700000001
KRNI,KRISHNAI,Assam,NFR,26.070884,90.68256799999999
KUHI,Kuhi,Maharashtra,SECR,21.007558,79.35072000000001
KXD,Kokalda,Maharashtra,CR,,
KZPB,Kazipara Barasat,West Bengal,ER,,
KTAL,Kathalal,Gujarat,WR,22.899659,72.986389
KUTR,Kulathur,Tamil Nadu,SR,10.57217515,78.79207688
LAT,Lathi,Gujarat,WR,21.73935,71.386531
KWF,Katwa,West Bengal,ER,23.639805,88.123575
KYH,Khairah,Bihar,NER,25.861013,84.760114
KYP,Kalyanpur,West Bengal,ER,22.343456,88.414597
KTNA,Kathana,Gujarat,WR,22.235720999999998,72.752631
KRUR,Keeranur,Tamil Nadu,SR,10.576654999999999,78.787292
KTWS,Kathuwas,Haryana,NWR,28.1331067668,76.3437941406
KRY,Kadiri,Andhra Pradesh,SCR,14.114788,78.165591
KUMB,KUMARBAGH,Bihar,ECR,26.874522000000002,84.51158
LAK,LAKHO,Bihar,ECR,25.416359999999997,86.205004
KVK,KAVATHE MAHANKL,Maharashtra,CR,17.007517,74.94491099999999
KXO,KUDIKADU,Tamil Nadu,SR,10.775636,79.241642
LKPR,Lakshmikantpur,West Bengal,ER,22.110055,88.321958
LAL,LUSHALA,Gujarat,WR,21.3918244015,70.32629040219999
KWJ,KHOJEWALA,Punjab,NR,31.359247,75.47495599999999
KXH,KAPURTHALA,Punjab,NR,31.366846,75.38272400000001
LING,Ling,Maharashtra,CR,25.290391816004586,87.3615834955126
KZS,KUAKHERA HALT,Uttar Pradesh,NR,28.546470999999997,78.76651700000001
KVE,KAVALANDE,Karnataka,SWR,12.033304,76.799272
KWM,KAMPUR,Assam,NFR,26.1606011328,92.6577872687
KZW,KATAR SINGHWALA,Punjab,NR,30.154130000000002,75.01084399999999
KZTW,KULITTURAI WEST,Tamil Nadu,SR,8.323734,77.209792
LNH,Lachhmangarh Sikar,Rajasthan,NWR,27.832586,75.034114
KUTI,Khumtai,Assam,NFR,26.626403999999997,93.86427300000001
LDE,Lokdhikhera,Madhya Pradesh,SECR,21.582533,78.855877
LDD,Ladkhed,Maharashtra,CR,,
KZC,Kulukkalur,Kerala,SR,10.868287,76.23944300000001
LDM,Ledarmer,Rajasthan,NWR,25.055439,72.34701899999999
LFG,Lower Haflong,Assam,NFR,,
LGN,Lehgaon,Maharashtra,CR,,
LKKA,Lal Kuan,Uttarakhand,NER,,
LMB,Limbara,Gujarat,WR,,
KYI,Kalyani,West Bengal,ER,22.969219,88.467499
KUDN,Kudni,Punjab,NR,29.777708816700002,75.8447011951
KXT,Ketti,Tamil Nadu,SR,11.381409,76.736915
LIR,Lachmipur,,NER,27.25415,83.379037
LIG,Linga,Madhya Pradesh,SECR,21.963575000000002,78.936403
LDK,Ladhuka,Punjab,NR,30.49849,74.119614
KYBR,Khairatiya Bandh Road,Uttar Pradesh,NER,28.272292,81.081765
LEDO,Ledo,Assam,NFR,27.288435,95.725374
LBO,Latabor,Chhattisgarh,SECR,20.789828,81.26577
KYY,Kariha,Punjab,NR,31.146278,76.068043
KYS,Kusumkasa,Chhattisgarh,SECR,20.637273,81.087812
KTYR,Kottaiyur,Tamil Nadu,SR,10.112077,78.786317
LGL,Lalgola,West Bengal,ER,24.421152,88.257513
KVH,Khambhel,Gujarat,WR,23.610866,72.042973
LKN,LAKHMINIA,Bihar,ECR,25.426072,86.309269
LNP,LANGARPETH,Maharashtra,CR,17.084723,74.96712500000001
LMNR,LAKSHMIBAI NAGAR,Madhya Pradesh,WR,22.742296,75.858526
LHBK,LOTHAL BHURKI,Gujarat,WR,22.55299,72.222393
LPNR,LAJPAT NAGAR,Delhi NCT,NR,28.57927,77.244136
MCPK,Chepauk,Tamil Nadu,SR,13.061372,80.28015
LSR,LASUR,Maharashtra,SCR,19.926081,75.01148900000001
LNA,LAMANA,Rajasthan,NWR,26.244934,74.46563
LOG,LOHGARA,Uttar Pradesh,NCR,25.250449999999997,81.73019000000001
LBTL,Lebutala,West Bengal,ER,22.666791,88.640107
LTD,LATHIDAD,Gujarat,WR,22.090056,71.702802
LLU,LALRU,Punjab,NR,30.479756,76.7941
LPJ,LALPUR JAM,Gujarat,WR,22.194537580600002,69.9524202618
LPU,Lakhpuri,Maharashtra,CR,,
LSN,Lasina,Maharashtra,CR,,
LTA,Lamta,Madhya Pradesh,SECR,22.1390377316,80.1244293225
LHA,LEHRA GAGA,Punjab,NR,29.937832,75.810079
RRME,RANCHI ROAD,,ECR,23.665992000000003,85.51160300000001
LKSH,LAKSHMINARAYANAPURAM,Andhra Pradesh,SCR,16.600703,81.592567
MARD,Mavur Road,Tamil Nadu,SR,,
MAX,Mangudi,Tamil Nadu,SR,,
LWR,ALNAVAR JN,Karnataka,SWR,15.424244,74.738116
MBH,Mobha Road,Gujarat,WR,,
LKZ,LAKADIYA,Gujarat,WR,23.339664,70.58674500000001
LTR,LAKHTAR,Gujarat,WR,22.873403,71.77672700000001
LPR,LILAPUR ROAD,Gujarat,WR,22.954447,71.862567
LMO,LILIYA MOTA,Gujarat,WR,21.540317,71.372863
LMN,Lachhmanpur,Uttar Pradesh,NR,26.050472,81.25726300000001
LPN,LAOPANI,Assam,NFR,26.2003076494,92.59598917299999
LKA,LANKA,Assam,NFR,25.914426,92.958001
MCPT,Chintadripet,Tamil Nadu,SR,13.07406,80.274188
LKG,LAMSAKHANG,Assam,NFR,25.796536,93.046846
LCT,LANGCHOLIET,Assam,NFR,25.759322935,93.3046356757
LPTA,LONGPATIA,Assam,NFR,27.0797307213,95.0953363135
LHL,LAHOAL,Assam,NFR,27.4525,94.999525
MANU,Manu,Tripura,NFR,23.9881925448,91.9989317505
MAK,Mallikpur,West Bengal,ER,22.396985,88.43331500000001
LKW,Lakhewali,Punjab,NR,30.447834,74.341781
LNO,Lohna Road,Bihar,ECR,26.220882,86.229057
LHW,Loharwara,Rajasthan,NWR,27.19839,75.67687000000001
LTK,Lathikata,Orissa,SER,22.131808,84.89496100000001
LRI,Lihuri Halt,Andhra Pradesh,ECoR,18.913242,83.849833
LHLL,Lahli,Haryana,NWR,28.854316999999998,76.44533799999999
LCH,Linch,Gujarat,WR,23.526717930500002,72.3554837085
MDR,MADHIRA,Andhra Pradesh,SCR,16.921826,80.366849
MDB,MANDOR,Rajasthan,NWR,26.350708,73.042126
TUY,THIRUTHURAIYUR,Tamil Nadu,SR,11.823788,79.534813
MDL,MANDAL,Rajasthan,NWR,25.439631738299997,74.59395891049999
MDPR,MODPUR,Gujarat,WR,22.2625878623,69.81170376339999
MDRA,MEDRA,Gujarat,WR,23.13609,72.712778
MFR,Mandla Fort,Madhya Pradesh,SECR,22.586017,80.355908
MDHA,Madhada,Gujarat,WR,21.608000903100002,71.90539757810001
MDNP,Madanpur Halt,Jharkhand,ER,,
MAUR,MAUR,Punjab,NR,30.062745999999997,75.22772
MDF,MURADI,West Bengal,SER,23.593092000000002,86.80929
MDLA,MUNDLANA,Haryana,NR,29.212025,76.757452
MEM,MAU AIMMA,Uttar Pradesh,NR,25.698324,81.91377
MEQ,MALETHU KANAK,Uttar Pradesh,NR,26.60377,82.124891
MBS,MADHOSINGH,Uttar Pradesh,NER,25.249931,82.552278
MDVB,Mandar Vidyapith Halt,Bihar,ER,24.8344029798,87.0202584961
MCF,Manik Chauree Halt,Chhattisgarh,SECR,21.004164000000003,81.783198
MCU,Mulacalacheruvu,Andhra Pradesh,SCR,13.802188000000001,78.26482899999999
MD,MADAR,Rajasthan,NWR,26.465014,74.68722700000001
MBNL,Marwar Bhinmal,Rajasthan,NWR,25.000632999999997,72.275398
MADR,MADURE,Maharashtra,KR,15.812975,73.80896700000001
MANK,MANKI,Karnataka,KR,14.1744388792,74.4932361584
MGR,Munger,Bihar,ER,,
MAJN,MANGALORE JN,Karnataka,SR,12.866193,74.88006
MBY,MANDI DABWALI,Haryana,NWR,29.966227,74.700155
MGX,Mailongdisa,Assam,NFR,,
MAHE,MAHE,Puducherry,SR,11.699226999999999,75.546967
MDD,MALAD,Maharashtra,WR,19.187089,72.84917
MGKM,Mungiakami,Tripura,NFR,23.8838302513,91.7101089758
MDLE,Mandar Hill,Bihar,ER,24.8060780645,87.02615830570001
AJL,Ajitwal,Punjab,NR,30.807611,75.33981800000001
MDBP,Madhabpur,West Bengal,ER,22.119207,88.347323
AJN,Ajnod,Madhya Pradesh,WR,22.931326000000002,75.738947
MDGR,Manendragarh,Madhya Pradesh,SECR,23.219746999999998,82.197734
MG,Modelgram,Punjab,NR,30.891527,75.83618299999999
MEE,Methai,,ECR,25.907006000000003,86.72458900000001
MEW,Marhaura,Bihar,NER,25.969081,84.850984
LYD,Layabad,Jharkhand,SER,23.773417,86.351907
MIJ,Majhdia,West Bengal,ER,23.414561999999997,88.719031
MBW,Malwara,Rajasthan,NWR,24.7994691685,72.26700809939999
MHC,Masrakh,Bihar,NER,26.1022287466,84.8085433154
MGVK,Malegaon Vyenku,Maharashtra,SECR,21.37586,78.956134
MFM,MAHALAM,Punjab,NR,31.018428,74.706748
MET,MALERKOTLA,Punjab,NR,30.529403,75.87169200000001
MHOW,Mhow,Madhya Pradesh,WR,22.55518,75.771097
MINA,MIYANA,Madhya Pradesh,WCR,24.85653,77.472164
MIQ,MIRHAKUR,Uttar Pradesh,NCR,27.151203539700003,77.8660122473
MLSR,Malsar,Gujarat,WR,21.88940753391553,73.31641039811075
MKP,MANIKPUR JN,Uttar Pradesh,NCR,25.063492,81.09365700000001
MES,MADURAI EAST,Tamil Nadu,SR,9.908505,78.134188
MHRL,Mahrail,Bihar,ECR,26.294081000000002,86.284783
MGLE,MANIGRAM,West Bengal,ER,24.3428549076,88.107881626
MLH,MANAKLAO,Rajasthan,NWR,26.485986,73.003204
VV,VALIVADE,Maharashtra,CR,16.703574,74.298965
MKI,BAPUDHAM MOTIHARI,Bihar,ECR,26.655520000000003,84.90525
MHL,MAHWAL,Bihar,ECR,26.301858406599997,85.12631435489999
MHMB,MAHIMBA,Maharashtra,SCR,19.419884999999997,78.076322
AJP,AJJAMPUR,Karnataka,SWR,13.7283327,76.0097415
MHDP,Mahadevpara,Gujarat,WR,23.677025,72.949202
MIRA,MIRA ROAD,Maharashtra,WR,19.280299,72.856072
MJO,MAJORDA,Goa,KR,15.314045,73.922408
MGRR,MAGARPUR,Uttar Pradesh,NCR,25.322705000000003,78.858785
MJE,MUJNAL,West Bengal,NFR,26.693327999999998,89.191957
MKRL,Moti Koral,Gujarat,WR,,
MIH,MIHRAWAN,Uttar Pradesh,NR,25.871178,82.694333
MM,MUMBAI MAHIM JN,Maharashtra,WR,19.040547,72.84687600000001
MJS,MANJESHWAR,Kerala,SR,12.724197,74.887582
MGAE,Morgram,West Bengal,ER,24.304919,88.018413
MNGT,MYSORE NEW GOOD,Karnataka,SWR,12.338553999999998,76.642542
MHU,Manheru,Haryana,NWR,28.701227,76.203117
MJN,Makum Junction,Assam,NFR,27.485742,95.440958
MLHS,Light House,Tamil Nadu,SR,13.044645999999998,80.276539
MGM,Muragacha,West Bengal,ER,23.529636,88.421243
MNGV,Mota Miya Mangrol,Gujarat,WR,,
MNLI,Manali Halt,Tamil Nadu,SR,,
MNDY,Mandaveli,Tamil Nadu,SR,13.027861000000001,80.260507
MHAD,Mohadi Pragane Laling,Maharashtra,CR,20.863002,74.77978399999999
MIW,Mighauna,Uttar Pradesh,NER,28.24322,79.826515
MIO,Molisar,Rajasthan,NWR,28.13104,74.739025
MHUA,Mahudha,Gujarat,WR,22.817129,72.946947
MLKH,Mulewal Khaihra,Punjab,NR,31.102966,75.29969399999999
MNME,Manamadurai East,Tamil Nadu,SR,9.697777,78.45434999999999
MJV,Manjhagarh,Bihar,NER,26.417226,84.504257
MOTC,MOTICHUR,Uttarakhand,NR,29.981150000000003,78.177678
MLHA,MALIYA HATINA,Gujarat,WR,21.15957,70.29970100000001
MLB,MODNIMB,Maharashtra,CR,17.9165477096,75.4055439008
MNL,MINCHNAL,Karnataka,SWR,16.971395,75.822432
MKH,MALAKHERA,Rajasthan,NWR,27.390236,76.618982
MLG,MALHARGARH,Madhya Pradesh,WR,24.265618,74.972666
MKD,MARKUNDI,Madhya Pradesh,WCR,25.017393,80.947114
MUE,MUDKHED,Maharashtra,SCR,19.148087,77.509661
MNDR,MANDI DHANAURA,Uttar Pradesh,NR,28.953119,78.26149799999999
MLGT,MALLAPPA GATE,Andhra Pradesh,SCR,15.225027,77.387152
MNQ,MAINPURI,Uttar Pradesh,NCR,27.216507,79.034774
MLSA,MALLASANDRA,Karnataka,SWR,13.335173,77.015018
MKS,Muktsar,Punjab,NR,30.47821,74.514271
MQW,Mallannagar,Uttar Pradesh,NER,,
MRD,Manund,Gujarat,WR,,
MPLR,MAHIPAL ROAD,West Bengal,ER,24.2875453877,88.1911711557
MKLI,MAKRAULI,Haryana,NR,28.946971,76.62755
MNO,MEHNAR ROAD,Bihar,ECR,25.654307800700003,85.504477691
MRU,MUMBAI MATUNGA ROAD,Maharashtra,WR,19.028606,72.847143
MMC,MAHAMANDIR,Rajasthan,NWR,26.3087448868,73.037935174
MMY,MARWAR MATHANYA,Rajasthan,NWR,26.532173,72.978778
MTHP,MITHAPUR,Gujarat,WR,22.411601,69.00869499999999
MON,Modran,Rajasthan,NWR,25.187428,72.447631
MNZ,MANANI,Uttar Pradesh,NR,29.884915,77.498609
AJRE,AUJARI,Assam,NFR,26.1446457224,92.266800144
MLN,MAILANI,Uttar Pradesh,NER,28.284349000000002,80.347318
MNS,Manshahi,Bihar,NFR,25.4756828749,87.5881226697
MRJD,Marajdwa,Bihar,ECR,27.043053,84.60191599999999
MLX,Mullanpur,Punjab,NR,30.83811,75.66501600000001
MSQ,Marwar Ratanpur,Gujarat,NWR,24.67822,72.142853
MMG,Madhyamgram,West Bengal,ER,22.693938,88.45225400000001
MPML,Mohapani Mal,Madhya Pradesh,SECR,21.812143,78.910005
MLTR,Melattur,Kerala,SR,11.06543,76.272805
MQQ,Markahandi U Halt,Madhya Pradesh,SECR,22.049857000000003,79.191328
MQS,Malsian Shahkot,Punjab,NR,31.110293,75.354756
MKDN,Morkadhana,Madhya Pradesh,CR,22.11073,78.501566
MSZ,MANSA,Punjab,NR,29.989694999999998,75.402584
MPLE,MAHIPAL,West Bengal,ER,24.30631,88.162107
MQL,MIRKHAL,Maharashtra,SCR,19.2036411097,76.9150573724
MTJR,MOTERJHAR,Assam,NFR,26.133968,89.864509
MSOD,MASODHA,,NR,26.709217000000002,82.12533900000001
MTJL,Motijheel,Madhya Pradesh,NCR,26.249743000000002,78.142209
MSDH,MASNADIH,,ECR,26.958112,84.832613
MSP,MANSURPUR,Uttar Pradesh,NR,29.355377,77.719182
MVJ,MAVLI JN,Rajasthan,NWR,24.794585,73.973721
NBA,Nabha,Punjab,NR,30.363819,76.14639600000001
MUT,MEERUT CANT,Uttar Pradesh,NR,29.015997000000002,77.686937
MWT,MARWAR LOHWAT,Rajasthan,NWR,26.981256000000002,72.58927
MTC,MEERUT CITY,Uttar Pradesh,NR,28.977610000000002,77.675106
MUD,MURADNAGAR,Uttar Pradesh,NR,28.759017,77.506774
MSRP,MURHESI RAMPUR,Uttar Pradesh,WCR,27.412426,77.62741799999999
MTFA,MERTALA PHALEYA,West Bengal,ER,23.479665999999998,88.319686
MRL,MAROLI,Gujarat,WR,21.019949,72.88999799999999
MQ,Mannargudi,Tamil Nadu,SR,10.674541000000001,79.455639
MP,MELAPPALAIYAM,Tamil Nadu,SR,8.7067184087,77.7018564789
MSD,BOMBAY MASJID,Maharashtra,CR,18.952385,72.838561
MTAP,Matania Anantpur,West Bengal,ER,,
MWW,MAHWA,Rajasthan,NWR,27.483719999999998,76.60887100000001
MX,Mumbai Mahalakshmi,Maharashtra,WR,18.982103,72.823908
MTT,Mutupet,Tamil Nadu,SR,,
MYA,MANDYA,Karnataka,SWR,12.529176,76.897256
MULK,MULKI,Karnataka,KR,13.068517,74.804962
MTMY,Thirumayilai,Tamil Nadu,SR,13.03497,80.267038
MRTL,MIRTHAL,Punjab,NR,32.112895,75.608482
MXO,MORTHALA,Rajasthan,NWR,24.502604961899998,72.8034186484
MT,Matera,Uttar Pradesh,NER,27.784934,81.55344699999999
MOBD,Moabund,Assam,NFR,26.66857,94.071748
MSDL,Mahisadal,West Bengal,SER,22.176298999999997,88.010799
MRG,Margherita,Assam,NFR,27.289315000000002,95.6726
MOM,Maman,Uttar Pradesh,NR,28.330372,77.86108700000001
MTCN,Triplicane,Tamil Nadu,SR,13.054862,80.28020599999999
MUPA,MUPA,Assam,NFR,25.368686,93.122747
NNKR,Nanaksar,Punjab,NR,30.803353,75.419984
MZRT,Murtajapur Town,Maharashtra,CR,,
MPUE,MAINPURI KACHRI,Uttar Pradesh,NCR,27.227142,79.06563200000001
MUZ,MOHIUDDINPUR,Uttar Pradesh,NR,28.885405000000002,77.621531
NADA,Nada,Gujarat,WR,,
NBGH,Nowbagh,Maharashtra,CR,,
NEI,NEOLI,Maharashtra,CR,18.387703000000002,76.303949
MWM,MALLESWARAM,Karnataka,SWR,13.001289,77.56320699999999
NGLT,NAGLATULA,Rajasthan,NCR,26.92382,77.421273
MVO,MANWATH ROAD,Maharashtra,SCR,19.358161,76.534516
NGE,NAGAR,Chhattisgarh,SECR,23.315091,82.459164
MXH,MAKHU,Punjab,NR,31.105935,74.983505
NCR,Nagore,Tamil Nadu,SR,10.818430000000001,79.846188
MZL,MIRZAPALI,Andhra Pradesh,SCR,18.017962999999998,78.41529899999999
KKG,KEKATUMAR,Maharashtra,SCR,20.012339,77.10081100000001
MWX,MALLANWALA KHAS,Punjab,NR,31.0470049078,74.8134271344
MXY,MAHUARIYA,Uttar Pradesh,ECR,24.227740021099997,83.3105186481
MZHL,MAJHAOLI,Madhya Pradesh,WCR,24.136642000000002,82.37057999999999
MYL,MALLIYALA,Andhra Pradesh,SCR,15.397805,77.77675500000001
NGR,ANNIGERI,Karnataka,SWR,15.432164,75.43085099999999
MWJ,MARWASGRAM,Madhya Pradesh,WCR,24.098212,81.836685
NDNI,Nidhani,Madhya Pradesh,SECR,22.576568,80.008415
MZW,MANJHWE,Bihar,ECR,24.814294,85.306631
MYU,MAYANOOR,Tamil Nadu,SR,10.954704000000001,78.23651100000001
NGA,NINGALA JN,Gujarat,WR,22.0252,71.70935200000001
NIG,NAIGAON,Maharashtra,WR,19.350875,72.845954
NAN,NANDGAON ROAD,Maharashtra,KR,16.387453999999998,73.73056000000001
MXN,MARIANI JN,Assam,NFR,26.652434999999997,94.30820299999999
MUGN,MAHUTGAON,Assam,NFR,26.962757,94.79288199999999
NAM,NAMRUP,Assam,NFR,27.19627,95.313642
MVG,MALIGURA,Orissa,ECoR,18.953174999999998,82.638614
NGX,Nigan,West Bengal,ER,,
MUH,Murthiha,Uttar Pradesh,NER,28.030462,81.37814700000001
MTP,Mettupalayam,Tamil Nadu,SR,11.299729,76.934533
NCP,Nishchindapur,West Bengal,ER,21.973426,88.214325
MYHT,Mayurhat,West Bengal,ER,23.363017,88.661013
NKL,Nalikul,West Bengal,ER,22.829712999999998,88.16622600000001
MVC,Mavinkere,Karnataka,SWR,12.816193,76.201872
NHY,NAGANAHALLI,Karnataka,SWR,12.380243,76.651081
NDAE,NABADWIP DHAM,West Bengal,ER,23.396593,88.356472
NPRD,NAGPUR ROAD,Chhattisgarh,SECR,23.279379000000002,82.349049
NPM,NELLAIKUPPAM,Tamil Nadu,SR,11.775944,79.66476800000001
NGNT,NEW GUNTUR,Andhra Pradesh,SCR,16.3100404,80.4582228
NLRD,NECKLACE ROAD,Andhra Pradesh,SCR,17.423337999999998,78.46287099999999
NBE,New Barrackpore,West Bengal,ER,22.687235,88.444755
NAS,Nasrala,Punjab,NR,31.497981000000003,75.84640800000001
NGRT,NAGROTA,Himachal Pradesh,NR,32.108728,76.38879399999999
AJTM,AJITGILL MATTA,Punjab,NR,30.483469,74.863795
NID,NIDUR,Tamil Nadu,SR,11.127231,79.645074
NED,HUZUR SAHIB NANDED,Maharashtra,SCR,19.160522,77.31047799999999
NDE,NANDRE,Maharashtra,CR,16.964028561899998,74.5590299896
NGT,NAGAPPATTINAM,Tamil Nadu,SR,10.759221,79.845998
NPK,NORTH PANAKUDI,Tamil Nadu,SR,8.315971,77.582174
AKE,AKANAPET,Andhra Pradesh,SCR,18.110863,78.39630899999999
NPV,Narpatganj,Bihar,ECR,,
NRKE,Nari Khetri,Rajasthan,NWR,,
NDPR,NANDAPUR,Maharashtra,SCR,19.5948820434,77.2376282849
NMZ,NEW MAL JN,West Bengal,NFR,26.87368,88.724837
NHM,NANDOL DEHEGAM,Gujarat,WR,23.17417,72.815845
NEM,NEMEM,Kerala,SR,8.455233,77.009693
NDU,Nadauj,Bihar,ECR,25.296538788200003,85.0173352112
RJU,Rajula City,Gujarat,WR,21.046574999999997,71.45597599999999
NMKA,Namkhana,West Bengal,ER,21.772235000000002,88.239558
NRM,Nurmahal,Punjab,NR,31.081588999999997,75.601431
NBPH,New Balarampur Halt,West Bengal,ER,24.051233,88.24737400000001
PALI,Pali,Rajasthan,NWR,28.177004,76.450856
NWA,Nagarwara,Madhya Pradesh,SECR,22.210719843299998,80.12340101560001
NYM,Neyamatpur,,ECR,24.937206,84.988344
NNL,Narnaul,Haryana,NWR,28.044396,76.123133
NGAN,Nagaon,Assam,NFR,26.356211990000002,92.67253075
NRPM,Narayanpur Murli Halt,Bihar,ECR,,
NVC,NAGALWANCHA,Andhra Pradesh,SCR,17.07433,80.228517
NRUR,Nareshwar Road,Gujarat,WR,,
NRWI,Narwasi,Rajasthan,NWR,,
NRGR,NARANJIPUR,Madhya Pradesh,WR,23.047142090399998,76.00915947140001
NSP,NALLA SOPARA,Maharashtra,WR,19.418238000000002,72.819464
NUPR,NURPUR ROAD,Punjab,NR,32.281043,75.852903
NUIH,Neuri Halt,Bihar,ECR,,
NXR,Nagsar,Uttar Pradesh,ECR,,
PAPM,PALAT POTARAM,Andhra Pradesh,SCR,17.7900915824,78.4544374475
NPT,NARASINGAMPET,Tamil Nadu,SR,11.034797000000001,79.511398
NSU,NISUI,Uttar Pradesh,NR,28.290931,79.236446
NKE,NARKATIAGANJ JN,Bihar,ECR,27.105035,84.464045
NMGT,NIMSHIRGAON TAMDALGE,Maharashtra,CR,16.769023999999998,74.486113
NNO,NANGLOI,Delhi NCT,NR,28.686261000000002,77.05696599999999
NSL,NAGARSOL,Maharashtra,SCR,20.102455,74.541646
NRW,NARWANA JN,Haryana,NR,29.588632,76.109286
NMJ,NIDAMANGALAM,Tamil Nadu,SR,10.773563999999999,79.412736
NLH,NAULTHA,Haryana,NR,29.318787999999998,76.889707
NWB,NIWAS ROAD,Madhya Pradesh,WCR,24.053618,82.013256
NPX,NARINDARPURA,Punjab,NR,29.951767,75.476271
NTG,NURSRATABAD KHARKHAR,Uttar Pradesh,NR,28.775277,77.307785
PASG,Panisagar,Tripura,NFR,24.27276,92.149035
NLSF,NIYALISH PARA,West Bengal,ER,24.156525000000002,88.246367
PDE,Pindrai,Madhya Pradesh,SECR,22.511799793599998,80.0462042108
NNN,NANGUNERI,Tamil Nadu,SR,8.4891,77.66259199999999
ODM,ONDAGRAM,West Bengal,SER,23.147973999999998,87.202275
NYH,NAYANDAHALLI,Karnataka,SWR,12.941162,77.520696
NNGE,NARANGI,Assam,NFR,26.182961000000002,91.83577600000001
NTSK,NEW TINSUKIA JN,Assam,NFR,27.479748,95.334128
AKI,ADARKI,Maharashtra,CR,17.918333,74.189651
NMA,Nirmali,Bihar,ECR,26.305325,86.57461500000001
NS,Narasapur,Andhra Pradesh,SCR,16.445891,81.699909
NLD,Nalanda,Bihar,ECR,25.122359,85.46277400000001
SSC,Shahi,Uttar Pradesh,NER,28.588172999999998,79.69100300000001
NKX,NAKTISEMRA,Chhattisgarh,ECoR,19.062273,82.07392999999999
OTD,Ootwar,Rajasthan,NCR,27.626063,76.73256
PDRA,Padra,Gujarat,WR,22.237238915003488,73.09017872437835
OD,Od,Gujarat,WR,22.65471,73.07946299999999
NUA,Nua,Rajasthan,NWR,28.058125832368518,75.28570594266057
TUV,Tuvvur,Kerala,SR,11.120495,76.282913
NSF,Nasibpur,West Bengal,ER,22.804834999999997,88.262036
NRPR,Narendrapur Halt,West Bengal,ER,22.453419999999998,88.41769
NJA,Nagjua,Jharkhand,SER,23.3782939954,84.9668384277
NNU,Nangal Mundi,Haryana,NWR,28.250468,76.499193
BHJA,Bheja,Orissa,ECoR,18.47264914,82.68546380999999
NTA,Netra,West Bengal,ER,22.208105,88.25409499999999
PDPK,PADMAPUKAR,West Bengal,SER,22.5683088157,88.3062197015
PCP,PALSAP,Maharashtra,CR,18.357557,76.191169
PDNR,PADNUR,Karnataka,SWR,17.3223703821,75.9846818945
PARD,PATHRAD,Maharashtra,SCR,19.18427,77.39203
PALR,PALUR,Tamil Nadu,SR,12.766651,79.90699699999999
PKRD,PAKARA ROAD,Madhya Pradesh,WCR,24.0512,80.505599
PGR,PUGALUR,Tamil Nadu,SR,11.051701999999999,77.99070900000001
NWR,NIWAR,Madhya Pradesh,WCR,23.7204627184,80.3695901074
OKHA,OKHA,Gujarat,WR,22.470959999999998,69.073775
OKD,OKHA MADHI,Gujarat,WR,22.0956416097,69.1038005835
NRO,Nakodar Junction,Punjab,NR,31.111697,75.47560800000001
NTR,NITTUR,Karnataka,SWR,13.3016546778,76.8558716895
PGK,PILI BANGAN,Rajasthan,NWR,29.483825,74.079282
PEE,Paterhi,Bihar,NER,25.923565,84.80548800000001
NTZ,NATHWANA,Rajasthan,NWR,28.563319,73.813703
NUD,NAVAGADH,Gujarat,WR,21.764344,70.61672100000001
PKZ,PIPLI PAKHI KALAN,Punjab,NR,30.732663,74.732879
PIH,Parhihara,Rajasthan,NWR,27.926801,74.559809
NVRD,NAVADE ROAD,Maharashtra,CR,19.052388999999998,73.102716
OND,Aunlajori Junction,Orissa,SER,22.440956,86.16420749999999
NTW,NANJANGUD TOWN,Karnataka,SWR,12.12211,76.68442999999999
PL,Mumbai Lower Parel,Maharashtra,WR,18.994919,72.82961999999999
NVL,Neyveli,Tamil Nadu,SR,11.538814,79.47622299999999
OBR,OBRA DAM,Uttar Pradesh,ECR,24.438661,82.975949
PCX,Pagla Chandi,West Bengal,ER,23.743195,88.303969
PDKT,Pudukkottai,Tamil Nadu,SR,10.372456999999999,78.801946
PED,Pipardahi,Madhya Pradesh,SECR,22.052145,79.41266
NZT,Nazareth,Tamil Nadu,SR,8.563997,77.976271
PHU,Pahur,Maharashtra,CR,,
PIJ,Pij,Gujarat,WR,,
PKP,Pallikkara,Kerala,SR,,
PCC,Prachi Road Junction,Gujarat,WR,20.988298,70.68701800000001
PKT,Pattukottai,Tamil Nadu,SR,,
AKK,Akkihebbalu,Karnataka,SWR,12.62489,76.37759799999999
PEC,Pencharthal,Tripura,NFR,24.196225,92.10823
NSS,Nawanshahr Doaba Junction,Punjab,NR,31.1213,76.108571
KRSW,Kohar Singhwala,Punjab,NR,30.76024,74.44582399999999
PKGM,Phakhoagram,Assam,NFR,24.641534,92.342438
PJLE,Panjwara Road,Bihar,ER,24.8770456448,87.0136837024
PHS,Ferozeshah,Punjab,NR,30.887454,74.78411
PHX,PATHAKPUR,Uttar Pradesh,NR,28.369685,78.580494
PRDP,Paradip,Orissa,ECoR,20.280364,86.62014099999999
PCR,PANCHRA,West Bengal,ER,23.771990000000002,87.330151
PMYA,PARMINIYA HALT,Bihar,ECR,25.826562590800002,86.59504241879999
PDH,PADADHARI,Gujarat,WR,22.429596,70.60534299999999
PMI,PAIMAR,Bihar,ECR,24.806929,85.112409
PG,PERGAON,Maharashtra,SCR,19.294984,76.67346400000001
PIZ,PINGLI,Maharashtra,SCR,19.21840134,76.8577266418
PDQ,PADLA,Rajasthan,NWR,24.306134999999998,73.778291
PCT,PANCHTALAVDA ROAD,Gujarat,WR,21.662813,71.474264
PGL,PAGDHAL,Madhya Pradesh,WCR,22.42054,77.351451
PHI,PANIKHAITI,Assam,NFR,26.2119648863,91.8757005432
PIRO,Piro,Bihar,ECR,25.321358352999997,84.4205444342
PML,PAPANASAM,Tamil Nadu,SR,10.922767,79.26854200000001
PMM,PARSEHRA MAL,Uttar Pradesh,NER,27.729917,80.72917899999999
PNYA,PANIAHWA,,NER,27.167486,83.933839
PMK,PARAMAKKUDI,Tamil Nadu,SR,9.539071,78.591131
PR,MUMBAI PAREL,Maharashtra,CR,19.009045,72.83750400000001
PBA,PIARDOBA,West Bengal,SER,22.956881,87.322164
PGTN,PALGHAT TOWN,Kerala,SR,10.7753892,76.65216699999999
PNVL,PANVEL,Maharashtra,CR,18.990918999999998,73.121756
PAZ,PAYANGADI,Kerala,SR,12.021507999999999,75.2596
PEU,PERSSANNUR,Kerala,SR,10.840824,76.065488
PFT,Pothahi,Bihar,ECR,25.486605,85.098643
PMGN,Pimpalgaon,Maharashtra,CR,,
POHE,Pohe,Maharashtra,CR,,
PPV,Pratapganj,Bihar,ECR,,
PLF,Piali,West Bengal,ER,22.388254,88.51744099999999
PRGT,Pargothan,Maharashtra,CR,,
PRKA,Parikha,Gujarat,WR,,
PRNC,Purnia Court,Bihar,ECR,,
PIL,Piler,Andhra Pradesh,SCR,13.662347,78.927499
PIT,Palitana,Gujarat,WR,21.538300999999997,71.82319700000001
PNCB,Pancheberia,West Bengal,ER,23.221017,88.599435
PLC,Phalodi Junction,Rajasthan,NWR,27.124794,72.366743
PAVI,Pavi,Gujarat,WR,22.342282,73.840166
PHWR,Pehowa Road,Haryana,NR,29.88477778,76.6204606189
PPB,Partabpura,Punjab,NR,31.052119,75.71438400000001
PLH,Parlakhemundi,Orissa,ECoR,18.786579,84.08063800000001
PDX,Payradanga,West Bengal,ER,23.128660999999997,88.545481
PDS,Pindarsi,Haryana,NR,29.9189828048,76.70440469360001
PCO,Palayankottai,Tamil Nadu,SR,8.709862,77.738083
PMO,Pandoli,Rajasthan,NWR,24.866567,74.39939700000001
PQE,Pawapuri Road,Bihar,ECR,25.159209999999998,85.511715
PNGM,PANCHGRAM,Assam,NFR,24.864358,92.598318
PLS,PIPALSANA,Uttar Pradesh,NER,28.952153,78.83533
PJR,PANGRI,Maharashtra,CR,18.283703174,75.86677300480001
PLMX,PALAMPUR HIMACHAL,Himachal Pradesh,NR,32.069052,76.54001000000001
PRU,PARLU,Rajasthan,NWR,25.823775,72.4319
PJH,Pirjhalar,Madhya Pradesh,WR,23.2603976,75.5313135
PPLI,PIPLI,Gujarat,WR,22.345082,69.934426
PRTP,PARTAPUR,Uttar Pradesh,NR,28.925112000000002,77.648699
PYM,PANDIYAPURAM,Tamil Nadu,SR,8.855091,77.971557
PJA,PAJIAN,Punjab,NR,31.264295,75.288498
RAMP,Rampuri,Madhya Pradesh,SECR,22.410159,80.259304
PNGR,PINGORA,Rajasthan,WCR,27.087305999999998,77.37130900000001
PUE,Palari,Madhya Pradesh,SECR,22.301904,79.815973
PUF,Pauta,Uttar Pradesh,NER,28.4516032684,79.8118731085
PKDE,PILU KHERA,Haryana,NR,29.354607,76.49388
PLWR,Phulwaria,Uttar Pradesh,NER,26.4688026951,84.255615343
PNJ,Padriganj,Madhya Pradesh,SECR,22.3172086118,80.11383797849999
RAU,Rau,Madhya Pradesh,WR,22.633145,75.80494999999999
TIK,Tik,,NR,29.8508008993,76.52731516850001
PRDL,Paradol,Madhya Pradesh,SECR,23.25057,82.188481
TUA,TIRUNNAVAYA,Kerala,SR,10.874721,75.985675
PNPR,PUNNAPURA,Kerala,SR,9.449651,76.333771
PUPR,PUNNAPRA,Kerala,SR,9.423187,76.342348
PLP,PHULPUR,Uttar Pradesh,NR,25.552533999999998,82.091535
PRG,PRAYAG,Uttar Pradesh,NR,25.467939,81.867081
PMY,PALI MARWAR,Rajasthan,NWR,25.790692,73.327309
PRNG,Pritam Nagar,Madhya Pradesh,WR,,
PTG,Patna Ghat,Bihar,ECR,,
PTRT,Pathrot,Maharashtra,CR,,
PRTL,Pirtala,West Bengal,ER,24.359325000000002,88.28058300000001
PMQ,Parna Nand,Punjab,NR,32.169809,75.49578699999999
PVI,Peravurani,Tamil Nadu,SR,,
RAS,Ras,Gujarat,WR,,
PKO,Palakollu,Andhra Pradesh,SCR,16.522244,81.717145
POA,Palikona,Andhra Pradesh,SCR,16.061989,80.80435100000001
PSK,Paradsinga Halt,Madhya Pradesh,SECR,21.541244,78.854197
PTKD,Patharkandi,Assam,NFR,24.604506,92.31911
PKBS,Peeplee-ka-bas,Rajasthan,NWR,26.909188999999998,75.268809
PNSA,Punsia,Bihar,ER,24.9531673111,87.0037506653
KRSL,Krishnashilla,Uttar Pradesh,ECR,24.1550254,82.7684964
PTE,Patiala Cantt.,Punjab,NR,30.341138,76.379064
PLT,Pirthala Llauda,Haryana,NR,29.628831,75.866432
RHW,ROHIRA GHALUGHRA,Punjab,NR,30.6369312333,75.8416662744
PRKH,PARKANHATTI,Karnataka,SWR,16.140169,74.695447
RAKL,RETHORAKALAN,Madhya Pradesh,NCR,26.397857000000002,78.240156
RDI,KARDI,Karnataka,SWR,13.2673774949,76.5736995709
RKR,RANIKUND RARAH,Rajasthan,WCR,27.324191,77.55550000000001
RMGJ,RAMGANJ,Uttar Pradesh,NR,26.049173999999997,82.020731
PT,PATLI,Haryana,NR,28.399583000000003,76.85347200000001
POR,PIPALDA ROAD,Rajasthan,WCR,24.956611,76.616541
PTRD,PATAUDI ROAD,Haryana,NR,28.350738,76.755565
PSD,PARSODA,Maharashtra,SCR,19.953696573000002,74.8751352301
POZ,POTUL,Maharashtra,SCR,19.918567,75.12177700000001
PRKE,PURUA KHERA,Uttar Pradesh,NR,28.38702,78.94859100000001
RBK,REOTI BAHORA KHERA,Uttar Pradesh,NR,28.318709,79.107047
VMU,Vemuru,Andhra Pradesh,SCR,16.178119,80.743187
RDY,REDIPALAYAM,Tamil Nadu,SR,12.736973,79.94717999999999
PPKD,PAPRAKUND,Uttar Pradesh,ECR,24.42109,82.93171099999999
RAJP,RAJAPUR ROAD,Maharashtra,KR,16.635175,73.626565
RANI,RANI,Rajasthan,NWR,25.347582,73.31039
PPNS,PAPPINISSERY,Kerala,SR,11.941779,75.347422
PRZ,Parsa,Uttar Pradesh,NER,27.435147999999998,82.908499
PSLI,Parsoli,Rajasthan,WCR,25.113462000000002,74.875358
RAL,Repalle,Andhra Pradesh,SCR,16.019794,80.828736
RJQ,Rajendranagar,Madhya Pradesh,WR,22.670031,75.82954600000001
RHU,Rahon,Punjab,NR,31.059323805951863,76.10892366617918
RAHA,Raha,Assam,NFR,26.225359,92.522244
PRES,Pattabiram East,Tamil Nadu,SR,13.145847999999999,80.068704
RCTC,Raghunathpur,Orissa,ECoR,20.351679,86.14960500000001
PRBZ,Parsa Bazar,Bihar,ECR,25.550023,85.11887899999999
RGV,Rathopur,Bihar,ECR,,
PPCK,Pipalwali Chowk,Madhya Pradesh,NCR,26.266253,77.470826
RNIR,Rajnarainpur,Uttar Pradesh,NER,28.313863,80.418359
PPN,Punpun,Bihar,ECR,25.488229642500002,85.09876768800001
RBN,Raghubans Nagar,Bihar,ECR,25.756709,87.060056
RMO,Ramakona,Madhya Pradesh,SECR,21.684348999999997,78.826509
RAH,Ramgarh,Rajasthan,NCR,27.576612,76.811256
PTRJ,PATTI RAJPURA HALT,Himachal Pradesh,NR,32.068766000000004,76.53987000000001
PTWA,PATWARA,Madhya Pradesh,WCR,23.9143072844,80.4137045734
PUY,Phulaguri,Assam,NFR,26.270537,92.592784
RENH,RENHAT,Madhya Pradesh,WCR,25.979937999999997,77.83368499999999
RE,REWARI,Haryana,NWR,28.202779000000003,76.609414
RHG,RAJGARH,Rajasthan,NWR,27.240827,76.607541
RMH,RANGMAHAL,Rajasthan,NWR,29.405815999999998,73.974734
RA,RAMPARDA,Gujarat,WR,22.634966,71.352035
RGLI,RANGAULI,Uttar Pradesh,NCR,25.150233,79.887282
RMR,RAMNAGAR,Uttarakhand,NER,29.390223,79.12223900000001
RKI,RAMKANALI JN,West Bengal,SER,23.579891,86.76233599999999
QLM,KULEM,Goa,SWR,15.334036,74.24423
RRE,Rahul Road,Bihar,ECR,25.274192601499998,85.5309343896
RMSR,RAMSINGHPUR,Rajasthan,NWR,29.185337,73.39886600000001
PYOL,PAYYOLI,Kerala,SR,11.516715999999999,75.617595
RPB,Rupasibari,Assam,NFR,24.855344,92.529502
PUM,PALLIPPURAM,Kerala,SR,10.8413738184,76.1123604352
RGD,Rajgir,Bihar,ECR,25.033068999999998,85.41469699999999
RGS,Ringas Junction,Rajasthan,NWR,27.373379,75.56360400000001
RTBR,Ratabari,Assam,NFR,24.572086000000002,92.416927
RGJI,RANGJULI,Assam,NFR,25.988405,90.95595800000001
RPLY,Rupauli,Bihar,ECR,25.879328,87.057937
PW,Pirwa,Rajasthan,NWR,27.235415,74.46727399999999
RDG,Rayadurg,Andhra Pradesh,SWR,14.705815,76.856828
RPP,Ranu Pipri,Gujarat,WR,,
RJR,Rajaldesar,Rajasthan,NWR,28.033672,74.47771200000001
RPV,Rajapatti,Bihar,NER,26.1808149265,84.80838331540001
PUQ,Puranigudam,Assam,NFR,26.36319,92.78676899999999
PTRE,Patara,Uttar Pradesh,NCR,26.232167999999998,80.203446
RGJ,RaiGanj,West Bengal,NFR,25.619125,88.127696
TUD,Talodhi Road,Maharashtra,SECR,20.454247000000002,79.736073
RM,Rajmane,Maharashtra,CR,20.643085,74.941672
RMN,Raman,Punjab,NWR,29.959833999999997,74.96208800000001
RPHR,Raipur Hariyana Junction,Haryana,NR,29.158401,75.772834
QTP,Quatabpur,Haryana,NR,29.763968,76.349742
RBJ,Raibojha,Uttar Pradesh,NER,27.971208999999998,81.471651
RWH,Rowriah Sdg,Assam,NFR,26.721887,94.17244099999999
RWL,RAIWALA,Uttarakhand,NR,30.032143,78.209877
RPI,RUPAHELI,Rajasthan,NWR,25.771723,74.635807
RNA,ROHANA KALAN,Uttar Pradesh,NR,29.575725,77.68575799999999
RKD,RUKADI,Maharashtra,CR,16.724871999999998,74.356715
RNE,RANJANI,Maharashtra,SCR,19.646129,76.107028
RXRX,RANGAPAHAR CRS,Nagaland,NFR,25.868228,93.715179
SAG,SANGRUR,Punjab,NR,30.2437913998,75.8305174701
SAH,SAPHALE,Maharashtra,WR,19.576592,72.82182599999999
RUJ,RANUJ,Gujarat,WR,23.75937,72.21524
RNR,RANIBENNUR,Karnataka,SWR,14.625461,75.635054
RRB,BIRUR JN,Karnataka,SWR,13.591101,75.974749
RIGA,RIGA,Bihar,ECR,26.644544,85.425711
VMP,VALLAMPADUGAI,Tamil Nadu,SR,11.350091,79.708219
RMM,RAMESWARAM,Tamil Nadu,SR,9.280973,79.306787
SAZ,Samni,Gujarat,WR,21.852581313966382,72.92457042261958
RPMN,RAMPURMANI HARA,Uttar Pradesh,NR,29.8055980689,77.4598714294
SASN,SAS NAGAR MOHALI,Punjab,NR,30.666125,76.739952
RNBD,RANA BORDI,Gujarat,WR,21.714732,69.79191399999999
RKX,RUKHI,Haryana,NR,29.090127000000003,76.679535
RXW,Ratangarh West,Rajasthan,NWR,28.072785335054363,74.61020425893366
RNQ,RENUKUT,Uttar Pradesh,ECR,24.203558,83.039896
ROHA,ROHA,Maharashtra,CR,18.44649043,73.12357712000001
ROK,ROHTAK JN,Haryana,NR,28.890904,76.57955000000001
RLS,ROMANA ALBEL SINGH,Punjab,NR,30.510636,74.850048
RRS,Raghuraj Singh,Uttar Pradesh,NR,26.255836,80.87966899999999
RUR,RANPUR,Gujarat,WR,22.359871000000002,71.717303
RVT,Revelganj Ghat,Bihar,NER,,
RW,Rankua,Gujarat,WR,,
SAHA,Sarahula,Uttar Pradesh,ECR,,
SAD,Sonada,West Bengal,NFR,26.960337,88.273323
RJ,Rawat Ganj,Uttar Pradesh,NER,26.9578306035,83.2858752405
RGX,Raghunathbari,West Bengal,SER,22.353228,87.797247
RNJ,Runija,Madhya Pradesh,WR,23.06077,75.3768327
SAKA,Simariya Kajanwada,Madhya Pradesh,SECR,22.439466000000003,80.325116
SBGR,Subhas Gram,West Bengal,ER,22.413546,88.433753
RNV,Raniwara,Rajasthan,NWR,24.750455,72.204293
RRW,Roranwala,Punjab,NR,30.444112,74.25620300000001
RXN,Ramsan,Gujarat,NWR,24.405870999999998,72.035777
SCA,SALCHAPRA,Assam,NFR,24.827278,92.671939
RSJ,RAYSER,Madhya Pradesh,WCR,24.915225999999997,77.549884
SDPR,SARDAR PATEL ROAD,Delhi NCT,NR,28.595813,77.167107
SBD,SLEEMANABAD RD,Madhya Pradesh,WCR,23.614369,80.285208
SBM,SONBARSA KACHERI,Bihar,ECR,25.7938081327,86.59565906430001
RY,RAYAKA,Gujarat,WR,22.413052999999998,72.023569
SCN,SONDHA ROAD,Madhya Pradesh,NCR,26.498827,78.484558
BMPL,BRAHMANPALLI,Andhra Pradesh,SCR,17.832927985,78.4501792358
RUPC,RUDRAPUR CITY,Uttarakhand,NER,28.969281,79.379212
SALE,SALAR,West Bengal,ER,23.774579,88.111097
SELU,SELU,Maharashtra,SCR,19.448059999999998,76.43326400000001
SDGM,SARDARGRAM,Gujarat,WR,23.070758,72.641987
SHBA,SAHEBTALA,West Bengal,ER,23.591585,88.200996
SHRD,SAIJ SERTHA RD,Gujarat,WR,23.2126,72.520002
SINR,Sinor,Gujarat,WR,21.91134392138467,73.33612949587405
SAHR,SAHERI,Uttar Pradesh,NER,25.559103213,83.44911521
SIU,Singur,West Bengal,ER,22.814558,88.228712
RSYI,RASAYANI,Maharashtra,CR,18.894001999999997,73.151919
SED,SHEDBAL,Karnataka,SWR,16.720293,74.752769
SDRN,Shendurni,Maharashtra,CR,,
RSG,RAMSAGAR,West Bengal,SER,23.106248,87.277063
RZJ,RAZAGANJ,Uttar Pradesh,NER,27.994397,80.632889
SGBA,Sir Gurudas Banerjee Halt,West Bengal,ER,,
SHKY,Saharsa Kutchery Halt,Bihar,ECR,,
SHRG,Sri Ramgarh Halt,Rajasthan,NWR,,
SDMK,Sidmukh,Rajasthan,NWR,28.893890064746117,75.290472144261
SALI,SALI,Rajasthan,NWR,26.705766999999998,75.031546
SBNM,Subarnamrigi,West Bengal,ER,24.27321,88.292124
SHZ,Summer Hill,Himachal Pradesh,NR,31.107469,77.138165
RTR,RAMNATHPUR,Uttar Pradesh,NER,25.412362,82.017775
SIPA,Singhookharia,Jharkhand,SER,22.498243000000002,85.795126
RUSD,Runnisaidpur,Bihar,ECR,26.410576,85.519694
SDZ,Sindhar,Punjab,NR,31.110308,75.241169
SDF,Sudsar,Rajasthan,NWR,28.012356,73.785795
SDLP,Sadulpur Junction,Rajasthan,NWR,28.631138,75.386989
SFNR,Saifinagar Halt,Madhya Pradesh,WR,22.698715,75.85342399999999
SAWN,Sohansra,Haryana,NWR,28.4076088967,75.8605782111
SJM,Sajuma,Andhra Pradesh,NR,29.726968,76.296444
SEW,SEHAL,Uttar Pradesh,NER,28.918565,78.822659
SGRE,SULGARE,Maharashtra,CR,16.914611,74.909935
SJS,SHAMLAJI ROAD,Gujarat,NWR,23.621619,73.335655
SGP,SOHAGPUR,Madhya Pradesh,WCR,22.693813,78.194338
SEQ,SEKHA,Punjab,NR,30.380452,75.643764
SMC,Samnapur,Madhya Pradesh,SECR,21.9419101772,80.1564133228
MNHL,MAJHAIRAN HIMACHAL,Himachal Pradesh,NR,32.046378,76.60279299999999
SGLM,SENGULAM,Tamil Nadu,SR,8.607001,77.682861
DUB,DABTARA,Uttar Pradesh,NR,28.368424,78.991164
SHBL,SHIBLUN,West Bengal,ER,23.692561,88.082999
SIZ,Shrikhanda,West Bengal,ER,,
SJTR,Sojitra,Gujarat,WR,,
SKHK,Sukhasan Kothi,Bihar,ECR,25.841387,87.15210099999999
SEJ,SARKHEJ,Gujarat,WR,22.981944000000002,72.497486
SHC,SAHARSA JN,Bihar,ECR,25.875207999999997,86.594953
SHTT,Silghat Town,Assam,NFR,26.608902,92.929931
SGUT,SILIGURU TOWN,West Bengal,NFR,26.7073,88.42960699999999
SGUJ,SILIGURI JN,West Bengal,NFR,26.723204,88.413663
SJSM,Salemgarhmasani,Rajasthan,NWR,29.550109363942525,74.46238562464714
SCH,SACHIN,Gujarat,WR,21.077673,72.874083
SCPD,SUCHIPIND,Punjab,NR,31.343172,75.621561
SEV,SITHALAVAI,Tamil Nadu,SR,10.958125,78.27389099999999
SGR,SANGMESHWAR,Maharashtra,KR,17.201998999999997,73.546234
SGD,SONGADH,Gujarat,WR,21.728936,71.886759
SHK,SHEIKPURA,Bihar,ECR,25.132088,85.854024
SMDR,Simodara,Gujarat,WR,,
SMTN,Somthan,Maharashtra,CR,,
SMSR,Samaswara,Madhya Pradesh,SECR,22.048501,79.334804
SIKR,Sikar Junction,Rajasthan,NWR,27.616275,75.15337799999999
SHF,Shirud,Maharashtra,CR,20.735376,74.876271
SGS,Shoghi,Himachal Pradesh,NR,31.038759000000002,77.12423700000001
SHN,Suchan Kotli,Haryana,NWR,29.515832999999997,75.170322
SJPR,Surjyapur,West Bengal,ER,22.293128,88.466557
SMKR,Sham Kauria,Bihar,NER,26.035816445600002,84.8330358765
SGA,Shergarh,Punjab,NWR,30.080230999999998,74.947251
SLGE,SULERJAVALGE,Karnataka,SWR,17.45892,75.974841
AKVD,AKIVIDU,Andhra Pradesh,SCR,16.582653999999998,81.36905499999999
SQR,SULTANPUR LODI,Punjab,NR,31.211713,75.203016
SIF,SIRLI,Maharashtra,SCR,19.5087818977,77.21222487729999
SKF,SAKHOTI TANDA,Uttar Pradesh,NR,29.192626,77.71804900000001
SMQL,SHAMLI,Uttar Pradesh,NR,29.444596999999998,77.316231
SMBJ,SHRI MAHABIRJI,Rajasthan,WCR,26.684155,76.96766400000001
SLU,SASALU,Karnataka,SWR,14.226683,76.108388
SQK,Shankar,Punjab,NR,28.560827504028268,77.1402539871633
SMM,SALIYAMANGALAM,Tamil Nadu,SR,10.77933,79.275262
SKR,SAKHPUR,Gujarat,WR,21.748997,69.833241
SLR,Salogra,Himachal Pradesh,NR,30.934311,77.130516
SOQ,SOMPUR ROAD,Karnataka,SWR,15.421498999999999,75.87207
SJN,SANJAN,Gujarat,WR,20.19165,72.820594
SKND,Sukinda Road,Orissa,ECoR,20.971268,86.05375
SKVL,SANKVAL,Goa,SWR,15.370790999999999,73.86771300000001
SL,SURATHKAL,Karnataka,KR,12.989191,74.80617699999999
SJDA,SANJUJE DA AREY,Goa,SWR,15.437494047800001,75.5962538599
SKNR,Shakar Nagar,Andhra Pradesh,SCR,18.659388000000003,77.905991
SOF,Saota,West Bengal,ER,,
SLI,SANGLI,Maharashtra,CR,16.858669000000003,74.588939
SIW,SHIRRAVDE,Maharashtra,CR,17.3606825795,74.1573548438
SLP,SALPA,Maharashtra,CR,17.963070994400002,74.17178775389999
SOI,Sonaripur,Uttar Pradesh,NER,28.4746409298,80.7274215704
SNBD,Sunderabad,Madhya Pradesh,WR,,
SPS,Shripat Shrikhand,West Bengal,ER,,
SQW,Sidhwalia,Bihar,NER,26.333838,84.666995
SNKX,Sankra,,SECR,20.747436,81.591856
SME,Shimoga,Karnataka,SWR,13.927613,75.592671
SNU,Sangrampur,West Bengal,ER,22.224929,88.32876
SJJ,Sanjha,Bihar,ER,25.0658316907,87.0008507605
SLON,Salona,Assam,NFR,26.503912999999997,92.990043
SILO,Silao,Bihar,ECR,25.078598999999997,85.434638
SOW,Suhsarai,Bihar,ECR,25.273946,85.530032
BLND,Bolinna Doaba,Punjab,NR,31.342859999999998,75.656972
SKTN,Shakti Nagar,Uttar Pradesh,ECR,24.122899,82.704734
SOY,Sukrimangela,Madhya Pradesh,SECR,22.90699,79.834297
SQJ,Saila Khurd,Punjab,NR,31.292873999999998,76.07770599999999
SNB,Satnaur Badesron,Punjab,NR,31.257426,76.110741
SONR,Saoner Junction,Maharashtra,SECR,21.387489000000002,78.925046
SOJ,SAROJINI NAGAR,Delhi NCT,NR,28.581210000000002,77.196287
SPD,SUPEDI,Gujarat,WR,21.758513999399998,70.3763963708
SNX,SANEH ROAD,Uttar Pradesh,NR,29.689652272500002,78.4494025903
SRA,SEMRA,Bihar,ECR,26.711946963,84.8136981409
SRSI,Sarsi,Bihar,ECR,25.86331602863504,87.28521798737347
SNPR,SINGARPUR,Rajasthan,NCR,27.116202,77.72370699999999
SNYN,SONIYANA,Rajasthan,NWR,25.123246,74.62566
SRJ,SHANKARGARH,Madhya Pradesh,NCR,25.1813005966,81.6190324237
STF,Sikta,Bihar,ECR,27.024365,84.680541
SRGH,Surajgarh,Rajasthan,NWR,28.30168415387253,75.73429978452623
SQE,SAMRLA,Maharashtra,SCR,18.921849,77.793105
SRK,SAMRAU,Rajasthan,NWR,26.8662,72.721146
SOHL,Sohal,Punjab,NR,31.974211,75.348341
SRNK,Soron,Uttar Pradesh,NER,27.883353999999997,78.748458
SNSN,SONASAN,Gujarat,WR,23.491604000000002,72.895784
SRID,SHRIDHAM,Madhya Pradesh,WCR,23.033843,79.484397
SQL,SONTALAI,Madhya Pradesh,WCR,22.613017999999997,77.94977499999999
SPZ,SAMPLA,Haryana,NR,28.781933000000002,76.773299
SNHR,SANKHAI,Gujarat,WR,23.796393,72.177296
SPK,SAPEKHATI,Assam,NFR,27.110416,95.160918
SPRA,Sillipur,Rajasthan,NCR,26.081657,77.031581
STC,SANTA CRUZ,Maharashtra,WR,19.082018,72.84133899999999
SSV,SASVAD ROAD,Maharashtra,CR,18.4732023111,73.9546461121
SOU,Supaul,Bihar,ECR,26.117556999999998,86.603023
SOJN,SIHOR GUJARAT,Gujarat,WR,21.724798000000003,71.957197
SNDY,SANDAI,Uttar Pradesh,NER,28.572634,79.990982
SNDD,SINDHUDURG,Maharashtra,KR,16.111322,73.67934
SPGL,Sarai Gopal,Uttar Pradesh,NR,25.548656,81.822277
STH,Sethal,Uttar Pradesh,NER,28.543189,79.56736599999999
SRMN,Semraon,Bihar,ECR,25.395161271299997,84.52704197999999
STPM,S NARAYANAPURAM,Andhra Pradesh,SCR,16.525488,80.647908
SSP,Santoshpur,West Bengal,ER,22.524414,88.272502
SRN,Soron,Uttar Pradesh,NER,27.883694,78.748798
SNA,Sadanapura,Gujarat,WR,22.602487999999997,73.01247500000001
SSRD,Shasan Road,West Bengal,ER,22.346539999999997,88.434523
SMTG,Saheed Matangini,West Bengal,SER,22.301973999999998,87.90811500000001
SOE,Sheopur Kalan,Madhya Pradesh,NCR,25.675538,76.70038600000001
SMNN,Shri Makri Nath Nagar,Rajasthan,NWR,28.179883999999998,74.824623
AKU,ANGALAKUDURU,Andhra Pradesh,SCR,16.245325,80.609091
GTI,GHUTAI,Uttar Pradesh,NCR,25.289429766,79.4413220264
SWAR,SEWAR,Rajasthan,WCR,27.177901,77.425499
STSN,SHAITAN SINGH NAGAR,Rajasthan,NWR,27.052218,72.468139
MHTR,MALIHATI TALIBPUR ROAD,West Bengal,ER,23.79372,88.126194
SRRG,SURERGOTH,Rajasthan,NWR,27.18282,76.605353
SVKD,SAVAR KUNDLA,Gujarat,WR,21.335082,71.31266699999999
SSKA,SISARKA,Uttar Pradesh,NR,28.431279,78.846279
SSR,SARERI,Rajasthan,NWR,25.697556000000002,74.624105
SRNT,SARNATH,Uttar Pradesh,NER,25.375998,83.032634
SVW,SHIVNI SHIVAPUR,Maharashtra,SCR,20.674328,77.048971
SRVX,SURAVALI,Goa,KR,15.291947,73.939328
SXS,SHOBHASAN,Gujarat,WR,23.542306999999997,72.394212
STBJ,Sitabanji,Orissa,ECoR,21.500203,85.79053
SVM,SANVERDAM CHUCH,Goa,SWR,15.264064,74.10866
SUL,SULADHAL,Karnataka,SWR,16.001728105999998,74.67814298520001
SURR,Surera,Rajasthan,NWR,,
SVQ,SIVOK,West Bengal,NFR,26.880144,88.468742
SWQ,Sangwi,Maharashtra,CR,,
SWG,Sidhwan,Punjab,NR,31.095558,75.54695000000001
SRY,SIRARI,Bihar,ECR,25.132853,85.952587
SWX,Saidanwala,Punjab,NR,30.917223,74.679664
SVGA,Sivaganga,Tamil Nadu,SR,9.852970000000001,78.49906899999999
SSA,Sirsa,Haryana,NWR,29.539153,75.034944
SVB,Savni,Gujarat,WR,20.994517,70.471495
SVC,Siwan Kachari,Bihar,NER,26.226705,84.34871700000001
SVV,Srivaikuntam,Tamil Nadu,SR,8.622475999999999,77.906323
SVDC,Sivadevunichkla,Andhra Pradesh,SCR,16.535628999999997,81.65894399999999
STNL,Satnali,Haryana,NWR,28.382338,75.966232
AEP,Amreli Para,Gujarat,WR,21.6079811042,71.2281676154
SSF,Sirsuphal,Maharashtra,CR,18.306268,74.572957
SWD,Sanawad,Madhya Pradesh,WR,22.17581,76.074567
SXE,SILA KHERI HALT,Haryana,NR,29.389883,76.612939
TAM,Tilaivilagam,Tamil Nadu,SR,,
TKF,Taki Road,West Bengal,ER,22.587179,88.915553
TNLR,Thondaimanallur,Tamil Nadu,SR,10.623543,78.746072
TER,THAIR,Maharashtra,CR,18.352916,76.15003700000001
TCT,Tiruchitrambalam,Tamil Nadu,SR,,
SY,SIRKAZHI,Tamil Nadu,SR,11.240305,79.726353
TNX,Tarak Nagar,West Bengal,ER,23.38018,88.680184
TAPA,TAPA,Punjab,NR,30.302839,75.366053
SYC,SARAI CHANDI,Uttar Pradesh,NR,25.5394209652,81.97958463810001
THZI,Takazhi,Kerala,SR,,
TJNR,Taj Nagar,Haryana,NR,,
SXP,SANKOPARA,West Bengal,ER,24.7176851264,87.9344515665
TBN,TIMARNI,Madhya Pradesh,WCR,22.375860000000003,77.2294
SYQ,SINHAN,Gujarat,WR,22.2346247943,69.7297354559
TIBI,Tibi,Rajasthan,NWR,29.54286582323833,74.50160639360547
TAY,TALAIYUTHU,Tamil Nadu,SR,8.7841938937,77.72944226749999
TEN,TIRUNELVELI,Tamil Nadu,SR,8.73636,77.707979
SYH,SAIYEDPUR BHTRI,Uttar Pradesh,NER,25.539724,83.23297400000001
THN,TOLAHUNSE,Karnataka,SWR,14.399208,75.964562
SZR,SARUPATHAR,Assam,NFR,26.195595,93.862021
SYL,SALPURA,Rajasthan,WCR,24.773701,76.733005
TIW,TIVARI,Rajasthan,NWR,26.554730000000003,72.889577
TA,TANUR,Kerala,SR,10.97954,75.880597
TLI,Tulwara Jhil,Rajasthan,NWR,,
TABU,Talaburu,Jharkhand,SER,22.358169,85.75594199999999
TNK,Tirunellikaval,Tamil Nadu,SR,,
KGBS,Kishangarh Balawas,Haryana,NWR,28.262787,76.571554
TBX,Tilbhum,Tripura,NFR,24.465833,92.245466
AL,ATTILI,Andhra Pradesh,SCR,16.680149999999998,81.61636
TLX,Taldi,West Bengal,ER,22.343647,88.60875899999999
TKO,TAKKOLAM,Tamil Nadu,SR,13.023783,79.677055
TEA,Taregna,Bihar,ECR,25.3552301906,85.038112915
TLMR,Teliamura,Tripura,NFR,23.861247,91.617734
SZ,SALAWAS,Rajasthan,NWR,26.139957444700002,73.01452424259999
TB,Tharbitia,Bihar,ECR,26.218533,86.657383
TCN,Tiruchendur,Tamil Nadu,SR,8.501774,78.117118
TRG,Tarighat,Uttar Pradesh,ECR,25.571721452321867,83.60210496000946
TKYR,TIKARIA,Madhya Pradesh,WCR,24.99538,80.86436
TLV,TALVADYA,Madhya Pradesh,WCR,21.9272990641,76.4437843848
TSD,Tahsil Bhadra,Rajasthan,NWR,29.101436164956112,75.16145411878824
BLNK,BELANKI,Maharashtra,CR,16.84890756,74.86933565
TR,TARU,Maharashtra,SCR,20.06888,74.590775
THJ,TALHERI BUZURG,Uttar Pradesh,NR,29.766916000000002,77.64430899999999
TIA,TILAYA,Bihar,ECR,24.821998,85.401101
TTR,TIPTUR,Karnataka,SWR,13.256152,76.475987
TK,TUMKUR,Karnataka,SWR,13.333033,77.10243899999999
TUN,TOHANA,Haryana,NR,29.7266,75.904581
TKC,THAKURKUCHI,Assam,NFR,26.234006114,91.9222836917
TME,TUTI MELUR,Tamil Nadu,SR,8.808373999999999,78.145808
TTB,TITABAR,Assam,NFR,26.602048,94.199758
TKR,TAKARI,Maharashtra,CR,17.129756,74.36337599999999
TPE,TIRUCHIRAPPALLI PALAKKARAI,Tamil Nadu,SR,10.80725953,78.69366422
TPN,Tapona,Maharashtra,CR,,
TKLE,Tikani,Bihar,ER,25.108394454899997,86.9932459985
TTP,Tiruturaipudi Junction,Tamil Nadu,SR,,
SRPR,SARUPSAR JN,Rajasthan,NWR,29.353194,73.694891
AYRN,AKSHAYWAT RAI NAGAR,Bihar,ECR,25.688767621,85.31541102290001
TLGP,Talguppa,Karnataka,SWR,14.214011,74.914093
TWB,Talwandi,Punjab,NR,30.861364000000002,74.92363399999999
TQL,Theh Qalandar,Punjab,NR,30.463401,74.086947
TGU,TARIGOPPULA,Andhra Pradesh,SCR,16.485676,80.836307
THVM,THIVIM,Goa,KR,15.62955,73.87610400000001
TKE,Tarikere Junction,Karnataka,SWR,13.710886,75.812209
TOK,THOKUR,Karnataka,KR,12.963579000000001,74.829167
TKOT,TOKKOTTU,Karnataka,SR,12.818211,74.858222
TLY,THALASSERY,Kerala,SR,11.75314,75.492987
TIR,TIRUR,Kerala,SR,10.917757,75.92186500000001
TRMN,Taramani,Tamil Nadu,SR,12.978438,80.24008199999999
TGRL,Tangiriapal,Orissa,ECoR,21.164083,85.925812
THE,Thawe Junction,Bihar,NER,26.438991,84.394398
TNDE,Thanesar City,Haryana,NR,29.966374000000002,76.824336
TTW,Titwa,Madhya Pradesh,SECR,21.9959060669,80.13844220089999
TMZ,Tamluk,West Bengal,SER,22.275813,87.91914399999999
TLC,Talchhapar,Rajasthan,NWR,27.824805,74.487037
THR,Thara,Madhya Pradesh,NCR,26.3568878952,77.8507402155
THEA,Thalera,Rajasthan,WCR,25.3152769684,75.73774364929999
ALJ,ALAI,Uttarakhand,NER,29.143805999999998,78.932709
UDM,UNDASA MADHAWPU,Madhya Pradesh,WR,23.087044000000002,75.97927499999999
TZR,TURKI ROAD,Madhya Pradesh,WCR,24.548879000000003,81.11757300000001
UPI,UPLAI,Maharashtra,CR,18.184369,75.642724
TOD,TALOD,Gujarat,WR,23.351347999999998,72.94796099999999
BNWC,Bhiwani City,Haryana,NWR,28.825698499999998,76.1442991
TVR,THIRUVARUR JN,Tamil Nadu,SR,10.764347,79.63389799999999
TPZ,TAPRI JN,Uttar Pradesh,NR,29.915727999999998,77.58327200000001
UBR,UMBARGAM ROAD,Gujarat,WR,20.153499,72.79082100000001
TZTB,Tezpore,Assam,NFR,26.617781357717547,92.78774656355381
UTL,UTARLAI,Rajasthan,NWR,25.788344000000002,71.44363799999999
TYMR,Tiruvanmiyur,Tamil Nadu,SR,12.989302,80.25119000000001
TPK,TIPKAI,Assam,NFR,26.295354,90.047264
TNM,TIRUVANNAMALAI,Tamil Nadu,SR,12.238103,79.077782
TVN,TIRUPPUVANAM,Tamil Nadu,SR,9.821456999999999,78.258693
TVI,Taradevi,Himachal Pradesh,NR,31.0758,77.139253
TQN,TIKUNIA,Uttar Pradesh,NER,28.378823,80.981217
TYAE,TENYA,West Bengal,ER,23.822157,88.148864
UMPD,Umarpada,Gujarat,WR,,
UNI,Unai Vansada Road,Gujarat,WR,,
AJU,Arjuni,Maharashtra,SECR,20.8165878335,80.022581618
TPC,TIRUPPACHETTI,Tamil Nadu,SR,9.773153933800002,78.344217489
TRN,TARAON,Uttar Pradesh,NER,25.526193,83.311179
TTZ,Tukaithad,Maharashtra,SCR,21.427444,76.670581
VB,VILLIYAMBAKKAM,Tamil Nadu,SR,12.754406,79.929175
UCB,UNCHI BASSI,Punjab,NR,31.860857,75.643654
UJ,UJALVAV,Gujarat,WR,21.905096,71.705115
TNKU,TANUKU,Andhra Pradesh,SCR,16.752035,81.674075
TNRU,TENNERU,Andhra Pradesh,SCR,16.488886,80.813991
TRBE,Tarabari,Assam,NFR,26.436293,92.68336699999999
TTLA,TETELIA,Assam,NFR,26.135912,92.00541
UIH,Umaria Ispa Halt,Madhya Pradesh,SECR,22.055305150200002,79.08496134640001
ULA,Umra Nala,Madhya Pradesh,SECR,21.874783,78.879298
TXM,TANDAVAPURA,Karnataka,SWR,12.168831,76.678489
TSL,Taksal,Himachal Pradesh,NR,30.845271,76.954267
TWV,Thuwavi,Gujarat,WR,22.153761,73.381517
TSK,Tinsukia Junction,Assam,NFR,27.4864,95.356367
KDRP,Kandarpur,Orissa,ECoR,20.396528,86.017399
UB,Uska Bazar,Uttar Pradesh,NER,27.189993,83.12594999999999
UAM,Udagamandalam,Tamil Nadu,SR,11.404584999999999,76.694727
TPP,Toppur,Tamil Nadu,SWR,11.931538000000002,78.070201
VDV,Vadiya Devli,Gujarat,WR,21.689791,70.853196
UKA,UKHRA,West Bengal,ER,23.653692,87.232537
UPR,USMANPUR,Maharashtra,SCR,19.532217,76.27447
UCP,UCHIPPULI,Tamil Nadu,SR,9.30813,79.01509300000001
UHR,UNCHHERA,Madhya Pradesh,WCR,24.38137,80.79457
UMD,USMANABAD,Maharashtra,CR,18.248154,76.022663
WGA,WAGHODA,Madhya Pradesh,CR,21.255951999999997,76.08875499999999
UGR,UGAR KHURD,Karnataka,SWR,16.669705,74.822126
VAE,Vadali,Gujarat,WR,23.948406000000002,73.04360399999999
VASO,Vaso,Gujarat,WR,,
VDGN,VADGAON NILA,Maharashtra,SCR,18.929472999999998,76.64117200000001
VDNP,Baijnath Andoli,Bihar,ECR,,
WHM,WASHIM,Maharashtra,SCR,20.103101,77.147986
VEP,Velpuru Road,Andhra Pradesh,SCR,,
UOI,UMROLI,Maharashtra,WR,19.754447000000003,72.76033699999999
VLP,VILE PARLE,Maharashtra,WR,19.099273999999998,72.84363
VLC,Velachha,Gujarat,WR,,
VLN,Vilegaon,Maharashtra,CR,,
VMM,Valaramanikkam,Tamil Nadu,SR,,
VRX,VARAHI,Gujarat,WR,23.800674,71.43129599999999
VOL,Virol,Gujarat,WR,,
VAPI,VAPI,Gujarat,WR,20.374337999999998,72.90912700000001
KRNH,Karanahalli,Karnataka,SWR,13.667160999999998,75.934385
UVD,UDVADA,Gujarat,WR,20.461236,72.918698
UD,UDUPI,Karnataka,KR,13.336341000000001,74.771733
VLCY,Velachery,Tamil Nadu,SR,12.967092000000001,80.21921699999999
VNN,BHANAUR,Uttar Pradesh,NR,25.573159999999998,82.530022
VDH,VEDCHHA,Gujarat,WR,20.874651,72.93641500000001
VAL,VADAL,Gujarat,WR,21.611243,70.492663
VKA,Verka Junction,Punjab,NR,31.665699,74.931669
UKN,Uklana,Haryana,NR,29.498980000000003,75.883133
VPN,VIDYAPATINAGAR,Bihar,ECR,25.601974857400002,85.80234268800001
UPL,UPPALUR,Andhra Pradesh,SCR,16.492803000000002,80.780125
UNK,UNKAL,Karnataka,SWR,15.377158999999999,75.12425499999999
ULL,ULLAL,Karnataka,SR,12.791319999999999,74.85477900000001
VTJ,VARTEJ,Gujarat,WR,21.746198,72.05519899999999
UTN,Uttar Radhanagar Halt,West Bengal,ER,22.269458,88.383365
VDKS,Vadanam Kurussi Halt,Kerala,SR,10.788139,76.252871
UNA,Una,Gujarat,WR,20.819025,71.036053
UHL,Una Himachal,Himachal Pradesh,NR,31.478782000000002,76.27566
UMH,Umreth,Gujarat,WR,22.693375999999997,73.119782
UGU,Ugu,Uttar Pradesh,NR,26.804337999999998,80.299391
VRH,VIRBHADRA,Uttarakhand,NR,30.074509,78.251864
VSPR,BISHNUPRIYA,West Bengal,ER,23.413186,88.3552
VRJ,Vadaj,Gujarat,WR,,
VRKD,Varkhedi,Maharashtra,CR,,
VSI,Vishvamitri,Gujarat,WR,,
VEL,Vellanur,Tamil Nadu,SR,10.46709,78.796975
YSI,YEDESHI,Maharashtra,CR,18.317377999999998,75.97657
VUL,Virul,Maharashtra,CR,,
VLY,VALLIYUR,Tamil Nadu,SR,8.376159999999999,77.61399
VT,VELLORE TOWN,Tamil Nadu,SR,12.923646999999999,79.125213
VKG,Vavadi Khurd,Gujarat,WR,22.79511,73.502962
WDR,WADIARAM,Andhra Pradesh,SCR,17.972607,78.455417
VKP,VARAKALPATTU,Tamil Nadu,SR,11.765793,79.704026
VTV,VALANTARAVAL,Tamil Nadu,SR,9.337064,78.911814
VQD,VIRAMDAD,Gujarat,WR,22.197917,69.575526
ABLE,AMBALE,Maharashtra,CR,18.398719,74.171511
WRD,Warudkhed,Maharashtra,CR,,
VTN,VAITARNA,Maharashtra,WR,19.517672,72.849578
XBAC,Bachharpur Halt,Bihar,ECR,,
VNR,DEVANUR,Karnataka,SWR,13.439281999999999,76.08846
VKNR,VALMIKINAGAR RD,Bihar,ECR,27.195058000000003,84.034555
WH,WEST HILL,Kerala,SR,11.28603,75.765232
VVV,VAVERA,Gujarat,WR,21.062395000000002,71.441677
VLA,BAVLA,Gujarat,WR,22.833389,72.36512300000001
CAPE,KANYAKUMARI,Tamil Nadu,SR,8.088028,77.542504
VNB,Vaniyambalam,Kerala,SR,11.188459,76.260513
VSU,BISHNUPUR,West Bengal,SER,23.065499000000003,87.30107100000001
VLL,VELLAYIL,Kerala,SR,11.264509,75.77461
VJK,VEJALKA,Gujarat,WR,22.416769,71.719118
VRQ,VIRARAKKIYAM,Tamil Nadu,SR,10.939107,78.165859
ABR,ABU ROAD,Rajasthan,NWR,24.470775,72.775695
ZKV,Zankhvav,Gujarat,WR,21.45148506222334,73.31783892586827
YTL,Yavatmal,Maharashtra,CR,20.387302241829445,78.11973326839507
VPZ,Vailapuzha,Kerala,SR,10.842075999999999,76.252495
VLDR,Valadar,Gujarat,WR,20.967861000000003,70.724646
BXA,Balod,Chhattisgarh,SECR,20.740984,81.205261
YDK,Yedekumeri,Karnataka,SWR,12.823403,75.622206
VVM,Viravasaram,Andhra Pradesh,SCR,16.542123999999998,81.63254
VVD,Vavdi,Gujarat,WR,21.714204,70.793468
YP,ERRUPALEM,Andhra Pradesh,SCR,16.825374,80.471049
AHD,AHERWADI,Karnataka,SWR,17.504915,75.99559
YGL,YELGUR,Andhra Pradesh,SCR,17.860901,79.74703099999999
ALMR,ALAMPUR,Gujarat,WR,21.944012999999998,71.699156
WNG,WANEGAON,Maharashtra,SCR,19.1668082025,77.2501103802
WANI,WANI,Maharashtra,CR,20.06638,78.962635
BDM,BADAMI,Karnataka,SWR,15.958918,75.6767002
BGK,BAGALKOT,Karnataka,SWR,16.1787931,75.7002383
AFR,ASAFPUR,Uttar Pradesh,NR,28.405553,78.905957
WJ,WALAJABAD,Tamil Nadu,SR,12.797321,79.81836999999999
WSA,Wadsa,Maharashtra,SECR,20.624198,79.96351299999999
BHTN,BHITONI,Madhya Pradesh,WCR,23.142728299999998,79.6740109
AMA,ATAMANDA,Uttar Pradesh,NER,28.58606,79.468143
ZPI,Zampini,Andhra Pradesh,SCR,16.199033,80.71400799999999
AMVA,AMARAVILA HALT,Kerala,SR,8.397108999999999,77.10036199999999
ACLE,AZIMGANJ CITY,West Bengal,ER,24.237941,88.25887100000001
WSJ,WANSJALIYA,Gujarat,WR,21.799383000000002,69.873569
AHU,Ahirauli,Uttar Pradesh,NER,27.30686,83.03422499999999
BAY,BELLARY JN,Karnataka,SWR,15.145135,76.921995
ALB,ALIA BADA,Gujarat,WR,22.44677,70.210367
ATRU,ATRU,Rajasthan,WCR,24.8821354,76.6702185
WZJ,WAZERGANJ,Bihar,ECR,24.813122,85.225637
BIX,BHIND,Madhya Pradesh,NCR,26.588904900000003,78.77743530000001
WKRC,WANKANER CITY,Gujarat,WR,22.611810000000002,70.956182
BBMN,BARI BRAHMAN,Jammu and Kashmir,NR,32.63896,74.916171
WENA,Wena,Bihar,ECR,25.3266239799,85.5319560193
WAB,BALWA,Gujarat,WR,21.895867000000003,69.961069
ZB,Zahirabad,Andhra Pradesh,SCR,17.674958,77.61021299999999
ZP,Zarpur Pali,Haryana,NWR,28.281073000000003,76.14827000000001
BJN,Bejnal,Rajasthan,NWR,24.983198,73.914959
BGKT,BHAGAT KI KOTHI,Rajasthan,NWR,26.2484972,73.0133366
VXM,Vellipalayam,Tamil Nadu,SR,10.775837000000001,79.843856
AMDI,Amdi Halt,Maharashtra,SECR,21.352410000000003,79.31875600000001
BISH,Bishengarh,Rajasthan,NWR,25.448874,72.5752165
YDV,Yadvendranagar,Uttar Pradesh,NER,25.756558,82.75140999999999
YDP,Yedapalli,Andhra Pradesh,SCR,18.678662,77.952866
YEAM,Yogendra Dham Halt,Uttar Pradesh,NER,27.454598,81.728543
AKW,Akora,Uttar Pradesh,NCR,25.613687,80.139995
ALV,Anklav,Gujarat,WR,22.392856,72.999264
BSS,BAHADUR SINGH WALA,Punjab,NR,30.319025,75.858906
AZ,AZIMGANJ JN,West Bengal,ER,24.219053,88.256764
ARAG,ARAG,Maharashtra,CR,16.823628,74.79116400000001
BEU,Bisheshwarganj,Uttar Pradesh,NER,27.341282,81.833817
BSI,BASBARI,Assam,NFR,26.184354000000003,89.900353
BPR,BHOJIPURA JN,Uttar Pradesh,NER,28.4939826,79.44724
APD,Alipur Duar,West Bengal,NFR,26.479307000000002,89.520667
BHX,BULLUANA,Punjab,NR,30.217553000000002,74.78304
BIM,BILIMORA JN,Gujarat,WR,20.763319,72.970474
BKC,BHIKAMKOR,Rajasthan,NWR,26.80763,72.78720299999999
BMO,BOLARUM,Andhra Pradesh,SCR,17.5335493,78.5154167
BLZ,BUDHLADA,Punjab,NR,29.9217422,75.5496866
BHLK,Bhalki,Karnataka,SCR,18.047011100000002,77.228081
BDU,BADNAPUR,Maharashtra,SCR,19.873979,75.722483
BMQ,BHIMARLAI,Rajasthan,NWR,25.89293086,71.88173556
BNP,BHANAPUR,Karnataka,SWR,15.38694828,76.036416
BLT,BALOTRA JN,Rajasthan,NWR,25.830070999999997,72.248683
BFV,BAHELIA BUZURG,Uttar Pradesh,NER,28.046924,80.512537
BHBR,Bathua Bazar,Uttar Pradesh,NER,26.4968303633,84.2321793958
BTKP,BHARAT KUP,Uttar Pradesh,NCR,25.217166,80.76767899999999
BIK,BHIRA KHERI,Uttar Pradesh,NER,28.334799,80.486132
BAOL,BAOLI,Uttar Pradesh,NR,29.140457035199997,77.278015354
BTX,BELA TAL,Uttar Pradesh,NCR,25.2767862477,79.55448188960001
BOM,BOMADRA,Rajasthan,NWR,25.78029392,73.43942509
BSPX,Banspani,Orissa,SER,22.00024281,85.42341227
BIB,Birpur,Rajasthan,NCR,26.155568000000002,77.174223
ARU,Arasalu,Karnataka,SWR,13.999308999999998,75.314466
MPC,Muttampatti,Tamil Nadu,SWR,11.984107,78.152895
BAJ,Bhalej,Gujarat,WR,22.633029999999998,73.034499
AWM,Aswapuram,Andhra Pradesh,SCR,17.821267000000002,80.80126
AVP,Abhanpur Junction,Chhattisgarh,SECR,21.052203000000002,81.74489899999999
BDXX,Bade Arapur,Chhattisgarh,ECoR,19.011494000000003,81.837917
BGRD,Beliaghata Road,West Bengal,ER,22.674548,88.607005
ANI,Ajanti,Madhya Pradesh,WR,21.893954,76.285956
BUT,BAYTU,Rajasthan,NWR,25.897537999999997,71.76868
BMGA,BHIMGARA,West Bengal,ER,23.73804814,87.28427905
BLTR,BELTHARA ROAD,Uttar Pradesh,NER,26.121418,83.841719
BKNG,BHAKTI NAGAR,Gujarat,WR,22.282963,70.792278
DEP,Depalsar,Rajasthan,NWR,28.2368573,74.92033749999999
BKD,Bhankoda,Gujarat,WR,23.270810878299997,72.1277773999
DHJ,DHINOJ,Gujarat,WR,23.6710024,72.2818798
BCY,VARANASI CITY,Uttar Pradesh,NER,25.3341176,83.0141142
BNE,BOHANI,Madhya Pradesh,WCR,22.9137476381,78.9159773981
DDR,MUMBAI DADAR WEST,Maharashtra,WR,19.019731,72.84346500000001
BNC,BANGALORE CANT,Karnataka,SWR,12.9936735,77.59932690000001
BSPH,BISHANPUR HARYANA,Haryana,NR,29.274012000000003,76.323906
BQY,BELERHAT,West Bengal,ER,23.51930706,88.28291748000001
DGW,DHIGAWARA,Rajasthan,NWR,27.296265000000002,76.613599
BXJ,BOKAJAN,Assam,NFR,26.018425999999998,93.779466
BOJ,BHOJO,Assam,NFR,27.0635982,95.03240600000001
BDTS,MUMBAI BANDRA TERMINUS,Maharashtra,WR,19.061911,72.840535
BLPR,Badulipar,Assam,NFR,26.646825,93.87912899999999
BBC,Bhachhbar,Rajasthan,NWR,25.73181,71.044404
BNKJ,BANKE GANJ,Uttar Pradesh,NER,28.158478000000002,80.416286
DIA,Didwana,Rajasthan,NWR,27.406108,74.55765600000001
BNV,BINNAGURI,West Bengal,NFR,26.747088299999998,89.05239089999999
DLO,DALGAON,West Bengal,NFR,26.715384,89.136244
BOKO,BOKO,Assam,NFR,25.999791,91.219674
DKX,Dudhwakhara,Rajasthan,NWR,28.4587,75.16531499999999
BRW,Bariwala,Punjab,NR,30.532580000000003,74.65895300000001
BRAM,BALARAMAPURAM,Kerala,SR,8.430107451,77.05132087999999
CBU,Chinna Babu Samudram,Tamil Nadu,SR,11.919465,79.686417
DKBJ,Dahar Ka Balaji,Rajasthan,NWR,26.944321,75.765669
CAF,Chanda Fort,Maharashtra,SECR,19.9400612,79.3122585
BRMP,Biramitrapur,Orissa,SER,22.3971312,84.7369583
BJY,Bangalbaree,West Bengal,NFR,25.626454,88.22942499999999
DMW,Dalmau Junction,Uttar Pradesh,NR,26.075249999999997,81.05365
BRDT,BERIA DAULAT,Uttarakhand,NER,29.13221,79.210042
DUM,DHAURMUI JAGHNA,Rajasthan,WCR,27.292281,77.53653800000001
ALK,ALAKKUDI,Tamil Nadu,SR,10.77766297,79.0537095
BHNS,Bhansi,Chhattisgarh,ECoR,18.77690197,81.26535758
DY,DUMARIYA,Rajasthan,WCR,26.864673,77.234121
GLNA,GULANA,Rajasthan,NWR,27.10333,76.564974
BWR,BARWA SAGAR,Uttar Pradesh,NCR,25.351848,78.731628
CDI,CHANDNI,Madhya Pradesh,CR,21.427163999999998,76.350657
BUBT,BURAHA BHARTHA,Uttar Pradesh,NCR,27.108219,78.67032900000001
GHG,GHAGGHAR,Punjab,NR,30.6111449411,76.84804777400001
GGR,GANGRAR,Rajasthan,NWR,25.061279000000003,74.624757
DJA,DAOTUHAJA,Assam,NFR,25.227501,93.162162
DHP,DICHPALLI,Andhra Pradesh,SCR,18.613288,78.194667
DMA,DAMODAR JUNCTION,West Bengal,SER,23.651021,86.908517
BYD,BYADGI,Karnataka,SWR,14.6997230018,75.4900954675
ARCL,ARUNACHAL,Assam,NFR,24.855593,92.742995
BZ,BHARUR,Punjab,NR,30.165006839,75.8156104224
GIN,GINIGERA,Karnataka,SWR,15.348226,76.247613
BVR,BANAVAR,Karnataka,SWR,13.395698823,76.1400537476
DPRA,DHUP DHARA,Assam,NFR,25.979779,91.066009
DWR,DHARWAR,Karnataka,SWR,15.440386,75.004552
DNPR,Dhanpura,Gujarat,WR,23.453415,72.212366
FKG,FURKATING JN,Assam,NFR,26.465652000000002,94.00269200000001
BWB,BAGWALI,Punjab,NWR,30.033151999999998,74.772519
BVP,BHAVANAGAR PARA,Gujarat,WR,21.770889999999998,72.11868199999999
BVC,BHAVNAGAR TERMINUS,Gujarat,WR,21.781668,72.141059
DOY,Dornahalli,Karnataka,SWR,12.433086000000001,76.42625
BXY,Bordhal,Madhya Pradesh,CR,21.997011,78.348164
KRNR,Krishnarajanagara,Karnataka,SWR,12.4454105,76.38862689999999
GTP,Ghatpuri,Uttar Pradesh,NER,28.125245999999997,79.20593600000001
DLX,Dalimgaon,West Bengal,NFR,25.640548000000003,88.38629999999999
BSLA,Bhasila,West Bengal,ER,22.665494000000002,88.65854499999999
DJKR,Dolaji Ka Khera,Rajasthan,NWR,25.537166,73.882498
GUU,GUNDRATIMADUGU,Andhra Pradesh,SCR,17.532281,80.079953
FSP,FATEH SINGHPURA,Rajasthan,WCR,26.8216101334,77.1469610779
DRA,DULARIA,Madhya Pradesh,WCR,22.575660999999997,77.654362
GNR,GADIGANURU,Karnataka,SWR,15.219036000000001,76.599178
DRSN,DHURWASIN,Madhya Pradesh,SECR,23.129052,81.845641
GUP,GAURIPUR,Assam,NFR,26.078321,89.952056
GALE,GANKAR,West Bengal,ER,24.404804119599998,88.07289439819999
HKL,HARKIA KHAL,Rajasthan,WR,24.363234000000002,74.91966500000001
GDPL,GUNDLA POCHAMPALLI,Andhra Pradesh,SCR,17.568097,78.488371
FLM,Falimari,West Bengal,NFR,26.0707762,89.5868746
J,JALNA,Maharashtra,SCR,19.830781,75.893142
JGD,Jagadishpur,Jharkhand,ER,24.273027000000003,86.525172
GTWD,Ghatwad,Gujarat,WR,20.92654,70.74961099999999
GNB,JNANA BHARTI HALT,Karnataka,SWR,12.935329000000001,77.511242
GHNA,GOHANA,Haryana,NR,29.140297,76.68937799999999
DWI,DINGWAHI,Uttar Pradesh,NCR,25.416805,80.414159
GLBN,GUJRAN BALWA,Uttar Pradesh,NR,29.4068014069,77.301364624
DSR,DHANSIRI,Nagaland,NFR,25.810836,93.613598
GK,GOLA GOKARANATH,Uttar Pradesh,NER,28.084651,80.475468
DZA,DASUYA,Punjab,NR,31.80853,75.657932
SRPJ,SWARUPGANJ,Rajasthan,NWR,24.6581702628,72.9319259351
HNS,Hansi,Haryana,NWR,29.088276999999998,75.94724099999999
HYL,Hadyal,Rajasthan,NWR,28.526882999999998,75.26504100000001
GDO,Goverdhan,Uttar Pradesh,NCR,27.520546,77.46164300000001
JBS,Jadoli Ka Bas,Rajasthan,NCR,27.539231,76.880759
FZP,Firozpur City,Punjab,NR,30.962007,74.600792
EKN,Ezhukone,Kerala,SR,8.979142999999999,76.715068
GSR,Garhshankar,Punjab,NR,31.21799,76.14241700000001
GOPA,Ghosipura,Madhya Pradesh,NCR,26.215133,78.150553
URGA,Urga,Chhattisgarh,SECR,22.265791999999998,82.736062
GGV,Ghovarash Ghona,West Bengal,ER,22.651678,88.78289199999999
GRMR,Garhi Manikpur,Uttar Pradesh,NR,25.786329,81.40315299999999
DTQ,Dantarda Kalan,Madhya Pradesh,NCR,25.763299999999997,76.71403099999999
HRV,HARRAD,Madhya Pradesh,SECR,23.161136,81.90404000000001
HRNR,HIRA NAGAR,Jammu and Kashmir,NR,32.487007000000006,75.268733
JKM,JANKAMPET JN,Andhra Pradesh,SCR,18.70264,78.05386
JOC,JOYCHANDI PAHAR,West Bengal,SER,23.516393,86.68033899999999
HIR,HARINAGAR,Bihar,ECR,27.156647,84.324507
JCNR,JUCHANDRA,Maharashtra,CR,19.35986171,72.87245142
JKNI,Jharkhandi,Uttar Pradesh,NER,27.4330507545,82.17975597290001
HAD,HARIPPAD,Kerala,SR,9.279602,76.46222900000001
HMPR,HURMUJPUR HALT,Maharashtra,CR,25.721525,83.35227499999999
JIL,JALILA ROAD,Gujarat,WR,22.23946,71.820315
ITE,Intiyathok,Uttar Pradesh,NER,27.275552861799998,82.0254415802
JALD,JALIYA DEVANI,Gujarat,WR,22.420182999999998,70.399597
KDQ,KADIPUR,Uttar Pradesh,NER,25.44872,83.09130300000001
IDGJ,IRADATGANJ,Uttar Pradesh,NCR,25.317889,81.81928099999999
HM,HADMATIYA JN,Gujarat,WR,22.4279053359,70.47043762019999
JGE,JAGANNATH TEMPLE GATE,Kerala,SR,11.737975,75.507837
HATI,HATI,Madhya Pradesh,WCR,24.68924,80.843299
HLK,HOLALKERE,Karnataka,SWR,14.038157957300001,76.1300544724
JSV,JARANDESHWAR,Maharashtra,CR,17.7507667858,74.0773198273
KCI,Kallkiri,Andhra Pradesh,SCR,13.643625,78.801131
KRNU,KONANUR,Karnataka,SWR,12.025333999999999,76.809835
KEX,KHEKRA,Uttar Pradesh,NR,28.871499999999997,77.288916
SWNI,Siwani,Rajasthan,NWR,28.9148353709,75.6040669287
HDK,HANDIA KHAS,Uttar Pradesh,NER,25.357472,82.18941
JRKN,Jorkian,Rajasthan,NWR,29.8325238,74.2221512
KCV,Krishnachandrapur,Orissa,SER,21.824613,86.82005
JSC,Jalesar City,Uttar Pradesh,NCR,27.459871,78.30634
HRO,Harua Road,West Bengal,ER,22.661628,88.689994
IKR,Iklehra,Madhya Pradesh,CR,22.207929,78.711385
HHT,Habanghata,Karnataka,SWR,13.226848573,76.2495220447
KLM,KADLIMATTI,Karnataka,SWR,16.236489,75.796092
KDHA,KARCHHA,Madhya Pradesh,WR,23.1048189579,75.9098425183
KDF,KHUNDAUR,Uttar Pradesh,NR,26.020077,82.01505399999999
KJU,KUNTIGHAT,West Bengal,ER,23.016799000000002,88.413149
KTPK,KOTHA PAKKI,Rajasthan,NR,30.143767,73.966186
KLWL,KILANWALI PUNJAB,Punjab,NR,30.137221,74.11242
KHRS,KHARESHWAR ROAD,Gujarat,WR,23.0627851439,71.9804719385
KCP,Kalgupur,Karnataka,SCR,18.163878,77.19175
KJTW,KAJGAON TERHWAN,Uttar Pradesh,NR,25.685669,82.70545000000001
KIP,KHALILPUR,Haryana,NR,28.274856,76.67836199999999
KHU,KHURHAND,Uttar Pradesh,NCR,25.352584,80.49498
KAW,KHAJRI,Madhya Pradesh,WCR,25.563233999999998,77.617075
KOV,KIRLOSKARVADI,Maharashtra,CR,17.084152,74.41635799999999
KDJR,Kendujhargarh,Orissa,ECoR,21.66029,85.62690500000001
KHMA,Khatima,Uttarakhand,NER,28.915440999999998,79.969431
KRW,KHARWA,Rajasthan,NWR,26.204383999999997,74.42653
KMDR,KARIMUDDIN PUR,Uttar Pradesh,NER,25.700369000000002,83.860581
KRD,KARAD,Maharashtra,CR,17.310011,74.215686
KMAH,KAMATHE,Maharashtra,KR,17.477292,73.515552
KLDI,KALDHARI,Andhra Pradesh,SCR,16.837853,81.678046
KMP,KAMLAPUR,Uttar Pradesh,NER,27.378437,80.822278
KN,KADALUNDI,Kerala,SR,11.133481,75.82803299999999
KFK,KATKA,Uttar Pradesh,NER,25.250251,82.634249
KKLU,Kaklur,Chhattisgarh,ECoR,18.883305,81.619792
JVL,Jamwala,Gujarat,WR,20.971057,70.772358
KOF,Marwar Kori,Rajasthan,NWR,24.9119408017,72.2738395703
JTV,Jetalvad,Gujarat,WR,21.35276,70.82471799999999
KLSX,Kaulseri,Punjab,NR,30.369503,75.941435
KNJ,Krishnanagar City Junction,West Bengal,ER,23.388714,88.493636
KTK,KYATANEAKERI RD,Karnataka,SWR,17.05336,75.821206
LNK,LOHIAN KHAS JN,Punjab,NR,31.165462,75.196445
LSD,LUSADIYA,Gujarat,NWR,23.685409999999997,73.421111
SPPR,SHUDNIPUR,Uttar Pradesh,NR,25.626255,82.64049800000001
LGT,LANGTING,Assam,NFR,25.49759,93.110265
KRR,KARUR,Tamil Nadu,SR,10.965642,78.085087
KWMD,KUMBHAWAS MUNDA,Haryana,NR,28.255391,76.660871
KU,KULIKARAI,Tamil Nadu,SR,10.766395,79.579324
KRTL,Kartauli,Uttar Pradesh,NER,28.3110435,79.42761829999999
KUND,Kund,Haryana,NWR,28.145183762800002,76.39848079709999
MCQ,MIRCHADHORI,Madhya Pradesh,ECR,24.291847,82.793413
BDO,Bahalda Road,Orissa,SER,,
KSNR,KHUSHAL NAGAR,Uttar Pradesh,NER,26.9877753343,83.6983925134
KYNT,KALYANKOT,Rajasthan,NWR,29.298804999999998,73.637024
LXR,LUNSERIYA,Gujarat,WR,22.585491,71.036258
LP,LALAPET,Tamil Nadu,SR,10.95132,78.339233
KQL,KANDHLA,Uttar Pradesh,NR,29.324701,77.293239
KZI,KHANDRAWALI,Uttar Pradesh,NR,29.382584655000002,77.2938848779
KXL,KAMARBANDHA ALI,Assam,NFR,26.529561,94.056352
LGH,LALGARH JN,Rajasthan,NWR,28.043638,73.313909
LH,LAHING,Assam,NFR,26.7412013647,94.4371491022
KRKD,KARAKKAD,Kerala,SR,10.782804,76.227856
LMP,LAKHIMPUR,Uttar Pradesh,NER,27.947414,80.777625
MBB,Murshidabad,West Bengal,ER,24.176963999999998,88.281598
KUX,Khirsadoh Junction,Madhya Pradesh,CR,22.140449999999998,78.798394
KWGN,Kawargaon,Chhattisgarh,ECoR,18.896086,81.53352199999999
LBW,Laiburwa Halt,Uttar Pradesh,NER,27.5260420401,82.4683445782
MLGH,Mandalgarh,Rajasthan,WCR,25.194176,75.08094
LAU,Ladnun,Rajasthan,NWR,27.64255,74.4056
MLKA,Maluka,Jharkhand,SER,22.202912,85.672936
MLZ,MALARNA,Rajasthan,WCR,26.231078,76.534634
MPJ,Madanpur,West Bengal,ER,23.005927999999997,88.489717
MPT,Mangalampeta,Andhra Pradesh,SCR,13.568344,79.074022
MCV,MACHARYA,Uttar Pradesh,NR,28.772575,78.80370199999999
MDSA,Modasa,Gujarat,WR,23.451923,73.304944
MFJ,Muftiganj,Uttar Pradesh,NER,25.700913,82.827774
MOMU,Molakalmuru,Karnataka,SWR,14.709669,76.74572699999999
MOT,MALOUT,Punjab,NR,30.184671,74.49550799999999
MMP,MAMBALAPPATTU JN,Tamil Nadu,SR,11.95223333,79.37390499
MFX,MADARAHA,Uttar Pradesh,NCR,25.273637,81.764284
MJHR,MAJHIARI,Uttar Pradesh,NCR,25.1789843066,81.5188330261
MJG,MAJHAGAWAN,Madhya Pradesh,WCR,24.913389000000002,80.811656
MQZ,MOTA JADRA,Gujarat,WR,21.082538000000003,71.704462
MNKN,MANIKALAN HALT,Uttar Pradesh,NR,25.917549,82.691157
MOG,MOHIUDDINNAGAR,Bihar,ECR,25.606296391399997,85.70332322690001
MGC,MUGAT,Maharashtra,SCR,19.17485,77.427262
MVI,MORBI,Gujarat,WR,22.825342,70.829277
MOB,MANOHARABAD,Andhra Pradesh,SCR,17.75573,78.45439599999999
MLW,Mallanwan,Uttar Pradesh,NR,27.0362379616,80.1583349207
MPN,Madhyampur,West Bengal,ER,22.619981,88.896007
MDLL,MUDDALINGAHALLI,Karnataka,SWR,13.2391442032,77.3047403595
MAQ,MANGALORE CNTL,Karnataka,SR,12.862325,74.844068
MBP,MOHIBULLAPUR,Uttar Pradesh,NER,26.909235,80.938923
MANW,MANWA,Uttar Pradesh,NER,27.218852,80.849604
MGLP,MANGOLPURI,Delhi NCT,NR,28.6832457826,77.0905744531
MLAR,MALANPUR,Madhya Pradesh,NCR,26.413117999999997,78.27281099999999
MHF,Mohari Junction,Rajasthan,NCR,26.70055271,77.55378492
MEJ,VANCHIMANIYACHI,Tamil Nadu,SR,8.882102999999999,77.890651
MTPR,Raimehatpur,Himachal Pradesh,NR,31.405746999999998,76.32431100000001
MNSR,MANAKSAR,Rajasthan,NWR,29.680074,74.383621
MRZA,MIRZA,Assam,NFR,26.0727512878,91.51740114900001
MJ,MARWAR JN,Rajasthan,NWR,25.720478999999997,73.609301
MRDD,Mordar,Madhya Pradesh,SCR,21.74264,76.44924400000001
MWK,Mordad Tanda,Maharashtra,CR,20.688190000000002,74.904782
MHRG,Mahendragarh,Haryana,NWR,28.281433000000003,76.14863000000001
MUV,MANDUADIH,Uttar Pradesh,NER,25.300001,82.972079
MKT,Mukhtiar Balwar,Madhya Pradesh,WR,22.398362,75.973751
MEKM,Melakkonnakkulam,Tamil Nadu,SR,9.724592999999999,78.46655700000001
MJZ,Majhola Pakarya,Uttarakhand,NER,28.831681000000003,79.899341
MGWD,Mahngarwal Doaba,Punjab,NR,31.325405,76.088969
MKM,Marikuppam,Karnataka,SWR,12.918968,78.263789
MVW,Mallividu,Andhra Pradesh,ECoR,17.971931,83.17285799999999
MYD,MANDERDISA,Assam,NFR,25.707319,93.123109
NKD,NEKONDA,Andhra Pradesh,SCR,17.794877999999997,79.80459300000001
NRNR,Nurnagar,Uttar Pradesh,NR,28.915414000000002,77.71298900000001
PBW,PANTNAGAR,Uttarakhand,NER,29.017708,79.51778
NDBT,NANDPUR BHATAULI,Himachal Pradesh,NR,32.013177,76.115499
NRVR,NARAINA VIHAR,Delhi NCT,NR,28.6376790996,77.1415966599
MXR,MAHUR,Assam,NFR,25.187996,93.126299
MZGI,MANZURGARHI,Uttar Pradesh,NCR,27.964290000000002,78.10663
SURI,SIURI,West Bengal,ER,23.890185,87.5327
MTA,MATHELA,Madhya Pradesh,WCR,21.8802561555,76.38997105099999
NLI,NAMLI,Madhya Pradesh,WR,23.455521,75.067161
NBH,NIMBAHERA,Rajasthan,WR,24.623252,74.694312
NNE,NONERA,Madhya Pradesh,NCR,26.437569,78.333363
NCJ,NAGERCOIL JN,Tamil Nadu,SR,8.17385,77.44347
NB,NIMBHORA,Maharashtra,CR,21.160781,75.975186
NEW,NIVARI,Uttar Pradesh,NCR,25.328061,78.82007
NVF,NAGAVANGALA,Karnataka,SWR,13.661093,75.98716300000001
MZA,MEZENGA S,Assam,NFR,26.884475000000002,94.679344
NWH,Nawalgarh,Rajasthan,NWR,27.844017432134876,75.24608317762613
NHK,NAHARKATIYA,Assam,NFR,27.289403,95.32977500000001
NDW,Nadwan,Bihar,ECR,25.3966869286,85.0656737195
MUGR,Manuguru,Andhra Pradesh,SCR,17.925272,80.799034
NNNL,NANDANI LAGUNIA,Bihar,ECR,25.6254080511,85.6313754486
MTNL,MUTTARASANALLUR,Tamil Nadu,SR,10.865860000000001,78.648401
NRI,NARAINA,Rajasthan,NWR,26.796463999999997,75.193029
NIDI,NIDI,Maharashtra,CR,18.472247,73.106567
NTU,NIGATPUR,Uttar Pradesh,NER,25.251216000000003,82.758511
NIV,NIVASAR,Maharashtra,KR,16.946588000000002,73.454552
PDD,PADUBIDRI,Karnataka,KR,13.197027,74.76816500000001
NBU,NARASAMBUDHI,Karnataka,SWR,12.104692,76.70180500000001
NAG,NAGARGALI,Karnataka,SWR,15.424554374700001,74.6213530695
NGW,Nauganwan,Madhya Pradesh,WR,23.414388,75.1892654
NUH,Naugarh,Uttar Pradesh,NER,27.275029999999997,83.08829899999999
PDPH,Padapahar Junction,Jharkhand,SER,22.156554999999997,85.545961
NIP,Nizampur,Rajasthan,NWR,27.9667684942,76.0107869
PPY,PAPATAPALLI,Andhra Pradesh,SCR,17.373688,80.175744
PHRH,PANCH RUKHI,Himachal Pradesh,NR,32.056252,76.564492
PUL,RAMPURA PHUL,Punjab,NR,30.269357000000003,75.23737999999999
RBGJ,ROBERTS GANJ,Uttar Pradesh,NCR,24.683136,83.077822
POKL,PEOKOL,Uttar Pradesh,NER,26.340803,83.930204
RDD,RIKHABDEV ROAD,Rajasthan,NWR,23.997173,73.74805500000001
PPC,PIPRAICH,Uttar Pradesh,NER,26.828307,83.535848
RGO,ROTEGAON,Maharashtra,SCR,19.956132,74.75787
RMJK,RAM NAGAR J K,Jammu and Kashmir,NR,32.863528,75.14542599999999
PRL,POLUR,Tamil Nadu,SR,12.511327000000001,79.13055800000001
PMKT,PIMPALKHUTI,Maharashtra,CR,19.829473,78.581025
PRT,PANRUTI,Tamil Nadu,SR,11.773239,79.555153
PAD,PARDI,Gujarat,WR,20.513153,72.92431099999999
PFM,PHAPHAMAU JN,Uttar Pradesh,NR,25.524255999999998,81.866406
PDV,PANDARAVADAI,Tamil Nadu,SR,10.913696,79.242126
PNHI,PANHAI,Uttar Pradesh,NCR,25.081679,81.189495
NWMS,NOAPARA MAHISHA,West Bengal,ER,24.323279,88.13727399999999
PNB,PANBARI,Assam,NFR,26.226727,91.951417
ODB,OODLABARI,West Bengal,NFR,26.866793,88.624639
PNU,PALANPUR JN,Gujarat,WR,24.174433,72.430172
PLSG,Palasingi,Andhra Pradesh,ECoR,19.014074,83.805056
PUX,Parasia,Madhya Pradesh,CR,22.193186,78.76432
PKQ,Pattikkad,Kerala,SR,11.020627,76.23179499999999
PDSN,Peddasana,Andhra Pradesh,ECoR,18.593147,84.18448500000001
PTD,Petlad Junction,Gujarat,WR,22.5452909,72.9294731
PCLI,Palachauri,Madhya Pradesh,CR,22.201012,78.659087
PLA,Palia,Madhya Pradesh,WR,22.829589000000002,75.79984999999999
RHN,ROSHANPUR,Uttar Pradesh,NER,29.046556,78.887727
RNT,RANTHAMBHORE,Rajasthan,WCR,26.093062999999997,76.41000100000001
SAGM,SAGMA,Madhya Pradesh,WCR,24.622107,80.828347
RUI,Rukni,West Bengal,SER,23.551806,86.548025
RV,RAVER,Maharashtra,CR,21.222201,76.044594
SBV,SIMRI BHAKHTIYARPUR,Bihar,ECR,25.7208597875,86.5973840167
RJW,RAJEVADI,Maharashtra,CR,18.384143186099998,74.1551290765
SDHR,Sandhanidhar,Gujarat,WR,20.942193,70.713698
SAHP,SAHIJPUR,Gujarat,WR,23.061366,72.631634
SGF,SANGAT,Punjab,NWR,30.088059,74.83253
SAC,SANICHARA,Madhya Pradesh,NCR,26.363371,78.198369
RORA,RORA,Uttar Pradesh,NCR,25.293896,79.236769
SAPE,SAPE WAMNE,Maharashtra,KR,18.085549,73.356471
RJS,RAJIYASAR,Rajasthan,NWR,29.0674933054,73.8421637408
SET,SETTIHALLY,Karnataka,SWR,12.6442282946,77.1419178821
RMF,RAMNA,Jharkhand,ECR,24.239748,83.605713
SGKM,Srungavruksham,Andhra Pradesh,SCR,16.543756,81.601906
RGA,Rajgoda,West Bengal,SER,22.324313,87.866472
RVK,RAJA BHAT KHAWA,West Bengal,NFR,26.6201438112,89.528605351
RTB,RAJA TALAB,Uttar Pradesh,NER,25.2639068026,82.8507290414
PYD,PALLIYADI,Tamil Nadu,SR,8.26515,77.259683
SASG,Sasan Gir,Gujarat,WR,21.168995000000002,70.602443
SGV,Sargachhi,West Bengal,ER,24.01772,88.244037
RJL,Rajmahal,Jharkhand,ER,25.052535,87.831451
RS,Risia,Uttar Pradesh,NER,27.688822,81.605514
RCA,Rentachintala,Andhra Pradesh,SCR,16.545258999999998,79.549492
RAK,Ramkot,Uttar Pradesh,NR,27.534312,80.59740799999999
PXR,Palpara,West Bengal,ER,23.059458,88.520722
SDGH,Sri Dungargarh,Rajasthan,NWR,28.070311,74.008011
SCE,Senchoa Junction,Assam,NFR,26.3116130653,92.6424819141
SBL,Sabalgarh,Madhya Pradesh,NCR,26.2512745542,77.4087421698
SKJ,SAHIBPUR KAMAL JN,Bihar,ECR,25.4270372397,86.4001292639
SRM,Sarna,Punjab,NR,32.252678,75.57852799999999
SRW,Shri Karanpur,Rajasthan,NWR,29.844419000000002,73.458716
SKX,SARKARA,Uttarakhand,NER,29.166922000000003,79.083308
SMP,SHAMBHUPURA,Rajasthan,WR,24.771439,74.641918
SUX,SUDIYUR,Tamil Nadu,SR,9.602939000000001,78.48234500000001
SNRR,SANSARPUR,Madhya Pradesh,WCR,23.6789703455,80.3473074512
SVD,SARWARI,Maharashtra,SCR,19.764637,75.93969899999999
SZK,SUR KHAND KA KHEDA,Rajasthan,NWR,24.118095,73.879823
STZ,Satraon,Uttar Pradesh,NER,26.283587,83.82137900000001
SPLE,SUJNIPARA,West Bengal,ER,24.571584,88.03679699999999
SRT,SATUR,Tamil Nadu,SR,9.357545,77.92156999999999
SOAE,SOMRA BAZAR,West Bengal,ER,23.13916,88.433032
SJQ,SURAJPUR ROAD,Chhattisgarh,SECR,23.289233,82.880146
SR,SABLI ROAD,Gujarat,WR,23.0348065663,71.9526427954
SOL,Solan,Himachal Pradesh,NR,30.907937,77.097531
SGRR,SANGAR,Jammu and Kashmir,NR,32.80617,75.044078
SMF,SAMAR GOPALPUR,Haryana,NR,28.9608890803,76.51864460750001
STP,SITAPUR,Uttar Pradesh,NER,27.558728,80.697762
STDR,Satadhar,Gujarat,WR,21.283915999999998,70.721182
SJF,SAJANVAR ROAD,Gujarat,WR,21.07527,71.60840800000001
SHH,SHAPUR JN,Gujarat,WR,21.478281,70.37105700000001
SMX,Simurali,West Bengal,ER,23.041337,88.51016399999999
SNAR,Srinagar Rajasthan,Rajasthan,WCR,25.3640471585,75.5690913623
SMNE,SOMTANE,Maharashtra,CR,18.952233,73.145524
SRGT,SURENDRANAGAR GATE,Gujarat,WR,22.734565,71.636053
SWV,SAWANTWADI ROAD,Maharashtra,KR,15.866512,73.785308
SIM,SHRI AMIRGADH,Rajasthan,NWR,24.405948,72.643675
SLHA,SALHANA,Madhya Pradesh,WCR,23.820462097900002,80.65672125239999
SRMT,Sirmuttra,Rajasthan,NCR,26.518904,77.375168
SLM,Somalapuram,Andhra Pradesh,SWR,14.914015000000001,76.86885600000001
SNMY,Sindri Marshalling Yard,Jharkhand,ECR,23.667035000000002,86.46617599999999
SRSL,Sirsala,Rajasthan,NWR,28.4266753002,75.1294882373
SGPA,Sugapahari,Jharkhand,ER,24.2790237518,86.57804878910001
SVO,Sanvrad,Rajasthan,NWR,27.521887,74.518574
SJV,Sanjhauli Halt,Bihar,ECR,25.1438922456,84.191033988
SNZ,Sherganj,Uttar Pradesh,NER,28.380488999999997,79.804862
SMET,Shimoga Town,Karnataka,SWR,13.943036999999999,75.583174
SSNR,Satsang Nagar Halt,Jharkhand,ER,24.49030743,86.68168063
SKSO,Sikosa,Chhattisgarh,SECR,20.868216,81.285568
TIL,TILRATH,Bihar,ECR,25.441178999999998,86.06853100000001
UMM,UMRAM,Andhra Pradesh,SCR,19.661586179100002,78.4373421246
TDR,TIRUVIDAIMARUTHUR,Tamil Nadu,SR,10.990634,79.453706
TKH,Thakurtola,Orissa,SER,21.651992,86.97071700000001
TRPL,TRIPAL HALT,Himachal Pradesh,NR,32.00601,76.204696
TLRA,TALARA,Himachal Pradesh,NR,32.239023,75.903937
TMD,TALMADLA,Andhra Pradesh,SCR,18.239215,78.356638
BHKL,BHAKRAULI,Uttar Pradesh,NR,28.308471,78.474665
TRWT,TARAVATA,Madhya Pradesh,WCR,24.74613,77.381391
WKR,WANKANER JN,Gujarat,WR,22.622552,70.96561700000001
SWE,SIWAITH,Uttar Pradesh,NR,25.577037999999998,81.86926100000001
TGE,THEKERAGURI,Assam,NFR,26.199171,92.40385900000001
TSAH,Tata Sijua Halt,Jharkhand,SER,23.7745106829,86.3316696973
TGL,TUGGALI,Andhra Pradesh,SCR,15.310975000000001,77.53014599999999
UBL,HUBLI JN,Karnataka,SWR,15.350302000000001,75.148104
TID,TAGDI,Gujarat,WR,22.296445000000002,71.948621
ARGP,ARALAGUPPE,Karnataka,SWR,13.253131999999999,76.615439
UCA,UCHANA,Haryana,NR,29.466064000000003,76.178544
TAK,Tarakeswar,West Bengal,ER,22.882582,88.013437
UMN,AMBLIYASAN,Gujarat,WR,23.447386,72.423181
SZP,Shahjahanpur,Uttar Pradesh,NER,27.893402000000002,79.904536
TTQ,Thathankulam,Tamil Nadu,SR,8.627298,77.875152
TJH,Tajgadh,Gujarat,WR,22.350958,73.90478800000001
UKC,UKSHI,Maharashtra,KR,17.1297597205,73.4559422882
UAA,UPPALA,Kerala,SR,12.6698,74.906488
TKQ,TRIKARPUR,Kerala,SR,12.142185,75.176143
VAPM,VALAPATTANAM,Kerala,SR,11.927728,75.346365
TUNG,Tung,West Bengal,NFR,26.921803,88.294811
TKT,TIKKOTTI,Kerala,SR,11.490426,75.626246
UGWE,Ugwe,Maharashtra,SCR,20.806248999999998,77.009265
TRDI,Tirodi,Madhya Pradesh,SECR,21.688066,79.724564
TQA,Takia,Uttar Pradesh,NR,26.311678999999998,80.782017
TPU,Tanakpur,Uttarakhand,NER,29.067103,80.10904500000001
DHL,Devanhalli,Karnataka,SWR,13.246834,77.70463099999999
TAV,Talala Junction,Gujarat,WR,21.04184,70.522164
TPO,Tantpur,Rajasthan,NCR,26.83193514,77.47803025
THKU,Thallak,Karnataka,SWR,14.450854,76.675366
VD,VAGDIYA,Gujarat,WR,22.6141762638,71.2916898169
YGA,Yerra Goppa Halt,Karnataka,SWR,15.905354,75.64807800000001
AGQ,ASIRGARH ROAD,Madhya Pradesh,CR,21.378418,76.268065
AA,ATARIA,Uttar Pradesh,NER,27.172456999999998,80.861033
WSD,WASUD,Maharashtra,CR,17.377406,75.14765299999999
AED,AULENDA,Uttar Pradesh,NCR,27.029152,77.612583
ARH,AMHERA,Uttar Pradesh,NR,29.26223824,78.28580221
SWDE,SIWAHA,Haryana,NR,29.340294,76.456292
BHWA,BECHHIWARA,Rajasthan,NWR,23.787792,73.535256
VRV,VIRAVADA,Gujarat,NWR,23.612331,73.07902999999999
YLG,YALVIGI,Karnataka,SWR,15.0342535867,75.4094012659
ADHL,ADIHALLI,Karnataka,SWR,13.2834201678,76.3472840454
WRGN,WARIGAON NEWADA,Uttar Pradesh,NR,25.586146,82.56831600000001
APTA,APTA,Maharashtra,CR,18.863471,73.152629
WC,WADHWAN CITY,Gujarat,WR,22.702931,71.67236
ADRA,ADRA JN,West Bengal,SER,23.495992,86.67466499999999
AKOT,Akot,Maharashtra,SCR,21.095661,77.047217
BHUJ,BHUJ,Gujarat,WR,23.2660225,69.6778278
VLI,VALLIKUNNU,Kerala,SR,11.09046,75.85165099999999
ATRR,ATRAURA,Uttar Pradesh,NER,25.316112,82.314016
VPU,VELPURU,Andhra Pradesh,SCR,16.725963999999998,81.662635
VJPJ,VIJAYPUR JAMMU,Jammu and Kashmir,NR,32.57197,75.020996
ZNP,Zindpura,Uttar Pradesh,NER,28.191347,79.849699
BHRL,BHAROLI JUNCTION,Punjab,NR,32.27104809,75.61637323000001
PQT,Puniyavant,Gujarat,WR,22.332118,73.95733100000001
VRA,Valavanur,Tamil Nadu,SR,11.917402000000001,79.573803
XBKJ,Bikramganj,Bihar,ECR,25.218913999999998,84.27373100000001
VTG,Bhetaguri,West Bengal,NFR,26.3029681,89.6653098
ATKS,Atwa Kursath,Uttar Pradesh,NR,27.134570267199997,80.2672099268
WDJ,Wanderjatana,Punjab,NR,30.564802,74.740729
AMI,Amravati,Maharashtra,CR,20.930082900000002,77.7577863
BIPR,Bheempura,Rajasthan,NWR,25.129644,72.39224899999999
ARP,Atrampur,Uttar Pradesh,NR,25.572021,81.745663
WEL,Wellington,Tamil Nadu,SR,11.3559,76.786078
ARKA,Arkha,Uttar Pradesh,NR,25.867316000000002,81.331277
BAMA,BIRAMBAD,Rajasthan,NCR,26.922783000000003,77.32494000000001
AUR,ATRAULI ROAD,Uttar Pradesh,NR,28.0971879576,78.2201080066
BCB,Bhowra Junction,Jharkhand,SER,23.67077,86.417009
BHBK,BODHADI BUJRUG,Maharashtra,SCR,19.4962759853,78.1952487683
BDHA,BADHADA,Gujarat,WR,21.2703,71.33741400000001
BHET,BHESTAN,Gujarat,WR,21.1278829,72.8613128
BFZ,BHANDARTIKURI,West Bengal,ER,23.43319157,88.32981731
BATL,BAIHATOLA,Madhya Pradesh,SECR,23.231203999999998,82.05862
BGQ,BHONGAON,Uttar Pradesh,NCR,27.2590416,79.1657234
BGHU,Borraguhallu,Andhra Pradesh,ECoR,18.275624,83.040289
BELD,BELKHERA,Madhya Pradesh,WCR,22.981891,79.299879
BIF,BHAIRONPUR,Madhya Pradesh,WCR,22.432086,77.420409
BAU,BURHANPUR,Madhya Pradesh,CR,21.3343976,76.1986787
BJK,BIJORA,Rajasthan,WCR,25.145112400000002,76.3956989
BDT,BORDUBI ROAD,Assam,NFR,27.399181,95.314595
BPRS,BHOGPUR SIRWAL,Punjab,NR,31.556593699999997,75.6452234
BIP,BAHILPURWA,Uttar Pradesh,NCR,25.137088000000002,80.998599
BGWD,BAGEWADI,Karnataka,SWR,16.30777084,74.75360002999999
BGAN,Bangain,Uttar Pradesh,NER,27.238993,81.90592400000001
BID,BIDADI,Karnataka,SWR,12.8004252,77.39029839999999
BNDI,Barundini,Rajasthan,WCR,25.173406,74.93010100000001
BDCR,Bhadrachalam Road,Andhra Pradesh,SCR,17.550365,80.616024
AYU,ABHAYAPURI ASSAM,Assam,NFR,26.356599,90.641696
BFT,Bhabta,West Bengal,ER,23.9869677,88.241584
BHLP,BHULANPUR,Uttar Pradesh,NER,25.2878753,82.9575192
BAHP,Band Hamirpur,Uttar Pradesh,NR,26.32975,80.744382
BLSD,Balsamand,Rajasthan,NWR,27.581307,74.473873
BEE,Bebejia,Assam,NFR,26.310185,92.640956
BAA,Barala,West Bengal,ER,24.300532,88.039851
BDZ,Badkulla,West Bengal,ER,23.3046657,88.526557
BIGA,Bigga,Rajasthan,NWR,28.0474529072,74.20137015629999
BAYD,Beyad,Gujarat,WR,23.216364,73.20732600000001
BBLA,Bhyabla Halt,West Bengal,ER,22.654259999999997,88.854932
BHAN,Bhoyani,Gujarat,WR,23.358779,72.234682
BK,Bakra Road,Rajasthan,NWR,25.2130523,72.487603
BBJ,Babaganj,Uttar Pradesh,NER,27.964290000000002,81.568611
BBT,Birati,West Bengal,ER,22.66472,88.42761300000001
AWH,Alewahi,Maharashtra,SECR,20.38793,79.71014699999999
BDMA,Budhma,Bihar,ECR,25.902768,86.85700899999999
BGLI,Bargolai,Assam,NFR,27.287485999999998,95.703548
BLAX,BARLAI,Madhya Pradesh,WR,22.894163,75.962109
BSAE,BANSH BARIA,West Bengal,ER,22.957288000000002,88.395641
BRHL,BARYAL HIMACHAL,Himachal Pradesh,NR,32.025465000000004,76.100072
CHKE,Challakere,Karnataka,SWR,14.315154000000001,76.66001700000001
BRND,BORIDAND,Madhya Pradesh,SECR,23.267799,82.178765
CHRM,Chirmiri,Chhattisgarh,SECR,23.1894855,82.34955079999999
BPKA,BHOPALKA,Gujarat,WR,22.122780300000002,69.3687405
BNKH,BHAIRANAYAKANAH,Karnataka,SWR,13.194258,77.38339300000001
ALN,ALANDI,Maharashtra,CR,18.451229,74.09309499999999
BRLA,BRAYLA CHAURASI,Madhya Pradesh,WR,23.5556827445,75.0927610413
BQG,Bhagwangola,West Bengal,ER,24.333178,88.309816
BQM,Barelipur,Madhya Pradesh,CR,22.051583,78.407732
BNA,BANNI KOPPA,Karnataka,SWR,15.40662732,75.94180892
BKU,BHIKNUR,Andhra Pradesh,SCR,18.1644907169,78.39915082280001
BLSA,BOLSA,Maharashtra,SCR,19.0012905282,77.7029205847
BMBE,BIMBARI,Maharashtra,SCR,19.164065,77.631226
BOKR,BHOKAR,Maharashtra,SCR,19.213965,77.666535
CAG,CHHABRA GUGOR,Rajasthan,WCR,24.680339,76.850989
CJW,CHAJAWA,Rajasthan,WCR,25.008594000000002,76.580569
ADB,ADILABAD,Andhra Pradesh,SCR,19.680104,78.535285
BPM,BAGPAT ROAD,Uttar Pradesh,NR,28.957503,77.272589
CIV,Chinnaravuru,Andhra Pradesh,SCR,16.224010999999997,80.655843
CHI,CHIPLUN,Maharashtra,KR,17.542507399999998,73.522429
CAN,KANNUR,Kerala,SR,11.870694199999999,75.3683267
BNG,Barnagar,Madhya Pradesh,WR,23.0304117,75.6111208
MPL,Madanapalle Road,Andhra Pradesh,SCR,13.644442,78.55442400000001
BRQ,BAGRAKOT,West Bengal,NFR,26.87063169,88.58596154
BNQ,BANARHAT,West Bengal,NFR,26.797885,89.025682
BMJ,Bridgemanganj,Uttar Pradesh,NER,27.195536999999998,83.197098
BRK,Bahraich,Uttar Pradesh,NER,27.581536,81.6075183
BRMX,Barmi,Uttar Pradesh,NR,27.489413,80.56082099999999
BNW,Bhiwani,Haryana,NWR,28.7984261,76.1255797
BNSA,Banbasa,Uttarakhand,NER,28.991685,80.0732101
BSHT,Basirhat,West Bengal,ER,22.650516,88.86896
CHRU,CHAMRUA,Uttarakhand,NER,28.796205999999998,79.13898800000001
ANP,ANANDTANDAVPUR,Tamil Nadu,SR,11.143966349,79.6576745148
ANGR,ANGADGERI HALT,Karnataka,SWR,16.451873659999997,75.84589116000001
AAY,ARALVAYMOZHI,Tamil Nadu,SR,8.2494513612,77.5292646945
ALNP,Akelahanspur Halt,Uttar Pradesh,NER,28.34054,80.31557099999999
BAH,BHABHAR,Gujarat,WR,24.065279999999998,71.615774
AON,ARAON,Uttar Pradesh,NCR,27.114343,78.692248
BZLE,BAZARSAU,West Bengal,ER,23.8757926,88.1828793
CHPD,CHEPPAD HALT,Kerala,SR,9.232679000000001,76.47674199999999
CGO,CHHIDGAON,Madhya Pradesh,WCR,22.406953,77.314105
AJM,Adraj Moti,Gujarat,WR,23.258801000000002,72.565608
CKR,CHIKODI ROAD,Karnataka,SWR,16.3690477592,74.76949432980001
BSR,VASAI ROAD,Maharashtra,WR,19.3824486,72.8322217
ABGT,ARBAGATTA HALT,Karnataka,SWR,13.907468,76.13497100000001
BTJ,BISHNATHGANJ,Uttar Pradesh,NR,25.801897,81.935379
BUS,BADAUSA,Uttar Pradesh,NCR,25.248423000000003,80.651011
ANCR,ANCHURI,West Bengal,SER,23.283904,86.993174
BSZ,Bharwa Sumerpur,Uttar Pradesh,NCR,25.825412999999998,80.167419
BSW,Baneswar,West Bengal,NFR,26.388205,89.494466
PTN,PATAN,Gujarat,WR,23.853292,72.13167200000001
ABZ,Adgaon Buzurg,Maharashtra,SCR,21.123876,76.955924
ADE,ADARI ROAD,Gujarat,WR,20.986794999999997,70.330818
AMC,Amritapura,Karnataka,SWR,14.1395487324,76.24556342560001
CDA,CHUDA,Gujarat,WR,22.495211350199998,71.7500982013
AKS,ANKUSPUR,Uttar Pradesh,NER,25.5713190547,83.4940121521
ANO,ANJANI,Maharashtra,KR,17.620604999999998,73.399308
APDC,Alipur Duar Court,West Bengal,NFR,26.499254999999998,89.526808
CDK,CHANDKHERA ROAD,Gujarat,WR,23.111868,72.563224
CGHD,CHINNADAGUDI,Karnataka,SWR,12.084594000000001,76.732445
CJS,CHARAMULA KUSUM,Chhattisgarh,ECoR,19.020403,82.401044
BTGH,Bettadnagenhali,Karnataka,SWR,14.1738302683,76.2593350818
ADR,Mandi Adampur,Haryana,NWR,29.283136000000002,75.468851
BSUR,Bisalpur,Uttar Pradesh,NER,28.290515999999997,79.812599
ANC,Annechakanahali,Karnataka,SWR,12.7379,76.282814
CCI,Chinnekuntapali,Andhra Pradesh,SCR,14.4427884187,77.8420563
BTRI,Bitrol,Uttar Pradesh,NER,27.984069,78.92398
AGCI,Angadi,Gujarat,WR,22.806751,73.282558
ALS,Amlori Sarsar,Bihar,NER,26.2947140024,84.3455775659
BFE,BAHAWAL BASI,Punjab,NR,30.147265,74.279311
AXK,ASOKHAR,Madhya Pradesh,NCR,26.525539,78.55585400000001
AXA,AMARSAR,Gujarat,WR,22.585991,70.91711000000001
BENL,BENL,Karnataka,SWR,16.384407,75.882249
BBW,BODARWAR,Uttar Pradesh,NER,26.8780004923,83.6381910315
BAJE,Bajakare Halt,Karnataka,SWR,12.720476000000001,75.508955
AMQ,AMMUGUDA,Andhra Pradesh,SCR,17.487039,78.527215
BBA,BABRALA,Uttar Pradesh,NR,28.2664932,78.4034137
ALW,ALWAL,Andhra Pradesh,SCR,17.505779,78.515006
ATE,ATARRA,Uttar Pradesh,NCR,25.291367,80.576491
AWL,ALAWALPUR,Punjab,NR,31.425164,75.642236
AZP,AYYAMPET,Tamil Nadu,SR,10.896267,79.206701
ASK,ARSIKERE JN,Karnataka,SWR,13.314425,76.2520848
BAL,BUDALUR,Tamil Nadu,SR,10.782843000000002,78.981443
BAZ,BARAN,Rajasthan,WCR,25.0967701,76.50512839999999
AVRD,ARAVALI ROAD,Maharashtra,KR,17.316531,73.53816
BBGN,Barua Bamungaon,Assam,NFR,26.662157,93.944693
ANT,Anantnag,Jammu and Kashmir,NR,33.738534244499846,75.10713108815253
AVS,Auvaneeswaram,Kerala,SR,9.036513,76.852807
BDHN,Bodhan,Andhra Pradesh,SCR,18.645933,77.8881657
BED,Baseri,Uttar Pradesh,NCR,26.74699159,77.54301509999999
BDBG,Badhai Balamgarh Halt,Punjab,NR,30.459894,74.460168
AVK,Aravankadu,Tamil Nadu,SR,11.359124,76.769203
ATW,Atwa Muthia Halt,Uttar Pradesh,NR,27.273989999999998,80.415479
BGMU,Bangarmau,Uttar Pradesh,NR,26.89181589,80.22205951000001
BCHL,Bacheli,Chhattisgarh,ECoR,18.703461,81.238534
BFJ,Bhoras Budrukh,Maharashtra,CR,20.538301,75.01429200000001
BARL,Baral,Uttar Pradesh,NR,28.494092,77.80997500000001
BDBA,Badabandha Road,Orissa,ECoR,20.276721000000002,86.519951
BGD,Bara Gudah,Haryana,NWR,29.697657,75.00164099999999
BLA,BAJALTA,Jammu and Kashmir,NR,32.762368,74.953339
BHTL,BHATEL,Gujarat,WR,22.164096299999997,69.4936287
TSS,TALLI SAIDASAHU,Punjab,NR,31.03264,74.748404
BDWS,BADARWAS,Madhya Pradesh,WCR,24.983339819999998,77.56182792
BJPL,BAIJNATH PAPROLA,Himachal Pradesh,NR,32.050368999999996,76.632508
BLL,BANTANAHAL,Andhra Pradesh,SCR,15.16290019,77.27572365
BMA,BAGMAR,Madhya Pradesh,CR,21.7371288607,76.3616019397
BLWD,BOLWAD,Maharashtra,CR,16.823851,74.719998
BMNI,BAMANI,Maharashtra,CR,17.512801,75.23764299999999
BNY,Barhni,Uttar Pradesh,NER,27.4957951,82.7918337
BDVT,Bhadravati,Karnataka,SWR,13.842428700000001,75.702832
BMKI,BAPUDHAM MOTIHARI,Bihar,ECR,26.655732999999998,84.90529000000001
BIRD,BHIWANDI ROAD,Maharashtra,CR,19.268544000000002,73.045654
BI,BARI SADRI,Rajasthan,NWR,24.411465,74.468715
BLD,BHILAD,Gujarat,WR,20.275323200000003,72.887446
ALMW,ALMAW,Uttar Pradesh,NER,25.259915,82.489941
BGX,BAGRI SAJJANPUR,Rajasthan,NWR,25.916759000000003,73.821842
VTP,VASTRAPUR,Gujarat,WR,23.00802,72.517982
BNTH,BANDHNATH,Gujarat,WR,21.434145,70.356879
BIJR,BIJOOR,Karnataka,KR,13.8221962,74.6420535
BNS,BANAS,Rajasthan,NWR,24.7131638,72.98872560000001
BILP,Bhilpur,Gujarat,WR,22.196154999999997,73.323477
BGPR,BHAGWANPURA,Rajasthan,NWR,25.419012000000002,73.36331200000001
BGG,BANTA RAGHUNATHGARH,Rajasthan,NWR,25.60180707,73.52738176000001
BJPR,Bijaipur Road,Madhya Pradesh,NCR,26.196877,77.305586
BMY,Bamiana,Uttar Pradesh,NER,28.26312382,79.3291058
BNHR,Banbihari Gwalipur,Orissa,ECoR,20.33902661,86.20503345
BHAT,Bhatpura,Madhya Pradesh,NCR,26.327284000000002,77.674711
BINR,Brij Nagar,Rajasthan,NCR,27.439639,77.089708
BKS,Balikotia,Assam,NFR,26.46830942,92.57044308
BIR,Bir,Madhya Pradesh,WCR,22.05264,76.547232
BHDR,Bhadri,Uttar Pradesh,NR,25.6766583,81.56775470000001
BEDM,Bedham,Rajasthan,NCR,27.453929,77.209461
BPB,BADARPUR JN,Assam,NFR,24.865177499999998,92.5563227
GTU,GHAT NANDUR,Maharashtra,SCR,18.722977999999998,76.563483
BNTL,Bantawala,Karnataka,SWR,12.878545,75.034456
BRBL,Birahalli,Karnataka,SWR,12.667132,76.38519600000001
BSCK,BASUCHAK,Uttar Pradesh,NER,25.53140767,83.34822341
AND,ANDAMPALIAM,Tamil Nadu,SR,12.088426380000001,79.16898527
BRZ,BARETA,Punjab,NR,29.859333900000003,75.69240260000001
BRGW,BARGAWAN,Madhya Pradesh,WCR,24.197002,82.455989
BSY,BARSATHI,Uttar Pradesh,NR,25.564132999999998,82.473946
BUF,Bimlagarh Junction,Orissa,SER,21.964332,85.017326
BSKR,BASI KIRATPUR,Uttar Pradesh,NR,29.497228000000003,78.213283
CDS,CHANDISAR,Gujarat,WR,24.2064915,72.3128162
BTI,BHATINDA JN,Punjab,NR,30.209488,74.932083
BTZ,BALIMARA,Assam,NFR,27.236867999999998,95.333576
PTK,PATHANKOT,Punjab,NR,32.271804,75.644427
BVNR,BHAVANI NAGAR,Maharashtra,CR,17.156895,74.312946
BQP,Bighapur,Uttar Pradesh,NR,26.3551471,80.6934544
AMLR,AMALA NAGAR,Kerala,SR,10.561834,76.171838
BTC,Balaghat Junction,Madhya Pradesh,SECR,21.8116285,80.19988529999999
BOTI,Baori Thikria,Rajasthan,NWR,27.41454869,75.511335
BOF,Barog,Himachal Pradesh,NR,30.890852900000002,77.0829696
BSTP,Basantapur,Orissa,ECoR,21.548768,85.67658999999999
BTM,Battulapuram,Andhra Pradesh,SCR,13.74759508,78.30580244
BSWA,Baiswara,Uttar Pradesh,NR,26.284843000000002,80.83471200000001
AMJ,Amin Gaon,Assam,NFR,,
AMNR,Ammanur,Tamil Nadu,SR,,
BPC,Berhampore Court,West Bengal,ER,24.0890841,88.263642
AMM,Atirampattinam,Tamil Nadu,SR,10.332285228976446,79.38580758869648
CRWA,Chirawa,Rajasthan,NWR,28.223341365041605,75.65068451687694
ANKI,Anakhi,Gujarat,WR,,
ANW,Anawal,Gujarat,WR,,
BWC,Banwali,Rajasthan,NWR,29.91997899999999,74.029894
BT,Barasat,West Bengal,ER,22.723879999999998,88.48348299999999
BYP,Baijnathpur,Bihar,ECR,25.901014,86.653766
BPD,Bahadurpur,West Bengal,ER,23.438519499999998,88.4633792
BXF,Barsuan,Odisha,SER,21.847398000000002,85.119799
AMO,Amolwa,Bihar,ECR,27.211161,84.478487
BXN,BAYANA JN,Rajasthan,WCR,26.916354000000002,77.29713100000001
DNRP,DUNGARPUR,Rajasthan,NWR,23.867175000000003,73.69546199999999
CHBR,CHAURE BAZAR,Uttar Pradesh,NR,26.469531,82.118735
DDW,DUDWA,Uttar Pradesh,NER,28.50831,80.672161
CKE,CHOKI SORATH,Gujarat,WR,21.659142000000003,70.525813
CIH,Chilhia,Uttar Pradesh,NER,27.35207,82.990864
DGLE,DHULIAN GANGA,West Bengal,ER,24.672086,87.937644
CDM,CHIDAMBARAM,Tamil Nadu,SR,11.391471000000001,79.7033411
COO,CHHOTI ODAI,Rajasthan,WCR,26.558703,76.805294
CAMU,CHAMUA,Bihar,ECR,27.137702177799998,84.40083419070001
DHLI,Dethli,Gujarat,WR,23.486172,72.10305100000001
DHAE,DAINHAT,West Bengal,ER,23.60191,88.17026899999999
DAD,DEVARGUDDA,Karnataka,SWR,14.66779,75.57614099999999
DEW,Dewalgaon,Maharashtra,SECR,20.8911603401,80.0792665497
BWSN,BIJWASAN,Delhi NCT,NR,28.536700000000003,77.051292
DBS,DOBBSPET,Karnataka,SWR,13.2331801567,77.2491554279
DCK,DHANDHUKA,Gujarat,WR,22.384024,71.975613
COB,Cooch Behar,West Bengal,NFR,26.3029681,89.6653098
CQA,Cherukara,Kerala,SR,10.929228,76.22811899999999
DEE,DELHI SARAI ROHILLA,Delhi NCT,NR,28.662992,77.187106
DBSI,DAYA BASTI,Delhi NCT,NR,28.667329000000002,77.17138999999999
CWN,Charawan,Punjab,NR,30.501186999999998,74.578082
DOB,Dundlodh Mukundgarh,Rajasthan,NWR,27.93879936977548,75.23735384456813
BWK,Bawani Khera,Haryana,NWR,28.939509,76.032707
BARU,Baharu,West Bengal,ER,22.205278,88.44446
DOX,DOHNA,Uttar Pradesh,NER,28.434064000000003,79.432729
DKJ,DORNAKAL JN,Andhra Pradesh,SCR,17.445987000000002,80.153157
GGC,GANGAPUR CITY,Rajasthan,WCR,26.468979,76.72770799999999
DMPR,DHARAMPUR,Uttar Pradesh,NR,28.150306,78.265728
DJI,DHORAJI,Gujarat,WR,21.72217,70.44478000000001
DLD,DALAUDA,Madhya Pradesh,WR,23.948636999999998,75.105361
TKRU,TAKHRAU,Uttar Pradesh,NCR,27.274196,79.212452
DSK,DUSKHEDA,Maharashtra,CR,21.073708,75.839083
DING,Ding,Haryana,NWR,29.461053699999997,75.2606046
DHPD,DHAPARA DHAM,West Bengal,ER,24.195866000000002,88.246087
DNE,DHAMNI,Maharashtra,SCR,19.647058,77.177888
DHRJ,DHIRGANJ,Uttar Pradesh,NR,25.745642,81.924339
GDG,GADAG JN,Karnataka,SWR,15.437048,75.642481
DNJ,DAUNDAJ,Maharashtra,CR,18.2300065666,74.176780918
DVG,DAVANGERE,Karnataka,SWR,14.467834,75.92229
DRGM,DEORAGRAM,Madhya Pradesh,WCR,24.096925000000002,82.35246400000001
DMYA,DAMOY,Madhya Pradesh,WCR,23.971207999999997,80.99678700000001
DRU,KADUR,Karnataka,SWR,13.552501000000001,76.008846
DTN,DHAMTAN SAHIB,Haryana,NR,29.688827,76.004006
FDK,FARIDKOT,Punjab,NR,30.682857,74.76137999999999
DULP,Daulatpur Haryana,Haryana,NR,29.452122999999997,75.88859
DPSR,Dapsaura,Uttar Pradesh,NCR,25.983503,80.202954
DMF,Dumerta,Orissa,SER,22.185683,84.914683
DPJ,Dharmapuri,Tamil Nadu,SWR,12.126595,78.154742
DVA,Delvada,Gujarat,WR,20.773429,71.041529
DKU,Dumri Khurd,Maharashtra,SECR,21.310416,79.312269
DNX,Dhansu,Haryana,NR,29.211731,75.801658
DIBL,Dholi Bhal,Gujarat,WR,22.44572,72.0826
DTJ,Detroj,Gujarat,WR,23.332027810299998,72.1765459082
GRN,GURNAY,Punjab,NR,29.874366636999998,75.80467660219999
GILL,GILL,Punjab,NR,30.840521000000003,75.848169
DTL,DARRITOLA,Chhattisgarh,SECR,23.289638,82.395751
DWT,Dewan Hat,West Bengal,NFR,26.3029681,89.6653098
FNO,FUNGO HALT,Bihar,ECR,25.6187302859,86.6044763025
FRD,FARHEDI,Uttar Pradesh,NR,28.711716968,78.7937161591
GKJ,GOLAKGANJ,Assam,NFR,26.108359,89.83064999999999
FTC,Fatehpur Chursi,Uttar Pradesh,NR,26.843511,80.26179
GNGL,Gangauli,Uttar Pradesh,NER,25.668107000000003,82.86309299999999
GKK,GOKAK ROAD,Karnataka,SWR,16.205164,74.738839
GRRG,GURLI RAMGARHWA,Uttar Pradesh,NER,27.185738999999998,83.771432
FKB,FAKHRABAD,Andhra Pradesh,SCR,18.824644,77.974481
GPR,GHORPURI,Maharashtra,CR,18.5278209233,73.893448392
GHL,GOLHALLI,Karnataka,SWR,13.148289,77.413983
FSW,Fateh Singhwala,Rajasthan,NWR,29.91997899999999,74.029894
DYK,DUDHIA KHURD,Uttar Pradesh,NER,28.46474,80.19780499999999
GND,Govindgarh Malikpur,Rajasthan,NWR,27.240582,75.64500100000001
GNO,GOREGAON ROAD,Maharashtra,KR,18.162498,73.30253
DWV,DIWANKHAVATI,Maharashtra,KR,17.855413000000002,73.418174
GMDN,GIRIMAIDAN,West Bengal,SER,22.340478,87.306151
GSB,GARNA SAHIB,Punjab,NR,31.7805618081,75.65349208250001
GKL,GOKULPUR,West Bengal,SER,22.375923,87.293716
GLMA,GULMA,West Bengal,NFR,26.802802,88.403784
EN,ISAND,Gujarat,WR,23.294039,72.484975
DXN,DUDDHINAGAR,Uttar Pradesh,ECR,24.2090318514,83.21679153630001
GAJB,GAJARA BAHARA,Madhya Pradesh,WCR,24.05344,82.31176099999999
GMM,Gumman,Himachal Pradesh,NR,30.842438,76.97194
GBRI,Gobarwahi,Maharashtra,SECR,21.514747,79.723237
DRZ,Dalli Rajhara,Chhattisgarh,SECR,20.586729,81.067973
GRHM,Gir Hadmatiya,Gujarat,WR,20.988488,70.687208
GRKN,Gorakhnath,Orissa,ECoR,20.308158000000002,86.260098
BGL,Bagula,West Bengal,ER,23.335464709999997,88.64640372000001
GHS,Guru Harsahai,Punjab,NR,30.715001,74.399987
GEB,Garh Baruari,Bihar,ECR,26.019349,86.605596
GAD,Gevra Road,Chhattisgarh,SECR,22.348523999999998,82.64566
GHRI,Ghori Halt,Uttar Pradesh,NR,27.373959,80.503293
GJMB,Ganjmuradabad,Uttar Pradesh,NR,26.987889000000003,80.177008
GAJU,Gaju Halt,Uttar Pradesh,NR,27.204231,80.37297299999999
GNN,GANGINENI,Andhra Pradesh,SCR,16.781754,80.498954
HRW,HARRAWALA,Uttarakhand,NR,30.260892,78.097705
NGRS,NAGROTA SURIYAM,Himachal Pradesh,NR,32.051899,76.09101
HLN,Hole Narsipur,Karnataka,SWR,12.786494999999999,76.24646
HGL,HARANGUL,Maharashtra,CR,18.385198,76.48091199999999
HBL,HOMBAL,Karnataka,SWR,15.520135999999999,75.576122
HD,HARDA,Madhya Pradesh,WCR,22.338414,77.10084
HTL,HATIKHALI,Assam,NFR,25.611069999999998,93.09084800000001
JAO,JAORA,Madhya Pradesh,WR,23.627772999999998,75.11563199999999
HMK,HINDUMALKOTE,Rajasthan,NR,30.147102999999998,73.925834
GUNS,GHUNAS,Punjab,NR,30.320113000000003,75.420592
HA,HARGAON,Uttar Pradesh,NER,27.769192,80.728229
HMG,HAMIRGARH,Rajasthan,NWR,25.187264,74.616939
HGI,HAGARI,Karnataka,SCR,15.1512387259,77.0517473206
HPRD,HAPA ROAD,Gujarat,WR,23.540458,72.938107
PTB,PATTAMBI,Kerala,SR,10.8019329802,76.1813366473
PBJM,Pabnawa Jasmahinder Halt,Haryana,NR,29.895695706599998,76.6527179736
HDD,HADDINAGUNDU,Karnataka,SCR,15.153264,76.979148
GLPT,GOALPARA TOWN,Assam,NFR,26.126534999999997,90.62065899999999
HBS,HEBSUR,Karnataka,SWR,15.42206,75.283878
GUK,GUNTAKONDURU,Andhra Pradesh,SCR,16.45715,81.077533
JAL,JAWALI,Rajasthan,NWR,25.462722,73.39687099999999
HZN,Hazrat Nagar Halt,Uttar Pradesh,NR,28.633331000000002,78.665909
HLD,Haludpukur,Jharkhand,SER,22.7428208,86.2607646
GSGJ,Ghausganj,Uttar Pradesh,NR,27.135126874500003,80.2918266571
JMV,Jambara,Madhya Pradesh,CR,21.943048,78.251975
HAS,Hassan Junction,Karnataka,SWR,13.003182,76.117359
HHR,Hridaypur,West Bengal,ER,22.711098,88.470282
HER,Her,Maharashtra,SCR,18.4269033932,76.97130647339999
JRKT,JADARAMA KUNTE,Karnataka,SWR,16.2842670722,75.83866138549999
JGW,JOGIWALA,Punjab,NR,31.093842,75.067432
IKK,IKKAR,Uttarakhand,NR,29.891989,78.099997
JCH,JETHA CHANDAN,Rajasthan,NWR,26.999949,71.308307
QSR,KANSRAO,Uttarakhand,NR,30.0785698608,78.1417954028
JSKA,JATAULA SAMPHKA,Haryana,NR,28.372602,76.799492
JWS,JHARWASAA,Rajasthan,NWR,26.210097,74.7074
JMKR,JAWLMUKHI ROAD,Himachal Pradesh,NR,32.015744000000005,76.226427
KAWL,KANDWAL HALT,Himachal Pradesh,NR,32.282959,75.76982299999999
JTW,JAITWAR,Madhya Pradesh,WCR,24.740226,80.863876
JUK,JAULKA,Maharashtra,SCR,20.2854429153,77.0759090985
JKE,JUKEHI,Madhya Pradesh,WCR,23.986873000000003,80.432389
KANO,Kanoh,Himachal Pradesh,NR,30.992082999999997,77.11800600000001
JIND,JIND JN,Haryana,NR,29.328875999999998,76.28961699999999
JDH,JAM JODHPUR JN,Gujarat,WR,21.906659,70.03138700000001
JKB,Jakhalabandha,Assam,NFR,26.563801,92.991109
JVT,JIVANTI HALT,West Bengal,ER,24.080516999999997,88.192446
JMK,JAMUNAMUKH,Assam,NFR,26.108194,92.741306
KDL,Kankroli,Rajasthan,NWR,25.049118999999997,73.909586
JRQ,JHAROKHAS,Uttar Pradesh,ECR,24.1796156953,83.164150647
JEA,Nakaha Jungle,Uttar Pradesh,NER,26.803135,83.360755
JOBA,JOBA,Madhya Pradesh,WCR,24.096599,81.762682
KASU,KASU,Maharashtra,CR,18.64059,73.079446
KAL,Kallai,Tamil Nadu,SR,9.977293,78.670312
KAWR,KARWAR,Karnataka,KR,14.821387,74.183139
IPR,Islampur,Bihar,ECR,25.138577101499997,85.2173007153
JDB,JAGDALPUR,Chhattisgarh,ECoR,19.066004,82.013757
CGKP,CHANDAGIRIKOPAL,Karnataka,SWR,12.478701999999998,76.716049
JWB,JAWAI BANDH,Rajasthan,NWR,25.114043000000002,73.14732500000001
JJJ,Jaijon Doaba,Punjab,NR,31.349656,76.134971
JJG,JiaGanj,West Bengal,ER,24.244268,88.27698
HSRA,Hosur,Tamil Nadu,SWR,12.717606,77.822839
KBK,Khamil Ghat,Rajasthan,NWR,25.626813000000002,73.864884
JCN,Junichavand,Gujarat,WR,21.385151,70.683667
KANS,Kansiya Nes,Gujarat,WR,21.244101999999998,70.64004200000001
KDM,KESAMUDRAM,Andhra Pradesh,SCR,17.686252,79.89647099999999
CNHL,CHINK HILL,Maharashtra,CR,18.099269000000003,75.45468500000001
KD,KUNDARKHI,Uttar Pradesh,NR,28.680444428799998,78.7880650638
COA,Kakinada Port,Andhra Pradesh,SCR,16.955204000000002,82.240057
JRLE,JANGIPUR ROAD,West Bengal,ER,24.459515,88.04076
CKTD,CHITRAKUTDHAM KARWI,Uttar Pradesh,NCR,25.217610999999998,80.922775
KCM,Kalasumudram,Andhra Pradesh,SCR,14.21716,78.099683
KDK,KOHDAD,Madhya Pradesh,CR,21.7026228941,76.36547849
CHU,Champion,Karnataka,SWR,12.936251,78.262564
CJR,CHAMARAJ,Gujarat,WR,22.735539,71.555883
CJL,CHAJLI,Punjab,NR,30.042985535099998,75.81228634829999
KEK,KARKHELI,Maharashtra,SCR,18.944571,77.73819999999999
CNPR,CHAINPUR,,ECR,23.729821,85.582933
KDI,KUNDLI,Gujarat,WR,22.2788440574,71.68394941769999
CIA,CHHEHARTA,Punjab,NR,31.621878000000002,74.794278
CNO,CANCONA,Goa,KR,15.006905999999999,74.039454
CJA,CHONGAJAN,Assam,NFR,26.062329,93.818104
CLR,CASTLE ROCK,Karnataka,SWR,15.397879,74.334484
KDO,KADAKOLA,Karnataka,SWR,12.190406999999999,76.663729
JPZ,JOGIGHOPA,Assam,NFR,26.241537,90.576384
CMK,Chamak,Maharashtra,CR,,
KGN,Kurseong,West Bengal,NFR,26.877401000000003,88.277001
KAWT,Kanwat,Rajasthan,NWR,27.5895214437,75.67626636840001
CNN,Chintaman Ganes,Madhya Pradesh,WR,23.145849,75.741029
CMA,Cinnamara,Assam,NFR,26.715526999999998,94.169432
CMW,Chima Pahad,Andhra Pradesh,SCR,17.516012,80.463656
CHTT,Chitta Halt,Uttar Pradesh,NCR,17.823439,77.53707700000001
CKD,Charkhi Dadri,Haryana,NWR,28.600799,76.279921
CKSR,Chak Safaura Halt,Uttar Pradesh,NER,28.211203,79.842478
CHWT,Chhaprawat,Uttar Pradesh,NR,28.541970328,77.79989095580001
KDBA,Kodimbala Halt,Karnataka,SWR,12.718252,75.476631
KEMR,KEMRI,Uttar Pradesh,NER,28.809864,79.19779600000001
KHTX,KHED TEMPLE HALT,Rajasthan,NWR,25.886233999999998,72.109226
CPU,CHOPAN,Uttar Pradesh,ECR,24.51403,83.025843
DAC,DAHINSARA JN,Gujarat,WR,22.955606999999997,70.618291
PTZ,Patsul,Maharashtra,SCR,21.0022,77.038231
KJA,KHAJURHAT,Uttar Pradesh,NR,26.525308,82.126813
DBD,DEOBAND,Uttar Pradesh,NR,29.680031500000002,77.67087339999999
CRG,CHURAMAN NAGRI,Rajasthan,WCR,27.40119,77.61766999999999
COR,CHITTAURGARH,Rajasthan,WR,24.874340999999998,74.623687
CVB,CAVALRY BARRCKS,Andhra Pradesh,SCR,17.494734,78.518694
CUK,CHURK,Uttar Pradesh,NCR,24.6496787,83.1032006
KIN,Kapasan,Rajasthan,NWR,24.86221,74.312762
KHRY,KHAIRAHI,Uttar Pradesh,NCR,24.8020366077,82.9857744763
DAB,DHARMABAD,Maharashtra,SCR,18.888260310099998,77.8493415012
CRD,MUMBAI CURREY ROAD,Maharashtra,CR,18.9937,72.83265999999999
CTHT,CHATAR HALT,Bihar,ECR,24.842143999999998,85.495374
CRND,Choranda Junction,Gujarat,WR,,
KLAD,KALANAD HALT,Kerala,SR,12.467679,74.998515
DAS,DHASA JN,Gujarat,WR,21.782545,71.51800800000001
KHD,KHODIYAR,Gujarat,WR,23.156554,72.548244
CTRL,CHHATRAL,Gujarat,WR,23.26246,72.46851799999999
CTKT,Choti Khatu,Rajasthan,NWR,27.155534,74.35722999999999
KKD,Kalkund,Madhya Pradesh,WR,22.47801,75.85927000000001
DAVC,Jalalabad DAV College,Punjab,NR,,
CRE,Charghat Piparia,Madhya Pradesh,SECR,23.044097,79.929889
D,Deula,West Bengal,ER,22.214924,88.28148300000001
KJV,Khijadiya Junction,Gujarat,WR,21.740875,71.275556
DARI,Dhari Junction,Gujarat,WR,21.326767,71.027594
DEA,Diara,West Bengal,ER,22.798157,88.280471
CRN,Charegaon,Madhya Pradesh,SECR,22.042038383999998,80.1401154919
CTL,Chital,Gujarat,WR,21.745689,71.218128
KHRI,Kharkhari,Jharkhand,SER,23.760124,86.234894
KFH,Katphal,Maharashtra,CR,18.23255147,74.59603216999999
KJPD,Kurinjipadi,Tamil Nadu,SR,11.572583,79.595999
KLH,Khemli,Rajasthan,NWR,24.690834,73.84238599999999
KLNK,Kalanaur Kalan,Haryana,NWR,28.8349236,76.389612
DDK,Dhindsa,Punjab,NR,30.895838,74.738503
KMT,KHAMMAM,Andhra Pradesh,SCR,17.249347,80.138491
DEU,Devsana,Gujarat,WR,,
DEWA,Dewa,Gujarat,WR,,
KTHA,KHUTAHA,Madhya Pradesh,WCR,24.802248,80.86085
DGJ,DUNGAR JN,Gujarat,WR,21.078274,71.55322600000001
KMA,KAIMA,Madhya Pradesh,WCR,24.611085,80.845912
KNRG,KANHARGAON NAKA,Maharashtra,SCR,19.9439708108,77.1462260938
KMLM,Kelamangalam,Tamil Nadu,SWR,12.616200000000001,77.865703
KTLR,KANTHALIYA ROAD,West Bengal,ER,23.991771,88.179001
KRPR,KAREPUR,Maharashtra,SCR,18.589152000000002,76.681135
KNW,KHANDWA,Madhya Pradesh,CR,21.823596,76.353227
KNG,Kathunangal,Punjab,NR,31.7287,75.015194
DH,Diamond Harbour,West Bengal,ER,22.191902,88.18991600000001
DHY,DHARODI,Haryana,NR,29.6399235976,76.0559746887
KNAR,KHANPUR AHIR,Rajasthan,NWR,27.911754000000002,76.589847
KOP,C SHAHU M RAJ KOLHAPUR TERM,Maharashtra,CR,16.70257,74.237695
KOLI,KESHOLI,Rajasthan,WCR,24.727194,76.790369
DGPP,DHENGLI PP GOAN,Maharashtra,SCR,19.406622,76.49169
KTHD,Kothari Road,Chhattisgarh,SECR,22.156964000000002,82.70858000000001
KMBL,KHAMBHALIYA,Gujarat,WR,22.217513,69.657344
KRDL,Kirandul,Chhattisgarh,ECoR,18.757486,81.25813099999999
KNLS,KANALAS JN,Gujarat,WR,22.319955,69.896549
KODN,KODUMUNDA,Kerala,SR,10.816930512899999,76.1428790756
KSDE,KARSINDHU,Haryana,NR,29.392008,76.731866
KSC,KASHI CHAK,Bihar,ECR,25.070798999999997,85.718754
KRYA,KURRAIYA,Uttar Pradesh,NER,28.416819,80.24421199999999
KRJD,KARJODA,Gujarat,NWR,24.218469000000002,72.45567100000001
KPKI,QASIMPUR KHERI,Uttar Pradesh,NR,29.182769999999998,77.28593
KMSD,Kumar Sadra,Chhattisgarh,ECoR,18.912986,81.671506
KPE,Kauwapur,Uttar Pradesh,NER,27.5158216097,82.2979015082
KSUA,Kashipura,Gujarat,WR,23.120701,73.170262
KRA,Karepalli,Andhra Pradesh,SCR,17.511408000000003,80.27186499999999
KTRD,Katosan Road,Gujarat,WR,23.409181,72.246237
DHK,Dhakuria,West Bengal,ER,22.51554,88.371504
KNL,Kalanwali,Haryana,NWR,29.835057,74.97985
LHU,Loharu,Haryana,NWR,28.427051,75.801613
DNHK,DHINDHORA HKMKD,Rajasthan,WCR,26.803925,77.103482
LKY,LAKHMAPUR,Karnataka,SWR,15.870282,75.627712
LPW,Loharpurwa,Uttar Pradesh,NER,27.082641,83.268484
LNS,LUNSU HALT,Himachal Pradesh,NR,32.018944,76.1797
LER,Lehra,Uttar Pradesh,NER,27.161243,83.23414199999999
MKRA,MAKRERA,Rajasthan,NWR,26.310925310800002,74.5333715979
LHN,LACHYAN,Maharashtra,SWR,17.2795737583,75.9717014606
LAUL,LAUL,Maharashtra,CR,18.0338728828,75.3950100488
KVC,KAPARPURA,Bihar,ECR,26.179892000000002,85.309233
LDCY,LODI COLONY,Delhi NCT,NR,28.579455000000003,77.216548
MDPA,MANDPIYA,Rajasthan,NWR,25.261369,74.63571300000001
KTE,KATNI,Madhya Pradesh,WCR,23.833385,80.400543
KY,KARELI,Madhya Pradesh,WCR,22.932344,79.066765
LMD,LINGANENIDODDI,Andhra Pradesh,SCR,15.399929,77.703397
KXX,KATA ROAD,Maharashtra,SCR,20.187338999999998,77.11088000000001
KURJ,KHAJURAHO,Madhya Pradesh,NCR,24.7969839,79.8900217
LKT,HULKOTI,Karnataka,SWR,15.434667000000001,75.531958
LAD,Lohardaga,Jharkhand,SER,23.445967,84.70733
KVS,KALSUR,Karnataka,SWR,14.888042065499999,75.40095653559999
KZPR,KAZIPARA,West Bengal,ER,23.909854000000003,88.188491
LMG,LUMDING JN,Assam,NFR,25.750035999999998,93.17660000000001
LR,LADPURA,Rajasthan,NWR,26.504385,74.728726
KZX,KHUDDA KORALA,Punjab,NR,31.729693,75.647484
MHJ,MAHAJAN,Rajasthan,NWR,28.793007,73.85366599999999
LKS,LUNKARANSAR,Rajasthan,NWR,28.493395,73.743155
LUNI,LUNI JN,Rajasthan,NWR,26.001255999999998,73.003175
KTRR,Kathara Road,Uttar Pradesh,NCR,26.310011,80.228735
KWW,Kuswa,Uttar Pradesh,NCR,27.473814,78.40369700000001
KUDL,KUDAL,Maharashtra,KR,16.017651,73.67813000000001
KUL,KALLAYI,Kerala,SR,11.234606999999999,75.788884
KVM,Kavutaram,Andhra Pradesh,SCR,16.328919999999997,81.069608
DNZ,Dhanori,Maharashtra,CR,,
MAD,MADDUR,Karnataka,SWR,12.604742,77.049522
KUPR,Khurdpur,Punjab,NR,31.424854,75.72317
MAH,Madhoganj,Uttar Pradesh,NR,27.117963000000003,80.135457
LOV,Lovedale,Tamil Nadu,SR,11.382403,76.704285
LKQ,Laukaha Bazar,Bihar,ECR,26.543198,86.463013
KVLR,Karuvalli,Tamil Nadu,SWR,11.831114000000001,78.027912
LSG,Lawa Sardargarh,Rajasthan,NWR,25.272755999999998,73.948453
MJL,MAJHOWLIA,Bihar,ECR,26.802772,84.619139
MNKB,MIYONKA BARA,Rajasthan,NWR,25.872726999999998,72.728511
MBG,MAIBANG,Assam,NFR,25.30497,93.13537099999999
MKR,MADDIKERA,Andhra Pradesh,SCR,15.256635000000001,77.411496
MC,MANDAPAM CAMP,Tamil Nadu,SR,9.281533,79.134997
LUR,LATUR,Maharashtra,CR,18.429166,76.55604899999999
MJPB,Manjhra Purab,Uttar Pradesh,NER,28.300646,81.160402
LTRR,LATUR ROAD,Maharashtra,SCR,18.506494,76.845289
MKHR,MARWAR KHARA,Rajasthan,NWR,27.060569440800002,72.1300715057
MABD,MAHBUBABAD,Andhra Pradesh,SCR,17.597561,79.999792
MGG,MANGLIYA GAON,Madhya Pradesh,WR,22.815074,75.91805099999999
MDS,MANDASOR,Madhya Pradesh,WR,24.075937000000003,75.07634300000001
MAKH,MOKHAMPURA,Rajasthan,NWR,26.030315,74.68323000000001
MAY,MARIAHU,Uttar Pradesh,NR,25.597006,82.598166
MLDE,MADLAUDA,Haryana,NR,29.399824,76.809711
MED,MEDCHAL,Andhra Pradesh,SCR,17.639335,78.474557
ME,MASAIPET,Andhra Pradesh,SCR,17.8805365542,78.4669570667
MDVR,MADHAVNAGAR,Maharashtra,CR,16.886605,74.575493
KDRD,KHULDIL ROAD,Uttar Pradesh,ECR,24.368371999999997,82.86161
MLI,MANGALIYAWAS,Rajasthan,NWR,26.278197000000002,74.492705
MDT,MADARIHAT,West Bengal,NFR,26.694551388,89.274559021
DWDI,Dighwa Dubauli,Bihar,NER,26.2652295458,84.7432486377
MHV,MAHUVA JN,Gujarat,WR,21.09412,71.756011
MHBZ,Mahtha Bazar,Uttar Pradesh,NER,27.391561,82.957379
MIM,Maniram,Uttar Pradesh,NER,26.838267,83.342407
MBV,Mirzapur Bachhaud,Haryana,NWR,28.077937000000002,76.198447
MDDG,Malad Gaon,Maharashtra,CR,18.36212,74.596581
MNJR,Manjhlepur,Uttar Pradesh,NR,25.994578,81.178625
MGF,Mandagere,Karnataka,SWR,12.730158,76.378905
MDE,Makhdumpur Gaya,Bihar,ECR,25.077130999999998,84.979105
MHQ,Mahuda,Jharkhand,SER,23.747481,86.27078300000001
MMD,Maheshmunda,Jharkhand,ER,24.232416,86.38903300000001
MRHT,MORANHAT,Assam,NFR,27.1829782,94.9193076
MTMI,MOTIMARI,Andhra Pradesh,SCR,16.956602,80.320896
MVN,MILAVITTAN,Tamil Nadu,SR,8.811577000000002,78.087335
MQC,MUNDKA,Delhi NCT,NR,28.6884911989,77.0285688654
MRV,MARSUL,Maharashtra,SCR,19.233398,77.09815599999999
MY,MALLIYAM,Tamil Nadu,SR,11.079116,79.595866
MOPR,MOHANPURA,Rajasthan,NR,29.992445,73.845031
MSR,MASUR,Maharashtra,CR,17.404241,74.14420899999999
MPLM,MARTHIPALAYAM,Tamil Nadu,SR,11.021579000000001,78.023359
NRD,NARODA,Gujarat,WR,23.085662,72.658017
MUUA,MAHUAWA KHURD,Uttar Pradesh,NER,26.854361,83.59392199999999
MSH,MAHESANA JN,Gujarat,WR,23.602623,72.388708
NIIJ,NILAJE,Maharashtra,CR,19.155061999999997,73.079908
MUKE,MUKKALI,Kerala,SR,11.68423,75.55036199999999
MVF,MANABAR,Orissa,ECoR,18.839732,82.695903
MYS,MYSORE JN,Karnataka,SWR,12.318946,76.646013
MRF,Marpalli,Andhra Pradesh,SCR,17.54542,77.771485
MSS,Masarahalli,Karnataka,SWR,13.804192,75.735905
MPE,Malatipur,West Bengal,ER,22.651892,88.76282300000001
NPS,Napasar,Rajasthan,NWR,27.980942000000002,73.56399
MZU,Marandahalli,Tamil Nadu,SWR,12.388944,78.01732899999999
MXP,Malupota,Punjab,NR,31.184014,75.965393
MPG,Manpur Nagaria,Uttar Pradesh,NER,27.908304,78.818201
MTND,Mattagajpur,Orissa,ECoR,20.441551999999998,85.946128
PAW,PANDABESWAR,West Bengal,ER,23.711965,87.277416
MYR,MAIHAR,Madhya Pradesh,WCR,24.255485,80.763148
NBUE,NIBKARORI,Uttar Pradesh,NCR,27.3287489158,79.40995965580001
PBN,PARBHANI JN,Maharashtra,SCR,19.257460000000002,76.774119
PAU,PURNA JN,Maharashtra,SCR,19.180526999999998,77.024985
OSN,OSIYAN,Rajasthan,NWR,26.729223,72.899779
NGTG,New Gitaldaha,West Bengal,NFR,26.0707762,89.5868746
PBM,PAMBAN JN,Tamil Nadu,SR,9.279729,79.213482
ORDI,ORDI,Rajasthan,WR,24.835766629899997,74.6304202759
NM,Naimisharanya,Uttar Pradesh,NR,27.355137,80.484435
PALM,PALAIYAM,Tamil Nadu,SR,10.718615000000002,78.129081
PHC,PANCHOT,Gujarat,WR,23.635161999999998,72.339879
NVLN,NAWALGOHAN,Maharashtra,SCR,19.7986346861,77.1232722153
NLE,NILESHWAR,Kerala,SR,12.255885000000001,75.13575
NWD,NAWADIH,Bihar,ECR,24.886758,85.54864500000001
NNGL,Naya Nangal,Punjab,NR,31.378961,76.35421099999999
NAU,NADAPURAM ROAD,Kerala,SR,11.639509,75.575581
NHF,Nihasta Halt,Uttar Pradesh,NR,26.212312999999998,80.92503500000001
PANP,PANDAVAPURA,Karnataka,SWR,12.463018,76.681387
NVU,NAVALUR,Karnataka,SWR,15.415517999999999,75.055491
NYY,NEYYATTINKARA,Kerala,SR,8.41041,77.08111000000001
NLQ,Nangal Pathani Halt,Haryana,NWR,28.364489,76.496786
NRJ,Narimogaru,Karnataka,SWR,12.7463856826,75.29242739200001
GNV,Gandevi,Gujarat,WR,,
NRKP,Narkopi,Jharkhand,SER,23.3756204426,85.0156235815
GNS,Ghonsor,Madhya Pradesh,SECR,22.658083,79.95091
NNP,Nanpara Junction,Uttar Pradesh,NER,27.859887,81.512594
NMGY,Numaligarh,Assam,NFR,26.601184,93.865713
NPR,Nepalganj Road,Uttar Pradesh,NER,28.010872,81.60073
NKR,Nimar Kheri,Madhya Pradesh,WR,22.11119,76.150998
NTV,Nautanwa,Uttar Pradesh,NER,27.42688,83.42129700000001
NTM,Narthamalai,Tamil Nadu,SR,10.506577,78.78913999999999
PAQ,PADIYA NAQLA,Uttarakhand,NER,29.085837,78.90761
PKNA,PAKHNA,Uttar Pradesh,NCR,27.302522,79.304318
PO,PARANGIPETTAI,Tamil Nadu,SR,11.476847000000001,79.73604499999999
PPH,PIPRI DIH,Uttar Pradesh,NER,25.879046,83.500574
PPU,PIPARPUR,Uttar Pradesh,NR,26.137823,82.038949
PSLP,PASALAPUDI,Andhra Pradesh,SCR,16.470923000000003,81.095153
OTR,MOTURU,Andhra Pradesh,SCR,16.439968999999998,81.051142
PDZ,PILIODA,Rajasthan,WCR,26.606366,76.86438199999999
PJK,PANJ KOSI,Rajasthan,NR,30.137676000000003,74.057408
PKK,PAKKI,Punjab,NR,30.164759,74.35550400000001
NVT,NAVIPET,Andhra Pradesh,SCR,18.770457,78.013194
PGG,PENGANGA,Maharashtra,SCR,19.9603213601,77.1230451306
PBV,Paliba,Orissa,ECoR,18.659914999999998,82.695712
PDG,PARADGAON,Maharashtra,SCR,19.629143,76.14738700000001
PPDE,PANDU PINDARA,Haryana,NR,29.307976,76.37130800000001
PCL,Pulicherla,Andhra Pradesh,SCR,13.598983,79.040396
BNDA,BANDA JN,Uttar Pradesh,NCR,25.477677,80.336246
QRP,KILA RAIPUR,Punjab,NR,30.759177,75.82748600000001
PLCJ,PHALODI JN,Rajasthan,NWR,27.124914,72.36686300000001
PDR,Payagpur,Uttar Pradesh,NER,27.407067,81.776186
PRDG,PORADANGA HALT,West Bengal,ER,24.2602726462,88.2261646533
PAS,PASUR,Tamil Nadu,SR,11.236640999999999,77.85708699999999
PSAE,PURBASTHALI,West Bengal,ER,23.453302,88.323896
PNVT,PANCHARATNA,Assam,NFR,26.158866,90.55599600000001
HFG,Haflong Hill,Assam,NFR,,
PPW,Pachperwa,Uttar Pradesh,NER,27.528038,82.657808
PKB,PATHARKHOLA S,Assam,NFR,25.7789313494,93.1029777271
PNT,PANITOLA,Assam,NFR,27.4967510918,95.2499423993
PNGI,Panangudi,Tamil Nadu,SR,9.921169,78.612621
PCH,PACHHAPUR,Karnataka,SWR,16.093145,74.672174
PLV,PALSI,Maharashtra,CR,17.812195000000003,74.111907
PRSP,PRASADPUR,Uttar Pradesh,NER,28.54694,80.08117200000001
PJ,Peppeganj,Uttar Pradesh,NER,26.930569,83.294438
PN,PANSAR,Gujarat,WR,23.307875,72.47975
PDY,Puducherry,Puducherry,SR,11.925445999999999,79.828127
PIS,Piska,Jharkhand,SER,23.3295427441,85.20610187930001
PFU,Padua,Orissa,ECoR,18.396744,82.687882
NUJ,Nujella,Andhra Pradesh,SCR,16.386599,81.022402
HT,Hotar,West Bengal,ER,22.308540999999998,88.39900800000001
PRSL,Pandrasali,Jharkhand,SER,22.63341,85.806909
PHM,Patapatnam,Andhra Pradesh,ECoR,18.7407526287,84.081469892
PM,PALAM,Delhi NCT,NR,28.585656,77.09295
PTAE,PATULI,West Bengal,ER,23.5475854116,88.25171385990001
PVR,PANDHARPUR,Maharashtra,CR,17.66849,75.319283
ROS,RAJOSI,Rajasthan,NWR,26.312897,74.671814
RJT,RAJKOT JN,Gujarat,WR,22.312206,70.803446
INDB,INDORE JN BG,Madhya Pradesh,WR,22.71757,75.868429
RGI,RAMGIRI,Karnataka,SWR,13.9501446899,76.1254542236
RBG,RAYBAG,Karnataka,SWR,16.483374512,74.80682566349999
SBNR,SHRI VIJAINAGAR,Rajasthan,NWR,29.240494,73.523389
PNHR,PANIHAR,Madhya Pradesh,WCR,26.099221,78.014931
PVZ,Parvezpur,Rajasthan,NWR,28.510828,75.728178
PP,PURANPUR,Uttar Pradesh,NER,28.514911,80.150951
RKZ,RAJKIAWAS,Rajasthan,NWR,25.75038,73.52353600000001
RMGM,RAMANAGARAM,Karnataka,SWR,12.720096,77.283451
RKY,KOTHARIYA,Gujarat,WR,22.176807,70.81438200000001
RBR,RIBADA,Gujarat,WR,22.124961,70.80095200000001
CKA,Chak Pakhhewala,Punjab,NR,30.434234,74.19716
RN,RATNAGIRI,Maharashtra,KR,17.002793,73.356938
REJ,Rejinagar,West Bengal,ER,23.850089999999998,88.259255
RHMA,Rahama,Orissa,ECoR,20.298605,86.405224
RMPH,Rampahari,Madhya Pradesh,NCR,26.2365,77.357146
RDV,Radha Balampur,Uttar Pradesh,NR,26.083856,81.107034
PUW,Patuwas Mehrana,Haryana,NWR,28.557035,76.33368800000001
RGU,Ragaul,Uttar Pradesh,NCR,25.686945,80.129683
PTYR,Patiyara,Uttar Pradesh,NR,26.627948,80.476502
PUMU,Penumarru,Andhra Pradesh,SCR,16.131433,80.77586000000001
RNGG,Rangaliting,Assam,NFR,26.656417,93.918286
RYP,RAYANAPAD,Andhra Pradesh,SCR,16.577504,80.562937
RMD,RAMANATHAPURAM,Tamil Nadu,SR,9.358387,78.83686200000001
SFPR,Safipur,Uttar Pradesh,NR,26.744343999999998,80.35476700000001
RSH,Ratan Shahr,Rajasthan,NWR,28.158119435028283,75.52398098632693
JLY,Jhilmili,Madhya Pradesh,SECR,22.054052000000002,79.154333
SDD,SINDHAWADAR,Gujarat,WR,22.546528000000002,70.894135
SII,SITIMANI,Karnataka,SWR,16.31992,75.865598
SHSK,SAHARSRAKUND,Maharashtra,SCR,19.402665,78.00795299999999
SFM,SUNAM,Punjab,NR,30.130335000000002,75.808761
SBLT,SHRI BHADRIYA LATHI,Rajasthan,NWR,27.030421,71.515941
SBZ,SISWA BAZAR,Uttar Pradesh,NER,27.1495669522,83.7563490747
SGL,SAGAULI JN,Bihar,ECR,26.758187,84.73934
SGW,SINGWAL,Rajasthan,NWR,26.061014999999998,74.68275899999999
SDH,SARADHNA,Rajasthan,NWR,26.3404260124,74.5662047516
SBH,SULEBHAVI,Karnataka,SWR,15.912563,74.641724
SDT,SADAT,Uttar Pradesh,NER,25.673309,83.308384
SHAN,SRINIVASA NAGAR,Andhra Pradesh,SCR,17.9099557799,78.4619205481
SCP,SIRNAPALLI,Andhra Pradesh,SCR,18.487478,78.271132
RJI,RAJAWARI,Uttar Pradesh,NER,25.497689,83.130772
SEU,SENDRA,Rajasthan,NWR,26.077973999999998,74.194143
SKLR,Sakleshpur,Karnataka,SWR,12.945368,75.778745
SHV,SHIVANI,Karnataka,SWR,13.8111396742,76.0582362866
RWO,RANAVAV,Gujarat,WR,21.698214,69.726078
SHMI,SHIROOR,Karnataka,KR,13.930712,74.59396600000001
S,SHRIRANGAPATNA,Karnataka,SWR,12.4247,76.678033
RXL,RAXAUL JN,Bihar,ECR,26.987018000000003,84.84456399999999
SDS,Sadulshahr,Rajasthan,NWR,29.902641430417788,74.17270445264876
SMPR,Shri Madhopur,Rajasthan,NWR,27.457628,75.59829400000001
SCQ,Sham Chaurasi,Punjab,NR,31.45851,75.76642
SDBH,Sindri Block Hut,Jharkhand,ECR,23.692944,86.447091
SMLT,SAMLOTI,Himachal Pradesh,NR,32.098872,76.360945
SKGH,SAKTESGARH,Uttar Pradesh,NCR,24.999741,82.821887
SNGR,SANGANAPUR,Maharashtra,SCR,19.188596,76.7364
SPDR,SHEOPRASADNAGER,Chhattisgarh,SECR,23.303628,82.78985700000001
SRU,SALEMPUR JN,Uttar Pradesh,NER,26.298048,83.923271
SNAP,SONA ARJUNPUR,Uttar Pradesh,NR,29.7582805083,77.4525283289
SQD,SATTIRAKKUDI,Tamil Nadu,SR,9.400229,78.704868
SNKG,SANKARAGUMMANUR HALT,Andhra Pradesh,SCR,15.167166,77.235523
SONI,SONI,Madhya Pradesh,NCR,26.527305000000002,78.55522599999999
SMAE,SAMUDRAGARH,West Bengal,ER,23.335767,88.324967
SFX,SAFILGUDA,Andhra Pradesh,SCR,17.461671,78.53311000000001
SLGH,SHELGOAN H,Maharashtra,SCR,19.080130931400003,77.5883907849
SNH,SAUNSHI,Karnataka,SWR,15.206786,75.295781
SSGJ,SURSARAIGHAT JH,Madhya Pradesh,WCR,24.023428,82.124918
PAV,Pedana,Andhra Pradesh,SCR,16.252107000000002,81.143792
SJPM,SUJATA PURAM HALT,Karnataka,SWR,12.140253000000001,76.675521
STR,SATARA,Maharashtra,CR,17.688361,74.063727
SRVN,Sravanur,Karnataka,SWR,12.743443,76.355604
SKU,Sikroda,Madhya Pradesh,NCR,26.336915,77.73236299999999
SLB,SALBONI,West Bengal,SER,22.640971,87.321899
SRJM,SIRJAM,West Bengal,SER,23.403864,86.83509699999999
SSB,SHAKURBASTI,Delhi NCT,NR,28.680227328700003,77.1299115857
SML,Shimla,Himachal Pradesh,NR,31.102794,77.159932
SN,Sukna,West Bengal,NFR,26.790887,88.363493
SMKT,Somankatti,Karnataka,SWR,15.766715999999999,75.632594
SIRA,Sirhi Itara,Uttar Pradesh,NCR,26.367008000000002,80.21523499999999
SOT,Shohratgarh,Uttar Pradesh,NER,27.374710999999998,82.96929300000001
SRMP,Sirsi Mukhdumpr,Uttar Pradesh,NR,28.633209,78.635169
SURP,Suratpura,Rajasthan,NWR,28.661958,75.406758
PTS,Patansaongi,Maharashtra,SECR,21.344445,79.010677
SIY,Sirry,Chhattisgarh,SECR,20.990441,81.731233
KBPR,Kabakaputtur,Karnataka,SWR,12.7683965,75.2045015
SWO,Sonwara,Himachal Pradesh,NR,30.894075,77.004229
SRTN,SIBSAGAR TOWN,Assam,NFR,26.989967999999998,94.643517
JMD,Jamdha,Maharashtra,CR,20.574085,74.98554700000001
THAN,THAN JN,Gujarat,WR,22.578960000000002,71.20653300000001
TIP,TATTAPPARAI,Tamil Nadu,SR,8.828581,78.022486
TJ,THANJAVUR,Tamil Nadu,SR,10.778085,79.138296
THPR,TIPPAPUR,Andhra Pradesh,SCR,18.1941221367,78.3773798279
SUNR,SURENDRANAGAR,Gujarat,WR,22.7443,71.630056
TL,TILONIYA,Rajasthan,NWR,26.652675,74.93419399999999
SUNM,SUNAMAI HALT,Uttar Pradesh,NR,28.097372,78.22052500000001
THM,THALYAT HAMIRA,Rajasthan,NWR,26.992725999999998,71.077426
TGT,TINAI GHAT,Karnataka,SWR,15.449131999999999,74.404471
SVL,Sevaliya,Gujarat,WR,22.807897,73.344328
THX,TOVALAI,Tamil Nadu,SR,8.2282578413,77.5062158319
THW,THARWAI,Uttar Pradesh,NR,25.539218856799998,81.91469331479999
SVNR,SAVANUR,Karnataka,SWR,14.9617089325,75.4063188531
STE,Sagarkatte,Karnataka,SWR,12.423381703999999,76.4788766602
TBTN,THANA BHAWAN TN,Uttar Pradesh,NR,29.581129999999998,77.402047
TIC,TIMMACHIPURAM,Tamil Nadu,SR,10.952368,78.37531
TDO,TANDA URMAR,Punjab,NR,31.672179,75.637595
SZN,Shahbaznagar,Uttar Pradesh,NER,27.928906,79.88703000000001
SZV,Sivadi,Tamil Nadu,SWR,12.039871999999999,78.118844
TBA,Timba Road,Gujarat,WR,22.781628,73.385859
SUBR,Subhagpur,Uttar Pradesh,NER,27.26251,82.01764299999999
SRBA,Saragbundia,Chhattisgarh,SECR,22.212297,82.732324
SZY,Silak Jhori,Chhattisgarh,ECoR,18.982188,81.672904
TKP,Takipur,West Bengal,ER,24.303242,87.92059400000001
SRJN,Sirajnagar Halt,West Bengal,ER,23.818590999999998,88.27076000000001
SXC,Sondalia,West Bengal,ER,22.682186,88.58227500000001
TBD,Telibandha,Chhattisgarh,SECR,21.235642,81.67053
TNUE,TINDAULI,Uttar Pradesh,NCR,27.183053,78.92129
TRM,TIRUNAGESVARAM,Tamil Nadu,SR,10.975208,79.428212
TWL,TILWARA,Rajasthan,NWR,25.893262,72.078131
TTI,TURTIPAR,Uttar Pradesh,NER,26.16121,83.89084100000001
UPW,UPPALAVAI,Andhra Pradesh,SCR,18.424892,78.316108
URPR,UGRASENPUR,Uttar Pradesh,NR,25.568212,82.189171
VBN,VALLABHNAGAR,Rajasthan,NWR,24.690424,74.018709
TUWA,Tuwa,Gujarat,WR,22.800702,73.463163
UJA,UNJHA,Gujarat,WR,23.796456,72.381669
VND,VENDRA,Andhra Pradesh,SCR,16.578434,81.56909499999999
VP,VIRAPUR,Andhra Pradesh,SCR,15.158976,77.131692
TVG,TAVARGATTI,Karnataka,SWR,15.414853643999999,74.6628751227
TP,TIRUCHIRAPPALLI FORT,Tamil Nadu,SR,10.825594,78.688891
UNLA,UNAULA,Uttar Pradesh,NER,26.788432,83.471435
KPB,KHARPOKHRA,,ECR,27.1425658407,84.1526926862
VRL,VERAVAL,Gujarat,WR,20.913351,70.370689
VEER,VEER,Maharashtra,KR,18.113401793300003,73.3300770068
VBW,VAIBHAVWADI RD,Maharashtra,KR,16.512013,73.707645
THA,Tehta,Bihar,ECR,25.1130684669,84.98502287230001
VEN,VERNA,Goa,KR,15.353587,73.912519
TPB,Trilokpur,Uttar Pradesh,NER,27.508190000000003,82.701077
DBNR,Dibnapur,Uttar Pradesh,NER,28.524363,79.51619
TMKA,Tomka,Orissa,ECoR,21.107333,85.975352
UJH,Ujhani,Uttar Pradesh,NER,27.995236,79.01491
UBN,Ubarni,Uttar Pradesh,NR,26.118214000000002,81.163629
TMS,Tumsar Town,Maharashtra,SECR,21.383833000000003,79.741784
TXD,Tyada,Andhra Pradesh,ECoR,18.217966999999998,83.04218999999999
UMG,Uttangal Mangalam,Tamil Nadu,SR,11.535044000000001,79.419161
MPKT,CHENNAI PARK TOWN,Tamil Nadu,SR,13.07995,80.27598499999999
WL,WARANGAL,Andhra Pradesh,SCR,17.972477,79.604929
MRPR,MAU RANIPUR,Uttar Pradesh,NCR,25.261270999999997,79.136793
VVA,VARVALA,Gujarat,WR,22.2995032641,68.9678414502
MGO,MAHISGAON,Maharashtra,CR,18.111324,75.501817
ZW,ZAWAR,Rajasthan,NWR,24.358621,73.731959
WRS,WARIS ALEGANJ,Bihar,ECR,25.015425,85.642177
VZPH,Vazeerpur Halt,Uttar Pradesh,NER,28.148542000000003,79.86398899999999
WTJ,JAM WANTHALI,Gujarat,WR,22.429409,70.321802
PRI,PATHRI,Uttarakhand,NR,29.851996,78.076506
VPG,VENTRAPRAGADA,Andhra Pradesh,SCR,16.473819,80.914447
VVKP,VIVEKANAND PURI HALT,Delhi NCT,NR,28.664098,77.183702
PUS,PHUSRO,,ECR,23.767488999999998,86.01025
VSG,VASCO DA GAMA,Goa,SWR,15.397241000000001,73.813425
VLTR,Vadali Luter Road,Gujarat,WR,23.078738,73.135398
LOD,Lekoda,Madhya Pradesh,WR,23.075768,75.69849099999999
VJR,VIJAYANAGAR,Maharashtra,SWR,16.7778119655,74.696289906
VRR,VIRPUR,Gujarat,WR,21.848343,70.707212
YFP,YUSUFPUR,Uttar Pradesh,NER,25.639006,83.74868400000001
VJD,VIJPADI ROAD,Gujarat,WR,21.17981,71.449442
MVS,MANAVASI,Tamil Nadu,SR,10.934013,78.220496
VINH,VINHERE,Maharashtra,KR,17.907649,73.38400999999999
MRDW,MURDESHWAR,Karnataka,KR,14.100277,74.50524700000001
KUDA,KUNDAPURA,Karnataka,KR,13.612909,74.728366
KZE,KANHANGAD,Kerala,SR,12.320267999999999,75.08524799999999
NROD,NARI ROAD,Gujarat,WR,21.758482,72.08143399999999
WDG,Wadegaon,Maharashtra,SECR,20.76451,79.981617
VSW,Visavadar,Gujarat,WR,21.341738000000003,70.755622
NRPD,Narayanpet Road,Karnataka,SCR,,
SBY,Solan Brewery,Himachal Pradesh,NR,,
KSJF,Kasganj Mg,Uttar Pradesh,NER,27.801268,78.64517
WND,Wan Road,Maharashtra,SCR,21.21501,76.82043300000001
VLU,Vadalur,Tamil Nadu,SR,11.557654999999999,79.547974
VLV,Vallivedu,Andhra Pradesh,SCR,13.528576,79.068221
MANI,Mani Halt,Bihar,ECR,25.1739936806,84.23126776609999
TAA,TADLA PUSAPALLI,Andhra Pradesh,SCR,17.626312868499998,79.9541837128
CHRG,CHORGI,Karnataka,SWR,17.175076999999998,75.869711
SNAD,Saniyad,Gujarat,WR,,
SRDR,Sardarshahr,Rajasthan,NWR,28.439590510764504,74.47905756533146
SRGR,Saraygarh,Bihar,ECR,,
PTU,PARTUR,Maharashtra,SCR,19.575715,76.212767
AGY,AGORI KHAS,Uttar Pradesh,NCR,24.59896,83.056105
SVPI,SHIVPURI,Madhya Pradesh,WCR,25.438444,77.638246
MUO,MASANGAON,Madhya Pradesh,WCR,22.272733000000002,77.005257
KWAE,KATWA,West Bengal,ER,23.640315,88.124085
VNRD,VANI ROAD,Gujarat,WR,23.0950624331,72.0035287323
JAN,JARANGDIH,,ECR,23.769553,85.92881
BOR,BOISAR,Maharashtra,WR,19.7985273,72.76189900000001
WGI,Waghai,Gujarat,WR,20.772638155885446,73.50047372281551
BMF,BASMAT,Maharashtra,SCR,19.3334723149,77.15177759640001
CGF,CHARALI,Assam,NFR,27.4496656596,95.3509509503
CJ,KANCHIPURAM,Tamil Nadu,SR,12.848947,79.70314900000001
CKDL,CHAKDAYALA,Jammu and Kashmir,NR,32.478914,75.304858
CJN,CHHATNA,West Bengal,SER,23.305386000000002,86.975734
SVX,SAVARDA,Maharashtra,KR,17.405007,73.515528
URP,Udairampur,West Bengal,ER,22.100085,88.273732
STD,Satrod,Haryana,NWR,29.108936,75.82118
CHHU,Chhanva,Orissa,SER,22.3355771,86.194643
PASA,PARASHSHALA,Kerala,SR,8.3398400051,77.16548966
KDPA,KHADAPA,,ECoR,19.00582,82.445719
NMK,Nim Ka Thana,Rajasthan,NWR,27.741573,75.779691
SZH,Saonga Halt,Madhya Pradesh,SECR,21.520105,78.871166
DDC,Dum Dum Cantt.,West Bengal,ER,22.636349000000003,88.411641
PLY,Plassey,West Bengal,ER,23.777986000000002,88.28447
CKX,Chakur,Maharashtra,SCR,18.4875607596,76.8840283246
PCMK,Pacharmalikpura,Rajasthan,NWR,27.201471,75.389317
BCRD,Barchi Road,Madhya Pradesh,CR,21.951502,78.311632
BUDI,Bundi,Rajasthan,WCR,25.407922,75.65069899999999
CJQ,Champajharam,Orissa,SER,22.101526,84.90421199999999
VRG,VIKRAMNAGAR,Madhya Pradesh,WR,23.162187,75.817754
BYC,BELLARY CANT,Karnataka,SWR,15.150286000000001,76.89450500000001
BWF,BUTEWALA,Punjab,NR,31.080357,74.896803
SPY,Sarsonpuri,Chhattisgarh,SECR,20.780632,81.638003
BSDA,BANIYA SANDA DHORA,Rajasthan,NWR,25.860229999999998,71.668563
BXP,BARPATHAR,Assam,NFR,26.274562,93.899672
GRF,GAMBHIRI ROAD,Rajasthan,WR,24.693873,74.671009
NDT,Nathdwara,Rajasthan,NWR,24.92025,73.909396
JNU,JAUNPUR JN,Uttar Pradesh,NR,25.762849,82.69969599999999
UMRI,UMRI,Maharashtra,SCR,19.0418,77.642682
BXLL,BILLI,Uttar Pradesh,ECR,24.453381,83.011944
BHPA,Bahrupiya Halt,West Bengal,ER,22.22962,88.349067
SPP,SHAHPUR PATOREE,Bihar,ECR,25.639425999999997,85.5813
MSSD,Maheshari Sandhuan,Punjab,NR,30.848579,74.992929
BDJ,VADAKARA,Kerala,SR,11.593321399999999,75.5869409
KADH,Khairadih Halt,Bihar,ECR,25.035047,84.054715
BXL,BHEDUASOL,West Bengal,SER,23.1943639299,87.13517327999999
AMPR,AMARPURA RATHAN,Rajasthan,NWR,29.483399000000002,74.078953
BWA,BHINWALIYA,Rajasthan,NWR,25.5596627,73.4924808
JNX,Jagnath Road Halt,Rajasthan,NWR,25.270948,72.62821
MBSK,Marwar Balia,Rajasthan,NWR,27.357827,74.545106
BEJ,Beniganj,Uttar Pradesh,NR,27.299916,80.440599
BSDR,Bansadhara Halt,Andhra Pradesh,ECoR,18.970276000000002,83.822754
SPR,Sonarpur Junction,West Bengal,ER,22.443359,88.429773
SPB,Sonekpur Halt,Uttar Pradesh,NR,28.630277,78.69314200000001
PQA,Pipla Halt,Maharashtra,SECR,21.312575,79.06675999999999
BIRL,Biraul,Bihar,ECR,25.937062,86.233733
GRZ,Gurthuri,,NR,29.648169000000003,76.177379
JNZ,Jenal,Gujarat,NWR,24.3273122158,72.0377359918
PQN,Pariawan Kalakankar Road,Uttar Pradesh,NR,25.825794000000002,81.368601
JNN,Jamuniatand,Jharkhand,ECR,23.75454,86.191952
CKM,Chauki Man,Punjab,NR,30.814885999999998,75.56567299999999
BEM,Budaun,Uttar Pradesh,NER,28.0274922,79.1360237
BWV,Bhiwapur,Maharashtra,SECR,20.76925671,79.51148736
MOTA,MOTA,Uttar Pradesh,NCR,27.2889777447,79.2537294641
SWNR,SEWA NAGAR,Delhi NCT,NR,28.579299000000002,77.22770799999999
LO,LOLIYA,Gujarat,WR,22.512244,72.166923
HLB,HADALA BHAL,Gujarat,WR,22.487223,72.13179600000001
RLR,RAILA ROAD,Rajasthan,NWR,25.630348,74.596325
SMDP,SHAHABAD MOHAMADPUR,Delhi NCT,NR,28.560927,77.071838
KTOA,KOTANA,Rajasthan,NWR,23.916929999999997,73.72634199999999
KYV,KOYILVENNI,Tamil Nadu,SR,10.776294,79.368646
ROHN,ROHEDNAGAR HALT,Haryana,NR,28.7611280103,76.8140929907
SPL,SUNDARAPERUMAL KOVIL,Tamil Nadu,SR,10.941722,79.30063
EDD,EDDULADODDI,Andhra Pradesh,SCR,15.329698,77.589906
RLP,HARLAPUR,Karnataka,SWR,15.434833000000001,75.799259
NOH,Nigohi,Uttar Pradesh,NER,28.0989194076,79.8785035535
AIH,ALAWALPUR I PUR,Uttar Pradesh,NR,29.0477960432,77.27163889890001
DPU,DIPHU,Assam,NFR,25.83725,93.438384
MPRD,Mathurapur Road,West Bengal,ER,22.140587,88.390923
DLDE,DALDALI,Assam,NFR,25.820221,93.51715200000001
LD,LONDA JN,Karnataka,SWR,15.450273,74.496982
BYH,BHITI,Uttar Pradesh,NER,25.333548,82.261348
HLR,Halisahar,West Bengal,ER,22.921498999999997,88.436792
HLE,Heelalige,Karnataka,SWR,12.813180000000001,77.710974
DPW,Dhapewara,Madhya Pradesh,SECR,21.872721159199997,80.1913272595
SMDT,Semmandappatti,Tamil Nadu,SWR,11.7955548355,78.0260572961
BAWA,Balwara,Rajasthan,NWR,25.5031445488,72.5545000909
RKJE,Rakhitpur,Jharkhand,ECR,23.725742,86.490871
LMU,Limarua,Madhya Pradesh,SECR,22.524250000000002,80.349702
KNYR,Kaniuru Halt,Karnataka,SWR,12.717207,75.365526
KADI,Kadi,Gujarat,WR,23.292133,72.326105
APU,Anipur,Assam,NFR,24.545735999999998,92.43452699999999
APJ,Amarpur Jorasi,Rajasthan,NWR,28.02178,76.07610899999999
KTKH,Kotlakheri,Madhya Pradesh,WR,22.078204,76.173654
RJK,RAJA KA SAHASPUR,Uttar Pradesh,NR,28.626216,78.780097
KTMA,KOTMA,Madhya Pradesh,SECR,23.202833000000002,81.979022
CKLA,Chak Banwala,Punjab,NR,30.423043,74.133437
KADR,Kadiyadra,Gujarat,WR,23.885219,73.057502
TJD,TAJPUR DEHMA,Uttar Pradesh,NER,25.728138,83.92969
CLI,CHALGERI,Karnataka,SWR,14.5614031141,75.73529039
SDVL,SOLDEVANAHALLI,Karnataka,SWR,13.091395,77.490385
DRE,DHOGRI,Punjab,NR,31.40278,75.635791
KKLR,KAIKOLUR,Andhra Pradesh,SCR,16.551026,81.21831599999999
KYSD,KAIYAL SEDHAVI,Gujarat,WR,23.427144,72.428861
KLYH,Kallur Yedahli,Karnataka,SWR,12.421123999999999,76.497258
DHE,Dodhi,Uttar Pradesh,NER,25.604879,82.998947
BRDV,Baradev,Uttar Pradesh,NR,26.7017793648,80.4119287744
TKLN,Tarrakalan,Madhya Pradesh,NCR,25.971659,76.901807
MKHI,Makhi,Uttar Pradesh,NR,26.661427,80.46113700000001
CLU,Chilakalapudi,Andhra Pradesh,SCR,16.202721,81.162137
TKLB,Takli Bhansali,Maharashtra,SECR,21.361133,78.983053
PSX,Patansaongi Town Halt,Maharashtra,SECR,21.335452,79.025915
BCT,Mumbai Central,Maharashtra,WR,18.970667,72.819383
TDH,Tindharia,West Bengal,NFR,26.851551,88.332848
KZA,KHADA,Uttar Pradesh,NER,27.182926,83.868376
KPLR,KOPARLAHAR,Himachal Pradesh,NR,32.05191,76.25044299999999
RKSH,RISHIKESH,Uttarakhand,NR,30.107173,78.287498
KLRS,KOLARAS,Madhya Pradesh,WCR,25.224926,77.590411
CSMA,Chanasma Junction,Gujarat,WR,23.710492,72.11188299999999
KAG,KODAGANUR,Karnataka,SWR,14.3305086886,76.033542879
BAR,BAR,Rajasthan,NWR,26.063048,74.113189
RLA,RAJULA JN,Gujarat,WR,21.103699,71.479251
JUL,JHULASAN,Gujarat,WR,23.326699,72.471355
DOT,Dhakia Tiwari,Uttar Pradesh,NER,28.028812000000002,79.88587199999999
KVNJ,Kapadvanj,Gujarat,WR,23.01905,73.078323
STB,Shantipur,West Bengal,ER,23.262660999999998,88.435028
LKU,LAL KUAN,Uttarakhand,NER,29.071574,79.517641
MRX,MURUD,Maharashtra,CR,18.380482,76.251585
JHL,JAKHAL JN,Haryana,NR,29.8018131127,75.8245009833
MCLA,Macherla,Andhra Pradesh,SCR,16.4695102,79.4382772
TKA,TEHARKA,Uttar Pradesh,NCR,25.300234,78.917318
AHJU,AHJU,Himachal Pradesh,NR,32.02843,76.690156
BOZ,BOLARUM BAZAR,Andhra Pradesh,SCR,17.517847537100003,78.5159651358
SVN,SIVUNGAON,Maharashtra,SCR,19.1086533083,77.54447048829999
DBLA,Dabla,Rajasthan,NWR,27.888685430000002,75.9464005609
VEK,VELLARAKKAD,Kerala,SR,11.4723,75.653412
CGON,CHAYGAON,Assam,NFR,26.064069106999998,91.3952511639
NAB,Nagbhir Junction,Maharashtra,SECR,20.579811999999997,79.700138
NMDR,Nimdanri,West Bengal,ER,22.608628,88.905624
KCU,Kachhiaa,Uttar Pradesh,NER,27.973382,78.88310899999999
SKAP,SK Para,Tripura,NFR,23.971989,91.94712
JDW,JARAUDA NARA,Uttar Pradesh,NR,29.42673,77.705438
PPVL,PIRAPPANVALASAI,Tamil Nadu,SR,9.299159000000001,79.043777
KER,KIRIHRAPUR,Uttar Pradesh,NER,26.045500525999998,83.73706466189999
GGKR,GOVINDGARH KHOKHAR,Punjab,NR,29.992439273899997,75.80832813660001
PLVA,PALLEVADA,Andhra Pradesh,SCR,16.576700082699997,81.2878959662
MGD,MUGAD,Karnataka,SWR,15.46241,74.915401
TBAE,TRIBENI,West Bengal,ER,22.990357999999997,88.398096
URL,UNJALUR,Tamil Nadu,SR,11.127976,77.875839
IVL,ILAVELANGAL,Tamil Nadu,SR,8.937878,77.87235
GZS,GIANI ZAIL SINGH SANDHWAN,Punjab,NR,30.613851,74.801905
BMC,Bhimalgondi,Madhya Pradesh,SECR,21.740994,78.914582
RMC,Ram Chaura Road,Uttar Pradesh,NR,25.609488,81.686954
BMN,BHIMANA,Rajasthan,NWR,24.595571,72.886302
KEJ,Kathleeghat,Himachal Pradesh,NR,31.021478000000002,77.103224
OM,Omkareshwar Road,Madhya Pradesh,WR,22.215082,76.04654
BRMT,Baramati,Maharashtra,CR,18.1536772,74.5781969
GDI,GUDGERI,Karnataka,SWR,15.1249217339,75.3596044824
KNSN,KARNA SUBARNA,West Bengal,ER,24.035537,88.176458
KNSR,KANASAR,Rajasthan,NWR,28.145913,73.324726
AWT,Alwar Tirunagri,Tamil Nadu,SR,8.602296,77.941809
IGTA,Ingohta,Uttar Pradesh,NCR,25.758384,80.126678
DGT,Dhulghat,Maharashtra,SCR,21.296281999999998,76.74963299999999
PSJ,Patasahi,Orissa,SER,22.020127,84.923705
CKN,CHINTA KANI,Andhra Pradesh,SCR,17.126458999999997,80.201337
CBSA,Chaibasa,Jharkhand,SER,22.560494000000002,85.812342
CHRA,CHHARRA,West Bengal,SER,23.375747,86.42299399999999
PKNS,POKHARNI NARASIMHA,Maharashtra,SCR,19.118747261,76.7316388525
HNL,HINGOLI DECCAN,Maharashtra,SCR,19.726357,77.146758
CTZ,CHAUNTRA BHATERH,Himachal Pradesh,NR,32.005534999999995,76.74671000000001
PAY,PAYYANUR,Kerala,SR,12.092248,75.195107
KRLR,KARAILA ROAD JN,Madhya Pradesh,ECR,24.261080999999997,82.719311
DAV,DEVALGAON AVCHAR,Maharashtra,SCR,19.322430999999998,76.60520100000001
CKW,CHALKHOA,Assam,NFR,27.4656628037,94.9592046722
AMBR,Ambika Rohina,Maharashtra,SCR,18.442254377900003,76.9437206531
ORC,ORCHHA,Uttar Pradesh,NCR,25.401119,78.644228
BSSL,Basi Beriasal,Rajasthan,WCR,25.024084,74.764318
SNTD,Santaldih,West Bengal,SER,23.596660999999997,86.48312299999999
SNTH,Sonthaliya,Rajasthan,NWR,27.400358,75.531666
JAMA,Jama,Jharkhand,ER,24.345509,87.14492
BWP,Bhawanipur Kalan,Uttar Pradesh,NER,27.415623,82.161102
KKV,Kunkavav Junction,Gujarat,WR,21.653448,70.975052
LOK,Loknath,West Bengal,ER,22.871717999999998,88.03392099999999
CKH,Chakand,Bihar,ECR,24.8901416,84.9954942
CKK,Chakarpur,Uttarakhand,NER,28.951978,80.002313
DCA,DAMCHARA,Assam,NFR,25.012661,92.749675
BRMR,BHARMAR,Himachal Pradesh,NR,32.167399,75.954299
CVV,CHERUVU MADHAVARAM,Andhra Pradesh,SCR,16.746018,80.518783
WDL,WANDAL,Karnataka,SWR,16.416601,75.86371000000001
MOJ,MOHANA,Madhya Pradesh,WCR,25.980207999999998,77.83395499999999
KMV,KARMAD,Maharashtra,SCR,19.872663603099998,75.5378981451
DRS,DHARESHWAR,Rajasthan,NWR,25.777583999999997,73.667743
RDRA,RAMDEVRA,Rajasthan,NWR,27.006279,71.929837
SGNR,SHRI GANGANAGAR,Rajasthan,NWR,29.931792,73.87141700000001
SAPR,SARANGPUR ROAD,Gujarat,WR,22.236682000000002,71.748617
GPAE,GUPTIPARA,West Bengal,ER,23.197355,88.4178
WDM,WYNDHAMGANJ,Uttar Pradesh,ECR,24.264112,83.401605
KMD,KODUMUDI,Tamil Nadu,SR,11.076073000000001,77.885771
BUU,BHADANPUR,Madhya Pradesh,WCR,24.16808,80.679777
CVP,KOVILPATTI,Tamil Nadu,SR,9.182578,77.872848
PAL,PALASNER,Madhya Pradesh,WCR,22.304246,77.050174
RNIS,Ranolishishu,Rajasthan,NWR,27.517012,75.301025
GBB,GUBBI,Karnataka,SWR,13.321429,76.939264
PERN,PERNEM,Goa,KR,15.707894,73.81653700000001
NAWN,NAWAN,Rajasthan,NWR,29.653071999999998,74.353285
MCLE,MANCHILI,Andhra Pradesh,SCR,16.662928,81.613684
AEK,Anekal Road,Karnataka,SWR,12.723885,77.71072699999999
DCU,Damalcheruvu,Andhra Pradesh,SCR,13.478885,79.05643400000001
BAGA,Bhagega,Rajasthan,NWR,27.677209949999998,75.72088996
CNDM,Chandi Mandir,Chandigarh,NR,30.727071000000002,76.88683900000001
RUP,Rupahigaon,Assam,NFR,26.4125623913,92.74226717410001
SGLA,SANGOLA,Maharashtra,CR,17.435563000000002,75.187581
INK,INTAKANNE,Andhra Pradesh,SCR,17.727522,79.860507
RG,RAJGHAT NARORA,Uttar Pradesh,NR,28.235655,78.353587
LGCE,LAGARGAWAN,Madhya Pradesh,WCR,24.464248,80.81431
VST,BIJAYSOTA,Madhya Pradesh,WCR,23.978724,81.11095900000001
DYS,DALAPATHY SAMUDRAM,Tamil Nadu,SR,8.430572,77.638091
KVLS,Karakavalasa,Andhra Pradesh,ECoR,18.292228,82.991426
SULH,Sulhani,Punjab,NR,30.871949,74.865129
INP,INDAPUR,Maharashtra,KR,18.297688,73.24465000000001
BJLP,BARAI JALALPUR,Uttar Pradesh,NER,27.449608,80.800122
HCNR,Harichandanpur,Orissa,ECoR,21.328476000000002,85.795395
PTP,Patal Pani,Madhya Pradesh,WR,22.514232000000003,75.797002
PTA,Patiala,Punjab,NR,30.344248999999998,76.4041
DRPH,Devri P.H.,Madhya Pradesh,SECR,22.85663,79.836698
PCZ,Pocharam,Andhra Pradesh,SCR,17.486717000000002,80.234583
BSD,Basuldanga,West Bengal,ER,22.20374787,88.23393947000001
NLBR,Nilambazar,Assam,NFR,24.743292,92.36512599999999
HSX,Hoshiarpur,Punjab,NR,31.5240737,75.9055848
GUB,GULARBHOJ,Uttarakhand,NER,29.11078373,79.30114461
LDU,Lunidhar,Gujarat,WR,21.715431000000002,71.085551
HOH,HONAGANAHALLI,Karnataka,SWR,16.679401000000002,75.732815
ILA,SILSIMAN,Tamil Nadu,SR,9.8674013383,78.2001819324
UDR,AMDARA ROAD,Madhya Pradesh,WCR,24.099500875799997,80.5779045111
SFR,SAFRAI,Assam,NFR,27.029014999999998,94.942883
BURN,BURNPUR,West Bengal,SER,23.6719137,86.9386234
PDPR,Purandarpur,Uttar Pradesh,NER,27.209982,83.34747200000001
BQU,Bhattiprolu,Andhra Pradesh,SCR,16.105632000000004,80.787953
BHKA,Bahira Kalibari,West Bengal,ER,22.685772,88.563588
NCPM,Nishchindapur Market Halt,West Bengal,ER,21.987443000000003,88.21710499999999
LHD,LOHOGAD,Maharashtra,SCR,20.467176,77.07850599999999
GHGL,GHAGWAL,Jammu and Kashmir,NR,32.504286,75.213604
ADTL,ADHARTAL,Madhya Pradesh,WCR,23.227389,79.972274
KSMB,KASTLA KASMABAD,Bihar,ECR,25.114943999999998,85.79836399999999
BHHZ,BEHTA HAZIPUR HALT,Uttar Pradesh,NR,28.719730000000002,77.304041
BYNR,MOOKAMBIKA ROAD,Karnataka,KR,13.87259,74.63279
KWH,KACHHWA ROAD,Uttar Pradesh,NER,25.250465000000002,82.706617
BRMO,BERMO,,ECR,23.772498,85.955893
MWR,Mahansar,Rajasthan,NWR,28.199841000000003,75.031292
SHTS,Sambhal Hatim Sarai,Uttar Pradesh,NR,28.596912,78.568241
PKM,Periyanaikanpalayam,Tamil Nadu,SR,11.144776,76.948477
KWB,Kaniwara,Madhya Pradesh,SECR,22.218261000000002,79.73291400000001
SMGR,Samaguri,Assam,NFR,26.416262999999997,92.84983299999999
BTDR,Batadrowa Road,Assam,NFR,26.466939,92.538085
RTJ,Rantej,Gujarat,WR,23.471537,72.153828
KGLE,KHAGRAGHAT ROAD,West Bengal,ER,24.106842,88.22648099999999
ISM,ISMAILA HARYANA,Haryana,NR,28.796977000000002,76.74656300000001
BRKH,Bisapur Kalan Halt,Madhya Pradesh,SECR,21.914681,78.923701
HAN,HINDAUN CITY,Rajasthan,WCR,26.756164000000002,77.03168600000001
MGRP,MEGH RAJ PURA,Himachal Pradesh,NR,32.079397,76.07141899999999
GHAI,GHATIGAON,Madhya Pradesh,WCR,26.054864000000002,77.92678000000001
AMPA,AMBALAPUZHA,Kerala,SR,9.386059,76.363817
SUJH,Sujangarh,Rajasthan,NWR,27.708763,74.463659
TEK,Tekkali Halt,Andhra Pradesh,ECoR,18.605282,84.231178
RKO,RAMAKRISHNAPURAM GATE,Andhra Pradesh,SCR,17.476299,78.52847299999999
AUI,Aurahi,Bihar,ECR,25.823021,87.135054
HAR,Hamirpur Road,Uttar Pradesh,NCR,26.016513,80.190689
RTG,Rangtong,West Bengal,NFR,26.836122,88.342388
SDRA,Sudharana,Haryana,NWR,28.453681,76.425807
BVRM,Bhimavaram Junction,Andhra Pradesh,SCR,16.543097,81.538335
NKW,Nilakantheswar,Orissa,ECoR,21.426066,85.798221
SKY,Shikara,Madhya Pradesh,SECR,22.798847000000002,79.858161
BLR,BALGANUR,Karnataka,SWR,15.59262851,75.60251865000001
BRGT,BHERAGHAT,Madhya Pradesh,WCR,23.1697663,79.7978789
MHDA,MAHDEIYA,Madhya Pradesh,ECR,24.210039,82.588309
SNLR,SANTALPUR,Gujarat,WR,23.759161000000002,71.181545
SWW,Shahanagar Timarua,Uttar Pradesh,NCR,27.416456999999998,78.25971
LKMN,Lokmanya Nagar,Madhya Pradesh,WR,22.691279,75.847166
CHT,Champahati,West Bengal,ER,22.402193,88.493624
KAKN,Kaimarkalan,Madhya Pradesh,NCR,26.176561,77.22272699999999
HBG,HOWBAGH JABALPUR,Madhya Pradesh,WCR,23.156295999999998,79.932199
AJKI,AJITKHERI,Madhya Pradesh,WR,23.040004,76.045323
CQS,CAPPER QUARRY,Tamil Nadu,SR,11.694558,79.75366600000001
AYN,AIYANAPURAM,Tamil Nadu,SR,10.788547000000001,78.929033
FTH,FATUHI,Rajasthan,NR,30.056984,73.871319
GEK,GEGAL AKHRI,Rajasthan,NWR,26.540366000000002,74.775574
SLWR,SILAWAR,Uttar Pradesh,NR,29.505405,77.345001
MDN,MIDNAPORE,West Bengal,SER,22.42498,87.307379
MYX,METYAL SOHAR,West Bengal,SER,23.482582,86.748784
PWK,PIPARIYA KALAN,Madhya Pradesh,WCR,23.859295,80.73642199999999
KMTI,Kumarhatti,Himachal Pradesh,NR,30.889186,77.05598099999999
KRTN,KIRTI NAGAR,Delhi NCT,NR,28.6469294838,77.145074025
LVR,Lokvidyapith Nagar,Uttar Pradesh,NER,27.154414,83.306841
KDHI,Kaladehi,Madhya Pradesh,SECR,22.879170000000002,79.83489
NTS,Nattrasankottai,Tamil Nadu,SR,9.880423,78.54142999999999
KTDD,KATAIYA DANDI,Uttar Pradesh,NCR,25.149062471199997,81.3984808771
AJIT,AJIT,Rajasthan,NWR,25.860076969999998,72.67795462
CMMG,CHAMUNDA MARG,Himachal Pradesh,NR,32.110941000000004,76.421027
BLDL,BALLE-DA-PIR-LA,Himachal Pradesh,NR,32.215731,75.932732
GURN,Gurudas Nagar,West Bengal,ER,22.199323,88.214928
SOA,SANOSRA,Gujarat,WR,21.748110299,71.7894786566
FZR,FIROZPUR CANT,Punjab,NR,30.942486,74.61843900000001
BVI,BORIVALI,Maharashtra,WR,19.228739,72.85641199999999
MBU,MELPATTAM BAKKAM,Tamil Nadu,SR,11.784898,79.622949
CUD,TIRUPPAPPULIYUR,Tamil Nadu,SR,11.748845000000001,79.753441
LCAE,LALBAGH COURT ROAD,West Bengal,ER,24.173693,88.246307
BTJL,BHATKAL,Karnataka,KR,13.98866,74.5655589
BGRA,BAGHNAPARA,West Bengal,ER,23.242082,88.329724
DDNA,Dudhaunda,Uttar Pradesh,NER,25.573305,83.084478
IKD,Ikdori,Madhya Pradesh,NCR,26.037543,76.940934
BLDK,Balauda Takun,Madhya Pradesh,WR,22.877384,75.755456
KSBP,Keshabpur,West Bengal,SER,22.221674,87.948672
TDPM,Todikkapulam Halt,,SR,11.153243999999999,76.268569
SSPD,Sadashivapet Road,Andhra Pradesh,SCR,17.4835646427,77.8728203638
RXR,RANGAPAHAR,Nagaland,NFR,25.854971000000003,93.707766
RDHP,RADHANPUR,Gujarat,WR,23.84693,71.58559399999999
DBT,Dakshin Barasat,West Bengal,ER,22.226102,88.45228599999999
TORA,Torniya,Gujarat,WR,21.450802,70.497006
BRVR,Borvihir,Maharashtra,CR,20.7843263,74.8417412
TPNI,Tuiya Pani,Madhya Pradesh,SECR,22.560295999999997,80.010141
GHPU,Gandhipuram Halt,Andhra Pradesh,SCR,17.495052,80.31352000000001
HPL,Haripal,West Bengal,ER,22.8311582,88.11853982
SEI,SHENDRI,Maharashtra,CR,18.130093,75.552627
GPC,GHATPINDRAI,Madhya Pradesh,WCR,22.952676,79.26630999999999
VPO,BHUPIA MAU,Uttar Pradesh,NR,25.875223000000002,81.970286
LXA,LAKSWA,Assam,NFR,27.004637018300002,94.8439823962
KLV,KELVA ROAD,Maharashtra,WR,19.624601000000002,72.79082100000001
KNC,KANCHANPUR ROAD,Madhya Pradesh,WCR,24.065548000000003,81.660307
HRG,Hirdagarh,Madhya Pradesh,CR,22.142795,78.517436
SASR,Sausar,Madhya Pradesh,SECR,21.658885,78.80252499999999
GOF,Ghutiari Sharif,West Bengal,ER,22.367665,88.552115
ATMO,AITHAL,Uttarakhand,NR,29.8079295893,78.0436230264
AGDL,AGRAN DHULGAON,Maharashtra,CR,16.966118,74.924993
JO,JO JAGABOR,Gujarat,NWR,23.739452999999997,73.45304499999999
MGE,MIGRENDISA,Assam,NFR,25.171242,93.06155700000001
DMBR,DUMRI BIHAR,,ECR,23.807394000000002,85.766204
AHN,AHIRAN,West Bengal,ER,24.517687000000002,88.04112500000001
SGAM,SAREIGRAM,Madhya Pradesh,WCR,24.039636,82.205614
MIAN,MIANGRAM,West Bengal,ER,23.853212000000003,88.17146
PYV,PAZHAYA SEEVARAM,Tamil Nadu,SR,12.777131,79.8777
AHQ,AHERA HALT,Uttar Pradesh,NR,28.926420999999998,77.27862400000001
STVA,SATYAVADA,Andhra Pradesh,SCR,16.799851999999998,81.66986
HDT,HARDATTPUR,Uttar Pradesh,NER,25.276911474,82.9075993964
RDP,Radhikapur,West Bengal,NFR,25.643573999999997,88.448153
GIZ,Gidam,Chhattisgarh,ECoR,18.934852,81.409001
GIF,Gani Dham Halt,Bihar,ER,25.1634535646,86.9862695435
MGT,Magra Hat,West Bengal,ER,22.242111,88.37271299999999
KMZA,Kankra Mirzanagar,West Bengal,ER,22.658005,88.721428
TKRP,Tikauli Rawatpur,Uttar Pradesh,NR,26.399047,80.613163
LUSA,LUSA,Uttar Pradesh,NCR,24.876545999999998,82.843318
CAER,CHHANERA,Madhya Pradesh,WCR,21.963965,76.707775
KTW,KOTDWARA,Uttarakhand,NR,29.742927896,78.52116372309999
RNRD,RANIPUR ROAD,Uttar Pradesh,NCR,25.270917999999998,79.055869
BRNR,BARUANAGAR,Assam,NFR,27.143953401599997,95.23363789119999
NTT,NATHAPETTAI,Tamil Nadu,SR,12.824069,79.75614999999999
BAHW,Bahir Khanda,West Bengal,ER,22.851949,88.071068
VRLR,VIRANI ALUR,Tamil Nadu,SR,8.1946448621,77.3686992383
KPDH,Kapurdha Halt,Madhya Pradesh,SECR,22.053903000000002,79.304203
GSGB,Gosaingram,West Bengal,ER,24.248003,88.211777
CBP,Chik Ballapur,Karnataka,SWR,13.4313153,77.7325398
CBZ,Churaibari,Tripura,NFR,24.433621,92.24124800000001
BIML,Bhimal,Rajasthan,NWR,24.7524306,73.92244020000001
KGRA,KANGRA,Himachal Pradesh,NR,32.085157,76.26256500000001
PRM,PIRUMADARA,Uttarakhand,NER,29.327364,79.045744
SKK,SIKKAL,Tamil Nadu,SR,10.753121,79.790691
PLG,PALGHAR,Maharashtra,WR,19.698038,72.77248
ARJ,AUNRIHAR JN,Uttar Pradesh,NER,25.54466,83.18727200000001
MBT,MARWAR BIRTHI,Rajasthan,NWR,27.099589,72.290171
NRK,NARAIKKINAR,Tamil Nadu,SR,8.862518999999999,77.841953
PTRL,PATHRALA,Punjab,NWR,30.006625,74.74395299999999
PEH,Pathardih Junction,Jharkhand,ECR,23.675524600000003,86.4345602
BMZ,Bamour Gaon,Madhya Pradesh,NCR,26.3484669242,78.0778607251
BXG,Bhanga,Assam,NFR,24.857347,92.457351
JWNR,Jawaharnagar,Tripura,NFR,23.924910999999998,91.895623
MRWS,Marwar Ranawas,Rajasthan,NWR,25.669354,73.739883
NMH,NIMACH,Madhya Pradesh,WR,24.459872999999998,74.853025
SUIA,SURAINCHA,Uttar Pradesh,NER,27.33652,80.830108
SGM,SOLGAMPATTI,Tamil Nadu,SR,10.785689,78.858717
DN,DHANARI,Uttar Pradesh,NR,28.3284610746,78.50959573360001
JVN,JORAWARNAGAR JN,Gujarat,WR,22.71246,71.641594
UKLR,Ukilerhat Halt,West Bengal,ER,21.824712,88.230351
KOQ,KUTHUR,Tamil Nadu,SR,10.755434000000001,79.718883
MAV,MARIAMMANKOVIL,Tamil Nadu,SR,10.773265,79.198201
BLRR,Belandur Road,Karnataka,SWR,12.936565,77.706939
SRDW,SHRIMAD DWARAKAPURI,Uttar Pradesh,NCR,27.364691,79.56963800000001
SKBR,SHANKARPUR BHADAURA,Madhya Pradesh,WCR,24.083218,81.93144699999999
SCKR,SALICHAUKA ROAD,Madhya Pradesh,WCR,22.833649,78.67629099999999
GGO,Goram Ghat,Rajasthan,NWR,25.635531,73.849246
PTNR,PATEL NAGAR,Delhi NCT,NR,28.660009076599998,77.15626035310001
BGO,BOGRI ROAD,West Bengal,SER,22.881747,87.325732
BNKA,Bankim Nagar,West Bengal,ER,23.209058770000002,88.59190873
RGB,RAMGANGA,Uttar Pradesh,NR,28.298118,79.375029
JRU,CHIKJAJUR JN,Karnataka,SWR,14.126112,76.138705
PLI,PETTAIVAYATALAI,Tamil Nadu,SR,10.898665999999999,78.495114
AVLI,ARAVALLI,Andhra Pradesh,SCR,16.620491,81.599095
HVL,HONNAVALLI ROAD,Karnataka,SWR,13.2744988982,76.39004938960001
SSNH,SREE SARADANAGAR HALT,Karnataka,SWR,13.260739,76.454627
CXA,Chandsara,Uttar Pradesh,NR,28.876213999999997,77.725745
ANPR,Anpara,Uttar Pradesh,ECR,24.217385999999998,82.766166
CTRD,Chitrawad,Gujarat,WR,21.101116,70.557048
TNGM,TONDALAGOPAVARAM,Andhra Pradesh,SCR,16.86827,80.43078299999999
RCF,KAPURTHALA RAIL COACH FACTORY,Punjab,NR,31.326976000000002,75.34282
UKR,UDALKACHAR,Madhya Pradesh,SECR,23.287243,82.291923
BIWK,BISALWAS KALAN,Rajasthan,WR,24.500035299999997,74.78308399999999
TDPR,TIRUPADRIPULYUR,Tamil Nadu,SR,11.748883,79.753349
GOPL,GUNDLA POCHAMPALLI,Andhra Pradesh,SCR,17.567577,78.48785099999999
TMU,TIRUMANTHIKUNAM,Tamil Nadu,SR,10.767733999999999,79.534339
TMA,Tamuria,Bihar,ECR,26.245715,86.352761
TMB,Temburu,Andhra Pradesh,ECoR,18.633565,84.12696299999999
SWI,SWAMIMALAI,Tamil Nadu,SR,10.942234,79.32878500000001
RCJ,RANYAL JASMIYA,Madhya Pradesh,WR,23.161929,76.072554
VVB,VIVEKA VIHAR,Delhi NCT,NR,28.673319000000003,77.31951000000001
BARD,DUVRI KALAN,Madhya Pradesh,WCR,23.994180999999998,81.507968
GWS,GAUSHALA,Uttarakhand,NER,29.298626000000002,79.009802
NJN,NAOJAN,Assam,NFR,26.13131,93.846465
CCT,KAKINADA TOWN,Andhra Pradesh,SCR,16.9670099,82.2329218
MVP,MOKHASA KALVPDI,Andhra Pradesh,SCR,16.495533000000002,81.13029
DBRT,DIBRUGARH TOWN,Assam,NFR,27.4781132774,94.9019739417
NJT,NAGERCOIL TOWN,Tamil Nadu,SR,8.199571810899998,77.4194318207
MMH,MAHADANAPURAM,Tamil Nadu,SR,10.953711,78.299178
HWT,HANWANT,Rajasthan,NWR,26.059514,73.005205
GWO,Gwalior NG,Madhya Pradesh,NCR,26.216473,78.182282
KASH,Kulthamabdullashah Halt,Punjab,NR,31.203335000000003,75.848386
BMSN,Bamsin,Rajasthan,NWR,25.762982552100002,72.5442353925
RCP,Ramachandrapur,Uttar Pradesh,NR,25.996484000000002,81.267274
GNTR,Gauntra Halt,Uttar Pradesh,NR,27.134445803800002,80.21785643429999
FAN,Fatehnagar,Rajasthan,NWR,24.81828,74.09578200000001
CCP,Chhuchhapura Junction,Gujarat,WR,22.214729000000002,73.594519
BHGH,Bhairgachhi,West Bengal,ER,23.274779,88.634016
BHV,Bhoma,Madhya Pradesh,SECR,22.171372,79.689457
WDLN,WADWAL NAGNATH,Maharashtra,SCR,18.538466,76.80741
TKBN,TSAKIBANDA,Andhra Pradesh,SWR,15.163457000000001,77.178109
KFY,KARAPGAON,Madhya Pradesh,WCR,22.9155569073,78.9845402875
SXF,SOBHAPUR,Madhya Pradesh,WCR,22.727429,78.29188099999999
BNK,BANASANKARAI HA,Karnataka,SWR,13.2656079329,76.5230602795
