record_id,department,corridor_id,zone,defect_type,severity_class,severity_score,days_overdue,corridor_traffic_density,estimated_repair_duration_hrs,requires_traffic_or_power_block,label_failure_within_90_days
TMS002047,Engineering,COR06486,NWR,sleeper_defect,B,2,67,4,3.4,True,0
TMS001367,Engineering,COR04032,WR,sleeper_defect,B,2,1,14,1.8,False,0
TMS003133,Engineering,COR05522,ER,alignment_deviation,A,3,7,9,3.7,True,0
TDMS000994,Traction Distribution,COR01403,SR,insulator_fault,B,2,343,11,1.1,True,0
SMMS000944,Signal & Telecommunication,COR04528,SWR,point_machine_fault,B,2,1,9,3.7,True,0
SMMS001750,Signal & Telecommunication,COR05801,NWR,signal_failure,A,3,8,10,2.6,True,0
SMMS001266,Signal & Telecommunication,COR00688,WR,axle_counter_fault,A,3,4,90,0.8,True,1
TMS001752,Engineering,COR01881,SCR,formation_defect,B,2,1,62,3.2,False,0
TMS003301,Engineering,COR02381,WR,rail_wear,C,1,79,26,4.4,True,0
SMMS001220,Signal & Telecommunication,COR02823,WR,block_instrument_fault,B,2,11,90,1.3,True,0
SMMS001999,Signal & Telecommunication,COR00290,CR,point_machine_fault,B,2,0,68,2.1,True,0
TMS000051,Engineering,COR02754,SCR,rail_wear,C,1,14,9,3.6,True,0
TMS003779,Engineering,COR01825,NWR,alignment_deviation,A,3,5,11,4.0,True,0
TMS000530,Engineering,COR04643,KR,weld_failure,A,3,130,22,1.5,True,1
SMMS000143,Signal & Telecommunication,COR06143,SR,cable_fault,B,2,0,7,2.5,True,0
TMS002450,Engineering,COR01713,WCR,sleeper_defect,B,2,10,54,2.6,True,0
TDMS001563,Traction Distribution,COR02999,SR,feeder_fault,A,3,302,41,2.0,True,1
TDMS001742,Traction Distribution,COR01886,SCR,insulator_fault,B,2,21,62,1.4,True,0
TMS000638,Engineering,COR06373,WR,alignment_deviation,C,1,45,10,1.3,True,0
TDMS002274,Traction Distribution,COR05543,NR,ohe_pole_defect,C,1,45,7,4.7,True,0
SMMS001500,Signal & Telecommunication,COR04545,NR,interlocking_fault,A,3,3,38,1.1,True,0
TMS002327,Engineering,COR05629,NWR,ballast_deficiency,C,1,0,32,0.9,True,0
TMS004757,Engineering,COR02674,NR,weld_failure,A,3,0,7,2.8,True,0
TMS003505,Engineering,COR00087,NWR,points_crossing_wear,B,2,13,30,1.6,True,0
SMMS001681,Signal & Telecommunication,COR02821,WR,point_machine_fault,B,2,25,90,1.9,True,0
TMS002689,Engineering,COR04513,SWR,ballast_deficiency,C,1,82,10,2.0,True,0
TMS001120,Engineering,COR06968,NCR,weld_failure,A,3,9,2,4.2,True,0
TDMS000191,Traction Distribution,COR03078,SR,ohe_wire_wear,B,2,342,40,1.1,True,1
SMMS001044,Signal & Telecommunication,COR02103,SWR,cable_fault,B,2,153,25,1.0,True,0
TMS002786,Engineering,COR01206,CR,rail_fracture,A,3,2,22,1.6,True,0
TMS004009,Engineering,COR03238,WR,rail_wear,C,1,2,8,2.8,True,0
TDMS001577,Traction Distribution,COR05865,NR,feeder_fault,A,3,14,8,1.4,True,0
TMS005409,Engineering,COR00979,NFR,alignment_deviation,C,1,10,14,5.8,True,0
SMMS002741,Signal & Telecommunication,COR02139,SCR,axle_counter_fault,A,3,1,20,3.5,True,0
TDMS002309,Traction Distribution,COR02812,WR,feeder_fault,A,3,14,92,3.9,True,0
SMMS001998,Signal & Telecommunication,COR04908,SWR,interlocking_fault,A,3,0,19,2.6,True,0
TMS000428,Engineering,COR05624,CR,ballast_deficiency,C,1,176,12,3.9,True,0
TDMS002482,Traction Distribution,COR00150,NR,tension_device_fault,C,1,19,38,3.8,True,0
TMS004122,Engineering,COR03482,NCR,weld_failure,A,3,9,13,2.4,False,0
TMS000404,Engineering,COR05500,NER,points_crossing_wear,B,2,10,9,5.0,True,0
TMS001455,Engineering,COR02189,SWR,rail_wear,A,3,49,20,2.4,True,0
TDMS001201,Traction Distribution,COR04548,NR,earthing_fault,B,2,276,37,4.8,True,1
TMS004797,Engineering,COR00954,SR,points_crossing_wear,B,2,392,10,2.5,False,0
SMMS000506,Signal & Telecommunication,COR03144,NER,point_machine_fault,B,2,25,3,1.7,False,0
SMMS002234,Signal & Telecommunication,COR00504,WR,point_machine_fault,B,2,0,12,1.1,True,0
TMS001046,Engineering,COR02537,NR,alignment_deviation,C,1,3,17,1.6,True,0
SMMS002104,Signal & Telecommunication,COR01154,CR,block_instrument_fault,B,2,30,49,2.3,True,0
TDMS002437,Traction Distribution,COR01020,NFR,ohe_wire_wear,B,2,18,22,2.8,True,0
SMMS001539,Signal & Telecommunication,COR02320,WR,signal_failure,A,3,13,23,2.2,True,0
TDMS000992,Traction Distribution,COR02833,WR,ohe_wire_wear,B,2,20,95,1.1,True,0
TMS000318,Engineering,COR01685,WCR,rail_wear,A,3,12,55,0.8,True,0
TDMS000668,Traction Distribution,COR02278,ECR,earthing_fault,B,2,18,6,3.2,True,0
TDMS000494,Traction Distribution,COR01323,NWR,feeder_fault,A,3,98,30,2.4,True,0
SMMS000458,Signal & Telecommunication,COR04451,ER,cable_fault,B,2,56,3,2.0,True,0
TDMS000796,Traction Distribution,COR02832,WR,earthing_fault,B,2,69,95,4.9,True,0
TMS000167,Engineering,COR06234,NWR,points_crossing_wear,B,2,8,9,1.6,True,0
TMS003278,Engineering,COR02385,WR,rail_fracture,A,3,9,36,1.8,True,0
TMS005153,Engineering,COR00470,CR,points_crossing_wear,B,2,10,69,5.6,True,0
TMS000715,Engineering,COR01319,NWR,alignment_deviation,C,1,12,30,3.6,True,0
TDMS002145,Traction Distribution,COR03433,NER,tension_device_fault,C,1,6,5,0.8,True,0
TMS000467,Engineering,COR04695,KR,sleeper_defect,B,2,8,26,3.8,True,0
TDMS001117,Traction Distribution,COR00544,SR,ohe_pole_defect,C,1,15,35,3.4,True,0
TMS001090,Engineering,COR04704,CR,weld_failure,A,3,314,25,1.6,False,1
SMMS001049,Signal & Telecommunication,COR02793,WR,signal_failure,A,3,11,26,2.4,True,0
TMS003877,Engineering,COR03565,SER,ballast_deficiency,C,1,311,25,0.8,True,0
TMS001632,Engineering,COR01842,NR,alignment_deviation,C,1,134,28,3.8,True,0
TDMS000485,Traction Distribution,COR07469,SWR,ohe_wire_wear,B,2,100,2,4.3,True,0
TMS001106,Engineering,COR03571,SER,ballast_deficiency,C,1,0,26,2.3,True,0
SMMS000237,Signal & Telecommunication,COR03100,NR,cable_fault,B,2,4,10,3.5,True,0
TMS002603,Engineering,COR04937,KR,weld_failure,A,3,13,26,4.5,True,0
TMS000669,Engineering,COR02398,WR,formation_defect,B,2,368,35,2.8,True,1
TMS000429,Engineering,COR03038,NR,ballast_deficiency,C,1,42,12,5.3,True,0
TDMS002035,Traction Distribution,COR04896,SWR,tension_device_fault,C,1,369,20,4.0,True,0
TDMS002494,Traction Distribution,COR01197,CR,tension_device_fault,C,1,422,22,0.9,True,0
TMS002921,Engineering,COR01752,WCR,alignment_deviation,C,1,5,30,4.8,True,0
TDMS001269,Traction Distribution,COR02743,SR,insulator_fault,B,2,77,18,3.3,True,0
SMMS000058,Signal & Telecommunication,COR05712,WCR,cable_fault,B,2,1,6,1.0,True,0
SMMS002890,Signal & Telecommunication,COR01343,NWR,signal_failure,A,3,2,30,2.3,True,0
TDMS000713,Traction Distribution,COR02816,WR,tension_device_fault,C,1,25,92,2.0,True,0
SMMS001967,Signal & Telecommunication,COR01044,NFR,cable_fault,B,2,0,4,1.8,True,0
TMS001515,Engineering,COR03474,NCR,rail_wear,C,1,13,14,5.4,True,0
TMS004711,Engineering,COR04482,WCR,points_crossing_wear,B,2,6,36,5.3,False,0
TDMS001298,Traction Distribution,COR07061,WR,ohe_pole_defect,C,1,8,1,2.0,True,0
SMMS001281,Signal & Telecommunication,COR04661,KR,interlocking_fault,A,3,53,24,0.6,False,0
TDMS001887,Traction Distribution,COR01678,WCR,tension_device_fault,C,1,91,55,1.4,True,0
TDMS001013,Traction Distribution,COR01672,WCR,insulator_fault,B,2,7,55,4.1,True,0
SMMS000682,Signal & Telecommunication,COR07873,CR,point_machine_fault,B,2,3,2,1.8,True,0
TMS003349,Engineering,COR01690,WCR,weld_failure,A,3,0,55,4.4,True,1
TMS003915,Engineering,COR03345,SR,points_crossing_wear,B,2,1343,9,5.3,True,1
TDMS001818,Traction Distribution,COR00690,WR,ohe_pole_defect,C,1,17,90,4.6,True,0
TMS004520,Engineering,COR03689,SER,points_crossing_wear,B,2,13,21,2.5,True,0
SMMS000211,Signal & Telecommunication,COR02156,SR,signal_failure,A,3,5,70,2.9,True,0
TMS005330,Engineering,COR01078,SWR,rail_wear,C,1,387,22,1.2,True,0
SMMS001940,Signal & Telecommunication,COR00915,SCR,signal_failure,A,3,21,3,1.2,True,0
TDMS000377,Traction Distribution,COR02055,CR,tension_device_fault,C,1,576,6,2.9,True,0
TMS002048,Engineering,COR00603,NER,sleeper_defect,B,2,5,16,2.6,True,0
TMS003329,Engineering,COR02682,NR,points_crossing_wear,B,2,336,22,5.0,True,1
TMS005151,Engineering,COR01770,WCR,alignment_deviation,C,1,9,43,0.7,True,0
TMS000803,Engineering,COR00223,WCR,sleeper_defect,B,2,1,53,3.0,True,0
TMS005913,Engineering,COR00269,WCR,ballast_deficiency,C,1,12,68,3.6,True,0
TDMS001625,Traction Distribution,COR04688,KR,circuit_breaker_fault,A,3,375,26,3.2,True,1
TMS004046,Engineering,COR00036,WR,sleeper_defect,B,2,0,36,5.6,True,0
TMS005525,Engineering,COR02753,SCR,alignment_deviation,C,1,12,9,1.3,True,0
TMS003758,Engineering,COR00224,WCR,alignment_deviation,C,1,1312,53,4.6,True,1
TDMS000895,Traction Distribution,COR01703,WCR,tension_device_fault,C,1,19,58,4.1,True,0
TMS003192,Engineering,COR04854,NCR,sleeper_defect,B,2,38,4,1.0,True,0
TDMS000371,Traction Distribution,COR01318,NWR,insulator_fault,B,2,99,30,0.9,True,0
TMS002068,Engineering,COR02120,SWR,points_crossing_wear,B,2,7,27,2.0,True,0
SMMS002654,Signal & Telecommunication,COR00030,WR,axle_counter_fault,A,3,0,36,0.7,True,0
SMMS001108,Signal & Telecommunication,COR04407,NR,interlocking_fault,A,3,6,7,2.5,True,0
TMS004394,Engineering,COR04129,SR,points_crossing_wear,B,2,33,41,3.1,False,0
TMS000055,Engineering,COR01840,NR,ballast_deficiency,C,1,13,36,3.7,True,0
TMS002375,Engineering,COR05390,NCR,rail_fracture,A,3,7,12,2.8,True,0
SMMS002365,Signal & Telecommunication,COR01027,NFR,point_machine_fault,B,2,1,22,3.5,True,0
TMS002663,Engineering,COR03020,NR,sleeper_defect,B,2,52,11,2.9,True,0
SMMS001554,Signal & Telecommunication,COR04319,SR,signal_failure,A,3,23,13,2.7,True,0
TMS002488,Engineering,COR02808,WR,sleeper_defect,B,2,8,54,1.9,False,0
TMS002372,Engineering,COR02713,NER,alignment_deviation,C,1,9,11,2.6,True,0
TMS004770,Engineering,COR01694,WCR,rail_fracture,A,3,150,59,2.3,True,1
TDMS000885,Traction Distribution,COR01859,NR,insulator_fault,B,2,17,37,4.9,True,0
SMMS000837,Signal & Telecommunication,COR04527,SWR,lc_gate_interlock_fault,A,3,0,9,1.9,True,0
TMS004263,Engineering,COR03650,SCR,alignment_deviation,C,1,59,14,1.3,True,0
TMS002939,Engineering,COR02054,CR,ballast_deficiency,C,1,9,6,5.4,False,0
SMMS002524,Signal & Telecommunication,COR01780,SWR,cable_fault,B,2,3,30,2.2,True,0
TMS004007,Engineering,COR03295,SWR,points_crossing_wear,B,2,24,12,4.1,True,0
TDMS000712,Traction Distribution,COR00699,WR,circuit_breaker_fault,A,3,525,92,4.3,True,1
TMS004685,Engineering,COR03882,NR,sleeper_defect,B,2,12,30,5.1,True,0
TMS004503,Engineering,COR02383,WR,rail_wear,C,1,7,38,2.0,True,0
SMMS002353,Signal & Telecommunication,COR00096,NWR,interlocking_fault,A,3,0,19,2.6,True,0
TDMS001554,Traction Distribution,COR00019,WR,insulator_fault,B,2,52,26,3.2,True,0
SMMS000929,Signal & Telecommunication,COR02149,SR,interlocking_fault,A,3,4,70,1.7,True,1
TMS002148,Engineering,COR01216,SCR,sleeper_defect,B,2,100,10,3.1,True,0
SMMS000345,Signal & Telecommunication,COR00196,ECR,cable_fault,B,2,2,19,2.7,False,0
TDMS001112,Traction Distribution,COR00778,NWR,insulator_fault,B,2,552,26,3.7,True,1
TMS005895,Engineering,COR00561,NR,ballast_deficiency,C,1,2536,26,3.5,True,0
TMS000252,Engineering,COR02195,SR,sleeper_defect,B,2,12,17,2.1,True,0
SMMS000354,Signal & Telecommunication,COR02304,NR,cable_fault,B,2,28,29,2.3,True,0
SMMS001991,Signal & Telecommunication,COR02301,NR,axle_counter_fault,A,3,0,29,3.8,True,0
TMS005472,Engineering,COR01760,WCR,alignment_deviation,C,1,80,43,2.2,True,0
SMMS000321,Signal & Telecommunication,COR00692,WR,point_machine_fault,B,2,10,92,1.0,True,0
TDMS000205,Traction Distribution,COR00689,WR,tension_device_fault,C,1,22,90,2.5,True,0
TMS004649,Engineering,COR01932,SCR,rail_wear,C,1,369,22,2.8,True,0
TMS004267,Engineering,COR00548,SR,ballast_deficiency,C,1,55,35,1.1,True,0
SMMS000889,Signal & Telecommunication,COR02105,SWR,cable_fault,B,2,3,25,0.7,True,0
TDMS001708,Traction Distribution,COR02588,KR,feeder_fault,A,3,95,22,2.5,True,0
TMS003312,Engineering,COR03643,SCR,weld_failure,A,3,164,14,5.4,True,1
TMS001539,Engineering,COR02420,WR,ballast_deficiency,C,1,4,14,5.2,True,0
SMMS002744,Signal & Telecommunication,COR01879,SCR,cable_fault,B,2,25,62,1.8,True,0
TDMS000260,Traction Distribution,COR01867,NR,tension_device_fault,C,1,83,29,3.5,True,0
SMMS001912,Signal & Telecommunication,COR00371,NER,point_machine_fault,B,2,0,21,2.1,False,0
TMS000412,Engineering,COR01091,SWR,rail_wear,C,1,4,20,4.4,True,0
TMS005955,Engineering,COR07073,NWR,weld_failure,A,3,33,3,5.4,True,0
TMS002873,Engineering,COR02066,SWR,points_crossing_wear,B,2,6,27,1.3,False,0
SMMS000334,Signal & Telecommunication,COR01413,SR,block_instrument_fault,B,2,2,15,3.2,True,0
TMS004686,Engineering,COR02816,WR,alignment_deviation,C,1,11,92,4.5,False,0
TMS005919,Engineering,COR05438,WCR,alignment_deviation,C,1,9,7,4.1,True,0
SMMS001165,Signal & Telecommunication,COR00638,SECR,signal_failure,A,3,4,9,1.3,True,0
SMMS001732,Signal & Telecommunication,COR05178,ECR,point_machine_fault,B,2,1,17,1.2,True,0
TMS000920,Engineering,COR00241,WCR,formation_defect,B,2,71,58,1.5,True,0
TMS000876,Engineering,COR00543,SR,rail_wear,C,1,89,35,1.6,True,0
TMS004536,Engineering,COR01082,SWR,rail_wear,C,1,10,22,4.3,False,0
SMMS000519,Signal & Telecommunication,COR03751,NWR,block_instrument_fault,B,2,0,10,1.6,True,0
TMS002428,Engineering,COR00271,WCR,points_crossing_wear,B,2,166,68,3.9,True,1
TMS003327,Engineering,COR01723,NCR,points_crossing_wear,B,2,14,54,2.9,False,0
TDMS000926,Traction Distribution,COR00284,WCR,ohe_wire_wear,B,2,17,68,1.3,True,0
TMS001351,Engineering,COR00620,SCR,points_crossing_wear,B,2,39,63,1.1,True,0
TDMS002385,Traction Distribution,COR01799,NR,ohe_wire_wear,B,2,31,10,4.9,True,0
SMMS002402,Signal & Telecommunication,COR05610,SER,point_machine_fault,B,2,3,7,1.3,True,0
TDMS000634,Traction Distribution,COR05401,NCR,ohe_wire_wear,B,2,20,11,4.5,True,0
TMS003085,Engineering,COR00010,WR,sleeper_defect,A,3,1,20,4.1,True,0
TDMS001012,Traction Distribution,COR01766,WCR,insulator_fault,B,2,479,43,3.4,True,1
SMMS001627,Signal & Telecommunication,COR00054,WR,block_instrument_fault,B,2,0,24,1.7,True,0
TDMS000427,Traction Distribution,COR01807,NR,insulator_fault,B,2,30,11,0.7,True,0
SMMS001171,Signal & Telecommunication,COR00483,WCR,lc_gate_interlock_fault,A,3,4,69,2.4,False,1
TDMS000508,Traction Distribution,COR00473,CR,ohe_wire_wear,B,2,20,69,4.2,True,0
TMS002299,Engineering,COR00670,ECR,sleeper_defect,B,2,80,11,4.2,True,0
SMMS000891,Signal & Telecommunication,COR05676,NR,axle_counter_fault,A,3,3,6,3.0,True,0
TMS001100,Engineering,COR00110,NWR,formation_defect,B,2,2,20,1.3,True,0
TDMS001057,Traction Distribution,COR02161,SR,insulator_fault,B,2,68,70,1.5,True,0
TDMS001063,Traction Distribution,COR03691,SER,feeder_fault,A,3,13,23,3.0,True,0
TMS003784,Engineering,COR04037,NER,weld_failure,A,3,14,33,2.8,True,1
TMS005853,Engineering,COR01922,SCR,rail_wear,C,1,342,12,4.3,True,0
TDMS001329,Traction Distribution,COR00249,WCR,ohe_wire_wear,B,2,404,54,1.6,True,1
TMS000135,Engineering,COR00692,WR,rail_wear,C,1,53,92,3.2,True,0
SMMS000893,Signal & Telecommunication,COR08546,NR,point_machine_fault,B,2,21,2,1.2,True,0
SMMS002551,Signal & Telecommunication,COR04164,SCR,point_machine_fault,B,2,1,25,2.6,True,0
TMS003966,Engineering,COR02316,WCR,ballast_deficiency,C,1,77,7,4.9,True,0
SMMS001826,Signal & Telecommunication,COR00230,WCR,point_machine_fault,B,2,2,57,2.8,True,0
TMS003113,Engineering,COR02969,SR,points_crossing_wear,B,2,2,40,2.6,True,0
TMS004870,Engineering,COR01023,NFR,alignment_deviation,C,1,6,22,5.6,True,0
TMS005537,Engineering,COR00758,NR,formation_defect,B,2,0,37,5.0,False,0
SMMS002433,Signal & Telecommunication,COR00073,NWR,lc_gate_interlock_fault,A,3,5,30,0.6,True,0
TMS000149,Engineering,COR02836,WR,rail_wear,C,1,10,68,5.1,True,0
TDMS001228,Traction Distribution,COR00686,WR,insulator_fault,B,2,522,91,2.4,True,1
TDMS000222,Traction Distribution,COR06461,WR,circuit_breaker_fault,A,3,2,4,2.2,True,0
SMMS002605,Signal & Telecommunication,COR00572,ECR,axle_counter_fault,A,3,2,18,1.8,True,0
TMS002346,Engineering,COR07204,NFR,ballast_deficiency,C,1,33,3,0.6,True,0
TMS002290,Engineering,COR02694,NR,sleeper_defect,B,2,47,27,5.6,False,0
SMMS001364,Signal & Telecommunication,COR04442,ECR,cable_fault,B,2,7,40,2.8,True,0
TDMS001259,Traction Distribution,COR03725,NFR,ohe_wire_wear,B,2,107,21,2.5,True,0
TMS001270,Engineering,COR03258,WCR,sleeper_defect,B,2,4,33,4.3,True,0
TMS003595,Engineering,COR07482,NWR,alignment_deviation,C,1,0,3,2.4,True,0
SMMS000996,Signal & Telecommunication,COR06521,NR,block_instrument_fault,B,2,5,13,2.8,True,0
TDMS001850,Traction Distribution,COR07350,ECR,insulator_fault,B,2,114,3,3.6,True,0
SMMS000552,Signal & Telecommunication,COR02379,WR,point_machine_fault,B,2,2,35,2.9,True,0
TMS005575,Engineering,COR02153,SR,formation_defect,B,2,29,70,5.9,False,0
TMS004189,Engineering,COR08250,NCR,ballast_deficiency,C,1,12,3,3.2,True,0
TDMS001294,Traction Distribution,COR00999,NFR,tension_device_fault,C,1,18,19,4.4,True,0
TDMS000638,Traction Distribution,COR01440,ECR,ohe_wire_wear,B,2,4,23,4.0,True,0
TMS005479,Engineering,COR04344,NWR,alignment_deviation,C,1,73,5,2.5,True,0
TDMS000875,Traction Distribution,COR00472,CR,ohe_pole_defect,C,1,18,69,4.8,True,0
TMS005123,Engineering,COR06910,ER,weld_failure,A,3,3,7,3.7,True,0
TMS000892,Engineering,COR03090,SR,alignment_deviation,C,1,9,40,0.5,True,0
TMS000366,Engineering,COR05567,NWR,alignment_deviation,C,1,12,4,3.6,False,0
TMS002073,Engineering,COR01714,WCR,weld_failure,A,3,11,54,2.1,True,1
TMS003195,Engineering,COR06707,SER,ballast_deficiency,C,1,11,4,0.7,True,0
TMS003673,Engineering,COR02822,WR,points_crossing_wear,B,2,9,90,1.7,True,0
TMS003772,Engineering,COR00260,WCR,rail_wear,C,1,12,54,4.7,True,0
TMS000742,Engineering,COR01832,WR,alignment_deviation,C,1,142,36,3.3,True,0
TMS001801,Engineering,COR03952,ER,sleeper_defect,B,2,5,11,5.7,True,0
TMS004256,Engineering,COR02820,WR,alignment_deviation,C,1,288,90,3.2,True,1
TMS005814,Engineering,COR03886,NR,ballast_deficiency,A,3,30,27,5.8,True,0
SMMS002617,Signal & Telecommunication,COR02424,WR,point_machine_fault,B,2,2,13,1.1,True,0
TMS003172,Engineering,COR00317,SER,ballast_deficiency,C,1,5,23,4.9,True,0
SMMS001517,Signal & Telecommunication,COR03958,ER,point_machine_fault,B,2,0,8,0.9,True,0
TDMS002120,Traction Distribution,COR00139,NWR,ohe_wire_wear,B,2,16,27,1.5,True,0
TMS000266,Engineering,COR04146,SR,rail_wear,C,1,8,35,3.4,True,0
TDMS002329,Traction Distribution,COR04180,NR,earthing_fault,B,2,14,18,4.7,True,0
TDMS000594,Traction Distribution,COR02305,NR,circuit_breaker_fault,A,3,8,29,3.5,True,0
SMMS001026,Signal & Telecommunication,COR00478,CR,block_instrument_fault,B,2,8,69,2.9,True,0
TMS000505,Engineering,COR02215,NWR,ballast_deficiency,C,1,63,12,0.7,True,0
TMS001224,Engineering,COR04029,WR,rail_wear,C,1,4,14,4.6,True,0
TDMS000187,Traction Distribution,COR01044,NFR,earthing_fault,B,2,85,4,1.6,True,0
TMS002797,Engineering,COR02998,SR,points_crossing_wear,B,2,13,41,0.7,False,0
TMS004352,Engineering,COR01862,NR,rail_fracture,A,3,56,37,4.8,True,1
TDMS001380,Traction Distribution,COR01432,SECR,feeder_fault,A,3,82,4,1.8,True,0
SMMS002882,Signal & Telecommunication,COR01392,SR,interlocking_fault,A,3,4,18,2.5,True,0
TMS003725,Engineering,COR06863,NR,weld_failure,A,3,8,7,5.4,True,0
TDMS001125,Traction Distribution,COR03653,SCR,circuit_breaker_fault,A,3,12,15,1.0,True,0
TMS005879,Engineering,COR00253,WCR,points_crossing_wear,B,2,397,54,1.9,True,1
TDMS002048,Traction Distribution,COR01521,CR,insulator_fault,B,2,95,50,5.0,True,0
TMS001697,Engineering,COR00269,WCR,sleeper_defect,B,2,9,68,5.0,True,0
TMS000986,Engineering,COR04684,KR,ballast_deficiency,C,1,80,26,6.0,True,0
TDMS001421,Traction Distribution,COR02197,SR,tension_device_fault,C,1,82,17,2.9,True,0
TDMS001418,Traction Distribution,COR01361,WR,tension_device_fault,C,1,7,37,3.1,True,0
SMMS000597,Signal & Telecommunication,COR01672,WCR,block_instrument_fault,B,2,0,55,1.8,True,0
TMS001089,Engineering,COR01724,NCR,formation_defect,B,2,31,54,1.1,True,0
SMMS001588,Signal & Telecommunication,COR02467,ER,point_machine_fault,B,2,3,11,0.9,True,0
TMS001133,Engineering,COR01102,SCR,sleeper_defect,B,2,13,14,3.0,True,0
TMS004274,Engineering,COR01184,CR,weld_failure,A,3,1,22,5.6,True,0
TMS002881,Engineering,COR01151,CR,ballast_deficiency,C,1,336,49,0.9,True,1
TMS003233,Engineering,COR02837,WR,points_crossing_wear,B,2,34,95,2.4,True,0
TMS004324,Engineering,COR00625,SCR,formation_defect,B,2,10,63,3.4,True,0
TMS004799,Engineering,COR05243,NFR,ballast_deficiency,C,1,9,9,5.4,True,0
SMMS000463,Signal & Telecommunication,COR02022,NER,block_instrument_fault,B,2,3,19,1.8,False,0
TDMS000224,Traction Distribution,COR01027,NFR,ohe_wire_wear,B,2,12,22,0.8,True,0
TMS004473,Engineering,COR00119,NWR,alignment_deviation,C,1,2,33,5.6,True,0
TMS005995,Engineering,COR02007,NR,ballast_deficiency,B,2,6,6,2.3,True,0
TDMS001672,Traction Distribution,COR08343,WR,ohe_wire_wear,B,2,49,1,2.4,True,0
SMMS000529,Signal & Telecommunication,COR01706,WCR,cable_fault,B,2,3,58,2.8,True,0
TMS005510,Engineering,COR00045,WR,weld_failure,A,3,70,36,2.2,True,1
TMS005916,Engineering,COR03320,ER,rail_fracture,A,3,13,5,4.3,True,0
TMS000798,Engineering,COR07204,NFR,sleeper_defect,B,2,54,3,0.5,True,0
TDMS001022,Traction Distribution,COR05633,NWR,ohe_wire_wear,B,2,18,32,4.5,True,0
TMS001095,Engineering,COR01622,SWR,alignment_deviation,C,1,42,25,5.8,True,0
TMS000263,Engineering,COR00933,SWR,ballast_deficiency,C,1,14,41,2.7,True,0
SMMS000191,Signal & Telecommunication,COR00339,NER,axle_counter_fault,A,3,19,11,1.8,True,0
TMS000021,Engineering,COR06269,NR,points_crossing_wear,B,2,68,6,4.1,True,0
SMMS000246,Signal & Telecommunication,COR00882,SCR,cable_fault,B,2,23,17,3.1,True,0
SMMS002766,Signal & Telecommunication,COR00674,WR,cable_fault,B,2,1,66,3.0,True,0
TDMS002156,Traction Distribution,COR05628,NWR,earthing_fault,B,2,62,32,3.6,True,0
TDMS000544,Traction Distribution,COR00529,SR,insulator_fault,B,2,39,35,1.0,True,0
SMMS002004,Signal & Telecommunication,COR00117,NWR,point_machine_fault,B,2,2,33,2.9,True,0
TMS001086,Engineering,COR00614,SCR,ballast_deficiency,C,1,52,67,5.2,False,0
TMS001276,Engineering,COR02837,WR,sleeper_defect,C,1,5,95,1.2,True,0
TDMS001538,Traction Distribution,COR01382,SR,feeder_fault,A,3,2,7,1.5,True,0
TMS001804,Engineering,COR04177,NR,rail_wear,C,1,10,18,3.6,False,0
TMS001816,Engineering,COR01562,CR,alignment_deviation,C,1,7,22,4.6,True,0
TMS005155,Engineering,COR03863,ER,alignment_deviation,C,1,8,6,3.2,False,0
TMS000655,Engineering,COR01231,CR,ballast_deficiency,C,1,178,6,5.2,True,0
TMS005745,Engineering,COR01155,CR,rail_wear,C,1,2,49,3.8,True,0
TMS004418,Engineering,COR03582,ECR,sleeper_defect,B,2,289,7,5.1,True,0
TDMS001615,Traction Distribution,COR02886,NER,insulator_fault,B,2,9,6,4.8,True,0
TMS000384,Engineering,COR02837,WR,ballast_deficiency,C,1,1804,95,1.5,False,1
TDMS000652,Traction Distribution,COR03083,SR,feeder_fault,A,3,12,40,4.5,True,1
TMS005836,Engineering,COR00842,WR,rail_fracture,A,3,1,12,3.5,True,0
TDMS001595,Traction Distribution,COR01843,NR,insulator_fault,B,2,8,28,1.8,True,0
TMS003325,Engineering,COR00205,NCR,points_crossing_wear,B,2,12,53,5.0,True,0
TMS004339,Engineering,COR01641,SWR,alignment_deviation,C,1,11,27,2.9,True,0
SMMS001404,Signal & Telecommunication,COR00864,SCR,cable_fault,B,2,4,18,1.3,True,0
SMMS002940,Signal & Telecommunication,COR01511,CR,cable_fault,B,2,5,19,0.7,True,0
TMS003027,Engineering,COR00767,NR,ballast_deficiency,B,2,19,37,5.9,True,0
SMMS000483,Signal & Telecommunication,COR04317,SR,block_instrument_fault,B,2,3,13,2.5,True,0
TMS002024,Engineering,COR02811,WR,alignment_deviation,C,1,12,92,4.3,True,0
TMS005501,Engineering,COR01899,SCR,alignment_deviation,C,1,12,56,4.7,True,0
SMMS001055,Signal & Telecommunication,COR00987,NFR,lc_gate_interlock_fault,A,3,5,19,4.0,True,0
TMS001281,Engineering,COR00193,ECR,points_crossing_wear,B,2,231,19,2.0,True,0
TMS004982,Engineering,COR04249,NR,alignment_deviation,C,1,13,14,4.5,True,0
TMS003258,Engineering,COR04376,SR,ballast_deficiency,C,1,278,9,6.0,True,0
SMMS000731,Signal & Telecommunication,COR04678,KR,signal_failure,A,3,3,26,1.7,True,0
TMS001016,Engineering,COR03621,SWR,formation_defect,B,2,229,14,5.6,True,0
SMMS002155,Signal & Telecommunication,COR01704,WCR,cable_fault,B,2,1,58,3.2,True,0
TDMS001154,Traction Distribution,COR01527,SCR,tension_device_fault,C,1,15,19,2.8,True,0
TMS003076,Engineering,COR02062,SWR,rail_fracture,A,3,2,26,1.9,True,0
TMS005050,Engineering,COR00085,NWR,sleeper_defect,B,2,44,30,2.0,True,0
TDMS001059,Traction Distribution,COR05708,NCR,tension_device_fault,C,1,4,2,3.2,True,0
TMS000093,Engineering,COR01154,CR,ballast_deficiency,C,1,2406,49,3.2,True,1
TMS004850,Engineering,COR00748,NER,ballast_deficiency,A,3,49,18,5.1,True,0
TMS005947,Engineering,COR03687,WR,points_crossing_wear,B,2,244,8,2.8,True,0
SMMS000806,Signal & Telecommunication,COR01917,SCR,block_instrument_fault,B,2,3,12,3.6,True,0
TMS004458,Engineering,COR04314,SR,points_crossing_wear,B,2,14,13,5.4,True,0
TDMS001092,Traction Distribution,COR01944,SCR,circuit_breaker_fault,A,3,18,22,0.6,True,0
SMMS001110,Signal & Telecommunication,COR00142,NWR,axle_counter_fault,A,3,4,36,3.2,True,0
TDMS000657,Traction Distribution,COR00124,NWR,ohe_wire_wear,B,2,10,29,1.8,True,0
TMS001726,Engineering,COR00546,SR,formation_defect,B,2,0,35,4.6,True,0
TMS002307,Engineering,COR00037,WR,ballast_deficiency,C,1,14,36,3.3,False,0
TMS001864,Engineering,COR00729,SWR,points_crossing_wear,B,2,1,11,1.9,True,0
SMMS001546,Signal & Telecommunication,COR00346,NER,block_instrument_fault,B,2,1,11,1.0,False,0
SMMS002430,Signal & Telecommunication,COR03833,NFR,interlocking_fault,A,3,12,17,1.3,False,0
TDMS000614,Traction Distribution,COR01770,WCR,earthing_fault,B,2,19,43,3.8,True,0
TMS000483,Engineering,COR00997,NFR,points_crossing_wear,B,2,10,17,2.8,True,0
TMS003881,Engineering,COR01847,NR,weld_failure,A,3,7,36,5.3,True,0
SMMS002470,Signal & Telecommunication,COR02834,WR,cable_fault,B,2,2,95,1.6,False,0
TDMS002245,Traction Distribution,COR05137,ECR,ohe_wire_wear,B,2,39,11,2.7,True,0
SMMS001014,Signal & Telecommunication,COR02279,ECR,axle_counter_fault,A,3,3,6,1.4,True,0
TMS003392,Engineering,COR04543,NR,alignment_deviation,C,1,13,38,1.6,True,0
TMS005020,Engineering,COR04320,SR,alignment_deviation,C,1,12,13,4.3,True,0
TDMS000543,Traction Distribution,COR02316,WCR,insulator_fault,B,2,18,7,1.0,True,0
TMS004486,Engineering,COR02815,WR,ballast_deficiency,C,1,75,92,1.1,True,0
TMS005732,Engineering,COR04669,KR,points_crossing_wear,B,2,34,25,4.5,True,0
TMS000553,Engineering,COR04212,NR,points_crossing_wear,B,2,45,7,4.3,True,0
SMMS000284,Signal & Telecommunication,COR01349,WR,block_instrument_fault,B,2,0,31,2.8,True,0
TDMS000741,Traction Distribution,COR02681,NR,tension_device_fault,C,1,44,18,2.6,True,0
TDMS000518,Traction Distribution,COR02994,SR,feeder_fault,A,3,575,41,1.3,True,1
SMMS002984,Signal & Telecommunication,COR00442,SCR,cable_fault,B,2,12,16,3.4,True,0
TDMS000010,Traction Distribution,COR08116,SR,ohe_pole_defect,C,1,1,5,3.1,True,0
TDMS000636,Traction Distribution,COR01202,CR,tension_device_fault,C,1,20,22,1.9,True,0
TDMS000737,Traction Distribution,COR05559,NR,circuit_breaker_fault,A,3,10,5,1.0,True,0
TMS005193,Engineering,COR01768,WCR,ballast_deficiency,C,1,4,43,1.9,True,0
TMS002969,Engineering,COR01755,WCR,points_crossing_wear,B,2,28,29,3.2,True,0
TMS000156,Engineering,COR02890,WCR,alignment_deviation,B,2,374,34,3.3,True,1
TMS000750,Engineering,COR04654,KR,ballast_deficiency,C,1,13,22,6.0,True,0
SMMS000652,Signal & Telecommunication,COR07479,NWR,lc_gate_interlock_fault,A,3,0,3,0.6,True,0
SMMS001036,Signal & Telecommunication,COR00613,SCR,lc_gate_interlock_fault,A,3,1,67,3.9,True,0
TMS001429,Engineering,COR01893,SCR,sleeper_defect,B,2,1,66,4.7,True,0
TMS001532,Engineering,COR00686,WR,sleeper_defect,C,1,38,91,1.5,True,0
SMMS000551,Signal & Telecommunication,COR04122,NR,cable_fault,B,2,15,10,1.5,True,0
SMMS001407,Signal & Telecommunication,COR06099,CR,cable_fault,B,2,0,4,2.9,True,0
TMS004921,Engineering,COR03355,SR,sleeper_defect,B,2,13,5,4.1,False,0
TMS003403,Engineering,COR03962,ER,weld_failure,A,3,1,12,3.9,True,0
TDMS000218,Traction Distribution,COR05713,WCR,ohe_wire_wear,B,2,4,7,2.1,True,0
TMS005730,Engineering,COR00885,SCR,rail_wear,C,1,9,17,5.1,True,0
TMS005549,Engineering,COR04304,NER,points_crossing_wear,B,2,296,17,1.6,True,0
SMMS000699,Signal & Telecommunication,COR00861,SCR,axle_counter_fault,A,3,29,18,2.0,True,0
SMMS001470,Signal & Telecommunication,COR00351,NER,axle_counter_fault,A,3,1,11,2.2,False,0
SMMS001119,Signal & Telecommunication,COR00054,WR,interlocking_fault,A,3,5,24,3.6,False,0
TDMS000287,Traction Distribution,COR01004,NFR,insulator_fault,B,2,6,19,0.5,True,0
TMS000163,Engineering,COR03332,NR,weld_failure,A,3,0,13,0.7,True,0
TMS004142,Engineering,COR00805,NWR,rail_fracture,A,3,1328,4,1.4,True,1
TMS000128,Engineering,COR02816,WR,ballast_deficiency,C,1,3,92,2.5,True,0
SMMS002546,Signal & Telecommunication,COR01977,WR,signal_failure,A,3,5,10,2.2,False,0
TDMS000281,Traction Distribution,COR04486,NCR,feeder_fault,A,3,4,12,3.3,True,0
SMMS002266,Signal & Telecommunication,COR03139,NER,signal_failure,A,3,48,6,1.6,True,0
SMMS000666,Signal & Telecommunication,COR01725,NCR,block_instrument_fault,B,2,1,54,1.5,True,0
TDMS000091,Traction Distribution,COR02838,WR,ohe_pole_defect,C,1,10,95,2.1,True,0
TMS003640,Engineering,COR04003,SR,alignment_deviation,C,1,1,22,2.8,True,0
TDMS000756,Traction Distribution,COR00529,SR,ohe_wire_wear,B,2,111,35,2.4,True,0
TMS005787,Engineering,COR00099,NWR,ballast_deficiency,C,1,9,19,3.1,True,0
TMS003823,Engineering,COR00381,NER,alignment_deviation,C,1,11,21,2.3,True,0
SMMS001372,Signal & Telecommunication,COR00930,SWR,point_machine_fault,B,2,1,41,1.0,True,0
SMMS001262,Signal & Telecommunication,COR02680,NR,cable_fault,B,2,4,18,0.7,True,0
SMMS001509,Signal & Telecommunication,COR01344,NWR,cable_fault,B,2,2,30,3.8,True,0
TMS002005,Engineering,COR00788,NWR,ballast_deficiency,C,1,108,26,0.9,True,0
SMMS000992,Signal & Telecommunication,COR00556,NR,axle_counter_fault,A,3,0,35,3.6,True,0
SMMS002556,Signal & Telecommunication,COR03862,ER,point_machine_fault,B,2,15,6,1.6,True,0
SMMS000026,Signal & Telecommunication,COR00767,NR,cable_fault,B,2,4,37,2.1,True,0
TMS004419,Engineering,COR00150,NR,rail_wear,C,1,47,38,2.7,True,0
SMMS002939,Signal & Telecommunication,COR02642,NER,cable_fault,B,2,4,8,2.5,True,0
TMS003410,Engineering,COR03524,SR,sleeper_defect,B,2,10,5,1.6,True,0
TMS000449,Engineering,COR07467,SWR,ballast_deficiency,C,1,8,2,3.6,True,0
TMS000119,Engineering,COR00925,SWR,ballast_deficiency,C,1,0,10,1.8,True,0
TMS004868,Engineering,COR01313,NWR,points_crossing_wear,B,2,7,19,0.6,True,0
TMS003729,Engineering,COR04391,NR,formation_defect,B,2,9,6,0.9,True,0
SMMS000767,Signal & Telecommunication,COR01436,ECR,cable_fault,B,2,0,23,1.4,False,0
TMS004725,Engineering,COR04583,NCR,alignment_deviation,C,1,3,14,5.6,True,0
TMS001753,Engineering,COR02391,WR,alignment_deviation,C,1,0,36,1.0,True,0
SMMS002586,Signal & Telecommunication,COR02691,NR,cable_fault,B,2,22,17,2.8,True,0
TMS003442,Engineering,COR02149,SR,formation_defect,B,2,11,70,2.6,True,0
TMS005545,Engineering,COR01695,WCR,points_crossing_wear,B,2,2,59,5.4,True,0
TMS001292,Engineering,COR02223,SWR,sleeper_defect,B,2,5,20,3.4,True,0
SMMS002170,Signal & Telecommunication,COR04105,NR,interlocking_fault,A,3,10,11,2.7,True,0
TMS002617,Engineering,COR04956,KR,ballast_deficiency,C,1,2,24,2.9,True,0
TMS002236,Engineering,COR02385,WR,points_crossing_wear,B,2,897,36,4.9,True,1
TDMS001856,Traction Distribution,COR02076,SWR,ohe_wire_wear,B,2,54,25,1.1,True,0
SMMS000675,Signal & Telecommunication,COR00145,NR,point_machine_fault,B,2,20,36,0.5,True,0
TDMS000149,Traction Distribution,COR08237,SR,tension_device_fault,C,1,7,2,5.0,True,0
TDMS000854,Traction Distribution,COR08337,ER,earthing_fault,B,2,27,2,0.7,True,0
TMS000562,Engineering,COR02831,WR,alignment_deviation,C,1,8,95,5.5,True,0
TDMS000496,Traction Distribution,COR02972,SR,tension_device_fault,C,1,14,40,1.3,True,0
TMS003082,Engineering,COR02975,SR,alignment_deviation,C,1,56,40,1.2,False,0
TMS001202,Engineering,COR05225,NCR,rail_wear,C,1,16,4,3.6,True,0
TMS003865,Engineering,COR05935,NWR,formation_defect,B,2,4,2,2.8,True,0
TMS001856,Engineering,COR02347,WR,sleeper_defect,B,2,5,11,3.6,True,0
TDMS001051,Traction Distribution,COR06268,NR,feeder_fault,A,3,13,6,4.4,True,0
SMMS002491,Signal & Telecommunication,COR04583,NCR,block_instrument_fault,B,2,1,14,3.5,True,0
TMS004528,Engineering,COR02069,SWR,weld_failure,A,3,37,27,0.8,True,0
TMS001450,Engineering,COR04157,SR,weld_failure,A,3,5,35,5.9,True,0
TDMS000330,Traction Distribution,COR00861,SCR,insulator_fault,B,2,486,18,1.5,True,1
TMS005792,Engineering,COR02294,NR,points_crossing_wear,B,2,6,19,1.2,True,0
SMMS001175,Signal & Telecommunication,COR00521,NWR,lc_gate_interlock_fault,A,3,2,11,1.8,True,0
SMMS001215,Signal & Telecommunication,COR00259,WCR,lc_gate_interlock_fault,A,3,28,54,3.2,True,0
SMMS001064,Signal & Telecommunication,COR01721,NCR,point_machine_fault,B,2,2,54,2.9,True,0
TMS002848,Engineering,COR00242,WCR,formation_defect,B,2,8,54,3.8,True,0
TDMS000160,Traction Distribution,COR03344,SR,ohe_pole_defect,C,1,117,9,3.3,True,0
TMS000339,Engineering,COR04484,NCR,rail_wear,C,1,11,12,5.0,True,0
TMS001052,Engineering,COR02539,NR,alignment_deviation,C,1,12,17,5.4,True,0
TDMS001992,Traction Distribution,COR01720,NCR,circuit_breaker_fault,A,3,15,54,2.9,True,1
TMS002892,Engineering,COR03904,NR,alignment_deviation,C,1,5,22,3.2,False,0
SMMS001723,Signal & Telecommunication,COR01351,WR,interlocking_fault,A,3,4,31,3.6,True,0
TMS002090,Engineering,COR01906,SCR,alignment_deviation,C,1,2,9,3.8,True,0
TMS005283,Engineering,COR01746,WR,sleeper_defect,B,2,37,16,2.3,True,0
TMS003534,Engineering,COR01410,SR,alignment_deviation,C,1,76,20,5.2,True,0
TDMS002447,Traction Distribution,COR04472,NFR,tension_device_fault,C,1,5,15,1.1,True,0
SMMS000084,Signal & Telecommunication,COR02170,SR,point_machine_fault,B,2,29,21,2.3,True,0
SMMS000455,Signal & Telecommunication,COR00281,WCR,point_machine_fault,B,2,1,68,3.0,True,0
SMMS001139,Signal & Telecommunication,COR00260,WCR,point_machine_fault,B,2,29,54,3.2,True,0
TMS002707,Engineering,COR01875,SCR,points_crossing_wear,B,2,6,62,3.3,True,0
TMS002701,Engineering,COR03797,CR,sleeper_defect,B,2,11,4,2.8,True,0
TMS001177,Engineering,COR06391,NER,ballast_deficiency,B,2,4,22,3.8,True,0
SMMS000153,Signal & Telecommunication,COR00781,NWR,point_machine_fault,B,2,5,26,3.2,True,0
SMMS002436,Signal & Telecommunication,COR04939,KR,cable_fault,B,2,28,26,2.2,True,0
TMS001909,Engineering,COR03988,ER,points_crossing_wear,B,2,8,17,5.5,True,0
TMS000036,Engineering,COR01883,SCR,rail_fracture,A,3,111,62,1.9,True,1
TMS004218,Engineering,COR01724,NCR,rail_wear,C,1,12,54,4.4,True,0
TMS000029,Engineering,COR02823,WR,points_crossing_wear,B,2,10,90,1.2,True,0
TMS003137,Engineering,COR01319,NWR,points_crossing_wear,B,2,59,30,1.8,False,0
TMS001735,Engineering,COR00251,WCR,formation_defect,B,2,0,54,2.6,True,0
TMS003350,Engineering,COR07139,WR,rail_wear,C,1,7,3,1.9,True,0
TDMS002419,Traction Distribution,COR04868,NWR,insulator_fault,B,2,39,8,2.6,True,0
SMMS002215,Signal & Telecommunication,COR00247,WCR,signal_failure,A,3,19,54,2.0,True,1
SMMS000973,Signal & Telecommunication,COR00666,ECR,cable_fault,B,2,1,11,2.3,True,0
TDMS002192,Traction Distribution,COR02980,SR,earthing_fault,B,2,7,40,3.0,True,0
TDMS002013,Traction Distribution,COR01076,SWR,earthing_fault,B,2,32,22,3.6,True,0
TDMS001140,Traction Distribution,COR02839,WR,ohe_wire_wear,B,2,5,95,4.2,True,0
SMMS000464,Signal & Telecommunication,COR02811,WR,point_machine_fault,B,2,5,92,0.9,True,0
TDMS000288,Traction Distribution,COR00491,WCR,feeder_fault,A,3,5,69,1.3,True,1
TMS001322,Engineering,COR06120,NFR,ballast_deficiency,C,1,6,4,5.2,True,0
TDMS000800,Traction Distribution,COR01144,SWR,ohe_pole_defect,C,1,11,17,1.8,True,0
TMS005372,Engineering,COR00783,NWR,rail_wear,C,1,2,26,4.0,False,0
SMMS001452,Signal & Telecommunication,COR01722,NCR,signal_failure,A,3,0,54,3.4,False,0
TDMS002105,Traction Distribution,COR02391,WR,ohe_wire_wear,B,2,101,36,2.1,True,0
TMS001309,Engineering,COR01696,WCR,rail_wear,C,1,337,59,2.6,True,1
SMMS001603,Signal & Telecommunication,COR03084,SR,signal_failure,A,3,1,40,3.4,True,0
SMMS001798,Signal & Telecommunication,COR01319,NWR,cable_fault,B,2,1,30,2.0,True,0
TMS002927,Engineering,COR02739,SR,rail_fracture,A,3,51,18,5.5,True,0
TMS002360,Engineering,COR00418,SCR,alignment_deviation,C,1,12,53,5.7,False,0
TMS002791,Engineering,COR02694,NR,sleeper_defect,B,2,72,27,2.9,True,0
TMS004977,Engineering,COR04078,SWR,rail_wear,C,1,12,11,5.1,True,0
TMS005832,Engineering,COR00802,NWR,points_crossing_wear,B,2,3231,4,5.8,True,0
TDMS000524,Traction Distribution,COR01711,WCR,ohe_wire_wear,B,2,1,54,3.0,True,0
TMS004571,Engineering,COR00250,WCR,rail_fracture,A,3,53,54,1.4,True,0
SMMS000733,Signal & Telecommunication,COR00603,NER,point_machine_fault,B,2,1,16,2.0,True,0
SMMS000577,Signal & Telecommunication,COR00185,ECR,cable_fault,B,2,1,15,0.9,True,0
SMMS001078,Signal & Telecommunication,COR00522,NWR,cable_fault,B,2,1,11,4.0,True,0
SMMS001135,Signal & Telecommunication,COR01853,NR,block_instrument_fault,B,2,2,28,0.6,True,0
SMMS000554,Signal & Telecommunication,COR02158,SR,cable_fault,B,2,13,70,3.8,True,0
SMMS001217,Signal & Telecommunication,COR01309,NWR,block_instrument_fault,B,2,175,19,3.1,True,0
TMS004304,Engineering,COR00535,SR,sleeper_defect,B,2,13,35,5.5,True,0
TDMS001670,Traction Distribution,COR06809,NWR,earthing_fault,B,2,13,4,4.1,True,0
TMS002264,Engineering,COR04059,SWR,sleeper_defect,B,2,38,9,4.1,True,0
TMS005118,Engineering,COR01438,ECR,points_crossing_wear,B,2,85,39,0.6,True,0
TMS005054,Engineering,COR02320,WR,sleeper_defect,B,2,1,23,4.6,True,0
TDMS001503,Traction Distribution,COR06335,NR,earthing_fault,B,2,108,8,0.9,True,0
TMS002410,Engineering,COR02800,WR,sleeper_defect,B,2,180,45,5.7,True,0
TMS004129,Engineering,COR04087,SWR,weld_failure,A,3,15,11,2.8,True,0
TMS002367,Engineering,COR00047,WR,rail_wear,C,1,10,33,3.1,False,0
TDMS000286,Traction Distribution,COR00405,ER,insulator_fault,B,2,0,19,1.3,True,0
TMS000131,Engineering,COR03262,WCR,weld_failure,A,3,776,42,2.8,True,1
TMS004793,Engineering,COR00425,SCR,rail_fracture,A,3,68,20,5.0,True,1
TMS005076,Engineering,COR01764,WCR,weld_failure,A,3,15,43,3.4,True,1
TDMS000207,Traction Distribution,COR00764,NR,earthing_fault,B,2,64,37,3.7,True,0
TMS000926,Engineering,COR01697,WCR,rail_fracture,A,3,3,59,4.3,True,1
SMMS002218,Signal & Telecommunication,COR01628,SWR,cable_fault,B,2,4,32,2.4,False,0
SMMS000341,Signal & Telecommunication,COR04295,NER,lc_gate_interlock_fault,A,3,5,18,3.1,True,0
SMMS000923,Signal & Telecommunication,COR01534,SCR,block_instrument_fault,B,2,0,8,2.4,True,0
TMS001770,Engineering,COR02156,SR,rail_wear,C,1,5,70,1.7,True,0
TDMS001981,Traction Distribution,COR05734,SR,insulator_fault,B,2,34,10,4.5,True,0
TMS005598,Engineering,COR00705,WR,points_crossing_wear,B,2,12,87,5.1,True,0
TMS000141,Engineering,COR00540,SR,alignment_deviation,C,1,14,35,3.6,True,0
SMMS000083,Signal & Telecommunication,COR04478,WCR,cable_fault,B,2,5,34,3.8,True,0
TMS003280,Engineering,COR03760,NER,ballast_deficiency,C,1,329,14,2.3,True,0
TMS003314,Engineering,COR00281,WCR,alignment_deviation,C,1,9,68,4.9,True,0
SMMS001733,Signal & Telecommunication,COR02311,NR,signal_failure,A,3,29,29,3.3,True,0
SMMS002527,Signal & Telecommunication,COR01630,SWR,cable_fault,B,2,9,27,2.5,True,0
TMS000146,Engineering,COR01896,SCR,sleeper_defect,B,2,11,66,4.8,True,0
TMS005134,Engineering,COR01742,WR,ballast_deficiency,C,1,0,16,1.5,True,0
TDMS001684,Traction Distribution,COR01503,NR,ohe_pole_defect,C,1,38,6,4.3,True,0
TDMS000215,Traction Distribution,COR05992,WR,ohe_wire_wear,B,2,552,7,2.7,True,1
SMMS002671,Signal & Telecommunication,COR00248,WCR,point_machine_fault,B,2,5,54,2.5,True,0
TMS003824,Engineering,COR01396,SR,weld_failure,A,3,12,11,2.0,True,0
TMS005016,Engineering,COR04318,SR,sleeper_defect,B,2,11,13,4.4,True,0
SMMS001726,Signal & Telecommunication,COR01711,WCR,block_instrument_fault,B,2,2,54,2.1,True,0
TDMS001792,Traction Distribution,COR04683,KR,insulator_fault,B,2,8,26,3.6,True,0
TMS003186,Engineering,COR00492,WCR,rail_wear,C,1,0,69,1.0,True,0
SMMS001279,Signal & Telecommunication,COR01479,NFR,signal_failure,A,3,14,22,0.9,True,0
TMS000806,Engineering,COR00323,SER,points_crossing_wear,B,2,74,24,2.8,True,0
TMS005696,Engineering,COR02156,SR,formation_defect,A,3,5,70,4.5,True,1
TMS001443,Engineering,COR03279,SWR,rail_wear,C,1,103,12,3.6,True,0
TDMS001867,Traction Distribution,COR00675,WR,ohe_wire_wear,B,2,11,94,3.9,True,0
TMS002419,Engineering,COR00422,SCR,ballast_deficiency,C,1,4,53,3.1,True,0
TDMS001296,Traction Distribution,COR02191,SWR,ohe_wire_wear,B,2,2,20,4.8,True,0
TMS002506,Engineering,COR00064,WR,alignment_deviation,C,1,21,31,5.8,True,0
SMMS001172,Signal & Telecommunication,COR01483,NFR,signal_failure,A,3,10,22,2.2,True,0
SMMS002727,Signal & Telecommunication,COR05091,WR,point_machine_fault,B,2,2,3,2.4,True,0
SMMS001200,Signal & Telecommunication,COR01976,WR,axle_counter_fault,A,3,5,10,1.6,True,0
SMMS001569,Signal & Telecommunication,COR05060,SCR,axle_counter_fault,A,3,79,15,0.8,True,0
SMMS000834,Signal & Telecommunication,COR05534,SECR,point_machine_fault,B,2,0,6,1.0,True,0
TMS003951,Engineering,COR01723,NCR,rail_wear,C,1,5,54,3.3,True,0
SMMS001469,Signal & Telecommunication,COR02581,SECR,lc_gate_interlock_fault,A,3,0,6,3.0,True,0
TMS004888,Engineering,COR05281,SWR,ballast_deficiency,C,1,0,7,3.7,True,0
TDMS000190,Traction Distribution,COR04475,NFR,insulator_fault,B,2,17,15,0.6,True,0
TMS003717,Engineering,COR04695,KR,sleeper_defect,B,2,11,26,3.1,True,0
TDMS001194,Traction Distribution,COR04301,NER,ohe_wire_wear,B,2,46,13,0.6,True,0
TMS002279,Engineering,COR00690,WR,points_crossing_wear,B,2,65,90,4.8,True,0
TMS003257,Engineering,COR01706,WCR,formation_defect,B,2,37,58,2.7,True,0
SMMS002300,Signal & Telecommunication,COR01931,SCR,point_machine_fault,B,2,0,22,3.6,True,0
TMS002350,Engineering,COR04181,NR,rail_wear,C,1,5,18,2.0,True,0
TMS002847,Engineering,COR07955,KR,formation_defect,B,2,5,4,4.2,True,0
SMMS001141,Signal & Telecommunication,COR01075,SWR,lc_gate_interlock_fault,A,3,1,22,2.1,True,0
SMMS002246,Signal & Telecommunication,COR04700,CR,point_machine_fault,B,2,1,24,3.4,True,0
TDMS000922,Traction Distribution,COR01475,NFR,ohe_wire_wear,B,2,71,25,0.9,True,0
TDMS000553,Traction Distribution,COR02697,NR,insulator_fault,B,2,4,27,2.0,True,0
TDMS002159,Traction Distribution,COR06989,ECR,earthing_fault,B,2,234,6,4.7,True,0
TMS004529,Engineering,COR01655,NR,points_crossing_wear,B,2,0,33,3.9,True,0
TMS004588,Engineering,COR02219,SWR,weld_failure,A,3,40,21,4.1,True,0
TMS005279,Engineering,COR05778,WR,rail_wear,C,1,73,1,5.4,True,0
TMS005524,Engineering,COR00699,WR,alignment_deviation,C,1,83,92,1.2,True,0
SMMS000989,Signal & Telecommunication,COR01710,WCR,point_machine_fault,B,2,27,54,1.7,True,0
SMMS000797,Signal & Telecommunication,COR00586,ECR,signal_failure,A,3,10,15,2.8,False,0
TMS003284,Engineering,COR00055,WR,points_crossing_wear,B,2,367,26,2.8,True,1
TDMS002204,Traction Distribution,COR01464,NFR,ohe_wire_wear,B,2,9,3,4.2,True,0
SMMS000939,Signal & Telecommunication,COR02291,NR,cable_fault,B,2,2,19,1.8,True,0
SMMS000743,Signal & Telecommunication,COR00156,NR,cable_fault,B,2,0,31,2.8,True,0
SMMS002608,Signal & Telecommunication,COR01435,ECR,signal_failure,A,3,19,39,0.7,True,1
SMMS001945,Signal & Telecommunication,COR01897,SCR,signal_failure,A,3,1,66,2.0,True,0
TMS005379,Engineering,COR02153,SR,ballast_deficiency,C,1,3,70,3.5,True,0
SMMS002059,Signal & Telecommunication,COR04991,SR,point_machine_fault,B,2,22,13,3.8,True,0
TDMS000279,Traction Distribution,COR02833,WR,ohe_wire_wear,B,2,84,95,2.9,True,1
TMS002591,Engineering,COR01078,SWR,alignment_deviation,C,1,7,22,3.7,True,0
TMS000577,Engineering,COR00237,WCR,ballast_deficiency,C,1,30,58,2.7,True,0
TMS004514,Engineering,COR04039,NER,sleeper_defect,B,2,43,21,1.3,True,0
TMS004156,Engineering,COR01523,CR,ballast_deficiency,C,1,49,50,4.2,True,0
TMS004546,Engineering,COR00460,SCR,rail_wear,C,1,8,18,2.8,True,0
TMS005755,Engineering,COR00679,WR,alignment_deviation,C,1,15,94,3.1,False,0
SMMS001687,Signal & Telecommunication,COR03096,ECR,cable_fault,B,2,5,7,1.0,True,0
TDMS001549,Traction Distribution,COR05181,ECR,insulator_fault,B,2,5,17,0.8,True,0
SMMS000741,Signal & Telecommunication,COR04481,WCR,point_machine_fault,B,2,14,36,2.3,True,0
SMMS002073,Signal & Telecommunication,COR02430,SCR,interlocking_fault,A,3,13,15,1.0,True,0
TDMS000550,Traction Distribution,COR00273,WCR,ohe_wire_wear,B,2,11,68,3.6,True,0
TMS003434,Engineering,COR05407,SER,weld_failure,A,3,75,23,1.0,True,0
TMS000844,Engineering,COR04812,ECR,alignment_deviation,C,1,2,10,4.7,True,0
SMMS002367,Signal & Telecommunication,COR02826,WR,block_instrument_fault,B,2,1,64,1.2,True,0
TMS004911,Engineering,COR06343,WR,alignment_deviation,C,1,5,2,3.2,True,0
TMS004615,Engineering,COR00069,NWR,formation_defect,B,2,15,30,3.5,False,0
TMS002414,Engineering,COR05119,WCR,sleeper_defect,B,2,73,5,5.5,True,0
TMS001381,Engineering,COR04512,SWR,rail_wear,C,1,7,10,4.4,True,0
TMS003065,Engineering,COR04844,SCR,rail_wear,C,1,13,12,4.3,True,0
SMMS000382,Signal & Telecommunication,COR02319,WR,lc_gate_interlock_fault,A,3,12,23,2.3,True,0
TMS004112,Engineering,COR01965,NR,sleeper_defect,B,2,21,8,3.0,True,0
TDMS001978,Traction Distribution,COR03631,SWR,tension_device_fault,C,1,0,15,4.5,True,0
SMMS000954,Signal & Telecommunication,COR04545,NR,cable_fault,B,2,25,38,0.6,True,0
TDMS002207,Traction Distribution,COR05632,NWR,insulator_fault,B,2,167,32,3.9,True,0
TMS003998,Engineering,COR07898,CR,ballast_deficiency,C,1,26,1,1.8,False,0
TMS005370,Engineering,COR00766,NR,weld_failure,A,3,294,35,1.5,False,1
TMS002009,Engineering,COR08026,WR,ballast_deficiency,C,1,80,4,0.8,True,0
TDMS000347,Traction Distribution,COR05390,NCR,insulator_fault,B,2,244,12,3.6,True,0
TMS000928,Engineering,COR03614,SWR,alignment_deviation,C,1,16,18,5.0,True,0
TMS003110,Engineering,COR04943,KR,rail_wear,C,1,11,26,0.7,True,0
TDMS000944,Traction Distribution,COR06777,NWR,earthing_fault,B,2,6,9,2.4,True,0
TMS002027,Engineering,COR01619,SWR,rail_wear,C,1,7,25,4.0,True,0
TMS005015,Engineering,COR03479,NCR,formation_defect,B,2,15,14,1.7,True,0
TMS005427,Engineering,COR00764,NR,points_crossing_wear,B,2,334,37,2.0,False,1
SMMS000356,Signal & Telecommunication,COR03631,SWR,block_instrument_fault,B,2,1,15,3.0,True,0
SMMS002787,Signal & Telecommunication,COR04445,ECR,point_machine_fault,B,2,23,13,4.0,False,0
TDMS000619,Traction Distribution,COR01330,NWR,tension_device_fault,C,1,381,30,2.6,True,0
TDMS001925,Traction Distribution,COR06268,NR,earthing_fault,B,2,14,6,1.1,True,0
TMS003922,Engineering,COR07135,WR,sleeper_defect,B,2,1325,3,5.4,False,0
SMMS002055,Signal & Telecommunication,COR04184,NR,signal_failure,A,3,15,7,3.6,True,0
TMS001732,Engineering,COR06038,NER,weld_failure,A,3,67,4,3.7,True,0
TMS001546,Engineering,COR03091,SR,sleeper_defect,B,2,10,40,3.8,False,0
TDMS001991,Traction Distribution,COR00186,ECR,insulator_fault,B,2,38,13,4.8,True,0
TDMS002271,Traction Distribution,COR04137,SR,tension_device_fault,C,1,120,41,1.8,True,0
TMS002825,Engineering,COR02169,SR,points_crossing_wear,C,1,43,9,4.4,True,0
TDMS002405,Traction Distribution,COR01875,SCR,ohe_pole_defect,C,1,64,62,0.8,True,0
TDMS000807,Traction Distribution,COR04195,NWR,earthing_fault,B,2,9,7,4.1,True,0
TMS000799,Engineering,COR02444,ER,rail_wear,C,1,6,19,3.9,True,0
SMMS002991,Signal & Telecommunication,COR01236,CR,block_instrument_fault,B,2,2,5,0.6,True,0
TDMS000284,Traction Distribution,COR02994,SR,ohe_wire_wear,B,2,11,41,1.9,True,0
TMS001761,Engineering,COR00786,NWR,points_crossing_wear,B,2,5,26,3.0,True,0
TMS000549,Engineering,COR05801,NWR,ballast_deficiency,C,1,4,10,4.9,False,0
TDMS000705,Traction Distribution,COR00014,WR,ohe_wire_wear,B,2,28,26,3.2,True,0
TMS004550,Engineering,COR00547,SR,formation_defect,B,2,69,35,5.4,False,0
TDMS000150,Traction Distribution,COR00824,NWR,tension_device_fault,C,1,11,11,1.6,True,0
TMS001876,Engineering,COR03281,SWR,weld_failure,A,3,39,12,4.8,False,0
SMMS001033,Signal & Telecommunication,COR01139,SWR,interlocking_fault,A,3,4,13,3.0,True,0
TMS002586,Engineering,COR04639,KR,rail_wear,C,1,76,22,5.0,True,0
SMMS002530,Signal & Telecommunication,COR04545,NR,point_machine_fault,B,2,27,38,3.5,True,0
SMMS002696,Signal & Telecommunication,COR01706,WCR,interlocking_fault,A,3,5,58,1.8,True,1
TMS005105,Engineering,COR01367,WR,formation_defect,B,2,279,34,4.0,True,0
TDMS002129,Traction Distribution,COR04165,SCR,ohe_wire_wear,B,2,99,25,1.1,True,0
TDMS001778,Traction Distribution,COR08096,NCR,earthing_fault,B,2,20,2,1.2,True,0
TMS000898,Engineering,COR02805,WR,ballast_deficiency,B,2,3253,54,5.8,True,1
TMS002031,Engineering,COR06770,NWR,alignment_deviation,C,1,41,8,0.6,True,0
SMMS001361,Signal & Telecommunication,COR03044,SR,point_machine_fault,B,2,1,22,2.3,True,0
TMS000634,Engineering,COR02066,SWR,alignment_deviation,C,1,1,27,2.1,True,0
TMS004432,Engineering,COR03250,WCR,alignment_deviation,C,1,393,42,5.9,True,0
TMS001948,Engineering,COR05950,CR,sleeper_defect,B,2,2184,10,3.0,True,0
TMS000832,Engineering,COR00039,WR,ballast_deficiency,C,1,78,37,4.8,True,0
TMS004100,Engineering,COR02111,SWR,formation_defect,B,2,76,25,1.9,True,0
TMS003404,Engineering,COR05871,NR,formation_defect,B,2,6,8,0.6,True,0
SMMS002730,Signal & Telecommunication,COR01002,NFR,axle_counter_fault,A,3,0,19,1.6,True,0
TMS004387,Engineering,COR02776,NR,sleeper_defect,B,2,5,28,5.9,True,0
TDMS001858,Traction Distribution,COR02830,WR,insulator_fault,B,2,35,95,3.7,True,0
TMS003682,Engineering,COR03039,SR,rail_wear,C,1,1683,22,5.8,False,0
TMS001997,Engineering,COR00268,WCR,points_crossing_wear,B,2,9,68,4.7,True,0
SMMS002108,Signal & Telecommunication,COR02033,NER,interlocking_fault,A,3,3,19,3.4,True,0
TMS003363,Engineering,COR02818,WR,alignment_deviation,C,1,5,92,1.1,True,0
SMMS000346,Signal & Telecommunication,COR00262,WCR,interlocking_fault,A,3,1,54,3.6,True,0
TDMS000627,Traction Distribution,COR05688,ECR,insulator_fault,B,2,0,10,3.9,True,0
SMMS000920,Signal & Telecommunication,COR01410,SR,block_instrument_fault,B,2,56,20,3.3,True,0
TDMS001947,Traction Distribution,COR05104,NCR,feeder_fault,A,3,37,11,3.0,True,0
SMMS001634,Signal & Telecommunication,COR01701,WCR,block_instrument_fault,B,2,24,58,0.9,False,0
SMMS001759,Signal & Telecommunication,COR00542,SR,cable_fault,B,2,4,35,1.7,True,0
SMMS002277,Signal & Telecommunication,COR00292,CR,point_machine_fault,B,2,107,68,3.3,True,0
TMS005754,Engineering,COR00111,NWR,rail_wear,C,1,6,20,2.0,False,0
SMMS001182,Signal & Telecommunication,COR00468,CR,interlocking_fault,A,3,11,69,1.3,True,0
SMMS001396,Signal & Telecommunication,COR00085,NWR,cable_fault,B,2,25,30,4.0,True,0
TMS005790,Engineering,COR02582,KR,weld_failure,A,3,59,22,2.8,True,0
SMMS000012,Signal & Telecommunication,COR03069,SR,cable_fault,B,2,19,4,2.3,True,0
SMMS002757,Signal & Telecommunication,COR02778,NR,lc_gate_interlock_fault,A,3,4,28,1.0,True,0
TMS005870,Engineering,COR02821,WR,sleeper_defect,B,2,9,90,5.6,True,0
TMS005060,Engineering,COR02210,NWR,ballast_deficiency,B,2,1,26,3.7,True,0
SMMS002856,Signal & Telecommunication,COR03122,ER,signal_failure,A,3,4,4,3.7,True,0
TDMS000235,Traction Distribution,COR00739,NER,tension_device_fault,C,1,102,17,3.1,True,0
TMS005831,Engineering,COR02815,WR,alignment_deviation,C,1,1683,92,1.7,True,1
SMMS002789,Signal & Telecommunication,COR06490,NWR,point_machine_fault,B,2,1,4,3.2,True,0
TMS001702,Engineering,COR02834,WR,formation_defect,B,2,12,95,1.7,False,0
SMMS001027,Signal & Telecommunication,COR06735,WR,signal_failure,A,3,2,2,2.9,True,0
SMMS001607,Signal & Telecommunication,COR05091,WR,block_instrument_fault,B,2,22,3,1.3,True,0
SMMS001161,Signal & Telecommunication,COR02154,SR,block_instrument_fault,B,2,19,70,3.6,True,0
TMS000126,Engineering,COR02132,SCR,weld_failure,B,2,11,20,3.7,True,0
TDMS001805,Traction Distribution,COR02964,KR,circuit_breaker_fault,A,3,578,22,1.5,True,1
TDMS000467,Traction Distribution,COR01007,NFR,earthing_fault,B,2,326,19,2.9,True,1
TMS005064,Engineering,COR01633,SWR,alignment_deviation,C,1,183,27,4.2,True,0
TMS002246,Engineering,COR00538,SR,weld_failure,A,3,9,35,5.4,True,0
SMMS001595,Signal & Telecommunication,COR00356,WR,cable_fault,B,2,0,10,1.4,True,0
TMS005217,Engineering,COR01268,NR,weld_failure,A,3,3,22,4.7,True,0
TMS002040,Engineering,COR01326,NWR,weld_failure,A,3,2,30,1.5,True,0
SMMS002216,Signal & Telecommunication,COR06672,NER,signal_failure,A,3,0,8,1.0,True,0
SMMS002085,Signal & Telecommunication,COR01783,SWR,point_machine_fault,B,2,11,30,1.6,True,0
TDMS001632,Traction Distribution,COR01365,WR,insulator_fault,B,2,19,38,1.2,True,0
TMS001646,Engineering,COR03827,NFR,ballast_deficiency,C,1,3,17,4.6,True,0
SMMS001022,Signal & Telecommunication,COR01936,SCR,lc_gate_interlock_fault,A,3,39,22,0.8,False,0
TMS001708,Engineering,COR00253,WCR,points_crossing_wear,B,2,385,54,2.1,True,1
TMS005994,Engineering,COR06745,WR,ballast_deficiency,C,1,11,2,5.2,True,0
TMS000834,Engineering,COR01712,WCR,alignment_deviation,C,1,912,54,1.6,True,1
TDMS001598,Traction Distribution,COR01303,NWR,ohe_wire_wear,B,2,38,16,2.5,True,0
SMMS001190,Signal & Telecommunication,COR02160,SR,interlocking_fault,A,3,4,70,3.1,True,1
SMMS000447,Signal & Telecommunication,COR00624,SCR,point_machine_fault,B,2,3,63,2.2,True,0
TMS003615,Engineering,COR00629,SCR,ballast_deficiency,C,1,7,63,0.6,False,0
TMS002762,Engineering,COR00113,NWR,formation_defect,B,2,15,20,5.5,True,0
TMS004194,Engineering,COR01192,CR,alignment_deviation,C,1,2,22,3.6,True,0
SMMS000965,Signal & Telecommunication,COR00686,WR,cable_fault,B,2,9,91,2.8,True,0
TMS005242,Engineering,COR03803,SR,formation_defect,B,2,8,22,2.7,True,0
TDMS001820,Traction Distribution,COR00559,NR,ohe_pole_defect,C,1,20,35,4.6,True,0
TDMS001037,Traction Distribution,COR02103,SWR,feeder_fault,A,3,20,25,1.2,True,0
TDMS000902,Traction Distribution,COR00693,WR,tension_device_fault,C,1,0,92,3.3,True,0
TMS000579,Engineering,COR03017,SCR,rail_wear,C,1,13,4,2.1,True,0
TMS004654,Engineering,COR06357,NR,ballast_deficiency,C,1,196,5,5.1,True,0
SMMS002684,Signal & Telecommunication,COR00696,WR,cable_fault,B,2,13,92,3.6,True,0
SMMS002918,Signal & Telecommunication,COR00268,WCR,block_instrument_fault,B,2,0,68,2.4,True,0
TMS003600,Engineering,COR01688,WCR,weld_failure,A,3,371,55,1.0,True,1
TDMS000655,Traction Distribution,COR01833,WR,tension_device_fault,C,1,36,30,1.3,True,0
TMS000003,Engineering,COR01961,NR,ballast_deficiency,C,1,36,7,2.0,True,0
TDMS002231,Traction Distribution,COR04439,ECR,insulator_fault,B,2,81,23,4.8,True,0
TMS004693,Engineering,COR07072,NWR,points_crossing_wear,B,2,207,4,2.4,True,0
TMS004286,Engineering,COR02288,SWR,weld_failure,A,3,3,10,1.8,True,0
TMS000342,Engineering,COR00609,SCR,rail_wear,C,1,58,67,1.7,True,0
TMS004424,Engineering,COR05891,NWR,ballast_deficiency,C,1,247,28,3.7,True,0
SMMS000796,Signal & Telecommunication,COR01151,CR,point_machine_fault,B,2,7,49,1.1,True,0
TMS005436,Engineering,COR04005,SR,rail_fracture,A,3,32,15,2.4,True,0
SMMS001793,Signal & Telecommunication,COR00231,WCR,signal_failure,A,3,10,57,2.4,True,1
TMS003156,Engineering,COR00482,WCR,weld_failure,A,3,83,69,1.2,True,1
TMS004480,Engineering,COR02268,ECR,alignment_deviation,C,1,112,16,3.2,True,0
TDMS002181,Traction Distribution,COR05522,ER,feeder_fault,A,3,16,9,3.6,True,0
TDMS001280,Traction Distribution,COR03033,NR,feeder_fault,A,3,12,12,1.0,True,0
TMS001233,Engineering,COR01483,NFR,alignment_deviation,C,1,15,22,4.8,False,0
TDMS000280,Traction Distribution,COR05819,NWR,insulator_fault,B,2,4,11,4.4,True,0
TMS003039,Engineering,COR01437,ECR,alignment_deviation,C,1,10,39,5.7,True,0
TMS000851,Engineering,COR05412,NR,alignment_deviation,C,1,10,14,0.5,True,0
TMS002799,Engineering,COR02657,NR,ballast_deficiency,A,3,5,2,1.5,True,0
TDMS002135,Traction Distribution,COR00273,WCR,insulator_fault,B,2,69,68,1.6,True,0
TDMS001412,Traction Distribution,COR00235,WCR,ohe_wire_wear,B,2,96,58,1.7,True,0
SMMS002831,Signal & Telecommunication,COR03955,ER,signal_failure,A,3,19,11,3.6,True,0
SMMS000400,Signal & Telecommunication,COR00853,SCR,lc_gate_interlock_fault,A,3,19,26,1.1,True,0
TMS005232,Engineering,COR04250,NR,ballast_deficiency,C,1,14,14,2.8,False,0
TMS005757,Engineering,COR00552,SER,formation_defect,B,2,1,7,3.1,True,0
TMS002105,Engineering,COR06044,NER,rail_wear,C,1,4,5,4.7,True,0
TMS004338,Engineering,COR02810,WR,rail_fracture,C,1,10,87,4.9,True,0
TMS003469,Engineering,COR04478,WCR,points_crossing_wear,B,2,191,34,3.1,True,0
TMS002798,Engineering,COR04787,NFR,formation_defect,B,2,10,2,2.0,True,0
TDMS000469,Traction Distribution,COR03981,ER,circuit_breaker_fault,A,3,83,11,0.7,True,0
SMMS001763,Signal & Telecommunication,COR00615,SCR,interlocking_fault,A,3,2,59,1.5,True,1
SMMS000828,Signal & Telecommunication,COR02108,SWR,point_machine_fault,B,2,0,25,1.3,True,0
TMS005085,Engineering,COR01936,SCR,alignment_deviation,C,1,0,22,4.1,False,0
TDMS001620,Traction Distribution,COR00468,CR,ohe_wire_wear,B,2,92,69,3.1,True,1
SMMS002913,Signal & Telecommunication,COR02293,NR,signal_failure,A,3,28,19,2.7,False,0
TDMS000047,Traction Distribution,COR00018,WR,earthing_fault,B,2,17,24,2.4,True,0
SMMS002339,Signal & Telecommunication,COR05865,NR,interlocking_fault,A,3,3,8,0.8,True,0
SMMS000482,Signal & Telecommunication,COR07712,SCR,cable_fault,B,2,0,2,2.5,True,0
SMMS000070,Signal & Telecommunication,COR05695,NCR,block_instrument_fault,B,2,5,9,3.4,True,0
TMS005983,Engineering,COR04372,SR,alignment_deviation,C,1,10,5,1.5,True,0
TMS005593,Engineering,COR00705,WR,ballast_deficiency,C,1,5,87,2.5,True,0
TMS005461,Engineering,COR00027,WR,weld_failure,A,3,15,35,1.7,False,0
TDMS000535,Traction Distribution,COR04644,KR,circuit_breaker_fault,A,3,19,22,1.9,True,0
TDMS001243,Traction Distribution,COR01898,SCR,circuit_breaker_fault,A,3,14,66,5.0,True,0
TMS003987,Engineering,COR03860,ER,alignment_deviation,C,1,13,6,1.1,True,0
TDMS001279,Traction Distribution,COR01017,NFR,tension_device_fault,C,1,7,21,4.3,True,0
TMS005569,Engineering,COR03055,SR,points_crossing_wear,B,2,218,22,5.9,True,0
TMS003949,Engineering,COR02806,WR,rail_wear,C,1,19,54,4.7,True,0
SMMS001816,Signal & Telecommunication,COR03250,WCR,block_instrument_fault,B,2,0,42,3.8,True,0
TDMS000748,Traction Distribution,COR00538,SR,tension_device_fault,C,1,7,35,3.5,True,0
TMS005395,Engineering,COR06952,NFR,weld_failure,A,3,2,2,4.8,True,0
TMS004434,Engineering,COR04941,KR,rail_wear,B,2,3472,26,2.5,False,1
TMS003681,Engineering,COR00048,WR,weld_failure,A,3,219,31,2.7,True,1
TMS002326,Engineering,COR06406,SER,rail_wear,C,1,8,2,0.7,True,0
SMMS000243,Signal & Telecommunication,COR00259,WCR,interlocking_fault,A,3,1,54,0.9,True,0
TMS001949,Engineering,COR00718,WR,alignment_deviation,C,1,6,51,1.5,True,0
TMS003506,Engineering,COR00050,WR,alignment_deviation,C,1,0,36,1.0,True,0
TMS002685,Engineering,COR05101,NCR,ballast_deficiency,C,1,6,11,3.4,True,0
SMMS001979,Signal & Telecommunication,COR00882,SCR,interlocking_fault,A,3,0,17,0.7,True,0
SMMS002672,Signal & Telecommunication,COR01435,ECR,cable_fault,B,2,29,39,2.6,True,0
TMS004805,Engineering,COR05443,WCR,formation_defect,B,2,4,7,6.0,True,0
SMMS001571,Signal & Telecommunication,COR03151,CR,cable_fault,B,2,1,33,3.0,True,0
TMS004635,Engineering,COR00482,WCR,alignment_deviation,C,1,4,69,4.6,True,0
SMMS002381,Signal & Telecommunication,COR02813,WR,cable_fault,B,2,23,92,1.3,True,0
TMS000332,Engineering,COR02823,WR,ballast_deficiency,C,1,7,90,4.9,True,0
SMMS001808,Signal & Telecommunication,COR01948,SCR,signal_failure,A,3,2,22,1.0,True,0
TDMS001831,Traction Distribution,COR01710,WCR,earthing_fault,B,2,7,54,4.5,True,0
TMS003870,Engineering,COR00685,WR,rail_fracture,A,3,6,91,2.1,True,1
TMS002948,Engineering,COR01587,ECR,ballast_deficiency,C,1,7,11,2.7,True,0
SMMS001054,Signal & Telecommunication,COR04380,SR,point_machine_fault,B,2,29,9,1.5,True,0
TMS000843,Engineering,COR00228,WCR,formation_defect,B,2,58,57,3.1,False,0
SMMS000487,Signal & Telecommunication,COR03626,SWR,lc_gate_interlock_fault,A,3,3,15,3.0,True,0
SMMS002327,Signal & Telecommunication,COR04032,WR,lc_gate_interlock_fault,A,3,0,14,3.9,True,0
TDMS000098,Traction Distribution,COR02155,SR,ohe_pole_defect,C,1,10,70,2.4,True,0
SMMS002933,Signal & Telecommunication,COR03868,ER,point_machine_fault,B,2,4,13,1.8,False,0
TMS005195,Engineering,COR00988,NFR,rail_wear,C,1,7,19,3.2,True,0
SMMS002961,Signal & Telecommunication,COR01668,WCR,signal_failure,A,3,19,55,2.1,True,1
TMS001352,Engineering,COR02236,SWR,ballast_deficiency,C,1,226,18,4.8,True,0
TMS005875,Engineering,COR01367,WR,formation_defect,C,1,11,34,3.0,True,0
TDMS000365,Traction Distribution,COR06623,WR,insulator_fault,B,2,8,2,2.6,True,0
TMS001788,Engineering,COR01705,WCR,points_crossing_wear,B,2,15,58,1.7,True,0
TDMS001962,Traction Distribution,COR02827,WR,tension_device_fault,C,1,1,90,3.0,True,0
TMS004331,Engineering,COR05211,SR,sleeper_defect,B,2,1,15,4.8,True,0
TDMS000930,Traction Distribution,COR04130,SR,earthing_fault,B,2,43,41,0.8,True,0
TDMS001848,Traction Distribution,COR03719,NFR,ohe_pole_defect,C,1,8,21,4.8,True,0
TDMS001979,Traction Distribution,COR00864,SCR,earthing_fault,B,2,13,18,3.9,True,0
TDMS000029,Traction Distribution,COR00474,CR,tension_device_fault,C,1,13,69,2.2,True,0
TDMS000850,Traction Distribution,COR00029,WR,circuit_breaker_fault,A,3,534,36,2.1,True,1
TDMS001727,Traction Distribution,COR00033,WR,ohe_wire_wear,B,2,194,36,4.4,True,1
SMMS002196,Signal & Telecommunication,COR00279,WCR,cable_fault,B,2,16,68,2.6,True,0
TMS003253,Engineering,COR04049,NER,rail_fracture,A,3,4,21,3.6,True,0
TMS004042,Engineering,COR02615,ER,sleeper_defect,B,2,13,9,2.6,True,0
SMMS001209,Signal & Telecommunication,COR04327,SR,cable_fault,B,2,10,15,0.9,True,0
SMMS001419,Signal & Telecommunication,COR00720,WR,lc_gate_interlock_fault,A,3,0,26,0.7,True,0
TDMS001702,Traction Distribution,COR06372,WR,tension_device_fault,C,1,10,11,3.0,True,0
TMS000406,Engineering,COR01555,CR,alignment_deviation,C,1,11,22,5.4,True,0
TMS005909,Engineering,COR05634,NWR,ballast_deficiency,C,1,48,32,4.8,True,0
TDMS001225,Traction Distribution,COR00368,NER,ohe_wire_wear,B,2,7,21,0.6,True,0
TMS000437,Engineering,COR00491,WCR,ballast_deficiency,C,1,3,69,3.6,True,0
TMS005800,Engineering,COR01329,NWR,weld_failure,A,3,14,30,3.3,True,1
TMS000538,Engineering,COR01405,SR,points_crossing_wear,B,2,11,11,4.9,True,0
SMMS002328,Signal & Telecommunication,COR02877,NER,interlocking_fault,A,3,1,7,2.5,False,0
TMS002075,Engineering,COR00696,WR,weld_failure,A,3,90,92,4.3,True,1
TMS001553,Engineering,COR01721,NCR,alignment_deviation,C,1,10,54,0.9,True,0
TMS001287,Engineering,COR02456,ER,ballast_deficiency,C,1,14,12,3.7,True,0
TMS004531,Engineering,COR06507,NWR,sleeper_defect,B,2,349,4,0.8,False,0
TDMS002165,Traction Distribution,COR02809,WR,earthing_fault,B,2,17,87,4.7,True,0
TDMS000344,Traction Distribution,COR02837,WR,tension_device_fault,C,1,7,95,4.8,True,0
SMMS002702,Signal & Telecommunication,COR00615,SCR,cable_fault,B,2,4,59,1.2,True,0
TDMS001954,Traction Distribution,COR02498,NWR,earthing_fault,B,2,6,3,2.7,True,0
TMS003960,Engineering,COR02975,SR,weld_failure,A,3,59,40,0.5,True,1
TMS004760,Engineering,COR04350,NWR,weld_failure,A,3,0,5,4.6,True,0
TMS002379,Engineering,COR00178,ECR,sleeper_defect,B,2,9,12,4.3,True,0
TDMS001823,Traction Distribution,COR00363,WR,insulator_fault,B,2,12,13,3.3,True,0
TDMS001469,Traction Distribution,COR02674,NR,tension_device_fault,C,1,16,7,1.3,True,0
TMS003867,Engineering,COR00627,SCR,points_crossing_wear,B,2,41,63,1.3,False,0
TMS003011,Engineering,COR02831,WR,ballast_deficiency,C,1,30,95,5.1,True,0
TMS005637,Engineering,COR00699,WR,ballast_deficiency,C,1,4,92,3.8,True,0
TDMS000411,Traction Distribution,COR00078,NWR,insulator_fault,B,2,14,30,4.8,True,0
SMMS001883,Signal & Telecommunication,COR03506,SR,block_instrument_fault,B,2,12,5,2.5,True,0
TDMS001861,Traction Distribution,COR03149,CR,ohe_pole_defect,C,1,38,33,1.1,True,0
SMMS001084,Signal & Telecommunication,COR02670,NR,interlocking_fault,A,3,3,7,3.3,True,0
TMS000678,Engineering,COR01920,SCR,formation_defect,B,2,162,12,2.2,True,0
TMS005601,Engineering,COR01709,WCR,ballast_deficiency,A,3,64,58,2.5,True,1
TMS004128,Engineering,COR01484,NFR,alignment_deviation,C,1,227,22,4.4,True,0
TMS002678,Engineering,COR01810,NWR,points_crossing_wear,B,2,36,6,4.9,True,0
SMMS000071,Signal & Telecommunication,COR00880,SCR,cable_fault,B,2,1,17,3.1,True,0
TMS004223,Engineering,COR02892,WCR,points_crossing_wear,B,2,9,32,5.9,False,0
TMS005884,Engineering,COR05182,ECR,sleeper_defect,B,2,30,17,3.8,True,0
TDMS000394,Traction Distribution,COR02963,KR,feeder_fault,A,3,28,22,0.7,True,0
SMMS001371,Signal & Telecommunication,COR00586,ECR,interlocking_fault,A,3,0,15,1.5,True,0
TMS002901,Engineering,COR04602,NFR,rail_fracture,A,3,2,15,3.5,True,0
TMS000461,Engineering,COR04887,SCR,points_crossing_wear,B,2,7,7,5.3,True,0
TDMS001566,Traction Distribution,COR00038,WR,circuit_breaker_fault,A,3,18,37,1.8,True,0
SMMS002128,Signal & Telecommunication,COR06392,NER,axle_counter_fault,A,3,5,19,2.0,True,0
SMMS002573,Signal & Telecommunication,COR00495,WCR,cable_fault,B,2,99,69,3.5,True,0
TDMS001747,Traction Distribution,COR02012,NR,earthing_fault,B,2,2,5,4.5,True,0
TMS001350,Engineering,COR00148,NR,points_crossing_wear,B,2,53,32,5.0,True,0
TMS003738,Engineering,COR00323,SER,rail_wear,C,1,13,24,1.9,True,0
SMMS000232,Signal & Telecommunication,COR03220,WR,interlocking_fault,A,3,28,3,1.6,True,0
TDMS000633,Traction Distribution,COR00375,NER,ohe_wire_wear,B,2,76,21,0.6,True,0
SMMS000230,Signal & Telecommunication,COR01705,WCR,block_instrument_fault,B,2,1,58,3.7,True,0
TMS001236,Engineering,COR02133,SCR,ballast_deficiency,C,1,6,20,5.1,True,0
SMMS002183,Signal & Telecommunication,COR01729,NCR,lc_gate_interlock_fault,A,3,4,54,2.4,True,1
TMS000531,Engineering,COR03642,SCR,points_crossing_wear,B,2,54,14,3.7,True,0
TMS005322,Engineering,COR04420,SWR,formation_defect,B,2,8,22,4.4,True,0
TMS005005,Engineering,COR00662,ECR,points_crossing_wear,B,2,2,11,5.2,True,0
SMMS001325,Signal & Telecommunication,COR02952,SCR,block_instrument_fault,B,2,15,24,2.9,True,0
TDMS002496,Traction Distribution,COR00668,ECR,ohe_wire_wear,B,2,57,15,0.9,True,0
TMS005572,Engineering,COR01723,NCR,alignment_deviation,C,1,374,54,4.4,False,1
TMS003001,Engineering,COR02643,NER,points_crossing_wear,B,2,8,8,2.3,True,0
TMS002196,Engineering,COR01798,NR,ballast_deficiency,C,1,110,10,3.5,True,0
TDMS000118,Traction Distribution,COR04650,KR,tension_device_fault,C,1,19,22,2.9,True,0
SMMS001713,Signal & Telecommunication,COR00488,WCR,cable_fault,B,2,9,69,2.6,True,0
TMS003139,Engineering,COR01347,WR,formation_defect,B,2,12,31,2.6,True,0
TMS000739,Engineering,COR01658,NR,alignment_deviation,C,1,317,33,5.8,False,1
TMS004141,Engineering,COR01719,WCR,rail_wear,C,1,60,53,1.5,False,0
TDMS001583,Traction Distribution,COR05572,ECR,insulator_fault,B,2,306,2,3.7,True,0
TDMS002246,Traction Distribution,COR00606,SCR,insulator_fault,B,2,10,67,2.9,True,0
TDMS000216,Traction Distribution,COR00322,SER,ohe_wire_wear,B,2,14,24,3.1,True,0
TMS002234,Engineering,COR03615,SWR,alignment_deviation,C,1,10,18,4.7,True,0
TMS005920,Engineering,COR02100,SWR,weld_failure,A,3,22,26,1.7,True,0
SMMS000695,Signal & Telecommunication,COR03137,NR,lc_gate_interlock_fault,A,3,4,6,1.4,False,0
TDMS001314,Traction Distribution,COR04850,NCR,feeder_fault,A,3,8,3,4.4,True,0
TDMS000477,Traction Distribution,COR02569,SECR,tension_device_fault,C,1,20,6,4.7,True,0
TMS005181,Engineering,COR00706,WR,points_crossing_wear,B,2,3,54,0.7,True,0
SMMS001688,Signal & Telecommunication,COR01570,CR,cable_fault,B,2,18,22,1.7,True,0
SMMS000852,Signal & Telecommunication,COR01819,NWR,point_machine_fault,B,2,5,11,2.5,True,0
TMS000101,Engineering,COR03573,SER,ballast_deficiency,C,1,64,26,3.2,True,0
TDMS000332,Traction Distribution,COR00007,WR,feeder_fault,A,3,119,7,2.8,True,1
TMS002773,Engineering,COR00654,SWR,formation_defect,B,2,11,22,1.6,True,0
TDMS001863,Traction Distribution,COR00278,WCR,feeder_fault,A,3,559,68,2.5,True,1
TMS000460,Engineering,COR02405,WR,sleeper_defect,C,1,15,26,4.9,False,0
TMS004213,Engineering,COR03889,NR,rail_wear,C,1,12,27,4.5,True,0
TDMS000869,Traction Distribution,COR01879,SCR,ohe_wire_wear,B,2,105,62,1.4,True,1
TDMS000531,Traction Distribution,COR05955,SR,feeder_fault,A,3,2,5,2.4,True,0
TMS002541,Engineering,COR00321,SER,weld_failure,B,2,143,24,5.9,True,0
TMS005724,Engineering,COR02999,SR,alignment_deviation,C,1,13,41,4.9,True,0
TMS001323,Engineering,COR00557,NR,rail_wear,C,1,69,35,1.9,False,0
SMMS002644,Signal & Telecommunication,COR01607,SWR,interlocking_fault,A,3,5,25,2.7,True,0
SMMS001137,Signal & Telecommunication,COR01321,NWR,signal_failure,A,3,0,30,2.5,True,0
TMS002224,Engineering,COR06021,NWR,sleeper_defect,B,2,54,6,5.8,True,0
TMS004057,Engineering,COR04937,KR,points_crossing_wear,B,2,6,26,1.7,True,0
SMMS000627,Signal & Telecommunication,COR01238,CR,lc_gate_interlock_fault,A,3,0,5,3.8,True,0
TDMS000240,Traction Distribution,COR02080,SWR,ohe_pole_defect,C,1,110,25,1.9,True,0
TMS004029,Engineering,COR01599,SWR,formation_defect,B,2,40,25,3.1,True,0
TMS005984,Engineering,COR02081,SWR,formation_defect,B,2,12,25,1.7,True,0
SMMS001911,Signal & Telecommunication,COR01844,NR,signal_failure,A,3,1,28,3.4,True,0
SMMS001195,Signal & Telecommunication,COR00676,WR,cable_fault,B,2,5,94,2.5,True,0
TMS003782,Engineering,COR02086,SWR,sleeper_defect,B,2,0,25,0.6,False,0
SMMS002211,Signal & Telecommunication,COR02702,NR,cable_fault,B,2,4,27,2.3,True,0
TMS005821,Engineering,COR07091,WR,formation_defect,B,2,206,1,5.8,True,0
TMS004708,Engineering,COR00060,WR,points_crossing_wear,B,2,3,31,2.4,True,0
TMS004096,Engineering,COR02823,WR,ballast_deficiency,C,1,61,90,1.7,True,0
TMS000902,Engineering,COR03094,ECR,ballast_deficiency,C,1,2218,7,2.2,True,0
TMS005586,Engineering,COR05135,SER,points_crossing_wear,B,2,10,12,5.9,False,0
TMS002537,Engineering,COR02068,SWR,points_crossing_wear,B,2,44,27,4.3,True,0
TDMS001017,Traction Distribution,COR00384,NER,earthing_fault,B,2,11,33,2.4,True,0
SMMS000402,Signal & Telecommunication,COR01471,NFR,lc_gate_interlock_fault,A,3,170,25,0.9,True,1
TMS000347,Engineering,COR00556,NR,weld_failure,A,3,8,35,1.8,True,0
TMS005098,Engineering,COR07171,ER,rail_wear,C,1,0,1,4.2,True,0
TMS001129,Engineering,COR00236,WCR,ballast_deficiency,C,1,7,58,0.6,True,0
TMS004005,Engineering,COR00766,NR,ballast_deficiency,C,1,4,35,5.1,True,0
TDMS000727,Traction Distribution,COR01140,SWR,ohe_pole_defect,C,1,228,21,0.9,True,0
TDMS001292,Traction Distribution,COR04706,CR,insulator_fault,B,2,18,25,3.9,True,0
TMS000860,Engineering,COR05278,SECR,weld_failure,A,3,188,5,4.3,True,0
TDMS001578,Traction Distribution,COR01895,SCR,tension_device_fault,C,1,12,66,3.5,True,0
TMS003504,Engineering,COR00245,WCR,alignment_deviation,C,1,2,54,4.8,False,0
TMS000771,Engineering,COR02441,ER,formation_defect,B,2,15,17,1.2,False,0
SMMS001003,Signal & Telecommunication,COR04802,NCR,point_machine_fault,B,2,5,9,3.2,False,0
TMS000946,Engineering,COR01918,SCR,sleeper_defect,B,2,6,12,4.5,True,0
SMMS000363,Signal & Telecommunication,COR03091,SR,cable_fault,B,2,4,40,3.3,False,0
SMMS001820,Signal & Telecommunication,COR04505,SWR,signal_failure,A,3,8,10,0.7,True,0
TMS000143,Engineering,COR00215,NCR,points_crossing_wear,B,2,1,53,0.9,False,0
SMMS001163,Signal & Telecommunication,COR01703,WCR,cable_fault,B,2,27,58,2.3,True,0
TMS001796,Engineering,COR00847,WR,weld_failure,A,3,31,9,0.8,True,0
TMS004869,Engineering,COR03083,SR,points_crossing_wear,B,2,5,40,0.7,True,0
SMMS002503,Signal & Telecommunication,COR01513,CR,signal_failure,A,3,4,19,2.6,False,0
SMMS001406,Signal & Telecommunication,COR02702,NR,point_machine_fault,B,2,30,27,2.9,True,0
TMS000818,Engineering,COR02297,NR,rail_fracture,A,3,0,29,1.8,True,0
TMS005656,Engineering,COR00788,NWR,alignment_deviation,C,1,39,26,1.0,True,0
TMS004733,Engineering,COR02386,WR,ballast_deficiency,C,1,41,36,0.5,True,0
SMMS000407,Signal & Telecommunication,COR05891,NWR,point_machine_fault,B,2,5,28,3.0,True,0
SMMS000221,Signal & Telecommunication,COR00074,NWR,cable_fault,B,2,18,30,1.5,True,0
TDMS001769,Traction Distribution,COR00548,SR,tension_device_fault,C,1,13,35,4.9,True,0
TMS000699,Engineering,COR03369,NWR,alignment_deviation,C,1,196,11,1.5,True,0
SMMS000013,Signal & Telecommunication,COR00290,CR,point_machine_fault,B,2,5,68,2.4,True,0
TMS004200,Engineering,COR00289,CR,ballast_deficiency,C,1,13,68,1.5,True,0
TMS000743,Engineering,COR02868,NER,alignment_deviation,C,1,0,4,1.5,True,0
TMS000521,Engineering,COR04550,NR,weld_failure,A,3,303,37,0.8,True,1
TMS002155,Engineering,COR04944,KR,alignment_deviation,C,1,15,26,2.1,True,0
SMMS000378,Signal & Telecommunication,COR05195,NWR,axle_counter_fault,A,3,5,10,1.6,True,0
SMMS002161,Signal & Telecommunication,COR04610,NFR,interlocking_fault,A,3,7,15,1.9,False,0
SMMS002446,Signal & Telecommunication,COR02099,SWR,lc_gate_interlock_fault,A,3,0,26,3.8,True,0
SMMS001608,Signal & Telecommunication,COR01019,NFR,block_instrument_fault,B,2,2,22,3.1,True,0
TDMS000007,Traction Distribution,COR03977,ER,ohe_wire_wear,B,2,1,14,4.9,True,0
TMS003369,Engineering,COR01768,WCR,sleeper_defect,B,2,6,43,2.8,True,0
TDMS001268,Traction Distribution,COR02463,ER,tension_device_fault,C,1,89,8,3.9,True,0
TMS000936,Engineering,COR04044,NER,sleeper_defect,B,2,71,21,1.1,True,0
TMS001650,Engineering,COR01440,ECR,sleeper_defect,B,2,72,23,4.0,True,0
TMS005493,Engineering,COR02855,SWR,sleeper_defect,C,1,3485,14,4.3,False,0
TDMS001089,Traction Distribution,COR01478,NFR,ohe_wire_wear,B,2,20,25,2.8,True,0
SMMS001059,Signal & Telecommunication,COR04566,NER,cable_fault,B,2,5,3,0.6,True,0
SMMS002676,Signal & Telecommunication,COR03732,WR,cable_fault,B,2,1,7,0.9,False,0
TDMS002211,Traction Distribution,COR04037,NER,ohe_pole_defect,C,1,70,33,3.8,True,0
TMS005882,Engineering,COR00095,NWR,points_crossing_wear,A,3,62,30,1.0,True,0
TMS000609,Engineering,COR01675,WCR,rail_wear,C,1,30,55,4.3,True,0
TMS003571,Engineering,COR03692,SER,ballast_deficiency,C,1,116,23,5.8,True,0
TMS004153,Engineering,COR02134,SCR,points_crossing_wear,B,2,5,20,2.0,False,0
SMMS001166,Signal & Telecommunication,COR00723,WR,point_machine_fault,B,2,106,26,3.5,True,0
TMS001685,Engineering,COR00152,NR,sleeper_defect,C,1,8,36,4.0,True,0
TDMS002069,Traction Distribution,COR05803,NWR,insulator_fault,B,2,22,10,4.6,True,0
SMMS002451,Signal & Telecommunication,COR03032,NR,point_machine_fault,B,2,4,12,0.6,True,0
TMS001265,Engineering,COR01387,SR,rail_wear,C,1,9,18,2.8,True,0
TMS005795,Engineering,COR04705,CR,sleeper_defect,B,2,126,25,1.1,True,0
SMMS001116,Signal & Telecommunication,COR02834,WR,point_machine_fault,B,2,5,95,1.6,True,0
TMS004604,Engineering,COR00013,WR,weld_failure,A,3,11,23,4.3,True,0
TDMS000784,Traction Distribution,COR00483,WCR,feeder_fault,A,3,399,69,2.1,True,1
TMS004866,Engineering,COR00225,WCR,rail_wear,C,1,7,57,2.1,True,0
TMS004164,Engineering,COR03767,NER,points_crossing_wear,B,2,129,4,5.3,False,0
TMS005136,Engineering,COR04133,SR,alignment_deviation,B,2,9,41,5.9,True,0
TDMS001984,Traction Distribution,COR01561,CR,ohe_pole_defect,C,1,89,22,3.4,True,0
SMMS002247,Signal & Telecommunication,COR03081,SR,point_machine_fault,B,2,7,40,1.2,False,0
TDMS000583,Traction Distribution,COR00091,NWR,insulator_fault,B,2,9,30,2.3,True,0
SMMS001102,Signal & Telecommunication,COR03077,SR,point_machine_fault,B,2,1,40,3.7,True,0
TDMS000824,Traction Distribution,COR01892,SCR,feeder_fault,A,3,84,66,0.7,True,1
SMMS000200,Signal & Telecommunication,COR04190,NR,point_machine_fault,B,2,0,7,2.1,True,0
SMMS001745,Signal & Telecommunication,COR02109,SWR,signal_failure,A,3,5,25,2.1,True,0
SMMS001222,Signal & Telecommunication,COR05634,NWR,cable_fault,B,2,29,32,0.5,True,0
SMMS002656,Signal & Telecommunication,COR05081,NR,interlocking_fault,A,3,0,13,0.6,True,0
TDMS000956,Traction Distribution,COR04419,SWR,ohe_pole_defect,C,1,20,22,3.1,True,0
SMMS002943,Signal & Telecommunication,COR01207,CR,point_machine_fault,B,2,1,22,3.1,True,0
TMS005844,Engineering,COR02681,NR,rail_fracture,A,3,7,18,1.1,True,0
TDMS002161,Traction Distribution,COR03874,ER,earthing_fault,B,2,56,13,2.7,True,0
SMMS001751,Signal & Telecommunication,COR00480,WCR,cable_fault,B,2,2,69,2.8,True,0
TMS004925,Engineering,COR02070,SWR,rail_wear,C,1,8,27,0.5,True,0
SMMS000008,Signal & Telecommunication,COR04045,NER,cable_fault,B,2,23,21,3.6,True,0
TMS001218,Engineering,COR01134,NER,ballast_deficiency,C,1,12,8,4.5,False,0
TDMS001297,Traction Distribution,COR02336,WR,tension_device_fault,C,1,2,12,1.2,True,0
TMS004867,Engineering,COR00284,WCR,sleeper_defect,B,2,15,68,3.9,True,0
TMS005109,Engineering,COR01683,WCR,ballast_deficiency,C,1,3641,55,1.5,True,1
TDMS001459,Traction Distribution,COR00619,SCR,ohe_wire_wear,B,2,451,63,5.0,True,1
TDMS000196,Traction Distribution,COR00039,WR,earthing_fault,B,2,19,37,1.0,True,0
TMS001075,Engineering,COR02969,SR,points_crossing_wear,B,2,31,40,3.4,True,0
TMS001541,Engineering,COR00499,WR,weld_failure,A,3,125,9,5.9,True,0
TMS005120,Engineering,COR03660,SCR,sleeper_defect,B,2,130,15,0.6,True,0
TDMS001216,Traction Distribution,COR02217,NWR,ohe_pole_defect,C,1,479,13,3.3,True,0
TMS002315,Engineering,COR00093,NWR,weld_failure,A,3,100,30,0.9,False,0
SMMS002476,Signal & Telecommunication,COR00730,SWR,cable_fault,B,2,26,11,1.1,False,0
TDMS002278,Traction Distribution,COR02451,ER,ohe_wire_wear,B,2,33,9,2.9,True,0
SMMS002970,Signal & Telecommunication,COR06058,NER,interlocking_fault,A,3,8,14,3.9,True,0
TDMS001704,Traction Distribution,COR04141,SR,earthing_fault,B,2,55,35,2.5,True,0
TMS002173,Engineering,COR03326,WR,ballast_deficiency,C,1,65,11,3.3,True,0
SMMS000078,Signal & Telecommunication,COR01145,SWR,signal_failure,A,3,4,21,1.1,True,0
TMS000850,Engineering,COR00671,WR,weld_failure,A,3,13,94,4.6,True,1
TMS002982,Engineering,COR01718,WCR,rail_fracture,A,3,39,53,5.4,True,1
TDMS001547,Traction Distribution,COR02158,SR,earthing_fault,B,2,109,70,4.9,True,1
TMS001431,Engineering,COR03138,NER,sleeper_defect,B,2,2,6,1.6,True,0
TMS005396,Engineering,COR00381,NER,alignment_deviation,C,1,15,21,5.9,True,0
TMS000746,Engineering,COR03624,SWR,alignment_deviation,C,1,13,14,5.3,False,0
TMS003352,Engineering,COR03053,SR,ballast_deficiency,C,1,61,22,2.8,True,0
TMS001453,Engineering,COR00683,WR,formation_defect,B,2,26,90,4.9,True,0
TDMS000262,Traction Distribution,COR07003,NWR,earthing_fault,B,2,289,2,4.7,True,1
TDMS000913,Traction Distribution,COR07468,SWR,feeder_fault,A,3,16,2,3.8,True,0
TMS000629,Engineering,COR01885,SCR,points_crossing_wear,B,2,8,62,0.9,True,0
SMMS002344,Signal & Telecommunication,COR00694,WR,block_instrument_fault,B,2,5,92,3.1,True,0
TDMS002059,Traction Distribution,COR05131,NR,tension_device_fault,C,1,32,30,3.0,True,0
SMMS000684,Signal & Telecommunication,COR00144,NR,interlocking_fault,A,3,0,36,1.2,True,0
TDMS001113,Traction Distribution,COR01473,NFR,tension_device_fault,C,1,8,25,1.0,True,0
SMMS001930,Signal & Telecommunication,COR01784,SWR,lc_gate_interlock_fault,A,3,1,30,1.5,True,0
TMS001266,Engineering,COR00245,WCR,sleeper_defect,B,2,44,54,1.8,True,0
TMS000459,Engineering,COR04146,SR,weld_failure,A,3,367,35,4.8,True,1
SMMS001946,Signal & Telecommunication,COR02835,WR,interlocking_fault,A,3,23,95,1.8,True,0
TMS001621,Engineering,COR02527,NR,points_crossing_wear,B,2,290,7,1.5,True,0
TDMS000460,Traction Distribution,COR03264,NCR,insulator_fault,B,2,335,14,0.7,True,1
SMMS001529,Signal & Telecommunication,COR00739,NER,point_machine_fault,B,2,5,17,3.5,True,0
TDMS001364,Traction Distribution,COR04152,SR,ohe_pole_defect,C,1,72,20,1.3,True,0
TMS003366,Engineering,COR01954,SCR,rail_wear,C,1,8,22,2.1,True,0
TMS001807,Engineering,COR02090,SWR,points_crossing_wear,B,2,6,23,4.4,True,0
SMMS000202,Signal & Telecommunication,COR04581,NCR,signal_failure,A,3,4,14,2.6,True,0
TMS000091,Engineering,COR02326,SWR,ballast_deficiency,C,1,1399,4,2.6,False,0
SMMS002692,Signal & Telecommunication,COR02816,WR,block_instrument_fault,B,2,3,92,3.1,True,0
SMMS001144,Signal & Telecommunication,COR04488,NER,interlocking_fault,A,3,5,7,2.6,True,0
TMS002930,Engineering,COR00996,NFR,alignment_deviation,C,1,210,17,3.6,True,0
TMS005313,Engineering,COR02860,SWR,rail_wear,C,1,307,18,2.5,False,0
TMS000960,Engineering,COR01002,NFR,formation_defect,B,2,8,19,4.3,True,0
SMMS001672,Signal & Telecommunication,COR02392,WR,lc_gate_interlock_fault,A,3,2,36,2.8,True,1
SMMS002255,Signal & Telecommunication,COR05281,SWR,interlocking_fault,A,3,1,7,0.5,True,0
SMMS001612,Signal & Telecommunication,COR00193,ECR,cable_fault,B,2,0,19,2.7,True,0
SMMS001714,Signal & Telecommunication,COR03750,NWR,cable_fault,B,2,1,10,2.7,True,0
TMS002733,Engineering,COR04984,WR,points_crossing_wear,C,1,45,16,2.0,True,0
SMMS000936,Signal & Telecommunication,COR00985,NFR,point_machine_fault,B,2,1,14,3.7,True,0
SMMS000747,Signal & Telecommunication,COR00296,CR,point_machine_fault,B,2,0,68,1.9,True,0
TDMS001484,Traction Distribution,COR02797,WR,earthing_fault,B,2,2,53,4.6,True,0
SMMS000169,Signal & Telecommunication,COR04159,SR,cable_fault,B,2,0,35,0.9,False,0
TMS005739,Engineering,COR01027,NFR,alignment_deviation,C,1,12,22,3.8,True,0
TDMS001208,Traction Distribution,COR06921,WR,earthing_fault,B,2,5,2,3.5,True,0
TMS004207,Engineering,COR01714,WCR,alignment_deviation,C,1,256,54,0.9,True,0
TMS002922,Engineering,COR05426,NR,ballast_deficiency,C,1,10,11,0.6,False,0
TDMS000393,Traction Distribution,COR05745,SR,ohe_pole_defect,C,1,46,10,4.7,True,0
SMMS002489,Signal & Telecommunication,COR02475,ER,axle_counter_fault,A,3,4,11,1.8,True,0
TMS002208,Engineering,COR02074,SWR,rail_fracture,A,3,1,25,4.3,True,0
TMS000030,Engineering,COR02052,CR,rail_wear,C,1,3,6,3.3,True,0
TDMS000223,Traction Distribution,COR02461,ER,feeder_fault,A,3,19,12,1.5,True,0
TMS004316,Engineering,COR03251,WCR,alignment_deviation,C,1,373,42,1.3,False,1
TMS002670,Engineering,COR03166,ER,sleeper_defect,B,2,2,7,3.8,True,0
TMS001116,Engineering,COR02762,NR,ballast_deficiency,C,1,9,23,1.7,True,0
SMMS000650,Signal & Telecommunication,COR03487,NR,cable_fault,B,2,3,14,2.4,True,0
TMS002692,Engineering,COR01702,WCR,alignment_deviation,C,1,9,58,3.8,True,0
TMS002304,Engineering,COR03462,NCR,rail_fracture,A,3,358,6,1.8,True,1
TDMS002457,Traction Distribution,COR03715,SWR,ohe_wire_wear,B,2,268,4,3.1,True,0
TMS005793,Engineering,COR06024,NWR,alignment_deviation,C,1,73,6,5.1,True,0
TMS005687,Engineering,COR02328,SWR,ballast_deficiency,C,1,12,4,2.6,True,0
TMS005205,Engineering,COR02997,SR,ballast_deficiency,C,1,8,41,1.2,True,0
SMMS002088,Signal & Telecommunication,COR00262,WCR,interlocking_fault,A,3,2,54,1.4,False,0
TMS004012,Engineering,COR03283,SWR,ballast_deficiency,C,1,14,12,3.0,True,0
TMS002262,Engineering,COR08125,SR,rail_wear,C,1,8,5,2.2,True,0
SMMS001524,Signal & Telecommunication,COR02117,SWR,point_machine_fault,B,2,5,27,1.3,False,0
TMS003021,Engineering,COR04095,NR,rail_fracture,A,3,39,10,2.7,True,0
TDMS000940,Traction Distribution,COR03120,NR,insulator_fault,B,2,5,4,4.4,True,0
TMS001710,Engineering,COR02897,SR,points_crossing_wear,B,2,10,18,1.9,True,0
TMS002319,Engineering,COR05345,SCR,points_crossing_wear,B,2,1732,4,1.7,True,0
TMS002544,Engineering,COR00774,NR,rail_wear,C,1,61,35,1.9,False,0
SMMS000353,Signal & Telecommunication,COR05551,NR,cable_fault,B,2,1,2,3.1,True,0
TMS000207,Engineering,COR00776,NR,weld_failure,A,3,4,35,5.9,True,0
TMS005058,Engineering,COR03649,SCR,rail_wear,C,1,9,14,2.9,True,0
TDMS001973,Traction Distribution,COR00765,NR,circuit_breaker_fault,A,3,17,37,4.0,True,0
SMMS001869,Signal & Telecommunication,COR00252,WCR,signal_failure,A,3,2,54,1.5,True,1
SMMS002602,Signal & Telecommunication,COR00127,NWR,point_machine_fault,B,2,5,27,2.6,True,0
TMS004632,Engineering,COR00769,NR,ballast_deficiency,C,1,82,35,2.4,True,0
SMMS001077,Signal & Telecommunication,COR02810,WR,cable_fault,B,2,18,87,2.4,True,0
TMS002629,Engineering,COR01002,NFR,alignment_deviation,C,1,29,19,4.0,True,0
TDMS001677,Traction Distribution,COR01897,SCR,feeder_fault,A,3,7,66,2.4,True,0
SMMS000079,Signal & Telecommunication,COR00476,CR,point_machine_fault,B,2,3,69,3.6,True,0
TMS005237,Engineering,COR01083,SWR,ballast_deficiency,C,1,12,22,2.4,True,0
TMS001091,Engineering,COR01678,WCR,rail_wear,C,1,117,55,0.7,True,0
TDMS001278,Traction Distribution,COR04950,KR,circuit_breaker_fault,A,3,86,25,1.1,True,1
TMS002135,Engineering,COR03078,SR,alignment_deviation,C,1,387,40,2.0,True,1
TMS004391,Engineering,COR01940,SCR,formation_defect,B,2,9,22,0.7,False,0
TMS000522,Engineering,COR02451,ER,alignment_deviation,C,1,6,9,4.5,True,0
TMS002235,Engineering,COR00077,NWR,points_crossing_wear,B,2,67,30,1.1,True,0
SMMS000953,Signal & Telecommunication,COR01440,ECR,signal_failure,A,3,2,23,3.2,True,0
TMS004462,Engineering,COR01366,WR,ballast_deficiency,C,1,0,37,0.9,False,0
TMS003665,Engineering,COR01937,SCR,formation_defect,B,2,1,22,5.1,True,0
TMS001344,Engineering,COR04117,NR,alignment_deviation,C,1,12,10,2.6,True,0
TMS004748,Engineering,COR01481,NFR,ballast_deficiency,C,1,13,22,5.6,True,0
TMS003774,Engineering,COR07136,WR,rail_wear,C,1,125,3,3.1,True,0
TMS002572,Engineering,COR02378,WR,rail_fracture,A,3,1,35,4.3,True,0
TMS002942,Engineering,COR01904,SCR,points_crossing_wear,B,2,22,9,2.4,True,0
TMS001319,Engineering,COR02774,NR,ballast_deficiency,C,1,1147,28,5.4,True,1
TDMS000835,Traction Distribution,COR03653,SCR,feeder_fault,A,3,24,15,1.4,True,0
TDMS001974,Traction Distribution,COR00012,WR,insulator_fault,B,2,11,20,1.6,True,0
SMMS000205,Signal & Telecommunication,COR00605,NER,signal_failure,A,3,16,16,1.5,True,0
TMS001934,Engineering,COR04930,KR,sleeper_defect,B,2,18,26,2.7,False,0
TMS002030,Engineering,COR00133,NWR,sleeper_defect,B,2,74,27,2.6,True,0
TMS001192,Engineering,COR02818,WR,alignment_deviation,C,1,10,92,0.7,False,0
TMS000724,Engineering,COR00280,WCR,alignment_deviation,B,2,15,68,4.9,True,0
TDMS000534,Traction Distribution,COR04636,SR,tension_device_fault,C,1,69,15,1.7,True,0
TMS003569,Engineering,COR04344,NWR,sleeper_defect,B,2,18,5,4.8,False,0
TDMS001396,Traction Distribution,COR02837,WR,circuit_breaker_fault,A,3,152,95,2.1,True,1
TMS003100,Engineering,COR02108,SWR,sleeper_defect,B,2,6,25,4.3,True,0
TMS005315,Engineering,COR02384,WR,formation_defect,B,2,135,36,1.8,True,0
TMS000142,Engineering,COR02996,SR,alignment_deviation,C,1,2,41,2.2,True,0
TMS004471,Engineering,COR01702,WCR,ballast_deficiency,C,1,12,58,4.1,False,0
SMMS000065,Signal & Telecommunication,COR00627,SCR,cable_fault,B,2,2,63,1.4,True,0
SMMS002804,Signal & Telecommunication,COR01759,WCR,point_machine_fault,B,2,2,43,3.2,True,0
SMMS001487,Signal & Telecommunication,COR05448,WCR,interlocking_fault,A,3,0,7,3.9,True,0
TMS000941,Engineering,COR00131,NWR,ballast_deficiency,C,1,51,27,4.0,True,0
SMMS001899,Signal & Telecommunication,COR03825,NFR,cable_fault,B,2,2,19,3.1,True,0
TMS003869,Engineering,COR01328,NWR,sleeper_defect,B,2,14,30,4.2,True,0
TMS002476,Engineering,COR00284,WCR,formation_defect,B,2,45,68,2.1,True,0
TDMS001171,Traction Distribution,COR01685,WCR,feeder_fault,A,3,0,55,1.4,True,1
SMMS002316,Signal & Telecommunication,COR00540,SR,block_instrument_fault,B,2,2,35,1.3,True,0
TMS000642,Engineering,COR00484,WCR,alignment_deviation,C,1,38,69,2.0,True,0
TMS004269,Engineering,COR05998,WR,ballast_deficiency,C,1,82,7,1.4,True,0
TDMS002003,Traction Distribution,COR00782,NWR,tension_device_fault,C,1,348,26,2.9,True,0
SMMS000418,Signal & Telecommunication,COR01687,WCR,cable_fault,B,2,3,55,0.8,True,0
TMS002160,Engineering,COR07386,NR,ballast_deficiency,C,1,2,6,0.8,False,0
TMS002866,Engineering,COR03831,NFR,alignment_deviation,C,1,1,17,4.6,True,0
TMS001631,Engineering,COR00686,WR,rail_fracture,A,3,11,91,5.6,True,1
SMMS002511,Signal & Telecommunication,COR02598,KR,axle_counter_fault,A,3,2,22,0.9,True,0
TMS003832,Engineering,COR07761,ER,weld_failure,A,3,15,1,0.8,True,0
TMS004657,Engineering,COR01707,WCR,alignment_deviation,C,1,34,58,5.9,True,0
SMMS001827,Signal & Telecommunication,COR00195,ECR,block_instrument_fault,B,2,5,19,3.4,True,0
SMMS002626,Signal & Telecommunication,COR01771,WCR,axle_counter_fault,A,3,2,43,3.7,False,1
TMS004806,Engineering,COR05540,SECR,sleeper_defect,B,2,1,6,3.5,True,0
TMS005889,Engineering,COR00265,WCR,sleeper_defect,B,2,14,54,5.9,True,0
TDMS000982,Traction Distribution,COR03084,SR,insulator_fault,B,2,18,40,0.7,True,0
TMS005455,Engineering,COR05418,NR,ballast_deficiency,C,1,312,6,3.0,True,0
TMS001230,Engineering,COR00225,WCR,sleeper_defect,B,2,7,57,5.6,True,0
TMS001586,Engineering,COR01683,WCR,sleeper_defect,B,2,60,55,2.5,True,0
TMS002357,Engineering,COR06358,NR,rail_fracture,A,3,5,5,1.0,True,0
SMMS001426,Signal & Telecommunication,COR03693,SER,lc_gate_interlock_fault,A,3,16,23,2.8,True,0
SMMS001876,Signal & Telecommunication,COR03573,SER,block_instrument_fault,B,2,11,26,2.6,True,0
TDMS000935,Traction Distribution,COR02220,SWR,tension_device_fault,C,1,279,21,1.1,True,0
TMS005511,Engineering,COR02308,NR,alignment_deviation,C,1,0,29,3.2,True,0
TMS001743,Engineering,COR06108,WR,sleeper_defect,B,2,1073,4,3.8,True,1
TMS002361,Engineering,COR04145,SR,sleeper_defect,B,2,53,35,0.7,True,0
SMMS000368,Signal & Telecommunication,COR01879,SCR,point_machine_fault,B,2,24,62,0.9,True,0
TMS005901,Engineering,COR00315,SER,sleeper_defect,B,2,6,23,2.9,True,0
TDMS002259,Traction Distribution,COR02358,NWR,earthing_fault,B,2,54,24,1.3,True,0
TDMS002460,Traction Distribution,COR00229,WCR,ohe_pole_defect,C,1,15,57,3.9,True,0
SMMS000839,Signal & Telecommunication,COR01038,NFR,signal_failure,A,3,5,25,2.3,True,0
SMMS002217,Signal & Telecommunication,COR03830,NFR,axle_counter_fault,A,3,5,17,3.3,True,0
TDMS001873,Traction Distribution,COR00710,WR,tension_device_fault,C,1,9,54,2.1,True,0
TMS003089,Engineering,COR05592,SCR,formation_defect,B,2,3,25,3.1,True,0
TMS000227,Engineering,COR05404,NCR,rail_fracture,A,3,1,11,4.4,True,0
TMS001045,Engineering,COR01196,CR,ballast_deficiency,C,1,12,22,2.4,True,0
TMS000056,Engineering,COR05006,SR,alignment_deviation,C,1,11,17,5.2,False,0
TMS003386,Engineering,COR03531,NER,weld_failure,A,3,3,5,2.0,True,0
TMS001687,Engineering,COR07993,NR,sleeper_defect,B,2,89,1,3.5,True,0
TMS002095,Engineering,COR00752,SWR,ballast_deficiency,C,1,2929,3,1.5,True,0
TMS003433,Engineering,COR04137,SR,alignment_deviation,C,1,15,41,0.6,False,0
SMMS002343,Signal & Telecommunication,COR00051,WR,cable_fault,B,2,3,24,2.2,True,0
TDMS001970,Traction Distribution,COR06864,NR,tension_device_fault,C,1,553,7,2.0,True,0
TMS000309,Engineering,COR03020,NR,sleeper_defect,B,2,5,11,4.8,False,0
TDMS000481,Traction Distribution,COR01432,SECR,feeder_fault,A,3,47,4,1.0,True,0
TMS003663,Engineering,COR01521,CR,ballast_deficiency,C,1,5,50,2.4,True,0
TDMS001180,Traction Distribution,COR01771,WCR,ohe_pole_defect,C,1,2,43,1.3,True,0
TDMS002097,Traction Distribution,COR00472,CR,ohe_pole_defect,C,1,8,69,4.9,True,0
TMS005503,Engineering,COR00134,NWR,weld_failure,A,3,368,27,2.4,True,1
TMS001012,Engineering,COR00079,NWR,rail_fracture,A,3,13,30,1.7,True,0
TMS004619,Engineering,COR02006,NR,ballast_deficiency,C,1,10,6,4.5,False,0
TDMS002269,Traction Distribution,COR00226,WCR,ohe_wire_wear,B,2,10,57,3.5,True,0
TMS003111,Engineering,COR06022,NWR,alignment_deviation,C,1,97,6,2.7,True,0
TDMS001453,Traction Distribution,COR01144,SWR,ohe_pole_defect,C,1,20,17,3.7,True,0
TMS003537,Engineering,COR03566,SER,weld_failure,A,3,12,25,3.6,True,0
TMS003494,Engineering,COR01841,NR,rail_wear,C,1,49,36,1.9,True,0
TMS004155,Engineering,COR01847,NR,weld_failure,A,3,10,36,4.9,True,1
SMMS001288,Signal & Telecommunication,COR06211,NR,block_instrument_fault,B,2,5,6,3.8,True,0
TMS000705,Engineering,COR02216,NWR,sleeper_defect,B,2,72,12,2.1,False,0
TMS004202,Engineering,COR04442,ECR,rail_wear,C,1,8,40,3.3,True,0
TMS000225,Engineering,COR03979,ER,ballast_deficiency,A,3,2297,12,2.8,True,1
TDMS001698,Traction Distribution,COR00140,NWR,earthing_fault,B,2,33,27,4.1,True,0
TDMS002490,Traction Distribution,COR01769,WCR,earthing_fault,B,2,13,43,1.4,True,0
SMMS001446,Signal & Telecommunication,COR02423,WR,axle_counter_fault,A,3,13,11,1.4,True,0
TMS000330,Engineering,COR07916,WR,alignment_deviation,C,1,15,2,3.3,True,0
TMS005614,Engineering,COR02382,WR,alignment_deviation,C,1,261,31,1.5,True,0
TMS001563,Engineering,COR01707,WCR,points_crossing_wear,B,2,8,58,3.2,True,0
TMS001232,Engineering,COR02833,WR,weld_failure,A,3,3,95,3.7,True,1
TMS004320,Engineering,COR01625,SWR,alignment_deviation,C,1,11,32,1.7,True,0
SMMS000317,Signal & Telecommunication,COR01713,WCR,interlocking_fault,A,3,1,54,3.5,True,0
TMS003973,Engineering,COR02812,WR,sleeper_defect,B,2,4,92,1.5,False,0
SMMS001904,Signal & Telecommunication,COR03480,NCR,cable_fault,B,2,1,14,2.5,True,0
TMS003223,Engineering,COR04157,SR,rail_fracture,A,3,12,35,1.4,True,0
TMS005220,Engineering,COR02021,NER,weld_failure,A,3,62,19,3.6,True,0
SMMS000960,Signal & Telecommunication,COR03089,SR,axle_counter_fault,A,3,103,40,3.4,True,1
SMMS001498,Signal & Telecommunication,COR04677,KR,signal_failure,A,3,0,26,3.9,True,0
TMS000748,Engineering,COR00611,SCR,sleeper_defect,B,2,2,67,3.6,True,0
SMMS002159,Signal & Telecommunication,COR01867,NR,signal_failure,A,3,0,29,4.0,True,0
TDMS000462,Traction Distribution,COR00981,NFR,circuit_breaker_fault,A,3,69,14,1.7,True,0
SMMS002625,Signal & Telecommunication,COR03063,SR,point_machine_fault,B,2,5,17,2.3,True,0
TDMS000758,Traction Distribution,COR02802,WR,tension_device_fault,C,1,70,53,3.2,True,0
TMS000177,Engineering,COR04640,KR,rail_wear,C,1,24,22,5.4,False,0
SMMS001568,Signal & Telecommunication,COR02030,NER,interlocking_fault,A,3,0,19,3.4,True,0
SMMS001344,Signal & Telecommunication,COR00687,WR,block_instrument_fault,B,2,1,90,3.9,True,0
SMMS001085,Signal & Telecommunication,COR04669,KR,lc_gate_interlock_fault,A,3,4,25,1.8,True,0
TMS003121,Engineering,COR00375,NER,alignment_deviation,C,1,55,21,2.4,True,0
TMS000570,Engineering,COR02951,SCR,formation_defect,B,2,38,19,2.5,True,0
SMMS002925,Signal & Telecommunication,COR02804,WR,point_machine_fault,B,2,3,54,1.5,True,0
SMMS002747,Signal & Telecommunication,COR04720,SCR,point_machine_fault,B,2,2,7,3.0,True,0
TMS000991,Engineering,COR06519,NR,sleeper_defect,B,2,0,12,5.2,True,0
SMMS001874,Signal & Telecommunication,COR05701,NCR,signal_failure,A,3,4,2,2.3,True,0
TDMS000793,Traction Distribution,COR03851,NFR,ohe_wire_wear,B,2,0,14,3.3,True,0
TMS003723,Engineering,COR00488,WCR,sleeper_defect,B,2,6,69,3.0,True,0
TMS000390,Engineering,COR01800,NR,ballast_deficiency,C,1,337,10,0.6,True,0
TMS005979,Engineering,COR02722,NER,weld_failure,A,3,37,12,2.4,True,0
SMMS002867,Signal & Telecommunication,COR00493,WCR,cable_fault,B,2,2,69,1.7,True,0
SMMS002980,Signal & Telecommunication,COR01339,NWR,signal_failure,A,3,0,30,2.2,True,0
TMS000269,Engineering,COR02156,SR,sleeper_defect,B,2,56,70,5.0,True,0
TMS002159,Engineering,COR00614,SCR,points_crossing_wear,B,2,60,67,2.2,True,0
TDMS001285,Traction Distribution,COR02096,SWR,insulator_fault,B,2,11,26,1.6,True,0
TMS004214,Engineering,COR02770,NR,weld_failure,B,2,7,28,5.0,True,0
SMMS001974,Signal & Telecommunication,COR00376,NER,lc_gate_interlock_fault,A,3,7,21,2.0,True,0
TMS001391,Engineering,COR00477,CR,sleeper_defect,B,2,53,69,1.0,False,0
TMS005028,Engineering,COR03295,SWR,rail_wear,C,1,4,12,1.1,True,0
TMS003213,Engineering,COR08013,WR,formation_defect,B,2,198,2,4.1,True,0
TMS002400,Engineering,COR06019,NWR,ballast_deficiency,C,1,8,6,3.8,True,0
TMS004755,Engineering,COR04169,NR,rail_wear,C,1,8,16,1.5,True,0
TMS000494,Engineering,COR02122,WCR,rail_fracture,A,3,2,45,1.4,True,1
TDMS001524,Traction Distribution,COR00124,NWR,insulator_fault,B,2,13,29,0.6,True,0
TMS000316,Engineering,COR05254,SECR,rail_wear,C,1,9,7,5.9,True,0
TDMS001806,Traction Distribution,COR07077,WR,earthing_fault,B,2,11,5,4.5,True,0
TMS003575,Engineering,COR00205,NCR,ballast_deficiency,C,1,10,53,2.3,True,0
TMS000908,Engineering,COR06585,NWR,sleeper_defect,B,2,13,6,2.9,True,0
SMMS001696,Signal & Telecommunication,COR04723,SCR,block_instrument_fault,B,2,7,7,1.2,True,0
TDMS001136,Traction Distribution,COR06474,NER,insulator_fault,B,2,6,4,1.7,True,0
TMS002106,Engineering,COR01760,WCR,sleeper_defect,B,2,35,43,5.0,True,0
SMMS000102,Signal & Telecommunication,COR02138,SCR,block_instrument_fault,B,2,21,20,3.7,True,0
TMS002902,Engineering,COR01652,SWR,points_crossing_wear,B,2,283,29,3.9,True,1
TDMS001047,Traction Distribution,COR07402,NR,ohe_pole_defect,C,1,3,8,3.6,True,0
TMS004058,Engineering,COR03785,SECR,ballast_deficiency,C,1,13,6,3.9,True,0
TMS003554,Engineering,COR01595,SWR,points_crossing_wear,B,2,11,17,3.2,True,0
TMS003905,Engineering,COR03902,NR,rail_fracture,A,3,5,19,5.9,True,0
SMMS002992,Signal & Telecommunication,COR07401,NR,cable_fault,B,2,4,8,0.9,True,0
TMS000947,Engineering,COR03557,SER,rail_wear,C,1,309,22,5.6,True,0
SMMS002579,Signal & Telecommunication,COR00265,WCR,block_instrument_fault,B,2,156,54,1.6,True,0
TMS005073,Engineering,COR02425,SWR,alignment_deviation,C,1,87,15,3.5,True,0
TMS005380,Engineering,COR01898,SCR,formation_defect,B,2,63,66,5.7,True,0
TDMS000144,Traction Distribution,COR00508,WR,feeder_fault,A,3,153,12,3.1,True,0
TMS001914,Engineering,COR03051,SR,formation_defect,B,2,77,23,3.5,True,0
TDMS000221,Traction Distribution,COR00621,SCR,circuit_breaker_fault,A,3,305,63,3.5,True,1
TDMS001920,Traction Distribution,COR04889,SR,tension_device_fault,C,1,295,3,3.4,True,0
SMMS002287,Signal & Telecommunication,COR00687,WR,cable_fault,B,2,1,90,2.8,True,0
TMS000628,Engineering,COR00626,SCR,weld_failure,A,3,12,63,1.1,True,0
TDMS002475,Traction Distribution,COR01476,NFR,feeder_fault,A,3,118,16,3.3,True,1
SMMS000190,Signal & Telecommunication,COR02191,SWR,signal_failure,A,3,5,20,2.1,True,0
TMS004015,Engineering,COR02603,KR,weld_failure,A,3,80,22,5.4,False,0
SMMS000117,Signal & Telecommunication,COR07014,NWR,cable_fault,B,2,11,2,2.3,True,0
TMS004641,Engineering,COR00721,WR,ballast_deficiency,C,1,6,26,4.6,True,0
TMS004381,Engineering,COR02068,SWR,ballast_deficiency,C,1,3,27,4.8,True,0
TDMS001102,Traction Distribution,COR00259,WCR,ohe_wire_wear,B,2,78,54,3.6,True,1
TDMS000478,Traction Distribution,COR05293,WR,earthing_fault,B,2,11,4,3.5,True,0
TMS001720,Engineering,COR02819,WR,weld_failure,A,3,18,90,3.7,True,1
SMMS001301,Signal & Telecommunication,COR00608,SCR,cable_fault,B,2,2,67,3.2,True,0
SMMS001292,Signal & Telecommunication,COR08466,SCR,signal_failure,A,3,4,1,1.2,True,0
TDMS001926,Traction Distribution,COR03711,NER,insulator_fault,B,2,4,4,4.3,True,0
TMS000664,Engineering,COR01674,WCR,formation_defect,B,2,42,55,1.8,True,0
TMS002399,Engineering,COR00060,WR,rail_fracture,A,3,3,31,4.7,True,0
TDMS000081,Traction Distribution,COR07464,SWR,insulator_fault,B,2,2,2,3.3,True,0
TMS000619,Engineering,COR02142,SCR,rail_wear,C,1,12,20,3.4,True,0
TMS005331,Engineering,COR04919,CR,points_crossing_wear,B,2,48,26,5.5,True,0
TDMS001045,Traction Distribution,COR00495,WCR,tension_device_fault,C,1,83,69,5.0,True,0
SMMS002178,Signal & Telecommunication,COR01653,SWR,interlocking_fault,A,3,29,29,3.4,True,0
TMS003739,Engineering,COR06012,NWR,formation_defect,B,2,3,9,3.8,False,0
TMS000686,Engineering,COR01316,NWR,points_crossing_wear,B,2,44,30,1.3,True,0
TMS002121,Engineering,COR01075,SWR,rail_wear,C,1,0,22,1.4,True,0
TMS003030,Engineering,COR00945,SR,rail_wear,C,1,15,10,1.1,True,0
TMS000061,Engineering,COR00207,NCR,rail_wear,C,1,1,53,1.6,True,0
TMS000436,Engineering,COR02810,WR,sleeper_defect,B,2,6,87,5.5,False,0
TMS000504,Engineering,COR00538,SR,rail_wear,A,3,4,35,1.8,True,0
TMS001567,Engineering,COR00081,NWR,points_crossing_wear,B,2,13,30,1.0,True,0
SMMS001853,Signal & Telecommunication,COR01337,NWR,cable_fault,B,2,0,30,2.3,True,0
TMS000881,Engineering,COR03845,NFR,sleeper_defect,B,2,391,14,4.3,True,0
TMS004821,Engineering,COR06045,NER,points_crossing_wear,B,2,1340,6,3.7,True,0
TDMS002090,Traction Distribution,COR02539,NR,earthing_fault,B,2,4,17,2.3,True,0
TMS000627,Engineering,COR00981,NFR,alignment_deviation,C,1,12,14,1.9,True,0
TDMS001604,Traction Distribution,COR04440,ECR,insulator_fault,B,2,76,40,4.7,True,0
SMMS000431,Signal & Telecommunication,COR02405,WR,interlocking_fault,A,3,5,26,3.7,True,0
TMS003053,Engineering,COR00561,NR,weld_failure,A,3,7,26,2.2,True,0
SMMS001565,Signal & Telecommunication,COR08211,WCR,point_machine_fault,B,2,30,1,3.4,False,0
TDMS000334,Traction Distribution,COR03659,SCR,insulator_fault,B,2,71,15,2.5,True,0
TMS000468,Engineering,COR06180,NER,sleeper_defect,B,2,1,2,2.9,True,0
TMS005709,Engineering,COR01341,NWR,points_crossing_wear,B,2,34,30,1.7,True,0
TDMS000158,Traction Distribution,COR01953,SCR,ohe_pole_defect,C,1,19,22,0.7,True,0
TMS002822,Engineering,COR02705,NR,points_crossing_wear,B,2,95,27,1.7,True,0
SMMS001345,Signal & Telecommunication,COR04905,SWR,point_machine_fault,B,2,2,20,1.5,True,0
SMMS000339,Signal & Telecommunication,COR02808,WR,lc_gate_interlock_fault,A,3,15,54,2.4,True,0
SMMS002163,Signal & Telecommunication,COR01702,WCR,lc_gate_interlock_fault,A,3,3,58,1.0,True,1
TMS000154,Engineering,COR01166,ER,alignment_deviation,C,1,9,13,1.6,True,0
TMS001692,Engineering,COR00230,WCR,ballast_deficiency,C,1,12,57,4.5,True,0
SMMS001280,Signal & Telecommunication,COR00542,SR,interlocking_fault,A,3,18,35,0.9,True,1
TMS001921,Engineering,COR05519,ER,rail_wear,C,1,14,10,2.7,True,0
TDMS002364,Traction Distribution,COR05871,NR,ohe_pole_defect,C,1,73,8,4.0,True,0
TMS002776,Engineering,COR03632,SWR,formation_defect,B,2,15,15,1.1,True,0
TMS001435,Engineering,COR02661,SR,rail_fracture,A,3,12,11,2.6,False,0
TMS000918,Engineering,COR01337,NWR,sleeper_defect,B,2,27,30,4.8,True,0
SMMS002541,Signal & Telecommunication,COR04169,NR,signal_failure,A,3,14,16,2.2,True,0
TMS005631,Engineering,COR07837,NR,points_crossing_wear,B,2,36,4,5.3,False,0
SMMS001486,Signal & Telecommunication,COR00580,ECR,signal_failure,A,3,83,17,3.1,True,0
TMS000706,Engineering,COR00674,WR,weld_failure,A,3,11,66,4.2,True,1
TDMS000303,Traction Distribution,COR01676,WCR,earthing_fault,B,2,4,55,2.3,True,0
TMS000709,Engineering,COR01870,SCR,sleeper_defect,B,2,50,17,2.5,True,0
TMS002247,Engineering,COR02469,ER,points_crossing_wear,B,2,33,11,5.5,True,0
SMMS001133,Signal & Telecommunication,COR00538,SR,interlocking_fault,A,3,0,35,2.1,False,0
TMS004621,Engineering,COR04536,NR,alignment_deviation,C,1,13,38,2.0,True,0
TMS000364,Engineering,COR00908,SCR,sleeper_defect,B,2,51,3,3.3,True,0
TMS000736,Engineering,COR02193,SR,sleeper_defect,B,2,13,11,5.8,False,0
TMS004484,Engineering,COR08148,NR,rail_fracture,A,3,3,3,5.5,True,0
TDMS001942,Traction Distribution,COR02806,WR,insulator_fault,B,2,88,54,0.7,True,0
TDMS001569,Traction Distribution,COR02491,NWR,ohe_wire_wear,B,2,145,1,3.1,True,0
TDMS002449,Traction Distribution,COR01887,SCR,feeder_fault,A,3,7,62,2.8,True,1
TMS005071,Engineering,COR00746,NER,weld_failure,A,3,75,16,2.2,False,0
TMS005518,Engineering,COR01724,NCR,alignment_deviation,C,1,0,54,5.5,True,0
TMS005203,Engineering,COR00490,WCR,ballast_deficiency,C,1,2,69,3.9,True,0
TMS002322,Engineering,COR01728,NCR,ballast_deficiency,C,1,374,54,5.9,True,1
TMS005547,Engineering,COR02803,WR,alignment_deviation,C,1,4,53,2.5,True,0
SMMS000772,Signal & Telecommunication,COR02160,SR,cable_fault,B,2,2,70,2.4,True,0
TDMS000867,Traction Distribution,COR00671,WR,circuit_breaker_fault,A,3,116,94,4.0,True,1
TMS000187,Engineering,COR01842,NR,sleeper_defect,B,2,10,28,1.2,True,0
TDMS001173,Traction Distribution,COR03044,SR,ohe_wire_wear,B,2,1,22,3.9,True,0
TMS004033,Engineering,COR05389,NFR,weld_failure,A,3,1,3,2.3,True,0
TMS004859,Engineering,COR00117,NWR,ballast_deficiency,C,1,271,33,0.8,True,0
TMS003449,Engineering,COR00075,NWR,points_crossing_wear,B,2,12,30,2.1,True,0
TDMS000950,Traction Distribution,COR00261,WCR,ohe_pole_defect,C,1,20,54,3.8,True,0
TDMS000811,Traction Distribution,COR00492,WCR,ohe_wire_wear,B,2,1,69,4.1,True,0
SMMS002463,Signal & Telecommunication,COR02763,NR,signal_failure,A,3,1,28,1.7,False,0
TDMS002275,Traction Distribution,COR01104,SCR,ohe_wire_wear,B,2,91,14,3.3,True,0
TMS003140,Engineering,COR04076,SWR,sleeper_defect,B,2,14,9,5.3,True,0
TMS003917,Engineering,COR02417,WR,points_crossing_wear,B,2,15,14,5.8,True,0
SMMS001451,Signal & Telecommunication,COR02022,NER,interlocking_fault,A,3,4,19,1.9,False,0
SMMS001152,Signal & Telecommunication,COR01154,CR,signal_failure,A,3,5,49,2.5,True,1
TMS001104,Engineering,COR01723,NCR,ballast_deficiency,C,1,79,54,1.6,True,0
SMMS001248,Signal & Telecommunication,COR02571,SECR,point_machine_fault,B,2,3,6,3.7,False,0
TDMS000664,Traction Distribution,COR01359,WR,tension_device_fault,C,1,3,35,0.6,True,0
TMS003206,Engineering,COR05789,WR,points_crossing_wear,B,2,15,1,3.7,True,0
TMS002553,Engineering,COR01870,SCR,sleeper_defect,B,2,175,17,1.0,True,0
TMS000731,Engineering,COR00482,WCR,ballast_deficiency,C,1,38,69,5.8,True,0
SMMS000251,Signal & Telecommunication,COR00225,WCR,point_machine_fault,B,2,1,57,2.1,True,0
TMS000950,Engineering,COR02082,SWR,alignment_deviation,C,1,72,25,1.1,True,0
SMMS001140,Signal & Telecommunication,COR02830,WR,point_machine_fault,B,2,23,95,2.1,True,0
TDMS000720,Traction Distribution,COR00264,WCR,earthing_fault,B,2,19,54,1.0,True,0
TDMS000640,Traction Distribution,COR00468,CR,feeder_fault,A,3,12,69,1.6,True,1
TMS000984,Engineering,COR03595,NWR,rail_fracture,A,3,0,6,2.1,True,0
TMS005645,Engineering,COR01086,SWR,formation_defect,B,2,90,22,4.9,True,0
TMS002133,Engineering,COR04690,KR,points_crossing_wear,B,2,61,26,1.3,True,0
TMS000939,Engineering,COR04538,NR,points_crossing_wear,B,2,12,38,3.0,True,0
TMS000777,Engineering,COR05153,WCR,rail_wear,C,1,11,3,4.3,True,0
TMS002833,Engineering,COR07502,CR,rail_wear,C,1,13,1,1.1,True,0
TMS004001,Engineering,COR01587,ECR,alignment_deviation,A,3,0,11,2.8,True,0
SMMS002681,Signal & Telecommunication,COR02960,SCR,block_instrument_fault,B,2,16,11,2.3,True,0
SMMS001836,Signal & Telecommunication,COR04541,NR,cable_fault,B,2,3,38,2.3,True,0
TMS001128,Engineering,COR00738,NER,formation_defect,B,2,9,17,3.9,True,0
SMMS002099,Signal & Telecommunication,COR04936,KR,block_instrument_fault,B,2,0,26,1.6,False,0
TMS005910,Engineering,COR04912,SWR,ballast_deficiency,C,1,330,20,0.6,True,0
TMS000241,Engineering,COR00220,WCR,rail_fracture,A,3,115,53,5.1,True,1
TMS004953,Engineering,COR00068,NWR,sleeper_defect,B,2,20,30,3.1,True,0
SMMS002820,Signal & Telecommunication,COR01599,SWR,cable_fault,B,2,4,25,2.6,True,0
TMS000630,Engineering,COR04361,ECR,rail_fracture,A,3,16,11,2.0,True,0
TMS002157,Engineering,COR06482,NER,rail_wear,C,1,46,4,5.8,True,0
TMS004522,Engineering,COR02696,NR,sleeper_defect,B,2,1,27,2.0,True,0
TMS005420,Engineering,COR06066,WR,sleeper_defect,B,2,12,2,2.4,True,0
TMS003000,Engineering,COR00402,ER,rail_wear,C,1,2,19,1.0,True,0
TDMS000351,Traction Distribution,COR00671,WR,ohe_wire_wear,B,2,7,94,4.4,True,0
SMMS000623,Signal & Telecommunication,COR01566,CR,point_machine_fault,B,2,0,22,4.0,True,0
TDMS000348,Traction Distribution,COR01852,NR,insulator_fault,B,2,18,36,4.0,True,0
TMS003078,Engineering,COR06684,WR,ballast_deficiency,C,1,4,4,5.0,True,0
TMS005646,Engineering,COR00316,SER,rail_fracture,A,3,17,23,1.8,True,0
TMS001572,Engineering,COR06647,SER,rail_wear,C,1,13,3,4.9,True,0
TMS000152,Engineering,COR04861,WCR,rail_wear,B,2,158,13,1.4,True,0
SMMS002758,Signal & Telecommunication,COR04691,KR,point_machine_fault,B,2,29,26,0.7,True,0
SMMS002954,Signal & Telecommunication,COR02120,SWR,point_machine_fault,B,2,4,27,2.1,True,0
TMS000050,Engineering,COR05530,SECR,alignment_deviation,C,1,44,6,4.3,True,0
SMMS000538,Signal & Telecommunication,COR04598,NFR,axle_counter_fault,A,3,4,15,2.6,True,0
TDMS001761,Traction Distribution,COR01347,WR,insulator_fault,B,2,46,31,3.2,True,0
SMMS002570,Signal & Telecommunication,COR01475,NFR,interlocking_fault,A,3,5,25,1.1,True,0
TMS003533,Engineering,COR02073,SWR,points_crossing_wear,B,2,7,25,1.9,True,0
TMS000982,Engineering,COR07574,ECoR,weld_failure,A,3,4,2,4.8,True,0
SMMS002824,Signal & Telecommunication,COR00691,WR,cable_fault,B,2,2,90,0.5,True,0
TMS005001,Engineering,COR00075,NWR,points_crossing_wear,B,2,13,30,2.2,False,0
TMS004150,Engineering,COR02826,WR,alignment_deviation,C,1,13,64,5.6,True,0
SMMS002920,Signal & Telecommunication,COR04465,NFR,lc_gate_interlock_fault,A,3,0,15,1.4,True,0
SMMS002901,Signal & Telecommunication,COR01202,CR,interlocking_fault,A,3,1,22,4.0,True,0
TMS001815,Engineering,COR00417,ER,sleeper_defect,B,2,112,7,0.7,True,0
TMS002699,Engineering,COR01763,WCR,rail_wear,C,1,15,43,0.7,False,0
TMS000618,Engineering,COR03081,SR,ballast_deficiency,C,1,8,40,3.1,True,0
TDMS001555,Traction Distribution,COR05901,ER,earthing_fault,B,2,18,5,3.2,True,0
TMS003285,Engineering,COR05382,NFR,ballast_deficiency,C,1,12,3,2.9,True,0
SMMS000108,Signal & Telecommunication,COR04175,NR,signal_failure,A,3,4,18,1.4,True,0
TMS001686,Engineering,COR03943,WCR,ballast_deficiency,C,1,3,30,4.9,True,0
TMS004488,Engineering,COR02051,CR,alignment_deviation,C,1,16,6,5.5,True,0
SMMS001822,Signal & Telecommunication,COR03250,WCR,block_instrument_fault,B,2,2,42,3.9,True,0
TMS001783,Engineering,COR06882,NR,alignment_deviation,C,1,52,3,2.2,True,0
TDMS002441,Traction Distribution,COR06827,ECR,tension_device_fault,C,1,44,3,2.7,True,0
SMMS002502,Signal & Telecommunication,COR05063,SWR,point_machine_fault,B,2,0,14,3.8,True,0
TMS000923,Engineering,COR01114,SCR,ballast_deficiency,C,1,3,11,4.6,True,0
TMS001405,Engineering,COR03610,SWR,alignment_deviation,C,1,10,18,2.5,True,0
TMS002328,Engineering,COR01688,WCR,formation_defect,B,2,121,55,4.5,False,1
TDMS000345,Traction Distribution,COR02830,WR,insulator_fault,B,2,263,95,0.8,True,1
TMS002112,Engineering,COR01341,NWR,ballast_deficiency,C,1,16,30,1.5,False,0
TMS000848,Engineering,COR00295,CR,formation_defect,B,2,10,68,1.1,True,0
TDMS000941,Traction Distribution,COR04552,NR,ohe_wire_wear,B,2,84,37,1.2,True,0
TMS000439,Engineering,COR02819,WR,rail_wear,C,1,46,90,0.9,True,0
TMS002730,Engineering,COR01756,WCR,formation_defect,B,2,192,22,2.8,True,1
TMS000837,Engineering,COR04687,KR,sleeper_defect,B,2,79,26,4.1,True,0
TMS001161,Engineering,COR01144,SWR,ballast_deficiency,C,1,1345,17,1.7,True,0
TMS002222,Engineering,COR00640,SER,rail_wear,C,1,0,4,4.6,True,0
TMS004968,Engineering,COR02159,SR,rail_fracture,A,3,21,70,2.0,True,1
SMMS001351,Signal & Telecommunication,COR00538,SR,block_instrument_fault,B,2,1,35,1.7,True,0
TDMS000672,Traction Distribution,COR00294,CR,feeder_fault,A,3,65,68,0.6,True,1
TDMS001997,Traction Distribution,COR02786,SR,tension_device_fault,C,1,10,3,2.2,True,0
TMS002415,Engineering,COR01311,NWR,ballast_deficiency,C,1,8,19,1.0,True,0
TMS001552,Engineering,COR03950,ER,alignment_deviation,C,1,10,11,5.0,True,0
TDMS001423,Traction Distribution,COR00514,NWR,ohe_wire_wear,B,2,560,11,4.9,True,1
TDMS002310,Traction Distribution,COR00742,NER,tension_device_fault,C,1,363,17,3.8,True,0
TDMS000109,Traction Distribution,COR05209,SR,ohe_pole_defect,C,1,18,15,0.6,True,0
TDMS001264,Traction Distribution,COR01711,WCR,tension_device_fault,C,1,86,54,0.9,True,0
TMS000147,Engineering,COR00208,NCR,formation_defect,B,2,12,53,5.2,False,0
SMMS000502,Signal & Telecommunication,COR02839,WR,cable_fault,B,2,4,95,1.0,True,0
TMS005942,Engineering,COR05932,NWR,points_crossing_wear,C,1,30,2,3.0,True,0
TMS003383,Engineering,COR04146,SR,rail_fracture,A,3,211,35,3.8,True,1
TMS003153,Engineering,COR02811,WR,rail_fracture,A,3,378,92,1.6,False,1
TDMS000723,Traction Distribution,COR00058,WR,ohe_pole_defect,C,1,5,22,4.7,True,0
TMS000115,Engineering,COR06594,NWR,rail_fracture,A,3,7,6,4.3,True,0
SMMS002914,Signal & Telecommunication,COR02070,SWR,point_machine_fault,B,2,0,27,3.4,True,0
TMS001469,Engineering,COR05628,NWR,sleeper_defect,B,2,56,32,5.5,True,0
SMMS002771,Signal & Telecommunication,COR05424,NR,block_instrument_fault,B,2,15,11,0.6,True,0
SMMS001463,Signal & Telecommunication,COR00123,NWR,lc_gate_interlock_fault,A,3,1,33,3.2,True,1
TMS003440,Engineering,COR01864,NR,ballast_deficiency,C,1,4,37,2.0,True,0
TDMS001282,Traction Distribution,COR03000,SR,tension_device_fault,C,1,88,41,2.7,True,0
SMMS002919,Signal & Telecommunication,COR03756,NWR,point_machine_fault,B,2,0,10,1.9,True,0
TMS003333,Engineering,COR00421,SCR,rail_fracture,A,3,2,53,5.2,True,1
TMS003406,Engineering,COR00469,CR,rail_fracture,A,3,359,69,4.7,True,1
TMS004731,Engineering,COR03438,NWR,ballast_deficiency,C,1,39,3,1.4,True,0
TMS001226,Engineering,COR01268,NR,sleeper_defect,B,2,229,22,5.4,True,0
TMS000945,Engineering,COR01725,NCR,weld_failure,A,3,22,54,4.1,True,1
TMS005988,Engineering,COR06841,NR,sleeper_defect,C,1,43,6,2.7,True,0
TMS002091,Engineering,COR02824,WR,formation_defect,B,2,52,91,3.3,True,0
SMMS002594,Signal & Telecommunication,COR02830,WR,block_instrument_fault,B,2,2,95,2.8,True,0
TMS005599,Engineering,COR02537,NR,ballast_deficiency,C,1,286,17,1.3,True,0
TMS005543,Engineering,COR00044,WR,sleeper_defect,B,2,15,32,5.9,True,0
TMS000186,Engineering,COR01191,CR,rail_wear,C,1,67,22,4.3,True,0
SMMS001475,Signal & Telecommunication,COR00372,NER,block_instrument_fault,B,2,173,21,3.3,True,0
TMS001696,Engineering,COR00765,NR,formation_defect,B,2,53,37,5.5,True,0
TMS002809,Engineering,COR02221,SWR,sleeper_defect,B,2,83,18,5.0,True,0
TDMS000085,Traction Distribution,COR00032,WR,tension_device_fault,C,1,0,36,3.7,True,0
TMS002065,Engineering,COR00717,WR,points_crossing_wear,B,2,82,53,2.0,True,0
TMS001718,Engineering,COR00801,NWR,alignment_deviation,C,1,83,4,1.7,True,0
TDMS002260,Traction Distribution,COR04141,SR,insulator_fault,B,2,102,35,1.5,True,0
TMS005685,Engineering,COR02699,NR,sleeper_defect,B,2,171,27,4.0,True,0
SMMS000077,Signal & Telecommunication,COR02420,WR,interlocking_fault,A,3,0,14,2.6,True,0
TMS002889,Engineering,COR01955,NR,rail_wear,C,1,68,30,0.5,True,0
TDMS002025,Traction Distribution,COR02808,WR,insulator_fault,B,2,63,54,2.9,True,0
TDMS002315,Traction Distribution,COR01561,CR,earthing_fault,B,2,10,22,4.7,True,0
TMS000814,Engineering,COR03915,NR,points_crossing_wear,B,2,14,5,1.3,True,0
SMMS001821,Signal & Telecommunication,COR03007,ECR,axle_counter_fault,A,3,5,6,1.7,True,0
TMS000035,Engineering,COR03821,NFR,points_crossing_wear,B,2,167,19,2.5,True,0
TDMS002021,Traction Distribution,COR05739,SR,circuit_breaker_fault,A,3,3,10,3.6,True,0
TMS000990,Engineering,COR00153,NR,rail_fracture,A,3,15,38,1.1,True,0
SMMS000814,Signal & Telecommunication,COR03450,NWR,interlocking_fault,A,3,3,5,2.7,True,0
SMMS001091,Signal & Telecommunication,COR02989,SR,axle_counter_fault,A,3,4,41,4.0,False,1
TMS004878,Engineering,COR05982,NR,sleeper_defect,B,2,368,8,5.3,True,1
SMMS002144,Signal & Telecommunication,COR00741,NER,axle_counter_fault,A,3,25,13,1.7,True,0
SMMS002158,Signal & Telecommunication,COR00759,NR,cable_fault,B,2,1,52,2.9,True,0
TMS000416,Engineering,COR04941,KR,alignment_deviation,C,1,4,26,1.6,True,0
SMMS000669,Signal & Telecommunication,COR00646,SWR,cable_fault,B,2,2,22,3.3,True,0
TDMS000660,Traction Distribution,COR00565,NR,circuit_breaker_fault,A,3,0,20,1.7,True,0
TDMS002433,Traction Distribution,COR00012,WR,insulator_fault,B,2,34,20,3.1,True,0
SMMS001341,Signal & Telecommunication,COR00628,SCR,point_machine_fault,B,2,27,63,2.0,True,0
TMS005190,Engineering,COR04292,SER,rail_wear,C,1,11,20,3.8,False,0
TMS001013,Engineering,COR01709,WCR,sleeper_defect,B,2,287,58,5.0,True,1
TMS005781,Engineering,COR07673,ER,points_crossing_wear,B,2,86,1,2.0,True,0
SMMS002082,Signal & Telecommunication,COR00751,SWR,point_machine_fault,B,2,11,12,1.9,True,0
TDMS001085,Traction Distribution,COR03771,NER,ohe_pole_defect,C,1,28,4,3.5,True,0
TDMS000961,Traction Distribution,COR06667,NER,insulator_fault,B,2,14,8,2.6,True,0
TMS000472,Engineering,COR02896,SR,ballast_deficiency,C,1,49,18,1.1,True,0
TMS005862,Engineering,COR01586,ECR,ballast_deficiency,C,1,2,11,2.2,False,0
TMS005040,Engineering,COR02884,NR,sleeper_defect,B,2,6,52,4.4,True,0
TMS005030,Engineering,COR05124,NR,points_crossing_wear,B,2,3,6,4.3,True,0
TMS001123,Engineering,COR03607,NWR,sleeper_defect,B,2,13,6,3.6,False,0
TMS000454,Engineering,COR00479,CR,points_crossing_wear,B,2,5,70,3.3,True,0
TMS002261,Engineering,COR00569,ECR,weld_failure,A,3,13,19,2.2,True,0
TMS002371,Engineering,COR05003,SR,alignment_deviation,C,1,14,18,2.6,True,0
TMS000063,Engineering,COR02901,SR,alignment_deviation,C,1,55,18,5.6,True,0
TDMS002239,Traction Distribution,COR02796,WR,feeder_fault,A,3,16,51,2.2,True,1
SMMS000746,Signal & Telecommunication,COR00023,WR,signal_failure,A,3,1,35,2.2,True,0
TMS002891,Engineering,COR01686,WCR,weld_failure,A,3,2801,55,4.0,True,1
TMS005462,Engineering,COR00439,SCR,ballast_deficiency,C,1,34,17,1.0,True,0
TDMS002226,Traction Distribution,COR00920,SWR,ohe_wire_wear,B,2,95,10,0.6,True,0
TMS000028,Engineering,COR02836,WR,formation_defect,B,2,7,68,3.9,True,0
TDMS000475,Traction Distribution,COR06891,NFR,feeder_fault,A,3,57,3,4.7,True,0
TMS003928,Engineering,COR04652,KR,formation_defect,B,2,9,22,1.1,True,0
TDMS001151,Traction Distribution,COR05068,NFR,ohe_pole_defect,C,1,1,12,1.1,True,0
TMS000482,Engineering,COR00431,SCR,points_crossing_wear,B,2,6,18,2.3,True,0
SMMS001578,Signal & Telecommunication,COR02058,SCR,cable_fault,B,2,19,24,3.4,True,0
TMS001814,Engineering,COR06042,NER,rail_wear,C,1,33,6,4.7,True,0
TDMS001879,Traction Distribution,COR05903,ER,insulator_fault,B,2,222,10,4.7,True,0
TMS003933,Engineering,COR05921,SCR,rail_wear,B,2,87,14,4.6,False,0
TMS004587,Engineering,COR00321,SER,points_crossing_wear,B,2,9,24,3.5,True,0
TDMS000386,Traction Distribution,COR04678,KR,circuit_breaker_fault,A,3,19,26,2.5,True,0
TDMS000461,Traction Distribution,COR04171,NR,feeder_fault,A,3,276,16,3.8,True,1
TMS005150,Engineering,COR00485,WCR,alignment_deviation,B,2,3,69,5.7,True,0
TMS004938,Engineering,COR00019,WR,formation_defect,B,2,9,26,2.0,True,0
TMS003499,Engineering,COR00112,NWR,sleeper_defect,B,2,27,20,0.6,True,0
TDMS001227,Traction Distribution,COR02152,SR,ohe_pole_defect,C,1,374,70,4.9,True,1
TMS002448,Engineering,COR02152,SR,formation_defect,B,2,161,70,0.9,True,1
TMS002237,Engineering,COR06668,NER,alignment_deviation,C,1,35,8,3.2,False,0
TDMS001659,Traction Distribution,COR02174,WCR,feeder_fault,A,3,16,15,3.0,True,0
TMS003882,Engineering,COR02639,ER,weld_failure,A,3,15,10,4.9,True,0
TMS000077,Engineering,COR00536,SR,alignment_deviation,C,1,7,19,2.8,True,0
TMS000414,Engineering,COR03617,SWR,rail_wear,C,1,38,14,4.0,True,0
TMS005492,Engineering,COR04154,SR,rail_fracture,A,3,3,35,1.5,True,0
SMMS002931,Signal & Telecommunication,COR01308,NWR,cable_fault,B,2,112,19,3.9,False,0
SMMS000651,Signal & Telecommunication,COR04804,NCR,point_machine_fault,B,2,1,10,3.2,True,0
SMMS001186,Signal & Telecommunication,COR00739,NER,signal_failure,A,3,2,17,2.2,True,0
TMS000415,Engineering,COR04184,NR,points_crossing_wear,B,2,304,7,5.1,True,0
TMS003601,Engineering,COR00672,WR,ballast_deficiency,C,1,76,94,6.0,True,0
SMMS002102,Signal & Telecommunication,COR00768,NR,point_machine_fault,B,2,5,37,2.1,True,0
SMMS000218,Signal & Telecommunication,COR00705,WR,point_machine_fault,B,2,9,87,3.8,True,0
SMMS002089,Signal & Telecommunication,COR01918,SCR,cable_fault,B,2,13,12,3.0,True,0
TDMS001124,Traction Distribution,COR04957,KR,circuit_breaker_fault,A,3,39,24,1.3,True,0
TDMS000711,Traction Distribution,COR01484,NFR,circuit_breaker_fault,A,3,28,22,2.7,True,0
TMS004970,Engineering,COR04699,CR,points_crossing_wear,B,2,11,26,5.5,True,0
TDMS000894,Traction Distribution,COR03896,NR,insulator_fault,B,2,21,19,2.1,True,0
TMS004916,Engineering,COR06183,ECR,alignment_deviation,C,1,275,3,2.3,True,0
TMS001890,Engineering,COR05212,SR,ballast_deficiency,C,1,318,15,2.0,True,0
TMS000711,Engineering,COR06390,NER,rail_fracture,A,3,79,19,1.5,True,0
SMMS002035,Signal & Telecommunication,COR00037,WR,point_machine_fault,B,2,3,36,1.7,True,0
TMS005713,Engineering,COR04992,SR,ballast_deficiency,C,1,33,13,5.6,True,0
TDMS000726,Traction Distribution,COR00467,SCR,ohe_wire_wear,B,2,36,26,1.0,True,0
TDMS000650,Traction Distribution,COR00262,WCR,tension_device_fault,C,1,77,54,4.2,True,0
TMS005471,Engineering,COR02536,NR,alignment_deviation,C,1,3,17,0.6,True,0
TMS001947,Engineering,COR00706,WR,rail_wear,C,1,8,54,5.0,True,0
SMMS001321,Signal & Telecommunication,COR00122,NWR,block_instrument_fault,B,2,5,33,2.7,True,0
SMMS002157,Signal & Telecommunication,COR01721,NCR,axle_counter_fault,A,3,0,54,0.8,True,0
SMMS002125,Signal & Telecommunication,COR03225,WR,block_instrument_fault,B,2,3,3,3.2,True,0
TMS005037,Engineering,COR01096,SCR,ballast_deficiency,C,1,1,14,2.1,True,0
TMS005305,Engineering,COR01927,SCR,ballast_deficiency,B,2,10,13,3.7,True,0
TMS002913,Engineering,COR01700,WCR,points_crossing_wear,C,1,32,59,1.2,True,0
TMS002602,Engineering,COR00693,WR,alignment_deviation,C,1,9,92,5.0,True,0
TMS001081,Engineering,COR02827,WR,ballast_deficiency,C,1,83,90,1.1,True,0
TMS005257,Engineering,COR03779,SECR,ballast_deficiency,C,1,9,6,1.8,True,0
TMS003579,Engineering,COR01166,ER,rail_fracture,A,3,46,13,3.6,True,0
TDMS000400,Traction Distribution,COR01730,NR,ohe_pole_defect,C,1,12,34,1.1,True,0
TMS004505,Engineering,COR00870,SCR,sleeper_defect,B,2,14,16,4.0,False,0
SMMS002039,Signal & Telecommunication,COR06824,NWR,point_machine_fault,B,2,148,4,2.8,True,0
TMS002183,Engineering,COR01865,NR,ballast_deficiency,C,1,10,37,0.6,True,0
SMMS002040,Signal & Telecommunication,COR01542,CR,cable_fault,B,2,2,16,2.5,True,0
TDMS001561,Traction Distribution,COR00060,WR,ohe_pole_defect,C,1,65,31,5.0,True,0
SMMS000445,Signal & Telecommunication,COR02267,ECR,cable_fault,B,2,2,16,1.2,True,0
SMMS000513,Signal & Telecommunication,COR07056,SECR,block_instrument_fault,B,2,3,5,2.4,True,0
TDMS002012,Traction Distribution,COR00488,WCR,ohe_wire_wear,B,2,8,69,2.4,True,0
SMMS000420,Signal & Telecommunication,COR01311,NWR,axle_counter_fault,A,3,21,19,3.6,True,0
TMS004431,Engineering,COR06133,WR,rail_fracture,A,3,14,9,0.6,True,0
TMS005958,Engineering,COR07891,WR,alignment_deviation,C,1,2,2,4.3,True,0
SMMS002030,Signal & Telecommunication,COR03295,SWR,axle_counter_fault,A,3,1,12,0.9,True,0
TMS004602,Engineering,COR08381,NR,sleeper_defect,B,2,11,2,5.5,True,0
TMS000104,Engineering,COR02156,SR,ballast_deficiency,C,1,53,70,4.1,True,0
SMMS002477,Signal & Telecommunication,COR01892,SCR,point_machine_fault,B,2,2,66,0.8,True,0
TDMS000283,Traction Distribution,COR00055,WR,circuit_breaker_fault,A,3,460,26,0.6,True,1
SMMS000524,Signal & Telecommunication,COR03090,SR,cable_fault,B,2,4,40,0.7,True,0
TMS005864,Engineering,COR00560,NR,points_crossing_wear,B,2,64,26,2.8,True,0
TMS001071,Engineering,COR03019,NR,formation_defect,B,2,14,12,1.3,True,0
TDMS000589,Traction Distribution,COR01185,CR,ohe_wire_wear,B,2,84,22,3.1,True,0
SMMS000375,Signal & Telecommunication,COR02827,WR,axle_counter_fault,A,3,152,90,3.7,True,1
TDMS000293,Traction Distribution,COR04517,SWR,insulator_fault,B,2,108,10,1.4,True,0
TMS000076,Engineering,COR01903,SCR,ballast_deficiency,B,2,2,9,3.7,True,0
TMS002245,Engineering,COR00220,WCR,weld_failure,A,3,33,53,5.5,True,1
TDMS001732,Traction Distribution,COR04166,NR,insulator_fault,B,2,85,15,2.6,True,0
TMS005059,Engineering,COR01966,WR,sleeper_defect,B,2,12,10,5.5,True,0
SMMS001521,Signal & Telecommunication,COR01171,ER,point_machine_fault,B,2,4,16,3.1,True,0
TDMS000184,Traction Distribution,COR05659,NWR,ohe_wire_wear,B,2,42,8,3.6,True,0
TMS002917,Engineering,COR03065,SR,rail_wear,C,1,4,17,3.0,True,0
TMS005740,Engineering,COR00092,NWR,ballast_deficiency,C,1,193,30,2.9,True,0
SMMS001668,Signal & Telecommunication,COR00029,WR,interlocking_fault,A,3,9,36,2.5,True,0
SMMS002865,Signal & Telecommunication,COR01000,NFR,point_machine_fault,B,2,7,19,1.2,True,0
TMS001121,Engineering,COR02816,WR,formation_defect,B,2,6,92,2.1,False,0
TMS004874,Engineering,COR00246,WCR,weld_failure,A,3,86,54,4.0,True,1
TMS005388,Engineering,COR05409,SER,alignment_deviation,C,1,14,23,2.8,True,0
TMS004465,Engineering,COR00259,WCR,ballast_deficiency,C,1,2,54,4.5,True,0
SMMS002057,Signal & Telecommunication,COR00673,WR,signal_failure,A,3,1,94,2.7,True,0
TMS001849,Engineering,COR03289,NWR,formation_defect,B,2,49,10,5.5,True,0
TMS001375,Engineering,COR01555,CR,ballast_deficiency,C,1,8,22,2.8,True,0
TMS001693,Engineering,COR03150,CR,formation_defect,B,2,0,33,4.7,True,0
TMS001073,Engineering,COR02161,SR,formation_defect,B,2,10,70,4.9,True,0
SMMS001583,Signal & Telecommunication,COR02060,SCR,block_instrument_fault,B,2,5,19,3.7,True,0
SMMS002396,Signal & Telecommunication,COR00914,SCR,cable_fault,B,2,9,3,3.0,True,0
SMMS001130,Signal & Telecommunication,COR02109,SWR,signal_failure,A,3,5,25,2.7,True,0
TDMS002208,Traction Distribution,COR02857,SWR,feeder_fault,A,3,472,14,3.0,True,1
TMS003901,Engineering,COR00697,WR,alignment_deviation,C,1,62,92,3.4,True,0
TDMS001014,Traction Distribution,COR03722,NFR,ohe_wire_wear,B,2,249,21,3.9,True,0
TDMS002376,Traction Distribution,COR01092,SWR,insulator_fault,B,2,21,20,4.5,True,0
TMS000280,Engineering,COR00385,NER,weld_failure,A,3,62,33,0.7,True,1
TMS002675,Engineering,COR05179,ECR,alignment_deviation,C,1,13,18,2.9,False,0
TDMS000174,Traction Distribution,COR00383,NER,earthing_fault,B,2,17,33,4.5,True,0
TDMS001039,Traction Distribution,COR05023,SR,ohe_wire_wear,B,2,36,6,1.2,True,0
TMS001584,Engineering,COR00257,WCR,ballast_deficiency,C,1,21,54,2.3,True,0
SMMS002453,Signal & Telecommunication,COR03829,NFR,interlocking_fault,A,3,3,17,1.6,True,0
TMS001354,Engineering,COR00560,NR,rail_fracture,A,3,2,26,3.1,True,0
SMMS000860,Signal & Telecommunication,COR00574,ECR,point_machine_fault,B,2,122,19,2.0,True,0
TMS002987,Engineering,COR03749,NWR,ballast_deficiency,C,1,9,10,1.0,True,0
TDMS000617,Traction Distribution,COR00487,WCR,feeder_fault,A,3,15,69,3.3,True,1
TDMS001798,Traction Distribution,COR08275,NR,circuit_breaker_fault,A,3,25,2,2.1,True,0
TDMS002440,Traction Distribution,COR00684,WR,ohe_wire_wear,B,2,118,63,0.9,True,1
TMS000691,Engineering,COR02457,ER,rail_wear,C,1,39,12,1.4,True,0
SMMS000057,Signal & Telecommunication,COR00315,SER,cable_fault,B,2,2,23,3.4,True,0
SMMS000414,Signal & Telecommunication,COR02735,SR,point_machine_fault,B,2,4,18,2.9,True,0
TDMS001001,Traction Distribution,COR04544,NR,insulator_fault,B,2,80,38,0.8,True,0
TMS003396,Engineering,COR00696,WR,rail_wear,C,1,8,92,5.4,True,0
SMMS000343,Signal & Telecommunication,COR02987,SR,cable_fault,B,2,8,41,1.2,True,0
TMS005072,Engineering,COR00624,SCR,ballast_deficiency,C,1,223,63,2.2,True,0
TDMS000038,Traction Distribution,COR03750,NWR,insulator_fault,B,2,14,10,2.2,True,0
TMS002887,Engineering,COR07926,WR,formation_defect,B,2,12,1,1.0,True,0
TMS003854,Engineering,COR05485,WR,sleeper_defect,B,2,5,2,5.2,True,0
TDMS002171,Traction Distribution,COR00768,NR,insulator_fault,B,2,75,37,1.2,True,0
SMMS000165,Signal & Telecommunication,COR02399,WR,cable_fault,B,2,2,35,3.0,True,0
SMMS002080,Signal & Telecommunication,COR05243,NFR,axle_counter_fault,A,3,1,9,1.4,False,0
SMMS001122,Signal & Telecommunication,COR00070,NWR,cable_fault,B,2,2,30,2.8,True,0
TMS003751,Engineering,COR06089,NFR,sleeper_defect,B,2,81,4,5.4,True,0
TMS004789,Engineering,COR01642,SWR,weld_failure,A,3,43,27,5.9,True,0
TDMS000113,Traction Distribution,COR00772,NR,insulator_fault,B,2,97,35,4.3,True,0
TMS005972,Engineering,COR02973,SR,formation_defect,B,2,15,40,1.2,True,0
SMMS000385,Signal & Telecommunication,COR01335,NWR,point_machine_fault,B,2,5,30,2.8,True,0
SMMS000011,Signal & Telecommunication,COR04420,SWR,cable_fault,B,2,179,22,3.3,True,0
TMS005571,Engineering,COR05384,NFR,points_crossing_wear,B,2,11,3,5.8,False,0
TDMS000157,Traction Distribution,COR04364,ECR,ohe_wire_wear,B,2,173,11,3.6,True,0
TMS001658,Engineering,COR03020,NR,rail_wear,A,3,13,11,3.1,True,0
TMS000013,Engineering,COR01033,NFR,formation_defect,B,2,14,25,5.3,True,0
TMS000613,Engineering,COR00135,NWR,rail_wear,C,1,88,27,3.1,True,0
TDMS000920,Traction Distribution,COR00092,NWR,tension_device_fault,C,1,173,30,1.3,True,0
TDMS000451,Traction Distribution,COR02603,KR,insulator_fault,B,2,38,22,2.0,True,0
SMMS000874,Signal & Telecommunication,COR01765,WCR,cable_fault,B,2,0,43,2.6,False,0
TMS001828,Engineering,COR05747,SR,sleeper_defect,B,2,322,10,4.8,True,1
TMS003031,Engineering,COR04149,SR,alignment_deviation,C,1,11,35,5.5,True,0
TDMS001167,Traction Distribution,COR00024,WR,insulator_fault,B,2,14,35,3.4,True,0
SMMS002891,Signal & Telecommunication,COR04043,NER,cable_fault,B,2,30,21,3.1,False,0
TDMS001349,Traction Distribution,COR02407,WR,ohe_wire_wear,B,2,100,23,1.4,True,0
TMS001565,Engineering,COR04883,SCR,formation_defect,B,2,6,7,2.0,True,0
TMS001015,Engineering,COR05978,NR,rail_wear,C,1,10,8,2.8,False,0
TMS002216,Engineering,COR00223,WCR,sleeper_defect,B,2,379,53,3.0,True,1
TDMS000751,Traction Distribution,COR01539,SCR,insulator_fault,B,2,98,8,2.0,True,0
SMMS000510,Signal & Telecommunication,COR05131,NR,interlocking_fault,A,3,5,30,1.1,False,0
TDMS001433,Traction Distribution,COR01641,SWR,tension_device_fault,C,1,323,27,1.5,True,0
TMS003091,Engineering,COR01703,WCR,rail_wear,C,1,5,58,3.4,True,0
TDMS001813,Traction Distribution,COR01760,WCR,ohe_wire_wear,B,2,444,43,1.5,True,1
TMS004165,Engineering,COR06845,NR,alignment_deviation,C,1,3,6,4.5,True,0
SMMS000544,Signal & Telecommunication,COR05887,NR,lc_gate_interlock_fault,A,3,3,8,0.7,False,0
TMS003485,Engineering,COR04129,SR,alignment_deviation,C,1,15,41,3.5,True,0
TMS002698,Engineering,COR02382,WR,ballast_deficiency,C,1,1,31,4.0,True,0
TMS005583,Engineering,COR04144,SR,ballast_deficiency,C,1,6,35,1.6,True,0
TDMS001565,Traction Distribution,COR01423,SECR,earthing_fault,B,2,88,4,4.0,True,0
TDMS001907,Traction Distribution,COR00333,NER,ohe_pole_defect,C,1,113,11,3.5,True,0
TMS004881,Engineering,COR03286,NWR,rail_wear,C,1,80,10,4.9,True,0
TMS004718,Engineering,COR05885,NER,formation_defect,B,2,13,2,3.1,True,0
TDMS001784,Traction Distribution,COR02838,WR,ohe_wire_wear,B,2,104,95,4.8,True,0
TMS002176,Engineering,COR00377,NER,points_crossing_wear,B,2,14,21,5.4,True,0
SMMS000050,Signal & Telecommunication,COR00475,CR,point_machine_fault,B,2,101,69,3.6,True,1
TDMS000933,Traction Distribution,COR03913,NR,insulator_fault,B,2,18,16,2.0,True,0
TMS001420,Engineering,COR00162,NR,ballast_deficiency,C,1,7,52,4.4,True,0
TMS004577,Engineering,COR01420,SECR,sleeper_defect,B,2,50,9,4.6,True,0
SMMS002547,Signal & Telecommunication,COR03580,SER,block_instrument_fault,B,2,3,23,2.4,True,0
TMS001902,Engineering,COR05018,SR,alignment_deviation,C,1,81,6,2.7,True,0
SMMS002455,Signal & Telecommunication,COR06529,NR,lc_gate_interlock_fault,A,3,4,10,1.0,True,0
TMS003291,Engineering,COR06146,SR,alignment_deviation,C,1,10,7,3.4,True,0
TDMS000716,Traction Distribution,COR00484,WCR,ohe_wire_wear,B,2,7,69,1.4,True,0
TMS001125,Engineering,COR02797,WR,ballast_deficiency,C,1,12,53,4.9,False,0
TMS003550,Engineering,COR02838,WR,points_crossing_wear,B,2,1,95,1.6,True,0
TDMS002410,Traction Distribution,COR00017,WR,insulator_fault,B,2,8,17,3.4,True,0
TMS004318,Engineering,COR00159,NR,sleeper_defect,C,1,2,53,5.1,False,0
TMS003527,Engineering,COR01617,SWR,alignment_deviation,C,1,8,17,0.8,True,0
TMS004120,Engineering,COR01472,NFR,sleeper_defect,B,2,86,25,3.7,True,0
TMS003851,Engineering,COR00129,NWR,rail_wear,C,1,57,27,0.5,True,0
TDMS000314,Traction Distribution,COR05251,SECR,feeder_fault,A,3,120,7,4.0,True,0
TMS004877,Engineering,COR01892,SCR,sleeper_defect,B,2,9,66,5.5,True,0
SMMS002964,Signal & Telecommunication,COR00356,WR,lc_gate_interlock_fault,A,3,4,10,1.5,True,0
SMMS001851,Signal & Telecommunication,COR01377,SR,cable_fault,B,2,0,6,1.1,True,0
SMMS001211,Signal & Telecommunication,COR04675,KR,signal_failure,A,3,3,25,2.1,True,0
SMMS002473,Signal & Telecommunication,COR02327,SWR,axle_counter_fault,A,3,14,4,3.6,True,0
SMMS001792,Signal & Telecommunication,COR03923,ECR,point_machine_fault,B,2,20,6,3.6,True,0
TMS005408,Engineering,COR06505,NWR,alignment_deviation,C,1,250,4,5.5,True,0
TMS003834,Engineering,COR05890,NR,weld_failure,A,3,2,17,2.0,True,0
TMS005907,Engineering,COR02820,WR,points_crossing_wear,B,2,10,90,4.9,False,0
TMS002749,Engineering,COR03181,CR,alignment_deviation,C,1,1,7,0.7,True,0
SMMS002114,Signal & Telecommunication,COR02262,SECR,cable_fault,B,2,3,2,2.9,True,0
TMS002320,Engineering,COR00468,CR,alignment_deviation,C,1,2,69,1.1,True,0
TDMS001376,Traction Distribution,COR02529,NR,insulator_fault,B,2,26,7,4.8,True,0
SMMS001701,Signal & Telecommunication,COR00235,WCR,block_instrument_fault,B,2,136,58,3.8,True,1
TMS004246,Engineering,COR00640,SER,sleeper_defect,B,2,7,4,0.9,True,0
TMS001988,Engineering,COR00466,SCR,formation_defect,A,3,22,26,4.3,True,0
TMS001194,Engineering,COR02161,SR,ballast_deficiency,C,1,223,70,5.6,True,0
TMS000229,Engineering,COR04009,WR,ballast_deficiency,C,1,57,1,1.3,True,0
TMS003760,Engineering,COR04308,ECR,ballast_deficiency,C,1,45,3,4.8,True,0
TMS001171,Engineering,COR02152,SR,alignment_deviation,C,1,2,70,3.5,False,0
TDMS001049,Traction Distribution,COR00236,WCR,insulator_fault,B,2,365,58,3.5,True,1
TMS003240,Engineering,COR08564,NWR,ballast_deficiency,C,1,14,1,3.2,False,0
TMS002993,Engineering,COR05982,NR,sleeper_defect,B,2,17,8,3.2,True,0
SMMS001575,Signal & Telecommunication,COR04672,KR,signal_failure,A,3,2,25,0.5,True,0
TDMS000767,Traction Distribution,COR05025,SR,tension_device_fault,C,1,11,6,4.2,True,0
TMS001829,Engineering,COR01682,WCR,points_crossing_wear,B,2,9,55,5.7,True,0
TMS000604,Engineering,COR01153,CR,rail_fracture,A,3,56,49,2.6,True,1
TMS002015,Engineering,COR01340,NWR,alignment_deviation,C,1,14,30,5.5,False,0
TMS002459,Engineering,COR00455,SCR,rail_fracture,A,3,65,17,3.4,True,0
TMS005457,Engineering,COR03908,NR,sleeper_defect,B,2,385,18,0.6,False,1
SMMS001360,Signal & Telecommunication,COR01478,NFR,lc_gate_interlock_fault,A,3,17,25,2.6,True,0
SMMS002379,Signal & Telecommunication,COR03977,ER,cable_fault,B,2,4,14,2.3,True,0
TMS005421,Engineering,COR00574,ECR,weld_failure,A,3,12,19,4.8,True,0
TDMS000980,Traction Distribution,COR03349,SR,tension_device_fault,C,1,518,9,1.6,True,0
SMMS002193,Signal & Telecommunication,COR03903,NR,cable_fault,B,2,3,22,1.1,True,0
SMMS001017,Signal & Telecommunication,COR02835,WR,interlocking_fault,A,3,5,95,1.4,True,0
TMS001447,Engineering,COR06727,NR,ballast_deficiency,C,1,389,1,4.4,True,0
TMS003898,Engineering,COR04137,SR,weld_failure,A,3,13,41,4.6,True,0
TMS001755,Engineering,COR02587,KR,sleeper_defect,B,2,4,22,4.7,True,0
SMMS002958,Signal & Telecommunication,COR05207,SR,interlocking_fault,A,3,17,15,1.4,True,0
SMMS001652,Signal & Telecommunication,COR03091,SR,axle_counter_fault,A,3,2,40,2.4,True,0
TMS005246,Engineering,COR02398,WR,ballast_deficiency,C,1,6,35,3.9,False,0
TMS001057,Engineering,COR02295,NR,alignment_deviation,C,1,74,25,2.4,True,0
TDMS002424,Traction Distribution,COR00683,WR,ohe_wire_wear,B,2,16,90,2.1,True,0
TMS002641,Engineering,COR00289,CR,alignment_deviation,C,1,318,68,5.5,True,0
TMS000048,Engineering,COR06601,NWR,ballast_deficiency,C,1,34,9,5.9,True,0
TMS004910,Engineering,COR01572,CR,points_crossing_wear,C,1,4,22,4.8,True,0
TDMS001629,Traction Distribution,COR01151,CR,ohe_wire_wear,B,2,18,49,2.1,True,0
SMMS000896,Signal & Telecommunication,COR03363,NWR,cable_fault,B,2,5,11,3.5,True,0
TMS005975,Engineering,COR04736,NR,rail_wear,C,1,11,8,3.5,True,0
SMMS002689,Signal & Telecommunication,COR00048,WR,cable_fault,B,2,2,31,1.5,True,0
TMS005852,Engineering,COR03065,SR,formation_defect,B,2,9,17,2.5,True,0
SMMS000512,Signal & Telecommunication,COR00034,WR,axle_counter_fault,A,3,1,36,3.8,True,0
TDMS000093,Traction Distribution,COR02230,SWR,insulator_fault,B,2,17,21,3.9,True,0
TMS005171,Engineering,COR00774,NR,ballast_deficiency,C,1,5,35,2.4,True,0
TMS000561,Engineering,COR02082,SWR,formation_defect,C,1,4,25,3.0,True,0
TMS004296,Engineering,COR00480,WCR,points_crossing_wear,B,2,72,69,5.6,True,0
TMS001204,Engineering,COR05269,SCR,alignment_deviation,C,1,78,4,2.5,True,0
TDMS002168,Traction Distribution,COR02706,SECR,ohe_wire_wear,B,2,273,7,2.3,True,0
TMS004648,Engineering,COR06383,NER,alignment_deviation,C,1,9,19,5.3,False,0
SMMS002729,Signal & Telecommunication,COR06707,SER,point_machine_fault,B,2,0,4,0.8,True,0
TMS003426,Engineering,COR01642,SWR,points_crossing_wear,B,2,3,27,4.3,True,0
TMS000081,Engineering,COR02023,NER,formation_defect,B,2,41,19,1.7,True,0
TDMS000696,Traction Distribution,COR00671,WR,ohe_wire_wear,B,2,424,94,4.3,True,1
TMS002672,Engineering,COR05205,SR,alignment_deviation,A,3,11,15,3.3,True,0
TMS002769,Engineering,COR00146,NR,weld_failure,A,3,10,36,5.8,True,0
TMS004070,Engineering,COR05181,ECR,rail_fracture,A,3,85,17,1.1,True,0
TMS005314,Engineering,COR03698,SER,ballast_deficiency,C,1,15,24,5.3,True,0
TDMS002454,Traction Distribution,COR02818,WR,ohe_pole_defect,C,1,7,92,3.0,True,0
TMS003885,Engineering,COR00120,NWR,formation_defect,B,2,4,29,1.6,True,0
TMS003733,Engineering,COR00265,WCR,alignment_deviation,C,1,14,54,1.4,True,0
SMMS001323,Signal & Telecommunication,COR05656,NWR,point_machine_fault,B,2,13,8,3.5,True,0
TDMS001882,Traction Distribution,COR02854,SWR,ohe_wire_wear,B,2,17,14,3.8,True,0
SMMS001082,Signal & Telecommunication,COR05981,NR,block_instrument_fault,B,2,1,8,0.7,True,0
TMS000324,Engineering,COR00285,WCR,weld_failure,A,3,1,69,5.0,True,0
TMS002805,Engineering,COR00262,WCR,weld_failure,A,3,49,54,1.9,True,1
SMMS002490,Signal & Telecommunication,COR02620,ER,axle_counter_fault,A,3,0,9,3.5,True,0
TMS004252,Engineering,COR00214,NCR,rail_wear,C,1,11,53,2.5,False,0
SMMS001363,Signal & Telecommunication,COR05266,SECR,cable_fault,B,2,0,7,1.4,True,0
TMS001781,Engineering,COR01844,NR,rail_wear,C,1,69,28,2.0,False,0
TDMS001939,Traction Distribution,COR02463,ER,insulator_fault,B,2,396,8,3.0,True,0
TDMS001655,Traction Distribution,COR04423,SWR,earthing_fault,B,2,6,22,4.9,True,0
TMS000828,Engineering,COR01615,SWR,formation_defect,B,2,1,26,3.6,True,0
SMMS002029,Signal & Telecommunication,COR01925,SCR,signal_failure,A,3,13,12,1.8,True,0
TMS002643,Engineering,COR01330,NWR,alignment_deviation,C,1,0,30,2.9,True,0
TMS000710,Engineering,COR06553,NR,rail_wear,C,1,14,7,3.2,True,0
TMS002412,Engineering,COR06522,NR,points_crossing_wear,B,2,11,11,3.7,False,0
TMS005763,Engineering,COR07050,SECR,rail_fracture,C,1,5,5,3.6,True,0
TMS001018,Engineering,COR07346,ECR,alignment_deviation,C,1,8,3,6.0,True,0
SMMS001326,Signal & Telecommunication,COR03557,SER,signal_failure,A,3,4,22,2.9,True,0
TMS004584,Engineering,COR01477,NFR,alignment_deviation,C,1,71,25,4.9,True,0
SMMS001864,Signal & Telecommunication,COR00295,CR,block_instrument_fault,B,2,26,68,2.0,True,0
TMS000121,Engineering,COR02001,NR,ballast_deficiency,C,1,82,7,5.8,True,0
TMS001866,Engineering,COR00708,WR,alignment_deviation,C,1,47,54,5.9,True,0
TMS005926,Engineering,COR01328,NWR,weld_failure,A,3,14,30,4.7,True,0
TMS000335,Engineering,COR02789,SR,ballast_deficiency,C,1,343,3,3.2,True,0
TMS002535,Engineering,COR00505,WR,points_crossing_wear,B,2,45,12,4.4,True,0
TMS002661,Engineering,COR02207,SECR,points_crossing_wear,B,2,249,7,3.7,True,0
TMS005628,Engineering,COR00671,WR,rail_wear,C,1,10,94,2.8,True,0
TDMS000630,Traction Distribution,COR03938,WCR,tension_device_fault,C,1,0,29,1.6,True,0
SMMS002256,Signal & Telecommunication,COR03558,SER,cable_fault,B,2,21,22,2.2,True,0
TMS004285,Engineering,COR00369,NER,sleeper_defect,B,2,14,21,5.0,False,0
SMMS002171,Signal & Telecommunication,COR01811,NWR,point_machine_fault,B,2,88,6,3.3,True,0
SMMS001043,Signal & Telecommunication,COR03585,ECR,block_instrument_fault,B,2,1,6,1.3,True,0
TDMS000837,Traction Distribution,COR01032,NFR,ohe_pole_defect,C,1,5,25,2.2,True,0
TMS002198,Engineering,COR03063,SR,formation_defect,B,2,7,17,1.7,True,0
TDMS000755,Traction Distribution,COR00459,SCR,ohe_wire_wear,B,2,50,18,3.8,True,0
TMS002016,Engineering,COR00116,NWR,formation_defect,B,2,11,33,1.2,True,0
TDMS001752,Traction Distribution,COR01458,WR,ohe_wire_wear,B,2,20,14,4.9,True,0
SMMS000499,Signal & Telecommunication,COR07026,NWR,cable_fault,B,2,0,3,2.9,True,0
SMMS002018,Signal & Telecommunication,COR00673,WR,point_machine_fault,B,2,1,94,1.6,True,0
SMMS000849,Signal & Telecommunication,COR01676,WCR,signal_failure,A,3,4,55,1.7,True,0
TMS002204,Engineering,COR00693,WR,sleeper_defect,B,2,7,92,2.1,True,0
TMS004421,Engineering,COR06520,NR,points_crossing_wear,B,2,9,13,3.5,True,0
TMS005544,Engineering,COR04232,NWR,formation_defect,B,2,1,10,2.5,False,0
SMMS002423,Signal & Telecommunication,COR01615,SWR,signal_failure,A,3,25,26,3.4,True,0
TDMS000795,Traction Distribution,COR01614,SWR,tension_device_fault,C,1,3,26,2.7,True,0
TMS002940,Engineering,COR01881,SCR,ballast_deficiency,C,1,31,62,2.8,True,0
TDMS001679,Traction Distribution,COR02385,WR,circuit_breaker_fault,A,3,90,36,3.7,True,1
TMS001568,Engineering,COR00764,NR,sleeper_defect,B,2,5,37,4.0,True,0
TDMS000611,Traction Distribution,COR00957,SR,ohe_wire_wear,B,2,120,10,1.9,True,0
TMS005667,Engineering,COR02068,SWR,ballast_deficiency,C,1,10,27,1.6,True,0
TDMS001405,Traction Distribution,COR01100,SCR,ohe_pole_defect,C,1,127,14,4.2,True,0
SMMS000693,Signal & Telecommunication,COR06993,SWR,cable_fault,B,2,79,2,1.6,True,0
TMS004989,Engineering,COR00140,NWR,weld_failure,A,3,359,27,3.8,True,1
TDMS000896,Traction Distribution,COR01003,NFR,feeder_fault,A,3,71,19,3.3,True,0
SMMS001000,Signal & Telecommunication,COR00765,NR,signal_failure,A,3,5,37,2.6,True,0
SMMS002349,Signal & Telecommunication,COR03285,SWR,point_machine_fault,B,2,15,11,2.9,True,0
TDMS002420,Traction Distribution,COR03807,SR,earthing_fault,B,2,27,22,1.1,True,0
TMS005761,Engineering,COR01465,NFR,weld_failure,A,3,7,3,0.9,True,0
TMS003709,Engineering,COR03890,NR,formation_defect,B,2,4,27,1.9,True,0
TMS000896,Engineering,COR00619,SCR,sleeper_defect,B,2,14,63,5.0,True,0
TMS005576,Engineering,COR00402,ER,formation_defect,B,2,868,19,2.7,False,1
TMS001673,Engineering,COR02801,WR,rail_wear,C,1,72,53,3.8,False,0
SMMS000775,Signal & Telecommunication,COR04937,KR,block_instrument_fault,B,2,5,26,3.6,True,0
TDMS000962,Traction Distribution,COR04177,NR,ohe_wire_wear,B,2,16,18,2.5,True,0
TDMS000327,Traction Distribution,COR08468,CR,earthing_fault,B,2,21,1,1.4,True,0
TMS001179,Engineering,COR00530,SR,alignment_deviation,C,1,205,35,3.7,True,0
TMS004085,Engineering,COR00625,SCR,formation_defect,B,2,6,63,1.9,True,0
SMMS002136,Signal & Telecommunication,COR01746,WR,point_machine_fault,B,2,4,16,3.6,True,0
TDMS001233,Traction Distribution,COR05525,ER,circuit_breaker_fault,A,3,70,9,4.4,True,0
TMS001259,Engineering,COR07112,ER,alignment_deviation,C,1,350,1,4.8,False,0
SMMS000130,Signal & Telecommunication,COR00421,SCR,axle_counter_fault,A,3,18,53,2.0,False,1
TDMS001275,Traction Distribution,COR03561,SER,earthing_fault,B,2,16,14,5.0,True,0
TDMS000872,Traction Distribution,COR00693,WR,tension_device_fault,C,1,1,92,2.1,True,0
TDMS000805,Traction Distribution,COR03617,SWR,ohe_wire_wear,B,2,442,14,3.9,True,1
TDMS000512,Traction Distribution,COR00508,WR,ohe_wire_wear,B,2,72,12,4.2,True,0
TDMS001481,Traction Distribution,COR00045,WR,circuit_breaker_fault,A,3,18,36,4.0,True,1
TMS003423,Engineering,COR02297,NR,rail_wear,C,1,61,29,2.7,True,0
SMMS000295,Signal & Telecommunication,COR01783,SWR,cable_fault,B,2,3,30,1.1,True,0
TMS001425,Engineering,COR00156,NR,alignment_deviation,C,1,25,31,1.4,True,0
TMS001931,Engineering,COR06372,WR,sleeper_defect,B,2,15,11,0.9,True,0
TMS000088,Engineering,COR02075,SWR,rail_fracture,A,3,79,25,0.8,True,1
SMMS002612,Signal & Telecommunication,COR03878,SWR,interlocking_fault,A,3,14,9,2.7,True,0
TMS000805,Engineering,COR04929,KR,ballast_deficiency,C,1,89,26,2.6,True,0
TDMS001324,Traction Distribution,COR02822,WR,earthing_fault,B,2,2,90,2.5,True,0
TDMS000307,Traction Distribution,COR02295,NR,tension_device_fault,C,1,19,25,4.0,True,0
SMMS001528,Signal & Telecommunication,COR04150,SR,point_machine_fault,B,2,5,35,1.4,True,0
TMS000576,Engineering,COR02972,SR,sleeper_defect,B,2,43,40,4.3,True,0
SMMS000873,Signal & Telecommunication,COR06030,NR,signal_failure,A,3,1,6,0.6,True,0
TMS002570,Engineering,COR00524,NWR,weld_failure,A,3,74,11,3.7,True,0
TDMS001795,Traction Distribution,COR00746,NER,tension_device_fault,C,1,99,16,5.0,True,0
TDMS002206,Traction Distribution,COR06688,WR,earthing_fault,B,2,27,4,2.1,True,0
TDMS000986,Traction Distribution,COR04949,KR,ohe_wire_wear,B,2,50,25,3.5,True,0
TMS001946,Engineering,COR00242,WCR,ballast_deficiency,B,2,67,54,0.9,False,0
TMS002465,Engineering,COR01596,SWR,sleeper_defect,A,3,9,25,3.7,True,0
TDMS000185,Traction Distribution,COR00590,ECR,ohe_wire_wear,B,2,12,16,1.1,True,0
TMS000031,Engineering,COR01605,SWR,weld_failure,A,3,14,25,3.9,False,0
TMS000215,Engineering,COR02821,WR,points_crossing_wear,B,2,7,90,3.1,True,0
TDMS000006,Traction Distribution,COR01195,CR,ohe_wire_wear,B,2,42,22,1.6,True,0
SMMS000001,Signal & Telecommunication,COR02167,SR,axle_counter_fault,A,3,24,21,1.9,True,0
TMS005128,Engineering,COR06196,SECR,sleeper_defect,A,3,13,6,1.0,True,0
TDMS000703,Traction Distribution,COR00773,NR,ohe_wire_wear,B,2,6,35,2.7,True,0
TMS005295,Engineering,COR03041,SR,ballast_deficiency,C,1,58,22,4.9,True,0
SMMS002697,Signal & Telecommunication,COR02691,NR,block_instrument_fault,B,2,4,17,0.6,True,0
SMMS001416,Signal & Telecommunication,COR03027,NR,interlocking_fault,A,3,16,11,3.2,True,0
SMMS000178,Signal & Telecommunication,COR05592,SCR,cable_fault,B,2,0,25,2.5,True,0
TMS005164,Engineering,COR03093,ECR,alignment_deviation,C,1,6,7,0.9,True,0
SMMS000405,Signal & Telecommunication,COR03085,SR,interlocking_fault,A,3,5,40,0.5,True,0
TMS004734,Engineering,COR03214,WR,rail_fracture,A,3,7,5,4.1,True,0
TDMS000429,Traction Distribution,COR05163,WCR,circuit_breaker_fault,A,3,9,4,4.0,True,0
SMMS000209,Signal & Telecommunication,COR04363,ECR,cable_fault,B,2,23,15,3.7,True,0
TMS004241,Engineering,COR01878,SCR,points_crossing_wear,B,2,340,62,5.8,True,1
TMS004720,Engineering,COR04240,NWR,formation_defect,B,2,226,10,2.2,True,0
TDMS001289,Traction Distribution,COR02236,SWR,tension_device_fault,C,1,65,18,0.7,True,0
SMMS001708,Signal & Telecommunication,COR00485,WCR,signal_failure,A,3,4,69,1.0,True,0
TDMS002162,Traction Distribution,COR02092,SWR,circuit_breaker_fault,A,3,5,24,3.2,True,0
TMS003839,Engineering,COR01154,CR,ballast_deficiency,C,1,15,49,4.7,True,0
TDMS000919,Traction Distribution,COR05689,ECR,tension_device_fault,C,1,481,9,4.2,True,0
TDMS002076,Traction Distribution,COR00373,NER,insulator_fault,B,2,72,21,0.8,True,0
SMMS001397,Signal & Telecommunication,COR04540,NR,block_instrument_fault,B,2,0,38,2.5,True,0
TDMS001388,Traction Distribution,COR04160,SR,ohe_pole_defect,C,1,118,35,4.3,True,0
TMS001574,Engineering,COR03941,WCR,ballast_deficiency,C,1,0,30,4.7,True,0
TMS003820,Engineering,COR02836,WR,points_crossing_wear,B,2,13,68,0.8,True,0
TMS003063,Engineering,COR01475,NFR,points_crossing_wear,B,2,124,25,5.6,True,0
TDMS000125,Traction Distribution,COR03256,WCR,circuit_breaker_fault,A,3,4,42,2.0,True,1
TMS000348,Engineering,COR02809,WR,alignment_deviation,C,1,13,87,4.1,True,0
TMS005568,Engineering,COR00294,CR,alignment_deviation,C,1,13,68,3.2,True,0
TMS001677,Engineering,COR02630,ER,weld_failure,A,3,2,10,3.5,True,0
TMS003260,Engineering,COR01949,SCR,points_crossing_wear,B,2,93,22,3.2,True,0
TDMS000362,Traction Distribution,COR03819,NFR,tension_device_fault,C,1,1,19,3.4,True,0
TMS004038,Engineering,COR02240,SWR,points_crossing_wear,B,2,0,7,5.6,True,0
TMS002233,Engineering,COR01388,SR,sleeper_defect,B,2,177,18,1.6,True,0
TMS004265,Engineering,COR02895,CR,sleeper_defect,A,3,10,34,3.5,True,0
TDMS001915,Traction Distribution,COR04148,SR,tension_device_fault,C,1,79,35,3.0,True,0
TMS001660,Engineering,COR02864,SWR,points_crossing_wear,B,2,47,20,2.3,True,0
TMS004891,Engineering,COR00545,SR,rail_wear,C,1,2,35,3.5,False,0
SMMS000250,Signal & Telecommunication,COR00137,NWR,block_instrument_fault,B,2,22,27,2.5,True,0
TMS001531,Engineering,COR05665,NWR,ballast_deficiency,C,1,10,8,1.4,True,0
SMMS001305,Signal & Telecommunication,COR00428,SCR,cable_fault,B,2,0,20,0.6,True,0
TMS002767,Engineering,COR05885,NER,sleeper_defect,B,2,1690,2,5.6,True,0
TDMS002318,Traction Distribution,COR03862,ER,insulator_fault,B,2,19,6,0.9,True,0
TMS004669,Engineering,COR03679,CR,ballast_deficiency,C,1,273,1,2.2,True,0
TDMS000967,Traction Distribution,COR03652,SCR,ohe_pole_defect,C,1,148,14,1.0,True,0
TDMS002443,Traction Distribution,COR01646,SWR,circuit_breaker_fault,A,3,55,29,1.9,True,0
TMS003331,Engineering,COR00105,NWR,sleeper_defect,B,2,12,19,4.4,True,0
SMMS002937,Signal & Telecommunication,COR00557,NR,point_machine_fault,B,2,0,35,2.7,False,0
SMMS000976,Signal & Telecommunication,COR00529,SR,signal_failure,A,3,4,35,1.1,True,0
TMS005914,Engineering,COR02043,CR,formation_defect,B,2,143,6,6.0,False,0
TMS004273,Engineering,COR02448,ER,ballast_deficiency,C,1,11,19,0.8,True,0
TDMS001207,Traction Distribution,COR04803,NCR,ohe_pole_defect,C,1,252,9,1.2,True,0
SMMS000097,Signal & Telecommunication,COR02651,NR,point_machine_fault,B,2,3,3,2.6,True,0
TMS005333,Engineering,COR04459,NFR,ballast_deficiency,C,1,11,15,1.9,True,0
TMS000656,Engineering,COR05008,SR,sleeper_defect,B,2,75,18,2.9,False,0
TMS003175,Engineering,COR00690,WR,ballast_deficiency,C,1,61,90,1.3,True,0
TMS003795,Engineering,COR06095,NFR,ballast_deficiency,C,1,370,4,0.5,True,0
TMS002657,Engineering,COR07743,SWR,alignment_deviation,C,1,897,2,3.3,True,0
TDMS002383,Traction Distribution,COR04804,NCR,earthing_fault,B,2,8,10,3.2,True,0
TMS000002,Engineering,COR00122,NWR,weld_failure,A,3,87,33,4.4,True,0
TDMS001777,Traction Distribution,COR01729,NCR,ohe_pole_defect,C,1,26,54,3.9,True,0
TDMS001680,Traction Distribution,COR02101,SWR,insulator_fault,B,2,5,26,1.7,True,0
SMMS000921,Signal & Telecommunication,COR00288,CR,axle_counter_fault,A,3,4,68,3.5,True,1
TMS003124,Engineering,COR02436,ER,weld_failure,A,3,11,18,3.1,False,0
TDMS001096,Traction Distribution,COR04650,KR,tension_device_fault,C,1,45,22,1.0,True,0
TDMS001333,Traction Distribution,COR05904,ER,circuit_breaker_fault,A,3,1,10,0.5,True,0
TDMS000023,Traction Distribution,COR04377,SR,feeder_fault,A,3,243,9,4.6,True,1
SMMS001789,Signal & Telecommunication,COR01829,NWR,cable_fault,B,2,30,11,0.5,True,0
TMS004992,Engineering,COR02803,WR,ballast_deficiency,C,1,1,53,0.9,True,0
SMMS000946,Signal & Telecommunication,COR02063,SWR,axle_counter_fault,A,3,5,27,1.1,True,0
SMMS002428,Signal & Telecommunication,COR03052,SR,cable_fault,B,2,25,23,2.5,True,0
TMS003651,Engineering,COR00866,SCR,formation_defect,B,2,72,17,4.0,True,0
TMS004400,Engineering,COR00036,WR,rail_wear,C,1,43,36,5.0,True,0
SMMS000907,Signal & Telecommunication,COR02147,SCR,axle_counter_fault,A,3,3,20,1.7,True,0
TMS000034,Engineering,COR00281,WCR,sleeper_defect,B,2,4,68,1.4,True,0
TMS005398,Engineering,COR01658,NR,points_crossing_wear,B,2,10,33,1.2,True,0
SMMS002559,Signal & Telecommunication,COR00418,SCR,block_instrument_fault,B,2,11,53,2.9,True,0
TMS003483,Engineering,COR00692,WR,weld_failure,A,3,140,92,2.5,True,1
SMMS002924,Signal & Telecommunication,COR06224,NFR,axle_counter_fault,A,3,4,4,2.0,True,0
SMMS002000,Signal & Telecommunication,COR03488,NR,interlocking_fault,A,3,0,14,2.2,True,0
TDMS001397,Traction Distribution,COR04142,SR,earthing_fault,B,2,15,35,2.6,True,0
TMS003837,Engineering,COR04019,WR,sleeper_defect,B,2,27,13,0.8,True,0
TDMS000050,Traction Distribution,COR03152,CR,circuit_breaker_fault,A,3,113,33,4.6,True,1
TMS005613,Engineering,COR02155,SR,alignment_deviation,C,1,72,70,2.5,True,0
TMS002331,Engineering,COR02832,WR,weld_failure,A,3,7,95,5.8,True,0
SMMS000175,Signal & Telecommunication,COR00600,NER,lc_gate_interlock_fault,A,3,75,16,3.8,True,0
TDMS001636,Traction Distribution,COR03822,NFR,ohe_wire_wear,B,2,564,19,2.7,True,1
TMS002989,Engineering,COR03621,SWR,weld_failure,A,3,85,14,1.7,True,0
SMMS000657,Signal & Telecommunication,COR00384,NER,block_instrument_fault,B,2,18,33,3.5,True,0
TMS003457,Engineering,COR05274,SCR,alignment_deviation,C,1,9,12,5.9,True,0
SMMS000730,Signal & Telecommunication,COR03647,SCR,cable_fault,B,2,39,14,3.1,True,0
TMS001620,Engineering,COR01092,SWR,alignment_deviation,C,1,9,20,3.2,True,0
TMS001009,Engineering,COR00052,WR,alignment_deviation,C,1,2,33,4.0,True,0
TMS002735,Engineering,COR01847,NR,weld_failure,A,3,0,36,1.0,False,0
TMS002608,Engineering,COR02657,NR,formation_defect,A,3,313,2,0.7,False,1
SMMS001334,Signal & Telecommunication,COR01364,WR,block_instrument_fault,B,2,4,36,1.0,True,0
TDMS001724,Traction Distribution,COR04523,SWR,earthing_fault,B,2,1,9,1.3,True,0
SMMS002668,Signal & Telecommunication,COR02836,WR,cable_fault,B,2,11,68,1.0,True,0
TDMS000820,Traction Distribution,COR06031,ER,tension_device_fault,C,1,5,5,4.5,True,0
TMS001035,Engineering,COR01359,WR,sleeper_defect,B,2,3,35,4.6,True,0
SMMS001511,Signal & Telecommunication,COR06833,NR,point_machine_fault,B,2,0,6,3.3,True,0
TDMS001431,Traction Distribution,COR02976,SR,tension_device_fault,C,1,91,40,4.2,True,0
SMMS000586,Signal & Telecommunication,COR02073,SWR,cable_fault,B,2,2,25,4.0,True,0
TDMS001948,Traction Distribution,COR01488,NFR,earthing_fault,B,2,566,22,2.9,True,1
TDMS001707,Traction Distribution,COR01670,WCR,insulator_fault,B,2,10,55,4.5,True,0
SMMS002816,Signal & Telecommunication,COR01681,WCR,signal_failure,A,3,0,55,3.6,True,0
TMS005906,Engineering,COR00494,WCR,formation_defect,B,2,2,69,1.4,False,0
SMMS000126,Signal & Telecommunication,COR04045,NER,cable_fault,B,2,3,21,3.3,True,0
TMS002736,Engineering,COR03487,NR,sleeper_defect,C,1,14,14,4.7,True,0
TDMS001366,Traction Distribution,COR00868,SCR,ohe_wire_wear,B,2,59,17,4.9,True,0
SMMS001852,Signal & Telecommunication,COR04708,WR,axle_counter_fault,A,3,87,4,2.0,True,0
TMS002374,Engineering,COR01521,CR,formation_defect,B,2,65,50,1.8,True,0
SMMS001620,Signal & Telecommunication,COR01969,WR,block_instrument_fault,B,2,21,10,3.2,True,0
SMMS000459,Signal & Telecommunication,COR00531,SR,lc_gate_interlock_fault,A,3,3,35,3.7,True,0
TMS005302,Engineering,COR03255,WCR,rail_wear,C,1,11,42,4.8,True,0
TMS004479,Engineering,COR00416,ER,points_crossing_wear,B,2,1,7,0.6,True,0
TDMS000763,Traction Distribution,COR00362,WR,ohe_wire_wear,B,2,85,9,1.7,True,0
TMS002045,Engineering,COR02147,SCR,rail_fracture,A,3,13,20,0.9,False,0
TMS004585,Engineering,COR01308,NWR,ballast_deficiency,C,1,85,19,3.3,True,0
SMMS000853,Signal & Telecommunication,COR00489,WCR,signal_failure,A,3,12,69,3.9,True,1
SMMS000956,Signal & Telecommunication,COR01242,CR,block_instrument_fault,B,2,27,4,2.1,True,0
SMMS001615,Signal & Telecommunication,COR00205,NCR,interlocking_fault,A,3,2,53,1.5,True,1
SMMS001394,Signal & Telecommunication,COR00473,CR,lc_gate_interlock_fault,A,3,18,69,0.9,True,1
SMMS002260,Signal & Telecommunication,COR05426,NR,point_machine_fault,B,2,0,11,0.8,True,0
TDMS000826,Traction Distribution,COR00747,NER,circuit_breaker_fault,A,3,26,18,3.2,True,0
SMMS000563,Signal & Telecommunication,COR00676,WR,block_instrument_fault,B,2,27,94,0.5,True,0
TMS002645,Engineering,COR01493,NR,sleeper_defect,B,2,63,6,1.0,True,0
TDMS002455,Traction Distribution,COR00412,ER,circuit_breaker_fault,A,3,19,7,2.1,True,0
TMS004409,Engineering,COR04540,NR,ballast_deficiency,C,1,3,38,4.9,True,0
SMMS001531,Signal & Telecommunication,COR00485,WCR,block_instrument_fault,B,2,3,69,2.3,True,0
TMS005400,Engineering,COR01719,WCR,ballast_deficiency,C,1,36,53,4.1,True,0
SMMS001527,Signal & Telecommunication,COR02711,NER,point_machine_fault,B,2,7,7,3.2,True,0
TMS004013,Engineering,COR03050,SR,rail_fracture,A,3,47,11,3.3,True,0
TMS000723,Engineering,COR00252,WCR,alignment_deviation,C,1,9,54,1.7,True,0
TMS000294,Engineering,COR00257,WCR,points_crossing_wear,B,2,0,54,1.2,False,0
TMS000079,Engineering,COR02937,SCR,alignment_deviation,C,1,6,58,1.4,True,0
TDMS001913,Traction Distribution,COR02122,WCR,insulator_fault,B,2,5,45,3.6,True,0
TDMS001090,Traction Distribution,COR01816,NWR,feeder_fault,A,3,26,7,1.4,True,0
SMMS000687,Signal & Telecommunication,COR00889,SCR,signal_failure,A,3,4,20,1.1,True,0
TMS001542,Engineering,COR00883,SCR,alignment_deviation,C,1,7,17,4.6,True,0
TMS004547,Engineering,COR02939,SCR,points_crossing_wear,B,2,13,13,0.7,True,0
SMMS001689,Signal & Telecommunication,COR00434,SCR,cable_fault,B,2,0,18,3.8,True,0
TDMS000906,Traction Distribution,COR01754,WCR,ohe_wire_wear,B,2,3,29,3.6,True,0
TDMS002268,Traction Distribution,COR01557,CR,ohe_wire_wear,B,2,12,22,3.0,True,0
TMS000557,Engineering,COR01767,WCR,rail_fracture,A,3,10,43,4.6,True,0
TMS005968,Engineering,COR07423,NFR,sleeper_defect,B,2,2935,1,0.5,False,0
TMS004931,Engineering,COR00227,WCR,rail_wear,C,1,9,57,3.5,False,0
TMS003014,Engineering,COR00761,NR,ballast_deficiency,C,1,14,37,5.9,False,0
TMS004623,Engineering,COR00733,KR,rail_wear,C,1,3,29,4.4,True,0
SMMS000468,Signal & Telecommunication,COR01749,WCR,block_instrument_fault,B,2,9,30,3.5,True,0
TMS001117,Engineering,COR00450,SCR,sleeper_defect,B,2,16,16,2.4,True,0
TMS004132,Engineering,COR00492,WCR,formation_defect,B,2,79,69,2.3,True,0
TDMS002427,Traction Distribution,COR00240,WCR,ohe_wire_wear,B,2,419,58,1.0,True,1
SMMS001276,Signal & Telecommunication,COR00268,WCR,interlocking_fault,A,3,4,68,1.3,True,1
TMS000791,Engineering,COR04420,SWR,points_crossing_wear,B,2,1,22,4.0,False,0
TDMS001911,Traction Distribution,COR02585,KR,ohe_wire_wear,B,2,0,22,4.4,True,0
SMMS002346,Signal & Telecommunication,COR06526,NR,signal_failure,A,3,3,11,1.2,True,0
TMS000230,Engineering,COR00724,WR,ballast_deficiency,C,1,180,23,3.6,True,0
TMS003850,Engineering,COR02075,SWR,rail_wear,C,1,26,25,4.2,False,0
SMMS000188,Signal & Telecommunication,COR02033,NER,cable_fault,B,2,9,19,3.9,True,0
TMS001160,Engineering,COR02438,ER,ballast_deficiency,C,1,1,16,4.4,True,0
TMS002055,Engineering,COR06383,NER,sleeper_defect,B,2,309,19,1.9,True,0
TMS002453,Engineering,COR01890,SCR,rail_fracture,C,1,2,66,2.0,True,0
TMS001892,Engineering,COR00691,WR,ballast_deficiency,C,1,266,90,4.3,True,0
SMMS002788,Signal & Telecommunication,COR04641,KR,lc_gate_interlock_fault,A,3,3,22,2.6,True,0
TMS002821,Engineering,COR00479,CR,sleeper_defect,B,2,13,70,2.5,True,0
TMS003326,Engineering,COR00420,SCR,points_crossing_wear,B,2,109,53,4.2,True,1
TMS003567,Engineering,COR03627,SWR,sleeper_defect,B,2,145,15,1.6,True,0
SMMS000063,Signal & Telecommunication,COR00263,WCR,point_machine_fault,B,2,4,54,1.2,False,0
SMMS000332,Signal & Telecommunication,COR05287,SWR,lc_gate_interlock_fault,A,3,1,5,3.5,True,0
SMMS001484,Signal & Telecommunication,COR00359,WR,axle_counter_fault,A,3,5,10,1.4,True,0
SMMS002909,Signal & Telecommunication,COR03905,NR,signal_failure,A,3,6,22,1.9,True,0
TMS005373,Engineering,COR01381,SR,alignment_deviation,C,1,0,7,1.7,True,0
TDMS000501,Traction Distribution,COR02159,SR,tension_device_fault,C,1,2,70,1.5,True,0
SMMS000933,Signal & Telecommunication,COR02890,WCR,block_instrument_fault,B,2,18,34,0.8,True,0
SMMS000610,Signal & Telecommunication,COR02091,SWR,cable_fault,B,2,2,23,2.0,False,0
TMS003465,Engineering,COR00216,WCR,alignment_deviation,B,2,207,53,1.0,True,1
TMS004777,Engineering,COR06896,NFR,rail_fracture,B,2,15,3,3.8,True,0
TDMS001367,Traction Distribution,COR01078,SWR,ohe_wire_wear,B,2,0,22,3.2,True,0
TMS004976,Engineering,COR01291,NR,formation_defect,B,2,60,5,1.0,True,0
TMS001798,Engineering,COR00617,SCR,points_crossing_wear,B,2,68,63,4.5,True,0
TDMS001303,Traction Distribution,COR03691,SER,tension_device_fault,C,1,53,23,1.4,True,0
TMS005432,Engineering,COR05843,NWR,points_crossing_wear,B,2,9,3,2.1,True,0
TMS002758,Engineering,COR03922,NR,points_crossing_wear,B,2,9,7,1.7,True,0
TMS000532,Engineering,COR00215,NCR,alignment_deviation,C,1,69,53,1.7,True,0
TDMS002037,Traction Distribution,COR02139,SCR,insulator_fault,B,2,14,20,0.5,True,0
TMS001990,Engineering,COR00154,NR,alignment_deviation,C,1,10,38,2.7,True,0
TMS004769,Engineering,COR00680,WR,alignment_deviation,C,1,55,94,5.7,True,0
TDMS001133,Traction Distribution,COR03348,SR,ohe_wire_wear,B,2,3,9,0.6,True,0
TMS003029,Engineering,COR00489,WCR,ballast_deficiency,C,1,15,69,2.6,False,0
SMMS001125,Signal & Telecommunication,COR03562,SER,cable_fault,B,2,24,21,2.2,False,0
TMS005116,Engineering,COR02303,NR,rail_wear,C,1,49,29,3.8,True,0
SMMS001642,Signal & Telecommunication,COR00118,NWR,cable_fault,B,2,1,33,1.4,True,0
SMMS002117,Signal & Telecommunication,COR00135,NWR,signal_failure,A,3,0,27,1.2,True,0
TDMS000612,Traction Distribution,COR04363,ECR,feeder_fault,A,3,351,15,1.8,True,1
SMMS002498,Signal & Telecommunication,COR04654,KR,axle_counter_fault,A,3,4,22,2.5,True,0
TDMS000692,Traction Distribution,COR02999,SR,ohe_wire_wear,B,2,6,41,4.4,True,0
TDMS002428,Traction Distribution,COR02885,NR,ohe_wire_wear,B,2,49,61,2.2,True,0
TMS004311,Engineering,COR06385,NER,alignment_deviation,C,1,12,19,0.6,True,0
TMS004360,Engineering,COR00314,SER,formation_defect,B,2,3076,23,4.0,True,1
SMMS001744,Signal & Telecommunication,COR00469,CR,point_machine_fault,B,2,3,69,3.4,True,0
SMMS002881,Signal & Telecommunication,COR00283,WCR,point_machine_fault,B,2,1,34,3.1,True,0
SMMS001818,Signal & Telecommunication,COR02791,WR,cable_fault,B,2,1,26,3.2,True,0
SMMS000429,Signal & Telecommunication,COR03933,WR,interlocking_fault,A,3,0,23,1.7,True,0
TMS001627,Engineering,COR04601,NFR,points_crossing_wear,B,2,2,15,2.4,True,0
TDMS000871,Traction Distribution,COR00136,NWR,tension_device_fault,C,1,555,27,2.7,True,1
TMS005768,Engineering,COR04918,CR,formation_defect,B,2,71,23,2.2,True,0
TMS003320,Engineering,COR00275,WCR,alignment_deviation,C,1,257,68,1.0,False,0
TDMS000602,Traction Distribution,COR01677,WCR,earthing_fault,B,2,19,55,0.9,True,0
SMMS000793,Signal & Telecommunication,COR02837,WR,axle_counter_fault,A,3,163,95,2.3,True,1
TDMS001504,Traction Distribution,COR00112,NWR,tension_device_fault,C,1,103,20,4.0,True,0
TMS005517,Engineering,COR05815,NWR,weld_failure,A,3,14,10,0.9,True,0
TMS001294,Engineering,COR00486,WCR,points_crossing_wear,B,2,68,69,1.9,True,0
TMS004802,Engineering,COR01893,SCR,alignment_deviation,C,1,2,66,4.9,True,0
TMS001084,Engineering,COR02441,ER,weld_failure,A,3,25,17,2.8,True,0
SMMS000624,Signal & Telecommunication,COR05006,SR,cable_fault,B,2,18,17,2.6,True,0
TMS000725,Engineering,COR01315,NWR,alignment_deviation,C,1,6,19,3.9,True,0
TDMS001963,Traction Distribution,COR02815,WR,insulator_fault,B,2,96,92,1.9,True,0
SMMS002917,Signal & Telecommunication,COR06804,NWR,cable_fault,B,2,10,4,0.8,True,0
TMS001776,Engineering,COR00690,WR,ballast_deficiency,C,1,43,90,5.2,True,0
TMS003603,Engineering,COR05982,NR,alignment_deviation,C,1,3418,8,2.5,True,0
TMS002684,Engineering,COR03736,ECR,alignment_deviation,B,2,3362,8,5.3,True,0
SMMS002017,Signal & Telecommunication,COR02206,SECR,signal_failure,A,3,10,7,2.8,True,0
TMS005233,Engineering,COR04986,WR,ballast_deficiency,C,1,6,16,5.9,True,0
TMS005112,Engineering,COR01485,NFR,sleeper_defect,B,2,88,22,2.1,True,0
TMS004317,Engineering,COR01527,SCR,formation_defect,B,2,70,19,4.9,True,0
SMMS000972,Signal & Telecommunication,COR05090,NR,cable_fault,B,2,1,9,0.6,True,0
TMS002436,Engineering,COR00204,NR,rail_fracture,A,3,17,35,2.2,True,1
SMMS001522,Signal & Telecommunication,COR07282,NFR,lc_gate_interlock_fault,A,3,0,4,2.1,True,0
SMMS002704,Signal & Telecommunication,COR01478,NFR,point_machine_fault,B,2,21,25,2.6,True,0
TDMS000056,Traction Distribution,COR01355,WR,ohe_wire_wear,B,2,8,35,2.0,True,0
TMS003034,Engineering,COR03937,WCR,rail_wear,C,1,2,29,5.4,True,0
TDMS001327,Traction Distribution,COR04035,NER,earthing_fault,B,2,11,33,3.0,True,0
TDMS002408,Traction Distribution,COR01164,ER,ohe_pole_defect,C,1,99,4,4.2,True,0
TDMS002217,Traction Distribution,COR01887,SCR,tension_device_fault,C,1,17,62,3.8,True,0
TDMS000167,Traction Distribution,COR03089,SR,tension_device_fault,C,1,29,40,4.5,True,0
TMS002432,Engineering,COR04363,ECR,points_crossing_wear,B,2,87,15,4.3,False,0
TDMS002005,Traction Distribution,COR02637,ER,earthing_fault,B,2,4,10,3.2,True,0
TMS004933,Engineering,COR02229,SWR,ballast_deficiency,C,1,7,21,2.2,True,0
TMS002104,Engineering,COR00268,WCR,alignment_deviation,C,1,89,68,2.1,True,0
TDMS000387,Traction Distribution,COR04448,ECR,ohe_wire_wear,B,2,10,9,3.6,True,0
TMS003251,Engineering,COR02817,WR,alignment_deviation,C,1,4,92,2.8,True,0
TMS004630,Engineering,COR07053,SECR,ballast_deficiency,C,1,2671,5,4.2,True,0
SMMS000815,Signal & Telecommunication,COR01221,CR,cable_fault,B,2,26,6,2.6,True,0
TMS000539,Engineering,COR01903,SCR,rail_wear,C,1,35,9,0.8,False,0
SMMS000280,Signal & Telecommunication,COR01842,NR,axle_counter_fault,A,3,19,28,2.3,True,0
TMS002851,Engineering,COR02603,KR,alignment_deviation,C,1,7,22,4.1,False,0
TMS005806,Engineering,COR01646,SWR,rail_wear,C,1,9,29,5.2,True,0
TMS001623,Engineering,COR00611,SCR,ballast_deficiency,C,1,13,67,2.5,True,0
TMS004010,Engineering,COR02820,WR,ballast_deficiency,A,3,2413,90,1.5,True,1
SMMS002723,Signal & Telecommunication,COR00086,NWR,cable_fault,B,2,27,30,3.4,True,0
TDMS001804,Traction Distribution,COR04149,SR,tension_device_fault,C,1,172,35,0.9,True,0
TMS005812,Engineering,COR07095,WR,sleeper_defect,B,2,56,1,2.6,True,0
SMMS002224,Signal & Telecommunication,COR05946,NWR,axle_counter_fault,A,3,10,5,1.4,True,0
TMS004745,Engineering,COR04416,NER,ballast_deficiency,C,1,65,8,0.9,True,0
SMMS000735,Signal & Telecommunication,COR03977,ER,signal_failure,A,3,5,14,4.0,True,0
SMMS001023,Signal & Telecommunication,COR02677,NR,cable_fault,B,2,5,18,2.2,True,0
SMMS001353,Signal & Telecommunication,COR01867,NR,block_instrument_fault,B,2,3,29,3.8,True,0
TMS004909,Engineering,COR01089,SWR,ballast_deficiency,C,1,1570,22,0.5,False,0
SMMS000509,Signal & Telecommunication,COR02803,WR,block_instrument_fault,B,2,21,53,1.3,True,0
TMS000581,Engineering,COR07608,SR,formation_defect,B,2,65,1,5.3,True,0
SMMS000365,Signal & Telecommunication,COR01602,SWR,axle_counter_fault,A,3,1,25,0.7,True,0
TMS003652,Engineering,COR01453,WR,sleeper_defect,B,2,88,6,1.6,False,0
TMS002472,Engineering,COR04953,KR,weld_failure,A,3,43,25,3.6,False,0
TMS004848,Engineering,COR04584,NCR,alignment_deviation,B,2,4,14,3.1,True,0
TMS001285,Engineering,COR01551,CR,ballast_deficiency,C,1,15,22,1.4,True,0
TMS004423,Engineering,COR02212,NWR,alignment_deviation,C,1,14,26,1.0,False,0
SMMS000835,Signal & Telecommunication,COR00924,SWR,signal_failure,A,3,0,10,2.2,True,0
TMS005307,Engineering,COR05014,SR,sleeper_defect,B,2,8,7,2.5,True,0
TDMS001179,Traction Distribution,COR02864,SWR,earthing_fault,B,2,37,20,0.8,True,0
TDMS001351,Traction Distribution,COR00446,SCR,ohe_wire_wear,B,2,8,16,2.9,True,0
TMS002884,Engineering,COR04126,SR,alignment_deviation,C,1,10,41,2.5,True,0
SMMS002438,Signal & Telecommunication,COR00160,NR,axle_counter_fault,A,3,1,38,4.0,True,0
TMS000681,Engineering,COR02352,NWR,rail_fracture,A,3,13,13,0.6,True,0
TMS002033,Engineering,COR06830,NR,alignment_deviation,C,1,13,4,3.4,True,0
TMS001217,Engineering,COR02063,SWR,weld_failure,A,3,64,27,1.7,True,0
TMS002590,Engineering,COR01032,NFR,alignment_deviation,C,1,11,25,2.9,False,0
TMS005248,Engineering,COR00127,NWR,sleeper_defect,B,2,4,27,2.5,True,0
TMS001680,Engineering,COR00116,NWR,alignment_deviation,C,1,19,33,1.4,True,0
TMS003161,Engineering,COR02822,WR,points_crossing_wear,B,2,5,90,5.5,True,0
TMS005294,Engineering,COR04919,CR,rail_wear,C,1,3,26,1.9,False,0
TMS005971,Engineering,COR04114,NR,rail_wear,B,2,5,11,0.5,True,0
TDMS001372,Traction Distribution,COR04927,KR,feeder_fault,A,3,92,26,3.4,True,0
TMS003573,Engineering,COR02763,NR,rail_wear,C,1,15,28,4.7,True,0
SMMS001563,Signal & Telecommunication,COR00689,WR,interlocking_fault,A,3,3,90,0.7,True,1
TMS000862,Engineering,COR03038,NR,ballast_deficiency,C,1,15,12,4.8,True,0
TMS002266,Engineering,COR00895,SCR,alignment_deviation,C,1,10,20,2.1,False,0
SMMS001985,Signal & Telecommunication,COR03248,WCR,interlocking_fault,A,3,1,42,0.9,False,0
TDMS000691,Traction Distribution,COR02023,NER,ohe_pole_defect,C,1,64,19,0.7,True,0
TDMS000509,Traction Distribution,COR07696,NCR,earthing_fault,B,2,50,2,4.6,True,0
TMS004719,Engineering,COR01022,NFR,ballast_deficiency,C,1,2,22,0.7,True,0
TDMS001363,Traction Distribution,COR07180,SCR,ohe_pole_defect,C,1,138,2,4.8,True,0
TMS005096,Engineering,COR04482,WCR,ballast_deficiency,C,1,85,36,3.7,True,0
TMS000319,Engineering,COR00473,CR,ballast_deficiency,C,1,292,69,2.3,True,1
SMMS001625,Signal & Telecommunication,COR03041,SR,signal_failure,A,3,1,22,2.0,True,0
TMS001957,Engineering,COR00480,WCR,sleeper_defect,B,2,88,69,0.8,True,0
TMS005977,Engineering,COR01551,CR,ballast_deficiency,C,1,0,22,2.8,True,0
SMMS001538,Signal & Telecommunication,COR01895,SCR,interlocking_fault,A,3,21,66,1.1,True,1
TMS001310,Engineering,COR00231,WCR,ballast_deficiency,C,1,3,57,3.2,True,0
TMS004857,Engineering,COR01934,SCR,sleeper_defect,B,2,78,22,1.7,True,0
TDMS000170,Traction Distribution,COR01975,WR,insulator_fault,B,2,20,10,2.5,True,0
TDMS002157,Traction Distribution,COR01614,SWR,ohe_wire_wear,B,2,48,26,4.0,True,0
SMMS000681,Signal & Telecommunication,COR05739,SR,block_instrument_fault,B,2,8,10,1.0,True,0
TDMS001601,Traction Distribution,COR03766,NER,earthing_fault,B,2,104,4,2.8,True,0
TMS004016,Engineering,COR05737,SR,weld_failure,A,3,72,10,3.7,True,0
TMS002716,Engineering,COR01693,WCR,alignment_deviation,C,1,67,53,0.7,True,0
TMS004645,Engineering,COR02815,WR,alignment_deviation,C,1,13,92,2.5,True,0
SMMS000795,Signal & Telecommunication,COR01676,WCR,point_machine_fault,B,2,2,55,2.8,True,0
TMS003827,Engineering,COR02978,SR,rail_wear,C,1,2623,40,2.5,False,0
SMMS000475,Signal & Telecommunication,COR07711,SCR,cable_fault,B,2,3,2,3.5,False,0
SMMS002904,Signal & Telecommunication,COR00266,WCR,cable_fault,B,2,1,54,1.9,True,0
TMS001715,Engineering,COR00622,SCR,ballast_deficiency,C,1,13,63,2.9,True,0
TDMS000957,Traction Distribution,COR01263,NR,ohe_wire_wear,B,2,4,4,3.6,True,0
TDMS000061,Traction Distribution,COR00540,SR,ohe_wire_wear,B,2,23,35,1.5,True,0
SMMS000674,Signal & Telecommunication,COR01610,SWR,cable_fault,B,2,8,26,1.1,True,0
TMS001058,Engineering,COR02410,WR,alignment_deviation,C,1,13,20,3.8,True,0
SMMS002076,Signal & Telecommunication,COR04546,NR,cable_fault,B,2,5,36,0.9,True,0
TDMS002459,Traction Distribution,COR01709,WCR,insulator_fault,B,2,84,58,2.4,True,0
TMS001215,Engineering,COR05072,NWR,weld_failure,A,3,69,10,5.1,True,0
SMMS002120,Signal & Telecommunication,COR00271,WCR,block_instrument_fault,B,2,4,68,3.3,True,0
TDMS002348,Traction Distribution,COR00984,NFR,insulator_fault,B,2,10,14,4.9,True,0
TDMS001849,Traction Distribution,COR01629,SWR,circuit_breaker_fault,A,3,42,27,2.8,True,0
TMS003982,Engineering,COR01110,SCR,alignment_deviation,C,1,1623,14,2.3,True,0
TMS001965,Engineering,COR01687,WCR,points_crossing_wear,B,2,2,55,5.8,True,0
TMS004656,Engineering,COR05391,NCR,sleeper_defect,B,2,6,12,2.4,True,0
SMMS000914,Signal & Telecommunication,COR04229,NR,point_machine_fault,B,2,4,16,0.8,False,0
SMMS001698,Signal & Telecommunication,COR02391,WR,axle_counter_fault,A,3,5,36,3.8,True,0
TMS001698,Engineering,COR05942,NWR,alignment_deviation,C,1,5,5,5.8,True,0
TDMS002081,Traction Distribution,COR02137,SCR,insulator_fault,B,2,17,20,2.0,True,0
TMS005444,Engineering,COR02849,SWR,weld_failure,A,3,76,15,4.2,True,0
TDMS000876,Traction Distribution,COR01346,WR,tension_device_fault,C,1,53,31,4.2,True,0
TDMS000971,Traction Distribution,COR00217,WCR,feeder_fault,A,3,4,53,0.6,True,1
SMMS001679,Signal & Telecommunication,COR03887,NR,interlocking_fault,A,3,22,27,2.5,True,0
SMMS002262,Signal & Telecommunication,COR01840,NR,point_machine_fault,B,2,4,36,3.1,True,0
TMS004660,Engineering,COR01364,WR,rail_fracture,A,3,25,36,1.4,True,0
TMS003899,Engineering,COR00481,WCR,points_crossing_wear,B,2,6,33,1.9,True,0
TMS005625,Engineering,COR04677,KR,formation_defect,B,2,923,26,2.3,False,1
TMS002269,Engineering,COR03260,WCR,ballast_deficiency,C,1,0,42,0.8,True,0
TDMS001838,Traction Distribution,COR05921,SCR,ohe_wire_wear,B,2,80,14,3.2,True,0
TMS003858,Engineering,COR00606,SCR,formation_defect,B,2,46,67,2.8,True,0
TDMS002121,Traction Distribution,COR04656,KR,earthing_fault,B,2,10,21,4.0,True,0
SMMS002603,Signal & Telecommunication,COR02717,NER,point_machine_fault,B,2,5,11,3.3,True,0
SMMS002938,Signal & Telecommunication,COR01833,WR,point_machine_fault,B,2,4,30,0.6,True,0
TDMS001994,Traction Distribution,COR00563,NR,tension_device_fault,C,1,42,20,2.7,True,0
SMMS002886,Signal & Telecommunication,COR00458,SCR,point_machine_fault,B,2,1,18,2.6,True,0
SMMS002408,Signal & Telecommunication,COR04929,KR,signal_failure,A,3,1,26,1.7,False,0
SMMS000028,Signal & Telecommunication,COR01316,NWR,point_machine_fault,B,2,128,30,3.4,True,0
TMS001960,Engineering,COR01153,CR,rail_wear,C,1,40,49,3.5,False,0
TDMS000353,Traction Distribution,COR01682,WCR,insulator_fault,B,2,18,55,3.9,True,0
TDMS000891,Traction Distribution,COR00614,SCR,ohe_pole_defect,C,1,8,67,1.6,True,0
SMMS000116,Signal & Telecommunication,COR02134,SCR,block_instrument_fault,B,2,2,20,2.8,True,0
TMS000525,Engineering,COR03263,WCR,points_crossing_wear,B,2,252,14,2.3,True,0
TMS001820,Engineering,COR01691,WCR,rail_fracture,A,3,11,17,5.1,True,0
TDMS001822,Traction Distribution,COR01709,WCR,ohe_pole_defect,C,1,19,58,3.5,True,0
TMS003290,Engineering,COR04128,SR,rail_wear,C,1,12,41,2.1,True,0
TMS000276,Engineering,COR02161,SR,points_crossing_wear,B,2,179,70,2.1,True,1
TMS001014,Engineering,COR00612,SCR,weld_failure,A,3,273,67,1.2,False,1
TDMS001286,Traction Distribution,COR02096,SWR,ohe_wire_wear,B,2,86,26,3.0,True,0
TMS004309,Engineering,COR00677,WR,sleeper_defect,B,2,42,94,3.8,True,0
SMMS002395,Signal & Telecommunication,COR08251,NCR,interlocking_fault,A,3,3,3,2.0,True,0
TDMS002042,Traction Distribution,COR04602,NFR,earthing_fault,B,2,2,15,4.9,True,0
TDMS001738,Traction Distribution,COR01439,ECR,earthing_fault,B,2,72,40,1.3,True,0
TMS002153,Engineering,COR04995,SR,weld_failure,A,3,9,13,1.9,True,0
TMS003564,Engineering,COR01947,SCR,alignment_deviation,C,1,230,22,1.5,True,0
TMS004245,Engineering,COR06760,NER,ballast_deficiency,C,1,65,6,1.8,True,0
TDMS000987,Traction Distribution,COR04519,SWR,tension_device_fault,C,1,489,9,4.5,True,0
TMS004289,Engineering,COR02834,WR,sleeper_defect,B,2,390,95,4.9,True,1
TMS004633,Engineering,COR01892,SCR,alignment_deviation,C,1,75,66,5.8,True,0
TDMS000389,Traction Distribution,COR00278,WCR,feeder_fault,A,3,22,68,3.1,True,0
SMMS002721,Signal & Telecommunication,COR01346,WR,interlocking_fault,A,3,0,31,0.8,True,0
TMS002128,Engineering,COR02145,SCR,alignment_deviation,C,1,101,20,3.2,True,0
SMMS000608,Signal & Telecommunication,COR00732,KR,point_machine_fault,B,2,30,29,1.5,True,0
TMS002988,Engineering,COR02490,ECR,alignment_deviation,C,1,6,7,1.5,False,0
SMMS002370,Signal & Telecommunication,COR01724,NCR,block_instrument_fault,B,2,2,54,0.7,True,0
TMS003266,Engineering,COR03378,NWR,alignment_deviation,C,1,25,6,3.7,True,0
SMMS002058,Signal & Telecommunication,COR06046,NER,cable_fault,B,2,3,6,1.7,False,0
TMS005540,Engineering,COR00753,KR,ballast_deficiency,C,1,12,29,2.7,True,0
TMS003239,Engineering,COR04676,KR,alignment_deviation,C,1,226,25,4.0,False,0
SMMS002637,Signal & Telecommunication,COR03439,NWR,point_machine_fault,B,2,1,3,1.6,True,0
TDMS000968,Traction Distribution,COR00594,ECR,feeder_fault,A,3,19,16,4.6,True,0
TMS005328,Engineering,COR04696,CR,ballast_deficiency,C,1,64,26,4.0,True,0
TMS005111,Engineering,COR04683,KR,points_crossing_wear,B,2,15,26,2.0,False,0
TMS004152,Engineering,COR01673,WCR,sleeper_defect,B,2,73,55,0.9,True,0
TMS004663,Engineering,COR03805,SR,rail_fracture,A,3,0,15,5.9,True,0
SMMS001777,Signal & Telecommunication,COR00289,CR,point_machine_fault,B,2,5,68,3.5,True,0
TDMS001902,Traction Distribution,COR03087,SR,tension_device_fault,C,1,12,40,3.3,True,0
TMS005410,Engineering,COR04946,KR,alignment_deviation,C,1,14,25,5.0,True,0
TDMS000045,Traction Distribution,COR03886,NR,earthing_fault,B,2,20,27,2.0,True,0
TMS003106,Engineering,COR00557,NR,ballast_deficiency,C,1,2415,35,2.0,True,0
SMMS000856,Signal & Telecommunication,COR01863,NR,block_instrument_fault,B,2,5,37,1.1,True,0
SMMS000481,Signal & Telecommunication,COR01298,NWR,interlocking_fault,A,3,12,20,3.1,True,0
TMS001606,Engineering,COR03821,NFR,sleeper_defect,B,2,9,19,1.8,True,0
TMS003095,Engineering,COR03092,SR,ballast_deficiency,C,1,13,40,1.9,True,0
TDMS001945,Traction Distribution,COR01555,CR,insulator_fault,B,2,18,22,2.3,True,0
TMS002329,Engineering,COR01156,CR,alignment_deviation,C,1,12,49,3.5,True,0
TMS001162,Engineering,COR04667,KR,weld_failure,A,3,74,25,5.1,True,0
SMMS001151,Signal & Telecommunication,COR02057,SCR,axle_counter_fault,A,3,2,24,1.5,True,0
SMMS002452,Signal & Telecommunication,COR02396,WR,interlocking_fault,A,3,10,35,3.5,True,0
TMS005765,Engineering,COR00620,SCR,rail_fracture,A,3,10,63,2.1,True,1
TMS005838,Engineering,COR07486,NFR,rail_wear,C,1,5,3,1.4,True,0
TMS003926,Engineering,COR01660,NFR,alignment_deviation,C,1,247,2,2.1,True,0
TMS003487,Engineering,COR06171,NER,rail_wear,C,1,35,2,1.7,True,0
SMMS000858,Signal & Telecommunication,COR00161,NR,point_machine_fault,B,2,29,62,1.9,True,0
SMMS002658,Signal & Telecommunication,COR00721,WR,signal_failure,A,3,3,26,2.6,True,0
TMS004294,Engineering,COR05672,NWR,sleeper_defect,B,2,63,3,4.2,True,0
TDMS002450,Traction Distribution,COR02390,WR,circuit_breaker_fault,A,3,166,36,0.6,True,1
TDMS000946,Traction Distribution,COR02778,NR,ohe_wire_wear,B,2,52,28,1.2,True,0
TDMS001617,Traction Distribution,COR03932,WR,ohe_wire_wear,B,2,0,23,3.8,True,0
TMS001667,Engineering,COR01122,NER,sleeper_defect,B,2,14,8,0.6,True,0
TMS000698,Engineering,COR04319,SR,alignment_deviation,A,3,1,13,1.9,True,0
TMS004820,Engineering,COR06357,NR,alignment_deviation,C,1,9,5,2.6,True,0
TMS003980,Engineering,COR00576,ECR,points_crossing_wear,B,2,2,16,5.0,True,0
TMS003685,Engineering,COR03837,NFR,rail_wear,C,1,3271,19,1.2,True,0
SMMS000472,Signal & Telecommunication,COR01684,WCR,point_machine_fault,B,2,0,55,1.8,True,0
TDMS001472,Traction Distribution,COR01523,CR,ohe_wire_wear,B,2,20,50,2.3,True,0
TMS001643,Engineering,COR00467,SCR,alignment_deviation,C,1,46,26,3.4,True,0
TMS000809,Engineering,COR04697,CR,weld_failure,A,3,32,26,3.4,True,0
TMS001756,Engineering,COR07521,SECR,weld_failure,A,3,395,2,3.4,True,1
TMS002333,Engineering,COR02971,SR,rail_wear,C,1,15,40,3.1,True,0
TDMS000744,Traction Distribution,COR00689,WR,ohe_pole_defect,C,1,80,90,4.5,True,0
TMS004500,Engineering,COR02981,SR,ballast_deficiency,C,1,0,40,0.6,True,0
TDMS001263,Traction Distribution,COR02814,WR,insulator_fault,B,2,7,92,1.9,True,0
TDMS001691,Traction Distribution,COR01720,NCR,ohe_pole_defect,C,1,392,54,4.8,True,1
TMS002368,Engineering,COR00620,SCR,sleeper_defect,B,2,0,63,1.7,True,0
SMMS001083,Signal & Telecommunication,COR00571,ECR,interlocking_fault,A,3,26,19,1.3,True,0
SMMS001170,Signal & Telecommunication,COR05493,NR,interlocking_fault,A,3,0,11,3.8,True,0
TDMS000133,Traction Distribution,COR01843,NR,ohe_wire_wear,B,2,7,28,0.5,True,0
TMS000790,Engineering,COR02383,WR,formation_defect,B,2,315,38,4.7,False,1
TDMS002085,Traction Distribution,COR03323,WR,insulator_fault,B,2,83,11,2.4,True,0
TMS001943,Engineering,COR01207,CR,alignment_deviation,C,1,75,22,3.7,False,0
TMS001456,Engineering,COR08244,CR,formation_defect,B,2,1,3,5.6,True,0
TMS005751,Engineering,COR04923,CR,alignment_deviation,C,1,11,26,3.2,True,0
TMS000784,Engineering,COR03722,NFR,rail_fracture,A,3,11,21,1.7,False,0
TMS001526,Engineering,COR04541,NR,alignment_deviation,C,1,11,38,0.7,True,0
TMS005689,Engineering,COR04923,CR,points_crossing_wear,A,3,82,26,4.1,True,1
TDMS002026,Traction Distribution,COR04926,CR,feeder_fault,A,3,0,26,0.9,True,0
TMS003470,Engineering,COR02832,WR,points_crossing_wear,B,2,4,95,2.8,True,0
TMS000295,Engineering,COR03694,SER,sleeper_defect,B,2,3,23,5.3,True,0
TDMS000864,Traction Distribution,COR01687,WCR,tension_device_fault,C,1,579,55,3.5,True,1
TDMS000861,Traction Distribution,COR03703,NR,ohe_wire_wear,B,2,12,9,4.5,True,0
TMS000697,Engineering,COR03695,SER,formation_defect,B,2,2,23,4.8,True,0
TMS005641,Engineering,COR00234,WCR,rail_fracture,A,3,4,58,2.8,True,0
TDMS001531,Traction Distribution,COR01804,NR,feeder_fault,A,3,11,11,4.3,True,0
TDMS001667,Traction Distribution,COR00088,NWR,ohe_wire_wear,B,2,109,30,4.6,True,0
TMS005143,Engineering,COR03531,NER,rail_wear,C,1,33,5,5.8,True,0
TMS000124,Engineering,COR00292,CR,alignment_deviation,C,1,86,68,5.4,True,0
TMS003347,Engineering,COR00376,NER,alignment_deviation,C,1,14,21,4.4,True,0
SMMS001069,Signal & Telecommunication,COR03349,SR,point_machine_fault,B,2,5,9,3.1,True,0
TMS000658,Engineering,COR08031,WR,alignment_deviation,C,1,12,2,4.3,True,0
SMMS002641,Signal & Telecommunication,COR02697,NR,cable_fault,B,2,3,27,1.9,True,0
TMS004416,Engineering,COR00342,NER,alignment_deviation,C,1,63,11,1.1,True,0
SMMS000854,Signal & Telecommunication,COR02770,NR,cable_fault,B,2,18,28,2.7,True,0
SMMS000721,Signal & Telecommunication,COR02847,SWR,block_instrument_fault,B,2,0,13,3.8,True,0
TMS005835,Engineering,COR00612,SCR,rail_fracture,A,3,89,67,4.8,True,1
TDMS002049,Traction Distribution,COR01648,SWR,circuit_breaker_fault,A,3,1,29,2.9,True,0
TMS004513,Engineering,COR04135,SR,alignment_deviation,C,1,0,41,5.6,False,0
TDMS000574,Traction Distribution,COR03324,WR,circuit_breaker_fault,A,3,65,11,4.5,True,0
TMS001033,Engineering,COR05801,NWR,ballast_deficiency,C,1,214,10,3.6,True,0
TMS005210,Engineering,COR01876,SCR,alignment_deviation,C,1,328,62,4.0,True,1
SMMS001783,Signal & Telecommunication,COR00229,WCR,block_instrument_fault,B,2,0,57,0.7,False,0
SMMS001221,Signal & Telecommunication,COR02811,WR,cable_fault,B,2,15,92,2.0,False,0
TMS001840,Engineering,COR02829,WR,alignment_deviation,C,1,15,90,5.5,True,0
TMS001388,Engineering,COR04160,SR,ballast_deficiency,C,1,10,35,4.7,False,0
TDMS001443,Traction Distribution,COR01700,WCR,circuit_breaker_fault,A,3,6,59,0.9,True,0
TDMS001071,Traction Distribution,COR00224,WCR,tension_device_fault,C,1,3,53,1.6,True,0
TMS003116,Engineering,COR01675,WCR,ballast_deficiency,A,3,107,55,4.2,True,1
SMMS001817,Signal & Telecommunication,COR02318,WR,block_instrument_fault,B,2,0,23,2.1,True,0
TDMS001817,Traction Distribution,COR02902,SR,tension_device_fault,C,1,54,18,3.2,True,0
TDMS001695,Traction Distribution,COR04507,SWR,circuit_breaker_fault,A,3,48,10,2.9,True,0
TMS000646,Engineering,COR00620,SCR,formation_defect,B,2,27,63,2.2,True,0
TMS004498,Engineering,COR00255,WCR,alignment_deviation,C,1,60,54,5.6,True,0
TMS005834,Engineering,COR03160,NFR,points_crossing_wear,B,2,231,5,5.6,True,0
TDMS001509,Traction Distribution,COR05595,SCR,circuit_breaker_fault,A,3,20,16,3.1,True,0
TDMS001414,Traction Distribution,COR00898,SCR,ohe_wire_wear,B,2,16,3,1.4,True,0
SMMS000053,Signal & Telecommunication,COR00067,NWR,cable_fault,B,2,4,30,1.4,True,0
SMMS001025,Signal & Telecommunication,COR00936,SCR,axle_counter_fault,A,3,30,3,1.0,True,0
SMMS002695,Signal & Telecommunication,COR06793,NER,point_machine_fault,B,2,12,3,1.5,True,0
TMS000314,Engineering,COR01200,CR,alignment_deviation,C,1,11,22,6.0,True,0
TDMS001232,Traction Distribution,COR01634,SWR,tension_device_fault,C,1,118,27,4.9,True,0
TDMS001146,Traction Distribution,COR03560,SER,ohe_wire_wear,B,2,31,22,0.7,True,0
TMS004699,Engineering,COR01269,NR,rail_fracture,A,3,14,22,0.8,True,0
TMS003305,Engineering,COR00750,SWR,rail_wear,C,1,3,12,3.3,True,0
SMMS001417,Signal & Telecommunication,COR04440,ECR,point_machine_fault,B,2,5,40,1.1,True,0
TDMS001491,Traction Distribution,COR03239,WR,circuit_breaker_fault,A,3,284,15,4.6,True,1
TMS005359,Engineering,COR03107,NR,points_crossing_wear,B,2,2,10,4.9,True,0
TDMS002236,Traction Distribution,COR02767,NR,earthing_fault,B,2,368,28,2.9,True,1
TMS003963,Engineering,COR00888,SCR,ballast_deficiency,C,1,4,18,0.6,True,0
TDMS002107,Traction Distribution,COR02905,SR,earthing_fault,B,2,510,18,1.0,True,1
TMS000157,Engineering,COR00268,WCR,ballast_deficiency,C,1,13,68,1.7,True,0
TDMS001461,Traction Distribution,COR02810,WR,ohe_wire_wear,B,2,281,87,3.1,True,1
TMS005215,Engineering,COR01830,NWR,sleeper_defect,A,3,12,11,3.6,True,0
TDMS001452,Traction Distribution,COR01504,NR,insulator_fault,B,2,76,6,3.7,True,0
SMMS002223,Signal & Telecommunication,COR03709,NER,point_machine_fault,B,2,4,4,2.1,True,0
SMMS000700,Signal & Telecommunication,COR01738,NR,signal_failure,A,3,27,5,3.4,True,0
TMS003513,Engineering,COR03334,NFR,alignment_deviation,C,1,318,3,4.7,True,0
TMS001850,Engineering,COR07232,ECoR,weld_failure,A,3,89,1,5.4,True,0
SMMS001902,Signal & Telecommunication,COR01897,SCR,block_instrument_fault,B,2,0,66,2.6,True,0
SMMS000411,Signal & Telecommunication,COR04115,NR,interlocking_fault,A,3,1,10,1.7,True,0
SMMS001330,Signal & Telecommunication,COR02196,SR,block_instrument_fault,B,2,1,17,3.7,True,0
TDMS001828,Traction Distribution,COR04692,KR,earthing_fault,B,2,297,26,2.8,True,1
TDMS002290,Traction Distribution,COR01755,WCR,ohe_wire_wear,B,2,11,29,4.0,True,0
TDMS001690,Traction Distribution,COR00704,WR,ohe_wire_wear,B,2,66,87,5.0,True,0
TMS005810,Engineering,COR00074,NWR,alignment_deviation,C,1,9,30,5.0,False,0
TMS002370,Engineering,COR02407,WR,ballast_deficiency,C,1,12,23,3.0,True,0
TDMS002365,Traction Distribution,COR02343,WR,tension_device_fault,C,1,2,11,2.1,True,0
SMMS001552,Signal & Telecommunication,COR01910,SCR,lc_gate_interlock_fault,A,3,5,9,2.8,True,0
SMMS000605,Signal & Telecommunication,COR00981,NFR,point_machine_fault,B,2,2,14,3.5,True,0
TMS004221,Engineering,COR03048,SR,points_crossing_wear,B,2,5,23,4.6,True,0
SMMS001319,Signal & Telecommunication,COR02267,ECR,point_machine_fault,B,2,2,16,3.0,True,0
SMMS001597,Signal & Telecommunication,COR05401,NCR,cable_fault,B,2,1,11,0.9,True,0
SMMS001058,Signal & Telecommunication,COR04873,NWR,point_machine_fault,B,2,9,8,3.1,True,0
TDMS002014,Traction Distribution,COR00696,WR,insulator_fault,B,2,0,92,2.8,True,0
TMS003526,Engineering,COR03716,SWR,ballast_deficiency,C,1,14,4,4.9,True,0
SMMS000359,Signal & Telecommunication,COR02542,SECR,axle_counter_fault,A,3,95,9,1.7,True,0
SMMS002461,Signal & Telecommunication,COR03085,SR,point_machine_fault,B,2,5,40,3.7,True,0
TDMS001646,Traction Distribution,COR05901,ER,earthing_fault,B,2,69,5,4.7,True,0
TMS001581,Engineering,COR02831,WR,alignment_deviation,C,1,66,95,5.5,False,0
TDMS000206,Traction Distribution,COR01697,WCR,ohe_wire_wear,B,2,17,59,3.7,True,0
TMS002220,Engineering,COR00238,WCR,alignment_deviation,C,1,13,58,1.3,True,0
SMMS002807,Signal & Telecommunication,COR02898,SR,interlocking_fault,A,3,18,18,3.5,True,0
SMMS002200,Signal & Telecommunication,COR02602,KR,cable_fault,B,2,1,22,0.8,True,0
TMS005938,Engineering,COR04028,WR,ballast_deficiency,C,1,221,14,1.1,True,0
TMS001487,Engineering,COR00044,WR,ballast_deficiency,C,1,13,32,4.8,False,0
TMS005799,Engineering,COR01696,WCR,formation_defect,B,2,1,59,0.9,True,0
TMS001223,Engineering,COR02176,NER,sleeper_defect,B,2,14,5,3.6,True,0
SMMS002293,Signal & Telecommunication,COR04655,KR,point_machine_fault,B,2,25,22,1.9,True,0
TMS004726,Engineering,COR01939,SCR,ballast_deficiency,C,1,208,22,2.0,False,0
TMS003633,Engineering,COR00075,NWR,weld_failure,A,3,203,30,3.7,True,1
TDMS001081,Traction Distribution,COR02075,SWR,ohe_wire_wear,B,2,2,25,0.5,True,0
TDMS000747,Traction Distribution,COR00753,KR,earthing_fault,B,2,183,29,1.3,True,1
SMMS000787,Signal & Telecommunication,COR06136,WR,block_instrument_fault,B,2,6,9,3.8,True,0
SMMS002081,Signal & Telecommunication,COR04939,KR,block_instrument_fault,B,2,4,26,1.9,True,0
TMS000476,Engineering,COR04808,ECR,ballast_deficiency,C,1,59,8,1.5,True,0
TDMS001043,Traction Distribution,COR00161,NR,earthing_fault,B,2,5,62,2.4,True,0
SMMS002968,Signal & Telecommunication,COR04908,SWR,point_machine_fault,B,2,5,19,1.6,True,0
SMMS000589,Signal & Telecommunication,COR02119,SWR,block_instrument_fault,B,2,4,27,2.3,True,0
TMS002014,Engineering,COR06642,ER,formation_defect,B,2,5,5,2.2,True,0
TDMS000600,Traction Distribution,COR02996,SR,ohe_wire_wear,B,2,109,41,1.2,True,0
TMS004786,Engineering,COR00591,ECR,sleeper_defect,B,2,2,16,1.2,True,0
SMMS001272,Signal & Telecommunication,COR02601,KR,cable_fault,B,2,6,22,3.5,True,0
TMS002199,Engineering,COR01823,NWR,alignment_deviation,C,1,0,11,3.3,True,0
SMMS000987,Signal & Telecommunication,COR01074,CR,cable_fault,B,2,3,22,3.4,True,0
TMS005850,Engineering,COR03075,SR,alignment_deviation,C,1,160,40,4.3,True,0
TMS000721,Engineering,COR02828,WR,rail_wear,C,1,3,90,4.2,True,0
TMS001153,Engineering,COR01321,NWR,alignment_deviation,C,1,1,30,5.0,True,0
SMMS002623,Signal & Telecommunication,COR05745,SR,block_instrument_fault,B,2,3,10,3.6,True,0
TMS004185,Engineering,COR00618,SCR,rail_fracture,C,1,15,63,4.0,True,0
TDMS001425,Traction Distribution,COR00265,WCR,ohe_wire_wear,B,2,97,54,2.2,True,0
TMS001277,Engineering,COR02214,NWR,rail_wear,C,1,7,13,0.7,True,0
TMS004396,Engineering,COR00294,CR,rail_wear,C,1,1,68,2.6,True,0
TMS003005,Engineering,COR03575,SER,formation_defect,B,2,7,25,3.1,True,0
SMMS000594,Signal & Telecommunication,COR01857,NR,cable_fault,B,2,35,35,2.8,True,0
TDMS000753,Traction Distribution,COR00429,SCR,insulator_fault,B,2,5,20,1.7,True,0
TMS001163,Engineering,COR02828,WR,ballast_deficiency,C,1,12,90,2.6,True,0
TMS002229,Engineering,COR00087,NWR,alignment_deviation,C,1,27,30,0.7,True,0
TMS000343,Engineering,COR01612,SWR,alignment_deviation,C,1,14,26,5.4,True,0
SMMS000628,Signal & Telecommunication,COR00759,NR,signal_failure,A,3,5,52,3.7,True,0
TMS001373,Engineering,COR00694,WR,weld_failure,A,3,3,92,1.1,True,0
TDMS002216,Traction Distribution,COR04986,WR,circuit_breaker_fault,A,3,65,16,2.2,True,0
SMMS000580,Signal & Telecommunication,COR01712,WCR,cable_fault,B,2,122,54,0.8,True,1
TMS000526,Engineering,COR04234,NWR,sleeper_defect,B,2,88,10,4.7,False,0
TMS001544,Engineering,COR05743,SR,sleeper_defect,B,2,13,10,4.0,True,0
SMMS001950,Signal & Telecommunication,COR05985,NR,cable_fault,B,2,4,8,1.2,False,0
SMMS002590,Signal & Telecommunication,COR01842,NR,block_instrument_fault,B,2,1,28,1.7,True,0
TDMS001052,Traction Distribution,COR02974,SR,circuit_breaker_fault,A,3,10,40,0.8,True,0
TMS004942,Engineering,COR00685,WR,sleeper_defect,B,2,9,91,2.6,True,0
TDMS002017,Traction Distribution,COR01023,NFR,tension_device_fault,C,1,18,22,1.5,True,0
TMS003627,Engineering,COR02830,WR,alignment_deviation,C,1,7,95,3.7,False,0
TMS004460,Engineering,COR02311,NR,sleeper_defect,B,2,2,29,2.9,True,0
TMS000825,Engineering,COR04222,NR,formation_defect,B,2,73,13,3.3,True,0
TMS004346,Engineering,COR00557,NR,alignment_deviation,C,1,1651,35,0.9,True,0
TMS003910,Engineering,COR01892,SCR,points_crossing_wear,B,2,2,66,4.8,True,0
TDMS002196,Traction Distribution,COR03261,WCR,circuit_breaker_fault,A,3,99,42,1.1,True,0
TDMS001064,Traction Distribution,COR00691,WR,earthing_fault,B,2,113,90,4.3,True,0
TMS000545,Engineering,COR02280,ECR,sleeper_defect,B,2,7,6,3.2,True,0
TMS005690,Engineering,COR08596,WCR,rail_wear,C,1,2,1,2.9,True,0
SMMS000490,Signal & Telecommunication,COR02804,WR,point_machine_fault,B,2,5,54,0.7,True,0
TMS000509,Engineering,COR02692,NR,weld_failure,A,3,11,19,1.7,True,0
TMS001093,Engineering,COR00428,SCR,ballast_deficiency,C,1,68,20,1.2,True,0
TDMS001168,Traction Distribution,COR04906,SWR,ohe_wire_wear,B,2,516,20,2.2,True,1
TDMS002158,Traction Distribution,COR01106,SCR,feeder_fault,A,3,6,14,4.2,True,0
TMS000044,Engineering,COR02992,SR,formation_defect,B,2,350,41,2.3,True,1
TDMS001332,Traction Distribution,COR03860,ER,circuit_breaker_fault,A,3,7,6,3.1,True,0
TMS003892,Engineering,COR07347,ECR,rail_fracture,A,3,17,3,3.4,True,0
SMMS001444,Signal & Telecommunication,COR02774,NR,block_instrument_fault,B,2,19,28,0.5,True,0
SMMS002971,Signal & Telecommunication,COR01923,SCR,point_machine_fault,B,2,5,13,3.4,True,0
TMS005092,Engineering,COR04565,NER,rail_wear,C,1,13,3,2.2,True,0
TMS003344,Engineering,COR03698,SER,sleeper_defect,B,2,13,24,2.0,True,0
TMS003629,Engineering,COR03038,NR,rail_wear,C,1,58,12,5.1,True,0
TMS000396,Engineering,COR03967,ER,rail_wear,C,1,15,12,1.5,True,0
SMMS001513,Signal & Telecommunication,COR01397,SR,signal_failure,A,3,4,11,1.3,True,0
SMMS002495,Signal & Telecommunication,COR07714,SCR,point_machine_fault,B,2,27,2,3.4,True,0
SMMS001185,Signal & Telecommunication,COR00269,WCR,lc_gate_interlock_fault,A,3,0,68,3.4,True,1
TMS005626,Engineering,COR00338,NER,formation_defect,B,2,12,7,2.9,True,0
TMS001689,Engineering,COR02995,SR,formation_defect,B,2,185,41,2.0,True,0
TMS000921,Engineering,COR02161,SR,points_crossing_wear,B,2,43,70,4.6,True,0
TMS000148,Engineering,COR02880,WR,ballast_deficiency,C,1,11,2,4.3,True,0
TDMS000426,Traction Distribution,COR01761,WCR,insulator_fault,B,2,91,33,0.8,True,0
TMS000070,Engineering,COR00041,WR,rail_wear,C,1,7,25,4.4,True,0
TMS000134,Engineering,COR00376,NER,formation_defect,B,2,9,21,5.9,True,0
SMMS000390,Signal & Telecommunication,COR02805,WR,lc_gate_interlock_fault,A,3,1,54,3.8,True,1
TMS001712,Engineering,COR02209,SECR,sleeper_defect,B,2,21,3,1.1,True,0
TDMS000721,Traction Distribution,COR02973,SR,earthing_fault,B,2,17,40,1.6,True,0
TDMS001789,Traction Distribution,COR00144,NR,ohe_wire_wear,B,2,87,36,1.7,True,0
TMS000927,Engineering,COR05448,WCR,weld_failure,A,3,234,7,1.9,True,0
TMS003902,Engineering,COR00224,WCR,ballast_deficiency,C,1,16,53,2.3,True,0
TDMS000769,Traction Distribution,COR01701,WCR,insulator_fault,B,2,337,58,1.5,True,1
SMMS000409,Signal & Telecommunication,COR01269,NR,point_machine_fault,B,2,5,22,3.6,True,0
TMS005922,Engineering,COR00272,WCR,ballast_deficiency,C,1,313,68,5.6,False,1
TMS003064,Engineering,COR00714,WR,ballast_deficiency,C,1,73,45,3.7,True,0
TMS001295,Engineering,COR02117,SWR,weld_failure,A,3,65,27,1.6,False,0
TDMS001150,Traction Distribution,COR01589,ECR,feeder_fault,A,3,76,11,1.2,True,0
TMS003292,Engineering,COR07513,CR,alignment_deviation,C,1,15,1,5.1,True,0
TMS003584,Engineering,COR01333,NWR,alignment_deviation,C,1,40,30,4.7,True,0
TMS005837,Engineering,COR01769,WCR,rail_wear,C,1,28,43,2.4,True,0
TMS003512,Engineering,COR01669,WCR,alignment_deviation,C,1,5,55,3.9,True,0
TDMS001703,Traction Distribution,COR01565,CR,earthing_fault,B,2,4,22,3.9,True,0
SMMS000664,Signal & Telecommunication,COR06388,NER,signal_failure,A,3,0,19,3.9,True,0
TDMS001401,Traction Distribution,COR01539,SCR,ohe_pole_defect,C,1,19,8,2.7,True,0
TMS005088,Engineering,COR03948,ER,ballast_deficiency,C,1,5,11,4.3,True,0
TDMS002471,Traction Distribution,COR04986,WR,ohe_wire_wear,B,2,0,16,1.5,True,0
TDMS002234,Traction Distribution,COR04139,SR,ohe_wire_wear,B,2,82,41,3.8,True,0
TDMS001407,Traction Distribution,COR00253,WCR,ohe_wire_wear,B,2,15,54,2.7,True,0
SMMS000047,Signal & Telecommunication,COR06469,WCR,block_instrument_fault,B,2,1,4,3.6,True,0
TMS001326,Engineering,COR00697,WR,alignment_deviation,C,1,10,92,2.3,True,0
TMS002330,Engineering,COR03699,SER,ballast_deficiency,C,1,40,24,1.9,False,0
TMS002503,Engineering,COR00208,NCR,points_crossing_wear,B,2,69,53,2.1,True,0
TMS002405,Engineering,COR01385,SR,alignment_deviation,C,1,11,7,4.7,True,0
TMS000160,Engineering,COR01955,NR,rail_fracture,B,2,4,30,3.8,True,0
TMS002036,Engineering,COR00543,SR,points_crossing_wear,B,2,35,35,4.0,True,0
SMMS002593,Signal & Telecommunication,COR08070,NR,interlocking_fault,A,3,4,2,1.7,True,0
TMS001961,Engineering,COR03836,NFR,points_crossing_wear,B,2,7,19,0.9,True,0
TMS002694,Engineering,COR04229,NR,weld_failure,A,3,1,16,5.3,True,0
SMMS000578,Signal & Telecommunication,COR03539,NER,axle_counter_fault,A,3,0,3,0.7,True,0
TMS001067,Engineering,COR00771,NR,alignment_deviation,C,1,12,31,5.1,True,0
TMS000327,Engineering,COR01888,SCR,alignment_deviation,C,1,13,62,5.5,True,0
TMS000016,Engineering,COR07705,NWR,alignment_deviation,C,1,2,5,5.0,False,0
SMMS002610,Signal & Telecommunication,COR00483,WCR,block_instrument_fault,B,2,2,69,3.8,True,0
TMS000265,Engineering,COR00270,WCR,alignment_deviation,C,1,1,68,4.2,True,0
TMS004028,Engineering,COR02299,NR,rail_wear,C,1,0,29,3.7,True,0
SMMS000567,Signal & Telecommunication,COR04431,CR,axle_counter_fault,A,3,0,6,3.3,True,0
TMS004727,Engineering,COR06202,SECR,alignment_deviation,C,1,6,5,4.8,True,0
TMS000810,Engineering,COR02031,NER,rail_fracture,A,3,31,19,1.1,True,0
TMS003755,Engineering,COR03455,NWR,sleeper_defect,B,2,14,2,5.4,False,0
TMS001747,Engineering,COR01997,NR,formation_defect,B,2,3,6,4.6,True,0
TMS002402,Engineering,COR04640,KR,rail_wear,C,1,11,22,0.6,True,0
TMS000123,Engineering,COR00465,SCR,formation_defect,B,2,64,26,3.0,True,0
SMMS001309,Signal & Telecommunication,COR07340,ER,axle_counter_fault,A,3,22,4,2.5,False,0
TDMS000412,Traction Distribution,COR04554,NR,insulator_fault,B,2,14,37,2.5,True,0
TMS000716,Engineering,COR02717,NER,points_crossing_wear,B,2,36,11,1.9,True,0
SMMS002859,Signal & Telecommunication,COR01565,CR,signal_failure,A,3,2,22,1.9,True,0
TMS000880,Engineering,COR07925,NR,weld_failure,A,3,65,2,1.6,True,0
TMS003921,Engineering,COR04536,NR,ballast_deficiency,C,1,86,38,3.0,True,0
TDMS002033,Traction Distribution,COR00575,ECR,insulator_fault,B,2,11,19,4.2,True,0
SMMS002522,Signal & Telecommunication,COR00469,CR,lc_gate_interlock_fault,A,3,1,69,3.6,True,0
TMS004482,Engineering,COR07218,NWR,ballast_deficiency,C,1,0,2,4.3,True,0
TDMS001111,Traction Distribution,COR03260,WCR,ohe_wire_wear,B,2,0,42,1.9,True,0
TMS000352,Engineering,COR04159,SR,ballast_deficiency,B,2,69,35,5.6,True,0
TMS005522,Engineering,COR03257,WCR,ballast_deficiency,C,1,15,42,5.3,True,0
TMS003746,Engineering,COR00428,SCR,alignment_deviation,C,1,89,20,4.5,True,0
SMMS002719,Signal & Telecommunication,COR00494,WCR,cable_fault,B,2,22,69,3.2,True,0
TMS000289,Engineering,COR02532,NR,ballast_deficiency,C,1,8,7,2.4,True,0
TMS004947,Engineering,COR02330,WR,points_crossing_wear,A,3,42,12,2.9,True,0
TMS002914,Engineering,COR01766,WCR,weld_failure,A,3,168,43,5.0,True,1
SMMS002306,Signal & Telecommunication,COR04814,ECR,axle_counter_fault,A,3,0,10,1.8,True,0
TMS000072,Engineering,COR02695,NR,sleeper_defect,B,2,7,27,2.2,True,0
TDMS001751,Traction Distribution,COR00616,SCR,ohe_wire_wear,B,2,2,63,3.4,True,0
TMS000480,Engineering,COR05599,NR,alignment_deviation,C,1,2494,17,4.6,True,0
SMMS002564,Signal & Telecommunication,COR00215,NCR,point_machine_fault,B,2,2,53,1.0,True,0
SMMS001939,Signal & Telecommunication,COR03557,SER,signal_failure,A,3,2,22,1.4,True,0
TMS001576,Engineering,COR01675,WCR,alignment_deviation,C,1,3,55,4.0,True,0
TDMS002264,Traction Distribution,COR00268,WCR,insulator_fault,B,2,11,68,2.5,True,0
TMS005764,Engineering,COR00212,NCR,sleeper_defect,B,2,64,53,4.8,True,0
SMMS002554,Signal & Telecommunication,COR03627,SWR,interlocking_fault,A,3,5,15,2.1,True,0
SMMS002825,Signal & Telecommunication,COR04906,SWR,signal_failure,A,3,20,20,2.0,True,0
TDMS000710,Traction Distribution,COR02813,WR,ohe_wire_wear,B,2,53,92,1.3,True,0
TMS004844,Engineering,COR02186,SWR,points_crossing_wear,A,3,90,9,5.0,True,0
TMS004668,Engineering,COR00438,SCR,alignment_deviation,C,1,76,17,3.8,True,0
TMS005318,Engineering,COR04128,SR,sleeper_defect,B,2,81,41,5.7,True,0
TMS001811,Engineering,COR06105,WR,rail_wear,C,1,27,12,2.0,False,0
TMS000823,Engineering,COR00690,WR,alignment_deviation,C,1,12,90,2.3,True,0
TMS004417,Engineering,COR02864,SWR,ballast_deficiency,C,1,315,20,1.9,True,0
TMS000583,Engineering,COR01317,NWR,weld_failure,A,3,27,30,4.9,False,0
SMMS001938,Signal & Telecommunication,COR04315,SR,point_machine_fault,B,2,5,13,2.3,True,0
TMS002038,Engineering,COR04823,WR,formation_defect,B,2,216,2,1.1,True,0
TDMS000253,Traction Distribution,COR03983,ER,ohe_wire_wear,B,2,4,13,1.9,True,0
SMMS001707,Signal & Telecommunication,COR01487,NFR,cable_fault,B,2,12,22,1.5,True,0
TMS002493,Engineering,COR03606,NWR,sleeper_defect,B,2,174,6,5.0,False,0
TMS004199,Engineering,COR03013,SCR,ballast_deficiency,C,1,1,3,1.2,True,0
SMMS001857,Signal & Telecommunication,COR01567,CR,axle_counter_fault,A,3,29,22,1.9,True,0
TMS003497,Engineering,COR00285,WCR,ballast_deficiency,C,1,10,69,2.0,False,0
TMS001210,Engineering,COR02998,SR,rail_wear,C,1,0,41,1.0,True,0
SMMS002823,Signal & Telecommunication,COR04936,KR,cable_fault,B,2,0,26,0.5,True,0
TMS003226,Engineering,COR03821,NFR,sleeper_defect,B,2,9,19,1.3,True,0
TDMS002203,Traction Distribution,COR03983,ER,tension_device_fault,C,1,97,13,3.0,True,0
TMS004160,Engineering,COR00035,WR,rail_fracture,A,3,0,36,5.5,True,0
TMS000226,Engineering,COR00767,NR,sleeper_defect,B,2,3,37,2.8,True,0
TDMS001402,Traction Distribution,COR06191,SECR,insulator_fault,B,2,1,6,3.3,True,0
TMS002102,Engineering,COR01878,SCR,formation_defect,B,2,253,62,1.5,False,1
TMS003942,Engineering,COR04220,NR,points_crossing_wear,B,2,73,2,1.4,False,0
TMS000641,Engineering,COR04581,NCR,sleeper_defect,B,2,3179,14,5.9,True,0
TDMS000840,Traction Distribution,COR02433,ER,ohe_wire_wear,B,2,16,5,3.9,True,0
TMS005010,Engineering,COR02213,NWR,points_crossing_wear,B,2,1,26,1.7,True,0
TMS001654,Engineering,COR00688,WR,alignment_deviation,C,1,229,90,2.9,True,0
TDMS002312,Traction Distribution,COR02739,SR,tension_device_fault,C,1,11,18,2.1,True,0
TMS005539,Engineering,COR06151,SR,weld_failure,A,3,14,7,3.8,True,0
TMS003678,Engineering,COR02898,SR,weld_failure,A,3,386,18,5.8,True,1
TMS003876,Engineering,COR06006,NWR,alignment_deviation,C,1,1,9,1.5,True,0
SMMS001060,Signal & Telecommunication,COR04260,NCR,point_machine_fault,B,2,30,14,3.0,True,0
TMS002149,Engineering,COR03103,NR,rail_fracture,A,3,70,10,1.2,True,0
TDMS001281,Traction Distribution,COR00787,NWR,tension_device_fault,C,1,48,26,4.6,True,0
TMS000145,Engineering,COR02891,WCR,points_crossing_wear,B,2,10,32,1.4,True,0
SMMS002822,Signal & Telecommunication,COR01154,CR,axle_counter_fault,A,3,3,49,2.9,False,0
TMS003936,Engineering,COR04112,NR,sleeper_defect,B,2,13,11,5.5,True,0
TMS001144,Engineering,COR04317,SR,points_crossing_wear,B,2,15,13,3.6,True,0
TMS005179,Engineering,COR00945,SR,rail_wear,C,1,6,10,2.1,True,0
TMS001871,Engineering,COR05596,SCR,rail_wear,C,1,8,16,4.6,True,0
TMS005070,Engineering,COR05128,NR,points_crossing_wear,B,2,82,30,5.8,True,0
SMMS001405,Signal & Telecommunication,COR04860,NCR,block_instrument_fault,B,2,3,4,3.5,True,0
SMMS002902,Signal & Telecommunication,COR03239,WR,signal_failure,A,3,5,15,3.4,True,0
TMS001511,Engineering,COR03847,NFR,alignment_deviation,C,1,8,14,3.0,True,0
TMS005565,Engineering,COR00753,KR,ballast_deficiency,C,1,40,29,1.0,True,0
TMS004350,Engineering,COR00318,SER,formation_defect,A,3,73,14,5.2,True,0
SMMS002793,Signal & Telecommunication,COR01130,NER,block_instrument_fault,B,2,4,8,0.8,True,0
TMS004653,Engineering,COR03150,CR,alignment_deviation,C,1,58,33,2.3,True,0
TDMS001510,Traction Distribution,COR00477,CR,ohe_wire_wear,B,2,16,69,4.3,True,0
TMS002481,Engineering,COR00252,WCR,rail_wear,C,1,294,54,4.5,True,0
SMMS001178,Signal & Telecommunication,COR00719,WR,cable_fault,B,2,6,51,1.8,True,0
SMMS001785,Signal & Telecommunication,COR03072,SCR,signal_failure,A,3,0,12,1.3,True,0
TMS001139,Engineering,COR04960,KR,ballast_deficiency,A,3,15,24,5.9,True,0
TDMS000447,Traction Distribution,COR01221,CR,ohe_wire_wear,B,2,11,6,3.2,True,0
SMMS001764,Signal & Telecommunication,COR00663,ECR,point_machine_fault,B,2,154,15,1.5,True,0
TMS004103,Engineering,COR00219,WCR,ballast_deficiency,C,1,3,53,1.1,True,0
TMS003698,Engineering,COR00682,WR,alignment_deviation,C,1,10,90,2.1,True,0
TMS003813,Engineering,COR01668,WCR,alignment_deviation,C,1,75,55,2.6,True,0
TMS000967,Engineering,COR00468,CR,rail_fracture,A,3,4,69,4.5,True,1
TMS001842,Engineering,COR03831,NFR,formation_defect,B,2,2,17,0.7,True,0
TMS003557,Engineering,COR00474,CR,sleeper_defect,B,2,5,69,3.1,True,0
TMS000507,Engineering,COR04738,NER,weld_failure,A,3,14,8,0.7,True,0
TMS003476,Engineering,COR02435,ER,points_crossing_wear,B,2,1,18,2.5,True,0
TMS001299,Engineering,COR05131,NR,rail_wear,C,1,13,30,3.5,True,0
SMMS002855,Signal & Telecommunication,COR01195,CR,signal_failure,A,3,4,22,1.3,True,0
SMMS000037,Signal & Telecommunication,COR02098,SWR,cable_fault,B,2,2,26,2.2,True,0
SMMS000611,Signal & Telecommunication,COR00231,WCR,cable_fault,B,2,133,57,2.8,True,1
TMS002581,Engineering,COR07383,NR,weld_failure,A,3,12,6,1.0,True,0
TMS005802,Engineering,COR04699,CR,points_crossing_wear,B,2,30,26,4.1,True,0
SMMS000162,Signal & Telecommunication,COR02994,SR,axle_counter_fault,A,3,4,41,2.4,True,0
TMS001227,Engineering,COR00606,SCR,ballast_deficiency,C,1,63,67,3.1,True,0
TMS001318,Engineering,COR03048,SR,ballast_deficiency,C,1,9,23,1.9,True,0
TDMS001240,Traction Distribution,COR02106,SWR,tension_device_fault,C,1,589,25,1.6,True,1
SMMS001944,Signal & Telecommunication,COR03959,ER,cable_fault,B,2,2,12,3.5,True,0
SMMS002181,Signal & Telecommunication,COR01364,WR,block_instrument_fault,B,2,2,36,4.0,True,0
TMS002286,Engineering,COR01715,WCR,rail_fracture,A,3,11,54,5.8,True,0
TDMS000799,Traction Distribution,COR04060,SWR,circuit_breaker_fault,A,3,44,9,2.0,True,0
TDMS000607,Traction Distribution,COR02837,WR,earthing_fault,B,2,19,95,1.0,True,0
TMS004889,Engineering,COR05154,WCR,alignment_deviation,C,1,0,4,0.5,False,0
SMMS000269,Signal & Telecommunication,COR01935,SCR,cable_fault,B,2,2,22,3.3,True,0
SMMS001267,Signal & Telecommunication,COR04422,SWR,block_instrument_fault,B,2,4,22,2.3,False,0
TMS000434,Engineering,COR02511,NWR,weld_failure,A,3,85,3,1.3,True,0
TMS003037,Engineering,COR04551,NR,alignment_deviation,C,1,38,37,3.1,True,0
TMS003594,Engineering,COR01473,NFR,sleeper_defect,B,2,321,25,5.0,False,1
TMS005640,Engineering,COR00695,WR,points_crossing_wear,B,2,9,92,2.4,True,0
TDMS000686,Traction Distribution,COR06339,NR,tension_device_fault,C,1,7,7,2.7,True,0
TMS004322,Engineering,COR00682,WR,points_crossing_wear,B,2,8,90,1.6,True,0
TMS003097,Engineering,COR02200,SR,weld_failure,A,3,1,17,4.9,True,0
TMS001609,Engineering,COR03992,ER,ballast_deficiency,C,1,108,14,1.6,True,0
SMMS000362,Signal & Telecommunication,COR00213,NCR,signal_failure,A,3,0,53,3.5,True,0
TMS000054,Engineering,COR00783,NWR,ballast_deficiency,C,1,4,26,1.3,True,0
SMMS002708,Signal & Telecommunication,COR04654,KR,interlocking_fault,A,3,2,22,2.0,True,0
TMS000176,Engineering,COR03694,SER,rail_wear,C,1,2,23,4.4,False,0
TDMS000449,Traction Distribution,COR00188,ECR,insulator_fault,B,2,98,16,2.6,True,0
TMS000763,Engineering,COR00095,NWR,formation_defect,B,2,3,30,0.9,True,0
SMMS002046,Signal & Telecommunication,COR04951,KR,signal_failure,A,3,1,25,0.8,True,0
SMMS002208,Signal & Telecommunication,COR05192,NWR,point_machine_fault,B,2,4,10,3.3,True,0
TMS003830,Engineering,COR03064,SR,sleeper_defect,B,2,66,17,2.1,True,0
TDMS000542,Traction Distribution,COR02091,SWR,ohe_pole_defect,C,1,10,23,3.4,True,0
SMMS002165,Signal & Telecommunication,COR00146,NR,point_machine_fault,B,2,5,36,2.2,True,0
SMMS000161,Signal & Telecommunication,COR08178,NFR,block_instrument_fault,B,2,19,1,2.0,True,0
SMMS000590,Signal & Telecommunication,COR00245,WCR,point_machine_fault,B,2,3,54,3.8,True,0
TDMS000765,Traction Distribution,COR01885,SCR,ohe_wire_wear,B,2,92,62,4.4,True,0
TMS003374,Engineering,COR01321,NWR,alignment_deviation,C,1,199,30,3.5,True,0
TDMS001711,Traction Distribution,COR00277,WCR,earthing_fault,B,2,11,68,4.6,True,0
TMS003841,Engineering,COR04465,NFR,weld_failure,A,3,15,15,1.5,True,0
SMMS001347,Signal & Telecommunication,COR02940,SCR,signal_failure,A,3,54,13,2.2,True,0
SMMS000312,Signal & Telecommunication,COR02821,WR,interlocking_fault,A,3,0,90,2.4,True,0
TMS004537,Engineering,COR03072,SCR,sleeper_defect,B,2,0,12,4.6,True,0
TMS000298,Engineering,COR00294,CR,alignment_deviation,C,1,13,68,1.9,True,0
SMMS002078,Signal & Telecommunication,COR02571,SECR,axle_counter_fault,A,3,1,6,2.5,True,0
TMS002673,Engineering,COR02961,SCR,weld_failure,A,3,223,11,3.5,True,1
TMS003471,Engineering,COR00762,NR,ballast_deficiency,C,1,82,30,4.1,False,0
TDMS002297,Traction Distribution,COR00517,NWR,tension_device_fault,C,1,44,11,2.7,True,0
TMS002952,Engineering,COR05304,WCR,rail_wear,C,1,43,4,0.6,True,0
TMS001855,Engineering,COR04922,CR,alignment_deviation,C,1,12,25,4.2,False,0
SMMS001092,Signal & Telecommunication,COR00994,NFR,block_instrument_fault,B,2,29,17,1.0,True,0
TMS002259,Engineering,COR06256,SCR,rail_wear,C,1,157,16,5.8,True,0
TMS004332,Engineering,COR05284,SWR,alignment_deviation,C,1,3295,7,1.6,True,0
TMS001883,Engineering,COR00113,NWR,sleeper_defect,B,2,44,20,4.9,True,0
TMS004744,Engineering,COR00609,SCR,ballast_deficiency,C,1,2,67,5.4,True,0
TDMS002221,Traction Distribution,COR03478,NCR,ohe_pole_defect,C,1,336,14,1.6,True,0
TDMS001427,Traction Distribution,COR02945,SR,circuit_breaker_fault,A,3,55,7,4.0,True,0
TMS000899,Engineering,COR01502,NR,formation_defect,B,2,15,6,3.8,True,0
TDMS001605,Traction Distribution,COR04094,NR,ohe_wire_wear,B,2,14,10,2.7,True,0
SMMS002177,Signal & Telecommunication,COR01852,NR,point_machine_fault,B,2,3,36,3.3,True,0
SMMS002222,Signal & Telecommunication,COR03268,NCR,signal_failure,A,3,5,14,1.6,True,0
TDMS000300,Traction Distribution,COR03128,ER,ohe_wire_wear,B,2,8,1,1.9,True,0
TMS005932,Engineering,COR00028,WR,points_crossing_wear,B,2,6,36,6.0,True,0
TMS004411,Engineering,COR01606,SWR,formation_defect,C,1,2,25,2.0,True,0
TDMS000715,Traction Distribution,COR05628,NWR,tension_device_fault,C,1,0,32,4.5,True,0
TDMS001571,Traction Distribution,COR04084,SWR,ohe_pole_defect,C,1,89,11,1.3,True,0
TMS002819,Engineering,COR06469,WCR,formation_defect,B,2,14,4,4.8,True,0
SMMS000906,Signal & Telecommunication,COR01710,WCR,interlocking_fault,A,3,157,54,2.7,True,1
TMS001522,Engineering,COR03698,SER,ballast_deficiency,C,1,6,24,5.7,True,0
SMMS002083,Signal & Telecommunication,COR03094,ECR,point_machine_fault,B,2,6,7,1.2,True,0
TMS004494,Engineering,COR02831,WR,alignment_deviation,C,1,2,95,1.4,True,0
TDMS000268,Traction Distribution,COR04678,KR,ohe_pole_defect,C,1,125,26,1.4,True,0
TMS005794,Engineering,COR04002,SR,alignment_deviation,C,1,9,22,5.0,True,0
TMS003542,Engineering,COR04594,NFR,ballast_deficiency,C,1,75,15,5.3,True,0
TMS003891,Engineering,COR05801,NWR,sleeper_defect,B,2,9,10,3.9,True,0
TMS004707,Engineering,COR03567,SER,formation_defect,B,2,217,25,1.4,True,0
TMS002434,Engineering,COR02763,NR,sleeper_defect,B,2,2,28,5.1,True,0
TMS001952,Engineering,COR06802,NWR,ballast_deficiency,C,1,17,4,5.7,False,0
TMS004599,Engineering,COR00030,WR,points_crossing_wear,B,2,79,36,0.9,True,0
SMMS002147,Signal & Telecommunication,COR04680,KR,cable_fault,B,2,20,26,1.0,True,0
TMS005091,Engineering,COR01028,NFR,rail_wear,C,1,6,22,3.9,True,0
TMS004616,Engineering,COR00541,SR,alignment_deviation,C,1,83,35,2.9,True,0
TMS003731,Engineering,COR06391,NER,rail_fracture,A,3,13,22,3.4,True,0
TMS005084,Engineering,COR00233,WCR,alignment_deviation,C,1,5,57,5.0,True,0
TMS002129,Engineering,COR03234,WR,sleeper_defect,B,2,5,8,5.6,True,0
TDMS001886,Traction Distribution,COR01325,NWR,tension_device_fault,C,1,56,30,2.2,True,0
TMS000411,Engineering,COR01713,WCR,points_crossing_wear,B,2,12,54,5.5,True,0
SMMS000584,Signal & Telecommunication,COR02201,SR,point_machine_fault,B,2,9,17,3.1,True,0
TMS002877,Engineering,COR02071,SWR,rail_wear,C,1,4,27,2.7,True,0
TMS000478,Engineering,COR01026,NFR,ballast_deficiency,C,1,61,22,1.2,True,0
TMS005847,Engineering,COR03630,SWR,points_crossing_wear,B,2,12,15,2.9,True,0
SMMS002514,Signal & Telecommunication,COR01120,SCR,cable_fault,B,2,6,11,1.0,True,0
TDMS001542,Traction Distribution,COR03889,NR,earthing_fault,B,2,6,27,4.8,True,0
TMS003845,Engineering,COR04543,NR,points_crossing_wear,B,2,38,38,5.1,False,0
TDMS001445,Traction Distribution,COR02634,ER,circuit_breaker_fault,A,3,79,10,3.1,True,0
TMS001769,Engineering,COR00313,SER,sleeper_defect,B,2,57,23,2.4,False,0
TMS000804,Engineering,COR00026,WR,ballast_deficiency,C,1,90,35,5.7,True,0
SMMS000022,Signal & Telecommunication,COR00320,SER,signal_failure,A,3,4,24,2.2,True,0
TMS005011,Engineering,COR03892,NR,alignment_deviation,C,1,28,27,1.5,True,0
SMMS001067,Signal & Telecommunication,COR05596,SCR,cable_fault,B,2,0,16,2.0,True,0
TMS005384,Engineering,COR00691,WR,ballast_deficiency,C,1,2,90,0.6,True,0
TDMS002484,Traction Distribution,COR01989,WR,insulator_fault,B,2,23,12,4.8,True,0
TMS004384,Engineering,COR04330,NWR,ballast_deficiency,C,1,6,2,1.2,True,0
TMS003934,Engineering,COR00094,NWR,points_crossing_wear,B,2,9,30,3.4,True,0
TMS003778,Engineering,COR00571,ECR,formation_defect,B,2,2885,19,4.3,True,1
TDMS001382,Traction Distribution,COR02041,CR,feeder_fault,A,3,4,6,2.6,True,0
TMS001434,Engineering,COR00780,NWR,sleeper_defect,B,2,88,26,4.7,True,0
TMS001699,Engineering,COR04804,NCR,weld_failure,A,3,1,10,5.5,True,0
SMMS002508,Signal & Telecommunication,COR02833,WR,lc_gate_interlock_fault,A,3,0,95,3.0,True,1
TMS005512,Engineering,COR00150,NR,rail_wear,C,1,10,38,3.8,True,0
SMMS000352,Signal & Telecommunication,COR00251,WCR,point_machine_fault,B,2,104,54,3.6,True,1
TMS000306,Engineering,COR02958,SCR,rail_fracture,A,3,38,11,1.3,True,0
SMMS002459,Signal & Telecommunication,COR00149,NR,cable_fault,B,2,4,36,2.0,True,0
SMMS000172,Signal & Telecommunication,COR03074,SR,cable_fault,B,2,1,40,2.2,True,0
TMS003221,Engineering,COR00680,WR,rail_wear,C,1,275,94,3.1,True,1
TDMS001664,Traction Distribution,COR01784,SWR,ohe_pole_defect,C,1,19,30,2.2,True,0
TDMS001829,Traction Distribution,COR01082,SWR,ohe_wire_wear,B,2,14,22,2.7,True,0
SMMS000902,Signal & Telecommunication,COR04177,NR,point_machine_fault,B,2,7,18,1.5,True,0
TMS002258,Engineering,COR00465,SCR,sleeper_defect,B,2,0,26,2.8,True,0
TMS005352,Engineering,COR00480,WCR,rail_wear,C,1,13,69,0.8,True,0
SMMS001542,Signal & Telecommunication,COR01349,WR,axle_counter_fault,A,3,4,31,2.1,True,0
TMS000993,Engineering,COR05433,NR,weld_failure,A,3,6,11,5.6,True,0
TMS000886,Engineering,COR00714,WR,sleeper_defect,B,2,63,45,3.3,True,0
SMMS002492,Signal & Telecommunication,COR00368,NER,interlocking_fault,A,3,0,21,2.1,True,0
TMS000372,Engineering,COR00673,WR,points_crossing_wear,B,2,12,94,1.3,True,0
TMS000201,Engineering,COR03304,SWR,points_crossing_wear,B,2,10,10,4.7,True,0
SMMS000792,Signal & Telecommunication,COR02896,SR,signal_failure,A,3,14,18,1.8,True,0
TDMS002480,Traction Distribution,COR00318,SER,insulator_fault,B,2,192,14,1.4,True,0
TMS004403,Engineering,COR01649,SWR,alignment_deviation,C,1,58,29,3.8,True,0
TMS002885,Engineering,COR00629,SCR,ballast_deficiency,C,1,311,63,5.5,True,0
TMS001385,Engineering,COR00893,SCR,sleeper_defect,B,2,49,20,4.7,True,0
TDMS000277,Traction Distribution,COR00690,WR,ohe_wire_wear,B,2,69,90,2.9,True,0
TMS000500,Engineering,COR00038,WR,sleeper_defect,B,2,0,37,2.8,True,0
TMS004173,Engineering,COR00671,WR,weld_failure,A,3,277,94,2.3,True,1
TMS002037,Engineering,COR04037,NER,sleeper_defect,A,3,59,33,0.8,True,0
TDMS000700,Traction Distribution,COR00197,ECR,tension_device_fault,C,1,16,19,0.5,True,0
TMS000272,Engineering,COR02833,WR,sleeper_defect,B,2,2,95,5.3,True,0
SMMS000124,Signal & Telecommunication,COR00265,WCR,interlocking_fault,A,3,2,54,0.9,True,1
TMS000198,Engineering,COR04329,SR,points_crossing_wear,B,2,37,15,3.9,True,0
TDMS000383,Traction Distribution,COR00290,CR,circuit_breaker_fault,A,3,6,68,4.0,True,1
TMS004590,Engineering,COR01865,NR,weld_failure,A,3,1,37,0.6,True,1
SMMS001691,Signal & Telecommunication,COR01090,SWR,block_instrument_fault,B,2,1,20,0.8,True,0
TDMS000203,Traction Distribution,COR02972,SR,insulator_fault,B,2,53,40,4.0,True,0
TMS004072,Engineering,COR01781,SWR,points_crossing_wear,B,2,198,30,0.8,True,1
TMS005876,Engineering,COR03243,WCR,points_crossing_wear,B,2,77,5,1.0,True,0
SMMS000579,Signal & Telecommunication,COR00878,SCR,block_instrument_fault,B,2,1,16,2.1,True,0
TMS003976,Engineering,COR08543,NR,alignment_deviation,C,1,77,2,5.6,False,0
TMS002693,Engineering,COR07706,NWR,rail_wear,C,1,22,5,1.3,True,0
TMS005062,Engineering,COR02744,SR,sleeper_defect,B,2,4,18,6.0,True,0
TMS001444,Engineering,COR07609,SR,formation_defect,B,2,89,1,2.2,True,0
TMS000261,Engineering,COR04450,ER,sleeper_defect,B,2,5,3,0.6,True,0
TDMS002422,Traction Distribution,COR03250,WCR,ohe_wire_wear,B,2,0,42,3.7,True,0
TMS005961,Engineering,COR02827,WR,ballast_deficiency,C,1,2,90,4.1,True,0
TMS002965,Engineering,COR01688,WCR,ballast_deficiency,C,1,4,55,2.6,True,0
SMMS001192,Signal & Telecommunication,COR08578,ER,signal_failure,A,3,0,2,2.9,False,0
TDMS000702,Traction Distribution,COR04862,NWR,tension_device_fault,C,1,7,9,4.5,True,0
TMS000696,Engineering,COR05496,NER,points_crossing_wear,B,2,9,7,1.2,True,0
TDMS000018,Traction Distribution,COR00190,ECR,feeder_fault,A,3,3,15,1.3,True,0
SMMS000125,Signal & Telecommunication,COR00251,WCR,interlocking_fault,A,3,11,54,3.0,True,0
SMMS000045,Signal & Telecommunication,COR04150,SR,interlocking_fault,A,3,4,35,2.0,True,1
TMS005985,Engineering,COR00270,WCR,ballast_deficiency,C,1,9,68,5.7,True,0
TDMS000490,Traction Distribution,COR01631,SWR,ohe_wire_wear,B,2,14,27,3.7,True,0
TDMS000675,Traction Distribution,COR00514,NWR,tension_device_fault,C,1,6,11,4.0,True,0
SMMS002870,Signal & Telecommunication,COR02676,NR,signal_failure,A,3,2,18,2.3,True,0
TMS003167,Engineering,COR00627,SCR,alignment_deviation,C,1,43,63,3.3,True,0
TDMS000120,Traction Distribution,COR02826,WR,feeder_fault,A,3,6,64,0.7,True,1
TMS002974,Engineering,COR06400,NER,ballast_deficiency,C,1,4,19,2.5,True,0
TDMS002448,Traction Distribution,COR01359,WR,insulator_fault,B,2,9,35,1.5,True,0
TMS005452,Engineering,COR01197,CR,ballast_deficiency,C,1,6,22,4.1,True,0
TMS003281,Engineering,COR00117,NWR,ballast_deficiency,C,1,4,33,4.0,True,0
TMS003578,Engineering,COR01684,WCR,alignment_deviation,C,1,3,55,1.5,True,0
TMS000010,Engineering,COR02063,SWR,ballast_deficiency,C,1,49,27,3.7,True,0
SMMS000264,Signal & Telecommunication,COR01866,NR,point_machine_fault,B,2,2,37,2.1,True,0
TDMS000821,Traction Distribution,COR02157,SR,insulator_fault,B,2,1,70,1.9,True,0
TMS002256,Engineering,COR02989,SR,ballast_deficiency,B,2,42,41,1.3,True,0
TMS003896,Engineering,COR00672,WR,sleeper_defect,B,2,1,94,1.1,True,0
TDMS001094,Traction Distribution,COR00476,CR,ohe_wire_wear,B,2,11,69,0.7,True,0
TDMS001562,Traction Distribution,COR01402,SR,insulator_fault,B,2,0,11,1.8,True,0
TMS005723,Engineering,COR07131,SER,alignment_deviation,C,1,100,2,4.1,True,0
TMS003071,Engineering,COR01668,WCR,alignment_deviation,C,1,6,55,4.3,True,0
TMS005898,Engineering,COR03054,SR,ballast_deficiency,C,1,45,22,1.2,False,0
TMS005927,Engineering,COR00282,WCR,points_crossing_wear,B,2,16,68,1.4,True,0
TDMS002379,Traction Distribution,COR01622,SWR,ohe_wire_wear,B,2,6,25,1.6,True,0
TMS005478,Engineering,COR03091,SR,points_crossing_wear,B,2,218,40,1.0,True,1
SMMS002567,Signal & Telecommunication,COR04672,KR,lc_gate_interlock_fault,A,3,1,25,1.0,True,0
TDMS002115,Traction Distribution,COR00474,CR,ohe_wire_wear,B,2,43,69,2.6,True,0
TMS000065,Engineering,COR04594,NFR,alignment_deviation,C,1,13,15,3.3,True,0
TDMS001750,Traction Distribution,COR05185,ECR,ohe_pole_defect,C,1,41,17,1.8,True,0
SMMS002013,Signal & Telecommunication,COR02812,WR,cable_fault,B,2,4,92,2.8,False,0
TMS001316,Engineering,COR01918,SCR,sleeper_defect,C,1,15,12,3.7,False,0
TMS000707,Engineering,COR01731,NR,points_crossing_wear,B,2,12,10,5.9,True,0
TMS002097,Engineering,COR02756,SCR,ballast_deficiency,B,2,3,9,4.2,True,0
TMS001377,Engineering,COR01657,NR,alignment_deviation,C,1,71,33,1.1,True,0
SMMS000277,Signal & Telecommunication,COR03064,SR,interlocking_fault,A,3,65,17,1.2,True,0
TMS005218,Engineering,COR01090,SWR,ballast_deficiency,A,3,32,20,4.4,True,0
TMS001707,Engineering,COR05747,SR,rail_wear,C,1,66,10,2.4,False,0
TMS001463,Engineering,COR00263,WCR,weld_failure,A,3,7,54,0.9,True,0
TMS004519,Engineering,COR00675,WR,ballast_deficiency,C,1,6,94,5.5,False,0
TMS000456,Engineering,COR02154,SR,ballast_deficiency,C,1,5,70,2.0,True,0
SMMS001779,Signal & Telecommunication,COR02763,NR,signal_failure,A,3,1,28,3.9,True,0
TDMS002140,Traction Distribution,COR00033,WR,tension_device_fault,C,1,47,36,2.6,True,0
SMMS000948,Signal & Telecommunication,COR00996,NFR,block_instrument_fault,B,2,162,17,3.7,True,0
TMS002899,Engineering,COR01688,WCR,ballast_deficiency,C,1,10,55,2.4,False,0
SMMS002746,Signal & Telecommunication,COR00119,NWR,point_machine_fault,B,2,0,33,3.4,True,0
SMMS000698,Signal & Telecommunication,COR04664,KR,point_machine_fault,B,2,164,24,2.1,True,0
SMMS001786,Signal & Telecommunication,COR00267,WCR,interlocking_fault,A,3,10,54,3.3,True,0
SMMS002609,Signal & Telecommunication,COR02120,SWR,axle_counter_fault,A,3,26,27,1.5,True,0
TMS003055,Engineering,COR00985,NFR,ballast_deficiency,C,1,59,14,3.0,True,0
TMS002277,Engineering,COR02447,ER,alignment_deviation,C,1,76,19,3.8,True,0
TMS001727,Engineering,COR06393,NER,alignment_deviation,C,1,11,19,5.7,True,0
TMS003059,Engineering,COR02863,SWR,sleeper_defect,B,2,13,20,1.4,True,0
TMS001868,Engineering,COR00671,WR,ballast_deficiency,C,1,3,94,5.1,True,0
TDMS000273,Traction Distribution,COR00220,WCR,ohe_wire_wear,B,2,20,53,2.0,True,0
TMS002710,Engineering,COR02097,SWR,ballast_deficiency,C,1,15,26,5.1,True,0
SMMS000818,Signal & Telecommunication,COR04242,NR,interlocking_fault,A,3,4,18,0.7,True,0
TDMS000629,Traction Distribution,COR01709,WCR,circuit_breaker_fault,A,3,13,58,4.8,True,1
TMS005516,Engineering,COR03818,NFR,rail_wear,C,1,4,19,2.8,True,0
TDMS001527,Traction Distribution,COR04133,SR,circuit_breaker_fault,A,3,8,41,1.8,True,0
TMS000599,Engineering,COR06680,NR,weld_failure,A,3,64,6,4.1,True,0
SMMS002298,Signal & Telecommunication,COR00705,WR,axle_counter_fault,A,3,0,87,2.0,False,1
TMS002787,Engineering,COR01893,SCR,points_crossing_wear,B,2,20,66,1.4,False,0
TMS001178,Engineering,COR02346,WR,alignment_deviation,C,1,60,11,3.7,True,0
SMMS002351,Signal & Telecommunication,COR03220,WR,lc_gate_interlock_fault,A,3,6,3,2.0,True,0
TMS004385,Engineering,COR00613,SCR,rail_fracture,A,3,10,67,3.1,False,1
TDMS000881,Traction Distribution,COR04240,NWR,earthing_fault,B,2,109,10,1.1,True,0
TMS005990,Engineering,COR06220,NFR,points_crossing_wear,B,2,81,4,4.5,True,0
TDMS000541,Traction Distribution,COR01228,CR,insulator_fault,B,2,82,6,3.2,True,0
TDMS001894,Traction Distribution,COR01890,SCR,ohe_pole_defect,C,1,52,66,1.3,True,0
TMS004936,Engineering,COR02089,SWR,alignment_deviation,C,1,235,24,5.0,True,0
SMMS002533,Signal & Telecommunication,COR00404,ER,point_machine_fault,B,2,20,19,1.1,False,0
TMS004253,Engineering,COR01357,WR,rail_wear,C,1,12,24,4.5,True,0
TMS005735,Engineering,COR03461,NCR,sleeper_defect,C,1,5,6,5.6,True,0
TMS002067,Engineering,COR00160,NR,ballast_deficiency,C,1,6,38,4.8,True,0
TMS002720,Engineering,COR00079,NWR,formation_defect,B,2,1,30,4.8,True,0
TDMS001393,Traction Distribution,COR02967,SR,feeder_fault,A,3,119,16,3.3,True,0
TMS003384,Engineering,COR03656,SCR,sleeper_defect,B,2,13,15,2.8,True,0
SMMS001454,Signal & Telecommunication,COR02072,SWR,cable_fault,B,2,4,27,2.5,True,0
SMMS002773,Signal & Telecommunication,COR04163,SR,axle_counter_fault,A,3,22,16,1.5,False,0
TDMS000831,Traction Distribution,COR05128,NR,tension_device_fault,C,1,2,30,4.8,True,0
TDMS002465,Traction Distribution,COR01722,NCR,earthing_fault,B,2,105,54,0.6,True,0
SMMS002682,Signal & Telecommunication,COR03170,CR,interlocking_fault,A,3,1,8,2.6,True,0
SMMS001824,Signal & Telecommunication,COR00697,WR,cable_fault,B,2,11,92,1.9,True,0
TMS002099,Engineering,COR01192,CR,ballast_deficiency,C,1,55,22,3.2,True,0
SMMS000557,Signal & Telecommunication,COR01321,NWR,signal_failure,A,3,3,30,1.7,True,0
TDMS001544,Traction Distribution,COR03650,SCR,insulator_fault,B,2,15,14,4.6,True,0
TMS003563,Engineering,COR05062,SWR,points_crossing_wear,A,3,4,14,2.9,True,0
TDMS001715,Traction Distribution,COR03691,SER,ohe_wire_wear,B,2,11,23,2.6,True,0
TMS005786,Engineering,COR02572,SECR,rail_wear,C,1,1,6,1.4,True,0
TMS003069,Engineering,COR01995,NR,sleeper_defect,B,2,56,7,0.8,False,0
TMS005676,Engineering,COR01466,NFR,formation_defect,B,2,81,3,5.8,True,0
TMS003923,Engineering,COR03045,SR,rail_fracture,A,3,7,7,1.1,True,0
TMS002718,Engineering,COR06289,SCR,alignment_deviation,C,1,1956,3,1.6,True,0
SMMS002792,Signal & Telecommunication,COR01527,SCR,point_machine_fault,B,2,9,19,1.5,True,0
TDMS002352,Traction Distribution,COR00734,KR,circuit_breaker_fault,A,3,13,11,2.5,True,0
TMS004563,Engineering,COR00056,WR,points_crossing_wear,B,2,189,33,3.2,True,0
TMS000004,Engineering,COR04228,NR,weld_failure,A,3,11,14,0.7,True,0
TMS001472,Engineering,COR05321,ECR,ballast_deficiency,C,1,297,6,3.1,True,0
SMMS000278,Signal & Telecommunication,COR02645,NER,cable_fault,B,2,2,5,1.8,True,0
SMMS002885,Signal & Telecommunication,COR04940,KR,point_machine_fault,B,2,5,26,3.1,True,0
TMS005069,Engineering,COR04298,NER,alignment_deviation,C,1,8,16,2.3,True,0
TMS001321,Engineering,COR00679,WR,weld_failure,A,3,9,94,3.1,True,0
SMMS001436,Signal & Telecommunication,COR00052,WR,cable_fault,B,2,8,33,2.4,True,0
TMS003119,Engineering,COR02973,SR,alignment_deviation,C,1,4,40,2.8,True,0
TMS002240,Engineering,COR00085,NWR,points_crossing_wear,B,2,51,30,2.9,False,0
TMS001407,Engineering,COR04144,SR,points_crossing_wear,C,1,1,35,1.4,False,0
TMS004248,Engineering,COR02394,WR,ballast_deficiency,C,1,366,35,1.5,True,1
TDMS000882,Traction Distribution,COR04735,NR,ohe_pole_defect,C,1,16,8,1.1,True,0
TMS001190,Engineering,COR05902,ER,rail_wear,A,3,63,10,2.6,True,0
TMS001393,Engineering,COR00872,SCR,ballast_deficiency,C,1,0,16,0.6,True,0
SMMS002475,Signal & Telecommunication,COR00558,NR,interlocking_fault,A,3,4,35,1.0,True,1
TDMS000031,Traction Distribution,COR02825,WR,tension_device_fault,C,1,6,91,4.7,True,0
SMMS000140,Signal & Telecommunication,COR06910,ER,axle_counter_fault,A,3,27,7,1.6,True,0
SMMS002132,Signal & Telecommunication,COR01324,NWR,cable_fault,B,2,0,30,2.4,True,0
SMMS002705,Signal & Telecommunication,COR06752,SWR,point_machine_fault,B,2,4,7,1.6,True,0
TMS002466,Engineering,COR02801,WR,rail_fracture,A,3,11,53,5.0,True,1
TMS001225,Engineering,COR01895,SCR,rail_wear,B,2,15,66,3.5,True,0
TMS004998,Engineering,COR01015,NFR,rail_fracture,A,3,257,21,5.7,False,1
SMMS000662,Signal & Telecommunication,COR00402,ER,interlocking_fault,A,3,1,19,0.7,True,0
TMS003152,Engineering,COR00180,ECR,alignment_deviation,C,1,40,12,4.2,True,0
TMS004463,Engineering,COR02068,SWR,weld_failure,C,1,51,27,1.9,True,0
TMS004114,Engineering,COR04394,NR,rail_fracture,A,3,18,6,5.5,True,0
TDMS002197,Traction Distribution,COR01817,NWR,ohe_wire_wear,B,2,18,7,1.4,True,0
TMS005678,Engineering,COR01678,WCR,ballast_deficiency,C,1,10,55,0.8,True,0
TDMS001888,Traction Distribution,COR00474,CR,circuit_breaker_fault,A,3,18,69,1.7,True,1
SMMS000977,Signal & Telecommunication,COR01668,WCR,signal_failure,A,3,27,55,2.3,True,1
TMS002007,Engineering,COR03644,SCR,formation_defect,B,2,67,14,4.5,False,0
TDMS002094,Traction Distribution,COR04707,WR,feeder_fault,A,3,14,5,1.9,True,0
SMMS001429,Signal & Telecommunication,COR00155,NR,cable_fault,B,2,1,36,0.5,True,0
SMMS000357,Signal & Telecommunication,COR05579,NCR,lc_gate_interlock_fault,A,3,21,6,4.0,True,0
TDMS001844,Traction Distribution,COR01683,WCR,ohe_pole_defect,C,1,97,55,1.9,True,0
TDMS001027,Traction Distribution,COR05132,NR,ohe_pole_defect,C,1,73,30,3.8,True,0
TMS001853,Engineering,COR01990,WR,rail_wear,C,1,7,10,5.8,True,0
SMMS000919,Signal & Telecommunication,COR01296,NWR,block_instrument_fault,B,2,0,20,2.9,True,0
TMS002421,Engineering,COR01268,NR,rail_fracture,A,3,35,22,1.8,True,0
TMS005303,Engineering,COR05816,NR,rail_wear,C,1,37,7,2.1,True,0
SMMS000148,Signal & Telecommunication,COR02977,SR,cable_fault,B,2,2,40,0.6,True,0
TDMS000648,Traction Distribution,COR03249,WCR,circuit_breaker_fault,A,3,8,42,2.2,True,1
TMS005541,Engineering,COR02165,SR,alignment_deviation,C,1,74,20,1.3,True,0
SMMS002233,Signal & Telecommunication,COR01783,SWR,interlocking_fault,A,3,14,30,3.2,True,0
SMMS001718,Signal & Telecommunication,COR03176,CR,cable_fault,B,2,154,7,3.2,True,0
SMMS000859,Signal & Telecommunication,COR01100,SCR,cable_fault,B,2,11,14,1.0,True,0
SMMS001773,Signal & Telecommunication,COR01104,SCR,block_instrument_fault,B,2,30,14,1.9,True,0
TMS003336,Engineering,COR05081,NR,rail_wear,C,1,33,13,3.0,True,0
SMMS000760,Signal & Telecommunication,COR00614,SCR,signal_failure,A,3,20,67,3.2,True,0
TMS002008,Engineering,COR03936,WCR,rail_wear,C,1,6,23,2.9,True,0
TMS003803,Engineering,COR05038,NER,alignment_deviation,C,1,19,5,2.8,True,0
TDMS000428,Traction Distribution,COR00600,NER,ohe_wire_wear,B,2,590,16,1.3,True,1
SMMS000824,Signal & Telecommunication,COR02824,WR,block_instrument_fault,B,2,1,91,2.0,False,0
SMMS002552,Signal & Telecommunication,COR03778,SECR,point_machine_fault,B,2,4,6,0.5,False,0
TMS005780,Engineering,COR02811,WR,sleeper_defect,B,2,13,92,2.8,True,0
TMS005170,Engineering,COR00226,WCR,alignment_deviation,C,1,81,57,3.9,True,0
TMS005047,Engineering,COR04156,SR,points_crossing_wear,B,2,12,20,4.4,True,0
TMS005263,Engineering,COR03912,NR,ballast_deficiency,C,1,84,18,2.6,True,0
TDMS000659,Traction Distribution,COR00549,SR,ohe_wire_wear,B,2,63,35,3.2,True,0
SMMS002286,Signal & Telecommunication,COR00037,WR,point_machine_fault,B,2,2,36,0.7,True,0
SMMS002896,Signal & Telecommunication,COR02382,WR,interlocking_fault,A,3,2,31,1.5,True,0
SMMS001006,Signal & Telecommunication,COR05237,NFR,cable_fault,B,2,2,2,0.8,True,0
SMMS000871,Signal & Telecommunication,COR04538,NR,signal_failure,A,3,3,38,0.6,True,1
SMMS002553,Signal & Telecommunication,COR04616,NFR,cable_fault,B,2,3,18,0.6,True,0
TDMS001653,Traction Distribution,COR01729,NCR,ohe_wire_wear,B,2,20,54,3.3,True,0
TMS002592,Engineering,COR06086,NFR,weld_failure,A,3,86,4,1.3,True,0
TDMS000039,Traction Distribution,COR02906,SR,earthing_fault,B,2,120,18,1.3,True,0
SMMS002962,Signal & Telecommunication,COR01819,NWR,cable_fault,B,2,9,11,2.8,True,0
TMS003864,Engineering,COR03081,SR,weld_failure,A,3,4,40,2.0,True,0
SMMS000962,Signal & Telecommunication,COR02994,SR,cable_fault,B,2,5,41,1.9,True,0
TMS002096,Engineering,COR05419,NR,alignment_deviation,C,1,4,6,4.6,True,0
TDMS001720,Traction Distribution,COR00446,SCR,insulator_fault,B,2,14,16,1.8,True,0
TDMS001559,Traction Distribution,COR00496,WCR,ohe_wire_wear,B,2,247,69,1.5,True,1
TMS002401,Engineering,COR00658,SWR,ballast_deficiency,C,1,78,22,0.6,True,0
TMS002882,Engineering,COR01613,SWR,ballast_deficiency,B,2,42,26,0.8,True,0
SMMS000412,Signal & Telecommunication,COR04869,NWR,lc_gate_interlock_fault,A,3,20,8,3.3,True,0
TMS001573,Engineering,COR03875,SWR,weld_failure,A,3,38,9,3.0,True,0
TMS004026,Engineering,COR03870,ER,points_crossing_wear,B,2,171,13,3.7,True,0
SMMS001734,Signal & Telecommunication,COR02992,SR,block_instrument_fault,B,2,8,41,0.6,True,0
SMMS000285,Signal & Telecommunication,COR01725,NCR,point_machine_fault,B,2,1,54,3.3,True,0
TMS003945,Engineering,COR01414,SR,points_crossing_wear,B,2,10,20,2.9,False,0
SMMS000755,Signal & Telecommunication,COR02335,WR,cable_fault,B,2,3,12,2.4,True,0
TDMS002146,Traction Distribution,COR01959,NR,earthing_fault,B,2,0,7,0.7,True,0
TMS003335,Engineering,COR04292,SER,weld_failure,A,3,0,20,2.0,False,0
SMMS001076,Signal & Telecommunication,COR01696,WCR,signal_failure,A,3,3,59,3.7,True,1
TMS003338,Engineering,COR00191,ECR,sleeper_defect,B,2,6,15,2.7,False,0
SMMS000951,Signal & Telecommunication,COR01708,WCR,point_machine_fault,B,2,2,58,2.3,False,0
TDMS000019,Traction Distribution,COR02077,SWR,ohe_wire_wear,B,2,77,25,4.1,True,0
SMMS000081,Signal & Telecommunication,COR01483,NFR,cable_fault,B,2,2,22,1.4,True,0
TMS000659,Engineering,COR02225,SWR,weld_failure,A,3,68,21,2.1,True,0
SMMS000480,Signal & Telecommunication,COR01888,SCR,point_machine_fault,B,2,3,62,3.9,True,0
TDMS000199,Traction Distribution,COR00812,NWR,circuit_breaker_fault,A,3,55,5,1.5,True,0
SMMS000184,Signal & Telecommunication,COR01728,NCR,point_machine_fault,B,2,1,54,1.0,True,0
TMS000114,Engineering,COR06468,NER,sleeper_defect,B,2,13,3,3.2,True,0
SMMS001368,Signal & Telecommunication,COR06892,NFR,interlocking_fault,A,3,139,1,3.7,True,0
SMMS002985,Signal & Telecommunication,COR04440,ECR,point_machine_fault,B,2,15,40,0.8,True,0
TDMS001741,Traction Distribution,COR02147,SCR,circuit_breaker_fault,A,3,89,20,4.0,True,0
TMS003693,Engineering,COR02817,WR,weld_failure,B,2,39,92,1.6,True,0
TMS005431,Engineering,COR02757,SCR,points_crossing_wear,B,2,15,9,2.3,True,0
SMMS002378,Signal & Telecommunication,COR00673,WR,lc_gate_interlock_fault,A,3,163,94,0.6,True,1
SMMS000738,Signal & Telecommunication,COR01025,NFR,block_instrument_fault,B,2,3,22,0.7,True,0
TMS003455,Engineering,COR02908,NFR,ballast_deficiency,C,1,18,4,3.0,False,0
TDMS000516,Traction Distribution,COR00208,NCR,ohe_pole_defect,C,1,1,53,2.5,True,0
TMS002185,Engineering,COR02814,WR,alignment_deviation,A,3,363,92,5.9,True,1
SMMS002050,Signal & Telecommunication,COR04886,SCR,block_instrument_fault,B,2,4,7,2.5,True,0
TDMS002193,Traction Distribution,COR04155,SR,feeder_fault,A,3,15,20,4.8,True,0
TDMS002361,Traction Distribution,COR01921,SCR,insulator_fault,B,2,72,12,2.4,True,0
TMS000098,Engineering,COR02516,NWR,rail_wear,C,1,340,3,0.9,True,0
TDMS002331,Traction Distribution,COR04686,KR,earthing_fault,B,2,85,26,2.2,True,0
TDMS002308,Traction Distribution,COR00022,WR,ohe_wire_wear,B,2,312,35,1.0,True,1
TMS000874,Engineering,COR00486,WCR,alignment_deviation,C,1,79,69,2.4,True,0
TMS003261,Engineering,COR04535,NR,ballast_deficiency,C,1,82,38,2.7,True,0
TMS002746,Engineering,COR02229,SWR,ballast_deficiency,C,1,11,21,0.7,True,0
TDMS000993,Traction Distribution,COR04137,SR,earthing_fault,B,2,26,41,0.9,True,0
TDMS002064,Traction Distribution,COR01920,SCR,ohe_wire_wear,B,2,65,12,1.0,True,0
TMS000024,Engineering,COR05065,NFR,points_crossing_wear,C,1,27,12,3.2,True,0
TMS003749,Engineering,COR04670,KR,formation_defect,B,2,6,25,3.6,True,0
SMMS000716,Signal & Telecommunication,COR01039,NFR,signal_failure,A,3,3,25,1.3,True,0
TMS000929,Engineering,COR01649,SWR,rail_fracture,A,3,14,29,2.7,True,0
TDMS000497,Traction Distribution,COR04596,NFR,ohe_wire_wear,B,2,22,15,1.0,True,0
SMMS001157,Signal & Telecommunication,COR02162,SR,cable_fault,B,2,4,20,1.1,True,0
SMMS000885,Signal & Telecommunication,COR04512,SWR,block_instrument_fault,B,2,0,10,0.7,True,0
TDMS000653,Traction Distribution,COR06296,SCR,feeder_fault,A,3,10,3,3.6,True,0
TDMS001127,Traction Distribution,COR04650,KR,circuit_breaker_fault,A,3,19,22,3.9,True,0
SMMS000616,Signal & Telecommunication,COR00478,CR,block_instrument_fault,B,2,0,69,3.4,True,0
SMMS002507,Signal & Telecommunication,COR04473,NFR,lc_gate_interlock_fault,A,3,0,15,1.1,True,0
SMMS001917,Signal & Telecommunication,COR04712,SCR,interlocking_fault,A,3,5,7,3.8,True,0
TDMS000172,Traction Distribution,COR04202,NWR,ohe_pole_defect,C,1,14,7,4.5,True,0
SMMS001909,Signal & Telecommunication,COR02704,NR,signal_failure,A,3,8,27,3.0,True,0
SMMS001604,Signal & Telecommunication,COR01279,SR,cable_fault,B,2,28,3,1.1,True,0
SMMS002783,Signal & Telecommunication,COR05800,NWR,interlocking_fault,A,3,2,10,2.7,True,0
TDMS000046,Traction Distribution,COR06152,SR,ohe_pole_defect,C,1,13,7,3.6,True,0
TDMS002461,Traction Distribution,COR00436,SCR,insulator_fault,B,2,476,17,3.9,True,1
TDMS000294,Traction Distribution,COR03976,ER,circuit_breaker_fault,A,3,52,14,3.5,True,0
SMMS001247,Signal & Telecommunication,COR04545,NR,signal_failure,A,3,12,38,1.1,True,0
SMMS002549,Signal & Telecommunication,COR04478,WCR,interlocking_fault,A,3,4,34,1.1,True,0
TDMS000825,Traction Distribution,COR01342,NWR,feeder_fault,A,3,95,30,2.3,True,0
TMS002146,Engineering,COR04177,NR,sleeper_defect,B,2,396,18,0.6,False,1
TMS000523,Engineering,COR00675,WR,points_crossing_wear,B,2,38,94,2.8,True,0
TMS000797,Engineering,COR04173,NR,formation_defect,B,2,120,18,4.9,False,0
TMS005131,Engineering,COR07641,ER,sleeper_defect,B,2,9,1,1.4,True,0
TDMS002202,Traction Distribution,COR02341,WR,tension_device_fault,C,1,17,11,4.1,True,0
TMS005908,Engineering,COR00612,SCR,points_crossing_wear,B,2,11,67,4.8,True,0
TMS002686,Engineering,COR02016,NR,formation_defect,B,2,990,5,4.0,False,1
SMMS000726,Signal & Telecommunication,COR03988,ER,block_instrument_fault,B,2,0,17,3.9,True,0
TDMS002189,Traction Distribution,COR05658,NWR,feeder_fault,A,3,570,8,1.5,True,1
TDMS000914,Traction Distribution,COR04441,ECR,tension_device_fault,C,1,16,40,4.6,True,0
SMMS002249,Signal & Telecommunication,COR02056,CR,block_instrument_fault,B,2,1,6,1.8,True,0
TMS004388,Engineering,COR06477,NER,points_crossing_wear,B,2,82,4,5.0,True,0
TMS002271,Engineering,COR00209,NCR,rail_fracture,A,3,1226,53,3.5,True,1
SMMS002410,Signal & Telecommunication,COR00612,SCR,lc_gate_interlock_fault,A,3,2,67,3.9,True,1
SMMS000522,Signal & Telecommunication,COR01481,NFR,signal_failure,A,3,77,22,1.2,True,0
TDMS000239,Traction Distribution,COR01725,NCR,insulator_fault,B,2,105,54,3.1,True,0
TMS002431,Engineering,COR02533,NR,alignment_deviation,C,1,2,17,3.1,True,0
TDMS002458,Traction Distribution,COR01991,NR,earthing_fault,B,2,9,3,5.0,True,0
TMS004420,Engineering,COR01656,NR,rail_wear,C,1,9,33,2.8,True,0
TDMS001802,Traction Distribution,COR01610,SWR,ohe_wire_wear,B,2,17,26,1.5,True,0
TMS002077,Engineering,COR01702,WCR,points_crossing_wear,C,1,15,58,0.9,True,0
TMS002317,Engineering,COR02063,SWR,ballast_deficiency,C,1,30,27,2.0,True,0
SMMS000075,Signal & Telecommunication,COR08065,NCR,cable_fault,B,2,45,2,2.0,True,0
TMS003227,Engineering,COR07741,SWR,points_crossing_wear,B,2,13,2,1.5,True,0
TMS003666,Engineering,COR03608,NWR,alignment_deviation,A,3,47,6,5.9,True,0
SMMS002981,Signal & Telecommunication,COR04580,NCR,cable_fault,B,2,10,14,0.6,True,0
TDMS002436,Traction Distribution,COR01722,NCR,ohe_pole_defect,C,1,143,54,1.1,True,0
TMS002228,Engineering,COR07471,SWR,formation_defect,B,2,1,2,2.0,True,0
TMS005935,Engineering,COR00409,ER,sleeper_defect,B,2,72,7,1.0,True,0
SMMS001495,Signal & Telecommunication,COR01924,SCR,cable_fault,B,2,3,13,1.8,True,0
TMS004830,Engineering,COR03035,NR,ballast_deficiency,C,1,15,12,3.7,True,0
TMS001195,Engineering,COR00489,WCR,ballast_deficiency,C,1,19,69,5.8,True,0
SMMS000531,Signal & Telecommunication,COR04369,SR,point_machine_fault,B,2,5,5,1.0,True,0
SMMS001159,Signal & Telecommunication,COR00050,WR,block_instrument_fault,B,2,1,36,0.5,True,0
TMS003188,Engineering,COR00441,SCR,alignment_deviation,C,1,7,17,4.1,False,0
SMMS000144,Signal & Telecommunication,COR01484,NFR,cable_fault,B,2,3,22,1.3,True,0
TMS001150,Engineering,COR04669,KR,ballast_deficiency,C,1,122,25,4.9,True,0
TMS004407,Engineering,COR01123,NER,sleeper_defect,B,2,2,8,6.0,True,0
TMS000590,Engineering,COR00112,NWR,rail_wear,B,2,13,20,3.8,True,0
TDMS001661,Traction Distribution,COR03131,ER,feeder_fault,A,3,111,1,2.8,True,0
TMS005083,Engineering,COR00733,KR,sleeper_defect,B,2,9,29,5.0,True,0
SMMS002670,Signal & Telecommunication,COR01848,NR,cable_fault,B,2,4,36,3.0,True,0
TDMS000409,Traction Distribution,COR03308,SR,insulator_fault,B,2,0,5,1.5,True,0
TDMS002381,Traction Distribution,COR02832,WR,ohe_pole_defect,C,1,15,95,3.2,True,0
TMS005738,Engineering,COR04526,SWR,alignment_deviation,C,1,15,9,0.7,True,0
SMMS001653,Signal & Telecommunication,COR00158,NR,cable_fault,B,2,3,38,2.6,True,0
TMS005009,Engineering,COR00072,NWR,sleeper_defect,B,2,45,30,3.0,True,0
TMS001355,Engineering,COR05620,SCR,sleeper_defect,B,2,16,3,5.4,True,0
TMS005473,Engineering,COR01879,SCR,ballast_deficiency,C,1,3,62,5.2,True,0
TMS003798,Engineering,COR00696,WR,ballast_deficiency,C,1,12,92,5.9,True,0
TMS000208,Engineering,COR03251,WCR,rail_wear,C,1,52,42,0.8,True,0
TMS004715,Engineering,COR00134,NWR,sleeper_defect,B,2,3511,27,4.4,True,1
TMS000785,Engineering,COR01545,CR,points_crossing_wear,B,2,32,22,2.6,True,0
TMS005588,Engineering,COR01949,SCR,sleeper_defect,B,2,15,22,2.8,True,0
TDMS000388,Traction Distribution,COR02662,SR,ohe_wire_wear,B,2,17,11,3.3,True,0
TDMS002039,Traction Distribution,COR02895,CR,ohe_wire_wear,B,2,1,34,1.1,True,0
TMS000571,Engineering,COR04268,WR,ballast_deficiency,C,1,70,33,3.1,True,0
TMS005177,Engineering,COR00103,NWR,points_crossing_wear,B,2,8,19,2.0,True,0
TMS000701,Engineering,COR00854,SCR,points_crossing_wear,C,1,83,26,5.8,True,0
TDMS001365,Traction Distribution,COR01895,SCR,ohe_pole_defect,C,1,87,66,1.8,True,0
SMMS000111,Signal & Telecommunication,COR00679,WR,cable_fault,B,2,4,94,3.7,False,0
TDMS001284,Traction Distribution,COR00459,SCR,circuit_breaker_fault,A,3,532,18,2.5,True,1
TMS000867,Engineering,COR02089,SWR,formation_defect,B,2,13,24,2.2,True,0
TMS001590,Engineering,COR01849,NR,alignment_deviation,C,1,8,36,0.9,False,0
SMMS002500,Signal & Telecommunication,COR00614,SCR,axle_counter_fault,A,3,4,67,2.0,True,1
TMS001652,Engineering,COR01888,SCR,ballast_deficiency,C,1,74,62,2.8,False,0
TMS002364,Engineering,COR01035,NFR,alignment_deviation,C,1,13,25,3.3,True,0
SMMS000203,Signal & Telecommunication,COR00262,WCR,block_instrument_fault,B,2,4,54,1.6,True,0
SMMS002921,Signal & Telecommunication,COR02685,NR,signal_failure,A,3,1,22,3.6,True,0
SMMS000227,Signal & Telecommunication,COR00620,SCR,point_machine_fault,B,2,2,63,2.4,True,0
SMMS001491,Signal & Telecommunication,COR01879,SCR,axle_counter_fault,A,3,0,62,3.1,True,1
SMMS001479,Signal & Telecommunication,COR01859,NR,cable_fault,B,2,1,37,1.7,True,0
TMS004056,Engineering,COR01396,SR,sleeper_defect,B,2,1,11,4.1,True,0
SMMS001890,Signal & Telecommunication,COR02806,WR,cable_fault,B,2,4,54,1.8,True,0
TDMS000743,Traction Distribution,COR02119,SWR,insulator_fault,B,2,70,27,2.9,True,0
TMS003979,Engineering,COR00609,SCR,rail_fracture,A,3,62,67,3.0,True,1
TMS001157,Engineering,COR00918,SWR,rail_fracture,B,2,1,10,4.1,True,0
SMMS001383,Signal & Telecommunication,COR00420,SCR,cable_fault,B,2,3,53,2.2,True,0
TMS003377,Engineering,COR00285,WCR,weld_failure,A,3,19,69,4.7,True,1
TDMS000089,Traction Distribution,COR01402,SR,insulator_fault,B,2,305,11,2.5,True,1
TMS003073,Engineering,COR00732,KR,sleeper_defect,B,2,81,29,1.9,False,0
TDMS002477,Traction Distribution,COR01834,WR,ohe_wire_wear,B,2,103,27,3.0,True,0
TMS000605,Engineering,COR03308,SR,sleeper_defect,B,2,11,5,6.0,True,0
TMS003057,Engineering,COR03517,SR,rail_fracture,A,3,115,5,3.4,True,0
TMS001191,Engineering,COR02321,WR,points_crossing_wear,B,2,9,31,3.6,False,0
TMS001771,Engineering,COR01564,CR,points_crossing_wear,B,2,3,22,2.5,True,0
TDMS000359,Traction Distribution,COR02967,SR,earthing_fault,B,2,117,16,3.7,True,0
TMS003538,Engineering,COR02203,SR,ballast_deficiency,C,1,54,17,4.6,True,0
SMMS000688,Signal & Telecommunication,COR04690,KR,signal_failure,A,3,1,26,2.4,True,0
TMS003792,Engineering,COR04143,SR,rail_fracture,A,3,325,35,2.9,False,1
SMMS000707,Signal & Telecommunication,COR02970,SR,point_machine_fault,B,2,2,40,0.9,True,0
SMMS002688,Signal & Telecommunication,COR00480,WCR,interlocking_fault,A,3,3,69,2.3,False,1
TDMS000606,Traction Distribution,COR01363,WR,ohe_wire_wear,B,2,388,34,1.0,True,1
SMMS001079,Signal & Telecommunication,COR01299,NWR,signal_failure,A,3,0,20,2.2,True,0
SMMS000686,Signal & Telecommunication,COR00441,SCR,cable_fault,B,2,2,17,3.2,True,0
TMS001001,Engineering,COR05402,NCR,rail_wear,C,1,47,11,0.5,True,0
SMMS001409,Signal & Telecommunication,COR06052,NER,lc_gate_interlock_fault,A,3,19,6,0.8,True,0
TMS004051,Engineering,COR05187,WR,ballast_deficiency,C,1,5,6,4.6,True,0
TMS000473,Engineering,COR01216,SCR,rail_wear,C,1,366,10,2.9,True,0
TMS003653,Engineering,COR03397,NR,ballast_deficiency,C,1,7,1,0.9,True,0
TDMS001370,Traction Distribution,COR04141,SR,tension_device_fault,C,1,242,35,1.9,True,0
TMS003123,Engineering,COR00013,WR,alignment_deviation,C,1,65,23,4.1,True,0
SMMS000406,Signal & Telecommunication,COR02832,WR,point_machine_fault,B,2,5,95,3.0,True,0
SMMS001255,Signal & Telecommunication,COR03820,NFR,lc_gate_interlock_fault,A,3,3,19,1.4,True,0
TMS000403,Engineering,COR02235,SWR,formation_defect,B,2,0,21,5.8,True,0
SMMS001997,Signal & Telecommunication,COR05396,NCR,point_machine_fault,B,2,30,11,3.2,True,0
SMMS001290,Signal & Telecommunication,COR00065,WR,cable_fault,B,2,1,31,1.1,True,0
TMS002823,Engineering,COR04987,WR,alignment_deviation,C,1,139,16,1.0,True,0
TDMS000514,Traction Distribution,COR03614,SWR,earthing_fault,B,2,26,18,1.9,True,0
TDMS002469,Traction Distribution,COR04669,KR,insulator_fault,B,2,7,25,2.4,True,0
TMS000112,Engineering,COR06394,NER,ballast_deficiency,C,1,75,19,2.7,True,0
SMMS002061,Signal & Telecommunication,COR04815,ECR,cable_fault,B,2,0,10,2.4,True,0
TMS000727,Engineering,COR06333,NR,ballast_deficiency,C,1,71,8,0.8,True,0
TDMS000578,Traction Distribution,COR05668,NWR,tension_device_fault,C,1,453,11,2.2,True,0
TMS002967,Engineering,COR06128,WR,weld_failure,A,3,8,9,4.8,True,0
TMS005590,Engineering,COR01012,NFR,ballast_deficiency,A,3,49,21,3.7,False,0
TMS002789,Engineering,COR02099,SWR,weld_failure,A,3,123,26,1.4,True,1
SMMS000366,Signal & Telecommunication,COR00558,NR,lc_gate_interlock_fault,A,3,0,35,2.1,True,0
SMMS002955,Signal & Telecommunication,COR02531,NR,cable_fault,B,2,3,7,1.7,True,0
TMS001113,Engineering,COR02644,NER,rail_wear,C,1,180,8,2.4,True,0
TDMS000302,Traction Distribution,COR05527,ER,earthing_fault,B,2,116,9,2.4,True,0
SMMS000024,Signal & Telecommunication,COR02832,WR,block_instrument_fault,B,2,5,95,0.6,True,0
TMS001201,Engineering,COR05190,NWR,ballast_deficiency,C,1,15,10,2.1,True,0
TMS000593,Engineering,COR02089,SWR,ballast_deficiency,C,1,223,24,4.3,True,0
TMS005122,Engineering,COR00251,WCR,alignment_deviation,B,2,11,54,1.1,False,0
SMMS002846,Signal & Telecommunication,COR00666,ECR,point_machine_fault,B,2,4,11,1.6,True,0
TDMS000558,Traction Distribution,COR05717,WCR,feeder_fault,A,3,17,7,4.4,True,0
TDMS000464,Traction Distribution,COR02943,SR,ohe_wire_wear,B,2,20,6,1.5,True,0
TMS001666,Engineering,COR06093,NFR,sleeper_defect,B,2,58,4,3.7,False,0
TMS003467,Engineering,COR03902,NR,weld_failure,A,3,387,19,5.4,True,1
SMMS001670,Signal & Telecommunication,COR02808,WR,lc_gate_interlock_fault,A,3,0,54,1.1,True,1
TDMS001645,Traction Distribution,COR05946,NWR,ohe_wire_wear,B,2,306,5,4.2,True,1
SMMS001900,Signal & Telecommunication,COR07391,NR,interlocking_fault,A,3,0,7,2.3,True,0
SMMS000821,Signal & Telecommunication,COR04710,NR,block_instrument_fault,B,2,15,6,1.4,True,0
TMS005686,Engineering,COR00650,SWR,points_crossing_wear,B,2,299,22,1.9,True,1
TMS001962,Engineering,COR01723,NCR,rail_wear,C,1,97,54,3.7,True,0
TMS001286,Engineering,COR01762,WCR,formation_defect,B,2,15,43,1.0,True,0
SMMS002101,Signal & Telecommunication,COR00060,WR,block_instrument_fault,B,2,4,31,1.8,False,0
SMMS002864,Signal & Telecommunication,COR05027,NFR,point_machine_fault,B,2,4,9,4.0,True,0
TMS005222,Engineering,COR01379,SR,sleeper_defect,B,2,53,6,2.9,True,0
SMMS001660,Signal & Telecommunication,COR06258,SECR,lc_gate_interlock_fault,A,3,2,3,2.2,True,0
TMS004429,Engineering,COR01892,SCR,sleeper_defect,B,2,120,66,3.7,True,0
TDMS001946,Traction Distribution,COR01178,CR,ohe_wire_wear,B,2,17,23,1.3,True,0
TMS003662,Engineering,COR01729,NCR,formation_defect,B,2,52,54,1.5,True,0
TDMS000697,Traction Distribution,COR06330,WR,insulator_fault,B,2,105,5,0.9,True,0
TMS002449,Engineering,COR01189,CR,alignment_deviation,C,1,47,22,5.3,True,0
SMMS001995,Signal & Telecommunication,COR03374,NWR,block_instrument_fault,B,2,4,7,2.7,False,0
TDMS001379,Traction Distribution,COR03763,NER,ohe_pole_defect,C,1,24,4,2.0,True,0
TDMS002375,Traction Distribution,COR03303,SWR,ohe_pole_defect,C,1,244,10,4.5,True,0
TDMS002011,Traction Distribution,COR02586,KR,circuit_breaker_fault,A,3,2,22,1.0,True,0
SMMS000776,Signal & Telecommunication,COR01626,SWR,lc_gate_interlock_fault,A,3,2,32,1.7,True,0
TMS004772,Engineering,COR04109,NR,weld_failure,A,3,14,11,1.4,True,0
SMMS001775,Signal & Telecommunication,COR00485,WCR,point_machine_fault,B,2,115,69,2.0,True,0
TMS002365,Engineering,COR00966,NFR,points_crossing_wear,B,2,9,11,1.7,True,0
TMS003408,Engineering,COR02767,NR,sleeper_defect,B,2,91,28,1.5,True,0
SMMS000930,Signal & Telecommunication,COR01657,NR,cable_fault,B,2,3,33,0.8,True,0
SMMS002145,Signal & Telecommunication,COR01400,SR,point_machine_fault,B,2,1,11,3.2,True,0
TMS005484,Engineering,COR03591,NWR,rail_wear,C,1,33,9,4.2,True,0
SMMS001015,Signal & Telecommunication,COR02345,WR,lc_gate_interlock_fault,A,3,4,11,3.6,True,0
TMS005407,Engineering,COR00769,NR,formation_defect,B,2,14,35,2.6,True,0
TMS001695,Engineering,COR06451,WR,formation_defect,B,2,282,3,0.7,True,0
TDMS001132,Traction Distribution,COR01669,WCR,ohe_pole_defect,C,1,58,55,2.5,True,0
SMMS002821,Signal & Telecommunication,COR01156,CR,signal_failure,A,3,2,49,2.0,True,0
TMS000370,Engineering,COR04699,CR,sleeper_defect,B,2,11,26,3.8,True,0
TMS000670,Engineering,COR00080,NWR,ballast_deficiency,A,3,82,30,3.7,True,0
SMMS002836,Signal & Telecommunication,COR02583,KR,lc_gate_interlock_fault,A,3,0,22,3.8,True,0
TMS005555,Engineering,COR00033,WR,formation_defect,B,2,4,36,0.8,True,0
TMS000296,Engineering,COR04304,NER,alignment_deviation,C,1,986,17,0.5,True,0
TDMS002499,Traction Distribution,COR01161,ER,ohe_wire_wear,B,2,12,14,3.0,True,0
SMMS002069,Signal & Telecommunication,COR02830,WR,interlocking_fault,A,3,0,95,3.7,True,0
TMS001066,Engineering,COR01724,NCR,rail_fracture,A,3,12,54,2.2,True,0
TMS005719,Engineering,COR02439,ER,sleeper_defect,B,2,11,16,5.1,True,0
TMS004485,Engineering,COR07333,NER,formation_defect,C,1,13,5,2.0,True,0
TMS004950,Engineering,COR00041,WR,ballast_deficiency,C,1,3,25,0.6,True,0
SMMS001099,Signal & Telecommunication,COR00695,WR,cable_fault,B,2,12,92,3.3,True,0
TMS002078,Engineering,COR08131,ECR,ballast_deficiency,C,1,7,3,5.1,False,0
TDMS001621,Traction Distribution,COR00697,WR,earthing_fault,B,2,32,92,1.4,True,0
TMS001917,Engineering,COR00485,WCR,ballast_deficiency,C,1,1696,69,0.7,True,1
TMS000749,Engineering,COR02430,SCR,alignment_deviation,C,1,79,15,1.6,False,0
SMMS000528,Signal & Telecommunication,COR04710,NR,cable_fault,B,2,1,6,3.1,True,0
TMS003456,Engineering,COR03232,WR,rail_wear,C,1,84,4,4.6,True,0
SMMS001459,Signal & Telecommunication,COR04659,KR,cable_fault,B,2,22,26,3.2,True,0
TDMS002254,Traction Distribution,COR01389,SR,insulator_fault,B,2,2,17,1.1,True,0
TMS004326,Engineering,COR00695,WR,weld_failure,A,3,57,92,2.1,True,0
TMS001635,Engineering,COR00483,WCR,ballast_deficiency,C,1,10,69,5.9,True,0
TDMS000802,Traction Distribution,COR02497,NWR,feeder_fault,A,3,74,13,4.7,True,0
TDMS000229,Traction Distribution,COR00044,WR,insulator_fault,B,2,584,32,1.5,True,1
SMMS001045,Signal & Telecommunication,COR01080,SWR,point_machine_fault,B,2,3,22,1.1,True,0
TMS000589,Engineering,COR06395,NER,alignment_deviation,C,1,9,19,3.5,True,0
TMS003332,Engineering,COR04142,SR,ballast_deficiency,C,1,35,35,2.6,True,0
TMS003337,Engineering,COR00357,WR,formation_defect,B,2,0,10,5.5,True,0
SMMS002899,Signal & Telecommunication,COR02101,SWR,cable_fault,B,2,2,26,1.2,True,0
SMMS002281,Signal & Telecommunication,COR03615,SWR,cable_fault,B,2,0,18,3.9,False,0
SMMS001499,Signal & Telecommunication,COR02822,WR,point_machine_fault,B,2,24,90,3.6,True,0
TMS002992,Engineering,COR00378,NER,sleeper_defect,B,2,96,21,3.1,True,0
TMS000107,Engineering,COR04471,NFR,rail_fracture,A,3,9,15,1.5,True,0
SMMS001662,Signal & Telecommunication,COR03619,SWR,cable_fault,B,2,5,14,0.8,True,0
TDMS000075,Traction Distribution,COR00280,WCR,circuit_breaker_fault,A,3,37,68,3.6,True,1
TMS002738,Engineering,COR03487,NR,alignment_deviation,C,1,6,14,3.3,False,0
TMS002781,Engineering,COR01523,CR,alignment_deviation,C,1,85,50,1.2,True,0
TMS002356,Engineering,COR06030,NR,alignment_deviation,C,1,13,6,1.7,True,0
TDMS000569,Traction Distribution,COR00481,WCR,ohe_wire_wear,B,2,3,33,4.5,True,0
TMS005298,Engineering,COR03150,CR,points_crossing_wear,B,2,15,33,0.9,False,0
TDMS001195,Traction Distribution,COR03810,SR,circuit_breaker_fault,A,3,13,6,3.5,True,0
TDMS001716,Traction Distribution,COR04942,KR,earthing_fault,B,2,361,26,2.7,True,1
SMMS001948,Signal & Telecommunication,COR01521,CR,axle_counter_fault,A,3,3,50,1.3,True,1
TMS003860,Engineering,COR01267,NR,sleeper_defect,B,2,10,22,5.9,True,0
TMS003581,Engineering,COR08178,NFR,weld_failure,A,3,9,1,3.0,True,0
TMS003288,Engineering,COR02431,SCR,ballast_deficiency,C,1,363,15,0.7,True,0
TMS004335,Engineering,COR00619,SCR,rail_wear,C,1,12,63,2.6,True,0
TMS001940,Engineering,COR07488,NFR,formation_defect,B,2,1,2,5.0,True,0
TMS005507,Engineering,COR03646,SCR,rail_wear,C,1,5,14,2.5,True,0
TMS002757,Engineering,COR03094,ECR,ballast_deficiency,C,1,63,7,5.5,True,0
TMS003264,Engineering,COR00861,SCR,weld_failure,A,3,28,18,5.8,False,0
TDMS001651,Traction Distribution,COR00695,WR,ohe_wire_wear,B,2,8,92,3.5,True,0
TMS004472,Engineering,COR07332,NER,ballast_deficiency,C,1,51,5,5.1,True,0
TDMS000903,Traction Distribution,COR02155,SR,tension_device_fault,C,1,6,70,2.4,True,0
TMS004092,Engineering,COR01847,NR,sleeper_defect,B,2,10,36,1.8,True,0
TMS000359,Engineering,COR00493,WCR,points_crossing_wear,B,2,10,69,4.6,False,0
SMMS002064,Signal & Telecommunication,COR00040,WR,signal_failure,A,3,7,25,3.1,True,0
TMS005904,Engineering,COR05056,SCR,points_crossing_wear,A,3,15,15,0.5,True,0
TMS004337,Engineering,COR01956,NR,points_crossing_wear,B,2,8,7,1.1,True,0
TMS003474,Engineering,COR05130,NR,sleeper_defect,B,2,4,30,6.0,True,0
TDMS000689,Traction Distribution,COR02159,SR,ohe_wire_wear,B,2,443,70,2.6,True,1
SMMS002540,Signal & Telecommunication,COR00336,NER,axle_counter_fault,A,3,76,12,1.0,True,0
TMS002906,Engineering,COR00207,NCR,points_crossing_wear,B,2,10,53,1.6,True,0
TMS001025,Engineering,COR03314,NR,weld_failure,A,3,106,3,0.9,True,0
SMMS001834,Signal & Telecommunication,COR03000,SR,lc_gate_interlock_fault,A,3,13,41,0.5,True,0
TMS003878,Engineering,COR06695,WR,points_crossing_wear,B,2,1,3,2.7,True,0
TMS003368,Engineering,COR05432,NR,rail_wear,C,1,5,11,3.1,True,0
TDMS000818,Traction Distribution,COR06387,NER,tension_device_fault,C,1,90,19,1.0,True,0
TDMS001334,Traction Distribution,COR01145,SWR,insulator_fault,B,2,66,21,3.7,True,0
TDMS000491,Traction Distribution,COR02592,KR,tension_device_fault,C,1,285,22,4.7,True,0
TMS001794,Engineering,COR00634,SECR,sleeper_defect,B,2,11,9,3.2,True,0
SMMS001472,Signal & Telecommunication,COR03998,ER,point_machine_fault,B,2,20,14,1.8,True,0
SMMS001131,Signal & Telecommunication,COR00742,NER,point_machine_fault,B,2,1,17,0.6,True,0
TMS001657,Engineering,COR00849,WR,ballast_deficiency,C,1,87,9,5.6,False,0
SMMS002802,Signal & Telecommunication,COR00080,NWR,block_instrument_fault,B,2,2,30,2.5,True,0
TMS001497,Engineering,COR00237,WCR,ballast_deficiency,A,3,16,58,3.7,True,1
TDMS001053,Traction Distribution,COR04483,NCR,ohe_wire_wear,B,2,76,12,1.8,True,0
TMS002931,Engineering,COR05394,NCR,rail_wear,C,1,1,11,1.7,True,0
SMMS001772,Signal & Telecommunication,COR02810,WR,signal_failure,A,3,0,87,1.9,True,0
TMS003948,Engineering,COR00293,CR,sleeper_defect,B,2,3,68,2.0,True,0
TMS000535,Engineering,COR04455,NFR,weld_failure,A,3,1,15,1.0,True,0
TDMS000084,Traction Distribution,COR00291,CR,earthing_fault,B,2,16,68,4.4,True,0
TMS001182,Engineering,COR03690,SER,sleeper_defect,B,2,2,19,0.9,True,0
TMS003411,Engineering,COR01402,SR,alignment_deviation,C,1,11,11,0.8,True,0
TDMS001852,Traction Distribution,COR02894,CR,insulator_fault,B,2,16,34,3.6,True,0
TMS005665,Engineering,COR08486,ER,ballast_deficiency,C,1,79,1,2.6,True,0
TDMS001960,Traction Distribution,COR05182,ECR,ohe_wire_wear,B,2,11,17,3.4,True,0
TMS005135,Engineering,COR06048,NER,rail_wear,C,1,2,10,5.5,True,0
TMS000661,Engineering,COR05209,SR,sleeper_defect,B,2,14,15,5.2,True,0
TMS005965,Engineering,COR01195,CR,alignment_deviation,C,1,54,22,4.4,True,0
SMMS002907,Signal & Telecommunication,COR05539,SECR,signal_failure,A,3,3,6,2.1,True,0
TDMS000142,Traction Distribution,COR00104,NWR,feeder_fault,A,3,392,19,1.8,True,1
TMS004035,Engineering,COR00094,NWR,rail_wear,C,1,108,30,3.3,True,0
TDMS000520,Traction Distribution,COR01385,SR,ohe_wire_wear,B,2,30,7,0.8,True,0
TMS001207,Engineering,COR05101,NCR,points_crossing_wear,B,2,8,11,5.2,True,0
TDMS001525,Traction Distribution,COR04131,SR,insulator_fault,B,2,6,41,1.6,True,0
SMMS002056,Signal & Telecommunication,COR01710,WCR,cable_fault,B,2,3,54,2.9,True,0
TMS004860,Engineering,COR03153,WR,weld_failure,A,3,64,28,1.7,True,1
SMMS002521,Signal & Telecommunication,COR00548,SR,signal_failure,A,3,0,35,3.3,True,0
TMS000637,Engineering,COR00062,WR,ballast_deficiency,C,1,67,31,4.1,True,0
TMS005609,Engineering,COR00402,ER,alignment_deviation,C,1,27,19,2.5,True,0
TMS005239,Engineering,COR01784,SWR,alignment_deviation,C,1,10,30,3.4,True,0
SMMS000091,Signal & Telecommunication,COR05023,SR,block_instrument_fault,B,2,4,6,2.2,True,0
TMS000527,Engineering,COR00948,SR,rail_wear,C,1,1,10,3.3,False,0
TMS000481,Engineering,COR02429,SWR,sleeper_defect,B,2,11,15,4.8,True,0
TDMS001768,Traction Distribution,COR04661,KR,insulator_fault,B,2,18,24,2.0,True,0
TMS003256,Engineering,COR06308,WCR,formation_defect,B,2,14,6,4.7,True,0
SMMS000454,Signal & Telecommunication,COR05518,ER,block_instrument_fault,B,2,7,10,1.2,True,0
TMS000869,Engineering,COR04451,ER,rail_wear,A,3,6,3,2.3,True,0
TMS000551,Engineering,COR02753,SCR,rail_wear,C,1,4,9,5.3,True,0
TDMS001929,Traction Distribution,COR01700,WCR,tension_device_fault,C,1,2,59,0.6,True,0
TDMS000378,Traction Distribution,COR03839,NFR,tension_device_fault,C,1,14,19,4.0,True,0
TMS005929,Engineering,COR00431,SCR,points_crossing_wear,B,2,57,18,3.8,True,0
TMS003484,Engineering,COR00859,SCR,ballast_deficiency,C,1,13,18,1.0,True,0
SMMS001711,Signal & Telecommunication,COR03648,SCR,signal_failure,A,3,15,14,0.9,True,0
SMMS002227,Signal & Telecommunication,COR00633,SECR,point_machine_fault,B,2,5,9,1.0,True,0
TDMS000556,Traction Distribution,COR02346,WR,tension_device_fault,C,1,532,11,0.8,True,0
TMS002249,Engineering,COR08090,NCR,points_crossing_wear,B,2,29,2,2.8,True,0
TMS000687,Engineering,COR03089,SR,formation_defect,B,2,52,40,5.5,True,0
TDMS002495,Traction Distribution,COR01698,WCR,feeder_fault,A,3,110,59,1.8,True,1
SMMS000367,Signal & Telecommunication,COR04464,NFR,lc_gate_interlock_fault,A,3,25,15,0.8,True,0
TMS004078,Engineering,COR06579,WCR,weld_failure,A,3,71,1,5.8,True,0
TMS005189,Engineering,COR01410,SR,alignment_deviation,C,1,14,20,2.0,True,0
SMMS002674,Signal & Telecommunication,COR05948,KR,lc_gate_interlock_fault,A,3,9,4,1.4,True,0
TMS002779,Engineering,COR07329,NER,formation_defect,B,2,1,4,1.0,True,0
TMS000311,Engineering,COR00627,SCR,rail_wear,C,1,69,63,2.8,True,0
TMS003222,Engineering,COR04251,NR,weld_failure,A,3,396,14,1.3,True,1
TMS003697,Engineering,COR04695,KR,points_crossing_wear,B,2,5,26,3.7,True,0
SMMS002736,Signal & Telecommunication,COR04943,KR,cable_fault,B,2,25,26,2.1,True,0
TMS003086,Engineering,COR01643,SWR,formation_defect,B,2,2,27,1.7,False,0
SMMS002063,Signal & Telecommunication,COR01391,SR,cable_fault,B,2,30,18,2.7,True,0
TMS000734,Engineering,COR02426,SCR,sleeper_defect,C,1,10,15,4.6,True,0
TMS004798,Engineering,COR01410,SR,ballast_deficiency,C,1,13,20,5.6,True,0
TDMS000972,Traction Distribution,COR04405,NR,ohe_wire_wear,B,2,0,6,4.9,True,0
TMS003714,Engineering,COR01673,WCR,rail_wear,C,1,1,55,6.0,True,0
TDMS001516,Traction Distribution,COR02815,WR,earthing_fault,B,2,6,92,4.7,True,0
TMS000499,Engineering,COR04663,KR,alignment_deviation,C,1,0,24,5.7,True,0
TMS001141,Engineering,COR00143,NR,alignment_deviation,C,1,0,36,4.3,True,0
SMMS001988,Signal & Telecommunication,COR04019,WR,point_machine_fault,B,2,1,13,2.1,True,0
TMS002169,Engineering,COR02149,SR,ballast_deficiency,C,1,15,70,5.6,True,0
TDMS001155,Traction Distribution,COR00770,NR,ohe_wire_wear,B,2,10,31,1.4,True,0
TDMS000736,Traction Distribution,COR01842,NR,ohe_wire_wear,B,2,444,28,1.7,True,1
TMS000873,Engineering,COR04659,KR,ballast_deficiency,A,3,13,26,5.2,True,0
TMS001612,Engineering,COR03745,SR,rail_fracture,A,3,303,7,5.9,True,1
TMS001912,Engineering,COR00196,ECR,points_crossing_wear,B,2,3,19,0.6,True,0
TMS002294,Engineering,COR01684,WCR,points_crossing_wear,B,2,8,55,5.7,True,0
TMS000745,Engineering,COR04790,NR,alignment_deviation,C,1,56,8,4.5,True,0
TDMS000699,Traction Distribution,COR06854,NER,tension_device_fault,C,1,41,5,4.7,True,0
TMS004415,Engineering,COR00267,WCR,ballast_deficiency,B,2,26,54,1.1,True,0
TMS001851,Engineering,COR01955,NR,weld_failure,A,3,492,30,3.7,True,1
TMS000773,Engineering,COR02086,SWR,alignment_deviation,C,1,2,25,4.6,True,0
TDMS002328,Traction Distribution,COR03179,CR,ohe_wire_wear,B,2,308,7,3.8,True,0
TMS001137,Engineering,COR01725,NCR,rail_wear,C,1,15,54,3.7,False,0
SMMS002557,Signal & Telecommunication,COR01695,WCR,point_machine_fault,B,2,3,59,4.0,True,0
TMS002600,Engineering,COR00696,WR,weld_failure,A,3,6,92,4.8,True,0
TMS001981,Engineering,COR02696,NR,alignment_deviation,C,1,75,27,1.4,True,0
TDMS002300,Traction Distribution,COR00473,CR,insulator_fault,B,2,3,69,1.1,True,0
TMS002013,Engineering,COR01676,WCR,alignment_deviation,C,1,12,55,2.1,False,0
TMS005375,Engineering,COR04134,SR,rail_wear,C,1,44,41,1.9,True,0
TMS000674,Engineering,COR00812,NWR,rail_fracture,A,3,8,5,3.6,True,0
TMS000781,Engineering,COR04842,SCR,rail_fracture,C,1,71,12,4.6,True,0
TMS002344,Engineering,COR02829,WR,rail_wear,C,1,1,90,4.4,True,0
TMS002101,Engineering,COR01607,SWR,points_crossing_wear,B,2,14,25,4.4,True,0
TMS001167,Engineering,COR01180,CR,rail_wear,C,1,8,22,3.1,False,0
TMS004558,Engineering,COR06741,WR,ballast_deficiency,C,1,12,2,0.8,True,0
SMMS002764,Signal & Telecommunication,COR01697,WCR,signal_failure,A,3,0,59,3.4,True,1
TDMS000958,Traction Distribution,COR02967,SR,ohe_pole_defect,C,1,84,16,0.6,True,0
SMMS002133,Signal & Telecommunication,COR04901,SWR,axle_counter_fault,A,3,4,20,0.6,True,0
SMMS000340,Signal & Telecommunication,COR03894,NR,interlocking_fault,A,3,30,27,1.1,True,0
TMS005872,Engineering,COR01305,NWR,weld_failure,A,3,196,19,0.9,True,0
TMS005332,Engineering,COR04041,NER,sleeper_defect,B,2,4,21,0.8,True,0
TMS000139,Engineering,COR01755,WCR,weld_failure,A,3,44,29,0.9,True,0
SMMS000223,Signal & Telecommunication,COR01718,WCR,point_machine_fault,B,2,5,53,3.4,True,0
SMMS002686,Signal & Telecommunication,COR02835,WR,cable_fault,B,2,3,95,3.6,True,0
TMS002215,Engineering,COR04554,NR,alignment_deviation,B,2,0,37,3.1,True,0
TMS004412,Engineering,COR01341,NWR,ballast_deficiency,C,1,9,30,4.4,True,0
TMS003776,Engineering,COR07847,ECoR,rail_fracture,A,3,75,1,5.5,True,0
TMS002467,Engineering,COR07805,WR,sleeper_defect,C,1,2,3,4.0,True,0
TDMS000740,Traction Distribution,COR05071,NWR,tension_device_fault,C,1,14,10,2.3,True,0
TMS004344,Engineering,COR07692,NCR,ballast_deficiency,C,1,359,1,1.1,True,0
TDMS000285,Traction Distribution,COR00539,SR,insulator_fault,B,2,92,35,1.0,True,0
SMMS001312,Signal & Telecommunication,COR06277,SCR,cable_fault,B,2,0,5,3.2,True,0
TMS004076,Engineering,COR03758,NWR,sleeper_defect,B,2,9,10,3.6,True,0
TMS003692,Engineering,COR01094,SWR,formation_defect,B,2,324,20,3.4,True,1
SMMS000941,Signal & Telecommunication,COR05743,SR,lc_gate_interlock_fault,A,3,1,10,1.7,True,0
TMS004539,Engineering,COR00036,WR,alignment_deviation,C,1,10,36,1.8,True,0
TDMS001242,Traction Distribution,COR06133,WR,ohe_wire_wear,B,2,13,9,4.1,True,0
TMS001945,Engineering,COR03932,WR,rail_wear,C,1,9,23,5.5,True,0
TMS004749,Engineering,COR00472,CR,sleeper_defect,B,2,13,69,4.1,True,0
TMS002349,Engineering,COR00655,SWR,alignment_deviation,C,1,37,22,3.5,True,0
TDMS001422,Traction Distribution,COR00473,CR,tension_device_fault,C,1,10,69,4.3,True,0
SMMS000060,Signal & Telecommunication,COR06242,NR,cable_fault,B,2,4,12,2.8,True,0
TMS002314,Engineering,COR00053,WR,rail_wear,C,1,12,33,0.9,True,0
TDMS001450,Traction Distribution,COR00445,SCR,tension_device_fault,C,1,10,16,3.1,True,0
TMS001336,Engineering,COR00252,WCR,weld_failure,A,3,5,54,1.0,False,1
TDMS000123,Traction Distribution,COR03260,WCR,tension_device_fault,C,1,20,42,3.8,True,0
SMMS000537,Signal & Telecommunication,COR00637,SECR,point_machine_fault,B,2,5,9,1.5,True,0
TMS000237,Engineering,COR01007,NFR,points_crossing_wear,B,2,15,19,2.5,True,0
TMS000972,Engineering,COR02382,WR,rail_wear,C,1,67,31,5.5,True,0
SMMS000408,Signal & Telecommunication,COR01889,SCR,interlocking_fault,A,3,4,61,3.6,True,0
TDMS001144,Traction Distribution,COR05408,SER,feeder_fault,A,3,6,23,5.0,True,0
TMS005113,Engineering,COR05525,ER,formation_defect,B,2,53,9,4.0,True,0
TMS003229,Engineering,COR03612,SWR,weld_failure,A,3,10,20,1.1,True,0
TMS005065,Engineering,COR01715,WCR,sleeper_defect,B,2,8,54,2.2,True,0
SMMS001806,Signal & Telecommunication,COR04955,KR,cable_fault,B,2,1,25,2.7,False,0
SMMS000601,Signal & Telecommunication,COR01363,WR,interlocking_fault,A,3,4,34,3.9,True,0
TDMS000168,Traction Distribution,COR03255,WCR,ohe_pole_defect,C,1,257,42,0.9,True,0
SMMS000098,Signal & Telecommunication,COR01774,SWR,block_instrument_fault,B,2,2,7,0.7,True,0
TMS002313,Engineering,COR00034,WR,points_crossing_wear,B,2,5,36,5.9,True,0
TMS001245,Engineering,COR03843,NFR,rail_wear,C,1,355,14,2.7,True,0
TMS000122,Engineering,COR02150,SR,sleeper_defect,B,2,14,70,2.3,True,0
TMS003974,Engineering,COR00265,WCR,sleeper_defect,B,2,10,54,0.7,True,0
TMS005589,Engineering,COR01598,SWR,ballast_deficiency,C,1,23,25,5.4,True,0
TDMS002407,Traction Distribution,COR01880,SCR,ohe_pole_defect,C,1,2,62,4.3,True,0
SMMS000931,Signal & Telecommunication,COR00537,SR,interlocking_fault,A,3,30,19,3.9,True,0
TMS002878,Engineering,COR03716,SWR,points_crossing_wear,B,2,78,4,3.2,True,0
SMMS002025,Signal & Telecommunication,COR00482,WCR,signal_failure,A,3,1,69,2.1,True,1
TMS004065,Engineering,COR04145,SR,formation_defect,B,2,6,35,1.4,True,0
SMMS000167,Signal & Telecommunication,COR03823,NFR,axle_counter_fault,A,3,49,19,2.0,True,0
TMS001257,Engineering,COR05673,NR,ballast_deficiency,C,1,5,6,3.9,True,0
SMMS001308,Signal & Telecommunication,COR03807,SR,interlocking_fault,A,3,4,22,2.6,True,0
TDMS002190,Traction Distribution,COR01944,SCR,circuit_breaker_fault,A,3,14,22,4.3,True,0
TMS005350,Engineering,COR04222,NR,ballast_deficiency,C,1,9,13,4.1,True,0
SMMS002373,Signal & Telecommunication,COR05441,WCR,cable_fault,B,2,2,2,3.3,True,0
TDMS002210,Traction Distribution,COR00487,WCR,feeder_fault,A,3,423,69,2.6,True,1
SMMS000804,Signal & Telecommunication,COR04930,KR,block_instrument_fault,B,2,3,26,1.0,True,0
TDMS002122,Traction Distribution,COR00691,WR,circuit_breaker_fault,A,3,2,90,1.8,True,1
SMMS000600,Signal & Telecommunication,COR04026,WR,cable_fault,B,2,6,14,2.4,True,0
TMS005107,Engineering,COR03298,SWR,rail_wear,C,1,53,10,2.5,True,0
TDMS002362,Traction Distribution,COR01678,WCR,ohe_wire_wear,B,2,5,55,1.9,True,0
SMMS000706,Signal & Telecommunication,COR05405,NCR,cable_fault,B,2,0,11,1.5,True,0
TMS003491,Engineering,COR05028,NFR,ballast_deficiency,C,1,12,9,5.9,True,0
SMMS000309,Signal & Telecommunication,COR07707,NWR,lc_gate_interlock_fault,A,3,2,5,2.5,True,0
SMMS002184,Signal & Telecommunication,COR00986,NFR,point_machine_fault,B,2,4,19,1.6,True,0
TDMS001193,Traction Distribution,COR04207,NWR,ohe_wire_wear,B,2,97,7,4.8,True,0
SMMS001097,Signal & Telecommunication,COR06048,NER,signal_failure,A,3,0,10,2.6,False,0
TMS001887,Engineering,COR02130,SCR,sleeper_defect,B,2,65,20,1.5,True,0
TMS003954,Engineering,COR00558,NR,ballast_deficiency,C,1,58,35,4.5,True,0
TMS004123,Engineering,COR04374,SR,alignment_deviation,C,1,23,9,1.7,False,0
TDMS000269,Traction Distribution,COR02737,SR,circuit_breaker_fault,A,3,92,18,3.9,True,0
TMS005885,Engineering,COR07402,NR,alignment_deviation,C,1,43,8,2.9,False,0
SMMS001830,Signal & Telecommunication,COR04923,CR,block_instrument_fault,B,2,0,26,3.3,True,0
SMMS000292,Signal & Telecommunication,COR01833,WR,lc_gate_interlock_fault,A,3,2,30,2.6,True,0
TDMS001576,Traction Distribution,COR02832,WR,ohe_pole_defect,C,1,51,95,2.6,True,0
TDMS001987,Traction Distribution,COR00617,SCR,ohe_pole_defect,C,1,1,63,1.0,True,0
TDMS000778,Traction Distribution,COR05118,WCR,earthing_fault,B,2,3,5,3.8,True,0
TDMS002396,Traction Distribution,COR02804,WR,circuit_breaker_fault,A,3,114,54,1.8,True,1
TMS002996,Engineering,COR00196,ECR,ballast_deficiency,C,1,44,19,5.0,True,0
TMS005075,Engineering,COR01613,SWR,points_crossing_wear,B,2,84,26,2.7,True,0
SMMS000384,Signal & Telecommunication,COR03882,NR,cable_fault,B,2,5,30,2.3,True,0
TMS000997,Engineering,COR01191,CR,rail_wear,C,1,12,22,5.3,False,0
TMS004555,Engineering,COR01430,SECR,ballast_deficiency,C,1,20,4,5.4,False,0
TMS005981,Engineering,COR04600,NFR,points_crossing_wear,B,2,34,15,4.4,True,0
TDMS000912,Traction Distribution,COR01340,NWR,tension_device_fault,C,1,24,30,0.9,True,0
TDMS000241,Traction Distribution,COR00765,NR,tension_device_fault,C,1,257,37,2.0,True,0
TDMS001767,Traction Distribution,COR03693,SER,ohe_wire_wear,B,2,19,23,4.4,True,0
TDMS002451,Traction Distribution,COR01782,SWR,earthing_fault,B,2,20,30,3.2,True,0
TMS002579,Engineering,COR01785,SWR,rail_fracture,A,3,4,9,5.2,True,0
TMS001728,Engineering,COR05599,NR,alignment_deviation,C,1,413,17,5.4,True,0
TDMS001455,Traction Distribution,COR00424,SCR,feeder_fault,A,3,8,20,3.7,True,0
TDMS001121,Traction Distribution,COR06396,NER,earthing_fault,B,2,27,19,3.9,True,0
TDMS001091,Traction Distribution,COR00673,WR,earthing_fault,B,2,4,94,4.0,True,0
TMS003445,Engineering,COR00372,NER,points_crossing_wear,C,1,2,21,1.2,True,0
TDMS002032,Traction Distribution,COR05538,SECR,earthing_fault,B,2,562,6,2.7,True,1
TDMS000135,Traction Distribution,COR00692,WR,tension_device_fault,C,1,6,92,3.9,True,0
TMS000423,Engineering,COR06136,WR,points_crossing_wear,B,2,54,9,3.5,True,0
TMS005450,Engineering,COR03600,NWR,alignment_deviation,C,1,165,6,2.9,True,0
TMS002308,Engineering,COR02272,ECR,ballast_deficiency,C,1,2,16,0.7,True,0
TMS002034,Engineering,COR01761,WCR,ballast_deficiency,C,1,4,33,5.8,False,0
TMS001537,Engineering,COR00683,WR,formation_defect,B,2,77,90,4.1,True,0
SMMS001241,Signal & Telecommunication,COR04073,SWR,signal_failure,A,3,3,9,3.8,True,0
TDMS001614,Traction Distribution,COR02192,SWR,insulator_fault,B,2,9,20,0.8,True,0
TDMS000370,Traction Distribution,COR04970,ER,circuit_breaker_fault,A,3,6,1,4.2,True,0
TMS001158,Engineering,COR01204,CR,points_crossing_wear,B,2,2,22,3.5,True,0
TMS003493,Engineering,COR05125,NR,ballast_deficiency,C,1,3,6,1.7,False,0
SMMS002412,Signal & Telecommunication,COR00224,WCR,point_machine_fault,B,2,27,53,3.6,True,0
TMS002212,Engineering,COR04919,CR,alignment_deviation,C,1,6,26,1.1,True,0
TMS003559,Engineering,COR02813,WR,alignment_deviation,C,1,54,92,3.0,True,0
TMS005951,Engineering,COR05665,NWR,alignment_deviation,A,3,1,8,1.8,True,0
TMS002406,Engineering,COR04150,SR,formation_defect,B,2,51,35,1.8,True,0
TMS004426,Engineering,COR04923,CR,points_crossing_wear,B,2,77,26,4.2,True,0
TDMS000474,Traction Distribution,COR02944,SR,ohe_wire_wear,B,2,287,7,3.7,True,0
TMS004063,Engineering,COR03890,NR,formation_defect,B,2,14,27,4.5,True,0
TDMS001880,Traction Distribution,COR03579,SER,tension_device_fault,C,1,13,21,0.5,True,0
TMS001518,Engineering,COR01730,NR,alignment_deviation,C,1,2629,34,3.7,True,1
SMMS001534,Signal & Telecommunication,COR03229,WR,block_instrument_fault,B,2,166,3,1.6,True,0
TDMS001833,Traction Distribution,COR04160,SR,tension_device_fault,C,1,350,35,1.6,True,0
TDMS001692,Traction Distribution,COR04268,WR,ohe_wire_wear,B,2,147,33,4.2,True,0
SMMS001203,Signal & Telecommunication,COR00224,WCR,cable_fault,B,2,28,53,2.4,True,0
TMS001476,Engineering,COR01891,SCR,alignment_deviation,C,1,61,66,2.3,True,0
TMS004687,Engineering,COR01715,WCR,alignment_deviation,C,1,3,54,0.6,True,0
TMS002214,Engineering,COR01955,NR,formation_defect,A,3,20,30,4.9,True,0
TMS002512,Engineering,COR04144,SR,sleeper_defect,B,2,459,35,4.0,False,1
SMMS000656,Signal & Telecommunication,COR08008,WR,point_machine_fault,B,2,2,2,1.6,True,0
TMS003816,Engineering,COR01708,WCR,alignment_deviation,C,1,11,58,4.2,False,0
TDMS000730,Traction Distribution,COR01720,NCR,tension_device_fault,C,1,94,54,3.5,True,0
TMS002380,Engineering,COR05143,ECR,points_crossing_wear,B,2,10,4,0.6,True,0
TMS002298,Engineering,COR04146,SR,sleeper_defect,B,2,15,35,1.8,True,0
SMMS001778,Signal & Telecommunication,COR04048,NER,point_machine_fault,B,2,18,21,3.9,True,0
TMS005603,Engineering,COR04699,CR,ballast_deficiency,C,1,74,26,4.8,True,0
TDMS000350,Traction Distribution,COR02597,KR,ohe_wire_wear,B,2,92,22,1.5,True,0
TDMS002187,Traction Distribution,COR02982,SR,ohe_wire_wear,B,2,528,40,1.4,True,1
TDMS001895,Traction Distribution,COR02461,ER,ohe_wire_wear,B,2,17,12,3.0,True,0
TDMS002102,Traction Distribution,COR03256,WCR,tension_device_fault,C,1,33,42,4.9,True,0
SMMS002065,Signal & Telecommunication,COR01711,WCR,interlocking_fault,A,3,0,54,1.9,True,1
TDMS000368,Traction Distribution,COR02852,SWR,ohe_wire_wear,B,2,88,14,2.2,True,0
SMMS001694,Signal & Telecommunication,COR02351,NWR,cable_fault,B,2,3,13,2.3,True,0
TDMS000694,Traction Distribution,COR02978,SR,feeder_fault,A,3,47,40,4.0,True,1
SMMS001638,Signal & Telecommunication,COR05221,NCR,cable_fault,B,2,0,4,3.9,True,0
TDMS001986,Traction Distribution,COR04150,SR,insulator_fault,B,2,373,35,0.6,True,1
TDMS000243,Traction Distribution,COR01931,SCR,ohe_wire_wear,B,2,117,22,4.0,True,0
TMS002425,Engineering,COR01884,SCR,ballast_deficiency,C,1,53,62,4.9,True,0
TDMS001543,Traction Distribution,COR00557,NR,ohe_pole_defect,C,1,111,35,1.5,True,0
TDMS001847,Traction Distribution,COR04905,SWR,ohe_wire_wear,B,2,0,20,3.0,True,0
SMMS000909,Signal & Telecommunication,COR00719,WR,cable_fault,B,2,4,51,3.7,True,0
SMMS002850,Signal & Telecommunication,COR01327,NWR,lc_gate_interlock_fault,A,3,3,30,0.5,True,0
TMS001250,Engineering,COR04891,SR,formation_defect,B,2,4,3,4.4,True,0
TDMS001771,Traction Distribution,COR02319,WR,insulator_fault,B,2,187,23,1.5,True,0
SMMS002566,Signal & Telecommunication,COR06754,SWR,signal_failure,A,3,0,7,3.4,True,0
TMS003424,Engineering,COR00708,WR,rail_fracture,A,3,4,54,5.2,True,1
SMMS001774,Signal & Telecommunication,COR01435,ECR,cable_fault,B,2,3,39,0.7,True,0
TDMS001969,Traction Distribution,COR06103,WR,earthing_fault,B,2,116,12,1.9,True,0
TMS002345,Engineering,COR06775,NWR,ballast_deficiency,C,1,11,9,5.1,True,0
SMMS000138,Signal & Telecommunication,COR04941,KR,cable_fault,B,2,0,26,3.4,True,0
SMMS000086,Signal & Telecommunication,COR00015,WR,block_instrument_fault,B,2,1,26,0.9,True,0
TMS004445,Engineering,COR02821,WR,rail_fracture,A,3,5,90,2.4,True,0
TMS005581,Engineering,COR00638,SECR,sleeper_defect,B,2,9,9,3.4,True,0
TDMS000798,Traction Distribution,COR02459,ER,earthing_fault,B,2,45,12,1.7,True,0
TDMS000739,Traction Distribution,COR00536,SR,ohe_wire_wear,B,2,13,19,1.5,True,0
SMMS000829,Signal & Telecommunication,COR02108,SWR,lc_gate_interlock_fault,A,3,4,25,1.5,True,0
TMS000066,Engineering,COR04950,KR,alignment_deviation,C,1,326,25,1.5,True,0
SMMS001637,Signal & Telecommunication,COR02345,WR,point_machine_fault,B,2,2,11,3.7,True,0
TMS003586,Engineering,COR04992,SR,ballast_deficiency,C,1,14,13,5.6,True,0
TDMS001003,Traction Distribution,COR04159,SR,ohe_wire_wear,B,2,442,35,5.0,True,1
TMS005671,Engineering,COR04265,WR,points_crossing_wear,B,2,65,24,5.6,True,0
TMS004613,Engineering,COR03570,SER,sleeper_defect,B,2,9,26,3.6,True,0
TMS001269,Engineering,COR01004,NFR,rail_wear,C,1,3,19,2.4,True,0
SMMS001473,Signal & Telecommunication,COR01893,SCR,cable_fault,B,2,2,66,2.1,True,0
TDMS001478,Traction Distribution,COR06449,WR,earthing_fault,B,2,546,2,2.1,True,0
TMS003786,Engineering,COR01523,CR,ballast_deficiency,C,1,7,50,2.1,True,0
SMMS000561,Signal & Telecommunication,COR01209,CR,block_instrument_fault,B,2,159,22,1.2,True,0
SMMS002720,Signal & Telecommunication,COR00223,WCR,block_instrument_fault,B,2,5,53,1.0,True,0
TMS005376,Engineering,COR01686,WCR,points_crossing_wear,B,2,77,55,4.5,False,0
TMS003589,Engineering,COR04939,KR,rail_wear,C,1,12,26,6.0,True,0
TDMS001438,Traction Distribution,COR02199,SR,ohe_wire_wear,B,2,0,17,2.3,True,0
TDMS002103,Traction Distribution,COR03075,SR,tension_device_fault,C,1,107,40,2.1,True,0
SMMS002830,Signal & Telecommunication,COR02200,SR,cable_fault,B,2,20,17,0.9,False,0
TDMS001810,Traction Distribution,COR01683,WCR,insulator_fault,B,2,172,55,0.5,True,1
TMS005399,Engineering,COR00362,WR,rail_wear,C,1,170,9,2.2,True,0
TMS004779,Engineering,COR00260,WCR,sleeper_defect,B,2,90,54,0.7,True,0
TMS003875,Engineering,COR04368,ECR,ballast_deficiency,C,1,7,11,4.4,False,0
TDMS000603,Traction Distribution,COR02356,NWR,insulator_fault,B,2,64,24,0.6,True,0
TMS005090,Engineering,COR00775,NR,alignment_deviation,C,1,4,35,1.5,True,0
TMS004203,Engineering,COR00655,SWR,ballast_deficiency,C,1,241,22,2.7,True,0
TMS004955,Engineering,COR03906,NR,alignment_deviation,C,1,12,22,1.3,True,0
TMS001020,Engineering,COR03254,WCR,ballast_deficiency,C,1,15,42,1.8,True,0
TMS001021,Engineering,COR03888,NR,points_crossing_wear,B,2,44,27,2.5,True,0
TDMS000955,Traction Distribution,COR01356,WR,feeder_fault,A,3,93,25,4.3,True,1
TMS002072,Engineering,COR06017,NWR,points_crossing_wear,B,2,11,6,1.9,True,0
SMMS002967,Signal & Telecommunication,COR02265,ECR,cable_fault,B,2,22,16,1.3,True,0
TMS005833,Engineering,COR07528,NFR,weld_failure,A,3,3,6,1.2,True,0
TDMS001301,Traction Distribution,COR02172,SR,insulator_fault,B,2,17,9,0.9,True,0
TDMS001230,Traction Distribution,COR01339,NWR,earthing_fault,B,2,1,30,4.5,True,0
TDMS001759,Traction Distribution,COR06805,NWR,ohe_pole_defect,C,1,9,4,2.9,True,0
TMS000477,Engineering,COR00717,WR,points_crossing_wear,B,2,40,53,1.8,True,0
SMMS000129,Signal & Telecommunication,COR00159,NR,interlocking_fault,A,3,0,53,1.0,True,0
SMMS001366,Signal & Telecommunication,COR05467,ER,block_instrument_fault,B,2,47,2,2.0,True,0
SMMS001188,Signal & Telecommunication,COR03251,WCR,interlocking_fault,A,3,0,42,2.8,True,0
SMMS002618,Signal & Telecommunication,COR01204,CR,interlocking_fault,A,3,0,22,3.1,True,0
TMS001926,Engineering,COR05598,NR,rail_fracture,A,3,2,21,4.4,False,0
TDMS001736,Traction Distribution,COR02692,NR,earthing_fault,B,2,73,19,4.4,True,0
TMS004464,Engineering,COR06084,NFR,sleeper_defect,B,2,240,3,4.9,True,0
TMS004358,Engineering,COR01720,NCR,weld_failure,A,3,13,54,4.7,True,1
SMMS000984,Signal & Telecommunication,COR03001,ECR,point_machine_fault,B,2,5,5,3.9,True,0
SMMS002213,Signal & Telecommunication,COR03372,NWR,signal_failure,A,3,1,11,2.8,True,0
TMS001886,Engineering,COR01875,SCR,alignment_deviation,C,1,5,62,5.3,True,0
SMMS001208,Signal & Telecommunication,COR00232,WCR,block_instrument_fault,B,2,118,57,3.1,True,1
SMMS000044,Signal & Telecommunication,COR06007,NWR,signal_failure,A,3,11,9,2.1,True,0
SMMS002228,Signal & Telecommunication,COR04720,SCR,cable_fault,B,2,2,7,2.5,True,0
SMMS000248,Signal & Telecommunication,COR03352,SR,interlocking_fault,A,3,7,9,2.2,True,0
TMS003062,Engineering,COR06401,NER,weld_failure,A,3,66,19,1.9,False,0
TDMS000343,Traction Distribution,COR04690,KR,circuit_breaker_fault,A,3,16,26,1.1,True,0
TDMS000610,Traction Distribution,COR00051,WR,circuit_breaker_fault,A,3,15,24,1.1,True,0
SMMS001338,Signal & Telecommunication,COR03298,SWR,block_instrument_fault,B,2,4,10,1.5,True,0
TDMS001834,Traction Distribution,COR06489,NWR,circuit_breaker_fault,A,3,46,4,4.2,True,0
SMMS001952,Signal & Telecommunication,COR04652,KR,point_machine_fault,B,2,0,22,1.0,True,0
SMMS000945,Signal & Telecommunication,COR02865,SWR,point_machine_fault,B,2,4,18,1.4,True,0
TMS004751,Engineering,COR01832,WR,points_crossing_wear,B,2,303,36,1.8,True,1
TMS000240,Engineering,COR00610,SCR,alignment_deviation,C,1,78,67,3.5,True,0
SMMS001823,Signal & Telecommunication,COR02167,SR,point_machine_fault,B,2,1,21,3.6,False,0
TMS000224,Engineering,COR03576,SER,formation_defect,B,2,60,25,3.5,True,0
TMS000094,Engineering,COR04221,NR,sleeper_defect,B,2,213,2,5.2,True,0
TDMS000812,Traction Distribution,COR01033,NFR,ohe_wire_wear,B,2,13,25,4.2,True,0
TMS001929,Engineering,COR07146,NFR,weld_failure,A,3,2,3,3.2,True,0
SMMS001502,Signal & Telecommunication,COR03092,SR,interlocking_fault,A,3,4,40,1.5,True,0
TMS004299,Engineering,COR01556,CR,weld_failure,A,3,71,22,1.6,True,0
TMS001525,Engineering,COR02149,SR,points_crossing_wear,B,2,2448,70,1.9,True,1
TDMS002321,Traction Distribution,COR00673,WR,ohe_pole_defect,C,1,111,94,1.9,True,0
TMS001005,Engineering,COR00694,WR,sleeper_defect,B,2,12,92,4.5,True,0
TMS003205,Engineering,COR01733,NR,formation_defect,B,2,46,10,4.3,True,0
TMS002274,Engineering,COR05409,SER,alignment_deviation,C,1,11,23,5.9,False,0
TMS005353,Engineering,COR00379,NER,rail_wear,C,1,76,21,2.1,True,0
TDMS001129,Traction Distribution,COR04978,WR,ohe_pole_defect,C,1,2,11,1.2,True,0
SMMS002386,Signal & Telecommunication,COR00669,ECR,signal_failure,A,3,4,11,3.7,False,0
TMS001051,Engineering,COR00210,NCR,rail_wear,C,1,243,53,5.7,True,1
TMS001087,Engineering,COR05821,NWR,ballast_deficiency,C,1,1,11,0.9,True,0
TMS002409,Engineering,COR01763,WCR,sleeper_defect,B,2,2071,43,1.2,True,1
TMS000360,Engineering,COR05599,NR,rail_fracture,A,3,8,17,4.3,False,0
TMS004212,Engineering,COR04427,CR,alignment_deviation,C,1,6,6,5.2,True,0
TDMS001073,Traction Distribution,COR00256,WCR,earthing_fault,B,2,9,54,0.5,True,0
TDMS001005,Traction Distribution,COR05274,SCR,tension_device_fault,C,1,110,12,4.6,True,0
SMMS000830,Signal & Telecommunication,COR06522,NR,point_machine_fault,B,2,2,11,1.7,True,0
SMMS001695,Signal & Telecommunication,COR00917,SWR,cable_fault,B,2,23,10,2.7,True,0
TDMS001277,Traction Distribution,COR00266,WCR,feeder_fault,A,3,532,54,4.0,True,1
SMMS002765,Signal & Telecommunication,COR03285,SWR,block_instrument_fault,B,2,3,11,2.2,True,0
SMMS001389,Signal & Telecommunication,COR00247,WCR,cable_fault,B,2,1,54,2.6,False,0
SMMS000040,Signal & Telecommunication,COR02148,SR,signal_failure,A,3,158,70,2.5,True,1
SMMS001496,Signal & Telecommunication,COR00249,WCR,lc_gate_interlock_fault,A,3,15,54,2.4,True,1
TMS005382,Engineering,COR00544,SR,ballast_deficiency,C,1,101,35,4.5,True,0
TMS001411,Engineering,COR04512,SWR,weld_failure,A,3,146,10,3.7,True,0
TMS003306,Engineering,COR04173,NR,weld_failure,A,3,1,18,3.5,False,0
TMS002613,Engineering,COR00698,WR,ballast_deficiency,C,1,88,92,5.1,False,0
TMS005944,Engineering,COR04537,NR,rail_fracture,A,3,33,38,5.3,True,0
SMMS001582,Signal & Telecommunication,COR00050,WR,block_instrument_fault,B,2,12,36,3.4,False,0
SMMS001811,Signal & Telecommunication,COR00031,WR,axle_counter_fault,A,3,4,36,2.6,True,0
TMS003903,Engineering,COR01832,WR,sleeper_defect,B,2,13,36,0.8,True,0
TMS004138,Engineering,COR06228,NFR,ballast_deficiency,C,1,11,4,0.9,True,0
TMS001651,Engineering,COR01623,SWR,alignment_deviation,C,1,78,25,2.9,True,0
SMMS001149,Signal & Telecommunication,COR06797,SWR,point_machine_fault,B,2,1,1,1.4,True,0
TDMS000028,Traction Distribution,COR00698,WR,tension_device_fault,C,1,37,92,2.7,True,0
TMS001604,Engineering,COR02432,ER,alignment_deviation,C,1,8,8,4.3,True,0
TDMS000041,Traction Distribution,COR01683,WCR,insulator_fault,B,2,16,55,3.4,True,0
TDMS001463,Traction Distribution,COR04196,NWR,ohe_pole_defect,C,1,104,7,3.7,True,0
TMS002782,Engineering,COR03942,WCR,sleeper_defect,B,2,5,30,1.8,True,0
TDMS002142,Traction Distribution,COR00668,ECR,tension_device_fault,C,1,20,15,1.8,True,0
SMMS002558,Signal & Telecommunication,COR02444,ER,axle_counter_fault,A,3,1,19,3.7,True,0
SMMS000236,Signal & Telecommunication,COR01405,SR,point_machine_fault,B,2,2,11,3.2,True,0
TDMS002238,Traction Distribution,COR02832,WR,insulator_fault,B,2,77,95,2.5,True,0
TMS001334,Engineering,COR03097,ECR,sleeper_defect,B,2,83,7,3.3,True,0
TMS002623,Engineering,COR04616,NFR,rail_wear,C,1,8,18,5.5,True,0
SMMS002622,Signal & Telecommunication,COR04140,SR,cable_fault,B,2,168,35,1.0,False,0
TMS004217,Engineering,COR05904,ER,ballast_deficiency,C,1,1,10,4.0,True,0
TMS005789,Engineering,COR03330,NR,sleeper_defect,B,2,13,15,4.6,True,0
TMS005130,Engineering,COR07524,WR,formation_defect,B,2,7,4,4.5,True,0
TMS005840,Engineering,COR00484,WCR,rail_wear,C,1,15,69,3.2,True,0
SMMS002109,Signal & Telecommunication,COR00092,NWR,interlocking_fault,A,3,3,30,1.2,True,0
TMS004876,Engineering,COR02159,SR,sleeper_defect,B,2,3,70,1.9,True,0
TMS002647,Engineering,COR00719,WR,rail_fracture,A,3,12,51,4.0,True,0
TDMS001098,Traction Distribution,COR03442,NWR,tension_device_fault,C,1,13,5,3.2,True,0
TMS005447,Engineering,COR01357,WR,alignment_deviation,C,1,8,24,2.1,True,0
TMS003560,Engineering,COR04545,NR,rail_fracture,A,3,9,38,5.4,True,0
TMS005255,Engineering,COR00162,NR,alignment_deviation,B,2,14,52,0.8,True,0
TMS002676,Engineering,COR05249,SECR,alignment_deviation,C,1,78,7,2.2,True,0
TDMS000849,Traction Distribution,COR01862,NR,ohe_wire_wear,B,2,17,37,5.0,True,0
TMS002812,Engineering,COR02049,CR,alignment_deviation,C,1,3,6,3.3,True,0
TMS001551,Engineering,COR01229,CR,formation_defect,B,2,10,6,3.7,True,0
TMS000889,Engineering,COR02085,SWR,sleeper_defect,C,1,14,25,2.0,True,0
TDMS000257,Traction Distribution,COR01999,NR,feeder_fault,A,3,5,7,4.6,True,0
TMS004371,Engineering,COR02952,SCR,points_crossing_wear,B,2,22,24,1.6,True,0
TDMS002155,Traction Distribution,COR03647,SCR,ohe_pole_defect,C,1,49,14,2.7,True,0
TMS005369,Engineering,COR01648,SWR,alignment_deviation,C,1,1901,29,3.4,True,1
TMS000111,Engineering,COR03475,NCR,formation_defect,B,2,63,14,3.1,True,0
TMS002771,Engineering,COR01486,NFR,weld_failure,A,3,148,22,2.4,True,0
TMS001064,Engineering,COR01840,NR,ballast_deficiency,C,1,0,36,2.6,True,0
SMMS001799,Signal & Telecommunication,COR02907,SR,point_machine_fault,B,2,16,18,3.0,True,0
TDMS000108,Traction Distribution,COR04597,NFR,ohe_wire_wear,B,2,42,15,1.0,True,0
TDMS000667,Traction Distribution,COR04080,SWR,feeder_fault,A,3,17,11,0.6,True,0
TDMS001908,Traction Distribution,COR01728,NCR,ohe_wire_wear,B,2,13,54,4.6,True,0
SMMS000722,Signal & Telecommunication,COR06269,NR,point_machine_fault,B,2,28,6,3.8,True,0
TDMS001640,Traction Distribution,COR04077,SWR,tension_device_fault,C,1,13,11,3.7,True,0
TMS003317,Engineering,COR08063,NCR,alignment_deviation,C,1,38,3,4.8,True,0
SMMS002851,Signal & Telecommunication,COR04869,NWR,lc_gate_interlock_fault,A,3,20,8,3.3,True,0
TDMS000459,Traction Distribution,COR05590,SER,ohe_wire_wear,B,2,6,8,4.6,True,0
TMS005681,Engineering,COR04801,NCR,formation_defect,B,2,276,10,2.3,False,0
TDMS000528,Traction Distribution,COR02448,ER,earthing_fault,B,2,31,19,2.6,True,0
TMS002973,Engineering,COR00135,NWR,sleeper_defect,B,2,89,27,2.9,True,0
TMS003334,Engineering,COR04270,CR,ballast_deficiency,C,1,19,33,3.7,True,0
TDMS000402,Traction Distribution,COR02551,SECR,circuit_breaker_fault,A,3,7,5,2.0,True,0
TDMS001693,Traction Distribution,COR08453,ER,circuit_breaker_fault,A,3,12,1,0.8,True,0
TMS004147,Engineering,COR06266,NR,formation_defect,B,2,11,3,2.2,True,0
TMS001172,Engineering,COR01903,SCR,ballast_deficiency,C,1,15,9,1.5,False,0
SMMS000438,Signal & Telecommunication,COR00216,WCR,point_machine_fault,B,2,1,53,3.1,True,0
SMMS000809,Signal & Telecommunication,COR04478,WCR,lc_gate_interlock_fault,A,3,3,34,1.9,True,0
TDMS000487,Traction Distribution,COR01470,NFR,ohe_pole_defect,C,1,89,25,0.8,True,0
TMS002046,Engineering,COR02229,SWR,weld_failure,A,3,2,21,4.6,True,0
SMMS000800,Signal & Telecommunication,COR02095,SWR,cable_fault,B,2,0,24,1.1,True,0
TMS005198,Engineering,COR02154,SR,sleeper_defect,B,2,1,70,3.2,True,0
SMMS000629,Signal & Telecommunication,COR04296,NER,lc_gate_interlock_fault,A,3,3,16,2.0,True,0
TMS002340,Engineering,COR04294,NER,weld_failure,A,3,1,18,3.2,True,0
TDMS001231,Traction Distribution,COR01554,CR,feeder_fault,A,3,19,22,2.2,True,0
SMMS000769,Signal & Telecommunication,COR00016,WR,point_machine_fault,B,2,3,25,2.0,True,0
TMS004196,Engineering,COR07396,NR,points_crossing_wear,B,2,10,8,5.7,True,0
TMS003155,Engineering,COR06342,NR,rail_wear,C,1,4,7,4.7,True,0
TDMS001384,Traction Distribution,COR08300,WR,ohe_wire_wear,B,2,20,2,1.1,True,0
TMS002530,Engineering,COR01719,WCR,sleeper_defect,B,2,14,53,0.6,True,0
SMMS000417,Signal & Telecommunication,COR04537,NR,interlocking_fault,A,3,0,38,1.5,True,1
SMMS000659,Signal & Telecommunication,COR01687,WCR,signal_failure,A,3,4,55,3.3,True,1
TMS003592,Engineering,COR00769,NR,alignment_deviation,C,1,12,35,1.6,True,0
TDMS001781,Traction Distribution,COR00835,NWR,insulator_fault,B,2,400,11,2.4,True,1
TDMS002456,Traction Distribution,COR03616,SWR,earthing_fault,B,2,11,14,4.6,True,0
TDMS002293,Traction Distribution,COR02981,SR,earthing_fault,B,2,0,40,0.9,True,0
TMS003536,Engineering,COR01764,WCR,points_crossing_wear,B,2,23,43,5.2,True,0
TMS002451,Engineering,COR00774,NR,rail_fracture,A,3,9,35,3.2,True,0
TMS005475,Engineering,COR01142,SWR,rail_fracture,A,3,2,13,2.2,True,0
SMMS002342,Signal & Telecommunication,COR02374,SECR,signal_failure,A,3,5,7,3.7,True,0
TMS002607,Engineering,COR03349,SR,alignment_deviation,C,1,8,9,2.0,True,0
SMMS000970,Signal & Telecommunication,COR06150,SR,block_instrument_fault,B,2,29,7,1.9,True,0
TMS003762,Engineering,COR06052,NER,sleeper_defect,B,2,8,6,1.9,False,0
TMS001748,Engineering,COR02372,SECR,rail_wear,A,3,78,7,1.5,True,0
SMMS002191,Signal & Telecommunication,COR05348,SCR,point_machine_fault,B,2,0,4,0.7,True,0
TMS005996,Engineering,COR04546,NR,weld_failure,A,3,9,36,0.9,False,0
SMMS002245,Signal & Telecommunication,COR02156,SR,cable_fault,B,2,77,70,2.7,True,0
TMS001124,Engineering,COR01859,NR,alignment_deviation,C,1,7,37,1.2,True,0
TMS004809,Engineering,COR05242,NFR,formation_defect,B,2,13,9,3.4,False,0
TMS000643,Engineering,COR00610,SCR,sleeper_defect,B,2,1,67,5.2,True,0
TMS002549,Engineering,COR02766,NR,rail_wear,C,1,45,29,1.0,False,0
SMMS002093,Signal & Telecommunication,COR01729,NCR,block_instrument_fault,B,2,1,54,3.4,True,0
TMS000685,Engineering,COR02738,SR,alignment_deviation,C,1,5,18,3.2,True,0
SMMS000271,Signal & Telecommunication,COR01854,NR,cable_fault,B,2,5,36,3.1,False,0
TMS005474,Engineering,COR02971,SR,points_crossing_wear,B,2,58,40,5.7,False,0
SMMS001432,Signal & Telecommunication,COR02223,SWR,cable_fault,B,2,4,20,2.4,True,0
TMS005418,Engineering,COR00524,NWR,rail_fracture,A,3,0,11,5.0,True,0
TDMS001729,Traction Distribution,COR00076,NWR,earthing_fault,B,2,328,30,0.7,True,1
TMS003822,Engineering,COR00214,NCR,weld_failure,A,3,1380,53,5.4,True,1
TMS003614,Engineering,COR02077,SWR,weld_failure,A,3,2,25,4.3,True,0
TMS003689,Engineering,COR00626,SCR,rail_wear,C,1,45,63,4.3,True,0
TDMS002280,Traction Distribution,COR03656,SCR,ohe_pole_defect,C,1,19,15,2.5,True,0
SMMS002362,Signal & Telecommunication,COR01535,SCR,point_machine_fault,B,2,0,8,0.6,True,0
TDMS000254,Traction Distribution,COR02310,NR,tension_device_fault,C,1,159,30,1.7,True,0
TDMS000676,Traction Distribution,COR01085,SWR,earthing_fault,B,2,36,22,4.3,True,0
TMS000712,Engineering,COR01469,NFR,ballast_deficiency,C,1,82,25,1.6,True,0
TDMS000057,Traction Distribution,COR02291,NR,tension_device_fault,C,1,89,19,3.8,True,0
SMMS002982,Signal & Telecommunication,COR00761,NR,cable_fault,B,2,1,37,2.2,True,0
TMS001410,Engineering,COR04935,KR,alignment_deviation,C,1,72,26,5.6,False,0
TMS002997,Engineering,COR04931,KR,formation_defect,B,2,13,26,3.7,True,0
TMS004997,Engineering,COR00421,SCR,rail_wear,C,1,332,53,4.6,True,1
TMS002876,Engineering,COR02145,SCR,alignment_deviation,C,1,7,20,2.2,False,0
TMS001529,Engineering,COR00713,WR,sleeper_defect,A,3,19,53,3.3,True,1
TMS005441,Engineering,COR02681,NR,weld_failure,A,3,6,18,4.2,True,0
TMS003296,Engineering,COR03821,NFR,sleeper_defect,A,3,44,19,1.2,True,0
SMMS001438,Signal & Telecommunication,COR03404,NER,point_machine_fault,B,2,4,4,0.9,True,0
TMS002408,Engineering,COR00894,SCR,sleeper_defect,B,2,4,20,1.8,True,0
TDMS001608,Traction Distribution,COR02811,WR,insulator_fault,B,2,19,92,2.3,True,0
TMS004049,Engineering,COR00221,WCR,ballast_deficiency,C,1,1710,53,2.5,True,0
TMS005946,Engineering,COR02836,WR,weld_failure,A,3,100,68,4.1,True,1
SMMS000908,Signal & Telecommunication,COR03281,SWR,point_machine_fault,B,2,3,12,3.9,True,0
SMMS002110,Signal & Telecommunication,COR00788,NWR,point_machine_fault,B,2,2,26,1.1,True,0
TDMS001860,Traction Distribution,COR02774,NR,insulator_fault,B,2,18,28,4.7,True,0
SMMS001562,Signal & Telecommunication,COR00264,WCR,interlocking_fault,A,3,34,54,3.4,True,1
TMS002943,Engineering,COR00657,SWR,alignment_deviation,C,1,1,22,2.3,True,0
TDMS001764,Traction Distribution,COR05864,NR,insulator_fault,B,2,8,8,4.2,True,0
TMS004374,Engineering,COR03837,NFR,ballast_deficiency,C,1,310,19,4.3,True,0
TMS001659,Engineering,COR04026,WR,alignment_deviation,C,1,50,14,2.7,True,0
TMS003623,Engineering,COR02077,SWR,alignment_deviation,C,1,3,25,4.4,True,0
TMS003217,Engineering,COR04242,NR,rail_wear,C,1,66,18,3.0,True,0
TMS005003,Engineering,COR05183,ECR,rail_wear,C,1,50,17,3.8,True,0
SMMS001892,Signal & Telecommunication,COR00679,WR,signal_failure,A,3,2,94,3.0,True,1
TDMS001744,Traction Distribution,COR01435,ECR,ohe_wire_wear,B,2,18,39,1.4,True,0
TMS001358,Engineering,COR00916,SWR,ballast_deficiency,C,1,14,10,3.3,False,0
TDMS000625,Traction Distribution,COR02530,NR,ohe_pole_defect,C,1,1,7,3.0,True,0
SMMS000189,Signal & Telecommunication,COR05007,SR,lc_gate_interlock_fault,A,3,4,17,1.8,True,0
SMMS001259,Signal & Telecommunication,COR00827,NWR,signal_failure,A,3,3,11,0.5,True,0
TMS002182,Engineering,COR02810,WR,alignment_deviation,C,1,1,87,3.6,True,0
SMMS002368,Signal & Telecommunication,COR03261,WCR,cable_fault,B,2,21,42,2.4,True,0
TMS000462,Engineering,COR00674,WR,alignment_deviation,C,1,31,66,4.1,True,0
TMS001364,Engineering,COR01013,NFR,alignment_deviation,C,1,4,21,3.0,True,0
TMS003130,Engineering,COR01506,NR,sleeper_defect,B,2,1,6,0.6,True,0
TDMS001644,Traction Distribution,COR01759,WCR,earthing_fault,B,2,121,43,4.3,True,0
TMS000006,Engineering,COR04301,NER,rail_wear,C,1,285,13,5.1,True,0
TMS004984,Engineering,COR04810,ECR,sleeper_defect,B,2,227,9,0.7,True,0
TMS004893,Engineering,COR01050,NFR,ballast_deficiency,C,1,1,4,4.8,False,0
SMMS002252,Signal & Telecommunication,COR04140,SR,cable_fault,B,2,5,35,2.6,True,0
SMMS001494,Signal & Telecommunication,COR00920,SWR,axle_counter_fault,A,3,4,10,2.8,True,0
TDMS001196,Traction Distribution,COR01703,WCR,feeder_fault,A,3,72,58,2.2,True,1
TDMS001958,Traction Distribution,COR02920,NER,ohe_pole_defect,C,1,413,5,1.5,True,0
TMS005154,Engineering,COR00648,SWR,ballast_deficiency,C,1,245,22,3.5,False,0
TDMS000929,Traction Distribution,COR05508,ER,insulator_fault,B,2,91,10,4.9,True,0
TMS005612,Engineering,COR00673,WR,formation_defect,B,2,63,94,1.4,True,0
TMS002407,Engineering,COR03768,NER,alignment_deviation,C,1,3,4,3.6,False,0
TMS000426,Engineering,COR03386,NR,sleeper_defect,B,2,47,11,2.3,False,0
TMS005483,Engineering,COR00715,WR,rail_wear,C,1,47,53,3.3,True,0
TMS003498,Engineering,COR02778,NR,weld_failure,A,3,13,28,5.8,True,0
SMMS002801,Signal & Telecommunication,COR01637,SWR,point_machine_fault,B,2,2,27,0.9,True,0
SMMS002323,Signal & Telecommunication,COR06255,SCR,point_machine_fault,B,2,2,16,1.3,True,0
SMMS000128,Signal & Telecommunication,COR00949,SR,cable_fault,B,2,1,10,3.6,True,0
TMS004229,Engineering,COR02677,NR,alignment_deviation,C,1,211,18,3.5,True,0
SMMS001752,Signal & Telecommunication,COR02899,SR,lc_gate_interlock_fault,A,3,21,18,3.0,True,0
TMS000665,Engineering,COR02149,SR,rail_wear,C,1,198,70,5.4,True,0
TMS005630,Engineering,COR00266,WCR,sleeper_defect,B,2,28,54,2.4,True,0
SMMS000336,Signal & Telecommunication,COR03648,SCR,cable_fault,B,2,1,14,2.4,True,0
TMS002035,Engineering,COR07550,SR,weld_failure,A,3,18,5,3.8,True,0
SMMS000449,Signal & Telecommunication,COR00884,SCR,signal_failure,A,3,22,17,2.1,True,0
TMS002049,Engineering,COR02069,SWR,ballast_deficiency,C,1,15,27,2.4,True,0
TMS000587,Engineering,COR00083,NWR,alignment_deviation,C,1,6,30,3.4,True,0
TDMS000909,Traction Distribution,COR00476,CR,tension_device_fault,C,1,20,69,4.3,True,0
TDMS001968,Traction Distribution,COR06155,WR,tension_device_fault,C,1,2,2,1.9,True,0
SMMS002361,Signal & Telecommunication,COR02988,SR,point_machine_fault,B,2,1,41,1.2,True,0
TDMS001006,Traction Distribution,COR08188,WCR,ohe_wire_wear,B,2,40,1,3.3,True,0
TMS005426,Engineering,COR04637,SR,sleeper_defect,B,2,27,22,4.6,True,0
TMS005521,Engineering,COR00224,WCR,weld_failure,A,3,83,53,2.0,True,1
SMMS000811,Signal & Telecommunication,COR00289,CR,cable_fault,B,2,2,68,0.8,False,0
TMS004291,Engineering,COR05685,ECR,formation_defect,B,2,28,11,2.0,True,0
TDMS000202,Traction Distribution,COR02838,WR,feeder_fault,A,3,45,95,3.4,True,1
TMS002631,Engineering,COR01781,SWR,ballast_deficiency,C,1,5,30,3.5,True,0
TMS000811,Engineering,COR01191,CR,points_crossing_wear,B,2,11,22,0.7,True,0
TMS005664,Engineering,COR01947,SCR,points_crossing_wear,B,2,13,22,3.0,True,0
SMMS001887,Signal & Telecommunication,COR02974,SR,block_instrument_fault,B,2,3,40,3.7,True,0
TMS001300,Engineering,COR02900,SR,rail_wear,C,1,1,18,5.1,True,0
SMMS000685,Signal & Telecommunication,COR04847,SCR,signal_failure,A,3,24,12,1.6,True,0
TMS002897,Engineering,COR02153,SR,ballast_deficiency,C,1,13,70,5.3,True,0
SMMS002995,Signal & Telecommunication,COR03885,NR,point_machine_fault,B,2,1,27,2.9,True,0
TDMS000320,Traction Distribution,COR01269,NR,feeder_fault,A,3,23,22,3.6,True,0
TDMS001479,Traction Distribution,COR03819,NFR,ohe_wire_wear,B,2,116,19,3.0,True,0
TMS005552,Engineering,COR00488,WCR,alignment_deviation,C,1,80,69,3.0,True,0
TMS004614,Engineering,COR03477,NCR,points_crossing_wear,B,2,2,14,5.2,True,0
TMS000987,Engineering,COR03073,SCR,ballast_deficiency,C,1,6,10,3.9,True,0
SMMS000010,Signal & Telecommunication,COR04667,KR,cable_fault,B,2,1,25,3.9,True,0
TDMS001440,Traction Distribution,COR00263,WCR,insulator_fault,B,2,19,54,3.9,True,0
TMS002755,Engineering,COR01008,NFR,ballast_deficiency,C,1,33,19,3.7,True,0
SMMS000778,Signal & Telecommunication,COR03521,SR,signal_failure,A,3,4,5,0.6,True,0
TMS004177,Engineering,COR01840,NR,weld_failure,A,3,33,36,1.8,True,0
TMS005627,Engineering,COR04637,SR,alignment_deviation,C,1,61,22,1.5,True,0
TMS004740,Engineering,COR01540,SCR,rail_fracture,A,3,2,4,4.2,True,0
TMS003748,Engineering,COR07135,WR,sleeper_defect,B,2,63,3,2.0,True,0
SMMS002621,Signal & Telecommunication,COR03693,SER,cable_fault,B,2,3,23,1.2,True,0
TMS005830,Engineering,COR00043,WR,rail_wear,C,1,142,35,5.2,True,0
SMMS000249,Signal & Telecommunication,COR01549,CR,point_machine_fault,B,2,1,22,3.8,True,0
TMS004723,Engineering,COR01038,NFR,alignment_deviation,C,1,8,25,1.9,True,0
SMMS002397,Signal & Telecommunication,COR02995,SR,lc_gate_interlock_fault,A,3,4,41,2.0,True,0
SMMS002179,Signal & Telecommunication,COR04922,CR,cable_fault,B,2,3,25,1.1,True,0
TMS004126,Engineering,COR00139,NWR,sleeper_defect,B,2,3,27,2.2,True,0
TDMS001859,Traction Distribution,COR01076,SWR,feeder_fault,A,3,46,22,2.6,True,0
TMS001374,Engineering,COR02114,SWR,formation_defect,B,2,14,25,5.9,False,0
TMS002573,Engineering,COR00860,SCR,ballast_deficiency,C,1,2,18,3.1,True,0
TMS001477,Engineering,COR01190,CR,ballast_deficiency,C,1,69,22,2.2,True,0
SMMS002084,Signal & Telecommunication,COR03631,SWR,block_instrument_fault,B,2,6,15,0.9,True,0
SMMS002854,Signal & Telecommunication,COR02830,WR,cable_fault,B,2,25,95,3.2,True,0
TMS001690,Engineering,COR00443,SCR,sleeper_defect,B,2,0,16,1.9,False,0
SMMS002221,Signal & Telecommunication,COR01350,WR,axle_counter_fault,A,3,5,31,2.5,True,0
SMMS001928,Signal & Telecommunication,COR01715,WCR,lc_gate_interlock_fault,A,3,11,54,2.0,True,0
TMS001251,Engineering,COR00488,WCR,ballast_deficiency,C,1,6,69,1.9,True,0
TMS004712,Engineering,COR01543,CR,rail_fracture,A,3,0,22,5.0,True,0
TDMS001967,Traction Distribution,COR02147,SCR,earthing_fault,B,2,3,20,2.8,True,0
SMMS001879,Signal & Telecommunication,COR00048,WR,point_machine_fault,B,2,2,31,2.3,True,0
TDMS001853,Traction Distribution,COR00758,NR,tension_device_fault,C,1,101,37,1.3,True,0
SMMS002494,Signal & Telecommunication,COR00934,SCR,lc_gate_interlock_fault,A,3,9,15,1.5,True,0
TMS000944,Engineering,COR03551,NER,rail_wear,C,1,9,8,1.6,False,0
TDMS000071,Traction Distribution,COR01027,NFR,insulator_fault,B,2,102,22,3.0,True,0
SMMS002115,Signal & Telecommunication,COR04682,KR,signal_failure,A,3,5,26,0.6,True,0
TDMS000209,Traction Distribution,COR05265,SECR,earthing_fault,B,2,92,3,4.1,True,0
TMS000596,Engineering,COR02071,SWR,points_crossing_wear,B,2,5,27,2.4,True,0
TMS000817,Engineering,COR00452,SCR,points_crossing_wear,B,2,89,17,3.4,True,0
TMS000603,Engineering,COR04962,KR,weld_failure,A,3,91,21,5.9,True,0
TMS005577,Engineering,COR03265,NCR,ballast_deficiency,C,1,0,14,2.8,True,0
TMS005052,Engineering,COR04378,SR,points_crossing_wear,B,2,55,9,0.6,True,0
TDMS001130,Traction Distribution,COR02838,WR,tension_device_fault,C,1,109,95,4.6,True,0
TDMS001103,Traction Distribution,COR02400,WR,ohe_wire_wear,B,2,74,35,5.0,True,0
TDMS001846,Traction Distribution,COR05318,ECR,tension_device_fault,C,1,46,4,2.6,True,0
TMS004081,Engineering,COR00139,NWR,alignment_deviation,C,1,23,27,5.4,True,0
TMS000408,Engineering,COR04700,CR,ballast_deficiency,C,1,21,24,3.7,True,0
TMS002086,Engineering,COR07181,SCR,points_crossing_wear,B,2,3557,2,4.4,False,0
TMS003632,Engineering,COR00096,NWR,weld_failure,A,3,65,19,2.9,False,1
TDMS001602,Traction Distribution,COR01974,WR,earthing_fault,B,2,10,10,2.1,True,0
TMS004301,Engineering,COR03029,NR,alignment_deviation,C,1,11,12,3.3,True,0
TMS002555,Engineering,COR05491,NR,alignment_deviation,C,1,78,2,4.5,True,0
SMMS002301,Signal & Telecommunication,COR05996,WR,point_machine_fault,B,2,4,7,1.5,False,0
SMMS001795,Signal & Telecommunication,COR02995,SR,axle_counter_fault,A,3,2,41,3.6,False,0
TMS004766,Engineering,COR01769,WCR,alignment_deviation,C,1,11,43,4.4,True,0
SMMS000460,Signal & Telecommunication,COR00723,WR,signal_failure,A,3,4,26,1.2,True,0
TMS002870,Engineering,COR01181,CR,ballast_deficiency,C,1,117,22,2.3,True,0
TMS002377,Engineering,COR02683,NR,weld_failure,A,3,15,22,4.8,True,0
TMS002562,Engineering,COR01108,SCR,sleeper_defect,B,2,5,14,5.2,True,0
TMS004990,Engineering,COR00470,CR,weld_failure,A,3,0,69,3.7,True,0
TMS001031,Engineering,COR01355,WR,formation_defect,B,2,11,35,2.0,True,0
SMMS000181,Signal & Telecommunication,COR00021,WR,lc_gate_interlock_fault,A,3,2,35,1.7,True,1
TDMS000728,Traction Distribution,COR01360,WR,feeder_fault,A,3,14,24,4.3,True,0
SMMS000403,Signal & Telecommunication,COR03290,NWR,axle_counter_fault,A,3,5,10,0.7,True,0
TDMS000938,Traction Distribution,COR04132,SR,insulator_fault,B,2,18,41,2.9,True,0
TMS001779,Engineering,COR02414,WR,points_crossing_wear,B,2,77,14,1.2,True,0
TDMS001015,Traction Distribution,COR00507,WR,ohe_wire_wear,B,2,435,12,4.7,True,1
TMS002287,Engineering,COR04258,NCR,rail_wear,C,1,30,14,1.7,True,0
SMMS000151,Signal & Telecommunication,COR02407,WR,cable_fault,B,2,5,23,2.5,True,0
TMS001483,Engineering,COR02877,NER,rail_wear,C,1,14,7,4.9,True,0
SMMS000703,Signal & Telecommunication,COR00260,WCR,lc_gate_interlock_fault,A,3,5,54,3.3,True,0
TDMS000845,Traction Distribution,COR00521,NWR,earthing_fault,B,2,185,11,3.8,True,0
SMMS002634,Signal & Telecommunication,COR05492,NR,point_machine_fault,B,2,3,11,0.7,True,0
TMS003419,Engineering,COR01672,WCR,rail_wear,C,1,15,55,2.8,False,0
TMS002100,Engineering,COR06014,NWR,rail_fracture,A,3,17,9,2.6,True,0
TDMS002173,Traction Distribution,COR05587,NCR,tension_device_fault,C,1,77,6,4.3,True,0
TDMS001204,Traction Distribution,COR01628,SWR,feeder_fault,A,3,56,32,3.0,True,0
TMS005021,Engineering,COR04143,SR,points_crossing_wear,B,2,2,35,4.0,True,0
TMS002273,Engineering,COR00843,WR,alignment_deviation,C,1,14,12,0.8,True,0
TMS001311,Engineering,COR03084,SR,rail_fracture,A,3,83,40,2.5,True,1
TDMS000829,Traction Distribution,COR00477,CR,insulator_fault,B,2,551,69,3.0,True,1
TMS002854,Engineering,COR01893,SCR,points_crossing_wear,B,2,11,66,1.9,True,0
TMS002752,Engineering,COR03062,SR,weld_failure,A,3,20,17,3.6,False,0
TMS005440,Engineering,COR04809,ECR,formation_defect,B,2,13,8,1.7,True,0
TDMS000836,Traction Distribution,COR01832,WR,ohe_wire_wear,B,2,14,36,2.3,True,0
TDMS002058,Traction Distribution,COR04231,NWR,circuit_breaker_fault,A,3,1,10,0.6,True,0
SMMS001367,Signal & Telecommunication,COR00265,WCR,signal_failure,A,3,26,54,1.1,True,0
TMS004302,Engineering,COR05696,NCR,formation_defect,B,2,0,8,0.9,True,0
TMS004964,Engineering,COR02190,SWR,rail_wear,C,1,4,20,3.8,True,0
TMS004764,Engineering,COR00221,WCR,rail_wear,C,1,9,53,2.7,True,0
SMMS002192,Signal & Telecommunication,COR00421,SCR,interlocking_fault,A,3,4,53,2.8,True,0
TMS002213,Engineering,COR00206,NCR,ballast_deficiency,C,1,12,53,0.6,True,0
TMS003541,Engineering,COR02228,SWR,rail_wear,C,1,54,21,2.0,False,0
TMS004059,Engineering,COR05633,NWR,sleeper_defect,B,2,367,32,2.2,False,1
SMMS000451,Signal & Telecommunication,COR03653,SCR,cable_fault,B,2,4,15,1.8,True,0
TMS002561,Engineering,COR05512,ER,sleeper_defect,B,2,15,10,2.3,True,0
TDMS001905,Traction Distribution,COR00543,SR,ohe_wire_wear,B,2,10,35,3.0,True,0
TMS001452,Engineering,COR05427,NR,weld_failure,A,3,12,11,5.6,False,0
SMMS001387,Signal & Telecommunication,COR05784,WR,cable_fault,B,2,3,5,1.4,True,0
TMS001675,Engineering,COR05640,ECR,ballast_deficiency,C,1,148,3,5.5,True,0
TMS002918,Engineering,COR00559,NR,rail_fracture,A,3,50,35,3.2,True,0
TMS002473,Engineering,COR01189,CR,rail_fracture,A,3,255,22,5.0,False,1
TMS005018,Engineering,COR02909,NFR,points_crossing_wear,C,1,62,4,3.7,True,0
TDMS001938,Traction Distribution,COR07726,SCR,feeder_fault,A,3,32,2,4.1,True,0
TMS005997,Engineering,COR06770,NWR,alignment_deviation,C,1,82,8,0.6,True,0
SMMS001160,Signal & Telecommunication,COR00264,WCR,axle_counter_fault,A,3,5,54,1.8,True,0
TMS004665,Engineering,COR05033,NER,alignment_deviation,C,1,13,5,4.8,True,0
TMS000980,Engineering,COR03259,WCR,sleeper_defect,B,2,16,42,4.4,True,0
TMS004742,Engineering,COR05532,SECR,rail_wear,C,1,82,6,3.6,True,0
SMMS002732,Signal & Telecommunication,COR02686,NR,axle_counter_fault,A,3,1,19,1.2,False,0
TMS002760,Engineering,COR05194,NWR,points_crossing_wear,B,2,45,10,2.4,True,0
TDMS002289,Traction Distribution,COR02255,NR,insulator_fault,B,2,49,3,0.9,True,0
SMMS002888,Signal & Telecommunication,COR01757,WCR,block_instrument_fault,B,2,4,43,1.5,True,0
SMMS000265,Signal & Telecommunication,COR03969,ER,lc_gate_interlock_fault,A,3,2,9,3.6,True,0
TMS002853,Engineering,COR02389,WR,points_crossing_wear,B,2,15,36,5.8,True,0
SMMS002295,Signal & Telecommunication,COR05979,NR,signal_failure,A,3,27,4,2.5,True,0
TMS005435,Engineering,COR06236,NWR,rail_wear,C,1,6,9,4.9,False,0
TDMS000783,Traction Distribution,COR02824,WR,ohe_wire_wear,B,2,103,91,2.0,True,0
SMMS002010,Signal & Telecommunication,COR05660,NWR,lc_gate_interlock_fault,A,3,3,8,0.8,True,0
TMS003381,Engineering,COR04161,SR,points_crossing_wear,B,2,7,35,0.8,True,0
SMMS001866,Signal & Telecommunication,COR03082,SR,cable_fault,B,2,1,40,3.9,True,0
TMS004794,Engineering,COR01320,NWR,points_crossing_wear,B,2,8,30,0.7,True,0
TMS003197,Engineering,COR04540,NR,ballast_deficiency,C,1,75,38,2.9,True,0
TMS003634,Engineering,COR01131,NER,points_crossing_wear,B,2,14,8,1.6,True,0
SMMS001011,Signal & Telecommunication,COR00259,WCR,block_instrument_fault,B,2,9,54,2.0,True,0
SMMS002879,Signal & Telecommunication,COR00474,CR,block_instrument_fault,B,2,2,69,1.9,True,0
TMS003509,Engineering,COR04695,KR,alignment_deviation,C,1,2,26,3.1,True,0
SMMS001743,Signal & Telecommunication,COR02275,ECR,axle_counter_fault,A,3,4,16,3.7,True,0
TMS000871,Engineering,COR04691,KR,alignment_deviation,C,1,0,26,5.9,False,0
TMS003430,Engineering,COR04152,SR,alignment_deviation,C,1,10,20,2.7,True,0
TMS002205,Engineering,COR00053,WR,ballast_deficiency,C,1,0,33,5.7,True,0
TMS005655,Engineering,COR00480,WCR,alignment_deviation,C,1,15,69,0.8,False,0
TMS002528,Engineering,COR00256,WCR,alignment_deviation,C,1,1,54,3.0,True,0
TMS001688,Engineering,COR02108,SWR,sleeper_defect,B,2,87,25,4.8,True,0
SMMS000467,Signal & Telecommunication,COR01004,NFR,cable_fault,B,2,24,19,2.5,True,0
TMS001369,Engineering,COR00690,WR,rail_fracture,A,3,12,90,5.4,True,1
TMS003451,Engineering,COR00313,SER,formation_defect,B,2,8,23,5.3,True,0
SMMS002290,Signal & Telecommunication,COR05596,SCR,block_instrument_fault,B,2,17,16,1.1,True,0
TDMS000484,Traction Distribution,COR00254,WCR,feeder_fault,A,3,12,54,2.2,True,1
SMMS002663,Signal & Telecommunication,COR02439,ER,block_instrument_fault,B,2,64,16,0.8,True,0
TDMS000384,Traction Distribution,COR05001,SR,earthing_fault,B,2,2,13,1.8,True,0
TDMS001105,Traction Distribution,COR03473,NCR,tension_device_fault,C,1,12,14,1.1,True,0
TMS002050,Engineering,COR06282,SCR,rail_wear,C,1,249,3,1.0,True,0
TMS005339,Engineering,COR00535,SR,ballast_deficiency,C,1,0,35,4.2,True,0
TMS002082,Engineering,COR01909,SCR,alignment_deviation,C,1,324,9,0.6,False,0
TMS003690,Engineering,COR03263,WCR,alignment_deviation,C,1,386,14,4.1,False,0
TMS001048,Engineering,COR02109,SWR,formation_defect,B,2,12,25,2.5,True,0
SMMS001702,Signal & Telecommunication,COR01930,SCR,lc_gate_interlock_fault,A,3,2,22,3.8,True,0
SMMS000895,Signal & Telecommunication,COR00699,WR,axle_counter_fault,A,3,2,92,0.8,True,1
SMMS002348,Signal & Telecommunication,COR06145,SR,signal_failure,A,3,59,7,1.3,False,0
SMMS002725,Signal & Telecommunication,COR03948,ER,cable_fault,B,2,5,11,0.6,True,0
SMMS001674,Signal & Telecommunication,COR05733,SR,point_machine_fault,B,2,2,10,1.8,True,0
TDMS002481,Traction Distribution,COR00049,WR,circuit_breaker_fault,A,3,20,33,3.4,True,0
SMMS002739,Signal & Telecommunication,COR03351,SR,interlocking_fault,A,3,13,9,2.9,True,0
TMS000453,Engineering,COR02154,SR,sleeper_defect,B,2,13,70,1.2,True,0
SMMS002615,Signal & Telecommunication,COR00005,WR,signal_failure,A,3,15,10,3.7,True,0
TDMS000097,Traction Distribution,COR05584,NCR,earthing_fault,B,2,6,6,1.9,True,0
TMS005582,Engineering,COR01350,WR,rail_wear,C,1,6,31,5.7,True,0
TMS005578,Engineering,COR01729,NCR,sleeper_defect,B,2,10,54,4.8,True,0
TDMS000177,Traction Distribution,COR01678,WCR,ohe_pole_defect,C,1,42,55,1.0,True,0
TMS002711,Engineering,COR04245,NR,ballast_deficiency,C,1,77,4,5.6,False,0
TDMS001355,Traction Distribution,COR03792,SCR,ohe_pole_defect,C,1,11,7,4.2,True,0
SMMS001480,Signal & Telecommunication,COR01979,WR,point_machine_fault,B,2,4,3,3.3,True,0
TMS005266,Engineering,COR03565,SER,rail_wear,C,1,11,25,2.2,True,0
SMMS000935,Signal & Telecommunication,COR01854,NR,signal_failure,A,3,2,36,1.5,True,1
TDMS001835,Traction Distribution,COR04879,SCR,insulator_fault,B,2,555,7,2.7,True,0
TDMS002166,Traction Distribution,COR06181,NER,ohe_wire_wear,B,2,394,2,1.0,True,1
TMS004232,Engineering,COR00873,SCR,alignment_deviation,C,1,11,16,3.5,False,0
SMMS001963,Signal & Telecommunication,COR05003,SR,point_machine_fault,B,2,5,18,0.6,True,0
TDMS001663,Traction Distribution,COR00131,NWR,earthing_fault,B,2,3,27,4.5,True,0
SMMS000303,Signal & Telecommunication,COR02977,SR,interlocking_fault,A,3,4,40,1.9,True,0
SMMS000055,Signal & Telecommunication,COR01860,NR,point_machine_fault,B,2,10,37,1.4,True,0
TDMS000013,Traction Distribution,COR02279,ECR,circuit_breaker_fault,A,3,11,6,2.7,True,0
TMS005905,Engineering,COR05609,SCR,ballast_deficiency,A,3,3,13,4.9,True,0
SMMS002357,Signal & Telecommunication,COR07191,SCR,block_instrument_fault,B,2,3,2,1.2,True,0
TDMS001812,Traction Distribution,COR03988,ER,circuit_breaker_fault,A,3,46,17,4.5,True,0
TMS000584,Engineering,COR00544,SR,ballast_deficiency,C,1,249,35,5.3,True,0
SMMS001424,Signal & Telecommunication,COR00181,ECR,point_machine_fault,B,2,4,13,0.8,True,0
TDMS001757,Traction Distribution,COR03950,ER,circuit_breaker_fault,A,3,9,11,2.7,True,0
TMS004682,Engineering,COR04921,CR,ballast_deficiency,C,1,10,26,0.8,True,0
TMS005366,Engineering,COR06069,NER,rail_wear,C,1,316,3,1.9,True,0
TMS005329,Engineering,COR04671,KR,sleeper_defect,B,2,7,25,5.2,True,0
TDMS000814,Traction Distribution,COR00672,WR,ohe_wire_wear,B,2,125,94,5.0,True,0
TMS005803,Engineering,COR00722,WR,formation_defect,B,2,4,26,4.8,True,0
TMS000092,Engineering,COR02319,WR,alignment_deviation,C,1,13,23,3.3,True,0
TMS005878,Engineering,COR03606,NWR,ballast_deficiency,C,1,0,6,5.8,True,0
TDMS000735,Traction Distribution,COR00897,SCR,ohe_wire_wear,B,2,3,3,1.2,True,0
TMS000552,Engineering,COR01818,NWR,sleeper_defect,B,2,231,7,1.1,True,0
TMS000444,Engineering,COR04651,KR,points_crossing_wear,B,2,1,22,5.4,True,0
TMS002754,Engineering,COR00424,SCR,points_crossing_wear,B,2,97,20,0.6,True,0
SMMS002049,Signal & Telecommunication,COR01570,CR,block_instrument_fault,B,2,4,22,4.0,True,0
TMS000308,Engineering,COR04028,WR,weld_failure,A,3,13,14,1.9,False,0
TMS005798,Engineering,COR00707,WR,weld_failure,C,1,11,54,3.3,True,0
TMS000267,Engineering,COR02813,WR,sleeper_defect,B,2,80,92,0.6,True,0
TMS005053,Engineering,COR01338,NWR,points_crossing_wear,B,2,61,30,4.4,True,0
TMS003548,Engineering,COR03192,SECR,rail_wear,C,1,67,4,0.6,True,0
TDMS000560,Traction Distribution,COR00282,WCR,ohe_wire_wear,B,2,87,68,1.7,True,0
TMS004502,Engineering,COR00687,WR,rail_wear,C,1,22,90,2.6,True,0
SMMS002826,Signal & Telecommunication,COR03904,NR,axle_counter_fault,A,3,87,22,0.6,True,1
SMMS001398,Signal & Telecommunication,COR01789,SWR,signal_failure,A,3,138,9,3.2,True,1
SMMS002518,Signal & Telecommunication,COR00491,WCR,axle_counter_fault,A,3,22,69,1.7,True,0
SMMS001482,Signal & Telecommunication,COR01068,NFR,cable_fault,B,2,2,4,1.1,True,0
SMMS001089,Signal & Telecommunication,COR01299,NWR,signal_failure,A,3,36,20,2.3,True,0
TDMS001612,Traction Distribution,COR04002,SR,insulator_fault,B,2,2,22,1.0,True,0
SMMS001924,Signal & Telecommunication,COR08121,SR,block_instrument_fault,B,2,15,5,1.1,True,0
TMS001867,Engineering,COR00592,ECR,alignment_deviation,C,1,7,16,2.7,True,0
TDMS000247,Traction Distribution,COR02823,WR,tension_device_fault,C,1,5,90,2.4,True,0
TDMS002323,Traction Distribution,COR02166,SR,tension_device_fault,C,1,11,21,4.8,True,0
TMS000900,Engineering,COR01704,WCR,formation_defect,B,2,17,58,4.7,True,0
TMS000490,Engineering,COR03052,SR,weld_failure,A,3,59,23,3.6,True,1
TMS004607,Engineering,COR03968,ER,ballast_deficiency,B,2,309,12,2.2,True,0
TMS000924,Engineering,COR02821,WR,rail_wear,C,1,64,90,5.8,True,0
SMMS000917,Signal & Telecommunication,COR05659,NWR,axle_counter_fault,A,3,1,8,1.5,False,0
TMS004642,Engineering,COR05421,NR,ballast_deficiency,C,1,78,12,2.6,True,0
TMS003753,Engineering,COR02208,SECR,sleeper_defect,B,2,380,7,3.7,True,1
TMS005411,Engineering,COR00377,NER,ballast_deficiency,C,1,6,21,3.4,True,0
TMS003235,Engineering,COR01935,SCR,ballast_deficiency,C,1,9,22,3.2,True,0
TMS004957,Engineering,COR00496,WCR,alignment_deviation,C,1,0,69,1.2,True,0
TMS000907,Engineering,COR00870,SCR,ballast_deficiency,C,1,14,16,5.2,True,0
SMMS002288,Signal & Telecommunication,COR05043,NER,point_machine_fault,B,2,63,5,3.6,False,0
TMS004349,Engineering,COR00949,SR,rail_wear,C,1,79,10,1.0,True,0
SMMS000110,Signal & Telecommunication,COR07378,SCR,cable_fault,B,2,4,4,3.2,True,0
TMS005025,Engineering,COR00323,SER,alignment_deviation,C,1,158,24,0.8,True,0
SMMS001168,Signal & Telecommunication,COR05960,SR,cable_fault,B,2,4,5,3.5,True,0
TMS000528,Engineering,COR01315,NWR,ballast_deficiency,C,1,102,19,5.6,True,0
TMS004003,Engineering,COR00015,WR,ballast_deficiency,C,1,5,26,1.7,True,0
TDMS000925,Traction Distribution,COR04289,SER,ohe_wire_wear,B,2,99,20,4.5,True,0
TMS000846,Engineering,COR02948,SR,sleeper_defect,B,2,1,7,2.7,True,0
TMS002951,Engineering,COR03852,NFR,alignment_deviation,C,1,4,14,0.7,False,0
TMS005267,Engineering,COR01865,NR,ballast_deficiency,A,3,40,37,4.8,True,1
TMS001645,Engineering,COR02444,ER,ballast_deficiency,C,1,90,19,3.9,False,0
SMMS001540,Signal & Telecommunication,COR02679,NR,lc_gate_interlock_fault,A,3,25,18,2.6,True,0
TDMS002357,Traction Distribution,COR02108,SWR,ohe_wire_wear,B,2,80,25,4.8,True,0
SMMS001001,Signal & Telecommunication,COR00250,WCR,point_machine_fault,B,2,5,54,3.4,True,0
TMS002639,Engineering,COR04027,WR,formation_defect,B,2,7,10,4.7,True,0
TDMS002056,Traction Distribution,COR04302,NER,circuit_breaker_fault,A,3,13,17,1.8,True,0
SMMS001177,Signal & Telecommunication,COR00477,CR,signal_failure,A,3,14,69,3.3,True,0
SMMS000186,Signal & Telecommunication,COR03574,SER,signal_failure,A,3,2,25,1.9,True,0
SMMS000328,Signal & Telecommunication,COR01835,WR,block_instrument_fault,B,2,4,27,1.3,True,0
TMS001176,Engineering,COR03092,SR,alignment_deviation,C,1,11,40,5.4,True,0
SMMS001154,Signal & Telecommunication,COR01849,NR,cable_fault,B,2,3,36,1.2,True,0
TMS002203,Engineering,COR04326,SR,alignment_deviation,B,2,393,15,5.5,True,1
TMS002223,Engineering,COR04922,CR,rail_wear,C,1,5,25,2.4,True,0
SMMS001606,Signal & Telecommunication,COR00153,NR,signal_failure,A,3,3,38,1.4,False,0
TMS005999,Engineering,COR02833,WR,rail_fracture,A,3,67,95,3.5,True,1
SMMS001699,Signal & Telecommunication,COR02224,SWR,block_instrument_fault,B,2,3,21,1.1,True,0
TMS002563,Engineering,COR01323,NWR,sleeper_defect,B,2,162,30,1.1,True,0
SMMS000876,Signal & Telecommunication,COR00710,WR,cable_fault,B,2,0,54,0.7,True,0
TDMS001029,Traction Distribution,COR01709,WCR,tension_device_fault,C,1,7,58,1.5,True,0
TMS004501,Engineering,COR04549,NR,sleeper_defect,B,2,377,37,5.0,True,1
TDMS000570,Traction Distribution,COR01878,SCR,earthing_fault,B,2,6,62,2.2,True,0
TMS004700,Engineering,COR00609,SCR,sleeper_defect,B,2,194,67,1.5,True,1
TMS001196,Engineering,COR04544,NR,rail_fracture,A,3,6,38,3.6,True,1
SMMS001378,Signal & Telecommunication,COR00684,WR,signal_failure,A,3,5,63,2.7,True,0
TDMS001537,Traction Distribution,COR02155,SR,ohe_wire_wear,B,2,412,70,4.8,True,1
TMS001984,Engineering,COR02330,WR,ballast_deficiency,C,1,140,12,4.5,True,0
TMS003114,Engineering,COR02700,NR,alignment_deviation,C,1,4,27,4.9,True,0
SMMS002953,Signal & Telecommunication,COR00545,SR,axle_counter_fault,A,3,17,35,3.7,True,0
TMS004037,Engineering,COR04683,KR,formation_defect,C,1,6,26,2.2,True,0
TDMS000439,Traction Distribution,COR01027,NFR,insulator_fault,B,2,2,22,4.2,True,0
TMS003004,Engineering,COR05112,NFR,rail_wear,C,1,63,2,3.3,True,0
TDMS000299,Traction Distribution,COR01635,SWR,earthing_fault,B,2,3,27,5.0,True,0
TMS003468,Engineering,COR00365,WR,alignment_deviation,C,1,25,13,4.9,True,0
TMS002836,Engineering,COR00036,WR,alignment_deviation,C,1,10,36,3.7,True,0
SMMS000523,Signal & Telecommunication,COR05851,NWR,lc_gate_interlock_fault,A,3,112,3,3.7,True,0
TDMS001582,Traction Distribution,COR02272,ECR,ohe_wire_wear,B,2,19,16,3.0,True,0
TMS005890,Engineering,COR03063,SR,alignment_deviation,C,1,3235,17,1.1,True,0
SMMS001457,Signal & Telecommunication,COR00095,NWR,block_instrument_fault,B,2,5,30,2.8,True,0
SMMS000373,Signal & Telecommunication,COR04797,NR,point_machine_fault,B,2,110,8,3.7,False,0
SMMS001875,Signal & Telecommunication,COR05659,NWR,interlocking_fault,A,3,0,8,1.1,True,0
TDMS001872,Traction Distribution,COR01533,SCR,insulator_fault,B,2,0,8,1.7,True,0
TMS003517,Engineering,COR02150,SR,alignment_deviation,C,1,43,70,6.0,True,0
TDMS001796,Traction Distribution,COR04106,NR,earthing_fault,B,2,291,11,2.7,True,0
SMMS001273,Signal & Telecommunication,COR04649,KR,cable_fault,B,2,113,22,1.9,True,0
SMMS002665,Signal & Telecommunication,COR01997,NR,lc_gate_interlock_fault,A,3,4,6,2.5,True,0
SMMS002941,Signal & Telecommunication,COR01364,WR,cable_fault,B,2,11,36,2.3,True,0
TMS005602,Engineering,COR03485,NR,points_crossing_wear,B,2,77,11,0.7,True,0
TMS002384,Engineering,COR04257,NCR,points_crossing_wear,B,2,88,14,3.2,True,0
SMMS001176,Signal & Telecommunication,COR02826,WR,interlocking_fault,A,3,32,64,2.9,True,0
SMMS000149,Signal & Telecommunication,COR01172,CR,cable_fault,B,2,2,17,2.9,True,0
TMS005993,Engineering,COR02107,SWR,rail_wear,C,1,327,25,5.0,True,0
TMS002990,Engineering,COR03938,WCR,points_crossing_wear,B,2,8,29,1.9,True,0
SMMS002225,Signal & Telecommunication,COR04950,KR,interlocking_fault,A,3,4,25,3.4,True,0
TMS005419,Engineering,COR01734,NR,alignment_deviation,B,2,77,10,2.2,True,0
SMMS000493,Signal & Telecommunication,COR08082,NR,block_instrument_fault,B,2,3,1,2.7,True,0
TMS001342,Engineering,COR00468,CR,ballast_deficiency,B,2,197,69,2.8,True,1
TMS003956,Engineering,COR04544,NR,sleeper_defect,B,2,2,38,2.3,True,0
TDMS000852,Traction Distribution,COR00271,WCR,ohe_wire_wear,B,2,107,68,4.8,True,0
SMMS000196,Signal & Telecommunication,COR00262,WCR,block_instrument_fault,B,2,4,54,1.0,True,0
TMS005710,Engineering,COR04877,NWR,rail_fracture,A,3,69,8,3.8,True,0
TMS003274,Engineering,COR05973,NR,points_crossing_wear,B,2,85,8,3.1,True,0
TMS000672,Engineering,COR00615,SCR,ballast_deficiency,C,1,3553,59,2.1,False,1
TDMS001032,Traction Distribution,COR02621,ER,tension_device_fault,C,1,33,9,3.5,True,0
TMS004852,Engineering,COR01325,NWR,alignment_deviation,B,2,75,30,1.0,True,0
TMS005017,Engineering,COR02213,NWR,rail_fracture,A,3,0,26,5.1,True,0
TMS003835,Engineering,COR04538,NR,ballast_deficiency,C,1,1509,38,1.3,True,1
TMS001642,Engineering,COR00886,SCR,ballast_deficiency,C,1,144,18,3.1,True,0
TDMS001977,Traction Distribution,COR01641,SWR,insulator_fault,B,2,542,27,4.8,True,1
TMS004039,Engineering,COR00938,SR,alignment_deviation,C,1,29,10,3.7,True,0
SMMS000465,Signal & Telecommunication,COR04931,KR,lc_gate_interlock_fault,A,3,3,26,1.5,True,0
TDMS001631,Traction Distribution,COR01359,WR,ohe_wire_wear,B,2,7,35,3.9,True,0
TMS000488,Engineering,COR02755,SCR,alignment_deviation,C,1,11,9,1.6,True,0
TMS003275,Engineering,COR01480,NFR,ballast_deficiency,C,1,2,22,1.1,True,0
SMMS001747,Signal & Telecommunication,COR06677,NER,cable_fault,B,2,5,8,2.9,True,0
TMS001221,Engineering,COR02834,WR,weld_failure,A,3,82,95,0.8,True,1
TDMS001748,Traction Distribution,COR02394,WR,ohe_wire_wear,B,2,19,35,2.8,True,0
TDMS001287,Traction Distribution,COR06235,NWR,ohe_wire_wear,B,2,115,9,4.8,True,0
TMS003988,Engineering,COR03327,NR,rail_fracture,A,3,27,15,2.4,True,0
TMS000457,Engineering,COR01561,CR,sleeper_defect,B,2,12,22,1.6,False,0
TMS004655,Engineering,COR04547,NR,weld_failure,A,3,31,37,3.0,True,0
TMS005704,Engineering,COR01728,NCR,weld_failure,C,1,75,54,3.6,True,0
SMMS001922,Signal & Telecommunication,COR00206,NCR,cable_fault,B,2,5,53,1.8,True,0
TMS003657,Engineering,COR01753,WCR,alignment_deviation,C,1,230,29,0.8,True,0
SMMS001579,Signal & Telecommunication,COR00127,NWR,cable_fault,B,2,1,27,2.6,True,0
TMS001338,Engineering,COR00538,SR,ballast_deficiency,C,1,74,35,4.6,False,0
TMS000833,Engineering,COR00256,WCR,rail_fracture,A,3,31,54,2.6,True,1
TMS000968,Engineering,COR03958,ER,rail_wear,C,1,13,8,2.9,True,0
TMS002394,Engineering,COR00175,ECR,sleeper_defect,B,2,2089,12,3.0,True,1
SMMS001927,Signal & Telecommunication,COR04031,WR,cable_fault,B,2,3,14,2.2,True,0
TDMS002023,Traction Distribution,COR04165,SCR,ohe_pole_defect,C,1,4,25,1.2,True,0
SMMS001868,Signal & Telecommunication,COR01155,CR,lc_gate_interlock_fault,A,3,23,49,2.8,True,1
TMS002976,Engineering,COR01880,SCR,rail_wear,C,1,61,62,2.7,True,0
TMS000813,Engineering,COR02681,NR,weld_failure,B,2,88,18,4.8,True,0
TMS000379,Engineering,COR02057,SCR,ballast_deficiency,C,1,78,24,1.5,True,0
TMS003437,Engineering,COR02834,WR,alignment_deviation,C,1,2,95,4.1,True,0
TMS004124,Engineering,COR00691,WR,points_crossing_wear,B,2,15,90,1.2,True,0
SMMS000443,Signal & Telecommunication,COR07584,WR,point_machine_fault,B,2,1,3,1.5,True,0
SMMS002832,Signal & Telecommunication,COR01560,CR,cable_fault,B,2,4,22,2.7,False,0
TMS005024,Engineering,COR00086,NWR,formation_defect,B,2,6,30,5.3,True,0
TMS002679,Engineering,COR01676,WCR,weld_failure,A,3,56,55,3.7,False,1
TMS000498,Engineering,COR01598,SWR,points_crossing_wear,B,2,11,25,2.2,True,0
TDMS000403,Traction Distribution,COR00102,NWR,ohe_wire_wear,B,2,1,19,1.3,True,0
TDMS001842,Traction Distribution,COR00119,NWR,circuit_breaker_fault,A,3,114,33,0.9,True,1
TMS001983,Engineering,COR05022,SR,weld_failure,A,3,35,6,3.1,True,0
TMS004710,Engineering,COR06070,NER,alignment_deviation,C,1,3,9,1.2,True,0
TMS002667,Engineering,COR02680,NR,sleeper_defect,C,1,35,18,4.2,True,0
SMMS002785,Signal & Telecommunication,COR01194,CR,axle_counter_fault,A,3,4,22,0.6,True,0
TDMS001840,Traction Distribution,COR01515,CR,circuit_breaker_fault,A,3,102,17,1.9,True,0
SMMS001148,Signal & Telecommunication,COR03329,NR,block_instrument_fault,B,2,0,15,3.4,True,0
TDMS000626,Traction Distribution,COR00684,WR,feeder_fault,A,3,38,63,4.2,True,0
TMS004116,Engineering,COR05403,NCR,sleeper_defect,B,2,107,9,5.5,True,0
TDMS001244,Traction Distribution,COR01177,CR,tension_device_fault,C,1,26,19,0.7,True,0
TMS001065,Engineering,COR04682,KR,points_crossing_wear,B,2,311,26,2.7,True,1
TMS000246,Engineering,COR01768,WCR,sleeper_defect,B,2,37,43,2.9,True,0
TDMS000432,Traction Distribution,COR00470,CR,insulator_fault,B,2,3,69,2.2,True,0
TMS004215,Engineering,COR01038,NFR,alignment_deviation,C,1,127,25,1.0,True,0
TDMS001248,Traction Distribution,COR02419,WR,insulator_fault,B,2,56,14,3.2,True,0
TMS004767,Engineering,COR00269,WCR,ballast_deficiency,C,1,289,68,2.3,True,1
TMS003599,Engineering,COR00484,WCR,ballast_deficiency,C,1,11,69,0.6,True,0
TMS002200,Engineering,COR01130,NER,points_crossing_wear,B,2,10,8,4.4,True,0
SMMS002160,Signal & Telecommunication,COR01338,NWR,cable_fault,B,2,5,30,1.5,True,0
SMMS002007,Signal & Telecommunication,COR03292,SWR,cable_fault,B,2,120,12,3.1,True,0
TMS005184,Engineering,COR01751,WCR,ballast_deficiency,A,3,177,30,4.5,True,1
TDMS000396,Traction Distribution,COR00266,WCR,feeder_fault,A,3,89,54,0.8,True,1
SMMS002819,Signal & Telecommunication,COR01654,SWR,point_machine_fault,B,2,17,28,1.4,True,0
TMS003791,Engineering,COR03559,SER,formation_defect,B,2,62,22,2.0,True,0
SMMS002142,Signal & Telecommunication,COR02084,SWR,interlocking_fault,A,3,0,19,1.5,True,0
TDMS001226,Traction Distribution,COR00612,SCR,tension_device_fault,C,1,0,67,2.8,True,0
TMS001670,Engineering,COR00692,WR,formation_defect,B,2,13,92,5.1,True,0
TMS000005,Engineering,COR00458,SCR,rail_wear,B,2,62,18,0.9,True,0
SMMS000981,Signal & Telecommunication,COR03955,ER,point_machine_fault,B,2,4,11,1.2,True,0
TMS000446,Engineering,COR01669,WCR,rail_fracture,A,3,175,55,1.4,True,1
SMMS002008,Signal & Telecommunication,COR01668,WCR,axle_counter_fault,A,3,24,55,3.6,True,1
TMS002659,Engineering,COR00862,SCR,sleeper_defect,B,2,26,18,0.8,True,0
TMS001422,Engineering,COR04799,NR,rail_wear,C,1,63,8,1.3,True,0
TMS005498,Engineering,COR03882,NR,sleeper_defect,B,2,1,30,2.3,False,0
SMMS001213,Signal & Telecommunication,COR00159,NR,point_machine_fault,B,2,4,53,0.5,True,0
TDMS001619,Traction Distribution,COR03734,ECR,tension_device_fault,C,1,16,5,2.8,True,0
TMS004525,Engineering,COR04860,NCR,rail_wear,C,1,9,4,3.2,True,0
TMS005623,Engineering,COR05501,NER,alignment_deviation,C,1,11,9,5.2,True,0
SMMS002253,Signal & Telecommunication,COR02271,ECR,cable_fault,B,2,3,18,2.8,True,0
TMS004220,Engineering,COR05797,SECR,weld_failure,A,3,41,2,4.6,False,0
TMS004508,Engineering,COR00422,SCR,formation_defect,B,2,15,53,1.7,True,0
TMS005660,Engineering,COR01676,WCR,rail_wear,C,1,6,55,5.7,True,0
TMS000014,Engineering,COR02279,ECR,ballast_deficiency,C,1,243,6,1.6,True,0
TDMS000752,Traction Distribution,COR03990,ER,insulator_fault,B,2,312,14,3.3,True,1
TMS005288,Engineering,COR01834,WR,ballast_deficiency,C,1,0,27,5.3,True,0
TMS003687,Engineering,COR01681,WCR,weld_failure,A,3,79,55,3.0,False,1
TMS004832,Engineering,COR00629,SCR,formation_defect,B,2,48,63,1.0,True,0
TDMS000502,Traction Distribution,COR06187,SECR,tension_device_fault,C,1,99,6,2.8,True,0
TMS005323,Engineering,COR04417,NER,alignment_deviation,C,1,139,9,4.2,True,0
TMS001103,Engineering,COR05582,NCR,points_crossing_wear,B,2,8,6,4.3,True,0
TDMS001467,Traction Distribution,COR02588,KR,tension_device_fault,C,1,20,22,3.2,True,0
SMMS000861,Signal & Telecommunication,COR05010,SR,cable_fault,B,2,2,7,1.1,True,0
TMS001530,Engineering,COR03720,NFR,sleeper_defect,B,2,22,21,4.3,True,0
TMS003389,Engineering,COR06616,NR,sleeper_defect,B,2,1,5,5.0,True,0
SMMS001052,Signal & Telecommunication,COR07621,NER,signal_failure,A,3,5,6,1.2,True,0
TMS003846,Engineering,COR01586,ECR,rail_wear,B,2,44,11,0.8,True,0
TMS003777,Engineering,COR00472,CR,sleeper_defect,B,2,134,69,0.8,False,1
TMS004376,Engineering,COR03232,WR,ballast_deficiency,C,1,3,4,4.5,True,0
TDMS001921,Traction Distribution,COR01762,WCR,earthing_fault,B,2,15,43,3.1,True,0
SMMS002269,Signal & Telecommunication,COR02156,SR,interlocking_fault,A,3,3,70,1.7,True,1
TMS004490,Engineering,COR00170,NER,sleeper_defect,B,2,5,13,1.8,True,0
TDMS001891,Traction Distribution,COR00242,WCR,insulator_fault,B,2,63,54,3.8,True,0
TMS000845,Engineering,COR02817,WR,weld_failure,A,3,2,92,4.9,True,0
TMS004732,Engineering,COR00693,WR,formation_defect,C,1,13,92,3.6,True,0
TDMS001325,Traction Distribution,COR01847,NR,ohe_pole_defect,C,1,321,36,0.5,True,0
TMS002669,Engineering,COR00685,WR,sleeper_defect,B,2,25,91,4.0,True,0
TDMS000889,Traction Distribution,COR01809,NR,ohe_wire_wear,B,2,161,6,4.9,True,0
TDMS000537,Traction Distribution,COR03084,SR,earthing_fault,B,2,12,40,4.6,True,0
TDMS002265,Traction Distribution,COR00765,NR,tension_device_fault,C,1,11,37,3.0,True,0
TMS003033,Engineering,COR05050,NER,rail_wear,C,1,73,5,4.2,True,0
SMMS002187,Signal & Telecommunication,COR01350,WR,block_instrument_fault,B,2,7,31,3.9,True,0
TMS000958,Engineering,COR02895,CR,points_crossing_wear,B,2,21,34,1.3,False,0
SMMS000660,Signal & Telecommunication,COR04233,NWR,signal_failure,A,3,2,10,3.0,False,0
TMS000895,Engineering,COR01420,SECR,formation_defect,B,2,293,9,1.7,True,0
TMS005019,Engineering,COR00137,NWR,rail_wear,C,1,242,27,3.7,True,0
SMMS001039,Signal & Telecommunication,COR04682,KR,block_instrument_fault,B,2,1,26,2.1,True,0
TMS003518,Engineering,COR01081,SWR,sleeper_defect,B,2,15,22,4.1,False,0
TDMS000661,Traction Distribution,COR00529,SR,ohe_pole_defect,C,1,344,35,3.6,True,1
SMMS000761,Signal & Telecommunication,COR01308,NWR,axle_counter_fault,A,3,4,19,1.5,True,0
TMS005542,Engineering,COR05176,ECR,sleeper_defect,B,2,57,17,0.7,True,0
TMS003107,Engineering,COR02803,WR,rail_wear,C,1,2093,53,3.9,True,1
TDMS001442,Traction Distribution,COR01334,NWR,insulator_fault,B,2,33,30,4.0,True,0
TDMS001249,Traction Distribution,COR05985,NR,circuit_breaker_fault,A,3,17,8,3.2,True,0
TDMS001579,Traction Distribution,COR05068,NFR,tension_device_fault,C,1,20,12,1.2,True,0
SMMS000803,Signal & Telecommunication,COR05131,NR,block_instrument_fault,B,2,1,30,2.8,True,0
SMMS001692,Signal & Telecommunication,COR05394,NCR,block_instrument_fault,B,2,3,11,0.8,True,0
SMMS001418,Signal & Telecommunication,COR00683,WR,interlocking_fault,A,3,0,90,1.3,True,0
TMS000326,Engineering,COR04622,NR,weld_failure,A,3,31,1,0.8,False,0
TMS003159,Engineering,COR00863,SCR,ballast_deficiency,C,1,7,18,2.4,True,0
TMS001439,Engineering,COR00696,WR,sleeper_defect,B,2,14,92,3.0,True,0
TDMS000210,Traction Distribution,COR02824,WR,ohe_wire_wear,B,2,0,91,2.7,True,0
TMS001149,Engineering,COR05921,SCR,ballast_deficiency,B,2,6,14,0.8,True,0
SMMS000807,Signal & Telecommunication,COR06671,NER,interlocking_fault,A,3,4,8,0.8,True,0
SMMS001062,Signal & Telecommunication,COR01104,SCR,block_instrument_fault,B,2,1,14,3.9,True,0
TMS005234,Engineering,COR05473,SR,points_crossing_wear,B,2,12,5,5.8,True,0
SMMS001515,Signal & Telecommunication,COR00420,SCR,cable_fault,B,2,15,53,1.1,True,0
TMS003955,Engineering,COR03573,SER,sleeper_defect,B,2,7,26,1.9,True,0
SMMS000395,Signal & Telecommunication,COR00705,WR,interlocking_fault,A,3,14,87,1.6,True,1
TDMS000103,Traction Distribution,COR05006,SR,ohe_wire_wear,B,2,36,17,1.7,True,0
TMS003992,Engineering,COR05516,ER,rail_wear,C,1,7,10,4.0,True,0
TDMS001470,Traction Distribution,COR03843,NFR,tension_device_fault,C,1,119,14,0.9,True,0
TMS005149,Engineering,COR04641,KR,rail_fracture,A,3,11,22,1.8,True,0
TMS005871,Engineering,COR00813,NWR,weld_failure,A,3,222,5,5.1,True,0
TMS005139,Engineering,COR03118,NR,sleeper_defect,B,2,3,4,4.5,True,0
TMS002424,Engineering,COR00475,CR,rail_fracture,A,3,0,69,2.7,False,1
TMS003462,Engineering,COR04129,SR,alignment_deviation,C,1,11,41,1.6,True,0
TMS004574,Engineering,COR02107,SWR,points_crossing_wear,C,1,45,25,2.4,True,0
TMS001199,Engineering,COR01109,SCR,formation_defect,B,2,56,14,5.6,True,0
TMS003166,Engineering,COR06012,NWR,points_crossing_wear,B,2,8,9,3.1,True,0
SMMS001739,Signal & Telecommunication,COR08492,ECR,signal_failure,A,3,5,1,0.8,True,0
TMS004095,Engineering,COR00183,ECR,rail_wear,C,1,209,15,2.5,True,0
SMMS002759,Signal & Telecommunication,COR00649,SWR,point_machine_fault,B,2,1,22,1.3,True,0
SMMS000898,Signal & Telecommunication,COR00771,NR,point_machine_fault,B,2,2,31,1.0,True,0
SMMS001275,Signal & Telecommunication,COR03088,SR,point_machine_fault,B,2,0,40,0.9,True,0
TMS002469,Engineering,COR00785,NWR,rail_wear,C,1,14,26,0.5,True,0
TDMS000847,Traction Distribution,COR00802,NWR,ohe_wire_wear,B,2,251,4,3.4,True,0
TMS001740,Engineering,COR03953,ER,alignment_deviation,C,1,173,11,3.8,True,0
SMMS000348,Signal & Telecommunication,COR02687,NR,cable_fault,B,2,12,14,2.5,True,0
SMMS002278,Signal & Telecommunication,COR01877,SCR,point_machine_fault,B,2,5,62,1.2,True,0
TMS005962,Engineering,COR00182,ECR,rail_wear,C,1,1,13,3.3,False,0
SMMS000558,Signal & Telecommunication,COR03833,NFR,cable_fault,B,2,26,17,1.2,True,0
TMS001467,Engineering,COR02863,SWR,points_crossing_wear,B,2,11,20,4.1,False,0
TMS001977,Engineering,COR02398,WR,weld_failure,A,3,0,35,0.5,True,0
TMS000179,Engineering,COR04479,WCR,rail_fracture,A,3,4,35,0.9,True,0
TMS005137,Engineering,COR02991,SR,ballast_deficiency,C,1,3,41,3.5,True,0
TMS000389,Engineering,COR00421,SCR,weld_failure,A,3,6,53,5.9,True,0
SMMS001408,Signal & Telecommunication,COR02067,SWR,interlocking_fault,A,3,12,27,2.9,True,0
TMS000374,Engineering,COR03968,ER,ballast_deficiency,C,1,61,12,1.4,True,0
TMS001417,Engineering,COR01329,NWR,rail_wear,C,1,23,30,1.5,True,0
TDMS000517,Traction Distribution,COR05597,SCR,tension_device_fault,C,1,2,16,3.3,True,0
TMS000624,Engineering,COR00679,WR,rail_fracture,C,1,43,94,4.4,True,0
TMS005701,Engineering,COR00263,WCR,weld_failure,A,3,12,54,4.7,True,0
SMMS001258,Signal & Telecommunication,COR06866,NR,interlocking_fault,A,3,0,7,4.0,True,0
SMMS000134,Signal & Telecommunication,COR00296,CR,cable_fault,B,2,4,68,3.5,False,0
SMMS002151,Signal & Telecommunication,COR03396,NR,cable_fault,B,2,0,2,1.3,True,0
TMS002119,Engineering,COR00217,WCR,alignment_deviation,C,1,5,53,0.5,False,0
TMS005236,Engineering,COR04545,NR,ballast_deficiency,C,1,9,38,5.2,False,0
TMS001978,Engineering,COR00279,WCR,ballast_deficiency,C,1,86,68,2.9,False,0
TMS003995,Engineering,COR00264,WCR,weld_failure,A,3,321,54,4.7,False,1
TMS003373,Engineering,COR00953,SR,alignment_deviation,A,3,2468,10,3.7,True,1
SMMS001189,Signal & Telecommunication,COR03625,SWR,signal_failure,A,3,20,14,3.3,True,0
TMS000753,Engineering,COR01866,NR,points_crossing_wear,C,1,10,37,2.4,True,0
TMS002947,Engineering,COR05177,ECR,sleeper_defect,B,2,83,18,4.6,True,0
TDMS000493,Traction Distribution,COR00272,WCR,insulator_fault,B,2,20,68,1.2,True,0
TMS003370,Engineering,COR01093,SWR,sleeper_defect,B,2,2,20,1.2,True,0
TDMS002154,Traction Distribution,COR00682,WR,earthing_fault,B,2,6,90,2.4,True,0
TMS002741,Engineering,COR02150,SR,alignment_deviation,C,1,6,70,2.9,True,0
TDMS000197,Traction Distribution,COR07835,NR,tension_device_fault,C,1,89,2,4.9,True,0
TMS002605,Engineering,COR06681,WR,weld_failure,A,3,19,4,4.5,True,0
TMS005734,Engineering,COR01032,NFR,alignment_deviation,C,1,13,25,1.6,False,0
TDMS002319,Traction Distribution,COR03934,WR,ohe_pole_defect,C,1,140,23,2.7,True,0
TDMS001272,Traction Distribution,COR02903,SR,ohe_wire_wear,B,2,72,18,0.9,True,0
TDMS000238,Traction Distribution,COR01867,NR,circuit_breaker_fault,A,3,3,29,1.4,True,0
TMS002830,Engineering,COR01557,CR,sleeper_defect,B,2,397,22,5.1,True,1
TMS003316,Engineering,COR00490,WCR,rail_wear,C,1,46,69,1.0,True,0
TMS003362,Engineering,COR02134,SCR,ballast_deficiency,A,3,2,20,1.6,True,0
TMS001919,Engineering,COR06607,NWR,points_crossing_wear,B,2,0,9,2.9,False,0
TDMS000139,Traction Distribution,COR01696,WCR,ohe_wire_wear,B,2,144,59,2.9,True,1
TMS005167,Engineering,COR01467,NFR,alignment_deviation,C,1,11,25,5.6,True,0
SMMS000476,Signal & Telecommunication,COR03260,WCR,cable_fault,B,2,3,42,3.7,True,0
SMMS002873,Signal & Telecommunication,COR04925,CR,lc_gate_interlock_fault,A,3,89,26,3.5,True,0
TMS002462,Engineering,COR04910,SWR,ballast_deficiency,C,1,9,17,1.3,True,0
TMS005254,Engineering,COR00208,NCR,weld_failure,A,3,42,53,1.5,True,1
TDMS002198,Traction Distribution,COR00682,WR,ohe_wire_wear,B,2,2,90,3.9,True,0
TMS003606,Engineering,COR01193,CR,ballast_deficiency,C,1,21,22,0.5,True,0
TDMS001271,Traction Distribution,COR03060,SR,feeder_fault,A,3,4,17,0.9,True,0
SMMS001980,Signal & Telecommunication,COR02162,SR,block_instrument_fault,B,2,0,20,2.0,True,0
TMS000988,Engineering,COR00205,NCR,sleeper_defect,B,2,45,53,3.1,True,0
SMMS001837,Signal & Telecommunication,COR00680,WR,cable_fault,B,2,1,94,2.9,True,0
TDMS000775,Traction Distribution,COR01037,NFR,ohe_wire_wear,B,2,93,25,3.3,True,0
SMMS002465,Signal & Telecommunication,COR01406,SR,block_instrument_fault,B,2,1,11,1.6,True,0
TDMS001876,Traction Distribution,COR05638,WCR,earthing_fault,B,2,7,6,2.3,True,0
TMS004771,Engineering,COR01186,CR,ballast_deficiency,B,2,1653,22,2.3,True,1
TDMS000760,Traction Distribution,COR02676,NR,tension_device_fault,C,1,246,18,1.7,True,0
TMS003740,Engineering,COR02134,SCR,rail_fracture,A,3,326,20,5.1,True,1
TMS000184,Engineering,COR06386,NER,ballast_deficiency,C,1,59,19,5.3,True,0
TDMS000794,Traction Distribution,COR02530,NR,feeder_fault,A,3,69,7,3.6,True,0
TMS001392,Engineering,COR01924,SCR,rail_fracture,A,3,51,13,5.1,False,0
SMMS001287,Signal & Telecommunication,COR01019,NFR,cable_fault,B,2,4,22,1.5,False,0
TMS001183,Engineering,COR02158,SR,ballast_deficiency,C,1,4,70,5.5,True,0
TDMS001668,Traction Distribution,COR05996,WR,ohe_wire_wear,B,2,13,7,4.8,True,0
SMMS000705,Signal & Telecommunication,COR02819,WR,block_instrument_fault,B,2,4,90,0.8,False,0
TMS002598,Engineering,COR00085,NWR,alignment_deviation,C,1,15,30,5.1,True,0
TDMS001654,Traction Distribution,COR03903,NR,circuit_breaker_fault,A,3,39,22,0.6,True,0
TMS005204,Engineering,COR05804,NWR,sleeper_defect,C,1,0,10,4.5,True,0
TMS002163,Engineering,COR02819,WR,alignment_deviation,C,1,8,90,3.8,True,0
TDMS000390,Traction Distribution,COR07266,ECoR,tension_device_fault,C,1,176,2,1.2,True,0
SMMS002077,Signal & Telecommunication,COR00491,WCR,interlocking_fault,A,3,3,69,2.5,False,0
TMS002818,Engineering,COR02375,SECR,ballast_deficiency,C,1,2,7,4.3,True,0
TMS002584,Engineering,COR05055,SCR,formation_defect,B,2,5,15,4.7,True,0
TMS003796,Engineering,COR03027,NR,ballast_deficiency,C,1,73,11,3.7,False,0
SMMS002990,Signal & Telecommunication,COR04264,NCR,cable_fault,B,2,115,14,0.6,True,0
SMMS002628,Signal & Telecommunication,COR03903,NR,interlocking_fault,A,3,4,22,1.9,True,0
TDMS000027,Traction Distribution,COR04041,NER,earthing_fault,B,2,2,21,3.1,True,0
SMMS000748,Signal & Telecommunication,COR01849,NR,interlocking_fault,A,3,0,36,1.4,True,0
TMS005348,Engineering,COR02793,WR,sleeper_defect,C,1,0,26,5.6,True,0
TMS003008,Engineering,COR02822,WR,sleeper_defect,B,2,264,90,3.2,True,1
TDMS001877,Traction Distribution,COR05841,NWR,ohe_wire_wear,B,2,37,3,2.5,True,0
TMS001545,Engineering,COR02400,WR,sleeper_defect,C,1,2,35,5.4,True,0
TMS005998,Engineering,COR00538,SR,rail_wear,C,1,9,35,2.8,False,0
TMS005491,Engineering,COR06388,NER,rail_wear,C,1,22,19,1.9,True,0
TMS002920,Engineering,COR00162,NR,formation_defect,B,2,102,52,5.5,False,1
TMS001922,Engineering,COR05901,ER,ballast_deficiency,C,1,0,5,4.7,True,0
TMS000441,Engineering,COR00611,SCR,ballast_deficiency,C,1,71,67,1.2,True,0
SMMS002189,Signal & Telecommunication,COR01192,CR,cable_fault,B,2,4,22,2.4,True,0
TMS000310,Engineering,COR03485,NR,weld_failure,A,3,0,11,2.5,False,0
SMMS002047,Signal & Telecommunication,COR02122,WCR,block_instrument_fault,B,2,26,45,2.6,False,0
TMS005801,Engineering,COR00120,NWR,ballast_deficiency,C,1,248,29,0.7,True,0
TDMS001536,Traction Distribution,COR03883,NR,ohe_pole_defect,C,1,484,27,5.0,True,1
TMS001725,Engineering,COR00735,SWR,alignment_deviation,C,1,1,11,0.6,True,0
TDMS000070,Traction Distribution,COR04939,KR,feeder_fault,A,3,457,26,1.2,True,1
TMS001258,Engineering,COR03696,SER,alignment_deviation,C,1,11,24,4.2,True,0
TMS001248,Engineering,COR02803,WR,formation_defect,B,2,3,53,1.0,True,0
SMMS002302,Signal & Telecommunication,COR00792,NWR,block_instrument_fault,B,2,0,26,3.6,True,0
TMS004030,Engineering,COR01720,NCR,sleeper_defect,B,2,8,54,5.7,False,0
TMS002491,Engineering,COR05539,SECR,weld_failure,A,3,90,6,3.4,True,0
SMMS000318,Signal & Telecommunication,COR02284,ECR,lc_gate_interlock_fault,A,3,3,4,3.8,True,0
SMMS002070,Signal & Telecommunication,COR06774,NWR,axle_counter_fault,A,3,3,9,1.5,True,0
TDMS001498,Traction Distribution,COR02449,ER,earthing_fault,B,2,89,19,4.8,True,0
TDMS000104,Traction Distribution,COR02338,WR,tension_device_fault,C,1,35,11,4.2,True,0
TDMS002267,Traction Distribution,COR01764,WCR,insulator_fault,B,2,16,43,2.6,True,0
TMS001462,Engineering,COR07054,SECR,formation_defect,B,2,31,5,1.6,True,0
TMS000901,Engineering,COR00791,NWR,sleeper_defect,B,2,4,26,1.6,True,0
TMS002864,Engineering,COR01003,NFR,rail_wear,C,1,6,19,4.0,True,0
TDMS000083,Traction Distribution,COR00301,SWR,tension_device_fault,C,1,56,3,3.5,True,0
TDMS002240,Traction Distribution,COR04049,NER,insulator_fault,B,2,65,21,1.8,True,0
TMS005043,Engineering,COR00024,WR,points_crossing_wear,B,2,0,35,2.8,True,0
SMMS002352,Signal & Telecommunication,COR06054,NER,point_machine_fault,B,2,1,10,1.0,True,0
TMS004673,Engineering,COR02799,WR,rail_fracture,A,3,1,53,5.0,True,0
TMS002289,Engineering,COR01365,WR,ballast_deficiency,C,1,2,38,2.5,True,0
SMMS002738,Signal & Telecommunication,COR04109,NR,signal_failure,A,3,0,11,1.0,True,0
TMS003932,Engineering,COR04635,SR,ballast_deficiency,C,1,83,15,3.1,True,0
SMMS001230,Signal & Telecommunication,COR01234,CR,point_machine_fault,B,2,17,6,3.0,True,0
SMMS002297,Signal & Telecommunication,COR04050,NER,interlocking_fault,A,3,4,21,3.2,True,0
TDMS000945,Traction Distribution,COR03869,ER,circuit_breaker_fault,A,3,11,13,1.3,True,0
SMMS002454,Signal & Telecommunication,COR00482,WCR,cable_fault,B,2,1,69,1.6,True,0
TDMS001310,Traction Distribution,COR01601,SWR,ohe_wire_wear,B,2,4,25,4.5,True,0
TMS000110,Engineering,COR03488,NR,sleeper_defect,B,2,27,14,3.5,True,0
TMS004551,Engineering,COR00223,WCR,sleeper_defect,B,2,1,53,1.6,True,0
TMS002900,Engineering,COR06273,NR,alignment_deviation,C,1,3,3,2.3,False,0
TMS004811,Engineering,COR03867,ER,alignment_deviation,C,1,8,13,2.0,True,0
SMMS000647,Signal & Telecommunication,COR04568,SECR,block_instrument_fault,B,2,3,2,1.9,True,0
TDMS001733,Traction Distribution,COR01713,WCR,feeder_fault,A,3,7,54,1.4,True,0
TDMS000331,Traction Distribution,COR00235,WCR,tension_device_fault,C,1,18,58,2.8,True,0
SMMS000692,Signal & Telecommunication,COR02044,CR,signal_failure,A,3,22,6,1.0,True,0
TDMS001918,Traction Distribution,COR01752,WCR,ohe_wire_wear,B,2,101,30,1.8,True,0
TMS003752,Engineering,COR01988,WR,ballast_deficiency,C,1,53,12,2.0,True,0
SMMS001846,Signal & Telecommunication,COR05428,NR,axle_counter_fault,A,3,1,11,3.1,False,0
TDMS000620,Traction Distribution,COR06844,NR,insulator_fault,B,2,62,6,2.1,True,0
TMS004557,Engineering,COR03158,NFR,ballast_deficiency,C,1,14,5,1.6,True,0
TMS001956,Engineering,COR05972,NR,ballast_deficiency,C,1,2,8,0.5,True,0
TDMS000295,Traction Distribution,COR01397,SR,insulator_fault,B,2,78,11,4.5,True,0
TMS000301,Engineering,COR00243,WCR,rail_wear,B,2,158,38,3.6,True,0
TMS004444,Engineering,COR00487,WCR,sleeper_defect,B,2,2,69,1.6,True,0
TMS000349,Engineering,COR00687,WR,rail_fracture,A,3,2,90,2.2,True,0
SMMS002988,Signal & Telecommunication,COR04148,SR,cable_fault,B,2,5,35,2.2,True,0
TMS002002,Engineering,COR00149,NR,alignment_deviation,C,1,28,36,1.3,True,0
SMMS001797,Signal & Telecommunication,COR00689,WR,signal_failure,A,3,9,90,0.9,True,0
TMS003070,Engineering,COR00622,SCR,ballast_deficiency,C,1,4,63,4.5,True,0
SMMS000602,Signal & Telecommunication,COR01527,SCR,point_machine_fault,B,2,1,19,3.8,True,0
TDMS002324,Traction Distribution,COR01087,SWR,tension_device_fault,C,1,93,22,2.6,True,0
TMS000913,Engineering,COR06210,NR,ballast_deficiency,C,1,269,6,4.0,True,0
TDMS000037,Traction Distribution,COR04798,NR,insulator_fault,B,2,47,8,4.3,True,0
TMS003708,Engineering,COR04789,NR,rail_fracture,A,3,0,16,2.1,False,0
TDMS001770,Traction Distribution,COR02903,SR,ohe_wire_wear,B,2,12,18,1.7,True,0
TDMS002373,Traction Distribution,COR03368,NWR,ohe_pole_defect,C,1,33,11,4.7,True,0
SMMS000439,Signal & Telecommunication,COR07811,ECoR,interlocking_fault,A,3,19,1,1.0,True,0
SMMS001819,Signal & Telecommunication,COR01615,SWR,axle_counter_fault,A,3,0,26,1.4,False,0
TDMS000408,Traction Distribution,COR00430,SCR,ohe_wire_wear,B,2,11,20,2.6,True,0
TMS000312,Engineering,COR01080,SWR,weld_failure,A,3,1,22,3.3,True,0
TMS002156,Engineering,COR00716,WR,ballast_deficiency,C,1,119,53,2.7,True,0
TMS000361,Engineering,COR00762,NR,ballast_deficiency,C,1,57,30,3.8,True,0
TMS000188,Engineering,COR02775,NR,ballast_deficiency,C,1,7,28,2.1,True,0
SMMS001920,Signal & Telecommunication,COR01622,SWR,lc_gate_interlock_fault,A,3,4,25,2.8,True,0
TDMS000905,Traction Distribution,COR01690,WCR,ohe_wire_wear,B,2,41,55,2.9,True,0
TMS001056,Engineering,COR01601,SWR,rail_wear,C,1,17,25,0.6,False,0
TMS004694,Engineering,COR01693,WCR,ballast_deficiency,C,1,76,53,3.7,True,0
TMS005608,Engineering,COR02775,NR,alignment_deviation,C,1,0,28,1.9,True,0
SMMS002915,Signal & Telecommunication,COR01354,WR,block_instrument_fault,B,2,1,34,2.5,True,0
SMMS002659,Signal & Telecommunication,COR07327,NER,cable_fault,B,2,0,4,2.1,True,0
TDMS000297,Traction Distribution,COR01075,SWR,earthing_fault,B,2,81,22,1.9,True,0
TDMS001658,Traction Distribution,COR00475,CR,feeder_fault,A,3,13,69,2.2,True,0
TMS001585,Engineering,COR02312,NR,rail_fracture,A,3,87,29,3.3,True,0
TMS001602,Engineering,COR04718,SCR,sleeper_defect,B,2,9,7,6.0,True,0
TDMS002131,Traction Distribution,COR04991,SR,tension_device_fault,C,1,101,13,0.9,True,0
TDMS002470,Traction Distribution,COR00109,NWR,earthing_fault,B,2,9,20,0.6,True,0
SMMS002906,Signal & Telecommunication,COR00716,WR,cable_fault,B,2,3,53,1.5,True,0
TMS001729,Engineering,COR00491,WCR,formation_defect,B,2,4,69,2.5,True,0
SMMS002649,Signal & Telecommunication,COR02347,WR,signal_failure,A,3,0,11,1.5,True,0
TMS001795,Engineering,COR05081,NR,rail_wear,C,1,81,13,2.6,True,0
SMMS000293,Signal & Telecommunication,COR01486,NFR,axle_counter_fault,A,3,1,22,3.8,True,0
SMMS000886,Signal & Telecommunication,COR04640,KR,interlocking_fault,A,3,5,22,3.4,True,0
TDMS001837,Traction Distribution,COR01822,NWR,ohe_wire_wear,B,2,18,11,1.1,True,0
TMS002955,Engineering,COR02152,SR,ballast_deficiency,C,1,382,70,0.9,True,1
TDMS001387,Traction Distribution,COR04442,ECR,ohe_wire_wear,B,2,8,40,1.4,True,0
TMS003273,Engineering,COR00184,ECR,ballast_deficiency,C,1,39,13,5.7,True,0
TMS002964,Engineering,COR02277,ECR,sleeper_defect,B,2,15,6,3.4,False,0
TMS000759,Engineering,COR00209,NCR,weld_failure,A,3,8,53,2.9,False,0
SMMS002631,Signal & Telecommunication,COR01140,SWR,signal_failure,A,3,24,21,3.0,True,0
TDMS000483,Traction Distribution,COR03847,NFR,earthing_fault,B,2,291,14,2.4,True,1
TMS005404,Engineering,COR06823,NWR,ballast_deficiency,C,1,6,4,1.2,True,0
SMMS001728,Signal & Telecommunication,COR02891,WCR,signal_failure,A,3,36,32,3.3,True,1
TMS002366,Engineering,COR00483,WCR,points_crossing_wear,C,1,6,69,4.4,True,0
SMMS000469,Signal & Telecommunication,COR05745,SR,cable_fault,B,2,0,10,2.1,True,0
TMS005416,Engineering,COR00894,SCR,alignment_deviation,C,1,11,20,4.9,False,0
TDMS000186,Traction Distribution,COR00284,WCR,ohe_pole_defect,C,1,72,68,0.6,True,0
TMS004788,Engineering,COR03638,SCR,formation_defect,C,1,84,8,0.5,True,0
SMMS000823,Signal & Telecommunication,COR01685,WCR,lc_gate_interlock_fault,A,3,26,55,0.8,True,1
SMMS002265,Signal & Telecommunication,COR00641,SER,interlocking_fault,A,3,5,4,0.9,True,0
TMS002991,Engineering,COR00606,SCR,rail_wear,C,1,6,67,5.9,False,0
SMMS001339,Signal & Telecommunication,COR01689,WCR,axle_counter_fault,A,3,30,55,3.3,True,1
SMMS002419,Signal & Telecommunication,COR06961,ER,block_instrument_fault,B,2,5,3,3.9,True,0
TDMS000433,Traction Distribution,COR05987,NR,feeder_fault,A,3,120,8,1.5,True,0
TMS003702,Engineering,COR02162,SR,points_crossing_wear,B,2,111,20,5.8,True,0
TDMS000580,Traction Distribution,COR00675,WR,earthing_fault,B,2,403,94,2.5,True,1
TMS002094,Engineering,COR00200,NR,rail_wear,C,1,1,10,0.7,True,0
TMS002550,Engineering,COR04046,NER,weld_failure,A,3,84,21,4.9,True,0
TMS000612,Engineering,COR02105,SWR,points_crossing_wear,B,2,69,25,4.9,True,0
SMMS002020,Signal & Telecommunication,COR01727,NCR,axle_counter_fault,A,3,0,54,1.7,True,0
TMS002343,Engineering,COR04293,SER,sleeper_defect,B,2,89,20,5.3,True,0
TMS004903,Engineering,COR02385,WR,points_crossing_wear,B,2,21,36,1.5,True,0
TMS000676,Engineering,COR02270,ECR,weld_failure,A,3,0,16,2.3,True,0
SMMS000301,Signal & Telecommunication,COR03644,SCR,block_instrument_fault,B,2,3,14,4.0,True,0
TMS004729,Engineering,COR01040,NFR,points_crossing_wear,B,2,11,25,6.0,True,0
SMMS002965,Signal & Telecommunication,COR03345,SR,cable_fault,B,2,7,9,1.5,True,0
TMS001716,Engineering,COR03000,SR,sleeper_defect,B,2,34,41,3.4,True,0
SMMS000496,Signal & Telecommunication,COR03696,SER,signal_failure,A,3,16,24,3.0,True,0
SMMS000234,Signal & Telecommunication,COR01715,WCR,block_instrument_fault,B,2,0,54,2.9,True,0
TMS001187,Engineering,COR05130,NR,rail_wear,C,1,12,30,4.4,True,0
TDMS000065,Traction Distribution,COR04170,NR,ohe_wire_wear,B,2,17,16,2.5,True,0
SMMS000779,Signal & Telecommunication,COR01879,SCR,interlocking_fault,A,3,2,62,1.0,True,1
TMS003947,Engineering,COR03283,SWR,points_crossing_wear,B,2,65,12,3.1,True,0
TMS001639,Engineering,COR06261,NR,alignment_deviation,C,1,243,4,4.6,True,0
SMMS002016,Signal & Telecommunication,COR00372,NER,cable_fault,B,2,4,21,1.7,True,0
TMS004620,Engineering,COR01116,SCR,points_crossing_wear,B,2,9,11,3.9,True,0
SMMS001975,Signal & Telecommunication,COR01366,WR,block_instrument_fault,B,2,5,37,0.6,True,0
SMMS000714,Signal & Telecommunication,COR06865,NR,axle_counter_fault,A,3,5,7,3.7,False,0
TMS002387,Engineering,COR02832,WR,formation_defect,B,2,757,95,5.8,True,1
TDMS000090,Traction Distribution,COR04142,SR,ohe_wire_wear,B,2,467,35,2.8,True,1
TMS000458,Engineering,COR02303,NR,sleeper_defect,B,2,15,29,5.3,True,0
TMS002435,Engineering,COR03904,NR,points_crossing_wear,B,2,3,22,3.2,True,0
TMS002334,Engineering,COR01683,WCR,ballast_deficiency,C,1,8,55,1.6,True,0
SMMS000568,Signal & Telecommunication,COR00809,NWR,cable_fault,B,2,4,5,3.4,True,0
SMMS000212,Signal & Telecommunication,COR00472,CR,block_instrument_fault,B,2,17,69,1.2,True,0
TDMS002130,Traction Distribution,COR03979,ER,ohe_pole_defect,C,1,5,12,4.5,True,0
TDMS000568,Traction Distribution,COR04251,NR,tension_device_fault,C,1,98,14,1.5,True,0
TMS001400,Engineering,COR03907,NR,points_crossing_wear,B,2,78,18,5.7,False,0
TMS005573,Engineering,COR02814,WR,ballast_deficiency,C,1,85,92,5.1,False,0
SMMS002936,Signal & Telecommunication,COR01689,WCR,point_machine_fault,B,2,166,55,1.8,True,1
SMMS001813,Signal & Telecommunication,COR01769,WCR,lc_gate_interlock_fault,A,3,16,43,0.7,True,1
SMMS002728,Signal & Telecommunication,COR04195,NWR,point_machine_fault,B,2,5,7,3.4,True,0
TDMS001934,Traction Distribution,COR01863,NR,circuit_breaker_fault,A,3,8,37,0.5,True,0
TMS000602,Engineering,COR06301,ECR,alignment_deviation,C,1,2787,7,3.3,True,0
TMS001099,Engineering,COR06593,NWR,points_crossing_wear,B,2,3,6,5.4,True,0
TMS001376,Engineering,COR03846,NFR,alignment_deviation,C,1,3,14,3.8,True,0
TMS003081,Engineering,COR05682,ECR,ballast_deficiency,C,1,55,11,5.6,False,0
SMMS000661,Signal & Telecommunication,COR02065,SWR,point_machine_fault,B,2,0,27,1.7,True,0
TDMS001465,Traction Distribution,COR00530,SR,feeder_fault,A,3,62,35,3.5,True,1
TMS001672,Engineering,COR01841,NR,sleeper_defect,B,2,10,36,6.0,True,0
SMMS000391,Signal & Telecommunication,COR00236,WCR,lc_gate_interlock_fault,A,3,12,58,2.4,True,0
TMS000307,Engineering,COR02231,SWR,ballast_deficiency,C,1,49,21,4.6,False,0
TMS001538,Engineering,COR00416,ER,rail_fracture,A,3,12,7,3.3,True,0
TDMS000780,Traction Distribution,COR05662,NWR,tension_device_fault,C,1,18,8,0.5,True,0
TMS005460,Engineering,COR04897,SWR,ballast_deficiency,C,1,6,20,4.7,True,0
TDMS001616,Traction Distribution,COR00224,WCR,ohe_wire_wear,B,2,16,53,1.9,True,0
TMS001363,Engineering,COR05528,SECR,ballast_deficiency,C,1,14,6,5.2,True,0
SMMS001748,Signal & Telecommunication,COR00780,NWR,cable_fault,B,2,4,26,2.6,True,0
SMMS001134,Signal & Telecommunication,COR02397,WR,cable_fault,B,2,21,35,2.3,True,0
TDMS001966,Traction Distribution,COR02540,NR,tension_device_fault,C,1,1,17,4.3,True,0
SMMS002380,Signal & Telecommunication,COR00773,NR,lc_gate_interlock_fault,A,3,0,35,3.1,True,0
TDMS000379,Traction Distribution,COR00685,WR,ohe_wire_wear,B,2,86,91,3.3,True,0
SMMS002999,Signal & Telecommunication,COR03321,ER,signal_failure,A,3,2,6,3.5,True,0
TDMS000398,Traction Distribution,COR02991,SR,ohe_pole_defect,C,1,468,41,2.2,True,1
TMS000952,Engineering,COR00640,SER,sleeper_defect,B,2,4,4,4.4,False,0
TDMS001024,Traction Distribution,COR01942,SCR,earthing_fault,B,2,64,22,3.1,True,0
TDMS001378,Traction Distribution,COR05557,NR,insulator_fault,B,2,27,5,1.9,True,0
TDMS002257,Traction Distribution,COR00677,WR,ohe_wire_wear,B,2,74,94,2.5,True,1
SMMS000215,Signal & Telecommunication,COR05654,NWR,cable_fault,B,2,1,8,0.7,True,0
TMS003712,Engineering,COR00673,WR,ballast_deficiency,C,1,6,94,1.1,True,0
TMS002441,Engineering,COR00691,WR,ballast_deficiency,C,1,1,90,3.1,True,0
TMS002167,Engineering,COR01364,WR,weld_failure,A,3,9,36,4.1,False,0
SMMS001929,Signal & Telecommunication,COR01542,CR,lc_gate_interlock_fault,A,3,1,16,2.9,True,0
TDMS000305,Traction Distribution,COR01152,CR,tension_device_fault,C,1,6,49,1.9,True,0
TMS003771,Engineering,COR05326,ECR,ballast_deficiency,C,1,82,6,4.7,True,0
TMS002855,Engineering,COR01706,WCR,formation_defect,B,2,0,58,2.4,True,0
SMMS000198,Signal & Telecommunication,COR01082,SWR,cable_fault,B,2,4,22,3.9,True,0
TMS001622,Engineering,COR00054,WR,sleeper_defect,B,2,15,24,5.6,True,0
SMMS002660,Signal & Telecommunication,COR02738,SR,signal_failure,A,3,1,18,3.0,True,0
TDMS000189,Traction Distribution,COR04039,NER,feeder_fault,A,3,98,21,0.6,True,0
SMMS002716,Signal & Telecommunication,COR00783,NWR,interlocking_fault,A,3,10,26,2.8,True,0
TDMS000346,Traction Distribution,COR03297,SWR,insulator_fault,B,2,7,10,1.9,True,0
TMS001577,Engineering,COR00236,WCR,sleeper_defect,B,2,15,58,3.5,True,0
SMMS000868,Signal & Telecommunication,COR06305,SER,point_machine_fault,B,2,85,9,2.9,True,0
SMMS002972,Signal & Telecommunication,COR00273,WCR,signal_failure,A,3,3,68,0.7,True,1
TMS004836,Engineering,COR00178,ECR,alignment_deviation,C,1,12,12,2.0,False,0
TMS004109,Engineering,COR02995,SR,rail_wear,C,1,12,41,3.5,True,0
SMMS001458,Signal & Telecommunication,COR05403,NCR,lc_gate_interlock_fault,A,3,4,9,3.8,True,0
SMMS002993,Signal & Telecommunication,COR02999,SR,cable_fault,B,2,4,41,1.2,True,0
TMS001599,Engineering,COR02828,WR,sleeper_defect,B,2,5,90,2.3,True,0
TDMS001050,Traction Distribution,COR05034,NER,feeder_fault,A,3,31,5,1.2,True,0
TMS002193,Engineering,COR02161,SR,sleeper_defect,B,2,13,70,0.5,False,0
TDMS000156,Traction Distribution,COR04544,NR,ohe_wire_wear,B,2,0,38,2.2,True,0
TMS001399,Engineering,COR00082,NWR,sleeper_defect,B,2,335,30,4.3,True,1
TDMS000063,Traction Distribution,COR05683,ECR,earthing_fault,B,2,10,11,3.2,True,0
SMMS000535,Signal & Telecommunication,COR04151,SR,interlocking_fault,A,3,1,35,1.0,True,0
TDMS000030,Traction Distribution,COR04946,KR,ohe_pole_defect,C,1,55,25,3.0,True,0
TDMS001983,Traction Distribution,COR04851,NCR,feeder_fault,A,3,20,6,1.9,True,0
TMS001278,Engineering,COR00145,NR,points_crossing_wear,B,2,28,36,4.5,True,0
TMS004880,Engineering,COR03149,CR,points_crossing_wear,B,2,53,33,5.3,True,0
TMS001617,Engineering,COR06902,NFR,weld_failure,A,3,14,2,5.6,True,0
TMS001188,Engineering,COR05607,ER,rail_wear,C,1,21,2,2.5,True,0
TMS000475,Engineering,COR01704,WCR,alignment_deviation,C,1,56,58,3.3,True,0
TMS004277,Engineering,COR04769,NR,ballast_deficiency,C,1,374,6,3.9,True,0
SMMS001850,Signal & Telecommunication,COR03154,WR,block_instrument_fault,B,2,103,28,3.3,True,0
TMS002144,Engineering,COR00793,NWR,points_crossing_wear,B,2,29,26,5.9,True,0
TMS002770,Engineering,COR00698,WR,ballast_deficiency,B,2,45,92,3.9,True,0
TMS000394,Engineering,COR01639,SWR,sleeper_defect,B,2,138,27,1.5,True,0
SMMS002134,Signal & Telecommunication,COR01593,SR,point_machine_fault,B,2,3,5,3.8,True,0
SMMS002930,Signal & Telecommunication,COR08112,NCR,block_instrument_fault,B,2,5,2,1.4,True,0
TMS002846,Engineering,COR02587,KR,alignment_deviation,C,1,10,22,1.2,True,0
SMMS000645,Signal & Telecommunication,COR04032,WR,point_machine_fault,B,2,11,14,3.7,True,0
SMMS001847,Signal & Telecommunication,COR01890,SCR,lc_gate_interlock_fault,A,3,28,66,3.6,True,1
TDMS002134,Traction Distribution,COR03902,NR,ohe_pole_defect,C,1,346,19,3.1,True,0
TMS001043,Engineering,COR01787,SWR,points_crossing_wear,B,2,10,9,2.8,True,0
TMS000431,Engineering,COR00931,SWR,weld_failure,A,3,299,41,2.7,True,1
TMS005285,Engineering,COR04935,KR,alignment_deviation,C,1,180,26,5.6,True,0
TDMS001709,Traction Distribution,COR00564,NR,insulator_fault,B,2,75,20,1.3,True,0
TMS004610,Engineering,COR02446,ER,formation_defect,B,2,6,19,4.9,True,0
TMS000692,Engineering,COR01365,WR,alignment_deviation,C,1,11,38,2.4,True,0
TDMS002101,Traction Distribution,COR01885,SCR,insulator_fault,B,2,556,62,0.9,True,1
SMMS002146,Signal & Telecommunication,COR00486,WCR,interlocking_fault,A,3,29,69,3.9,False,1
TMS004319,Engineering,COR02231,SWR,formation_defect,B,2,83,21,6.0,True,0
TMS001812,Engineering,COR02351,NWR,rail_fracture,A,3,386,13,1.0,True,1
SMMS002041,Signal & Telecommunication,COR01523,CR,signal_failure,A,3,11,50,3.7,True,1
TMS004975,Engineering,COR00677,WR,rail_fracture,B,2,126,94,5.0,True,0
TMS005160,Engineering,COR00721,WR,alignment_deviation,C,1,72,26,2.6,True,0
TDMS000731,Traction Distribution,COR00468,CR,earthing_fault,B,2,8,69,3.7,True,0
TDMS001930,Traction Distribution,COR03425,WR,ohe_wire_wear,B,2,88,1,4.6,True,0
SMMS002614,Signal & Telecommunication,COR00544,SR,signal_failure,A,3,21,35,3.1,True,0
TMS002630,Engineering,COR01789,SWR,points_crossing_wear,B,2,3512,9,3.4,True,1
TMS003918,Engineering,COR05241,NFR,ballast_deficiency,C,1,15,9,1.4,False,0
TMS001839,Engineering,COR00485,WCR,alignment_deviation,A,3,2051,69,2.2,True,1
TDMS001699,Traction Distribution,COR00184,ECR,ohe_pole_defect,C,1,449,13,0.9,True,0
TMS001130,Engineering,COR01719,WCR,rail_wear,C,1,5,53,3.5,True,0
SMMS000838,Signal & Telecommunication,COR00263,WCR,axle_counter_fault,A,3,0,54,2.8,True,0
SMMS001414,Signal & Telecommunication,COR02838,WR,interlocking_fault,A,3,27,95,1.1,True,0
TDMS000832,Traction Distribution,COR00428,SCR,ohe_wire_wear,B,2,2,20,1.1,True,0
TMS004233,Engineering,COR02152,SR,sleeper_defect,B,2,270,70,2.4,True,1
TDMS000532,Traction Distribution,COR00238,WCR,ohe_wire_wear,B,2,6,58,2.5,True,0
TMS004837,Engineering,COR02693,NR,rail_fracture,A,3,46,19,1.3,True,0
TDMS001492,Traction Distribution,COR00598,NER,insulator_fault,B,2,44,16,3.9,True,0
TDMS002444,Traction Distribution,COR04674,KR,circuit_breaker_fault,A,3,18,25,2.6,True,0
TMS004272,Engineering,COR00473,CR,rail_wear,C,1,2,69,5.5,True,0
SMMS000813,Signal & Telecommunication,COR00973,NFR,cable_fault,B,2,21,14,3.0,True,0
TMS000611,Engineering,COR02119,SWR,alignment_deviation,C,1,9,27,2.4,True,0
SMMS001087,Signal & Telecommunication,COR03115,NR,signal_failure,A,3,2,4,1.0,True,0
TMS002832,Engineering,COR04616,NFR,weld_failure,A,3,57,18,0.9,True,0
SMMS001115,Signal & Telecommunication,COR03575,SER,signal_failure,A,3,0,25,1.8,True,0
TMS000740,Engineering,COR05940,NWR,ballast_deficiency,C,1,54,4,1.4,True,0
TMS000757,Engineering,COR07246,ECoR,ballast_deficiency,C,1,8,1,5.6,True,0
TMS001885,Engineering,COR03754,NWR,rail_fracture,A,3,11,10,0.6,False,0
TDMS000121,Traction Distribution,COR00680,WR,tension_device_fault,C,1,8,94,1.9,True,0
TMS000922,Engineering,COR00678,WR,rail_wear,C,1,3,94,2.1,True,0
SMMS000132,Signal & Telecommunication,COR00202,NR,cable_fault,B,2,21,10,0.8,True,0
TDMS001568,Traction Distribution,COR00638,SECR,insulator_fault,B,2,71,9,0.6,True,0
TMS002074,Engineering,COR04756,NR,ballast_deficiency,C,1,7,2,2.1,True,0
TMS000363,Engineering,COR02312,NR,weld_failure,A,3,105,29,5.1,True,1
TMS004292,Engineering,COR06397,NER,weld_failure,A,3,73,19,2.3,True,0
TMS002949,Engineering,COR01895,SCR,alignment_deviation,C,1,67,66,3.2,True,0
TMS003636,Engineering,COR00269,WCR,formation_defect,B,2,80,68,1.1,True,0
SMMS000320,Signal & Telecommunication,COR00622,SCR,signal_failure,A,3,3,63,1.7,True,1
TDMS000111,Traction Distribution,COR07412,WR,insulator_fault,B,2,37,6,1.5,True,0
TMS005364,Engineering,COR00570,ECR,ballast_deficiency,C,1,8,16,5.0,True,0
TMS005201,Engineering,COR02804,WR,points_crossing_wear,B,2,80,54,3.6,True,0
TMS002783,Engineering,COR05977,NR,points_crossing_wear,C,1,2,8,1.3,True,0
TDMS000274,Traction Distribution,COR05511,ER,circuit_breaker_fault,A,3,252,10,4.0,True,1
SMMS002009,Signal & Telecommunication,COR04609,NFR,interlocking_fault,A,3,0,15,2.1,True,0
TMS001910,Engineering,COR03185,ER,points_crossing_wear,B,2,3,12,5.9,True,0
TMS001535,Engineering,COR02628,ER,sleeper_defect,B,2,70,10,1.9,False,0
TMS005854,Engineering,COR03006,ECR,rail_fracture,A,3,13,5,4.1,True,0
TMS001857,Engineering,COR02081,SWR,alignment_deviation,C,1,2355,25,2.0,True,1
TMS005048,Engineering,COR07854,ECR,ballast_deficiency,C,1,130,1,1.6,True,0
TMS000836,Engineering,COR00724,WR,rail_wear,C,1,15,23,1.6,True,0
TMS002325,Engineering,COR00314,SER,rail_wear,C,1,37,23,5.5,True,0
TMS004115,Engineering,COR05687,ECR,alignment_deviation,A,3,0,11,4.4,True,0
SMMS002138,Signal & Telecommunication,COR03838,NFR,signal_failure,A,3,19,19,0.7,True,0
TMS003265,Engineering,COR02391,WR,alignment_deviation,C,1,219,36,5.4,True,0
SMMS001303,Signal & Telecommunication,COR02820,WR,interlocking_fault,A,3,2,90,2.9,True,1
SMMS002292,Signal & Telecommunication,COR04997,SR,point_machine_fault,B,2,27,13,2.3,True,0
TDMS002400,Traction Distribution,COR01722,NCR,feeder_fault,A,3,68,54,3.9,True,1
TDMS001575,Traction Distribution,COR00775,NR,circuit_breaker_fault,A,3,222,35,3.0,True,1
TDMS001776,Traction Distribution,COR02049,CR,feeder_fault,A,3,560,6,2.7,True,1
SMMS001391,Signal & Telecommunication,COR04122,NR,signal_failure,A,3,0,10,3.7,True,0
TMS000875,Engineering,COR03612,SWR,sleeper_defect,B,2,10,20,4.8,False,0
TDMS001025,Traction Distribution,COR03779,SECR,earthing_fault,B,2,26,6,1.5,True,0
SMMS000725,Signal & Telecommunication,COR03382,NWR,point_machine_fault,B,2,5,6,2.5,True,0
TMS005873,Engineering,COR04154,SR,alignment_deviation,C,1,6,35,2.6,True,0
SMMS000018,Signal & Telecommunication,COR00025,WR,block_instrument_fault,B,2,1,35,3.7,True,0
TDMS001079,Traction Distribution,COR01485,NFR,insulator_fault,B,2,5,22,2.3,True,0
TMS005706,Engineering,COR00767,NR,sleeper_defect,B,2,60,37,5.0,True,0
TDMS000074,Traction Distribution,COR02310,NR,tension_device_fault,C,1,17,30,0.5,True,0
TMS005297,Engineering,COR03018,NR,points_crossing_wear,B,2,71,12,5.7,False,0
TMS005186,Engineering,COR01701,WCR,alignment_deviation,C,1,20,58,2.6,True,0
SMMS001749,Signal & Telecommunication,COR03344,SR,interlocking_fault,A,3,2,9,0.9,True,0
TMS000334,Engineering,COR00791,NWR,ballast_deficiency,C,1,0,26,5.7,True,0
SMMS002416,Signal & Telecommunication,COR01943,SCR,cable_fault,B,2,2,22,3.4,True,0
TMS004454,Engineering,COR05070,NFR,alignment_deviation,C,1,362,6,1.8,True,0
TMS003964,Engineering,COR01626,SWR,rail_fracture,A,3,13,32,3.8,True,0
TMS001365,Engineering,COR02696,NR,ballast_deficiency,C,1,13,27,1.0,False,0
TDMS002075,Traction Distribution,COR06395,NER,insulator_fault,B,2,220,19,0.9,True,0
TDMS002491,Traction Distribution,COR02160,SR,ohe_wire_wear,B,2,17,70,3.4,True,0
SMMS001199,Signal & Telecommunication,COR02975,SR,lc_gate_interlock_fault,A,3,9,40,0.6,False,0
TDMS001342,Traction Distribution,COR01366,WR,ohe_pole_defect,C,1,2,37,1.2,True,0
TDMS000604,Traction Distribution,COR00489,WCR,circuit_breaker_fault,A,3,17,69,3.5,True,0
TMS003531,Engineering,COR03839,NFR,alignment_deviation,C,1,22,19,4.0,True,0
TMS000180,Engineering,COR03897,NR,sleeper_defect,B,2,2,16,4.0,True,0
SMMS001577,Signal & Telecommunication,COR01151,CR,cable_fault,B,2,0,49,2.0,True,0
TMS003683,Engineering,COR00563,NR,points_crossing_wear,B,2,14,20,2.2,True,0
SMMS001873,Signal & Telecommunication,COR02811,WR,axle_counter_fault,A,3,3,92,2.9,False,1
TDMS002462,Traction Distribution,COR01673,WCR,circuit_breaker_fault,A,3,483,55,4.6,True,1
TMS003997,Engineering,COR02809,WR,rail_wear,A,3,1,87,2.6,False,0
TDMS002347,Traction Distribution,COR00323,SER,ohe_wire_wear,B,2,17,24,3.4,True,0
TDMS002175,Traction Distribution,COR04325,SR,ohe_wire_wear,B,2,32,15,0.9,True,0
TMS002980,Engineering,COR04683,KR,weld_failure,A,3,0,26,5.2,False,0
TMS004453,Engineering,COR00945,SR,ballast_deficiency,C,1,6,10,4.5,True,0
TMS005843,Engineering,COR00108,NWR,rail_fracture,A,3,1,16,4.5,True,0
SMMS002683,Signal & Telecommunication,COR00993,NFR,interlocking_fault,A,3,5,8,2.8,True,0
TMS001951,Engineering,COR00209,NCR,alignment_deviation,C,1,66,53,2.3,True,0
TDMS001419,Traction Distribution,COR00420,SCR,earthing_fault,B,2,16,53,4.4,True,0
TMS002178,Engineering,COR02452,ER,rail_wear,C,1,3,12,1.6,True,0
TDMS000983,Traction Distribution,COR02400,WR,ohe_wire_wear,B,2,2,35,3.5,True,0
SMMS002333,Signal & Telecommunication,COR01484,NFR,point_machine_fault,B,2,0,22,0.5,True,0
TMS001353,Engineering,COR05471,ER,rail_fracture,A,3,114,2,3.8,True,0
TMS001996,Engineering,COR01678,WCR,alignment_deviation,C,1,326,55,4.4,False,1
TMS005820,Engineering,COR00825,NWR,ballast_deficiency,C,1,351,11,2.1,True,0
SMMS001586,Signal & Telecommunication,COR02133,SCR,cable_fault,B,2,18,20,3.1,False,0
TDMS001864,Traction Distribution,COR02058,SCR,ohe_pole_defect,C,1,14,24,3.4,True,0
TDMS000264,Traction Distribution,COR05080,NR,ohe_wire_wear,B,2,3,10,1.8,True,0
TDMS001335,Traction Distribution,COR05132,NR,ohe_wire_wear,B,2,14,30,2.1,True,0
TDMS001932,Traction Distribution,COR02309,NR,earthing_fault,B,2,3,29,2.3,True,0
TDMS002386,Traction Distribution,COR04542,NR,insulator_fault,B,2,4,38,2.3,True,0
SMMS002143,Signal & Telecommunication,COR00286,CR,cable_fault,B,2,4,68,0.9,True,0
SMMS001585,Signal & Telecommunication,COR00708,WR,point_machine_fault,B,2,8,54,0.8,True,0
TDMS000471,Traction Distribution,COR00226,WCR,ohe_pole_defect,C,1,177,57,1.6,True,0
TDMS001673,Traction Distribution,COR04932,KR,ohe_wire_wear,B,2,585,26,4.8,True,1
TDMS001345,Traction Distribution,COR01766,WCR,circuit_breaker_fault,A,3,37,43,0.5,True,1
TMS003269,Engineering,COR03312,NR,weld_failure,A,3,5,3,5.4,True,0
TMS002835,Engineering,COR04701,CR,alignment_deviation,C,1,3,26,4.8,True,0
TMS005200,Engineering,COR00730,SWR,alignment_deviation,C,1,43,11,5.0,True,0
TMS004596,Engineering,COR00593,ECR,ballast_deficiency,C,1,4,16,2.3,True,0
TDMS002392,Traction Distribution,COR00622,SCR,insulator_fault,B,2,3,63,2.2,True,0
SMMS001277,Signal & Telecommunication,COR02070,SWR,interlocking_fault,A,3,23,27,1.9,True,0
SMMS001832,Signal & Telecommunication,COR03803,SR,point_machine_fault,B,2,0,22,2.2,True,0
TMS000109,Engineering,COR01231,CR,alignment_deviation,C,1,2,6,1.7,True,0
TMS001528,Engineering,COR02027,NER,alignment_deviation,C,1,541,19,4.8,False,0
TMS002028,Engineering,COR01925,SCR,formation_defect,B,2,5,12,5.2,True,0
SMMS000389,Signal & Telecommunication,COR04899,SWR,cable_fault,B,2,25,20,1.5,True,0
TMS004447,Engineering,COR00173,NER,points_crossing_wear,B,2,55,12,1.6,True,0
TDMS001532,Traction Distribution,COR01308,NWR,tension_device_fault,C,1,28,19,5.0,True,0
TMS003783,Engineering,COR02429,SWR,rail_fracture,A,3,9,15,0.6,False,0
TMS001006,Engineering,COR00520,NWR,sleeper_defect,B,2,5,11,5.7,True,0
TMS003295,Engineering,COR00471,CR,alignment_deviation,C,1,1,69,1.7,True,0
SMMS000392,Signal & Telecommunication,COR05003,SR,axle_counter_fault,A,3,16,18,0.7,True,0
SMMS000573,Signal & Telecommunication,COR01951,SCR,block_instrument_fault,B,2,2,21,1.9,True,0
TMS004644,Engineering,COR00155,NR,alignment_deviation,C,1,5,36,3.4,True,0
TMS000286,Engineering,COR01414,SR,ballast_deficiency,C,1,4,20,4.0,True,0
TMS001053,Engineering,COR03939,WCR,points_crossing_wear,B,2,56,29,3.0,True,0
TDMS001933,Traction Distribution,COR04160,SR,ohe_wire_wear,B,2,13,35,4.5,True,0
TMS000074,Engineering,COR00294,CR,ballast_deficiency,C,1,0,68,2.0,False,0
TMS002470,Engineering,COR00195,ECR,ballast_deficiency,C,1,77,19,1.0,True,0
TMS003191,Engineering,COR00685,WR,sleeper_defect,B,2,10,91,2.3,True,0
SMMS001761,Signal & Telecommunication,COR02397,WR,point_machine_fault,B,2,3,35,1.7,True,0
SMMS002425,Signal & Telecommunication,COR00278,WCR,point_machine_fault,B,2,4,68,1.5,True,0
TMS000395,Engineering,COR06838,NR,ballast_deficiency,C,1,306,5,1.4,True,0
TMS002201,Engineering,COR04258,NCR,points_crossing_wear,B,2,15,14,5.4,True,0
SMMS001840,Signal & Telecommunication,COR00237,WCR,signal_failure,A,3,1,58,3.2,False,1
TMS005504,Engineering,COR02152,SR,ballast_deficiency,B,2,69,70,1.3,True,0
TMS005594,Engineering,COR01108,SCR,rail_wear,C,1,54,14,3.1,True,0
TMS003479,Engineering,COR03940,WCR,weld_failure,A,3,2,30,1.7,False,0
TMS001749,Engineering,COR01004,NFR,rail_wear,C,1,59,19,4.3,True,0
TMS000058,Engineering,COR01524,CR,formation_defect,B,2,14,50,3.4,False,0
TDMS000846,Traction Distribution,COR00486,WCR,ohe_wire_wear,B,2,18,69,3.4,True,0
TMS005102,Engineering,COR02215,NWR,ballast_deficiency,C,1,152,12,2.3,True,0
TDMS001420,Traction Distribution,COR04270,CR,tension_device_fault,C,1,102,33,4.4,True,0
TMS000378,Engineering,COR01702,WCR,ballast_deficiency,A,3,6,58,3.6,False,0
TMS003444,Engineering,COR03208,WR,rail_wear,C,1,63,4,3.2,True,0
TMS003660,Engineering,COR06333,NR,formation_defect,B,2,7,8,5.7,True,0
TDMS002431,Traction Distribution,COR04249,NR,ohe_pole_defect,C,1,534,14,2.2,True,0
TMS004526,Engineering,COR00158,NR,ballast_deficiency,C,1,69,38,3.3,True,0
TDMS001927,Traction Distribution,COR01478,NFR,feeder_fault,A,3,16,25,3.8,True,0
TDMS001460,Traction Distribution,COR03861,ER,ohe_pole_defect,C,1,13,6,2.5,True,0
TDMS000797,Traction Distribution,COR01688,WCR,ohe_pole_defect,C,1,433,55,0.8,True,1
TMS005342,Engineering,COR02889,WCR,formation_defect,B,2,14,34,2.6,True,0
TDMS001745,Traction Distribution,COR02434,ER,earthing_fault,B,2,17,5,2.3,True,0
TDMS000707,Traction Distribution,COR00016,WR,tension_device_fault,C,1,6,25,3.1,True,0
TMS001998,Engineering,COR03259,WCR,sleeper_defect,B,2,3206,42,1.5,True,1
SMMS000663,Signal & Telecommunication,COR01556,CR,point_machine_fault,B,2,3,22,2.6,True,0
TMS001111,Engineering,COR00077,NWR,rail_wear,C,1,34,30,1.8,True,0
SMMS002232,Signal & Telecommunication,COR00024,WR,signal_failure,A,3,5,35,0.6,True,1
SMMS001490,Signal & Telecommunication,COR03119,NR,point_machine_fault,B,2,0,4,3.0,True,0
TMS003718,Engineering,COR00470,CR,ballast_deficiency,C,1,7,69,4.0,True,0
TMS002281,Engineering,COR03939,WCR,points_crossing_wear,B,2,1,29,1.9,False,0
TDMS001361,Traction Distribution,COR01891,SCR,insulator_fault,B,2,312,66,2.4,True,1
SMMS000691,Signal & Telecommunication,COR02158,SR,cable_fault,B,2,3,70,1.1,True,0
SMMS000410,Signal & Telecommunication,COR03214,WR,block_instrument_fault,B,2,4,5,2.6,True,0
TMS002460,Engineering,COR04903,SWR,ballast_deficiency,C,1,1043,20,4.3,True,0
SMMS002388,Signal & Telecommunication,COR06401,NER,point_machine_fault,B,2,3,19,2.2,True,0
TDMS002316,Traction Distribution,COR03557,SER,ohe_wire_wear,B,2,38,22,0.7,True,0
TMS002351,Engineering,COR02811,WR,points_crossing_wear,B,2,69,92,4.3,True,0
TMS004872,Engineering,COR04540,NR,formation_defect,B,2,49,38,4.4,True,0
SMMS000287,Signal & Telecommunication,COR00616,SCR,cable_fault,B,2,0,63,2.9,True,0
SMMS002014,Signal & Telecommunication,COR02153,SR,axle_counter_fault,A,3,20,70,2.2,True,1
TMS001745,Engineering,COR01692,WCR,ballast_deficiency,C,1,370,53,3.8,True,1
TMS001638,Engineering,COR02821,WR,weld_failure,B,2,86,90,0.9,True,0
SMMS002230,Signal & Telecommunication,COR02388,WR,signal_failure,A,3,2,36,0.7,True,0
SMMS000966,Signal & Telecommunication,COR05001,SR,signal_failure,A,3,2,13,1.4,True,0
TMS001852,Engineering,COR03296,SWR,rail_fracture,A,3,12,10,1.3,True,0
TMS005434,Engineering,COR02437,ER,alignment_deviation,C,1,20,16,3.9,True,0
TDMS000369,Traction Distribution,COR05978,NR,ohe_pole_defect,C,1,14,8,1.0,True,0
TMS001520,Engineering,COR02685,NR,sleeper_defect,B,2,11,22,5.9,True,0
SMMS003000,Signal & Telecommunication,COR07770,ER,cable_fault,B,2,0,1,1.3,True,0
TMS005488,Engineering,COR01211,SCR,weld_failure,A,3,12,10,5.7,True,0
TMS003342,Engineering,COR01859,NR,rail_fracture,A,3,5,37,3.5,False,0
SMMS001859,Signal & Telecommunication,COR02809,WR,signal_failure,A,3,26,87,2.5,False,1
TMS001382,Engineering,COR04663,KR,alignment_deviation,C,1,74,24,0.7,True,0
TMS002181,Engineering,COR02585,KR,ballast_deficiency,C,1,18,22,5.3,True,0
TDMS001721,Traction Distribution,COR00273,WCR,ohe_wire_wear,B,2,17,68,5.0,True,0
TMS005006,Engineering,COR00530,SR,sleeper_defect,B,2,10,35,2.8,True,0
SMMS000038,Signal & Telecommunication,COR08153,NCR,block_instrument_fault,B,2,1,1,3.2,True,0
TDMS000430,Traction Distribution,COR00791,NWR,feeder_fault,A,3,9,26,3.1,True,0
TMS003794,Engineering,COR01136,NER,ballast_deficiency,C,1,8,8,3.8,False,0
TMS002566,Engineering,COR00712,WR,alignment_deviation,C,1,57,53,4.6,True,0
TMS003700,Engineering,COR03473,NCR,rail_wear,C,1,12,14,0.6,False,0
TMS005595,Engineering,COR01875,SCR,rail_wear,C,1,27,62,4.0,True,0
TMS003198,Engineering,COR04259,NCR,formation_defect,B,2,11,14,5.5,True,0
TMS005558,Engineering,COR05206,SR,points_crossing_wear,B,2,9,15,4.7,False,0
TMS001578,Engineering,COR05469,ER,sleeper_defect,B,2,12,2,2.7,True,0
TMS001594,Engineering,COR00757,SWR,rail_fracture,A,3,9,12,6.0,True,0
TDMS001060,Traction Distribution,COR07125,ER,feeder_fault,A,3,0,4,2.0,True,0
TDMS000772,Traction Distribution,COR01848,NR,circuit_breaker_fault,A,3,119,36,2.1,True,1
TDMS001473,Traction Distribution,COR01525,CR,insulator_fault,B,2,3,50,4.7,True,0
TMS001330,Engineering,COR00479,CR,alignment_deviation,C,1,68,70,3.7,True,0
TMS002154,Engineering,COR05639,WCR,ballast_deficiency,C,1,63,6,2.9,True,0
TDMS001023,Traction Distribution,COR03054,SR,insulator_fault,B,2,46,22,1.3,True,0
TMS004929,Engineering,COR00263,WCR,points_crossing_wear,B,2,2,54,3.6,True,0
TDMS002063,Traction Distribution,COR03866,ER,feeder_fault,A,3,51,6,2.7,True,0
TMS000673,Engineering,COR02981,SR,ballast_deficiency,C,1,5,40,4.2,True,0
TMS003308,Engineering,COR01764,WCR,rail_fracture,A,3,5,43,0.9,True,0
SMMS000887,Signal & Telecommunication,COR03650,SCR,signal_failure,A,3,5,14,0.6,False,0
SMMS001471,Signal & Telecommunication,COR04365,ECR,cable_fault,B,2,5,15,1.6,True,0
TDMS000043,Traction Distribution,COR00237,WCR,ohe_wire_wear,B,2,32,58,3.2,True,0
SMMS002318,Signal & Telecommunication,COR01131,NER,cable_fault,B,2,1,8,3.4,True,0
TDMS001163,Traction Distribution,COR01302,NWR,insulator_fault,B,2,12,20,1.9,True,0
TDMS001573,Traction Distribution,COR02429,SWR,insulator_fault,B,2,232,15,3.7,True,0
TMS003024,Engineering,COR05297,WR,alignment_deviation,C,1,2,4,4.7,False,0
TDMS001988,Traction Distribution,COR04189,NR,ohe_wire_wear,B,2,61,7,2.9,True,0
TDMS001656,Traction Distribution,COR03059,SR,insulator_fault,B,2,579,17,4.0,True,0
SMMS000926,Signal & Telecommunication,COR02990,SR,point_machine_fault,B,2,0,41,2.0,True,0
TDMS001428,Traction Distribution,COR07801,WR,earthing_fault,B,2,116,3,4.9,True,0
SMMS001132,Signal & Telecommunication,COR05564,NR,lc_gate_interlock_fault,A,3,2,5,3.5,False,0
TMS002842,Engineering,COR00784,NWR,ballast_deficiency,C,1,3,26,2.1,True,0
TDMS001190,Traction Distribution,COR01063,NFR,ohe_wire_wear,B,2,162,5,2.4,True,0
TMS001390,Engineering,COR03701,SER,ballast_deficiency,C,1,298,19,2.4,True,0
SMMS001710,Signal & Telecommunication,COR00522,NWR,block_instrument_fault,B,2,2,11,1.6,True,0
TMS003489,Engineering,COR05180,ECR,ballast_deficiency,C,1,315,17,1.6,True,0
SMMS002067,Signal & Telecommunication,COR03418,WR,block_instrument_fault,B,2,3,6,1.4,True,0
SMMS002042,Signal & Telecommunication,COR00101,NWR,lc_gate_interlock_fault,A,3,0,19,2.8,True,0
TDMS001826,Traction Distribution,COR04271,CR,ohe_pole_defect,C,1,20,33,2.4,True,0
TDMS000376,Traction Distribution,COR00069,NWR,insulator_fault,B,2,1,30,5.0,True,0
TMS005349,Engineering,COR06396,NER,ballast_deficiency,C,1,20,19,0.9,True,0
TMS003182,Engineering,COR00490,WCR,rail_wear,C,1,13,69,1.2,True,0
SMMS001722,Signal & Telecommunication,COR00630,SECR,cable_fault,B,2,2,7,3.3,False,0
TMS001559,Engineering,COR02704,NR,alignment_deviation,C,1,56,27,5.8,True,0
TMS004601,Engineering,COR02602,KR,ballast_deficiency,C,1,0,22,3.4,True,0
TMS003160,Engineering,COR02517,NWR,rail_wear,C,1,14,3,5.4,True,0
TMS000820,Engineering,COR01894,SCR,sleeper_defect,B,2,8,66,1.0,True,0
TDMS002062,Traction Distribution,COR00689,WR,tension_device_fault,C,1,7,90,4.4,True,0
TMS004193,Engineering,COR08002,WR,rail_wear,C,1,13,2,4.0,True,0
SMMS002762,Signal & Telecommunication,COR04137,SR,interlocking_fault,A,3,55,41,2.0,True,1
TMS002064,Engineering,COR03742,SR,ballast_deficiency,C,1,80,7,4.5,True,0
TDMS002137,Traction Distribution,COR04663,KR,insulator_fault,B,2,10,24,1.3,True,0
TDMS002464,Traction Distribution,COR03085,SR,ohe_wire_wear,B,2,13,40,3.8,True,0
SMMS000300,Signal & Telecommunication,COR00746,NER,cable_fault,B,2,3,16,2.8,True,0
TDMS001182,Traction Distribution,COR01397,SR,insulator_fault,B,2,74,11,4.8,True,0
TMS003525,Engineering,COR01762,WCR,ballast_deficiency,C,1,13,43,5.9,True,0
TDMS001494,Traction Distribution,COR00208,NCR,ohe_wire_wear,B,2,0,53,2.7,True,0
TMS004456,Engineering,COR02135,SCR,weld_failure,A,3,2758,20,2.7,True,1
TMS005163,Engineering,COR01565,CR,sleeper_defect,B,2,74,22,0.8,False,0
TMS000357,Engineering,COR01855,NR,sleeper_defect,B,2,28,36,1.1,True,0
SMMS002810,Signal & Telecommunication,COR00713,WR,cable_fault,B,2,22,53,1.0,True,0
SMMS002051,Signal & Telecommunication,COR00018,WR,block_instrument_fault,B,2,78,24,3.2,True,0
TMS003492,Engineering,COR00048,WR,formation_defect,B,2,162,31,3.5,True,1
TMS004329,Engineering,COR00619,SCR,rail_wear,C,1,13,63,1.8,True,0
TDMS000183,Traction Distribution,COR00869,SCR,ohe_wire_wear,B,2,7,20,4.6,True,0
SMMS001357,Signal & Telecommunication,COR02018,NER,axle_counter_fault,A,3,0,19,2.2,True,0
TMS001442,Engineering,COR00363,WR,formation_defect,B,2,68,13,2.4,False,0
TMS004032,Engineering,COR01881,SCR,weld_failure,A,3,3,62,4.9,True,0
TMS001170,Engineering,COR02803,WR,ballast_deficiency,C,1,14,53,3.1,False,0
TDMS001356,Traction Distribution,COR00719,WR,insulator_fault,B,2,111,51,1.3,True,1
TMS005750,Engineering,COR05061,SCR,rail_wear,C,1,1,15,0.9,True,0
TMS004894,Engineering,COR02025,NER,weld_failure,A,3,55,19,2.7,True,0
TMS001085,Engineering,COR01378,SR,ballast_deficiency,C,1,79,6,2.8,True,0
TMS003443,Engineering,COR00957,SR,rail_fracture,A,3,5,10,4.6,True,0
SMMS000266,Signal & Telecommunication,COR04581,NCR,signal_failure,A,3,2,14,1.0,True,0
TMS002456,Engineering,COR01674,WCR,alignment_deviation,C,1,66,55,4.4,True,0
TDMS001056,Traction Distribution,COR01183,CR,insulator_fault,B,2,2,16,4.1,True,0
TDMS001307,Traction Distribution,COR00284,WCR,tension_device_fault,C,1,548,68,0.9,True,1
TMS005324,Engineering,COR00134,NWR,rail_wear,C,1,76,27,4.4,True,0
TDMS001649,Traction Distribution,COR06026,NWR,earthing_fault,B,2,14,6,2.6,True,0
TMS005536,Engineering,COR04611,NFR,formation_defect,B,2,14,15,4.2,True,0
SMMS002560,Signal & Telecommunication,COR01087,SWR,axle_counter_fault,A,3,1,22,1.1,True,0
SMMS001253,Signal & Telecommunication,COR07940,ECoR,point_machine_fault,B,2,2,2,3.6,True,0
TDMS000044,Traction Distribution,COR02802,WR,ohe_wire_wear,B,2,6,53,3.6,True,0
TMS003941,Engineering,COR01720,NCR,weld_failure,A,3,53,54,5.2,True,1
TDMS000217,Traction Distribution,COR00575,ECR,insulator_fault,B,2,529,19,4.4,True,1
TDMS000311,Traction Distribution,COR01855,NR,tension_device_fault,C,1,4,36,2.2,True,0
TDMS000237,Traction Distribution,COR02156,SR,tension_device_fault,C,1,33,70,3.9,True,0
TMS003780,Engineering,COR00555,NR,alignment_deviation,C,1,51,22,3.8,True,0
SMMS000618,Signal & Telecommunication,COR00331,NER,axle_counter_fault,A,3,3,10,2.4,False,0
TMS000039,Engineering,COR04462,NFR,weld_failure,A,3,204,15,3.0,True,1
SMMS001754,Signal & Telecommunication,COR01972,WR,interlocking_fault,A,3,1,10,1.7,True,0
SMMS002130,Signal & Telecommunication,COR02704,NR,lc_gate_interlock_fault,A,3,22,27,0.9,True,1
TMS005068,Engineering,COR05126,NR,sleeper_defect,B,2,17,30,4.5,True,0
TDMS002287,Traction Distribution,COR03610,SWR,insulator_fault,B,2,57,18,1.6,True,0
TMS005326,Engineering,COR03026,NR,ballast_deficiency,C,1,340,11,2.5,True,0
TDMS001904,Traction Distribution,COR00020,WR,feeder_fault,A,3,20,26,3.5,True,0
SMMS001587,Signal & Telecommunication,COR00687,WR,interlocking_fault,A,3,27,90,2.2,True,1
SMMS000844,Signal & Telecommunication,COR01515,CR,block_instrument_fault,B,2,5,17,2.0,True,0
SMMS001008,Signal & Telecommunication,COR00152,NR,cable_fault,B,2,4,36,3.6,True,0
SMMS001365,Signal & Telecommunication,COR02384,WR,lc_gate_interlock_fault,A,3,0,36,3.7,False,0
TDMS001666,Traction Distribution,COR02682,NR,ohe_wire_wear,B,2,26,22,3.7,True,0
SMMS002021,Signal & Telecommunication,COR02166,SR,point_machine_fault,B,2,2,21,1.1,True,0
TDMS000316,Traction Distribution,COR00990,NFR,earthing_fault,B,2,37,17,1.7,True,0
TDMS001159,Traction Distribution,COR04550,NR,earthing_fault,B,2,5,37,4.0,True,0
SMMS002680,Signal & Telecommunication,COR04398,NR,cable_fault,B,2,51,6,3.4,True,0
TMS001486,Engineering,COR01241,CR,weld_failure,A,3,9,4,2.8,True,0
TMS005413,Engineering,COR02530,NR,ballast_deficiency,C,1,9,7,2.4,True,0
TMS004279,Engineering,COR01895,SCR,ballast_deficiency,C,1,350,66,1.7,True,1
SMMS000415,Signal & Telecommunication,COR01206,CR,interlocking_fault,A,3,1,22,3.9,True,0
SMMS001337,Signal & Telecommunication,COR00473,CR,cable_fault,B,2,27,69,3.6,True,0
TDMS000058,Traction Distribution,COR08524,ECR,ohe_wire_wear,B,2,18,1,2.5,True,0
SMMS002414,Signal & Telecommunication,COR01321,NWR,block_instrument_fault,B,2,27,30,3.0,True,0
SMMS000473,Signal & Telecommunication,COR00038,WR,cable_fault,B,2,1,37,1.3,True,0
TMS004721,Engineering,COR01954,SCR,points_crossing_wear,B,2,14,22,3.5,True,0
TDMS001793,Traction Distribution,COR03843,NFR,feeder_fault,A,3,1,14,3.5,True,0
TDMS001545,Traction Distribution,COR00454,SCR,tension_device_fault,C,1,49,17,1.1,True,0
SMMS001086,Signal & Telecommunication,COR02101,SWR,block_instrument_fault,B,2,5,26,3.8,False,0
TMS002578,Engineering,COR03700,SER,formation_defect,B,2,9,24,4.8,True,0
TMS004495,Engineering,COR04540,NR,weld_failure,A,3,0,38,1.3,True,0
SMMS001002,Signal & Telecommunication,COR04573,ER,signal_failure,A,3,12,3,1.6,True,0
TMS001387,Engineering,COR04874,NWR,ballast_deficiency,C,1,2,8,3.9,True,0
TDMS002018,Traction Distribution,COR00496,WCR,tension_device_fault,C,1,20,69,2.7,True,0
SMMS002075,Signal & Telecommunication,COR01710,WCR,point_machine_fault,B,2,13,54,3.6,True,0
TMS000647,Engineering,COR02758,SCR,ballast_deficiency,C,1,2936,9,5.9,True,0
TDMS000323,Traction Distribution,COR04536,NR,earthing_fault,B,2,19,38,1.9,True,0
SMMS002201,Signal & Telecommunication,COR00370,NER,point_machine_fault,B,2,0,21,3.4,True,0
TMS000937,Engineering,COR00276,WCR,alignment_deviation,C,1,30,68,5.2,False,0
SMMS002243,Signal & Telecommunication,COR06146,SR,cable_fault,B,2,3,7,2.0,True,0
SMMS000163,Signal & Telecommunication,COR01318,NWR,point_machine_fault,B,2,8,30,2.7,False,0
TMS004680,Engineering,COR05564,NR,formation_defect,B,2,142,5,1.2,True,0
TDMS002438,Traction Distribution,COR02648,NER,insulator_fault,B,2,270,7,1.1,True,0
TDMS001209,Traction Distribution,COR06644,ER,feeder_fault,A,3,377,5,1.8,True,1
TDMS001870,Traction Distribution,COR05490,NR,ohe_pole_defect,C,1,73,2,1.0,True,0
TMS002536,Engineering,COR04950,KR,formation_defect,B,2,1,25,0.7,True,0
TMS001969,Engineering,COR04171,NR,alignment_deviation,C,1,5,16,0.6,True,0
TMS001151,Engineering,COR02938,SCR,alignment_deviation,C,1,2,3,3.9,True,0
TMS004573,Engineering,COR07067,NWR,rail_fracture,A,3,52,5,0.5,True,0
TMS001805,Engineering,COR00859,SCR,weld_failure,A,3,28,18,2.7,True,0
SMMS002424,Signal & Telecommunication,COR07633,ER,lc_gate_interlock_fault,A,3,17,1,3.9,True,0
TMS001777,Engineering,COR00819,SECR,sleeper_defect,B,2,8,3,4.0,True,0
TMS005892,Engineering,COR00470,CR,ballast_deficiency,C,1,28,69,1.2,True,0
SMMS000235,Signal & Telecommunication,COR02806,WR,interlocking_fault,A,3,1,54,2.2,True,0
TMS002827,Engineering,COR00255,WCR,rail_wear,C,1,37,54,4.9,True,0
SMMS002905,Signal & Telecommunication,COR00293,CR,block_instrument_fault,B,2,4,68,0.7,True,0
TMS004762,Engineering,COR00647,SWR,rail_wear,B,2,11,22,2.2,True,0
TMS003015,Engineering,COR01020,NFR,alignment_deviation,C,1,8,22,3.7,True,0
TMS000718,Engineering,COR04635,SR,points_crossing_wear,B,2,64,15,6.0,True,0
SMMS001400,Signal & Telecommunication,COR02847,SWR,point_machine_fault,B,2,4,13,1.8,True,0
TDMS001928,Traction Distribution,COR03573,SER,insulator_fault,B,2,12,26,0.7,True,0
TMS005367,Engineering,COR05130,NR,alignment_deviation,C,1,15,30,2.2,True,0
TMS005365,Engineering,COR00281,WCR,sleeper_defect,B,2,118,68,1.7,False,0
TMS002868,Engineering,COR04929,KR,ballast_deficiency,C,1,46,26,4.4,True,0
TMS004395,Engineering,COR04230,WR,rail_wear,C,1,44,10,2.5,True,0
SMMS001071,Signal & Telecommunication,COR00996,NFR,signal_failure,A,3,5,17,2.4,True,0
TDMS002492,Traction Distribution,COR00679,WR,insulator_fault,B,2,33,94,1.8,True,0
TMS005276,Engineering,COR00674,WR,weld_failure,A,3,74,66,0.8,True,0
TMS005827,Engineering,COR00235,WCR,sleeper_defect,B,2,9,58,1.5,True,0
TMS005551,Engineering,COR01892,SCR,sleeper_defect,B,2,42,66,4.1,True,0
TDMS002034,Traction Distribution,COR01153,CR,ohe_wire_wear,B,2,219,49,2.1,True,1
SMMS001210,Signal & Telecommunication,COR02369,SECR,axle_counter_fault,A,3,2,6,1.3,True,0
TMS002477,Engineering,COR01268,NR,formation_defect,B,2,0,22,5.0,False,0
TMS003674,Engineering,COR01655,NR,alignment_deviation,C,1,90,33,1.4,True,0
TMS005487,Engineering,COR05300,WCR,sleeper_defect,B,2,9,1,5.5,True,0
TMS003328,Engineering,COR01749,WCR,rail_fracture,A,3,126,30,5.2,True,1
TMS002888,Engineering,COR05429,NR,points_crossing_wear,B,2,8,11,2.2,True,0
SMMS001205,Signal & Telecommunication,COR02396,WR,axle_counter_fault,A,3,0,35,3.3,True,0
TDMS000422,Traction Distribution,COR04738,NER,insulator_fault,B,2,82,8,4.1,True,0
TMS001722,Engineering,COR03092,SR,alignment_deviation,C,1,74,40,2.1,True,0
TMS005891,Engineering,COR03340,SR,weld_failure,A,3,84,9,1.5,True,0
SMMS001095,Signal & Telecommunication,COR03741,SR,point_machine_fault,B,2,138,7,3.0,True,0
TMS005027,Engineering,COR04953,KR,rail_wear,C,1,6,25,5.4,True,0
TMS003453,Engineering,COR05217,SR,rail_fracture,A,3,58,13,5.1,True,0
TMS003767,Engineering,COR01674,WCR,weld_failure,A,3,2,55,2.4,False,0
SMMS001872,Signal & Telecommunication,COR00498,WR,block_instrument_fault,B,2,25,9,1.8,True,0
SMMS002197,Signal & Telecommunication,COR04124,NR,lc_gate_interlock_fault,A,3,0,11,3.2,True,0
TMS001968,Engineering,COR03304,SWR,points_crossing_wear,B,2,63,10,2.7,True,0
TDMS000319,Traction Distribution,COR02823,WR,ohe_wire_wear,B,2,11,90,3.6,True,0
TMS001860,Engineering,COR04381,SR,sleeper_defect,B,2,66,9,0.7,True,0
TMS004137,Engineering,COR02903,SR,rail_fracture,A,3,3,18,2.7,True,0
TMS003759,Engineering,COR01902,SCR,weld_failure,A,3,3,9,1.6,True,0
TMS002898,Engineering,COR01317,NWR,ballast_deficiency,C,1,130,30,0.5,True,0
TDMS001398,Traction Distribution,COR00126,NWR,insulator_fault,B,2,47,27,0.9,True,0
TMS001653,Engineering,COR00489,WCR,ballast_deficiency,C,1,2,69,2.2,True,0
TMS002390,Engineering,COR02774,NR,points_crossing_wear,B,2,47,28,4.8,True,0
TMS005247,Engineering,COR00270,WCR,rail_wear,C,1,2,68,4.5,False,0
TDMS002098,Traction Distribution,COR05024,SR,feeder_fault,A,3,85,6,3.2,True,0
TMS001894,Engineering,COR00469,CR,formation_defect,B,2,10,69,4.6,False,0
SMMS000427,Signal & Telecommunication,COR01007,NFR,block_instrument_fault,B,2,5,19,0.6,True,0
TMS002611,Engineering,COR01847,NR,weld_failure,A,3,3464,36,3.8,True,1
SMMS002347,Signal & Telecommunication,COR03820,NFR,axle_counter_fault,A,3,2,19,1.3,False,0
TMS003007,Engineering,COR05741,SR,alignment_deviation,C,1,6,10,2.5,False,0
SMMS000159,Signal & Telecommunication,COR00317,SER,interlocking_fault,A,3,4,23,3.0,True,0
TMS004130,Engineering,COR05252,SECR,rail_wear,C,1,351,7,4.4,False,0
TMS000572,Engineering,COR05045,NER,ballast_deficiency,C,1,6,5,3.6,False,0
SMMS001031,Signal & Telecommunication,COR00342,NER,interlocking_fault,A,3,11,11,1.1,True,0
TDMS001552,Traction Distribution,COR04930,KR,ohe_pole_defect,C,1,28,26,4.4,True,0
SMMS001591,Signal & Telecommunication,COR05982,NR,axle_counter_fault,A,3,1,8,3.9,True,0
TMS002227,Engineering,COR04163,SR,ballast_deficiency,C,1,13,16,2.9,False,0
TDMS001964,Traction Distribution,COR00782,NWR,feeder_fault,A,3,8,26,2.5,True,0
TDMS001235,Traction Distribution,COR05505,ER,tension_device_fault,C,1,11,10,1.1,True,0
TMS001398,Engineering,COR07695,NCR,sleeper_defect,B,2,14,2,0.9,False,0
SMMS000030,Signal & Telecommunication,COR01906,SCR,point_machine_fault,B,2,5,9,0.9,True,0
TMS004518,Engineering,COR00272,WCR,formation_defect,B,2,88,68,2.6,True,1
TMS005406,Engineering,COR04127,SR,points_crossing_wear,B,2,1,41,5.4,True,0
SMMS001126,Signal & Telecommunication,COR00781,NWR,cable_fault,B,2,2,26,2.9,True,0
TMS001569,Engineering,COR04639,KR,alignment_deviation,C,1,7,22,1.4,True,0
TMS001063,Engineering,COR01729,NCR,rail_wear,C,1,8,54,5.1,True,0
TDMS000438,Traction Distribution,COR01830,NWR,circuit_breaker_fault,A,3,110,11,3.1,True,0
TMS004086,Engineering,COR02071,SWR,alignment_deviation,C,1,14,27,2.6,True,0
SMMS000094,Signal & Telecommunication,COR03316,ER,lc_gate_interlock_fault,A,3,4,5,2.7,True,0
TDMS000863,Traction Distribution,COR00691,WR,ohe_pole_defect,C,1,488,90,4.0,True,1
TMS004853,Engineering,COR03781,SECR,points_crossing_wear,C,1,323,6,5.9,False,0
TMS001991,Engineering,COR07632,ER,rail_fracture,A,3,72,2,2.7,True,0
TMS003220,Engineering,COR01571,CR,sleeper_defect,B,2,167,22,1.1,True,0
TMS005231,Engineering,COR02157,SR,sleeper_defect,B,2,213,70,3.0,True,1
TMS001598,Engineering,COR02122,WCR,rail_fracture,A,3,7,45,3.2,False,0
TMS001661,Engineering,COR00848,WR,ballast_deficiency,C,1,99,9,3.6,True,0
TMS001397,Engineering,COR07708,NWR,alignment_deviation,C,1,7,5,4.0,True,0
TDMS001718,Traction Distribution,COR04923,CR,ohe_pole_defect,C,1,115,26,3.4,True,0
TMS005659,Engineering,COR01839,WR,ballast_deficiency,C,1,9,21,4.1,True,0
TMS000493,Engineering,COR00784,NWR,ballast_deficiency,C,1,42,26,1.0,False,0
TDMS000146,Traction Distribution,COR06254,SCR,ohe_wire_wear,B,2,68,16,3.6,True,0
TMS000821,Engineering,COR00494,WCR,ballast_deficiency,B,2,177,69,2.3,True,0
TMS000410,Engineering,COR04902,SWR,sleeper_defect,B,2,181,20,4.5,True,0
SMMS001704,Signal & Telecommunication,COR01573,CR,cable_fault,B,2,24,23,1.5,True,0
TDMS000440,Traction Distribution,COR04289,SER,feeder_fault,A,3,98,20,4.4,True,0
TDMS000866,Traction Distribution,COR03488,NR,circuit_breaker_fault,A,3,437,14,4.1,True,1
TMS005783,Engineering,COR02062,SWR,points_crossing_wear,B,2,82,26,1.3,True,0
TMS004031,Engineering,COR01077,SWR,sleeper_defect,B,2,7,22,2.4,False,0
TMS003773,Engineering,COR00680,WR,formation_defect,B,2,2538,94,3.6,True,1
TDMS000948,Traction Distribution,COR05435,SR,insulator_fault,B,2,2,5,1.5,True,0
TMS004658,Engineering,COR04003,SR,rail_fracture,A,3,11,22,4.9,True,0
TMS001694,Engineering,COR03938,WCR,alignment_deviation,C,1,8,29,0.7,True,0
TDMS000282,Traction Distribution,COR02271,ECR,ohe_pole_defect,C,1,13,18,1.4,True,0
TMS001131,Engineering,COR03571,SER,alignment_deviation,C,1,0,26,4.6,True,0
TMS004597,Engineering,COR04028,WR,ballast_deficiency,C,1,8,14,3.6,True,0
SMMS000794,Signal & Telecommunication,COR00872,SCR,block_instrument_fault,B,2,2,16,3.5,True,0
TMS001641,Engineering,COR00342,NER,sleeper_defect,B,2,3,11,5.7,False,0
TMS001273,Engineering,COR04176,NR,alignment_deviation,A,3,8,18,3.9,False,0
TMS000769,Engineering,COR02189,SWR,rail_wear,C,1,70,20,5.0,True,0
TMS005897,Engineering,COR01568,CR,points_crossing_wear,B,2,10,22,1.7,True,0
TMS005691,Engineering,COR05533,SECR,rail_fracture,A,3,14,6,2.4,False,0
TMS003736,Engineering,COR03085,SR,rail_fracture,A,3,3,40,3.8,True,0
SMMS000364,Signal & Telecommunication,COR00835,NWR,axle_counter_fault,A,3,5,11,3.9,True,0
TMS005168,Engineering,COR05845,NWR,alignment_deviation,C,1,9,3,1.2,True,0
TMS000238,Engineering,COR02778,NR,ballast_deficiency,C,1,13,28,2.3,True,0
TDMS000546,Traction Distribution,COR02592,KR,feeder_fault,A,3,51,22,1.5,True,0
TMS005513,Engineering,COR04997,SR,sleeper_defect,B,2,54,13,3.2,True,0
TMS003618,Engineering,COR01828,NWR,points_crossing_wear,B,2,260,11,1.3,True,0
TMS002427,Engineering,COR00049,WR,sleeper_defect,B,2,25,33,2.4,True,0
TMS000868,Engineering,COR00628,SCR,ballast_deficiency,C,1,2,63,3.3,True,0
TMS000052,Engineering,COR04155,SR,sleeper_defect,B,2,309,20,1.4,False,0
TDMS000128,Traction Distribution,COR02300,NR,tension_device_fault,C,1,2,29,4.4,True,0
TMS003232,Engineering,COR00650,SWR,weld_failure,A,3,45,22,5.2,True,0
TMS003319,Engineering,COR00601,NER,sleeper_defect,B,2,19,16,3.1,False,0
TMS003920,Engineering,COR01707,WCR,points_crossing_wear,B,2,47,58,2.3,True,0
TMS004242,Engineering,COR02810,WR,alignment_deviation,C,1,87,87,2.1,False,0
TMS003937,Engineering,COR05344,SCR,weld_failure,A,3,15,4,4.0,True,0
SMMS000905,Signal & Telecommunication,COR00716,WR,point_machine_fault,B,2,7,53,1.0,False,0
SMMS000899,Signal & Telecommunication,COR02222,SWR,interlocking_fault,A,3,24,20,1.1,True,0
TMS003379,Engineering,COR04926,CR,points_crossing_wear,B,2,62,26,2.2,True,0
TMS000170,Engineering,COR04691,KR,points_crossing_wear,B,2,9,26,4.4,True,0
TMS000933,Engineering,COR04148,SR,formation_defect,B,2,520,35,2.3,True,1
TMS000884,Engineering,COR02964,KR,alignment_deviation,C,1,13,22,4.1,True,0
TMS000250,Engineering,COR01716,WCR,rail_wear,C,1,33,54,3.3,False,0
TDMS000851,Traction Distribution,COR01854,NR,feeder_fault,A,3,6,36,1.1,True,1
TDMS000380,Traction Distribution,COR03967,ER,circuit_breaker_fault,A,3,77,12,1.4,True,0
SMMS001068,Signal & Telecommunication,COR06668,NER,axle_counter_fault,A,3,3,8,2.3,True,0
TMS003853,Engineering,COR04614,NFR,sleeper_defect,A,3,0,15,4.0,True,0
TMS004225,Engineering,COR02113,SWR,ballast_deficiency,A,3,9,25,3.2,True,0
TMS004701,Engineering,COR01971,WR,ballast_deficiency,C,1,11,10,3.2,True,0
TMS000651,Engineering,COR01937,SCR,points_crossing_wear,B,2,57,22,2.3,True,0
TMS003728,Engineering,COR04554,NR,rail_wear,C,1,33,37,0.7,True,0
TMS000232,Engineering,COR02122,WCR,alignment_deviation,C,1,75,45,5.8,True,0
TMS002867,Engineering,COR00626,SCR,points_crossing_wear,C,1,5,63,1.2,False,0
TMS005669,Engineering,COR03030,NR,ballast_deficiency,C,1,176,12,4.5,True,0
TMS001711,Engineering,COR04129,SR,alignment_deviation,C,1,1,41,4.8,True,0
TMS004533,Engineering,COR00086,NWR,points_crossing_wear,B,2,36,30,4.2,True,0
SMMS000955,Signal & Telecommunication,COR05190,NWR,interlocking_fault,A,3,13,10,0.9,True,0
TMS002715,Engineering,COR03304,SWR,rail_wear,C,1,70,10,3.7,True,0
TMS001049,Engineering,COR02122,WCR,rail_fracture,A,3,307,45,1.5,True,1
SMMS002780,Signal & Telecommunication,COR04878,SCR,signal_failure,A,3,5,15,2.4,True,0
TMS000392,Engineering,COR00771,NR,rail_wear,C,1,3,31,5.2,True,0
TMS000765,Engineering,COR01439,ECR,alignment_deviation,C,1,382,40,0.8,True,1
TMS004704,Engineering,COR06769,NWR,rail_wear,C,1,70,9,2.4,False,0
TDMS001910,Traction Distribution,COR02772,NR,ohe_pole_defect,C,1,79,28,3.8,True,0
TMS004566,Engineering,COR06385,NER,alignment_deviation,C,1,4,19,3.0,True,0
SMMS002718,Signal & Telecommunication,COR00659,SWR,cable_fault,B,2,0,22,2.1,True,0
TMS000165,Engineering,COR01510,CR,rail_fracture,A,3,38,19,4.3,True,0
TMS002883,Engineering,COR03901,NR,points_crossing_wear,B,2,13,19,4.5,True,0
TMS002113,Engineering,COR05892,NWR,sleeper_defect,B,2,10,28,4.6,True,0
TMS005680,Engineering,COR06677,NER,alignment_deviation,C,1,127,8,1.3,True,0
TMS002081,Engineering,COR01484,NFR,points_crossing_wear,B,2,0,22,1.6,True,0
TMS004228,Engineering,COR03651,SCR,ballast_deficiency,C,1,13,14,4.2,True,0
SMMS001989,Signal & Telecommunication,COR00692,WR,cable_fault,B,2,4,92,1.6,False,0
SMMS000281,Signal & Telecommunication,COR05984,NR,cable_fault,B,2,3,7,2.9,True,0
TMS000082,Engineering,COR01027,NFR,weld_failure,B,2,88,22,3.1,True,0
TMS004785,Engineering,COR01306,NWR,ballast_deficiency,C,1,24,19,1.9,True,0
TMS003429,Engineering,COR05875,NR,weld_failure,A,3,2,10,5.0,True,0
TMS005677,Engineering,COR01355,WR,sleeper_defect,B,2,0,35,2.6,True,0
SMMS000708,Signal & Telecommunication,COR01186,CR,cable_fault,B,2,5,22,1.8,False,0
SMMS002806,Signal & Telecommunication,COR01936,SCR,signal_failure,A,3,2,22,1.7,True,0
TMS000205,Engineering,COR01181,CR,alignment_deviation,C,1,8,22,5.1,True,0
TMS002649,Engineering,COR03498,NR,ballast_deficiency,C,1,6,4,4.7,True,0
TMS004438,Engineering,COR00657,SWR,alignment_deviation,C,1,10,22,4.3,True,0
TDMS002147,Traction Distribution,COR03940,WCR,ohe_pole_defect,C,1,17,30,2.2,True,0
SMMS002440,Signal & Telecommunication,COR06812,NWR,interlocking_fault,A,3,23,4,1.6,True,0
TMS003914,Engineering,COR00285,WCR,sleeper_defect,B,2,338,69,0.7,False,1
TMS005183,Engineering,COR01069,NFR,alignment_deviation,C,1,7,4,2.0,True,0
TMS001564,Engineering,COR02416,WR,ballast_deficiency,C,1,72,11,1.3,True,0
TMS002152,Engineering,COR01435,ECR,ballast_deficiency,C,1,161,39,4.7,True,0
TDMS001998,Traction Distribution,COR04270,CR,ohe_pole_defect,C,1,2,33,1.0,True,0
TDMS001358,Traction Distribution,COR00242,WCR,earthing_fault,B,2,51,54,2.2,True,1
SMMS000783,Signal & Telecommunication,COR01692,WCR,signal_failure,A,3,21,53,3.9,True,0
TMS000099,Engineering,COR05992,WR,rail_wear,C,1,3,7,1.1,True,0
SMMS000042,Signal & Telecommunication,COR01097,SCR,cable_fault,B,2,0,14,1.9,True,0
TDMS002185,Traction Distribution,COR00493,WCR,insulator_fault,B,2,19,69,4.7,True,0
TDMS000130,Traction Distribution,COR01771,WCR,ohe_wire_wear,B,2,5,43,3.0,True,0
SMMS002735,Signal & Telecommunication,COR03077,SR,cable_fault,B,2,66,40,2.6,True,0
TMS000650,Engineering,COR02018,NER,weld_failure,C,1,0,19,0.9,True,0
SMMS000690,Signal & Telecommunication,COR02314,NR,cable_fault,B,2,0,26,0.5,True,0
TDMS001590,Traction Distribution,COR07528,NFR,ohe_wire_wear,B,2,73,6,4.7,True,0
TDMS000988,Traction Distribution,COR00758,NR,tension_device_fault,C,1,14,37,4.6,True,0
SMMS000231,Signal & Telecommunication,COR01615,SWR,interlocking_fault,A,3,5,26,3.7,False,0
SMMS001235,Signal & Telecommunication,COR05662,NWR,point_machine_fault,B,2,1,8,1.8,True,0
TMS001859,Engineering,COR03099,ECR,ballast_deficiency,C,1,374,7,4.5,True,0
TMS003797,Engineering,COR05633,NWR,rail_wear,C,1,7,32,4.5,True,0
SMMS001156,Signal & Telecommunication,COR04368,ECR,lc_gate_interlock_fault,A,3,4,11,0.6,True,0
TMS000792,Engineering,COR05815,NWR,ballast_deficiency,C,1,15,10,2.5,True,0
SMMS001332,Signal & Telecommunication,COR01719,WCR,cable_fault,B,2,20,53,2.3,True,0
TMS003178,Engineering,COR04003,SR,sleeper_defect,C,1,11,22,1.1,True,0
SMMS002028,Signal & Telecommunication,COR03937,WCR,lc_gate_interlock_fault,A,3,5,29,2.4,True,0
TMS005401,Engineering,COR05896,WR,alignment_deviation,C,1,10,7,2.4,True,0
TMS002807,Engineering,COR01898,SCR,alignment_deviation,C,1,80,66,1.3,True,0
TMS000019,Engineering,COR00434,SCR,ballast_deficiency,C,1,45,18,0.9,True,0
TMS001986,Engineering,COR06453,WR,rail_fracture,B,2,8,3,1.2,True,0
TMS000136,Engineering,COR00471,CR,points_crossing_wear,B,2,61,69,4.6,True,0
TMS003637,Engineering,COR01878,SCR,formation_defect,B,2,247,62,3.2,True,1
TMS004184,Engineering,COR00207,NCR,rail_wear,A,3,7,53,4.6,True,0
SMMS001984,Signal & Telecommunication,COR04434,CR,interlocking_fault,A,3,0,7,1.2,True,0
TDMS001359,Traction Distribution,COR04653,KR,ohe_pole_defect,C,1,96,22,0.6,True,0
TMS001389,Engineering,COR01422,SECR,weld_failure,A,3,377,4,3.5,True,1
TDMS001072,Traction Distribution,COR00166,NER,ohe_wire_wear,B,2,528,13,1.9,True,1
SMMS001246,Signal & Telecommunication,COR01693,WCR,block_instrument_fault,B,2,2,53,3.7,True,0
TMS005414,Engineering,COR00220,WCR,rail_wear,A,3,3,53,2.8,True,0
SMMS002632,Signal & Telecommunication,COR05045,NER,point_machine_fault,B,2,22,5,3.2,True,0
TDMS000745,Traction Distribution,COR00699,WR,ohe_wire_wear,B,2,6,92,1.0,True,0
TDMS002374,Traction Distribution,COR05821,NWR,ohe_wire_wear,B,2,4,11,0.9,True,0
TMS001802,Engineering,COR01004,NFR,ballast_deficiency,C,1,30,19,3.8,True,0
TDMS001676,Traction Distribution,COR01080,SWR,ohe_wire_wear,B,2,4,22,4.4,True,0
SMMS001623,Signal & Telecommunication,COR01437,ECR,axle_counter_fault,A,3,1,39,1.2,True,1
TMS000714,Engineering,COR05889,NR,sleeper_defect,B,2,14,12,3.6,False,0
TMS004559,Engineering,COR03017,SCR,formation_defect,B,2,151,4,4.2,True,0
TMS005051,Engineering,COR00628,SCR,points_crossing_wear,B,2,48,63,1.0,True,0
TDMS002395,Traction Distribution,COR02149,SR,earthing_fault,B,2,101,70,2.1,True,0
TMS005453,Engineering,COR04661,KR,alignment_deviation,C,1,76,24,5.4,False,0
TMS001409,Engineering,COR00648,SWR,ballast_deficiency,C,1,170,22,1.5,True,0
TMS000344,Engineering,COR01697,WCR,points_crossing_wear,B,2,7,59,4.9,True,0
SMMS002398,Signal & Telecommunication,COR00493,WCR,lc_gate_interlock_fault,A,3,3,69,1.6,True,1
SMMS001094,Signal & Telecommunication,COR01600,SWR,signal_failure,A,3,13,25,0.8,True,0
SMMS002591,Signal & Telecommunication,COR04897,SWR,signal_failure,A,3,4,20,3.7,True,0
TMS004515,Engineering,COR02997,SR,alignment_deviation,C,1,90,41,3.3,True,0
TDMS002038,Traction Distribution,COR02304,NR,tension_device_fault,C,1,78,29,1.5,True,0
TMS004470,Engineering,COR07422,NFR,points_crossing_wear,B,2,224,3,2.8,True,0
TMS000639,Engineering,COR02114,SWR,rail_wear,C,1,17,25,5.5,True,0
TMS004430,Engineering,COR05559,NR,ballast_deficiency,C,1,6,5,5.3,True,0
TMS001037,Engineering,COR02999,SR,rail_wear,C,1,4,41,3.3,False,0
TMS005265,Engineering,COR00270,WCR,alignment_deviation,A,3,7,68,5.4,False,0
TDMS000213,Traction Distribution,COR00715,WR,ohe_wire_wear,B,2,1,53,0.7,True,0
TMS005506,Engineering,COR01390,SR,points_crossing_wear,B,2,8,17,5.9,True,0
TMS000399,Engineering,COR05200,WR,points_crossing_wear,B,2,71,10,3.2,True,0
TMS000448,Engineering,COR01679,WCR,rail_fracture,A,3,275,55,3.0,True,1
SMMS001187,Signal & Telecommunication,COR08620,NR,cable_fault,B,2,27,1,0.8,True,0
TMS004345,Engineering,COR02718,NER,ballast_deficiency,C,1,3,11,1.4,True,0
TDMS000527,Traction Distribution,COR02815,WR,earthing_fault,B,2,86,92,4.5,True,0
TMS003524,Engineering,COR06387,NER,alignment_deviation,C,1,7,19,4.5,True,0
TMS002845,Engineering,COR07434,SECR,sleeper_defect,B,2,89,4,3.2,True,0
TMS002984,Engineering,COR03469,NCR,rail_wear,C,1,8,6,2.3,True,0
TMS003087,Engineering,COR00088,NWR,rail_wear,C,1,1,30,4.7,True,0
TMS000632,Engineering,COR04445,ECR,points_crossing_wear,C,1,77,13,5.6,True,0
SMMS001146,Signal & Telecommunication,COR01868,NR,point_machine_fault,B,2,5,37,1.7,True,0
SMMS001228,Signal & Telecommunication,COR01678,WCR,interlocking_fault,A,3,1,55,0.7,True,1
TMS003096,Engineering,COR02795,WR,rail_wear,C,1,13,51,5.3,True,0
TDMS001534,Traction Distribution,COR00715,WR,earthing_fault,B,2,572,53,3.7,True,1
TMS004373,Engineering,COR05340,WR,ballast_deficiency,C,1,12,5,2.4,True,0
TMS001441,Engineering,COR02981,SR,rail_wear,C,1,68,40,1.7,True,0
TDMS000112,Traction Distribution,COR04738,NER,tension_device_fault,C,1,18,8,2.6,True,0
SMMS000617,Signal & Telecommunication,COR01879,SCR,cable_fault,B,2,3,62,3.3,True,0
TDMS001560,Traction Distribution,COR06580,NR,tension_device_fault,C,1,2,3,0.8,True,0
SMMS002456,Signal & Telecommunication,COR01758,WCR,lc_gate_interlock_fault,A,3,20,43,1.9,False,0
TMS002986,Engineering,COR02981,SR,ballast_deficiency,C,1,73,40,2.0,False,0
SMMS001050,Signal & Telecommunication,COR01199,CR,point_machine_fault,B,2,5,22,3.0,True,0
TMS004068,Engineering,COR01129,NER,alignment_deviation,C,1,7,8,0.5,False,0
TMS002347,Engineering,COR01746,WR,weld_failure,A,3,9,16,4.0,True,0
SMMS000560,Signal & Telecommunication,COR00568,NFR,block_instrument_fault,B,2,3,2,2.1,True,0
TDMS001199,Traction Distribution,COR01861,NR,insulator_fault,B,2,69,37,0.7,True,0
TMS000648,Engineering,COR02084,SWR,formation_defect,B,2,3,19,5.8,True,0
TDMS002355,Traction Distribution,COR00688,WR,circuit_breaker_fault,A,3,70,90,1.5,True,1
TMS004461,Engineering,COR05007,SR,ballast_deficiency,C,1,64,17,4.6,True,0
TDMS001030,Traction Distribution,COR02884,NR,earthing_fault,B,2,1,52,4.9,True,0
TDMS001197,Traction Distribution,COR04293,SER,ohe_wire_wear,B,2,62,20,4.2,True,0
TMS003765,Engineering,COR00495,WCR,formation_defect,B,2,6,69,5.5,True,0
TMS003962,Engineering,COR01400,SR,alignment_deviation,C,1,6,11,5.3,True,0
SMMS000068,Signal & Telecommunication,COR05058,SWR,interlocking_fault,A,3,2,15,3.5,True,0
SMMS001649,Signal & Telecommunication,COR01703,WCR,signal_failure,A,3,14,58,3.7,True,0
TDMS001599,Traction Distribution,COR00988,NFR,tension_device_fault,C,1,5,19,3.0,True,0
TMS004307,Engineering,COR00247,WCR,sleeper_defect,B,2,171,54,1.9,True,1
TDMS000228,Traction Distribution,COR03975,ER,circuit_breaker_fault,A,3,1,14,3.7,True,0
TMS000807,Engineering,COR00281,WCR,sleeper_defect,B,2,2,68,2.7,True,0
TDMS001714,Traction Distribution,COR05869,NR,ohe_wire_wear,B,2,2,8,2.5,True,0
TMS004611,Engineering,COR01616,SWR,rail_fracture,A,3,71,25,3.8,True,1
TMS004079,Engineering,COR01658,NR,ballast_deficiency,A,3,10,33,5.6,False,0
TMS001362,Engineering,COR08101,NCR,sleeper_defect,B,2,8,2,5.6,True,0
TMS001470,Engineering,COR02893,WCR,rail_wear,C,1,56,31,5.0,True,0
TMS003983,Engineering,COR02823,WR,rail_fracture,B,2,4,90,3.5,True,0
TMS001446,Engineering,COR00271,WCR,rail_fracture,A,3,2,68,2.5,True,1
TMS001557,Engineering,COR01039,NFR,alignment_deviation,C,1,42,25,3.6,True,0
SMMS000444,Signal & Telecommunication,COR01687,WCR,block_instrument_fault,B,2,1,55,1.5,True,0
TDMS000536,Traction Distribution,COR04251,NR,earthing_fault,B,2,54,14,0.7,True,0
TMS000970,Engineering,COR04286,NWR,alignment_deviation,C,1,7,3,0.8,True,0
TDMS002220,Traction Distribution,COR03149,CR,feeder_fault,A,3,81,33,4.6,True,0
SMMS002515,Signal & Telecommunication,COR01365,WR,signal_failure,A,3,25,38,2.3,True,0
TDMS001088,Traction Distribution,COR01926,SCR,ohe_wire_wear,B,2,5,13,2.0,True,0
TDMS001841,Traction Distribution,COR04583,NCR,ohe_wire_wear,B,2,374,14,4.5,True,1
TMS004542,Engineering,COR02149,SR,ballast_deficiency,C,1,8,70,5.1,True,0
TDMS001036,Traction Distribution,COR01144,SWR,insulator_fault,B,2,82,17,1.6,True,0
TMS003473,Engineering,COR04594,NFR,alignment_deviation,C,1,15,15,4.8,False,0
TMS002017,Engineering,COR02688,NR,weld_failure,A,3,5,14,5.8,True,0
TMS003289,Engineering,COR00856,SCR,formation_defect,B,2,14,26,4.7,True,0
TMS004089,Engineering,COR04042,NER,weld_failure,A,3,86,21,4.6,True,1
TMS003635,Engineering,COR03647,SCR,formation_defect,B,2,14,14,5.2,True,0
TMS002772,Engineering,COR08142,NR,ballast_deficiency,C,1,226,3,5.1,True,0
SMMS002399,Signal & Telecommunication,COR01825,NWR,point_machine_fault,B,2,4,11,1.3,True,0
TDMS000489,Traction Distribution,COR03645,SCR,earthing_fault,B,2,30,14,4.8,True,0
SMMS001373,Signal & Telecommunication,COR01726,NCR,signal_failure,A,3,0,54,0.6,True,0
SMMS001801,Signal & Telecommunication,COR02182,NER,lc_gate_interlock_fault,A,3,1,5,2.9,True,0
SMMS000146,Signal & Telecommunication,COR02628,ER,point_machine_fault,B,2,3,10,3.7,True,0
TMS004163,Engineering,COR03262,WCR,alignment_deviation,C,1,5,42,6.0,True,0
TMS001799,Engineering,COR03262,WCR,points_crossing_wear,B,2,4,42,2.3,True,0
TMS004222,Engineering,COR02070,SWR,formation_defect,B,2,1,27,1.5,True,0
TDMS002314,Traction Distribution,COR00478,CR,insulator_fault,B,2,4,69,3.9,True,0
TMS000293,Engineering,COR00207,NCR,formation_defect,B,2,70,53,1.0,True,0
TMS001297,Engineering,COR02816,WR,sleeper_defect,B,2,7,92,3.3,True,0
TMS003020,Engineering,COR01039,NFR,rail_wear,A,3,80,25,2.6,False,1
TMS005725,Engineering,COR05407,SER,ballast_deficiency,C,1,11,23,2.4,True,0
TMS004511,Engineering,COR00215,NCR,ballast_deficiency,C,1,2,53,3.1,True,0
TMS004004,Engineering,COR04259,NCR,ballast_deficiency,C,1,286,14,2.3,True,0
SMMS001757,Signal & Telecommunication,COR05071,NWR,axle_counter_fault,A,3,5,10,1.8,False,0
SMMS000768,Signal & Telecommunication,COR00890,SCR,block_instrument_fault,B,2,4,20,0.9,True,0
SMMS000206,Signal & Telecommunication,COR00275,WCR,point_machine_fault,B,2,21,68,2.6,True,0
SMMS000566,Signal & Telecommunication,COR02988,SR,axle_counter_fault,A,3,4,41,0.8,False,0
TMS002795,Engineering,COR01342,NWR,ballast_deficiency,C,1,12,30,0.8,True,0
TMS004172,Engineering,COR04939,KR,rail_fracture,A,3,3380,26,2.6,True,1
TMS000168,Engineering,COR04412,SCR,alignment_deviation,C,1,11,4,4.6,False,0
TMS001479,Engineering,COR05102,NCR,sleeper_defect,B,2,14,11,1.7,True,0
SMMS002457,Signal & Telecommunication,COR04288,SER,point_machine_fault,B,2,22,20,0.9,True,0
TDMS002339,Traction Distribution,COR06611,NR,feeder_fault,A,3,0,6,4.5,True,0
TMS002532,Engineering,COR00105,NWR,alignment_deviation,C,1,3,19,4.1,True,0
TMS001038,Engineering,COR02921,NER,points_crossing_wear,B,2,4,5,3.9,False,0
TMS003093,Engineering,COR03055,SR,sleeper_defect,B,2,14,22,4.5,True,0
SMMS000649,Signal & Telecommunication,COR00755,SWR,block_instrument_fault,B,2,25,12,2.4,True,0
TMS001847,Engineering,COR00399,ER,points_crossing_wear,B,2,8,20,5.2,False,0
TDMS000220,Traction Distribution,COR02149,SR,tension_device_fault,C,1,9,70,4.9,True,0
SMMS001427,Signal & Telecommunication,COR00606,SCR,interlocking_fault,A,3,7,67,0.9,True,1
TMS002085,Engineering,COR00785,NWR,ballast_deficiency,C,1,158,26,2.1,True,0
TMS003321,Engineering,COR00273,WCR,rail_wear,C,1,45,68,4.4,True,0
TMS002815,Engineering,COR00772,NR,rail_fracture,A,3,7,35,4.3,True,0
TMS005742,Engineering,COR00704,WR,rail_wear,C,1,2,87,2.6,True,0
SMMS002737,Signal & Telecommunication,COR04556,NR,lc_gate_interlock_fault,A,3,3,37,3.3,False,0
TMS002482,Engineering,COR04555,NR,rail_fracture,A,3,12,37,2.2,True,1
SMMS000866,Signal & Telecommunication,COR04684,KR,cable_fault,B,2,3,26,1.5,True,0
TMS004466,Engineering,COR01679,WCR,sleeper_defect,B,2,203,55,0.8,True,0
TMS001107,Engineering,COR01019,NFR,weld_failure,A,3,395,22,3.7,True,1
TMS001992,Engineering,COR02951,SCR,ballast_deficiency,C,1,36,19,4.3,True,0
SMMS002699,Signal & Telecommunication,COR03321,ER,interlocking_fault,A,3,0,6,3.9,True,0
TMS003871,Engineering,COR02058,SCR,formation_defect,B,2,9,24,5.9,True,0
TMS000533,Engineering,COR02873,NER,rail_fracture,A,3,9,8,3.5,True,0
TDMS001270,Traction Distribution,COR02524,NWR,earthing_fault,B,2,7,7,1.2,True,0
SMMS002537,Signal & Telecommunication,COR02824,WR,point_machine_fault,B,2,5,91,0.9,True,0
SMMS001756,Signal & Telecommunication,COR04133,SR,signal_failure,A,3,18,41,1.4,True,1
SMMS002975,Signal & Telecommunication,COR02236,SWR,axle_counter_fault,A,3,2,18,2.8,True,0
TMS001987,Engineering,COR02423,WR,weld_failure,A,3,275,11,1.6,True,1
TMS004448,Engineering,COR01303,NWR,ballast_deficiency,C,1,38,16,1.0,True,0
TMS004303,Engineering,COR00693,WR,rail_fracture,A,3,43,92,1.1,True,1
TMS004831,Engineering,COR02601,KR,formation_defect,B,2,5,22,4.7,True,0
TMS003514,Engineering,COR00032,WR,weld_failure,A,3,28,36,1.6,True,1
TMS000120,Engineering,COR00620,SCR,rail_fracture,A,3,2,63,2.5,True,1
TMS004011,Engineering,COR01128,NER,rail_wear,C,1,6,8,1.6,True,0
SMMS002852,Signal & Telecommunication,COR00186,ECR,axle_counter_fault,A,3,2,13,3.8,True,0
TDMS001165,Traction Distribution,COR08509,NWR,tension_device_fault,C,1,433,1,0.9,True,0
TDMS000419,Traction Distribution,COR02505,NWR,tension_device_fault,C,1,535,2,4.7,True,0
TMS001831,Engineering,COR04440,ECR,weld_failure,A,3,68,40,3.0,True,0
TDMS001223,Traction Distribution,COR02257,NR,tension_device_fault,C,1,16,3,2.2,True,0
TMS000486,Engineering,COR08261,NCR,alignment_deviation,C,1,78,2,5.2,True,0
TDMS001526,Traction Distribution,COR01749,WCR,ohe_wire_wear,B,2,82,30,1.9,True,0
TMS002211,Engineering,COR02762,NR,ballast_deficiency,C,1,13,23,2.6,False,0
SMMS000964,Signal & Telecommunication,COR00160,NR,cable_fault,B,2,20,38,0.5,True,0
TMS004236,Engineering,COR01694,WCR,alignment_deviation,C,1,10,59,1.8,True,0
TMS002655,Engineering,COR00556,NR,weld_failure,A,3,13,35,4.7,False,1
SMMS001809,Signal & Telecommunication,COR02813,WR,axle_counter_fault,A,3,3,92,2.7,True,0
SMMS001150,Signal & Telecommunication,COR01676,WCR,cable_fault,B,2,7,55,1.3,True,0
TMS000795,Engineering,COR00485,WCR,sleeper_defect,B,2,355,69,0.7,True,1
TMS002803,Engineering,COR03730,WR,weld_failure,B,2,324,12,2.0,True,1
TMS002640,Engineering,COR05852,NWR,formation_defect,B,2,45,3,4.8,True,0
TDMS001200,Traction Distribution,COR03723,NFR,earthing_fault,B,2,100,21,2.8,True,0
TDMS000525,Traction Distribution,COR00490,WCR,insulator_fault,B,2,14,69,3.2,True,0
TMS001549,Engineering,COR02835,WR,ballast_deficiency,C,1,7,95,5.8,True,0
TMS000520,Engineering,COR00194,ECR,ballast_deficiency,C,1,6,19,5.4,True,0
TDMS001042,Traction Distribution,COR02076,SWR,ohe_wire_wear,B,2,453,25,1.9,True,1
SMMS000827,Signal & Telecommunication,COR01420,SECR,axle_counter_fault,A,3,2,9,2.1,True,0
TMS003622,Engineering,COR05632,NWR,weld_failure,A,3,14,32,4.1,True,0
SMMS002635,Signal & Telecommunication,COR06588,NWR,cable_fault,B,2,2,6,1.8,True,0
SMMS001651,Signal & Telecommunication,COR00442,SCR,point_machine_fault,B,2,4,16,3.6,True,0
TDMS002474,Traction Distribution,COR04173,NR,ohe_pole_defect,C,1,118,18,2.8,True,0
TDMS000009,Traction Distribution,COR00494,WCR,feeder_fault,A,3,5,69,2.1,True,1
TMS004800,Engineering,COR01355,WR,sleeper_defect,B,2,4,35,2.8,True,0
SMMS000774,Signal & Telecommunication,COR05599,NR,cable_fault,B,2,4,17,1.7,True,0
TMS005666,Engineering,COR01888,SCR,weld_failure,A,3,25,62,1.4,True,0
TDMS000873,Traction Distribution,COR05417,NR,feeder_fault,A,3,13,6,2.3,True,0
TMS004175,Engineering,COR01080,SWR,alignment_deviation,C,1,15,22,3.6,False,0
TMS002748,Engineering,COR06636,NWR,weld_failure,A,3,293,2,3.4,True,1
TMS004754,Engineering,COR03570,SER,alignment_deviation,C,1,9,26,3.6,True,0
TMS000516,Engineering,COR01016,NFR,sleeper_defect,C,1,5,21,2.5,True,0
TDMS001909,Traction Distribution,COR01713,WCR,ohe_wire_wear,B,2,67,54,4.8,True,0
TMS005869,Engineering,COR00258,WCR,points_crossing_wear,B,2,102,54,1.8,False,0
TMS005412,Engineering,COR04273,NWR,weld_failure,A,3,14,7,2.3,True,0
TMS005579,Engineering,COR01751,WCR,sleeper_defect,B,2,11,30,2.4,True,0
TDMS002416,Traction Distribution,COR00684,WR,ohe_wire_wear,B,2,1,63,3.0,True,0
SMMS002195,Signal & Telecommunication,COR05000,SR,block_instrument_fault,B,2,2,13,3.9,True,0
TDMS000621,Traction Distribution,COR04205,NWR,tension_device_fault,C,1,6,7,4.9,True,0
SMMS000197,Signal & Telecommunication,COR05641,ECR,cable_fault,B,2,0,3,3.2,True,0
TMS005894,Engineering,COR00486,WCR,weld_failure,A,3,14,69,2.7,True,1
TMS001937,Engineering,COR05841,NWR,points_crossing_wear,B,2,14,3,6.0,True,0
TMS001790,Engineering,COR03803,SR,rail_wear,C,1,126,22,5.0,True,0
TMS002568,Engineering,COR02153,SR,ballast_deficiency,C,1,0,70,1.8,True,0
TMS004735,Engineering,COR02191,SWR,ballast_deficiency,C,1,13,20,1.6,True,0
TMS004750,Engineering,COR00234,WCR,ballast_deficiency,C,1,116,58,3.1,True,0
TMS003679,Engineering,COR00528,SR,weld_failure,A,3,141,35,2.2,True,1
TDMS001252,Traction Distribution,COR02813,WR,tension_device_fault,C,1,0,92,2.1,True,0
SMMS000689,Signal & Telecommunication,COR00628,SCR,point_machine_fault,B,2,1,63,1.6,True,0
TMS002118,Engineering,COR07369,CR,ballast_deficiency,C,1,5,4,1.1,True,0
TDMS002371,Traction Distribution,COR02455,ER,tension_device_fault,C,1,11,12,1.4,True,0
TMS001514,Engineering,COR01405,SR,formation_defect,B,2,63,11,4.7,True,0
SMMS001516,Signal & Telecommunication,COR01239,CR,block_instrument_fault,B,2,8,4,2.3,True,0
TDMS000923,Traction Distribution,COR00273,WCR,ohe_wire_wear,B,2,17,68,1.3,True,0
TMS004054,Engineering,COR00500,WR,alignment_deviation,C,1,1,9,3.4,False,0
TMS002445,Engineering,COR01718,WCR,weld_failure,A,3,10,53,1.4,True,1
TDMS000152,Traction Distribution,COR07882,NR,tension_device_fault,C,1,12,4,2.2,True,0
TMS005839,Engineering,COR06379,WR,rail_wear,C,1,1,11,4.3,True,0
SMMS002960,Signal & Telecommunication,COR03383,NR,cable_fault,B,2,0,11,0.9,True,0
TDMS002009,Traction Distribution,COR02809,WR,ohe_wire_wear,B,2,18,87,4.6,True,0
TMS003825,Engineering,COR02056,CR,ballast_deficiency,C,1,199,6,3.0,True,0
TDMS000943,Traction Distribution,COR06123,NFR,tension_device_fault,C,1,9,4,0.7,True,0
TMS000210,Engineering,COR00139,NWR,alignment_deviation,C,1,9,27,3.6,True,0
SMMS002334,Signal & Telecommunication,COR01615,SWR,axle_counter_fault,A,3,0,26,3.6,True,0
SMMS001127,Signal & Telecommunication,COR02088,SWR,axle_counter_fault,A,3,2,24,1.2,False,0
TDMS000860,Traction Distribution,COR00282,WCR,insulator_fault,B,2,3,68,5.0,True,0
SMMS000884,Signal & Telecommunication,COR04661,KR,point_machine_fault,B,2,15,24,3.9,True,0
SMMS002799,Signal & Telecommunication,COR00492,WCR,interlocking_fault,A,3,17,69,2.0,True,1
SMMS001907,Signal & Telecommunication,COR00224,WCR,block_instrument_fault,B,2,5,53,1.1,True,0
TDMS001511,Traction Distribution,COR00399,ER,ohe_wire_wear,B,2,57,20,4.6,True,0
TMS005243,Engineering,COR00623,SCR,sleeper_defect,A,3,314,63,5.8,True,1
SMMS000029,Signal & Telecommunication,COR00303,SWR,axle_counter_fault,A,3,14,5,3.1,True,0
TMS000722,Engineering,COR02298,NR,alignment_deviation,C,1,62,29,4.0,False,0
TMS004890,Engineering,COR02034,NER,ballast_deficiency,C,1,336,19,4.5,True,0
TDMS001040,Traction Distribution,COR06818,NWR,feeder_fault,A,3,6,4,3.1,True,0
TMS001763,Engineering,COR05008,SR,points_crossing_wear,B,2,4,18,3.7,True,0
TMS003276,Engineering,COR08244,CR,alignment_deviation,C,1,43,3,5.5,True,0
SMMS000155,Signal & Telecommunication,COR01610,SWR,interlocking_fault,A,3,152,26,2.8,True,1
TMS004496,Engineering,COR03267,NCR,alignment_deviation,C,1,177,14,2.7,True,0
TMS004014,Engineering,COR02034,NER,weld_failure,A,3,58,19,5.2,True,0
TMS005639,Engineering,COR01709,WCR,rail_wear,C,1,61,58,3.9,True,0
SMMS001193,Signal & Telecommunication,COR02768,NR,signal_failure,A,3,2,28,1.7,False,0
SMMS001915,Signal & Telecommunication,COR00509,NWR,cable_fault,B,2,1,11,2.6,True,0
TDMS000827,Traction Distribution,COR02153,SR,ohe_wire_wear,B,2,0,70,0.6,True,0
TMS000662,Engineering,COR05543,NR,ballast_deficiency,B,2,85,7,4.8,True,0
SMMS001204,Signal & Telecommunication,COR00165,NER,signal_failure,A,3,0,13,3.5,True,0
SMMS001807,Signal & Telecommunication,COR06062,WR,cable_fault,B,2,5,2,2.1,True,0
TDMS000781,Traction Distribution,COR07690,NCR,tension_device_fault,C,1,61,2,4.3,True,0
TMS003907,Engineering,COR00229,WCR,ballast_deficiency,A,3,84,57,3.9,True,1
SMMS000995,Signal & Telecommunication,COR02798,WR,axle_counter_fault,A,3,0,53,2.2,True,1
SMMS001393,Signal & Telecommunication,COR00693,WR,lc_gate_interlock_fault,A,3,4,92,3.4,True,1
TMS004043,Engineering,COR03979,ER,points_crossing_wear,B,2,691,12,5.1,True,1
SMMS002043,Signal & Telecommunication,COR02826,WR,point_machine_fault,B,2,15,64,1.0,True,0
TDMS002391,Traction Distribution,COR07863,ECR,insulator_fault,B,2,15,4,2.3,True,0
SMMS002421,Signal & Telecommunication,COR00565,NR,point_machine_fault,B,2,1,20,2.5,True,0
TMS002896,Engineering,COR00469,CR,ballast_deficiency,C,1,0,69,4.5,True,0
SMMS001270,Signal & Telecommunication,COR00863,SCR,point_machine_fault,B,2,23,18,2.6,True,0
TMS000484,Engineering,COR04145,SR,sleeper_defect,B,2,4,35,5.0,True,0
TMS001339,Engineering,COR05492,NR,sleeper_defect,B,2,65,11,2.3,True,0
TDMS002072,Traction Distribution,COR02703,NR,feeder_fault,A,3,7,27,3.2,True,0
TMS002580,Engineering,COR00917,SWR,alignment_deviation,C,1,4,10,6.0,True,0
TMS002619,Engineering,COR03080,SR,ballast_deficiency,C,1,64,40,6.0,True,0
TMS004825,Engineering,COR03115,NR,alignment_deviation,C,1,0,4,2.4,True,0
TDMS002008,Traction Distribution,COR03502,NR,ohe_pole_defect,C,1,8,10,1.8,True,0
TMS002894,Engineering,COR01628,SWR,ballast_deficiency,B,2,9,32,5.3,True,0
TMS002276,Engineering,COR00431,SCR,ballast_deficiency,C,1,5,18,3.1,True,0
TDMS001719,Traction Distribution,COR00488,WCR,earthing_fault,B,2,118,69,3.0,True,1
TDMS001541,Traction Distribution,COR01440,ECR,tension_device_fault,C,1,13,23,4.4,True,0
SMMS000298,Signal & Telecommunication,COR03469,NCR,lc_gate_interlock_fault,A,3,2,6,2.6,False,0
TMS001774,Engineering,COR04810,ECR,rail_wear,C,1,6,9,2.3,True,0
TMS003199,Engineering,COR04159,SR,alignment_deviation,C,1,183,35,1.6,True,0
TMS000278,Engineering,COR03251,WCR,sleeper_defect,B,2,72,42,3.6,True,0
SMMS000393,Signal & Telecommunication,COR00483,WCR,cable_fault,B,2,1,69,3.0,True,0
TMS002393,Engineering,COR02820,WR,alignment_deviation,C,1,81,90,1.6,True,0
TMS005707,Engineering,COR00966,NFR,ballast_deficiency,C,1,39,11,1.0,True,0
TMS002480,Engineering,COR04304,NER,sleeper_defect,B,2,32,17,3.1,True,0
TMS004347,Engineering,COR00691,WR,weld_failure,A,3,226,90,5.6,True,1
TMS001185,Engineering,COR02220,SWR,rail_wear,C,1,14,21,2.8,True,0
TDMS002045,Traction Distribution,COR06906,ER,ohe_wire_wear,B,2,85,8,4.6,True,0
SMMS002525,Signal & Telecommunication,COR01532,SCR,interlocking_fault,A,3,2,20,2.2,True,0
TMS000541,Engineering,COR02582,KR,ballast_deficiency,C,1,15,22,1.3,True,0
SMMS001541,Signal & Telecommunication,COR01897,SCR,point_machine_fault,B,2,2,66,1.4,True,0
TMS001288,Engineering,COR02796,WR,sleeper_defect,B,2,52,51,5.9,True,0
SMMS000515,Signal & Telecommunication,COR01296,NWR,interlocking_fault,A,3,2,20,2.8,True,0
TMS002963,Engineering,COR06802,NWR,ballast_deficiency,C,1,15,4,5.7,True,0
TMS002627,Engineering,COR01767,WCR,rail_fracture,A,3,0,43,2.1,False,0
TDMS001665,Traction Distribution,COR02535,NR,feeder_fault,A,3,0,17,2.7,True,0
TMS000827,Engineering,COR04771,NR,ballast_deficiency,C,1,15,6,5.1,True,0
TMS002850,Engineering,COR04324,SR,points_crossing_wear,B,2,2,15,5.1,True,0
TMS005346,Engineering,COR02985,SR,ballast_deficiency,C,1,87,40,4.8,True,0
TDMS002113,Traction Distribution,COR00205,NCR,insulator_fault,B,2,1,53,3.9,True,0
TMS004552,Engineering,COR00259,WCR,ballast_deficiency,C,1,4,54,2.5,True,0
TMS004370,Engineering,COR02838,WR,alignment_deviation,C,1,64,95,3.3,False,0
TMS003126,Engineering,COR08119,SR,sleeper_defect,B,2,83,5,5.7,True,0
TMS002518,Engineering,COR00471,CR,points_crossing_wear,B,2,12,69,5.7,True,0
TMS002342,Engineering,COR03836,NFR,ballast_deficiency,C,1,3,19,5.6,True,0
TMS003722,Engineering,COR02158,SR,ballast_deficiency,C,1,3,70,1.8,True,0
TDMS001755,Traction Distribution,COR02920,NER,earthing_fault,B,2,7,5,2.4,True,0
SMMS000825,Signal & Telecommunication,COR02772,NR,point_machine_fault,B,2,5,28,3.9,True,0
SMMS000994,Signal & Telecommunication,COR04910,SWR,point_machine_fault,B,2,4,17,1.4,True,0
TMS002093,Engineering,COR00425,SCR,sleeper_defect,B,2,11,20,4.9,True,0
SMMS000017,Signal & Telecommunication,COR05427,NR,cable_fault,B,2,1,11,2.7,True,0
TMS004368,Engineering,COR04465,NFR,rail_wear,B,2,4,15,2.0,True,0
TDMS001488,Traction Distribution,COR04927,KR,insulator_fault,B,2,15,26,1.0,True,0
SMMS002350,Signal & Telecommunication,COR06668,NER,point_machine_fault,B,2,17,8,0.5,True,0
TMS000754,Engineering,COR03434,NER,alignment_deviation,C,1,16,5,2.6,False,0
SMMS002709,Signal & Telecommunication,COR04981,WR,point_machine_fault,B,2,5,14,3.0,True,0
TDMS001782,Traction Distribution,COR00030,WR,ohe_wire_wear,B,2,439,36,4.3,True,1
TMS001721,Engineering,COR04159,SR,alignment_deviation,C,1,89,35,4.1,True,0
TMS002161,Engineering,COR00182,ECR,ballast_deficiency,B,2,8,13,2.5,True,0
TMS002483,Engineering,COR04537,NR,weld_failure,A,3,20,38,4.4,True,1
SMMS002761,Signal & Telecommunication,COR01632,SWR,signal_failure,A,3,14,21,1.5,True,0
TMS000369,Engineering,COR06973,NR,formation_defect,B,2,11,7,3.1,True,0
TMS000787,Engineering,COR02156,SR,ballast_deficiency,C,1,13,70,1.7,True,0
SMMS001399,Signal & Telecommunication,COR07391,NR,block_instrument_fault,B,2,5,7,0.6,False,0
TMS001918,Engineering,COR04301,NER,rail_fracture,A,3,5,13,5.0,False,0
TDMS000453,Traction Distribution,COR05074,NWR,earthing_fault,B,2,4,10,3.7,True,0
TDMS002019,Traction Distribution,COR07861,ECR,feeder_fault,A,3,12,1,1.0,True,0
TMS002871,Engineering,COR00071,NWR,alignment_deviation,A,3,163,30,2.6,True,1
TMS005221,Engineering,COR04042,NER,ballast_deficiency,C,1,10,21,2.3,False,0
SMMS001354,Signal & Telecommunication,COR02226,SWR,block_instrument_fault,B,2,0,21,0.7,True,0
TDMS002079,Traction Distribution,COR02979,SR,feeder_fault,A,3,7,40,0.9,True,0
TDMS001068,Traction Distribution,COR05896,WR,tension_device_fault,C,1,12,7,2.6,True,0
TDMS000785,Traction Distribution,COR03278,SWR,insulator_fault,B,2,19,12,2.7,True,0
TDMS000448,Traction Distribution,COR02025,NER,feeder_fault,A,3,11,19,3.5,True,0
SMMS001506,Signal & Telecommunication,COR00158,NR,signal_failure,A,3,23,38,2.2,True,0
TMS002418,Engineering,COR06698,WR,ballast_deficiency,C,1,1,9,3.6,True,0
SMMS001403,Signal & Telecommunication,COR00421,SCR,cable_fault,B,2,5,53,2.0,True,0
TMS002633,Engineering,COR01270,SR,rail_fracture,C,1,50,3,1.1,True,0
TMS000513,Engineering,COR01366,WR,points_crossing_wear,B,2,14,37,2.6,True,0
TMS004535,Engineering,COR02667,NR,alignment_deviation,C,1,14,7,5.7,True,0
SMMS002259,Signal & Telecommunication,COR00994,NFR,point_machine_fault,B,2,5,17,1.0,True,0
TMS001898,Engineering,COR00858,SCR,ballast_deficiency,C,1,78,23,5.3,True,0
TMS005717,Engineering,COR07174,NER,weld_failure,C,1,390,5,5.7,True,0
TMS004491,Engineering,COR00420,SCR,ballast_deficiency,C,1,35,53,3.0,True,0
TMS002332,Engineering,COR01075,SWR,ballast_deficiency,C,1,10,22,5.5,True,0
SMMS002119,Signal & Telecommunication,COR01784,SWR,signal_failure,A,3,1,30,3.8,True,0
TMS004774,Engineering,COR04481,WCR,ballast_deficiency,C,1,14,36,0.7,True,0
TMS002171,Engineering,COR03035,NR,sleeper_defect,B,2,0,12,0.8,True,0
SMMS000435,Signal & Telecommunication,COR01896,SCR,lc_gate_interlock_fault,A,3,0,66,3.5,True,1
TDMS000656,Traction Distribution,COR03404,NER,earthing_fault,B,2,20,4,4.1,True,0
TMS004034,Engineering,COR00054,WR,weld_failure,A,3,10,24,4.7,True,0
TDMS000473,Traction Distribution,COR00014,WR,tension_device_fault,C,1,41,26,2.0,True,0
SMMS001421,Signal & Telecommunication,COR06337,NR,block_instrument_fault,B,2,0,7,1.0,True,0
SMMS000185,Signal & Telecommunication,COR00675,WR,point_machine_fault,B,2,5,94,3.2,True,0
TMS002443,Engineering,COR02156,SR,rail_wear,C,1,3,70,1.0,True,0
SMMS001481,Signal & Telecommunication,COR02540,NR,lc_gate_interlock_fault,A,3,14,17,3.2,False,0
SMMS000052,Signal & Telecommunication,COR01466,NFR,point_machine_fault,B,2,26,3,1.1,True,0
TDMS002370,Traction Distribution,COR00117,NWR,ohe_wire_wear,B,2,34,33,3.3,True,0
TMS004912,Engineering,COR00858,SCR,rail_wear,C,1,10,23,3.5,True,0
TDMS002335,Traction Distribution,COR02999,SR,earthing_fault,B,2,184,41,3.9,True,0
TDMS000644,Traction Distribution,COR05521,ER,ohe_pole_defect,C,1,17,9,3.4,True,0
TMS003577,Engineering,COR05176,ECR,formation_defect,B,2,11,17,5.9,True,0
TMS004151,Engineering,COR02838,WR,alignment_deviation,C,1,1,95,2.3,True,0
TMS000690,Engineering,COR05277,WR,weld_failure,A,3,13,7,2.5,True,0
TMS005535,Engineering,COR00820,NWR,sleeper_defect,B,2,12,11,2.4,True,0
TMS001870,Engineering,COR00121,NWR,ballast_deficiency,C,1,13,33,3.1,True,0
TMS004052,Engineering,COR00675,WR,sleeper_defect,B,2,8,94,4.3,True,0
TMS003163,Engineering,COR02314,NR,alignment_deviation,C,1,7,26,1.9,True,0
TMS001583,Engineering,COR00496,WCR,formation_defect,B,2,11,69,5.4,False,0
SMMS000564,Signal & Telecommunication,COR06481,NER,lc_gate_interlock_fault,A,3,2,4,0.9,True,0
TMS004377,Engineering,COR00933,SWR,rail_fracture,A,3,224,41,3.3,True,1
TMS000708,Engineering,COR05527,ER,ballast_deficiency,C,1,6,9,2.7,True,0
SMMS001294,Signal & Telecommunication,COR04002,SR,cable_fault,B,2,2,22,1.7,False,0
SMMS000697,Signal & Telecommunication,COR06649,SER,lc_gate_interlock_fault,A,3,6,2,2.3,True,0
TMS002250,Engineering,COR00624,SCR,formation_defect,B,2,52,63,2.7,False,0
SMMS002194,Signal & Telecommunication,COR01761,WCR,point_machine_fault,B,2,1,33,3.6,True,0
TMS005714,Engineering,COR00466,SCR,ballast_deficiency,C,1,25,26,2.6,True,0
SMMS001072,Signal & Telecommunication,COR03809,SR,interlocking_fault,A,3,0,3,0.6,True,0
TDMS001110,Traction Distribution,COR08029,WR,ohe_wire_wear,B,2,59,2,1.4,True,0
TMS000220,Engineering,COR00693,WR,points_crossing_wear,C,1,1,92,2.8,True,0
TMS005077,Engineering,COR00228,WCR,rail_fracture,A,3,2,57,1.1,True,1
TMS001555,Engineering,COR01117,SCR,points_crossing_wear,B,2,13,11,3.8,True,0
TDMS002228,Traction Distribution,COR03330,NR,ohe_wire_wear,B,2,8,15,1.4,True,0
SMMS002828,Signal & Telecommunication,COR04083,SWR,block_instrument_fault,B,2,1,11,3.8,True,0
SMMS002284,Signal & Telecommunication,COR01760,WCR,signal_failure,A,3,147,43,0.7,True,1
TDMS002152,Traction Distribution,COR01683,WCR,earthing_fault,B,2,100,55,3.5,True,0
SMMS002714,Signal & Telecommunication,COR03579,SER,interlocking_fault,A,3,157,21,3.2,True,0
TDMS002077,Traction Distribution,COR00673,WR,feeder_fault,A,3,15,94,3.7,True,0
TMS005445,Engineering,COR01485,NFR,ballast_deficiency,C,1,4,22,2.9,False,0
TMS001764,Engineering,COR04138,SR,alignment_deviation,C,1,16,41,4.3,True,0
TMS005560,Engineering,COR00541,SR,rail_fracture,A,3,63,35,3.7,False,0
TDMS000848,Traction Distribution,COR01103,SCR,ohe_pole_defect,C,1,101,14,3.4,True,0
SMMS000152,Signal & Telecommunication,COR02578,SECR,lc_gate_interlock_fault,A,3,7,6,1.0,True,0
SMMS001805,Signal & Telecommunication,COR00282,WCR,lc_gate_interlock_fault,A,3,0,68,2.2,True,1
TDMS000431,Traction Distribution,COR03697,SER,ohe_wire_wear,B,2,94,24,0.6,True,0
TMS000625,Engineering,COR05005,SR,weld_failure,A,3,380,18,4.3,True,1
SMMS002711,Signal & Telecommunication,COR01354,WR,axle_counter_fault,A,3,0,34,0.8,True,0
TMS002114,Engineering,COR01759,WCR,rail_wear,C,1,3,43,1.2,True,0
SMMS001037,Signal & Telecommunication,COR05858,NWR,interlocking_fault,A,3,4,3,0.9,False,0
SMMS001780,Signal & Telecommunication,COR00419,SCR,signal_failure,A,3,5,53,2.4,True,1
SMMS002383,Signal & Telecommunication,COR04287,SER,block_instrument_fault,B,2,3,8,1.8,True,0
SMMS002724,Signal & Telecommunication,COR02152,SR,point_machine_fault,B,2,3,70,1.2,True,0
SMMS001508,Signal & Telecommunication,COR02773,NR,cable_fault,B,2,1,28,2.2,False,0
TMS003250,Engineering,COR02151,SR,formation_defect,B,2,9,70,1.7,False,0
TDMS001893,Traction Distribution,COR01181,CR,circuit_breaker_fault,A,3,301,22,1.8,True,1
TDMS000622,Traction Distribution,COR04669,KR,circuit_breaker_fault,A,3,16,25,4.8,True,0
TMS002638,Engineering,COR00465,SCR,alignment_deviation,C,1,8,26,2.8,True,0
SMMS000980,Signal & Telecommunication,COR05865,NR,lc_gate_interlock_fault,A,3,0,8,1.5,False,0
TDMS000597,Traction Distribution,COR00490,WCR,earthing_fault,B,2,7,69,3.1,True,0
TDMS000068,Traction Distribution,COR07686,NER,earthing_fault,B,2,453,1,1.6,True,0
TDMS001034,Traction Distribution,COR02812,WR,circuit_breaker_fault,A,3,9,92,2.1,True,0
TMS000185,Engineering,COR06521,NR,alignment_deviation,C,1,13,13,3.2,True,0
TMS002677,Engineering,COR06837,NR,rail_wear,C,1,66,6,2.6,True,0
TMS002529,Engineering,COR02822,WR,ballast_deficiency,C,1,54,90,3.8,True,0
TDMS002417,Traction Distribution,COR03261,WCR,insulator_fault,B,2,0,42,2.3,True,0
TMS001115,Engineering,COR04492,NER,ballast_deficiency,C,1,4,7,3.4,True,0
SMMS001987,Signal & Telecommunication,COR06979,NR,cable_fault,B,2,5,4,1.4,True,0
TMS003248,Engineering,COR04900,SWR,alignment_deviation,C,1,8,20,2.9,False,0
TMS002861,Engineering,COR02952,SCR,ballast_deficiency,C,1,0,24,1.0,True,0
TMS002265,Engineering,COR01154,CR,alignment_deviation,C,1,15,49,0.9,True,0
TMS000231,Engineering,COR01570,CR,formation_defect,B,2,13,22,2.6,True,0
SMMS001766,Signal & Telecommunication,COR04657,KR,cable_fault,B,2,122,21,2.2,True,0
TMS002628,Engineering,COR05993,WR,weld_failure,A,3,1949,7,5.8,False,1
TMS004327,Engineering,COR03509,SR,points_crossing_wear,B,2,341,5,4.0,True,0
SMMS000210,Signal & Telecommunication,COR03280,SWR,axle_counter_fault,A,3,2,12,1.0,True,0
SMMS001423,Signal & Telecommunication,COR04699,CR,signal_failure,A,3,5,26,1.7,False,0
TDMS002432,Traction Distribution,COR00193,ECR,ohe_wire_wear,B,2,6,19,3.3,True,0
SMMS001106,Signal & Telecommunication,COR01156,CR,axle_counter_fault,A,3,1,49,1.7,True,0
TMS004364,Engineering,COR00818,SECR,alignment_deviation,C,1,76,3,3.8,True,0
SMMS001896,Signal & Telecommunication,COR00687,WR,cable_fault,B,2,7,90,1.1,False,0
TDMS000391,Traction Distribution,COR00378,NER,ohe_pole_defect,C,1,7,21,3.5,True,0
TMS001490,Engineering,COR00490,WCR,alignment_deviation,C,1,13,69,1.5,True,0
TDMS000584,Traction Distribution,COR06159,WR,earthing_fault,B,2,19,3,2.8,True,0
TMS002621,Engineering,COR02838,WR,sleeper_defect,B,2,13,95,2.4,True,0
TMS002933,Engineering,COR04852,NCR,ballast_deficiency,C,1,5,6,5.7,True,0
TMS002597,Engineering,COR03482,NCR,points_crossing_wear,B,2,354,13,3.0,True,0
TDMS002353,Traction Distribution,COR01219,CR,earthing_fault,B,2,31,6,3.9,True,0
TDMS001424,Traction Distribution,COR00759,NR,feeder_fault,A,3,102,52,2.3,True,1
TMS003427,Engineering,COR04692,KR,points_crossing_wear,C,1,6,26,2.8,True,0
TMS000271,Engineering,COR06747,SWR,ballast_deficiency,C,1,13,5,3.9,True,0
TMS001136,Engineering,COR00620,SCR,ballast_deficiency,C,1,74,63,4.7,True,0
SMMS001731,Signal & Telecommunication,COR04164,SCR,signal_failure,A,3,92,25,0.6,True,1
TMS003162,Engineering,COR00981,NFR,ballast_deficiency,C,1,47,14,4.4,True,0
TMS002742,Engineering,COR03337,SR,sleeper_defect,C,1,5,10,1.4,True,0
TDMS000032,Traction Distribution,COR00472,CR,insulator_fault,B,2,17,69,2.6,True,0
TMS004854,Engineering,COR00470,CR,ballast_deficiency,C,1,14,69,3.0,True,0
SMMS000603,Signal & Telecommunication,COR00215,NCR,signal_failure,A,3,5,53,1.9,True,1
TMS000856,Engineering,COR01658,NR,weld_failure,A,3,14,33,5.5,True,1
TMS002191,Engineering,COR00879,SCR,formation_defect,B,2,46,17,1.5,True,0
TMS003364,Engineering,COR00705,WR,ballast_deficiency,C,1,15,87,4.3,True,0
SMMS002053,Signal & Telecommunication,COR00485,WCR,point_machine_fault,B,2,5,69,3.3,True,0
TDMS000339,Traction Distribution,COR03041,SR,tension_device_fault,C,1,67,22,2.5,True,0
TDMS000669,Traction Distribution,COR04578,NCR,ohe_wire_wear,B,2,3,13,2.7,True,0
TDMS000931,Traction Distribution,COR01633,SWR,earthing_fault,B,2,10,27,4.6,True,0
TMS002919,Engineering,COR04585,NCR,points_crossing_wear,B,2,11,14,1.5,True,0
TDMS002071,Traction Distribution,COR01859,NR,ohe_wire_wear,B,2,213,37,0.8,True,0
TMS005423,Engineering,COR04554,NR,weld_failure,A,3,27,37,3.7,True,0
SMMS001683,Signal & Telecommunication,COR04795,NR,lc_gate_interlock_fault,A,3,3,8,2.1,False,0
TMS004380,Engineering,COR02680,NR,sleeper_defect,B,2,44,18,4.8,True,0
TMS002174,Engineering,COR02982,SR,rail_wear,C,1,74,40,1.4,False,0
TMS004392,Engineering,COR05390,NCR,rail_fracture,A,3,11,12,3.3,True,0
TMS002433,Engineering,COR00607,SCR,points_crossing_wear,B,2,12,67,0.7,True,0
TMS001108,Engineering,COR00886,SCR,weld_failure,A,3,53,18,1.4,True,0
TMS004146,Engineering,COR02394,WR,rail_wear,C,1,7,35,2.9,True,0
TMS002454,Engineering,COR02645,NER,weld_failure,A,3,31,5,4.6,True,0
TMS000931,Engineering,COR02396,WR,points_crossing_wear,B,2,4,35,2.2,True,0
SMMS001664,Signal & Telecommunication,COR01343,NWR,cable_fault,B,2,4,30,1.7,True,0
TDMS002186,Traction Distribution,COR06012,NWR,feeder_fault,A,3,3,9,2.5,True,0
TMS002190,Engineering,COR00223,WCR,rail_fracture,A,3,13,53,5.8,True,1
SMMS002162,Signal & Telecommunication,COR06375,WR,cable_fault,B,2,1,11,1.9,True,0
TDMS001669,Traction Distribution,COR01897,SCR,ohe_pole_defect,C,1,15,66,4.3,True,0
TMS002257,Engineering,COR02763,NR,sleeper_defect,B,2,5,28,4.7,True,0
TMS004807,Engineering,COR01819,NWR,formation_defect,B,2,1,11,5.7,True,0
TMS001765,Engineering,COR01678,WCR,formation_defect,B,2,62,55,3.9,True,0
SMMS000883,Signal & Telecommunication,COR00283,WCR,cable_fault,B,2,28,34,1.5,True,0
TMS002509,Engineering,COR00239,WCR,ballast_deficiency,C,1,71,58,3.8,True,0
SMMS002678,Signal & Telecommunication,COR02358,NWR,signal_failure,A,3,9,24,0.5,True,0
TMS004787,Engineering,COR04541,NR,ballast_deficiency,C,1,527,38,3.4,True,0
TDMS001122,Traction Distribution,COR00025,WR,feeder_fault,A,3,3,35,3.2,True,0
TMS000580,Engineering,COR01363,WR,points_crossing_wear,B,2,61,34,2.0,True,0
SMMS000750,Signal & Telecommunication,COR01687,WCR,interlocking_fault,A,3,5,55,2.0,True,1
TMS003715,Engineering,COR00469,CR,ballast_deficiency,C,1,14,69,3.2,True,0
SMMS000291,Signal & Telecommunication,COR02059,SCR,lc_gate_interlock_fault,A,3,1,24,1.4,False,0
TMS000239,Engineering,COR04837,WCR,sleeper_defect,B,2,48,4,4.0,True,0
TMS004675,Engineering,COR03308,SR,rail_wear,C,1,377,5,2.2,True,0
TDMS000131,Traction Distribution,COR04661,KR,earthing_fault,B,2,20,24,1.0,True,0
TMS004275,Engineering,COR00868,SCR,sleeper_defect,C,1,3,17,2.5,True,0
SMMS001392,Signal & Telecommunication,COR02316,WCR,cable_fault,B,2,0,7,2.8,True,0
SMMS001430,Signal & Telecommunication,COR00285,WCR,cable_fault,B,2,0,69,0.8,True,0
TMS004264,Engineering,COR05177,ECR,rail_wear,B,2,19,18,1.5,True,0
TMS003750,Engineering,COR04704,CR,points_crossing_wear,B,2,261,25,3.3,True,1
TMS000702,Engineering,COR04150,SR,rail_fracture,A,3,349,35,4.3,True,1
TMS005720,Engineering,COR00920,SWR,alignment_deviation,C,1,9,10,5.3,True,0
SMMS000925,Signal & Telecommunication,COR00688,WR,interlocking_fault,A,3,2,90,3.9,True,1
TDMS002345,Traction Distribution,COR01882,SCR,tension_device_fault,C,1,35,62,2.5,True,0
TMS001746,Engineering,COR00611,SCR,points_crossing_wear,B,2,1,67,2.1,True,0
SMMS001293,Signal & Telecommunication,COR03949,ER,axle_counter_fault,A,3,3,11,2.3,True,0
SMMS001965,Signal & Telecommunication,COR02720,NER,point_machine_fault,B,2,5,4,3.4,True,0
SMMS001104,Signal & Telecommunication,COR03902,NR,signal_failure,A,3,165,19,2.2,False,1
TMS005446,Engineering,COR06424,WR,rail_fracture,A,3,29,2,1.2,True,0
TDMS001152,Traction Distribution,COR07526,NFR,feeder_fault,A,3,439,6,3.1,True,1
SMMS002849,Signal & Telecommunication,COR02865,SWR,signal_failure,A,3,24,18,2.5,True,0
TMS001793,Engineering,COR03900,NR,sleeper_defect,A,3,67,19,4.2,True,0
SMMS002164,Signal & Telecommunication,COR02212,NWR,axle_counter_fault,A,3,3,26,1.1,True,0
TMS000940,Engineering,COR06393,NER,alignment_deviation,C,1,9,19,5.2,True,0
SMMS002589,Signal & Telecommunication,COR07913,ER,axle_counter_fault,A,3,3,1,3.6,True,0
SMMS000836,Signal & Telecommunication,COR06336,NR,block_instrument_fault,B,2,1,8,0.9,False,0
SMMS001124,Signal & Telecommunication,COR01911,SCR,point_machine_fault,B,2,5,9,3.3,True,0
TMS004756,Engineering,COR01718,WCR,formation_defect,B,2,2518,53,4.8,True,1
TMS004784,Engineering,COR01169,ER,rail_fracture,A,3,14,14,0.8,True,0
TMS002358,Engineering,COR03274,NCR,alignment_deviation,C,1,6,14,4.0,True,0
SMMS002833,Signal & Telecommunication,COR00473,CR,signal_failure,A,3,2,69,2.4,True,0
TMS004972,Engineering,COR04650,KR,rail_wear,C,1,14,22,3.7,True,0
TMS002177,Engineering,COR04901,SWR,alignment_deviation,C,1,14,20,5.6,True,0
TMS005945,Engineering,COR00281,WCR,ballast_deficiency,C,1,9,68,5.9,True,0
SMMS001249,Signal & Telecommunication,COR00490,WCR,point_machine_fault,B,2,5,69,3.9,True,0
TMS000223,Engineering,COR04250,NR,rail_wear,C,1,12,14,5.5,True,0
TDMS001220,Traction Distribution,COR07397,NR,ohe_wire_wear,B,2,17,8,4.2,True,0
SMMS001455,Signal & Telecommunication,COR02812,WR,block_instrument_fault,B,2,3,92,3.4,True,0
TMS003829,Engineering,COR00445,SCR,points_crossing_wear,B,2,13,16,2.8,True,0
TDMS000709,Traction Distribution,COR04667,KR,insulator_fault,B,2,122,25,2.7,True,0
TMS000169,Engineering,COR01711,WCR,rail_wear,C,1,8,54,0.9,True,0
TDMS002367,Traction Distribution,COR06647,SER,tension_device_fault,C,1,480,3,1.8,True,0
TMS002681,Engineering,COR01949,SCR,sleeper_defect,B,2,45,22,3.9,True,0
TMS001206,Engineering,COR00416,ER,sleeper_defect,B,2,12,7,5.4,True,0
TMS005896,Engineering,COR02951,SCR,ballast_deficiency,C,1,72,19,2.0,True,0
TMS003272,Engineering,COR00932,SWR,sleeper_defect,B,2,8,40,1.5,True,0
TDMS001622,Traction Distribution,COR06008,NWR,ohe_wire_wear,B,2,72,9,3.6,True,0
SMMS002841,Signal & Telecommunication,COR01676,WCR,axle_counter_fault,A,3,5,55,3.2,True,1
TDMS000642,Traction Distribution,COR04494,ECR,ohe_wire_wear,B,2,55,3,4.3,True,0
SMMS000306,Signal & Telecommunication,COR02816,WR,cable_fault,B,2,24,92,1.5,True,0
TMS003940,Engineering,COR00603,NER,rail_wear,C,1,7,16,5.6,True,0
TMS003785,Engineering,COR02384,WR,alignment_deviation,C,1,59,36,3.7,True,0
SMMS002387,Signal & Telecommunication,COR01696,WCR,point_machine_fault,B,2,3,59,2.0,True,0
TMS000703,Engineering,COR03480,NCR,weld_failure,A,3,2138,14,2.7,True,1
TMS001527,Engineering,COR02165,SR,rail_wear,C,1,2,20,4.4,False,0
SMMS001543,Signal & Telecommunication,COR00506,WR,cable_fault,B,2,1,12,3.9,True,0
TMS002487,Engineering,COR01951,SCR,ballast_deficiency,C,1,29,21,5.9,True,0
SMMS001895,Signal & Telecommunication,COR05647,SECR,cable_fault,B,2,4,7,2.9,True,0
TDMS000078,Traction Distribution,COR05735,SR,feeder_fault,A,3,64,10,3.7,True,0
TDMS001567,Traction Distribution,COR01026,NFR,feeder_fault,A,3,15,22,2.8,True,0
TMS003621,Engineering,COR01363,WR,alignment_deviation,C,1,14,34,0.5,True,0
SMMS002238,Signal & Telecommunication,COR01842,NR,point_machine_fault,B,2,102,28,1.1,True,0
TMS004186,Engineering,COR06232,NWR,rail_wear,C,1,7,9,2.0,True,0
SMMS001461,Signal & Telecommunication,COR02820,WR,interlocking_fault,A,3,0,90,3.9,True,0
SMMS001957,Signal & Telecommunication,COR04364,ECR,lc_gate_interlock_fault,A,3,4,11,1.8,True,0
TMS000043,Engineering,COR01893,SCR,points_crossing_wear,B,2,41,66,5.7,False,0
TDMS001446,Traction Distribution,COR00544,SR,ohe_wire_wear,B,2,9,35,1.4,True,0
SMMS001914,Signal & Telecommunication,COR03959,ER,block_instrument_fault,B,2,81,12,2.2,True,0
TMS000358,Engineering,COR02540,NR,ballast_deficiency,C,1,15,17,0.7,True,0
TMS001736,Engineering,COR03181,CR,weld_failure,A,3,10,7,4.8,False,0
TMS003916,Engineering,COR03262,WCR,ballast_deficiency,C,1,11,42,4.3,True,0
TMS003598,Engineering,COR04546,NR,ballast_deficiency,A,3,13,36,4.4,False,1
TMS001907,Engineering,COR02380,WR,ballast_deficiency,C,1,23,26,2.2,True,0
TMS005616,Engineering,COR04179,NR,formation_defect,B,2,6,18,4.8,True,0
TMS003478,Engineering,COR03838,NFR,points_crossing_wear,B,2,244,19,5.1,True,0
TMS003886,Engineering,COR01727,NCR,alignment_deviation,C,1,0,54,0.9,True,0
TMS003365,Engineering,COR00278,WCR,rail_fracture,A,3,155,68,2.1,True,1
TMS004305,Engineering,COR01200,CR,rail_wear,C,1,3,22,2.1,True,0
TDMS000899,Traction Distribution,COR01693,WCR,feeder_fault,A,3,13,53,3.7,True,0
TMS001671,Engineering,COR01696,WCR,ballast_deficiency,A,3,69,59,1.4,True,1
TDMS001520,Traction Distribution,COR02817,WR,tension_device_fault,C,1,35,92,3.8,True,0
SMMS000104,Signal & Telecommunication,COR00432,SCR,axle_counter_fault,A,3,5,17,1.8,True,0
TMS000080,Engineering,COR00251,WCR,rail_fracture,A,3,53,54,4.4,True,1
TDMS000079,Traction Distribution,COR03159,NFR,ohe_wire_wear,B,2,49,5,1.0,True,0
TDMS000934,Traction Distribution,COR06004,NWR,earthing_fault,B,2,5,9,4.2,True,0
TMS000755,Engineering,COR03444,NWR,weld_failure,A,3,5,4,3.2,True,0
SMMS000135,Signal & Telecommunication,COR02743,SR,lc_gate_interlock_fault,A,3,1,18,2.3,False,0
TMS001768,Engineering,COR02494,NWR,points_crossing_wear,B,2,7,13,5.5,True,0
TDMS001454,Traction Distribution,COR04362,ECR,earthing_fault,B,2,304,15,2.0,True,1
SMMS002202,Signal & Telecommunication,COR01646,SWR,lc_gate_interlock_fault,A,3,0,29,0.9,True,0
SMMS002307,Signal & Telecommunication,COR00681,WR,axle_counter_fault,A,3,5,90,2.0,False,1
TMS004714,Engineering,COR05180,ECR,points_crossing_wear,B,2,58,17,5.3,True,0
TDMS002124,Traction Distribution,COR02823,WR,tension_device_fault,C,1,4,90,3.7,True,0
TDMS002483,Traction Distribution,COR03963,ER,insulator_fault,B,2,53,12,1.0,True,0
SMMS002486,Signal & Telecommunication,COR02114,SWR,interlocking_fault,A,3,25,25,3.4,True,0
SMMS000220,Signal & Telecommunication,COR02827,WR,lc_gate_interlock_fault,A,3,7,90,2.5,True,0
TDMS002067,Traction Distribution,COR04678,KR,ohe_pole_defect,C,1,3,26,2.7,True,0
TMS004617,Engineering,COR07756,WR,rail_wear,C,1,17,3,2.9,False,0
TMS004140,Engineering,COR04709,NR,sleeper_defect,B,2,171,6,1.6,True,0
SMMS000187,Signal & Telecommunication,COR01251,CR,cable_fault,B,2,4,4,2.2,True,0
TDMS000194,Traction Distribution,COR00208,NCR,circuit_breaker_fault,A,3,8,53,0.7,True,1
TMS000159,Engineering,COR04904,SWR,formation_defect,B,2,9,20,1.3,True,0
TMS002723,Engineering,COR02032,NER,points_crossing_wear,B,2,9,19,1.6,True,0
TDMS000077,Traction Distribution,COR05891,NWR,feeder_fault,A,3,182,28,0.6,True,1
TMS000259,Engineering,COR01481,NFR,ballast_deficiency,C,1,395,22,3.8,True,0
SMMS000007,Signal & Telecommunication,COR05063,SWR,point_machine_fault,B,2,72,14,1.9,False,0
TMS000654,Engineering,COR00123,NWR,points_crossing_wear,B,2,14,33,4.7,True,0
SMMS000892,Signal & Telecommunication,COR06528,NR,lc_gate_interlock_fault,A,3,28,11,1.1,True,0
SMMS000495,Signal & Telecommunication,COR00333,NER,block_instrument_fault,B,2,3,11,1.4,True,0
SMMS002874,Signal & Telecommunication,COR06943,NR,point_machine_fault,B,2,2,3,3.3,True,0
TMS004600,Engineering,COR04984,WR,ballast_deficiency,C,1,0,16,2.3,True,0
TMS003873,Engineering,COR01783,SWR,ballast_deficiency,C,1,0,30,3.7,True,0
TMS002348,Engineering,COR01686,WCR,alignment_deviation,C,1,38,55,0.5,True,0
SMMS000810,Signal & Telecommunication,COR05329,SECR,point_machine_fault,B,2,3,1,2.2,True,0
TMS003863,Engineering,COR06132,WR,alignment_deviation,C,1,5,9,4.6,True,0
TDMS001874,Traction Distribution,COR03700,SER,ohe_wire_wear,B,2,419,24,1.7,True,1
TDMS000364,Traction Distribution,COR04157,SR,ohe_pole_defect,C,1,7,35,3.2,True,0
TDMS001291,Traction Distribution,COR00336,NER,tension_device_fault,C,1,20,12,4.2,True,0
SMMS002019,Signal & Telecommunication,COR00419,SCR,cable_fault,B,2,5,53,1.7,True,0
TDMS000367,Traction Distribution,COR02930,NER,ohe_pole_defect,C,1,119,5,1.1,True,0
SMMS000615,Signal & Telecommunication,COR01204,CR,point_machine_fault,B,2,3,22,2.2,True,0
TMS001414,Engineering,COR01765,WCR,sleeper_defect,B,2,393,43,1.0,True,1
TMS005991,Engineering,COR00790,NWR,points_crossing_wear,B,2,264,26,2.7,True,0
TMS002695,Engineering,COR05629,NWR,ballast_deficiency,C,1,1,32,1.7,True,0
TMS005229,Engineering,COR01889,SCR,alignment_deviation,C,1,65,61,2.9,True,0
TMS004441,Engineering,COR01763,WCR,ballast_deficiency,C,1,85,43,1.5,True,0
SMMS000595,Signal & Telecommunication,COR00462,SCR,block_instrument_fault,B,2,1,23,2.5,True,0
TDMS000665,Traction Distribution,COR00759,NR,ohe_pole_defect,C,1,115,52,2.3,True,0
TDMS000693,Traction Distribution,COR02366,SECR,circuit_breaker_fault,A,3,13,7,1.9,True,0
TMS004689,Engineering,COR00382,NER,sleeper_defect,B,2,10,33,4.6,False,0
SMMS001448,Signal & Telecommunication,COR06880,NR,point_machine_fault,B,2,13,3,3.6,True,0
TDMS000329,Traction Distribution,COR02413,WR,insulator_fault,B,2,8,14,2.2,True,0
TDMS000193,Traction Distribution,COR02430,SCR,circuit_breaker_fault,A,3,10,15,2.5,True,0
TDMS002435,Traction Distribution,COR00150,NR,ohe_wire_wear,B,2,11,38,3.6,True,0
TMS003735,Engineering,COR01865,NR,points_crossing_wear,B,2,222,37,4.2,True,1
TDMS001797,Traction Distribution,COR01341,NWR,circuit_breaker_fault,A,3,6,30,1.8,True,0
SMMS000434,Signal & Telecommunication,COR00529,SR,signal_failure,A,3,3,35,1.3,True,0
TDMS002004,Traction Distribution,COR04705,CR,feeder_fault,A,3,20,25,3.4,True,0
TMS003769,Engineering,COR02828,WR,ballast_deficiency,C,1,4,90,5.4,True,0
SMMS001742,Signal & Telecommunication,COR02722,NER,axle_counter_fault,A,3,4,12,3.1,True,0
TMS001881,Engineering,COR03575,SER,ballast_deficiency,C,1,313,25,0.8,True,0
TMS002461,Engineering,COR02213,NWR,sleeper_defect,B,2,0,26,2.7,True,0
TDMS000001,Traction Distribution,COR02150,SR,feeder_fault,A,3,64,70,5.0,True,1
TMS002422,Engineering,COR00119,NWR,rail_wear,C,1,3,33,3.6,True,0
TMS004716,Engineering,COR01894,SCR,rail_wear,C,1,217,66,2.9,True,0
TMS003050,Engineering,COR00313,SER,points_crossing_wear,B,2,256,23,5.1,True,1
SMMS000259,Signal & Telecommunication,COR01708,WCR,signal_failure,A,3,1,58,2.4,True,1
TDMS000064,Traction Distribution,COR03659,SCR,earthing_fault,B,2,106,15,4.7,True,0
SMMS001919,Signal & Telecommunication,COR00999,NFR,cable_fault,B,2,5,19,0.9,True,0
TDMS001800,Traction Distribution,COR02359,WCR,ohe_wire_wear,B,2,568,7,1.1,True,0
TMS005078,Engineering,COR05131,NR,alignment_deviation,C,1,12,30,3.4,True,0
TMS005428,Engineering,COR00671,WR,alignment_deviation,C,1,19,94,4.9,True,0
TMS004994,Engineering,COR02405,WR,sleeper_defect,B,2,0,26,5.0,True,0
TMS002622,Engineering,COR01433,ER,alignment_deviation,C,1,2,2,2.5,True,0
SMMS002105,Signal & Telecommunication,COR00021,WR,signal_failure,A,3,17,35,0.8,True,1
TDMS002372,Traction Distribution,COR02978,SR,feeder_fault,A,3,72,40,2.9,True,1
TMS004261,Engineering,COR04909,SWR,rail_wear,C,1,8,19,1.0,False,0
TDMS001694,Traction Distribution,COR00712,WR,tension_device_fault,C,1,16,53,3.5,True,0
TMS001512,Engineering,COR03220,WR,alignment_deviation,C,1,15,3,4.6,True,0
TMS004040,Engineering,COR04157,SR,points_crossing_wear,B,2,9,35,2.1,True,0
SMMS001573,Signal & Telecommunication,COR00127,NWR,signal_failure,A,3,4,27,1.0,False,0
SMMS002501,Signal & Telecommunication,COR02340,WR,point_machine_fault,B,2,2,11,2.7,True,0
TMS004002,Engineering,COR04049,NER,sleeper_defect,B,2,53,21,3.4,True,0
TMS002690,Engineering,COR00938,SR,rail_wear,C,1,6,10,4.2,True,0
TDMS001137,Traction Distribution,COR01387,SR,earthing_fault,B,2,530,18,4.1,True,0
TMS005939,Engineering,COR07983,ECoR,points_crossing_wear,B,2,15,1,4.0,True,0
TMS001112,Engineering,COR07237,ECoR,sleeper_defect,B,2,12,1,2.0,True,0
TMS001419,Engineering,COR00673,WR,rail_wear,C,1,351,94,3.3,True,1
TMS005670,Engineering,COR05205,SR,rail_wear,C,1,9,15,2.8,True,0
SMMS001240,Signal & Telecommunication,COR01161,ER,point_machine_fault,B,2,3,14,1.3,True,0
TMS001611,Engineering,COR01435,ECR,weld_failure,A,3,307,39,5.5,True,1
TMS003763,Engineering,COR01331,NWR,formation_defect,B,2,61,30,5.3,True,0
TMS000503,Engineering,COR04983,WR,ballast_deficiency,C,1,73,16,3.2,True,0
SMMS001304,Signal & Telecommunication,COR04550,NR,cable_fault,B,2,4,37,2.3,True,0
TMS004446,Engineering,COR02896,SR,ballast_deficiency,C,1,15,18,1.6,True,0
SMMS001700,Signal & Telecommunication,COR03688,SER,cable_fault,B,2,2,11,2.1,True,0
TMS005824,Engineering,COR01098,SCR,sleeper_defect,B,2,3,14,3.5,True,0
SMMS001956,Signal & Telecommunication,COR02139,SCR,lc_gate_interlock_fault,A,3,1,20,3.1,True,0
SMMS002840,Signal & Telecommunication,COR03253,WCR,point_machine_fault,B,2,1,42,1.5,True,0
TMS000443,Engineering,COR04713,SCR,rail_wear,C,1,25,7,5.2,True,0
SMMS002054,Signal & Telecommunication,COR08256,NCR,cable_fault,B,2,5,3,1.0,True,0
TMS005304,Engineering,COR02327,SWR,ballast_deficiency,C,1,13,4,0.7,True,0
TDMS002001,Traction Distribution,COR05203,NWR,ohe_wire_wear,B,2,42,10,1.3,True,0
TMS000640,Engineering,COR00289,CR,points_crossing_wear,B,2,3,68,4.9,True,0
TMS005861,Engineering,COR02821,WR,weld_failure,A,3,17,90,4.3,True,0
TMS005007,Engineering,COR02150,SR,points_crossing_wear,B,2,66,70,3.5,False,0
TMS002696,Engineering,COR02334,WR,formation_defect,B,2,8,12,2.1,True,0
TMS002446,Engineering,COR00671,WR,weld_failure,A,3,9,94,4.2,True,0
TMS005606,Engineering,COR04196,NWR,alignment_deviation,C,1,40,7,1.0,True,0
TMS004861,Engineering,COR03231,WR,sleeper_defect,B,2,13,3,2.5,False,0
TDMS000939,Traction Distribution,COR00154,NR,earthing_fault,B,2,20,38,4.8,True,0
TMS003570,Engineering,COR07719,SCR,sleeper_defect,B,2,6,2,5.0,False,0
TMS001142,Engineering,COR07884,NR,points_crossing_wear,B,2,14,4,1.6,True,0
TMS001347,Engineering,COR02047,CR,rail_fracture,A,3,3,6,2.2,True,0
SMMS001007,Signal & Telecommunication,COR02700,NR,axle_counter_fault,A,3,29,27,2.8,True,0
TDMS002387,Traction Distribution,COR04738,NER,ohe_wire_wear,B,2,117,8,0.9,True,0
SMMS000759,Signal & Telecommunication,COR00093,NWR,signal_failure,A,3,3,30,2.6,True,0
TDMS001161,Traction Distribution,COR02951,SCR,earthing_fault,B,2,1,19,3.3,True,0
SMMS001306,Signal & Telecommunication,COR01676,WCR,cable_fault,B,2,4,55,2.8,True,0
TMS004879,Engineering,COR05321,ECR,alignment_deviation,C,1,11,6,4.9,True,0
TMS004098,Engineering,COR00076,NWR,rail_wear,C,1,15,30,3.7,True,0
SMMS002694,Signal & Telecommunication,COR00012,WR,block_instrument_fault,B,2,0,20,0.7,True,0
TMS004636,Engineering,COR02122,WCR,points_crossing_wear,B,2,175,45,1.8,True,0
TDMS001304,Traction Distribution,COR00677,WR,circuit_breaker_fault,A,3,120,94,4.3,True,1
TMS004586,Engineering,COR07227,NR,rail_wear,C,1,4,3,2.8,False,0
SMMS002847,Signal & Telecommunication,COR00646,SWR,cable_fault,B,2,54,22,3.8,True,0
TDMS001038,Traction Distribution,COR00691,WR,ohe_wire_wear,B,2,97,90,0.7,True,0
SMMS000770,Signal & Telecommunication,COR00423,SCR,block_instrument_fault,B,2,1,53,3.1,True,0
TMS001950,Engineering,COR01704,WCR,rail_wear,C,1,243,58,3.5,True,0
TMS002189,Engineering,COR01899,SCR,ballast_deficiency,C,1,67,56,2.4,True,0
TMS001502,Engineering,COR03000,SR,points_crossing_wear,B,2,0,41,5.1,False,0
TMS000981,Engineering,COR01165,ER,weld_failure,A,3,1,4,5.7,False,0
SMMS000325,Signal & Telecommunication,COR02301,NR,block_instrument_fault,B,2,7,29,2.0,True,0
SMMS001443,Signal & Telecommunication,COR02991,SR,block_instrument_fault,B,2,0,41,3.8,True,0
TMS001972,Engineering,COR04050,NER,rail_fracture,B,2,21,21,4.0,False,0
TMS003802,Engineering,COR01769,WCR,formation_defect,B,2,13,43,5.4,True,0
SMMS001844,Signal & Telecommunication,COR03041,SR,point_machine_fault,B,2,5,22,1.5,True,0
TMS001924,Engineering,COR00781,NWR,sleeper_defect,B,2,380,26,6.0,True,1
TDMS002020,Traction Distribution,COR02491,NWR,tension_device_fault,C,1,491,1,0.8,True,0
TMS005950,Engineering,COR00648,SWR,rail_wear,C,1,57,22,3.2,True,0
TDMS002363,Traction Distribution,COR04661,KR,insulator_fault,B,2,11,24,3.3,True,0
SMMS001767,Signal & Telecommunication,COR04540,NR,interlocking_fault,A,3,5,38,0.7,True,0
SMMS002883,Signal & Telecommunication,COR00234,WCR,cable_fault,B,2,2,58,0.9,True,0
TMS004455,Engineering,COR00850,WR,formation_defect,B,2,7,9,4.5,False,0
SMMS001302,Signal & Telecommunication,COR02761,WCR,point_machine_fault,B,2,3,7,1.4,True,0
TMS005863,Engineering,COR00020,WR,points_crossing_wear,B,2,12,26,4.4,True,0
TDMS000838,Traction Distribution,COR01602,SWR,earthing_fault,B,2,0,25,1.7,True,0
TMS000095,Engineering,COR01384,SR,sleeper_defect,B,2,4,7,1.2,False,0
TDMS002298,Traction Distribution,COR04698,CR,circuit_breaker_fault,A,3,51,26,0.9,True,0
TMS005883,Engineering,COR00704,WR,points_crossing_wear,B,2,7,87,3.7,True,0
TMS005705,Engineering,COR02103,SWR,alignment_deviation,C,1,370,25,1.6,False,0
TMS001548,Engineering,COR02106,SWR,weld_failure,A,3,2,25,5.6,False,0
TMS000407,Engineering,COR04689,KR,alignment_deviation,C,1,6,26,5.2,True,0
TDMS002100,Traction Distribution,COR05449,WCR,feeder_fault,A,3,53,7,0.9,True,0
SMMS000275,Signal & Telecommunication,COR05370,WCR,block_instrument_fault,B,2,29,2,1.0,True,0
TMS001786,Engineering,COR05397,NCR,alignment_deviation,C,1,126,11,2.4,True,0
SMMS000316,Signal & Telecommunication,COR03621,SWR,cable_fault,B,2,113,14,2.8,True,0
SMMS000727,Signal & Telecommunication,COR01555,CR,block_instrument_fault,B,2,1,22,2.0,True,0
SMMS000177,Signal & Telecommunication,COR00134,NWR,signal_failure,A,3,4,27,0.5,True,0
SMMS001107,Signal & Telecommunication,COR03938,WCR,cable_fault,B,2,4,29,0.6,True,0
TMS001271,Engineering,COR03253,WCR,formation_defect,B,2,13,42,1.1,True,0
TDMS000049,Traction Distribution,COR04202,NWR,ohe_pole_defect,C,1,15,7,1.5,True,0
SMMS001861,Signal & Telecommunication,COR04447,ECR,block_instrument_fault,B,2,5,13,3.2,True,0
SMMS000975,Signal & Telecommunication,COR04511,SWR,block_instrument_fault,B,2,3,10,1.1,True,0
SMMS000158,Signal & Telecommunication,COR01741,WR,block_instrument_fault,B,2,2,16,2.9,False,0
TDMS001883,Traction Distribution,COR00879,SCR,ohe_wire_wear,B,2,494,17,4.9,True,1
TMS005620,Engineering,COR06879,NR,sleeper_defect,B,2,52,4,5.2,False,0
TMS001275,Engineering,COR01261,ER,alignment_deviation,C,1,11,1,2.3,True,0
SMMS000525,Signal & Telecommunication,COR00252,WCR,interlocking_fault,A,3,6,54,2.8,True,0
TMS001380,Engineering,COR04710,NR,sleeper_defect,B,2,82,6,3.8,True,0
SMMS001803,Signal & Telecommunication,COR02598,KR,cable_fault,B,2,5,22,3.9,True,0
TMS004815,Engineering,COR00011,WR,weld_failure,A,3,7,20,2.0,True,0
TMS000069,Engineering,COR04956,KR,ballast_deficiency,C,1,59,24,4.4,True,0
TMS005514,Engineering,COR03850,NFR,formation_defect,C,1,37,14,5.6,True,0
TDMS001866,Traction Distribution,COR02808,WR,tension_device_fault,C,1,5,54,3.2,True,0
TMS001008,Engineering,COR03150,CR,sleeper_defect,B,2,0,33,2.6,True,0
SMMS001488,Signal & Telecommunication,COR02824,WR,point_machine_fault,B,2,1,91,1.4,False,0
TMS005772,Engineering,COR00682,WR,ballast_deficiency,C,1,0,90,5.4,True,0
TMS003189,Engineering,COR06268,NR,ballast_deficiency,C,1,14,6,2.2,True,0
TDMS002415,Traction Distribution,COR07456,NCR,earthing_fault,B,2,17,3,2.4,True,0
TMS004855,Engineering,COR01727,NCR,sleeper_defect,B,2,9,54,5.4,True,0
SMMS000749,Signal & Telecommunication,COR03088,SR,point_machine_fault,B,2,20,40,1.8,True,0
TMS003790,Engineering,COR00340,NER,alignment_deviation,C,1,64,11,0.7,True,0
TMS001628,Engineering,COR03641,SCR,ballast_deficiency,C,1,60,14,2.6,True,0
SMMS001882,Signal & Telecommunication,COR01615,SWR,point_machine_fault,B,2,28,26,2.0,False,0
SMMS000456,Signal & Telecommunication,COR03199,WR,block_instrument_fault,B,2,101,5,1.5,True,0
SMMS001206,Signal & Telecommunication,COR00472,CR,axle_counter_fault,A,3,4,69,2.7,True,1
TMS000548,Engineering,COR01703,WCR,rail_wear,C,1,45,58,1.3,False,0
SMMS000204,Signal & Telecommunication,COR03548,NER,axle_counter_fault,A,3,5,8,1.8,True,0
TDMS000774,Traction Distribution,COR02159,SR,ohe_wire_wear,B,2,290,70,0.5,True,1
SMMS000142,Signal & Telecommunication,COR06753,SWR,interlocking_fault,A,3,2,7,3.2,True,0
TMS003357,Engineering,COR01771,WCR,rail_wear,C,1,2,43,4.3,True,0
TMS001848,Engineering,COR00487,WCR,ballast_deficiency,B,2,85,69,2.8,True,0
TMS003339,Engineering,COR04372,SR,ballast_deficiency,C,1,6,5,1.4,True,0
TMS001246,Engineering,COR03409,NER,weld_failure,A,3,8,4,0.7,True,0
TMS003323,Engineering,COR00830,NWR,alignment_deviation,C,1,0,11,5.4,True,0
TMS001304,Engineering,COR01233,CR,sleeper_defect,B,2,88,6,4.7,True,0
TMS004452,Engineering,COR02781,SR,rail_wear,C,1,2869,3,4.2,True,0
TMS001180,Engineering,COR01850,NR,alignment_deviation,C,1,1,28,3.4,True,0
TMS005448,Engineering,COR00693,WR,alignment_deviation,B,2,10,92,1.4,True,0
TMS001733,Engineering,COR04951,KR,ballast_deficiency,C,1,175,25,0.5,True,0
TMS000103,Engineering,COR01579,SER,points_crossing_wear,B,2,8,3,1.6,True,0
TDMS002299,Traction Distribution,COR02858,SWR,ohe_pole_defect,C,1,119,14,4.8,True,0
TDMS001637,Traction Distribution,COR02442,ER,ohe_wire_wear,B,2,20,17,0.5,True,0
TMS004216,Engineering,COR03085,SR,points_crossing_wear,B,2,46,40,2.7,False,0
TMS005185,Engineering,COR03048,SR,weld_failure,A,3,15,23,5.4,True,0
SMMS000426,Signal & Telecommunication,COR05128,NR,interlocking_fault,A,3,1,30,2.2,True,0
SMMS001964,Signal & Telecommunication,COR00180,ECR,axle_counter_fault,A,3,4,12,3.0,True,0
TDMS001087,Traction Distribution,COR01111,SCR,feeder_fault,A,3,25,14,2.1,True,0
TDMS001395,Traction Distribution,COR00646,SWR,tension_device_fault,C,1,224,22,3.1,True,0
TMS000466,Engineering,COR00708,WR,sleeper_defect,B,2,22,54,4.0,True,0
SMMS000380,Signal & Telecommunication,COR00491,WCR,lc_gate_interlock_fault,A,3,1,69,1.7,True,1
SMMS001196,Signal & Telecommunication,COR02032,NER,point_machine_fault,B,2,5,19,0.7,False,0
TMS003418,Engineering,COR02975,SR,rail_fracture,A,3,13,40,4.7,True,0
TMS003572,Engineering,COR00843,WR,ballast_deficiency,C,1,277,12,5.8,True,0
TMS002042,Engineering,COR04480,WCR,rail_fracture,A,3,38,35,2.5,True,0
TDMS002183,Traction Distribution,COR04979,WR,insulator_fault,B,2,22,11,3.3,True,0
TDMS002139,Traction Distribution,COR07481,NWR,earthing_fault,B,2,373,3,1.2,True,0
TMS004549,Engineering,COR03437,NER,points_crossing_wear,B,2,41,5,3.8,True,0
SMMS002657,Signal & Telecommunication,COR00671,WR,cable_fault,B,2,3,94,0.9,True,0
TDMS001634,Traction Distribution,COR05850,NWR,circuit_breaker_fault,A,3,46,3,1.0,True,0
SMMS001433,Signal & Telecommunication,COR01247,CR,cable_fault,B,2,4,4,3.4,True,0
TMS000341,Engineering,COR06988,ECR,ballast_deficiency,C,1,163,6,1.8,False,0
TMS005012,Engineering,COR03462,NCR,alignment_deviation,C,1,65,6,1.0,True,0
TMS000877,Engineering,COR02533,NR,ballast_deficiency,C,1,73,17,1.0,True,0
TDMS000106,Traction Distribution,COR04445,ECR,insulator_fault,B,2,17,13,4.1,True,0
TDMS000413,Traction Distribution,COR05004,SR,insulator_fault,B,2,120,18,4.6,True,0
TMS005260,Engineering,COR01769,WCR,alignment_deviation,C,1,225,43,2.5,True,0
SMMS002808,Signal & Telecommunication,COR00263,WCR,point_machine_fault,B,2,5,54,2.9,True,0
SMMS002580,Signal & Telecommunication,COR05584,NCR,point_machine_fault,B,2,3,6,2.2,True,0
TMS000284,Engineering,COR02838,WR,ballast_deficiency,C,1,8,95,4.2,True,0
TDMS000639,Traction Distribution,COR00482,WCR,ohe_wire_wear,B,2,36,69,2.2,True,0
SMMS001913,Signal & Telecommunication,COR03565,SER,cable_fault,B,2,29,25,2.5,True,0
TMS002732,Engineering,COR00208,NCR,alignment_deviation,C,1,14,53,0.5,False,0
TDMS001323,Traction Distribution,COR00024,WR,tension_device_fault,C,1,23,35,3.5,True,0
TDMS001416,Traction Distribution,COR05182,ECR,earthing_fault,B,2,13,17,2.8,True,0
TMS001002,Engineering,COR02892,WCR,sleeper_defect,C,1,226,32,3.9,True,0
TMS002908,Engineering,COR00738,NER,ballast_deficiency,C,1,14,17,4.2,True,0
TMS001293,Engineering,COR02083,SWR,ballast_deficiency,C,1,13,25,4.0,True,0
TDMS001011,Traction Distribution,COR03932,WR,insulator_fault,B,2,20,23,2.0,True,0
TMS001607,Engineering,COR00547,SR,weld_failure,A,3,3,35,4.5,True,0
SMMS001379,Signal & Telecommunication,COR04922,CR,axle_counter_fault,A,3,1,25,2.2,True,0
SMMS002813,Signal & Telecommunication,COR02972,SR,axle_counter_fault,A,3,1,40,1.5,True,1
TMS000305,Engineering,COR04848,SCR,formation_defect,C,1,7,11,5.6,True,0
TMS000442,Engineering,COR05269,SCR,sleeper_defect,B,2,3,4,1.0,True,0
TMS004334,Engineering,COR05428,NR,formation_defect,B,2,258,11,5.6,True,0
TMS002111,Engineering,COR02270,ECR,sleeper_defect,B,2,3,16,3.6,True,0
TDMS000815,Traction Distribution,COR03737,SR,insulator_fault,B,2,77,7,3.1,True,0
TMS000386,Engineering,COR01674,WCR,formation_defect,C,1,1,55,4.1,True,0
TMS005335,Engineering,COR02387,WR,alignment_deviation,C,1,4,36,4.7,True,0
SMMS000894,Signal & Telecommunication,COR02737,SR,point_machine_fault,B,2,0,18,1.4,True,0
TMS000930,Engineering,COR00263,WCR,sleeper_defect,B,2,142,54,1.6,True,1
SMMS000326,Signal & Telecommunication,COR01033,NFR,cable_fault,B,2,1,25,3.5,True,0
TDMS000613,Traction Distribution,COR01407,SR,ohe_wire_wear,B,2,68,11,0.8,True,0
TMS004900,Engineering,COR03390,NR,rail_fracture,A,3,54,1,3.6,True,0
SMMS001512,Signal & Telecommunication,COR00489,WCR,cable_fault,B,2,5,69,1.9,True,0
TDMS000004,Traction Distribution,COR00746,NER,tension_device_fault,C,1,18,16,2.2,True,0
TMS001561,Engineering,COR00854,SCR,points_crossing_wear,B,2,234,26,4.2,True,1
TMS000957,Engineering,COR02395,WR,alignment_deviation,C,1,15,35,5.5,False,0
TDMS002050,Traction Distribution,COR05742,SR,circuit_breaker_fault,A,3,3,10,3.2,True,0
TMS005286,Engineering,COR01625,SWR,sleeper_defect,B,2,13,32,4.2,True,0
SMMS002258,Signal & Telecommunication,COR01896,SCR,cable_fault,B,2,4,66,2.9,True,0
TDMS001650,Traction Distribution,COR02409,WR,ohe_pole_defect,C,1,101,20,1.9,True,0
TDMS000995,Traction Distribution,COR02814,WR,insulator_fault,B,2,174,92,4.8,True,1
TMS002858,Engineering,COR01421,SECR,weld_failure,A,3,1,4,4.9,True,0
TMS000677,Engineering,COR02130,SCR,ballast_deficiency,C,1,2750,20,3.6,False,0
TMS005900,Engineering,COR03897,NR,alignment_deviation,C,1,19,16,2.4,True,0
SMMS000090,Signal & Telecommunication,COR06201,SECR,cable_fault,B,2,6,5,2.4,True,0
TMS001600,Engineering,COR00266,WCR,weld_failure,A,3,13,54,5.6,True,0
TMS000257,Engineering,COR02212,NWR,weld_failure,A,3,15,26,5.7,True,0
TDMS002007,Traction Distribution,COR06391,NER,earthing_fault,B,2,6,22,1.7,True,0
TMS005784,Engineering,COR06714,NR,weld_failure,A,3,3044,6,0.9,True,1
TMS004709,Engineering,COR04813,ECR,ballast_deficiency,C,1,256,10,0.6,True,0
TMS001242,Engineering,COR08383,NR,formation_defect,B,2,3,1,3.9,True,0
SMMS002868,Signal & Telecommunication,COR00271,WCR,point_machine_fault,B,2,5,68,3.6,True,0
SMMS002026,Signal & Telecommunication,COR01007,NFR,point_machine_fault,B,2,106,19,3.9,True,0
TDMS001238,Traction Distribution,COR00696,WR,circuit_breaker_fault,A,3,14,92,3.9,True,1
SMMS001947,Signal & Telecommunication,COR02814,WR,point_machine_fault,B,2,3,92,2.2,True,0
SMMS001295,Signal & Telecommunication,COR00293,CR,signal_failure,A,3,5,68,3.1,True,1
TMS005982,Engineering,COR03071,SR,alignment_deviation,C,1,54,4,2.5,True,0
TMS002946,Engineering,COR03063,SR,points_crossing_wear,A,3,41,17,0.9,False,0
TMS003590,Engineering,COR06753,SWR,weld_failure,A,3,4,7,1.3,True,0
SMMS002467,Signal & Telecommunication,COR05098,NCR,point_machine_fault,B,2,4,11,1.2,True,0
TMS004594,Engineering,COR00614,SCR,points_crossing_wear,B,2,176,67,5.8,True,1
SMMS002743,Signal & Telecommunication,COR05833,NFR,cable_fault,B,2,5,5,3.4,True,0
TMS000202,Engineering,COR03112,NR,formation_defect,B,2,7,6,1.7,False,0
TMS001684,Engineering,COR02406,WR,alignment_deviation,C,1,52,26,0.7,True,0
TDMS000564,Traction Distribution,COR01952,SCR,earthing_fault,B,2,106,22,4.8,True,0
TDMS000450,Traction Distribution,COR00561,NR,ohe_pole_defect,C,1,120,26,4.4,True,0
SMMS002336,Signal & Telecommunication,COR02894,CR,axle_counter_fault,A,3,2,34,2.8,True,0
SMMS001842,Signal & Telecommunication,COR00869,SCR,point_machine_fault,B,2,2,20,2.0,True,0
TMS002447,Engineering,COR00068,NWR,ballast_deficiency,C,1,76,30,2.5,True,0
TMS001591,Engineering,COR01027,NFR,sleeper_defect,B,2,175,22,0.9,True,0
SMMS000550,Signal & Telecommunication,COR01863,NR,point_machine_fault,B,2,0,37,2.9,True,0
TMS003452,Engineering,COR03660,SCR,sleeper_defect,B,2,7,15,2.3,True,0
TMS000872,Engineering,COR05125,NR,ballast_deficiency,C,1,7,6,3.5,True,0
TMS001791,Engineering,COR04609,NFR,weld_failure,A,3,32,15,5.3,True,0
SMMS000816,Signal & Telecommunication,COR00540,SR,block_instrument_fault,B,2,5,35,2.1,True,0
TMS000566,Engineering,COR06779,NWR,rail_fracture,A,3,15,8,0.5,False,0
SMMS000257,Signal & Telecommunication,COR00314,SER,point_machine_fault,B,2,6,23,1.5,True,0
TMS004572,Engineering,COR00234,WCR,formation_defect,B,2,4,58,2.4,True,0
TMS005110,Engineering,COR06907,ER,alignment_deviation,C,1,87,8,3.6,False,0
TMS003529,Engineering,COR01150,SWR,sleeper_defect,B,2,2015,26,1.9,False,1
TMS004965,Engineering,COR02112,SWR,sleeper_defect,B,2,5,25,5.7,True,0
TMS004647,Engineering,COR03826,NFR,weld_failure,A,3,0,19,1.6,True,0
TMS004958,Engineering,COR00057,WR,weld_failure,A,3,5,31,1.4,True,0
TDMS001712,Traction Distribution,COR04137,SR,earthing_fault,B,2,75,41,2.6,True,0
TDMS000195,Traction Distribution,COR06140,WR,ohe_pole_defect,C,1,9,9,1.1,True,0
TDMS001187,Traction Distribution,COR01878,SCR,ohe_wire_wear,B,2,71,62,1.4,True,0
TMS000329,Engineering,COR01144,SWR,weld_failure,A,3,360,17,4.9,True,1
TDMS001553,Traction Distribution,COR03932,WR,insulator_fault,B,2,3,23,2.8,True,0
TMS002430,Engineering,COR01213,SCR,rail_wear,C,1,0,10,0.6,True,0
TDMS001389,Traction Distribution,COR02666,NR,ohe_wire_wear,B,2,68,7,4.9,True,0
SMMS000337,Signal & Telecommunication,COR00697,WR,cable_fault,B,2,10,92,1.2,True,0
TDMS001254,Traction Distribution,COR06004,NWR,circuit_breaker_fault,A,3,79,9,2.2,True,0
TMS001862,Engineering,COR02354,NWR,ballast_deficiency,C,1,10,13,1.4,False,0
SMMS001580,Signal & Telecommunication,COR05727,SR,cable_fault,B,2,1,10,1.6,True,0
TMS001780,Engineering,COR02438,ER,alignment_deviation,C,1,4,16,5.5,True,0
TMS005316,Engineering,COR01456,WR,formation_defect,B,2,8,6,0.9,False,0
SMMS001954,Signal & Telecommunication,COR00694,WR,cable_fault,B,2,3,92,1.7,True,0
SMMS000718,Signal & Telecommunication,COR02124,SR,lc_gate_interlock_fault,A,3,15,4,3.7,False,0
SMMS002650,Signal & Telecommunication,COR01546,CR,point_machine_fault,B,2,4,22,0.5,True,0
TMS005465,Engineering,COR06907,ER,sleeper_defect,B,2,32,8,2.2,True,0
TMS004509,Engineering,COR04320,SR,points_crossing_wear,B,2,12,13,3.3,True,0
TMS000768,Engineering,COR02196,SR,sleeper_defect,B,2,4,17,5.1,True,0
TMS005371,Engineering,COR04567,NER,formation_defect,B,2,3,3,2.4,True,0
TDMS001869,Traction Distribution,COR02682,NR,tension_device_fault,C,1,4,22,0.8,True,0
SMMS001350,Signal & Telecommunication,COR00103,NWR,signal_failure,A,3,1,19,2.0,True,0
SMMS000609,Signal & Telecommunication,COR02094,SWR,axle_counter_fault,A,3,2,16,1.0,False,0
TMS002062,Engineering,COR01327,NWR,weld_failure,A,3,47,30,4.4,False,0
TMS000362,Engineering,COR01917,SCR,rail_wear,C,1,11,12,1.4,True,0
TMS004227,Engineering,COR00270,WCR,sleeper_defect,B,2,5,68,2.5,False,0
TMS000853,Engineering,COR00688,WR,weld_failure,A,3,14,90,5.2,True,1
TMS000770,Engineering,COR01890,SCR,sleeper_defect,B,2,3171,66,4.4,False,1
SMMS000297,Signal & Telecommunication,COR04544,NR,lc_gate_interlock_fault,A,3,5,38,2.3,True,1
TMS004110,Engineering,COR00636,SECR,alignment_deviation,C,1,239,9,1.0,True,0
TMS003710,Engineering,COR01951,SCR,weld_failure,A,3,13,21,3.4,True,0
SMMS002309,Signal & Telecommunication,COR01493,NR,point_machine_fault,B,2,28,6,3.7,True,0
TMS003128,Engineering,COR00242,WCR,alignment_deviation,A,3,14,54,0.9,True,1
TMS005826,Engineering,COR04078,SWR,rail_wear,C,1,14,11,5.3,True,0
TMS003984,Engineering,COR02216,NWR,rail_fracture,C,1,15,12,4.7,True,0
SMMS001762,Signal & Telecommunication,COR04126,SR,cable_fault,B,2,133,41,2.9,True,0
SMMS001596,Signal & Telecommunication,COR00457,SCR,point_machine_fault,B,2,4,18,3.4,False,0
SMMS002332,Signal & Telecommunication,COR02154,SR,signal_failure,A,3,3,70,0.6,True,1
SMMS002662,Signal & Telecommunication,COR03063,SR,interlocking_fault,A,3,21,17,3.7,False,0
TMS001903,Engineering,COR01177,CR,rail_wear,C,1,5,19,5.5,False,0
TMS003262,Engineering,COR01101,SCR,points_crossing_wear,A,3,10,14,2.1,True,0
TMS003874,Engineering,COR03060,SR,ballast_deficiency,C,1,12,17,1.3,True,0
TMS001267,Engineering,COR02292,NR,rail_fracture,A,3,2,19,3.2,True,0
TMS004343,Engineering,COR03882,NR,alignment_deviation,C,1,79,30,4.7,True,0
TMS003409,Engineering,COR02108,SWR,ballast_deficiency,C,1,12,25,2.9,True,0
TDMS001172,Traction Distribution,COR05591,SER,ohe_wire_wear,B,2,12,8,3.1,True,0
SMMS001477,Signal & Telecommunication,COR03675,CR,point_machine_fault,B,2,21,4,1.8,False,0
SMMS001870,Signal & Telecommunication,COR06132,WR,cable_fault,B,2,4,9,1.9,True,0
SMMS001415,Signal & Telecommunication,COR02837,WR,cable_fault,B,2,4,95,1.3,True,0
SMMS001440,Signal & Telecommunication,COR05599,NR,block_instrument_fault,B,2,149,17,0.7,True,0
TDMS000742,Traction Distribution,COR03277,SWR,earthing_fault,B,2,40,12,2.7,True,0
TMS001959,Engineering,COR05280,SWR,rail_wear,C,1,49,7,3.9,True,0
TMS003356,Engineering,COR02820,WR,alignment_deviation,C,1,6,90,4.4,True,0
SMMS002048,Signal & Telecommunication,COR04608,NFR,point_machine_fault,B,2,4,15,1.8,True,0
TDMS001897,Traction Distribution,COR01931,SCR,feeder_fault,A,3,12,22,4.1,True,0
TMS004333,Engineering,COR04599,NFR,sleeper_defect,B,2,0,15,2.2,True,0
TMS000973,Engineering,COR03885,NR,alignment_deviation,C,1,1,27,1.4,False,0
TMS003630,Engineering,COR03329,NR,alignment_deviation,C,1,94,15,1.5,True,0
TMS002381,Engineering,COR01318,NWR,weld_failure,A,3,23,30,3.6,True,0
TMS005301,Engineering,COR00211,NCR,formation_defect,B,2,1720,53,4.0,True,1
SMMS001346,Signal & Telecommunication,COR00223,WCR,block_instrument_fault,B,2,2,53,3.3,True,0
SMMS001352,Signal & Telecommunication,COR01195,CR,point_machine_fault,B,2,25,22,3.0,False,0
TMS000194,Engineering,COR01544,CR,rail_wear,C,1,12,22,0.7,True,0
TDMS000406,Traction Distribution,COR02986,SR,feeder_fault,A,3,80,40,2.4,True,0
TMS000345,Engineering,COR00075,NWR,ballast_deficiency,C,1,12,30,3.5,False,0
SMMS001278,Signal & Telecommunication,COR01727,NCR,cable_fault,B,2,0,54,3.6,True,0
TMS005172,Engineering,COR07948,WR,ballast_deficiency,C,1,0,2,0.7,False,0
TMS005317,Engineering,COR00048,WR,sleeper_defect,B,2,15,31,3.8,True,0
TDMS002133,Traction Distribution,COR00673,WR,tension_device_fault,C,1,114,94,3.2,True,0
SMMS001636,Signal & Telecommunication,COR00719,WR,interlocking_fault,A,3,14,51,1.4,True,0
TMS005829,Engineering,COR02839,WR,alignment_deviation,C,1,0,95,2.9,True,0
SMMS000323,Signal & Telecommunication,COR07752,WR,lc_gate_interlock_fault,A,3,0,3,1.6,True,0
TMS000917,Engineering,COR00674,WR,sleeper_defect,B,2,9,66,4.1,True,0
SMMS001447,Signal & Telecommunication,COR02869,NER,point_machine_fault,B,2,1,4,3.6,True,0
TMS002634,Engineering,COR04420,SWR,alignment_deviation,C,1,0,22,5.8,False,0
SMMS000533,Signal & Telecommunication,COR00459,SCR,signal_failure,A,3,30,18,1.2,True,0
TDMS001224,Traction Distribution,COR08555,NWR,ohe_pole_defect,C,1,120,1,1.7,True,0
TDMS002106,Traction Distribution,COR01641,SWR,ohe_pole_defect,C,1,12,27,4.2,True,0
TDMS001415,Traction Distribution,COR02954,SCR,insulator_fault,B,2,8,24,2.2,True,0
SMMS001611,Signal & Telecommunication,COR04605,NFR,signal_failure,A,3,7,15,0.6,True,0
TMS005553,Engineering,COR00091,NWR,sleeper_defect,B,2,4,30,1.2,True,0
SMMS002948,Signal & Telecommunication,COR02445,ER,point_machine_fault,B,2,0,19,1.7,True,0
TMS000117,Engineering,COR07129,ER,rail_fracture,A,3,3624,4,5.1,True,1
SMMS002703,Signal & Telecommunication,COR02819,WR,axle_counter_fault,A,3,0,90,0.7,True,0
SMMS000166,Signal & Telecommunication,COR01350,WR,lc_gate_interlock_fault,A,3,15,31,3.8,True,0
TMS000793,Engineering,COR00447,SCR,ballast_deficiency,C,1,16,16,3.1,True,0
TMS003026,Engineering,COR01180,CR,ballast_deficiency,C,1,214,22,1.7,True,0
TMS002826,Engineering,COR05432,NR,rail_fracture,A,3,115,11,4.0,True,0
TMS002554,Engineering,COR00245,WCR,alignment_deviation,C,1,1334,54,4.2,True,1
SMMS001831,Signal & Telecommunication,COR03573,SER,axle_counter_fault,A,3,8,26,2.2,True,0
TDMS001660,Traction Distribution,COR01334,NWR,tension_device_fault,C,1,81,30,3.6,True,0
TMS002458,Engineering,COR03042,SR,rail_wear,B,2,52,17,2.3,True,0
TMS003972,Engineering,COR01487,NFR,alignment_deviation,C,1,3,22,1.3,True,0
TMS002680,Engineering,COR01853,NR,sleeper_defect,B,2,164,28,2.8,True,0
TMS000336,Engineering,COR00776,NR,ballast_deficiency,C,1,6,35,1.5,True,0
TDMS001892,Traction Distribution,COR01954,SCR,tension_device_fault,C,1,49,22,0.8,True,0
TMS000451,Engineering,COR04671,KR,ballast_deficiency,C,1,94,25,2.9,True,0
TMS005180,Engineering,COR01744,WR,weld_failure,A,3,3231,16,5.3,True,1
TMS001466,Engineering,COR00675,WR,weld_failure,A,3,10,94,4.0,True,1
TMS001592,Engineering,COR05631,NWR,points_crossing_wear,B,2,223,32,5.4,True,0
SMMS001641,Signal & Telecommunication,COR04035,NER,point_machine_fault,B,2,66,33,2.0,True,0
SMMS001855,Signal & Telecommunication,COR00672,WR,lc_gate_interlock_fault,A,3,3,94,2.8,True,1
TMS003991,Engineering,COR04105,NR,weld_failure,A,3,69,11,2.8,False,0
TMS000085,Engineering,COR00621,SCR,points_crossing_wear,B,2,13,63,5.8,True,0
SMMS002934,Signal & Telecommunication,COR00091,NWR,point_machine_fault,B,2,2,30,2.5,True,0
SMMS002431,Signal & Telecommunication,COR00281,WCR,signal_failure,A,3,44,68,3.0,True,1
TMS004697,Engineering,COR05921,SCR,weld_failure,A,3,8,14,1.0,False,0
TMS003799,Engineering,COR00897,SCR,rail_fracture,A,3,11,3,1.8,True,0
TDMS001083,Traction Distribution,COR01300,NWR,earthing_fault,B,2,2,20,2.8,True,0
TMS005842,Engineering,COR04161,SR,ballast_deficiency,C,1,80,35,0.5,True,0
TMS001806,Engineering,COR05085,NR,points_crossing_wear,B,2,226,6,5.0,True,0
SMMS001741,Signal & Telecommunication,COR02062,SWR,signal_failure,A,3,1,26,3.9,True,0
TDMS000680,Traction Distribution,COR01607,SWR,insulator_fault,B,2,19,25,0.8,True,0
TMS004422,Engineering,COR05575,NR,weld_failure,A,3,156,2,4.3,True,0
TMS003609,Engineering,COR00829,NWR,alignment_deviation,A,3,4,11,4.9,True,0
TMS004730,Engineering,COR01687,WCR,sleeper_defect,B,2,226,55,3.9,True,1
TDMS001773,Traction Distribution,COR04125,NR,ohe_pole_defect,C,1,18,11,4.2,True,0
TMS001247,Engineering,COR03633,SWR,sleeper_defect,B,2,16,15,2.4,True,0
TMS002778,Engineering,COR05170,ECR,ballast_deficiency,C,1,179,9,1.9,True,0
TMS005496,Engineering,COR06373,WR,ballast_deficiency,C,1,2,10,5.9,True,0
SMMS002661,Signal & Telecommunication,COR04656,KR,block_instrument_fault,B,2,2,21,0.7,True,0
SMMS001327,Signal & Telecommunication,COR01853,NR,signal_failure,A,3,23,28,2.7,True,1
TMS000027,Engineering,COR00217,WCR,points_crossing_wear,B,2,171,53,0.9,True,1
SMMS002620,Signal & Telecommunication,COR01388,SR,signal_failure,A,3,51,18,1.0,False,0
TDMS000289,Traction Distribution,COR00446,SCR,ohe_wire_wear,B,2,5,16,4.5,True,0
TMS005206,Engineering,COR02872,NER,weld_failure,A,3,77,4,1.3,True,0
TMS000852,Engineering,COR03557,SER,rail_fracture,A,3,22,22,5.9,True,0
SMMS002167,Signal & Telecommunication,COR02161,SR,signal_failure,A,3,5,70,2.8,True,1
SMMS000315,Signal & Telecommunication,COR01922,SCR,signal_failure,A,3,30,12,3.1,True,0
TMS003669,Engineering,COR02902,SR,sleeper_defect,B,2,10,18,1.7,True,0
TMS005296,Engineering,COR04000,ER,points_crossing_wear,B,2,45,13,4.1,True,0
TMS002260,Engineering,COR01919,SCR,rail_wear,C,1,8,12,3.1,True,0
TMS002252,Engineering,COR00493,WCR,weld_failure,C,1,193,69,5.9,True,0
TMS001122,Engineering,COR02072,SWR,ballast_deficiency,C,1,28,27,4.3,True,0
TDMS000890,Traction Distribution,COR01678,WCR,tension_device_fault,C,1,18,55,1.8,True,0
TMS001430,Engineering,COR00699,WR,ballast_deficiency,C,1,265,92,2.4,True,0
TMS002954,Engineering,COR01745,WR,formation_defect,B,2,16,16,4.8,True,0
TDMS001836,Traction Distribution,COR00290,CR,ohe_wire_wear,B,2,559,68,4.7,True,1
TMS005173,Engineering,COR01715,WCR,formation_defect,B,2,58,54,2.0,True,0
TMS000197,Engineering,COR01489,NFR,weld_failure,A,3,0,13,5.8,True,0
TDMS001143,Traction Distribution,COR00284,WCR,ohe_wire_wear,B,2,19,68,2.4,True,0
TDMS001390,Traction Distribution,COR00321,SER,tension_device_fault,C,1,75,24,1.6,True,0
TMS000283,Engineering,COR03853,NFR,formation_defect,B,2,6,14,3.6,True,0
SMMS000940,Signal & Telecommunication,COR06750,SWR,axle_counter_fault,A,3,22,5,2.5,False,0
TMS000432,Engineering,COR01717,WCR,weld_failure,C,1,90,54,0.9,False,0
TDMS002266,Traction Distribution,COR02988,SR,ohe_wire_wear,B,2,10,41,2.3,True,0
TMS003553,Engineering,COR05760,SR,ballast_deficiency,C,1,20,5,5.8,False,0
SMMS001960,Signal & Telecommunication,COR07047,SECR,cable_fault,B,2,28,5,3.0,True,0
TMS000302,Engineering,COR03577,SER,alignment_deviation,C,1,18,25,1.9,True,0
TDMS000355,Traction Distribution,COR03061,SR,ohe_wire_wear,B,2,15,17,0.9,True,0
TMS001813,Engineering,COR02272,ECR,points_crossing_wear,B,2,4,16,1.4,False,0
TDMS001176,Traction Distribution,COR04102,NR,earthing_fault,B,2,7,11,5.0,True,0
TMS003176,Engineering,COR00478,CR,weld_failure,A,3,9,69,1.9,True,1
TMS002336,Engineering,COR03939,WCR,weld_failure,A,3,333,29,5.2,True,1
TMS003454,Engineering,COR02043,CR,ballast_deficiency,C,1,85,6,0.7,True,0
SMMS001129,Signal & Telecommunication,COR07297,WR,lc_gate_interlock_fault,A,3,2,2,3.1,False,0
TMS002337,Engineering,COR01749,WCR,sleeper_defect,B,2,0,30,3.0,True,0
TMS004951,Engineering,COR04902,SWR,ballast_deficiency,C,1,20,20,3.4,True,0
TMS002516,Engineering,COR00288,CR,alignment_deviation,C,1,13,68,2.5,False,0
TMS003237,Engineering,COR04790,NR,alignment_deviation,A,3,1086,8,3.5,False,1
TMS000023,Engineering,COR00893,SCR,ballast_deficiency,C,1,8,20,5.6,True,0
SMMS001791,Signal & Telecommunication,COR01644,SWR,interlocking_fault,A,3,0,29,1.8,True,0
TMS005477,Engineering,COR02658,NR,alignment_deviation,C,1,131,3,1.4,True,0
TMS000106,Engineering,COR00717,WR,ballast_deficiency,C,1,33,53,4.0,True,0
SMMS000720,Signal & Telecommunication,COR01692,WCR,cable_fault,B,2,2,53,1.8,True,0
TDMS001495,Traction Distribution,COR04555,NR,ohe_wire_wear,B,2,18,37,0.7,True,0
TDMS002468,Traction Distribution,COR01469,NFR,tension_device_fault,C,1,19,25,2.1,True,0
TDMS000858,Traction Distribution,COR01325,NWR,ohe_wire_wear,B,2,34,30,1.6,True,0
TMS003789,Engineering,COR00501,WR,sleeper_defect,B,2,53,9,5.2,False,0
SMMS002966,Signal & Telecommunication,COR02589,KR,point_machine_fault,B,2,5,22,0.6,True,0
SMMS002926,Signal & Telecommunication,COR01457,WR,cable_fault,B,2,0,13,0.9,True,0
TMS005825,Engineering,COR01674,WCR,rail_wear,C,1,372,55,1.7,False,1
TMS000181,Engineering,COR03566,SER,ballast_deficiency,C,1,39,25,5.5,True,0
SMMS001388,Signal & Telecommunication,COR06529,NR,cable_fault,B,2,1,10,3.7,True,0
TMS002060,Engineering,COR04911,SWR,alignment_deviation,C,1,9,20,1.9,False,0
TMS005213,Engineering,COR05058,SWR,alignment_deviation,C,1,10,15,3.0,True,0
TMS003088,Engineering,COR00287,CR,rail_fracture,A,3,3,68,0.7,True,0
SMMS001555,Signal & Telecommunication,COR02741,SR,cable_fault,B,2,1,18,3.1,True,0
TMS003821,Engineering,COR00487,WCR,sleeper_defect,B,2,1,69,5.3,True,0
SMMS000421,Signal & Telecommunication,COR02381,WR,block_instrument_fault,B,2,4,26,2.4,True,0
SMMS002555,Signal & Telecommunication,COR02230,SWR,axle_counter_fault,A,3,3,21,2.0,True,0
TDMS001267,Traction Distribution,COR01231,CR,insulator_fault,B,2,18,6,1.4,True,0
TMS001543,Engineering,COR01403,SR,sleeper_defect,B,2,63,11,5.1,True,0
SMMS001164,Signal & Telecommunication,COR04884,SCR,signal_failure,A,3,17,7,1.7,True,0
SMMS001410,Signal & Telecommunication,COR02723,NER,signal_failure,A,3,6,12,3.1,True,0
TMS000966,Engineering,COR01382,SR,alignment_deviation,C,1,84,7,5.2,True,0
TMS004406,Engineering,COR05986,NR,points_crossing_wear,B,2,69,8,5.7,True,0
TMS003680,Engineering,COR00299,SWR,sleeper_defect,B,2,46,3,1.9,True,0
TMS001348,Engineering,COR06466,ECR,formation_defect,B,2,65,2,5.8,True,0
TMS004592,Engineering,COR04156,SR,alignment_deviation,A,3,4,20,5.4,True,0
SMMS002505,Signal & Telecommunication,COR03091,SR,point_machine_fault,B,2,5,40,0.6,True,0
SMMS001503,Signal & Telecommunication,COR02891,WCR,point_machine_fault,B,2,3,32,1.5,True,0
TMS001264,Engineering,COR03619,SWR,formation_defect,B,2,75,14,5.5,True,0
TDMS001448,Traction Distribution,COR01101,SCR,earthing_fault,B,2,45,14,1.5,True,0
TDMS002068,Traction Distribution,COR01728,NCR,ohe_wire_wear,B,2,16,54,4.1,True,0
TMS000425,Engineering,COR05400,NCR,formation_defect,B,2,15,11,5.9,True,0
SMMS002272,Signal & Telecommunication,COR00035,WR,cable_fault,B,2,124,36,1.1,True,0
TMS004402,Engineering,COR00651,SWR,ballast_deficiency,C,1,9,22,5.6,True,0
SMMS002441,Signal & Telecommunication,COR03906,NR,cable_fault,B,2,1,22,1.3,True,0
TMS004783,Engineering,COR01868,NR,points_crossing_wear,B,2,7,37,4.6,False,0
TMS001272,Engineering,COR05752,SR,points_crossing_wear,B,2,84,5,1.5,True,0
TMS005008,Engineering,COR00143,NR,weld_failure,A,3,33,36,1.3,True,0
TDMS000020,Traction Distribution,COR00070,NWR,ohe_wire_wear,B,2,21,30,1.6,True,0
TMS002398,Engineering,COR00276,WCR,sleeper_defect,C,1,65,68,3.1,True,0
TMS002935,Engineering,COR00155,NR,rail_wear,C,1,9,36,2.8,False,0
TDMS002487,Traction Distribution,COR01677,WCR,ohe_pole_defect,C,1,333,55,1.7,True,1
TDMS000382,Traction Distribution,COR05002,SR,ohe_wire_wear,B,2,98,13,2.8,True,0
TMS001941,Engineering,COR00209,NCR,points_crossing_wear,B,2,2,53,4.2,True,0
TMS003879,Engineering,COR02688,NR,alignment_deviation,C,1,76,14,2.0,True,0
TMS004956,Engineering,COR01817,NWR,alignment_deviation,C,1,0,7,5.6,True,0
TDMS000507,Traction Distribution,COR01001,NFR,ohe_pole_defect,C,1,20,19,3.0,True,0
TDMS000928,Traction Distribution,COR06807,NWR,ohe_wire_wear,B,2,11,4,3.2,True,0
TMS003056,Engineering,COR02885,NR,alignment_deviation,C,1,12,61,1.7,True,0
TMS004674,Engineering,COR03272,NCR,ballast_deficiency,C,1,5,14,4.1,True,0
TMS001024,Engineering,COR00484,WCR,rail_wear,C,1,0,69,2.5,True,0
TDMS001480,Traction Distribution,COR03419,WR,ohe_pole_defect,C,1,453,6,1.2,True,0
TMS004433,Engineering,COR03297,SWR,alignment_deviation,C,1,15,10,2.5,True,0
SMMS000798,Signal & Telecommunication,COR05073,NWR,signal_failure,A,3,1,10,1.7,True,0
SMMS002814,Signal & Telecommunication,COR00639,SER,lc_gate_interlock_fault,A,3,3,4,1.9,True,0
TDMS000251,Traction Distribution,COR01634,SWR,insulator_fault,B,2,92,27,4.4,True,0
TMS004512,Engineering,COR04319,SR,rail_fracture,A,3,3,13,1.0,True,0
SMMS002062,Signal & Telecommunication,COR00276,WCR,block_instrument_fault,B,2,4,68,0.9,True,0
TDMS001523,Traction Distribution,COR02065,SWR,ohe_pole_defect,C,1,48,27,5.0,True,0
TMS001608,Engineering,COR01511,CR,ballast_deficiency,C,1,13,19,4.2,True,0
TMS001237,Engineering,COR04907,SWR,points_crossing_wear,B,2,31,20,4.1,True,0
TMS001370,Engineering,COR00482,WCR,rail_wear,B,2,55,69,3.9,False,1
TMS002485,Engineering,COR01683,WCR,rail_wear,C,1,5,55,1.8,True,0
SMMS001814,Signal & Telecommunication,COR04977,WR,signal_failure,A,3,0,11,1.3,True,0
TMS005767,Engineering,COR01589,ECR,weld_failure,A,3,45,11,4.0,True,0
TDMS000964,Traction Distribution,COR00687,WR,ohe_wire_wear,B,2,9,90,0.8,True,0
SMMS001040,Signal & Telecommunication,COR04822,WR,block_instrument_fault,B,2,0,2,2.3,True,0
TMS002263,Engineering,COR04067,SWR,sleeper_defect,B,2,2,9,2.9,True,0
TMS004024,Engineering,COR00544,SR,sleeper_defect,B,2,10,35,0.7,True,0
TDMS001728,Traction Distribution,COR00933,SWR,earthing_fault,B,2,76,41,3.7,True,0
TMS004622,Engineering,COR03329,NR,alignment_deviation,C,1,13,15,5.9,True,0
TMS001719,Engineering,COR02970,SR,weld_failure,A,3,0,40,3.3,False,0
TDMS000088,Traction Distribution,COR01881,SCR,ohe_pole_defect,C,1,2,62,4.9,True,0
TMS000438,Engineering,COR04142,SR,rail_wear,C,1,25,35,1.9,True,0
TMS005785,Engineering,COR01138,NR,ballast_deficiency,C,1,58,8,3.2,True,0
SMMS000396,Signal & Telecommunication,COR03579,SER,block_instrument_fault,B,2,2,21,0.9,True,0
TDMS002288,Traction Distribution,COR06554,NFR,ohe_wire_wear,B,2,19,5,1.8,True,0
SMMS001825,Signal & Telecommunication,COR06256,SCR,cable_fault,B,2,13,16,3.9,True,0
TMS004818,Engineering,COR03597,NWR,points_crossing_wear,B,2,8,6,4.0,False,0
TDMS001889,Traction Distribution,COR06135,WR,ohe_wire_wear,B,2,45,9,2.0,True,0
SMMS002575,Signal & Telecommunication,COR01196,CR,lc_gate_interlock_fault,A,3,5,22,2.4,True,0
TMS001705,Engineering,COR08386,WR,rail_fracture,A,3,30,1,3.8,False,0
TMS005697,Engineering,COR00441,SCR,ballast_deficiency,C,1,364,17,1.0,True,0
SMMS002321,Signal & Telecommunication,COR00629,SCR,cable_fault,B,2,27,63,1.8,True,0
TMS003461,Engineering,COR05923,WCR,rail_wear,C,1,1,2,2.6,True,0
TMS003805,Engineering,COR02832,WR,alignment_deviation,C,1,1563,95,2.9,True,1
TDMS002116,Traction Distribution,COR06220,NFR,feeder_fault,A,3,83,4,4.6,True,0
TDMS001169,Traction Distribution,COR01155,CR,ohe_wire_wear,B,2,75,49,2.9,True,0
TMS001004,Engineering,COR05138,ECR,rail_wear,C,1,64,11,3.9,True,0
TMS001734,Engineering,COR02378,WR,points_crossing_wear,B,2,1,35,4.7,True,0
TMS001616,Engineering,COR06872,NR,points_crossing_wear,B,2,2270,5,0.6,True,1
TMS003999,Engineering,COR00478,CR,ballast_deficiency,C,1,17,69,1.6,True,0
SMMS002690,Signal & Telecommunication,COR01052,NFR,block_instrument_fault,B,2,128,4,3.7,True,0
TMS004062,Engineering,COR03537,NER,alignment_deviation,C,1,3,3,4.2,True,0
TDMS000354,Traction Distribution,COR01782,SWR,ohe_wire_wear,B,2,135,30,0.9,True,0
SMMS000501,Signal & Telecommunication,COR02816,WR,axle_counter_fault,A,3,5,92,3.3,True,0
SMMS001644,Signal & Telecommunication,COR04665,KR,signal_failure,A,3,6,24,2.8,True,0
TDMS001591,Traction Distribution,COR02963,KR,tension_device_fault,C,1,19,22,3.3,True,0
TDMS000188,Traction Distribution,COR03651,SCR,tension_device_fault,C,1,42,14,0.6,True,0
TDMS000465,Traction Distribution,COR01801,NR,ohe_pole_defect,C,1,64,10,3.3,True,0
SMMS002382,Signal & Telecommunication,COR00692,WR,cable_fault,B,2,1,92,1.4,True,0
TMS005417,Engineering,COR04315,SR,points_crossing_wear,B,2,62,13,2.2,False,0
SMMS001544,Signal & Telecommunication,COR00706,WR,point_machine_fault,B,2,5,54,2.7,True,0
SMMS002469,Signal & Telecommunication,COR04152,SR,cable_fault,B,2,2,20,3.0,True,0
TMS005306,Engineering,COR04857,NCR,alignment_deviation,C,1,2214,4,4.1,True,0
SMMS001558,Signal & Telecommunication,COR02997,SR,cable_fault,B,2,0,41,3.9,True,0
SMMS000433,Signal & Telecommunication,COR04360,ECR,block_instrument_fault,B,2,1,11,1.5,True,0
TDMS000244,Traction Distribution,COR07346,ECR,circuit_breaker_fault,A,3,340,3,4.3,True,1
SMMS001886,Signal & Telecommunication,COR00275,WCR,interlocking_fault,A,3,4,68,3.9,True,0
TMS002618,Engineering,COR01677,WCR,sleeper_defect,B,2,2,55,5.8,True,0
SMMS002107,Signal & Telecommunication,COR02968,SR,point_machine_fault,B,2,105,40,1.2,True,0
TMS004162,Engineering,COR03698,SER,rail_wear,C,1,3309,24,4.0,True,0
SMMS001656,Signal & Telecommunication,COR03060,SR,cable_fault,B,2,5,17,1.2,True,0
TMS005363,Engineering,COR01706,WCR,sleeper_defect,B,2,38,58,5.3,True,0
SMMS002094,Signal & Telecommunication,COR02885,NR,cable_fault,B,2,2,61,1.8,True,0
TDMS001131,Traction Distribution,COR01666,NFR,insulator_fault,B,2,77,2,2.9,True,0
SMMS000924,Signal & Telecommunication,COR02111,SWR,signal_failure,A,3,0,25,1.4,True,0
SMMS002210,Signal & Telecommunication,COR00717,WR,block_instrument_fault,B,2,4,53,1.3,True,0
TMS001706,Engineering,COR00867,SCR,sleeper_defect,B,2,49,17,3.8,False,0
TMS004841,Engineering,COR04804,NCR,alignment_deviation,C,1,74,10,4.7,True,0
TMS001186,Engineering,COR03865,ER,sleeper_defect,B,2,311,6,5.9,True,0
TDMS000272,Traction Distribution,COR01484,NFR,circuit_breaker_fault,A,3,15,22,1.9,True,0
SMMS000547,Signal & Telecommunication,COR01624,SWR,point_machine_fault,B,2,1,32,2.1,True,0
TMS000756,Engineering,COR02101,SWR,weld_failure,A,3,8,26,5.9,True,0
SMMS001214,Signal & Telecommunication,COR00965,NFR,axle_counter_fault,A,3,19,11,3.1,True,0
TMS004061,Engineering,COR04981,WR,rail_wear,C,1,0,14,1.4,True,0
TDMS000674,Traction Distribution,COR03063,SR,circuit_breaker_fault,A,3,260,17,2.8,True,1
SMMS000543,Signal & Telecommunication,COR00191,ECR,cable_fault,B,2,4,15,2.5,True,0
TMS002403,Engineering,COR06088,NFR,rail_wear,C,1,5,4,3.6,True,0
TDMS001589,Traction Distribution,COR01654,SWR,ohe_wire_wear,B,2,18,28,2.4,True,0
TDMS002126,Traction Distribution,COR06070,NER,tension_device_fault,C,1,9,9,2.9,True,0
TMS005022,Engineering,COR05624,CR,ballast_deficiency,C,1,15,12,0.6,True,0
SMMS000450,Signal & Telecommunication,COR00022,WR,interlocking_fault,A,3,24,35,1.4,False,0
SMMS000322,Signal & Telecommunication,COR01721,NCR,cable_fault,B,2,18,54,0.9,True,0
TMS002587,Engineering,COR02810,WR,formation_defect,B,2,45,87,4.8,True,0
TMS000909,Engineering,COR06644,ER,sleeper_defect,B,2,2,5,1.3,True,0
TMS002079,Engineering,COR00592,ECR,alignment_deviation,C,1,12,16,4.6,True,0
TMS004325,Engineering,COR02457,ER,ballast_deficiency,C,1,3,12,1.3,True,0
TDMS001756,Traction Distribution,COR01730,NR,ohe_pole_defect,C,1,103,34,4.9,True,0
SMMS001839,Signal & Telecommunication,COR02902,SR,interlocking_fault,A,3,2,18,1.2,True,0
TMS002734,Engineering,COR05340,WR,points_crossing_wear,B,2,45,5,4.4,True,0
SMMS000967,Signal & Telecommunication,COR06612,NR,block_instrument_fault,B,2,4,6,1.4,True,0
TMS002510,Engineering,COR05138,ECR,rail_wear,C,1,160,11,1.3,True,0
TMS005438,Engineering,COR00328,NER,alignment_deviation,C,1,15,4,6.0,True,0
TDMS000337,Traction Distribution,COR03267,NCR,tension_device_fault,C,1,15,14,4.7,True,0
SMMS001533,Signal & Telecommunication,COR03615,SWR,interlocking_fault,A,3,5,18,1.7,True,0
TMS004849,Engineering,COR04683,KR,formation_defect,B,2,2,26,1.5,True,0
TDMS001623,Traction Distribution,COR01898,SCR,ohe_pole_defect,C,1,15,66,0.8,True,0
SMMS001265,Signal & Telecommunication,COR01715,WCR,point_machine_fault,B,2,5,54,1.2,True,0
TMS003354,Engineering,COR02407,WR,alignment_deviation,C,1,4,23,5.2,False,0
TMS001593,Engineering,COR01486,NFR,formation_defect,B,2,82,22,3.8,False,0
TMS003382,Engineering,COR04144,SR,sleeper_defect,B,2,90,35,3.2,True,0
TMS003547,Engineering,COR00026,WR,alignment_deviation,C,1,1,35,1.4,True,0
TDMS001884,Traction Distribution,COR04888,SCR,ohe_pole_defect,C,1,45,3,3.1,True,0
TMS000097,Engineering,COR00545,SR,sleeper_defect,B,2,12,35,2.3,True,0
TMS003754,Engineering,COR01878,SCR,alignment_deviation,A,3,4,62,2.9,False,1
TMS002059,Engineering,COR03488,NR,sleeper_defect,B,2,10,14,3.4,True,0
TMS000864,Engineering,COR01688,WCR,formation_defect,B,2,8,55,5.6,True,0
TMS005716,Engineering,COR04158,SR,ballast_deficiency,C,1,68,35,2.7,True,0
TMS005849,Engineering,COR04150,SR,alignment_deviation,C,1,4,35,1.2,True,0
TMS002165,Engineering,COR00834,NWR,formation_defect,B,2,2150,11,3.3,False,1
SMMS000147,Signal & Telecommunication,COR03696,SER,lc_gate_interlock_fault,A,3,148,24,2.1,True,1
TDMS000178,Traction Distribution,COR05634,NWR,ohe_wire_wear,B,2,52,32,1.7,True,0
TDMS002338,Traction Distribution,COR01329,NWR,ohe_pole_defect,C,1,53,30,0.9,True,0
SMMS001143,Signal & Telecommunication,COR06906,ER,lc_gate_interlock_fault,A,3,3,8,1.6,True,0
SMMS000736,Signal & Telecommunication,COR04980,WR,interlocking_fault,A,3,0,11,0.6,True,0
TMS001239,Engineering,COR00677,WR,sleeper_defect,B,2,1203,94,1.6,True,1
TMS004987,Engineering,COR01934,SCR,sleeper_defect,B,2,12,22,3.3,True,0
TDMS001696,Traction Distribution,COR02188,SWR,ohe_wire_wear,B,2,117,20,4.0,True,0
TDMS000470,Traction Distribution,COR03159,NFR,tension_device_fault,C,1,103,5,2.0,True,0
TMS003670,Engineering,COR01722,NCR,alignment_deviation,C,1,2,54,4.3,False,0
SMMS000913,Signal & Telecommunication,COR04879,SCR,axle_counter_fault,A,3,4,7,1.2,True,0
TMS000741,Engineering,COR01367,WR,alignment_deviation,C,1,51,34,5.7,True,0
TMS002968,Engineering,COR00821,NWR,alignment_deviation,C,1,245,11,0.6,True,0
SMMS000386,Signal & Telecommunication,COR03942,WCR,interlocking_fault,A,3,2,30,1.3,True,0
TMS005819,Engineering,COR05433,NR,points_crossing_wear,B,2,12,11,2.0,True,0
TDMS001016,Traction Distribution,COR00365,WR,tension_device_fault,C,1,16,13,1.3,True,0
SMMS000440,Signal & Telecommunication,COR03788,SCR,cable_fault,B,2,0,3,3.2,False,0
SMMS001610,Signal & Telecommunication,COR04704,CR,signal_failure,A,3,20,25,2.4,True,0
SMMS000401,Signal & Telecommunication,COR00726,WR,cable_fault,B,2,20,23,1.2,True,0
TMS000291,Engineering,COR00454,SCR,alignment_deviation,C,1,13,17,5.5,False,0
TMS005140,Engineering,COR01351,WR,ballast_deficiency,C,1,47,31,5.8,False,0
TMS002194,Engineering,COR01228,CR,points_crossing_wear,B,2,2,6,0.9,False,0
SMMS001877,Signal & Telecommunication,COR00698,WR,signal_failure,A,3,5,92,2.0,True,0
TMS001723,Engineering,COR01673,WCR,sleeper_defect,B,2,10,55,0.6,True,0
TMS000219,Engineering,COR02795,WR,weld_failure,A,3,4,51,3.4,True,1
TMS005585,Engineering,COR02816,WR,ballast_deficiency,C,1,3,92,0.9,True,0
SMMS000540,Signal & Telecommunication,COR02818,WR,point_machine_fault,B,2,4,92,2.5,True,0
TDMS000060,Traction Distribution,COR05917,WR,earthing_fault,B,2,5,3,1.9,True,0
SMMS000516,Signal & Telecommunication,COR01361,WR,block_instrument_fault,B,2,5,37,0.8,True,0
SMMS000015,Signal & Telecommunication,COR06521,NR,block_instrument_fault,B,2,19,13,2.8,True,0
TMS005752,Engineering,COR04553,NR,rail_wear,C,1,14,37,1.5,False,0
SMMS001128,Signal & Telecommunication,COR02799,WR,cable_fault,B,2,2,53,3.3,True,0
TMS002001,Engineering,COR06381,SR,points_crossing_wear,B,2,28,9,3.3,False,0
TMS002911,Engineering,COR02831,WR,weld_failure,A,3,397,95,0.8,True,1
TMS000041,Engineering,COR01753,WCR,rail_wear,C,1,150,29,5.8,True,0
TMS002957,Engineering,COR00294,CR,rail_wear,C,1,7,68,2.3,True,0
TMS004231,Engineering,COR01343,NWR,alignment_deviation,C,1,11,30,4.3,False,0
SMMS001329,Signal & Telecommunication,COR00754,KR,cable_fault,B,2,3,12,4.0,True,0
TDMS000879,Traction Distribution,COR00692,WR,ohe_pole_defect,C,1,5,92,3.8,True,0
SMMS002074,Signal & Telecommunication,COR01486,NFR,point_machine_fault,B,2,5,22,3.0,True,0
TDMS001362,Traction Distribution,COR00371,NER,ohe_wire_wear,B,2,144,21,2.5,True,0
TMS002452,Engineering,COR01954,SCR,ballast_deficiency,C,1,10,22,0.7,True,0
TMS005566,Engineering,COR04329,SR,alignment_deviation,C,1,18,15,1.3,True,0
TMS003558,Engineering,COR02444,ER,points_crossing_wear,B,2,10,19,0.8,True,0
TMS005607,Engineering,COR01596,SWR,points_crossing_wear,B,2,1,25,0.8,True,0
SMMS000105,Signal & Telecommunication,COR02610,SWR,point_machine_fault,B,2,2,2,2.0,True,0
SMMS002782,Signal & Telecommunication,COR03694,SER,cable_fault,B,2,2,23,3.7,True,0
TMS001386,Engineering,COR01413,SR,sleeper_defect,B,2,79,15,3.9,True,0
TMS005658,Engineering,COR01843,NR,sleeper_defect,B,2,188,28,1.1,True,0
TDMS000434,Traction Distribution,COR03717,SWR,ohe_wire_wear,B,2,59,4,1.9,True,0
SMMS002584,Signal & Telecommunication,COR01992,NR,signal_failure,A,3,3,7,2.2,True,0
TMS002275,Engineering,COR03936,WCR,ballast_deficiency,C,1,14,23,2.5,True,0
TMS000053,Engineering,COR01971,WR,alignment_deviation,C,1,15,10,2.9,True,0
SMMS000489,Signal & Telecommunication,COR02191,SWR,block_instrument_fault,B,2,0,20,3.7,False,0
TMS005773,Engineering,COR00266,WCR,formation_defect,B,2,2,54,0.8,True,0
TMS004813,Engineering,COR01362,WR,ballast_deficiency,C,1,1,35,4.1,True,0
TMS001404,Engineering,COR04868,NWR,rail_fracture,A,3,58,8,2.7,True,0
SMMS000302,Signal & Telecommunication,COR05907,ER,interlocking_fault,A,3,0,5,0.8,True,0
TDMS001633,Traction Distribution,COR01637,SWR,ohe_pole_defect,C,1,89,27,3.0,True,0
TDMS002350,Traction Distribution,COR02153,SR,ohe_wire_wear,B,2,24,70,2.3,True,0
TMS004564,Engineering,COR03086,SR,points_crossing_wear,B,2,39,40,0.9,True,0
SMMS002254,Signal & Telecommunication,COR08126,SR,block_instrument_fault,B,2,3,5,2.3,True,0
TMS002753,Engineering,COR01758,WCR,formation_defect,B,2,1064,43,2.7,True,1
SMMS002060,Signal & Telecommunication,COR01033,NFR,cable_fault,B,2,0,25,3.9,True,0
SMMS001316,Signal & Telecommunication,COR00288,CR,point_machine_fault,B,2,5,68,1.7,True,0
TDMS001819,Traction Distribution,COR01682,WCR,insulator_fault,B,2,3,55,2.1,True,0
SMMS002978,Signal & Telecommunication,COR02546,SECR,point_machine_fault,B,2,5,5,0.6,True,0
TMS003894,Engineering,COR01154,CR,alignment_deviation,C,1,6,49,4.2,True,0
TMS003520,Engineering,COR02982,SR,alignment_deviation,C,1,3450,40,5.1,True,1
TMS003801,Engineering,COR03252,WCR,rail_fracture,A,3,8,42,5.9,True,1
TMS005657,Engineering,COR03599,NWR,ballast_deficiency,C,1,6,6,2.6,False,0
TMS005039,Engineering,COR04290,SER,formation_defect,B,2,81,20,1.7,True,0
TMS004637,Engineering,COR01650,SWR,sleeper_defect,B,2,5,29,4.0,True,0
SMMS001155,Signal & Telecommunication,COR04085,SWR,point_machine_fault,B,2,1,11,2.7,True,0
TMS005674,Engineering,COR02157,SR,points_crossing_wear,B,2,9,70,3.5,True,0
TMS004906,Engineering,COR04216,NR,formation_defect,B,2,4,7,1.2,True,0
TMS005912,Engineering,COR02339,WR,rail_wear,C,1,5,11,2.3,False,0
TDMS000540,Traction Distribution,COR01403,SR,ohe_wire_wear,B,2,42,11,3.2,True,0
TDMS000565,Traction Distribution,COR04706,CR,ohe_wire_wear,B,2,25,25,5.0,True,0
TMS003047,Engineering,COR00286,CR,rail_fracture,A,3,15,68,3.9,True,1
TMS005851,Engineering,COR01708,WCR,alignment_deviation,C,1,325,58,4.2,True,1
TMS005964,Engineering,COR05610,SER,rail_wear,C,1,3,7,5.8,True,0
SMMS000247,Signal & Telecommunication,COR02890,WCR,block_instrument_fault,B,2,8,34,3.1,True,0
SMMS001184,Signal & Telecommunication,COR00779,NWR,signal_failure,A,3,5,26,3.2,True,0
TDMS001982,Traction Distribution,COR02538,NR,insulator_fault,B,2,15,17,4.3,True,0
TMS004300,Engineering,COR00446,SCR,formation_defect,B,2,89,16,5.6,False,0
TMS002515,Engineering,COR07314,SCR,weld_failure,A,3,18,7,2.2,True,0
TMS000622,Engineering,COR03497,NR,ballast_deficiency,C,1,82,5,6.0,True,0
TDMS001551,Traction Distribution,COR00217,WCR,circuit_breaker_fault,A,3,7,53,2.5,True,1
SMMS002483,Signal & Telecommunication,COR00480,WCR,cable_fault,B,2,2,69,2.6,True,0
TDMS000643,Traction Distribution,COR00503,WR,ohe_pole_defect,C,1,0,12,2.1,True,0
TMS002674,Engineering,COR02233,SWR,ballast_deficiency,B,2,359,21,1.0,True,1
TMS003450,Engineering,COR00592,ECR,weld_failure,A,3,70,16,2.7,True,0
TMS002312,Engineering,COR01038,NFR,points_crossing_wear,B,2,11,25,5.1,False,0
TMS001349,Engineering,COR05602,ER,rail_fracture,A,3,0,2,1.3,True,0
TMS002802,Engineering,COR02341,WR,alignment_deviation,C,1,5,11,2.4,True,0
SMMS000938,Signal & Telecommunication,COR03694,SER,block_instrument_fault,B,2,14,23,3.5,True,0
TDMS001392,Traction Distribution,COR01345,NWR,tension_device_fault,C,1,37,30,1.1,True,0
TMS001928,Engineering,COR00028,WR,rail_wear,C,1,4,36,2.5,True,0
TMS002620,Engineering,COR03091,SR,weld_failure,A,3,7,40,1.7,True,1
SMMS000723,Signal & Telecommunication,COR01849,NR,point_machine_fault,B,2,5,36,1.0,True,0
TMS001587,Engineering,COR02825,WR,rail_wear,C,1,1,91,4.5,True,0
SMMS001559,Signal & Telecommunication,COR06277,SCR,axle_counter_fault,A,3,4,5,1.6,True,0
TMS001094,Engineering,COR02816,WR,formation_defect,B,2,15,92,4.7,True,0
TMS001145,Engineering,COR01619,SWR,points_crossing_wear,B,2,2,25,2.6,True,0
TMS005031,Engineering,COR02084,SWR,sleeper_defect,B,2,61,19,2.7,True,0
TDMS000317,Traction Distribution,COR01525,CR,circuit_breaker_fault,A,3,89,50,2.5,True,1
TMS003866,Engineering,COR01163,ER,rail_wear,C,1,15,14,1.7,True,0
TDMS000054,Traction Distribution,COR01624,SWR,feeder_fault,A,3,426,32,2.3,True,1
TMS000321,Engineering,COR00433,SCR,sleeper_defect,B,2,14,17,1.0,True,0
TMS000560,Engineering,COR05408,SER,alignment_deviation,C,1,9,23,4.3,False,0
TMS000470,Engineering,COR00004,WR,ballast_deficiency,C,1,61,12,3.7,True,0
TDMS002382,Traction Distribution,COR02157,SR,circuit_breaker_fault,A,3,70,70,1.3,True,1
SMMS002815,Signal & Telecommunication,COR03914,NR,signal_failure,A,3,99,2,1.6,True,0
TMS002057,Engineering,COR01877,SCR,ballast_deficiency,C,1,11,62,2.6,True,0
TMS003857,Engineering,COR05059,SCR,formation_defect,B,2,10,15,3.5,True,0
TMS004209,Engineering,COR02338,WR,rail_wear,C,1,386,11,5.1,False,0
SMMS002002,Signal & Telecommunication,COR00245,WCR,cable_fault,B,2,1,54,0.8,True,0
TDMS000165,Traction Distribution,COR02899,SR,ohe_pole_defect,C,1,14,18,5.0,True,0
SMMS002356,Signal & Telecommunication,COR04904,SWR,cable_fault,B,2,3,20,3.6,True,0
TDMS000248,Traction Distribution,COR06367,NWR,ohe_wire_wear,B,2,19,4,4.7,True,0
SMMS002244,Signal & Telecommunication,COR05603,ER,axle_counter_fault,A,3,20,2,1.2,True,0
TDMS001357,Traction Distribution,COR00251,WCR,tension_device_fault,C,1,1,54,4.4,True,0
TMS003376,Engineering,COR03980,ER,sleeper_defect,C,1,31,14,1.8,True,0
SMMS002003,Signal & Telecommunication,COR03723,NFR,point_machine_fault,B,2,5,21,2.4,True,0
TMS002186,Engineering,COR03154,WR,ballast_deficiency,C,1,21,28,3.4,True,0
TDMS001851,Traction Distribution,COR00781,NWR,earthing_fault,B,2,104,26,1.0,True,0
TDMS000770,Traction Distribution,COR05741,SR,ohe_pole_defect,C,1,81,10,3.2,True,0
TDMS001760,Traction Distribution,COR00621,SCR,insulator_fault,B,2,16,63,2.4,True,0
TMS001327,Engineering,COR00686,WR,ballast_deficiency,C,1,145,91,2.3,True,0
TMS004963,Engineering,COR01694,WCR,weld_failure,A,3,262,59,4.5,True,1
TMS003661,Engineering,COR01332,NWR,points_crossing_wear,B,2,10,30,1.5,True,0
TDMS000841,Traction Distribution,COR00679,WR,feeder_fault,A,3,3,94,2.8,True,1
TMS003549,Engineering,COR05517,ER,rail_wear,C,1,271,10,5.9,True,0
SMMS002330,Signal & Telecommunication,COR05221,NCR,cable_fault,B,2,12,4,0.5,True,0
TMS005197,Engineering,COR01616,SWR,formation_defect,B,2,12,25,0.6,False,0
TDMS000754,Traction Distribution,COR03736,ECR,ohe_wire_wear,B,2,88,8,2.4,True,0
TMS003263,Engineering,COR01631,SWR,ballast_deficiency,C,1,89,27,1.5,True,0
SMMS002543,Signal & Telecommunication,COR01807,NR,signal_failure,A,3,5,11,0.9,True,0
TDMS002488,Traction Distribution,COR00094,NWR,tension_device_fault,C,1,14,30,1.9,True,0
TDMS001811,Traction Distribution,COR00290,CR,ohe_pole_defect,C,1,70,68,0.8,True,0
TDMS001434,Traction Distribution,COR02810,WR,circuit_breaker_fault,A,3,3,87,2.3,True,1
TMS000666,Engineering,COR01865,NR,rail_fracture,A,3,3,37,4.2,True,1
TMS000645,Engineering,COR03692,SER,alignment_deviation,C,1,4,23,3.0,True,0
TDMS002498,Traction Distribution,COR04122,NR,ohe_wire_wear,B,2,4,10,4.0,True,0
TDMS001490,Traction Distribution,COR00372,NER,earthing_fault,B,2,541,21,4.4,True,1
TMS003965,Engineering,COR00674,WR,weld_failure,A,3,11,66,1.5,True,0
TMS004295,Engineering,COR05401,NCR,alignment_deviation,C,1,87,11,3.3,True,0
SMMS001505,Signal & Telecommunication,COR02797,WR,block_instrument_fault,B,2,3,53,4.0,True,0
TDMS002123,Traction Distribution,COR02705,NR,earthing_fault,B,2,4,27,1.7,True,0
TMS004181,Engineering,COR01035,NFR,ballast_deficiency,C,1,3,25,1.9,True,0
TDMS002478,Traction Distribution,COR05223,NCR,tension_device_fault,C,1,95,4,4.3,True,0
TMS004450,Engineering,COR01858,NR,ballast_deficiency,C,1,2622,37,6.0,False,1
SMMS000369,Signal & Telecommunication,COR01313,NWR,cable_fault,B,2,5,19,2.7,True,0
TMS001882,Engineering,COR01010,NFR,rail_fracture,A,3,13,21,2.9,True,0
SMMS001781,Signal & Telecommunication,COR02150,SR,block_instrument_fault,B,2,1,70,2.2,True,0
SMMS002812,Signal & Telecommunication,COR02718,NER,axle_counter_fault,A,3,3,11,1.4,True,0
TMS003970,Engineering,COR01842,NR,alignment_deviation,C,1,14,28,5.2,True,0
TMS001359,Engineering,COR01032,NFR,rail_wear,C,1,4,25,5.2,True,0
TMS001332,Engineering,COR04295,NER,weld_failure,A,3,56,18,3.0,False,0
SMMS000118,Signal & Telecommunication,COR02851,SWR,interlocking_fault,A,3,3,14,3.1,True,0
SMMS001250,Signal & Telecommunication,COR00773,NR,cable_fault,B,2,5,35,3.8,False,0
TMS005124,Engineering,COR00606,SCR,ballast_deficiency,C,1,34,67,2.9,True,0
TDMS001940,Traction Distribution,COR06584,NWR,circuit_breaker_fault,A,3,11,6,2.1,True,0
TMS005610,Engineering,COR00196,ECR,formation_defect,B,2,52,19,0.7,True,0
SMMS001063,Signal & Telecommunication,COR03677,CR,block_instrument_fault,B,2,3,1,2.0,False,0
TDMS001344,Traction Distribution,COR03441,NWR,circuit_breaker_fault,A,3,16,5,4.3,True,0
TDMS001293,Traction Distribution,COR01193,CR,ohe_wire_wear,B,2,4,22,3.6,True,0
TMS004651,Engineering,COR04948,KR,ballast_deficiency,C,1,372,25,4.4,True,0
TMS000059,Engineering,COR02832,WR,formation_defect,B,2,14,95,2.6,True,0
SMMS002173,Signal & Telecommunication,COR03550,NER,point_machine_fault,B,2,1,8,3.9,True,0
TDMS000021,Traction Distribution,COR03279,SWR,earthing_fault,B,2,3,12,3.4,True,0
TDMS000977,Traction Distribution,COR04247,NR,earthing_fault,B,2,53,4,3.3,True,0
TDMS001705,Traction Distribution,COR00229,WCR,ohe_pole_defect,C,1,12,57,1.3,True,0
SMMS001297,Signal & Telecommunication,COR02445,ER,interlocking_fault,A,3,98,19,1.8,False,0
TDMS001803,Traction Distribution,COR02810,WR,earthing_fault,B,2,105,87,4.9,True,0
TMS001261,Engineering,COR04144,SR,weld_failure,A,3,137,35,1.3,True,0
TMS004624,Engineering,COR02819,WR,rail_fracture,A,3,1,90,2.2,True,0
SMMS000425,Signal & Telecommunication,COR05826,KR,cable_fault,B,2,23,5,1.1,True,0
TMS003944,Engineering,COR00612,SCR,alignment_deviation,C,1,11,67,3.4,False,0
TDMS002047,Traction Distribution,COR03305,SWR,tension_device_fault,C,1,40,10,2.2,True,0
TDMS001141,Traction Distribution,COR00038,WR,circuit_breaker_fault,A,3,10,37,3.0,True,0
TMS004244,Engineering,COR03578,SER,ballast_deficiency,C,1,3,25,4.0,True,0
TDMS002313,Traction Distribution,COR03090,SR,insulator_fault,B,2,463,40,1.2,True,1
TMS003174,Engineering,COR02350,NWR,ballast_deficiency,C,1,147,13,4.3,True,0
SMMS002100,Signal & Telecommunication,COR00679,WR,lc_gate_interlock_fault,A,3,2,94,1.5,True,0
TMS004840,Engineering,COR02627,ER,rail_fracture,A,3,19,10,3.1,True,0
TMS002442,Engineering,COR00077,NWR,rail_wear,C,1,71,30,4.5,True,0
TDMS001937,Traction Distribution,COR01697,WCR,feeder_fault,A,3,43,59,1.9,True,1
TMS001428,Engineering,COR00137,NWR,sleeper_defect,B,2,12,27,4.3,True,0
TMS001197,Engineering,COR02399,WR,alignment_deviation,C,1,3,35,3.2,True,0
TDMS001685,Traction Distribution,COR00996,NFR,feeder_fault,A,3,36,17,3.9,True,0
SMMS002534,Signal & Telecommunication,COR01812,NWR,point_machine_fault,B,2,11,6,1.4,True,0
SMMS002168,Signal & Telecommunication,COR02572,SECR,block_instrument_fault,B,2,22,6,2.9,True,0
TMS003112,Engineering,COR02615,ER,weld_failure,A,3,78,9,4.7,True,0
SMMS000268,Signal & Telecommunication,COR00687,WR,cable_fault,B,2,5,90,2.3,True,0
SMMS002434,Signal & Telecommunication,COR00698,WR,lc_gate_interlock_fault,A,3,0,92,0.7,True,0
TMS001841,Engineering,COR04136,SR,ballast_deficiency,C,1,86,41,3.6,True,0
TDMS000417,Traction Distribution,COR06303,ECR,tension_device_fault,C,1,5,7,3.1,True,0
SMMS002417,Signal & Telecommunication,COR00492,WCR,point_machine_fault,B,2,3,69,0.7,True,0
TMS004489,Engineering,COR00627,SCR,ballast_deficiency,C,1,3,63,5.6,True,0
TMS000086,Engineering,COR01783,SWR,ballast_deficiency,C,1,13,30,4.1,True,0
TDMS001106,Traction Distribution,COR05876,NR,circuit_breaker_fault,A,3,86,10,2.6,True,0
TMS002202,Engineering,COR07001,NWR,alignment_deviation,C,1,3632,2,5.1,True,0
TMS005209,Engineering,COR01862,NR,points_crossing_wear,B,2,394,37,1.7,True,1
TMS005954,Engineering,COR08397,NR,rail_wear,C,1,10,1,5.4,True,0
SMMS002449,Signal & Telecommunication,COR01605,SWR,signal_failure,A,3,161,25,1.5,True,1
TMS003565,Engineering,COR03835,NFR,weld_failure,A,3,9,17,1.9,True,0
TDMS001535,Traction Distribution,COR02839,WR,insulator_fault,B,2,24,95,0.5,True,0
SMMS001755,Signal & Telecommunication,COR03494,NR,cable_fault,B,2,0,12,0.8,True,0
TMS001078,Engineering,COR01754,WCR,ballast_deficiency,C,1,51,29,4.9,True,0
TMS004075,Engineering,COR04960,KR,ballast_deficiency,B,2,12,24,0.6,False,0
TDMS000313,Traction Distribution,COR00296,CR,ohe_wire_wear,B,2,6,68,4.9,True,0
TMS005527,Engineering,COR01648,SWR,weld_failure,A,3,8,29,4.2,False,0
TMS000682,Engineering,COR01337,NWR,sleeper_defect,B,2,14,30,2.1,True,0
TMS003173,Engineering,COR01653,SWR,rail_wear,C,1,89,29,6.0,True,0
TMS004736,Engineering,COR03980,ER,formation_defect,B,2,15,14,1.1,True,0
TMS002780,Engineering,COR00841,WR,alignment_deviation,C,1,59,12,3.2,True,0
TMS004077,Engineering,COR01888,SCR,rail_wear,C,1,44,62,5.7,True,0
SMMS001453,Signal & Telecommunication,COR04441,ECR,cable_fault,B,2,0,40,2.2,True,0
TMS000424,Engineering,COR03833,NFR,points_crossing_wear,B,2,5,17,2.7,True,0
TDMS001923,Traction Distribution,COR00688,WR,tension_device_fault,C,1,489,90,4.9,True,1
SMMS000089,Signal & Telecommunication,COR00676,WR,point_machine_fault,B,2,1,94,3.1,True,0
SMMS002072,Signal & Telecommunication,COR02157,SR,cable_fault,B,2,30,70,2.6,True,0
TDMS000204,Traction Distribution,COR01146,SWR,tension_device_fault,C,1,5,21,3.6,True,0
TMS000200,Engineering,COR01806,NR,alignment_deviation,C,1,122,11,1.6,True,0
TMS003138,Engineering,COR02152,SR,formation_defect,B,2,62,70,5.3,True,0
TMS002953,Engineering,COR01549,CR,ballast_deficiency,C,1,288,22,1.7,True,0
TMS004523,Engineering,COR00699,WR,alignment_deviation,C,1,7,92,2.6,True,0
TDMS001353,Traction Distribution,COR04770,NR,circuit_breaker_fault,A,3,30,6,2.1,True,0
TDMS000880,Traction Distribution,COR02837,WR,feeder_fault,A,3,9,95,1.5,True,1
SMMS000870,Signal & Telecommunication,COR02467,ER,point_machine_fault,B,2,12,11,2.0,False,0
TMS002569,Engineering,COR00933,SWR,sleeper_defect,B,2,26,41,2.1,True,0
SMMS002916,Signal & Telecommunication,COR04464,NFR,cable_fault,B,2,14,15,1.3,True,0
TDMS002378,Traction Distribution,COR01393,SR,insulator_fault,B,2,78,18,4.0,True,0
TMS003177,Engineering,COR01894,SCR,alignment_deviation,C,1,42,66,0.9,True,0
TMS001942,Engineering,COR02157,SR,rail_wear,C,1,80,70,3.6,True,0
TMS000555,Engineering,COR00679,WR,rail_fracture,A,3,8,94,4.2,True,1
SMMS002443,Signal & Telecommunication,COR02357,NWR,signal_failure,A,3,12,24,2.9,False,0
SMMS001996,Signal & Telecommunication,COR01075,SWR,point_machine_fault,B,2,5,22,2.2,True,0
TMS003556,Engineering,COR01689,WCR,weld_failure,A,3,6,55,2.9,True,0
TMS001138,Engineering,COR04324,SR,points_crossing_wear,B,2,11,15,2.7,True,0
SMMS000927,Signal & Telecommunication,COR04847,SCR,block_instrument_fault,B,2,0,12,3.5,True,0
TMS001481,Engineering,COR00680,WR,weld_failure,A,3,45,94,1.8,True,1
TDMS002473,Traction Distribution,COR06674,NER,ohe_pole_defect,C,1,16,8,2.9,True,0
SMMS000672,Signal & Telecommunication,COR01711,WCR,point_machine_fault,B,2,23,54,1.7,True,0
SMMS002666,Signal & Telecommunication,COR05282,SWR,signal_failure,A,3,3,7,2.7,True,0
SMMS001056,Signal & Telecommunication,COR06202,SECR,signal_failure,A,3,28,5,3.2,True,0
SMMS000785,Signal & Telecommunication,COR00729,SWR,signal_failure,A,3,85,11,2.9,True,0
TMS000903,Engineering,COR00149,NR,alignment_deviation,C,1,19,36,2.3,True,0
TMS000671,Engineering,COR04458,NFR,sleeper_defect,B,2,14,15,1.2,True,0
SMMS000654,Signal & Telecommunication,COR01000,NFR,point_machine_fault,B,2,22,19,0.8,True,0
TMS000974,Engineering,COR04229,NR,rail_wear,C,1,4,16,0.8,True,0
SMMS001545,Signal & Telecommunication,COR05127,NR,point_machine_fault,B,2,1,30,1.2,False,0
TMS003343,Engineering,COR02682,NR,sleeper_defect,B,2,40,22,3.4,True,0
TMS000732,Engineering,COR00074,NWR,alignment_deviation,C,1,2,30,4.2,False,0
SMMS000739,Signal & Telecommunication,COR00489,WCR,block_instrument_fault,B,2,4,69,2.1,True,0
TDMS001627,Traction Distribution,COR06395,NER,earthing_fault,B,2,19,19,3.1,True,0
TMS001034,Engineering,COR07756,WR,sleeper_defect,A,3,95,3,5.8,True,0
SMMS000780,Signal & Telecommunication,COR00111,NWR,point_machine_fault,B,2,22,20,2.7,True,0
TMS004187,Engineering,COR04234,NWR,sleeper_defect,B,2,8,10,2.4,True,0
TMS000427,Engineering,COR06431,WR,sleeper_defect,B,2,11,2,3.0,True,0
TMS002061,Engineering,COR04149,SR,alignment_deviation,C,1,7,35,4.8,True,0
TMS002546,Engineering,COR00080,NWR,sleeper_defect,B,2,77,30,3.3,True,0
TDMS001026,Traction Distribution,COR02898,SR,earthing_fault,B,2,16,18,4.3,True,0
TDMS000888,Traction Distribution,COR00610,SCR,earthing_fault,B,2,67,67,1.0,True,0
TMS002006,Engineering,COR04945,KR,points_crossing_wear,B,2,8,25,4.8,True,0
SMMS002693,Signal & Telecommunication,COR00989,NFR,axle_counter_fault,A,3,0,19,3.1,True,0
TMS005924,Engineering,COR00417,ER,alignment_deviation,C,1,59,7,4.4,True,0
TMS000985,Engineering,COR01881,SCR,points_crossing_wear,B,2,8,62,6.0,True,0
TDMS000276,Traction Distribution,COR01337,NWR,insulator_fault,B,2,26,30,3.9,True,0
SMMS002471,Signal & Telecommunication,COR00079,NWR,cable_fault,B,2,5,30,0.7,False,0
SMMS000157,Signal & Telecommunication,COR00574,ECR,block_instrument_fault,B,2,0,19,2.9,True,0
TMS005437,Engineering,COR01521,CR,formation_defect,B,2,6,50,3.2,True,0
TMS004808,Engineering,COR02978,SR,alignment_deviation,C,1,54,40,2.3,True,0
TMS003149,Engineering,COR06895,NFR,sleeper_defect,B,2,23,3,5.6,True,0
SMMS001318,Signal & Telecommunication,COR06234,NWR,lc_gate_interlock_fault,A,3,5,9,0.7,True,0
TMS001550,Engineering,COR01522,CR,formation_defect,B,2,40,50,1.3,True,0
TMS005887,Engineering,COR02215,NWR,sleeper_defect,B,2,17,12,1.0,True,0
TMS003254,Engineering,COR04214,NR,formation_defect,B,2,20,7,4.2,True,0
TMS005629,Engineering,COR00696,WR,alignment_deviation,C,1,40,92,5.3,True,0
TMS000162,Engineering,COR00062,WR,points_crossing_wear,B,2,13,31,1.8,True,0
SMMS002582,Signal & Telecommunication,COR00854,SCR,lc_gate_interlock_fault,A,3,7,26,0.8,True,0
SMMS000242,Signal & Telecommunication,COR02169,SR,cable_fault,B,2,1,9,2.1,True,0
TDMS000015,Traction Distribution,COR03830,NFR,insulator_fault,B,2,96,17,0.8,True,0
SMMS000327,Signal & Telecommunication,COR01767,WCR,signal_failure,A,3,3,43,1.7,False,1
TMS001484,Engineering,COR00492,WCR,alignment_deviation,A,3,0,69,3.9,True,0
TMS002226,Engineering,COR00373,NER,rail_wear,C,1,137,21,3.5,True,0
SMMS001776,Signal & Telecommunication,COR02981,SR,point_machine_fault,B,2,1,40,3.7,True,0
TMS001241,Engineering,COR01748,WR,rail_wear,C,1,1,38,5.2,False,0
SMMS002393,Signal & Telecommunication,COR02616,ER,block_instrument_fault,B,2,103,9,1.6,True,0
SMMS000763,Signal & Telecommunication,COR01187,CR,cable_fault,B,2,3,22,1.2,True,0
TDMS001101,Traction Distribution,COR04292,SER,tension_device_fault,C,1,9,20,3.6,True,0
SMMS002535,Signal & Telecommunication,COR07074,CR,point_machine_fault,B,2,146,5,3.9,True,0
TDMS001147,Traction Distribution,COR01953,SCR,insulator_fault,B,2,20,22,0.9,True,0
SMMS002627,Signal & Telecommunication,COR01782,SWR,point_machine_fault,B,2,5,30,2.5,True,0
SMMS000655,Signal & Telecommunication,COR00030,WR,cable_fault,B,2,10,36,2.9,True,0
TMS001308,Engineering,COR02387,WR,sleeper_defect,B,2,3038,36,3.3,True,1
SMMS002116,Signal & Telecommunication,COR00124,NWR,axle_counter_fault,A,3,9,29,1.2,True,0
TMS001575,Engineering,COR00077,NWR,points_crossing_wear,A,3,15,30,1.8,True,0
TMS001835,Engineering,COR06648,SER,sleeper_defect,B,2,3,3,0.6,True,0
SMMS000422,Signal & Telecommunication,COR01726,NCR,interlocking_fault,A,3,0,54,3.6,True,1
TMS004612,Engineering,COR04941,KR,sleeper_defect,B,2,3,26,5.1,True,0
SMMS002152,Signal & Telecommunication,COR02680,NR,point_machine_fault,B,2,5,18,2.8,True,0
SMMS000170,Signal & Telecommunication,COR02828,WR,signal_failure,A,3,2,90,1.3,True,1
SMMS001871,Signal & Telecommunication,COR06666,NER,signal_failure,A,3,25,8,3.8,True,0
TMS001416,Engineering,COR06401,NER,sleeper_defect,B,2,0,19,3.6,True,0
SMMS002319,Signal & Telecommunication,COR03041,SR,cable_fault,B,2,27,22,0.8,True,0
SMMS000394,Signal & Telecommunication,COR06641,ER,cable_fault,B,2,5,5,2.1,True,0
TMS004702,Engineering,COR00121,NWR,sleeper_defect,B,2,1,33,2.0,True,0
TMS000568,Engineering,COR02984,SR,points_crossing_wear,B,2,4,40,0.7,False,0
SMMS000319,Signal & Telecommunication,COR02577,SECR,lc_gate_interlock_fault,A,3,4,6,3.8,True,0
TMS005823,Engineering,COR03642,SCR,weld_failure,A,3,4,14,4.2,True,0
TMS001072,Engineering,COR00634,SECR,weld_failure,A,3,197,9,4.9,True,1
SMMS000066,Signal & Telecommunication,COR02149,SR,cable_fault,B,2,22,70,3.7,True,0
TMS001792,Engineering,COR03010,SCR,formation_defect,C,1,2,11,1.9,True,0
TMS003701,Engineering,COR04036,NER,ballast_deficiency,C,1,4,33,1.2,False,0
TDMS000637,Traction Distribution,COR02989,SR,ohe_pole_defect,C,1,3,41,2.9,True,0
TMS004945,Engineering,COR02963,KR,rail_fracture,A,3,4,22,4.0,True,0
TDMS002088,Traction Distribution,COR02318,WR,feeder_fault,A,3,7,23,0.9,True,0
TMS004379,Engineering,COR04511,SWR,ballast_deficiency,C,1,16,10,4.3,True,0
TDMS001814,Traction Distribution,COR02892,WCR,ohe_pole_defect,C,1,447,32,1.2,True,1
TDMS000816,Traction Distribution,COR01878,SCR,circuit_breaker_fault,A,3,3,62,1.1,True,1
TMS000979,Engineering,COR03260,WCR,ballast_deficiency,C,1,13,42,2.0,False,0
TMS001335,Engineering,COR01895,SCR,rail_fracture,A,3,84,66,2.3,True,1
SMMS002809,Signal & Telecommunication,COR02896,SR,interlocking_fault,A,3,5,18,2.2,False,0
TMS002475,Engineering,COR06230,NR,ballast_deficiency,C,1,163,9,4.3,True,0
SMMS001894,Signal & Telecommunication,COR00768,NR,block_instrument_fault,B,2,2,37,1.0,True,0
SMMS000213,Signal & Telecommunication,COR04922,CR,axle_counter_fault,A,3,1,25,3.4,True,0
SMMS002036,Signal & Telecommunication,COR01600,SWR,interlocking_fault,A,3,3,25,3.3,True,0
TMS004791,Engineering,COR04659,KR,weld_failure,A,3,24,26,2.7,True,0
TMS004133,Engineering,COR00015,WR,formation_defect,B,2,101,26,5.6,True,0
TMS001554,Engineering,COR01693,WCR,points_crossing_wear,B,2,8,53,5.9,True,0
TMS005378,Engineering,COR02222,SWR,formation_defect,B,2,73,20,5.3,False,0
TMS003981,Engineering,COR06800,NWR,alignment_deviation,C,1,10,4,4.6,True,0
TMS000045,Engineering,COR02724,NER,ballast_deficiency,C,1,5,12,2.7,True,0
SMMS001385,Signal & Telecommunication,COR00006,WR,lc_gate_interlock_fault,A,3,108,8,2.2,True,0
TMS003345,Engineering,COR02151,SR,alignment_deviation,A,3,2,70,1.8,True,0
TMS003391,Engineering,COR02150,SR,weld_failure,A,3,77,70,5.9,True,1
TMS004565,Engineering,COR01432,SECR,rail_wear,C,1,37,4,5.2,True,0
SMMS002219,Signal & Telecommunication,COR01353,WR,signal_failure,A,3,4,20,2.9,True,0
TMS002168,Engineering,COR03989,ER,sleeper_defect,B,2,3,11,1.1,True,0
SMMS001219,Signal & Telecommunication,COR00246,WCR,signal_failure,A,3,5,54,3.5,False,0
TMS004290,Engineering,COR06387,NER,sleeper_defect,B,2,88,19,4.8,True,0
TDMS000492,Traction Distribution,COR00445,SCR,ohe_wire_wear,B,2,69,16,4.5,True,0
TMS005289,Engineering,COR01832,WR,sleeper_defect,B,2,8,36,3.2,True,0
SMMS002861,Signal & Telecommunication,COR06412,SECR,interlocking_fault,A,3,4,4,3.0,True,0
TDMS002093,Traction Distribution,COR01599,SWR,ohe_pole_defect,C,1,118,25,4.4,True,0
TMS000333,Engineering,COR04233,NWR,rail_wear,C,1,1991,10,6.0,True,0
TMS003523,Engineering,COR05280,SWR,formation_defect,B,2,212,7,2.4,True,0
SMMS001468,Signal & Telecommunication,COR05743,SR,signal_failure,A,3,4,10,3.6,True,0
TDMS001832,Traction Distribution,COR01033,NFR,feeder_fault,A,3,51,25,0.9,True,1
TMS002582,Engineering,COR02969,SR,rail_fracture,A,3,9,40,1.1,True,0
TMS002527,Engineering,COR07638,ER,points_crossing_wear,B,2,14,1,2.2,True,0
SMMS002526,Signal & Telecommunication,COR06697,WR,signal_failure,A,3,0,8,3.6,True,0
TDMS000975,Traction Distribution,COR05175,ECR,tension_device_fault,C,1,28,17,2.0,True,0
TMS005778,Engineering,COR01363,WR,ballast_deficiency,C,1,3,34,0.8,True,0
SMMS002363,Signal & Telecommunication,COR00541,SR,signal_failure,A,3,2,35,1.9,True,0
SMMS002803,Signal & Telecommunication,COR05269,SCR,point_machine_fault,B,2,1,4,1.0,True,0
TMS000894,Engineering,COR00678,WR,formation_defect,B,2,176,94,3.3,True,0
TMS003528,Engineering,COR00489,WCR,sleeper_defect,B,2,13,69,2.1,True,0
TMS003540,Engineering,COR00234,WCR,rail_fracture,A,3,11,58,5.0,True,0
SMMS001602,Signal & Telecommunication,COR01696,WCR,axle_counter_fault,A,3,1,59,1.8,True,0
TDMS001189,Traction Distribution,COR02398,WR,ohe_wire_wear,B,2,21,35,3.1,True,0
TMS004981,Engineering,COR04068,SWR,points_crossing_wear,B,2,6,9,1.4,True,0
TMS005277,Engineering,COR00930,SWR,rail_wear,C,1,1388,41,5.8,True,1
SMMS001943,Signal & Telecommunication,COR02830,WR,cable_fault,B,2,5,95,0.7,True,0
SMMS002923,Signal & Telecommunication,COR03941,WCR,block_instrument_fault,B,2,5,30,1.1,True,0
TMS001203,Engineering,COR00626,SCR,sleeper_defect,B,2,7,63,3.4,False,0
SMMS000308,Signal & Telecommunication,COR01719,WCR,axle_counter_fault,A,3,3,53,0.6,True,1
TDMS000418,Traction Distribution,COR01801,NR,ohe_wire_wear,B,2,10,10,1.1,True,0
TMS004781,Engineering,COR01694,WCR,points_crossing_wear,B,2,3,59,2.6,True,0
SMMS000442,Signal & Telecommunication,COR05497,NER,cable_fault,B,2,2,9,2.2,True,0
TMS003181,Engineering,COR00491,WCR,alignment_deviation,C,1,1756,69,5.9,True,1
TMS004628,Engineering,COR00247,WCR,rail_wear,C,1,310,54,4.5,True,1
TMS005146,Engineering,COR00059,WR,sleeper_defect,B,2,12,17,3.0,True,0
TMS000067,Engineering,COR03229,WR,points_crossing_wear,B,2,75,3,3.8,True,0
SMMS000922,Signal & Telecommunication,COR02807,WR,interlocking_fault,A,3,4,54,2.0,True,0
SMMS001926,Signal & Telecommunication,COR02830,WR,interlocking_fault,A,3,2,95,1.0,True,0
TMS000368,Engineering,COR00037,WR,rail_wear,C,1,17,36,4.9,True,0
TDMS001610,Traction Distribution,COR01896,SCR,ohe_pole_defect,C,1,246,66,3.2,True,0
TMS003838,Engineering,COR01355,WR,alignment_deviation,C,1,24,35,1.4,True,0
TMS004045,Engineering,COR00079,NWR,weld_failure,A,3,6,30,4.3,True,0
TMS004540,Engineering,COR01851,NR,alignment_deviation,C,1,9,28,5.8,True,0
TDMS001214,Traction Distribution,COR01789,SWR,insulator_fault,B,2,98,9,1.1,True,0
TMS001665,Engineering,COR02562,SECR,formation_defect,B,2,8,5,4.7,True,0
TMS000519,Engineering,COR00689,WR,sleeper_defect,C,1,65,90,3.9,True,0
SMMS002963,Signal & Telecommunication,COR00460,SCR,lc_gate_interlock_fault,A,3,4,18,2.9,True,0
TMS000173,Engineering,COR00133,NWR,weld_failure,A,3,12,27,1.3,True,0
TDMS000437,Traction Distribution,COR00426,SCR,ohe_wire_wear,B,2,9,20,3.8,True,0
TDMS001035,Traction Distribution,COR02834,WR,circuit_breaker_fault,A,3,6,95,4.3,True,0
TMS004353,Engineering,COR03845,NFR,alignment_deviation,C,1,239,14,5.3,True,0
SMMS000762,Signal & Telecommunication,COR00269,WCR,cable_fault,B,2,3,68,3.0,True,0
SMMS001680,Signal & Telecommunication,COR00851,WR,block_instrument_fault,B,2,27,9,2.6,True,0
TDMS001914,Traction Distribution,COR01893,SCR,insulator_fault,B,2,11,66,0.6,True,0
SMMS001621,Signal & Telecommunication,COR02457,ER,axle_counter_fault,A,3,3,12,2.6,True,0
SMMS002685,Signal & Telecommunication,COR06837,NR,cable_fault,B,2,5,6,3.4,True,0
TDMS001799,Traction Distribution,COR05390,NCR,ohe_wire_wear,B,2,60,12,4.8,True,0
TMS001200,Engineering,COR01374,SR,alignment_deviation,C,1,109,6,1.9,True,0
TMS003202,Engineering,COR00332,NER,weld_failure,A,3,77,11,5.2,True,0
TDMS000984,Traction Distribution,COR04327,SR,ohe_pole_defect,C,1,1,15,0.7,True,0
TDMS000904,Traction Distribution,COR00151,NR,tension_device_fault,C,1,218,38,1.6,True,0
TMS003793,Engineering,COR02302,NR,formation_defect,B,2,10,29,0.8,False,0
TMS001664,Engineering,COR03108,NR,rail_wear,C,1,7,10,4.9,True,0
TMS005621,Engineering,COR01887,SCR,points_crossing_wear,B,2,35,62,5.8,True,0
SMMS002205,Signal & Telecommunication,COR01525,CR,cable_fault,B,2,28,50,3.8,True,0
SMMS000928,Signal & Telecommunication,COR05608,SCR,point_machine_fault,B,2,1,13,0.9,True,0
TMS002255,Engineering,COR03256,WCR,rail_wear,C,1,7,42,5.0,True,0
SMMS002150,Signal & Telecommunication,COR03559,SER,block_instrument_fault,B,2,5,22,0.7,True,0
TMS002774,Engineering,COR01610,SWR,ballast_deficiency,C,1,13,26,5.0,True,0
TDMS001780,Traction Distribution,COR01885,SCR,ohe_wire_wear,B,2,18,62,1.3,True,0
TMS005700,Engineering,COR03189,SECR,rail_wear,C,1,265,3,1.0,True,0
TMS000660,Engineering,COR00278,WCR,sleeper_defect,B,2,89,68,3.0,True,1
SMMS000504,Signal & Telecommunication,COR03278,SWR,axle_counter_fault,A,3,4,12,3.6,True,0
SMMS002513,Signal & Telecommunication,COR06328,WR,cable_fault,B,2,4,5,2.9,True,0
TMS003092,Engineering,COR06528,NR,alignment_deviation,C,1,3,11,5.3,True,0
TDMS000559,Traction Distribution,COR00581,ECR,ohe_wire_wear,B,2,12,20,4.4,True,0
TMS000102,Engineering,COR00774,NR,formation_defect,B,2,75,35,1.4,True,0
SMMS000665,Signal & Telecommunication,COR00225,WCR,point_machine_fault,B,2,0,57,3.2,True,0
TMS003022,Engineering,COR00475,CR,sleeper_defect,B,2,14,69,2.9,True,0
TDMS000147,Traction Distribution,COR02971,SR,tension_device_fault,C,1,2,40,4.3,True,0
TMS003132,Engineering,COR02321,WR,points_crossing_wear,B,2,217,31,0.6,True,0
SMMS000103,Signal & Telecommunication,COR00403,ER,point_machine_fault,B,2,155,19,1.0,True,0
SMMS000043,Signal & Telecommunication,COR03036,NR,lc_gate_interlock_fault,A,3,3,11,2.0,True,0
TMS005270,Engineering,COR02901,SR,points_crossing_wear,A,3,62,18,5.4,True,0
TMS004960,Engineering,COR01701,WCR,formation_defect,B,2,8,58,2.7,True,0
TMS004208,Engineering,COR03165,ER,sleeper_defect,A,3,15,7,4.3,True,0
TMS003169,Engineering,COR05910,WR,points_crossing_wear,B,2,15,3,2.4,True,0
TDMS001430,Traction Distribution,COR08592,NR,earthing_fault,B,2,44,1,3.6,True,0
TMS005741,Engineering,COR03890,NR,ballast_deficiency,C,1,8,27,4.8,False,0
SMMS000122,Signal & Telecommunication,COR01367,WR,cable_fault,B,2,12,34,2.4,True,0
SMMS001232,Signal & Telecommunication,COR06668,NER,signal_failure,A,3,5,8,3.4,True,0
TMS004249,Engineering,COR03086,SR,rail_fracture,C,1,9,40,2.9,True,0
SMMS001507,Signal & Telecommunication,COR00278,WCR,block_instrument_fault,B,2,2,68,1.6,True,0
SMMS000350,Signal & Telecommunication,COR06389,NER,axle_counter_fault,A,3,0,19,1.5,True,0
SMMS001628,Signal & Telecommunication,COR00791,NWR,signal_failure,A,3,4,26,3.9,True,0
SMMS002289,Signal & Telecommunication,COR06109,WR,point_machine_fault,B,2,4,3,3.9,True,0
TMS004259,Engineering,COR03853,NFR,formation_defect,B,2,14,14,2.1,True,0
TMS001346,Engineering,COR02891,WCR,alignment_deviation,C,1,2,32,1.9,True,0
TDMS001316,Traction Distribution,COR04419,SWR,circuit_breaker_fault,A,3,13,22,3.0,True,0
SMMS000080,Signal & Telecommunication,COR00212,NCR,point_machine_fault,B,2,6,53,0.9,True,0
TMS000325,Engineering,COR03042,SR,formation_defect,B,2,2,17,1.6,True,0
TMS001041,Engineering,COR00580,ECR,ballast_deficiency,C,1,5,17,1.9,True,0
TMS004230,Engineering,COR02960,SCR,weld_failure,A,3,13,11,1.4,True,0
SMMS001299,Signal & Telecommunication,COR04077,SWR,interlocking_fault,A,3,4,11,3.3,True,0
TDMS000381,Traction Distribution,COR07781,WR,insulator_fault,B,2,17,2,2.1,True,0
TDMS000488,Traction Distribution,COR01569,CR,ohe_wire_wear,B,2,29,16,4.2,True,0
SMMS001291,Signal & Telecommunication,COR00675,WR,interlocking_fault,A,3,1,94,2.3,True,1
TMS003744,Engineering,COR00209,NCR,rail_fracture,A,3,9,53,5.3,True,0
TMS005731,Engineering,COR01323,NWR,alignment_deviation,C,1,34,30,3.2,True,0
SMMS001942,Signal & Telecommunication,COR00239,WCR,cable_fault,B,2,0,58,1.0,True,0
TMS004050,Engineering,COR05751,SR,ballast_deficiency,C,1,0,5,3.4,True,0
TMS003210,Engineering,COR01720,NCR,rail_wear,C,1,6,54,5.8,True,0
TMS002499,Engineering,COR01712,WCR,rail_wear,C,1,2944,54,2.7,True,1
TMS004313,Engineering,COR05202,NWR,rail_wear,B,2,7,10,5.5,True,0
TMS001954,Engineering,COR06585,NWR,rail_wear,C,1,12,6,4.3,True,0
SMMS002979,Signal & Telecommunication,COR01336,NWR,interlocking_fault,A,3,136,30,3.0,True,1
TMS004591,Engineering,COR00159,NR,sleeper_defect,B,2,88,53,5.0,True,0
SMMS000667,Signal & Telecommunication,COR01717,WCR,axle_counter_fault,A,3,1,54,1.6,True,0
TMS000911,Engineering,COR05898,WR,rail_fracture,A,3,63,7,2.8,True,0
TMS003613,Engineering,COR05487,WR,sleeper_defect,B,2,71,3,2.8,True,0
TMS005469,Engineering,COR03275,SWR,weld_failure,A,3,255,12,2.8,True,1
TMS000812,Engineering,COR04440,ECR,sleeper_defect,B,2,9,40,4.6,True,0
SMMS001605,Signal & Telecommunication,COR04561,NER,point_machine_fault,B,2,2,1,2.8,False,0
TMS000376,Engineering,COR00731,SWR,ballast_deficiency,C,1,10,11,2.1,False,0
TMS003515,Engineering,COR04000,ER,alignment_deviation,C,1,10,13,4.3,False,0
TMS003787,Engineering,COR01939,SCR,points_crossing_wear,B,2,3,22,1.2,True,0
TMS002522,Engineering,COR00281,WCR,alignment_deviation,C,1,27,68,1.3,True,0
TMS001068,Engineering,COR01417,SECR,weld_failure,A,3,35,9,3.5,False,0
TDMS000480,Traction Distribution,COR00482,WCR,feeder_fault,A,3,111,69,1.8,True,1
TMS003378,Engineering,COR02809,WR,points_crossing_wear,B,2,68,87,2.9,False,0
SMMS000710,Signal & Telecommunication,COR06734,NR,block_instrument_fault,B,2,2,3,1.4,True,0
TMS004135,Engineering,COR00514,NWR,alignment_deviation,A,3,2235,11,4.5,True,1
TDMS001192,Traction Distribution,COR03557,SER,earthing_fault,B,2,102,22,1.7,True,0
SMMS001601,Signal & Telecommunication,COR04551,NR,cable_fault,B,2,23,37,3.2,True,0
SMMS000360,Signal & Telecommunication,COR00486,WCR,cable_fault,B,2,3,69,1.7,True,0
TMS000511,Engineering,COR04439,ECR,sleeper_defect,B,2,2,23,1.0,True,0
TDMS001302,Traction Distribution,COR00142,NWR,ohe_pole_defect,C,1,3,36,3.3,True,0
SMMS000497,Signal & Telecommunication,COR01862,NR,lc_gate_interlock_fault,A,3,37,37,2.8,True,1
TDMS000357,Traction Distribution,COR03624,SWR,earthing_fault,B,2,28,14,1.2,True,0
TMS005241,Engineering,COR03441,NWR,points_crossing_wear,B,2,75,5,2.5,False,0
TMS004883,Engineering,COR02190,SWR,weld_failure,A,3,59,20,3.8,True,0
TDMS001600,Traction Distribution,COR04257,NCR,earthing_fault,B,2,18,14,3.6,True,0
TMS001830,Engineering,COR04918,CR,weld_failure,A,3,0,23,0.8,True,0
SMMS001238,Signal & Telecommunication,COR06142,WR,interlocking_fault,A,3,3,9,3.7,True,0
TDMS000523,Traction Distribution,COR01545,CR,tension_device_fault,C,1,113,22,4.7,True,0
SMMS002544,Signal & Telecommunication,COR00205,NCR,interlocking_fault,A,3,9,53,2.5,True,1
TMS004758,Engineering,COR02829,WR,rail_fracture,A,3,0,90,1.9,True,0
TMS003154,Engineering,COR00248,WCR,ballast_deficiency,C,1,14,54,6.0,False,0
TMS001619,Engineering,COR02468,ER,rail_fracture,A,3,12,11,5.8,True,0
TMS000983,Engineering,COR03963,ER,alignment_deviation,C,1,3,12,2.4,True,0
SMMS001523,Signal & Telecommunication,COR01206,CR,cable_fault,B,2,4,22,1.5,True,0
TMS000381,Engineering,COR01889,SCR,sleeper_defect,B,2,0,61,4.5,False,0
TMS002309,Engineering,COR02439,ER,weld_failure,A,3,12,16,1.6,True,0
TMS001097,Engineering,COR05028,NFR,alignment_deviation,C,1,4,9,1.2,False,0
SMMS000093,Signal & Telecommunication,COR04840,SCR,point_machine_fault,B,2,1,12,1.3,True,0
TMS001980,Engineering,COR03939,WCR,formation_defect,B,2,3,29,3.4,True,0
TMS000304,Engineering,COR02576,SECR,ballast_deficiency,A,3,6,6,2.6,True,0
TMS004683,Engineering,COR00750,SWR,rail_wear,C,1,8,12,1.1,True,0
SMMS002844,Signal & Telecommunication,COR00064,WR,cable_fault,B,2,4,31,1.9,True,0
TDMS000005,Traction Distribution,COR00986,NFR,tension_device_fault,C,1,14,19,4.4,True,0
SMMS000879,Signal & Telecommunication,COR01641,SWR,block_instrument_fault,B,2,5,27,2.3,False,0
TMS004270,Engineering,COR01876,SCR,formation_defect,B,2,11,62,3.0,True,0
TMS003196,Engineering,COR01621,SWR,sleeper_defect,B,2,2,25,4.8,False,0
TMS003768,Engineering,COR03830,NFR,alignment_deviation,C,1,20,17,2.1,True,0
TMS004823,Engineering,COR05995,WR,alignment_deviation,C,1,380,7,4.5,True,0
TDMS001506,Traction Distribution,COR00490,WCR,earthing_fault,B,2,7,69,2.0,True,0
TMS001872,Engineering,COR02676,NR,rail_wear,C,1,327,18,2.0,True,0
TDMS001002,Traction Distribution,COR05180,ECR,earthing_fault,B,2,52,17,3.4,True,0
TMS005855,Engineering,COR02136,SCR,alignment_deviation,C,1,14,20,5.6,True,0
SMMS001880,Signal & Telecommunication,COR02150,SR,cable_fault,B,2,4,70,1.3,True,0
TMS001337,Engineering,COR02939,SCR,rail_wear,C,1,71,13,5.4,False,0
SMMS002959,Signal & Telecommunication,COR02351,NWR,block_instrument_fault,B,2,17,13,2.4,True,0
TMS003006,Engineering,COR00944,SR,points_crossing_wear,B,2,31,10,4.5,True,0
TMS002814,Engineering,COR01694,WCR,rail_wear,C,1,15,59,3.5,True,0
TDMS000706,Traction Distribution,COR03697,SER,earthing_fault,B,2,75,24,2.2,True,0
TMS005619,Engineering,COR00532,SR,alignment_deviation,C,1,40,35,5.6,True,0
TMS004589,Engineering,COR04314,SR,weld_failure,A,3,79,13,5.3,True,0
TMS004361,Engineering,COR01875,SCR,rail_wear,C,1,0,62,5.2,True,0
TDMS001885,Traction Distribution,COR02570,SECR,ohe_pole_defect,C,1,0,6,4.5,True,0
TMS004439,Engineering,COR06135,WR,sleeper_defect,B,2,34,9,2.3,True,0
SMMS000832,Signal & Telecommunication,COR00236,WCR,axle_counter_fault,A,3,160,58,1.9,True,1
TMS001803,Engineering,COR02821,WR,rail_fracture,A,3,5,90,4.2,True,1
SMMS002499,Signal & Telecommunication,COR00693,WR,block_instrument_fault,B,2,0,92,3.8,True,0
TDMS000265,Traction Distribution,COR00283,WCR,ohe_pole_defect,C,1,14,34,1.6,True,0
TDMS000463,Traction Distribution,COR00484,WCR,ohe_wire_wear,B,2,13,69,0.6,True,0
TDMS001346,Traction Distribution,COR03337,SR,earthing_fault,B,2,451,10,4.7,True,1
TMS005403,Engineering,COR01689,WCR,ballast_deficiency,C,1,52,55,5.7,True,0
TMS001878,Engineering,COR00759,NR,points_crossing_wear,B,2,66,52,1.9,False,0
TDMS000271,Traction Distribution,COR03074,SR,insulator_fault,B,2,18,40,4.2,True,0
SMMS000049,Signal & Telecommunication,COR06694,ER,cable_fault,B,2,1,3,2.3,True,0
SMMS002250,Signal & Telecommunication,COR00772,NR,point_machine_fault,B,2,16,35,2.5,True,0
TMS003522,Engineering,COR01925,SCR,ballast_deficiency,C,1,50,12,3.4,True,0
TMS000959,Engineering,COR00710,WR,weld_failure,A,3,51,54,2.8,True,1
TMS004545,Engineering,COR01958,NR,sleeper_defect,B,2,15,7,5.1,True,0
TMS002359,Engineering,COR00992,NFR,alignment_deviation,C,1,6,17,2.0,True,0
TMS000383,Engineering,COR01351,WR,weld_failure,A,3,2,31,2.1,True,0
TDMS000255,Traction Distribution,COR04276,NWR,ohe_pole_defect,C,1,44,7,2.3,True,0
TMS001283,Engineering,COR01034,NFR,points_crossing_wear,B,2,7,25,2.3,True,0
TDMS002426,Traction Distribution,COR01637,SWR,insulator_fault,B,2,444,27,2.8,True,1
TMS001967,Engineering,COR00161,NR,formation_defect,B,2,8,62,4.4,False,0
TDMS000338,Traction Distribution,COR07494,NWR,tension_device_fault,C,1,28,2,4.1,True,0
SMMS001715,Signal & Telecommunication,COR01837,WR,lc_gate_interlock_fault,A,3,2,22,2.8,True,0
SMMS001439,Signal & Telecommunication,COR01972,WR,signal_failure,A,3,144,10,1.8,True,0
TMS004670,Engineering,COR00217,WCR,formation_defect,B,2,3,53,0.6,True,0
TDMS001000,Traction Distribution,COR03324,WR,ohe_wire_wear,B,2,55,11,2.5,True,0
TMS003925,Engineering,COR04546,NR,points_crossing_wear,B,2,190,36,2.1,True,1
TDMS001898,Traction Distribution,COR04155,SR,ohe_wire_wear,B,2,13,20,2.2,True,0
SMMS001897,Signal & Telecommunication,COR02130,SCR,block_instrument_fault,B,2,94,20,3.6,True,0
TMS000854,Engineering,COR01524,CR,ballast_deficiency,C,1,1,50,0.5,True,0
TMS005841,Engineering,COR00425,SCR,ballast_deficiency,A,3,342,20,3.2,True,1
SMMS001658,Signal & Telecommunication,COR00572,ECR,axle_counter_fault,A,3,10,18,3.9,True,0
TMS002688,Engineering,COR01728,NCR,sleeper_defect,B,2,13,54,0.9,True,0
SMMS001081,Signal & Telecommunication,COR01546,CR,axle_counter_fault,A,3,27,22,3.6,False,0
SMMS000791,Signal & Telecommunication,COR02623,ER,interlocking_fault,A,3,5,10,2.2,True,0
TDMS001557,Traction Distribution,COR04006,SR,insulator_fault,B,2,88,22,1.1,True,0
SMMS000679,Signal & Telecommunication,COR00672,WR,block_instrument_fault,B,2,29,94,1.0,True,0
TDMS001807,Traction Distribution,COR05181,ECR,tension_device_fault,C,1,569,17,4.9,True,0
TMS000623,Engineering,COR00043,WR,rail_fracture,B,2,3,35,1.7,True,0
TMS001235,Engineering,COR04606,NFR,sleeper_defect,B,2,3,15,2.6,True,0
TDMS002172,Traction Distribution,COR00504,WR,earthing_fault,B,2,110,12,2.6,True,0
TDMS001471,Traction Distribution,COR02308,NR,circuit_breaker_fault,A,3,113,29,3.5,True,0
TDMS001697,Traction Distribution,COR04471,NFR,insulator_fault,B,2,8,15,4.4,True,0
TMS001615,Engineering,COR05017,SR,alignment_deviation,C,1,6,6,4.5,True,0
TMS001524,Engineering,COR01639,SWR,sleeper_defect,B,2,12,27,2.9,True,0
TMS004752,Engineering,COR04092,NR,alignment_deviation,C,1,8,10,3.2,True,0
TDMS001499,Traction Distribution,COR00380,NER,earthing_fault,B,2,4,21,2.1,True,0
TDMS000227,Traction Distribution,COR00290,CR,ohe_wire_wear,B,2,20,68,3.2,True,0
TMS003003,Engineering,COR01866,NR,alignment_deviation,C,1,81,37,2.0,True,0
TDMS002174,Traction Distribution,COR04179,NR,circuit_breaker_fault,A,3,31,18,3.5,True,0
TMS001454,Engineering,COR05512,ER,sleeper_defect,B,2,189,10,3.4,False,0
SMMS001647,Signal & Telecommunication,COR01748,WR,signal_failure,A,3,1,38,1.9,True,1
TMS003516,Engineering,COR03618,SWR,sleeper_defect,C,1,15,14,3.3,False,0
SMMS001180,Signal & Telecommunication,COR01703,WCR,block_instrument_fault,B,2,0,58,2.3,True,0
TMS001750,Engineering,COR04165,SCR,alignment_deviation,C,1,47,25,1.5,True,0
SMMS002462,Signal & Telecommunication,COR00715,WR,signal_failure,A,3,15,53,0.7,True,1
SMMS000069,Signal & Telecommunication,COR00207,NCR,interlocking_fault,A,3,99,53,1.0,True,1
TDMS000670,Traction Distribution,COR04586,NCR,ohe_wire_wear,B,2,18,14,4.1,True,0
SMMS000183,Signal & Telecommunication,COR07776,ER,block_instrument_fault,B,2,3,1,3.9,True,0
TMS000009,Engineering,COR04689,KR,alignment_deviation,C,1,10,26,2.7,False,0
TMS002651,Engineering,COR02062,SWR,alignment_deviation,C,1,5,26,2.6,True,0
TDMS002205,Traction Distribution,COR00710,WR,circuit_breaker_fault,A,3,12,54,1.2,True,1
TMS004493,Engineering,COR02814,WR,ballast_deficiency,C,1,8,92,4.0,True,0
TMS001394,Engineering,COR04897,SWR,sleeper_defect,B,2,68,20,3.7,True,0
SMMS001042,Signal & Telecommunication,COR00123,NWR,cable_fault,B,2,17,33,2.4,True,0
TMS004904,Engineering,COR05818,NWR,points_crossing_wear,B,2,18,11,5.9,True,0
TMS003852,Engineering,COR00930,SWR,sleeper_defect,B,2,9,41,1.4,True,0
TMS002614,Engineering,COR00293,CR,rail_wear,C,1,15,68,5.4,True,0
TMS003481,Engineering,COR04917,CR,alignment_deviation,C,1,8,24,5.0,True,0
SMMS001231,Signal & Telecommunication,COR04949,KR,axle_counter_fault,A,3,5,25,4.0,True,0
TMS003115,Engineering,COR02736,SR,ballast_deficiency,C,1,2,18,1.8,True,0
TDMS001597,Traction Distribution,COR00276,WCR,earthing_fault,B,2,1,68,1.8,True,0
SMMS000398,Signal & Telecommunication,COR00027,WR,lc_gate_interlock_fault,A,3,27,35,2.0,True,0
TMS003417,Engineering,COR02105,SWR,sleeper_defect,B,2,137,25,4.9,True,0
TDMS000631,Traction Distribution,COR03752,NWR,ohe_wire_wear,B,2,10,10,3.9,True,0
TDMS002110,Traction Distribution,COR01560,CR,earthing_fault,B,2,111,22,4.1,True,0
TDMS000095,Traction Distribution,COR03890,NR,insulator_fault,B,2,71,27,3.8,True,0
TMS005187,Engineering,COR06906,ER,alignment_deviation,C,1,62,8,3.7,True,0
TMS001787,Engineering,COR00692,WR,formation_defect,B,2,3,92,5.2,True,0
TMS003490,Engineering,COR01351,WR,rail_wear,C,1,202,31,2.2,True,0
TDMS000942,Traction Distribution,COR00677,WR,tension_device_fault,C,1,1,94,3.1,True,0
TMS001475,Engineering,COR01529,SCR,rail_fracture,A,3,8,18,3.8,True,0
TMS002726,Engineering,COR06538,NCR,formation_defect,B,2,11,3,1.3,True,0
TDMS000129,Traction Distribution,COR02834,WR,earthing_fault,B,2,9,95,4.2,True,0
TMS005456,Engineering,COR03624,SWR,alignment_deviation,C,1,1,14,5.3,True,0
TMS005604,Engineering,COR01877,SCR,alignment_deviation,A,3,12,62,0.8,True,0
TMS000943,Engineering,COR00627,SCR,sleeper_defect,B,2,3101,63,3.5,True,1
SMMS001768,Signal & Telecommunication,COR01329,NWR,cable_fault,B,2,2,30,1.8,True,0
TMS003436,Engineering,COR01758,WCR,alignment_deviation,C,1,263,43,4.2,True,1
SMMS002951,Signal & Telecommunication,COR02291,NR,lc_gate_interlock_fault,A,3,0,19,1.1,True,0
TMS000455,Engineering,COR07056,SECR,formation_defect,B,2,52,5,3.8,True,0
TMS000273,Engineering,COR01458,WR,sleeper_defect,B,2,361,14,2.6,True,1
TMS003360,Engineering,COR03847,NFR,ballast_deficiency,C,1,221,14,2.6,True,0
TDMS000415,Traction Distribution,COR02641,ER,ohe_wire_wear,B,2,16,10,1.1,True,0
SMMS001474,Signal & Telecommunication,COR03835,NFR,axle_counter_fault,A,3,5,17,0.9,True,0
TMS002305,Engineering,COR01521,CR,sleeper_defect,B,2,0,50,5.1,True,0
TMS000822,Engineering,COR00220,WCR,sleeper_defect,B,2,10,53,5.1,True,0
SMMS000059,Signal & Telecommunication,COR00485,WCR,signal_failure,A,3,18,69,2.3,True,0
TMS003530,Engineering,COR06596,NWR,rail_wear,C,1,76,7,3.8,True,0
SMMS001435,Signal & Telecommunication,COR00215,NCR,interlocking_fault,A,3,1,53,3.0,True,1
SMMS001719,Signal & Telecommunication,COR00214,NCR,cable_fault,B,2,3,53,1.1,True,0
TMS003766,Engineering,COR00300,SWR,sleeper_defect,B,2,51,3,5.6,True,0
TMS005797,Engineering,COR01242,CR,points_crossing_wear,B,2,383,4,3.4,True,1
TMS004084,Engineering,COR02662,SR,ballast_deficiency,C,1,204,11,2.9,True,0
TDMS001671,Traction Distribution,COR03618,SWR,circuit_breaker_fault,A,3,15,14,4.3,True,0
TMS005272,Engineering,COR00706,WR,points_crossing_wear,B,2,1711,54,2.1,True,1
TMS001047,Engineering,COR01369,SR,rail_wear,C,1,76,5,0.7,True,0
TMS002136,Engineering,COR04241,NR,sleeper_defect,B,2,658,18,2.7,True,1
TMS002018,Engineering,COR05594,SCR,sleeper_defect,B,2,49,16,4.1,True,0
TDMS001265,Traction Distribution,COR02199,SR,ohe_wire_wear,B,2,451,17,0.8,True,1
TMS002504,Engineering,COR00244,WCR,sleeper_defect,B,2,5,34,1.9,True,0
TMS002526,Engineering,COR01880,SCR,alignment_deviation,C,1,73,62,3.5,True,0
TMS005099,Engineering,COR01607,SWR,ballast_deficiency,C,1,1,25,3.3,False,0
TMS003643,Engineering,COR06134,WR,formation_defect,B,2,55,9,2.6,True,0
TMS003068,Engineering,COR03795,SCR,formation_defect,B,2,68,7,4.0,True,0
TMS004928,Engineering,COR03754,NWR,points_crossing_wear,B,2,9,10,0.8,True,0
SMMS000897,Signal & Telecommunication,COR00495,WCR,signal_failure,A,3,3,69,2.5,True,1
TDMS000482,Traction Distribution,COR00661,SWR,tension_device_fault,C,1,12,22,0.9,True,0
SMMS000508,Signal & Telecommunication,COR00705,WR,cable_fault,B,2,178,87,2.7,True,1
SMMS001386,Signal & Telecommunication,COR02230,SWR,point_machine_fault,B,2,3,21,1.1,True,0
TMS001314,Engineering,COR01028,NFR,ballast_deficiency,C,1,24,22,0.8,True,0
SMMS002740,Signal & Telecommunication,COR00995,NFR,interlocking_fault,A,3,2,17,0.6,True,0
TDMS002016,Traction Distribution,COR02149,SR,tension_device_fault,C,1,6,70,1.5,True,0
TDMS000499,Traction Distribution,COR01193,CR,tension_device_fault,C,1,367,22,1.4,True,0
TMS004312,Engineering,COR00480,WCR,rail_fracture,A,3,80,69,4.6,True,1
SMMS002528,Signal & Telecommunication,COR01422,SECR,lc_gate_interlock_fault,A,3,2,4,3.0,True,0
TMS000653,Engineering,COR06127,WR,sleeper_defect,B,2,6,9,2.0,True,0
TMS001610,Engineering,COR00121,NWR,alignment_deviation,C,1,15,33,2.7,True,0
TDMS001683,Traction Distribution,COR04290,SER,tension_device_fault,C,1,57,20,2.6,True,0
TMS001468,Engineering,COR00931,SWR,alignment_deviation,A,3,1,41,2.9,True,1
TMS002184,Engineering,COR06809,NWR,rail_fracture,A,3,4,4,4.6,True,0
TMS002925,Engineering,COR01701,WCR,sleeper_defect,B,2,2954,58,2.6,False,1
TDMS001585,Traction Distribution,COR02933,NER,ohe_pole_defect,C,1,97,5,3.3,True,0
TDMS000066,Traction Distribution,COR05106,NCR,ohe_wire_wear,B,2,97,11,4.3,True,0
TMS001017,Engineering,COR03863,ER,weld_failure,A,3,34,6,3.0,True,0
TDMS001084,Traction Distribution,COR02388,WR,tension_device_fault,C,1,11,36,4.3,True,0
TMS005188,Engineering,COR04537,NR,ballast_deficiency,C,1,13,38,0.7,True,0
SMMS002263,Signal & Telecommunication,COR03256,WCR,block_instrument_fault,B,2,10,42,2.0,True,0
SMMS001286,Signal & Telecommunication,COR00057,WR,block_instrument_fault,B,2,0,31,2.5,True,0
TMS000964,Engineering,COR04542,NR,ballast_deficiency,A,3,3,38,4.5,True,0
SMMS000788,Signal & Telecommunication,COR04425,WR,cable_fault,B,2,22,7,3.5,True,0
TMS004507,Engineering,COR01875,SCR,sleeper_defect,B,2,1,62,4.9,False,0
TMS000688,Engineering,COR00109,NWR,alignment_deviation,C,1,2854,20,3.6,False,0
TDMS000309,Traction Distribution,COR03853,NFR,earthing_fault,B,2,2,14,1.3,True,0
SMMS000822,Signal & Telecommunication,COR01889,SCR,axle_counter_fault,A,3,0,61,0.6,False,0
TMS001498,Engineering,COR05628,NWR,ballast_deficiency,C,1,9,32,3.3,True,0
SMMS002673,Signal & Telecommunication,COR04575,ER,signal_failure,A,3,3,3,1.2,False,0
TMS001485,Engineering,COR04440,ECR,rail_wear,C,1,6,40,5.6,True,0
SMMS002123,Signal & Telecommunication,COR02587,KR,block_instrument_fault,B,2,4,22,1.2,True,0
TMS002788,Engineering,COR02157,SR,weld_failure,A,3,13,70,1.1,True,1
TDMS002285,Traction Distribution,COR04136,SR,ohe_wire_wear,B,2,27,41,0.8,True,0
TMS003950,Engineering,COR02982,SR,rail_wear,C,1,13,40,4.2,False,0
SMMS000668,Signal & Telecommunication,COR06355,NR,cable_fault,B,2,24,5,2.7,True,0
TMS000489,Engineering,COR03196,NFR,ballast_deficiency,C,1,15,3,2.6,True,0
TDMS001377,Traction Distribution,COR08352,ECR,tension_device_fault,C,1,0,2,1.7,True,0
TDMS000124,Traction Distribution,COR05891,NWR,circuit_breaker_fault,A,3,170,28,4.5,True,1
TMS005345,Engineering,COR01679,WCR,weld_failure,C,1,2,55,1.0,False,0
TMS002811,Engineering,COR01720,NCR,sleeper_defect,B,2,6,54,4.2,True,0
TMS005770,Engineering,COR00793,NWR,sleeper_defect,C,1,5,26,0.9,True,0
TMS004839,Engineering,COR01883,SCR,rail_wear,C,1,361,62,1.4,True,1
TMS001834,Engineering,COR01784,SWR,weld_failure,C,1,2,30,2.1,False,0
TDMS001061,Traction Distribution,COR01106,SCR,ohe_pole_defect,C,1,13,14,4.8,True,0
TMS005548,Engineering,COR00652,SWR,ballast_deficiency,C,1,2920,22,1.0,True,1
TDMS000572,Traction Distribution,COR05210,SR,circuit_breaker_fault,A,3,101,15,4.8,True,1
SMMS002460,Signal & Telecommunication,COR08266,SER,point_machine_fault,B,2,4,1,1.9,True,0
TDMS001618,Traction Distribution,COR07223,NWR,tension_device_fault,C,1,9,2,1.4,True,0
TMS002860,Engineering,COR07730,SWR,alignment_deviation,C,1,12,2,2.9,True,0
TMS005624,Engineering,COR02355,NWR,weld_failure,A,3,8,24,1.2,True,0
TMS005617,Engineering,COR01312,NWR,alignment_deviation,C,1,52,19,2.3,True,0
TDMS002084,Traction Distribution,COR06380,SR,insulator_fault,B,2,12,9,4.1,True,0
SMMS000901,Signal & Telecommunication,COR03345,SR,cable_fault,B,2,1,9,2.9,True,0
SMMS000986,Signal & Telecommunication,COR04984,WR,signal_failure,A,3,28,16,2.7,True,0
TMS001109,Engineering,COR00284,WCR,ballast_deficiency,C,1,11,68,3.2,True,0
TMS004579,Engineering,COR07176,NER,points_crossing_wear,B,2,15,6,1.7,True,0
TMS005822,Engineering,COR01614,SWR,points_crossing_wear,B,2,11,26,3.0,True,0
TDMS001539,Traction Distribution,COR00838,WR,tension_device_fault,C,1,1,12,1.3,True,0
TMS001994,Engineering,COR06400,NER,rail_fracture,A,3,368,19,2.6,True,1
TMS003552,Engineering,COR00469,CR,weld_failure,A,3,1,69,5.6,True,0
TMS003969,Engineering,COR00686,WR,ballast_deficiency,C,1,5,91,0.7,True,0
TDMS001931,Traction Distribution,COR02074,SWR,earthing_fault,B,2,17,25,1.2,True,0
SMMS000244,Signal & Telecommunication,COR00611,SCR,block_instrument_fault,B,2,3,67,1.8,True,0
SMMS000491,Signal & Telecommunication,COR00092,NWR,block_instrument_fault,B,2,3,30,3.2,True,0
TMS001939,Engineering,COR03091,SR,alignment_deviation,A,3,16,40,3.1,True,0
TDMS001274,Traction Distribution,COR03554,NER,ohe_wire_wear,B,2,480,6,2.0,True,1
TMS000758,Engineering,COR01892,SCR,ballast_deficiency,C,1,4,66,4.1,True,0
TMS000060,Engineering,COR01469,NFR,alignment_deviation,C,1,69,25,3.1,True,0
TMS004310,Engineering,COR01317,NWR,rail_wear,C,1,6,30,2.3,False,0
TMS004543,Engineering,COR02640,ER,sleeper_defect,B,2,15,10,0.7,True,0
SMMS002472,Signal & Telecommunication,COR05996,WR,lc_gate_interlock_fault,A,3,23,7,2.3,True,0
TMS005142,Engineering,COR00234,WCR,sleeper_defect,B,2,9,58,3.1,True,0
SMMS001118,Signal & Telecommunication,COR03872,ER,point_machine_fault,B,2,0,13,0.9,True,0
TDMS001687,Traction Distribution,COR00229,WCR,tension_device_fault,C,1,66,57,1.8,True,0
SMMS001005,Signal & Telecommunication,COR05209,SR,block_instrument_fault,B,2,0,15,0.7,True,0
SMMS002032,Signal & Telecommunication,COR00400,ER,cable_fault,B,2,151,19,3.2,True,0
TMS001412,Engineering,COR00293,CR,ballast_deficiency,C,1,59,68,3.5,True,0
TMS002012,Engineering,COR01702,WCR,ballast_deficiency,C,1,7,58,5.9,True,0
TMS003219,Engineering,COR00469,CR,ballast_deficiency,C,1,10,69,4.4,True,0
SMMS000361,Signal & Telecommunication,COR04135,SR,signal_failure,A,3,1,41,2.8,True,0
TMS005467,Engineering,COR02166,SR,sleeper_defect,A,3,74,21,1.1,True,0
TMS005138,Engineering,COR04354,NWR,sleeper_defect,B,2,1,5,5.4,True,0
TMS000747,Engineering,COR05407,SER,ballast_deficiency,C,1,208,23,1.6,True,0
TDMS001588,Traction Distribution,COR02627,ER,circuit_breaker_fault,A,3,14,10,3.6,True,0
TMS001061,Engineering,COR00293,CR,sleeper_defect,B,2,9,68,4.8,True,0
TMS002218,Engineering,COR04110,NR,sleeper_defect,B,2,5,11,5.0,True,0
TDMS002276,Traction Distribution,COR01435,ECR,insulator_fault,B,2,18,39,2.9,True,0
TMS005817,Engineering,COR03097,ECR,weld_failure,A,3,50,7,2.4,True,0
TDMS001185,Traction Distribution,COR00954,SR,tension_device_fault,C,1,51,10,1.0,True,0
TMS002784,Engineering,COR02904,SR,ballast_deficiency,C,1,4,18,4.5,True,0
SMMS000790,Signal & Telecommunication,COR02332,WR,point_machine_fault,B,2,81,12,2.0,True,0
TDMS000732,Traction Distribution,COR00748,NER,insulator_fault,B,2,142,18,2.0,True,0
TMS001229,Engineering,COR00628,SCR,sleeper_defect,B,2,6,63,3.5,True,0
TMS004190,Engineering,COR05201,NWR,ballast_deficiency,C,1,52,10,4.3,True,0
TDMS001007,Traction Distribution,COR00064,WR,ohe_wire_wear,B,2,75,31,2.6,True,0
TMS002756,Engineering,COR02107,SWR,alignment_deviation,C,1,3257,25,4.8,True,1
TMS001213,Engineering,COR00052,WR,alignment_deviation,C,1,12,33,2.1,True,0
SMMS002405,Signal & Telecommunication,COR03263,WCR,cable_fault,B,2,0,14,2.9,True,0
TMS001843,Engineering,COR02294,NR,alignment_deviation,C,1,79,19,3.4,True,0
TDMS001295,Traction Distribution,COR04842,SCR,ohe_wire_wear,B,2,30,12,1.8,True,0
TMS002109,Engineering,COR03807,SR,ballast_deficiency,C,1,4,22,1.5,True,0
TDMS000468,Traction Distribution,COR02767,NR,ohe_wire_wear,B,2,25,28,4.8,True,0
TMS005532,Engineering,COR00714,WR,sleeper_defect,B,2,13,45,1.3,True,0
TMS005121,Engineering,COR03655,SCR,weld_failure,A,3,2,15,4.4,True,0
TMS004864,Engineering,COR01407,SR,formation_defect,B,2,6,11,3.7,True,0
SMMS001589,Signal & Telecommunication,COR02372,SECR,cable_fault,B,2,1,7,1.6,True,0
TDMS001383,Traction Distribution,COR06529,NR,insulator_fault,B,2,34,10,4.6,True,0
TMS000858,Engineering,COR00080,NWR,alignment_deviation,C,1,4,30,5.4,True,0
TMS003546,Engineering,COR05647,SECR,rail_wear,C,1,5,7,3.9,True,0
TMS002505,Engineering,COR02829,WR,sleeper_defect,B,2,6,90,5.5,False,0
TDMS002169,Traction Distribution,COR01099,SCR,tension_device_fault,C,1,77,14,3.8,True,0
TDMS002015,Traction Distribution,COR02802,WR,ohe_wire_wear,B,2,84,53,2.9,True,0
TMS003103,Engineering,COR02830,WR,rail_fracture,A,3,88,95,5.1,True,1
TMS005354,Engineering,COR00623,SCR,rail_fracture,A,3,25,63,5.5,True,1
TMS002977,Engineering,COR02026,NER,weld_failure,A,3,2,22,2.4,True,0
SMMS001239,Signal & Telecommunication,COR01363,WR,point_machine_fault,B,2,4,34,4.0,True,0
TMS002254,Engineering,COR00744,NER,alignment_deviation,C,1,223,16,0.8,False,0
TMS004467,Engineering,COR00233,WCR,formation_defect,B,2,27,57,5.7,True,0
TMS005344,Engineering,COR04447,ECR,rail_wear,C,1,2,13,4.9,True,0
TMS003836,Engineering,COR01525,CR,sleeper_defect,B,2,6,50,3.4,True,0
TDMS002177,Traction Distribution,COR05475,SR,ohe_wire_wear,B,2,4,5,2.3,True,0
TMS002490,Engineering,COR00696,WR,alignment_deviation,C,1,6,92,1.7,True,0
TDMS001080,Traction Distribution,COR06396,NER,circuit_breaker_fault,A,3,14,19,4.9,True,0
SMMS002079,Signal & Telecommunication,COR06536,NCR,interlocking_fault,A,3,3,2,3.2,True,0
SMMS000530,Signal & Telecommunication,COR02366,SECR,interlocking_fault,A,3,15,7,3.7,True,0
TDMS000017,Traction Distribution,COR00738,NER,tension_device_fault,C,1,17,17,0.6,True,0
SMMS000644,Signal & Telecommunication,COR02316,WCR,block_instrument_fault,B,2,2,7,0.5,True,0
TMS002828,Engineering,COR01861,NR,weld_failure,A,3,10,37,4.6,True,0
TMS002583,Engineering,COR00620,SCR,ballast_deficiency,C,1,1280,63,3.8,True,1
TDMS002117,Traction Distribution,COR01478,NFR,ohe_pole_defect,C,1,137,25,0.6,True,0
TMS001384,Engineering,COR01204,CR,sleeper_defect,B,2,48,22,2.4,False,0
TDMS000301,Traction Distribution,COR04929,KR,feeder_fault,A,3,19,26,4.2,True,0
SMMS000875,Signal & Telecommunication,COR01552,CR,cable_fault,B,2,10,22,0.6,True,0
TMS000255,Engineering,COR00097,NWR,sleeper_defect,C,1,65,19,2.6,True,0
TMS002420,Engineering,COR02964,KR,sleeper_defect,B,2,54,22,4.2,True,0
TMS000260,Engineering,COR02150,SR,ballast_deficiency,C,1,15,70,2.3,True,0
SMMS002231,Signal & Telecommunication,COR01844,NR,block_instrument_fault,B,2,22,28,3.9,True,0
TMS001305,Engineering,COR01185,CR,ballast_deficiency,C,1,9,22,1.4,True,0
TDMS002413,Traction Distribution,COR03976,ER,ohe_pole_defect,C,1,81,14,1.8,True,0
TMS001437,Engineering,COR05304,WCR,ballast_deficiency,C,1,65,4,2.5,True,0
TDMS000358,Traction Distribution,COR03563,SER,tension_device_fault,C,1,93,25,3.1,True,0
TMS001260,Engineering,COR01757,WCR,rail_fracture,A,3,396,43,1.6,False,1
TMS001971,Engineering,COR03022,NR,formation_defect,B,2,44,11,5.2,True,0
TMS005649,Engineering,COR00704,WR,rail_wear,C,1,32,87,5.7,True,0
TDMS002127,Traction Distribution,COR00213,NCR,tension_device_fault,C,1,337,53,2.5,True,1
TDMS000513,Traction Distribution,COR02776,NR,insulator_fault,B,2,18,28,2.0,True,0
SMMS002588,Signal & Telecommunication,COR04130,SR,point_machine_fault,B,2,2,41,2.3,True,0
TMS002023,Engineering,COR00626,SCR,weld_failure,A,3,6,63,3.8,True,0
TMS000371,Engineering,COR00357,WR,weld_failure,A,3,51,10,5.7,True,0
SMMS002274,Signal & Telecommunication,COR03529,SR,cable_fault,B,2,0,4,1.6,True,0
TMS003416,Engineering,COR00696,WR,alignment_deviation,C,1,14,92,4.0,True,0
TDMS002304,Traction Distribution,COR00555,NR,ohe_pole_defect,C,1,86,22,4.1,True,0
TMS003428,Engineering,COR01878,SCR,rail_wear,C,1,15,62,2.0,True,0
TDMS000539,Traction Distribution,COR00161,NR,circuit_breaker_fault,A,3,23,62,0.6,True,1
TMS004517,Engineering,COR00686,WR,alignment_deviation,C,1,3,91,3.9,True,0
TMS001964,Engineering,COR00284,WCR,ballast_deficiency,C,1,180,68,4.7,True,0
TDMS002291,Traction Distribution,COR04421,SWR,ohe_wire_wear,B,2,444,20,2.8,True,1
TDMS000143,Traction Distribution,COR05149,WCR,ohe_pole_defect,C,1,48,3,2.4,True,0
TMS002301,Engineering,COR02385,WR,ballast_deficiency,B,2,4,36,5.4,True,0
TMS001540,Engineering,COR00674,WR,sleeper_defect,B,2,12,66,3.5,True,0
SMMS002375,Signal & Telecommunication,COR00654,SWR,point_machine_fault,B,2,0,22,3.2,True,0
TMS000563,Engineering,COR03904,NR,weld_failure,A,3,11,22,2.6,True,0
TMS000680,Engineering,COR00682,WR,weld_failure,A,3,27,90,3.2,True,0
TMS003826,Engineering,COR02669,NR,formation_defect,B,2,214,7,2.7,True,0
SMMS002598,Signal & Telecommunication,COR04981,WR,axle_counter_fault,A,3,134,14,2.3,True,0
TMS001134,Engineering,COR00044,WR,ballast_deficiency,C,1,318,32,2.5,True,0
SMMS002484,Signal & Telecommunication,COR03523,SR,cable_fault,B,2,2,5,3.3,True,0
TMS004544,Engineering,COR00053,WR,rail_wear,C,1,67,33,4.7,True,0
TMS001884,Engineering,COR00473,CR,alignment_deviation,C,1,64,69,1.5,True,0
SMMS001066,Signal & Telecommunication,COR01420,SECR,axle_counter_fault,A,3,2,9,1.9,True,0
TDMS000842,Traction Distribution,COR03053,SR,tension_device_fault,C,1,109,22,4.5,True,0
TDMS000678,Traction Distribution,COR00266,WCR,insulator_fault,B,2,45,54,4.9,True,0
TMS005880,Engineering,COR01669,WCR,alignment_deviation,C,1,134,55,3.9,True,0
SMMS001070,Signal & Telecommunication,COR05383,NFR,block_instrument_fault,B,2,14,3,2.8,True,0
TDMS000208,Traction Distribution,COR00089,NWR,ohe_pole_defect,C,1,4,30,3.7,True,0
SMMS002444,Signal & Telecommunication,COR00042,WR,interlocking_fault,A,3,4,35,3.1,True,0
SMMS000370,Signal & Telecommunication,COR00283,WCR,block_instrument_fault,B,2,0,34,2.3,False,0
SMMS001520,Signal & Telecommunication,COR02773,NR,signal_failure,A,3,1,28,0.7,True,0
SMMS001682,Signal & Telecommunication,COR04691,KR,cable_fault,B,2,2,26,0.6,True,0
TDMS001483,Traction Distribution,COR03116,NR,tension_device_fault,C,1,50,4,5.0,True,0
SMMS000599,Signal & Telecommunication,COR00188,ECR,lc_gate_interlock_fault,A,3,2,16,3.1,False,0
TMS001282,Engineering,COR02890,WCR,rail_wear,C,1,13,34,2.8,True,0
SMMS002447,Signal & Telecommunication,COR05007,SR,cable_fault,B,2,7,17,1.1,True,0
TMS002665,Engineering,COR00261,WCR,sleeper_defect,B,2,310,54,1.5,True,1
SMMS000270,Signal & Telecommunication,COR00821,NWR,interlocking_fault,A,3,3,11,3.9,False,0
TMS004834,Engineering,COR01556,CR,sleeper_defect,B,2,85,22,4.3,False,0
TDMS000105,Traction Distribution,COR02174,WCR,ohe_wire_wear,B,2,85,15,1.0,True,0
TDMS001903,Traction Distribution,COR05446,WCR,circuit_breaker_fault,A,3,93,7,2.9,True,0
TMS000508,Engineering,COR04289,SER,points_crossing_wear,B,2,9,20,4.5,True,0
TMS002139,Engineering,COR02393,WR,formation_defect,B,2,84,36,2.6,True,0
TMS000144,Engineering,COR04996,SR,points_crossing_wear,B,2,1,13,3.6,True,0
TMS003638,Engineering,COR01381,SR,points_crossing_wear,B,2,30,7,1.3,True,0
TDMS001245,Traction Distribution,COR00310,WCR,earthing_fault,B,2,7,4,3.1,True,0
SMMS001934,Signal & Telecommunication,COR07792,NWR,axle_counter_fault,A,3,1,5,0.5,True,0
SMMS001264,Signal & Telecommunication,COR03687,WR,cable_fault,B,2,45,8,3.2,True,0
TMS005117,Engineering,COR00053,WR,rail_wear,C,1,34,33,4.8,True,0
TMS005587,Engineering,COR01090,SWR,ballast_deficiency,C,1,56,20,3.2,True,0
TMS005845,Engineering,COR02764,NR,alignment_deviation,A,3,15,28,1.9,True,0
SMMS000255,Signal & Telecommunication,COR06009,NWR,point_machine_fault,B,2,4,9,1.3,True,0
SMMS001906,Signal & Telecommunication,COR04609,NFR,cable_fault,B,2,23,15,1.5,True,0
TMS005321,Engineering,COR00378,NER,alignment_deviation,C,1,3139,21,3.8,True,0
TDMS001234,Traction Distribution,COR03038,NR,circuit_breaker_fault,A,3,13,12,3.3,True,0
SMMS000846,Signal & Telecommunication,COR02207,SECR,lc_gate_interlock_fault,A,3,0,7,2.4,True,0
TDMS002317,Traction Distribution,COR03087,SR,tension_device_fault,C,1,20,40,2.9,True,0
TMS000015,Engineering,COR00581,ECR,rail_wear,C,1,397,20,1.1,True,0
SMMS000569,Signal & Telecommunication,COR03008,ECR,axle_counter_fault,A,3,20,5,3.4,True,0
TDMS001957,Traction Distribution,COR01704,WCR,circuit_breaker_fault,A,3,83,58,2.5,True,1
TMS002022,Engineering,COR06120,NFR,sleeper_defect,B,2,21,4,1.3,False,0
TMS004262,Engineering,COR04456,NFR,alignment_deviation,C,1,9,15,4.4,True,0
TMS002765,Engineering,COR01391,SR,rail_fracture,A,3,5,18,3.0,True,0
TMS000914,Engineering,COR00218,WCR,sleeper_defect,B,2,15,53,2.5,True,0
SMMS002750,Signal & Telecommunication,COR02885,NR,signal_failure,A,3,1,61,2.4,True,1
TMS004088,Engineering,COR00781,NWR,ballast_deficiency,C,1,2,26,4.7,True,0
TMS000730,Engineering,COR00678,WR,ballast_deficiency,C,1,13,94,0.7,True,0
SMMS000500,Signal & Telecommunication,COR01768,WCR,axle_counter_fault,A,3,22,43,3.8,False,0
TMS002962,Engineering,COR00459,SCR,rail_fracture,A,3,220,18,1.8,True,1
SMMS001342,Signal & Telecommunication,COR04139,SR,point_machine_fault,B,2,0,41,3.9,False,0
SMMS001669,Signal & Telecommunication,COR05388,NFR,point_machine_fault,B,2,29,3,2.4,True,0
TMS000700,Engineering,COR00279,WCR,alignment_deviation,C,1,269,68,3.3,True,0
TMS000693,Engineering,COR00483,WCR,ballast_deficiency,C,1,5,69,3.3,True,0
TMS002239,Engineering,COR01527,SCR,points_crossing_wear,B,2,13,19,2.6,True,0
TMS005271,Engineering,COR02971,SR,ballast_deficiency,C,1,27,40,4.4,True,0
TMS000992,Engineering,COR04092,NR,sleeper_defect,B,2,11,10,1.7,True,0
TMS000007,Engineering,COR01630,SWR,formation_defect,B,2,25,27,3.4,True,0
TMS005805,Engineering,COR05189,NWR,ballast_deficiency,C,1,4,10,3.7,True,0
TMS000559,Engineering,COR02392,WR,sleeper_defect,B,2,82,36,1.5,True,0
SMMS000826,Signal & Telecommunication,COR00795,NWR,point_machine_fault,B,2,5,4,1.7,True,0
SMMS000991,Signal & Telecommunication,COR02669,NR,interlocking_fault,A,3,5,7,1.9,True,0
TDMS001451,Traction Distribution,COR03026,NR,ohe_pole_defect,C,1,13,11,2.9,True,0
TMS003270,Engineering,COR04482,WCR,alignment_deviation,C,1,2,36,4.3,True,0
TDMS000232,Traction Distribution,COR02694,NR,earthing_fault,B,2,505,27,4.7,True,1
TMS004119,Engineering,COR02582,KR,ballast_deficiency,C,1,305,22,1.1,True,0
TMS003654,Engineering,COR02223,SWR,rail_fracture,A,3,326,20,2.0,True,1
TMS003472,Engineering,COR04577,NCR,points_crossing_wear,B,2,13,12,3.4,True,0
TDMS002270,Traction Distribution,COR05117,WCR,tension_device_fault,C,1,115,5,3.6,True,0
TMS004905,Engineering,COR02755,SCR,formation_defect,B,2,26,9,2.1,True,0
TMS003421,Engineering,COR04289,SER,rail_wear,C,1,0,20,2.9,False,0
TMS002243,Engineering,COR04943,KR,rail_fracture,A,3,7,26,0.7,True,0
TMS004243,Engineering,COR00773,NR,sleeper_defect,B,2,11,35,2.1,True,0
TDMS002074,Traction Distribution,COR01652,SWR,feeder_fault,A,3,12,29,1.3,True,0
TDMS001827,Traction Distribution,COR00277,WCR,ohe_wire_wear,B,2,6,68,2.0,True,0
SMMS001324,Signal & Telecommunication,COR03517,SR,interlocking_fault,A,3,3,5,1.8,True,0
SMMS000712,Signal & Telecommunication,COR04550,NR,lc_gate_interlock_fault,A,3,1,37,2.5,True,0
TMS003952,Engineering,COR00604,NER,weld_failure,A,3,29,16,4.8,False,0
TDMS002167,Traction Distribution,COR01895,SCR,ohe_wire_wear,B,2,15,66,3.1,True,0
TDMS001070,Traction Distribution,COR05122,NR,earthing_fault,B,2,3,6,2.6,True,0
TMS005989,Engineering,COR02150,SR,rail_wear,C,1,27,70,3.7,True,0
TMS001254,Engineering,COR01559,CR,rail_wear,C,1,50,22,1.7,True,0
TMS004703,Engineering,COR00397,WR,ballast_deficiency,C,1,67,5,1.1,True,0
SMMS002928,Signal & Telecommunication,COR06389,NER,cable_fault,B,2,4,19,1.7,True,0
TMS002498,Engineering,COR05174,ECR,ballast_deficiency,C,1,13,20,2.0,True,0
TMS000282,Engineering,COR05074,NWR,weld_failure,A,3,7,10,3.7,True,0
TDMS001246,Traction Distribution,COR03294,SWR,ohe_pole_defect,C,1,19,12,3.6,True,0
TMS001737,Engineering,COR02402,WR,alignment_deviation,C,1,34,26,1.7,True,0
TMS004044,Engineering,COR00705,WR,points_crossing_wear,B,2,84,87,4.2,True,0
TDMS001009,Traction Distribution,COR02189,SWR,tension_device_fault,C,1,78,20,4.7,True,0
TDMS001865,Traction Distribution,COR00626,SCR,circuit_breaker_fault,A,3,0,63,4.1,True,1
TMS001905,Engineering,COR03808,SR,points_crossing_wear,C,1,57,22,1.2,True,0
TMS001818,Engineering,COR01313,NWR,points_crossing_wear,B,2,38,19,0.6,True,0
SMMS002203,Signal & Telecommunication,COR06372,WR,point_machine_fault,B,2,8,11,3.6,True,0
TMS005815,Engineering,COR01949,SCR,ballast_deficiency,C,1,15,22,1.5,False,0
TMS003405,Engineering,COR02834,WR,sleeper_defect,B,2,60,95,4.2,True,0
TMS003415,Engineering,COR04539,NR,points_crossing_wear,A,3,13,38,4.5,True,1
TMS002041,Engineering,COR02321,WR,ballast_deficiency,C,1,76,31,0.8,True,0
TMS000290,Engineering,COR02798,WR,sleeper_defect,B,2,22,53,4.8,True,0
SMMS000226,Signal & Telecommunication,COR00672,WR,lc_gate_interlock_fault,A,3,3,94,2.6,True,0
TMS005392,Engineering,COR03501,NR,alignment_deviation,C,1,369,12,0.5,False,0
TDMS001115,Traction Distribution,COR05787,WR,earthing_fault,B,2,9,4,4.5,True,0
SMMS002842,Signal & Telecommunication,COR01299,NWR,cable_fault,B,2,1,20,2.0,True,0
TDMS002486,Traction Distribution,COR01366,WR,tension_device_fault,C,1,481,37,1.4,True,0
TMS000222,Engineering,COR01570,CR,weld_failure,A,3,126,22,2.7,True,1
TDMS000136,Traction Distribution,COR06104,WR,earthing_fault,B,2,5,12,0.6,True,0
TMS005978,Engineering,COR03856,ER,sleeper_defect,B,2,9,6,5.8,False,0
TMS004631,Engineering,COR03171,CR,sleeper_defect,B,2,1721,8,2.1,True,0
TMS005702,Engineering,COR05499,NER,formation_defect,B,2,5,9,1.0,True,0
SMMS000717,Signal & Telecommunication,COR01851,NR,point_machine_fault,B,2,1,28,3.8,True,0
TMS005041,Engineering,COR00561,NR,rail_wear,C,1,10,26,2.1,True,0
TMS000450,Engineering,COR01697,WCR,points_crossing_wear,B,2,8,59,1.7,True,0
TDMS002095,Traction Distribution,COR00627,SCR,ohe_wire_wear,B,2,10,63,2.9,True,0
TMS000728,Engineering,COR02077,SWR,ballast_deficiency,C,1,71,25,5.1,True,0
TDMS001603,Traction Distribution,COR00686,WR,tension_device_fault,C,1,82,91,4.6,True,0
TMS005695,Engineering,COR05512,ER,formation_defect,B,2,3,10,5.9,True,0
TMS004410,Engineering,COR02838,WR,ballast_deficiency,C,1,7,95,0.9,False,0
TMS005899,Engineering,COR01678,WCR,rail_wear,C,1,73,55,5.0,True,0
SMMS002091,Signal & Telecommunication,COR04905,SWR,block_instrument_fault,B,2,157,20,3.2,True,0
SMMS000164,Signal & Telecommunication,COR04240,NWR,axle_counter_fault,A,3,3,10,2.1,True,0
TMS002646,Engineering,COR01934,SCR,weld_failure,A,3,24,22,3.5,True,0
TDMS002401,Traction Distribution,COR01715,WCR,feeder_fault,A,3,54,54,0.6,True,1
TMS004293,Engineering,COR01012,NFR,weld_failure,A,3,11,21,4.6,True,0
TMS001704,Engineering,COR02074,SWR,points_crossing_wear,B,2,83,25,1.5,True,0
TDMS002092,Traction Distribution,COR06907,ER,tension_device_fault,C,1,5,8,2.0,True,0
SMMS000539,Signal & Telecommunication,COR06563,SWR,block_instrument_fault,B,2,7,4,2.5,True,0
TMS003216,Engineering,COR00674,WR,points_crossing_wear,B,2,10,66,4.5,True,0
SMMS001973,Signal & Telecommunication,COR01510,CR,cable_fault,B,2,144,19,3.6,True,0
SMMS001867,Signal & Telecommunication,COR01457,WR,lc_gate_interlock_fault,A,3,0,13,4.0,False,0
SMMS002267,Signal & Telecommunication,COR00226,WCR,signal_failure,A,3,15,57,1.6,True,1
TMS000078,Engineering,COR02980,SR,alignment_deviation,C,1,243,40,2.2,True,0
TMS003413,Engineering,COR03577,SER,rail_wear,C,1,14,25,5.0,True,0
TMS000616,Engineering,COR03275,SWR,sleeper_defect,B,2,46,12,3.4,True,0
SMMS000484,Signal & Telecommunication,COR01935,SCR,block_instrument_fault,B,2,1,22,2.5,False,0
TMS005749,Engineering,COR01746,WR,weld_failure,A,3,20,16,2.4,True,0
SMMS001053,Signal & Telecommunication,COR01126,NER,signal_failure,A,3,2,8,1.5,True,0
SMMS001153,Signal & Telecommunication,COR02396,WR,axle_counter_fault,A,3,0,35,2.9,True,0
TMS002978,Engineering,COR00680,WR,rail_fracture,A,3,14,94,4.0,False,0
TDMS001202,Traction Distribution,COR00245,WCR,ohe_pole_defect,C,1,9,54,0.8,True,0
TDMS000533,Traction Distribution,COR02884,NR,insulator_fault,B,2,14,52,4.3,True,0
SMMS001693,Signal & Telecommunication,COR00281,WCR,signal_failure,A,3,5,68,3.4,True,0
TMS005748,Engineering,COR02838,WR,sleeper_defect,A,3,11,95,1.4,True,0
TDMS002010,Traction Distribution,COR01756,WCR,earthing_fault,B,2,18,22,2.2,True,0
TMS005530,Engineering,COR04601,NFR,points_crossing_wear,B,2,7,15,0.9,False,0
TDMS002406,Traction Distribution,COR04297,NER,ohe_pole_defect,C,1,42,18,1.8,True,0
TDMS000862,Traction Distribution,COR05661,NWR,ohe_wire_wear,B,2,16,8,0.7,True,0
TMS002872,Engineering,COR06964,ER,points_crossing_wear,B,2,80,1,5.3,True,0
TDMS001403,Traction Distribution,COR01636,SWR,tension_device_fault,C,1,11,27,2.0,True,0
TMS002352,Engineering,COR01801,NR,rail_fracture,A,3,117,10,1.6,True,0
TMS000735,Engineering,COR04117,NR,rail_wear,C,1,6,10,1.9,True,0
TMS002126,Engineering,COR01325,NWR,alignment_deviation,A,3,5,30,4.4,True,0
TMS005258,Engineering,COR06396,NER,alignment_deviation,C,1,55,19,3.6,True,0
TMS005508,Engineering,COR02077,SWR,formation_defect,B,2,2,25,5.8,False,0
SMMS002869,Signal & Telecommunication,COR03037,NR,cable_fault,B,2,1,12,0.9,True,0
TDMS000252,Traction Distribution,COR03805,SR,earthing_fault,B,2,10,15,0.8,True,0
SMMS002619,Signal & Telecommunication,COR00611,SCR,cable_fault,B,2,2,67,2.7,False,0
TMS002188,Engineering,COR00695,WR,weld_failure,A,3,83,92,4.7,True,1
TMS004148,Engineering,COR00044,WR,alignment_deviation,C,1,435,32,1.4,False,0
TMS002444,Engineering,COR04691,KR,formation_defect,B,2,131,26,5.2,True,0
SMMS001234,Signal & Telecommunication,COR04607,NFR,block_instrument_fault,B,2,17,15,2.9,True,0
SMMS001881,Signal & Telecommunication,COR02378,WR,axle_counter_fault,A,3,5,35,1.2,True,0
TMS001040,Engineering,COR00057,WR,alignment_deviation,C,1,135,31,2.2,False,0
TMS000158,Engineering,COR01608,SWR,rail_fracture,C,1,12,25,0.7,False,0
TMS006000,Engineering,COR01696,WCR,sleeper_defect,B,2,18,59,5.7,True,0
SMMS000754,Signal & Telecommunication,COR01282,NR,point_machine_fault,B,2,25,5,0.7,True,0
TMS000955,Engineering,COR01948,SCR,ballast_deficiency,C,1,5,22,5.2,True,0
TDMS001432,Traction Distribution,COR07890,WR,ohe_wire_wear,B,2,8,2,3.3,True,0
TMS005034,Engineering,COR05362,WCR,weld_failure,A,3,1,3,0.6,True,0
TDMS000595,Traction Distribution,COR02819,WR,earthing_fault,B,2,12,90,3.5,True,0
TMS002172,Engineering,COR01550,CR,ballast_deficiency,A,3,59,22,1.0,True,0
TMS001000,Engineering,COR00721,WR,alignment_deviation,C,1,1,26,0.7,True,0
TMS004973,Engineering,COR00260,WCR,rail_wear,C,1,7,54,4.6,True,0
TDMS000016,Traction Distribution,COR04685,KR,insulator_fault,B,2,11,26,3.7,True,0
TMS005591,Engineering,COR00464,SCR,weld_failure,A,3,13,26,1.9,True,0
SMMS000115,Signal & Telecommunication,COR01377,SR,cable_fault,B,2,1,6,2.7,True,0
TMS000977,Engineering,COR00218,WCR,rail_fracture,A,3,3,53,4.5,True,0
SMMS001633,Signal & Telecommunication,COR01706,WCR,interlocking_fault,A,3,0,58,2.8,True,1
TMS003994,Engineering,COR00672,WR,ballast_deficiency,C,1,4,94,2.7,True,0
TMS003719,Engineering,COR01123,NER,sleeper_defect,B,2,8,8,3.3,False,0
TMS001754,Engineering,COR00632,SECR,formation_defect,B,2,12,7,2.5,True,0
TDMS000683,Traction Distribution,COR00377,NER,feeder_fault,A,3,5,21,1.4,True,0
TMS003109,Engineering,COR00023,WR,weld_failure,A,3,237,35,4.6,True,1
TMS000071,Engineering,COR00065,WR,ballast_deficiency,C,1,11,31,2.4,False,0
TMS004795,Engineering,COR01726,NCR,ballast_deficiency,C,1,8,54,2.1,True,0
TMS004918,Engineering,COR00609,SCR,sleeper_defect,B,2,3,67,0.8,True,0
TMS003800,Engineering,COR00647,SWR,alignment_deviation,C,1,0,22,5.0,True,0
TDMS001386,Traction Distribution,COR01083,SWR,feeder_fault,A,3,98,22,2.1,True,0
TMS003742,Engineering,COR05217,SR,formation_defect,B,2,10,13,0.9,True,0
TMS001739,Engineering,COR01763,WCR,alignment_deviation,C,1,60,43,1.0,False,0
SMMS000562,Signal & Telecommunication,COR04229,NR,interlocking_fault,A,3,4,16,1.9,True,0
SMMS001401,Signal & Telecommunication,COR02740,SR,signal_failure,A,3,5,18,0.5,True,0
SMMS002639,Signal & Telecommunication,COR00848,WR,axle_counter_fault,A,3,4,9,2.3,True,0
TMS000387,Engineering,COR00074,NWR,formation_defect,B,2,8,30,1.6,True,0
TMS003810,Engineering,COR03614,SWR,ballast_deficiency,C,1,7,18,5.1,True,0
TMS004810,Engineering,COR04598,NFR,formation_defect,B,2,747,15,6.0,True,0
TMS002225,Engineering,COR06517,NR,alignment_deviation,C,1,3,13,1.1,True,0
TDMS000246,Traction Distribution,COR02118,SWR,ohe_pole_defect,C,1,84,27,2.8,True,0
SMMS002510,Signal & Telecommunication,COR01729,NCR,block_instrument_fault,B,2,3,54,1.4,True,0
TMS004404,Engineering,COR05512,ER,sleeper_defect,B,2,3,10,3.0,True,0
TMS003131,Engineering,COR01196,CR,points_crossing_wear,B,2,12,22,5.0,True,0
TMS004355,Engineering,COR01201,CR,sleeper_defect,B,2,4,22,5.1,True,0
SMMS001856,Signal & Telecommunication,COR00558,NR,point_machine_fault,B,2,3,35,2.4,True,0
TMS003539,Engineering,COR05866,NR,sleeper_defect,B,2,10,8,5.9,True,0
SMMS002880,Signal & Telecommunication,COR00536,SR,cable_fault,B,2,5,19,1.4,True,0
SMMS002432,Signal & Telecommunication,COR01342,NWR,block_instrument_fault,B,2,1,30,3.1,True,0
TMS002494,Engineering,COR03796,SCR,ballast_deficiency,C,1,5,7,3.0,True,0
TMS003646,Engineering,COR02813,WR,ballast_deficiency,C,1,2,92,3.1,True,0
SMMS001428,Signal & Telecommunication,COR02301,NR,cable_fault,B,2,46,29,1.1,True,0
TDMS001394,Traction Distribution,COR05946,NWR,tension_device_fault,C,1,78,5,1.3,True,0
TDMS000582,Traction Distribution,COR00671,WR,earthing_fault,B,2,17,94,0.5,True,0
TMS004069,Engineering,COR01598,SWR,ballast_deficiency,C,1,349,25,1.5,True,0
SMMS000845,Signal & Telecommunication,COR01867,NR,axle_counter_fault,A,3,5,29,2.3,True,0
TDMS001643,Traction Distribution,COR05892,NWR,feeder_fault,A,3,211,28,1.5,True,1
TMS004728,Engineering,COR01469,NFR,ballast_deficiency,C,1,0,25,4.1,False,0
SMMS000711,Signal & Telecommunication,COR05900,WR,point_machine_fault,B,2,0,7,3.0,False,0
TDMS000601,Traction Distribution,COR01401,SR,insulator_fault,B,2,49,11,4.7,True,0
TMS002852,Engineering,COR01214,SCR,sleeper_defect,B,2,6,10,1.6,True,0
TMS005715,Engineering,COR00487,WCR,alignment_deviation,C,1,10,69,5.2,True,0
SMMS001256,Signal & Telecommunication,COR07689,NCR,point_machine_fault,B,2,5,2,2.0,True,0
TMS001426,Engineering,COR00235,WCR,points_crossing_wear,B,2,66,58,2.1,True,0
TDMS000326,Traction Distribution,COR01179,CR,feeder_fault,A,3,18,23,1.5,True,0
SMMS000636,Signal & Telecommunication,COR00432,SCR,point_machine_fault,B,2,0,17,1.6,True,0
SMMS000474,Signal & Telecommunication,COR00205,NCR,signal_failure,A,3,1,53,2.8,True,1
TMS001101,Engineering,COR02318,WR,rail_fracture,A,3,12,23,1.5,True,0
TMS001356,Engineering,COR01425,SECR,points_crossing_wear,B,2,28,4,5.1,True,0
TMS001274,Engineering,COR01891,SCR,sleeper_defect,B,2,1,66,1.9,True,0
TMS005668,Engineering,COR00078,NWR,ballast_deficiency,C,1,3,30,1.2,False,0
TMS003019,Engineering,COR01555,CR,weld_failure,A,3,5,22,1.7,True,0
SMMS000387,Signal & Telecommunication,COR03355,SR,lc_gate_interlock_fault,A,3,23,5,2.3,True,0
TMS005515,Engineering,COR00094,NWR,formation_defect,B,2,15,30,5.2,True,0
TDMS000844,Traction Distribution,COR06348,NR,circuit_breaker_fault,A,3,12,4,0.9,True,0
SMMS001678,Signal & Telecommunication,COR01879,SCR,lc_gate_interlock_fault,A,3,4,62,0.9,True,1
TMS001421,Engineering,COR02808,WR,points_crossing_wear,B,2,3,54,1.8,True,0
TMS000492,Engineering,COR01937,SCR,alignment_deviation,C,1,73,22,5.2,True,0
TMS005934,Engineering,COR03832,NFR,sleeper_defect,C,1,88,8,2.9,True,0
SMMS001010,Signal & Telecommunication,COR03406,NER,interlocking_fault,A,3,5,4,0.7,False,0
TMS002232,Engineering,COR01048,NFR,sleeper_defect,B,2,349,4,3.7,True,1
TDMS001493,Traction Distribution,COR04038,NER,tension_device_fault,C,1,12,33,2.0,True,0
TDMS002434,Traction Distribution,COR02547,SECR,ohe_pole_defect,C,1,97,5,3.6,True,0
SMMS002675,Signal & Telecommunication,COR04447,ECR,lc_gate_interlock_fault,A,3,0,13,0.6,False,0
SMMS000678,Signal & Telecommunication,COR01884,SCR,cable_fault,B,2,1,62,2.2,True,0
TMS002856,Engineering,COR02816,WR,ballast_deficiency,C,1,358,92,3.8,False,1
TMS002654,Engineering,COR04737,NR,points_crossing_wear,B,2,398,8,1.0,True,0
TMS004372,Engineering,COR00530,SR,formation_defect,B,2,261,35,3.5,True,1
TMS004554,Engineering,COR00252,WCR,points_crossing_wear,A,3,3,54,5.1,True,1
TMS005156,Engineering,COR02394,WR,rail_fracture,A,3,2,35,5.0,True,0
SMMS001300,Signal & Telecommunication,COR01887,SCR,block_instrument_fault,B,2,5,62,0.6,True,0
SMMS002664,Signal & Telecommunication,COR04048,NER,interlocking_fault,A,3,5,21,3.0,True,0
TMS004125,Engineering,COR04849,NCR,ballast_deficiency,C,1,50,4,0.8,True,0
TDMS001594,Traction Distribution,COR06091,NFR,feeder_fault,A,3,67,4,1.1,True,0
SMMS002394,Signal & Telecommunication,COR01346,WR,cable_fault,B,2,14,31,2.9,True,0
TMS005361,Engineering,COR01775,SWR,rail_wear,C,1,3,7,4.2,False,0
SMMS000351,Signal & Telecommunication,COR05664,NWR,signal_failure,A,3,2,8,0.9,True,0
SMMS002411,Signal & Telecommunication,COR04379,SR,lc_gate_interlock_fault,A,3,2,9,2.4,True,0
SMMS002722,Signal & Telecommunication,COR04277,NWR,point_machine_fault,B,2,10,7,2.3,True,0
SMMS001665,Signal & Telecommunication,COR06144,SR,lc_gate_interlock_fault,A,3,4,7,2.4,True,0
SMMS002706,Signal & Telecommunication,COR03405,NER,lc_gate_interlock_fault,A,3,3,4,1.9,True,0
SMMS000260,Signal & Telecommunication,COR00275,WCR,block_instrument_fault,B,2,13,68,1.5,True,0
TDMS000102,Traction Distribution,COR06706,SER,tension_device_fault,C,1,9,4,2.1,True,0
TMS005212,Engineering,COR00022,WR,ballast_deficiency,C,1,2,35,2.7,False,0
TMS002576,Engineering,COR05099,NCR,alignment_deviation,C,1,2,9,1.5,True,0
TMS004127,Engineering,COR01936,SCR,rail_wear,C,1,83,22,3.6,True,0
TDMS001743,Traction Distribution,COR07539,NFR,insulator_fault,B,2,435,1,2.0,True,0
TMS003013,Engineering,COR02827,WR,alignment_deviation,C,1,45,90,3.1,True,0
TDMS000979,Traction Distribution,COR00683,WR,ohe_pole_defect,C,1,32,90,1.4,True,0
TDMS001505,Traction Distribution,COR00411,ER,insulator_fault,B,2,5,7,4.8,True,0
TMS003488,Engineering,COR05948,KR,points_crossing_wear,B,2,1,4,1.4,True,0
TMS001999,Engineering,COR01846,NR,rail_fracture,A,3,14,36,1.4,True,1
SMMS002314,Signal & Telecommunication,COR02703,NR,block_instrument_fault,B,2,0,27,3.3,True,0
TMS003255,Engineering,COR05418,NR,sleeper_defect,B,2,50,6,4.3,True,0
SMMS002299,Signal & Telecommunication,COR02583,KR,block_instrument_fault,B,2,2,22,2.7,True,0
SMMS001972,Signal & Telecommunication,COR02831,WR,block_instrument_fault,B,2,3,95,1.7,True,0
SMMS001263,Signal & Telecommunication,COR00052,WR,point_machine_fault,B,2,20,33,2.3,True,0
SMMS001497,Signal & Telecommunication,COR01887,SCR,block_instrument_fault,B,2,2,62,3.4,True,0
TMS001255,Engineering,COR01003,NFR,rail_wear,C,1,76,19,2.3,True,0
SMMS001725,Signal & Telecommunication,COR02991,SR,signal_failure,A,3,3,41,3.5,False,0
TDMS001198,Traction Distribution,COR00543,SR,feeder_fault,A,3,124,35,1.9,True,1
TMS005454,Engineering,COR04689,KR,alignment_deviation,C,1,347,26,1.8,True,0
TDMS001548,Traction Distribution,COR02092,SWR,insulator_fault,B,2,18,24,3.2,True,0
TMS000380,Engineering,COR00025,WR,ballast_deficiency,C,1,5,35,4.8,True,0
SMMS002369,Signal & Telecommunication,COR06522,NR,signal_failure,A,3,0,11,3.9,True,0
TMS004561,Engineering,COR00981,NFR,ballast_deficiency,C,1,13,14,2.9,True,0
TDMS001391,Traction Distribution,COR05421,NR,earthing_fault,B,2,1,12,3.0,True,0
SMMS002305,Signal & Telecommunication,COR03524,SR,point_machine_fault,B,2,11,5,0.7,True,0
TDMS000510,Traction Distribution,COR01414,SR,ohe_pole_defect,C,1,315,20,3.5,True,0
TMS005775,Engineering,COR03150,CR,weld_failure,A,3,125,33,4.1,False,1
TMS002959,Engineering,COR02963,KR,formation_defect,B,2,55,22,2.9,True,0
TMS005290,Engineering,COR04944,KR,points_crossing_wear,B,2,12,26,4.3,True,0
TMS002838,Engineering,COR00622,SCR,weld_failure,A,3,40,63,4.7,True,1
TDMS000641,Traction Distribution,COR00650,SWR,ohe_wire_wear,B,2,583,22,4.0,True,1
TMS002143,Engineering,COR05257,SECR,points_crossing_wear,B,2,21,6,4.2,True,0
TMS001303,Engineering,COR02155,SR,ballast_deficiency,C,1,74,70,1.8,True,0
TMS005509,Engineering,COR03258,WCR,points_crossing_wear,B,2,77,33,4.6,True,0
TMS000400,Engineering,COR03091,SR,weld_failure,A,3,118,40,1.4,True,1
TDMS000407,Traction Distribution,COR04843,SCR,earthing_fault,B,2,2,12,4.7,True,0
TDMS001779,Traction Distribution,COR05268,SCR,insulator_fault,B,2,10,4,2.5,True,0
SMMS002251,Signal & Telecommunication,COR01804,NR,cable_fault,B,2,1,11,2.9,True,0
SMMS000074,Signal & Telecommunication,COR02292,NR,point_machine_fault,B,2,40,19,1.4,True,0
TMS001588,Engineering,COR00236,WCR,rail_wear,C,1,14,58,1.3,False,0
TMS002288,Engineering,COR02603,KR,ballast_deficiency,A,3,3,22,5.0,True,0
TMS004991,Engineering,COR03265,NCR,alignment_deviation,A,3,25,14,1.5,True,0
TDMS001607,Traction Distribution,COR01220,CR,earthing_fault,B,2,18,6,3.5,True,0
TDMS001218,Traction Distribution,COR03596,NWR,tension_device_fault,C,1,86,6,5.0,True,0
SMMS001654,Signal & Telecommunication,COR01032,NFR,signal_failure,A,3,1,25,0.6,False,0
SMMS000643,Signal & Telecommunication,COR02149,SR,point_machine_fault,B,2,2,70,1.0,True,0
TMS005327,Engineering,COR00622,SCR,weld_failure,A,3,1,63,3.3,False,1
TDMS000372,Traction Distribution,COR02714,NER,ohe_pole_defect,C,1,59,10,4.2,True,0
SMMS000404,Signal & Telecommunication,COR02812,WR,point_machine_fault,B,2,23,92,2.4,True,0
TMS000866,Engineering,COR06269,NR,sleeper_defect,B,2,2,6,2.4,True,0
TMS002076,Engineering,COR01730,NR,alignment_deviation,C,1,10,34,1.3,False,0
TDMS001956,Traction Distribution,COR07901,NR,ohe_wire_wear,B,2,10,1,4.6,True,0
TDMS001114,Traction Distribution,COR02388,WR,ohe_pole_defect,C,1,97,36,4.8,True,0
TDMS002342,Traction Distribution,COR00274,WCR,ohe_wire_wear,B,2,18,68,3.7,True,0
TMS005293,Engineering,COR00660,SWR,alignment_deviation,C,1,9,22,2.6,False,0
TMS005422,Engineering,COR05625,WCR,sleeper_defect,B,2,14,1,4.7,True,0
SMMS002271,Signal & Telecommunication,COR00757,SWR,signal_failure,A,3,4,12,3.1,True,0
TDMS000048,Traction Distribution,COR06446,SER,ohe_pole_defect,C,1,9,3,3.5,True,0
TMS004234,Engineering,COR00047,WR,points_crossing_wear,B,2,87,33,3.2,True,0
TMS004738,Engineering,COR00229,WCR,rail_fracture,A,3,2,57,3.0,True,0
TDMS002109,Traction Distribution,COR00144,NR,feeder_fault,A,3,5,36,3.9,True,0
TMS002747,Engineering,COR03852,NFR,rail_wear,C,1,12,14,3.7,True,0
TMS004393,Engineering,COR00692,WR,ballast_deficiency,C,1,81,92,5.0,True,0
TMS000375,Engineering,COR02763,NR,ballast_deficiency,C,1,87,28,5.4,True,0
TMS002517,Engineering,COR03260,WCR,weld_failure,A,3,82,42,3.3,True,1
SMMS001667,Signal & Telecommunication,COR06848,ECR,point_machine_fault,B,2,2,4,2.0,True,0
TMS002837,Engineering,COR01329,NWR,rail_wear,C,1,8,30,4.6,True,0
TMS003958,Engineering,COR04960,KR,alignment_deviation,C,1,38,24,4.3,True,0
TDMS000466,Traction Distribution,COR02736,SR,ohe_wire_wear,B,2,9,18,4.7,True,0
SMMS002497,Signal & Telecommunication,COR02308,NR,axle_counter_fault,A,3,5,29,4.0,True,0
SMMS000606,Signal & Telecommunication,COR04969,ER,lc_gate_interlock_fault,A,3,0,1,4.0,True,0
TDMS000782,Traction Distribution,COR00795,NWR,feeder_fault,A,3,12,4,4.1,True,0
TDMS001408,Traction Distribution,COR00487,WCR,earthing_fault,B,2,414,69,2.1,True,1
SMMS002944,Signal & Telecommunication,COR02136,SCR,point_machine_fault,B,2,5,20,2.7,False,0
TMS004676,Engineering,COR05895,WR,ballast_deficiency,C,1,7,7,3.1,True,0
TMS001936,Engineering,COR02299,NR,rail_wear,C,1,234,29,3.2,True,0
SMMS000753,Signal & Telecommunication,COR00279,WCR,interlocking_fault,A,3,1,68,2.4,True,0
TDMS000201,Traction Distribution,COR01676,WCR,ohe_wire_wear,B,2,513,55,3.0,True,1
SMMS002011,Signal & Telecommunication,COR03354,SR,lc_gate_interlock_fault,A,3,74,9,2.1,True,0
TMS003694,Engineering,COR03829,NFR,alignment_deviation,C,1,16,17,0.5,True,0
SMMS002135,Signal & Telecommunication,COR02586,KR,point_machine_fault,B,2,35,22,3.0,True,0
TMS004768,Engineering,COR04486,NCR,ballast_deficiency,C,1,6,12,1.5,True,0
TDMS000966,Traction Distribution,COR02104,SWR,circuit_breaker_fault,A,3,39,25,1.5,True,0
TMS004169,Engineering,COR04172,NR,sleeper_defect,B,2,353,16,0.6,False,1
TMS002595,Engineering,COR01811,NWR,ballast_deficiency,C,1,0,6,2.7,True,0
SMMS000638,Signal & Telecommunication,COR04134,SR,axle_counter_fault,A,3,0,41,1.5,True,1
TMS004492,Engineering,COR01668,WCR,sleeper_defect,B,2,14,55,0.8,True,0
TMS004778,Engineering,COR03260,WCR,formation_defect,B,2,32,42,2.6,True,0
SMMS000625,Signal & Telecommunication,COR03862,ER,cable_fault,B,2,4,6,1.2,True,0
TMS005334,Engineering,COR01014,NFR,sleeper_defect,B,2,8,21,4.9,True,0
TMS005481,Engineering,COR01904,SCR,formation_defect,B,2,3,9,5.4,True,0
TMS004206,Engineering,COR01886,SCR,sleeper_defect,B,2,14,62,4.5,True,0
TMS004483,Engineering,COR00232,WCR,alignment_deviation,C,1,69,57,1.9,True,0
SMMS000021,Signal & Telecommunication,COR04161,SR,point_machine_fault,B,2,2,35,3.2,True,0
TMS003642,Engineering,COR03972,ER,ballast_deficiency,C,1,2445,14,2.6,False,0
SMMS000840,Signal & Telecommunication,COR00052,WR,cable_fault,B,2,1,33,3.2,True,0
TDMS002104,Traction Distribution,COR00661,SWR,insulator_fault,B,2,2,22,3.3,True,0
TMS002722,Engineering,COR00119,NWR,rail_fracture,A,3,42,33,3.1,True,0
SMMS002422,Signal & Telecommunication,COR05736,SR,interlocking_fault,A,3,26,10,1.4,False,0
TMS002539,Engineering,COR04928,KR,ballast_deficiency,C,1,4,26,3.1,True,0
SMMS000633,Signal & Telecommunication,COR00709,WR,lc_gate_interlock_fault,A,3,1,54,1.2,True,1
SMMS002280,Signal & Telecommunication,COR01704,WCR,cable_fault,B,2,30,58,1.7,True,0
TMS004608,Engineering,COR00086,NWR,sleeper_defect,B,2,262,30,5.4,True,0
TMS003912,Engineering,COR03264,NCR,weld_failure,A,3,8,14,3.2,True,0
SMMS001986,Signal & Telecommunication,COR00207,NCR,point_machine_fault,B,2,1,53,1.5,True,0
TMS004336,Engineering,COR00759,NR,weld_failure,A,3,170,52,0.9,True,1
SMMS002182,Signal & Telecommunication,COR02494,NWR,point_machine_fault,B,2,18,13,3.7,True,0
TMS005044,Engineering,COR05417,NR,sleeper_defect,B,2,32,6,2.5,True,0
TMS004323,Engineering,COR05548,NR,ballast_deficiency,C,1,12,7,0.7,True,0
TDMS000999,Traction Distribution,COR00638,SECR,earthing_fault,B,2,528,9,4.3,True,0
TMS004080,Engineering,COR00538,SR,rail_wear,C,1,29,35,2.2,True,0
TDMS001581,Traction Distribution,COR01562,CR,earthing_fault,B,2,4,22,4.6,True,0
TMS000663,Engineering,COR05342,WR,alignment_deviation,C,1,1,5,3.1,True,0
SMMS000039,Signal & Telecommunication,COR04067,SWR,interlocking_fault,A,3,5,9,1.0,True,0
TDMS002497,Traction Distribution,COR05207,SR,ohe_wire_wear,B,2,26,15,1.0,True,0
TMS004659,Engineering,COR00873,SCR,formation_defect,B,2,10,16,4.7,False,0
TMS001915,Engineering,COR00675,WR,sleeper_defect,A,3,211,94,2.3,True,1
TMS005127,Engineering,COR05409,SER,ballast_deficiency,C,1,1,23,2.4,True,0
TMS005760,Engineering,COR02976,SR,points_crossing_wear,B,2,4,40,3.2,False,0
TMS001751,Engineering,COR01387,SR,rail_fracture,A,3,18,18,3.7,True,0
TMS004201,Engineering,COR02173,SR,points_crossing_wear,B,2,112,7,2.9,True,0
TMS002564,Engineering,COR02189,SWR,weld_failure,A,3,61,20,3.9,True,0
TDMS001320,Traction Distribution,COR02117,SWR,earthing_fault,B,2,18,27,3.7,True,0
TMS001701,Engineering,COR04597,NFR,weld_failure,A,3,14,15,3.8,True,0
TMS002998,Engineering,COR00142,NWR,alignment_deviation,C,1,0,36,1.9,True,0
TDMS001160,Traction Distribution,COR04474,NFR,ohe_wire_wear,B,2,95,15,4.4,True,0
TMS005918,Engineering,COR01523,CR,rail_wear,C,1,381,50,2.4,True,1
TMS003781,Engineering,COR01435,ECR,sleeper_defect,A,3,10,39,5.4,True,0
TDMS002453,Traction Distribution,COR00481,WCR,ohe_pole_defect,C,1,63,33,3.5,True,0
SMMS002392,Signal & Telecommunication,COR04151,SR,point_machine_fault,B,2,5,35,3.8,True,0
TMS004606,Engineering,COR02144,SCR,rail_wear,A,3,13,20,0.6,True,0
TDMS002249,Traction Distribution,COR01655,NR,earthing_fault,B,2,1,33,2.1,True,0
TMS004532,Engineering,COR02161,SR,rail_fracture,A,3,5,70,2.6,True,1
SMMS002679,Signal & Telecommunication,COR06781,WR,block_instrument_fault,B,2,2,3,0.7,False,0
TMS003890,Engineering,COR00705,WR,alignment_deviation,C,1,83,87,1.7,False,0
TMS001810,Engineering,COR00590,ECR,ballast_deficiency,C,1,138,16,4.0,True,0
TMS005747,Engineering,COR02810,WR,weld_failure,A,3,80,87,2.8,True,0
TMS005402,Engineering,COR01477,NFR,rail_wear,C,1,8,25,2.8,True,0
TMS001427,Engineering,COR00361,WR,weld_failure,A,3,135,10,1.6,True,1
TDMS001322,Traction Distribution,COR01885,SCR,ohe_wire_wear,B,2,89,62,1.8,True,0
SMMS000947,Signal & Telecommunication,COR04942,KR,point_machine_fault,B,2,29,26,3.6,True,0
TDMS001109,Traction Distribution,COR01612,SWR,ohe_wire_wear,B,2,15,26,2.4,True,0
TMS004281,Engineering,COR00289,CR,rail_fracture,A,3,2,68,4.2,True,1
TMS002702,Engineering,COR07391,NR,weld_failure,A,3,12,7,4.5,True,0
TMS002840,Engineering,COR00482,WCR,sleeper_defect,B,2,0,69,2.2,True,0
TMS003211,Engineering,COR05075,WR,alignment_deviation,C,1,89,15,5.2,True,0
TDMS001300,Traction Distribution,COR01703,WCR,ohe_wire_wear,B,2,197,58,1.3,True,1
TDMS000161,Traction Distribution,COR01838,WR,insulator_fault,B,2,539,22,3.1,True,1
TDMS001901,Traction Distribution,COR00535,SR,ohe_wire_wear,B,2,19,35,2.3,True,0
TMS002217,Engineering,COR00277,WCR,alignment_deviation,B,2,2,68,5.0,True,0
TMS005967,Engineering,COR00302,SWR,weld_failure,A,3,11,3,4.3,True,0
TDMS000454,Traction Distribution,COR04235,NWR,ohe_wire_wear,B,2,46,10,3.8,True,0
SMMS002531,Signal & Telecommunication,COR01933,SCR,signal_failure,A,3,2,22,3.2,True,0
TMS003224,Engineering,COR07400,NR,formation_defect,B,2,62,6,2.8,True,0
SMMS001349,Signal & Telecommunication,COR06439,SER,signal_failure,A,3,2,3,2.9,True,0
SMMS001183,Signal & Telecommunication,COR03573,SER,block_instrument_fault,B,2,4,26,1.5,True,0
SMMS002797,Signal & Telecommunication,COR00296,CR,axle_counter_fault,A,3,5,68,2.8,True,1
TMS000422,Engineering,COR01140,SWR,ballast_deficiency,C,1,16,21,5.7,True,0
TMS002666,Engineering,COR05595,SCR,sleeper_defect,B,2,36,16,4.4,True,0
TMS001119,Engineering,COR02824,WR,weld_failure,A,3,11,91,4.0,True,1
SMMS001478,Signal & Telecommunication,COR00271,WCR,cable_fault,B,2,13,68,3.4,False,0
TMS001173,Engineering,COR03259,WCR,ballast_deficiency,C,1,14,42,3.5,True,0
TMS001510,Engineering,COR02236,SWR,alignment_deviation,C,1,2763,18,5.8,False,1
TMS002790,Engineering,COR01879,SCR,formation_defect,A,3,78,62,1.4,True,1
TMS005888,Engineering,COR02964,KR,rail_wear,C,1,10,22,4.5,True,0
TMS003996,Engineering,COR02818,WR,points_crossing_wear,B,2,80,92,2.7,True,1
TMS004638,Engineering,COR01355,WR,alignment_deviation,C,1,28,35,5.3,True,0
TDMS002397,Traction Distribution,COR01922,SCR,tension_device_fault,C,1,83,12,1.7,True,0
TMS005693,Engineering,COR03823,NFR,ballast_deficiency,C,1,3,19,2.6,True,0
TMS003986,Engineering,COR05685,ECR,alignment_deviation,C,1,23,11,0.9,True,0
TMS003242,Engineering,COR00209,NCR,sleeper_defect,B,2,80,53,5.6,True,0
TDMS000446,Traction Distribution,COR01190,CR,insulator_fault,B,2,41,22,3.7,True,0
TDMS001464,Traction Distribution,COR02676,NR,tension_device_fault,C,1,70,18,4.5,True,0
TDMS002414,Traction Distribution,COR01355,WR,ohe_wire_wear,B,2,30,35,2.1,True,0
TMS002538,Engineering,COR02162,SR,ballast_deficiency,C,1,6,20,2.4,True,0
TMS001823,Engineering,COR01713,WCR,alignment_deviation,C,1,49,54,4.8,True,0
SMMS002600,Signal & Telecommunication,COR00398,ER,cable_fault,B,2,0,20,0.7,True,0
TMS005356,Engineering,COR06192,SECR,alignment_deviation,B,2,0,6,2.6,True,0
TMS002468,Engineering,COR01891,SCR,alignment_deviation,C,1,90,66,2.6,True,0
TMS003510,Engineering,COR06010,NWR,sleeper_defect,B,2,75,9,3.0,False,0
SMMS002391,Signal & Telecommunication,COR01265,NR,signal_failure,A,3,30,4,1.0,True,0
TDMS000296,Traction Distribution,COR00782,NWR,ohe_wire_wear,B,2,6,26,4.3,True,0
SMMS001581,Signal & Telecommunication,COR00599,NER,signal_failure,A,3,21,16,1.1,True,0
TDMS001635,Traction Distribution,COR01036,NFR,insulator_fault,B,2,48,25,3.6,True,0
TMS001228,Engineering,COR01484,NFR,alignment_deviation,C,1,175,22,3.1,True,0
SMMS001236,Signal & Telecommunication,COR01722,NCR,point_machine_fault,B,2,3,54,3.4,True,0
TDMS001497,Traction Distribution,COR00407,ER,ohe_wire_wear,B,2,8,7,2.3,True,0
TMS004828,Engineering,COR03320,ER,weld_failure,A,3,90,5,5.9,True,0
TMS002713,Engineering,COR00685,WR,alignment_deviation,B,2,165,91,1.3,False,1
SMMS002413,Signal & Telecommunication,COR07392,NR,point_machine_fault,B,2,2,7,3.2,True,0
TMS004661,Engineering,COR02970,SR,formation_defect,B,2,86,40,3.4,True,0
TMS004481,Engineering,COR04953,KR,ballast_deficiency,B,2,27,25,2.0,True,0
TMS005161,Engineering,COR05593,SCR,formation_defect,B,2,29,25,4.9,True,0
SMMS001103,Signal & Telecommunication,COR08252,NCR,point_machine_fault,B,2,4,3,3.6,True,0
TDMS001701,Traction Distribution,COR06372,WR,ohe_pole_defect,C,1,29,11,1.6,True,0
TMS001509,Engineering,COR01089,SWR,rail_fracture,A,3,4,22,4.2,True,0
TMS005605,Engineering,COR01636,SWR,ballast_deficiency,C,1,11,27,0.8,True,0
TDMS000830,Traction Distribution,COR00677,WR,insulator_fault,B,2,84,94,2.6,True,0
SMMS001018,Signal & Telecommunication,COR02079,SWR,cable_fault,B,2,3,25,1.4,True,0
TDMS001184,Traction Distribution,COR00636,SECR,earthing_fault,B,2,405,9,2.6,True,0
TMS002636,Engineering,COR01646,SWR,sleeper_defect,B,2,75,29,1.2,True,0
TDMS002326,Traction Distribution,COR01875,SCR,feeder_fault,A,3,13,62,1.7,True,0
SMMS001207,Signal & Telecommunication,COR00050,WR,axle_counter_fault,A,3,4,36,1.2,True,0
SMMS000517,Signal & Telecommunication,COR00365,WR,block_instrument_fault,B,2,1,13,1.1,True,0
SMMS001169,Signal & Telecommunication,COR04424,WR,lc_gate_interlock_fault,A,3,3,8,2.2,True,0
TMS004176,Engineering,COR00459,SCR,ballast_deficiency,C,1,12,18,2.5,False,0
SMMS000719,Signal & Telecommunication,COR05003,SR,point_machine_fault,B,2,2,18,2.1,True,0
TMS002970,Engineering,COR03922,NR,alignment_deviation,C,1,910,7,2.3,True,0
SMMS002630,Signal & Telecommunication,COR04640,KR,point_machine_fault,B,2,5,22,2.0,True,0
SMMS000073,Signal & Telecommunication,COR03974,ER,block_instrument_fault,B,2,1,14,1.3,False,0
SMMS000005,Signal & Telecommunication,COR05892,NWR,axle_counter_fault,A,3,5,28,1.4,True,0
SMMS000088,Signal & Telecommunication,COR02977,SR,interlocking_fault,A,3,13,40,3.8,False,1
SMMS001019,Signal & Telecommunication,COR03911,NR,cable_fault,B,2,1,18,2.2,True,0
SMMS002977,Signal & Telecommunication,COR01752,WCR,signal_failure,A,3,4,30,0.5,True,0
SMMS000245,Signal & Telecommunication,COR00239,WCR,signal_failure,A,3,3,58,2.6,True,1
SMMS000744,Signal & Telecommunication,COR00535,SR,axle_counter_fault,A,3,2,35,3.1,True,0
TDMS002344,Traction Distribution,COR00289,CR,tension_device_fault,C,1,31,68,3.8,True,0
TDMS001123,Traction Distribution,COR06609,NR,ohe_wire_wear,B,2,34,3,3.9,True,0
SMMS000756,Signal & Telecommunication,COR01678,WCR,cable_fault,B,2,2,55,3.1,False,0
SMMS001113,Signal & Telecommunication,COR04856,NCR,point_machine_fault,B,2,2,4,1.6,True,0
SMMS002996,Signal & Telecommunication,COR00483,WCR,point_machine_fault,B,2,4,69,1.0,True,0
TMS000008,Engineering,COR02076,SWR,ballast_deficiency,C,1,44,25,4.7,True,0
TMS004966,Engineering,COR01141,SWR,ballast_deficiency,C,1,5,21,1.6,True,0
TDMS001682,Traction Distribution,COR04469,NFR,insulator_fault,B,2,12,15,4.4,True,0
TDMS000226,Traction Distribution,COR04895,SWR,ohe_wire_wear,B,2,9,17,4.0,True,0
TDMS000486,Traction Distribution,COR02135,SCR,ohe_wire_wear,B,2,5,20,2.9,True,0
SMMS002767,Signal & Telecommunication,COR00523,NWR,point_machine_fault,B,2,2,11,2.8,True,0
TMS005679,Engineering,COR01522,CR,rail_wear,C,1,1,50,1.7,True,0
TMS002750,Engineering,COR00657,SWR,ballast_deficiency,C,1,14,22,3.2,True,0
SMMS000466,Signal & Telecommunication,COR01824,NWR,axle_counter_fault,A,3,40,11,1.5,True,0
SMMS002863,Signal & Telecommunication,COR01722,NCR,block_instrument_fault,B,2,3,54,2.8,True,0
TMS002761,Engineering,COR01881,SCR,ballast_deficiency,C,1,13,62,3.3,True,0
TDMS002091,Traction Distribution,COR02819,WR,earthing_fault,B,2,11,90,3.0,True,0
TMS003624,Engineering,COR02701,NR,formation_defect,B,2,380,27,4.0,True,1
SMMS000694,Signal & Telecommunication,COR00237,WCR,signal_failure,A,3,26,58,1.4,True,0
TMS003439,Engineering,COR04950,KR,rail_wear,C,1,62,25,5.5,True,0
SMMS001982,Signal & Telecommunication,COR03020,NR,block_instrument_fault,B,2,5,11,1.0,True,0
SMMS002479,Signal & Telecommunication,COR01619,SWR,block_instrument_fault,B,2,2,25,3.3,True,0
SMMS000087,Signal & Telecommunication,COR04593,ER,signal_failure,A,3,2,9,0.6,True,0
SMMS000751,Signal & Telecommunication,COR00539,SR,point_machine_fault,B,2,20,35,1.9,True,0
TMS003017,Engineering,COR00585,ECR,rail_fracture,A,3,62,17,2.1,True,0
SMMS002409,Signal & Telecommunication,COR00362,WR,signal_failure,A,3,0,9,2.8,True,0
TMS001974,Engineering,COR02975,SR,rail_fracture,A,3,14,40,6.0,True,1
TMS002704,Engineering,COR00967,NFR,formation_defect,B,2,14,11,2.5,True,0
TDMS000554,Traction Distribution,COR01733,NR,insulator_fault,B,2,70,10,3.3,True,0
SMMS002374,Signal & Telecommunication,COR02497,NWR,cable_fault,B,2,17,13,2.9,True,0
TMS003706,Engineering,COR02244,SWR,alignment_deviation,B,2,42,7,1.1,True,0
TDMS000868,Traction Distribution,COR02521,WR,earthing_fault,B,2,11,1,4.6,True,0
SMMS002418,Signal & Telecommunication,COR00475,CR,interlocking_fault,A,3,0,69,3.8,True,1
TMS001240,Engineering,COR01475,NFR,rail_wear,C,1,0,25,4.1,True,0
SMMS002341,Signal & Telecommunication,COR02157,SR,cable_fault,B,2,5,70,0.5,True,0
TDMS000898,Traction Distribution,COR00287,CR,ohe_wire_wear,B,2,11,68,3.4,True,0
SMMS001434,Signal & Telecommunication,COR05226,NCR,block_instrument_fault,B,2,15,4,2.6,True,0
SMMS002313,Signal & Telecommunication,COR06139,WR,cable_fault,B,2,2,9,3.5,True,0
TMS004985,Engineering,COR03506,SR,rail_wear,C,1,19,5,4.6,True,0
SMMS001619,Signal & Telecommunication,COR01086,SWR,cable_fault,B,2,2,22,1.8,True,0
SMMS001955,Signal & Telecommunication,COR02746,NER,block_instrument_fault,B,2,25,1,3.0,True,0
SMMS000841,Signal & Telecommunication,COR04186,NR,point_machine_fault,B,2,4,7,0.6,True,0
TMS005538,Engineering,COR01881,SCR,rail_wear,C,1,50,62,5.9,True,0
TMS001026,Engineering,COR02805,WR,alignment_deviation,C,1,4,54,2.1,True,0
TDMS001166,Traction Distribution,COR04951,KR,feeder_fault,A,3,83,25,1.7,True,0
TMS002849,Engineering,COR03067,SR,ballast_deficiency,C,1,71,4,6.0,True,0
TMS001313,Engineering,COR04540,NR,ballast_deficiency,C,1,207,38,1.5,False,0
SMMS002835,Signal & Telecommunication,COR04369,SR,point_machine_fault,B,2,10,5,0.6,True,0
TDMS002002,Traction Distribution,COR01502,NR,earthing_fault,B,2,7,6,3.3,True,0
TDMS000822,Traction Distribution,COR02584,KR,circuit_breaker_fault,A,3,96,22,3.8,True,0
SMMS002340,Signal & Telecommunication,COR07528,NFR,block_instrument_fault,B,2,6,6,3.4,True,0
SMMS001812,Signal & Telecommunication,COR04299,NER,signal_failure,A,3,1,18,1.9,True,0
TMS005771,Engineering,COR08234,SR,rail_wear,C,1,11,2,5.8,False,0
SMMS001599,Signal & Telecommunication,COR02138,SCR,cable_fault,B,2,5,20,0.9,True,0
TDMS000725,Traction Distribution,COR01403,SR,earthing_fault,B,2,13,11,3.1,True,0
SMMS001121,Signal & Telecommunication,COR02827,WR,lc_gate_interlock_fault,A,3,4,90,1.6,True,1
TMS000037,Engineering,COR04399,NR,rail_wear,C,1,35,6,5.9,True,0
TMS004090,Engineering,COR00555,NR,alignment_deviation,C,1,372,22,4.1,True,0
TMS003234,Engineering,COR00270,WCR,ballast_deficiency,C,1,377,68,3.3,True,1
TMS003141,Engineering,COR03696,SER,ballast_deficiency,C,1,35,24,5.0,True,0
TMS005104,Engineering,COR08027,WR,rail_wear,C,1,2,4,0.9,True,0
SMMS001328,Signal & Telecommunication,COR05896,WR,point_machine_fault,B,2,4,7,0.5,True,0
SMMS000100,Signal & Telecommunication,COR01521,CR,point_machine_fault,B,2,0,50,3.1,True,0
SMMS001065,Signal & Telecommunication,COR07264,ECoR,signal_failure,A,3,0,2,2.4,True,0
SMMS001860,Signal & Telecommunication,COR00719,WR,axle_counter_fault,A,3,2,51,3.1,True,0
SMMS002583,Signal & Telecommunication,COR06934,NR,point_machine_fault,B,2,4,2,3.7,True,0
TMS002944,Engineering,COR03086,SR,ballast_deficiency,C,1,8,40,1.7,True,0
TMS002145,Engineering,COR00528,SR,rail_wear,C,1,115,35,4.2,True,0
SMMS001313,Signal & Telecommunication,COR06769,NWR,cable_fault,B,2,23,9,1.7,True,0
TMS000598,Engineering,COR06186,SECR,points_crossing_wear,B,2,75,6,5.0,True,0
TMS005480,Engineering,COR06528,NR,alignment_deviation,C,1,22,11,1.8,False,0
TDMS001149,Traction Distribution,COR00681,WR,ohe_pole_defect,C,1,552,90,4.7,True,1
TMS001785,Engineering,COR00549,SR,ballast_deficiency,C,1,45,35,1.2,False,0
TMS000841,Engineering,COR02388,WR,rail_fracture,A,3,13,36,0.5,True,0
SMMS000208,Signal & Telecommunication,COR01699,WCR,cable_fault,B,2,1,59,1.7,True,0
TDMS001514,Traction Distribution,COR02836,WR,ohe_pole_defect,C,1,20,68,4.1,True,0
TDMS001369,Traction Distribution,COR00720,WR,feeder_fault,A,3,7,26,3.8,True,0
TMS001143,Engineering,COR04656,KR,alignment_deviation,C,1,28,21,1.3,True,0
TMS003310,Engineering,COR02806,WR,rail_wear,B,2,7,54,1.2,True,0
TMS003617,Engineering,COR02820,WR,ballast_deficiency,C,1,45,90,1.5,True,0
TDMS000258,Traction Distribution,COR03267,NCR,circuit_breaker_fault,A,3,3,14,3.6,True,0
TDMS001959,Traction Distribution,COR03969,ER,ohe_pole_defect,C,1,92,9,3.1,True,0
SMMS000596,Signal & Telecommunication,COR02119,SWR,cable_fault,B,2,66,27,1.6,True,0
TDMS000011,Traction Distribution,COR04215,NR,ohe_wire_wear,B,2,7,7,1.9,True,0
TMS001252,Engineering,COR00281,WCR,sleeper_defect,B,2,82,68,4.3,True,1
TMS003218,Engineering,COR03438,NWR,ballast_deficiency,C,1,35,3,0.8,True,0
TDMS000792,Traction Distribution,COR02905,SR,insulator_fault,B,2,111,18,3.9,True,0
TMS000689,Engineering,COR03025,NR,sleeper_defect,B,2,0,11,0.8,True,0
SMMS002790,Signal & Telecommunication,COR00286,CR,point_machine_fault,B,2,0,68,4.0,False,0
TDMS001801,Traction Distribution,COR00244,WCR,tension_device_fault,C,1,99,34,4.1,True,0
SMMS001460,Signal & Telecommunication,COR00684,WR,cable_fault,B,2,3,63,0.5,True,0
TMS002131,Engineering,COR05946,NWR,formation_defect,B,2,90,5,3.5,True,0
TDMS000519,Traction Distribution,COR01507,NR,circuit_breaker_fault,A,3,17,6,4.5,True,0
TMS000565,Engineering,COR05154,WCR,ballast_deficiency,C,1,9,4,1.5,False,0
TDMS001501,Traction Distribution,COR03087,SR,earthing_fault,B,2,15,40,1.4,True,0
TMS002166,Engineering,COR04648,KR,points_crossing_wear,B,2,15,22,5.0,True,0
TDMS000787,Traction Distribution,COR00473,CR,ohe_pole_defect,C,1,19,69,2.4,True,0
TDMS000340,Traction Distribution,COR02597,KR,ohe_pole_defect,C,1,32,22,3.3,True,0
TMS005106,Engineering,COR00092,NWR,points_crossing_wear,A,3,0,30,2.4,False,0
TMS002960,Engineering,COR02210,NWR,ballast_deficiency,C,1,34,26,2.0,True,0
TDMS002292,Traction Distribution,COR01673,WCR,ohe_wire_wear,B,2,5,55,4.6,True,0
TDMS000219,Traction Distribution,COR03508,SR,insulator_fault,B,2,382,4,0.7,True,1
TMS000865,Engineering,COR00140,NWR,ballast_deficiency,C,1,293,27,5.4,True,0
TMS000251,Engineering,COR00210,NCR,sleeper_defect,B,2,12,53,2.0,False,0
TMS001679,Engineering,COR00244,WCR,alignment_deviation,C,1,57,34,2.0,True,0
SMMS002607,Signal & Telecommunication,COR02822,WR,signal_failure,A,3,25,90,3.5,True,1
TMS000057,Engineering,COR01853,NR,alignment_deviation,C,1,44,28,2.9,True,0
SMMS000978,Signal & Telecommunication,COR01359,WR,block_instrument_fault,B,2,1,35,1.0,True,0
SMMS001878,Signal & Telecommunication,COR05528,SECR,signal_failure,A,3,21,6,0.7,True,0
SMMS000786,Signal & Telecommunication,COR03905,NR,cable_fault,B,2,0,22,2.4,True,0
SMMS001738,Signal & Telecommunication,COR01668,WCR,point_machine_fault,B,2,1,55,4.0,False,0
SMMS002172,Signal & Telecommunication,COR01975,WR,block_instrument_fault,B,2,1,10,3.7,True,0
TMS004348,Engineering,COR01760,WCR,ballast_deficiency,C,1,1,43,4.6,True,0
TDMS000022,Traction Distribution,COR02459,ER,ohe_wire_wear,B,2,9,12,2.7,True,0
TDMS000806,Traction Distribution,COR01281,NR,earthing_fault,B,2,14,5,2.5,True,0
TMS005439,Engineering,COR00420,SCR,sleeper_defect,B,2,6,53,2.8,False,0
TDMS000839,Traction Distribution,COR02336,WR,insulator_fault,B,2,31,12,0.8,True,0
TMS003129,Engineering,COR00168,NER,sleeper_defect,B,2,1,13,3.4,True,0
SMMS000949,Signal & Telecommunication,COR02350,NWR,cable_fault,B,2,17,13,3.2,True,0
TMS004328,Engineering,COR01759,WCR,ballast_deficiency,C,1,1,43,4.0,True,0
SMMS001162,Signal & Telecommunication,COR04906,SWR,signal_failure,A,3,5,20,0.6,True,0
TMS004941,Engineering,COR03933,WR,alignment_deviation,C,1,45,23,1.0,True,0
TMS004746,Engineering,COR01710,WCR,rail_fracture,C,1,1017,54,0.5,True,1
SMMS002653,Signal & Telecommunication,COR00492,WCR,cable_fault,B,2,0,69,0.5,True,0
TMS001114,Engineering,COR02829,WR,rail_wear,C,1,10,90,4.9,True,0
TMS004865,Engineering,COR06386,NER,formation_defect,B,2,231,19,1.9,True,0
SMMS002624,Signal & Telecommunication,COR00207,NCR,lc_gate_interlock_fault,A,3,81,53,0.7,True,1
TDMS001731,Traction Distribution,COR00688,WR,ohe_wire_wear,B,2,3,90,4.3,True,0
SMMS000329,Signal & Telecommunication,COR02979,SR,cable_fault,B,2,25,40,0.6,True,0
TMS000214,Engineering,COR07520,SECR,sleeper_defect,B,2,12,2,2.0,True,0
TMS001562,Engineering,COR05062,SWR,alignment_deviation,C,1,2,14,2.9,True,0
TMS003644,Engineering,COR02830,WR,alignment_deviation,C,1,1,95,0.8,True,0
TMS003083,Engineering,COR01887,SCR,ballast_deficiency,C,1,32,62,0.6,True,0
TDMS000002,Traction Distribution,COR05813,NWR,ohe_wire_wear,B,2,101,10,2.0,True,0
TDMS002277,Traction Distribution,COR02841,NR,ohe_wire_wear,B,2,12,3,3.1,True,0
TMS001152,Engineering,COR02699,NR,rail_wear,C,1,1,27,4.1,True,0
TMS004321,Engineering,COR04217,NR,points_crossing_wear,B,2,149,7,5.7,True,0
SMMS002034,Signal & Telecommunication,COR00706,WR,cable_fault,B,2,3,54,1.0,True,0
TDMS001508,Traction Distribution,COR02270,ECR,ohe_wire_wear,B,2,31,16,3.4,True,0
SMMS001120,Signal & Telecommunication,COR01849,NR,point_machine_fault,B,2,2,36,1.1,True,0
TMS001821,Engineering,COR04100,NR,formation_defect,B,2,11,12,3.7,True,0
SMMS000219,Signal & Telecommunication,COR01076,SWR,interlocking_fault,A,3,0,22,2.4,True,0
TMS005663,Engineering,COR00705,WR,rail_wear,C,1,81,87,1.5,True,0
TMS004449,Engineering,COR03718,ER,formation_defect,B,2,151,10,1.5,True,0
TMS005867,Engineering,COR00295,CR,alignment_deviation,C,1,2,68,0.9,True,0
TMS003580,Engineering,COR02827,WR,ballast_deficiency,C,1,369,90,3.4,False,1
TDMS002051,Traction Distribution,COR02930,NER,earthing_fault,B,2,421,5,3.6,True,1
TMS000726,Engineering,COR04227,NR,ballast_deficiency,C,1,5,14,4.1,True,0
TDMS000249,Traction Distribution,COR04103,NR,ohe_pole_defect,C,1,64,12,1.9,True,0
SMMS001888,Signal & Telecommunication,COR00192,ECR,interlocking_fault,A,3,2,15,1.3,True,0
TDMS000690,Traction Distribution,COR02380,WR,tension_device_fault,C,1,113,26,2.9,True,0
TMS005235,Engineering,COR04382,SR,weld_failure,A,3,60,9,3.0,True,0
TDMS000405,Traction Distribution,COR04365,ECR,ohe_wire_wear,B,2,385,15,4.2,True,0
TMS004927,Engineering,COR00693,WR,formation_defect,B,2,6,92,2.7,True,0
TMS000140,Engineering,COR02466,ER,ballast_deficiency,C,1,4,11,1.9,True,0
TMS000125,Engineering,COR04727,NR,sleeper_defect,B,2,10,8,5.7,True,0
TMS002559,Engineering,COR08396,NR,alignment_deviation,C,1,1,1,5.1,True,0
SMMS000613,Signal & Telecommunication,COR04949,KR,point_machine_fault,B,2,29,25,2.1,True,0
TMS002362,Engineering,COR01881,SCR,weld_failure,A,3,14,62,5.1,True,1
TMS005753,Engineering,COR00705,WR,alignment_deviation,C,1,3,87,4.4,True,0
TMS002547,Engineering,COR00424,SCR,points_crossing_wear,B,2,5,20,4.2,True,0
TMS003602,Engineering,COR02191,SWR,points_crossing_wear,B,2,32,20,1.0,True,0
TMS002932,Engineering,COR01725,NCR,rail_fracture,A,3,355,54,3.4,True,1
TMS000017,Engineering,COR02494,NWR,weld_failure,A,3,175,13,3.8,False,1
TMS002147,Engineering,COR01639,SWR,ballast_deficiency,C,1,40,27,4.2,False,0
TMS004178,Engineering,COR02109,SWR,ballast_deficiency,C,1,11,25,3.1,True,0
SMMS000998,Signal & Telecommunication,COR01476,NFR,axle_counter_fault,A,3,14,16,0.6,True,0
TDMS001317,Traction Distribution,COR02827,WR,insulator_fault,B,2,85,90,1.6,True,0
SMMS000424,Signal & Telecommunication,COR01604,SWR,axle_counter_fault,A,3,3,25,3.4,True,0
TMS002295,Engineering,COR03448,NWR,points_crossing_wear,B,2,18,2,2.1,True,0
TMS005199,Engineering,COR02974,SR,formation_defect,B,2,15,40,3.6,True,0
SMMS002166,Signal & Telecommunication,COR05240,NFR,block_instrument_fault,B,2,4,9,1.9,True,0
TMS002138,Engineering,COR01157,ER,ballast_deficiency,C,1,9,14,1.8,True,0
SMMS001340,Signal & Telecommunication,COR02686,NR,interlocking_fault,A,3,4,19,2.7,False,0
TMS002934,Engineering,COR00668,ECR,rail_wear,C,1,0,15,1.3,True,0
TMS002994,Engineering,COR02628,ER,alignment_deviation,C,1,63,10,4.1,True,0
TMS003148,Engineering,COR03899,NR,ballast_deficiency,C,1,28,19,2.7,True,0
TMS001630,Engineering,COR00235,WCR,rail_wear,C,1,79,58,2.6,True,0
TDMS001678,Traction Distribution,COR02378,WR,earthing_fault,B,2,19,35,1.0,True,0
TMS001050,Engineering,COR01093,SWR,weld_failure,A,3,13,20,5.4,True,0
SMMS000742,Signal & Telecommunication,COR00990,NFR,lc_gate_interlock_fault,A,3,153,17,1.4,False,1
TMS003561,Engineering,COR04050,NER,points_crossing_wear,B,2,13,21,1.8,True,0
TMS002029,Engineering,COR04739,NER,alignment_deviation,C,1,4,8,1.0,True,0
TDMS002388,Traction Distribution,COR03758,NWR,insulator_fault,B,2,16,10,2.9,True,0
TMS001325,Engineering,COR00028,WR,rail_wear,B,2,4,36,0.6,True,0
TMS004000,Engineering,COR02894,CR,points_crossing_wear,B,2,14,34,5.1,True,0
TDMS000171,Traction Distribution,COR04672,KR,circuit_breaker_fault,A,3,212,25,2.6,True,1
TMS001505,Engineering,COR00200,NR,rail_fracture,A,3,14,10,5.8,True,0
TDMS000318,Traction Distribution,COR02768,NR,tension_device_fault,C,1,10,28,4.0,True,0
TMS001401,Engineering,COR00710,WR,sleeper_defect,B,2,58,54,5.3,False,0
SMMS001760,Signal & Telecommunication,COR03976,ER,block_instrument_fault,B,2,4,14,0.8,True,0
SMMS000224,Signal & Telecommunication,COR01349,WR,signal_failure,A,3,3,31,0.6,True,0
TDMS001556,Traction Distribution,COR03941,WCR,tension_device_fault,C,1,23,30,4.5,True,0
TMS004254,Engineering,COR01763,WCR,rail_fracture,A,3,10,43,4.1,True,0
TMS002793,Engineering,COR04084,SWR,alignment_deviation,A,3,8,11,4.9,True,0
SMMS002358,Signal & Telecommunication,COR00730,SWR,block_instrument_fault,B,2,4,11,1.5,True,0
TMS003341,Engineering,COR06454,WR,alignment_deviation,C,1,862,3,1.1,True,0
TMS003355,Engineering,COR01938,SCR,alignment_deviation,C,1,45,22,4.8,True,0
TMS004121,Engineering,COR04949,KR,alignment_deviation,C,1,81,25,1.4,True,0
SMMS001261,Signal & Telecommunication,COR02624,ER,point_machine_fault,B,2,3,10,1.1,False,0
TMS004099,Engineering,COR00421,SCR,weld_failure,A,3,3,53,3.2,True,0
TMS001495,Engineering,COR00208,NCR,alignment_deviation,C,1,7,53,5.7,True,0
TMS005721,Engineering,COR02041,CR,alignment_deviation,C,1,56,6,2.6,False,0
TMS005653,Engineering,COR02170,SR,ballast_deficiency,C,1,17,21,1.9,False,0
TMS001459,Engineering,COR02178,NER,ballast_deficiency,C,1,134,5,5.2,False,0
TMS004457,Engineering,COR06523,NR,ballast_deficiency,C,1,4,11,4.1,True,0
TDMS002065,Traction Distribution,COR02828,WR,ohe_wire_wear,B,2,0,90,4.4,True,0
SMMS001784,Signal & Telecommunication,COR00488,WCR,cable_fault,B,2,28,69,1.6,True,0
SMMS002037,Signal & Telecommunication,COR02382,WR,point_machine_fault,B,2,3,31,3.0,True,0
SMMS002845,Signal & Telecommunication,COR04723,SCR,interlocking_fault,A,3,15,7,2.2,True,0
TMS003400,Engineering,COR00063,WR,rail_wear,C,1,11,31,5.1,True,0
SMMS000372,Signal & Telecommunication,COR01835,WR,interlocking_fault,A,3,9,27,3.6,True,0
SMMS002240,Signal & Telecommunication,COR04613,NFR,interlocking_fault,A,3,4,15,3.2,True,0
SMMS002751,Signal & Telecommunication,COR03974,ER,point_machine_fault,B,2,19,14,3.8,True,0
TMS002150,Engineering,COR05961,SR,ballast_deficiency,C,1,1,5,4.2,False,0
TMS001935,Engineering,COR05628,NWR,sleeper_defect,B,2,6,32,5.3,False,0
TMS000761,Engineering,COR00451,SCR,weld_failure,A,3,5,20,3.6,True,0
TMS004257,Engineering,COR02262,SECR,alignment_deviation,C,1,3640,2,2.1,False,0
TDMS000547,Traction Distribution,COR01866,NR,insulator_fault,B,2,78,37,0.8,True,0
SMMS000677,Signal & Telecommunication,COR01025,NFR,block_instrument_fault,B,2,28,22,2.1,True,0
TMS002626,Engineering,COR00496,WCR,rail_wear,C,1,74,69,1.2,True,0
TDMS002332,Traction Distribution,COR00564,NR,tension_device_fault,C,1,164,20,4.4,True,0
TMS004662,Engineering,COR00120,NWR,weld_failure,A,3,3,29,1.5,False,0
TMS002219,Engineering,COR06009,NWR,alignment_deviation,C,1,79,9,3.5,False,0
TMS004097,Engineering,COR01812,NWR,ballast_deficiency,C,1,7,6,0.8,True,0
SMMS002324,Signal & Telecommunication,COR02704,NR,lc_gate_interlock_fault,A,3,0,27,3.9,True,0
TMS004560,Engineering,COR03086,SR,sleeper_defect,B,2,5,40,6.0,False,0
TMS005194,Engineering,COR01484,NFR,alignment_deviation,C,1,15,22,3.2,True,0
TMS003412,Engineering,COR00121,NWR,weld_failure,A,3,4,33,2.6,True,0
TDMS002333,Traction Distribution,COR05631,NWR,insulator_fault,B,2,12,32,2.2,True,0
TDMS001965,Traction Distribution,COR03743,SR,earthing_fault,B,2,10,7,3.6,True,0
SMMS000479,Signal & Telecommunication,COR01888,SCR,block_instrument_fault,B,2,0,62,2.9,True,0
SMMS001746,Signal & Telecommunication,COR03760,NER,point_machine_fault,B,2,4,14,3.2,False,0
SMMS000877,Signal & Telecommunication,COR00673,WR,block_instrument_fault,B,2,4,94,2.7,True,0
TMS002904,Engineering,COR08104,NCR,rail_wear,B,2,187,2,3.8,True,0
TDMS000654,Traction Distribution,COR04171,NR,insulator_fault,B,2,11,16,4.0,True,0
TMS003726,Engineering,COR03188,SECR,alignment_deviation,C,1,50,3,5.2,True,0
TMS002874,Engineering,COR04132,SR,ballast_deficiency,C,1,8,41,3.8,True,0
TMS003080,Engineering,COR04549,NR,rail_fracture,A,3,2,37,4.5,False,0
TMS003931,Engineering,COR05742,SR,points_crossing_wear,B,2,3,10,0.5,True,0
SMMS002638,Signal & Telecommunication,COR05559,NR,interlocking_fault,A,3,2,5,2.7,True,0
TMS001222,Engineering,COR01824,NWR,alignment_deviation,C,1,13,11,1.7,True,0
TMS005347,Engineering,COR00961,WCR,ballast_deficiency,C,1,56,2,2.2,True,0
TMS000435,Engineering,COR05876,NR,alignment_deviation,C,1,0,10,1.3,True,0
SMMS000952,Signal & Telecommunication,COR02979,SR,cable_fault,B,2,5,40,3.8,True,0
SMMS001643,Signal & Telecommunication,COR05524,ER,point_machine_fault,B,2,0,9,2.2,True,0
TMS000463,Engineering,COR01364,WR,sleeper_defect,B,2,48,36,2.8,True,0
SMMS002860,Signal & Telecommunication,COR04655,KR,point_machine_fault,B,2,4,22,1.0,True,0
TMS002985,Engineering,COR01695,WCR,rail_wear,C,1,85,59,1.3,True,0
TMS000367,Engineering,COR05008,SR,formation_defect,B,2,13,18,4.8,True,0
SMMS001462,Signal & Telecommunication,COR00317,SER,point_machine_fault,B,2,3,23,2.7,True,0
TDMS001312,Traction Distribution,COR01687,WCR,feeder_fault,A,3,86,55,3.4,True,1
TDMS002421,Traction Distribution,COR03545,NER,ohe_wire_wear,B,2,16,3,2.5,True,0
TMS002824,Engineering,COR07489,NFR,sleeper_defect,B,2,69,2,2.2,True,0
TMS001220,Engineering,COR00365,WR,ballast_deficiency,C,1,26,13,1.6,False,0
TMS005292,Engineering,COR02086,SWR,rail_fracture,A,3,19,25,1.5,True,0
TDMS002080,Traction Distribution,COR04112,NR,ohe_pole_defect,C,1,91,11,2.8,True,0
TMS005759,Engineering,COR04326,SR,points_crossing_wear,B,2,7,15,4.2,True,0
SMMS001381,Signal & Telecommunication,COR00678,WR,axle_counter_fault,A,3,1,94,4.0,True,1
TMS000779,Engineering,COR01892,SCR,formation_defect,B,2,9,66,2.8,True,0
TMS001059,Engineering,COR01702,WCR,alignment_deviation,C,1,9,58,5.6,False,0
TDMS002114,Traction Distribution,COR02653,NR,earthing_fault,B,2,24,3,4.1,True,0
TMS001102,Engineering,COR01107,SCR,points_crossing_wear,B,2,1,14,1.1,True,0
SMMS001315,Signal & Telecommunication,COR01010,NFR,signal_failure,A,3,4,21,1.4,True,0
TMS003507,Engineering,COR01521,CR,points_crossing_wear,B,2,6,50,3.2,True,0
TMS000351,Engineering,COR02088,SWR,ballast_deficiency,C,1,3,24,4.9,True,0
TDMS001247,Traction Distribution,COR03913,NR,feeder_fault,A,3,80,16,4.0,True,1
TMS001156,Engineering,COR00774,NR,points_crossing_wear,B,2,84,35,4.9,False,0
SMMS000141,Signal & Telecommunication,COR00620,SCR,cable_fault,B,2,9,63,1.0,True,0
TMS001060,Engineering,COR08253,NCR,alignment_deviation,C,1,68,3,4.6,False,0
TMS001773,Engineering,COR03566,SER,alignment_deviation,C,1,3,25,5.0,True,0
TDMS000012,Traction Distribution,COR02821,WR,ohe_wire_wear,B,2,49,90,4.9,True,0
TDMS002279,Traction Distribution,COR02769,NR,tension_device_fault,C,1,6,28,3.4,True,0
TMS003887,Engineering,COR00656,SWR,weld_failure,A,3,5,22,1.5,True,0
TMS003183,Engineering,COR04442,ECR,points_crossing_wear,B,2,9,40,5.2,True,0
SMMS002366,Signal & Telecommunication,COR00762,NR,point_machine_fault,B,2,3,30,1.3,True,0
TMS004478,Engineering,COR04403,NR,alignment_deviation,C,1,3,6,4.8,True,0
TDMS001628,Traction Distribution,COR02317,WR,circuit_breaker_fault,A,3,307,23,2.6,True,1
SMMS002148,Signal & Telecommunication,COR00691,WR,point_machine_fault,B,2,0,90,1.0,True,0
SMMS000843,Signal & Telecommunication,COR00323,SER,block_instrument_fault,B,2,5,24,2.1,True,0
TDMS000877,Traction Distribution,COR05581,NCR,ohe_wire_wear,B,2,75,6,1.8,True,0
TMS005682,Engineering,COR00289,CR,formation_defect,B,2,1,68,1.6,True,0
TDMS000991,Traction Distribution,COR01694,WCR,earthing_fault,B,2,11,59,3.0,True,0
TMS005320,Engineering,COR05067,NFR,weld_failure,A,3,87,12,1.9,True,0
TMS000258,Engineering,COR02228,SWR,points_crossing_wear,B,2,0,21,3.9,True,0
TMS002642,Engineering,COR01761,WCR,points_crossing_wear,B,2,10,33,4.8,True,0
TDMS001924,Traction Distribution,COR03084,SR,ohe_pole_defect,C,1,1,40,3.2,True,0
TMS003157,Engineering,COR03083,SR,formation_defect,B,2,35,40,4.7,True,0
TMS001819,Engineering,COR01727,NCR,points_crossing_wear,B,2,386,54,1.2,True,1
SMMS002044,Signal & Telecommunication,COR02695,NR,interlocking_fault,A,3,1,27,1.1,True,0
TMS001027,Engineering,COR01529,SCR,alignment_deviation,C,1,4,18,0.7,True,0
TMS005397,Engineering,COR01326,NWR,weld_failure,A,3,70,30,3.6,True,0
TDMS001107,Traction Distribution,COR01520,CR,insulator_fault,B,2,2,50,3.3,True,0
TMS002658,Engineering,COR04401,NR,alignment_deviation,A,3,3,7,1.1,True,0
TMS004171,Engineering,COR01077,SWR,rail_fracture,A,3,379,22,5.4,True,1
SMMS000027,Signal & Telecommunication,COR00293,CR,signal_failure,A,3,4,68,3.2,True,0
TMS001088,Engineering,COR04554,NR,alignment_deviation,C,1,67,37,2.2,True,0
TMS005940,Engineering,COR01692,WCR,rail_wear,C,1,1,53,0.7,True,0
TMS002000,Engineering,COR05384,NFR,weld_failure,A,3,6,3,5.6,True,0
TDMS002237,Traction Distribution,COR07605,ER,tension_device_fault,C,1,102,1,3.7,True,0
TMS004915,Engineering,COR04414,NER,points_crossing_wear,B,2,6,8,4.8,True,0
TMS004497,Engineering,COR00227,WCR,rail_wear,C,1,29,57,2.9,True,0
TMS002804,Engineering,COR04519,SWR,alignment_deviation,C,1,57,9,3.0,True,0
TMS002142,Engineering,COR01192,CR,points_crossing_wear,C,1,8,22,4.7,True,0
TDMS000813,Traction Distribution,COR02182,NER,insulator_fault,B,2,65,5,3.7,True,0
TDMS000503,Traction Distribution,COR04139,SR,ohe_pole_defect,C,1,19,41,4.6,True,0
TMS005063,Engineering,COR01154,CR,weld_failure,A,3,0,49,4.8,True,1
TMS005391,Engineering,COR05830,NFR,alignment_deviation,C,1,14,5,1.7,True,0
SMMS000388,Signal & Telecommunication,COR02374,SECR,point_machine_fault,B,2,3,7,2.6,True,0
TDMS001283,Traction Distribution,COR02977,SR,feeder_fault,A,3,8,40,4.2,True,0
TDMS001188,Traction Distribution,COR04172,NR,ohe_wire_wear,B,2,13,16,2.1,True,0
TMS000772,Engineering,COR04917,CR,points_crossing_wear,B,2,2,24,3.3,True,0
SMMS000471,Signal & Telecommunication,COR04024,WR,point_machine_fault,B,2,13,14,1.8,True,0
TDMS001086,Traction Distribution,COR00671,WR,feeder_fault,A,3,16,94,3.4,True,0
TMS002895,Engineering,COR02831,WR,weld_failure,A,3,59,95,2.1,True,1
TMS000464,Engineering,COR01104,SCR,formation_defect,B,2,15,14,3.6,True,0
TMS005807,Engineering,COR04948,KR,alignment_deviation,C,1,183,25,5.0,False,0
TMS003200,Engineering,COR02836,WR,sleeper_defect,C,1,14,68,0.9,True,0
TDMS001522,Traction Distribution,COR02032,NER,feeder_fault,A,3,36,19,2.0,True,0
TMS005045,Engineering,COR02815,WR,points_crossing_wear,B,2,21,92,4.5,True,0
TMS000323,Engineering,COR02373,SECR,formation_defect,B,2,528,7,3.6,True,0
TMS001533,Engineering,COR03578,SER,alignment_deviation,C,1,3,25,1.2,False,0
TMS003460,Engineering,COR02593,KR,sleeper_defect,B,2,4,22,2.7,True,0
TMS001879,Engineering,COR03172,CR,weld_failure,A,3,1,8,0.8,True,0
TMS000129,Engineering,COR02812,WR,alignment_deviation,C,1,2947,92,3.6,True,1
SMMS002485,Signal & Telecommunication,COR06499,NWR,lc_gate_interlock_fault,A,3,0,4,3.9,False,0
SMMS002576,Signal & Telecommunication,COR00541,SR,signal_failure,A,3,5,35,2.9,True,0
TMS000491,Engineering,COR00244,WCR,ballast_deficiency,C,1,9,34,4.0,True,0
SMMS000646,Signal & Telecommunication,COR04849,NCR,point_machine_fault,B,2,3,4,3.3,False,0
TMS005644,Engineering,COR05173,ECR,rail_wear,C,1,0,8,1.1,True,0
TMS000393,Engineering,COR03526,SR,sleeper_defect,B,2,114,4,4.1,True,0
TMS001580,Engineering,COR01302,NWR,rail_fracture,A,3,43,20,4.6,True,0
TDMS002006,Traction Distribution,COR00489,WCR,feeder_fault,A,3,17,69,2.0,True,1
TMS002706,Engineering,COR00284,WCR,rail_wear,C,1,1,68,3.5,True,0
TDMS000256,Traction Distribution,COR00258,WCR,tension_device_fault,C,1,7,54,1.8,True,0
TMS004609,Engineering,COR04863,NWR,rail_fracture,A,3,242,9,0.5,True,1
TMS004822,Engineering,COR00245,WCR,points_crossing_wear,B,2,2467,54,2.9,True,1
SMMS001198,Signal & Telecommunication,COR01876,SCR,block_instrument_fault,B,2,1,62,3.4,False,0
TMS005238,Engineering,COR02829,WR,rail_fracture,A,3,11,90,3.9,True,0
SMMS001724,Signal & Telecommunication,COR01711,WCR,interlocking_fault,A,3,1,54,3.9,True,1
TDMS002446,Traction Distribution,COR00331,NER,ohe_pole_defect,C,1,16,10,3.5,True,0
TMS003209,Engineering,COR01709,WCR,alignment_deviation,C,1,54,58,6.0,True,0
TMS000615,Engineering,COR01125,NER,weld_failure,A,3,98,8,5.5,True,0
SMMS000831,Signal & Telecommunication,COR04795,NR,point_machine_fault,B,2,3,8,3.2,True,0
TMS001683,Engineering,COR03151,CR,alignment_deviation,C,1,4,33,3.5,True,0
SMMS000120,Signal & Telecommunication,COR02816,WR,axle_counter_fault,A,3,27,92,0.9,True,0
TMS004578,Engineering,COR03652,SCR,alignment_deviation,C,1,3,14,2.2,True,0
TMS002924,Engineering,COR01479,NFR,alignment_deviation,C,1,15,22,3.3,True,0
TMS004188,Engineering,COR00341,NER,alignment_deviation,C,1,2,11,2.1,True,0
TMS000517,Engineering,COR01405,SR,weld_failure,A,3,40,11,4.7,True,0
TMS003448,Engineering,COR04666,KR,ballast_deficiency,C,1,80,25,5.2,True,0
TDMS001008,Traction Distribution,COR01471,NFR,tension_device_fault,C,1,44,25,1.5,True,0
TDMS001028,Traction Distribution,COR04957,KR,insulator_fault,B,2,1,24,0.9,True,0
TMS001647,Engineering,COR02815,WR,alignment_deviation,C,1,218,92,1.8,True,0
SMMS002578,Signal & Telecommunication,COR04770,NR,signal_failure,A,3,0,6,0.9,True,0
TMS004386,Engineering,COR04161,SR,alignment_deviation,C,1,29,35,5.9,False,0
TMS001208,Engineering,COR02777,NR,ballast_deficiency,C,1,14,28,5.5,True,0
TMS002026,Engineering,COR05732,SR,rail_fracture,A,3,78,10,4.5,False,0
TMS002545,Engineering,COR02812,WR,ballast_deficiency,C,1,3563,92,2.9,True,1
SMMS000145,Signal & Telecommunication,COR03363,NWR,point_machine_fault,B,2,3,11,3.6,True,0
TMS000487,Engineering,COR00291,CR,ballast_deficiency,C,1,3,68,1.9,True,0
SMMS001233,Signal & Telecommunication,COR00523,NWR,cable_fault,B,2,14,11,0.9,True,0
TMS004605,Engineering,COR01854,NR,formation_defect,B,2,276,36,4.5,True,1
TMS003243,Engineering,COR00547,SR,points_crossing_wear,B,2,4,35,0.9,True,0
TMS002429,Engineering,COR02839,WR,weld_failure,A,3,6,95,2.1,True,1
SMMS002516,Signal & Telecommunication,COR01727,NCR,point_machine_fault,B,2,4,54,1.2,False,0
SMMS002748,Signal & Telecommunication,COR04005,SR,signal_failure,A,3,1,15,3.5,True,0
TMS004008,Engineering,COR04206,NWR,sleeper_defect,B,2,6,7,2.6,True,0
TMS001198,Engineering,COR00483,WCR,ballast_deficiency,C,1,131,69,2.3,True,0
TDMS001436,Traction Distribution,COR00052,WR,tension_device_fault,C,1,17,33,1.1,True,0
TMS003555,Engineering,COR00692,WR,alignment_deviation,C,1,10,92,1.8,True,0
SMMS002945,Signal & Telecommunication,COR00209,NCR,cable_fault,B,2,3,53,1.1,True,0
TMS003612,Engineering,COR00211,NCR,ballast_deficiency,C,1,1,53,2.2,True,0
TDMS001980,Traction Distribution,COR00563,NR,ohe_wire_wear,B,2,92,20,4.8,True,0
TMS004027,Engineering,COR04962,KR,sleeper_defect,B,2,0,21,1.7,True,0
TDMS000385,Traction Distribution,COR04443,ECR,circuit_breaker_fault,A,3,6,23,2.8,True,0
TMS002708,Engineering,COR05646,SECR,sleeper_defect,B,2,7,7,4.0,True,0
TDMS001726,Traction Distribution,COR01028,NFR,ohe_wire_wear,B,2,104,22,3.6,True,0
SMMS001885,Signal & Telecommunication,COR06328,WR,block_instrument_fault,B,2,5,5,3.1,True,0
TMS005468,Engineering,COR03882,NR,alignment_deviation,C,1,184,30,1.9,True,0
SMMS002509,Signal & Telecommunication,COR04479,WCR,signal_failure,A,3,105,35,1.4,True,1
TMS004192,Engineering,COR03765,NER,alignment_deviation,C,1,83,4,4.0,True,0
TMS004087,Engineering,COR03294,SWR,rail_fracture,A,3,106,12,1.0,True,0
TDMS001381,Traction Distribution,COR01765,WCR,ohe_wire_wear,B,2,35,43,3.5,True,0
TMS002869,Engineering,COR04123,NR,alignment_deviation,C,1,2,10,4.7,True,0
TDMS000122,Traction Distribution,COR02835,WR,tension_device_fault,C,1,369,95,2.8,True,1
TDMS001949,Traction Distribution,COR05080,NR,feeder_fault,A,3,44,10,2.5,True,0
TMS005936,Engineering,COR08106,NCR,points_crossing_wear,B,2,12,1,3.2,True,0
TMS001762,Engineering,COR00257,WCR,points_crossing_wear,B,2,75,54,3.2,True,1
TMS005169,Engineering,COR00663,ECR,rail_fracture,B,2,12,15,2.6,True,0
SMMS002698,Signal & Telecommunication,COR01771,WCR,block_instrument_fault,B,2,2,43,1.7,True,0
TMS001955,Engineering,COR04593,ER,alignment_deviation,C,1,5,9,2.7,True,0
TMS005970,Engineering,COR00714,WR,alignment_deviation,C,1,273,45,3.9,True,0
TDMS000647,Traction Distribution,COR01711,WCR,circuit_breaker_fault,A,3,101,54,0.9,True,1
TDMS000127,Traction Distribution,COR03774,SECR,ohe_pole_defect,C,1,314,6,1.3,True,0
TMS004474,Engineering,COR02810,WR,ballast_deficiency,C,1,299,87,1.3,True,0
TDMS001485,Traction Distribution,COR00227,WCR,ohe_wire_wear,B,2,16,57,2.9,True,0
TMS000338,Engineering,COR01687,WCR,rail_wear,C,1,9,55,1.4,False,0
TMS000495,Engineering,COR05414,NR,ballast_deficiency,C,1,4,6,1.4,True,0
TMS004737,Engineering,COR01574,CR,ballast_deficiency,C,1,7,23,1.0,True,0
TMS001846,Engineering,COR00619,SCR,ballast_deficiency,C,1,81,63,2.1,True,0
TMS004159,Engineering,COR03975,ER,alignment_deviation,C,1,12,14,4.6,True,0
TMS003414,Engineering,COR03996,ER,ballast_deficiency,C,1,6,14,2.8,True,0
TMS001865,Engineering,COR07986,ECoR,alignment_deviation,C,1,70,1,0.8,True,0
TMS005915,Engineering,COR00784,NWR,ballast_deficiency,C,1,47,26,2.4,True,0
SMMS000904,Signal & Telecommunication,COR04458,NFR,block_instrument_fault,B,2,17,15,1.6,False,0
SMMS000865,Signal & Telecommunication,COR05621,SCR,block_instrument_fault,B,2,22,3,0.5,True,0
TDMS000059,Traction Distribution,COR04788,NR,insulator_fault,B,2,22,31,1.8,True,0
TMS001209,Engineering,COR03982,ER,ballast_deficiency,C,1,13,13,1.4,True,0
TMS001913,Engineering,COR05475,SR,rail_fracture,A,3,13,5,5.5,True,0
TMS003957,Engineering,COR02697,NR,ballast_deficiency,C,1,22,27,4.9,True,0
TMS000963,Engineering,COR02474,ER,formation_defect,B,2,2,11,4.8,True,0
TDMS002389,Traction Distribution,COR04652,KR,tension_device_fault,C,1,14,22,0.8,True,0
TDMS001540,Traction Distribution,COR00460,SCR,feeder_fault,A,3,8,18,3.6,True,0
TMS005505,Engineering,COR03307,SR,alignment_deviation,C,1,2,5,4.3,False,0
TMS000182,Engineering,COR00454,SCR,ballast_deficiency,C,1,7,17,3.4,True,0
TMS004149,Engineering,COR00138,NWR,sleeper_defect,B,2,53,27,1.6,False,0
TMS001817,Engineering,COR01210,CR,ballast_deficiency,C,1,0,16,4.1,True,0
TMS001521,Engineering,COR03132,ER,ballast_deficiency,C,1,16,1,3.2,False,0
TMS004451,Engineering,COR01015,NFR,rail_wear,C,1,2,21,5.0,True,0
TMS004690,Engineering,COR01718,WCR,rail_wear,C,1,0,53,5.4,True,0
TMS000195,Engineering,COR04577,NCR,points_crossing_wear,B,2,162,12,2.3,True,0
TDMS000724,Traction Distribution,COR00491,WCR,ohe_wire_wear,B,2,16,69,0.8,True,0
TMS000610,Engineering,COR04007,SR,rail_wear,C,1,75,22,5.4,True,0
TMS003067,Engineering,COR01312,NWR,alignment_deviation,C,1,1,19,3.6,True,0
TMS005546,Engineering,COR05192,NWR,rail_fracture,A,3,132,10,5.4,True,0
TMS002248,Engineering,COR00678,WR,ballast_deficiency,C,1,14,94,1.0,True,0
TMS005886,Engineering,COR04167,NR,weld_failure,A,3,178,15,2.8,True,1
TMS000277,Engineering,COR04919,CR,points_crossing_wear,B,2,339,26,2.6,True,1
TMS001797,Engineering,COR00685,WR,alignment_deviation,C,1,389,91,5.6,True,1
TMS005147,Engineering,COR00715,WR,sleeper_defect,A,3,3,53,3.2,True,1
TDMS002108,Traction Distribution,COR04473,NFR,feeder_fault,A,3,13,15,4.6,True,0
SMMS000979,Signal & Telecommunication,COR04458,NFR,interlocking_fault,A,3,4,15,1.7,True,0
TDMS000908,Traction Distribution,COR06373,WR,earthing_fault,B,2,53,10,3.2,True,0
SMMS000311,Signal & Telecommunication,COR00740,NER,signal_failure,A,3,0,17,0.6,True,0
SMMS002012,Signal & Telecommunication,COR03330,NR,axle_counter_fault,A,3,1,15,1.8,True,0
SMMS002481,Signal & Telecommunication,COR01438,ECR,point_machine_fault,B,2,2,39,1.2,True,0
TMS000608,Engineering,COR01630,SWR,ballast_deficiency,C,1,46,27,2.8,True,0
SMMS001675,Signal & Telecommunication,COR01142,SWR,block_instrument_fault,B,2,1,13,2.9,True,0
TMS005992,Engineering,COR00284,WCR,weld_failure,A,3,10,68,4.0,True,1
TMS003032,Engineering,COR00030,WR,ballast_deficiency,C,1,54,36,4.9,True,0
SMMS001893,Signal & Telecommunication,COR00232,WCR,lc_gate_interlock_fault,A,3,121,57,3.4,True,1
TMS002656,Engineering,COR01645,SWR,ballast_deficiency,C,1,6,29,5.1,True,0
TMS000033,Engineering,COR00548,SR,ballast_deficiency,C,1,8,35,5.5,True,0
TMS003521,Engineering,COR00824,NWR,alignment_deviation,C,1,109,11,0.6,True,0
SMMS002103,Signal & Telecommunication,COR06584,NWR,block_instrument_fault,B,2,0,6,1.7,True,0
TDMS000261,Traction Distribution,COR05732,SR,insulator_fault,B,2,90,10,1.0,True,0
TDMS000436,Traction Distribution,COR01764,WCR,ohe_wire_wear,B,2,96,43,1.2,True,1
SMMS002174,Signal & Telecommunication,COR00680,WR,signal_failure,A,3,14,94,2.0,True,0
TMS000594,Engineering,COR04472,NFR,rail_wear,C,1,15,15,3.0,True,0
TDMS001210,Traction Distribution,COR03828,NFR,insulator_fault,B,2,20,17,1.1,True,0
TMS002180,Engineering,COR02298,NR,alignment_deviation,C,1,2,29,5.9,True,0
TMS003545,Engineering,COR04119,NR,ballast_deficiency,C,1,49,10,3.5,True,0
TDMS001256,Traction Distribution,COR04942,KR,ohe_wire_wear,B,2,46,26,2.1,True,0
SMMS000548,Signal & Telecommunication,COR04463,NFR,signal_failure,A,3,1,15,3.0,True,0
TMS004684,Engineering,COR02303,NR,alignment_deviation,C,1,12,29,3.2,True,0
SMMS002261,Signal & Telecommunication,COR04938,KR,lc_gate_interlock_fault,A,3,26,26,2.4,True,0
TMS002507,Engineering,COR00169,NER,formation_defect,B,2,6,13,0.8,True,0
TMS000405,Engineering,COR01501,NR,alignment_deviation,C,1,62,6,4.7,True,0
SMMS002949,Signal & Telecommunication,COR00564,NR,cable_fault,B,2,30,20,2.1,True,0
TDMS000677,Traction Distribution,COR04261,NCR,ohe_wire_wear,B,2,19,14,1.5,True,0
TDMS001746,Traction Distribution,COR00684,WR,ohe_wire_wear,B,2,11,63,1.5,True,0
TDMS000267,Traction Distribution,COR05760,SR,ohe_pole_defect,C,1,1,5,1.4,True,0
SMMS002504,Signal & Telecommunication,COR06136,WR,interlocking_fault,A,3,1,9,3.6,True,0
TMS005615,Engineering,COR01866,NR,alignment_deviation,A,3,26,37,0.9,True,0
TMS001451,Engineering,COR01908,SCR,points_crossing_wear,B,2,15,9,5.4,False,0
TMS005728,Engineering,COR00578,ECR,points_crossing_wear,B,2,11,16,5.3,True,0
TMS005132,Engineering,COR00084,NWR,sleeper_defect,B,2,56,30,6.0,True,0
TDMS002212,Traction Distribution,COR03570,SER,ohe_wire_wear,B,2,2,26,1.7,True,0
TMS004023,Engineering,COR04232,NWR,rail_wear,C,1,65,10,3.7,True,0
TMS002071,Engineering,COR02836,WR,ballast_deficiency,C,1,76,68,2.9,True,0
TMS004306,Engineering,COR07066,NWR,formation_defect,B,2,4,5,3.8,True,0
TDMS001156,Traction Distribution,COR00700,ECR,ohe_wire_wear,B,2,540,8,4.9,True,1
TDMS000970,Traction Distribution,COR00475,CR,ohe_wire_wear,B,2,252,69,3.3,True,1
TDMS001477,Traction Distribution,COR02145,SCR,feeder_fault,A,3,54,20,4.9,True,0
TMS003045,Engineering,COR02736,SR,sleeper_defect,B,2,1,18,2.3,False,0
TMS004974,Engineering,COR02155,SR,points_crossing_wear,C,1,1815,70,1.5,True,1
TMS002513,Engineering,COR02811,WR,formation_defect,B,2,86,92,5.9,True,0
TMS003348,Engineering,COR03793,SCR,rail_wear,C,1,3,7,0.7,True,0
TMS001449,Engineering,COR02703,NR,sleeper_defect,B,2,47,27,1.3,True,0
TMS002137,Engineering,COR00022,WR,alignment_deviation,C,1,79,35,4.3,False,0
TDMS001444,Traction Distribution,COR00115,NWR,tension_device_fault,C,1,97,20,4.5,True,0
TMS003385,Engineering,COR02135,SCR,ballast_deficiency,C,1,66,20,2.8,True,0
TMS003544,Engineering,COR00421,SCR,sleeper_defect,B,2,12,53,5.7,True,0
SMMS002052,Signal & Telecommunication,COR04124,NR,block_instrument_fault,B,2,1,11,2.7,True,0
SMMS001646,Signal & Telecommunication,COR01937,SCR,cable_fault,B,2,3,22,0.6,True,0
SMMS000002,Signal & Telecommunication,COR04767,NR,point_machine_fault,B,2,0,6,0.8,True,0
TDMS000701,Traction Distribution,COR02388,WR,tension_device_fault,C,1,1,36,2.9,True,0
TMS000236,Engineering,COR03701,SER,alignment_deviation,C,1,10,19,3.4,True,0
TDMS000325,Traction Distribution,COR07430,SECR,feeder_fault,A,3,1,4,2.5,True,0
SMMS002717,Signal & Telecommunication,COR00318,SER,point_machine_fault,B,2,20,14,1.1,False,0
TMS001534,Engineering,COR02892,WCR,rail_fracture,A,3,71,32,5.4,True,1
TMS002338,Engineering,COR00098,NWR,points_crossing_wear,B,2,84,19,1.3,True,0
TMS002209,Engineering,COR01084,SWR,points_crossing_wear,B,2,7,22,0.8,True,0
SMMS002239,Signal & Telecommunication,COR00480,WCR,point_machine_fault,B,2,3,69,1.5,True,0
TMS004428,Engineering,COR00517,NWR,weld_failure,C,1,13,11,3.6,True,0
TMS003402,Engineering,COR03036,NR,sleeper_defect,B,2,2868,11,2.5,True,1
TMS001558,Engineering,COR01531,SCR,formation_defect,B,2,7,20,3.6,True,0
TDMS001074,Traction Distribution,COR04542,NR,tension_device_fault,C,1,4,38,1.9,True,0
SMMS000642,Signal & Telecommunication,COR00464,SCR,cable_fault,B,2,3,26,3.0,True,0
TDMS002281,Traction Distribution,COR02598,KR,circuit_breaker_fault,A,3,65,22,4.2,True,1
TMS005319,Engineering,COR00204,NR,points_crossing_wear,B,2,247,35,4.1,True,0
TMS003775,Engineering,COR00097,NWR,ballast_deficiency,C,1,24,19,0.7,True,0
TMS003967,Engineering,COR00872,SCR,rail_wear,C,1,23,16,2.1,True,0
TMS003938,Engineering,COR00037,WR,weld_failure,A,3,11,36,1.1,True,1
TMS004814,Engineering,COR00363,WR,formation_defect,B,2,14,13,1.4,True,0
TMS003207,Engineering,COR04433,CR,alignment_deviation,C,1,56,7,4.0,True,0
SMMS000046,Signal & Telecommunication,COR05301,WCR,block_instrument_fault,B,2,2,4,1.7,True,0
TDMS000082,Traction Distribution,COR00102,NWR,insulator_fault,B,2,18,19,3.5,True,0
SMMS001849,Signal & Telecommunication,COR01959,NR,signal_failure,A,3,2,7,0.8,True,0
SMMS000095,Signal & Telecommunication,COR00120,NWR,block_instrument_fault,B,2,23,29,3.7,False,0
TMS002697,Engineering,COR00230,WCR,sleeper_defect,B,2,6,57,4.0,True,0
TMS003180,Engineering,COR08293,NWR,weld_failure,A,3,7,1,1.5,True,0
TDMS002402,Traction Distribution,COR01989,WR,tension_device_fault,C,1,14,12,2.0,True,0
TMS002267,Engineering,COR02297,NR,ballast_deficiency,C,1,13,29,2.7,True,0
TDMS000624,Traction Distribution,COR00930,SWR,circuit_breaker_fault,A,3,418,41,3.7,True,1
TMS001147,Engineering,COR06378,WR,rail_wear,C,1,24,11,0.9,True,0
TMS001536,Engineering,COR01639,SWR,sleeper_defect,B,2,161,27,1.0,True,0
SMMS000571,Signal & Telecommunication,COR03199,WR,interlocking_fault,A,3,0,5,0.8,True,0
TDMS000788,Traction Distribution,COR01032,NFR,tension_device_fault,C,1,93,25,4.7,True,0
SMMS002285,Signal & Telecommunication,COR02816,WR,axle_counter_fault,A,3,10,92,3.3,True,1
TMS000938,Engineering,COR02815,WR,rail_fracture,C,1,12,92,2.5,True,0
TDMS002262,Traction Distribution,COR02150,SR,feeder_fault,A,3,44,70,3.3,True,1
TMS004926,Engineering,COR01498,NR,ballast_deficiency,B,2,13,6,3.1,False,0
TDMS000749,Traction Distribution,COR01369,SR,ohe_wire_wear,B,2,17,5,5.0,True,0
TMS000089,Engineering,COR00474,CR,ballast_deficiency,C,1,0,69,1.8,True,0
TMS005029,Engineering,COR02662,SR,alignment_deviation,C,1,2,11,1.9,True,0
TMS002938,Engineering,COR05600,NR,formation_defect,B,2,36,16,3.2,True,0
SMMS002322,Signal & Telecommunication,COR03361,NWR,signal_failure,A,3,0,11,1.9,True,0
TMS002020,Engineering,COR04683,KR,ballast_deficiency,C,1,13,26,2.7,True,0
TMS001126,Engineering,COR02068,SWR,rail_fracture,C,1,3,27,4.3,False,0
SMMS000758,Signal & Telecommunication,COR00167,NER,signal_failure,A,3,1,13,2.6,True,0
TDMS002423,Traction Distribution,COR00469,CR,ohe_pole_defect,C,1,118,69,2.4,True,0
TDMS001093,Traction Distribution,COR03079,SR,insulator_fault,B,2,1,40,4.6,True,0
TDMS001299,Traction Distribution,COR02160,SR,ohe_pole_defect,C,1,462,70,2.4,True,1
TMS002601,Engineering,COR00658,SWR,formation_defect,B,2,37,22,2.1,True,0
TMS004681,Engineering,COR01929,SCR,rail_fracture,A,3,35,13,3.1,True,0
SMMS002562,Signal & Telecommunication,COR00352,NER,axle_counter_fault,A,3,17,10,2.2,True,0
TMS004397,Engineering,COR05518,ER,weld_failure,A,3,43,10,3.7,False,0
SMMS000521,Signal & Telecommunication,COR01957,NR,point_machine_fault,B,2,3,7,3.4,True,0
TDMS002489,Traction Distribution,COR07879,NR,tension_device_fault,C,1,90,4,2.3,True,0
TDMS001153,Traction Distribution,COR02824,WR,tension_device_fault,C,1,74,91,4.3,True,0
TDMS002418,Traction Distribution,COR02157,SR,insulator_fault,B,2,11,70,1.1,True,0
SMMS002652,Signal & Telecommunication,COR02963,KR,block_instrument_fault,B,2,30,22,1.6,False,0
TDMS000275,Traction Distribution,COR04230,WR,insulator_fault,B,2,0,10,0.5,True,0
SMMS000820,Signal & Telecommunication,COR00222,WCR,cable_fault,B,2,1,53,1.6,True,0
SMMS001848,Signal & Telecommunication,COR04594,NFR,signal_failure,A,3,4,15,3.1,True,0
TDMS001976,Traction Distribution,COR02820,WR,feeder_fault,A,3,101,90,2.4,True,1
SMMS002648,Signal & Telecommunication,COR01542,CR,block_instrument_fault,B,2,3,16,1.1,True,0
SMMS002800,Signal & Telecommunication,COR00561,NR,point_machine_fault,B,2,5,26,3.8,True,0
TMS002624,Engineering,COR02890,WCR,points_crossing_wear,B,2,23,34,3.7,True,0
TMS001605,Engineering,COR02897,SR,formation_defect,B,2,76,18,3.3,True,0
SMMS001218,Signal & Telecommunication,COR01684,WCR,axle_counter_fault,A,3,4,55,1.1,True,1
TMS003616,Engineering,COR01087,SWR,ballast_deficiency,C,1,2,22,5.0,False,0
SMMS002112,Signal & Telecommunication,COR00217,WCR,cable_fault,B,2,2,53,3.7,True,0
TMS002437,Engineering,COR07667,ER,rail_wear,C,1,370,1,4.9,True,0
TDMS001219,Traction Distribution,COR01891,SCR,insulator_fault,B,2,16,66,5.0,True,0
TMS000607,Engineering,COR02034,NER,alignment_deviation,C,1,5,19,3.5,True,0
TMS001493,Engineering,COR01831,NWR,alignment_deviation,C,1,13,11,4.3,True,0
TDMS000107,Traction Distribution,COR06398,NER,feeder_fault,A,3,8,19,2.5,True,0
SMMS000432,Signal & Telecommunication,COR02811,WR,cable_fault,B,2,0,92,3.5,False,0
TMS000175,Engineering,COR04043,NER,sleeper_defect,B,2,49,21,1.7,True,0
SMMS001251,Signal & Telecommunication,COR02241,SWR,point_machine_fault,B,2,5,7,1.9,True,0
TMS004698,Engineering,COR02940,SCR,points_crossing_wear,B,2,1,13,2.0,True,0
TMS001159,Engineering,COR04040,NER,sleeper_defect,B,2,9,21,2.1,True,0
TDMS002030,Traction Distribution,COR02389,WR,earthing_fault,B,2,1,36,0.7,True,0
TMS004995,Engineering,COR01034,NFR,ballast_deficiency,C,1,261,25,2.4,True,0
TMS002088,Engineering,COR06747,SWR,alignment_deviation,C,1,79,5,2.8,True,0
SMMS000313,Signal & Telecommunication,COR03368,NWR,cable_fault,B,2,26,11,3.7,True,0
SMMS001966,Signal & Telecommunication,COR00299,SWR,point_machine_fault,B,2,5,3,1.1,True,0
TDMS000671,Traction Distribution,COR03000,SR,tension_device_fault,C,1,86,41,1.7,True,0
SMMS001179,Signal & Telecommunication,COR02160,SR,axle_counter_fault,A,3,3,70,0.5,True,1
SMMS002389,Signal & Telecommunication,COR04083,SWR,cable_fault,B,2,1,11,2.3,False,0
TDMS000684,Traction Distribution,COR00775,NR,ohe_wire_wear,B,2,489,35,2.2,True,1
SMMS001109,Signal & Telecommunication,COR05740,SR,axle_counter_fault,A,3,1,10,1.4,True,0
TMS005925,Engineering,COR00516,NWR,alignment_deviation,C,1,31,11,2.7,True,0
TMS000878,Engineering,COR02705,NR,rail_fracture,A,3,5,27,5.8,True,0
TMS000062,Engineering,COR00539,SR,weld_failure,A,3,43,35,4.7,True,0
TDMS000159,Traction Distribution,COR00142,NWR,earthing_fault,B,2,16,36,2.3,True,0
TDMS001181,Traction Distribution,COR05207,SR,ohe_pole_defect,C,1,83,15,0.9,True,0
TDMS001912,Traction Distribution,COR01646,SWR,ohe_pole_defect,C,1,18,29,4.2,True,0
TMS003734,Engineering,COR00181,ECR,ballast_deficiency,C,1,19,13,2.2,True,0
TMS003041,Engineering,COR01104,SCR,sleeper_defect,B,2,125,14,2.0,True,0
SMMS001676,Signal & Telecommunication,COR01826,NWR,point_machine_fault,B,2,20,11,1.3,True,0
TDMS001476,Traction Distribution,COR01675,WCR,ohe_wire_wear,B,2,4,55,1.4,True,0
SMMS002753,Signal & Telecommunication,COR03249,WCR,cable_fault,B,2,1,42,3.7,True,0
TMS003656,Engineering,COR02815,WR,sleeper_defect,B,2,74,92,3.5,True,0
SMMS002450,Signal & Telecommunication,COR02969,SR,lc_gate_interlock_fault,A,3,3,40,3.7,True,0
TMS005191,Engineering,COR01400,SR,sleeper_defect,B,2,297,11,4.7,True,0
SMMS001411,Signal & Telecommunication,COR06204,SECR,interlocking_fault,A,3,3,5,0.6,True,0
TDMS000308,Traction Distribution,COR03152,CR,feeder_fault,A,3,360,33,2.8,True,1
SMMS002687,Signal & Telecommunication,COR03484,NR,block_instrument_fault,B,2,5,11,0.5,True,0
TMS004829,Engineering,COR00078,NWR,sleeper_defect,B,2,15,30,1.4,True,0
TMS005158,Engineering,COR00771,NR,points_crossing_wear,B,2,1,31,4.7,True,0
TMS001629,Engineering,COR00315,SER,points_crossing_wear,B,2,6,23,4.8,True,0
SMMS000532,Signal & Telecommunication,COR08073,NR,block_instrument_fault,B,2,2,2,3.2,True,0
SMMS001282,Signal & Telecommunication,COR02165,SR,cable_fault,B,2,13,20,2.4,True,0
TMS002705,Engineering,COR00831,NWR,ballast_deficiency,C,1,81,11,2.6,True,0
TMS003040,Engineering,COR00564,NR,alignment_deviation,C,1,15,20,5.7,True,0
SMMS002550,Signal & Telecommunication,COR06065,WR,signal_failure,A,3,3,2,1.8,True,0
TDMS001004,Traction Distribution,COR01669,WCR,feeder_fault,A,3,19,55,2.4,True,1
TDMS001328,Traction Distribution,COR01643,SWR,circuit_breaker_fault,A,3,4,27,4.7,True,0
TMS003246,Engineering,COR01328,NWR,sleeper_defect,B,2,24,30,3.4,False,0
TMS001741,Engineering,COR01017,NFR,sleeper_defect,B,2,2,21,3.0,True,0
TDMS001435,Traction Distribution,COR02398,WR,ohe_wire_wear,B,2,545,35,0.8,True,1
TMS005811,Engineering,COR00466,SCR,sleeper_defect,B,2,11,26,2.0,True,0
SMMS000658,Signal & Telecommunication,COR06832,NR,point_machine_fault,B,2,1,6,2.5,True,0
SMMS002942,Signal & Telecommunication,COR00659,SWR,point_machine_fault,B,2,2,22,3.3,True,0
TMS002958,Engineering,COR01084,SWR,sleeper_defect,B,2,90,22,2.5,True,0
TMS005726,Engineering,COR05892,NWR,rail_wear,C,1,8,28,3.3,True,0
TMS001772,Engineering,COR03152,CR,points_crossing_wear,B,2,377,33,2.3,True,1
TDMS000673,Traction Distribution,COR00441,SCR,ohe_wire_wear,B,2,64,17,1.5,True,0
TMS001268,Engineering,COR01316,NWR,weld_failure,A,3,4,30,4.2,True,0
TDMS001273,Traction Distribution,COR06334,NR,tension_device_fault,C,1,484,8,3.6,True,0
TMS004858,Engineering,COR01688,WCR,sleeper_defect,B,2,5,55,4.1,True,0
TMS000996,Engineering,COR05813,NWR,weld_failure,A,3,348,10,2.0,False,1
TDMS001950,Traction Distribution,COR06398,NER,earthing_fault,B,2,56,19,4.2,True,0
TDMS002354,Traction Distribution,COR00617,SCR,ohe_wire_wear,B,2,5,63,1.9,True,0
TMS002615,Engineering,COR00418,SCR,alignment_deviation,C,1,9,53,2.2,True,0
TMS004705,Engineering,COR00483,WCR,weld_failure,A,3,12,69,5.1,False,0
TDMS001990,Traction Distribution,COR02400,WR,feeder_fault,A,3,2,35,4.2,True,0
SMMS000272,Signal & Telecommunication,COR00606,SCR,block_instrument_fault,B,2,30,67,1.7,True,0
TMS001640,Engineering,COR05959,SR,sleeper_defect,B,2,1,5,5.7,True,0
TMS002682,Engineering,COR00710,WR,formation_defect,B,2,4,54,2.9,True,0
TMS003361,Engineering,COR01210,CR,alignment_deviation,C,1,76,16,2.4,True,0
SMMS002848,Signal & Telecommunication,COR01697,WCR,block_instrument_fault,B,2,0,59,2.8,True,0
TMS005148,Engineering,COR06523,NR,sleeper_defect,B,2,2,11,4.8,True,0
TMS004706,Engineering,COR01692,WCR,sleeper_defect,B,2,10,53,5.6,True,0
TMS000695,Engineering,COR02069,SWR,weld_failure,A,3,336,27,2.5,True,1
TMS004944,Engineering,COR06121,NFR,rail_wear,C,1,114,4,5.8,False,0
TMS002195,Engineering,COR02993,SR,formation_defect,B,2,6,41,5.0,False,0
TDMS000911,Traction Distribution,COR04644,KR,earthing_fault,B,2,9,22,2.2,True,0
TDMS002263,Traction Distribution,COR02664,NR,insulator_fault,B,2,112,6,2.9,True,0
TMS001874,Engineering,COR01024,NFR,sleeper_defect,B,2,47,22,2.7,True,0
SMMS000113,Signal & Telecommunication,COR00791,NWR,block_instrument_fault,B,2,163,26,3.1,True,0
TMS003171,Engineering,COR06855,NER,sleeper_defect,B,2,4,5,4.1,False,0
TMS004930,Engineering,COR04467,NFR,alignment_deviation,C,1,13,15,4.3,True,0
TMS001007,Engineering,COR01152,CR,ballast_deficiency,C,1,40,49,2.8,True,0
TMS002066,Engineering,COR00315,SER,rail_fracture,A,3,32,23,1.1,True,0
TMS005877,Engineering,COR01023,NFR,ballast_deficiency,C,1,8,22,2.0,True,0
SMMS000802,Signal & Telecommunication,COR04262,NCR,signal_failure,A,3,0,14,2.7,True,0
SMMS001510,Signal & Telecommunication,COR01080,SWR,block_instrument_fault,B,2,73,22,0.6,True,0
TDMS000915,Traction Distribution,COR01149,SWR,tension_device_fault,C,1,9,26,1.2,True,0
TDMS001530,Traction Distribution,COR05774,WR,tension_device_fault,C,1,2,1,3.9,True,0
SMMS001584,Signal & Telecommunication,COR05986,NR,point_machine_fault,B,2,5,8,3.1,True,0
TMS001306,Engineering,COR02137,SCR,sleeper_defect,B,2,32,20,5.2,True,0
TMS001637,Engineering,COR02424,WR,points_crossing_wear,B,2,8,13,1.2,True,0
SMMS001677,Signal & Telecommunication,COR02799,WR,axle_counter_fault,A,3,27,53,2.9,True,1
TMS003375,Engineering,COR01525,CR,alignment_deviation,C,1,3141,50,3.6,True,1
TMS002650,Engineering,COR02025,NER,weld_failure,A,3,7,19,2.3,True,0
TMS001461,Engineering,COR00273,WCR,weld_failure,A,3,59,68,3.7,False,1
TMS002251,Engineering,COR00224,WCR,points_crossing_wear,B,2,13,53,1.2,True,0
SMMS001013,Signal & Telecommunication,COR02117,SWR,point_machine_fault,B,2,29,27,3.8,True,0
TMS002599,Engineering,COR00286,CR,points_crossing_wear,B,2,0,68,2.6,True,0
TMS005622,Engineering,COR01406,SR,rail_wear,A,3,25,11,5.0,True,0
TMS003677,Engineering,COR02617,ER,sleeper_defect,B,2,47,9,5.4,True,0
TMS000430,Engineering,COR01892,SCR,alignment_deviation,C,1,14,66,0.9,True,0
TMS001471,Engineering,COR01307,NWR,sleeper_defect,B,2,45,19,4.3,True,0
SMMS002097,Signal & Telecommunication,COR05971,NR,interlocking_fault,A,3,1,8,1.7,True,0
TMS001669,Engineering,COR00697,WR,weld_failure,A,3,44,92,1.1,False,1
SMMS000109,Signal & Telecommunication,COR06660,SER,cable_fault,B,2,3,4,2.0,True,0
SMMS000428,Signal & Telecommunication,COR01562,CR,axle_counter_fault,A,3,2,22,3.7,True,0
SMMS000371,Signal & Telecommunication,COR01568,CR,cable_fault,B,2,0,22,1.7,True,0
SMMS000176,Signal & Telecommunication,COR01882,SCR,axle_counter_fault,A,3,4,62,3.7,True,0
SMMS001412,Signal & Telecommunication,COR02170,SR,cable_fault,B,2,3,21,2.6,True,0
TDMS000069,Traction Distribution,COR08060,NCR,tension_device_fault,C,1,18,2,2.1,True,0
TDMS000421,Traction Distribution,COR06356,NR,earthing_fault,B,2,17,5,2.3,True,0
TMS001681,Engineering,COR03080,SR,weld_failure,A,3,3,40,3.5,True,1
TMS004892,Engineering,COR01868,NR,alignment_deviation,C,1,14,37,2.7,True,0
TMS005969,Engineering,COR00663,ECR,rail_wear,C,1,321,15,2.6,True,0
TDMS001517,Traction Distribution,COR00055,WR,tension_device_fault,C,1,15,26,4.1,True,0
TMS003422,Engineering,COR00274,WCR,ballast_deficiency,C,1,321,68,3.4,True,1
TMS002292,Engineering,COR00548,SR,points_crossing_wear,B,2,31,35,3.5,True,0
TMS005383,Engineering,COR04485,NCR,alignment_deviation,C,1,2,12,2.4,True,0
TMS000303,Engineering,COR00224,WCR,alignment_deviation,C,1,80,53,2.7,True,0
TMS005013,Engineering,COR05913,WR,points_crossing_wear,B,2,33,4,5.3,True,0
TMS002417,Engineering,COR01281,NR,formation_defect,B,2,12,5,4.5,False,0
TMS002983,Engineering,COR02832,WR,ballast_deficiency,C,1,12,95,1.1,True,0
SMMS001959,Signal & Telecommunication,COR06192,SECR,cable_fault,B,2,3,6,1.2,True,0
SMMS001903,Signal & Telecommunication,COR02087,SWR,block_instrument_fault,B,2,4,25,0.5,True,0
TDMS000819,Traction Distribution,COR02347,WR,feeder_fault,A,3,105,11,4.1,True,0
TDMS000236,Traction Distribution,COR03904,NR,tension_device_fault,C,1,15,22,3.0,True,0
SMMS000957,Signal & Telecommunication,COR00975,NFR,point_machine_fault,B,2,28,14,3.5,True,0
TMS002800,Engineering,COR04081,SWR,formation_defect,C,1,3,11,2.8,True,0
TDMS000910,Traction Distribution,COR03824,NFR,circuit_breaker_fault,A,3,8,19,2.2,True,0
TMS004792,Engineering,COR04039,NER,alignment_deviation,C,1,7,21,2.7,True,0
TMS003888,Engineering,COR00068,NWR,alignment_deviation,C,1,74,30,2.7,True,0
SMMS002279,Signal & Telecommunication,COR00087,NWR,block_instrument_fault,B,2,0,30,4.0,True,0
TMS001744,Engineering,COR00383,NER,alignment_deviation,C,1,10,33,3.5,False,0
TMS001826,Engineering,COR00466,SCR,ballast_deficiency,C,1,266,26,5.3,True,0
TDMS001215,Traction Distribution,COR00364,WR,insulator_fault,B,2,86,13,1.7,True,0
TMS005654,Engineering,COR00295,CR,alignment_deviation,C,1,15,68,1.8,True,0
SMMS002520,Signal & Telecommunication,COR04909,SWR,block_instrument_fault,B,2,3,19,3.9,True,0
TMS000164,Engineering,COR01687,WCR,alignment_deviation,C,1,7,55,4.7,True,0
TMS003610,Engineering,COR01875,SCR,sleeper_defect,B,2,6,62,2.8,True,0
SMMS000358,Signal & Telecommunication,COR00793,NWR,signal_failure,A,3,2,26,0.9,True,0
SMMS002124,Signal & Telecommunication,COR03737,SR,signal_failure,A,3,3,7,1.9,True,0
TMS001092,Engineering,COR01324,NWR,ballast_deficiency,C,1,64,30,5.6,True,0
TDMS002337,Traction Distribution,COR05460,ER,insulator_fault,B,2,38,5,0.9,True,0
TMS005093,Engineering,COR03910,NR,rail_wear,C,1,12,18,4.8,False,0
SMMS000507,Signal & Telecommunication,COR02601,KR,point_machine_fault,B,2,5,22,2.9,True,0
TMS000600,Engineering,COR04670,KR,rail_wear,C,1,16,25,3.0,True,0
SMMS002186,Signal & Telecommunication,COR00484,WCR,block_instrument_fault,B,2,5,69,1.1,True,0
TMS000388,Engineering,COR00038,WR,sleeper_defect,B,2,4,37,1.1,True,0
TDMS002430,Traction Distribution,COR00622,SCR,feeder_fault,A,3,7,63,2.0,True,0
TDMS002356,Traction Distribution,COR06392,NER,ohe_wire_wear,B,2,14,19,1.1,True,0
SMMS002092,Signal & Telecommunication,COR03934,WR,block_instrument_fault,B,2,2,23,1.7,True,0
TMS003164,Engineering,COR02396,WR,ballast_deficiency,C,1,10,35,3.8,True,0
SMMS002834,Signal & Telecommunication,COR05438,WCR,block_instrument_fault,B,2,30,7,1.0,False,0
TDMS001099,Traction Distribution,COR01437,ECR,ohe_wire_wear,B,2,16,39,1.5,True,0
TMS004283,Engineering,COR00152,NR,rail_fracture,A,3,86,36,5.9,False,0
TMS004884,Engineering,COR00287,CR,sleeper_defect,B,2,48,68,0.5,True,0
SMMS001046,Signal & Telecommunication,COR00709,WR,cable_fault,B,2,1,54,2.4,True,0
TDMS001922,Traction Distribution,COR05712,WCR,ohe_pole_defect,C,1,6,6,3.8,True,0
TMS002376,Engineering,COR00704,WR,sleeper_defect,B,2,18,87,4.9,False,0
TMS000574,Engineering,COR08241,CR,sleeper_defect,B,2,82,3,4.9,False,0
TMS002691,Engineering,COR06496,NWR,points_crossing_wear,B,2,67,4,4.0,True,0
TMS005166,Engineering,COR02723,NER,sleeper_defect,B,2,11,12,4.1,True,0
SMMS002207,Signal & Telecommunication,COR05547,NR,cable_fault,B,2,3,7,3.3,True,0
TMS002087,Engineering,COR03301,SWR,weld_failure,B,2,13,10,3.5,True,0
TMS004575,Engineering,COR06811,NWR,formation_defect,B,2,6,4,4.4,True,0
SMMS002320,Signal & Telecommunication,COR02390,WR,block_instrument_fault,B,2,1,36,2.6,True,0
SMMS002283,Signal & Telecommunication,COR00223,WCR,axle_counter_fault,A,3,26,53,1.2,True,0
TMS000161,Engineering,COR04329,SR,ballast_deficiency,C,1,14,15,5.5,True,0
TMS001709,Engineering,COR02459,ER,ballast_deficiency,A,3,68,12,4.5,False,0
SMMS002946,Signal & Telecommunication,COR01685,WCR,cable_fault,B,2,24,55,1.4,False,0
TMS003721,Engineering,COR02264,SECR,rail_wear,C,1,21,2,4.9,True,0
TMS001415,Engineering,COR05824,KR,points_crossing_wear,B,2,6,5,3.0,True,0
TMS004863,Engineering,COR01725,NCR,rail_wear,C,1,18,54,4.5,True,0
SMMS002282,Signal & Telecommunication,COR02384,WR,lc_gate_interlock_fault,A,3,15,36,3.4,True,0
TMS005275,Engineering,COR01344,NWR,points_crossing_wear,B,2,3,30,5.8,True,0
TMS004288,Engineering,COR01785,SWR,rail_wear,C,1,4,9,1.1,True,0
SMMS001863,Signal & Telecommunication,COR00495,WCR,lc_gate_interlock_fault,A,3,1,69,3.5,True,0
TDMS001941,Traction Distribution,COR05754,SR,feeder_fault,A,3,17,5,1.3,True,0
TMS004019,Engineering,COR00087,NWR,alignment_deviation,C,1,8,30,1.5,False,0
TDMS000342,Traction Distribution,COR01716,WCR,tension_device_fault,C,1,8,54,2.6,True,0
TMS005042,Engineering,COR03270,NCR,ballast_deficiency,C,1,172,14,2.8,True,0
TDMS000886,Traction Distribution,COR01420,SECR,insulator_fault,B,2,17,9,2.2,True,0
TDMS001336,Traction Distribution,COR03722,NFR,circuit_breaker_fault,A,3,48,21,1.9,True,0
TMS000969,Engineering,COR02104,SWR,ballast_deficiency,C,1,7,25,1.0,True,0
TMS003993,Engineering,COR05393,NCR,ballast_deficiency,C,1,2,12,2.3,False,0
TMS005284,Engineering,COR02822,WR,alignment_deviation,C,1,9,90,1.6,True,0
TDMS000166,Traction Distribution,COR01732,NR,tension_device_fault,C,1,89,10,4.7,True,0
TDMS002022,Traction Distribution,COR03561,SER,earthing_fault,B,2,66,14,1.4,True,0
TDMS001487,Traction Distribution,COR00065,WR,insulator_fault,B,2,597,31,4.9,True,1
TMS004939,Engineering,COR00646,SWR,rail_wear,C,1,6,22,2.7,True,0
SMMS002121,Signal & Telecommunication,COR01007,NFR,point_machine_fault,B,2,0,19,2.2,True,0
TMS002127,Engineering,COR03476,NCR,alignment_deviation,C,1,5,14,4.5,True,0
TMS002567,Engineering,COR00229,WCR,alignment_deviation,C,1,229,57,1.9,True,0
SMMS000958,Signal & Telecommunication,COR03193,SECR,lc_gate_interlock_fault,A,3,4,4,1.8,True,0
TDMS000374,Traction Distribution,COR00238,WCR,insulator_fault,B,2,1,58,2.2,True,0
TMS001932,Engineering,COR03829,NFR,rail_wear,C,1,62,17,1.1,True,0
TMS000989,Engineering,COR03129,ER,ballast_deficiency,C,1,11,1,2.3,True,0
TDMS000291,Traction Distribution,COR00681,WR,ohe_wire_wear,B,2,16,90,4.0,True,0
SMMS000217,Signal & Telecommunication,COR07392,NR,cable_fault,B,2,8,7,1.6,True,0
TDMS001100,Traction Distribution,COR01867,NR,ohe_wire_wear,B,2,12,29,1.3,True,0
SMMS001716,Signal & Telecommunication,COR02080,SWR,signal_failure,A,3,100,25,2.0,True,0
SMMS002448,Signal & Telecommunication,COR00352,NER,axle_counter_fault,A,3,25,10,0.9,True,0
TMS001383,Engineering,COR04587,ECoR,alignment_deviation,C,1,201,1,4.0,True,0
TMS000268,Engineering,COR01844,NR,rail_wear,C,1,163,28,3.0,True,0
TMS000830,Engineering,COR05405,NCR,rail_wear,C,1,3299,11,4.1,True,0
TDMS000192,Traction Distribution,COR02698,NR,earthing_fault,B,2,41,27,1.5,True,0
TMS005055,Engineering,COR05746,SR,formation_defect,B,2,1,10,5.2,True,0
TMS005533,Engineering,COR03842,NFR,ballast_deficiency,C,1,76,14,2.4,True,0
TMS000720,Engineering,COR00074,NWR,ballast_deficiency,C,1,381,30,2.0,True,0
SMMS000702,Signal & Telecommunication,COR04124,NR,lc_gate_interlock_fault,A,3,2,11,1.0,True,0
TMS005534,Engineering,COR01092,SWR,points_crossing_wear,B,2,66,20,3.7,True,0
SMMS002776,Signal & Telecommunication,COR01810,NWR,axle_counter_fault,A,3,18,6,3.8,False,0
TMS005126,Engineering,COR02957,SCR,formation_defect,B,2,8,11,2.9,True,0
TDMS000148,Traction Distribution,COR03304,SWR,ohe_pole_defect,C,1,73,10,1.1,True,0
TMS005846,Engineering,COR01858,NR,ballast_deficiency,C,1,9,37,5.4,True,0
TMS004583,Engineering,COR02153,SR,formation_defect,B,2,46,70,3.3,True,0
TMS005727,Engineering,COR01885,SCR,alignment_deviation,C,1,6,62,1.6,False,0
SMMS001257,Signal & Telecommunication,COR02426,SCR,signal_failure,A,3,2,15,2.2,True,0
TMS005635,Engineering,COR03573,SER,ballast_deficiency,C,1,2,26,0.5,True,0
TMS003672,Engineering,COR04053,SWR,ballast_deficiency,C,1,3,9,4.1,True,0
TDMS002307,Traction Distribution,COR06755,SWR,tension_device_fault,C,1,29,7,5.0,True,0
SMMS002786,Signal & Telecommunication,COR01028,NFR,cable_fault,B,2,1,22,3.9,True,0
TMS004041,Engineering,COR01356,WR,sleeper_defect,B,2,20,25,4.7,True,0
TDMS001868,Traction Distribution,COR05354,SCR,ohe_wire_wear,B,2,291,4,2.7,True,0
TMS002632,Engineering,COR02740,SR,ballast_deficiency,C,1,4,18,6.0,True,0
TMS003686,Engineering,COR03223,WR,ballast_deficiency,C,1,18,3,4.3,False,0
TMS002966,Engineering,COR04843,SCR,formation_defect,B,2,267,12,2.2,True,1
TDMS002390,Traction Distribution,COR00333,NER,circuit_breaker_fault,A,3,0,11,0.5,True,0
TMS000717,Engineering,COR01696,WCR,formation_defect,B,2,1,59,1.2,True,0
TMS005956,Engineering,COR07794,NR,rail_wear,C,1,4,1,0.8,True,0
TDMS001326,Traction Distribution,COR00478,CR,insulator_fault,B,2,19,69,1.4,True,0
TMS001566,Engineering,COR05628,NWR,sleeper_defect,B,2,379,32,0.9,True,1
TMS001164,Engineering,COR00744,NER,sleeper_defect,B,2,9,16,2.4,True,0
TMS002792,Engineering,COR04300,NER,sleeper_defect,B,2,78,17,2.1,False,0
TMS001155,Engineering,COR01878,SCR,weld_failure,A,3,279,62,2.9,True,1
TMS003496,Engineering,COR03304,SWR,rail_fracture,A,3,66,10,3.5,False,0
SMMS002585,Signal & Telecommunication,COR00973,NFR,cable_fault,B,2,0,14,1.4,True,0
TMS003856,Engineering,COR01684,WCR,rail_fracture,A,3,307,55,1.3,True,1
SMMS002872,Signal & Telecommunication,COR03498,NR,signal_failure,A,3,20,4,4.0,False,0
TMS001480,Engineering,COR00779,NWR,alignment_deviation,C,1,334,26,3.7,True,1
TMS000191,Engineering,COR01622,SWR,rail_fracture,A,3,331,25,5.2,True,1
TMS002280,Engineering,COR02159,SR,alignment_deviation,B,2,29,70,2.1,True,0
SMMS000096,Signal & Telecommunication,COR04267,WR,point_machine_fault,B,2,24,25,3.7,True,0
TMS005262,Engineering,COR00691,WR,alignment_deviation,C,1,112,90,5.5,True,0
SMMS002646,Signal & Telecommunication,COR04312,ECR,signal_failure,A,3,5,4,2.6,True,0
TMS002413,Engineering,COR02859,SWR,alignment_deviation,C,1,86,14,4.6,True,0
TMS001406,Engineering,COR05289,SWR,sleeper_defect,B,2,7,5,4.0,True,0
SMMS000009,Signal & Telecommunication,COR00010,WR,point_machine_fault,B,2,15,20,0.5,False,0
TMS003842,Engineering,COR03786,SECR,ballast_deficiency,C,1,78,6,1.7,True,0
TDMS000092,Traction Distribution,COR04666,KR,ohe_wire_wear,B,2,97,25,1.4,True,0
TMS002521,Engineering,COR01930,SCR,formation_defect,B,2,6,22,5.5,True,0
TMS002382,Engineering,COR04241,NR,points_crossing_wear,B,2,19,18,1.5,True,0
TMS004556,Engineering,COR04988,SR,weld_failure,A,3,9,13,4.9,True,0
TMS004282,Engineering,COR03162,NFR,alignment_deviation,C,1,68,5,4.2,True,0
TMS001809,Engineering,COR06015,NWR,formation_defect,B,2,384,9,0.9,True,1
TMS005804,Engineering,COR05496,NER,alignment_deviation,C,1,2332,7,5.8,True,0
TMS005526,Engineering,COR02198,SR,alignment_deviation,C,1,46,17,3.2,True,0
TMS005531,Engineering,COR07590,WR,rail_fracture,A,3,13,3,3.7,True,0
TMS003770,Engineering,COR04522,SWR,ballast_deficiency,C,1,8,9,1.8,True,0
TMS005808,Engineering,COR02968,SR,weld_failure,A,3,1,40,0.8,True,0
TMS000150,Engineering,COR03610,SWR,points_crossing_wear,B,2,11,18,1.5,True,0
TDMS000024,Traction Distribution,COR07743,SWR,circuit_breaker_fault,A,3,4,2,2.8,True,0
SMMS002242,Signal & Telecommunication,COR01087,SWR,cable_fault,B,2,0,22,2.4,True,0
SMMS000290,Signal & Telecommunication,COR08380,NR,point_machine_fault,B,2,5,2,3.9,True,0
SMMS002853,Signal & Telecommunication,COR02302,NR,interlocking_fault,A,3,2,29,3.7,True,0
TDMS002176,Traction Distribution,COR03905,NR,tension_device_fault,C,1,380,22,1.5,True,0
TDMS000366,Traction Distribution,COR00221,WCR,tension_device_fault,C,1,83,53,2.6,True,0
TMS002238,Engineering,COR04100,NR,points_crossing_wear,B,2,74,12,0.5,True,0
TMS005269,Engineering,COR03782,SECR,rail_wear,C,1,15,6,0.9,True,0
SMMS001090,Signal & Telecommunication,COR00952,SR,axle_counter_fault,A,3,1,10,1.6,False,0
TMS004920,Engineering,COR03076,SR,rail_wear,C,1,9,40,2.2,True,0
TDMS001462,Traction Distribution,COR02377,SECR,tension_device_fault,C,1,102,7,2.9,True,0
TDMS002404,Traction Distribution,COR00143,NR,feeder_fault,A,3,65,36,3.8,True,1
SMMS000299,Signal & Telecommunication,COR06677,NER,cable_fault,B,2,5,8,2.6,True,0
TDMS001339,Traction Distribution,COR01953,SCR,ohe_pole_defect,C,1,4,22,2.7,True,0
TMS000529,Engineering,COR02807,WR,points_crossing_wear,B,2,4,54,3.7,True,0
TMS002021,Engineering,COR00021,WR,ballast_deficiency,A,3,273,35,5.6,True,1
TMS000620,Engineering,COR01187,CR,alignment_deviation,C,1,1,22,4.0,False,0
TMS000018,Engineering,COR06139,WR,alignment_deviation,C,1,67,9,2.9,True,0
TMS002981,Engineering,COR00044,WR,rail_fracture,A,3,62,32,2.5,True,0
SMMS001736,Signal & Telecommunication,COR02817,WR,cable_fault,B,2,143,92,0.7,True,1
TMS002423,Engineering,COR00459,SCR,rail_wear,C,1,85,18,5.2,True,0
TDMS002393,Traction Distribution,COR00230,WCR,ohe_pole_defect,C,1,186,57,3.4,True,0
TMS000962,Engineering,COR00597,NER,alignment_deviation,C,1,64,16,1.9,True,0
SMMS000283,Signal & Telecommunication,COR00888,SCR,interlocking_fault,A,3,3,18,2.2,True,0
TMS000068,Engineering,COR00873,SCR,rail_wear,C,1,14,16,2.6,True,0
TMS004827,Engineering,COR02316,WCR,sleeper_defect,B,2,1,7,3.2,False,0
SMMS000850,Signal & Telecommunication,COR02707,SECR,signal_failure,A,3,3,7,2.2,True,0
TMS002130,Engineering,COR05004,SR,alignment_deviation,C,1,4,18,5.8,True,0
TMS002743,Engineering,COR01875,SCR,sleeper_defect,B,2,17,62,1.6,True,0
TMS003847,Engineering,COR02981,SR,alignment_deviation,C,1,58,40,2.1,True,0
TMS001953,Engineering,COR01438,ECR,rail_fracture,A,3,0,39,1.1,True,0
SMMS000344,Signal & Telecommunication,COR01172,CR,block_instrument_fault,B,2,28,17,2.8,True,0
TMS001579,Engineering,COR02271,ECR,alignment_deviation,C,1,63,18,5.5,True,0
TMS003043,Engineering,COR01106,SCR,alignment_deviation,C,1,23,14,4.7,True,0
TDMS000072,Traction Distribution,COR04481,WCR,insulator_fault,B,2,34,36,4.0,True,0
SMMS002512,Signal & Telecommunication,COR04548,NR,signal_failure,A,3,147,37,1.5,True,1
SMMS000878,Signal & Telecommunication,COR06215,NR,cable_fault,B,2,0,3,1.0,True,0
TMS001023,Engineering,COR04377,SR,weld_failure,A,3,86,9,5.1,True,0
TDMS000843,Traction Distribution,COR03792,SCR,insulator_fault,B,2,19,7,2.7,True,0
TMS005101,Engineering,COR00064,WR,alignment_deviation,C,1,8,31,2.8,False,0
TMS005917,Engineering,COR00766,NR,weld_failure,A,3,72,35,2.8,True,0
TMS000588,Engineering,COR03441,NWR,ballast_deficiency,C,1,3,5,3.5,True,0
TDMS001515,Traction Distribution,COR02189,SWR,ohe_wire_wear,B,2,68,20,5.0,True,0
TMS001357,Engineering,COR00463,SCR,points_crossing_wear,B,2,2,23,2.1,True,0
TMS003908,Engineering,COR00114,NWR,ballast_deficiency,C,1,15,20,2.0,False,0
TDMS000040,Traction Distribution,COR03722,NFR,circuit_breaker_fault,A,3,203,21,0.8,True,1
SMMS000150,Signal & Telecommunication,COR00260,WCR,block_instrument_fault,B,2,2,54,2.8,True,0
TDMS001055,Traction Distribution,COR06703,WR,ohe_wire_wear,B,2,278,9,1.0,True,1
TMS001105,Engineering,COR03822,NFR,ballast_deficiency,A,3,15,19,4.3,True,0
SMMS001269,Signal & Telecommunication,COR01649,SWR,cable_fault,B,2,5,29,1.1,True,0
TDMS001253,Traction Distribution,COR00615,SCR,earthing_fault,B,2,19,59,3.2,True,0
TMS001668,Engineering,COR03017,SCR,rail_fracture,A,3,5,4,4.5,True,0
TMS004363,Engineering,COR00760,NR,rail_fracture,A,3,51,37,2.2,True,1
TMS002242,Engineering,COR01679,WCR,ballast_deficiency,C,1,55,55,1.5,True,0
TMS003459,Engineering,COR03616,SWR,weld_failure,A,3,134,14,2.6,True,1
SMMS001283,Signal & Telecommunication,COR02303,NR,point_machine_fault,B,2,1,29,2.8,True,0
TMS003203,Engineering,COR00323,SER,rail_wear,C,1,1,24,4.2,True,0
TMS002763,Engineering,COR00564,NR,rail_wear,C,1,87,20,4.1,True,0
SMMS002875,Signal & Telecommunication,COR00424,SCR,cable_fault,B,2,4,20,0.6,True,0
SMMS001518,Signal & Telecommunication,COR00709,WR,lc_gate_interlock_fault,A,3,4,54,0.6,True,1
TMS004776,Engineering,COR00698,WR,sleeper_defect,B,2,6,92,4.1,True,0
TDMS000918,Traction Distribution,COR00675,WR,tension_device_fault,C,1,38,94,1.0,True,0
TDMS001758,Traction Distribution,COR01403,SR,circuit_breaker_fault,A,3,172,11,3.1,True,0
SMMS001572,Signal & Telecommunication,COR05281,SWR,axle_counter_fault,A,3,1,7,3.1,True,0
TMS001372,Engineering,COR00679,WR,alignment_deviation,B,2,12,94,3.7,True,0
TMS004625,Engineering,COR00223,WCR,ballast_deficiency,C,1,3,53,3.9,False,0
TMS001869,Engineering,COR00606,SCR,rail_wear,C,1,4,67,1.0,True,0
SMMS002126,Signal & Telecommunication,COR01829,NWR,point_machine_fault,B,2,18,11,2.1,True,0
TDMS001203,Traction Distribution,COR01148,SWR,ohe_wire_wear,B,2,69,26,2.1,True,0
TMS000108,Engineering,COR02588,KR,rail_wear,C,1,175,22,5.7,False,0
SMMS002876,Signal & Telecommunication,COR01469,NFR,signal_failure,A,3,29,25,0.5,True,0
TMS005796,Engineering,COR03691,SER,sleeper_defect,B,2,3,23,2.1,True,0
SMMS000413,Signal & Telecommunication,COR05132,NR,interlocking_fault,A,3,6,30,1.3,True,0
SMMS002592,Signal & Telecommunication,COR00535,SR,block_instrument_fault,B,2,172,35,2.3,True,0
SMMS002474,Signal & Telecommunication,COR03869,ER,lc_gate_interlock_fault,A,3,1,13,2.6,True,0
TDMS002229,Traction Distribution,COR00233,WCR,earthing_fault,B,2,527,57,0.6,True,1
SMMS001666,Signal & Telecommunication,COR05990,NR,axle_counter_fault,A,3,3,9,2.5,True,0
TDMS001222,Traction Distribution,COR02995,SR,ohe_wire_wear,B,2,20,41,2.6,True,0
TMS003165,Engineering,COR03695,SER,alignment_deviation,C,1,37,23,5.6,True,0
TMS005443,Engineering,COR00706,WR,sleeper_defect,B,2,41,54,4.7,True,0
TDMS000416,Traction Distribution,COR05964,SR,ohe_wire_wear,B,2,63,5,2.2,True,0
TMS005562,Engineering,COR03961,ER,rail_wear,B,2,64,12,5.2,True,0
TMS003214,Engineering,COR03618,SWR,sleeper_defect,B,2,6,14,4.0,True,0
SMMS000622,Signal & Telecommunication,COR03060,SR,cable_fault,B,2,4,17,2.8,True,0
TDMS002000,Traction Distribution,COR02130,SCR,feeder_fault,A,3,541,20,2.7,True,1
SMMS000289,Signal & Telecommunication,COR01881,SCR,cable_fault,B,2,132,62,0.8,True,0
TMS005362,Engineering,COR04117,NR,ballast_deficiency,C,1,4,10,2.9,True,0
TDMS002398,Traction Distribution,COR00698,WR,ohe_wire_wear,B,2,8,92,2.0,True,0
TMS001280,Engineering,COR06906,ER,alignment_deviation,C,1,2922,8,4.9,True,0
TMS005769,Engineering,COR03085,SR,sleeper_defect,B,2,3,40,4.7,True,0
SMMS001147,Signal & Telecommunication,COR04541,NR,interlocking_fault,A,3,1,38,2.9,True,0
TMS004475,Engineering,COR04405,NR,alignment_deviation,C,1,15,6,2.8,True,0
TMS000801,Engineering,COR04079,SWR,weld_failure,A,3,2,11,3.4,True,0
TDMS000865,Traction Distribution,COR06724,NR,feeder_fault,A,3,9,6,3.7,True,0
TMS004521,Engineering,COR02823,WR,rail_wear,C,1,7,90,1.1,True,0
TMS004378,Engineering,COR03840,NFR,ballast_deficiency,C,1,3114,14,1.2,False,0
TMS002721,Engineering,COR00266,WCR,rail_wear,C,1,2,54,5.5,True,0
TDMS001236,Traction Distribution,COR04539,NR,ohe_pole_defect,C,1,20,38,2.2,True,0
TMS004240,Engineering,COR01393,SR,formation_defect,B,2,13,18,5.3,True,0
TDMS002425,Traction Distribution,COR03852,NFR,circuit_breaker_fault,A,3,56,14,3.0,True,0
SMMS000592,Signal & Telecommunication,COR00240,WCR,interlocking_fault,A,3,0,58,3.3,True,0
SMMS002805,Signal & Telecommunication,COR01270,SR,interlocking_fault,A,3,4,3,3.5,False,0
TDMS000557,Traction Distribution,COR02270,ECR,ohe_wire_wear,B,2,122,16,3.7,True,0
TMS002197,Engineering,COR07445,NER,rail_fracture,A,3,13,1,3.3,True,0
TMS000951,Engineering,COR03091,SR,rail_wear,C,1,89,40,4.6,True,0
TMS003919,Engineering,COR00116,NWR,alignment_deviation,C,1,13,33,4.9,True,0
TMS004468,Engineering,COR08528,WCR,rail_fracture,A,3,72,1,1.8,True,0
TDMS000750,Traction Distribution,COR04937,KR,ohe_pole_defect,C,1,8,26,4.5,True,0
SMMS000942,Signal & Telecommunication,COR02937,SCR,block_instrument_fault,B,2,1,58,3.0,True,0
SMMS000498,Signal & Telecommunication,COR00512,NWR,block_instrument_fault,B,2,17,11,3.9,True,0
TMS004179,Engineering,COR04135,SR,rail_wear,C,1,159,41,5.2,True,0
TMS004074,Engineering,COR03239,WR,ballast_deficiency,C,1,200,15,2.7,True,0
TMS001488,Engineering,COR01946,SCR,sleeper_defect,B,2,10,22,3.0,True,0
TDMS000134,Traction Distribution,COR03433,NER,insulator_fault,B,2,435,5,0.7,True,1
SMMS001782,Signal & Telecommunication,COR03557,SER,axle_counter_fault,A,3,8,22,1.9,True,0
SMMS002897,Signal & Telecommunication,COR05068,NFR,signal_failure,A,3,5,12,3.5,True,0
SMMS002770,Signal & Telecommunication,COR03941,WCR,block_instrument_fault,B,2,11,30,1.5,True,0
TMS000631,Engineering,COR05695,NCR,points_crossing_wear,B,2,342,9,5.1,True,1
SMMS000619,Signal & Telecommunication,COR02667,NR,axle_counter_fault,A,3,19,7,1.5,True,0
SMMS002310,Signal & Telecommunication,COR01678,WCR,axle_counter_fault,A,3,25,55,3.5,True,0
SMMS002777,Signal & Telecommunication,COR02355,NWR,cable_fault,B,2,10,24,2.5,True,0
TMS003324,Engineering,COR02297,NR,rail_wear,B,2,55,29,3.9,False,0
TMS000253,Engineering,COR00248,WCR,ballast_deficiency,C,1,35,54,1.1,True,0
TMS000890,Engineering,COR04900,SWR,points_crossing_wear,B,2,12,20,4.7,True,0
TDMS000901,Traction Distribution,COR03743,SR,ohe_wire_wear,B,2,232,7,1.1,True,0
TDMS001020,Traction Distribution,COR02373,SECR,insulator_fault,B,2,103,7,3.5,True,0
SMMS002308,Signal & Telecommunication,COR03957,ER,cable_fault,B,2,4,8,2.5,True,0
SMMS001978,Signal & Telecommunication,COR04653,KR,axle_counter_fault,A,3,2,22,2.4,False,0
SMMS000588,Signal & Telecommunication,COR02059,SCR,point_machine_fault,B,2,0,24,3.7,True,0
TDMS000263,Traction Distribution,COR01652,SWR,ohe_wire_wear,B,2,20,29,4.6,True,0
SMMS000634,Signal & Telecommunication,COR04538,NR,interlocking_fault,A,3,4,38,3.8,True,0
SMMS002935,Signal & Telecommunication,COR04054,SWR,signal_failure,A,3,47,9,2.1,True,0
TMS005038,Engineering,COR00269,WCR,formation_defect,B,2,7,68,2.9,True,0
TMS005451,Engineering,COR00282,WCR,formation_defect,B,2,46,68,2.9,True,0
TMS004650,Engineering,COR00277,WCR,rail_wear,C,1,76,68,5.2,True,0
TDMS001350,Traction Distribution,COR04083,SWR,circuit_breaker_fault,A,3,14,11,3.9,True,0
SMMS001717,Signal & Telecommunication,COR00015,WR,block_instrument_fault,B,2,5,26,3.5,True,0
TMS003294,Engineering,COR04151,SR,rail_wear,C,1,7,35,1.5,False,0
TMS000501,Engineering,COR01727,NCR,ballast_deficiency,C,1,12,54,2.8,True,0
TDMS001775,Traction Distribution,COR05217,SR,ohe_wire_wear,B,2,110,13,4.2,True,0
TMS001858,Engineering,COR00766,NR,weld_failure,A,3,13,35,0.7,False,0
TMS005643,Engineering,COR00691,WR,rail_wear,C,1,8,90,1.1,True,0
TMS005495,Engineering,COR02401,WR,sleeper_defect,B,2,14,26,1.3,False,0
TMS002293,Engineering,COR04241,NR,alignment_deviation,C,1,73,18,1.0,True,0
TDMS001138,Traction Distribution,COR00545,SR,ohe_pole_defect,C,1,46,35,4.7,True,0
TMS001570,Engineering,COR02705,NR,ballast_deficiency,C,1,4,27,2.9,False,0
TMS001717,Engineering,COR04138,SR,rail_fracture,A,3,93,41,4.8,True,0
SMMS002188,Signal & Telecommunication,COR00150,NR,cable_fault,B,2,24,38,3.5,True,0
TDMS002500,Traction Distribution,COR00761,NR,ohe_wire_wear,B,2,74,37,3.0,True,0
TMS004959,Engineering,COR01512,CR,formation_defect,B,2,45,19,1.4,True,0
TMS003971,Engineering,COR06656,SER,sleeper_defect,B,2,1,8,5.8,True,0
TMS000683,Engineering,COR07084,WR,sleeper_defect,B,2,2,5,3.1,False,0
TMS000452,Engineering,COR02380,WR,ballast_deficiency,C,1,3,26,5.0,True,0
SMMS002731,Signal & Telecommunication,COR02137,SCR,cable_fault,B,2,3,20,2.4,True,0
TMS002637,Engineering,COR04958,KR,rail_fracture,A,3,58,24,3.9,False,0
SMMS000990,Signal & Telecommunication,COR05746,SR,signal_failure,A,3,0,10,2.7,True,0
TDMS002301,Traction Distribution,COR00732,KR,ohe_pole_defect,C,1,15,29,3.3,True,0
TMS005718,Engineering,COR03757,NWR,alignment_deviation,C,1,14,10,2.6,False,0
TMS001491,Engineering,COR04181,NR,formation_defect,B,2,21,18,4.4,True,0
TDMS000234,Traction Distribution,COR03267,NCR,feeder_fault,A,3,411,14,0.5,True,1
TMS002841,Engineering,COR03154,WR,alignment_deviation,C,1,7,28,5.5,True,0
TDMS000182,Traction Distribution,COR04093,NR,tension_device_fault,C,1,83,10,4.7,True,0
TMS005325,Engineering,COR02243,SWR,ballast_deficiency,C,1,7,7,4.7,True,0
TMS002241,Engineering,COR03940,WCR,ballast_deficiency,C,1,358,30,4.1,True,1
TMS000782,Engineering,COR02723,NER,ballast_deficiency,C,1,15,12,3.4,True,0
SMMS002355,Signal & Telecommunication,COR03790,SCR,block_instrument_fault,B,2,4,7,1.7,True,0
TMS000262,Engineering,COR06393,NER,ballast_deficiency,C,1,24,19,1.3,True,0
TDMS002244,Traction Distribution,COR02810,WR,feeder_fault,A,3,558,87,1.5,True,1
TMS004143,Engineering,COR00214,NCR,alignment_deviation,C,1,12,53,0.5,True,0
TMS004773,Engineering,COR05553,NR,ballast_deficiency,C,1,53,5,0.9,True,0
TMS001993,Engineering,COR07398,NR,weld_failure,A,3,111,8,5.8,True,0
SMMS001021,Signal & Telecommunication,COR08522,ECR,block_instrument_fault,B,2,0,1,4.0,True,0
TMS004226,Engineering,COR04097,NR,rail_wear,C,1,11,12,2.4,True,0
TMS002609,Engineering,COR05763,SR,weld_failure,A,3,2769,5,4.1,True,1
TMS000649,Engineering,COR00623,SCR,formation_defect,C,1,6,63,3.9,False,0
TMS004576,Engineering,COR00100,NWR,alignment_deviation,C,1,25,19,3.9,True,0
TMS005115,Engineering,COR01904,SCR,rail_fracture,A,3,1036,9,5.5,True,1
SMMS001992,Signal & Telecommunication,COR01610,SWR,point_machine_fault,B,2,2,26,3.5,True,0
SMMS001685,Signal & Telecommunication,COR01490,NFR,interlocking_fault,A,3,2,5,2.8,True,0
SMMS001024,Signal & Telecommunication,COR00375,NER,axle_counter_fault,A,3,5,21,1.4,True,0
TDMS001652,Traction Distribution,COR01700,WCR,tension_device_fault,C,1,19,59,3.6,True,0
TDMS001120,Traction Distribution,COR06641,ER,insulator_fault,B,2,137,5,2.8,True,0
TDMS001276,Traction Distribution,COR00680,WR,ohe_wire_wear,B,2,585,94,2.8,True,1
TMS000382,Engineering,COR05522,ER,alignment_deviation,C,1,0,9,1.7,False,0
TMS000515,Engineering,COR01436,ECR,sleeper_defect,B,2,86,23,1.4,True,0
TMS005694,Engineering,COR03584,ECR,sleeper_defect,B,2,82,5,5.9,True,0
TDMS001019,Traction Distribution,COR02090,SWR,ohe_wire_wear,B,2,40,23,4.0,True,0
TMS002010,Engineering,COR01147,SWR,weld_failure,A,3,0,26,5.1,True,0
SMMS000988,Signal & Telecommunication,COR03107,NR,interlocking_fault,A,3,4,10,2.8,True,0
SMMS001138,Signal & Telecommunication,COR01899,SCR,axle_counter_fault,A,3,0,56,2.9,True,1
TDMS000857,Traction Distribution,COR05066,NFR,insulator_fault,B,2,8,12,4.2,True,0
SMMS002442,Signal & Telecommunication,COR02538,NR,signal_failure,A,3,30,17,2.2,True,0
SMMS002482,Signal & Telecommunication,COR02893,WCR,axle_counter_fault,A,3,3,31,2.4,True,0
SMMS001191,Signal & Telecommunication,COR00305,SR,point_machine_fault,B,2,12,6,3.3,True,0
TDMS001996,Traction Distribution,COR02099,SWR,feeder_fault,A,3,11,26,2.2,True,0
SMMS001905,Signal & Telecommunication,COR01104,SCR,cable_fault,B,2,1,14,2.1,True,0
TMS003036,Engineering,COR02118,SWR,points_crossing_wear,B,2,356,27,4.9,True,1
TDMS000033,Traction Distribution,COR00573,ECR,feeder_fault,A,3,16,18,2.1,True,0
TMS000313,Engineering,COR01757,WCR,alignment_deviation,C,1,55,43,3.0,True,0
TMS005618,Engineering,COR01186,CR,points_crossing_wear,B,2,13,22,3.6,True,0
TMS002687,Engineering,COR03691,SER,rail_wear,C,1,2,23,4.7,True,0
TMS000026,Engineering,COR04439,ECR,formation_defect,B,2,6,23,3.5,True,0
TMS001895,Engineering,COR00182,ECR,formation_defect,B,2,11,13,2.4,True,0
TDMS001919,Traction Distribution,COR01008,NFR,insulator_fault,B,2,5,19,4.9,True,0
SMMS000637,Signal & Telecommunication,COR04596,NFR,signal_failure,A,3,4,15,3.8,True,0
TMS000398,Engineering,COR00172,NER,ballast_deficiency,C,1,83,13,1.7,False,0
SMMS000598,Signal & Telecommunication,COR04649,KR,interlocking_fault,A,3,4,22,1.0,True,0
TDMS000200,Traction Distribution,COR05391,NCR,insulator_fault,B,2,2,12,1.3,True,0
SMMS000261,Signal & Telecommunication,COR04377,SR,lc_gate_interlock_fault,A,3,20,9,3.5,True,0
SMMS000485,Signal & Telecommunication,COR06588,NWR,cable_fault,B,2,3,6,3.0,False,0
TMS002221,Engineering,COR01314,NWR,alignment_deviation,C,1,11,19,2.7,True,0
SMMS001048,Signal & Telecommunication,COR05598,NR,point_machine_fault,B,2,11,21,1.3,True,0
TMS001844,Engineering,COR00739,NER,weld_failure,A,3,3,17,3.6,True,0
TMS005182,Engineering,COR03620,SWR,points_crossing_wear,B,2,11,14,3.1,True,0
TDMS000349,Traction Distribution,COR06023,NWR,insulator_fault,B,2,8,6,1.1,True,0
TMS004914,Engineering,COR03491,NR,points_crossing_wear,B,2,159,8,1.4,True,0
TMS004567,Engineering,COR03113,NR,ballast_deficiency,C,1,34,6,2.4,True,0
SMMS001333,Signal & Telecommunication,COR01039,NFR,block_instrument_fault,B,2,3,25,1.8,True,0
SMMS000833,Signal & Telecommunication,COR00278,WCR,lc_gate_interlock_fault,A,3,8,68,1.9,False,1
SMMS001310,Signal & Telecommunication,COR03053,SR,cable_fault,B,2,4,22,4.0,False,0
TMS000218,Engineering,COR04553,NR,alignment_deviation,C,1,26,37,4.4,True,0
TDMS002195,Traction Distribution,COR01072,NFR,insulator_fault,B,2,52,1,2.3,True,0
SMMS001493,Signal & Telecommunication,COR02461,ER,point_machine_fault,B,2,19,12,3.5,True,0
SMMS000056,Signal & Telecommunication,COR01356,WR,signal_failure,A,3,1,25,0.9,True,0
TMS002492,Engineering,COR03287,NWR,rail_wear,C,1,10,10,0.5,True,0
SMMS000728,Signal & Telecommunication,COR04035,NER,signal_failure,A,3,8,33,0.9,True,1
TMS001757,Engineering,COR00786,NWR,formation_defect,B,2,18,26,5.6,False,0
TMS004401,Engineering,COR05291,SWR,rail_wear,C,1,355,4,1.3,True,0
TMS004154,Engineering,COR04606,NFR,ballast_deficiency,C,1,79,15,1.1,False,0
SMMS002359,Signal & Telecommunication,COR00349,NER,point_machine_fault,B,2,12,8,0.8,True,0
SMMS001449,Signal & Telecommunication,COR01141,SWR,cable_fault,B,2,2,21,1.6,True,0
TDMS000900,Traction Distribution,COR02144,SCR,tension_device_fault,C,1,198,20,2.5,True,0
TMS005351,Engineering,COR03338,SR,alignment_deviation,C,1,7,10,5.6,True,0
TDMS001587,Traction Distribution,COR03323,WR,feeder_fault,A,3,32,11,2.9,True,0
TMS004639,Engineering,COR02991,SR,alignment_deviation,C,1,7,41,1.6,True,0
TDMS001229,Traction Distribution,COR00854,SCR,insulator_fault,B,2,68,26,2.1,True,0
TMS000916,Engineering,COR00580,ECR,weld_failure,C,1,294,17,5.5,True,0
TMS001523,Engineering,COR00062,WR,ballast_deficiency,C,1,25,31,5.7,True,0
TMS004913,Engineering,COR02979,SR,alignment_deviation,C,1,13,40,3.0,True,0
TDMS002144,Traction Distribution,COR01473,NFR,circuit_breaker_fault,A,3,19,25,2.0,True,0
TMS005662,Engineering,COR01330,NWR,rail_wear,C,1,9,30,3.3,True,0
SMMS000867,Signal & Telecommunication,COR01855,NR,signal_failure,A,3,3,36,3.2,False,0
TDMS000893,Traction Distribution,COR02884,NR,ohe_wire_wear,B,2,19,52,2.4,True,0
SMMS000781,Signal & Telecommunication,COR04378,SR,axle_counter_fault,A,3,2,9,3.7,True,0
TDMS001794,Traction Distribution,COR00184,ECR,earthing_fault,B,2,41,13,2.6,True,0
TMS004278,Engineering,COR05208,SR,points_crossing_wear,B,2,287,15,2.2,True,0
TMS000391,Engineering,COR00373,NER,points_crossing_wear,B,2,352,21,1.1,True,1
TMS005930,Engineering,COR05194,NWR,sleeper_defect,B,2,43,10,4.4,True,0
TDMS001502,Traction Distribution,COR03042,SR,ohe_wire_wear,B,2,6,17,3.0,True,0
SMMS001671,Signal & Telecommunication,COR00076,NWR,cable_fault,B,2,0,30,1.3,True,0
SMMS000812,Signal & Telecommunication,COR00621,SCR,cable_fault,B,2,5,63,0.8,True,0
TDMS000053,Traction Distribution,COR00686,WR,ohe_wire_wear,B,2,5,91,4.6,True,0
TMS005429,Engineering,COR05462,ER,ballast_deficiency,C,1,80,5,2.2,True,0
TMS002053,Engineering,COR03088,SR,alignment_deviation,C,1,1,40,5.8,True,0
TMS005966,Engineering,COR05394,NCR,rail_wear,C,1,283,11,2.8,True,0
TMS004887,Engineering,COR00931,SWR,weld_failure,A,3,14,41,5.6,True,1
SMMS000680,Signal & Telecommunication,COR01008,NFR,point_machine_fault,B,2,5,19,2.4,True,0
SMMS000911,Signal & Telecommunication,COR00481,WCR,cable_fault,B,2,15,33,2.7,True,0
SMMS001111,Signal & Telecommunication,COR04701,CR,interlocking_fault,A,3,0,26,3.6,True,0
TDMS001995,Traction Distribution,COR00661,SWR,earthing_fault,B,2,23,22,2.9,True,0
TDMS002141,Traction Distribution,COR00868,SCR,earthing_fault,B,2,228,17,1.7,True,0
TMS004504,Engineering,COR03765,NER,ballast_deficiency,C,1,15,4,3.6,True,0
TMS002318,Engineering,COR07406,NR,rail_wear,A,3,107,8,2.3,True,0
TMS004182,Engineering,COR04108,NR,ballast_deficiency,C,1,83,11,4.6,False,0
TDMS000117,Traction Distribution,COR01937,SCR,earthing_fault,B,2,26,22,2.3,True,0
TDMS000270,Traction Distribution,COR02823,WR,circuit_breaker_fault,A,3,75,90,2.3,True,1
TMS003989,Engineering,COR00625,SCR,ballast_deficiency,C,1,41,63,4.6,True,0
TMS001169,Engineering,COR02808,WR,rail_fracture,A,3,8,54,3.8,True,1
SMMS001362,Signal & Telecommunication,COR03175,CR,signal_failure,A,3,0,7,3.5,False,0
SMMS000136,Signal & Telecommunication,COR08057,SECR,cable_fault,B,2,4,3,0.8,True,0
SMMS000817,Signal & Telecommunication,COR00272,WCR,point_machine_fault,B,2,17,68,2.6,True,0
TDMS000969,Traction Distribution,COR05025,SR,ohe_wire_wear,B,2,77,6,1.2,True,0
TDMS001170,Traction Distribution,COR05733,SR,feeder_fault,A,3,32,10,1.3,True,0
TMS003585,Engineering,COR01890,SCR,ballast_deficiency,C,1,82,66,3.5,True,0
TMS003895,Engineering,COR01689,WCR,points_crossing_wear,B,2,2,55,4.3,True,0
TMS001345,Engineering,COR00282,WCR,ballast_deficiency,C,1,31,68,1.2,True,0
TMS004340,Engineering,COR01018,NFR,ballast_deficiency,C,1,5,13,2.6,False,0
TMS003655,Engineering,COR04461,NFR,sleeper_defect,B,2,11,15,3.9,True,0
TDMS001839,Traction Distribution,COR04089,NR,insulator_fault,B,2,11,9,1.7,True,0
TMS001482,Engineering,COR02174,WCR,sleeper_defect,C,1,287,15,0.9,True,0
TDMS001404,Traction Distribution,COR04919,CR,ohe_wire_wear,B,2,2,26,3.1,True,0
TMS000737,Engineering,COR06305,SER,sleeper_defect,B,2,18,9,3.8,True,0
SMMS001828,Signal & Telecommunication,COR01228,CR,cable_fault,B,2,3,6,0.8,True,0
TMS005002,Engineering,COR04650,KR,sleeper_defect,A,3,389,22,1.8,True,1
TMS003990,Engineering,COR05630,NWR,ballast_deficiency,B,2,70,32,3.3,True,0
TMS005489,Engineering,COR03084,SR,points_crossing_wear,B,2,6,40,4.2,False,0
TMS005556,Engineering,COR00207,NCR,rail_wear,C,1,35,53,1.9,True,0
TMS002369,Engineering,COR01008,NFR,sleeper_defect,B,2,68,19,3.0,False,0
SMMS000014,Signal & Telecommunication,COR01349,WR,interlocking_fault,A,3,5,31,3.1,True,0
TDMS000954,Traction Distribution,COR01694,WCR,tension_device_fault,C,1,16,59,2.0,True,0
TMS003668,Engineering,COR00625,SCR,rail_wear,C,1,78,63,2.6,True,0
TMS004898,Engineering,COR03256,WCR,formation_defect,B,2,13,42,0.6,True,0
TMS000297,Engineering,COR01899,SCR,alignment_deviation,C,1,13,56,5.2,True,0
TDMS000649,Traction Distribution,COR03423,WR,ohe_wire_wear,B,2,7,6,3.7,True,0
SMMS001489,Signal & Telecommunication,COR01780,SWR,block_instrument_fault,B,2,13,30,3.4,True,0
SMMS002726,Signal & Telecommunication,COR04712,SCR,point_machine_fault,B,2,1,7,2.0,True,0
TDMS000076,Traction Distribution,COR01884,SCR,ohe_wire_wear,B,2,32,62,2.5,True,0
TMS004897,Engineering,COR06374,WR,sleeper_defect,B,2,14,11,4.1,True,0
TMS000912,Engineering,COR04100,NR,sleeper_defect,B,2,692,12,6.0,True,1
SMMS002912,Signal & Telecommunication,COR01672,WCR,cable_fault,B,2,2,55,1.2,True,0
TMS001877,Engineering,COR00879,SCR,rail_wear,C,1,3,17,2.8,True,0
TMS004060,Engineering,COR01647,SWR,ballast_deficiency,C,1,2,29,5.3,True,0
TMS002916,Engineering,COR01079,SWR,points_crossing_wear,B,2,0,22,1.8,True,0
TMS003840,Engineering,COR00705,WR,alignment_deviation,C,1,14,87,2.0,True,0
TDMS002073,Traction Distribution,COR00447,SCR,feeder_fault,A,3,30,16,2.9,True,0
TMS000118,Engineering,COR02826,WR,alignment_deviation,C,1,16,64,1.3,True,0
TDMS002250,Traction Distribution,COR02992,SR,ohe_wire_wear,B,2,269,41,2.4,True,1
SMMS000701,Signal & Telecommunication,COR02270,ECR,point_machine_fault,B,2,1,16,3.2,True,0
TDMS002368,Traction Distribution,COR01703,WCR,tension_device_fault,C,1,29,58,1.8,True,0
TMS001154,Engineering,COR05058,SWR,formation_defect,B,2,22,15,4.3,True,0
TMS003307,Engineering,COR00145,NR,formation_defect,B,2,6,36,5.1,True,0
TMS001517,Engineering,COR00495,WCR,ballast_deficiency,C,1,89,69,4.9,True,0
SMMS002137,Signal & Telecommunication,COR03253,WCR,interlocking_fault,A,3,0,42,2.7,True,1
SMMS000349,Signal & Telecommunication,COR05936,NWR,cable_fault,B,2,12,2,1.9,True,0
SMMS001969,Signal & Telecommunication,COR01710,WCR,interlocking_fault,A,3,135,54,3.3,True,1
SMMS002066,Signal & Telecommunication,COR02196,SR,cable_fault,B,2,4,17,1.3,True,0
TMS005499,Engineering,COR01350,WR,rail_wear,A,3,14,31,4.4,True,1
TMS002043,Engineering,COR03922,NR,weld_failure,A,3,266,7,0.6,False,1
SMMS001640,Signal & Telecommunication,COR00932,SWR,signal_failure,A,3,4,40,0.6,True,0
TDMS000596,Traction Distribution,COR01520,CR,circuit_breaker_fault,A,3,0,50,2.4,True,0
TMS004356,Engineering,COR05569,WCR,rail_wear,C,1,2,2,1.9,True,0
TMS005208,Engineering,COR02800,WR,rail_wear,C,1,12,45,5.9,True,0
TMS005949,Engineering,COR03476,NCR,sleeper_defect,B,2,78,14,5.2,True,0
TMS004988,Engineering,COR05162,WCR,rail_fracture,A,3,74,4,0.7,True,0
SMMS002241,Signal & Telecommunication,COR02640,ER,cable_fault,B,2,1,10,1.7,True,0
TDMS001318,Traction Distribution,COR08045,WR,tension_device_fault,C,1,20,3,3.5,True,0
SMMS001380,Signal & Telecommunication,COR01390,SR,lc_gate_interlock_fault,A,3,2,17,1.5,True,0
TMS000469,Engineering,COR03261,WCR,alignment_deviation,C,1,7,42,0.7,True,0
TMS005722,Engineering,COR01130,NER,formation_defect,B,2,14,8,4.8,False,0
TMS004724,Engineering,COR00715,WR,weld_failure,A,3,2,53,4.2,True,0
TMS005828,Engineering,COR00259,WCR,rail_fracture,A,3,15,54,5.2,False,0
TMS002426,Engineering,COR00984,NFR,alignment_deviation,C,1,190,14,2.2,True,0
TMS000826,Engineering,COR00491,WCR,points_crossing_wear,B,2,13,69,0.5,True,0
SMMS001884,Signal & Telecommunication,COR02139,SCR,signal_failure,A,3,12,20,2.1,True,0
TMS000816,Engineering,COR04044,NER,formation_defect,B,2,89,21,4.4,True,0
TDMS000635,Traction Distribution,COR00977,NFR,ohe_wire_wear,B,2,16,14,3.6,True,0
TMS002117,Engineering,COR02803,WR,alignment_deviation,C,1,14,53,2.7,True,0
TDMS000304,Traction Distribution,COR03375,NWR,ohe_wire_wear,B,2,19,7,4.4,True,0
TMS003543,Engineering,COR03646,SCR,rail_fracture,A,3,4,14,0.8,True,0
TMS004980,Engineering,COR07401,NR,weld_failure,A,3,0,8,5.1,False,0
TMS004108,Engineering,COR00865,SCR,sleeper_defect,B,2,81,17,1.7,True,0
TDMS001737,Traction Distribution,COR00399,ER,ohe_wire_wear,B,2,8,20,1.8,True,0
TMS003287,Engineering,COR03315,NR,alignment_deviation,C,1,56,3,3.7,True,0
SMMS001553,Signal & Telecommunication,COR00266,WCR,block_instrument_fault,B,2,4,54,3.5,True,0
TDMS001139,Traction Distribution,COR00096,NWR,ohe_pole_defect,C,1,16,19,2.6,True,0
TDMS000515,Traction Distribution,COR02333,WR,ohe_wire_wear,B,2,81,9,1.6,True,0
TDMS000312,Traction Distribution,COR05598,NR,earthing_fault,B,2,10,21,4.5,True,0
TMS000373,Engineering,COR02235,SWR,ballast_deficiency,C,1,1,21,3.6,True,0
TMS005987,Engineering,COR01915,SCR,alignment_deviation,B,2,72,9,1.7,False,0
TMS000116,Engineering,COR07392,NR,sleeper_defect,B,2,3,7,1.7,True,0
SMMS000583,Signal & Telecommunication,COR05570,WCR,interlocking_fault,A,3,5,2,1.1,True,0
SMMS001561,Signal & Telecommunication,COR04944,KR,cable_fault,B,2,5,26,0.9,True,0
TMS003225,Engineering,COR00891,SCR,rail_fracture,A,3,10,20,1.2,True,0
SMMS002360,Signal & Telecommunication,COR04740,NER,cable_fault,B,2,26,8,1.5,False,0
SMMS002140,Signal & Telecommunication,COR00839,WR,cable_fault,B,2,5,12,0.8,True,0
TMS001166,Engineering,COR01890,SCR,sleeper_defect,B,2,23,66,5.7,False,0
TDMS001288,Traction Distribution,COR04420,SWR,tension_device_fault,C,1,89,22,1.1,True,0
TMS002937,Engineering,COR02812,WR,alignment_deviation,C,1,7,92,0.9,True,0
TMS004117,Engineering,COR05612,SER,points_crossing_wear,B,2,14,7,2.8,False,0
SMMS000890,Signal & Telecommunication,COR04590,ECoR,block_instrument_fault,B,2,2,3,1.1,True,0
TMS002766,Engineering,COR00035,WR,sleeper_defect,B,2,399,36,4.3,True,1
SMMS000233,Signal & Telecommunication,COR02332,WR,point_machine_fault,B,2,17,12,3.7,True,0
TMS001244,Engineering,COR05019,SR,ballast_deficiency,C,1,18,6,5.2,True,0
TMS000471,Engineering,COR04049,NER,weld_failure,B,2,87,21,5.8,True,0
SMMS001941,Signal & Telecommunication,COR01765,WCR,block_instrument_fault,B,2,0,43,3.2,True,0
TDMS000259,Traction Distribution,COR07639,ER,circuit_breaker_fault,A,3,580,1,1.0,True,1
TMS003747,Engineering,COR03771,NER,points_crossing_wear,B,2,6,4,6.0,True,0
TMS001759,Engineering,COR03182,ER,ballast_deficiency,C,1,81,14,4.1,True,0
TMS005095,Engineering,COR02974,SR,alignment_deviation,C,1,5,40,5.8,True,0
SMMS002715,Signal & Telecommunication,COR02406,WR,cable_fault,B,2,0,26,2.3,True,0
SMMS001862,Signal & Telecommunication,COR00451,SCR,lc_gate_interlock_fault,A,3,13,20,3.3,True,0
SMMS000262,Signal & Telecommunication,COR01596,SWR,block_instrument_fault,B,2,4,25,0.7,True,0
TMS003282,Engineering,COR00890,SCR,ballast_deficiency,C,1,78,20,4.0,True,0
SMMS002778,Signal & Telecommunication,COR03783,SECR,lc_gate_interlock_fault,A,3,0,6,2.3,True,0
TDMS000704,Traction Distribution,COR02791,WR,insulator_fault,B,2,5,26,3.1,True,0
TMS004743,Engineering,COR01366,WR,alignment_deviation,C,1,4,37,4.8,True,0
SMMS002862,Signal & Telecommunication,COR05206,SR,cable_fault,B,2,0,15,2.3,True,0
SMMS001800,Signal & Telecommunication,COR04270,CR,block_instrument_fault,B,2,1,33,1.7,True,0
TDMS000581,Traction Distribution,COR00614,SCR,ohe_wire_wear,B,2,5,67,2.7,True,0
TMS004538,Engineering,COR00215,NCR,rail_wear,C,1,54,53,3.4,True,0
TMS004510,Engineering,COR01935,SCR,ballast_deficiency,C,1,4,22,2.3,True,0
TMS004835,Engineering,COR04142,SR,rail_fracture,C,1,7,35,1.4,True,0
TMS000285,Engineering,COR06845,NR,alignment_deviation,C,1,3087,6,1.2,True,0
TDMS001183,Traction Distribution,COR01781,SWR,earthing_fault,B,2,103,30,1.4,True,0
TDMS000138,Traction Distribution,COR03913,NR,ohe_pole_defect,C,1,14,16,3.5,True,0
TMS005550,Engineering,COR02700,NR,ballast_deficiency,C,1,21,27,4.6,True,0
TMS003913,Engineering,COR02087,SWR,sleeper_defect,B,2,12,25,0.7,True,0
TMS003482,Engineering,COR01713,WCR,ballast_deficiency,C,1,12,54,3.0,True,0
SMMS000581,Signal & Telecommunication,COR03795,SCR,cable_fault,B,2,2,7,1.8,True,0
TMS004672,Engineering,COR01839,WR,rail_fracture,A,3,4,21,2.7,True,0
TMS001597,Engineering,COR00586,ECR,sleeper_defect,B,2,10,15,5.0,True,0
TMS005672,Engineering,COR02378,WR,alignment_deviation,A,3,42,35,3.9,True,0
TMS001649,Engineering,COR04781,NR,rail_fracture,A,3,4,6,4.8,False,0
SMMS002400,Signal & Telecommunication,COR04697,CR,cable_fault,B,2,4,26,3.7,True,0
TMS004094,Engineering,COR00171,NER,alignment_deviation,C,1,35,13,3.3,True,0
TDMS001638,Traction Distribution,COR00883,SCR,ohe_wire_wear,B,2,16,17,3.9,True,0
SMMS000777,Signal & Telecommunication,COR00795,NWR,axle_counter_fault,A,3,3,4,1.8,True,0
TDMS000176,Traction Distribution,COR02363,SECR,ohe_pole_defect,C,1,22,8,4.4,True,0
TMS002478,Engineering,COR01475,NFR,ballast_deficiency,C,1,120,25,3.6,True,0
SMMS001560,Signal & Telecommunication,COR00869,SCR,block_instrument_fault,B,2,1,20,3.0,True,0
TDMS000310,Traction Distribution,COR01768,WCR,tension_device_fault,C,1,19,43,4.3,True,0
TMS003118,Engineering,COR01018,NFR,rail_wear,C,1,381,13,5.0,True,0
TMS003094,Engineering,COR06767,NR,ballast_deficiency,C,1,82,6,5.9,True,0
SMMS001260,Signal & Telecommunication,COR00892,SCR,block_instrument_fault,B,2,4,20,0.8,True,0
TMS002107,Engineering,COR03330,NR,rail_wear,B,2,8,15,4.1,True,0
TDMS002066,Traction Distribution,COR05726,SR,feeder_fault,A,3,11,10,2.7,True,0
TMS004979,Engineering,COR03827,NFR,rail_wear,C,1,1,17,2.8,True,0
TDMS002366,Traction Distribution,COR05130,NR,ohe_pole_defect,C,1,75,30,2.6,True,0
SMMS002710,Signal & Telecommunication,COR04304,NER,cable_fault,B,2,5,17,2.6,True,0
SMMS001335,Signal & Telecommunication,COR02086,SWR,cable_fault,B,2,9,25,2.3,True,0
TMS001979,Engineering,COR00291,CR,alignment_deviation,C,1,11,68,3.4,False,0
TMS003201,Engineering,COR03076,SR,rail_wear,C,1,16,40,3.2,True,0
TDMS000392,Traction Distribution,COR07192,SCR,ohe_wire_wear,B,2,294,2,1.8,True,1
TDMS001266,Traction Distribution,COR02160,SR,feeder_fault,A,3,3,70,3.3,True,0
TMS002972,Engineering,COR01715,WCR,rail_fracture,A,3,19,54,4.7,True,0
TDMS000586,Traction Distribution,COR01953,SCR,circuit_breaker_fault,A,3,17,22,1.7,True,0
TDMS000566,Traction Distribution,COR04313,ECR,earthing_fault,B,2,41,4,3.2,True,0
TMS005458,Engineering,COR03869,ER,sleeper_defect,B,2,13,13,5.2,True,0
TMS001589,Engineering,COR00282,WCR,sleeper_defect,B,2,9,68,1.6,True,0
TMS000042,Engineering,COR00360,WR,sleeper_defect,B,2,3,10,1.5,True,0
SMMS002700,Signal & Telecommunication,COR00690,WR,cable_fault,B,2,5,90,3.7,True,0
TMS001845,Engineering,COR01812,NWR,sleeper_defect,A,3,1,6,2.0,True,0
TMS003388,Engineering,COR00628,SCR,points_crossing_wear,B,2,4,63,5.5,True,0
TDMS001482,Traction Distribution,COR02108,SWR,earthing_fault,B,2,541,25,1.5,True,1
TDMS001031,Traction Distribution,COR00675,WR,earthing_fault,B,2,47,94,1.2,True,0
TMS003016,Engineering,COR07587,WR,alignment_deviation,C,1,2,3,5.2,True,0
TDMS001512,Traction Distribution,COR04168,NR,ohe_wire_wear,B,2,29,16,3.2,True,0
TDMS000399,Traction Distribution,COR02109,SWR,insulator_fault,B,2,100,25,3.0,True,0
TMS002534,Engineering,COR01714,WCR,alignment_deviation,C,1,3,54,1.2,True,0
SMMS001467,Signal & Telecommunication,COR01570,CR,point_machine_fault,B,2,3,22,1.6,True,0
TMS004629,Engineering,COR02146,SCR,sleeper_defect,B,2,36,20,5.3,True,0
TMS005259,Engineering,COR03880,SWR,points_crossing_wear,B,2,53,9,1.1,True,0
SMMS001101,Signal & Telecommunication,COR04693,KR,point_machine_fault,B,2,3,26,3.7,True,0
SMMS001167,Signal & Telecommunication,COR03514,SR,cable_fault,B,2,0,5,3.7,True,0
TMS005661,Engineering,COR00421,SCR,weld_failure,A,3,41,53,3.2,True,1
TDMS002256,Traction Distribution,COR00146,NR,earthing_fault,B,2,4,36,2.6,True,0
TMS003844,Engineering,COR01184,CR,rail_wear,C,1,13,22,4.3,True,0
TMS005074,Engineering,COR00686,WR,rail_wear,C,1,78,91,4.9,True,0
TDMS001033,Traction Distribution,COR00592,ECR,insulator_fault,B,2,12,16,0.6,True,0
TMS004765,Engineering,COR04129,SR,rail_wear,C,1,2,41,5.9,True,0
TMS001424,Engineering,COR01789,SWR,rail_fracture,A,3,6,9,0.6,True,0
TMS000953,Engineering,COR02574,SECR,sleeper_defect,B,2,15,6,3.7,True,0
SMMS001958,Signal & Telecommunication,COR00922,SWR,point_machine_fault,B,2,15,10,0.8,True,0
SMMS002176,Signal & Telecommunication,COR01556,CR,signal_failure,A,3,23,22,1.1,True,0
TDMS002060,Traction Distribution,COR01634,SWR,circuit_breaker_fault,A,3,13,27,4.9,True,0
TMS005309,Engineering,COR02158,SR,alignment_deviation,C,1,32,70,5.1,True,0
TMS000299,Engineering,COR00890,SCR,points_crossing_wear,B,2,0,20,1.6,True,0
TMS001889,Engineering,COR00029,WR,rail_wear,C,1,12,36,6.0,True,0
TMS000760,Engineering,COR06109,WR,rail_fracture,A,3,78,3,5.2,False,0
TMS000022,Engineering,COR01816,NWR,alignment_deviation,C,1,804,7,2.4,False,0
SMMS000101,Signal & Telecommunication,COR00481,WCR,point_machine_fault,B,2,1,33,1.0,True,0
TMS000573,Engineering,COR02451,ER,weld_failure,A,3,52,9,2.2,True,0
TMS005386,Engineering,COR00243,WCR,rail_fracture,A,3,0,38,4.5,True,0
TMS003077,Engineering,COR00287,CR,rail_fracture,A,3,11,68,3.2,True,1
TDMS000175,Traction Distribution,COR04926,CR,ohe_wire_wear,B,2,19,26,4.5,True,0
SMMS000765,Signal & Telecommunication,COR02094,SWR,cable_fault,B,2,4,16,1.2,True,0
SMMS002838,Signal & Telecommunication,COR02051,CR,interlocking_fault,A,3,5,6,3.9,True,0
TDMS002089,Traction Distribution,COR07580,ECoR,feeder_fault,A,3,230,2,2.0,True,1
TDMS000698,Traction Distribution,COR00134,NWR,circuit_breaker_fault,A,3,63,27,3.4,True,0
TMS002511,Engineering,COR00698,WR,sleeper_defect,B,2,10,92,2.4,True,0
SMMS001961,Signal & Telecommunication,COR02694,NR,cable_fault,B,2,2,27,3.1,False,0
TMS003511,Engineering,COR02823,WR,sleeper_defect,A,3,74,90,1.7,True,1
TMS002571,Engineering,COR00229,WCR,alignment_deviation,A,3,52,57,4.1,True,1
TDMS000616,Traction Distribution,COR03769,NER,ohe_wire_wear,B,2,3,4,0.8,True,0
SMMS000054,Signal & Telecommunication,COR00045,WR,cable_fault,B,2,5,36,2.6,True,0
SMMS001173,Signal & Telecommunication,COR00611,SCR,block_instrument_fault,B,2,1,67,2.1,True,0
TMS001396,Engineering,COR00784,NWR,points_crossing_wear,C,1,7,26,1.0,False,0
TMS001371,Engineering,COR00221,WCR,sleeper_defect,B,2,47,53,4.1,True,0
TMS003441,Engineering,COR06823,NWR,rail_fracture,A,3,226,4,5.7,True,1
TDMS001975,Traction Distribution,COR01337,NWR,tension_device_fault,C,1,3,30,1.7,True,0
TMS001492,Engineering,COR00230,WCR,weld_failure,A,3,7,57,5.8,True,1
TMS002806,Engineering,COR02893,WCR,weld_failure,A,3,3,31,2.9,True,0
TMS001494,Engineering,COR00277,WCR,ballast_deficiency,C,1,49,68,4.0,True,0
TDMS002164,Traction Distribution,COR02874,NER,earthing_fault,B,2,3,7,2.9,True,0
TDMS000410,Traction Distribution,COR04897,SWR,ohe_wire_wear,B,2,9,20,1.0,True,0
TMS001440,Engineering,COR03343,SR,weld_failure,A,3,6,6,5.3,True,0
SMMS001413,Signal & Telecommunication,COR00265,WCR,lc_gate_interlock_fault,A,3,4,54,2.8,False,1
TDMS000679,Traction Distribution,COR04997,SR,ohe_wire_wear,B,2,69,13,3.2,True,0
TMS004845,Engineering,COR01153,CR,alignment_deviation,C,1,1,49,2.2,True,0
TMS003503,Engineering,COR00625,SCR,sleeper_defect,B,2,15,63,2.5,True,0
TMS005651,Engineering,COR04510,SWR,rail_wear,C,1,100,10,4.1,True,0
TMS003985,Engineering,COR03602,NWR,sleeper_defect,B,2,45,6,4.7,False,0
SMMS002303,Signal & Telecommunication,COR06046,NER,interlocking_fault,A,3,30,6,3.7,True,0
TMS005358,Engineering,COR01710,WCR,sleeper_defect,B,2,9,54,5.6,True,0
SMMS001632,Signal & Telecommunication,COR01572,CR,cable_fault,B,2,22,22,3.8,True,0
TMS005762,Engineering,COR05666,NWR,formation_defect,B,2,13,11,4.1,True,0
SMMS001556,Signal & Telecommunication,COR02991,SR,point_machine_fault,B,2,4,41,3.3,False,0
TDMS000495,Traction Distribution,COR06401,NER,earthing_fault,B,2,78,19,2.8,True,0
TMS001448,Engineering,COR00295,CR,points_crossing_wear,B,2,13,68,3.9,True,0
TMS003271,Engineering,COR02592,KR,sleeper_defect,B,2,7,22,3.1,True,0
SMMS000857,Signal & Telecommunication,COR03042,SR,signal_failure,A,3,3,17,2.6,False,0
TDMS001881,Traction Distribution,COR01701,WCR,ohe_wire_wear,B,2,63,58,1.3,True,0
TMS005633,Engineering,COR02900,SR,weld_failure,A,3,13,18,6.0,True,0
TMS001674,Engineering,COR04542,NR,alignment_deviation,C,1,14,38,1.1,True,0
TMS003075,Engineering,COR04932,KR,ballast_deficiency,C,1,102,26,2.6,True,0
SMMS002204,Signal & Telecommunication,COR04115,NR,block_instrument_fault,B,2,3,10,0.6,True,0
TMS001648,Engineering,COR00177,ECR,weld_failure,A,3,232,12,4.1,True,1
TMS004298,Engineering,COR04931,KR,rail_wear,A,3,3,26,2.1,True,0
TMS005928,Engineering,COR01081,SWR,ballast_deficiency,C,1,10,22,3.8,True,0
TDMS001134,Traction Distribution,COR07792,NWR,tension_device_fault,C,1,10,5,3.1,True,0
SMMS002784,Signal & Telecommunication,COR07975,SECR,lc_gate_interlock_fault,A,3,0,2,2.5,True,0
TMS005227,Engineering,COR06656,SER,rail_wear,C,1,81,8,1.5,False,0
SMMS000527,Signal & Telecommunication,COR00134,NWR,signal_failure,A,3,2,27,0.9,True,0
SMMS002268,Signal & Telecommunication,COR02134,SCR,interlocking_fault,A,3,22,20,1.9,True,0
SMMS001181,Signal & Telecommunication,COR01181,CR,interlocking_fault,A,3,11,22,1.8,True,0
TMS003658,Engineering,COR00060,WR,weld_failure,A,3,76,31,2.4,True,1
TMS000211,Engineering,COR07578,ECoR,ballast_deficiency,C,1,15,2,3.1,True,0
TMS002813,Engineering,COR01735,NR,points_crossing_wear,B,2,303,5,5.1,True,0
TMS004258,Engineering,COR03299,SWR,sleeper_defect,B,2,0,10,5.6,True,0
TMS001438,Engineering,COR04593,ER,weld_failure,A,3,85,9,1.2,True,0
TMS001970,Engineering,COR07706,NWR,ballast_deficiency,C,1,9,5,1.9,True,0
TMS000012,Engineering,COR00229,WCR,sleeper_defect,B,2,0,57,4.2,True,0
TMS003696,Engineering,COR03807,SR,sleeper_defect,B,2,0,22,2.5,True,0
TMS004833,Engineering,COR07527,NFR,sleeper_defect,B,2,0,6,1.7,True,0
TMS000011,Engineering,COR08392,NR,weld_failure,A,3,30,2,4.9,True,0
TDMS002466,Traction Distribution,COR01876,SCR,ohe_pole_defect,C,1,1,62,4.6,True,0
TMS000270,Engineering,COR04948,KR,formation_defect,B,2,7,25,1.4,True,0
TMS000965,Engineering,COR04687,KR,sleeper_defect,B,2,52,26,1.0,True,0
TMS003814,Engineering,COR01849,NR,points_crossing_wear,B,2,3,36,4.6,True,0
TMS000133,Engineering,COR00264,WCR,sleeper_defect,B,2,69,54,3.3,True,0
SMMS001705,Signal & Telecommunication,COR00233,WCR,block_instrument_fault,B,2,23,57,1.9,False,0
TDMS002467,Traction Distribution,COR02412,WR,ohe_wire_wear,B,2,540,14,3.9,True,1
TMS005340,Engineering,COR00290,CR,ballast_deficiency,C,1,14,68,2.1,True,0
TMS002700,Engineering,COR02907,SR,ballast_deficiency,C,1,143,18,3.4,True,0
TMS001822,Engineering,COR04339,NWR,ballast_deficiency,C,1,6,5,3.5,True,0
TMS003144,Engineering,COR05921,SCR,sleeper_defect,B,2,11,14,1.1,False,0
TMS003495,Engineering,COR02844,SWR,ballast_deficiency,B,2,62,15,5.1,True,0
SMMS000310,Signal & Telecommunication,COR00717,WR,point_machine_fault,B,2,0,53,1.7,True,0
TMS004969,Engineering,COR01349,WR,rail_wear,C,1,1431,31,4.2,True,1
TMS005634,Engineering,COR02898,SR,ballast_deficiency,C,1,3,18,3.6,True,0
TMS003807,Engineering,COR02149,SR,sleeper_defect,B,2,10,70,5.1,True,0
TMS003625,Engineering,COR01688,WCR,points_crossing_wear,B,2,63,55,1.0,False,0
TMS003883,Engineering,COR04477,CR,ballast_deficiency,C,1,47,36,3.5,True,0
TMS002551,Engineering,COR02095,SWR,ballast_deficiency,C,1,15,24,1.5,True,0
TDMS000587,Traction Distribution,COR00834,NWR,earthing_fault,B,2,586,11,3.4,True,1
TDMS002224,Traction Distribution,COR00241,WCR,tension_device_fault,C,1,42,58,2.9,True,0
TMS000514,Engineering,COR00926,SWR,rail_fracture,A,3,85,12,3.6,True,0
TMS004083,Engineering,COR04693,KR,sleeper_defect,B,2,233,26,2.8,True,0
TMS005858,Engineering,COR00480,WCR,ballast_deficiency,B,2,14,69,1.4,True,0
TMS005256,Engineering,COR01681,WCR,weld_failure,A,3,0,55,5.5,True,0
TMS005103,Engineering,COR03258,WCR,formation_defect,B,2,76,33,1.1,True,0
TMS001032,Engineering,COR01657,NR,alignment_deviation,C,1,5,33,1.7,True,0
TDMS001890,Traction Distribution,COR01859,NR,insulator_fault,B,2,16,37,0.5,True,0
TMS002604,Engineering,COR00275,WCR,sleeper_defect,B,2,7,68,3.8,True,0
TMS002069,Engineering,COR01324,NWR,rail_wear,C,1,88,30,1.3,True,0
TDMS001447,Traction Distribution,COR03885,NR,earthing_fault,B,2,8,27,1.6,True,0
SMMS002538,Signal & Telecommunication,COR01391,SR,cable_fault,B,2,5,18,1.0,True,0
SMMS000882,Signal & Telecommunication,COR07087,WR,axle_counter_fault,A,3,6,1,1.9,False,0
TMS001076,Engineering,COR04187,NR,ballast_deficiency,C,1,106,7,1.0,True,0
TDMS000230,Traction Distribution,COR01603,SWR,feeder_fault,A,3,68,25,4.3,True,0
TDMS002439,Traction Distribution,COR05892,NWR,earthing_fault,B,2,3,28,1.1,True,0
TMS004104,Engineering,COR01893,SCR,points_crossing_wear,B,2,4,66,3.7,True,0
TMS003425,Engineering,COR04750,NR,sleeper_defect,B,2,37,2,2.1,False,0
TDMS001688,Traction Distribution,COR02998,SR,tension_device_fault,C,1,11,41,2.5,True,0
TDMS000973,Traction Distribution,COR00747,NER,ohe_wire_wear,B,2,448,18,1.7,True,1
TMS002961,Engineering,COR05609,SCR,sleeper_defect,B,2,54,13,2.5,True,0
TMS004978,Engineering,COR06342,NR,rail_wear,A,3,4,7,4.9,True,0
TMS001571,Engineering,COR00671,WR,sleeper_defect,B,2,2,94,4.1,True,0
SMMS000374,Signal & Telecommunication,COR04699,CR,axle_counter_fault,A,3,2,26,2.3,True,0
SMMS002536,Signal & Telecommunication,COR02444,ER,block_instrument_fault,B,2,2,19,2.7,True,0
SMMS000288,Signal & Telecommunication,COR02812,WR,signal_failure,A,3,5,92,3.6,False,0
TMS003631,Engineering,COR02582,KR,formation_defect,B,2,39,22,4.1,True,0
TMS005389,Engineering,COR00217,WCR,sleeper_defect,B,2,6,53,2.8,True,0
SMMS002565,Signal & Telecommunication,COR01984,WR,cable_fault,B,2,1,3,2.1,False,0
SMMS001598,Signal & Telecommunication,COR01005,NFR,point_machine_fault,B,2,1,19,2.8,True,0
SMMS001548,Signal & Telecommunication,COR01929,SCR,point_machine_fault,B,2,3,13,1.8,True,0
TMS005737,Engineering,COR02076,SWR,points_crossing_wear,B,2,49,25,1.9,True,0
TMS001445,Engineering,COR04062,SWR,alignment_deviation,C,1,83,9,4.2,True,0
SMMS001358,Signal & Telecommunication,COR04922,CR,cable_fault,B,2,120,25,2.7,True,0
TMS003049,Engineering,COR01970,WR,rail_fracture,A,3,41,10,3.3,True,0
TMS000183,Engineering,COR00258,WCR,ballast_deficiency,C,1,9,54,3.3,True,0
SMMS001990,Signal & Telecommunication,COR00581,ECR,cable_fault,B,2,22,20,2.9,True,0
SMMS000724,Signal & Telecommunication,COR02382,WR,point_machine_fault,B,2,5,31,0.6,True,0
TMS004598,Engineering,COR01363,WR,formation_defect,B,2,65,34,4.2,True,0
TMS001320,Engineering,COR02228,SWR,ballast_deficiency,C,1,28,21,4.3,True,0
TMS002890,Engineering,COR04029,WR,sleeper_defect,B,2,287,14,4.4,True,0
TMS005963,Engineering,COR00268,WCR,alignment_deviation,C,1,59,68,5.0,True,0
TMS000994,Engineering,COR02674,NR,ballast_deficiency,C,1,1228,7,0.7,True,0
TDMS001596,Traction Distribution,COR00121,NWR,earthing_fault,B,2,409,33,1.3,True,1
TMS002092,Engineering,COR06500,NWR,sleeper_defect,B,2,2,4,1.0,False,0
TMS004435,Engineering,COR00972,NFR,ballast_deficiency,C,1,84,14,2.3,True,0
SMMS000620,Signal & Telecommunication,COR00758,NR,cable_fault,B,2,4,37,0.9,True,0
TDMS001343,Traction Distribution,COR04882,SCR,earthing_fault,B,2,4,7,1.0,True,0
SMMS000179,Signal & Telecommunication,COR02351,NWR,point_machine_fault,B,2,5,13,3.7,True,0
SMMS001551,Signal & Telecommunication,COR00385,NER,cable_fault,B,2,13,33,0.8,True,0
TMS004695,Engineering,COR01236,CR,ballast_deficiency,C,1,11,5,3.6,True,0
SMMS000383,Signal & Telecommunication,COR00137,NWR,signal_failure,A,3,1,27,3.4,True,0
SMMS001492,Signal & Telecommunication,COR06413,SECR,cable_fault,B,2,1,4,0.9,True,0
TMS003508,Engineering,COR00250,WCR,rail_wear,C,1,12,54,2.6,True,0
SMMS000225,Signal & Telecommunication,COR00503,WR,point_machine_fault,B,2,20,12,2.6,True,0
TMS003204,Engineering,COR05379,NFR,formation_defect,B,2,11,3,3.6,True,0
TDMS000298,Traction Distribution,COR02159,SR,circuit_breaker_fault,A,3,2,70,3.2,True,0
TMS001329,Engineering,COR07785,NWR,points_crossing_wear,A,3,51,5,5.6,True,0
TMS002084,Engineering,COR01681,WCR,rail_fracture,A,3,7,55,1.9,True,0
TMS001080,Engineering,COR00351,NER,sleeper_defect,B,2,2,11,0.7,True,0
TDMS000645,Traction Distribution,COR05281,SWR,ohe_wire_wear,B,2,84,7,4.8,True,0
SMMS000478,Signal & Telecommunication,COR05502,NER,cable_fault,B,2,1,9,1.6,True,0
SMMS000448,Signal & Telecommunication,COR02884,NR,point_machine_fault,B,2,2,52,0.8,True,0
TMS004646,Engineering,COR02079,SWR,ballast_deficiency,A,3,4,25,1.3,True,0
TDMS001097,Traction Distribution,COR01179,CR,ohe_wire_wear,B,2,90,23,4.1,True,0
TMS003711,Engineering,COR03055,SR,ballast_deficiency,C,1,77,22,1.2,True,0
TDMS002150,Traction Distribution,COR01940,SCR,ohe_pole_defect,C,1,18,22,2.9,True,0
SMMS000587,Signal & Telecommunication,COR00248,WCR,axle_counter_fault,A,3,19,54,2.4,True,0
TMS000196,Engineering,COR02975,SR,alignment_deviation,C,1,15,40,3.1,True,0
TDMS002302,Traction Distribution,COR03738,SR,earthing_fault,B,2,41,7,3.0,True,0
TMS003245,Engineering,COR01713,WCR,alignment_deviation,C,1,6,54,5.8,True,0
SMMS001395,Signal & Telecommunication,COR00030,WR,cable_fault,B,2,4,36,1.4,True,0
TDMS001457,Traction Distribution,COR03290,NWR,ohe_wire_wear,B,2,14,10,1.1,True,0
TDMS001878,Traction Distribution,COR03992,ER,circuit_breaker_fault,A,3,37,14,0.8,True,0
TMS003212,Engineering,COR04159,SR,rail_wear,C,1,2,35,2.2,True,0
TDMS000810,Traction Distribution,COR05877,NR,tension_device_fault,C,1,8,10,4.5,True,0
SMMS000585,Signal & Telecommunication,COR01877,SCR,signal_failure,A,3,5,62,2.6,True,1
TMS000815,Engineering,COR00276,WCR,formation_defect,B,2,12,68,5.8,False,0
SMMS002969,Signal & Telecommunication,COR02125,SR,block_instrument_fault,B,2,0,4,1.4,True,0
TMS002392,Engineering,COR06647,SER,ballast_deficiency,C,1,1,3,5.2,False,0
TMS005144,Engineering,COR03288,NWR,sleeper_defect,B,2,67,10,3.1,True,0
TDMS000567,Traction Distribution,COR05075,WR,tension_device_fault,C,1,6,15,4.6,True,0
TMS000100,Engineering,COR01302,NWR,rail_fracture,A,3,11,20,1.8,True,0
TMS000512,Engineering,COR06186,SECR,rail_wear,C,1,4,6,1.1,True,0
TMS003607,Engineering,COR04015,SWR,alignment_deviation,C,1,13,4,4.6,False,0
TDMS000965,Traction Distribution,COR01725,NCR,insulator_fault,B,2,99,54,2.0,True,0
TMS000365,Engineering,COR00452,SCR,rail_fracture,A,3,38,17,2.4,True,0
TDMS000051,Traction Distribution,COR00274,WCR,tension_device_fault,C,1,61,68,0.9,True,0
SMMS000239,Signal & Telecommunication,COR00292,CR,cable_fault,B,2,121,68,3.3,True,1
TDMS002340,Traction Distribution,COR00214,NCR,earthing_fault,B,2,74,53,1.0,True,0
SMMS001237,Signal & Telecommunication,COR01718,WCR,interlocking_fault,A,3,11,53,3.6,True,0
SMMS002616,Signal & Telecommunication,COR02235,SWR,point_machine_fault,B,2,91,21,0.9,False,0
TMS004541,Engineering,COR06562,SWR,weld_failure,A,3,2,4,5.9,True,0
TDMS000511,Traction Distribution,COR01889,SCR,feeder_fault,A,3,330,61,2.7,True,1
TMS000418,Engineering,COR00303,SWR,alignment_deviation,C,1,378,5,4.8,True,0
TMS000038,Engineering,COR05357,ECR,rail_fracture,A,3,13,2,5.0,True,0
TDMS002394,Traction Distribution,COR01861,NR,ohe_pole_defect,C,1,19,37,0.6,True,0
SMMS002779,Signal & Telecommunication,COR04948,KR,cable_fault,B,2,0,25,1.5,True,0
TDMS000401,Traction Distribution,COR04688,KR,ohe_wire_wear,B,2,19,26,2.2,True,0
TMS001944,Engineering,COR01826,NWR,weld_failure,A,3,150,11,1.0,True,0
TDMS001825,Traction Distribution,COR05208,SR,ohe_wire_wear,B,2,128,15,4.9,True,0
TMS004111,Engineering,COR04636,SR,sleeper_defect,B,2,10,15,1.6,False,0
SMMS000156,Signal & Telecommunication,COR01013,NFR,axle_counter_fault,A,3,3,21,2.6,True,0
SMMS001402,Signal & Telecommunication,COR02420,WR,point_machine_fault,B,2,5,14,0.8,True,0
TMS005960,Engineering,COR02623,ER,rail_wear,C,1,4,10,5.0,False,0
TDMS001706,Traction Distribution,COR02199,SR,tension_device_fault,C,1,256,17,2.6,True,0
TDMS001177,Traction Distribution,COR02855,SWR,ohe_pole_defect,C,1,115,14,3.7,True,0
TDMS000759,Traction Distribution,COR04456,NFR,ohe_pole_defect,C,1,427,15,2.7,True,0
TDMS001116,Traction Distribution,COR00050,WR,feeder_fault,A,3,106,36,4.7,True,1
SMMS000709,Signal & Telecommunication,COR00232,WCR,lc_gate_interlock_fault,A,3,0,57,2.8,True,1
SMMS000377,Signal & Telecommunication,COR04690,KR,axle_counter_fault,A,3,1,26,1.1,True,0
TMS000978,Engineering,COR00037,WR,sleeper_defect,B,2,4,36,3.2,True,0
TMS000001,Engineering,COR03086,SR,rail_fracture,A,3,3,40,3.5,True,0
TMS001618,Engineering,COR00734,KR,ballast_deficiency,C,1,208,11,1.9,True,0
TMS001289,Engineering,COR02575,SECR,sleeper_defect,B,2,12,6,1.1,True,0
SMMS000575,Signal & Telecommunication,COR00732,KR,cable_fault,B,2,0,29,3.2,True,0
TDMS000504,Traction Distribution,COR05990,NR,ohe_wire_wear,B,2,143,9,4.1,True,0
TMS001808,Engineering,COR02379,WR,ballast_deficiency,C,1,1,35,2.0,True,0
SMMS002435,Signal & Telecommunication,COR03893,NR,interlocking_fault,A,3,3,27,3.2,True,0
TMS000626,Engineering,COR02097,SWR,rail_wear,C,1,232,26,4.2,True,0
TMS003315,Engineering,COR04603,NFR,weld_failure,A,3,49,15,3.3,True,0
TMS002039,Engineering,COR01736,NR,alignment_deviation,C,1,16,5,1.8,True,0
SMMS000305,Signal & Telecommunication,COR00763,NR,cable_fault,B,2,2,35,1.7,True,0
TMS005056,Engineering,COR08402,NR,weld_failure,A,3,8,1,4.7,True,0
TMS004427,Engineering,COR02148,SR,alignment_deviation,C,1,6,70,2.3,True,0
TMS002388,Engineering,COR07924,NR,points_crossing_wear,B,2,13,2,2.6,True,0
TMS001211,Engineering,COR05833,NFR,alignment_deviation,C,1,82,5,1.6,True,0
TMS005675,Engineering,COR04038,NER,sleeper_defect,B,2,3428,33,3.5,True,1
TMS003038,Engineering,COR01722,NCR,ballast_deficiency,C,1,5,54,0.5,True,0
SMMS002429,Signal & Telecommunication,COR02448,ER,block_instrument_fault,B,2,0,19,3.4,True,0
TMS001636,Engineering,COR02251,NR,alignment_deviation,C,1,9,3,1.0,True,0
SMMS001931,Signal & Telecommunication,COR00084,NWR,cable_fault,B,2,2,30,3.9,True,0
TMS001324,Engineering,COR04847,SCR,sleeper_defect,B,2,56,12,3.6,True,0
TMS003122,Engineering,COR03804,SR,ballast_deficiency,C,1,0,22,0.7,True,0
TDMS000892,Traction Distribution,COR01330,NWR,feeder_fault,A,3,381,30,3.8,True,1
TDMS000959,Traction Distribution,COR02322,ECR,ohe_pole_defect,C,1,7,3,0.8,True,0
SMMS001356,Signal & Telecommunication,COR00780,NWR,point_machine_fault,B,2,5,26,3.9,True,0
TMS000667,Engineering,COR01204,CR,formation_defect,B,2,124,22,3.0,True,0
SMMS001810,Signal & Telecommunication,COR04852,NCR,point_machine_fault,B,2,25,6,3.5,True,0
TMS002816,Engineering,COR01570,CR,rail_wear,C,1,3,22,3.2,True,0
SMMS000801,Signal & Telecommunication,COR00485,WCR,axle_counter_fault,A,3,3,69,0.5,True,1
TMS003397,Engineering,COR00452,SCR,formation_defect,B,2,8,17,4.7,True,0
SMMS000518,Signal & Telecommunication,COR00416,ER,cable_fault,B,2,1,7,3.9,True,0
TDMS000605,Traction Distribution,COR02777,NR,feeder_fault,A,3,2,28,2.2,True,0
TDMS000562,Traction Distribution,COR01885,SCR,earthing_fault,B,2,143,62,4.4,True,1
SMMS000076,Signal & Telecommunication,COR03561,SER,point_machine_fault,B,2,25,14,2.1,True,0
SMMS002817,Signal & Telecommunication,COR00002,WR,point_machine_fault,B,2,14,10,2.3,True,0
SMMS001618,Signal & Telecommunication,COR00270,WCR,block_instrument_fault,B,2,2,68,3.4,True,0
TMS002187,Engineering,COR04540,NR,alignment_deviation,C,1,10,38,2.1,True,0
TDMS002409,Traction Distribution,COR01907,SCR,tension_device_fault,C,1,347,9,4.4,True,0
TDMS000577,Traction Distribution,COR00232,WCR,earthing_fault,B,2,56,57,4.7,True,0
TMS001513,Engineering,COR00275,WCR,sleeper_defect,B,2,11,68,4.5,True,0
TDMS000181,Traction Distribution,COR06174,NER,ohe_wire_wear,B,2,99,4,2.6,True,0
SMMS002276,Signal & Telecommunication,COR03436,NER,cable_fault,B,2,5,5,2.7,False,0
TMS002383,Engineering,COR00240,WCR,alignment_deviation,C,1,98,58,5.0,True,0
SMMS000912,Signal & Telecommunication,COR01751,WCR,signal_failure,A,3,4,30,1.6,True,0
SMMS000549,Signal & Telecommunication,COR02771,NR,cable_fault,B,2,30,28,0.6,True,0
TMS001361,Engineering,COR01735,NR,rail_fracture,A,3,187,5,5.8,True,0
TDMS000119,Traction Distribution,COR00571,ECR,tension_device_fault,C,1,47,19,3.1,True,0
TMS003720,Engineering,COR04614,NFR,weld_failure,A,3,7,15,3.6,True,0
TMS002531,Engineering,COR00064,WR,sleeper_defect,A,3,29,31,4.0,True,0
TMS001995,Engineering,COR02801,WR,alignment_deviation,C,1,15,53,2.5,True,0
SMMS001322,Signal & Telecommunication,COR04048,NER,axle_counter_fault,A,3,3,21,1.8,True,0
SMMS002745,Signal & Telecommunication,COR02062,SWR,interlocking_fault,A,3,6,26,3.8,True,0
TMS003688,Engineering,COR01571,CR,ballast_deficiency,C,1,314,22,3.8,True,0
TDMS000425,Traction Distribution,COR00288,CR,feeder_fault,A,3,9,68,1.0,True,0
TMS001408,Engineering,COR02452,ER,rail_fracture,A,3,11,12,1.5,True,0
SMMS001557,Signal & Telecommunication,COR04136,SR,point_machine_fault,B,2,3,41,3.8,True,0
SMMS000757,Signal & Telecommunication,COR04700,CR,block_instrument_fault,B,2,3,24,1.1,True,0
TMS002282,Engineering,COR00680,WR,alignment_deviation,C,1,5,94,1.2,True,0
TDMS000651,Traction Distribution,COR05062,SWR,feeder_fault,A,3,40,14,2.2,True,0
SMMS000229,Signal & Telecommunication,COR02265,ECR,cable_fault,B,2,2,16,1.5,True,0
TDMS001999,Traction Distribution,COR05682,ECR,ohe_pole_defect,C,1,10,11,1.0,True,0
TMS002514,Engineering,COR03899,NR,ballast_deficiency,C,1,113,19,2.4,True,0
TMS002794,Engineering,COR00474,CR,formation_defect,B,2,15,69,5.4,True,0
TDMS001360,Traction Distribution,COR03568,SER,ohe_wire_wear,B,2,447,21,2.6,True,1
TMS000193,Engineering,COR00248,WCR,points_crossing_wear,B,2,3,54,2.7,True,0
SMMS000430,Signal & Telecommunication,COR02551,SECR,signal_failure,A,3,5,5,1.4,True,0
TMS002310,Engineering,COR00623,SCR,rail_wear,C,1,2,63,4.1,True,0
SMMS000729,Signal & Telecommunication,COR06390,NER,cable_fault,B,2,30,19,2.9,False,0
SMMS001891,Signal & Telecommunication,COR00027,WR,cable_fault,B,2,4,35,3.1,True,0
SMMS001296,Signal & Telecommunication,COR00247,WCR,signal_failure,A,3,1,54,1.8,True,0
SMMS002545,Signal & Telecommunication,COR04072,SWR,block_instrument_fault,B,2,3,9,3.1,True,0
TMS004803,Engineering,COR06854,NER,weld_failure,A,3,38,5,5.5,True,0
TDMS000472,Traction Distribution,COR02351,NWR,circuit_breaker_fault,A,3,348,13,0.7,True,1
TDMS001241,Traction Distribution,COR06602,NWR,ohe_wire_wear,B,2,31,9,3.2,True,0
TMS003501,Engineering,COR01608,SWR,sleeper_defect,B,2,63,25,1.4,True,0
TDMS002191,Traction Distribution,COR03074,SR,ohe_wire_wear,B,2,564,40,3.5,True,1
SMMS002568,Signal & Telecommunication,COR07945,WR,signal_failure,A,3,1,2,2.9,True,0
TMS002355,Engineering,COR03698,SER,sleeper_defect,C,1,15,24,2.7,True,0
TDMS001916,Traction Distribution,COR01141,SWR,tension_device_fault,C,1,6,21,3.0,True,0
TMS001413,Engineering,COR01952,SCR,weld_failure,A,3,11,22,5.0,True,0
SMMS001456,Signal & Telecommunication,COR00192,ECR,lc_gate_interlock_fault,A,3,0,15,3.8,True,0
TMS003099,Engineering,COR00062,WR,rail_fracture,A,3,60,31,4.9,True,1
TMS002063,Engineering,COR01106,SCR,sleeper_defect,B,2,300,14,4.7,True,0
TMS005368,Engineering,COR00046,WR,alignment_deviation,C,1,5,37,4.7,True,0
TMS000835,Engineering,COR04109,NR,alignment_deviation,C,1,40,11,3.9,True,0
SMMS000092,Signal & Telecommunication,COR04942,KR,cable_fault,B,2,5,26,2.7,True,0
TDMS000764,Traction Distribution,COR04986,WR,insulator_fault,B,2,12,16,4.7,True,0
TMS003699,Engineering,COR00696,WR,formation_defect,B,2,28,92,3.2,True,0
TDMS002399,Traction Distribution,COR04684,KR,insulator_fault,B,2,17,26,1.5,True,0
TDMS001570,Traction Distribution,COR01348,WR,ohe_pole_defect,C,1,15,31,0.9,True,0
TDMS000173,Traction Distribution,COR01753,WCR,insulator_fault,B,2,543,29,3.9,True,1
SMMS002098,Signal & Telecommunication,COR00533,SR,block_instrument_fault,B,2,5,19,2.9,True,0
SMMS002577,Signal & Telecommunication,COR01750,WCR,cable_fault,B,2,5,30,1.1,True,0
TMS003407,Engineering,COR02058,SCR,rail_wear,C,1,9,24,3.4,True,0
TDMS001375,Traction Distribution,COR06389,NER,feeder_fault,A,3,113,19,1.5,True,0
TMS003703,Engineering,COR00712,WR,alignment_deviation,C,1,14,53,5.3,True,0
TMS000585,Engineering,COR06332,WR,formation_defect,B,2,74,3,3.4,True,0
TDMS000618,Traction Distribution,COR03087,SR,circuit_breaker_fault,A,3,44,40,4.7,True,0
TMS004570,Engineering,COR04594,NFR,ballast_deficiency,C,1,0,15,5.4,True,0
SMMS002932,Signal & Telecommunication,COR07423,NFR,signal_failure,A,3,3,1,3.7,False,0
TMS002297,Engineering,COR02070,SWR,weld_failure,A,3,12,27,3.1,False,0
TMS000377,Engineering,COR02111,SWR,alignment_deviation,C,1,127,25,3.3,False,0
TMS001989,Engineering,COR00474,CR,alignment_deviation,C,1,156,69,1.8,True,0
SMMS002404,Signal & Telecommunication,COR00704,WR,lc_gate_interlock_fault,A,3,9,87,2.0,True,0
TMS000153,Engineering,COR04290,SER,alignment_deviation,C,1,13,20,1.8,True,0
TDMS000974,Traction Distribution,COR00984,NFR,ohe_wire_wear,B,2,6,14,4.2,True,0
SMMS002437,Signal & Telecommunication,COR03891,NR,signal_failure,A,3,129,27,3.1,True,0
SMMS002613,Signal & Telecommunication,COR02411,WR,lc_gate_interlock_fault,A,3,20,14,2.1,False,0
TDMS001468,Traction Distribution,COR01892,SCR,insulator_fault,B,2,44,66,3.4,True,0
TMS005087,Engineering,COR05496,NER,ballast_deficiency,C,1,7,7,4.3,True,0
TMS005129,Engineering,COR03080,SR,rail_fracture,C,1,0,40,3.7,True,0
TMS005502,Engineering,COR02105,SWR,alignment_deviation,C,1,53,25,4.0,True,0
TMS005809,Engineering,COR02469,ER,alignment_deviation,C,1,20,11,5.6,True,0
TMS005758,Engineering,COR01172,CR,alignment_deviation,C,1,72,17,5.0,True,0
TMS002032,Engineering,COR01731,NR,sleeper_defect,B,2,86,10,3.6,True,0
TMS004967,Engineering,COR00266,WCR,points_crossing_wear,B,2,5,54,6.0,True,0
SMMS002957,Signal & Telecommunication,COR07883,NR,cable_fault,B,2,2,4,1.1,True,0
TDMS002178,Traction Distribution,COR00930,SWR,insulator_fault,B,2,117,41,1.0,True,0
TMS004627,Engineering,COR02535,NR,rail_fracture,A,3,70,17,2.8,False,0
TMS002272,Engineering,COR02890,WCR,rail_wear,B,2,0,34,5.7,True,0
TDMS001843,Traction Distribution,COR08095,NCR,tension_device_fault,C,1,52,2,4.4,True,0
TDMS002429,Traction Distribution,COR00769,NR,ohe_wire_wear,B,2,290,35,3.7,True,0
TDMS001108,Traction Distribution,COR00175,ECR,ohe_pole_defect,C,1,10,12,3.1,True,0
TMS000073,Engineering,COR06583,NWR,formation_defect,B,2,51,6,3.4,True,0
TMS003868,Engineering,COR03442,NWR,points_crossing_wear,B,2,20,5,4.2,False,0
TMS002565,Engineering,COR02822,WR,ballast_deficiency,C,1,64,90,2.1,True,0
SMMS001117,Signal & Telecommunication,COR01686,WCR,cable_fault,B,2,46,55,2.9,True,0
SMMS000453,Signal & Telecommunication,COR01846,NR,lc_gate_interlock_fault,A,3,0,36,2.4,True,0
TMS003641,Engineering,COR05296,WR,alignment_deviation,C,1,11,4,1.2,True,0
TMS005648,Engineering,COR01825,NWR,sleeper_defect,B,2,7,11,5.2,True,0
TMS000540,Engineering,COR06104,WR,alignment_deviation,C,1,3,12,0.6,True,0
TMS005287,Engineering,COR02161,SR,rail_fracture,A,3,11,70,3.8,True,1
TDMS000155,Traction Distribution,COR02989,SR,tension_device_fault,C,1,101,41,4.6,True,0
TMS000842,Engineering,COR00264,WCR,points_crossing_wear,C,1,13,54,1.6,True,0
TMS000337,Engineering,COR05140,ECR,rail_fracture,A,3,34,11,5.2,False,0
TMS000234,Engineering,COR01039,NFR,formation_defect,B,2,187,25,3.6,True,0
SMMS000279,Signal & Telecommunication,COR00212,NCR,signal_failure,A,3,3,53,2.4,True,0
TMS002664,Engineering,COR00871,SCR,rail_fracture,A,3,61,16,4.3,True,0
SMMS000604,Signal & Telecommunication,COR00159,NR,lc_gate_interlock_fault,A,3,5,53,2.3,True,0
SMMS002571,Signal & Telecommunication,COR02197,SR,interlocking_fault,A,3,6,17,2.0,True,0
TDMS002043,Traction Distribution,COR02187,SWR,ohe_wire_wear,B,2,81,9,4.8,True,0
SMMS000591,Signal & Telecommunication,COR05897,WR,cable_fault,B,2,5,7,3.1,True,0
TMS005776,Engineering,COR02693,NR,alignment_deviation,C,1,8,19,2.5,True,0
TMS002542,Engineering,COR04955,KR,ballast_deficiency,C,1,10,25,5.0,True,0
SMMS001574,Signal & Telecommunication,COR02764,NR,cable_fault,B,2,4,28,0.7,True,0
TMS000189,Engineering,COR02972,SR,ballast_deficiency,C,1,10,40,1.5,True,0
TMS000287,Engineering,COR00252,WCR,alignment_deviation,C,1,8,54,2.5,False,0
TMS005225,Engineering,COR02639,ER,rail_wear,C,1,12,10,5.7,True,0
TDMS000242,Traction Distribution,COR01396,SR,earthing_fault,B,2,4,11,3.0,True,0
TMS000796,Engineering,COR00040,WR,alignment_deviation,C,1,10,25,1.4,True,0
TDMS002296,Traction Distribution,COR00479,CR,ohe_pole_defect,C,1,10,70,3.9,True,0
SMMS001865,Signal & Telecommunication,COR00280,WCR,cable_fault,B,2,5,68,2.7,True,0
TDMS001426,Traction Distribution,COR02106,SWR,feeder_fault,A,3,108,25,1.8,True,0
TDMS002119,Traction Distribution,COR01678,WCR,earthing_fault,B,2,103,55,4.0,True,0
TMS001253,Engineering,COR06537,NCR,points_crossing_wear,B,2,71,3,4.3,True,0
TMS003127,Engineering,COR00340,NER,ballast_deficiency,C,1,1584,11,4.0,False,0
SMMS001645,Signal & Telecommunication,COR00385,NER,cable_fault,B,2,3,33,2.0,True,0
TMS002122,Engineering,COR04639,KR,ballast_deficiency,C,1,23,22,3.4,True,0
TDMS000315,Traction Distribution,COR00249,WCR,ohe_pole_defect,C,1,60,54,1.8,True,0
TMS004195,Engineering,COR00710,WR,sleeper_defect,B,2,384,54,2.1,True,1
SMMS001098,Signal & Telecommunication,COR02690,NR,cable_fault,B,2,3,19,2.5,True,0
SMMS001727,Signal & Telecommunication,COR04352,NWR,block_instrument_fault,B,2,30,5,2.3,True,0
SMMS001712,Signal & Telecommunication,COR04705,CR,axle_counter_fault,A,3,0,25,1.1,True,0
TMS000524,Engineering,COR03084,SR,sleeper_defect,B,2,29,40,3.5,True,0
TMS001465,Engineering,COR05116,WCR,weld_failure,A,3,5,5,5.3,True,0
TMS003300,Engineering,COR01170,ER,alignment_deviation,C,1,10,12,2.1,False,0
TMS004238,Engineering,COR06195,SECR,sleeper_defect,B,2,2,6,1.7,True,0
TMS004593,Engineering,COR03208,WR,sleeper_defect,C,1,6,4,2.6,True,0
SMMS000137,Signal & Telecommunication,COR00148,NR,block_instrument_fault,B,2,5,32,2.7,False,0
TMS001911,Engineering,COR02273,ECR,sleeper_defect,B,2,381,18,3.3,True,1
SMMS000630,Signal & Telecommunication,COR04549,NR,lc_gate_interlock_fault,A,3,0,37,0.9,True,0
TDMS001657,Traction Distribution,COR01886,SCR,circuit_breaker_fault,A,3,46,62,3.0,True,1
TDMS000211,Traction Distribution,COR03867,ER,feeder_fault,A,3,119,13,5.0,True,0
TMS004824,Engineering,COR00855,SCR,sleeper_defect,B,2,25,26,2.9,True,0
TMS001082,Engineering,COR01882,SCR,ballast_deficiency,C,1,11,62,2.2,True,0
TMS002844,Engineering,COR01676,WCR,formation_defect,B,2,2,55,3.3,True,0
TMS005424,Engineering,COR00723,WR,rail_fracture,A,3,0,26,2.7,True,0
TDMS000997,Traction Distribution,COR00763,NR,ohe_wire_wear,B,2,19,35,3.7,True,0
TMS004667,Engineering,COR04290,SER,rail_wear,C,1,12,20,1.9,True,0
TMS003279,Engineering,COR03387,NR,sleeper_defect,B,2,11,11,2.7,True,0
TMS001418,Engineering,COR05523,ER,alignment_deviation,C,1,10,9,0.8,True,0
TMS005094,Engineering,COR04195,NWR,points_crossing_wear,B,2,0,7,6.0,True,0
SMMS002326,Signal & Telecommunication,COR03269,NCR,interlocking_fault,A,3,3,14,0.6,True,0
TMS003399,Engineering,COR03856,ER,formation_defect,B,2,30,6,3.6,True,0
SMMS000683,Signal & Telecommunication,COR05817,NR,point_machine_fault,B,2,7,11,1.0,True,0
SMMS000864,Signal & Telecommunication,COR02045,CR,cable_fault,B,2,2,6,3.9,True,0
SMMS000653,Signal & Telecommunication,COR05017,SR,cable_fault,B,2,4,6,3.4,True,0
TMS005100,Engineering,COR00145,NR,alignment_deviation,C,1,10,36,2.0,True,0
TDMS001875,Traction Distribution,COR04080,SWR,feeder_fault,A,3,423,11,0.9,True,1
TDMS000714,Traction Distribution,COR00178,ECR,insulator_fault,B,2,233,12,0.9,True,0
TMS003458,Engineering,COR02107,SWR,ballast_deficiency,C,1,254,25,1.2,True,0
TDMS001341,Traction Distribution,COR02098,SWR,ohe_pole_defect,C,1,8,26,3.7,True,0
TMS004251,Engineering,COR00463,SCR,formation_defect,B,2,4,23,1.9,False,0
TMS000445,Engineering,COR03253,WCR,weld_failure,A,3,392,42,3.3,True,1
TDMS001639,Traction Distribution,COR03079,SR,insulator_fault,B,2,8,40,1.4,True,0
SMMS002922,Signal & Telecommunication,COR01722,NCR,point_machine_fault,B,2,0,54,3.1,True,0
TMS003104,Engineering,COR02229,SWR,formation_defect,B,2,4,21,2.7,True,0
TDMS000615,Traction Distribution,COR00487,WCR,tension_device_fault,C,1,113,69,4.3,True,0
TDMS001624,Traction Distribution,COR01489,NFR,earthing_fault,B,2,110,13,3.6,True,0
SMMS000696,Signal & Telecommunication,COR03440,NWR,interlocking_fault,A,3,1,8,3.0,True,0
TMS001307,Engineering,COR00762,NR,alignment_deviation,C,1,0,30,3.3,False,0
SMMS000784,Signal & Telecommunication,COR02813,WR,axle_counter_fault,A,3,2,92,2.0,True,1
TMS004692,Engineering,COR02581,SECR,alignment_deviation,C,1,79,6,5.4,True,0
TMS004017,Engineering,COR03962,ER,sleeper_defect,B,2,11,12,6.0,False,0
TDMS000322,Traction Distribution,COR03699,SER,insulator_fault,B,2,7,24,1.7,True,0
SMMS002892,Signal & Telecommunication,COR01712,WCR,cable_fault,B,2,4,54,2.6,True,0
TDMS002251,Traction Distribution,COR02770,NR,ohe_wire_wear,B,2,10,28,1.6,True,0
SMMS002529,Signal & Telecommunication,COR04106,NR,signal_failure,A,3,0,11,2.7,True,0
TMS000601,Engineering,COR02973,SR,sleeper_defect,B,2,244,40,4.2,False,0
TMS001626,Engineering,COR04862,NWR,points_crossing_wear,B,2,8,9,1.0,True,0
TMS004919,Engineering,COR01005,NFR,formation_defect,B,2,9,19,2.4,True,0
TMS001507,Engineering,COR00134,NWR,weld_failure,A,3,6,27,4.6,True,0
TMS005433,Engineering,COR06325,ECR,ballast_deficiency,A,3,12,9,5.1,True,0
SMMS001034,Signal & Telecommunication,COR02207,SECR,signal_failure,A,3,5,7,2.6,False,0
TDMS000067,Traction Distribution,COR07215,NWR,ohe_pole_defect,C,1,16,2,2.4,True,0
SMMS000067,Signal & Telecommunication,COR08010,WR,lc_gate_interlock_fault,A,3,11,2,2.8,True,0
TDMS000952,Traction Distribution,COR04502,ECR,circuit_breaker_fault,A,3,18,3,1.7,True,0
SMMS000416,Signal & Telecommunication,COR00045,WR,cable_fault,B,2,0,36,2.4,True,0
TMS004297,Engineering,COR01352,WR,ballast_deficiency,C,1,15,17,1.2,True,0
SMMS000639,Signal & Telecommunication,COR03612,SWR,point_machine_fault,B,2,5,20,2.9,True,0
TDMS001399,Traction Distribution,COR02538,NR,earthing_fault,B,2,97,17,1.1,True,0
SMMS000903,Signal & Telecommunication,COR06587,NWR,cable_fault,B,2,14,6,1.4,True,0
TMS004287,Engineering,COR01214,SCR,points_crossing_wear,B,2,11,10,1.9,True,0
TMS004139,Engineering,COR08033,WR,points_crossing_wear,B,2,13,2,1.2,True,0
TMS001973,Engineering,COR02738,SR,sleeper_defect,B,2,3,18,2.9,True,0
TMS005486,Engineering,COR03101,NR,sleeper_defect,B,2,1833,10,4.5,True,0
TDMS002083,Traction Distribution,COR03727,NFR,ohe_wire_wear,B,2,34,21,3.8,True,0
SMMS002910,Signal & Telecommunication,COR02832,WR,lc_gate_interlock_fault,A,3,5,95,3.8,True,1
TMS004553,Engineering,COR00121,NWR,alignment_deviation,C,1,9,33,0.7,True,0
TDMS002341,Traction Distribution,COR02983,SR,insulator_fault,B,2,8,40,0.8,True,0
SMMS002734,Signal & Telecommunication,COR00044,WR,block_instrument_fault,B,2,28,32,3.4,True,0
TMS000322,Engineering,COR01324,NWR,alignment_deviation,C,1,10,30,1.9,True,0
TDMS002303,Traction Distribution,COR04164,SCR,tension_device_fault,C,1,143,25,4.6,True,0
TDMS001066,Traction Distribution,COR01735,NR,circuit_breaker_fault,A,3,17,5,1.9,True,0
TMS005381,Engineering,COR00732,KR,rail_wear,C,1,15,29,4.0,True,0
TMS003872,Engineering,COR01339,NWR,points_crossing_wear,B,2,16,30,4.0,True,0
SMMS000342,Signal & Telecommunication,COR03837,NFR,point_machine_fault,B,2,1,19,1.0,True,0
TDMS001586,Traction Distribution,COR03269,NCR,insulator_fault,B,2,84,14,2.7,True,0
TMS003818,Engineering,COR02992,SR,points_crossing_wear,B,2,80,41,3.1,True,0
TMS005067,Engineering,COR03028,NR,ballast_deficiency,C,1,225,11,1.9,True,0
TDMS000132,Traction Distribution,COR02630,ER,earthing_fault,B,2,329,10,1.0,True,1
TMS001174,Engineering,COR06597,NWR,rail_wear,C,1,11,7,3.8,True,0
TDMS002232,Traction Distribution,COR02994,SR,insulator_fault,B,2,2,41,4.9,True,0
TDMS002248,Traction Distribution,COR00143,NR,ohe_pole_defect,C,1,19,36,2.9,True,0
TMS004145,Engineering,COR06434,WR,points_crossing_wear,B,2,0,2,0.9,False,0
SMMS000324,Signal & Telecommunication,COR04929,KR,interlocking_fault,A,3,2,26,3.1,False,0
TMS003764,Engineering,COR03955,ER,alignment_deviation,C,1,164,11,3.4,True,0
TDMS000116,Traction Distribution,COR00774,NR,ohe_wire_wear,B,2,7,35,1.5,True,0
TDMS000062,Traction Distribution,COR00541,SR,ohe_wire_wear,B,2,103,35,3.9,True,0
SMMS001096,Signal & Telecommunication,COR02353,NWR,cable_fault,B,2,1,12,3.0,True,0
TMS002712,Engineering,COR00418,SCR,alignment_deviation,C,1,4,53,4.1,False,0
TMS005357,Engineering,COR05122,NR,ballast_deficiency,C,1,15,6,5.9,True,0
TMS000932,Engineering,COR02687,NR,alignment_deviation,C,1,3,14,1.8,True,0
TDMS000231,Traction Distribution,COR00693,WR,earthing_fault,B,2,2,92,1.0,True,0
SMMS000397,Signal & Telecommunication,COR00401,ER,axle_counter_fault,A,3,24,19,3.8,True,0
TDMS000887,Traction Distribution,COR01470,NFR,tension_device_fault,C,1,298,25,1.7,True,0
TDMS000538,Traction Distribution,COR01752,WCR,ohe_pole_defect,C,1,3,30,1.6,True,0
TMS001030,Engineering,COR01755,WCR,rail_fracture,A,3,87,29,5.0,True,0
TMS003286,Engineering,COR01266,NR,points_crossing_wear,C,1,358,22,0.9,True,0
TDMS002112,Traction Distribution,COR02974,SR,ohe_wire_wear,B,2,15,40,2.1,True,0
TMS004885,Engineering,COR04509,SWR,rail_wear,C,1,36,10,0.7,True,0
TMS000847,Engineering,COR01816,NWR,alignment_deviation,C,1,74,7,2.9,True,0
TMS000704,Engineering,COR01359,WR,sleeper_defect,B,2,11,35,4.5,True,0
TMS000738,Engineering,COR03304,SWR,rail_wear,C,1,46,10,2.2,False,0
TMS003761,Engineering,COR03484,NR,points_crossing_wear,B,2,8,11,3.7,True,0
TMS002311,Engineering,COR02898,SR,rail_wear,C,1,9,18,3.5,True,0
TMS003054,Engineering,COR07368,SR,alignment_deviation,C,1,13,1,3.1,False,0
TMS001782,Engineering,COR00485,WCR,alignment_deviation,C,1,3142,69,2.4,True,1
TDMS002261,Traction Distribution,COR02968,SR,feeder_fault,A,3,13,40,4.3,True,1
TDMS001900,Traction Distribution,COR04548,NR,ohe_wire_wear,B,2,15,37,2.4,True,0
TMS004952,Engineering,COR02831,WR,alignment_deviation,C,1,36,95,1.5,True,0
SMMS001374,Signal & Telecommunication,COR01719,WCR,point_machine_fault,B,2,2,53,0.7,True,0
SMMS000436,Signal & Telecommunication,COR01597,SWR,lc_gate_interlock_fault,A,3,1,25,2.7,True,0
TMS000479,Engineering,COR06678,NER,sleeper_defect,C,1,337,8,3.2,False,0
TMS004276,Engineering,COR01894,SCR,ballast_deficiency,C,1,72,66,0.7,True,0
TMS004020,Engineering,COR04659,KR,alignment_deviation,C,1,13,26,5.3,False,0
TDMS001475,Traction Distribution,COR00085,NWR,insulator_fault,B,2,244,30,1.1,True,0
SMMS000635,Signal & Telecommunication,COR05439,WCR,signal_failure,A,3,5,7,2.1,True,0
SMMS002131,Signal & Telecommunication,COR00418,SCR,signal_failure,A,3,1,53,3.1,True,0
SMMS002106,Signal & Telecommunication,COR03362,NWR,point_machine_fault,B,2,21,11,1.8,True,0
TMS002839,Engineering,COR01755,WCR,weld_failure,A,3,15,29,3.0,True,0
TMS000171,Engineering,COR01933,SCR,sleeper_defect,B,2,313,22,4.9,True,1
TMS001011,Engineering,COR05526,ER,alignment_deviation,C,1,7,9,2.0,True,0
TMS005703,Engineering,COR00188,ECR,weld_failure,A,3,13,16,2.7,True,0
TMS001854,Engineering,COR06217,SECR,points_crossing_wear,A,3,1,5,3.1,True,0
TMS001341,Engineering,COR02815,WR,ballast_deficiency,C,1,3,92,5.7,True,0
SMMS000267,Signal & Telecommunication,COR00034,WR,cable_fault,B,2,0,36,1.2,True,0
TDMS001855,Traction Distribution,COR04618,ER,circuit_breaker_fault,A,3,8,10,3.5,True,0
SMMS000446,Signal & Telecommunication,COR00615,SCR,cable_fault,B,2,3,59,1.0,True,0
TDMS000137,Traction Distribution,COR00238,WCR,feeder_fault,A,3,5,58,4.1,True,1
TMS001110,Engineering,COR00052,WR,sleeper_defect,B,2,396,33,4.3,True,1
TMS002395,Engineering,COR00120,NWR,formation_defect,C,1,124,29,1.3,True,0
SMMS001100,Signal & Telecommunication,COR03042,SR,cable_fault,B,2,139,17,1.1,True,0
SMMS001706,Signal & Telecommunication,COR02435,ER,lc_gate_interlock_fault,A,3,11,18,3.3,True,0
TMS003647,Engineering,COR01407,SR,sleeper_defect,B,2,77,11,2.3,True,0
TMS003859,Engineering,COR00657,SWR,ballast_deficiency,C,1,68,22,5.0,True,0
TMS005004,Engineering,COR00401,ER,alignment_deviation,C,1,3,19,4.4,True,0
TDMS002057,Traction Distribution,COR02464,ER,circuit_breaker_fault,A,3,12,8,4.5,True,0
TMS003150,Engineering,COR00210,NCR,rail_fracture,A,3,23,53,2.8,True,1
TDMS000591,Traction Distribution,COR00921,SWR,ohe_wire_wear,B,2,0,10,2.8,True,0
TMS002907,Engineering,COR00273,WCR,alignment_deviation,A,3,11,68,0.8,True,0
TMS004862,Engineering,COR02919,NER,alignment_deviation,C,1,45,5,3.3,True,0
TDMS001126,Traction Distribution,COR02834,WR,tension_device_fault,C,1,7,95,5.0,True,0
SMMS001624,Signal & Telecommunication,COR01723,NCR,signal_failure,A,3,3,54,1.0,True,1
TMS002110,Engineering,COR04137,SR,points_crossing_wear,B,2,11,41,2.9,True,0
TMS000762,Engineering,COR00705,WR,rail_wear,C,1,2,87,4.2,False,0
TMS001096,Engineering,COR00050,WR,ballast_deficiency,C,1,3,36,3.7,True,0
SMMS000051,Signal & Telecommunication,COR05217,SR,block_instrument_fault,B,2,20,13,0.7,True,0
TMS005818,Engineering,COR02217,NWR,sleeper_defect,B,2,13,13,4.1,True,0
SMMS001614,Signal & Telecommunication,COR02806,WR,axle_counter_fault,A,3,3,54,2.2,True,1
TMS004166,Engineering,COR02414,WR,ballast_deficiency,C,1,8,14,3.6,True,0
TMS000831,Engineering,COR00699,WR,rail_wear,C,1,159,92,3.8,True,0
TDMS000722,Traction Distribution,COR01899,SCR,ohe_wire_wear,B,2,91,56,1.6,True,0
TDMS001558,Traction Distribution,COR05908,WR,tension_device_fault,C,1,121,4,2.8,True,0
TMS001366,Engineering,COR02305,NR,sleeper_defect,B,2,1199,29,1.7,True,1
TDMS000435,Traction Distribution,COR02111,SWR,tension_device_fault,C,1,3,25,3.9,True,0
TMS002552,Engineering,COR04108,NR,points_crossing_wear,B,2,78,11,5.6,True,0
TMS004846,Engineering,COR01022,NFR,ballast_deficiency,C,1,38,22,5.2,True,0
TMS002915,Engineering,COR03082,SR,ballast_deficiency,C,1,88,40,0.7,True,0
TMS004640,Engineering,COR02303,NR,ballast_deficiency,C,1,10,29,1.3,False,0
TMS003058,Engineering,COR01268,NR,ballast_deficiency,C,1,1,22,0.8,True,0
SMMS000423,Signal & Telecommunication,COR02538,NR,cable_fault,B,2,1,17,0.9,True,0
TMS004908,Engineering,COR02852,SWR,rail_fracture,A,3,87,14,1.7,False,0
SMMS000133,Signal & Telecommunication,COR05427,NR,cable_fault,B,2,97,11,0.9,True,0
TDMS001048,Traction Distribution,COR00275,WCR,insulator_fault,B,2,82,68,2.5,True,1
TMS003025,Engineering,COR00448,SCR,points_crossing_wear,B,2,1,16,5.5,False,0
TDMS001213,Traction Distribution,COR02820,WR,tension_device_fault,C,1,28,90,4.5,True,0
SMMS002033,Signal & Telecommunication,COR02399,WR,cable_fault,B,2,4,35,2.7,True,0
SMMS002839,Signal & Telecommunication,COR01675,WCR,signal_failure,A,3,0,55,2.3,True,0
TDMS000548,Traction Distribution,COR01632,SWR,ohe_wire_wear,B,2,4,21,4.6,True,0
TMS004761,Engineering,COR04480,WCR,formation_defect,B,2,20,35,4.9,True,0
TMS005567,Engineering,COR04420,SWR,sleeper_defect,B,2,55,22,4.1,True,0
TMS003401,Engineering,COR01676,WCR,formation_defect,B,2,5,55,2.3,True,0
SMMS001004,Signal & Telecommunication,COR05038,NER,point_machine_fault,B,2,129,5,3.3,True,0
TDMS001261,Traction Distribution,COR08368,NFR,insulator_fault,B,2,108,1,2.8,True,0
TMS001508,Engineering,COR00117,NWR,rail_wear,C,1,2,33,5.4,True,0
TMS001360,Engineering,COR04546,NR,formation_defect,B,2,459,36,5.1,True,1
TMS001395,Engineering,COR05462,ER,rail_wear,C,1,62,5,2.5,False,0
SMMS002827,Signal & Telecommunication,COR02059,SCR,interlocking_fault,A,3,1,24,1.5,True,0
SMMS001504,Signal & Telecommunication,COR00611,SCR,axle_counter_fault,A,3,4,67,3.8,True,1
TMS002306,Engineering,COR02132,SCR,points_crossing_wear,B,2,258,20,2.9,True,0
TMS005692,Engineering,COR01154,CR,alignment_deviation,C,1,5,49,4.1,True,0
TMS005597,Engineering,COR02822,WR,weld_failure,A,3,61,90,1.5,True,1
TMS005848,Engineering,COR00162,NR,rail_wear,C,1,14,52,1.5,True,0
TDMS002273,Traction Distribution,COR07587,WR,feeder_fault,A,3,129,3,2.2,True,0
SMMS000457,Signal & Telecommunication,COR04049,NER,signal_failure,A,3,1,21,3.9,True,0
TDMS000762,Traction Distribution,COR00053,WR,insulator_fault,B,2,14,33,0.6,True,0
TDMS002294,Traction Distribution,COR03870,ER,ohe_wire_wear,B,2,377,13,2.6,True,1
SMMS001655,Signal & Telecommunication,COR02405,WR,block_instrument_fault,B,2,0,26,4.0,False,0
TMS005251,Engineering,COR01915,SCR,alignment_deviation,C,1,0,9,4.4,True,0
TMS003628,Engineering,COR01692,WCR,formation_defect,C,1,48,53,2.4,True,0
TMS005729,Engineering,COR00021,WR,alignment_deviation,C,1,88,35,0.6,True,0
TDMS001961,Traction Distribution,COR04026,WR,insulator_fault,B,2,107,14,1.7,True,0
TDMS002200,Traction Distribution,COR00983,NFR,tension_device_fault,C,1,78,14,4.5,True,0
TMS003732,Engineering,COR01090,SWR,rail_wear,C,1,15,20,3.6,True,0
TMS004534,Engineering,COR02036,CR,points_crossing_wear,A,3,1,5,3.6,True,0
TDMS002182,Traction Distribution,COR04191,NER,tension_device_fault,C,1,73,8,2.0,True,0
TMS001243,Engineering,COR03820,NFR,ballast_deficiency,C,1,3,19,4.4,True,0
TMS000733,Engineering,COR01738,NR,alignment_deviation,C,1,3,5,3.7,True,0
TMS000752,Engineering,COR02822,WR,formation_defect,B,2,10,90,1.7,True,0
TMS004961,Engineering,COR01692,WCR,rail_fracture,A,3,74,53,2.5,True,1
TMS002575,Engineering,COR01399,SR,ballast_deficiency,C,1,1,11,4.1,True,0
TMS005214,Engineering,COR01858,NR,alignment_deviation,C,1,90,37,3.8,False,0
SMMS002643,Signal & Telecommunication,COR04298,NER,signal_failure,A,3,2,16,1.6,True,0
TDMS002227,Traction Distribution,COR01728,NCR,insulator_fault,B,2,39,54,3.0,True,0
TMS002098,Engineering,COR01002,NFR,alignment_deviation,C,1,190,19,5.0,True,0
TDMS001260,Traction Distribution,COR03470,NCR,tension_device_fault,C,1,497,6,1.0,True,0
TMS000905,Engineering,COR03040,SR,weld_failure,A,3,117,17,5.7,True,1
TDMS001783,Traction Distribution,COR04835,WCR,ohe_pole_defect,C,1,597,6,3.9,True,0
TMS000998,Engineering,COR00606,SCR,alignment_deviation,C,1,67,67,1.5,True,0
TMS001789,Engineering,COR03081,SR,sleeper_defect,B,2,35,40,5.2,False,0
TDMS000936,Traction Distribution,COR03885,NR,ohe_wire_wear,B,2,2,27,3.6,True,0
SMMS002796,Signal & Telecommunication,COR00437,SCR,signal_failure,A,3,2,17,3.1,True,0
TMS005310,Engineering,COR01689,WCR,points_crossing_wear,B,2,0,55,5.2,True,0
SMMS000112,Signal & Telecommunication,COR05804,NWR,signal_failure,A,3,0,10,3.5,True,0
TDMS000695,Traction Distribution,COR02828,WR,ohe_wire_wear,B,2,10,90,3.1,True,0
TMS000719,Engineering,COR00216,WCR,ballast_deficiency,C,1,2,53,2.2,True,0
SMMS000799,Signal & Telecommunication,COR01668,WCR,signal_failure,A,3,4,55,3.4,False,0
SMMS000114,Signal & Telecommunication,COR03086,SR,signal_failure,A,3,5,40,1.2,True,0
SMMS002311,Signal & Telecommunication,COR05407,SER,signal_failure,A,3,69,23,2.8,True,0
TDMS001021,Traction Distribution,COR02820,WR,ohe_wire_wear,B,2,0,90,4.6,True,0
TDMS002235,Traction Distribution,COR02981,SR,insulator_fault,B,2,1,40,1.4,True,0
TMS005133,Engineering,COR04377,SR,rail_fracture,A,3,8,9,0.9,True,0
SMMS000061,Signal & Telecommunication,COR06323,WCR,interlocking_fault,A,3,1,4,3.8,True,0
SMMS001740,Signal & Telecommunication,COR04300,NER,lc_gate_interlock_fault,A,3,6,17,3.5,True,0
TMS002141,Engineering,COR01468,NFR,ballast_deficiency,C,1,1072,25,3.0,True,0
TMS002285,Engineering,COR03719,NFR,rail_wear,C,1,1,21,5.4,True,0
TDMS001753,Traction Distribution,COR05155,WCR,insulator_fault,B,2,66,4,2.9,True,0
TMS005035,Engineering,COR02410,WR,ballast_deficiency,C,1,10,20,1.0,True,0
TMS004679,Engineering,COR01450,WR,weld_failure,A,3,50,6,3.2,True,0
TDMS001993,Traction Distribution,COR04609,NFR,tension_device_fault,C,1,11,15,1.8,True,0
TDMS002283,Traction Distribution,COR02450,ER,ohe_wire_wear,B,2,7,9,3.0,True,0
TDMS000579,Traction Distribution,COR02023,NER,insulator_fault,B,2,51,19,5.0,True,0
TMS002941,Engineering,COR01038,NFR,sleeper_defect,B,2,11,25,5.4,True,0
TMS004118,Engineering,COR02828,WR,sleeper_defect,B,2,13,90,0.9,True,0
TMS000506,Engineering,COR04140,SR,weld_failure,A,3,15,35,5.1,True,0
SMMS000025,Signal & Telecommunication,COR02729,NER,axle_counter_fault,A,3,5,4,3.5,True,0
SMMS000737,Signal & Telecommunication,COR00250,WCR,interlocking_fault,A,3,0,54,3.7,True,0
TMS002979,Engineering,COR00759,NR,sleeper_defect,B,2,15,52,3.6,True,0
TMS001054,Engineering,COR05104,NCR,weld_failure,A,3,0,11,5.2,True,0
TMS001825,Engineering,COR02846,SWR,weld_failure,A,3,311,14,0.6,True,1
TMS000178,Engineering,COR03869,ER,rail_wear,C,1,81,13,1.6,True,0
TMS003619,Engineering,COR00239,WCR,alignment_deviation,C,1,9,58,4.8,True,0
SMMS002199,Signal & Telecommunication,COR08423,SR,axle_counter_fault,A,3,27,3,2.7,False,0
TMS002495,Engineering,COR02202,SR,alignment_deviation,C,1,4,17,4.0,True,0
TMS002843,Engineering,COR04184,NR,points_crossing_wear,B,2,0,7,1.8,True,0
SMMS000486,Signal & Telecommunication,COR01305,NWR,interlocking_fault,A,3,10,19,1.4,True,0
SMMS001105,Signal & Telecommunication,COR02833,WR,point_machine_fault,B,2,4,95,2.5,True,0
TDMS001205,Traction Distribution,COR02340,WR,earthing_fault,B,2,1,11,1.4,True,0
TMS002471,Engineering,COR04998,SR,alignment_deviation,C,1,0,13,3.2,True,0
SMMS002866,Signal & Telecommunication,COR01319,NWR,signal_failure,A,3,21,30,0.9,True,0
SMMS001617,Signal & Telecommunication,COR02956,SCR,cable_fault,B,2,5,11,1.6,True,0
SMMS001158,Signal & Telecommunication,COR03273,NCR,cable_fault,B,2,1,14,1.4,True,0
TMS005554,Engineering,COR08550,NWR,points_crossing_wear,B,2,88,1,3.7,False,0
TDMS001082,Traction Distribution,COR00157,NR,earthing_fault,B,2,14,38,3.8,True,0
TDMS000738,Traction Distribution,COR05989,NR,earthing_fault,B,2,80,9,4.6,True,0
SMMS002506,Signal & Telecommunication,COR03975,ER,point_machine_fault,B,2,2,14,2.2,True,0
TMS000216,Engineering,COR03614,SWR,rail_wear,C,1,31,18,2.1,True,0
TDMS001845,Traction Distribution,COR00272,WCR,insulator_fault,B,2,78,68,2.0,True,0
TMS000096,Engineering,COR01501,NR,weld_failure,A,3,14,6,2.8,True,0
TMS000591,Engineering,COR04874,NWR,formation_defect,B,2,6,8,5.0,True,0
TMS003978,Engineering,COR02817,WR,ballast_deficiency,C,1,13,92,3.1,True,0
TMS000839,Engineering,COR03988,ER,ballast_deficiency,C,1,8,17,3.0,False,0
TDMS000250,Traction Distribution,COR04539,NR,feeder_fault,A,3,20,38,3.6,True,1
TMS004569,Engineering,COR06394,NER,weld_failure,A,3,51,19,4.8,True,0
TMS004747,Engineering,COR00323,SER,rail_wear,C,1,6,24,3.5,True,0
TMS003574,Engineering,COR00211,NCR,alignment_deviation,C,1,54,53,3.3,True,0
TMS003367,Engineering,COR04981,WR,ballast_deficiency,C,1,47,14,4.8,True,0
SMMS000019,Signal & Telecommunication,COR02773,NR,lc_gate_interlock_fault,A,3,2,28,1.8,True,0
TMS000550,Engineering,COR01340,NWR,alignment_deviation,C,1,4,30,5.5,True,0
SMMS000035,Signal & Telecommunication,COR06254,SCR,point_machine_fault,B,2,2,16,2.8,True,0
TMS002725,Engineering,COR06045,NER,rail_wear,C,1,7,6,1.6,False,0
TDMS002028,Traction Distribution,COR00382,NER,insulator_fault,B,2,10,33,0.7,True,0
SMMS001953,Signal & Telecommunication,COR00695,WR,signal_failure,A,3,4,92,3.9,True,1
TMS000542,Engineering,COR00069,NWR,points_crossing_wear,B,2,5,30,4.8,True,0
TDMS001148,Traction Distribution,COR00191,ECR,ohe_wire_wear,B,2,2,15,1.6,True,0
TDMS001466,Traction Distribution,COR05795,SECR,circuit_breaker_fault,A,3,7,2,3.9,True,0
TDMS002143,Traction Distribution,COR02146,SCR,ohe_wire_wear,B,2,3,20,4.8,True,0
TDMS001257,Traction Distribution,COR00612,SCR,feeder_fault,A,3,3,67,2.5,True,0
TMS005923,Engineering,COR03194,NFR,formation_defect,B,2,3,3,1.3,False,0
TMS004886,Engineering,COR04736,NR,points_crossing_wear,B,2,9,8,3.6,True,0
TMS002125,Engineering,COR03075,SR,rail_wear,C,1,297,40,1.1,True,0
SMMS000419,Signal & Telecommunication,COR00709,WR,point_machine_fault,B,2,15,54,3.8,True,0
SMMS001223,Signal & Telecommunication,COR05021,SR,lc_gate_interlock_fault,A,3,4,6,3.9,True,0
TMS000433,Engineering,COR00336,NER,alignment_deviation,C,1,14,12,4.1,True,0
TDMS001572,Traction Distribution,COR05141,ECR,ohe_wire_wear,B,2,6,11,0.9,True,0
SMMS000330,Signal & Telecommunication,COR06210,NR,block_instrument_fault,B,2,1,6,1.8,True,0
SMMS002129,Signal & Telecommunication,COR06314,SR,lc_gate_interlock_fault,A,3,5,4,2.7,True,0
SMMS001592,Signal & Telecommunication,COR00474,CR,lc_gate_interlock_fault,A,3,10,69,2.0,True,1
TMS003351,Engineering,COR04379,SR,alignment_deviation,C,1,8,9,5.3,True,0
TMS004210,Engineering,COR01724,NCR,alignment_deviation,C,1,50,54,5.1,False,0
TMS001423,Engineering,COR03381,NWR,rail_wear,C,1,55,6,4.1,False,0
TMS004260,Engineering,COR01510,CR,ballast_deficiency,B,2,3,19,2.3,True,0
TDMS000563,Traction Distribution,COR00672,WR,insulator_fault,B,2,102,94,2.6,True,0
TMS004399,Engineering,COR02191,SWR,alignment_deviation,C,1,1,20,3.9,False,0
SMMS001035,Signal & Telecommunication,COR03938,WCR,interlocking_fault,A,3,146,29,0.8,True,0
TDMS000115,Traction Distribution,COR00235,WCR,ohe_wire_wear,B,2,2,58,2.5,True,0
TMS005057,Engineering,COR01891,SCR,ballast_deficiency,C,1,2,66,5.3,True,0
TDMS002125,Traction Distribution,COR01194,CR,tension_device_fault,C,1,130,22,0.6,True,0
TDMS000932,Traction Distribution,COR00055,WR,ohe_wire_wear,B,2,7,26,2.7,True,0
TMS002560,Engineering,COR03731,WR,ballast_deficiency,C,1,2,12,5.8,True,0
TMS000087,Engineering,COR04181,NR,rail_fracture,B,2,12,18,0.5,False,0
TMS001460,Engineering,COR00085,NWR,weld_failure,A,3,5,30,3.6,True,0
SMMS001788,Signal & Telecommunication,COR01839,WR,cable_fault,B,2,42,21,2.5,True,0
TMS005079,Engineering,COR04023,WR,sleeper_defect,B,2,2,14,2.2,True,0
TMS005564,Engineering,COR02812,WR,alignment_deviation,C,1,47,92,3.8,True,0
TMS000546,Engineering,COR00069,NWR,formation_defect,B,2,8,30,5.3,False,0
TMS000090,Engineering,COR02697,NR,points_crossing_wear,A,3,3,27,3.2,True,0
TDMS001058,Traction Distribution,COR02810,WR,ohe_pole_defect,C,1,11,87,0.6,True,0
TMS005036,Engineering,COR01367,WR,points_crossing_wear,B,2,385,34,4.2,True,1
TMS000679,Engineering,COR04915,CR,sleeper_defect,A,3,40,24,4.8,True,0
TMS002056,Engineering,COR00085,NWR,ballast_deficiency,C,1,6,30,2.6,True,0
SMMS000062,Signal & Telecommunication,COR02295,NR,cable_fault,B,2,3,25,2.6,True,0
SMMS000314,Signal & Telecommunication,COR05186,WR,signal_failure,A,3,4,6,0.5,True,0
TMS004414,Engineering,COR00071,NWR,rail_wear,C,1,52,30,2.2,True,0
SMMS001016,Signal & Telecommunication,COR02201,SR,cable_fault,B,2,4,17,1.1,True,0
SMMS002338,Signal & Telecommunication,COR06016,NWR,cable_fault,B,2,0,9,1.7,True,0
TDMS002380,Traction Distribution,COR00242,WCR,ohe_wire_wear,B,2,6,54,3.1,True,0
TMS004440,Engineering,COR02741,SR,weld_failure,A,3,50,18,4.0,True,0
TDMS002252,Traction Distribution,COR01035,NFR,feeder_fault,A,3,3,25,1.5,True,0
TDMS001251,Traction Distribution,COR04544,NR,circuit_breaker_fault,A,3,16,38,4.5,True,0
TMS004678,Engineering,COR05437,WCR,sleeper_defect,B,2,0,7,4.4,True,0
TMS000447,Engineering,COR02798,WR,alignment_deviation,C,1,61,53,3.2,True,0
SMMS001375,Signal & Telecommunication,COR06092,NFR,interlocking_fault,A,3,3,4,2.1,False,0
TMS003593,Engineering,COR05979,NR,alignment_deviation,C,1,344,4,5.6,True,0
TMS005933,Engineering,COR01744,WR,points_crossing_wear,B,2,12,16,5.5,True,0
TMS005857,Engineering,COR01677,WCR,alignment_deviation,C,1,35,55,6.0,False,0
TMS002132,Engineering,COR03289,NWR,ballast_deficiency,C,1,3398,10,2.6,True,0
SMMS002068,Signal & Telecommunication,COR00864,SCR,cable_fault,B,2,3,18,2.3,True,0
TDMS000443,Traction Distribution,COR02821,WR,insulator_fault,B,2,11,90,1.8,True,0
TMS003028,Engineering,COR03565,SER,rail_fracture,A,3,40,25,5.3,True,0
TMS001633,Engineering,COR00419,SCR,weld_failure,A,3,3374,53,5.0,True,1
TMS001403,Engineering,COR04318,SR,weld_failure,B,2,40,13,4.8,False,0
SMMS000520,Signal & Telecommunication,COR03833,NFR,signal_failure,A,3,3,17,3.9,True,0
TDMS001010,Traction Distribution,COR05628,NWR,earthing_fault,B,2,11,32,4.4,True,0
TMS001298,Engineering,COR02888,NER,ballast_deficiency,C,1,14,8,0.7,True,0
SMMS002987,Signal & Telecommunication,COR02388,WR,cable_fault,B,2,99,36,2.8,True,0
TMS004548,Engineering,COR00291,CR,rail_wear,C,1,5,68,5.6,True,0
TMS003170,Engineering,COR03117,NR,weld_failure,A,3,2,4,4.2,False,0
TMS002999,Engineering,COR00127,NWR,points_crossing_wear,B,2,0,27,2.3,True,0
TMS001966,Engineering,COR02816,WR,formation_defect,B,2,1,92,4.4,True,0
TMS005911,Engineering,COR02528,NR,sleeper_defect,B,2,12,7,2.1,True,0
TMS000536,Engineering,COR04306,ECR,weld_failure,A,3,78,3,1.6,True,0
TMS005211,Engineering,COR04116,NR,rail_wear,C,1,783,10,5.5,True,0
TMS002548,Engineering,COR00779,NWR,points_crossing_wear,B,2,42,26,3.6,True,0
SMMS001197,Signal & Telecommunication,COR01362,WR,point_machine_fault,B,2,3,35,3.0,True,0
TMS002389,Engineering,COR02976,SR,alignment_deviation,C,1,8,40,5.8,True,0
SMMS001268,Signal & Telecommunication,COR01359,WR,cable_fault,B,2,27,35,2.3,True,0
SMMS000943,Signal & Telecommunication,COR02153,SR,signal_failure,A,3,5,70,2.4,True,0
TMS005308,Engineering,COR04670,KR,ballast_deficiency,C,1,10,25,2.5,False,0
TMS005528,Engineering,COR06142,WR,ballast_deficiency,C,1,60,9,3.1,False,0
TMS003927,Engineering,COR00256,WCR,sleeper_defect,B,2,53,54,4.0,True,0
TMS004362,Engineering,COR02157,SR,sleeper_defect,B,2,73,70,3.6,True,0
TMS002557,Engineering,COR06824,NWR,formation_defect,B,2,89,4,4.4,True,0
SMMS000241,Signal & Telecommunication,COR02894,CR,point_machine_fault,B,2,2,34,2.3,True,0
SMMS000106,Signal & Telecommunication,COR02093,SWR,cable_fault,B,2,2,24,0.6,True,0
TMS002857,Engineering,COR05996,WR,alignment_deviation,C,1,13,7,2.8,True,0
TMS002945,Engineering,COR02855,SWR,sleeper_defect,B,2,8,14,0.8,True,0
TMS001168,Engineering,COR00820,NWR,rail_wear,C,1,51,11,4.7,True,0
TDMS000817,Traction Distribution,COR03783,SECR,insulator_fault,B,2,161,6,3.3,True,0
TMS005632,Engineering,COR01481,NFR,ballast_deficiency,C,1,17,22,3.9,True,0
SMMS002487,Signal & Telecommunication,COR04422,SWR,point_machine_fault,B,2,0,22,1.7,True,0
TDMS001717,Traction Distribution,COR00664,ECR,ohe_wire_wear,B,2,8,11,4.3,True,0
TDMS001762,Traction Distribution,COR00128,NWR,ohe_wire_wear,B,2,19,27,4.4,True,0
TMS003072,Engineering,COR00072,NWR,ballast_deficiency,C,1,39,30,3.3,True,0
TMS000300,Engineering,COR00674,WR,sleeper_defect,B,2,46,66,1.8,True,0
TMS002612,Engineering,COR00494,WCR,rail_wear,C,1,10,69,5.4,False,0
TMS003659,Engineering,COR00531,SR,rail_wear,C,1,80,35,3.9,True,0
TMS002540,Engineering,COR05254,SECR,ballast_deficiency,C,1,49,7,5.9,True,0
TDMS001871,Traction Distribution,COR01869,NR,ohe_wire_wear,B,2,19,37,3.5,True,0
TDMS002086,Traction Distribution,COR00825,NWR,ohe_wire_wear,B,2,14,11,1.3,True,0
TMS005049,Engineering,COR02093,SWR,points_crossing_wear,B,2,53,24,3.2,True,0
TDMS000445,Traction Distribution,COR04463,NFR,tension_device_fault,C,1,19,15,3.5,True,0
TMS002278,Engineering,COR00759,NR,weld_failure,A,3,3,52,5.1,True,0
TDMS001258,Traction Distribution,COR03807,SR,ohe_wire_wear,B,2,480,22,3.5,True,1
TMS000999,Engineering,COR00715,WR,formation_defect,B,2,74,53,3.4,True,0
SMMS000673,Signal & Telecommunication,COR03632,SWR,signal_failure,A,3,0,15,3.0,True,0
TDMS001308,Traction Distribution,COR02382,WR,earthing_fault,B,2,591,31,3.8,True,1
TDMS002241,Traction Distribution,COR00766,NR,insulator_fault,B,2,9,35,2.5,True,0
SMMS002581,Signal & Telecommunication,COR01687,WCR,signal_failure,A,3,5,55,0.9,True,1
TMS005108,Engineering,COR00682,WR,ballast_deficiency,C,1,1,90,2.8,False,0
TMS004314,Engineering,COR00877,SCR,alignment_deviation,C,1,26,16,4.8,True,0
SMMS002445,Signal & Telecommunication,COR00106,NWR,cable_fault,B,2,0,19,1.4,True,0
SMMS001376,Signal & Telecommunication,COR05068,NFR,point_machine_fault,B,2,2,12,2.7,True,0
TMS003187,Engineering,COR01379,SR,rail_fracture,A,3,89,6,4.5,True,0
TDMS000771,Traction Distribution,COR00023,WR,feeder_fault,A,3,0,35,2.3,True,0
TMS004937,Engineering,COR02228,SWR,rail_fracture,A,3,1,21,0.9,False,0
TMS002003,Engineering,COR01347,WR,alignment_deviation,C,1,64,31,3.6,True,0
TMS005223,Engineering,COR03482,NCR,formation_defect,B,2,6,13,4.0,True,0
TDMS000609,Traction Distribution,COR02304,NR,ohe_pole_defect,C,1,416,29,2.9,True,0
TMS003943,Engineering,COR03168,ER,ballast_deficiency,C,1,8,10,3.1,True,0
SMMS002769,Signal & Telecommunication,COR00151,NR,point_machine_fault,B,2,1,38,3.1,True,0
TMS003977,Engineering,COR01857,NR,ballast_deficiency,C,1,48,35,4.3,True,0
TMS001312,Engineering,COR03001,ECR,rail_wear,C,1,2,5,3.4,True,0
TDMS002215,Traction Distribution,COR02009,NR,ohe_wire_wear,B,2,8,5,3.5,True,0
SMMS001845,Signal & Telecommunication,COR00594,ECR,lc_gate_interlock_fault,A,3,22,16,3.9,True,0
SMMS000127,Signal & Telecommunication,COR05121,NR,axle_counter_fault,A,3,1,6,1.1,False,0
SMMS001921,Signal & Telecommunication,COR00606,SCR,interlocking_fault,A,3,27,67,3.9,True,1
SMMS001936,Signal & Telecommunication,COR00735,SWR,cable_fault,B,2,28,11,3.9,True,0
TMS003929,Engineering,COR00580,ECR,weld_failure,A,3,15,17,5.5,True,0
TMS005874,Engineering,COR01826,NWR,ballast_deficiency,C,1,14,11,2.3,False,0
TMS003477,Engineering,COR02441,ER,points_crossing_wear,B,2,8,17,2.9,False,0
TMS005253,Engineering,COR04583,NCR,weld_failure,A,3,2,14,1.3,True,0
SMMS001298,Signal & Telecommunication,COR02155,SR,block_instrument_fault,B,2,1,70,1.2,False,0
TMS001714,Engineering,COR02902,SR,alignment_deviation,C,1,14,18,4.6,True,0
TMS001019,Engineering,COR01708,WCR,ballast_deficiency,C,1,68,58,2.3,True,0
TMS005244,Engineering,COR04163,SR,ballast_deficiency,C,1,11,16,3.6,True,0
SMMS000216,Signal & Telecommunication,COR01812,NWR,point_machine_fault,B,2,0,6,2.4,True,0
TMS003884,Engineering,COR04328,SR,alignment_deviation,C,1,25,15,3.3,True,0
TDMS002384,Traction Distribution,COR01347,WR,earthing_fault,B,2,124,31,4.1,True,0
TMS002764,Engineering,COR05182,ECR,alignment_deviation,C,1,84,17,4.7,True,0
TDMS001409,Traction Distribution,COR01549,CR,insulator_fault,B,2,81,22,2.4,True,0
SMMS001227,Signal & Telecommunication,COR00565,NR,block_instrument_fault,B,2,142,20,1.8,True,0
TMS004847,Engineering,COR00543,SR,rail_wear,C,1,14,35,4.4,True,0
TDMS000951,Traction Distribution,COR04082,SWR,ohe_wire_wear,B,2,53,11,1.8,True,0
TMS003788,Engineering,COR06991,SWR,ballast_deficiency,C,1,57,2,4.3,False,0
TDMS001593,Traction Distribution,COR00281,WCR,ohe_wire_wear,B,2,25,68,1.6,True,0
SMMS000764,Signal & Telecommunication,COR02047,CR,axle_counter_fault,A,3,1,6,3.1,True,0
TMS003136,Engineering,COR06421,ECR,alignment_deviation,C,1,73,1,1.8,True,0
TMS000975,Engineering,COR00613,SCR,rail_wear,C,1,85,67,3.2,True,0
SMMS002791,Signal & Telecommunication,COR04545,NR,block_instrument_fault,B,2,6,38,2.8,True,0
TDMS000998,Traction Distribution,COR03810,SR,earthing_fault,B,2,578,6,5.0,True,0
TDMS001489,Traction Distribution,COR04273,NWR,earthing_fault,B,2,134,7,2.6,True,0
TMS005374,Engineering,COR02951,SCR,alignment_deviation,C,1,0,19,1.8,True,0
TMS005240,Engineering,COR06378,WR,weld_failure,A,3,6,11,2.5,True,0
SMMS002642,Signal & Telecommunication,COR01693,WCR,interlocking_fault,A,3,4,53,3.3,True,1
TDMS000761,Traction Distribution,COR00538,SR,tension_device_fault,C,1,33,35,1.7,True,0
SMMS001547,Signal & Telecommunication,COR00932,SWR,block_instrument_fault,B,2,4,40,2.1,True,0
TMS001724,Engineering,COR01342,NWR,points_crossing_wear,B,2,5,30,5.1,True,0
TDMS000963,Traction Distribution,COR00691,WR,circuit_breaker_fault,A,3,10,90,3.6,True,1
TMS005337,Engineering,COR02762,NR,ballast_deficiency,C,1,44,23,3.9,True,0
TMS004530,Engineering,COR04773,NR,sleeper_defect,B,2,5,6,0.9,True,0
TMS002455,Engineering,COR00492,WCR,weld_failure,A,3,6,69,3.6,True,0
SMMS002086,Signal & Telecommunication,COR00689,WR,axle_counter_fault,A,3,2,90,0.7,True,1
TMS003395,Engineering,COR00696,WR,rail_fracture,A,3,22,92,3.7,True,0
TMS004780,Engineering,COR01521,CR,formation_defect,B,2,8,50,5.6,True,0
TMS005033,Engineering,COR03823,NFR,rail_wear,C,1,4,19,5.9,True,0
SMMS000180,Signal & Telecommunication,COR00240,WCR,block_instrument_fault,B,2,3,58,2.2,True,0
TMS004413,Engineering,COR01644,SWR,formation_defect,B,2,53,29,2.4,True,0
TDMS002213,Traction Distribution,COR02186,SWR,ohe_pole_defect,C,1,75,9,2.0,True,0
TMS000212,Engineering,COR00383,NER,ballast_deficiency,C,1,5,33,4.8,True,0
TDMS002247,Traction Distribution,COR00422,SCR,ohe_pole_defect,C,1,487,53,3.1,True,1
TMS005592,Engineering,COR01876,SCR,alignment_deviation,C,1,12,62,1.1,True,0
TMS005066,Engineering,COR02340,WR,rail_wear,C,1,62,11,1.8,True,0
TMS001315,Engineering,COR02825,WR,points_crossing_wear,B,2,1,91,0.9,True,0
TMS001676,Engineering,COR04052,NER,weld_failure,A,3,7,21,0.8,False,0
SMMS002045,Signal & Telecommunication,COR01720,NCR,cable_fault,B,2,1,54,3.6,True,0
TDMS000141,Traction Distribution,COR03626,SWR,ohe_wire_wear,B,2,4,15,3.1,True,0
TMS004677,Engineering,COR02197,SR,rail_fracture,A,3,0,17,5.4,True,0
SMMS002651,Signal & Telecommunication,COR00484,WCR,axle_counter_fault,A,3,1,69,1.1,True,1
TMS003146,Engineering,COR02827,WR,points_crossing_wear,B,2,8,90,1.6,True,0
TMS002995,Engineering,COR00233,WCR,sleeper_defect,B,2,1,57,5.2,True,0
TMS003741,Engineering,COR01702,WCR,formation_defect,B,2,3604,58,2.6,True,1
SMMS001476,Signal & Telecommunication,COR00257,WCR,interlocking_fault,A,3,8,54,0.7,True,1
TMS001331,Engineering,COR02776,NR,sleeper_defect,B,2,8,28,2.1,True,0
TMS000083,Engineering,COR01761,WCR,ballast_deficiency,C,1,1,33,3.8,True,0
SMMS000505,Signal & Telecommunication,COR02493,NWR,point_machine_fault,B,2,4,13,1.2,True,0
TMS001473,Engineering,COR04055,SWR,sleeper_defect,B,2,253,9,4.0,True,0
SMMS002458,Signal & Telecommunication,COR02357,NWR,axle_counter_fault,A,3,84,24,2.2,True,0
TMS005782,Engineering,COR01716,WCR,rail_wear,C,1,8,54,0.7,False,0
TDMS001429,Traction Distribution,COR00076,NWR,insulator_fault,B,2,98,30,3.7,True,0
SMMS002760,Signal & Telecommunication,COR00082,NWR,point_machine_fault,B,2,1,30,1.9,True,0
SMMS001252,Signal & Telecommunication,COR01826,NWR,block_instrument_fault,B,2,3,11,1.7,True,0
SMMS001519,Signal & Telecommunication,COR00872,SCR,lc_gate_interlock_fault,A,3,143,16,0.7,True,1
TDMS002070,Traction Distribution,COR05130,NR,insulator_fault,B,2,198,30,1.3,True,0
TMS002070,Engineering,COR01632,SWR,weld_failure,A,3,75,21,5.3,True,0
TMS000766,Engineering,COR01433,ER,rail_fracture,C,1,12,2,5.8,False,0
SMMS001758,Signal & Telecommunication,COR00421,SCR,signal_failure,A,3,3,53,3.7,True,0
TMS003241,Engineering,COR01003,NFR,sleeper_defect,B,2,50,19,3.1,True,0
TMS002596,Engineering,COR01252,CR,sleeper_defect,B,2,85,4,1.0,False,0
SMMS002198,Signal & Telecommunication,COR06506,NWR,cable_fault,B,2,5,4,1.8,True,0
SMMS002645,Signal & Telecommunication,COR02893,WCR,signal_failure,A,3,4,31,1.7,True,0
SMMS000773,Signal & Telecommunication,COR01880,SCR,cable_fault,B,2,2,62,1.7,True,0
SMMS000036,Signal & Telecommunication,COR00254,WCR,signal_failure,A,3,7,54,2.8,True,0
TMS002893,Engineering,COR04997,SR,ballast_deficiency,C,1,84,13,1.4,True,0
TDMS001772,Traction Distribution,COR03146,NER,tension_device_fault,C,1,15,6,4.9,True,0
TDMS000985,Traction Distribution,COR04689,KR,ohe_wire_wear,B,2,19,26,0.5,True,0
SMMS001858,Signal & Telecommunication,COR01425,SECR,interlocking_fault,A,3,121,4,2.4,True,0
TDMS001788,Traction Distribution,COR02392,WR,tension_device_fault,C,1,11,36,2.9,True,0
TDMS000989,Traction Distribution,COR02033,NER,ohe_wire_wear,B,2,17,19,2.5,True,0
TMS005650,Engineering,COR03834,NFR,ballast_deficiency,C,1,12,17,4.6,True,0
SMMS002468,Signal & Telecommunication,COR03562,SER,point_machine_fault,B,2,5,21,2.6,True,0
TMS004562,Engineering,COR01634,SWR,alignment_deviation,C,1,15,27,0.9,False,0
TDMS000870,Traction Distribution,COR02493,NWR,insulator_fault,B,2,106,13,4.1,True,0
SMMS000123,Signal & Telecommunication,COR04291,SER,cable_fault,B,2,1,20,3.9,True,0
TMS005280,Engineering,COR01885,SCR,sleeper_defect,B,2,13,62,1.6,True,0
TMS004476,Engineering,COR00976,NFR,points_crossing_wear,B,2,10,14,5.1,True,0
SMMS000704,Signal & Telecommunication,COR07295,NWR,point_machine_fault,B,2,21,2,3.2,True,0
TMS004875,Engineering,COR03000,SR,ballast_deficiency,C,1,14,41,4.4,False,0
TMS002875,Engineering,COR03906,NR,ballast_deficiency,C,1,35,22,2.9,True,0
SMMS001730,Signal & Telecommunication,COR05747,SR,point_machine_fault,B,2,20,10,3.1,True,0
SMMS001983,Signal & Telecommunication,COR00214,NCR,interlocking_fault,A,3,0,53,2.4,True,1
TDMS002325,Traction Distribution,COR01023,NFR,ohe_wire_wear,B,2,117,22,2.3,True,0
TMS000264,Engineering,COR05986,NR,formation_defect,B,2,62,8,3.5,True,0
TMS003322,Engineering,COR00689,WR,points_crossing_wear,B,2,5,90,2.8,True,0
TDMS000978,Traction Distribution,COR00208,NCR,tension_device_fault,C,1,110,53,4.1,True,0
SMMS002749,Signal & Telecommunication,COR02977,SR,cable_fault,B,2,1,40,1.0,True,0
SMMS002973,Signal & Telecommunication,COR04368,ECR,point_machine_fault,B,2,29,11,2.2,True,0
TDMS001689,Traction Distribution,COR01869,NR,ohe_wire_wear,B,2,1,37,2.9,True,0
SMMS000855,Signal & Telecommunication,COR06918,WR,lc_gate_interlock_fault,A,3,4,1,2.1,True,0
TMS000534,Engineering,COR02296,NR,ballast_deficiency,C,1,2226,25,1.0,True,0
TMS001333,Engineering,COR00659,SWR,sleeper_defect,B,2,8,22,5.6,True,0
TMS001519,Engineering,COR02696,NR,rail_wear,C,1,58,27,4.5,True,0
TDMS002225,Traction Distribution,COR02666,NR,ohe_wire_wear,B,2,5,7,2.6,True,0
SMMS000154,Signal & Telecommunication,COR08059,NCR,cable_fault,B,2,4,2,3.7,True,0
SMMS002427,Signal & Telecommunication,COR04132,SR,block_instrument_fault,B,2,2,41,1.9,True,0
TMS005387,Engineering,COR03998,ER,alignment_deviation,C,1,21,14,3.0,True,0
SMMS000888,Signal & Telecommunication,COR01753,WCR,cable_fault,B,2,19,29,0.8,True,0
TMS000397,Engineering,COR01643,SWR,rail_fracture,A,3,32,27,1.1,True,0
TMS000949,Engineering,COR00844,WR,sleeper_defect,B,2,283,9,4.2,True,0
TDMS001647,Traction Distribution,COR00528,SR,insulator_fault,B,2,6,35,3.3,True,0
TDMS000883,Traction Distribution,COR01469,NFR,insulator_fault,B,2,91,25,2.8,True,0
TDMS002180,Traction Distribution,COR07176,NER,insulator_fault,B,2,7,6,2.3,True,0
TDMS001186,Traction Distribution,COR01699,WCR,ohe_wire_wear,B,2,45,59,4.2,True,0
TDMS001313,Traction Distribution,COR02341,WR,ohe_pole_defect,C,1,457,11,0.8,True,0
TMS000510,Engineering,COR03058,SR,ballast_deficiency,C,1,3,17,0.5,True,0
TMS001880,Engineering,COR03244,WCR,ballast_deficiency,C,1,8,5,5.6,False,0
SMMS002376,Signal & Telecommunication,COR01178,CR,signal_failure,A,3,4,23,1.8,True,0
SMMS001041,Signal & Telecommunication,COR00287,CR,block_instrument_fault,B,2,20,68,3.5,True,0
TMS004917,Engineering,COR01436,ECR,sleeper_defect,B,2,13,23,5.8,True,0
TMS000976,Engineering,COR00016,WR,formation_defect,B,2,354,25,5.4,True,1
TMS004932,Engineering,COR01918,SCR,points_crossing_wear,B,2,139,12,3.3,True,0
TMS005261,Engineering,COR00859,SCR,rail_wear,C,1,15,18,5.4,False,0
TMS000915,Engineering,COR00108,NWR,formation_defect,B,2,34,16,3.7,True,0
TDMS001162,Traction Distribution,COR03890,NR,earthing_fault,B,2,3,27,4.5,True,0
SMMS001796,Signal & Telecommunication,COR04091,NR,block_instrument_fault,B,2,29,10,1.5,True,0
TMS002714,Engineering,COR00489,WCR,ballast_deficiency,C,1,1,69,3.2,True,0
TMS001069,Engineering,COR02809,WR,rail_fracture,A,3,2999,87,1.5,True,1
TDMS000306,Traction Distribution,COR02836,WR,ohe_wire_wear,B,2,265,68,4.7,True,1
SMMS002733,Signal & Telecommunication,COR00728,SWR,axle_counter_fault,A,3,5,11,1.2,True,0
TMS001933,Engineering,COR03569,SER,sleeper_defect,B,2,13,26,5.1,True,0
TDMS000266,Traction Distribution,COR02073,SWR,ohe_wire_wear,B,2,18,25,3.4,True,0
TDMS001178,Traction Distribution,COR05212,SR,feeder_fault,A,3,13,15,3.6,True,0
TMS003833,Engineering,COR02985,SR,alignment_deviation,C,1,95,40,4.1,True,0
TMS005647,Engineering,COR03036,NR,alignment_deviation,C,1,44,11,5.4,True,0
TDMS001077,Traction Distribution,COR00226,WCR,ohe_wire_wear,B,2,1,57,2.3,True,0
TMS005046,Engineering,COR00067,NWR,ballast_deficiency,C,1,6,30,5.7,True,0
TDMS002369,Traction Distribution,COR03985,ER,circuit_breaker_fault,A,3,81,14,2.0,True,0
SMMS001622,Signal & Telecommunication,COR02998,SR,point_machine_fault,B,2,4,41,0.9,True,0
TMS000558,Engineering,COR02426,SCR,alignment_deviation,C,1,14,15,0.7,False,0
TMS002971,Engineering,COR00155,NR,alignment_deviation,C,1,12,36,0.6,True,0
TMS005207,Engineering,COR08338,ER,ballast_deficiency,C,1,66,2,1.5,False,0
TMS000502,Engineering,COR04238,NWR,rail_wear,C,1,52,10,4.9,True,0
TMS004782,Engineering,COR02664,NR,sleeper_defect,B,2,2001,6,3.4,True,1
TMS003480,Engineering,COR02736,SR,points_crossing_wear,B,2,33,18,4.1,True,0
TDMS000981,Traction Distribution,COR04421,SWR,ohe_wire_wear,B,2,3,20,1.3,True,0
TDMS000455,Traction Distribution,COR04538,NR,insulator_fault,B,2,7,38,3.2,True,0
TMS003010,Engineering,COR05805,NWR,formation_defect,A,3,220,9,4.7,True,0
TMS001662,Engineering,COR01810,NWR,rail_fracture,A,3,2,6,5.9,True,0
TMS001901,Engineering,COR01440,ECR,points_crossing_wear,B,2,7,23,5.3,True,0
TMS002335,Engineering,COR02990,SR,alignment_deviation,C,1,14,41,1.0,True,0
SMMS001976,Signal & Telecommunication,COR01129,NER,cable_fault,B,2,4,8,1.1,True,0
TMS000496,Engineering,COR01636,SWR,rail_wear,C,1,8,27,5.8,True,0
SMMS000006,Signal & Telecommunication,COR00426,SCR,cable_fault,B,2,2,20,2.2,True,0
SMMS002898,Signal & Telecommunication,COR02579,SECR,cable_fault,B,2,0,6,1.7,True,0
TDMS001262,Traction Distribution,COR02310,NR,tension_device_fault,C,1,4,30,3.6,True,0
TMS000288,Engineering,COR01471,NFR,rail_fracture,A,3,74,25,2.5,True,0
SMMS002337,Signal & Telecommunication,COR00689,WR,interlocking_fault,A,3,5,90,1.1,True,0
TMS003961,Engineering,COR04176,NR,ballast_deficiency,C,1,235,18,4.6,True,0
SMMS000263,Signal & Telecommunication,COR01931,SCR,point_machine_fault,B,2,0,22,0.8,False,0
TMS004838,Engineering,COR08031,WR,sleeper_defect,B,2,2343,2,0.8,True,0
TMS000824,Engineering,COR00233,WCR,rail_fracture,A,3,100,57,3.7,True,1
TDMS002188,Traction Distribution,COR02336,WR,tension_device_fault,C,1,291,12,3.4,True,0
TMS002808,Engineering,COR02824,WR,sleeper_defect,B,2,12,91,5.7,True,0
TMS002207,Engineering,COR00149,NR,ballast_deficiency,C,1,7,36,4.5,True,0
SMMS001425,Signal & Telecommunication,COR03943,WCR,signal_failure,A,3,4,30,2.7,True,0
TMS001899,Engineering,COR01699,WCR,ballast_deficiency,B,2,0,59,4.9,True,0
TDMS001854,Traction Distribution,COR00627,SCR,tension_device_fault,C,1,2,63,0.9,True,0
TMS002303,Engineering,COR01849,NR,weld_failure,A,3,13,36,3.8,True,0
TMS003849,Engineering,COR05962,SR,formation_defect,B,2,1820,5,4.3,True,1
SMMS000559,Signal & Telecommunication,COR01528,SCR,lc_gate_interlock_fault,A,3,4,20,1.4,True,0
TMS000919,Engineering,COR00492,WCR,alignment_deviation,C,1,9,69,5.0,True,0
SMMS001737,Signal & Telecommunication,COR01699,WCR,signal_failure,A,3,3,59,1.1,True,0
TDMS000717,Traction Distribution,COR04181,NR,ohe_pole_defect,C,1,42,18,2.4,True,0
SMMS000963,Signal & Telecommunication,COR01940,SCR,interlocking_fault,A,3,4,22,4.0,True,0
TMS003117,Engineering,COR04648,KR,rail_wear,C,1,47,22,0.5,True,0
TDMS001250,Traction Distribution,COR05577,NCR,ohe_pole_defect,C,1,112,6,2.9,True,0
TMS004983,Engineering,COR07398,NR,formation_defect,B,2,1,8,5.4,True,0
SMMS001794,Signal & Telecommunication,COR04006,SR,point_machine_fault,B,2,4,22,3.0,True,0
TMS004161,Engineering,COR02673,NR,ballast_deficiency,C,1,0,7,3.5,True,0
TMS002206,Engineering,COR02358,NWR,formation_defect,B,2,4,24,2.0,True,0
TDMS001550,Traction Distribution,COR05534,SECR,ohe_wire_wear,B,2,159,6,1.3,True,0
TMS004359,Engineering,COR06484,SER,alignment_deviation,C,1,17,2,2.3,True,0
TMS005250,Engineering,COR00688,WR,ballast_deficiency,C,1,7,90,4.8,True,0
TDMS001374,Traction Distribution,COR01717,WCR,ohe_pole_defect,C,1,24,54,2.2,True,0
TMS000652,Engineering,COR04054,SWR,alignment_deviation,C,1,15,9,5.4,True,0
SMMS000461,Signal & Telecommunication,COR04291,SER,cable_fault,B,2,0,20,2.3,True,0
TDMS002199,Traction Distribution,COR02986,SR,insulator_fault,B,2,13,40,3.6,True,0
TDMS001809,Traction Distribution,COR02166,SR,tension_device_fault,C,1,17,21,1.6,True,0
TMS004174,Engineering,COR02302,NR,rail_fracture,A,3,7,29,0.7,True,0
SMMS000381,Signal & Telecommunication,COR00087,NWR,interlocking_fault,A,3,0,30,2.2,True,0
TMS002616,Engineering,COR05132,NR,ballast_deficiency,C,1,27,30,1.2,True,0
TMS003815,Engineering,COR03251,WCR,sleeper_defect,B,2,73,42,5.0,True,0
TMS003843,Engineering,COR01563,CR,sleeper_defect,A,3,15,22,2.2,False,0
TDMS000373,Traction Distribution,COR00989,NFR,ohe_pole_defect,C,1,77,19,2.8,True,0
TDMS001521,Traction Distribution,COR00627,SCR,ohe_wire_wear,B,2,100,63,1.1,True,0
TMS003620,Engineering,COR02898,SR,ballast_deficiency,C,1,7,18,1.6,True,0
TMS003811,Engineering,COR04912,SWR,rail_wear,C,1,19,20,5.0,True,0
TMS002727,Engineering,COR01513,CR,alignment_deviation,C,1,15,19,0.5,True,0
TMS003568,Engineering,COR04467,NFR,formation_defect,B,2,11,15,5.5,False,0
TMS001098,Engineering,COR01709,WCR,sleeper_defect,B,2,12,58,2.8,True,0
TDMS000080,Traction Distribution,COR00521,NWR,ohe_wire_wear,B,2,83,11,2.2,True,0
TDMS001787,Traction Distribution,COR03685,CR,circuit_breaker_fault,A,3,0,1,2.9,True,0
TDMS002253,Traction Distribution,COR07777,ER,ohe_wire_wear,B,2,9,1,2.3,True,0
TMS005986,Engineering,COR04031,WR,sleeper_defect,B,2,34,14,4.8,True,0
SMMS000477,Signal & Telecommunication,COR01837,WR,signal_failure,A,3,0,22,2.4,True,0
SMMS002595,Signal & Telecommunication,COR07716,SCR,cable_fault,B,2,3,2,1.3,True,0
TMS001474,Engineering,COR00053,WR,alignment_deviation,C,1,5,33,2.7,True,0
SMMS001057,Signal & Telecommunication,COR00286,CR,signal_failure,A,3,1,68,2.6,True,1
TMS003591,Engineering,COR03214,WR,rail_wear,C,1,15,5,0.8,True,0
TMS002653,Engineering,COR01198,CR,ballast_deficiency,C,1,4,22,0.8,True,0
TDMS000363,Traction Distribution,COR01676,WCR,ohe_pole_defect,C,1,5,55,3.1,True,0
TMS000780,Engineering,COR05667,NWR,alignment_deviation,C,1,0,11,1.6,True,0
SMMS001549,Signal & Telecommunication,COR03249,WCR,interlocking_fault,A,3,1,42,1.8,True,0
TDMS000324,Traction Distribution,COR00215,NCR,insulator_fault,B,2,451,53,2.1,True,1
SMMS002754,Signal & Telecommunication,COR04265,WR,cable_fault,B,2,3,24,0.5,True,0
TMS003193,Engineering,COR02475,ER,rail_fracture,A,3,11,11,3.3,True,0
TMS005385,Engineering,COR04604,NFR,ballast_deficiency,C,1,77,15,5.1,True,0
SMMS001923,Signal & Telecommunication,COR03505,ECR,block_instrument_fault,B,2,0,4,3.0,True,0
SMMS001194,Signal & Telecommunication,COR03172,CR,signal_failure,A,3,4,8,2.7,True,0
SMMS001229,Signal & Telecommunication,COR04684,KR,lc_gate_interlock_fault,A,3,4,26,0.8,True,0
SMMS000916,Signal & Telecommunication,COR02586,KR,cable_fault,B,2,4,22,2.2,True,0
TDMS001174,Traction Distribution,COR00487,WCR,insulator_fault,B,2,114,69,2.3,True,1
TMS005470,Engineering,COR00372,NER,ballast_deficiency,C,1,3,21,4.3,True,0
SMMS001012,Signal & Telecommunication,COR00477,CR,lc_gate_interlock_fault,A,3,5,69,1.6,True,1
TMS000420,Engineering,COR05155,WCR,alignment_deviation,C,1,11,4,3.8,True,0
TMS000897,Engineering,COR01678,WCR,weld_failure,A,3,15,55,4.9,False,1
TMS004696,Engineering,COR00495,WCR,points_crossing_wear,B,2,60,69,5.9,True,0
TDMS000949,Traction Distribution,COR02380,WR,insulator_fault,B,2,20,26,0.6,True,0
TDMS000333,Traction Distribution,COR06994,SWR,tension_device_fault,C,1,20,2,3.3,True,0
TMS005683,Engineering,COR00856,SCR,alignment_deviation,C,1,11,26,1.2,True,0
SMMS001244,Signal & Telecommunication,COR01657,NR,axle_counter_fault,A,3,23,33,3.7,True,0
TMS000138,Engineering,COR06943,NR,ballast_deficiency,C,1,11,3,1.1,True,0
TDMS002243,Traction Distribution,COR00535,SR,ohe_wire_wear,B,2,86,35,4.6,True,0
TDMS001221,Traction Distribution,COR01964,NR,ohe_wire_wear,B,2,27,8,0.5,True,0
SMMS002877,Signal & Telecommunication,COR02529,NR,point_machine_fault,B,2,55,7,3.9,True,0
TDMS000500,Traction Distribution,COR00785,NWR,ohe_wire_wear,B,2,3,26,2.2,True,0
SMMS000782,Signal & Telecommunication,COR00706,WR,cable_fault,B,2,3,54,1.6,True,0
SMMS000632,Signal & Telecommunication,COR06030,NR,interlocking_fault,A,3,22,6,3.4,False,0
TMS002768,Engineering,COR07065,NWR,rail_fracture,A,3,13,5,6.0,True,0
TDMS001507,Traction Distribution,COR01351,WR,tension_device_fault,C,1,298,31,4.9,True,0
TMS005476,Engineering,COR01687,WCR,points_crossing_wear,B,2,13,55,2.9,True,0
TDMS001529,Traction Distribution,COR04463,NFR,feeder_fault,A,3,14,15,3.6,True,0
TMS004741,Engineering,COR03063,SR,points_crossing_wear,B,2,381,17,6.0,True,1
SMMS000869,Signal & Telecommunication,COR06357,NR,signal_failure,A,3,20,5,0.5,True,0
TDMS000087,Traction Distribution,COR02976,SR,ohe_wire_wear,B,2,14,40,4.4,True,0
TMS003120,Engineering,COR04360,ECR,ballast_deficiency,C,1,2,11,4.7,True,0
TDMS000530,Traction Distribution,COR00949,SR,circuit_breaker_fault,A,3,105,10,2.4,True,0
TMS000942,Engineering,COR01200,CR,rail_wear,B,2,6,22,0.8,False,0
TMS004183,Engineering,COR05006,SR,formation_defect,B,2,15,17,4.1,True,0
TMS000221,Engineering,COR02765,NR,formation_defect,B,2,8,28,3.7,True,0
TMS002391,Engineering,COR04690,KR,weld_failure,A,3,15,26,0.5,True,0
TMS000819,Engineering,COR05440,WCR,sleeper_defect,B,2,67,7,5.2,True,0
SMMS000462,Signal & Telecommunication,COR03332,NR,point_machine_fault,B,2,4,13,0.8,True,0
SMMS001916,Signal & Telecommunication,COR00075,NWR,point_machine_fault,B,2,0,30,1.2,True,0
TMS004219,Engineering,COR07985,ECoR,sleeper_defect,B,2,14,1,0.8,True,0
TMS003684,Engineering,COR05957,SR,ballast_deficiency,C,1,393,5,4.4,False,0
TMS000132,Engineering,COR01680,WCR,alignment_deviation,C,1,26,55,4.6,True,0
TDMS002343,Traction Distribution,COR00044,WR,earthing_fault,B,2,30,32,2.2,True,0
TMS000419,Engineering,COR01181,CR,formation_defect,B,2,10,22,4.6,True,0
SMMS001420,Signal & Telecommunication,COR03084,SR,block_instrument_fault,B,2,13,40,2.2,True,0
TDMS001815,Traction Distribution,COR03651,SCR,insulator_fault,B,2,9,14,1.4,True,0
TMS002244,Engineering,COR06396,NER,points_crossing_wear,B,2,50,19,1.3,True,0
TMS004442,Engineering,COR03571,SER,ballast_deficiency,C,1,52,26,0.8,False,0
TDMS001580,Traction Distribution,COR01561,CR,feeder_fault,A,3,77,22,2.2,True,0
TDMS001648,Traction Distribution,COR04727,NR,circuit_breaker_fault,A,3,154,8,2.7,True,0
SMMS000222,Signal & Telecommunication,COR01687,WCR,point_machine_fault,B,2,1,55,1.1,True,0
TDMS002346,Traction Distribution,COR03886,NR,insulator_fault,B,2,4,27,4.3,True,0
TMS001402,Engineering,COR00494,WCR,points_crossing_wear,B,2,0,69,4.6,True,0
TMS003249,Engineering,COR00423,SCR,rail_fracture,A,3,67,53,1.1,True,1
TDMS001191,Traction Distribution,COR02822,WR,insulator_fault,B,2,75,90,4.5,True,0
TMS000786,Engineering,COR06384,NER,formation_defect,B,2,5,19,4.3,True,0
TDMS002044,Traction Distribution,COR02352,NWR,ohe_pole_defect,C,1,11,13,3.1,True,0
TDMS001675,Traction Distribution,COR02070,SWR,tension_device_fault,C,1,18,27,4.5,True,0
SMMS000556,Signal & Telecommunication,COR00616,SCR,axle_counter_fault,A,3,1,63,3.3,True,0
TMS005125,Engineering,COR00295,CR,ballast_deficiency,C,1,88,68,0.8,True,0
TMS003018,Engineering,COR04806,NCR,weld_failure,C,1,9,10,4.2,True,0
TMS000774,Engineering,COR04454,NFR,alignment_deviation,B,2,243,15,3.0,True,1
TMS001079,Engineering,COR00606,SCR,ballast_deficiency,C,1,14,67,2.0,True,0
TMS005974,Engineering,COR00119,NWR,formation_defect,B,2,10,33,0.8,True,0
TMS003105,Engineering,COR04542,NR,alignment_deviation,C,1,1,38,0.9,True,0
SMMS002005,Signal & Telecommunication,COR07622,NER,point_machine_fault,B,2,8,6,2.5,True,0
TMS002834,Engineering,COR00650,SWR,ballast_deficiency,C,1,12,22,1.9,True,0
TMS004935,Engineering,COR06884,NR,ballast_deficiency,C,1,25,4,6.0,True,0
TMS003968,Engineering,COR03218,WR,ballast_deficiency,C,1,118,4,0.6,True,0
TMS000440,Engineering,COR02160,SR,ballast_deficiency,C,1,35,70,4.9,False,0
TMS005264,Engineering,COR01889,SCR,ballast_deficiency,C,1,12,61,4.2,True,0
TMS001184,Engineering,COR03349,SR,points_crossing_wear,B,2,3,9,3.3,True,0
TMS001582,Engineering,COR00935,SCR,sleeper_defect,B,2,6,14,5.8,True,0
TMS003168,Engineering,COR04537,NR,ballast_deficiency,C,1,88,38,1.8,True,0
TMS000275,Engineering,COR00823,NWR,weld_failure,A,3,12,11,3.7,True,0
TMS003002,Engineering,COR02841,NR,formation_defect,B,2,10,3,0.5,True,0
SMMS002385,Signal & Telecommunication,COR02151,SR,point_machine_fault,B,2,171,70,2.1,True,0
SMMS002095,Signal & Telecommunication,COR04532,SR,block_instrument_fault,B,2,1,5,2.8,True,0
TMS001904,Engineering,COR01007,NFR,sleeper_defect,B,2,11,19,3.8,True,0
TMS003737,Engineering,COR06235,NWR,points_crossing_wear,B,2,36,9,2.1,True,0
TDMS001546,Traction Distribution,COR04652,KR,insulator_fault,B,2,2,22,0.9,True,0
TDMS002082,Traction Distribution,COR00918,SWR,ohe_wire_wear,B,2,379,10,3.9,True,1
TMS000025,Engineering,COR01757,WCR,rail_fracture,A,3,1487,43,4.3,True,1
SMMS002837,Signal & Telecommunication,COR02092,SWR,signal_failure,A,3,8,24,1.7,True,0
TMS000567,Engineering,COR00812,NWR,points_crossing_wear,B,2,2,5,1.8,True,0
TMS002577,Engineering,COR00047,WR,rail_fracture,A,3,13,33,4.3,True,0
SMMS000862,Signal & Telecommunication,COR01898,SCR,signal_failure,A,3,141,66,2.1,False,1
TDMS002194,Traction Distribution,COR07887,NR,earthing_fault,B,2,202,4,1.1,True,0
TMS002323,Engineering,COR01023,NFR,alignment_deviation,C,1,0,22,2.9,True,0
SMMS001382,Signal & Telecommunication,COR04650,KR,signal_failure,A,3,29,22,1.5,True,0
TDMS001763,Traction Distribution,COR00757,SWR,ohe_wire_wear,B,2,20,12,4.6,True,0
TDMS001739,Traction Distribution,COR06411,SER,ohe_pole_defect,C,1,28,2,4.4,True,0
TMS002719,Engineering,COR00687,WR,formation_defect,B,2,2,90,3.9,True,0
TMS003244,Engineering,COR01695,WCR,weld_failure,B,2,15,59,5.7,True,0
TMS002316,Engineering,COR01941,SCR,alignment_deviation,C,1,20,22,1.6,True,0
SMMS002331,Signal & Telecommunication,COR02968,SR,signal_failure,A,3,3,40,0.6,True,0
TMS002740,Engineering,COR01633,SWR,rail_fracture,A,3,15,27,5.3,True,0
TDMS001710,Traction Distribution,COR07027,NWR,tension_device_fault,C,1,4,3,1.8,True,0
SMMS001815,Signal & Telecommunication,COR00585,ECR,point_machine_fault,B,2,19,17,2.7,True,0
TMS000751,Engineering,COR03536,NER,sleeper_defect,B,2,9,5,3.0,True,0
TMS001682,Engineering,COR04463,NFR,alignment_deviation,C,1,61,15,1.1,False,0
TDMS001513,Traction Distribution,COR02184,NER,tension_device_fault,C,1,4,5,1.6,True,0
TMS002558,Engineering,COR02759,SCR,ballast_deficiency,C,1,12,9,5.7,True,0
TMS000849,Engineering,COR00236,WCR,alignment_deviation,C,1,81,58,3.1,True,0
TMS004922,Engineering,COR02407,WR,points_crossing_wear,B,2,14,23,2.4,True,0
SMMS001441,Signal & Telecommunication,COR01718,WCR,block_instrument_fault,B,2,0,53,0.6,True,0
TMS003302,Engineering,COR00242,WCR,formation_defect,B,2,61,54,4.3,True,0
SMMS000576,Signal & Telecommunication,COR00181,ECR,axle_counter_fault,A,3,0,13,2.0,True,0
TMS003084,Engineering,COR00430,SCR,sleeper_defect,B,2,11,20,1.2,False,0
TMS005973,Engineering,COR03885,NR,alignment_deviation,C,1,7,27,0.7,False,0
SMMS001466,Signal & Telecommunication,COR07081,WR,cable_fault,B,2,28,5,3.4,True,0
TMS000127,Engineering,COR01481,NFR,weld_failure,A,3,70,22,3.8,True,0
TDMS000789,Traction Distribution,COR04990,SR,insulator_fault,B,2,519,13,3.6,True,1
SMMS002903,Signal & Telecommunication,COR03689,SER,cable_fault,B,2,5,21,3.1,True,0
SMMS001442,Signal & Telecommunication,COR03806,SR,point_machine_fault,B,2,4,15,3.5,True,0
TMS004170,Engineering,COR02993,SR,alignment_deviation,C,1,382,41,2.1,True,1
TMS000409,Engineering,COR01975,WR,formation_defect,B,2,15,10,0.8,False,0
TDMS001528,Traction Distribution,COR00955,SR,tension_device_fault,C,1,2,10,3.5,True,0
TDMS000907,Traction Distribution,COR04700,CR,ohe_wire_wear,B,2,55,24,2.6,True,0
SMMS002466,Signal & Telecommunication,COR05892,NWR,block_instrument_fault,B,2,144,28,1.6,True,0
SMMS002371,Signal & Telecommunication,COR00296,CR,cable_fault,B,2,5,68,1.6,False,0
TMS000020,Engineering,COR00765,NR,rail_wear,C,1,7,37,1.7,True,0
TDMS000420,Traction Distribution,COR05500,NER,earthing_fault,B,2,12,9,4.8,True,0
TMS004408,Engineering,COR01360,WR,rail_fracture,A,3,2,24,4.2,True,0
TMS004157,Engineering,COR07924,NR,weld_failure,A,3,14,2,3.4,True,0
TDMS000834,Traction Distribution,COR00321,SER,insulator_fault,B,2,274,24,2.8,True,1
TDMS002128,Traction Distribution,COR03830,NFR,feeder_fault,A,3,17,17,4.9,True,0
TMS003900,Engineering,COR01923,SCR,alignment_deviation,C,1,9,13,4.9,False,0
TMS005026,Engineering,COR04695,KR,sleeper_defect,B,2,121,26,2.1,True,0
SMMS000274,Signal & Telecommunication,COR00768,NR,axle_counter_fault,A,3,13,37,3.6,True,0
TMS005563,Engineering,COR00112,NWR,ballast_deficiency,C,1,281,20,2.3,True,0
TDMS000786,Traction Distribution,COR03846,NFR,earthing_fault,B,2,10,14,2.0,True,0
TMS002594,Engineering,COR02057,SCR,formation_defect,B,2,371,24,1.7,True,1
TDMS001411,Traction Distribution,COR02003,NR,ohe_pole_defect,C,1,1,6,3.3,True,0
TMS004759,Engineering,COR01894,SCR,rail_wear,C,1,12,66,1.2,True,0
TDMS000163,Traction Distribution,COR05634,NWR,insulator_fault,B,2,232,32,3.2,True,0
TMS003134,Engineering,COR00684,WR,ballast_deficiency,C,1,3,63,0.9,True,0
TDMS001821,Traction Distribution,COR02601,KR,tension_device_fault,C,1,14,22,4.0,True,0
TMS004443,Engineering,COR02884,NR,sleeper_defect,B,2,15,52,3.1,True,0
TMS001506,Engineering,COR01677,WCR,formation_defect,B,2,63,55,4.1,True,0
TDMS002286,Traction Distribution,COR02435,ER,feeder_fault,A,3,97,18,4.1,True,0
TMS004851,Engineering,COR03082,SR,points_crossing_wear,B,2,26,40,2.5,True,0
SMMS000119,Signal & Telecommunication,COR04664,KR,point_machine_fault,B,2,3,24,1.9,True,0
TMS003500,Engineering,COR03962,ER,ballast_deficiency,C,1,83,12,2.8,True,0
TMS002175,Engineering,COR01682,WCR,alignment_deviation,C,1,89,55,1.2,True,0
SMMS001709,Signal & Telecommunication,COR04128,SR,axle_counter_fault,A,3,0,41,3.9,True,0
TMS004999,Engineering,COR00672,WR,ballast_deficiency,C,1,20,94,5.4,True,0
SMMS002023,Signal & Telecommunication,COR01769,WCR,cable_fault,B,2,1,43,3.8,True,0
TDMS001406,Traction Distribution,COR03165,ER,insulator_fault,B,2,113,7,0.8,True,0
TMS004365,Engineering,COR03337,SR,points_crossing_wear,B,2,62,10,4.9,True,0
TMS000617,Engineering,COR07622,NER,rail_wear,C,1,79,6,1.8,True,0
SMMS002248,Signal & Telecommunication,COR04844,SCR,signal_failure,A,3,1,12,1.4,True,0
TMS003893,Engineering,COR00127,NWR,ballast_deficiency,A,3,82,27,3.5,True,0
TMS001863,Engineering,COR02818,WR,ballast_deficiency,C,1,4,92,3.7,True,0
SMMS001029,Signal & Telecommunication,COR01305,NWR,point_machine_fault,B,2,0,19,0.5,False,0
SMMS002420,Signal & Telecommunication,COR00221,WCR,point_machine_fault,B,2,4,53,0.5,True,0
TMS003691,Engineering,COR03004,ECR,alignment_deviation,C,1,82,5,5.9,False,0
TDMS001075,Traction Distribution,COR00579,ECR,ohe_wire_wear,B,2,1,20,2.3,True,0
TMS003125,Engineering,COR00539,SR,ballast_deficiency,C,1,22,35,0.7,True,0
SMMS002775,Signal & Telecommunication,COR00076,NWR,interlocking_fault,A,3,62,30,0.9,False,0
TMS004405,Engineering,COR05604,ER,alignment_deviation,C,1,0,2,5.9,True,0
SMMS000999,Signal & Telecommunication,COR01898,SCR,lc_gate_interlock_fault,A,3,7,66,1.8,True,1
SMMS001690,Signal & Telecommunication,COR02842,SWR,cable_fault,B,2,4,15,1.1,True,0
SMMS001790,Signal & Telecommunication,COR02683,NR,lc_gate_interlock_fault,A,3,0,22,2.7,True,0
TMS000802,Engineering,COR00572,ECR,rail_fracture,A,3,46,18,5.9,True,0
SMMS001030,Signal & Telecommunication,COR02612,SWR,point_machine_fault,B,2,151,2,2.0,True,0
TDMS001337,Traction Distribution,COR00174,ECR,ohe_wire_wear,B,2,10,12,3.0,True,0
TDMS002031,Traction Distribution,COR00542,SR,ohe_pole_defect,C,1,10,35,2.1,True,0
TMS000840,Engineering,COR03090,SR,rail_wear,B,2,13,40,3.4,True,0
TMS005980,Engineering,COR02021,NER,points_crossing_wear,B,2,124,19,4.5,True,0
TDMS001723,Traction Distribution,COR02396,WR,ohe_pole_defect,C,1,94,35,3.7,True,0
SMMS001028,Signal & Telecommunication,COR01624,SWR,cable_fault,B,2,1,32,1.9,True,0
TDMS000937,Traction Distribution,COR05037,NER,ohe_wire_wear,B,2,20,5,0.9,True,0
TMS002253,Engineering,COR00238,WCR,weld_failure,B,2,282,58,2.9,True,1
TMS001118,Engineering,COR05036,NER,formation_defect,B,2,2,5,6.0,True,0
TMS005014,Engineering,COR03573,SER,rail_wear,C,1,30,26,0.6,True,0
TMS003318,Engineering,COR03135,NFR,alignment_deviation,B,2,2,7,2.5,True,0
SMMS000335,Signal & Telecommunication,COR00149,NR,lc_gate_interlock_fault,A,3,2,36,1.6,True,0
SMMS001616,Signal & Telecommunication,COR01886,SCR,point_machine_fault,B,2,14,62,3.9,True,0
TMS004235,Engineering,COR06943,NR,ballast_deficiency,C,1,73,3,4.5,False,0
SMMS001962,Signal & Telecommunication,COR05493,NR,signal_failure,A,3,3,11,2.7,False,0
SMMS001348,Signal & Telecommunication,COR01880,SCR,block_instrument_fault,B,2,28,62,3.4,True,0
TDMS000947,Traction Distribution,COR04646,KR,tension_device_fault,C,1,19,22,0.9,True,0
TDMS002349,Traction Distribution,COR01689,WCR,tension_device_fault,C,1,5,55,0.6,True,0
TMS003861,Engineering,COR04672,KR,points_crossing_wear,B,2,79,25,2.6,True,0
TDMS002151,Traction Distribution,COR00205,NCR,ohe_pole_defect,C,1,213,53,1.6,True,0
TMS002158,Engineering,COR01876,SCR,ballast_deficiency,C,1,60,62,4.2,True,0
TMS002115,Engineering,COR00629,SCR,points_crossing_wear,B,2,4,63,1.5,True,0
TMS005902,Engineering,COR02963,KR,ballast_deficiency,C,1,8,22,2.9,True,0
SMMS001968,Signal & Telecommunication,COR06973,NR,signal_failure,A,3,29,7,3.3,True,0
SMMS000542,Signal & Telecommunication,COR00499,WR,point_machine_fault,B,2,7,9,2.7,True,0
SMMS002596,Signal & Telecommunication,COR01322,NWR,interlocking_fault,A,3,4,30,2.7,True,0
TMS005943,Engineering,COR01657,NR,weld_failure,C,1,250,33,3.1,True,0
TMS005791,Engineering,COR01081,SWR,weld_failure,A,3,26,22,5.9,False,0
TMS004896,Engineering,COR02596,KR,formation_defect,B,2,2,22,4.7,True,0
TMS002724,Engineering,COR00276,WCR,ballast_deficiency,C,1,2,68,5.8,True,0
TMS003705,Engineering,COR05258,SECR,rail_wear,C,1,316,7,2.8,True,0
TDMS002330,Traction Distribution,COR02109,SWR,earthing_fault,B,2,31,25,1.2,True,0
TMS004341,Engineering,COR00212,NCR,sleeper_defect,B,2,9,53,1.6,False,0
SMMS000819,Signal & Telecommunication,COR02378,WR,cable_fault,B,2,24,35,1.8,True,0
SMMS001841,Signal & Telecommunication,COR01305,NWR,signal_failure,A,3,0,19,1.7,True,0
SMMS001629,Signal & Telecommunication,COR03845,NFR,signal_failure,A,3,0,14,2.7,True,0
TMS004093,Engineering,COR01134,NER,rail_wear,C,1,1,8,4.3,True,0
SMMS001661,Signal & Telecommunication,COR03656,SCR,cable_fault,B,2,6,15,3.5,True,0
TMS005584,Engineering,COR04662,KR,rail_wear,C,1,9,24,2.2,False,0
SMMS001088,Signal & Telecommunication,COR07025,SER,axle_counter_fault,A,3,32,3,2.2,True,0
TDMS000424,Traction Distribution,COR00830,NWR,ohe_pole_defect,C,1,43,11,1.3,True,0
SMMS000256,Signal & Telecommunication,COR01645,SWR,block_instrument_fault,B,2,4,29,2.2,True,0
TMS005442,Engineering,COR00268,WCR,rail_fracture,A,3,84,68,1.4,False,1
TDMS001786,Traction Distribution,COR00212,NCR,earthing_fault,B,2,5,53,4.6,True,0
TMS000635,Engineering,COR00342,NER,formation_defect,B,2,315,11,1.6,True,0
TMS002671,Engineering,COR00151,NR,rail_wear,C,1,47,38,3.6,True,0
TDMS000663,Traction Distribution,COR02401,WR,ohe_wire_wear,B,2,108,26,3.2,True,0
TMS001022,Engineering,COR04954,KR,sleeper_defect,B,2,3,25,2.5,True,0
SMMS000880,Signal & Telecommunication,COR00288,CR,block_instrument_fault,B,2,4,68,3.0,True,0
TMS005497,Engineering,COR04089,NR,rail_wear,C,1,54,9,4.0,False,0
SMMS001630,Signal & Telecommunication,COR02767,NR,cable_fault,B,2,1,28,2.8,True,0
TMS003551,Engineering,COR00421,SCR,alignment_deviation,C,1,2,53,2.3,True,0
TMS002956,Engineering,COR01681,WCR,ballast_deficiency,C,1,3,55,1.4,True,0
TMS004943,Engineering,COR04142,SR,alignment_deviation,C,1,15,35,1.9,False,0
TMS000948,Engineering,COR07280,NFR,ballast_deficiency,C,1,71,2,2.7,True,0
SMMS000842,Signal & Telecommunication,COR02079,SWR,point_machine_fault,B,2,2,25,2.9,True,0
TMS003675,Engineering,COR00028,WR,weld_failure,A,3,29,36,0.7,True,1
TDMS000576,Traction Distribution,COR05208,SR,ohe_pole_defect,C,1,16,15,2.0,True,0
TMS002284,Engineering,COR04549,NR,formation_defect,B,2,3,37,5.9,False,0
SMMS001370,Signal & Telecommunication,COR01681,WCR,point_machine_fault,B,2,11,55,1.0,True,0
TMS000713,Engineering,COR02192,SWR,ballast_deficiency,C,1,370,20,0.7,True,0
SMMS000997,Signal & Telecommunication,COR00619,SCR,axle_counter_fault,A,3,19,63,0.8,True,1
TDMS002282,Traction Distribution,COR02856,SWR,tension_device_fault,C,1,12,14,0.8,True,0
TDMS001311,Traction Distribution,COR04959,KR,circuit_breaker_fault,A,3,4,24,2.0,True,0
TDMS001824,Traction Distribution,COR04909,SWR,ohe_pole_defect,C,1,4,19,1.3,True,0
SMMS002950,Signal & Telecommunication,COR04680,KR,axle_counter_fault,A,3,29,26,3.7,True,0
TMS005192,Engineering,COR02200,SR,ballast_deficiency,C,1,37,17,4.9,True,0
SMMS000048,Signal & Telecommunication,COR00688,WR,point_machine_fault,B,2,130,90,3.5,True,0
TMS001165,Engineering,COR02921,NER,rail_wear,C,1,393,5,2.4,True,0
TMS004986,Engineering,COR07013,NWR,weld_failure,A,3,11,2,4.7,True,0
TMS004924,Engineering,COR02068,SWR,rail_wear,C,1,0,27,2.6,True,0
TMS003046,Engineering,COR00542,SR,weld_failure,A,3,10,35,3.9,True,0
TMS002606,Engineering,COR01084,SWR,points_crossing_wear,B,2,7,22,2.0,True,0
SMMS001242,Signal & Telecommunication,COR04297,NER,signal_failure,A,3,5,18,0.6,True,0
SMMS000294,Signal & Telecommunication,COR00208,NCR,lc_gate_interlock_fault,A,3,3,53,1.7,True,1
TMS003090,Engineering,COR01619,SWR,points_crossing_wear,B,2,396,25,4.0,True,1
SMMS002139,Signal & Telecommunication,COR02811,WR,interlocking_fault,A,3,1,92,2.0,True,1
TMS003252,Engineering,COR01472,NFR,weld_failure,C,1,117,25,5.0,True,0
TDMS002230,Traction Distribution,COR01724,NCR,insulator_fault,B,2,400,54,3.1,True,1
TMS000883,Engineering,COR02078,SWR,rail_fracture,C,1,324,25,4.4,True,0
SMMS002038,Signal & Telecommunication,COR02928,NER,point_machine_fault,B,2,1,3,0.6,True,0
TMS003532,Engineering,COR02156,SR,points_crossing_wear,B,2,30,70,3.3,True,0
TMS000995,Engineering,COR02696,NR,ballast_deficiency,C,1,377,27,3.0,True,1
SMMS000082,Signal & Telecommunication,COR05498,NER,point_machine_fault,B,2,2,9,2.9,True,0
SMMS001657,Signal & Telecommunication,COR07996,NR,axle_counter_fault,A,3,0,1,2.3,True,0
SMMS002273,Signal & Telecommunication,COR02119,SWR,cable_fault,B,2,1,27,2.5,True,0
TDMS000397,Traction Distribution,COR01935,SCR,feeder_fault,A,3,19,22,1.6,True,0
TDMS001400,Traction Distribution,COR05595,SCR,feeder_fault,A,3,10,16,3.2,True,0
SMMS000612,Signal & Telecommunication,COR05981,NR,cable_fault,B,2,5,8,1.8,True,0
TDMS001686,Traction Distribution,COR03238,WR,ohe_wire_wear,B,2,80,8,0.7,True,0
TMS000413,Engineering,COR01299,NWR,alignment_deviation,C,1,86,20,1.7,True,0
TMS003447,Engineering,COR04127,SR,alignment_deviation,C,1,121,41,1.7,True,0
TMS003079,Engineering,COR06477,NER,sleeper_defect,C,1,63,4,1.2,True,0
TDMS000073,Traction Distribution,COR05252,SECR,insulator_fault,B,2,13,7,1.6,True,0
SMMS001613,Signal & Telecommunication,COR00276,WCR,point_machine_fault,B,2,1,68,2.4,True,0
TDMS000476,Traction Distribution,COR03019,NR,earthing_fault,B,2,78,12,4.3,True,0
SMMS000631,Signal & Telecommunication,COR05426,NR,lc_gate_interlock_fault,A,3,19,11,2.0,False,0
TDMS000444,Traction Distribution,COR00292,CR,tension_device_fault,C,1,32,68,1.9,True,0
TDMS001368,Traction Distribution,COR02309,NR,ohe_wire_wear,B,2,42,29,1.2,True,0
TMS000155,Engineering,COR02807,WR,sleeper_defect,B,2,80,54,1.4,True,0
SMMS000974,Signal & Telecommunication,COR07241,ECoR,block_instrument_fault,B,2,3,1,2.8,True,0
TMS001758,Engineering,COR04543,NR,rail_wear,C,1,13,38,1.9,False,0
TDMS000561,Traction Distribution,COR08012,WR,tension_device_fault,C,1,8,2,1.7,True,0
TDMS001069,Traction Distribution,COR02190,SWR,tension_device_fault,C,1,94,20,3.7,True,0
TMS003930,Engineering,COR01185,CR,points_crossing_wear,B,2,1111,22,1.6,True,1
TDMS001725,Traction Distribution,COR04396,NR,ohe_pole_defect,C,1,19,6,0.6,True,0
TDMS000685,Traction Distribution,COR05992,WR,feeder_fault,A,3,170,7,1.1,True,0
TDMS000361,Traction Distribution,COR05889,NR,ohe_pole_defect,C,1,94,12,3.9,True,0
TDMS002223,Traction Distribution,COR00487,WCR,feeder_fault,A,3,23,69,4.1,True,0
TDMS000803,Traction Distribution,COR00829,NWR,ohe_wire_wear,B,2,388,11,0.7,True,0
TDMS001613,Traction Distribution,COR00973,NFR,ohe_wire_wear,B,2,15,14,2.3,True,0
SMMS000740,Signal & Telecommunication,COR03834,NFR,point_machine_fault,B,2,165,17,3.0,True,0
TMS003061,Engineering,COR02836,WR,weld_failure,A,3,121,68,1.3,True,1
TDMS001734,Traction Distribution,COR03577,SER,ohe_wire_wear,B,2,86,25,4.8,True,0
SMMS002401,Signal & Telecommunication,COR05758,SR,cable_fault,B,2,3,5,1.0,True,0
TMS003390,Engineering,COR00148,NR,sleeper_defect,B,2,10,32,2.0,True,0
TMS001003,Engineering,COR00217,WCR,alignment_deviation,C,1,8,53,0.6,True,0
TMS001738,Engineering,COR00064,WR,sleeper_defect,B,2,5,31,3.0,True,0
TMS004664,Engineering,COR01174,CR,alignment_deviation,C,1,78,19,5.1,True,0
TDMS000688,Traction Distribution,COR06398,NER,feeder_fault,A,3,4,19,2.6,True,0
TMS004634,Engineering,COR02830,WR,alignment_deviation,C,1,183,95,3.6,True,0
TMS001148,Engineering,COR04981,WR,rail_wear,C,1,1,14,1.1,True,0
TDMS001533,Traction Distribution,COR03366,NWR,insulator_fault,B,2,1,11,4.4,True,0
TMS002831,Engineering,COR04954,KR,rail_wear,C,1,34,25,5.4,True,0
TMS002291,Engineering,COR00776,NR,points_crossing_wear,B,2,3,35,2.8,True,0
TMS000971,Engineering,COR02722,NER,sleeper_defect,B,2,308,12,4.5,True,0
TMS000248,Engineering,COR01079,SWR,rail_wear,C,1,1,22,2.2,False,0
TMS002502,Engineering,COR01418,SECR,alignment_deviation,C,1,3,9,2.9,True,0
TMS002296,Engineering,COR04922,CR,sleeper_defect,B,2,75,25,0.9,True,0
SMMS001770,Signal & Telecommunication,COR04876,NWR,axle_counter_fault,A,3,26,8,4.0,True,0
SMMS001445,Signal & Telecommunication,COR01375,SR,axle_counter_fault,A,3,2,6,3.1,True,0
SMMS001501,Signal & Telecommunication,COR04637,SR,signal_failure,A,3,8,22,3.8,True,0
TMS001029,Engineering,COR01330,NWR,ballast_deficiency,C,1,2,30,5.7,True,0
TMS002745,Engineering,COR02797,WR,weld_failure,A,3,77,53,2.3,True,1
SMMS000228,Signal & Telecommunication,COR01182,CR,cable_fault,B,2,28,22,2.8,True,0
SMMS002090,Signal & Telecommunication,COR01781,SWR,interlocking_fault,A,3,3,30,1.1,False,0
TDMS000766,Traction Distribution,COR00762,NR,insulator_fault,B,2,69,30,4.3,True,0
TDMS000521,Traction Distribution,COR04703,CR,insulator_fault,B,2,3,24,2.8,True,0
SMMS000276,Signal & Telecommunication,COR00265,WCR,cable_fault,B,2,1,54,0.6,True,0
TMS000353,Engineering,COR00788,NWR,ballast_deficiency,C,1,108,26,3.3,True,0
TMS003924,Engineering,COR00477,CR,sleeper_defect,B,2,10,69,2.8,True,0
TMS005490,Engineering,COR01723,NCR,alignment_deviation,C,1,89,54,0.6,True,0
SMMS002911,Signal & Telecommunication,COR04554,NR,cable_fault,B,2,30,37,0.9,True,0
SMMS002952,Signal & Telecommunication,COR02349,WR,cable_fault,B,2,4,11,1.9,True,0
TMS004871,Engineering,COR00287,CR,formation_defect,B,2,75,68,1.7,True,0
TDMS002306,Traction Distribution,COR02919,NER,feeder_fault,A,3,8,5,4.4,True,0
SMMS000536,Signal & Telecommunication,COR04919,CR,signal_failure,A,3,1,26,2.7,True,0
SMMS000307,Signal & Telecommunication,COR02864,SWR,cable_fault,B,2,0,20,3.7,True,0
TDMS000573,Traction Distribution,COR04042,NER,ohe_pole_defect,C,1,9,21,0.6,True,0
SMMS001073,Signal & Telecommunication,COR03566,SER,block_instrument_fault,B,2,10,25,2.7,True,0
TMS001906,Engineering,COR06778,NWR,points_crossing_wear,B,2,12,9,2.8,True,0
TDMS001135,Traction Distribution,COR00052,WR,ohe_wire_wear,B,2,48,33,2.2,True,0
TMS000328,Engineering,COR01943,SCR,weld_failure,A,3,53,22,3.5,True,1
TDMS001078,Traction Distribution,COR02803,WR,ohe_wire_wear,B,2,71,53,3.1,True,0
SMMS001390,Signal & Telecommunication,COR00176,ECR,cable_fault,B,2,17,12,1.8,True,0
TMS004367,Engineering,COR01471,NFR,sleeper_defect,B,2,0,25,3.6,True,0
TDMS001785,Traction Distribution,COR00277,WCR,tension_device_fault,C,1,16,68,2.8,True,0
TMS003228,Engineering,COR00865,SCR,points_crossing_wear,B,2,983,17,3.6,True,1
TMS002120,Engineering,COR04134,SR,points_crossing_wear,B,2,3,41,0.8,True,0
TMS000910,Engineering,COR00981,NFR,sleeper_defect,B,2,15,14,4.4,True,0
TMS002353,Engineering,COR04871,NWR,formation_defect,A,3,22,8,1.9,True,0
TMS005948,Engineering,COR06033,NER,weld_failure,A,3,14,4,5.9,True,0
TMS000668,Engineering,COR05613,SER,ballast_deficiency,C,1,8,7,3.2,False,0
TMS001713,Engineering,COR04402,NR,rail_fracture,A,3,119,6,2.5,True,0
TDMS000953,Traction Distribution,COR06353,NR,circuit_breaker_fault,A,3,11,5,4.2,True,0
TMS002859,Engineering,COR00024,WR,alignment_deviation,C,1,4,35,3.0,False,0
TMS003147,Engineering,COR03694,SER,sleeper_defect,B,2,10,23,5.2,True,0
TDMS002360,Traction Distribution,COR05886,NER,insulator_fault,B,2,100,2,1.1,True,0
TMS000855,Engineering,COR00769,NR,formation_defect,B,2,58,35,1.5,False,0
SMMS000670,Signal & Telecommunication,COR03898,NR,point_machine_fault,B,2,8,19,2.5,True,0
TMS000775,Engineering,COR02994,SR,ballast_deficiency,C,1,186,41,4.6,True,0
TMS001291,Engineering,COR01138,NR,alignment_deviation,C,1,56,8,2.7,False,0
TDMS001212,Traction Distribution,COR00508,WR,tension_device_fault,C,1,218,12,3.5,True,0
SMMS002175,Signal & Telecommunication,COR00075,NWR,cable_fault,B,2,0,30,3.6,True,0
TMS000213,Engineering,COR04162,SR,ballast_deficiency,C,1,309,16,2.7,True,0
TMS000040,Engineering,COR04533,SR,ballast_deficiency,A,3,8,5,2.0,True,0
TDMS002054,Traction Distribution,COR04729,NR,insulator_fault,B,2,113,8,2.8,True,0
TMS000331,Engineering,COR00629,SCR,ballast_deficiency,C,1,234,63,3.1,True,0
TDMS002040,Traction Distribution,COR02334,WR,ohe_pole_defect,C,1,17,12,0.7,True,0
TMS000274,Engineering,COR00401,ER,sleeper_defect,B,2,9,19,4.2,True,0
TMS000961,Engineering,COR00242,WCR,alignment_deviation,C,1,40,54,4.1,True,0
TMS002339,Engineering,COR00607,SCR,weld_failure,A,3,10,67,1.0,True,1
TMS001767,Engineering,COR02413,WR,sleeper_defect,B,2,9,14,4.0,True,0
TMS001127,Engineering,COR00437,SCR,points_crossing_wear,B,2,42,17,4.6,True,0
SMMS002604,Signal & Telecommunication,COR07482,NWR,cable_fault,B,2,5,3,1.3,True,0
TMS002300,Engineering,COR00583,ECR,ballast_deficiency,C,1,83,17,5.4,True,0
TMS000870,Engineering,COR04664,KR,formation_defect,B,2,33,24,0.5,True,0
TMS001837,Engineering,COR00027,WR,ballast_deficiency,C,1,193,35,5.0,False,0
TDMS001142,Traction Distribution,COR02631,ER,tension_device_fault,C,1,64,10,3.1,True,0
TMS001216,Engineering,COR00537,SR,alignment_deviation,C,1,9,19,4.6,True,0
TMS004064,Engineering,COR05525,ER,ballast_deficiency,C,1,11,9,3.1,True,0
TMS003135,Engineering,COR03803,SR,sleeper_defect,A,3,0,22,2.0,True,0
TDMS000990,Traction Distribution,COR00470,CR,ohe_pole_defect,C,1,6,69,1.3,True,0
TMS003042,Engineering,COR05210,SR,ballast_deficiency,C,1,61,15,4.2,True,0
TMS003596,Engineering,COR00475,CR,sleeper_defect,B,2,49,69,3.8,True,0
TMS000547,Engineering,COR04661,KR,rail_fracture,A,3,4,24,4.1,True,0
TMS004713,Engineering,COR05650,SECR,ballast_deficiency,C,1,15,7,3.8,True,0
TMS002648,Engineering,COR01245,CR,ballast_deficiency,C,1,5,4,5.0,True,0
SMMS000016,Signal & Telecommunication,COR03082,SR,point_machine_fault,B,2,1,40,0.7,False,0
SMMS002294,Signal & Telecommunication,COR02076,SWR,point_machine_fault,B,2,19,25,0.8,True,0
TMS005688,Engineering,COR03509,SR,rail_wear,C,1,3,5,2.9,True,0
SMMS001074,Signal & Telecommunication,COR00405,ER,axle_counter_fault,A,3,92,19,1.7,True,0
TMS003102,Engineering,COR03337,SR,weld_failure,A,3,59,10,0.8,True,0
SMMS000514,Signal & Telecommunication,COR05749,SR,interlocking_fault,A,3,4,5,2.3,True,0
SMMS002235,Signal & Telecommunication,COR02693,NR,block_instrument_fault,B,2,19,19,0.9,True,0
TMS001614,Engineering,COR03864,ER,alignment_deviation,C,1,15,6,1.3,True,0
SMMS002986,Signal & Telecommunication,COR05409,SER,interlocking_fault,A,3,2,23,2.3,True,0
SMMS002574,Signal & Telecommunication,COR02774,NR,interlocking_fault,A,3,4,28,1.0,True,0
TMS003819,Engineering,COR01107,SCR,ballast_deficiency,C,1,86,14,2.8,True,0
TMS001077,Engineering,COR00466,SCR,ballast_deficiency,C,1,9,26,3.2,True,0
TMS000934,Engineering,COR01147,SWR,alignment_deviation,C,1,154,26,3.4,True,0
TDMS000341,Traction Distribution,COR00231,WCR,ohe_pole_defect,C,1,10,57,4.3,True,0
TMS005216,Engineering,COR04544,NR,formation_defect,B,2,0,38,4.2,False,0
TDMS000099,Traction Distribution,COR03261,WCR,feeder_fault,A,3,93,42,1.5,True,1
TMS005274,Engineering,COR01488,NFR,ballast_deficiency,C,1,277,22,4.8,True,0
SMMS002597,Signal & Telecommunication,COR00062,WR,signal_failure,A,3,1,31,1.1,False,0
SMMS001609,Signal & Telecommunication,COR05219,SR,interlocking_fault,A,3,5,13,3.9,True,0
TMS004790,Engineering,COR06521,NR,alignment_deviation,C,1,2359,13,4.8,True,0
TDMS000768,Traction Distribution,COR00235,WCR,earthing_fault,B,2,268,58,3.3,True,1
TMS000684,Engineering,COR07765,ER,weld_failure,A,3,27,1,5.5,True,0
SMMS002519,Signal & Telecommunication,COR00378,NER,interlocking_fault,A,3,2,21,3.8,True,0
TMS001595,Engineering,COR02832,WR,alignment_deviation,C,1,87,95,1.7,False,0
TMS001368,Engineering,COR02469,ER,sleeper_defect,B,2,7,11,5.8,True,0
SMMS002024,Signal & Telecommunication,COR01866,NR,cable_fault,B,2,26,37,1.2,True,0
TDMS000608,Traction Distribution,COR01683,WCR,insulator_fault,B,2,24,55,1.9,True,0
TMS004048,Engineering,COR01959,NR,alignment_deviation,C,1,87,7,4.7,False,0
TMS002717,Engineering,COR03570,SER,points_crossing_wear,B,2,8,26,4.4,True,0
SMMS001285,Signal & Telecommunication,COR00424,SCR,lc_gate_interlock_fault,A,3,5,20,3.0,True,0
TMS002660,Engineering,COR03839,NFR,formation_defect,B,2,5,19,4.4,True,0
TMS005941,Engineering,COR00085,NWR,formation_defect,B,2,13,30,4.5,True,0
TMS001433,Engineering,COR00378,NER,weld_failure,A,3,5,21,1.3,True,0
TDMS001062,Traction Distribution,COR02822,WR,feeder_fault,A,3,524,90,3.1,True,1
TMS003809,Engineering,COR00781,NWR,weld_failure,A,3,80,26,2.8,True,0
TDMS001740,Traction Distribution,COR00245,WCR,earthing_fault,B,2,85,54,3.2,True,0
TMS001279,Engineering,COR03079,SR,ballast_deficiency,C,1,8,40,0.9,False,0
TMS001824,Engineering,COR07953,NFR,rail_wear,C,1,5,2,3.2,True,0
TMS000292,Engineering,COR01315,NWR,alignment_deviation,C,1,11,19,4.2,True,0
TMS000592,Engineering,COR06018,NWR,alignment_deviation,C,1,14,6,4.3,True,0
SMMS002998,Signal & Telecommunication,COR00022,WR,block_instrument_fault,B,2,24,35,2.5,True,0
TDMS000623,Traction Distribution,COR03332,NR,tension_device_fault,C,1,8,13,4.9,True,0
SMMS001933,Signal & Telecommunication,COR00955,SR,signal_failure,A,3,2,10,1.8,True,0
SMMS001020,Signal & Telecommunication,COR00402,ER,block_instrument_fault,B,2,3,19,3.7,True,0
TMS004477,Engineering,COR01342,NWR,alignment_deviation,C,1,8,30,3.3,True,0
TMS004856,Engineering,COR02899,SR,ballast_deficiency,C,1,14,18,2.4,True,0
TMS001742,Engineering,COR00476,CR,rail_wear,C,1,194,69,2.7,True,0
TMS004022,Engineering,COR02835,WR,alignment_deviation,C,1,4,95,4.1,True,0
SMMS001314,Signal & Telecommunication,COR03785,SECR,interlocking_fault,A,3,24,6,1.8,True,0
TDMS000666,Traction Distribution,COR01537,SCR,earthing_fault,B,2,62,8,1.2,True,0
TDMS002222,Traction Distribution,COR04137,SR,circuit_breaker_fault,A,3,25,41,2.6,True,0
TMS001256,Engineering,COR03268,NCR,rail_wear,C,1,11,14,3.1,True,0
SMMS001932,Signal & Telecommunication,COR01717,WCR,axle_counter_fault,A,3,4,54,0.5,True,1
TDMS001217,Traction Distribution,COR04071,SWR,earthing_fault,B,2,537,9,4.7,True,1
SMMS002947,Signal & Telecommunication,COR04129,SR,signal_failure,A,3,1,41,2.0,False,0
TMS002054,Engineering,COR01330,NWR,points_crossing_wear,B,2,9,30,3.0,True,0
TDMS000719,Traction Distribution,COR00287,CR,tension_device_fault,C,1,9,68,1.9,True,0
TMS004168,Engineering,COR00742,NER,alignment_deviation,C,1,13,17,4.4,False,0
TDMS000552,Traction Distribution,COR00884,SCR,circuit_breaker_fault,A,3,18,17,3.1,True,0
TDMS001943,Traction Distribution,COR06899,NFR,insulator_fault,B,2,8,3,1.9,True,0
SMMS001729,Signal & Telecommunication,COR01389,SR,cable_fault,B,2,3,17,0.9,True,0
TMS005859,Engineering,COR02426,SCR,rail_fracture,A,3,36,15,2.4,True,0
TMS004993,Engineering,COR03443,NWR,ballast_deficiency,C,1,11,5,1.7,True,0
TDMS001609,Traction Distribution,COR00420,SCR,earthing_fault,B,2,21,53,3.6,True,0
TDMS000153,Traction Distribution,COR00328,NER,ohe_wire_wear,B,2,14,4,1.6,True,0
TMS002044,Engineering,COR00279,WCR,alignment_deviation,C,1,10,68,2.5,True,0
TMS004390,Engineering,COR04298,NER,ballast_deficiency,B,2,72,16,1.0,True,0
TMS002652,Engineering,COR00600,NER,sleeper_defect,B,2,44,16,4.9,True,0
TMS004954,Engineering,COR04068,SWR,ballast_deficiency,C,1,2,9,1.0,True,0
SMMS002237,Signal & Telecommunication,COR04038,NER,point_machine_fault,B,2,22,33,3.9,True,0
TMS000350,Engineering,COR02184,NER,formation_defect,C,1,11,5,3.0,True,0
SMMS001061,Signal & Telecommunication,COR00288,CR,point_machine_fault,B,2,4,68,0.5,True,0
TDMS002024,Traction Distribution,COR04668,KR,tension_device_fault,C,1,18,25,0.7,True,0
SMMS002493,Signal & Telecommunication,COR06188,SECR,point_machine_fault,B,2,2,6,1.3,True,0
TMS005032,Engineering,COR02265,ECR,sleeper_defect,B,2,115,16,3.7,True,0
TMS000582,Engineering,COR03818,NFR,ballast_deficiency,B,2,7,19,5.7,True,0
TMS002302,Engineering,COR00493,WCR,rail_wear,C,1,59,69,5.8,True,0
TMS004506,Engineering,COR04133,SR,alignment_deviation,B,2,15,41,0.6,True,0
TDMS001158,Traction Distribution,COR03883,NR,ohe_wire_wear,B,2,53,27,4.0,True,0
SMMS000199,Signal & Telecommunication,COR03309,SR,cable_fault,B,2,1,5,0.5,True,0
TDMS000505,Traction Distribution,COR04518,SWR,ohe_wire_wear,B,2,102,9,3.4,True,0
SMMS000511,Signal & Telecommunication,COR04320,SR,point_machine_fault,B,2,4,13,2.7,True,0
TMS000537,Engineering,COR04043,NER,ballast_deficiency,B,2,2,21,2.8,True,0
SMMS000570,Signal & Telecommunication,COR00522,NWR,point_machine_fault,B,2,4,11,3.0,True,0
SMMS001981,Signal & Telecommunication,COR04636,SR,point_machine_fault,B,2,5,15,3.2,True,0
TMS005711,Engineering,COR01647,SWR,weld_failure,A,3,2,29,1.7,True,0
TMS000857,Engineering,COR07319,SCR,ballast_deficiency,C,1,8,5,3.5,True,0
TMS004389,Engineering,COR00237,WCR,weld_failure,A,3,369,58,3.8,True,1
SMMS002001,Signal & Telecommunication,COR00762,NR,point_machine_fault,B,2,11,30,1.8,True,0
TDMS000599,Traction Distribution,COR04874,NWR,earthing_fault,B,2,119,8,1.9,True,0
TDMS000859,Traction Distribution,COR05352,SCR,ohe_wire_wear,B,2,2,4,2.5,True,0
SMMS000574,Signal & Telecommunication,COR02415,WR,point_machine_fault,B,2,19,14,0.8,True,0
TMS002589,Engineering,COR01718,WCR,ballast_deficiency,C,1,352,53,2.8,True,1
TDMS002118,Traction Distribution,COR00429,SCR,feeder_fault,A,3,99,20,1.9,True,0
SMMS001663,Signal & Telecommunication,COR06227,NFR,signal_failure,A,3,2,4,2.5,True,0
TMS004436,Engineering,COR08123,SR,ballast_deficiency,C,1,372,5,4.5,True,0
TMS004204,Engineering,COR03275,SWR,points_crossing_wear,B,2,1,12,1.2,True,0
SMMS002795,Signal & Telecommunication,COR04295,NER,signal_failure,A,3,8,18,0.5,True,0
TDMS001766,Traction Distribution,COR01704,WCR,earthing_fault,B,2,118,58,1.9,True,1
TMS004775,Engineering,COR00668,ECR,sleeper_defect,B,2,376,15,1.9,True,1
SMMS002756,Signal & Telecommunication,COR01143,SWR,block_instrument_fault,B,2,2,13,1.5,True,0
TMS003060,Engineering,COR04383,SR,formation_defect,B,2,4,9,4.8,True,0
TMS001343,Engineering,COR06293,SCR,ballast_deficiency,C,1,14,3,2.6,True,0
TDMS001157,Traction Distribution,COR01850,NR,ohe_pole_defect,C,1,82,28,2.7,True,0
TMS000783,Engineering,COR01364,WR,weld_failure,A,3,15,36,5.7,True,0
TDMS002493,Traction Distribution,COR00243,WCR,feeder_fault,A,3,291,38,4.2,True,1
SMMS000934,Signal & Telecommunication,COR01108,SCR,lc_gate_interlock_fault,A,3,3,14,0.8,False,0
TDMS000549,Traction Distribution,COR01931,SCR,feeder_fault,A,3,79,22,0.6,True,0
SMMS002811,Signal & Telecommunication,COR00246,WCR,interlocking_fault,A,3,2,54,2.8,False,1
TMS001317,Engineering,COR00379,NER,rail_wear,C,1,14,21,2.7,True,0
TMS003304,Engineering,COR06755,SWR,sleeper_defect,B,2,10,7,1.2,True,0
TMS004366,Engineering,COR04539,NR,ballast_deficiency,C,1,6,38,5.5,True,0
SMMS001142,Signal & Telecommunication,COR04541,NR,lc_gate_interlock_fault,A,3,4,38,1.6,True,0
TMS005779,Engineering,COR05887,NR,sleeper_defect,B,2,0,8,2.7,True,0
TDMS001700,Traction Distribution,COR07564,SWR,ohe_pole_defect,C,1,470,2,4.3,True,0
TMS005141,Engineering,COR00483,WCR,sleeper_defect,A,3,234,69,0.6,True,1
TDMS001458,Traction Distribution,COR02390,WR,tension_device_fault,C,1,96,36,3.6,True,0
TMS002463,Engineering,COR06002,NFR,rail_fracture,A,3,24,6,0.6,True,0
SMMS002677,Signal & Telecommunication,COR00076,NWR,cable_fault,B,2,4,30,0.8,True,0
TMS002923,Engineering,COR03073,SCR,rail_wear,C,1,12,10,0.7,False,0
TDMS000321,Traction Distribution,COR00414,ER,earthing_fault,B,2,102,7,4.7,True,0
TDMS000042,Traction Distribution,COR05412,NR,ohe_wire_wear,B,2,78,14,0.7,True,0
TMS003438,Engineering,COR00034,WR,rail_fracture,A,3,396,36,4.6,False,1
TMS000904,Engineering,COR02588,KR,rail_wear,C,1,7,22,3.4,True,0
TMS005570,Engineering,COR08342,WR,sleeper_defect,B,2,0,1,1.7,True,0
TMS001231,Engineering,COR04685,KR,alignment_deviation,C,1,12,26,4.0,True,0
TMS001800,Engineering,COR06873,NR,alignment_deviation,C,1,10,5,2.0,True,0
TMS003502,Engineering,COR02271,ECR,alignment_deviation,C,1,13,18,2.7,True,0
TDMS001347,Traction Distribution,COR00323,SER,earthing_fault,B,2,4,24,4.3,True,0
SMMS001112,Signal & Telecommunication,COR04239,NWR,point_machine_fault,B,2,5,10,1.5,True,0
TMS004144,Engineering,COR03074,SR,ballast_deficiency,C,1,68,40,2.3,True,0
SMMS002257,Signal & Telecommunication,COR04657,KR,block_instrument_fault,B,2,4,21,3.7,True,0
TMS005393,Engineering,COR04456,NFR,alignment_deviation,B,2,0,15,1.3,True,0
TDMS001906,Traction Distribution,COR02695,NR,ohe_wire_wear,B,2,237,27,2.6,True,1
TDMS001065,Traction Distribution,COR00290,CR,tension_device_fault,C,1,11,68,3.7,True,0
TDMS002036,Traction Distribution,COR01758,WCR,earthing_fault,B,2,3,43,4.1,True,0
SMMS000526,Signal & Telecommunication,COR00155,NR,cable_fault,B,2,0,36,1.1,True,0
TMS004425,Engineering,COR01547,CR,alignment_deviation,C,1,211,22,4.6,True,0
TDMS002377,Traction Distribution,COR04163,SR,earthing_fault,B,2,497,16,4.8,True,1
TMS004819,Engineering,COR04129,SR,ballast_deficiency,C,1,10,41,4.4,True,0
SMMS001659,Signal & Telecommunication,COR02635,ER,axle_counter_fault,A,3,4,10,0.9,True,0
TMS003238,Engineering,COR00990,NFR,alignment_deviation,C,1,33,17,0.6,True,0
SMMS002956,Signal & Telecommunication,COR00234,WCR,point_machine_fault,B,2,4,58,1.3,True,0
SMMS000968,Signal & Telecommunication,COR06260,WR,block_instrument_fault,B,2,25,8,1.8,True,0
TDMS000100,Traction Distribution,COR02379,WR,tension_device_fault,C,1,113,35,3.9,True,0
TMS000636,Engineering,COR02833,WR,sleeper_defect,C,1,79,95,5.0,False,0
TMS001888,Engineering,COR00293,CR,sleeper_defect,B,2,8,68,4.0,False,0
SMMS001564,Signal & Telecommunication,COR02762,NR,point_machine_fault,B,2,30,23,3.9,True,0
SMMS002772,Signal & Telecommunication,COR01221,CR,interlocking_fault,A,3,0,6,1.0,True,0
TMS004946,Engineering,COR00206,NCR,sleeper_defect,B,2,7,53,5.7,True,0
TMS004136,Engineering,COR01898,SCR,ballast_deficiency,C,1,9,66,3.0,True,0
SMMS002364,Signal & Telecommunication,COR02351,NWR,point_machine_fault,B,2,1,13,3.4,True,0
TMS000356,Engineering,COR01714,WCR,sleeper_defect,B,2,14,54,3.9,True,0
SMMS000033,Signal & Telecommunication,COR01310,NWR,point_machine_fault,B,2,5,19,1.5,True,0
TDMS000718,Traction Distribution,COR03403,NER,ohe_pole_defect,C,1,11,4,1.7,True,0
TDMS002442,Traction Distribution,COR01692,WCR,circuit_breaker_fault,A,3,18,53,4.8,True,0
TMS002397,Engineering,COR00072,NWR,weld_failure,A,3,59,30,4.1,True,1
TMS005299,Engineering,COR02809,WR,rail_fracture,A,3,9,87,4.7,True,0
TMS003431,Engineering,COR06092,NFR,weld_failure,A,3,21,4,3.4,True,0
SMMS000240,Signal & Telecommunication,COR06186,SECR,lc_gate_interlock_fault,A,3,0,6,2.3,True,0
TDMS001592,Traction Distribution,COR00286,CR,ohe_wire_wear,B,2,559,68,4.1,True,1
TMS004940,Engineering,COR01763,WCR,ballast_deficiency,C,1,79,43,2.3,True,0
TMS002474,Engineering,COR05592,SCR,sleeper_defect,B,2,39,25,3.1,True,0
SMMS001771,Signal & Telecommunication,COR01501,NR,block_instrument_fault,B,2,4,6,2.7,True,0
SMMS000085,Signal & Telecommunication,COR04638,KR,block_instrument_fault,B,2,178,22,1.3,True,0
TDMS001319,Traction Distribution,COR05525,ER,ohe_wire_wear,B,2,520,9,2.6,True,1
SMMS000983,Signal & Telecommunication,COR03619,SWR,point_machine_fault,B,2,19,14,1.0,True,0
TMS000256,Engineering,COR05649,SECR,rail_wear,C,1,37,7,1.3,True,0
TDMS001371,Traction Distribution,COR04539,NR,insulator_fault,B,2,20,38,4.2,True,0
TDMS002055,Traction Distribution,COR02540,NR,ohe_pole_defect,C,1,89,17,2.2,True,0
SMMS000437,Signal & Telecommunication,COR01025,NFR,lc_gate_interlock_fault,A,3,3,22,2.8,False,0
TMS003831,Engineering,COR05056,SCR,alignment_deviation,C,1,40,15,4.5,True,0
TMS001500,Engineering,COR02885,NR,formation_defect,B,2,5,61,4.9,True,0
TMS005355,Engineering,COR00277,WCR,alignment_deviation,C,1,11,68,2.5,False,0
TMS002501,Engineering,COR05642,NWR,alignment_deviation,C,1,8,2,5.6,False,0
TMS002759,Engineering,COR00233,WCR,sleeper_defect,B,2,13,57,3.3,True,0
SMMS002701,Signal & Telecommunication,COR01267,NR,axle_counter_fault,A,3,41,22,1.6,True,0
SMMS002994,Signal & Telecommunication,COR01949,SCR,signal_failure,A,3,3,22,2.8,True,0
SMMS000789,Signal & Telecommunication,COR02702,NR,block_instrument_fault,B,2,28,27,3.5,False,0
TMS005162,Engineering,COR01376,SR,sleeper_defect,B,2,6,6,4.7,True,0
TMS005816,Engineering,COR00510,NWR,alignment_deviation,C,1,44,11,4.8,False,0
TDMS000506,Traction Distribution,COR01080,SWR,insulator_fault,B,2,7,22,3.9,True,0
TMS005300,Engineering,COR01179,CR,points_crossing_wear,B,2,0,23,4.4,False,0
TDMS000036,Traction Distribution,COR00207,NCR,earthing_fault,B,2,9,53,4.2,True,0
TDMS001518,Traction Distribution,COR05426,NR,insulator_fault,B,2,16,11,3.9,True,0
TMS002396,Engineering,COR06464,WR,points_crossing_wear,B,2,54,4,5.7,True,0
TDMS000976,Traction Distribution,COR04537,NR,tension_device_fault,C,1,14,38,4.4,True,0
TMS004271,Engineering,COR05875,NR,alignment_deviation,C,1,56,10,2.9,False,0
TDMS002170,Traction Distribution,COR02697,NR,ohe_wire_wear,B,2,117,27,2.4,True,0
TMS002909,Engineering,COR00184,ECR,rail_wear,C,1,9,13,2.3,True,0
TMS003730,Engineering,COR00619,SCR,sleeper_defect,B,2,15,63,5.4,True,0
SMMS001935,Signal & Telecommunication,COR04127,SR,cable_fault,B,2,4,41,3.3,True,0
TMS002484,Engineering,COR00476,CR,sleeper_defect,C,1,333,69,2.9,True,1
TMS004073,Engineering,COR04698,CR,rail_wear,C,1,5,26,1.5,True,0
SMMS000041,Signal & Telecommunication,COR03123,ER,point_machine_fault,B,2,1,4,2.9,True,0
SMMS000160,Signal & Telecommunication,COR01649,SWR,axle_counter_fault,A,3,12,29,2.6,True,0
TMS005766,Engineering,COR04694,KR,sleeper_defect,B,2,2,26,5.2,True,0
TMS005600,Engineering,COR00612,SCR,ballast_deficiency,C,1,20,67,4.8,True,0
TMS003587,Engineering,COR04663,KR,ballast_deficiency,C,1,58,24,2.3,True,0
TMS005865,Engineering,COR07273,SECR,alignment_deviation,C,1,13,3,4.8,True,0
TMS001663,Engineering,COR00481,WCR,alignment_deviation,C,1,8,33,2.8,False,0
TMS001458,Engineering,COR01674,WCR,points_crossing_wear,B,2,10,55,4.5,True,0
TMS001135,Engineering,COR05391,NCR,sleeper_defect,A,3,6,12,3.4,True,0
SMMS002857,Signal & Telecommunication,COR00610,SCR,interlocking_fault,A,3,8,67,1.3,True,0
TMS001601,Engineering,COR03721,NFR,ballast_deficiency,B,2,4,21,2.5,True,0
TMS003466,Engineering,COR02382,WR,sleeper_defect,B,2,7,31,1.8,True,0
TDMS002358,Traction Distribution,COR00688,WR,tension_device_fault,C,1,10,90,3.8,True,0
TDMS001862,Traction Distribution,COR02067,SWR,insulator_fault,B,2,8,27,2.0,True,0
TMS001923,Engineering,COR02684,NR,ballast_deficiency,C,1,12,22,3.0,True,0
TMS002865,Engineering,COR02388,WR,rail_fracture,A,3,256,36,4.8,True,1
TMS005165,Engineering,COR04332,NWR,ballast_deficiency,C,1,11,2,4.0,True,0
TMS005494,Engineering,COR02592,KR,alignment_deviation,C,1,37,22,2.2,True,0
TDMS000179,Traction Distribution,COR00239,WCR,earthing_fault,B,2,21,58,1.3,True,0
SMMS002027,Signal & Telecommunication,COR00252,WCR,point_machine_fault,B,2,2,54,2.5,True,0
TMS005611,Engineering,COR04146,SR,points_crossing_wear,B,2,8,35,3.0,False,0
TMS003562,Engineering,COR01931,SCR,alignment_deviation,C,1,11,22,4.8,True,0
SMMS001721,Signal & Telecommunication,COR04959,KR,point_machine_fault,B,2,0,24,1.8,True,0
SMMS000593,Signal & Telecommunication,COR03991,ER,point_machine_fault,B,2,15,14,3.2,True,0
TMS000893,Engineering,COR04260,NCR,rail_wear,C,1,2,14,5.9,True,0
TMS004105,Engineering,COR01330,NWR,points_crossing_wear,B,2,0,30,4.8,True,0
SMMS001576,Signal & Telecommunication,COR00181,ECR,cable_fault,B,2,4,13,2.5,True,0
TDMS001574,Traction Distribution,COR04505,SWR,feeder_fault,A,3,520,10,2.9,True,1
TDMS000336,Traction Distribution,COR04441,ECR,feeder_fault,A,3,67,40,2.3,True,0
SMMS002154,Signal & Telecommunication,COR03570,SER,cable_fault,B,2,2,26,3.9,True,0
TMS003716,Engineering,COR00254,WCR,points_crossing_wear,B,2,377,54,4.4,False,1
TDMS000776,Traction Distribution,COR00259,WCR,earthing_fault,B,2,0,54,2.4,True,0
SMMS002752,Signal & Telecommunication,COR03266,NCR,lc_gate_interlock_fault,A,3,5,14,1.4,True,0
SMMS000023,Signal & Telecommunication,COR01606,SWR,cable_fault,B,2,3,25,2.6,True,0
TMS000861,Engineering,COR01882,SCR,formation_defect,B,2,40,62,1.3,True,0
SMMS002122,Signal & Telecommunication,COR00610,SCR,cable_fault,B,2,12,67,1.6,True,0
TMS000217,Engineering,COR00718,WR,weld_failure,A,3,63,51,5.5,True,1
TMS002416,Engineering,COR02444,ER,ballast_deficiency,C,1,4,19,0.5,True,0
SMMS001594,Signal & Telecommunication,COR04692,KR,cable_fault,B,2,20,26,0.5,True,0
SMMS000918,Signal & Telecommunication,COR00382,NER,block_instrument_fault,B,2,40,33,3.0,True,0
TMS002574,Engineering,COR03050,SR,rail_wear,C,1,14,11,4.2,True,0
TMS002116,Engineering,COR00230,WCR,ballast_deficiency,C,1,3,57,5.7,False,0
TMS002751,Engineering,COR08087,NCR,formation_defect,B,2,41,2,4.5,True,0
SMMS001843,Signal & Telecommunication,COR01669,WCR,cable_fault,B,2,21,55,3.7,True,0
TMS000882,Engineering,COR00033,WR,weld_failure,B,2,47,36,3.6,True,0
TMS002438,Engineering,COR00697,WR,sleeper_defect,B,2,21,92,5.5,True,0
TDMS001830,Traction Distribution,COR01567,CR,tension_device_fault,C,1,20,22,1.9,True,0
TDMS000026,Traction Distribution,COR02302,NR,insulator_fault,B,2,3,29,4.4,True,0
TMS001775,Engineering,COR04510,SWR,weld_failure,A,3,2,10,1.1,True,0
TDMS001331,Traction Distribution,COR08435,NFR,ohe_pole_defect,C,1,74,1,3.3,True,0
TMS004082,Engineering,COR02831,WR,formation_defect,B,2,58,95,4.0,True,0
SMMS000910,Signal & Telecommunication,COR01315,NWR,signal_failure,A,3,5,19,3.1,True,0
SMMS001787,Signal & Telecommunication,COR01522,CR,block_instrument_fault,B,2,1,50,0.9,True,0
TMS002151,Engineering,COR02764,NR,rail_wear,C,1,9,28,4.8,True,0
TDMS002272,Traction Distribution,COR02387,WR,tension_device_fault,C,1,102,36,4.9,True,0
TDMS002099,Traction Distribution,COR04872,NWR,ohe_pole_defect,C,1,110,8,2.3,True,0
TDMS001808,Traction Distribution,COR01954,SCR,ohe_wire_wear,B,2,110,22,3.9,True,0
TMS002886,Engineering,COR00052,WR,rail_wear,C,1,2,33,1.9,True,0
TMS000317,Engineering,COR06809,NWR,rail_wear,C,1,1,4,3.4,True,0
SMMS002291,Signal & Telecommunication,COR02210,NWR,point_machine_fault,B,2,4,26,2.9,True,0
TDMS001790,Traction Distribution,COR02987,SR,circuit_breaker_fault,A,3,89,41,3.6,True,0
SMMS000640,Signal & Telecommunication,COR00606,SCR,axle_counter_fault,A,3,0,67,1.6,True,0
TMS002744,Engineering,COR00271,WCR,sleeper_defect,B,2,0,68,3.7,True,0
SMMS001047,Signal & Telecommunication,COR00419,SCR,interlocking_fault,A,3,5,53,1.1,True,1
TMS000885,Engineering,COR00286,CR,formation_defect,A,3,9,68,4.3,True,0
TMS002496,Engineering,COR00218,WCR,formation_defect,B,2,12,53,4.3,False,0
SMMS001123,Signal & Telecommunication,COR01727,NCR,cable_fault,B,2,3,54,1.6,True,0
SMMS002264,Signal & Telecommunication,COR01390,SR,signal_failure,A,3,5,17,0.7,True,0
TDMS001899,Traction Distribution,COR02795,WR,insulator_fault,B,2,15,51,3.1,True,0
TMS003145,Engineering,COR04701,CR,sleeper_defect,B,2,153,26,0.6,True,0
SMMS001075,Signal & Telecommunication,COR00261,WCR,point_machine_fault,B,2,1,54,0.5,False,0
TMS001062,Engineering,COR00402,ER,alignment_deviation,C,1,14,19,4.0,True,0
SMMS000745,Signal & Telecommunication,COR07525,WR,block_instrument_fault,B,2,5,5,2.6,True,0
TMS005082,Engineering,COR03660,SCR,ballast_deficiency,C,1,1,15,1.5,True,0
TMS000244,Engineering,COR05802,NWR,weld_failure,A,3,8,10,2.7,True,0
TMS005708,Engineering,COR00258,WCR,ballast_deficiency,C,1,2,54,0.6,True,0
TMS002011,Engineering,COR06371,WR,points_crossing_wear,B,2,12,4,4.8,True,0
TMS003259,Engineering,COR06318,SR,rail_wear,C,1,307,4,4.7,True,0
SMMS000192,Signal & Telecommunication,COR02768,NR,block_instrument_fault,B,2,5,28,2.9,True,0
TMS001703,Engineering,COR04992,SR,alignment_deviation,C,1,349,13,2.3,True,0
TMS002363,Engineering,COR02973,SR,ballast_deficiency,C,1,5,40,2.9,True,0
TMS002879,Engineering,COR01688,WCR,ballast_deficiency,C,1,9,55,1.3,True,0
SMMS002426,Signal & Telecommunication,COR03076,SR,axle_counter_fault,A,3,2,40,2.5,True,1
SMMS000546,Signal & Telecommunication,COR01713,WCR,block_instrument_fault,B,2,2,54,2.5,True,0
SMMS002878,Signal & Telecommunication,COR03608,NWR,point_machine_fault,B,2,2,6,2.1,True,0
TMS005273,Engineering,COR05038,NER,formation_defect,B,2,5,5,2.5,True,0
TMS005224,Engineering,COR05184,ECR,alignment_deviation,C,1,350,17,1.1,True,0
TDMS000008,Traction Distribution,COR02799,WR,ohe_pole_defect,C,1,9,53,4.9,True,0
TMS001039,Engineering,COR00151,NR,alignment_deviation,C,1,2,38,6.0,True,0
TMS005712,Engineering,COR01716,WCR,sleeper_defect,B,2,3,54,2.7,True,0
SMMS000492,Signal & Telecommunication,COR00608,SCR,interlocking_fault,A,3,1,67,2.6,True,1
TDMS002214,Traction Distribution,COR05046,NER,circuit_breaker_fault,A,3,71,5,0.8,True,0
TMS002929,Engineering,COR04243,NR,alignment_deviation,C,1,382,18,3.7,True,0
TDMS001309,Traction Distribution,COR01888,SCR,ohe_pole_defect,C,1,4,62,3.4,True,0
SMMS000932,Signal & Telecommunication,COR00661,SWR,interlocking_fault,A,3,18,22,2.9,True,0
TMS000863,Engineering,COR02971,SR,ballast_deficiency,C,1,351,40,3.1,True,1
SMMS001567,Signal & Telecommunication,COR02836,WR,cable_fault,B,2,0,68,2.3,True,0
TMS004025,Engineering,COR02535,NR,rail_wear,C,1,4,17,5.5,False,0
TMS003371,Engineering,COR07655,ER,alignment_deviation,C,1,110,1,4.8,True,0
TMS002533,Engineering,COR03119,NR,alignment_deviation,C,1,4,4,3.2,False,0
TDMS001765,Traction Distribution,COR02233,SWR,ohe_wire_wear,B,2,34,21,1.8,True,0
SMMS002275,Signal & Telecommunication,COR03264,NCR,interlocking_fault,A,3,1,14,2.8,True,0
TMS000767,Engineering,COR00276,WCR,alignment_deviation,C,1,52,68,4.1,True,0
TMS000279,Engineering,COR00722,WR,rail_fracture,A,3,14,26,4.7,True,0
TMS001055,Engineering,COR03085,SR,points_crossing_wear,C,1,2122,40,1.4,True,1
SMMS001093,Signal & Telecommunication,COR02444,ER,point_machine_fault,B,2,1,19,3.7,True,0
TMS005520,Engineering,COR03264,NCR,sleeper_defect,B,2,4,14,0.8,False,0
TDMS000529,Traction Distribution,COR00029,WR,earthing_fault,B,2,335,36,4.7,True,1
SMMS002118,Signal & Telecommunication,COR03488,NR,signal_failure,A,3,23,14,0.7,True,0
TDMS002163,Traction Distribution,COR04707,WR,circuit_breaker_fault,A,3,100,5,3.9,True,0
TMS001010,Engineering,COR06948,NER,rail_wear,C,1,59,4,1.3,True,0
SMMS002180,Signal & Telecommunication,COR08115,NCR,signal_failure,A,3,4,2,2.7,True,0
SMMS002169,Signal & Telecommunication,COR01743,WR,block_instrument_fault,B,2,1,16,2.5,True,0
TMS004330,Engineering,COR01646,SWR,formation_defect,B,2,10,29,3.2,True,0
TMS000954,Engineering,COR04478,WCR,weld_failure,A,3,151,34,4.3,True,1
TMS004382,Engineering,COR02822,WR,weld_failure,A,3,2,90,0.8,True,0
TMS001958,Engineering,COR01849,NR,alignment_deviation,C,1,3,36,4.5,True,0
TMS002644,Engineering,COR03641,SCR,sleeper_defect,B,2,85,14,0.9,True,0
TMS005500,Engineering,COR00862,SCR,sleeper_defect,B,2,9,18,0.8,False,0
TMS000614,Engineering,COR00206,NCR,rail_wear,C,1,52,53,3.3,False,0
SMMS001949,Signal & Telecommunication,COR01008,NFR,point_machine_fault,B,2,0,19,3.8,True,0
TMS005219,Engineering,COR02151,SR,rail_wear,C,1,386,70,1.9,True,1
TDMS000052,Traction Distribution,COR04076,SWR,circuit_breaker_fault,A,3,122,9,1.7,True,0
TDMS001936,Traction Distribution,COR04231,NWR,earthing_fault,B,2,3,10,2.2,True,0
TMS003650,Engineering,COR04549,NR,weld_failure,A,3,14,37,5.5,True,0
TMS002508,Engineering,COR03693,SER,alignment_deviation,C,1,44,23,4.8,True,0
TMS000049,Engineering,COR04268,WR,sleeper_defect,B,2,65,33,1.3,True,0
TMS002880,Engineering,COR00676,WR,alignment_deviation,C,1,105,94,3.1,True,0
TDMS000522,Traction Distribution,COR06220,NFR,ohe_wire_wear,B,2,19,4,2.2,True,0
TMS002080,Engineering,COR04150,SR,alignment_deviation,C,1,4,35,0.6,True,0
TMS003519,Engineering,COR04243,NR,sleeper_defect,B,2,226,18,4.1,True,0
TMS005268,Engineering,COR02411,WR,ballast_deficiency,C,1,36,14,4.1,True,0
TDMS000014,Traction Distribution,COR00742,NER,earthing_fault,B,2,40,17,2.0,True,0
TMS002439,Engineering,COR01752,WCR,rail_wear,C,1,18,30,3.5,True,0
TMS000794,Engineering,COR00615,SCR,ballast_deficiency,C,1,7,59,3.4,True,0
TMS000544,Engineering,COR00771,NR,sleeper_defect,B,2,10,31,3.4,True,0
TDMS000360,Traction Distribution,COR02979,SR,tension_device_fault,C,1,318,40,1.3,True,1
SMMS002640,Signal & Telecommunication,COR00762,NR,cable_fault,B,2,4,30,1.2,True,0
TMS005119,Engineering,COR00694,WR,weld_failure,C,1,68,92,2.2,True,0
SMMS001243,Signal & Telecommunication,COR02681,NR,cable_fault,B,2,140,18,3.1,True,0
TMS005202,Engineering,COR02265,ECR,sleeper_defect,B,2,47,16,5.3,True,0
SMMS002517,Signal & Telecommunication,COR03873,ER,cable_fault,B,2,0,13,3.2,True,0
TDMS001211,Traction Distribution,COR04772,NR,ohe_pole_defect,C,1,93,6,4.3,True,0
TDMS000212,Traction Distribution,COR02395,WR,ohe_wire_wear,B,2,148,35,3.5,True,0
SMMS002818,Signal & Telecommunication,COR00228,WCR,block_instrument_fault,B,2,5,57,2.4,True,0
SMMS000982,Signal & Telecommunication,COR03634,SCR,cable_fault,B,2,1,8,2.8,True,0
TMS005405,Engineering,COR04369,SR,sleeper_defect,B,2,75,5,5.4,True,0
TMS001896,Engineering,COR00683,WR,rail_wear,C,1,169,90,2.1,True,0
SMMS001901,Signal & Telecommunication,COR02398,WR,interlocking_fault,A,3,4,35,2.8,False,0
SMMS002113,Signal & Telecommunication,COR00010,WR,cable_fault,B,2,2,20,1.6,True,0
TMS000906,Engineering,COR00619,SCR,points_crossing_wear,B,2,2,63,2.2,True,0
SMMS002372,Signal & Telecommunication,COR01676,WCR,cable_fault,B,2,3,55,2.3,True,0
TDMS001681,Traction Distribution,COR05427,NR,feeder_fault,A,3,18,11,1.1,True,0
SMMS000182,Signal & Telecommunication,COR00544,SR,lc_gate_interlock_fault,A,3,2,35,1.8,True,0
TDMS000162,Traction Distribution,COR06849,NR,tension_device_fault,C,1,445,3,3.6,True,0
TMS001432,Engineering,COR01897,SCR,alignment_deviation,A,3,52,66,3.5,True,1
TDMS001290,Traction Distribution,COR04127,SR,earthing_fault,B,2,4,41,2.8,True,0
TDMS002132,Traction Distribution,COR00673,WR,ohe_pole_defect,C,1,55,94,0.6,True,0
TMS003649,Engineering,COR02764,NR,sleeper_defect,B,2,53,28,1.8,False,0
SMMS000004,Signal & Telecommunication,COR03988,ER,point_machine_fault,B,2,3,17,2.0,True,0
TMS001219,Engineering,COR04216,NR,alignment_deviation,C,1,19,7,3.0,True,0
SMMS000808,Signal & Telecommunication,COR04178,NR,lc_gate_interlock_fault,A,3,0,18,1.4,True,0
TMS005000,Engineering,COR00031,WR,weld_failure,A,3,9,36,4.6,True,0
TMS004180,Engineering,COR03551,NER,rail_fracture,A,3,0,8,4.1,True,0
SMMS001284,Signal & Telecommunication,COR00491,WCR,interlocking_fault,A,3,5,69,3.6,True,1
SMMS000900,Signal & Telecommunication,COR04130,SR,cable_fault,B,2,3,41,2.0,True,0
SMMS002974,Signal & Telecommunication,COR01855,NR,lc_gate_interlock_fault,A,3,3,36,3.2,True,1
TMS001214,Engineering,COR03051,SR,formation_defect,C,1,12,23,5.0,False,0
SMMS001684,Signal & Telecommunication,COR01894,SCR,axle_counter_fault,A,3,3,66,2.6,False,1
TDMS002160,Traction Distribution,COR01701,WCR,earthing_fault,B,2,11,58,2.8,True,0
TMS005449,Engineering,COR00460,SCR,points_crossing_wear,B,2,17,18,2.7,True,0
SMMS002781,Signal & Telecommunication,COR05457,WR,interlocking_fault,A,3,2,5,1.3,True,0
SMMS002384,Signal & Telecommunication,COR01977,WR,lc_gate_interlock_fault,A,3,16,10,1.7,True,0
TMS005519,Engineering,COR04069,SWR,formation_defect,B,2,4,9,2.8,True,0
TMS005921,Engineering,COR05670,NWR,formation_defect,B,2,182,11,5.8,True,0
TMS002519,Engineering,COR01857,NR,ballast_deficiency,C,1,13,35,2.5,True,0
TMS004907,Engineering,COR04679,KR,formation_defect,B,2,80,26,3.5,True,0
SMMS002763,Signal & Telecommunication,COR02976,SR,signal_failure,A,3,21,40,3.4,True,1
TMS003817,Engineering,COR04951,KR,weld_failure,A,3,10,25,2.5,True,0
TMS001328,Engineering,COR03933,WR,sleeper_defect,B,2,12,23,4.4,True,0
TDMS001348,Traction Distribution,COR06404,SER,ohe_pole_defect,C,1,2,3,3.6,True,0
TMS002703,Engineering,COR03329,NR,ballast_deficiency,A,3,19,15,3.4,True,0
TDMS002258,Traction Distribution,COR04903,SWR,tension_device_fault,C,1,3,20,3.8,True,0
SMMS000194,Signal & Telecommunication,COR02995,SR,lc_gate_interlock_fault,A,3,86,41,1.8,True,1
TDMS001816,Traction Distribution,COR02663,NR,ohe_pole_defect,C,1,9,7,3.8,True,0
TMS005336,Engineering,COR04539,NR,ballast_deficiency,C,1,7,38,5.9,True,0
TDMS000110,Traction Distribution,COR00074,NWR,feeder_fault,A,3,483,30,4.9,True,1
TMS000621,Engineering,COR01886,SCR,rail_wear,C,1,8,62,3.7,True,0
SMMS002406,Signal & Telecommunication,COR03731,WR,cable_fault,B,2,5,12,1.0,True,0
TMS005377,Engineering,COR03054,SR,formation_defect,B,2,5,22,3.3,True,0
TMS002373,Engineering,COR02925,NER,rail_fracture,B,2,5,5,0.6,True,0
TMS004688,Engineering,COR00016,WR,sleeper_defect,B,2,86,25,4.6,True,0
TMS003959,Engineering,COR01880,SCR,alignment_deviation,C,1,79,62,3.7,False,0
TMS001560,Engineering,COR02602,KR,rail_fracture,A,3,50,22,1.9,True,0
TDMS000777,Traction Distribution,COR00764,NR,insulator_fault,B,2,34,37,3.4,True,0
TMS002341,Engineering,COR03082,SR,ballast_deficiency,C,1,8,40,1.0,True,0
TMS001262,Engineering,COR01729,NCR,sleeper_defect,B,2,5,54,1.5,False,0
TMS003277,Engineering,COR06841,NR,sleeper_defect,B,2,2,6,1.9,False,0
TMS000859,Engineering,COR00699,WR,sleeper_defect,B,2,5,92,6.0,False,0
SMMS001465,Signal & Telecommunication,COR02446,ER,cable_fault,B,2,1,19,0.8,True,0
TMS000245,Engineering,COR01770,WCR,points_crossing_wear,B,2,2,43,4.1,True,0
TMS002585,Engineering,COR01925,SCR,alignment_deviation,C,1,71,12,1.5,True,0
TMS002975,Engineering,COR00790,NWR,points_crossing_wear,B,2,72,26,2.4,True,0
TMS005249,Engineering,COR01341,NWR,rail_wear,C,1,78,30,6.0,True,0
TMS003330,Engineering,COR00829,NWR,ballast_deficiency,C,1,47,11,1.9,True,0
TDMS002201,Traction Distribution,COR04944,KR,feeder_fault,A,3,94,26,1.8,True,1
TDMS001076,Traction Distribution,COR02826,WR,ohe_pole_defect,C,1,23,64,3.4,True,0
TDMS000571,Traction Distribution,COR00191,ECR,ohe_pole_defect,C,1,80,15,3.8,True,0
TMS000543,Engineering,COR00209,NCR,formation_defect,B,2,62,53,5.3,True,0
TMS001613,Engineering,COR05407,SER,ballast_deficiency,C,1,194,23,4.7,True,0
TMS004369,Engineering,COR01719,WCR,points_crossing_wear,B,2,5,53,5.7,True,0
SMMS000331,Signal & Telecommunication,COR04442,ECR,block_instrument_fault,B,2,3,40,2.7,True,0
TMS003267,Engineering,COR03351,SR,rail_fracture,A,3,41,9,5.7,True,0
TMS001489,Engineering,COR02897,SR,ballast_deficiency,C,1,0,18,2.3,True,0
TMS000243,Engineering,COR00046,WR,points_crossing_wear,B,2,471,37,4.2,True,1
TMS004102,Engineering,COR00696,WR,ballast_deficiency,C,1,12,92,1.7,True,0
TMS005557,Engineering,COR01625,SWR,rail_wear,C,1,2,32,2.0,True,0
TMS005086,Engineering,COR02894,CR,alignment_deviation,C,1,12,34,3.5,True,0
TMS005159,Engineering,COR04038,NER,weld_failure,A,3,2,33,3.2,True,0
TDMS000658,Traction Distribution,COR00036,WR,feeder_fault,A,3,2,36,1.6,True,1
TMS003340,Engineering,COR02852,SWR,rail_fracture,A,3,10,14,1.3,True,0
TDMS001340,Traction Distribution,COR00012,WR,ohe_wire_wear,B,2,595,20,3.4,True,1
SMMS001566,Signal & Telecommunication,COR04539,NR,cable_fault,B,2,4,38,3.2,False,0
SMMS000937,Signal & Telecommunication,COR01264,NR,signal_failure,A,3,5,4,1.8,True,0
SMMS001951,Signal & Telecommunication,COR03050,SR,point_machine_fault,B,2,0,11,1.0,True,0
SMMS000534,Signal & Telecommunication,COR00371,NER,point_machine_fault,B,2,5,21,2.9,True,0
TDMS001352,Traction Distribution,COR00672,WR,ohe_pole_defect,C,1,552,94,1.6,True,1
SMMS001355,Signal & Telecommunication,COR02798,WR,block_instrument_fault,B,2,126,53,2.2,False,1
TMS003009,Engineering,COR05008,SR,formation_defect,B,2,14,18,2.2,True,0
SMMS002390,Signal & Telecommunication,COR00212,NCR,cable_fault,B,2,30,53,0.9,True,0
TDMS002284,Traction Distribution,COR00370,NER,earthing_fault,B,2,3,21,2.5,True,0
SMMS001514,Signal & Telecommunication,COR02152,SR,block_instrument_fault,B,2,0,70,2.3,True,0
TMS005360,Engineering,COR00250,WCR,sleeper_defect,B,2,145,54,0.9,True,1
TMS001920,Engineering,COR01718,WCR,ballast_deficiency,C,1,11,53,4.4,True,0
TMS001436,Engineering,COR00807,NWR,sleeper_defect,B,2,3008,5,5.4,True,1
SMMS001703,Signal & Telecommunication,COR02836,WR,signal_failure,A,3,120,68,2.7,True,1
TMS001212,Engineering,COR02540,NR,alignment_deviation,C,1,63,17,3.5,True,0
TMS001930,Engineering,COR00663,ECR,weld_failure,A,3,86,15,3.8,True,0
SMMS002655,Signal & Telecommunication,COR02449,ER,cable_fault,B,2,19,19,3.6,True,0
SMMS000452,Signal & Telecommunication,COR04616,NFR,axle_counter_fault,A,3,0,18,1.5,True,0
SMMS000139,Signal & Telecommunication,COR00620,SCR,point_machine_fault,B,2,25,63,2.2,True,0
SMMS002976,Signal & Telecommunication,COR05378,NFR,block_instrument_fault,B,2,5,3,2.0,True,0
TMS005145,Engineering,COR06941,NR,rail_wear,C,1,13,3,0.9,True,0
TMS002164,Engineering,COR00772,NR,points_crossing_wear,A,3,6,35,4.8,True,1
TDMS000233,Traction Distribution,COR00922,SWR,ohe_wire_wear,B,2,86,10,2.1,True,0
TMS003346,Engineering,COR01573,CR,ballast_deficiency,C,1,3,23,2.2,True,0
TMS002464,Engineering,COR00686,WR,rail_fracture,A,3,27,91,1.0,True,0
TMS002683,Engineering,COR01683,WCR,rail_fracture,A,3,15,55,5.2,False,0
TMS001547,Engineering,COR04997,SR,sleeper_defect,B,2,87,13,4.1,True,0
TDMS001754,Traction Distribution,COR03968,ER,ohe_wire_wear,B,2,591,12,3.4,True,0
TMS005114,Engineering,COR00686,WR,weld_failure,C,1,90,91,5.0,True,0
TMS003293,Engineering,COR00261,WCR,alignment_deviation,C,1,45,54,4.0,True,0
TMS002777,Engineering,COR00886,SCR,ballast_deficiency,A,3,56,18,2.8,True,0
TMS000925,Engineering,COR02160,SR,alignment_deviation,C,1,10,70,5.7,True,0
SMMS001835,Signal & Telecommunication,COR00149,NR,interlocking_fault,A,3,2,36,0.9,True,0
TMS003398,Engineering,COR01648,SWR,sleeper_defect,B,2,228,29,1.1,True,1
TMS005341,Engineering,COR02156,SR,ballast_deficiency,C,1,117,70,1.8,False,0
TMS002593,Engineering,COR05812,NWR,alignment_deviation,C,1,168,10,3.1,True,0
SMMS002317,Signal & Telecommunication,COR02632,ER,axle_counter_fault,A,3,5,10,3.3,True,0
SMMS002226,Signal & Telecommunication,COR02077,SWR,cable_fault,B,2,5,25,0.7,True,0
TMS003906,Engineering,COR03954,ER,points_crossing_wear,B,2,7,11,1.1,True,0
TMS000113,Engineering,COR06476,NER,ballast_deficiency,C,1,4,4,4.2,True,0
TMS005196,Engineering,COR00785,NWR,formation_defect,A,3,40,26,2.7,True,0
TMS000744,Engineering,COR03090,SR,rail_fracture,A,3,2,40,3.3,False,0
TDMS002359,Traction Distribution,COR02153,SR,tension_device_fault,C,1,19,70,2.8,True,0
TMS000402,Engineering,COR01763,WCR,ballast_deficiency,C,1,73,43,3.0,True,0
TMS001691,Engineering,COR00625,SCR,rail_wear,C,1,355,63,4.7,True,1
TMS003848,Engineering,COR00674,WR,alignment_deviation,C,1,4,66,5.3,True,0
TMS004308,Engineering,COR06869,NR,rail_fracture,A,3,13,7,1.7,True,0
TMS005230,Engineering,COR01087,SWR,ballast_deficiency,C,1,7,22,1.2,True,0
TMS005903,Engineering,COR06075,NFR,alignment_deviation,C,1,16,3,3.5,True,0
TMS002556,Engineering,COR04640,KR,alignment_deviation,C,1,7,22,0.7,True,0
TDMS000423,Traction Distribution,COR02300,NR,tension_device_fault,C,1,26,29,1.9,True,0
TDMS000996,Traction Distribution,COR02444,ER,feeder_fault,A,3,81,19,1.4,True,0
TMS002179,Engineering,COR05206,SR,points_crossing_wear,B,2,2,15,4.0,True,0
TMS005466,Engineering,COR01520,CR,formation_defect,B,2,3,50,2.4,True,0
TMS003904,Engineering,COR03256,WCR,ballast_deficiency,B,2,9,42,3.3,True,0
TMS003667,Engineering,COR02816,WR,alignment_deviation,C,1,4,92,4.7,True,0
SMMS002893,Signal & Telecommunication,COR04942,KR,point_machine_fault,B,2,4,26,1.9,True,0
TMS003911,Engineering,COR00215,NCR,alignment_deviation,C,1,9,53,5.7,True,0
TDMS000441,Traction Distribution,COR04262,NCR,tension_device_fault,C,1,10,14,3.7,True,0
TDMS001749,Traction Distribution,COR03570,SER,ohe_wire_wear,B,2,5,26,3.5,True,0
SMMS001600,Signal & Telecommunication,COR01868,NR,block_instrument_fault,B,2,19,37,1.0,True,0
SMMS001136,Signal & Telecommunication,COR00278,WCR,point_machine_fault,B,2,11,68,1.1,True,0
SMMS001216,Signal & Telecommunication,COR06394,NER,interlocking_fault,A,3,30,19,4.0,True,0
TMS004398,Engineering,COR03906,NR,formation_defect,B,2,2818,22,1.7,True,1
TMS003023,Engineering,COR00153,NR,formation_defect,B,2,299,38,3.2,True,1
TDMS000034,Traction Distribution,COR02807,WR,earthing_fault,B,2,85,54,3.8,True,0
SMMS000032,Signal & Telecommunication,COR04642,KR,block_instrument_fault,B,2,0,22,0.9,True,0
TMS001556,Engineering,COR01712,WCR,weld_failure,A,3,1,54,2.0,True,1
TMS004666,Engineering,COR06392,NER,alignment_deviation,C,1,9,19,2.1,True,0
TMS000209,Engineering,COR03249,WCR,ballast_deficiency,C,1,110,42,5.1,False,0
SMMS002354,Signal & Telecommunication,COR00263,WCR,block_instrument_fault,B,2,1,54,1.3,True,0
TMS001784,Engineering,COR00423,SCR,weld_failure,A,3,505,53,0.5,True,1
TMS003208,Engineering,COR04547,NR,ballast_deficiency,C,1,12,37,1.4,True,0
TMS005893,Engineering,COR00704,WR,sleeper_defect,B,2,72,87,4.4,True,0
TMS002775,Engineering,COR02824,WR,ballast_deficiency,C,1,246,91,2.2,True,0
SMMS001114,Signal & Telecommunication,COR02800,WR,block_instrument_fault,B,2,1,45,1.2,True,0
TMS002210,Engineering,COR02974,SR,weld_failure,A,3,8,40,0.7,True,0
TMS004131,Engineering,COR06988,ECR,ballast_deficiency,C,1,121,6,5.9,True,0
SMMS000003,Signal & Telecommunication,COR05905,ER,signal_failure,A,3,1,10,2.9,True,0
TMS003695,Engineering,COR05959,SR,rail_wear,C,1,67,5,3.0,True,0
TMS005976,Engineering,COR00699,WR,formation_defect,B,2,7,92,4.6,True,0
SMMS002031,Signal & Telecommunication,COR00479,CR,cable_fault,B,2,2,70,1.2,True,0
TMS004801,Engineering,COR03248,WCR,ballast_deficiency,C,1,383,42,1.7,True,1
TMS002543,Engineering,COR02864,SWR,alignment_deviation,C,1,14,20,0.8,False,0
SMMS002669,Signal & Telecommunication,COR01365,WR,signal_failure,A,3,0,38,3.4,True,0
SMMS001971,Signal & Telecommunication,COR04226,NR,point_machine_fault,B,2,0,14,0.7,True,0
TMS003727,Engineering,COR06351,NR,points_crossing_wear,B,2,14,4,5.3,True,0
TMS003804,Engineering,COR01085,SWR,sleeper_defect,B,2,47,22,0.8,True,0
TMS003707,Engineering,COR02536,NR,sleeper_defect,B,2,13,17,3.7,True,0
TMS005559,Engineering,COR03091,SR,rail_wear,C,1,14,40,0.7,True,0
TDMS000746,Traction Distribution,COR07224,NER,insulator_fault,B,2,112,2,2.6,True,0
SMMS000766,Signal & Telecommunication,COR03576,SER,block_instrument_fault,B,2,4,25,3.5,True,0
TMS001044,Engineering,COR05259,SECR,rail_wear,C,1,7,7,0.5,False,0
TMS001976,Engineering,COR00609,SCR,rail_fracture,A,3,5,67,1.3,True,1
SMMS002335,Signal & Telecommunication,COR01988,WR,point_machine_fault,B,2,0,12,1.6,True,0
TDMS002472,Traction Distribution,COR02720,NER,earthing_fault,B,2,8,4,1.3,True,0
TMS004250,Engineering,COR02696,NR,ballast_deficiency,C,1,89,27,5.6,True,0
SMMS002096,Signal & Telecommunication,COR00675,WR,signal_failure,A,3,0,94,1.4,True,1
SMMS001431,Signal & Telecommunication,COR00375,NER,signal_failure,A,3,4,21,3.3,True,0
TMS000151,Engineering,COR06514,NR,sleeper_defect,B,2,2,13,1.1,True,0
SMMS002022,Signal & Telecommunication,COR02989,SR,signal_failure,A,3,2,41,1.7,False,1
TMS004224,Engineering,COR00039,WR,formation_defect,B,2,3,37,2.7,True,0
SMMS002229,Signal & Telecommunication,COR02937,SCR,point_machine_fault,B,2,3,58,3.8,True,0
TMS002123,Engineering,COR04693,KR,alignment_deviation,C,1,181,26,1.6,False,0
SMMS002480,Signal & Telecommunication,COR00995,NFR,signal_failure,A,3,1,17,1.1,True,0
TMS000578,Engineering,COR06776,NWR,alignment_deviation,C,1,77,9,4.1,True,0
TMS005743,Engineering,COR02496,NWR,formation_defect,B,2,14,13,4.1,True,0
TMS003604,Engineering,COR00264,WCR,ballast_deficiency,C,1,53,54,2.7,True,0
TMS003268,Engineering,COR05262,SECR,rail_fracture,A,3,69,7,3.9,False,0
TDMS001315,Traction Distribution,COR00182,ECR,tension_device_fault,C,1,7,13,1.0,True,0
TMS001838,Engineering,COR01898,SCR,ballast_deficiency,C,1,4,66,0.9,True,0
SMMS002539,Signal & Telecommunication,COR00012,WR,interlocking_fault,A,3,151,20,3.3,True,0
TDMS001306,Traction Distribution,COR02838,WR,insulator_fault,B,2,104,95,2.4,True,1
TMS005953,Engineering,COR04340,NWR,sleeper_defect,B,2,208,5,2.8,True,0
TMS000172,Engineering,COR03442,NWR,sleeper_defect,B,2,36,5,3.8,True,0
SMMS000555,Signal & Telecommunication,COR01522,CR,signal_failure,A,3,3,50,2.1,True,0
SMMS002496,Signal & Telecommunication,COR00121,NWR,block_instrument_fault,B,2,3,33,2.7,True,0
TDMS002111,Traction Distribution,COR01944,SCR,ohe_pole_defect,C,1,41,22,1.9,True,0
SMMS000131,Signal & Telecommunication,COR03292,SWR,point_machine_fault,B,2,0,12,1.1,True,0
SMMS002707,Signal & Telecommunication,COR02899,SR,interlocking_fault,A,3,4,18,2.5,True,0
SMMS000031,Signal & Telecommunication,COR01741,WR,cable_fault,B,2,9,16,3.3,True,0
TMS002004,Engineering,COR05435,SR,alignment_deviation,C,1,14,5,4.2,True,0
TMS003194,Engineering,COR02833,WR,weld_failure,A,3,9,95,6.0,True,0
TMS003566,Engineering,COR02973,SR,rail_fracture,B,2,277,40,3.5,True,1
TDMS001255,Traction Distribution,COR00879,SCR,ohe_pole_defect,C,1,16,17,4.8,True,0
TMS004763,Engineering,COR03074,SR,points_crossing_wear,B,2,79,40,0.5,True,0
TMS004580,Engineering,COR07149,NFR,rail_fracture,A,3,11,3,4.0,False,0
SMMS000207,Signal & Telecommunication,COR00712,WR,block_instrument_fault,B,2,4,53,2.1,True,0
SMMS001225,Signal & Telecommunication,COR02310,NR,block_instrument_fault,B,2,5,30,3.0,True,0
TDMS000734,Traction Distribution,COR02843,SWR,tension_device_fault,C,1,12,15,1.1,True,0
SMMS001307,Signal & Telecommunication,COR02703,NR,point_machine_fault,B,2,3,27,3.8,True,0
TMS000838,Engineering,COR03575,SER,points_crossing_wear,A,3,32,25,5.2,False,0
TMS002134,Engineering,COR01337,NWR,points_crossing_wear,B,2,266,30,2.0,True,1
TMS005736,Engineering,COR01300,NWR,formation_defect,B,2,3,20,4.4,True,0
SMMS000296,Signal & Telecommunication,COR02684,NR,interlocking_fault,A,3,15,22,0.8,True,0
TDMS000878,Traction Distribution,COR01714,WCR,ohe_pole_defect,C,1,141,54,1.0,True,0
TDMS000588,Traction Distribution,COR04675,KR,insulator_fault,B,2,19,25,4.1,True,0
TDMS000096,Traction Distribution,COR04431,CR,insulator_fault,B,2,15,6,1.4,True,0
TMS002928,Engineering,COR02816,WR,rail_fracture,A,3,3,92,3.4,True,1
TDMS002148,Traction Distribution,COR04679,KR,ohe_pole_defect,C,1,14,26,1.4,True,0
TMS001982,Engineering,COR01703,WCR,points_crossing_wear,B,2,59,58,4.7,True,1
SMMS001437,Signal & Telecommunication,COR01861,NR,block_instrument_fault,B,2,2,37,3.9,False,0
SMMS000872,Signal & Telecommunication,COR03369,NWR,block_instrument_fault,B,2,1,11,1.5,True,0
SMMS002532,Signal & Telecommunication,COR04637,SR,signal_failure,A,3,0,22,3.6,False,0
TDMS001104,Traction Distribution,COR04596,NFR,ohe_wire_wear,B,2,15,15,3.9,True,0
TMS001263,Engineering,COR01894,SCR,alignment_deviation,C,1,63,66,2.4,True,0
SMMS000950,Signal & Telecommunication,COR01212,SCR,interlocking_fault,A,3,2,10,2.1,False,0
TDMS000290,Traction Distribution,COR02839,WR,circuit_breaker_fault,A,3,10,95,0.5,True,0
SMMS001377,Signal & Telecommunication,COR02398,WR,point_machine_fault,B,2,12,35,0.9,True,0
TMS003108,Engineering,COR01645,SWR,points_crossing_wear,B,2,10,29,2.3,True,0
TDMS001018,Traction Distribution,COR02279,ECR,feeder_fault,A,3,12,6,3.2,True,0
SMMS000985,Signal & Telecommunication,COR04772,NR,lc_gate_interlock_fault,A,3,4,6,2.8,True,0
TDMS001044,Traction Distribution,COR02633,ER,ohe_pole_defect,C,1,35,10,2.4,True,0
TMS001083,Engineering,COR03630,SWR,alignment_deviation,C,1,57,15,2.6,True,0
TMS004753,Engineering,COR02228,SWR,points_crossing_wear,B,2,51,21,2.8,True,0
TDMS000335,Traction Distribution,COR05365,WCR,feeder_fault,A,3,61,2,2.1,True,0
TDMS002029,Traction Distribution,COR02757,SCR,insulator_fault,B,2,10,9,2.0,True,0
TMS002524,Engineering,COR06127,WR,ballast_deficiency,C,1,15,9,3.3,True,0
SMMS002755,Signal & Telecommunication,COR01860,NR,cable_fault,B,2,0,37,1.6,True,0
TMS004873,Engineering,COR00471,CR,sleeper_defect,B,2,10,69,1.5,True,0
TMS005430,Engineering,COR03649,SCR,alignment_deviation,C,1,117,14,4.1,True,0
TMS000879,Engineering,COR00777,NWR,formation_defect,A,3,0,24,5.5,True,0
SMMS001970,Signal & Telecommunication,COR02232,SWR,axle_counter_fault,A,3,20,21,3.4,True,0
TDMS000632,Traction Distribution,COR01112,SCR,ohe_pole_defect,C,1,68,14,3.7,True,0
TMS003648,Engineering,COR01866,NR,ballast_deficiency,C,1,86,37,3.3,True,0
TMS001875,Engineering,COR01901,SCR,rail_wear,C,1,2,9,1.9,True,0
SMMS002236,Signal & Telecommunication,COR01769,WCR,point_machine_fault,B,2,17,43,0.7,True,0
TMS004106,Engineering,COR07283,NFR,sleeper_defect,B,2,9,4,1.7,True,0
TDMS000791,Traction Distribution,COR05130,NR,insulator_fault,B,2,107,30,1.7,True,0
TMS004383,Engineering,COR01474,NFR,sleeper_defect,B,2,8,25,2.0,True,0
TMS004895,Engineering,COR04269,CR,ballast_deficiency,C,1,65,33,4.7,True,0
TMS001900,Engineering,COR04441,ECR,rail_wear,C,1,6,40,6.0,False,0
TMS004527,Engineering,COR07126,ER,sleeper_defect,B,2,83,4,5.4,True,0
SMMS001202,Signal & Telecommunication,COR02334,WR,block_instrument_fault,B,2,9,12,1.1,False,0
TMS000190,Engineering,COR08287,NWR,sleeper_defect,B,2,2,1,5.8,True,0
TDMS000585,Traction Distribution,COR02214,NWR,feeder_fault,A,3,7,13,1.7,True,0
SMMS001910,Signal & Telecommunication,COR01211,SCR,signal_failure,A,3,61,10,3.8,True,0
TMS004006,Engineering,COR03618,SWR,sleeper_defect,B,2,90,14,5.9,False,0
TMS005311,Engineering,COR02235,SWR,weld_failure,C,1,2,21,5.6,True,0
TMS003158,Engineering,COR01893,SCR,ballast_deficiency,C,1,2,66,2.9,True,0
TMS000474,Engineering,COR02157,SR,ballast_deficiency,C,1,74,70,3.2,True,0
SMMS001311,Signal & Telecommunication,COR01675,WCR,block_instrument_fault,B,2,2,55,3.3,True,0
SMMS001829,Signal & Telecommunication,COR01709,WCR,block_instrument_fault,B,2,1,58,1.9,False,0
TMS000315,Engineering,COR04024,WR,points_crossing_wear,B,2,13,14,2.4,True,0
TDMS000292,Traction Distribution,COR08063,NCR,tension_device_fault,C,1,1,3,0.6,True,0
TDMS000003,Traction Distribution,COR01315,NWR,tension_device_fault,C,1,1,19,4.1,True,0
SMMS000961,Signal & Telecommunication,COR02070,SWR,signal_failure,A,3,17,27,0.8,True,0
TDMS000708,Traction Distribution,COR00849,WR,tension_device_fault,C,1,116,9,2.8,True,0
TDMS000598,Traction Distribution,COR00380,NER,circuit_breaker_fault,A,3,7,21,3.7,True,0
SMMS001686,Signal & Telecommunication,COR04648,KR,signal_failure,A,3,3,22,3.7,True,0
TMS001516,Engineering,COR01643,SWR,sleeper_defect,B,2,175,27,5.6,False,0
TMS005744,Engineering,COR00760,NR,rail_fracture,A,3,9,37,2.2,True,0
TDMS000790,Traction Distribution,COR01213,SCR,ohe_pole_defect,C,1,26,10,3.6,True,0
SMMS000848,Signal & Telecommunication,COR01299,NWR,signal_failure,A,3,16,20,3.8,True,0
TMS000203,Engineering,COR01283,NR,ballast_deficiency,C,1,56,5,5.6,True,0
TMS004237,Engineering,COR01925,SCR,alignment_deviation,C,1,15,12,1.3,True,0
SMMS002587,Signal & Telecommunication,COR04550,NR,axle_counter_fault,A,3,2,37,3.7,True,0
TMS003664,Engineering,COR01717,WCR,alignment_deviation,C,1,88,54,5.1,True,0
SMMS002629,Signal & Telecommunication,COR06874,NR,point_machine_fault,B,2,14,5,1.5,True,0
TMS004899,Engineering,COR05807,NWR,sleeper_defect,B,2,35,10,2.0,True,0
TMS003897,Engineering,COR02794,WR,alignment_deviation,C,1,201,26,3.2,True,0
SMMS002829,Signal & Telecommunication,COR01249,CR,cable_fault,B,2,0,4,3.5,True,0
TDMS000180,Traction Distribution,COR00248,WCR,tension_device_fault,C,1,0,54,4.5,True,0
SMMS000238,Signal & Telecommunication,COR02487,ECR,point_machine_fault,B,2,3,7,0.6,True,0
TMS002270,Engineering,COR06586,NWR,sleeper_defect,B,2,4,6,4.0,True,0
TMS003435,Engineering,COR00213,NCR,alignment_deviation,C,1,9,53,3.7,True,0
SMMS002377,Signal & Telecommunication,COR05692,NCR,point_machine_fault,B,2,14,8,3.7,True,0
TMS001833,Engineering,COR00350,NER,points_crossing_wear,B,2,10,8,1.0,True,0
TMS001205,Engineering,COR00288,CR,weld_failure,A,3,52,68,2.3,True,0
TMS000254,Engineering,COR01338,NWR,sleeper_defect,B,2,5,30,3.6,True,0
TMS000888,Engineering,COR01566,CR,sleeper_defect,B,2,8,22,1.3,True,0
TMS001496,Engineering,COR01393,SR,sleeper_defect,B,2,9,18,4.4,True,0
SMMS002636,Signal & Telecommunication,COR03971,ER,block_instrument_fault,B,2,4,14,2.5,True,0
TMS003052,Engineering,COR05041,NER,rail_wear,C,1,244,4,5.0,True,0
TMS004375,Engineering,COR06728,NR,ballast_deficiency,C,1,79,3,1.5,True,0
TMS003583,Engineering,COR03738,SR,ballast_deficiency,C,1,71,7,1.3,True,0
TMS000192,Engineering,COR05392,NCR,alignment_deviation,C,1,12,12,1.6,True,0
TDMS001437,Traction Distribution,COR03627,SWR,ohe_pole_defect,C,1,59,15,2.2,True,0
TMS005868,Engineering,COR02087,SWR,rail_fracture,A,3,89,25,5.4,True,1
SMMS001532,Signal & Telecommunication,COR00870,SCR,axle_counter_fault,A,3,5,16,0.7,True,0
TDMS001239,Traction Distribution,COR04150,SR,ohe_pole_defect,C,1,286,35,3.0,True,0
TDMS001456,Traction Distribution,COR02027,NER,ohe_wire_wear,B,2,17,19,1.3,True,0
TDMS000154,Traction Distribution,COR01151,CR,ohe_pole_defect,C,1,20,49,1.8,True,0
TMS003745,Engineering,COR01896,SCR,rail_wear,C,1,41,66,1.2,True,0
SMMS001802,Signal & Telecommunication,COR06746,SWR,block_instrument_fault,B,2,25,5,0.6,False,0
TMS004516,Engineering,COR00691,WR,points_crossing_wear,B,2,6,90,5.9,True,0
TMS002089,Engineering,COR04810,ECR,rail_wear,C,1,12,9,1.8,False,0
SMMS000851,Signal & Telecommunication,COR07858,ECR,cable_fault,B,2,5,2,2.7,True,0
TDMS001175,Traction Distribution,COR01674,WCR,ohe_wire_wear,B,2,84,55,0.9,True,0
TDMS001486,Traction Distribution,COR01186,CR,insulator_fault,B,2,52,22,2.0,True,0
TDMS001519,Traction Distribution,COR02072,SWR,tension_device_fault,C,1,6,27,1.4,True,0
TMS000729,Engineering,COR00691,WR,sleeper_defect,B,2,48,90,2.7,True,0
TMS001238,Engineering,COR05128,NR,alignment_deviation,C,1,13,30,5.3,False,0
SMMS002478,Signal & Telecommunication,COR03802,NER,interlocking_fault,A,3,0,6,1.1,True,0
SMMS000379,Signal & Telecommunication,COR05068,NFR,cable_fault,B,2,1,12,3.1,True,0
SMMS002927,Signal & Telecommunication,COR00208,NCR,lc_gate_interlock_fault,A,3,2,53,0.9,False,1
TMS000174,Engineering,COR01682,WCR,sleeper_defect,A,3,12,55,1.9,True,1
TMS002668,Engineering,COR03000,SR,formation_defect,B,2,15,41,2.3,True,0
TMS000137,Engineering,COR02066,SWR,weld_failure,A,3,12,27,2.1,True,0
TMS005343,Engineering,COR00008,WR,ballast_deficiency,C,1,326,7,5.6,False,0
SMMS001359,Signal & Telecommunication,COR03628,SWR,cable_fault,B,2,4,13,2.3,True,0
SMMS001720,Signal & Telecommunication,COR00890,SCR,point_machine_fault,B,2,3,20,2.9,True,0
TMS005699,Engineering,COR04597,NFR,weld_failure,A,3,23,15,5.4,True,0
TDMS001373,Traction Distribution,COR00182,ECR,insulator_fault,B,2,69,13,3.2,True,0
TMS001730,Engineering,COR01890,SCR,ballast_deficiency,C,1,12,66,0.9,True,0
SMMS000541,Signal & Telecommunication,COR03089,SR,point_machine_fault,B,2,30,40,3.5,True,0
TMS002268,Engineering,COR04315,SR,ballast_deficiency,A,3,1145,13,5.3,True,1
TMS000228,Engineering,COR04084,SWR,sleeper_defect,B,2,1,11,2.1,True,0
TMS000606,Engineering,COR00479,CR,weld_failure,C,1,314,70,4.0,True,0
TMS000417,Engineering,COR00577,ECR,ballast_deficiency,C,1,53,16,0.7,True,0
TDMS001474,Traction Distribution,COR03821,NFR,ohe_wire_wear,B,2,102,19,1.9,True,0
TMS001146,Engineering,COR00257,WCR,alignment_deviation,C,1,7,54,2.3,True,0
TMS005788,Engineering,COR02484,ECR,sleeper_defect,B,2,1,7,5.9,True,0
TMS004626,Engineering,COR02221,SWR,points_crossing_wear,C,1,25,18,1.4,True,0
TMS003309,Engineering,COR01701,WCR,points_crossing_wear,B,2,9,58,2.4,True,0
TMS002108,Engineering,COR00289,CR,ballast_deficiency,C,1,21,68,3.4,False,0
TMS003464,Engineering,COR02399,WR,alignment_deviation,C,1,65,35,1.1,False,0
TMS000518,Engineering,COR01154,CR,sleeper_defect,B,2,2,49,1.2,False,0
TMS001340,Engineering,COR04998,SR,points_crossing_wear,B,2,6,13,5.4,True,0
TMS002192,Engineering,COR05255,SECR,weld_failure,A,3,1,2,3.3,True,0
SMMS002214,Signal & Telecommunication,COR02394,WR,point_machine_fault,B,2,5,35,2.0,True,0
SMMS002569,Signal & Telecommunication,COR06234,NWR,cable_fault,B,2,2,9,1.1,True,0
TDMS001321,Traction Distribution,COR02089,SWR,circuit_breaker_fault,A,3,15,24,5.0,True,0
TMS002479,Engineering,COR00240,WCR,points_crossing_wear,B,2,12,58,1.7,True,0
TMS000355,Engineering,COR07857,ECR,sleeper_defect,B,2,49,3,5.5,True,0
TMS005157,Engineering,COR00987,NFR,ballast_deficiency,A,3,49,19,1.4,True,0
TMS004948,Engineering,COR01717,WCR,points_crossing_wear,B,2,78,54,5.0,True,0
TMS001301,Engineering,COR00150,NR,sleeper_defect,B,2,72,38,1.1,True,0
TMS002662,Engineering,COR05628,NWR,ballast_deficiency,C,1,43,32,1.0,True,0
SMMS002691,Signal & Telecommunication,COR06470,WCR,point_machine_fault,B,2,3,4,1.6,True,0
SMMS001271,Signal & Telecommunication,COR02802,WR,interlocking_fault,A,3,2,53,1.4,True,1
TMS003074,Engineering,COR00775,NR,ballast_deficiency,C,1,42,35,1.8,True,0
TMS004091,Engineering,COR02826,WR,rail_wear,C,1,14,64,1.2,True,0
SMMS002599,Signal & Telecommunication,COR03014,SCR,signal_failure,A,3,5,3,2.1,True,0
SMMS002871,Signal & Telecommunication,COR01435,ECR,lc_gate_interlock_fault,A,3,0,39,2.7,True,0
SMMS000752,Signal & Telecommunication,COR02163,SR,cable_fault,B,2,24,20,2.5,False,0
TMS001249,Engineering,COR03005,ECR,rail_fracture,A,3,11,5,4.5,True,0
TDMS000884,Traction Distribution,COR00678,WR,ohe_pole_defect,C,1,3,94,2.9,True,0
TMS002610,Engineering,COR00092,NWR,alignment_deviation,C,1,110,30,5.1,True,0
SMMS001570,Signal & Telecommunication,COR01035,NFR,point_machine_fault,B,2,0,25,1.2,True,0
TMS004603,Engineering,COR04597,NFR,alignment_deviation,C,1,27,15,2.0,True,0
SMMS002153,Signal & Telecommunication,COR06153,WR,point_machine_fault,B,2,5,5,1.1,True,0
SMMS000064,Signal & Telecommunication,COR05737,SR,interlocking_fault,A,3,5,10,3.0,True,0
SMMS000304,Signal & Telecommunication,COR06388,NER,cable_fault,B,2,3,19,0.7,True,0
SMMS002325,Signal & Telecommunication,COR00206,NCR,point_machine_fault,B,2,3,53,4.0,True,0
TDMS001164,Traction Distribution,COR01883,SCR,ohe_wire_wear,B,2,79,62,1.9,True,0
SMMS000173,Signal & Telecommunication,COR04684,KR,interlocking_fault,A,3,5,26,1.3,True,0
TMS000340,Engineering,COR04036,NER,ballast_deficiency,C,1,12,33,3.8,False,0
SMMS001080,Signal & Telecommunication,COR00217,WCR,interlocking_fault,A,3,5,53,1.8,True,0
TMS003812,Engineering,COR07072,NWR,formation_defect,C,1,8,4,5.6,True,0
TMS001499,Engineering,COR00689,WR,points_crossing_wear,B,2,8,90,2.1,True,0
TDMS001971,Traction Distribution,COR02108,SWR,insulator_fault,B,2,9,25,4.2,True,0
TMS004053,Engineering,COR00765,NR,sleeper_defect,B,2,9,37,5.7,True,0
SMMS002774,Signal & Telecommunication,COR00094,NWR,cable_fault,B,2,84,30,1.0,True,0
TMS001891,Engineering,COR03904,NR,alignment_deviation,C,1,70,22,1.1,True,0
SMMS001918,Signal & Telecommunication,COR02232,SWR,lc_gate_interlock_fault,A,3,3,21,3.4,True,0
TMS000465,Engineering,COR01332,NWR,ballast_deficiency,C,1,31,30,4.3,True,0
TMS000644,Engineering,COR04365,ECR,rail_fracture,A,3,5,15,3.8,True,0
TMS003855,Engineering,COR05392,NCR,sleeper_defect,B,2,29,12,1.7,True,0
SMMS002742,Signal & Telecommunication,COR02320,WR,interlocking_fault,A,3,3,23,1.1,False,0
TMS000485,Engineering,COR04578,NCR,points_crossing_wear,B,2,4,13,1.5,True,0
TMS004266,Engineering,COR04734,NR,ballast_deficiency,C,1,10,8,5.3,True,0
TMS004239,Engineering,COR02691,NR,formation_defect,B,2,606,17,1.1,True,0
TMS001140,Engineering,COR04026,WR,ballast_deficiency,C,1,12,14,0.8,True,0
SMMS001289,Signal & Telecommunication,COR03224,WR,lc_gate_interlock_fault,A,3,3,3,1.9,False,0
TMS002025,Engineering,COR00600,NER,rail_fracture,A,3,11,16,3.3,True,0
TDMS002052,Traction Distribution,COR06253,SCR,insulator_fault,B,2,1,16,0.6,True,0
TDMS001989,Traction Distribution,COR00025,WR,ohe_wire_wear,B,2,3,35,4.1,True,0
SMMS002647,Signal & Telecommunication,COR01727,NCR,signal_failure,A,3,4,54,2.5,True,1
TMS002140,Engineering,COR02519,NWR,ballast_deficiency,C,1,37,3,4.9,False,0
SMMS002087,Signal & Telecommunication,COR01942,SCR,point_machine_fault,B,2,3,22,3.1,True,0
SMMS002606,Signal & Telecommunication,COR04552,NR,interlocking_fault,A,3,4,37,1.9,True,0
TMS001832,Engineering,COR06394,NER,sleeper_defect,B,2,0,19,4.5,True,0
TMS001731,Engineering,COR00057,WR,sleeper_defect,B,2,34,31,2.2,True,0
TMS005080,Engineering,COR03035,NR,ballast_deficiency,C,1,13,12,4.3,True,0
TMS000935,Engineering,COR00278,WCR,formation_defect,B,2,398,68,2.6,True,1
TMS001655,Engineering,COR04414,NER,formation_defect,B,2,2660,8,1.3,True,0
TDMS001119,Traction Distribution,COR03121,ER,insulator_fault,B,2,103,4,0.9,True,0
TDMS001917,Traction Distribution,COR00253,WCR,tension_device_fault,C,1,1,54,3.2,True,0
TMS004812,Engineering,COR05169,ECR,ballast_deficiency,C,1,161,9,4.7,True,0
TMS005281,Engineering,COR00635,SECR,ballast_deficiency,C,1,5,9,3.2,True,0
SMMS000072,Signal & Telecommunication,COR04181,NR,block_instrument_fault,B,2,4,18,3.7,False,0
TDMS000457,Traction Distribution,COR02155,SR,ohe_pole_defect,C,1,16,70,4.4,True,0
TMS003142,Engineering,COR04935,KR,sleeper_defect,B,2,35,26,2.6,True,0
TMS004902,Engineering,COR04955,KR,rail_wear,A,3,31,25,3.3,True,0
TMS005463,Engineering,COR04603,NFR,points_crossing_wear,B,2,364,15,1.2,True,1
SMMS001174,Signal & Telecommunication,COR00064,WR,point_machine_fault,B,2,4,31,1.9,False,0
TMS003626,Engineering,COR00792,NWR,formation_defect,B,2,2,26,4.5,False,0
SMMS002843,Signal & Telecommunication,COR00772,NR,cable_fault,B,2,4,35,3.8,True,0
TMS003645,Engineering,COR00949,SR,formation_defect,B,2,15,10,3.6,False,0
SMMS000971,Signal & Telecommunication,COR02301,NR,cable_fault,B,2,2,29,0.6,True,0
TDMS000140,Traction Distribution,COR00473,CR,earthing_fault,B,2,56,69,3.5,True,0
TMS001760,Engineering,COR01999,NR,points_crossing_wear,B,2,20,7,1.0,False,0
TMS005089,Engineering,COR04270,CR,points_crossing_wear,B,2,61,33,4.7,True,0
TDMS001662,Traction Distribution,COR04928,KR,tension_device_fault,C,1,15,26,4.7,True,0
TDMS000874,Traction Distribution,COR00220,WCR,feeder_fault,A,3,116,53,2.5,True,1
TMS003724,Engineering,COR01365,WR,rail_fracture,A,3,13,38,5.9,True,0
TDMS002452,Traction Distribution,COR02849,SWR,ohe_wire_wear,B,2,76,15,4.3,True,0
TDMS001496,Traction Distribution,COR04134,SR,earthing_fault,B,2,15,41,2.7,True,0
TDMS001500,Traction Distribution,COR04685,KR,insulator_fault,B,2,67,26,3.2,True,0
TMS003608,Engineering,COR07399,NR,weld_failure,A,3,10,8,1.1,False,0
TDMS000853,Traction Distribution,COR04804,NCR,insulator_fault,B,2,105,10,0.7,True,0
TMS002440,Engineering,COR01412,SR,points_crossing_wear,B,2,1966,20,4.4,True,1
TDMS001642,Traction Distribution,COR01715,WCR,feeder_fault,A,3,93,54,1.8,True,1
SMMS001369,Signal & Telecommunication,COR05133,NER,axle_counter_fault,A,3,0,4,1.9,True,0
TMS005652,Engineering,COR00539,SR,alignment_deviation,C,1,8,35,3.5,True,0
TMS000204,Engineering,COR01091,SWR,weld_failure,A,3,12,20,4.9,True,0
SMMS000641,Signal & Telecommunication,COR03253,WCR,block_instrument_fault,B,2,2,42,1.1,True,0
TDMS000214,Traction Distribution,COR02801,WR,ohe_wire_wear,B,2,42,53,4.0,True,0
TMS004671,Engineering,COR00867,SCR,weld_failure,A,3,2,17,3.9,True,0
TMS004284,Engineering,COR02694,NR,alignment_deviation,C,1,5,27,0.6,True,0
TDMS001338,Traction Distribution,COR02845,SWR,earthing_fault,B,2,11,15,2.1,True,0
TMS000891,Engineering,COR00542,SR,sleeper_defect,B,2,6,35,5.1,True,0
TDMS002153,Traction Distribution,COR00155,NR,insulator_fault,B,2,25,36,3.2,True,0
TMS002124,Engineering,COR02936,NER,sleeper_defect,B,2,200,5,4.6,True,0
TMS005174,Engineering,COR00714,WR,ballast_deficiency,C,1,0,45,4.2,True,0
TDMS001441,Traction Distribution,COR01879,SCR,insulator_fault,B,2,15,62,0.9,True,0
SMMS002315,Signal & Telecommunication,COR00197,ECR,lc_gate_interlock_fault,A,3,132,19,1.3,True,0
TMS003358,Engineering,COR05517,ER,alignment_deviation,B,2,48,10,5.3,False,0
TMS001963,Engineering,COR01602,SWR,rail_wear,C,1,9,25,2.1,True,0
TMS002500,Engineering,COR04905,SWR,rail_fracture,A,3,12,20,1.0,True,0
SMMS000441,Signal & Telecommunication,COR04263,NCR,point_machine_fault,B,2,3,14,1.8,True,0
TMS005866,Engineering,COR06869,NR,ballast_deficiency,C,1,15,7,4.4,True,0
TMS002489,Engineering,COR02309,NR,rail_fracture,A,3,251,29,3.8,True,1
TDMS000921,Traction Distribution,COR00488,WCR,tension_device_fault,C,1,8,69,1.4,True,0
TDMS000773,Traction Distribution,COR00595,ECR,circuit_breaker_fault,A,3,3,16,4.1,True,0
TMS001916,Engineering,COR06396,NER,points_crossing_wear,B,2,51,19,4.7,True,0
SMMS000286,Signal & Telecommunication,COR02356,NWR,signal_failure,A,3,2,24,3.1,True,0
TMS005291,Engineering,COR00721,WR,alignment_deviation,C,1,11,26,1.1,True,0
SMMS001331,Signal & Telecommunication,COR01363,WR,point_machine_fault,B,2,9,34,2.0,True,0
TDMS001951,Traction Distribution,COR04868,NWR,ohe_wire_wear,B,2,7,8,1.7,True,0
TMS001189,Engineering,COR01786,SWR,sleeper_defect,B,2,15,9,1.5,True,0
TMS001836,Engineering,COR01605,SWR,alignment_deviation,C,1,13,25,0.7,True,0
TMS004354,Engineering,COR04209,NCR,ballast_deficiency,C,1,24,7,6.0,True,0
SMMS002542,Signal & Telecommunication,COR02810,WR,interlocking_fault,A,3,0,87,0.7,True,1
SMMS001648,Signal & Telecommunication,COR00231,WCR,lc_gate_interlock_fault,A,3,1,57,3.0,True,0
TMS004205,Engineering,COR04107,NR,weld_failure,A,3,222,10,1.8,True,0
TDMS000442,Traction Distribution,COR01656,NR,ohe_wire_wear,B,2,16,33,2.6,True,0
TMS003420,Engineering,COR04864,NWR,ballast_deficiency,C,1,7,9,3.5,True,0
TMS000956,Engineering,COR07436,SECR,points_crossing_wear,B,2,13,4,2.2,False,0
TMS000047,Engineering,COR04513,SWR,rail_wear,C,1,52,10,3.9,True,0
TMS004197,Engineering,COR03043,SR,weld_failure,A,3,15,22,2.7,True,0
SMMS001854,Signal & Telecommunication,COR01325,NWR,point_machine_fault,B,2,4,30,1.6,True,0
SMMS002111,Signal & Telecommunication,COR01679,WCR,lc_gate_interlock_fault,A,3,4,55,1.1,True,0
TDMS001305,Traction Distribution,COR01634,SWR,insulator_fault,B,2,40,27,1.6,True,0
SMMS002561,Signal & Telecommunication,COR04553,NR,signal_failure,A,3,15,37,3.7,True,0
TMS003743,Engineering,COR05982,NR,rail_fracture,A,3,15,8,2.7,True,0
SMMS000771,Signal & Telecommunication,COR00199,ECR,block_instrument_fault,B,2,1,19,3.2,True,0
SMMS002667,Signal & Telecommunication,COR02974,SR,block_instrument_fault,B,2,1,40,1.6,True,0
SMMS000565,Signal & Telecommunication,COR05394,NCR,signal_failure,A,3,1,11,2.9,True,0
SMMS000503,Signal & Telecommunication,COR02119,SWR,signal_failure,A,3,0,27,0.8,True,0
TDMS001584,Traction Distribution,COR05079,ER,feeder_fault,A,3,4,3,4.8,True,0
TMS002817,Engineering,COR01482,NFR,ballast_deficiency,B,2,4,22,3.5,True,0
TMS005642,Engineering,COR03039,SR,rail_wear,C,1,14,22,2.3,True,0
SMMS002601,Signal & Telecommunication,COR06349,NR,point_machine_fault,B,2,1,4,3.7,True,0
TMS003757,Engineering,COR00949,SR,sleeper_defect,B,2,11,10,0.7,True,0
SMMS001032,Signal & Telecommunication,COR06389,NER,point_machine_fault,B,2,5,19,1.2,True,0
TDMS000126,Traction Distribution,COR02204,SECR,earthing_fault,B,2,124,7,4.8,True,0
TMS005394,Engineering,COR03953,ER,ballast_deficiency,C,1,21,11,4.6,True,0
TDMS000917,Traction Distribution,COR05015,SR,insulator_fault,B,2,10,7,3.9,True,0
SMMS001317,Signal & Telecommunication,COR01716,WCR,point_machine_fault,B,2,29,54,3.3,True,0
SMMS002611,Signal & Telecommunication,COR00687,WR,lc_gate_interlock_fault,A,3,0,90,3.7,True,1
TMS000808,Engineering,COR04379,SR,alignment_deviation,C,1,72,9,3.2,False,0
TDMS001630,Traction Distribution,COR04052,NER,feeder_fault,A,3,3,21,4.5,True,0
TMS001028,Engineering,COR02300,NR,rail_fracture,A,3,74,29,1.9,True,0
TDMS001354,Traction Distribution,COR03256,WCR,ohe_wire_wear,B,2,41,42,3.3,True,0
TDMS000801,Traction Distribution,COR03021,NR,feeder_fault,A,3,1,11,4.8,True,0
TDMS000375,Traction Distribution,COR00483,WCR,feeder_fault,A,3,4,69,3.3,True,1
TMS005756,Engineering,COR06269,NR,sleeper_defect,B,2,5,6,4.7,True,0
TDMS001095,Traction Distribution,COR01710,WCR,earthing_fault,B,2,14,54,3.2,True,0
SMMS001769,Signal & Telecommunication,COR02943,SR,cable_fault,B,2,0,6,2.4,True,0
TMS003862,Engineering,COR02799,WR,rail_wear,C,1,17,53,4.0,True,0
TMS001897,Engineering,COR04244,NR,alignment_deviation,C,1,134,18,4.8,True,0
TMS001861,Engineering,COR01861,NR,formation_defect,B,2,7,37,2.9,True,0
TMS005638,Engineering,COR06845,NR,points_crossing_wear,B,2,279,6,2.0,True,0
SMMS002488,Signal & Telecommunication,COR02117,SWR,point_machine_fault,B,2,2,27,3.3,True,0
TMS000564,Engineering,COR02353,NWR,rail_wear,C,1,5,12,4.1,True,0
TMS005673,Engineering,COR04554,NR,alignment_deviation,C,1,73,37,5.7,True,0
TDMS000198,Traction Distribution,COR02921,NER,insulator_fault,B,2,516,5,2.0,True,1
SMMS001908,Signal & Telecommunication,COR02862,SWR,cable_fault,B,2,2,18,3.8,True,0
TMS003143,Engineering,COR00281,WCR,alignment_deviation,C,1,231,68,1.2,True,0
TMS003283,Engineering,COR01296,NWR,alignment_deviation,C,1,2,20,0.9,True,0
SMMS002633,Signal & Telecommunication,COR04880,SCR,cable_fault,B,2,2,7,1.3,True,0
TMS005252,Engineering,COR04670,KR,rail_wear,C,1,15,25,5.8,True,0
TMS002230,Engineering,COR04937,KR,weld_failure,A,3,12,26,4.7,False,0
TMS003179,Engineering,COR02578,SECR,ballast_deficiency,C,1,5,6,0.6,True,0
TDMS002322,Traction Distribution,COR02996,SR,ohe_wire_wear,B,2,19,41,3.1,True,0
TMS001873,Engineering,COR01835,WR,alignment_deviation,C,1,10,27,2.7,True,0
SMMS000282,Signal & Telecommunication,COR03693,SER,lc_gate_interlock_fault,A,3,15,23,3.3,True,0
TMS000206,Engineering,COR02776,NR,ballast_deficiency,C,1,46,28,5.5,True,0
TMS003051,Engineering,COR03152,CR,weld_failure,A,3,3626,33,5.6,True,1
TDMS000555,Traction Distribution,COR01731,NR,ohe_pole_defect,C,1,570,10,0.5,True,0
SMMS000174,Signal & Telecommunication,COR02820,WR,cable_fault,B,2,2,90,1.6,True,0
SMMS001336,Signal & Telecommunication,COR02798,WR,cable_fault,B,2,2,53,2.9,True,0
TMS001175,Engineering,COR00256,WCR,sleeper_defect,B,2,10,54,5.0,True,0
SMMS001635,Signal & Telecommunication,COR05127,NR,interlocking_fault,A,3,2,30,2.4,True,0
TMS002497,Engineering,COR00687,WR,alignment_deviation,C,1,9,90,3.7,True,0
TMS002810,Engineering,COR03993,ER,ballast_deficiency,C,1,52,14,0.9,True,0
TMS004351,Engineering,COR02406,WR,alignment_deviation,A,3,7,26,2.6,False,0
SMMS002345,Signal & Telecommunication,COR04333,NWR,point_machine_fault,B,2,0,2,2.9,True,0
SMMS000863,Signal & Telecommunication,COR05336,WR,cable_fault,B,2,4,5,1.2,True,0
TDMS000145,Traction Distribution,COR00368,NER,circuit_breaker_fault,A,3,8,21,2.6,True,0
SMMS002407,Signal & Telecommunication,COR00111,NWR,axle_counter_fault,A,3,113,20,2.7,True,0
TMS003475,Engineering,COR00527,SR,ballast_deficiency,C,1,10,16,0.9,True,0
TMS002625,Engineering,COR04002,SR,sleeper_defect,B,2,67,22,4.8,True,0
TMS004357,Engineering,COR02392,WR,rail_wear,C,1,10,36,2.0,True,0
TDMS000456,Traction Distribution,COR02703,NR,tension_device_fault,C,1,75,27,2.9,True,0
TMS002785,Engineering,COR00965,NFR,sleeper_defect,B,2,14,11,0.9,True,0
SMMS001485,Signal & Telecommunication,COR00011,WR,interlocking_fault,A,3,8,20,2.0,True,0
TMS000075,Engineering,COR02711,NER,formation_defect,B,2,342,7,3.7,True,1
TMS001234,Engineering,COR00279,WCR,alignment_deviation,C,1,0,68,5.8,True,0
SMMS002415,Signal & Telecommunication,COR01153,CR,axle_counter_fault,A,3,2,49,2.0,True,1
TMS004280,Engineering,COR00702,ECR,ballast_deficiency,C,1,5,5,4.7,False,0
TMS001042,Engineering,COR00972,NFR,alignment_deviation,C,1,3,14,2.5,True,0
TMS004804,Engineering,COR00209,NCR,sleeper_defect,A,3,9,53,5.7,False,0
SMMS000713,Signal & Telecommunication,COR02151,SR,interlocking_fault,A,3,4,70,1.2,True,0
SMMS002989,Signal & Telecommunication,COR02708,SECR,interlocking_fault,A,3,18,7,3.5,True,0
TMS005390,Engineering,COR00492,WCR,ballast_deficiency,C,1,1,69,5.8,True,0
TMS002829,Engineering,COR03639,SCR,alignment_deviation,C,1,61,8,4.8,True,0
TDMS001952,Traction Distribution,COR06234,NWR,ohe_pole_defect,C,1,15,9,1.6,True,0
TDMS000833,Traction Distribution,COR04731,NR,earthing_fault,B,2,25,8,0.7,True,0
TMS003012,Engineering,COR05126,NR,sleeper_defect,B,2,9,30,4.1,True,0
TMS003611,Engineering,COR02340,WR,sleeper_defect,B,2,10,11,3.0,True,0
TMS003713,Engineering,COR00234,WCR,rail_fracture,B,2,0,58,1.6,True,0
SMMS000545,Signal & Telecommunication,COR02298,NR,signal_failure,A,3,1,29,1.3,True,0
TDMS001417,Traction Distribution,COR00543,SR,feeder_fault,A,3,451,35,3.4,True,1
SMMS001626,Signal & Telecommunication,COR00854,SCR,point_machine_fault,B,2,3,26,0.6,True,0
TDMS000498,Traction Distribution,COR00863,SCR,tension_device_fault,C,1,75,18,3.5,True,0
TMS003446,Engineering,COR03150,CR,ballast_deficiency,C,1,44,33,2.3,True,0
TDMS000757,Traction Distribution,COR02537,NR,circuit_breaker_fault,A,3,84,17,1.2,True,0
SMMS001537,Signal & Telecommunication,COR01188,CR,block_instrument_fault,B,2,2,22,3.3,True,0
TMS000575,Engineering,COR00776,NR,ballast_deficiency,C,1,14,35,4.6,True,0
TMS004643,Engineering,COR03844,NFR,alignment_deviation,C,1,1,14,1.4,False,0
TMS005178,Engineering,COR00126,NWR,alignment_deviation,C,1,1,27,1.4,True,0
SMMS000470,Signal & Telecommunication,COR00476,CR,point_machine_fault,B,2,129,69,2.8,True,0
TMS000633,Engineering,COR03573,SER,sleeper_defect,B,2,137,26,5.8,True,0
SMMS001753,Signal & Telecommunication,COR00763,NR,lc_gate_interlock_fault,A,3,2,35,2.0,True,0
TMS003393,Engineering,COR00769,NR,rail_wear,C,1,11,35,4.8,True,0
TMS004652,Engineering,COR04347,NWR,rail_wear,C,1,10,2,2.5,True,0
TDMS001955,Traction Distribution,COR06699,WR,circuit_breaker_fault,A,3,2,9,4.4,True,0
TMS005580,Engineering,COR00611,SCR,ballast_deficiency,C,1,32,67,3.6,True,0
TMS003935,Engineering,COR07401,NR,rail_wear,C,1,25,8,0.6,True,0
SMMS001530,Signal & Telecommunication,COR02130,SCR,signal_failure,A,3,1,20,3.4,True,0
SMMS000488,Signal & Telecommunication,COR05664,NWR,signal_failure,A,3,0,8,2.0,True,0
SMMS000214,Signal & Telecommunication,COR00579,ECR,signal_failure,A,3,1,20,2.4,True,0
TMS005957,Engineering,COR05075,WR,formation_defect,C,1,9,15,1.0,False,0
TDMS002305,Traction Distribution,COR01376,SR,ohe_wire_wear,B,2,95,6,3.2,True,0
TMS002051,Engineering,COR01477,NFR,ballast_deficiency,C,1,90,25,1.8,True,0
TMS005415,Engineering,COR05527,ER,points_crossing_wear,B,2,374,9,5.9,True,1
TMS003387,Engineering,COR01610,SWR,alignment_deviation,C,1,10,26,0.8,True,0
TMS004158,Engineering,COR04908,SWR,points_crossing_wear,B,2,14,19,4.7,False,0
TMS005152,Engineering,COR02885,NR,points_crossing_wear,B,2,2,61,3.2,False,0
SMMS002572,Signal & Telecommunication,COR06663,NR,point_machine_fault,B,2,4,8,1.6,False,0
TMS003380,Engineering,COR03383,NR,weld_failure,A,3,17,11,4.6,True,0
TMS001284,Engineering,COR01182,CR,alignment_deviation,C,1,58,22,5.6,True,0
TMS002324,Engineering,COR01852,NR,sleeper_defect,B,2,0,36,0.6,True,0
TMS005464,Engineering,COR00019,WR,alignment_deviation,C,1,11,26,0.5,True,0
SMMS000399,Signal & Telecommunication,COR04044,NER,cable_fault,B,2,13,21,3.5,True,0
TDMS002096,Traction Distribution,COR00211,NCR,circuit_breaker_fault,A,3,83,53,3.7,True,1
TDMS002445,Traction Distribution,COR00618,SCR,earthing_fault,B,2,17,63,2.4,True,0
TMS003298,Engineering,COR01559,CR,ballast_deficiency,C,1,44,22,5.4,False,0
TDMS002334,Traction Distribution,COR01897,SCR,feeder_fault,A,3,14,66,1.0,True,1
TMS000569,Engineering,COR03363,NWR,alignment_deviation,C,1,116,11,1.5,True,0
TMS005245,Engineering,COR02297,NR,formation_defect,B,2,7,29,4.5,True,0
TMS005338,Engineering,COR01002,NFR,ballast_deficiency,C,1,4,19,6.0,True,0
SMMS000614,Signal & Telecommunication,COR03511,SR,cable_fault,B,2,15,5,2.1,True,0
TMS002520,Engineering,COR03894,NR,alignment_deviation,C,1,15,27,1.7,True,0
SMMS002212,Signal & Telecommunication,COR02831,WR,point_machine_fault,B,2,2,95,2.5,True,0
TMS004315,Engineering,COR01857,NR,ballast_deficiency,C,1,9,35,1.3,False,0
TMS000046,Engineering,COR01322,NWR,ballast_deficiency,C,1,57,30,4.2,True,0
TDMS001128,Traction Distribution,COR04616,NFR,ohe_wire_wear,B,2,4,18,0.9,True,0
SMMS000671,Signal & Telecommunication,COR00469,CR,signal_failure,A,3,3,69,2.9,True,0
TDMS000404,Traction Distribution,COR02395,WR,insulator_fault,B,2,17,35,3.6,True,0
TDMS002412,Traction Distribution,COR00686,WR,ohe_wire_wear,B,2,116,91,3.0,True,0
TMS002052,Engineering,COR00561,NR,points_crossing_wear,B,2,11,26,2.0,True,0
SMMS002900,Signal & Telecommunication,COR01404,SR,cable_fault,B,2,2,11,1.0,True,0
TMS002058,Engineering,COR00197,ECR,sleeper_defect,B,2,11,19,3.4,True,0
TDMS001413,Traction Distribution,COR01705,WCR,ohe_pole_defect,C,1,14,58,2.6,True,0
SMMS000969,Signal & Telecommunication,COR03077,SR,cable_fault,B,2,2,40,3.7,True,0
TMS001634,Engineering,COR03083,SR,ballast_deficiency,C,1,1,40,2.2,False,0
TMS000346,Engineering,COR00282,WCR,points_crossing_wear,B,2,0,68,1.4,False,0
TMS001908,Engineering,COR00476,CR,sleeper_defect,B,2,4,69,0.7,True,0
TMS005881,Engineering,COR05126,NR,sleeper_defect,B,2,234,30,2.0,True,0
SMMS001535,Signal & Telecommunication,COR05738,SR,lc_gate_interlock_fault,A,3,4,10,3.3,True,0
TMS005959,Engineering,COR04952,KR,ballast_deficiency,C,1,74,25,1.1,True,0
TMS000281,Engineering,COR02671,NR,rail_wear,C,1,47,7,0.7,True,0
TDMS001626,Traction Distribution,COR04943,KR,ohe_wire_wear,B,2,44,26,4.8,True,0
TMS004067,Engineering,COR04235,NWR,alignment_deviation,C,1,8,10,2.5,True,0
TMS001893,Engineering,COR05129,NR,points_crossing_wear,B,2,5,30,5.7,True,0
TDMS000779,Traction Distribution,COR05284,SWR,ohe_wire_wear,B,2,17,7,2.3,True,0
SMMS002329,Signal & Telecommunication,COR00051,WR,cable_fault,B,2,21,24,2.3,True,0
SMMS000347,Signal & Telecommunication,COR01864,NR,axle_counter_fault,A,3,1,37,2.5,True,0
TDMS001896,Traction Distribution,COR01721,NCR,circuit_breaker_fault,A,3,20,54,0.9,True,1
TMS004923,Engineering,COR00593,ECR,points_crossing_wear,B,2,47,16,0.9,True,0
TDMS001611,Traction Distribution,COR00203,NR,earthing_fault,B,2,120,10,2.7,True,0
TDMS001449,Traction Distribution,COR01921,SCR,earthing_fault,B,2,114,12,4.7,True,0
TMS002588,Engineering,COR00625,SCR,sleeper_defect,B,2,10,63,2.0,True,0
SMMS002015,Signal & Telecommunication,COR00579,ECR,signal_failure,A,3,4,20,0.9,False,0
TMS005733,Engineering,COR01080,SWR,ballast_deficiency,C,1,3,22,4.7,True,0
TMS005175,Engineering,COR02806,WR,sleeper_defect,B,2,13,54,1.5,True,0
SMMS000715,Signal & Telecommunication,COR00393,WR,interlocking_fault,A,3,5,4,3.1,True,0
TMS005176,Engineering,COR00428,SCR,rail_wear,C,1,12,20,1.5,True,0
SMMS002149,Signal & Telecommunication,COR00101,NWR,interlocking_fault,A,3,3,19,2.7,True,0
TDMS000545,Traction Distribution,COR06720,WR,ohe_wire_wear,B,2,9,2,3.2,True,0
TDMS001118,Traction Distribution,COR05501,NER,ohe_wire_wear,B,2,5,9,3.3,True,0
TMS005952,Engineering,COR00158,NR,alignment_deviation,C,1,3,38,1.3,True,0
TDMS001606,Traction Distribution,COR01567,CR,ohe_pole_defect,C,1,114,22,0.9,True,0
TMS004021,Engineering,COR02543,SECR,sleeper_defect,B,2,1,7,5.2,True,0
TDMS000356,Traction Distribution,COR01109,SCR,ohe_pole_defect,C,1,2,14,2.3,True,0
SMMS001483,Signal & Telecommunication,COR01522,CR,block_instrument_fault,B,2,4,50,0.7,True,0
TDMS000590,Traction Distribution,COR01670,WCR,tension_device_fault,C,1,20,55,3.9,True,0
TMS005282,Engineering,COR00291,CR,ballast_deficiency,C,1,60,68,3.9,True,0
TMS004036,Engineering,COR01723,NCR,rail_wear,C,1,79,54,2.7,True,0
TMS000764,Engineering,COR03278,SWR,sleeper_defect,B,2,16,12,4.1,False,0
SMMS001593,Signal & Telecommunication,COR00438,SCR,cable_fault,B,2,67,17,3.6,True,0
TDMS001935,Traction Distribution,COR04329,SR,earthing_fault,B,2,96,15,2.1,True,0
TMS003582,Engineering,COR04158,SR,alignment_deviation,C,1,8,35,3.5,True,0
TDMS002209,Traction Distribution,COR01697,WCR,ohe_wire_wear,B,2,438,59,0.7,True,1
TDMS001054,Traction Distribution,COR01510,CR,earthing_fault,B,2,531,19,3.0,True,1
TMS000320,Engineering,COR00780,NWR,rail_wear,C,1,29,26,3.0,True,0
SMMS002464,Signal & Telecommunication,COR00042,WR,point_machine_fault,B,2,2,35,1.2,True,0
TMS005081,Engineering,COR04920,CR,weld_failure,A,3,61,26,2.3,True,0
TDMS002053,Traction Distribution,COR04296,NER,ohe_wire_wear,B,2,14,16,4.9,True,0
TDMS000575,Traction Distribution,COR03684,CR,ohe_wire_wear,B,2,0,1,2.8,True,0
TDMS000395,Traction Distribution,COR01358,WR,ohe_wire_wear,B,2,4,35,2.5,True,0
SMMS000376,Signal & Telecommunication,COR00198,ECR,axle_counter_fault,A,3,0,15,3.4,True,0
TDMS000662,Traction Distribution,COR00868,SCR,tension_device_fault,C,1,6,17,3.3,True,0
TMS004047,Engineering,COR02698,NR,weld_failure,A,3,130,27,0.8,True,1
TMS002019,Engineering,COR00192,ECR,sleeper_defect,B,2,0,15,4.9,False,0
SMMS001590,Signal & Telecommunication,COR02395,WR,interlocking_fault,A,3,1,35,4.0,True,0
SMMS002185,Signal & Telecommunication,COR05868,NR,signal_failure,A,3,28,8,1.7,True,0
TDMS002463,Traction Distribution,COR00217,WCR,ohe_pole_defect,C,1,349,53,4.6,True,1
TMS004618,Engineering,COR00981,NFR,alignment_deviation,C,1,3,14,4.9,True,0
TDMS002218,Traction Distribution,COR02861,SWR,insulator_fault,B,2,4,18,2.4,True,0
TMS001975,Engineering,COR07529,NFR,sleeper_defect,B,2,135,6,3.8,True,0
TDMS000828,Traction Distribution,COR00545,SR,tension_device_fault,C,1,10,35,2.7,True,0
SMMS000993,Signal & Telecommunication,COR04214,NR,lc_gate_interlock_fault,A,3,173,7,3.3,True,1
SMMS001384,Signal & Telecommunication,COR02379,WR,point_machine_fault,B,2,29,35,2.9,False,0
TMS003597,Engineering,COR01837,WR,ballast_deficiency,C,1,3,22,2.5,False,0
TDMS000592,Traction Distribution,COR04234,NWR,earthing_fault,B,2,1,10,1.2,True,0
TMS001504,Engineering,COR02838,WR,alignment_deviation,C,1,130,95,0.5,True,0
TMS000595,Engineering,COR04265,WR,points_crossing_wear,B,2,3,24,0.9,True,0
TDMS002138,Traction Distribution,COR02755,SCR,ohe_pole_defect,C,1,571,9,4.3,True,0
TMS000249,Engineering,COR02827,WR,alignment_deviation,C,1,2,90,1.8,True,0
TMS000776,Engineering,COR05184,ECR,weld_failure,A,3,3,17,3.1,True,0
SMMS002127,Signal & Telecommunication,COR03629,SWR,cable_fault,B,2,3,15,2.3,True,0
TMS002739,Engineering,COR00285,WCR,points_crossing_wear,B,2,13,69,6.0,True,0
TDMS000164,Traction Distribution,COR04303,NER,ohe_wire_wear,B,2,7,17,2.5,True,0
SMMS002887,Signal & Telecommunication,COR08353,CR,signal_failure,A,3,4,2,3.7,True,0
TMS005856,Engineering,COR01890,SCR,points_crossing_wear,B,2,1,66,5.0,False,0
TMS003486,Engineering,COR02700,NR,sleeper_defect,C,1,2,27,0.8,True,0
TMS000800,Engineering,COR01574,CR,alignment_deviation,C,1,54,23,2.3,True,0
SMMS001977,Signal & Telecommunication,COR05020,SR,point_machine_fault,B,2,25,6,1.3,True,0
TMS004167,Engineering,COR02824,WR,formation_defect,B,2,5,91,3.7,True,0
SMMS001639,Signal & Telecommunication,COR01654,SWR,point_machine_fault,B,2,0,28,2.2,True,0
TDMS001145,Traction Distribution,COR02623,ER,tension_device_fault,C,1,11,10,3.0,True,0
TMS003676,Engineering,COR05664,NWR,formation_defect,B,2,12,8,2.1,True,0
TDMS001857,Traction Distribution,COR07511,CR,ohe_pole_defect,C,1,505,1,1.0,True,0
TMS003909,Engineering,COR04553,NR,alignment_deviation,C,1,50,37,5.0,True,0
SMMS000572,Signal & Telecommunication,COR02970,SR,axle_counter_fault,A,3,3,40,3.3,True,0
TDMS001439,Traction Distribution,COR00244,WCR,ohe_wire_wear,B,2,53,34,1.0,True,0
SMMS000034,Signal & Telecommunication,COR00618,SCR,signal_failure,A,3,0,63,1.1,False,1
SMMS002156,Signal & Telecommunication,COR06104,WR,cable_fault,B,2,0,12,0.9,True,0
TDMS002136,Traction Distribution,COR04814,ECR,ohe_wire_wear,B,2,20,10,0.6,True,0
TMS001290,Engineering,COR05113,WCR,alignment_deviation,C,1,2654,5,1.7,False,0
TMS004469,Engineering,COR04644,KR,formation_defect,A,3,9,22,1.4,True,0
SMMS002713,Signal & Telecommunication,COR03721,NFR,axle_counter_fault,A,3,28,21,1.0,True,0
TMS003184,Engineering,COR01133,NER,ballast_deficiency,C,1,13,8,3.1,True,0
TMS003605,Engineering,COR00078,NWR,alignment_deviation,C,1,60,30,1.0,True,0
TMS002083,Engineering,COR00491,WCR,sleeper_defect,B,2,56,69,0.8,True,0
TDMS000823,Traction Distribution,COR01102,SCR,ohe_wire_wear,B,2,58,14,3.4,True,0
TMS002103,Engineering,COR02131,SCR,alignment_deviation,C,1,4,20,5.4,True,0
TMS001700,Engineering,COR04242,NR,sleeper_defect,B,2,10,18,4.5,True,0
TMS005698,Engineering,COR01361,WR,points_crossing_wear,B,2,9,37,2.8,True,0
TMS001503,Engineering,COR00694,WR,rail_wear,C,1,12,92,5.6,True,0
TMS005312,Engineering,COR00991,NFR,rail_wear,C,1,3,17,3.1,True,0
TMS000887,Engineering,COR01803,NR,ballast_deficiency,C,1,0,11,4.2,True,0
TMS000657,Engineering,COR00889,SCR,sleeper_defect,B,2,167,20,2.8,True,0
TMS004971,Engineering,COR02968,SR,ballast_deficiency,C,1,3,40,5.2,True,0
TDMS001730,Traction Distribution,COR01693,WCR,insulator_fault,B,2,17,53,2.4,True,0
SMMS001765,Signal & Telecommunication,COR03761,NER,interlocking_fault,A,3,18,14,2.3,False,0
SMMS002190,Signal & Telecommunication,COR05412,NR,interlocking_fault,A,3,5,14,2.6,False,0
TMS002635,Engineering,COR06122,NFR,ballast_deficiency,C,1,16,4,4.0,False,0
TMS002486,Engineering,COR04584,NCR,formation_defect,B,2,67,14,4.5,True,0
TMS003463,Engineering,COR00512,NWR,weld_failure,A,3,4,11,2.6,True,0
TMS000235,Engineering,COR05169,ECR,ballast_deficiency,C,1,6,9,4.6,False,0
SMMS001536,Signal & Telecommunication,COR04004,SR,point_machine_fault,B,2,5,15,3.0,False,0
TDMS001385,Traction Distribution,COR07703,NWR,insulator_fault,B,2,339,5,3.4,True,0
SMMS001550,Signal & Telecommunication,COR03055,SR,lc_gate_interlock_fault,A,3,0,22,1.7,True,0
SMMS002794,Signal & Telecommunication,COR00080,NWR,axle_counter_fault,A,3,5,30,1.1,True,0
TMS000199,Engineering,COR00515,NWR,formation_defect,C,1,0,11,1.3,True,0
TDMS000225,Traction Distribution,COR02159,SR,tension_device_fault,C,1,40,70,4.5,True,0
SMMS001889,Signal & Telecommunication,COR00248,WCR,point_machine_fault,B,2,3,54,3.8,True,0
SMMS002141,Signal & Telecommunication,COR04023,WR,interlocking_fault,A,3,1,14,3.5,True,0
TMS002231,Engineering,COR04268,WR,rail_wear,C,1,32,33,5.9,True,0
TDMS000927,Traction Distribution,COR03092,SR,feeder_fault,A,3,59,40,2.2,True,1
TDMS002351,Traction Distribution,COR07063,NWR,circuit_breaker_fault,A,3,48,5,4.5,True,0
SMMS000107,Signal & Telecommunication,COR06055,NER,block_instrument_fault,B,2,16,6,3.7,True,0
SMMS001464,Signal & Telecommunication,COR02831,WR,axle_counter_fault,A,3,22,95,1.5,True,1
TMS004722,Engineering,COR04135,SR,rail_fracture,A,3,27,41,4.9,True,0
SMMS000626,Signal & Telecommunication,COR02816,WR,point_machine_fault,B,2,5,92,1.8,False,0
TDMS000458,Traction Distribution,COR03600,NWR,ohe_pole_defect,C,1,536,6,1.3,True,0
TDMS002403,Traction Distribution,COR01894,SCR,tension_device_fault,C,1,5,66,2.2,True,0
TMS000675,Engineering,COR01367,WR,ballast_deficiency,C,1,5,34,5.6,True,0
SMMS000847,Signal & Telecommunication,COR06908,ER,block_instrument_fault,B,2,10,8,2.3,True,0
TMS004816,Engineering,COR00469,CR,rail_fracture,A,3,23,69,4.8,True,0
SMMS000676,Signal & Telecommunication,COR00376,NER,axle_counter_fault,A,3,109,21,3.5,True,0
SMMS002071,Signal & Telecommunication,COR00084,NWR,interlocking_fault,A,3,5,30,0.8,True,0
TMS003048,Engineering,COR02809,WR,rail_fracture,A,3,11,87,4.4,False,0
SMMS002768,Signal & Telecommunication,COR00685,WR,point_machine_fault,B,2,6,91,3.9,True,0
SMMS000254,Signal & Telecommunication,COR02799,WR,point_machine_fault,B,2,84,53,0.6,True,0
SMMS000621,Signal & Telecommunication,COR02093,SWR,cable_fault,B,2,147,24,2.4,True,0
TDMS002087,Traction Distribution,COR06708,SER,ohe_wire_wear,B,2,2,4,2.3,True,0
TDMS000628,Traction Distribution,COR01105,SCR,circuit_breaker_fault,A,3,7,14,1.8,True,0
TDMS000101,Traction Distribution,COR01950,SCR,ohe_wire_wear,B,2,471,22,4.5,True,1
TDMS002327,Traction Distribution,COR00483,WCR,insulator_fault,B,2,22,69,4.0,True,0
TMS003098,Engineering,COR00695,WR,ballast_deficiency,C,1,1,92,1.7,False,0
SMMS000734,Signal & Telecommunication,COR05451,SER,signal_failure,A,3,11,10,1.7,True,0
TMS000032,Engineering,COR03254,WCR,rail_fracture,A,3,3,42,5.4,True,0
SMMS001226,Signal & Telecommunication,COR00576,ECR,signal_failure,A,3,4,16,3.0,True,0
TMS001378,Engineering,COR04921,CR,alignment_deviation,C,1,58,26,1.9,True,0
TMS004739,Engineering,COR02347,WR,ballast_deficiency,C,1,13,11,3.4,True,0
TMS004191,Engineering,COR02828,WR,points_crossing_wear,B,2,9,90,0.8,True,0
SMMS000338,Signal & Telecommunication,COR01157,ER,cable_fault,B,2,1,14,2.6,False,0
TMS000084,Engineering,COR00765,NR,formation_defect,B,2,18,37,3.7,True,0
TMS004055,Engineering,COR04203,NWR,weld_failure,A,3,76,7,3.5,True,0
TMS004342,Engineering,COR01901,SCR,ballast_deficiency,C,1,63,9,2.4,True,0
SMMS000273,Signal & Telecommunication,COR07248,ECoR,point_machine_fault,B,2,5,3,2.7,True,0
SMMS000732,Signal & Telecommunication,COR00434,SCR,cable_fault,B,2,3,18,0.7,True,0
TMS004134,Engineering,COR06655,SER,rail_fracture,A,3,3,8,5.2,True,0
TDMS000479,Traction Distribution,COR04039,NER,ohe_wire_wear,B,2,0,21,0.9,True,0
TMS002386,Engineering,COR02525,NR,alignment_deviation,C,1,12,7,0.7,True,0
SMMS001038,Signal & Telecommunication,COR03365,NWR,cable_fault,B,2,0,11,0.6,True,0
TMS003185,Engineering,COR02675,NR,ballast_deficiency,C,1,28,7,1.0,True,0
TDMS001774,Traction Distribution,COR04902,SWR,feeder_fault,A,3,557,20,3.7,True,1
SMMS001833,Signal & Telecommunication,COR00555,NR,signal_failure,A,3,0,22,3.3,True,0
SMMS000805,Signal & Telecommunication,COR01543,CR,interlocking_fault,A,3,4,22,0.5,True,0
TMS005228,Engineering,COR02838,WR,ballast_deficiency,C,1,13,95,1.7,True,0
TMS005931,Engineering,COR02835,WR,rail_fracture,A,3,22,95,5.3,True,1
TMS003946,Engineering,COR05609,SCR,alignment_deviation,C,1,7,13,3.2,True,0
TMS001985,Engineering,COR00012,WR,ballast_deficiency,C,1,4,20,5.9,True,0
TMS001827,Engineering,COR03595,NWR,formation_defect,B,2,52,6,1.2,True,0
TMS002162,Engineering,COR04297,NER,ballast_deficiency,C,1,53,18,5.1,True,0
TMS001938,Engineering,COR06386,NER,points_crossing_wear,B,2,16,19,4.8,False,0
TMS001656,Engineering,COR01682,WCR,ballast_deficiency,C,1,9,55,3.6,False,0
SMMS002296,Signal & Telecommunication,COR03291,NWR,interlocking_fault,A,3,30,10,1.0,True,0
TMS002404,Engineering,COR04667,KR,alignment_deviation,C,1,14,25,4.6,True,0
TDMS000916,Traction Distribution,COR01675,WCR,ohe_pole_defect,C,1,61,55,3.7,True,0
SMMS002209,Signal & Telecommunication,COR02861,SWR,point_machine_fault,B,2,2,18,0.9,False,0
TMS002905,Engineering,COR01349,WR,ballast_deficiency,C,1,385,31,1.8,True,0
TMS003151,Engineering,COR04936,KR,sleeper_defect,B,2,81,26,1.0,True,0
TMS005459,Engineering,COR01709,WCR,rail_wear,C,1,223,58,2.0,True,0
TMS003231,Engineering,COR02823,WR,ballast_deficiency,C,1,13,90,1.4,True,0
TDMS000151,Traction Distribution,COR02829,WR,earthing_fault,B,2,20,90,4.4,True,0
TMS005574,Engineering,COR00209,NCR,weld_failure,A,3,10,53,3.6,True,1
SMMS001697,Signal & Telecommunication,COR01720,NCR,point_machine_fault,B,2,17,54,3.8,True,0
TDMS000646,Traction Distribution,COR01156,CR,insulator_fault,B,2,96,49,3.3,True,1
TMS001644,Engineering,COR04523,SWR,alignment_deviation,C,1,1,9,4.2,True,0
TMS002729,Engineering,COR04477,CR,ballast_deficiency,C,1,59,36,1.3,False,0
TMS005097,Engineering,COR02152,SR,alignment_deviation,A,3,4,70,1.6,True,0
TMS003311,Engineering,COR00266,WCR,weld_failure,A,3,237,54,3.9,False,1
TMS003313,Engineering,COR03150,CR,points_crossing_wear,B,2,10,33,3.9,True,0
SMMS001009,Signal & Telecommunication,COR01409,SR,signal_failure,A,3,1,20,2.0,True,0
TDMS000452,Traction Distribution,COR00091,NWR,ohe_wire_wear,B,2,18,30,1.9,True,0
TMS000421,Engineering,COR06875,NR,ballast_deficiency,C,1,39,5,1.2,True,0
TDMS001564,Traction Distribution,COR00878,SCR,insulator_fault,B,2,64,16,4.5,True,0
TMS000233,Engineering,COR00478,CR,ballast_deficiency,C,1,73,69,4.5,True,0
SMMS002304,Signal & Telecommunication,COR07575,ECoR,lc_gate_interlock_fault,A,3,17,2,0.8,True,0
TMS005226,Engineering,COR03962,ER,ballast_deficiency,C,1,9,12,4.2,True,0
TMS003353,Engineering,COR08090,NCR,alignment_deviation,B,2,33,2,1.3,True,0
SMMS002206,Signal & Telecommunication,COR03941,WCR,signal_failure,A,3,21,30,2.7,True,0
TMS001766,Engineering,COR02805,WR,rail_fracture,A,3,5,54,2.0,True,1
TMS003230,Engineering,COR00142,NWR,formation_defect,B,2,2,36,1.4,True,0
SMMS002548,Signal & Telecommunication,COR06495,NWR,cable_fault,B,2,8,4,0.7,True,0
TMS002737,Engineering,COR05185,ECR,rail_wear,C,1,762,17,4.2,False,0
TDMS000733,Traction Distribution,COR00264,WCR,ohe_pole_defect,C,1,58,54,4.0,True,0
TMS005746,Engineering,COR02862,SWR,points_crossing_wear,B,2,6,18,3.1,False,0
TDMS001735,Traction Distribution,COR00539,SR,feeder_fault,A,3,19,35,1.5,True,0
TMS000586,Engineering,COR06213,NR,formation_defect,B,2,14,6,4.7,True,0
TMS003297,Engineering,COR04665,KR,alignment_deviation,C,1,5,24,4.5,True,0
TDMS002411,Traction Distribution,COR00707,WR,insulator_fault,B,2,74,54,2.8,True,0
TMS001596,Engineering,COR02085,SWR,ballast_deficiency,C,1,13,25,2.3,True,0
TMS001464,Engineering,COR02454,ER,sleeper_defect,B,2,2880,12,2.1,True,0
TDMS002242,Traction Distribution,COR05534,SECR,earthing_fault,B,2,77,6,0.9,True,0
TDMS002219,Traction Distribution,COR01742,WR,insulator_fault,B,2,421,16,1.0,True,1
TMS003303,Engineering,COR03275,SWR,sleeper_defect,B,2,49,12,3.8,True,0
TDMS000086,Traction Distribution,COR05591,SER,ohe_pole_defect,C,1,11,8,4.6,True,0
TDMS000924,Traction Distribution,COR05138,ECR,ohe_pole_defect,C,1,128,11,2.6,True,0
TDMS001953,Traction Distribution,COR00235,WCR,ohe_wire_wear,B,2,15,58,4.8,True,0
TDMS001641,Traction Distribution,COR00274,WCR,tension_device_fault,C,1,16,68,0.8,True,0
SMMS001343,Signal & Telecommunication,COR00705,WR,cable_fault,B,2,2,87,3.9,False,0
TMS005425,Engineering,COR01945,SCR,sleeper_defect,B,2,5,22,5.6,False,0
TDMS002184,Traction Distribution,COR02243,SWR,earthing_fault,B,2,478,7,0.6,True,0
TMS002709,Engineering,COR03849,NFR,ballast_deficiency,C,1,9,14,1.8,True,0
TMS002170,Engineering,COR01744,WR,rail_wear,C,1,12,16,3.7,False,0
TDMS000055,Traction Distribution,COR03820,NFR,insulator_fault,B,2,64,19,2.1,True,0
SMMS001526,Signal & Telecommunication,COR00455,SCR,interlocking_fault,A,3,5,17,3.1,True,0
TMS001181,Engineering,COR01052,NFR,alignment_deviation,C,1,7,4,2.2,False,0
TMS005813,Engineering,COR02096,SWR,alignment_deviation,C,1,48,26,5.7,True,0
TMS004882,Engineering,COR01151,CR,rail_wear,C,1,33,49,1.2,True,0
TMS000064,Engineering,COR05748,SR,sleeper_defect,B,2,7,5,2.2,True,0
TDMS000526,Traction Distribution,COR04050,NER,earthing_fault,B,2,32,21,2.8,True,0
TMS004843,Engineering,COR00749,SWR,alignment_deviation,C,1,10,12,4.5,True,0
SMMS002889,Signal & Telecommunication,COR00221,WCR,interlocking_fault,A,3,1,53,1.2,True,0
SMMS000252,Signal & Telecommunication,COR00258,WCR,signal_failure,A,3,3,54,3.2,True,1
SMMS001937,Signal & Telecommunication,COR00090,NWR,point_machine_fault,B,2,12,30,4.0,True,0
TMS002731,Engineering,COR00714,WR,points_crossing_wear,B,2,97,45,0.8,True,0
TMS001501,Engineering,COR05209,SR,ballast_deficiency,C,1,43,15,2.5,True,0
TMS005523,Engineering,COR03087,SR,alignment_deviation,C,1,6,40,5.0,True,0
TMS002457,Engineering,COR00477,CR,rail_wear,C,1,79,69,1.9,True,0
SMMS002439,Signal & Telecommunication,COR04669,KR,point_machine_fault,B,2,0,25,1.6,True,0
SMMS001145,Signal & Telecommunication,COR05226,NCR,cable_fault,B,2,0,4,0.8,True,0
TMS002801,Engineering,COR02573,SECR,formation_defect,B,2,77,6,3.8,True,0
SMMS001804,Signal & Telecommunication,COR03611,SWR,cable_fault,B,2,5,20,2.0,True,0
TDMS001791,Traction Distribution,COR00267,WCR,ohe_pole_defect,C,1,18,54,2.6,True,0
TDMS000897,Traction Distribution,COR03334,NFR,feeder_fault,A,3,14,3,1.7,True,0
TMS003066,Engineering,COR04540,NR,weld_failure,A,3,101,38,4.7,True,1
TDMS000035,Traction Distribution,COR07212,NWR,ohe_pole_defect,C,1,9,2,4.4,True,0
TMS001132,Engineering,COR02352,NWR,formation_defect,B,2,9,13,3.7,True,0
SMMS001838,Signal & Telecommunication,COR01632,SWR,cable_fault,B,2,1,21,3.8,True,0
TMS002411,Engineering,COR02420,WR,ballast_deficiency,C,1,32,14,2.7,False,0
TMS001296,Engineering,COR02058,SCR,alignment_deviation,C,1,6,24,0.9,True,0
TMS003236,Engineering,COR05482,ER,alignment_deviation,C,1,122,2,1.4,True,0
TMS002926,Engineering,COR01846,NR,weld_failure,A,3,18,36,4.9,False,1
TMS003299,Engineering,COR03199,WR,ballast_deficiency,C,1,2,5,2.8,True,0
TMS004934,Engineering,COR00789,NWR,alignment_deviation,C,1,38,26,2.5,True,0
TMS000829,Engineering,COR01728,NCR,weld_failure,A,3,51,54,3.3,True,1
SMMS002983,Signal & Telecommunication,COR01009,NFR,cable_fault,B,2,4,21,1.0,True,0
TMS004071,Engineering,COR02301,NR,alignment_deviation,C,1,4,29,2.8,False,0
TDMS000094,Traction Distribution,COR00172,NER,ohe_pole_defect,C,1,7,13,4.4,True,0
TMS001379,Engineering,COR00050,WR,alignment_deviation,C,1,44,36,2.0,False,0
TMS003372,Engineering,COR06214,NER,rail_wear,C,1,30,6,2.2,True,0
TMS001070,Engineering,COR00727,WR,ballast_deficiency,C,1,64,23,2.0,False,0
TMS002862,Engineering,COR01901,SCR,weld_failure,A,3,49,9,2.7,True,0
TMS002525,Engineering,COR07472,SWR,rail_wear,C,1,89,2,5.0,True,0
TMS003190,Engineering,COR01079,SWR,rail_fracture,A,3,79,22,2.4,False,0
SMMS001245,Signal & Telecommunication,COR03550,NER,signal_failure,A,3,18,8,2.4,True,0
TMS001603,Engineering,COR00149,NR,rail_fracture,A,3,66,36,3.8,True,0
TDMS000114,Traction Distribution,COR02218,NWR,earthing_fault,B,2,72,13,2.7,True,0
TDMS000856,Traction Distribution,COR08410,SR,ohe_wire_wear,B,2,20,3,1.1,True,0
TMS000497,Engineering,COR00624,SCR,points_crossing_wear,B,2,88,63,4.0,True,0
SMMS001450,Signal & Telecommunication,COR00629,SCR,cable_fault,B,2,11,63,2.1,False,0
TMS001478,Engineering,COR03043,SR,formation_defect,B,2,4,22,4.5,True,0
TMS000778,Engineering,COR01318,NWR,weld_failure,A,3,40,30,4.1,True,0
TMS004691,Engineering,COR03300,SWR,formation_defect,B,2,52,10,4.2,True,0
TMS005561,Engineering,COR01085,SWR,sleeper_defect,B,2,3,22,5.5,True,0
TMS002728,Engineering,COR03638,SCR,alignment_deviation,C,1,12,8,2.2,True,0
SMMS000099,Signal & Telecommunication,COR00264,WCR,signal_failure,A,3,1,54,3.2,True,0
TDMS000729,Traction Distribution,COR01103,SCR,earthing_fault,B,2,195,14,4.3,True,0
SMMS001994,Signal & Telecommunication,COR02416,WR,signal_failure,A,3,22,11,0.7,True,0
TDMS000551,Traction Distribution,COR02017,NER,tension_device_fault,C,1,17,18,3.2,True,0
SMMS001320,Signal & Telecommunication,COR01758,WCR,interlocking_fault,A,3,1,43,2.0,False,0
TMS003953,Engineering,COR01573,CR,ballast_deficiency,C,1,2885,23,2.7,True,0
TMS005529,Engineering,COR00544,SR,formation_defect,B,2,1,35,3.0,False,0
TMS005485,Engineering,COR01727,NCR,rail_wear,C,1,8,54,3.3,True,0
TMS001036,Engineering,COR04608,NFR,ballast_deficiency,C,1,1,15,4.3,True,0
TMS004996,Engineering,COR00475,CR,sleeper_defect,A,3,7,69,1.1,True,1
TMS000166,Engineering,COR04645,KR,weld_failure,A,3,9,22,1.6,True,0
SMMS002563,Signal & Telecommunication,COR03984,ER,point_machine_fault,B,2,2,14,0.7,True,0
TMS001074,Engineering,COR00041,WR,ballast_deficiency,C,1,20,25,6.0,True,0
TMS003247,Engineering,COR05324,ECR,alignment_deviation,C,1,11,6,4.2,True,0
TMS005777,Engineering,COR00040,WR,ballast_deficiency,C,1,79,25,5.9,True,0
TDMS000960,Traction Distribution,COR01009,NFR,insulator_fault,B,2,110,21,2.4,True,0
TMS001624,Engineering,COR01187,CR,rail_wear,C,1,25,22,5.2,True,0
TMS002912,Engineering,COR00265,WCR,points_crossing_wear,B,2,13,54,4.6,False,0
TMS005061,Engineering,COR03523,SR,alignment_deviation,C,1,70,5,1.9,True,0
TMS000385,Engineering,COR05946,NWR,sleeper_defect,B,2,32,5,3.7,True,0
TMS004826,Engineering,COR03396,NR,formation_defect,B,2,6,2,5.7,True,0
TMS005023,Engineering,COR06452,WR,sleeper_defect,B,2,27,3,2.9,True,0
TMS003535,Engineering,COR04615,NFR,ballast_deficiency,C,1,39,15,4.7,True,0
TMS005596,Engineering,COR00060,WR,rail_fracture,A,3,3,31,5.5,True,0
SMMS002895,Signal & Telecommunication,COR04935,KR,interlocking_fault,A,3,1,26,0.8,True,0
TMS001925,Engineering,COR02159,SR,points_crossing_wear,B,2,13,70,5.1,True,0
TMS003432,Engineering,COR00713,WR,weld_failure,A,3,67,53,1.7,True,1
TMS001927,Engineering,COR02026,NER,rail_wear,C,1,39,22,5.9,True,0
TDMS002027,Traction Distribution,COR00411,ER,feeder_fault,A,3,430,7,3.1,True,1
TMS003975,Engineering,COR01693,WCR,rail_fracture,A,3,17,53,4.4,True,1
TMS004101,Engineering,COR00115,NWR,alignment_deviation,C,1,8,20,4.2,True,0
TDMS001237,Traction Distribution,COR02772,NR,earthing_fault,B,2,117,28,1.3,True,0
TMS002863,Engineering,COR01853,NR,alignment_deviation,B,2,13,28,2.6,True,0
TDMS002255,Traction Distribution,COR04951,KR,tension_device_fault,C,1,42,25,2.6,True,0
SMMS002712,Signal & Telecommunication,COR01338,NWR,point_machine_fault,B,2,2,30,1.3,True,0
SMMS002858,Signal & Telecommunication,COR05517,ER,cable_fault,B,2,10,10,2.1,True,0
TDMS002233,Traction Distribution,COR04846,SCR,feeder_fault,A,3,395,12,3.1,True,1
TDMS000278,Traction Distribution,COR04135,SR,circuit_breaker_fault,A,3,50,41,0.9,True,0
SMMS000494,Signal & Telecommunication,COR04087,SWR,block_instrument_fault,B,2,2,11,3.4,True,0
SMMS001673,Signal & Telecommunication,COR02026,NER,interlocking_fault,A,3,4,22,4.0,True,0
TDMS001972,Traction Distribution,COR02996,SR,insulator_fault,B,2,20,41,2.9,True,0
SMMS000582,Signal & Telecommunication,COR02885,NR,interlocking_fault,A,3,3,61,1.6,True,0
TDMS002179,Traction Distribution,COR02157,SR,earthing_fault,B,2,3,70,3.6,True,0
TMS004717,Engineering,COR03117,NR,ballast_deficiency,C,1,253,4,2.8,True,0
TMS004568,Engineering,COR01881,SCR,rail_wear,C,1,52,62,6.0,False,0
TDMS002061,Traction Distribution,COR03248,WCR,ohe_wire_wear,B,2,6,42,3.9,True,0
TDMS001674,Traction Distribution,COR06978,NR,ohe_pole_defect,C,1,27,7,4.8,True,0
TDMS000682,Traction Distribution,COR02217,NWR,insulator_fault,B,2,13,13,2.2,True,0
SMMS000915,Signal & Telecommunication,COR02153,SR,point_machine_fault,B,2,4,70,0.6,True,0
TMS003035,Engineering,COR03898,NR,ballast_deficiency,C,1,6,19,4.1,True,0
TMS000401,Engineering,COR04959,KR,alignment_deviation,B,2,10,24,1.7,True,0
TMS000554,Engineering,COR03629,SWR,sleeper_defect,B,2,63,15,3.2,True,0
TMS000789,Engineering,COR02776,NR,sleeper_defect,B,2,21,28,1.3,True,0
TMS003639,Engineering,COR04665,KR,alignment_deviation,C,1,7,24,4.1,True,0
TDMS001410,Traction Distribution,COR01021,NFR,insulator_fault,B,2,100,22,0.9,True,0
TMS004817,Engineering,COR00699,WR,points_crossing_wear,B,2,15,92,0.6,False,0
TDMS001713,Traction Distribution,COR00719,WR,ohe_pole_defect,C,1,3,51,1.1,True,0
TMS004211,Engineering,COR00277,WCR,weld_failure,A,3,7,68,3.3,True,1
TMS000247,Engineering,COR02798,WR,alignment_deviation,C,1,208,53,4.3,True,0
TMS005482,Engineering,COR00931,SWR,points_crossing_wear,B,2,30,41,4.4,False,0
TMS001678,Engineering,COR00161,NR,sleeper_defect,B,2,7,62,3.3,True,0
TMS004901,Engineering,COR00556,NR,rail_fracture,A,3,81,35,4.3,True,0
TMS005278,Engineering,COR00029,WR,ballast_deficiency,C,1,15,36,0.9,False,0
SMMS000201,Signal & Telecommunication,COR04128,SR,point_machine_fault,B,2,10,41,1.0,False,0
TDMS000855,Traction Distribution,COR02085,SWR,insulator_fault,B,2,51,25,1.2,True,0
TDMS001330,Traction Distribution,COR02393,WR,ohe_wire_wear,B,2,61,36,3.7,True,0
TDMS002046,Traction Distribution,COR01512,CR,circuit_breaker_fault,A,3,11,19,0.9,True,0
TMS004524,Engineering,COR01438,ECR,points_crossing_wear,B,2,0,39,4.8,True,0
TDMS001944,Traction Distribution,COR05190,NWR,feeder_fault,A,3,19,10,2.9,True,0
TMS002820,Engineering,COR03259,WCR,alignment_deviation,C,1,14,42,2.2,False,0
SMMS002220,Signal & Telecommunication,COR01743,WR,block_instrument_fault,B,2,4,16,4.0,False,0
TDMS000414,Traction Distribution,COR00382,NER,ohe_wire_wear,B,2,11,33,2.1,True,0
TMS000597,Engineering,COR02831,WR,alignment_deviation,C,1,85,95,4.1,True,0
TMS004581,Engineering,COR01708,WCR,ballast_deficiency,C,1,8,58,4.7,False,0
TMS002354,Engineering,COR02585,KR,ballast_deficiency,C,1,27,22,1.7,False,0
SMMS000168,Signal & Telecommunication,COR02023,NER,block_instrument_fault,B,2,119,19,1.1,True,0
TMS002385,Engineering,COR01852,NR,ballast_deficiency,C,1,7,36,4.6,False,0
TDMS000328,Traction Distribution,COR00699,WR,ohe_wire_wear,B,2,16,92,3.5,True,0
TDMS000681,Traction Distribution,COR06157,WR,tension_device_fault,C,1,404,2,4.6,True,0
SMMS002006,Signal & Telecommunication,COR06677,NER,cable_fault,B,2,1,8,2.5,True,0
TDMS002476,Traction Distribution,COR00673,WR,tension_device_fault,C,1,9,94,2.5,True,0
TMS000242,Engineering,COR03829,NFR,rail_fracture,A,3,15,17,0.5,True,0
TMS003101,Engineering,COR02832,WR,ballast_deficiency,C,1,15,95,5.2,True,0
TMS002378,Engineering,COR04290,SER,sleeper_defect,B,2,6,20,4.2,True,0
TMS001625,Engineering,COR00833,NWR,alignment_deviation,C,1,182,11,2.4,True,0
TMS004796,Engineering,COR03251,WCR,sleeper_defect,C,1,25,42,3.4,True,0
TMS004247,Engineering,COR01094,SWR,sleeper_defect,B,2,128,20,3.5,True,0
TMS002523,Engineering,COR05425,NR,alignment_deviation,C,1,69,11,5.1,False,0
TDMS000245,Traction Distribution,COR00285,WCR,ohe_wire_wear,B,2,518,69,1.8,True,1
SMMS001422,Signal & Telecommunication,COR01019,NFR,interlocking_fault,A,3,27,22,1.7,True,0
TMS000130,Engineering,COR03265,NCR,formation_defect,B,2,55,14,1.5,True,0
TDMS001985,Traction Distribution,COR01514,CR,ohe_wire_wear,B,2,11,19,3.6,True,0
TMS004582,Engineering,COR00472,CR,ballast_deficiency,C,1,344,69,1.9,True,1
TMS004842,Engineering,COR03082,SR,formation_defect,B,2,11,40,3.0,True,0
TMS003756,Engineering,COR01616,SWR,formation_defect,B,2,18,25,1.2,False,0
SMMS002997,Signal & Telecommunication,COR01714,WCR,cable_fault,B,2,2,54,2.8,False,0
TDMS000169,Traction Distribution,COR01482,NFR,ohe_pole_defect,C,1,5,22,1.1,True,0
SMMS000553,Signal & Telecommunication,COR03654,SCR,point_machine_fault,B,2,0,15,0.9,True,0
SMMS000253,Signal & Telecommunication,COR00243,WCR,cable_fault,B,2,29,38,3.6,True,0
TDMS002149,Traction Distribution,COR00481,WCR,insulator_fault,B,2,5,33,2.0,True,0
TMS003808,Engineering,COR00440,SCR,weld_failure,A,3,55,17,3.2,True,0
TMS004962,Engineering,COR05711,NCR,rail_fracture,A,3,21,2,1.9,False,0
TMS005684,Engineering,COR04238,NWR,formation_defect,B,2,47,10,3.0,True,0
TMS004437,Engineering,COR03255,WCR,sleeper_defect,B,2,68,42,2.4,True,0
SMMS001274,Signal & Telecommunication,COR03749,NWR,lc_gate_interlock_fault,A,3,4,10,3.4,True,0
SMMS001051,Signal & Telecommunication,COR08394,NR,point_machine_fault,B,2,4,1,2.6,True,0
TMS001193,Engineering,COR05391,NCR,alignment_deviation,C,1,10,12,1.4,True,0
TDMS001067,Traction Distribution,COR00114,NWR,earthing_fault,B,2,64,20,0.9,True,0
SMMS000607,Signal & Telecommunication,COR02703,NR,interlocking_fault,A,3,0,27,1.6,True,0
TDMS000593,Traction Distribution,COR01524,CR,tension_device_fault,C,1,18,50,3.9,True,0
SMMS000193,Signal & Telecommunication,COR06630,WR,signal_failure,A,3,0,2,3.3,True,0
TMS001302,Engineering,COR04165,SCR,points_crossing_wear,B,2,62,25,1.3,True,0
TMS003588,Engineering,COR01763,WCR,formation_defect,B,2,4,43,4.9,True,0
TMS005636,Engineering,COR00279,WCR,ballast_deficiency,C,1,357,68,5.4,False,1
TMS004255,Engineering,COR04371,SR,alignment_deviation,C,1,13,5,5.6,True,0
TDMS000687,Traction Distribution,COR02797,WR,ohe_wire_wear,B,2,4,53,4.0,True,0
TMS002321,Engineering,COR01601,SWR,rail_fracture,A,3,70,25,2.9,True,0
TMS001778,Engineering,COR06560,SCR,alignment_deviation,B,2,12,3,6.0,True,0
TMS004268,Engineering,COR05179,ECR,sleeper_defect,B,2,11,18,2.7,True,0
TMS000105,Engineering,COR02798,WR,formation_defect,B,2,15,53,1.8,True,0
SMMS002884,Signal & Telecommunication,COR01241,CR,cable_fault,B,2,15,4,2.4,True,0
TMS004499,Engineering,COR01710,WCR,rail_wear,C,1,12,54,5.6,True,0
TMS003359,Engineering,COR04652,KR,rail_fracture,A,3,15,22,4.1,True,0
TMS004198,Engineering,COR05891,NWR,points_crossing_wear,B,2,15,28,1.0,True,0
SMMS000171,Signal & Telecommunication,COR03908,NR,cable_fault,B,2,135,18,1.9,True,0
SMMS001650,Signal & Telecommunication,COR05997,WR,cable_fault,B,2,3,7,2.2,True,0
SMMS000355,Signal & Telecommunication,COR03139,NER,signal_failure,A,3,0,6,2.5,True,0
TMS003939,Engineering,COR00016,WR,alignment_deviation,C,1,0,25,1.5,False,0
TDMS002320,Traction Distribution,COR00548,SR,insulator_fault,B,2,264,35,4.5,True,0
TDMS000025,Traction Distribution,COR03913,NR,circuit_breaker_fault,A,3,114,16,1.3,True,1
TDMS002078,Traction Distribution,COR05807,NWR,tension_device_fault,C,1,93,10,3.8,True,0
SMMS000020,Signal & Telecommunication,COR01601,SWR,cable_fault,B,2,14,25,3.6,True,0
TMS004113,Engineering,COR01344,NWR,alignment_deviation,C,1,385,30,1.8,True,1
SMMS000195,Signal & Telecommunication,COR03356,SR,signal_failure,A,3,5,5,2.8,True,0
TDMS001206,Traction Distribution,COR02993,SR,insulator_fault,B,2,95,41,0.5,True,0
SMMS002523,Signal & Telecommunication,COR02827,WR,point_machine_fault,B,2,2,90,3.2,True,0
SMMS002270,Signal & Telecommunication,COR01653,SWR,interlocking_fault,A,3,2,29,3.1,True,0
SMMS001201,Signal & Telecommunication,COR02026,NER,signal_failure,A,3,0,22,2.4,True,0
SMMS001993,Signal & Telecommunication,COR02078,SWR,signal_failure,A,3,3,25,2.1,True,0
TDMS002336,Traction Distribution,COR04256,NCR,circuit_breaker_fault,A,3,98,14,2.9,True,0
SMMS000258,Signal & Telecommunication,COR05628,NWR,point_machine_fault,B,2,21,32,2.8,True,0
TDMS002295,Traction Distribution,COR00267,WCR,insulator_fault,B,2,7,54,1.0,True,0
SMMS001254,Signal & Telecommunication,COR00371,NER,cable_fault,B,2,10,21,1.4,False,0
TMS004949,Engineering,COR05742,SR,rail_fracture,A,3,32,10,0.5,True,0
SMMS000121,Signal & Telecommunication,COR02933,NER,point_machine_fault,B,2,3,5,0.8,True,0
TMS005860,Engineering,COR05178,ECR,sleeper_defect,B,2,6,17,0.7,True,0
TDMS000352,Traction Distribution,COR01527,SCR,tension_device_fault,C,1,18,19,4.3,True,0
TDMS002479,Traction Distribution,COR01864,NR,earthing_fault,B,2,66,37,2.7,True,0
TMS003576,Engineering,COR02999,SR,points_crossing_wear,B,2,12,41,3.9,False,0
SMMS002312,Signal & Telecommunication,COR02958,SCR,point_machine_fault,B,2,3,11,1.4,True,0
TMS003215,Engineering,COR02318,WR,ballast_deficiency,C,1,6,23,2.1,True,0
SMMS001525,Signal & Telecommunication,COR02399,WR,cable_fault,B,2,4,35,3.4,True,0
TDMS001046,Traction Distribution,COR08084,NCR,insulator_fault,B,2,14,2,2.7,True,0
TMS002903,Engineering,COR00693,WR,alignment_deviation,C,1,2,92,4.7,True,0
SMMS002929,Signal & Telecommunication,COR01324,NWR,point_machine_fault,B,2,17,30,2.5,False,0
SMMS002403,Signal & Telecommunication,COR04900,SWR,axle_counter_fault,A,3,5,20,3.2,True,0
TMS003806,Engineering,COR03080,SR,alignment_deviation,C,1,14,40,0.9,True,0
TMS005937,Engineering,COR01625,SWR,sleeper_defect,B,2,26,32,5.1,True,0
SMMS002908,Signal & Telecommunication,COR01801,NR,lc_gate_interlock_fault,A,3,0,10,2.3,False,0
SMMS001925,Signal & Telecommunication,COR00246,WCR,block_instrument_fault,B,2,0,54,3.4,False,0
TMS003044,Engineering,COR02622,ER,rail_wear,C,1,11,9,1.3,True,0
SMMS001212,Signal & Telecommunication,COR00684,WR,signal_failure,A,3,76,63,2.3,True,1
SMMS001898,Signal & Telecommunication,COR03135,NFR,block_instrument_fault,B,2,1,7,1.9,True,0
TMS005774,Engineering,COR07322,SCR,ballast_deficiency,C,1,10,7,3.2,True,0
TMS004018,Engineering,COR03795,SCR,alignment_deviation,C,1,57,7,5.6,True,0
TDMS002485,Traction Distribution,COR01089,SWR,tension_device_fault,C,1,61,22,3.7,True,0
TDMS000809,Traction Distribution,COR01776,SWR,ohe_wire_wear,B,2,23,7,2.7,True,0
TMS002936,Engineering,COR03085,SR,points_crossing_wear,B,2,10,40,5.9,True,0
TMS004487,Engineering,COR00931,SWR,alignment_deviation,C,1,0,41,0.9,True,0
SMMS000648,Signal & Telecommunication,COR06677,NER,point_machine_fault,B,2,0,8,1.9,True,0
TDMS002041,Traction Distribution,COR01073,NFR,earthing_fault,B,2,532,3,3.2,True,1
TMS003889,Engineering,COR03639,SCR,rail_fracture,A,3,26,8,2.4,False,0
TMS002283,Engineering,COR04476,CR,sleeper_defect,B,2,11,36,4.2,True,0
TDMS001041,Traction Distribution,COR04216,NR,ohe_wire_wear,B,2,265,7,1.4,True,0
SMMS002894,Signal & Telecommunication,COR05649,SECR,cable_fault,B,2,4,7,2.2,True,0
SMMS002798,Signal & Telecommunication,COR00131,NWR,cable_fault,B,2,16,27,0.9,True,0
TMS003394,Engineering,COR00770,NR,weld_failure,A,3,203,31,1.5,True,1
TMS000354,Engineering,COR07565,SWR,weld_failure,A,3,5,2,1.2,True,0
SMMS000333,Signal & Telecommunication,COR01964,NR,point_machine_fault,B,2,3,8,2.1,True,0
TMS000788,Engineering,COR00068,NWR,rail_wear,C,1,1,30,1.1,True,0
TDMS002311,Traction Distribution,COR05892,NWR,ohe_wire_wear,B,2,80,28,3.8,True,0
TMS003671,Engineering,COR02701,NR,sleeper_defect,B,2,76,27,0.8,True,0
TMS004595,Engineering,COR04922,CR,sleeper_defect,B,2,15,25,0.9,False,0
TDMS001722,Traction Distribution,COR02159,SR,ohe_pole_defect,C,1,469,70,3.1,True,1
SMMS000881,Signal & Telecommunication,COR03257,WCR,axle_counter_fault,A,3,11,42,1.1,True,0
TMS001457,Engineering,COR02811,WR,ballast_deficiency,C,1,12,92,2.0,True,0
SMMS000959,Signal & Telecommunication,COR02839,WR,cable_fault,B,2,4,95,3.4,True,0
TMS004459,Engineering,COR05315,ECR,points_crossing_wear,B,2,131,1,5.8,True,0
SMMS001631,Signal & Telecommunication,COR01438,ECR,block_instrument_fault,B,2,2,39,2.7,True,0
TDMS000804,Traction Distribution,COR01063,NFR,ohe_pole_defect,C,1,38,5,2.1,True,0
TMS000556,Engineering,COR00692,WR,ballast_deficiency,C,1,15,92,3.0,True,0
TMS003880,Engineering,COR05559,NR,ballast_deficiency,A,3,62,5,2.8,True,0
TMS002796,Engineering,COR00185,ECR,rail_fracture,A,3,50,15,3.0,True,0
TMS003704,Engineering,COR03253,WCR,points_crossing_wear,B,2,248,42,4.3,True,1
TMS002910,Engineering,COR04905,SWR,sleeper_defect,B,2,9,20,4.6,True,0
TMS004066,Engineering,COR06592,NWR,weld_failure,A,3,205,6,4.3,False,1
SMMS001224,Signal & Telecommunication,COR03484,NR,cable_fault,B,2,3,11,2.4,True,0
TMS000694,Engineering,COR04528,SWR,points_crossing_wear,B,2,363,9,4.7,True,1
TMS003828,Engineering,COR02568,SECR,formation_defect,C,1,4,6,2.6,True,0
SMMS001735,Signal & Telecommunication,COR01858,NR,signal_failure,A,3,25,37,1.9,True,1
TMS004107,Engineering,COR01879,SCR,sleeper_defect,B,2,4,62,3.5,True,0
TDMS000808,Traction Distribution,COR00175,ECR,tension_device_fault,C,1,9,12,0.9,True,0
TMS002950,Engineering,COR01511,CR,ballast_deficiency,C,1,244,19,1.1,True,0
