tms_record_id,corridor_id,from_station,to_station,zone,defect_type,severity_class,detected_date,originally_due_date,days_overdue,inspection_method,estimated_repair_duration_hrs,requires_traffic_block,department
TMS000001,COR03086,MUKE,MAHE,SR,rail_fracture,A,2025-11-23,2025-11-20,3,track_recording_car,3.5,True,Engineering
TMS000002,COR00122,GLTA,SALI,NWR,weld_failure,A,2024-07-22,2024-04-26,87,track_recording_car,4.4,True,Engineering
TMS000003,COR01961,CNKP,DSJ,NR,ballast_deficiency,C,2025-12-15,2025-11-09,36,USFD_ultrasonic_flaw_detection,2.0,True,Engineering
TMS000004,COR04228,FRD,MCV,NR,weld_failure,A,2025-09-10,2025-08-30,11,visual_patrol,0.7,True,Engineering
TMS000005,COR00458,BLSA,UMRI,SCR,rail_wear,B,2025-08-14,2025-06-13,62,visual_patrol,0.9,True,Engineering
TMS000006,COR04301,KER,BLTR,NER,rail_wear,C,2024-10-11,2023-12-31,285,USFD_ultrasonic_flaw_detection,5.1,True,Engineering
TMS000007,COR01630,ADHL,HVL,SWR,formation_defect,B,2025-09-15,2025-08-21,25,USFD_ultrasonic_flaw_detection,3.4,True,Engineering
TMS000008,COR02076,GBB,NTR,SWR,ballast_deficiency,C,2025-12-02,2025-10-19,44,visual_patrol,4.7,True,Engineering
TMS000009,COR04689,KFD,SAPE,KR,alignment_deviation,C,2024-08-05,2024-07-26,10,track_recording_car,2.7,False,Engineering
TMS000010,COR02063,BAW,SDVL,SWR,ballast_deficiency,C,2025-08-21,2025-07-03,49,USFD_ultrasonic_flaw_detection,3.7,True,Engineering
TMS000011,COR08392,NRNR,CXA,NR,weld_failure,A,2024-06-05,2024-05-06,30,USFD_ultrasonic_flaw_detection,4.9,True,Engineering
TMS000012,COR00229,BUU,UDR,WCR,sleeper_defect,B,2025-11-27,2025-11-27,0,track_recording_car,4.2,True,Engineering
TMS000013,COR01033,JID,BRHU,NFR,formation_defect,B,2024-01-04,2023-12-21,14,manual_gauge_check,5.3,True,Engineering
TMS000014,COR02279,BRMO,JAN,ECR,ballast_deficiency,C,2025-10-16,2025-02-15,243,USFD_ultrasonic_flaw_detection,1.6,True,Engineering
TMS000015,COR00581,SRA,SGL,ECR,rail_wear,C,2024-11-27,2023-10-27,397,USFD_ultrasonic_flaw_detection,1.1,True,Engineering
TMS000016,COR07705,RSWT,QMRS,NWR,alignment_deviation,C,2024-03-28,2024-03-26,2,track_recording_car,5.0,False,Engineering
TMS000017,COR02494,DUK,DOR,NWR,weld_failure,A,2024-09-28,2024-04-06,175,USFD_ultrasonic_flaw_detection,3.8,False,Engineering
TMS000018,COR06139,CDA,LM,WR,alignment_deviation,C,2025-11-18,2025-09-12,67,USFD_ultrasonic_flaw_detection,2.9,True,Engineering
TMS000019,COR00434,GWV,MED,SCR,ballast_deficiency,C,2025-08-25,2025-07-11,45,visual_patrol,0.9,True,Engineering
TMS000020,COR00765,SMDP,BWSN,NR,rail_wear,C,2024-10-12,2024-10-05,7,track_recording_car,1.7,True,Engineering
TMS000021,COR06269,NHF,LLJ,NR,points_crossing_wear,B,2024-07-13,2024-05-06,68,visual_patrol,4.1,True,Engineering
TMS000022,COR01816,BHT,ADR,NWR,alignment_deviation,C,2024-03-03,2021-12-20,804,USFD_ultrasonic_flaw_detection,2.4,False,Engineering
TMS000023,COR00893,AMQ,RKO,SCR,ballast_deficiency,C,2025-04-18,2025-04-10,8,visual_patrol,5.6,True,Engineering
TMS000024,COR05065,NTSK,PNT,NFR,points_crossing_wear,C,2024-08-30,2024-08-03,27,visual_patrol,3.2,True,Engineering
TMS000025,COR01757,BXN,DY,WCR,rail_fracture,A,2025-04-10,2021-03-15,1487,visual_patrol,4.3,True,Engineering
TMS000026,COR04439,TIL,BGS,ECR,formation_defect,B,2024-02-29,2024-02-23,6,USFD_ultrasonic_flaw_detection,3.5,True,Engineering
TMS000027,COR00217,BQF,MKD,WCR,points_crossing_wear,B,2024-02-28,2023-09-10,171,manual_gauge_check,0.9,True,Engineering
TMS000028,COR02836,VDH,NVS,WR,formation_defect,B,2025-08-15,2025-08-08,7,USFD_ultrasonic_flaw_detection,3.9,True,Engineering
TMS000029,COR02823,SJN,BLD,WR,points_crossing_wear,B,2024-09-01,2024-08-22,10,visual_patrol,1.2,True,Engineering
TMS000030,COR02052,PCP,MRX,CR,rail_wear,C,2024-03-16,2024-03-13,3,USFD_ultrasonic_flaw_detection,3.3,True,Engineering
TMS000031,COR01605,BYD,DAD,SWR,weld_failure,A,2025-07-10,2025-06-26,14,track_recording_car,3.9,False,Engineering
TMS000032,COR03254,GGC,COO,WCR,rail_fracture,A,2024-05-17,2024-05-14,3,visual_patrol,5.4,True,Engineering
TMS000033,COR00548,VAPM,CQL,SR,ballast_deficiency,C,2025-06-01,2025-05-24,8,USFD_ultrasonic_flaw_detection,5.5,True,Engineering
TMS000034,COR00281,KRO,KKN,WCR,sleeper_defect,B,2025-10-14,2025-10-10,4,manual_gauge_check,1.4,True,Engineering
TMS000035,COR03821,NJN,SZR,NFR,points_crossing_wear,B,2025-07-12,2025-01-26,167,visual_patrol,2.5,True,Engineering
TMS000036,COR01883,BKL,NVC,SCR,rail_fracture,A,2025-01-01,2024-09-12,111,visual_patrol,1.9,True,Engineering
TMS000037,COR04399,TRPL,LNS,NR,rail_wear,C,2024-08-30,2024-07-26,35,manual_gauge_check,5.9,True,Engineering
TMS000038,COR05357,DAG,BGU,ECR,rail_fracture,A,2025-11-16,2025-11-03,13,manual_gauge_check,5.0,True,Engineering
TMS000039,COR04462,MJE,MDT,NFR,weld_failure,A,2024-07-23,2024-01-01,204,manual_gauge_check,3.0,True,Engineering
TMS000040,COR04533,KLPM,PYM,SR,ballast_deficiency,A,2024-03-12,2024-03-04,8,manual_gauge_check,2.0,True,Engineering
TMS000041,COR01753,SWAR,JCU,WCR,rail_wear,C,2024-09-24,2024-04-27,150,visual_patrol,5.8,True,Engineering
TMS000042,COR00360,SOA,BJUD,WR,sleeper_defect,B,2025-01-29,2025-01-26,3,manual_gauge_check,1.5,True,Engineering
TMS000043,COR01893,MABD,TAA,SCR,points_crossing_wear,B,2025-01-07,2024-11-27,41,USFD_ultrasonic_flaw_detection,5.7,False,Engineering
TMS000044,COR02992,PGI,TA,SR,formation_defect,B,2024-11-12,2023-11-28,350,track_recording_car,2.3,True,Engineering
TMS000045,COR02724,SW,KRYA,NER,ballast_deficiency,C,2025-09-22,2025-09-17,5,USFD_ultrasonic_flaw_detection,2.7,True,Engineering
TMS000046,COR01322,BGPR,RANI,NWR,ballast_deficiency,C,2025-04-21,2025-02-23,57,USFD_ultrasonic_flaw_detection,4.2,True,Engineering
TMS000047,COR04513,BENL,LMT,SWR,rail_wear,C,2025-06-11,2025-04-20,52,track_recording_car,3.9,True,Engineering
TMS000048,COR06601,RGS,COD,NWR,ballast_deficiency,C,2024-01-26,2023-12-23,34,visual_patrol,5.9,True,Engineering
TMS000049,COR04268,BSR,JCNR,WR,sleeper_defect,B,2025-05-21,2025-03-17,65,visual_patrol,1.3,True,Engineering
TMS000050,COR05530,SNV,DEW,SECR,alignment_deviation,C,2024-06-29,2024-05-16,44,manual_gauge_check,4.3,True,Engineering
TMS000051,COR02754,PAGM,SGKM,SCR,rail_wear,C,2025-11-14,2025-10-31,14,USFD_ultrasonic_flaw_detection,3.6,True,Engineering
TMS000052,COR04155,KQK,KALD,SR,sleeper_defect,B,2025-07-15,2024-09-09,309,USFD_ultrasonic_flaw_detection,1.4,False,Engineering
TMS000053,COR01971,BDDR,LAL,WR,alignment_deviation,C,2025-10-03,2025-09-18,15,visual_patrol,2.9,True,Engineering
TMS000054,COR00783,HSI,KRH,NWR,ballast_deficiency,C,2024-08-24,2024-08-20,4,visual_patrol,1.3,True,Engineering
TMS000055,COR01840,SCPD,DRE,NR,ballast_deficiency,C,2025-02-02,2025-01-20,13,manual_gauge_check,3.7,True,Engineering
TMS000056,COR05006,SGM,AYN,SR,alignment_deviation,C,2024-11-01,2024-10-21,11,track_recording_car,5.2,False,Engineering
TMS000057,COR01853,CKKN,MRTL,NR,alignment_deviation,C,2025-05-14,2025-03-31,44,visual_patrol,2.9,True,Engineering
TMS000058,COR01524,CHG,CRD,CR,formation_defect,B,2024-05-10,2024-04-26,14,manual_gauge_check,3.4,False,Engineering
TMS000059,COR02832,JRS,BIM,WR,formation_defect,B,2024-07-05,2024-06-21,14,visual_patrol,2.6,True,Engineering
TMS000060,COR01469,TKC,PNB,NFR,alignment_deviation,C,2024-09-15,2024-07-08,69,manual_gauge_check,3.1,True,Engineering
TMS000061,COR00207,MFX,LOG,NCR,rail_wear,C,2024-02-01,2024-01-31,1,manual_gauge_check,1.6,True,Engineering
TMS000062,COR00539,NLE,CHV,SR,weld_failure,A,2025-04-21,2025-03-09,43,track_recording_car,4.7,True,Engineering
TMS000063,COR02901,KZT,KZTW,SR,alignment_deviation,C,2024-04-20,2024-02-25,55,USFD_ultrasonic_flaw_detection,5.6,True,Engineering
TMS000064,COR05748,KRMG,TNLR,SR,sleeper_defect,B,2024-04-14,2024-04-07,7,track_recording_car,2.2,True,Engineering
TMS000065,COR04594,AZA,MRZA,NFR,alignment_deviation,C,2025-11-08,2025-10-26,13,visual_patrol,3.3,True,Engineering
TMS000066,COR04950,VBW,NAN,KR,alignment_deviation,C,2025-12-25,2025-02-02,326,visual_patrol,1.5,True,Engineering
TMS000067,COR03229,CLC,AEP,WR,points_crossing_wear,B,2025-03-22,2025-01-06,75,manual_gauge_check,3.8,True,Engineering
TMS000068,COR00873,SCP,UPW,SCR,rail_wear,C,2025-08-06,2025-07-23,14,USFD_ultrasonic_flaw_detection,2.6,True,Engineering
TMS000069,COR04956,SWV,MADR,KR,ballast_deficiency,C,2024-10-13,2024-08-15,59,manual_gauge_check,4.4,True,Engineering
TMS000070,COR00041,LPR,SR,WR,rail_wear,C,2025-12-08,2025-12-01,7,USFD_ultrasonic_flaw_detection,4.4,True,Engineering
TMS000071,COR00065,UM,PNU,WR,ballast_deficiency,C,2025-04-29,2025-04-18,11,USFD_ultrasonic_flaw_detection,2.4,False,Engineering
TMS000072,COR02695,ABO,KRZ,NR,sleeper_defect,B,2024-05-03,2024-04-26,7,track_recording_car,2.2,True,Engineering
TMS000073,COR06583,BOTR,SRGH,NWR,formation_defect,B,2025-08-26,2025-07-06,51,manual_gauge_check,3.4,True,Engineering
TMS000074,COR00294,RV,NB,CR,ballast_deficiency,C,2025-12-26,2025-12-26,0,USFD_ultrasonic_flaw_detection,2.0,False,Engineering
TMS000075,COR02711,SD,KMP,NER,formation_defect,B,2024-04-15,2023-05-09,342,manual_gauge_check,3.7,True,Engineering
TMS000076,COR01903,ZB,MTV,SCR,ballast_deficiency,B,2025-02-14,2025-02-12,2,USFD_ultrasonic_flaw_detection,3.7,True,Engineering
TMS000077,COR00536,BFR,PKP,SR,alignment_deviation,C,2024-05-01,2024-04-24,7,USFD_ultrasonic_flaw_detection,2.8,True,Engineering
TMS000078,COR02980,TKT,VEK,SR,alignment_deviation,C,2025-08-25,2024-12-25,243,manual_gauge_check,2.2,True,Engineering
TMS000079,COR02937,WL,CLE,SCR,alignment_deviation,C,2024-09-27,2024-09-21,6,track_recording_car,1.4,True,Engineering
TMS000080,COR00251,KKB,BELD,WCR,rail_fracture,A,2024-02-03,2023-12-12,53,visual_patrol,4.4,True,Engineering
TMS000081,COR02023,AHM,ALMW,NER,formation_defect,B,2025-03-11,2025-01-29,41,visual_patrol,1.7,True,Engineering
TMS000082,COR01027,KWM,LPN,NFR,weld_failure,B,2024-10-22,2024-07-26,88,USFD_ultrasonic_flaw_detection,3.1,True,Engineering
TMS000083,COR01761,HAN,SMBJ,WCR,ballast_deficiency,C,2025-03-18,2025-03-17,1,track_recording_car,3.8,True,Engineering
TMS000084,COR00765,SMDP,BWSN,NR,formation_defect,B,2025-11-19,2025-11-01,18,manual_gauge_check,3.7,True,Engineering
TMS000085,COR00621,NVC,BKL,SCR,points_crossing_wear,B,2025-10-12,2025-09-29,13,manual_gauge_check,5.8,True,Engineering
TMS000086,COR01783,BLKR,DRU,SWR,ballast_deficiency,C,2025-12-11,2025-11-28,13,USFD_ultrasonic_flaw_detection,4.1,True,Engineering
TMS000087,COR04181,GRN,JHL,NR,rail_fracture,B,2025-06-10,2025-05-29,12,manual_gauge_check,0.5,False,Engineering
TMS000088,COR02075,MLSA,GBB,SWR,rail_fracture,A,2025-10-02,2025-07-15,79,USFD_ultrasonic_flaw_detection,0.8,True,Engineering
TMS000089,COR00474,AGQ,CDI,CR,ballast_deficiency,C,2025-10-07,2025-10-07,0,USFD_ultrasonic_flaw_detection,1.8,True,Engineering
TMS000090,COR02697,ISM,SPZ,NR,points_crossing_wear,A,2025-10-25,2025-10-22,3,manual_gauge_check,3.2,True,Engineering
TMS000091,COR02326,MKM,CHU,SWR,ballast_deficiency,C,2025-04-12,2021-06-13,1399,USFD_ultrasonic_flaw_detection,2.6,False,Engineering
TMS000092,COR02319,UDM,NRGR,WR,alignment_deviation,C,2024-12-14,2024-12-01,13,manual_gauge_check,3.3,True,Engineering
TMS000093,COR01154,BY,SNRD,CR,ballast_deficiency,C,2024-06-01,2017-10-30,2406,USFD_ultrasonic_flaw_detection,3.2,True,Engineering
TMS000094,COR04221,MJHL,CH,NR,sleeper_defect,B,2025-08-08,2025-01-07,213,visual_patrol,5.2,True,Engineering
TMS000095,COR01384,SMM,KXO,SR,sleeper_defect,B,2025-05-22,2025-05-18,4,manual_gauge_check,1.2,False,Engineering
TMS000096,COR01501,SBY,SLR,NR,weld_failure,A,2024-01-16,2024-01-02,14,track_recording_car,2.8,True,Engineering
TMS000097,COR00545,PAZ,KPQ,SR,sleeper_defect,B,2025-10-27,2025-10-15,12,visual_patrol,2.3,True,Engineering
TMS000098,COR02516,JARI,DQN,NWR,rail_wear,C,2025-07-08,2024-08-02,340,visual_patrol,0.9,True,Engineering
TMS000099,COR05992,PRNG,RNJ,WR,rail_wear,C,2025-10-10,2025-10-07,3,track_recording_car,1.1,True,Engineering
TMS000100,COR01302,KRW,PPF,NWR,rail_fracture,A,2025-01-18,2025-01-07,11,USFD_ultrasonic_flaw_detection,1.8,True,Engineering
TMS000101,COR03573,BGO,GBA,SER,ballast_deficiency,C,2025-09-26,2025-07-24,64,track_recording_car,3.2,True,Engineering
TMS000102,COR00774,IHP,KIP,NR,formation_defect,B,2024-10-21,2024-08-07,75,track_recording_car,1.4,True,Engineering
TMS000103,COR01579,DPS,MLKA,SER,points_crossing_wear,B,2025-04-12,2025-04-04,8,manual_gauge_check,1.6,True,Engineering
TMS000104,COR02156,KTPM,KTBR,SR,ballast_deficiency,C,2024-01-23,2023-12-01,53,manual_gauge_check,4.1,True,Engineering
TMS000105,COR02798,VLP,ADH,WR,formation_defect,B,2024-10-20,2024-10-05,15,track_recording_car,1.8,True,Engineering
TMS000106,COR00717,VLP,STC,WR,ballast_deficiency,C,2025-10-05,2025-09-02,33,visual_patrol,4.0,True,Engineering
TMS000107,COR04471,GLPT,KRNI,NFR,rail_fracture,A,2024-11-30,2024-11-21,9,track_recording_car,1.5,True,Engineering
TMS000108,COR02588,MANK,MRDW,KR,rail_wear,C,2024-09-20,2024-03-29,175,manual_gauge_check,5.7,False,Engineering
TMS000109,COR01231,BTW,UPI,CR,alignment_deviation,C,2024-05-24,2024-05-22,2,track_recording_car,1.7,True,Engineering
TMS000110,COR03488,FRD,KD,NR,sleeper_defect,B,2025-02-08,2025-01-12,27,visual_patrol,3.5,True,Engineering
TMS000111,COR03475,DWI,KHU,NCR,formation_defect,B,2024-04-20,2024-02-17,63,track_recording_car,3.1,True,Engineering
TMS000112,COR06394,ALMW,AHM,NER,ballast_deficiency,C,2025-12-18,2025-10-04,75,visual_patrol,2.7,True,Engineering
TMS000113,COR06476,SQW,DWDI,NER,ballast_deficiency,C,2025-02-01,2025-01-28,4,USFD_ultrasonic_flaw_detection,4.2,True,Engineering
TMS000114,COR06468,ZNP,MIW,NER,sleeper_defect,B,2025-11-01,2025-10-19,13,visual_patrol,3.2,True,Engineering
TMS000115,COR06594,JDD,SIKR,NWR,rail_fracture,A,2025-01-06,2024-12-30,7,visual_patrol,4.3,True,Engineering
TMS000116,COR07392,GLBN,KZI,NR,sleeper_defect,B,2025-04-10,2025-04-07,3,visual_patrol,1.7,True,Engineering
TMS000117,COR07129,JDP,DHK,ER,rail_fracture,A,2025-08-01,2015-08-30,3624,visual_patrol,5.1,True,Engineering
TMS000118,COR02826,VAPI,UVD,WR,alignment_deviation,C,2024-10-10,2024-09-24,16,manual_gauge_check,1.3,True,Engineering
TMS000119,COR00925,KMLM,HSRA,SWR,ballast_deficiency,C,2025-01-01,2025-01-01,0,track_recording_car,1.8,True,Engineering
TMS000120,COR00620,CKN,NVC,SCR,rail_fracture,A,2025-05-02,2025-04-30,2,USFD_ultrasonic_flaw_detection,2.5,True,Engineering
TMS000121,COR02001,NDBT,GULR,NR,ballast_deficiency,C,2024-11-04,2024-08-14,82,USFD_ultrasonic_flaw_detection,5.8,True,Engineering
TMS000122,COR02150,MCPK,MTCN,SR,sleeper_defect,B,2024-03-16,2024-03-02,14,manual_gauge_check,2.3,True,Engineering
TMS000123,COR00465,WNG,LBG,SCR,formation_defect,B,2025-09-03,2025-07-01,64,USFD_ultrasonic_flaw_detection,3.0,True,Engineering
TMS000124,COR00292,BAU,WGA,CR,alignment_deviation,C,2024-08-08,2024-05-14,86,USFD_ultrasonic_flaw_detection,5.4,True,Engineering
TMS000125,COR04727,VKA,KNG,NR,sleeper_defect,B,2025-11-12,2025-11-02,10,visual_patrol,5.7,True,Engineering
TMS000126,COR02132,CTH,KMV,SCR,weld_failure,B,2024-05-13,2024-05-02,11,USFD_ultrasonic_flaw_detection,3.7,True,Engineering
TMS000127,COR01481,KWM,JMK,NFR,weld_failure,A,2024-02-22,2023-12-14,70,manual_gauge_check,3.8,True,Engineering
TMS000128,COR02816,UOI,BOR,WR,ballast_deficiency,C,2024-12-24,2024-12-21,3,manual_gauge_check,2.5,True,Engineering
TMS000129,COR02812,VTN,SAH,WR,alignment_deviation,C,2025-09-20,2017-08-26,2947,track_recording_car,3.6,True,Engineering
TMS000130,COR03265,BR,NGLT,NCR,formation_defect,B,2024-12-13,2024-10-19,55,visual_patrol,1.5,True,Engineering
TMS000131,COR03262,DY,BXN,WCR,weld_failure,A,2025-06-27,2023-05-13,776,visual_patrol,2.8,True,Engineering
TMS000132,COR01680,KFY,KY,WCR,alignment_deviation,C,2024-02-23,2024-01-28,26,visual_patrol,4.6,True,Engineering
TMS000133,COR00264,SGP,GMD,WCR,sleeper_defect,B,2024-10-06,2024-07-29,69,visual_patrol,3.3,True,Engineering
TMS000134,COR00376,AKS,SAHR,NER,formation_defect,B,2024-02-16,2024-02-07,9,visual_patrol,5.9,True,Engineering
TMS000135,COR00692,DRD,VGN,WR,rail_wear,C,2024-12-01,2024-10-09,53,visual_patrol,3.2,True,Engineering
TMS000136,COR00471,RV,WGA,CR,points_crossing_wear,B,2024-03-14,2024-01-13,61,visual_patrol,4.6,True,Engineering
TMS000137,COR02066,BNKH,DBL,SWR,weld_failure,A,2025-12-27,2025-12-15,12,USFD_ultrasonic_flaw_detection,2.1,True,Engineering
TMS000138,COR06943,PKDE,SWDE,NR,ballast_deficiency,C,2024-03-31,2024-03-20,11,USFD_ultrasonic_flaw_detection,1.1,True,Engineering
TMS000139,COR01755,PNGR,KEV,WCR,weld_failure,A,2024-12-07,2024-10-24,44,track_recording_car,0.9,True,Engineering
TMS000140,COR02466,BGRA,ABKA,ER,ballast_deficiency,C,2024-08-29,2024-08-25,4,visual_patrol,1.9,True,Engineering
TMS000141,COR00540,CHV,CDRA,SR,alignment_deviation,C,2025-11-28,2025-11-14,14,manual_gauge_check,3.6,True,Engineering
TMS000142,COR02996,KTU,PEU,SR,alignment_deviation,C,2025-04-25,2025-04-23,2,USFD_ultrasonic_flaw_detection,2.2,True,Engineering
TMS000143,COR00215,MKP,BNSP,NCR,points_crossing_wear,B,2025-01-12,2025-01-11,1,manual_gauge_check,0.9,False,Engineering
TMS000144,COR04996,KLT,MUQ,SR,points_crossing_wear,B,2025-04-05,2025-04-04,1,manual_gauge_check,3.6,True,Engineering
TMS000145,COR02891,CAER,KHA,WCR,points_crossing_wear,B,2024-03-27,2024-03-17,10,USFD_ultrasonic_flaw_detection,1.4,True,Engineering
TMS000146,COR01896,INK,NKD,SCR,sleeper_defect,B,2024-10-16,2024-10-05,11,visual_patrol,4.8,True,Engineering
TMS000147,COR00208,LOG,SRJ,NCR,formation_defect,B,2024-10-17,2024-10-05,12,visual_patrol,5.2,False,Engineering
TMS000148,COR02880,DOW,BO,WR,ballast_deficiency,C,2024-11-13,2024-11-02,11,manual_gauge_check,4.3,True,Engineering
TMS000149,COR02836,VDH,NVS,WR,rail_wear,C,2024-05-10,2024-04-30,10,track_recording_car,5.1,True,Engineering
TMS000150,COR03610,UBL,KUG,SWR,points_crossing_wear,B,2024-01-19,2024-01-08,11,visual_patrol,1.5,True,Engineering
TMS000151,COR06514,BTI,BWX,NR,sleeper_defect,B,2024-10-29,2024-10-27,2,manual_gauge_check,1.1,True,Engineering
TMS000152,COR04861,TKYR,MJG,WCR,rail_wear,B,2025-09-03,2025-03-29,158,visual_patrol,1.4,True,Engineering
TMS000153,COR04290,RKI,MDF,SER,alignment_deviation,C,2025-01-08,2024-12-26,13,track_recording_car,1.8,True,Engineering
TMS000154,COR01166,MGLE,NWMS,ER,alignment_deviation,C,2025-04-25,2025-04-16,9,manual_gauge_check,1.6,True,Engineering
TMS000155,COR02807,BYR,NIG,WR,sleeper_defect,B,2025-06-24,2025-04-05,80,USFD_ultrasonic_flaw_detection,1.4,True,Engineering
TMS000156,COR02890,HRD,BRUD,WCR,alignment_deviation,B,2024-04-15,2023-04-07,374,track_recording_car,3.3,True,Engineering
TMS000157,COR00268,DRA,KTZ,WCR,ballast_deficiency,C,2024-04-03,2024-03-21,13,manual_gauge_check,1.7,True,Engineering
TMS000158,COR01608,CLI,HRR,SWR,rail_fracture,C,2024-03-24,2024-03-12,12,visual_patrol,0.7,False,Engineering
TMS000159,COR04904,MAD,HNK,SWR,formation_defect,B,2025-04-28,2025-04-19,9,track_recording_car,1.3,True,Engineering
TMS000160,COR01955,SSB,DBSI,NR,rail_fracture,B,2025-07-15,2025-07-11,4,manual_gauge_check,3.8,True,Engineering
TMS000161,COR04329,TT,TJ,SR,ballast_deficiency,C,2024-03-05,2024-02-20,14,visual_patrol,5.5,True,Engineering
TMS000162,COR00062,SID,DRW,WR,points_crossing_wear,B,2024-01-02,2023-12-20,13,USFD_ultrasonic_flaw_detection,1.8,True,Engineering
TMS000163,COR03332,AHH,QRP,NR,weld_failure,A,2025-02-03,2025-02-03,0,manual_gauge_check,0.7,True,Engineering
TMS000164,COR01687,BMR,BHTN,WCR,alignment_deviation,C,2025-11-03,2025-10-27,7,USFD_ultrasonic_flaw_detection,4.7,True,Engineering
TMS000165,COR01510,MRJ,JSP,CR,rail_fracture,A,2025-12-02,2025-10-25,38,USFD_ultrasonic_flaw_detection,4.3,True,Engineering
TMS000166,COR04645,BYNR,SHMI,KR,weld_failure,A,2024-07-25,2024-07-16,9,visual_patrol,1.6,True,Engineering
TMS000167,COR06234,PTRL,MBY,NWR,points_crossing_wear,B,2024-02-07,2024-01-30,8,track_recording_car,1.6,True,Engineering
TMS000168,COR04412,COA,CCT,SCR,alignment_deviation,C,2025-03-23,2025-03-12,11,manual_gauge_check,4.6,False,Engineering
TMS000169,COR01711,SAGM,HATI,WCR,rail_wear,C,2024-03-25,2024-03-17,8,track_recording_car,0.9,True,Engineering
TMS000170,COR04691,VEER,GNO,KR,points_crossing_wear,B,2024-11-09,2024-10-31,9,USFD_ultrasonic_flaw_detection,4.4,True,Engineering
TMS000171,COR01933,MVO,DGPP,SCR,sleeper_defect,B,2024-10-08,2023-11-30,313,USFD_ultrasonic_flaw_detection,4.9,True,Engineering
TMS000172,COR03442,DKWA,HYL,NWR,sleeper_defect,B,2024-02-01,2023-12-27,36,visual_patrol,3.8,True,Engineering
TMS000173,COR00133,PSL,GAL,NWR,weld_failure,A,2025-08-03,2025-07-22,12,visual_patrol,1.3,True,Engineering
TMS000174,COR01682,NU,GPC,WCR,sleeper_defect,A,2024-11-17,2024-11-05,12,USFD_ultrasonic_flaw_detection,1.9,True,Engineering
TMS000175,COR04043,NDJ,SAHR,NER,sleeper_defect,B,2024-09-23,2024-08-05,49,track_recording_car,1.7,True,Engineering
TMS000176,COR03694,SLB,CDGR,SER,rail_wear,C,2025-04-07,2025-04-05,2,visual_patrol,4.4,False,Engineering
TMS000177,COR04640,UD,BKJ,KR,rail_wear,C,2025-07-17,2025-06-23,24,USFD_ultrasonic_flaw_detection,5.4,False,Engineering
TMS000178,COR03869,CDH,PXR,ER,rail_wear,C,2024-08-17,2024-05-28,81,visual_patrol,1.6,True,Engineering
TMS000179,COR04479,SGBJ,KHA,WCR,rail_fracture,A,2025-09-18,2025-09-14,4,manual_gauge_check,0.9,True,Engineering
TMS000180,COR03897,KHV,KZH,NR,sleeper_defect,B,2024-05-08,2024-05-06,2,manual_gauge_check,4.0,True,Engineering
TMS000181,COR03566,ANCR,BQA,SER,ballast_deficiency,C,2024-05-12,2024-04-03,39,USFD_ultrasonic_flaw_detection,5.5,True,Engineering
TMS000182,COR00454,FKB,BSX,SCR,ballast_deficiency,C,2024-12-20,2024-12-13,7,manual_gauge_check,3.4,True,Engineering
TMS000183,COR00258,GAR,SCKR,WCR,ballast_deficiency,C,2025-09-21,2025-09-12,9,USFD_ultrasonic_flaw_detection,3.3,True,Engineering
TMS000184,COR06386,RTR,SDC,NER,ballast_deficiency,C,2025-07-31,2025-06-02,59,visual_patrol,5.3,True,Engineering
TMS000185,COR06521,BFE,ABS,NR,alignment_deviation,C,2025-09-24,2025-09-11,13,USFD_ultrasonic_flaw_detection,3.2,True,Engineering
TMS000186,COR01191,TAZ,RMP,CR,rail_wear,C,2024-10-31,2024-08-25,67,USFD_ultrasonic_flaw_detection,4.3,True,Engineering
TMS000187,COR01842,AWL,KKL,NR,sleeper_defect,B,2024-12-19,2024-12-09,10,manual_gauge_check,1.2,True,Engineering
TMS000188,COR02775,BMHR,RNA,NR,ballast_deficiency,C,2024-05-24,2024-05-17,7,visual_patrol,2.1,True,Engineering
TMS000189,COR02972,TLY,JGE,SR,ballast_deficiency,C,2025-08-14,2025-08-04,10,track_recording_car,1.5,True,Engineering
TMS000190,COR08287,DIA,SVO,NWR,sleeper_defect,B,2025-02-06,2025-02-04,2,USFD_ultrasonic_flaw_detection,5.8,True,Engineering
TMS000191,COR01622,AJP,NVF,SWR,rail_fracture,A,2024-10-19,2023-11-23,331,USFD_ultrasonic_flaw_detection,5.2,True,Engineering
TMS000192,COR05392,KBR,BPRA,NCR,alignment_deviation,C,2024-02-22,2024-02-10,12,USFD_ultrasonic_flaw_detection,1.6,True,Engineering
TMS000193,COR00248,BHTN,BMR,WCR,points_crossing_wear,B,2024-05-11,2024-05-08,3,manual_gauge_check,2.7,True,Engineering
TMS000194,COR01544,FSG,ALN,CR,rail_wear,C,2025-05-27,2025-05-15,12,visual_patrol,0.7,True,Engineering
TMS000195,COR04577,MKP,BIP,NCR,points_crossing_wear,B,2024-12-01,2024-06-22,162,manual_gauge_check,2.3,True,Engineering
TMS000196,COR02975,MUKE,NAU,SR,alignment_deviation,C,2025-12-26,2025-12-11,15,USFD_ultrasonic_flaw_detection,3.1,True,Engineering
TMS000197,COR01489,PKB,LMG,NFR,weld_failure,A,2025-09-03,2025-09-03,0,USFD_ultrasonic_flaw_detection,5.8,True,Engineering
TMS000198,COR04329,TT,TJ,SR,points_crossing_wear,B,2025-06-20,2025-05-14,37,USFD_ultrasonic_flaw_detection,3.9,True,Engineering
TMS000199,COR00515,RLR,SSR,NWR,formation_defect,C,2025-03-27,2025-03-27,0,visual_patrol,1.3,True,Engineering
TMS000200,COR01806,GJUT,CBX,NR,alignment_deviation,C,2025-12-23,2025-08-23,122,visual_patrol,1.6,True,Engineering
TMS000201,COR03304,TPP,KVLR,SWR,points_crossing_wear,B,2025-07-13,2025-07-03,10,visual_patrol,4.7,True,Engineering
TMS000202,COR03112,LLJ,NHF,NR,formation_defect,B,2024-10-12,2024-10-05,7,USFD_ultrasonic_flaw_detection,1.7,False,Engineering
TMS000203,COR01283,BQH,MLX,NR,ballast_deficiency,C,2025-05-06,2025-03-11,56,visual_patrol,5.6,True,Engineering
TMS000204,COR01091,DUR,IDJ,SWR,weld_failure,A,2024-12-19,2024-12-07,12,manual_gauge_check,4.9,True,Engineering
TMS000205,COR01181,MDVR,NDE,CR,alignment_deviation,C,2025-05-05,2025-04-27,8,visual_patrol,5.1,True,Engineering
TMS000206,COR02776,RNA,DBD,NR,ballast_deficiency,C,2024-09-05,2024-07-21,46,visual_patrol,5.5,True,Engineering
TMS000207,COR00776,KWMD,RE,NR,weld_failure,A,2024-01-06,2024-01-02,4,manual_gauge_check,5.9,True,Engineering
TMS000208,COR03251,NMD,NNW,WCR,rail_wear,C,2024-11-24,2024-10-03,52,visual_patrol,0.8,True,Engineering
TMS000209,COR03249,MXL,MLZ,WCR,ballast_deficiency,C,2024-06-28,2024-03-10,110,USFD_ultrasonic_flaw_detection,5.1,False,Engineering
TMS000210,COR00139,MJNL,BWL,NWR,alignment_deviation,C,2024-02-08,2024-01-30,9,visual_patrol,3.6,True,Engineering
TMS000211,COR07578,HCNR,NKW,ECoR,ballast_deficiency,C,2024-05-17,2024-05-02,15,manual_gauge_check,3.1,True,Engineering
TMS000212,COR00383,RJI,KDQ,NER,ballast_deficiency,C,2024-01-15,2024-01-10,5,track_recording_car,4.8,True,Engineering
TMS000213,COR04162,ULL,TKOT,SR,ballast_deficiency,C,2025-06-11,2024-08-06,309,visual_patrol,2.7,True,Engineering
TMS000214,COR07520,GDZ,RSA,SECR,sleeper_defect,B,2024-08-29,2024-08-17,12,USFD_ultrasonic_flaw_detection,2.0,True,Engineering
TMS000215,COR02821,BRRD,UBR,WR,points_crossing_wear,B,2024-03-04,2024-02-26,7,track_recording_car,3.1,True,Engineering
TMS000216,COR03614,NGR,LKT,SWR,rail_wear,C,2025-10-16,2025-09-15,31,manual_gauge_check,2.1,True,Engineering
TMS000217,COR00718,STC,KHAR,WR,weld_failure,A,2025-03-01,2024-12-28,63,track_recording_car,5.5,True,Engineering
TMS000218,COR04553,KZX,TDO,NR,alignment_deviation,C,2025-06-22,2025-05-27,26,USFD_ultrasonic_flaw_detection,4.4,True,Engineering
TMS000219,COR02795,BDTS,KHAR,WR,weld_failure,A,2024-06-17,2024-06-13,4,visual_patrol,3.4,True,Engineering
TMS000220,COR00693,VGN,BOR,WR,points_crossing_wear,C,2025-04-09,2025-04-08,1,visual_patrol,2.8,True,Engineering
TMS000221,COR02765,PRTP,MTC,NR,formation_defect,B,2024-01-04,2023-12-27,8,track_recording_car,3.7,True,Engineering
TMS000222,COR01570,BVQ,NDE,CR,weld_failure,A,2025-04-28,2024-12-23,126,visual_patrol,2.7,True,Engineering
TMS000223,COR04250,URPR,PLP,NR,rail_wear,C,2025-04-04,2025-03-23,12,manual_gauge_check,5.5,True,Engineering
TMS000224,COR03576,SLB,GSL,SER,formation_defect,B,2024-05-01,2024-03-02,60,visual_patrol,3.5,True,Engineering
TMS000225,COR03979,MIAN,BZLE,ER,ballast_deficiency,A,2025-11-20,2019-08-07,2297,track_recording_car,2.8,True,Engineering
TMS000226,COR00767,GGN,BDXT,NR,sleeper_defect,B,2024-02-02,2024-01-30,3,manual_gauge_check,2.8,True,Engineering
TMS000227,COR05404,NEW,BWR,NCR,rail_fracture,A,2025-04-02,2025-04-01,1,USFD_ultrasonic_flaw_detection,4.4,True,Engineering
TMS000228,COR04084,LHN,PDNR,SWR,sleeper_defect,B,2024-05-23,2024-05-22,1,USFD_ultrasonic_flaw_detection,2.1,True,Engineering
TMS000229,COR04009,DNUA,BAYD,WR,ballast_deficiency,C,2024-08-30,2024-07-04,57,visual_patrol,1.3,True,Engineering
TMS000230,COR00724,DDR,EPR,WR,ballast_deficiency,C,2025-10-03,2025-04-06,180,track_recording_car,3.6,True,Engineering
TMS000231,COR01570,BVQ,NDE,CR,formation_defect,B,2025-02-22,2025-02-09,13,visual_patrol,2.6,True,Engineering
TMS000232,COR02122,HBG,JBP,WCR,alignment_deviation,C,2024-02-29,2023-12-16,75,USFD_ultrasonic_flaw_detection,5.8,True,Engineering
TMS000233,COR00478,KDK,BMA,CR,ballast_deficiency,C,2025-01-14,2024-11-02,73,visual_patrol,4.5,True,Engineering
TMS000234,COR01039,TKC,PHI,NFR,formation_defect,B,2025-08-24,2025-02-18,187,track_recording_car,3.6,True,Engineering
TMS000235,COR05169,MCQ,KDRD,ECR,ballast_deficiency,C,2024-04-30,2024-04-24,6,track_recording_car,4.6,False,Engineering
TMS000236,COR03701,ODM,BXL,SER,alignment_deviation,C,2024-10-16,2024-10-06,10,visual_patrol,3.4,True,Engineering
TMS000237,COR01007,BXJ,KHKT,NFR,points_crossing_wear,B,2024-11-23,2024-11-08,15,manual_gauge_check,2.5,True,Engineering
TMS000238,COR02778,THJ,NGL,NR,ballast_deficiency,C,2024-10-29,2024-10-16,13,visual_patrol,2.3,True,Engineering
TMS000239,COR04837,KHA,BIR,WCR,sleeper_defect,B,2025-05-15,2025-03-28,48,manual_gauge_check,4.0,True,Engineering
TMS000240,COR00610,KDM,TAA,SCR,alignment_deviation,C,2024-07-07,2024-04-20,78,manual_gauge_check,3.5,True,Engineering
TMS000241,COR00220,CTHR,KTHA,WCR,rail_fracture,A,2024-01-07,2023-09-14,115,USFD_ultrasonic_flaw_detection,5.1,True,Engineering
TMS000242,COR03829,CFG,TTB,NFR,rail_fracture,A,2025-11-06,2025-10-22,15,USFD_ultrasonic_flaw_detection,0.5,True,Engineering
TMS000243,COR00046,SHRD,KLL,WR,points_crossing_wear,B,2025-05-29,2024-02-13,471,manual_gauge_check,4.2,True,Engineering
TMS000244,COR05802,PGK,AMPR,NWR,weld_failure,A,2024-12-28,2024-12-20,8,visual_patrol,2.7,True,Engineering
TMS000245,COR01770,MLZ,MXL,WCR,points_crossing_wear,B,2025-10-31,2025-10-29,2,manual_gauge_check,4.1,True,Engineering
TMS000246,COR01768,NNW,NMD,WCR,sleeper_defect,B,2024-03-25,2024-02-17,37,USFD_ultrasonic_flaw_detection,2.9,True,Engineering
TMS000247,COR02798,VLP,ADH,WR,alignment_deviation,C,2024-08-04,2024-01-09,208,manual_gauge_check,4.3,True,Engineering
TMS000248,COR01079,CNC,RBG,SWR,rail_wear,C,2024-07-02,2024-07-01,1,manual_gauge_check,2.2,False,Engineering
TMS000249,COR02827,UVD,PAD,WR,alignment_deviation,C,2024-11-02,2024-10-31,2,visual_patrol,1.8,True,Engineering
TMS000250,COR01716,TKYR,MKD,WCR,rail_wear,C,2025-12-06,2025-11-03,33,track_recording_car,3.3,False,Engineering
TMS000251,COR00210,MJHR,BRG,NCR,sleeper_defect,B,2024-11-30,2024-11-18,12,visual_patrol,2.0,False,Engineering
TMS000252,COR02195,NCJ,THX,SR,sleeper_defect,B,2024-03-28,2024-03-16,12,track_recording_car,2.1,True,Engineering
TMS000253,COR00248,BHTN,BMR,WCR,ballast_deficiency,C,2025-02-02,2024-12-29,35,visual_patrol,1.1,True,Engineering
TMS000254,COR01338,ABR,MAA,NWR,sleeper_defect,B,2025-03-17,2025-03-12,5,USFD_ultrasonic_flaw_detection,3.6,True,Engineering
TMS000255,COR00097,DRS,BFY,NWR,sleeper_defect,C,2024-01-13,2023-11-09,65,visual_patrol,2.6,True,Engineering
TMS000256,COR05649,MWRN,KTHD,SECR,rail_wear,C,2025-12-02,2025-10-26,37,visual_patrol,1.3,True,Engineering
TMS000257,COR02212,SZ,HWT,NWR,weld_failure,A,2024-03-19,2024-03-04,15,visual_patrol,5.7,True,Engineering
TMS000258,COR02228,SET,CPT,SWR,points_crossing_wear,B,2025-02-09,2025-02-09,0,visual_patrol,3.9,True,Engineering
TMS000259,COR01481,KWM,JMK,NFR,ballast_deficiency,C,2024-05-19,2023-04-20,395,visual_patrol,3.8,True,Engineering
TMS000260,COR02150,MCPK,MTCN,SR,ballast_deficiency,C,2025-08-12,2025-07-28,15,track_recording_car,2.3,True,Engineering
TMS000261,COR04450,DHAE,KWAE,ER,sleeper_defect,B,2025-11-29,2025-11-24,5,track_recording_car,0.6,True,Engineering
TMS000262,COR06393,SJGH,ALMW,NER,ballast_deficiency,C,2025-02-22,2025-01-29,24,track_recording_car,1.3,True,Engineering
TMS000263,COR00933,BNC,BNCE,SWR,ballast_deficiency,C,2025-09-04,2025-08-21,14,USFD_ultrasonic_flaw_detection,2.7,True,Engineering
TMS000264,COR05986,KQL,KZI,NR,formation_defect,B,2025-12-19,2025-10-18,62,manual_gauge_check,3.5,True,Engineering
TMS000265,COR00270,DKI,BPF,WCR,alignment_deviation,C,2025-07-30,2025-07-29,1,manual_gauge_check,4.2,True,Engineering
TMS000266,COR04146,ELM,PAY,SR,rail_wear,C,2024-08-15,2024-08-07,8,USFD_ultrasonic_flaw_detection,3.4,True,Engineering
TMS000267,COR02813,SAH,KLV,WR,sleeper_defect,B,2024-06-03,2024-03-15,80,visual_patrol,0.6,True,Engineering
TMS000268,COR01844,BPRS,CGH,NR,rail_wear,C,2024-12-22,2024-07-12,163,visual_patrol,3.0,True,Engineering
TMS000269,COR02156,KTPM,KTBR,SR,sleeper_defect,B,2024-03-09,2024-01-13,56,visual_patrol,5.0,True,Engineering
TMS000270,COR04948,VID,RAJP,KR,formation_defect,B,2025-06-12,2025-06-05,7,visual_patrol,1.4,True,Engineering
TMS000271,COR06747,KRNU,KVE,SWR,ballast_deficiency,C,2025-02-09,2025-01-27,13,visual_patrol,3.9,True,Engineering
TMS000272,COR02833,BIM,AML,WR,sleeper_defect,B,2025-08-14,2025-08-12,2,visual_patrol,5.3,True,Engineering
TMS000273,COR01458,NRD,SDGM,WR,sleeper_defect,B,2025-10-16,2024-10-20,361,visual_patrol,2.6,True,Engineering
TMS000274,COR00401,MPJ,SMX,ER,sleeper_defect,B,2025-09-21,2025-09-12,9,USFD_ultrasonic_flaw_detection,4.2,True,Engineering
TMS000275,COR00823,NSD,JWS,NWR,weld_failure,A,2025-03-04,2025-02-20,12,USFD_ultrasonic_flaw_detection,3.7,True,Engineering
TMS000276,COR02161,PRGD,VLCY,SR,points_crossing_wear,B,2025-07-22,2025-01-24,179,visual_patrol,2.1,True,Engineering
TMS000277,COR04919,PNVL,SMNE,CR,points_crossing_wear,B,2024-05-19,2023-06-15,339,visual_patrol,2.6,True,Engineering
TMS000278,COR03251,NMD,NNW,WCR,sleeper_defect,B,2025-05-15,2025-03-04,72,visual_patrol,3.6,True,Engineering
TMS000279,COR00722,MM,MRU,WR,rail_fracture,A,2025-08-02,2025-07-19,14,track_recording_car,4.7,True,Engineering
TMS000280,COR00385,SRNT,BCY,NER,weld_failure,A,2025-07-09,2025-05-08,62,manual_gauge_check,0.7,True,Engineering
TMS000281,COR02671,NPX,BLZ,NR,rail_wear,C,2024-10-31,2024-09-14,47,manual_gauge_check,0.7,True,Engineering
TMS000282,COR05074,GGR,CNA,NWR,weld_failure,A,2024-08-02,2024-07-26,7,manual_gauge_check,3.7,True,Engineering
TMS000283,COR03853,BDT,CGF,NFR,formation_defect,B,2024-07-30,2024-07-24,6,manual_gauge_check,3.6,True,Engineering
TMS000284,COR02838,MRL,SCH,WR,ballast_deficiency,C,2025-06-10,2025-06-02,8,manual_gauge_check,4.2,True,Engineering
TMS000285,COR06845,BNQL,MNZ,NR,alignment_deviation,C,2024-05-09,2015-11-26,3087,track_recording_car,1.2,True,Engineering
TMS000286,COR01414,PAS,CVD,SR,ballast_deficiency,C,2025-08-14,2025-08-10,4,USFD_ultrasonic_flaw_detection,4.0,True,Engineering
TMS000287,COR00252,BELD,GPC,WCR,alignment_deviation,C,2025-12-12,2025-12-04,8,manual_gauge_check,2.5,False,Engineering
TMS000288,COR01471,DGU,TTLA,NFR,rail_fracture,A,2025-10-12,2025-07-30,74,track_recording_car,2.5,True,Engineering
TMS000289,COR02532,KUDN,JHL,NR,ballast_deficiency,C,2024-11-26,2024-11-18,8,manual_gauge_check,2.4,True,Engineering
TMS000290,COR02798,VLP,ADH,WR,sleeper_defect,B,2024-02-17,2024-01-26,22,visual_patrol,4.8,True,Engineering
TMS000291,COR00454,FKB,BSX,SCR,alignment_deviation,C,2024-07-26,2024-07-13,13,manual_gauge_check,5.5,False,Engineering
TMS000292,COR01315,DRS,MJ,NWR,alignment_deviation,C,2024-09-13,2024-09-02,11,visual_patrol,4.2,True,Engineering
TMS000293,COR00207,MFX,LOG,NCR,formation_defect,B,2025-11-02,2025-08-24,70,visual_patrol,1.0,True,Engineering
TMS000294,COR00257,BNE,GAR,WCR,points_crossing_wear,B,2025-12-13,2025-12-13,0,visual_patrol,1.2,False,Engineering
TMS000295,COR03694,SLB,CDGR,SER,sleeper_defect,B,2024-04-15,2024-04-12,3,visual_patrol,5.3,True,Engineering
TMS000296,COR04304,LRD,SRU,NER,alignment_deviation,C,2024-03-11,2021-06-29,986,USFD_ultrasonic_flaw_detection,0.5,True,Engineering
TMS000297,COR01899,CLE,WL,SCR,alignment_deviation,C,2025-09-22,2025-09-09,13,track_recording_car,5.2,True,Engineering
TMS000298,COR00294,RV,NB,CR,alignment_deviation,C,2024-11-18,2024-11-05,13,track_recording_car,1.9,True,Engineering
TMS000299,COR00890,BOZ,ALW,SCR,points_crossing_wear,B,2025-11-05,2025-11-05,0,manual_gauge_check,1.6,True,Engineering
TMS000300,COR00674,NVS,VDH,WR,sleeper_defect,B,2025-05-21,2025-04-05,46,visual_patrol,1.8,True,Engineering
TMS000301,COR00243,JBP,HBG,WCR,rail_wear,B,2025-01-31,2024-08-26,158,manual_gauge_check,3.6,True,Engineering
TMS000302,COR03577,GSL,BUTA,SER,alignment_deviation,C,2025-08-24,2025-08-06,18,visual_patrol,1.9,True,Engineering
TMS000303,COR00224,SAGM,STA,WCR,alignment_deviation,C,2025-03-01,2024-12-11,80,USFD_ultrasonic_flaw_detection,2.7,True,Engineering
TMS000304,COR02576,MGVK,TKLB,SECR,ballast_deficiency,A,2024-06-08,2024-06-02,6,USFD_ultrasonic_flaw_detection,2.6,True,Engineering
TMS000305,COR04848,VND,BVRT,SCR,formation_defect,C,2024-02-29,2024-02-22,7,visual_patrol,5.6,True,Engineering
TMS000306,COR02958,DNDI,GNH,SCR,rail_fracture,A,2024-05-02,2024-03-25,38,visual_patrol,1.3,True,Engineering
TMS000307,COR02231,KHLL,BID,SWR,ballast_deficiency,C,2024-06-19,2024-05-01,49,visual_patrol,4.6,False,Engineering
TMS000308,COR04028,BHTL,VQD,WR,weld_failure,A,2024-10-05,2024-09-22,13,USFD_ultrasonic_flaw_detection,1.9,False,Engineering
TMS000309,COR03020,PTA,PTE,NR,sleeper_defect,B,2025-01-11,2025-01-06,5,visual_patrol,4.8,False,Engineering
TMS000310,COR03485,RCP,LMN,NR,weld_failure,A,2024-09-07,2024-09-07,0,visual_patrol,2.5,False,Engineering
TMS000311,COR00627,GNN,CVV,SCR,rail_wear,C,2024-08-17,2024-06-09,69,visual_patrol,2.8,True,Engineering
TMS000312,COR01080,RBG,CKR,SWR,weld_failure,A,2024-07-02,2024-07-01,1,visual_patrol,3.3,True,Engineering
TMS000313,COR01757,BXN,DY,WCR,alignment_deviation,C,2024-12-01,2024-10-07,55,visual_patrol,3.0,True,Engineering
TMS000314,COR01200,LNN,NIRA,CR,alignment_deviation,C,2025-08-28,2025-08-17,11,manual_gauge_check,6.0,True,Engineering
TMS000315,COR04024,OKD,KRGA,WR,points_crossing_wear,B,2024-01-25,2024-01-12,13,visual_patrol,2.4,True,Engineering
TMS000316,COR05254,LTA,NWA,SECR,rail_wear,C,2024-04-16,2024-04-07,9,visual_patrol,5.9,True,Engineering
TMS000317,COR06809,RGS,SMPR,NWR,rail_wear,C,2024-08-25,2024-08-24,1,manual_gauge_check,3.4,True,Engineering
TMS000318,COR01685,KKB,SRID,WCR,rail_wear,A,2024-03-17,2024-03-05,12,USFD_ultrasonic_flaw_detection,0.8,True,Engineering
TMS000319,COR00473,BAU,AGQ,CR,ballast_deficiency,C,2025-12-18,2025-03-01,292,manual_gauge_check,2.3,True,Engineering
TMS000320,COR00780,MJNL,AIA,NWR,rail_wear,C,2024-06-08,2024-05-10,29,visual_patrol,3.0,True,Engineering
TMS000321,COR00433,GDPL,GWV,SCR,sleeper_defect,B,2024-09-28,2024-09-14,14,manual_gauge_check,1.0,True,Engineering
TMS000322,COR01324,KZQ,FA,NWR,alignment_deviation,C,2024-05-31,2024-05-21,10,visual_patrol,1.9,True,Engineering
TMS000323,COR02373,LTA,CRN,SECR,formation_defect,B,2025-02-18,2023-09-09,528,manual_gauge_check,3.6,True,Engineering
TMS000324,COR00285,MTA,KNW,WCR,weld_failure,A,2024-08-15,2024-08-14,1,visual_patrol,5.0,True,Engineering
TMS000325,COR03042,KMD,PGR,SR,formation_defect,B,2024-01-23,2024-01-21,2,manual_gauge_check,1.6,True,Engineering
TMS000326,COR04622,FKA,TQL,NR,weld_failure,A,2024-02-13,2024-01-13,31,manual_gauge_check,0.8,False,Engineering
TMS000327,COR01888,MLMG,PPY,SCR,alignment_deviation,C,2024-06-25,2024-06-12,13,visual_patrol,5.5,True,Engineering
TMS000328,COR01943,J,BDU,SCR,weld_failure,A,2025-05-25,2025-04-02,53,USFD_ultrasonic_flaw_detection,3.5,True,Engineering
TMS000329,COR01144,KBI,MGD,SWR,weld_failure,A,2024-09-12,2023-09-18,360,USFD_ultrasonic_flaw_detection,4.9,True,Engineering
TMS000330,COR07916,KTNA,RAS,WR,alignment_deviation,C,2024-12-18,2024-12-03,15,manual_gauge_check,3.3,True,Engineering
TMS000331,COR00629,KI,RYP,SCR,ballast_deficiency,C,2024-02-29,2023-07-10,234,manual_gauge_check,3.1,True,Engineering
TMS000332,COR02823,SJN,BLD,WR,ballast_deficiency,C,2024-09-29,2024-09-22,7,USFD_ultrasonic_flaw_detection,4.9,True,Engineering
TMS000333,COR04233,KIN,BSJ,NWR,rail_wear,C,2024-12-29,2019-07-18,1991,manual_gauge_check,6.0,True,Engineering
TMS000334,COR00791,RHG,SRRG,NWR,ballast_deficiency,C,2025-12-21,2025-12-21,0,track_recording_car,5.7,True,Engineering
TMS000335,COR02789,MTT,TAM,SR,ballast_deficiency,C,2025-07-09,2024-07-31,343,visual_patrol,3.2,True,Engineering
TMS000336,COR00776,KWMD,RE,NR,ballast_deficiency,C,2024-05-13,2024-05-07,6,visual_patrol,1.5,True,Engineering
TMS000337,COR05140,KDRD,MCQ,ECR,rail_fracture,A,2024-04-23,2024-03-20,34,manual_gauge_check,5.2,False,Engineering
TMS000338,COR01687,BMR,BHTN,WCR,rail_wear,C,2024-11-26,2024-11-17,9,visual_patrol,1.4,False,Engineering
TMS000339,COR04484,BPRA,KBR,NCR,rail_wear,C,2024-08-16,2024-08-05,11,track_recording_car,5.0,True,Engineering
TMS000340,COR04036,SRNT,KDQ,NER,ballast_deficiency,C,2025-08-04,2025-07-23,12,visual_patrol,3.8,False,Engineering
TMS000341,COR06988,RXL,MSDH,ECR,ballast_deficiency,C,2024-12-05,2024-06-25,163,track_recording_car,1.8,False,Engineering
TMS000342,COR00609,INK,KDM,SCR,rail_wear,C,2025-04-02,2025-02-03,58,visual_patrol,1.7,True,Engineering
TMS000343,COR01612,HNH,KAG,SWR,alignment_deviation,C,2025-03-05,2025-02-19,14,manual_gauge_check,5.4,True,Engineering
TMS000344,COR01697,DDCE,SBD,WCR,points_crossing_wear,B,2024-06-15,2024-06-08,7,USFD_ultrasonic_flaw_detection,4.9,True,Engineering
TMS000345,COR00075,MXO,KWI,NWR,ballast_deficiency,C,2024-06-13,2024-06-01,12,track_recording_car,3.5,False,Engineering
TMS000346,COR00282,KKN,DRHI,WCR,points_crossing_wear,B,2025-03-17,2025-03-17,0,manual_gauge_check,1.4,False,Engineering
TMS000347,COR00556,ATMO,PRI,NR,weld_failure,A,2025-11-07,2025-10-30,8,visual_patrol,1.8,True,Engineering
TMS000348,COR02809,BSR,NSP,WR,alignment_deviation,C,2024-03-30,2024-03-17,13,visual_patrol,4.1,True,Engineering
TMS000349,COR00687,BLD,SJN,WR,rail_fracture,A,2025-04-29,2025-04-27,2,manual_gauge_check,2.2,True,Engineering
TMS000350,COR02184,LIR,BHGP,NER,formation_defect,C,2025-01-25,2025-01-14,11,visual_patrol,3.0,True,Engineering
TMS000351,COR02088,RRB,NVF,SWR,ballast_deficiency,C,2024-03-28,2024-03-25,3,track_recording_car,4.9,True,Engineering
TMS000352,COR04159,KMQ,UAA,SR,ballast_deficiency,B,2025-07-02,2025-04-24,69,track_recording_car,5.6,True,Engineering
TMS000353,COR00788,MWW,MKH,NWR,ballast_deficiency,C,2025-05-29,2025-02-10,108,USFD_ultrasonic_flaw_detection,3.3,True,Engineering
TMS000354,COR07565,KRNR,DOY,SWR,weld_failure,A,2024-08-04,2024-07-30,5,manual_gauge_check,1.2,True,Engineering
TMS000355,COR07857,RBN,BAKT,ECR,sleeper_defect,B,2024-11-23,2024-10-05,49,manual_gauge_check,5.5,True,Engineering
TMS000356,COR01714,KTHA,CTHR,WCR,sleeper_defect,B,2024-01-13,2023-12-30,14,track_recording_car,3.9,True,Engineering
TMS000357,COR01855,GILA,KNDI,NR,sleeper_defect,B,2024-04-18,2024-03-21,28,USFD_ultrasonic_flaw_detection,1.1,True,Engineering
TMS000358,COR02540,SAG,BSS,NR,ballast_deficiency,C,2025-08-08,2025-07-24,15,USFD_ultrasonic_flaw_detection,0.7,True,Engineering
TMS000359,COR00493,BIF,BPF,WCR,points_crossing_wear,B,2025-12-08,2025-11-28,10,visual_patrol,4.6,False,Engineering
TMS000360,COR05599,MGWN,KS,NR,rail_fracture,A,2025-05-18,2025-05-10,8,manual_gauge_check,4.3,False,Engineering
TMS000361,COR00762,KRTN,DEC,NR,ballast_deficiency,C,2024-10-02,2024-08-06,57,track_recording_car,3.8,True,Engineering
TMS000362,COR01917,WDLN,JOA,SCR,rail_wear,C,2024-02-27,2024-02-16,11,USFD_ultrasonic_flaw_detection,1.4,True,Engineering
TMS000363,COR02312,PRTP,MUZ,NR,weld_failure,A,2024-06-26,2024-03-13,105,visual_patrol,5.1,True,Engineering
TMS000364,COR00908,HNL,DNE,SCR,sleeper_defect,B,2025-01-12,2024-11-22,51,manual_gauge_check,3.3,True,Engineering
TMS000365,COR00452,JKM,NVT,SCR,rail_fracture,A,2025-04-30,2025-03-23,38,USFD_ultrasonic_flaw_detection,2.4,True,Engineering
TMS000366,COR05567,NRWI,SURP,NWR,alignment_deviation,C,2024-02-20,2024-02-08,12,visual_patrol,3.6,False,Engineering
TMS000367,COR05008,BAL,ALK,SR,formation_defect,B,2025-06-09,2025-05-27,13,visual_patrol,4.8,True,Engineering
TMS000368,COR00037,CJR,SUNR,WR,rail_wear,C,2024-08-17,2024-07-31,17,visual_patrol,4.9,True,Engineering
TMS000369,COR06973,BJO,KJLU,NR,formation_defect,B,2025-04-15,2025-04-04,11,visual_patrol,3.1,True,Engineering
TMS000370,COR04699,KASU,PEN,CR,sleeper_defect,B,2025-07-28,2025-07-17,11,USFD_ultrasonic_flaw_detection,3.8,True,Engineering
TMS000371,COR00357,ALMR,UJ,WR,weld_failure,A,2024-09-24,2024-08-04,51,track_recording_car,5.7,True,Engineering
TMS000372,COR00673,MRL,NVS,WR,points_crossing_wear,B,2025-11-07,2025-10-26,12,visual_patrol,1.3,True,Engineering
TMS000373,COR02235,GNB,NYH,SWR,ballast_deficiency,C,2025-08-20,2025-08-19,1,track_recording_car,3.6,True,Engineering
TMS000374,COR03968,SHBA,DHAE,ER,ballast_deficiency,C,2025-06-03,2025-04-03,61,visual_patrol,1.4,True,Engineering
TMS000375,COR02763,MDNR,MUZ,NR,ballast_deficiency,C,2024-07-06,2024-04-10,87,manual_gauge_check,5.4,True,Engineering
TMS000376,COR00731,CSM,MJO,SWR,ballast_deficiency,C,2025-01-15,2025-01-05,10,visual_patrol,2.1,False,Engineering
TMS000377,COR02111,SVNR,YLG,SWR,alignment_deviation,C,2025-04-28,2024-12-22,127,manual_gauge_check,3.3,False,Engineering
TMS000378,COR01702,PTWA,JKE,WCR,ballast_deficiency,A,2024-12-16,2024-12-10,6,USFD_ultrasonic_flaw_detection,3.6,False,Engineering
TMS000379,COR02057,PBN,PIZ,SCR,ballast_deficiency,C,2024-12-06,2024-09-19,78,USFD_ultrasonic_flaw_detection,1.5,True,Engineering
TMS000380,COR00025,SDD,AXA,WR,ballast_deficiency,C,2025-05-16,2025-05-11,5,track_recording_car,4.8,True,Engineering
TMS000381,COR01889,PPY,DKJ,SCR,sleeper_defect,B,2024-02-08,2024-02-08,0,USFD_ultrasonic_flaw_detection,4.5,False,Engineering
TMS000382,COR05522,MBB,JJG,ER,alignment_deviation,C,2025-10-03,2025-10-03,0,track_recording_car,1.7,False,Engineering
TMS000383,COR01351,KMLI,UJA,WR,weld_failure,A,2024-02-16,2024-02-14,2,visual_patrol,2.1,True,Engineering
TMS000384,COR02837,NVS,MRL,WR,ballast_deficiency,C,2025-05-16,2020-06-07,1804,visual_patrol,1.5,False,Engineering
TMS000385,COR05946,HYL,DKWA,NWR,sleeper_defect,B,2024-08-04,2024-07-03,32,track_recording_car,3.7,True,Engineering
TMS000386,COR01674,PPI,BKH,WCR,formation_defect,C,2025-08-31,2025-08-30,1,manual_gauge_check,4.1,True,Engineering
TMS000387,COR00074,ABR,MXO,NWR,formation_defect,B,2025-04-30,2025-04-22,8,track_recording_car,1.6,True,Engineering
TMS000388,COR00038,SUNR,BLRD,WR,sleeper_defect,B,2025-03-04,2025-02-28,4,manual_gauge_check,1.1,True,Engineering
TMS000389,COR00421,HYB,LKPL,SCR,weld_failure,A,2024-09-26,2024-09-20,6,manual_gauge_check,5.9,True,Engineering
TMS000390,COR01800,PKZ,FDK,NR,ballast_deficiency,C,2024-12-04,2024-01-02,337,visual_patrol,0.6,True,Engineering
TMS000391,COR00373,SBK,GZT,NER,points_crossing_wear,B,2024-03-17,2023-03-31,352,track_recording_car,1.1,True,Engineering
TMS000392,COR00771,TJNR,JSKA,NR,rail_wear,C,2024-06-27,2024-06-24,3,manual_gauge_check,5.2,True,Engineering
TMS000393,COR03526,LOV,KXT,SR,sleeper_defect,B,2024-01-10,2023-09-18,114,manual_gauge_check,4.1,True,Engineering
TMS000394,COR01639,SPGR,NTR,SWR,sleeper_defect,B,2025-01-16,2024-08-31,138,manual_gauge_check,1.5,True,Engineering
TMS000395,COR06838,HIND,THBN,NR,ballast_deficiency,C,2025-10-26,2024-12-24,306,manual_gauge_check,1.4,True,Engineering
TMS000396,COR03967,AGAE,SHBA,ER,rail_wear,C,2025-08-05,2025-07-21,15,track_recording_car,1.5,True,Engineering
TMS000397,COR01643,HEI,TK,SWR,rail_fracture,A,2025-05-09,2025-04-07,32,manual_gauge_check,1.1,True,Engineering
TMS000398,COR00172,KZA,PNYA,NER,ballast_deficiency,C,2025-08-13,2025-05-22,83,track_recording_car,1.7,False,Engineering
TMS000399,COR05200,CNA,GGR,WR,points_crossing_wear,B,2025-11-08,2025-08-29,71,track_recording_car,3.2,True,Engineering
TMS000400,COR03091,ETK,CS,SR,weld_failure,A,2024-01-12,2023-09-16,118,USFD_ultrasonic_flaw_detection,1.4,True,Engineering
TMS000401,COR04959,THVM,KRMI,KR,alignment_deviation,B,2024-10-11,2024-10-01,10,visual_patrol,1.7,True,Engineering
TMS000402,COR01763,KNDP,PDZ,WCR,ballast_deficiency,C,2024-03-31,2024-01-18,73,manual_gauge_check,3.0,True,Engineering
TMS000403,COR02235,GNB,NYH,SWR,formation_defect,B,2024-04-03,2024-04-03,0,track_recording_car,5.8,True,Engineering
TMS000404,COR05500,BRK,RS,NER,points_crossing_wear,B,2025-01-07,2024-12-28,10,manual_gauge_check,5.0,True,Engineering
TMS000405,COR01501,SBY,SLR,NR,alignment_deviation,C,2025-04-08,2025-02-05,62,visual_patrol,4.7,True,Engineering
TMS000406,COR01555,AKI,WTR,CR,alignment_deviation,C,2025-12-19,2025-12-08,11,visual_patrol,5.4,True,Engineering
TMS000407,COR04689,KFD,SAPE,KR,alignment_deviation,C,2024-07-11,2024-07-05,6,visual_patrol,5.2,True,Engineering
TMS000408,COR04700,APTA,RSYI,CR,ballast_deficiency,C,2025-10-10,2025-09-19,21,manual_gauge_check,3.7,True,Engineering
TMS000409,COR01975,JND,VAL,WR,formation_defect,B,2024-01-05,2023-12-21,15,USFD_ultrasonic_flaw_detection,0.8,False,Engineering
TMS000410,COR04902,RMGM,CPT,SWR,sleeper_defect,B,2025-12-09,2025-06-11,181,USFD_ultrasonic_flaw_detection,4.5,True,Engineering
TMS000411,COR01713,JTW,KTHA,WCR,points_crossing_wear,B,2025-03-04,2025-02-20,12,manual_gauge_check,5.5,True,Engineering
TMS000412,COR01091,DUR,IDJ,SWR,rail_wear,C,2024-05-21,2024-05-17,4,USFD_ultrasonic_flaw_detection,4.4,True,Engineering
TMS000413,COR01299,MKRA,MLI,NWR,alignment_deviation,C,2025-10-09,2025-07-15,86,visual_patrol,1.7,True,Engineering
TMS000414,COR03617,KGX,RLP,SWR,rail_wear,C,2025-05-30,2025-04-22,38,USFD_ultrasonic_flaw_detection,4.0,True,Engineering
TMS000415,COR04184,GJW,UKN,NR,points_crossing_wear,B,2025-11-21,2025-01-21,304,track_recording_car,5.1,True,Engineering
TMS000416,COR04941,AVRD,SGR,KR,alignment_deviation,C,2024-02-24,2024-02-20,4,track_recording_car,1.6,True,Engineering
TMS000417,COR00577,PPA,JDR,ECR,ballast_deficiency,C,2024-07-27,2024-06-04,53,track_recording_car,0.7,True,Engineering
TMS000418,COR00303,KBPR,BNTL,SWR,alignment_deviation,C,2025-02-02,2024-01-21,378,visual_patrol,4.8,True,Engineering
TMS000419,COR01181,MDVR,NDE,CR,formation_defect,B,2025-07-19,2025-07-09,10,visual_patrol,4.6,True,Engineering
TMS000420,COR05155,KNC,BARD,WCR,alignment_deviation,C,2025-08-25,2025-08-14,11,USFD_ultrasonic_flaw_detection,3.8,True,Engineering
TMS000421,COR06875,BWF,MXH,NR,ballast_deficiency,C,2024-06-26,2024-05-18,39,track_recording_car,1.2,True,Engineering
TMS000422,COR01140,DEV,NAG,SWR,ballast_deficiency,C,2024-12-04,2024-11-18,16,USFD_ultrasonic_flaw_detection,5.7,True,Engineering
TMS000423,COR06136,KDI,RUR,WR,points_crossing_wear,B,2025-05-17,2025-03-24,54,track_recording_car,3.5,True,Engineering
TMS000424,COR03833,NCH,LH,NFR,points_crossing_wear,B,2025-03-01,2025-02-24,5,USFD_ultrasonic_flaw_detection,2.7,True,Engineering
TMS000425,COR05400,RORA,MRPR,NCR,formation_defect,B,2025-07-28,2025-07-13,15,manual_gauge_check,5.9,True,Engineering
TMS000426,COR03386,GJUT,AJTM,NR,sleeper_defect,B,2024-02-10,2023-12-25,47,track_recording_car,2.3,False,Engineering
TMS000427,COR06431,DK,UMH,WR,sleeper_defect,B,2025-06-10,2025-05-30,11,manual_gauge_check,3.0,True,Engineering
TMS000428,COR05624,KLMC,NVRD,CR,ballast_deficiency,C,2025-07-04,2025-01-09,176,USFD_ultrasonic_flaw_detection,3.9,True,Engineering
TMS000429,COR03038,BTIC,BTI,NR,ballast_deficiency,C,2025-07-04,2025-05-23,42,manual_gauge_check,5.3,True,Engineering
TMS000430,COR01892,GUU,MABD,SCR,alignment_deviation,C,2024-12-05,2024-11-21,14,visual_patrol,0.9,True,Engineering
TMS000431,COR00931,BNC,SBC,SWR,weld_failure,A,2025-02-01,2024-04-08,299,USFD_ultrasonic_flaw_detection,2.7,True,Engineering
TMS000432,COR01717,MKD,BQF,WCR,weld_failure,C,2024-02-16,2023-11-18,90,track_recording_car,0.9,False,Engineering
TMS000433,COR00336,MLN,BNKJ,NER,alignment_deviation,C,2025-01-25,2025-01-11,14,visual_patrol,4.1,True,Engineering
TMS000434,COR02511,MBNL,KOF,NWR,weld_failure,A,2024-10-29,2024-08-05,85,manual_gauge_check,1.3,True,Engineering
TMS000435,COR05876,GZS,FDK,NR,alignment_deviation,C,2025-07-20,2025-07-20,0,manual_gauge_check,1.3,True,Engineering
TMS000436,COR02810,NSP,VR,WR,sleeper_defect,B,2024-12-18,2024-12-12,6,visual_patrol,5.5,False,Engineering
TMS000437,COR00491,CGO,PGL,WCR,ballast_deficiency,C,2024-07-04,2024-07-01,3,track_recording_car,3.6,True,Engineering
TMS000438,COR04142,VAPM,PPNS,SR,rail_wear,C,2024-10-24,2024-09-29,25,track_recording_car,1.9,True,Engineering
TMS000439,COR02819,DRD,GVD,WR,rail_wear,C,2024-04-12,2024-02-26,46,visual_patrol,0.9,True,Engineering
TMS000440,COR02160,TRMN,PRGD,SR,ballast_deficiency,C,2025-08-02,2025-06-28,35,USFD_ultrasonic_flaw_detection,4.9,False,Engineering
TMS000441,COR00611,TAA,MABD,SCR,ballast_deficiency,C,2024-10-10,2024-07-31,71,manual_gauge_check,1.2,True,Engineering
TMS000442,COR05269,PAV,VMD,SCR,sleeper_defect,B,2024-06-28,2024-06-25,3,USFD_ultrasonic_flaw_detection,1.0,True,Engineering
TMS000443,COR04713,AMBR,HER,SCR,rail_wear,C,2024-03-18,2024-02-22,25,manual_gauge_check,5.2,True,Engineering
TMS000444,COR04651,HNA,KT,KR,points_crossing_wear,B,2025-07-18,2025-07-17,1,visual_patrol,5.4,True,Engineering
TMS000445,COR03253,LRU,GGC,WCR,weld_failure,A,2024-10-24,2023-09-28,392,visual_patrol,3.3,True,Engineering
TMS000446,COR01669,SQL,BGTA,WCR,rail_fracture,A,2025-06-10,2024-12-17,175,visual_patrol,1.4,True,Engineering
TMS000447,COR02798,VLP,ADH,WR,alignment_deviation,C,2024-02-11,2023-12-12,61,visual_patrol,3.2,True,Engineering
TMS000448,COR01679,BNE,KFY,WCR,rail_fracture,A,2025-02-01,2024-05-02,275,USFD_ultrasonic_flaw_detection,3.0,True,Engineering
TMS000449,COR07467,MOMU,BOMN,SWR,ballast_deficiency,C,2024-09-26,2024-09-18,8,USFD_ultrasonic_flaw_detection,3.6,True,Engineering
TMS000450,COR01697,DDCE,SBD,WCR,points_crossing_wear,B,2025-01-20,2025-01-12,8,manual_gauge_check,1.7,True,Engineering
TMS000451,COR04671,NAN,VBW,KR,ballast_deficiency,C,2025-05-28,2025-02-23,94,manual_gauge_check,2.9,True,Engineering
TMS000452,COR02380,SR,LPR,WR,ballast_deficiency,C,2025-11-07,2025-11-04,3,visual_patrol,5.0,True,Engineering
TMS000453,COR02154,MNDY,GWYR,SR,sleeper_defect,B,2024-01-23,2024-01-10,13,visual_patrol,1.2,True,Engineering
TMS000454,COR00479,KNW,MTA,CR,points_crossing_wear,B,2024-09-21,2024-09-16,5,manual_gauge_check,3.3,True,Engineering
TMS000455,COR07056,KWB,PUE,SECR,formation_defect,B,2024-03-28,2024-02-05,52,visual_patrol,3.8,True,Engineering
TMS000456,COR02154,MNDY,GWYR,SR,ballast_deficiency,C,2025-09-30,2025-09-25,5,track_recording_car,2.0,True,Engineering
TMS000457,COR01561,RMP,TAZ,CR,sleeper_defect,B,2024-05-15,2024-05-03,12,visual_patrol,1.6,False,Engineering
TMS000458,COR02303,MOZ,JDW,NR,sleeper_defect,B,2025-09-21,2025-09-06,15,USFD_ultrasonic_flaw_detection,5.3,True,Engineering
TMS000459,COR04146,ELM,PAY,SR,weld_failure,A,2024-01-02,2022-12-31,367,manual_gauge_check,4.8,True,Engineering
TMS000460,COR02405,WTJ,ALB,WR,sleeper_defect,C,2025-01-25,2025-01-10,15,visual_patrol,4.9,False,Engineering
TMS000461,COR04887,UMM,ADB,SCR,points_crossing_wear,B,2024-03-26,2024-03-19,7,visual_patrol,5.3,True,Engineering
TMS000462,COR00674,NVS,VDH,WR,alignment_deviation,C,2025-06-16,2025-05-16,31,visual_patrol,4.1,True,Engineering
TMS000463,COR01364,CTRL,KLL,WR,sleeper_defect,B,2024-09-24,2024-08-07,48,manual_gauge_check,2.8,True,Engineering
TMS000464,COR01104,PSLP,PCU,SCR,formation_defect,B,2024-07-02,2024-06-17,15,visual_patrol,3.6,True,Engineering
TMS000465,COR01332,SOH,BNS,NWR,ballast_deficiency,C,2024-08-23,2024-07-23,31,USFD_ultrasonic_flaw_detection,4.3,True,Engineering
TMS000466,COR00708,BYR,MIRA,WR,sleeper_defect,B,2024-06-13,2024-05-22,22,visual_patrol,4.0,True,Engineering
TMS000467,COR04695,KOL,ROHA,KR,sleeper_defect,B,2024-08-15,2024-08-07,8,visual_patrol,3.8,True,Engineering
TMS000468,COR06180,BSUR,BFPA,NER,sleeper_defect,B,2024-06-28,2024-06-27,1,USFD_ultrasonic_flaw_detection,2.9,True,Engineering
TMS000469,COR03261,FSP,DY,WCR,alignment_deviation,C,2025-09-21,2025-09-14,7,visual_patrol,0.7,True,Engineering
TMS000470,COR00004,RNBD,SKR,WR,ballast_deficiency,C,2025-11-16,2025-09-16,61,visual_patrol,3.7,True,Engineering
TMS000471,COR04049,YFP,DDD,NER,weld_failure,B,2025-08-19,2025-05-24,87,visual_patrol,5.8,True,Engineering
TMS000472,COR02896,NCJ,NJT,SR,ballast_deficiency,C,2024-06-28,2024-05-10,49,USFD_ultrasonic_flaw_detection,1.1,True,Engineering
TMS000473,COR01216,JOA,WDLN,SCR,rail_wear,C,2025-08-11,2024-08-10,366,visual_patrol,2.9,True,Engineering
TMS000474,COR02157,KTBR,INDR,SR,ballast_deficiency,C,2025-08-23,2025-06-10,74,manual_gauge_check,3.2,True,Engineering
TMS000475,COR01704,PKRD,UDR,WCR,alignment_deviation,C,2025-02-26,2025-01-01,56,manual_gauge_check,3.3,True,Engineering
TMS000476,COR04808,BXLL,RNQ,ECR,ballast_deficiency,C,2024-03-18,2024-01-19,59,USFD_ultrasonic_flaw_detection,1.5,True,Engineering
TMS000477,COR00717,VLP,STC,WR,points_crossing_wear,B,2025-05-25,2025-04-15,40,track_recording_car,1.8,True,Engineering
TMS000478,COR01026,JMK,KWM,NFR,ballast_deficiency,C,2024-06-08,2024-04-08,61,track_recording_car,1.2,True,Engineering
TMS000479,COR06678,KJC,KSJF,NER,sleeper_defect,C,2025-01-15,2024-02-13,337,USFD_ultrasonic_flaw_detection,3.2,False,Engineering
TMS000480,COR05599,MGWN,KS,NR,alignment_deviation,C,2024-10-13,2017-12-15,2494,visual_patrol,4.6,True,Engineering
TMS000481,COR02429,TKBN,BNL,SWR,sleeper_defect,B,2025-02-07,2025-01-27,11,manual_gauge_check,4.8,True,Engineering
TMS000482,COR00431,BMO,GOPL,SCR,points_crossing_wear,B,2025-01-23,2025-01-17,6,USFD_ultrasonic_flaw_detection,2.3,True,Engineering
TMS000483,COR00997,CFG,KXL,NFR,points_crossing_wear,B,2025-01-09,2024-12-30,10,visual_patrol,2.8,True,Engineering
TMS000484,COR04145,PAZ,ELM,SR,sleeper_defect,B,2025-08-12,2025-08-08,4,track_recording_car,5.0,True,Engineering
TMS000485,COR04578,BIP,KHOH,NCR,points_crossing_wear,B,2025-04-29,2025-04-25,4,manual_gauge_check,1.5,True,Engineering
TMS000486,COR08261,PPCK,SBL,NCR,alignment_deviation,C,2024-11-03,2024-08-17,78,visual_patrol,5.2,True,Engineering
TMS000487,COR00291,AGQ,BAU,CR,ballast_deficiency,C,2025-04-05,2025-04-02,3,track_recording_car,1.9,True,Engineering
TMS000488,COR02755,SGKM,VVM,SCR,alignment_deviation,C,2025-11-26,2025-11-15,11,manual_gauge_check,1.6,True,Engineering
TMS000489,COR03196,SAD,GHUM,NFR,ballast_deficiency,C,2025-04-02,2025-03-18,15,manual_gauge_check,2.6,True,Engineering
TMS000490,COR03052,IVL,MEJ,SR,weld_failure,A,2025-03-07,2025-01-07,59,USFD_ultrasonic_flaw_detection,3.6,True,Engineering
TMS000491,COR00244,HBG,MML,WCR,ballast_deficiency,C,2025-12-28,2025-12-19,9,visual_patrol,4.0,True,Engineering
TMS000492,COR01937,UPR,PTU,SCR,alignment_deviation,C,2025-02-27,2024-12-16,73,visual_patrol,5.2,True,Engineering
TMS000493,COR00784,KRH,GAL,NWR,ballast_deficiency,C,2024-06-19,2024-05-08,42,visual_patrol,1.0,False,Engineering
TMS000494,COR02122,HBG,JBP,WCR,rail_fracture,A,2024-04-16,2024-04-14,2,visual_patrol,1.4,True,Engineering
TMS000495,COR05414,BSY,VNN,NR,ballast_deficiency,C,2024-05-14,2024-05-10,4,USFD_ultrasonic_flaw_detection,1.4,True,Engineering
TMS000496,COR01636,ARGP,BSN,SWR,rail_wear,C,2025-07-15,2025-07-07,8,USFD_ultrasonic_flaw_detection,5.8,True,Engineering
TMS000497,COR00624,MDR,TNGM,SCR,points_crossing_wear,B,2025-03-21,2024-12-23,88,USFD_ultrasonic_flaw_detection,4.0,True,Engineering
TMS000498,COR01598,GDI,KALS,SWR,points_crossing_wear,B,2025-02-26,2025-02-15,11,visual_patrol,2.2,True,Engineering
TMS000499,COR04663,THVM,PERN,KR,alignment_deviation,C,2025-12-05,2025-12-05,0,manual_gauge_check,5.7,True,Engineering
TMS000500,COR00038,SUNR,BLRD,WR,sleeper_defect,B,2025-07-15,2025-07-15,0,visual_patrol,2.8,True,Engineering
TMS000501,COR01727,LOG,MFX,NCR,ballast_deficiency,C,2024-08-13,2024-08-01,12,visual_patrol,2.8,True,Engineering
TMS000502,COR04238,KLH,DRB,NWR,rail_wear,C,2025-10-26,2025-09-04,52,track_recording_car,4.9,True,Engineering
TMS000503,COR04983,SFNR,LKMN,WR,ballast_deficiency,C,2024-10-05,2024-07-24,73,track_recording_car,3.2,True,Engineering
TMS000504,COR00538,KZE,NLE,SR,rail_wear,A,2025-03-24,2025-03-20,4,track_recording_car,1.8,True,Engineering
TMS000505,COR02215,KAI,PMY,NWR,ballast_deficiency,C,2025-04-19,2025-02-15,63,track_recording_car,0.7,True,Engineering
TMS000506,COR04140,CAN,CQL,SR,weld_failure,A,2024-07-04,2024-06-19,15,visual_patrol,5.1,True,Engineering
TMS000507,COR04738,LKU,HLDD,NER,weld_failure,A,2024-09-10,2024-08-27,14,track_recording_car,0.7,True,Engineering
TMS000508,COR04289,BERO,RKI,SER,points_crossing_wear,B,2024-11-26,2024-11-17,9,visual_patrol,4.5,True,Engineering
TMS000509,COR02692,KHV,SMF,NR,weld_failure,A,2024-02-23,2024-02-12,11,manual_gauge_check,1.7,True,Engineering
TMS000510,COR03058,MP,SGLM,SR,ballast_deficiency,C,2025-02-09,2025-02-06,3,track_recording_car,0.5,True,Engineering
TMS000511,COR04439,TIL,BGS,ECR,sleeper_defect,B,2024-09-11,2024-09-09,2,visual_patrol,1.0,True,Engineering
TMS000512,COR06186,KRDH,KPKD,SECR,rail_wear,C,2025-12-19,2025-12-15,4,USFD_ultrasonic_flaw_detection,1.1,True,Engineering
TMS000513,COR01366,SHRD,KHD,WR,points_crossing_wear,B,2024-07-16,2024-07-02,14,visual_patrol,2.6,True,Engineering
TMS000514,COR00926,HSRA,AEK,SWR,rail_fracture,A,2025-12-14,2025-09-20,85,USFD_ultrasonic_flaw_detection,3.6,True,Engineering
TMS000515,COR01436,SKJ,LKN,ECR,sleeper_defect,B,2024-06-13,2024-03-19,86,visual_patrol,1.4,True,Engineering
TMS000516,COR01016,LCT,BRLF,NFR,sleeper_defect,C,2024-01-20,2024-01-15,5,USFD_ultrasonic_flaw_detection,2.5,True,Engineering
TMS000517,COR01405,SEV,MYU,SR,weld_failure,A,2025-06-20,2025-05-11,40,track_recording_car,4.7,True,Engineering
TMS000518,COR01154,BY,SNRD,CR,sleeper_defect,B,2024-02-14,2024-02-12,2,manual_gauge_check,1.2,False,Engineering
TMS000519,COR00689,UBR,BRRD,WR,sleeper_defect,C,2025-11-04,2025-08-31,65,USFD_ultrasonic_flaw_detection,3.9,True,Engineering
TMS000520,COR00194,HRNG,MAI,ECR,ballast_deficiency,C,2025-11-02,2025-10-27,6,USFD_ultrasonic_flaw_detection,5.4,True,Engineering
TMS000521,COR04550,UCB,DZA,NR,weld_failure,A,2025-01-12,2024-03-15,303,track_recording_car,0.8,True,Engineering
TMS000522,COR02451,KWF,DHAE,ER,alignment_deviation,C,2025-06-15,2025-06-09,6,visual_patrol,4.5,True,Engineering
TMS000523,COR00675,VDH,ACL,WR,points_crossing_wear,B,2025-07-25,2025-06-17,38,track_recording_car,2.8,True,Engineering
TMS000524,COR03084,BDJ,NAU,SR,sleeper_defect,B,2024-06-19,2024-05-21,29,track_recording_car,3.5,True,Engineering
TMS000525,COR03263,BXN,BAMA,WCR,points_crossing_wear,B,2025-07-17,2024-11-07,252,manual_gauge_check,2.3,True,Engineering
TMS000526,COR04234,BSJ,FAN,NWR,sleeper_defect,B,2025-07-12,2025-04-15,88,visual_patrol,4.7,False,Engineering
TMS000527,COR00948,PO,PUC,SR,rail_wear,C,2024-10-18,2024-10-17,1,USFD_ultrasonic_flaw_detection,3.3,False,Engineering
TMS000528,COR01315,DRS,MJ,NWR,ballast_deficiency,C,2025-12-07,2025-08-27,102,manual_gauge_check,5.6,True,Engineering
TMS000529,COR02807,BYR,NIG,WR,points_crossing_wear,B,2024-09-28,2024-09-24,4,visual_patrol,3.7,True,Engineering
TMS000530,COR04643,SEN,BIJR,KR,weld_failure,A,2024-11-28,2024-07-21,130,track_recording_car,1.5,True,Engineering
TMS000531,COR03642,UNDI,CKV,SCR,points_crossing_wear,B,2024-02-08,2023-12-16,54,track_recording_car,3.7,True,Engineering
TMS000532,COR00215,MKP,BNSP,NCR,alignment_deviation,C,2024-05-03,2024-02-24,69,manual_gauge_check,1.7,True,Engineering
TMS000533,COR02873,KPV,ALJ,NER,rail_fracture,A,2025-06-20,2025-06-11,9,visual_patrol,3.5,True,Engineering
TMS000534,COR02296,MOTC,HW,NR,ballast_deficiency,C,2025-09-01,2019-07-29,2226,USFD_ultrasonic_flaw_detection,1.0,True,Engineering
TMS000535,COR04455,ODB,DDM,NFR,weld_failure,A,2025-07-15,2025-07-14,1,visual_patrol,1.0,True,Engineering
TMS000536,COR04306,TRG,NXR,ECR,weld_failure,A,2025-02-08,2024-11-22,78,track_recording_car,1.6,True,Engineering
TMS000537,COR04043,NDJ,SAHR,NER,ballast_deficiency,B,2024-04-25,2024-04-23,2,track_recording_car,2.8,True,Engineering
TMS000538,COR01405,SEV,MYU,SR,points_crossing_wear,B,2025-09-23,2025-09-12,11,manual_gauge_check,4.9,True,Engineering
TMS000539,COR01903,ZB,MTV,SCR,rail_wear,C,2024-03-28,2024-02-22,35,visual_patrol,0.8,False,Engineering
TMS000540,COR06104,BVP,NROD,WR,alignment_deviation,C,2024-11-08,2024-11-05,3,USFD_ultrasonic_flaw_detection,0.6,True,Engineering
TMS000541,COR02582,KAWR,HAA,KR,ballast_deficiency,C,2025-09-29,2025-09-14,15,track_recording_car,1.3,True,Engineering
TMS000542,COR00069,JTY,IQG,NWR,points_crossing_wear,B,2024-03-02,2024-02-26,5,visual_patrol,4.8,True,Engineering
TMS000543,COR00209,SRJ,MJHR,NCR,formation_defect,B,2024-04-20,2024-02-18,62,visual_patrol,5.3,True,Engineering
TMS000544,COR00771,TJNR,JSKA,NR,sleeper_defect,B,2025-05-11,2025-05-01,10,manual_gauge_check,3.4,True,Engineering
TMS000545,COR02280,JAN,BKRO,ECR,sleeper_defect,B,2025-06-26,2025-06-19,7,visual_patrol,3.2,True,Engineering
TMS000546,COR00069,JTY,IQG,NWR,formation_defect,B,2024-03-04,2024-02-25,8,USFD_ultrasonic_flaw_detection,5.3,False,Engineering
TMS000547,COR04661,VEN,KRMI,KR,rail_fracture,A,2024-12-15,2024-12-11,4,manual_gauge_check,4.1,True,Engineering
TMS000548,COR01703,JKE,PKRD,WCR,rail_wear,C,2025-03-03,2025-01-17,45,visual_patrol,1.3,False,Engineering
TMS000549,COR05801,DBI,PGK,NWR,ballast_deficiency,C,2025-08-17,2025-08-13,4,USFD_ultrasonic_flaw_detection,4.9,False,Engineering
TMS000550,COR01340,SIM,SZA,NWR,alignment_deviation,C,2025-11-02,2025-10-29,4,manual_gauge_check,5.5,True,Engineering
TMS000551,COR02753,BVRM,PAGM,SCR,rail_wear,C,2024-01-31,2024-01-27,4,track_recording_car,5.3,True,Engineering
TMS000552,COR01818,JKHI,HSR,NWR,sleeper_defect,B,2024-06-04,2023-10-17,231,track_recording_car,1.1,True,Engineering
TMS000553,COR04212,AUR,DMPR,NR,points_crossing_wear,B,2025-09-02,2025-07-19,45,visual_patrol,4.3,True,Engineering
TMS000554,COR03629,GNR,TNGL,SWR,sleeper_defect,B,2024-07-07,2024-05-05,63,manual_gauge_check,3.2,True,Engineering
TMS000555,COR00679,JRS,DGI,WR,rail_fracture,A,2025-02-26,2025-02-18,8,visual_patrol,4.2,True,Engineering
TMS000556,COR00692,DRD,VGN,WR,ballast_deficiency,C,2025-12-05,2025-11-20,15,visual_patrol,3.0,True,Engineering
TMS000557,COR01767,LRU,NNW,WCR,rail_fracture,A,2025-02-07,2025-01-28,10,USFD_ultrasonic_flaw_detection,4.6,True,Engineering
TMS000558,COR02426,HDD,HGI,SCR,alignment_deviation,C,2025-04-12,2025-03-29,14,manual_gauge_check,0.7,False,Engineering
TMS000559,COR02392,DL,LXR,WR,sleeper_defect,B,2025-10-07,2025-07-17,82,manual_gauge_check,1.5,True,Engineering
TMS000560,COR05408,SRJM,IBL,SER,alignment_deviation,C,2025-09-19,2025-09-10,9,manual_gauge_check,4.3,False,Engineering
TMS000561,COR02082,RDI,BNK,SWR,formation_defect,C,2025-02-06,2025-02-02,4,USFD_ultrasonic_flaw_detection,3.0,True,Engineering
TMS000562,COR02831,DGI,JRS,WR,alignment_deviation,C,2024-11-27,2024-11-19,8,track_recording_car,5.5,True,Engineering
TMS000563,COR03904,BZO,UCA,NR,weld_failure,A,2024-03-28,2024-03-17,11,USFD_ultrasonic_flaw_detection,2.6,True,Engineering
TMS000564,COR02353,PMY,KAI,NWR,rail_wear,C,2024-12-09,2024-12-04,5,USFD_ultrasonic_flaw_detection,4.1,True,Engineering
TMS000565,COR05154,JOBA,KNC,WCR,ballast_deficiency,C,2025-04-01,2025-03-23,9,visual_patrol,1.5,False,Engineering
TMS000566,COR06779,BDWL,SOG,NWR,rail_fracture,A,2025-05-25,2025-05-10,15,USFD_ultrasonic_flaw_detection,0.5,False,Engineering
TMS000567,COR00812,SBLT,JCH,NWR,points_crossing_wear,B,2025-09-07,2025-09-05,2,USFD_ultrasonic_flaw_detection,1.8,True,Engineering
TMS000568,COR02984,ETR,WH,SR,points_crossing_wear,B,2024-02-26,2024-02-22,4,track_recording_car,0.7,False,Engineering
TMS000569,COR03363,NLQ,KSI,NWR,alignment_deviation,C,2024-04-21,2023-12-27,116,USFD_ultrasonic_flaw_detection,1.5,True,Engineering
TMS000570,COR02951,PARD,NED,SCR,formation_defect,B,2025-04-11,2025-03-04,38,track_recording_car,2.5,True,Engineering
TMS000571,COR04268,BSR,JCNR,WR,ballast_deficiency,C,2025-07-17,2025-05-08,70,visual_patrol,3.1,True,Engineering
TMS000572,COR05045,PPW,GIR,NER,ballast_deficiency,C,2025-09-18,2025-09-12,6,visual_patrol,3.6,False,Engineering
TMS000573,COR02451,KWF,DHAE,ER,weld_failure,A,2025-03-13,2025-01-20,52,USFD_ultrasonic_flaw_detection,2.2,True,Engineering
TMS000574,COR08241,MHAD,BRVR,CR,sleeper_defect,B,2025-10-09,2025-07-19,82,USFD_ultrasonic_flaw_detection,4.9,False,Engineering
TMS000575,COR00776,KWMD,RE,NR,ballast_deficiency,C,2025-10-02,2025-09-18,14,track_recording_car,4.6,True,Engineering
TMS000576,COR02972,TLY,JGE,SR,sleeper_defect,B,2024-01-12,2023-11-30,43,USFD_ultrasonic_flaw_detection,4.3,True,Engineering
TMS000577,COR00237,SBD,DDCE,WCR,ballast_deficiency,C,2025-12-03,2025-11-03,30,visual_patrol,2.7,True,Engineering
TMS000578,COR06776,MHJ,AS,NWR,alignment_deviation,C,2025-04-30,2025-02-12,77,track_recording_car,4.1,True,Engineering
TMS000579,COR03017,CLU,MTM,SCR,rail_wear,C,2024-02-27,2024-02-14,13,manual_gauge_check,2.1,True,Engineering
TMS000580,COR01363,EN,CTRL,WR,points_crossing_wear,B,2024-03-08,2024-01-07,61,manual_gauge_check,2.0,True,Engineering
TMS000581,COR07608,ARV,PRL,SR,formation_defect,B,2024-07-10,2024-05-06,65,USFD_ultrasonic_flaw_detection,5.3,True,Engineering
TMS000582,COR03818,KHKT,BXJ,NFR,ballast_deficiency,B,2025-01-15,2025-01-08,7,USFD_ultrasonic_flaw_detection,5.7,True,Engineering
TMS000583,COR01317,AUWA,BGG,NWR,weld_failure,A,2025-03-30,2025-03-03,27,USFD_ultrasonic_flaw_detection,4.9,False,Engineering
TMS000584,COR00544,ELM,PAZ,SR,ballast_deficiency,C,2024-12-01,2024-03-27,249,visual_patrol,5.3,True,Engineering
TMS000585,COR06332,VRL,SMNH,WR,formation_defect,B,2025-01-31,2024-11-18,74,track_recording_car,3.4,True,Engineering
TMS000586,COR06213,RMJK,UHP,NR,formation_defect,B,2024-02-17,2024-02-03,14,visual_patrol,4.7,True,Engineering
TMS000587,COR00083,KTR,MOI,NWR,alignment_deviation,C,2024-07-16,2024-07-10,6,visual_patrol,3.4,True,Engineering
TMS000588,COR03441,SDLP,DKWA,NWR,ballast_deficiency,C,2024-07-30,2024-07-27,3,USFD_ultrasonic_flaw_detection,3.5,True,Engineering
TMS000589,COR06395,AHM,MBS,NER,alignment_deviation,C,2025-09-19,2025-09-10,9,manual_gauge_check,3.5,True,Engineering
TMS000590,COR00112,MLI,MKRA,NWR,rail_wear,B,2025-02-05,2025-01-23,13,visual_patrol,3.8,True,Engineering
TMS000591,COR04874,PTRL,BWB,NWR,formation_defect,B,2025-12-31,2025-12-25,6,track_recording_car,5.0,True,Engineering
TMS000592,COR06018,JDD,NWH,NWR,alignment_deviation,C,2024-04-09,2024-03-26,14,USFD_ultrasonic_flaw_detection,4.3,True,Engineering
TMS000593,COR02089,NVF,AJP,SWR,ballast_deficiency,C,2025-01-07,2024-05-29,223,visual_patrol,4.3,True,Engineering
TMS000594,COR04472,KRNI,DDNI,NFR,rail_wear,C,2024-04-25,2024-04-10,15,visual_patrol,3.0,True,Engineering
TMS000595,COR04265,PDH,CX,WR,points_crossing_wear,B,2024-11-29,2024-11-26,3,USFD_ultrasonic_flaw_detection,0.9,True,Engineering
TMS000596,COR02071,HHL,KIAT,SWR,points_crossing_wear,B,2025-05-08,2025-05-03,5,visual_patrol,2.4,True,Engineering
TMS000597,COR02831,DGI,JRS,WR,alignment_deviation,C,2025-12-11,2025-09-17,85,visual_patrol,4.1,True,Engineering
TMS000598,COR06186,KRDH,KPKD,SECR,points_crossing_wear,B,2024-11-29,2024-09-15,75,USFD_ultrasonic_flaw_detection,5.0,True,Engineering
TMS000599,COR06680,VRH,RWL,NR,weld_failure,A,2024-12-01,2024-09-28,64,USFD_ultrasonic_flaw_detection,4.1,True,Engineering
TMS000600,COR04670,KKW,NAN,KR,rail_wear,C,2024-05-30,2024-05-14,16,track_recording_car,3.0,True,Engineering
TMS000601,COR02973,JGE,MAHE,SR,sleeper_defect,B,2025-08-06,2024-12-05,244,track_recording_car,4.2,False,Engineering
TMS000602,COR06301,SOW,BEHS,ECR,alignment_deviation,C,2024-01-09,2016-05-23,2787,USFD_ultrasonic_flaw_detection,3.3,True,Engineering
TMS000603,COR04962,MAO,BLLI,KR,weld_failure,A,2025-12-21,2025-09-21,91,USFD_ultrasonic_flaw_detection,5.9,True,Engineering
TMS000604,COR01153,CHG,BY,CR,rail_fracture,A,2025-12-29,2025-11-03,56,visual_patrol,2.6,True,Engineering
TMS000605,COR03308,KLPM,TIP,SR,sleeper_defect,B,2025-03-03,2025-02-20,11,visual_patrol,6.0,True,Engineering
TMS000606,COR00479,KNW,MTA,CR,weld_failure,C,2024-05-19,2023-07-10,314,visual_patrol,4.0,True,Engineering
TMS000607,COR02034,DRGJ,ALY,NER,alignment_deviation,C,2025-04-10,2025-04-05,5,USFD_ultrasonic_flaw_detection,3.5,True,Engineering
TMS000608,COR01630,ADHL,HVL,SWR,ballast_deficiency,C,2025-12-30,2025-11-14,46,USFD_ultrasonic_flaw_detection,2.8,True,Engineering
TMS000609,COR01675,BKH,JHT,WCR,rail_wear,C,2025-08-17,2025-07-18,30,USFD_ultrasonic_flaw_detection,4.3,True,Engineering
TMS000610,COR04007,HAD,CHPD,SR,rail_wear,C,2025-06-13,2025-03-30,75,visual_patrol,5.4,True,Engineering
TMS000611,COR02119,AGL,NVU,SWR,alignment_deviation,C,2025-09-19,2025-09-10,9,visual_patrol,2.4,True,Engineering
TMS000612,COR02105,RNR,DAD,SWR,points_crossing_wear,B,2024-12-27,2024-10-19,69,manual_gauge_check,4.9,True,Engineering
TMS000613,COR00135,KRH,HSI,NWR,rail_wear,C,2024-09-23,2024-06-27,88,visual_patrol,3.1,True,Engineering
TMS000614,COR00206,JSR,MFX,NCR,rail_wear,C,2025-05-11,2025-03-20,52,visual_patrol,3.3,False,Engineering
TMS000615,COR01125,SRNK,MPG,NER,weld_failure,A,2024-04-24,2024-01-17,98,USFD_ultrasonic_flaw_detection,5.5,True,Engineering
TMS000616,COR03275,AHD,SLGE,SWR,sleeper_defect,B,2025-05-11,2025-03-26,46,visual_patrol,3.4,True,Engineering
TMS000617,COR07622,DRN,AMA,NER,rail_wear,C,2025-02-26,2024-12-09,79,track_recording_car,1.8,True,Engineering
TMS000618,COR03081,TKT,PYOL,SR,ballast_deficiency,C,2024-04-28,2024-04-20,8,visual_patrol,3.1,True,Engineering
TMS000619,COR02142,SCO,SELU,SCR,rail_wear,C,2025-04-30,2025-04-18,12,visual_patrol,3.4,True,Engineering
TMS000620,COR01187,SNE,KRD,CR,alignment_deviation,C,2024-04-09,2024-04-08,1,manual_gauge_check,4.0,False,Engineering
TMS000621,COR01886,PNDP,KMT,SCR,rail_wear,C,2024-04-10,2024-04-02,8,visual_patrol,3.7,True,Engineering
TMS000622,COR03497,DUB,KEG,NR,ballast_deficiency,C,2024-12-11,2024-09-20,82,track_recording_car,6.0,True,Engineering
TMS000623,COR00043,KHRS,VNRD,WR,rail_fracture,B,2025-12-02,2025-11-29,3,USFD_ultrasonic_flaw_detection,1.7,True,Engineering
TMS000624,COR00679,JRS,DGI,WR,rail_fracture,C,2025-09-05,2025-07-24,43,USFD_ultrasonic_flaw_detection,4.4,True,Engineering
TMS000625,COR05005,TOM,SGM,SR,weld_failure,A,2024-07-08,2023-06-24,380,manual_gauge_check,4.3,True,Engineering
TMS000626,COR02097,SLU,MYK,SWR,rail_wear,C,2025-03-13,2024-07-24,232,track_recording_car,4.2,True,Engineering
TMS000627,COR00981,LPTA,BOJ,NFR,alignment_deviation,C,2024-12-06,2024-11-24,12,manual_gauge_check,1.9,True,Engineering
TMS000628,COR00626,YP,GNN,SCR,weld_failure,A,2024-07-01,2024-06-19,12,USFD_ultrasonic_flaw_detection,1.1,True,Engineering
TMS000629,COR01885,CKN,PNDP,SCR,points_crossing_wear,B,2024-04-15,2024-04-07,8,visual_patrol,0.9,True,Engineering
TMS000630,COR04361,CSR,DES,ECR,rail_fracture,A,2024-02-08,2024-01-23,16,track_recording_car,2.0,True,Engineering
TMS000631,COR05695,KHRY,LUSA,NCR,points_crossing_wear,B,2025-05-04,2024-05-27,342,USFD_ultrasonic_flaw_detection,5.1,True,Engineering
TMS000632,COR04445,BHB,DHT,ECR,points_crossing_wear,C,2024-05-04,2024-02-17,77,USFD_ultrasonic_flaw_detection,5.6,True,Engineering
TMS000633,COR03573,BGO,GBA,SER,sleeper_defect,B,2025-01-09,2024-08-25,137,USFD_ultrasonic_flaw_detection,5.8,True,Engineering
TMS000634,COR02066,BNKH,DBL,SWR,alignment_deviation,C,2025-01-28,2025-01-27,1,track_recording_car,2.1,True,Engineering
TMS000635,COR00342,LMP,KITN,NER,formation_defect,B,2024-07-13,2023-09-02,315,visual_patrol,1.6,True,Engineering
TMS000636,COR02833,BIM,AML,WR,sleeper_defect,C,2025-06-30,2025-04-12,79,manual_gauge_check,5.0,False,Engineering
TMS000637,COR00062,SID,DRW,WR,ballast_deficiency,C,2024-05-01,2024-02-24,67,visual_patrol,4.1,True,Engineering
TMS000638,COR06373,NUD,VRR,WR,alignment_deviation,C,2024-03-14,2024-01-29,45,visual_patrol,1.3,True,Engineering
TMS000639,COR02114,GDI,SNH,SWR,rail_wear,C,2024-06-25,2024-06-08,17,USFD_ultrasonic_flaw_detection,5.5,True,Engineering
TMS000640,COR00289,NPNR,CDI,CR,points_crossing_wear,B,2024-04-26,2024-04-23,3,USFD_ultrasonic_flaw_detection,4.9,True,Engineering
TMS000641,COR04581,SWC,BTKP,NCR,sleeper_defect,B,2025-02-15,2016-06-03,3179,visual_patrol,5.9,True,Engineering
TMS000642,COR00484,KRO,BRI,WCR,alignment_deviation,C,2024-12-09,2024-11-01,38,visual_patrol,2.0,True,Engineering
TMS000643,COR00610,KDM,TAA,SCR,sleeper_defect,B,2024-05-16,2024-05-15,1,visual_patrol,5.2,True,Engineering
TMS000644,COR04365,SPP,NNNL,ECR,rail_fracture,A,2024-04-01,2024-03-27,5,track_recording_car,3.8,True,Engineering
TMS000645,COR03692,BUTA,GSL,SER,alignment_deviation,C,2025-10-17,2025-10-13,4,visual_patrol,3.0,True,Engineering
TMS000646,COR00620,CKN,NVC,SCR,formation_defect,B,2025-10-04,2025-09-07,27,manual_gauge_check,2.2,True,Engineering
TMS000647,COR02758,LKDU,PKO,SCR,ballast_deficiency,C,2025-01-05,2016-12-22,2936,manual_gauge_check,5.9,True,Engineering
TMS000648,COR02084,TTR,SSNH,SWR,formation_defect,B,2024-06-01,2024-05-29,3,track_recording_car,5.8,True,Engineering
TMS000649,COR00623,MTMI,MDR,SCR,formation_defect,C,2025-03-21,2025-03-15,6,visual_patrol,3.9,False,Engineering
TMS000650,COR02018,BHLP,HDT,NER,weld_failure,C,2025-05-11,2025-05-11,0,USFD_ultrasonic_flaw_detection,0.9,True,Engineering
TMS000651,COR01937,UPR,PTU,SCR,points_crossing_wear,B,2024-08-23,2024-06-27,57,track_recording_car,2.3,True,Engineering
TMS000652,COR04054,HBL,BLR,SWR,alignment_deviation,C,2025-08-22,2025-08-07,15,USFD_ultrasonic_flaw_detection,5.4,True,Engineering
TMS000653,COR06127,SGD,BJUD,WR,sleeper_defect,B,2025-10-09,2025-10-03,6,visual_patrol,2.0,True,Engineering
TMS000654,COR00123,SALI,SK,NWR,points_crossing_wear,B,2025-04-14,2025-03-31,14,USFD_ultrasonic_flaw_detection,4.7,True,Engineering
TMS000655,COR01231,BTW,UPI,CR,ballast_deficiency,C,2025-08-14,2025-02-17,178,manual_gauge_check,5.2,True,Engineering
TMS000656,COR05008,BAL,ALK,SR,sleeper_defect,B,2024-10-12,2024-07-29,75,visual_patrol,2.9,False,Engineering
TMS000657,COR00889,BMO,BOZ,SCR,sleeper_defect,B,2025-08-10,2025-02-24,167,manual_gauge_check,2.8,True,Engineering
TMS000658,COR08031,KKV,KKK,WR,alignment_deviation,C,2025-05-05,2025-04-23,12,manual_gauge_check,4.3,True,Engineering
TMS000659,COR02225,Y,MYA,SWR,weld_failure,A,2024-08-11,2024-06-04,68,visual_patrol,2.1,True,Engineering
TMS000660,COR00278,PAL,MUO,WCR,sleeper_defect,B,2025-08-20,2025-05-23,89,visual_patrol,3.0,True,Engineering
TMS000661,COR05209,PML,SPL,SR,sleeper_defect,B,2025-12-21,2025-12-07,14,USFD_ultrasonic_flaw_detection,5.2,True,Engineering
TMS000662,COR05543,SEPR,MNDR,NR,ballast_deficiency,B,2025-08-12,2025-05-19,85,track_recording_car,4.8,True,Engineering
TMS000663,COR05342,ANI,KNW,WR,alignment_deviation,C,2024-04-23,2024-04-22,1,visual_patrol,3.1,True,Engineering
TMS000664,COR01674,PPI,BKH,WCR,formation_defect,B,2024-05-21,2024-04-09,42,manual_gauge_check,1.8,True,Engineering
TMS000665,COR02149,MCPT,MCPK,SR,rail_wear,C,2024-08-18,2024-02-02,198,visual_patrol,5.4,True,Engineering
TMS000666,COR01865,HRNR,GHGL,NR,rail_fracture,A,2025-04-26,2025-04-23,3,track_recording_car,4.2,True,Engineering
TMS000667,COR01204,JJR,RJW,CR,formation_defect,B,2024-07-11,2024-03-09,124,manual_gauge_check,3.0,True,Engineering
TMS000668,COR05613,SNTD,BJE,SER,ballast_deficiency,C,2024-04-24,2024-04-16,8,track_recording_car,3.2,False,Engineering
TMS000669,COR02398,KNKT,KHC,WR,formation_defect,B,2024-05-15,2023-05-13,368,USFD_ultrasonic_flaw_detection,2.8,True,Engineering
TMS000670,COR00080,SOH,KVJ,NWR,ballast_deficiency,A,2025-10-22,2025-08-01,82,visual_patrol,3.7,True,Engineering
TMS000671,COR04458,NKB,CRX,NFR,sleeper_defect,B,2025-04-13,2025-03-30,14,visual_patrol,1.2,True,Engineering
TMS000672,COR00615,DKJ,PPY,SCR,ballast_deficiency,C,2024-02-18,2014-05-28,3553,visual_patrol,2.1,False,Engineering
TMS000673,COR02981,VEK,QLD,SR,ballast_deficiency,C,2025-12-26,2025-12-21,5,track_recording_car,4.2,True,Engineering
TMS000674,COR00812,SBLT,JCH,NWR,rail_fracture,A,2025-01-13,2025-01-05,8,visual_patrol,3.6,True,Engineering
TMS000675,COR01367,CDK,KLRD,WR,ballast_deficiency,C,2025-06-30,2025-06-25,5,visual_patrol,5.6,True,Engineering
TMS000676,COR02270,NDU,JHD,ECR,weld_failure,A,2025-07-13,2025-07-13,0,manual_gauge_check,2.3,True,Engineering
TMS000677,COR02130,AWB,MKDD,SCR,ballast_deficiency,C,2025-11-13,2018-05-04,2750,visual_patrol,3.6,False,Engineering
TMS000678,COR01920,PNF,MRTY,SCR,formation_defect,B,2025-11-25,2025-06-16,162,USFD_ultrasonic_flaw_detection,2.2,True,Engineering
TMS000679,COR04915,DTVL,NIIJ,CR,sleeper_defect,A,2025-08-20,2025-07-11,40,USFD_ultrasonic_flaw_detection,4.8,True,Engineering
TMS000680,COR00682,ATUL,PAD,WR,weld_failure,A,2025-06-08,2025-05-12,27,visual_patrol,3.2,True,Engineering
TMS000681,COR02352,BOM,PMY,NWR,rail_fracture,A,2025-01-13,2024-12-31,13,visual_patrol,0.6,True,Engineering
TMS000682,COR01337,MXO,ABR,NWR,sleeper_defect,B,2025-03-01,2025-02-15,14,manual_gauge_check,2.1,True,Engineering
TMS000683,COR07084,KKD,PTP,WR,sleeper_defect,B,2024-05-27,2024-05-25,2,visual_patrol,3.1,False,Engineering
TMS000684,COR07765,KRJN,KLW,ER,weld_failure,A,2024-01-07,2023-12-11,27,USFD_ultrasonic_flaw_detection,5.5,True,Engineering
TMS000685,COR02738,DAVM,PASA,SR,alignment_deviation,C,2025-01-25,2025-01-20,5,visual_patrol,3.2,True,Engineering
TMS000686,COR01316,MJ,AUWA,NWR,points_crossing_wear,B,2024-01-28,2023-12-15,44,track_recording_car,1.3,True,Engineering
TMS000687,COR03089,TLY,DMD,SR,formation_defect,B,2025-03-03,2025-01-10,52,visual_patrol,5.5,True,Engineering
TMS000688,COR00109,PPF,KRW,NWR,alignment_deviation,C,2025-01-05,2017-03-14,2854,USFD_ultrasonic_flaw_detection,3.6,False,Engineering
TMS000689,COR03025,CTW,KLSX,NR,sleeper_defect,B,2024-09-22,2024-09-22,0,visual_patrol,0.8,True,Engineering
TMS000690,COR05277,GOP,BNVD,WR,weld_failure,A,2025-10-13,2025-09-30,13,manual_gauge_check,2.5,True,Engineering
TMS000691,COR02457,LKX,MTFA,ER,rail_wear,C,2024-04-06,2024-02-27,39,USFD_ultrasonic_flaw_detection,1.4,True,Engineering
TMS000692,COR01365,KLL,SHRD,WR,alignment_deviation,C,2024-04-08,2024-03-28,11,USFD_ultrasonic_flaw_detection,2.4,True,Engineering
TMS000693,COR00483,KKN,KRO,WCR,ballast_deficiency,C,2024-04-14,2024-04-09,5,visual_patrol,3.3,True,Engineering
TMS000694,COR04528,HBL,GDG,SWR,points_crossing_wear,B,2025-12-30,2025-01-01,363,USFD_ultrasonic_flaw_detection,4.7,True,Engineering
TMS000695,COR02069,NDV,DBS,SWR,weld_failure,A,2024-12-22,2024-01-21,336,visual_patrol,2.5,True,Engineering
TMS000696,COR05496,BEU,PDR,NER,points_crossing_wear,B,2024-01-30,2024-01-21,9,track_recording_car,1.2,True,Engineering
TMS000697,COR03695,CDGR,GBA,SER,formation_defect,B,2025-03-11,2025-03-09,2,track_recording_car,4.8,True,Engineering
TMS000698,COR04319,TDR,TRM,SR,alignment_deviation,A,2025-04-25,2025-04-24,1,visual_patrol,1.9,True,Engineering
TMS000699,COR03369,MHU,BNW,NWR,alignment_deviation,C,2025-08-24,2025-02-09,196,manual_gauge_check,1.5,True,Engineering
TMS000700,COR00279,MUO,BRI,WCR,alignment_deviation,C,2024-12-26,2024-04-01,269,visual_patrol,3.3,True,Engineering
TMS000701,COR00854,CRU,LBG,SCR,points_crossing_wear,C,2024-08-10,2024-05-19,83,track_recording_car,5.8,True,Engineering
TMS000702,COR04150,CHV,NLE,SR,rail_fracture,A,2025-12-25,2025-01-10,349,USFD_ultrasonic_flaw_detection,4.3,True,Engineering
TMS000703,COR03480,SWC,CKTD,NCR,weld_failure,A,2024-08-07,2018-09-30,2138,USFD_ultrasonic_flaw_detection,2.7,True,Engineering
TMS000704,COR01359,DNW,GUS,WR,sleeper_defect,B,2025-12-22,2025-12-11,11,visual_patrol,4.5,True,Engineering
TMS000705,COR02216,PMY,BOM,NWR,sleeper_defect,B,2024-08-19,2024-06-08,72,USFD_ultrasonic_flaw_detection,2.1,False,Engineering
TMS000706,COR00674,NVS,VDH,WR,weld_failure,A,2024-07-02,2024-06-21,11,visual_patrol,4.2,True,Engineering
TMS000707,COR01731,PFM,SWE,NR,points_crossing_wear,B,2025-02-14,2025-02-02,12,track_recording_car,5.9,True,Engineering
TMS000708,COR05527,KRP,LGL,ER,ballast_deficiency,C,2025-09-01,2025-08-26,6,manual_gauge_check,2.7,True,Engineering
TMS000709,COR01870,GWV,GDPL,SCR,sleeper_defect,B,2025-10-21,2025-09-01,50,manual_gauge_check,2.5,True,Engineering
TMS000710,COR06553,DUB,AFR,NR,rail_wear,C,2024-04-20,2024-04-06,14,visual_patrol,3.2,True,Engineering
TMS000711,COR06390,ATRR,GYN,NER,rail_fracture,A,2025-11-25,2025-09-07,79,visual_patrol,1.5,True,Engineering
TMS000712,COR01469,TKC,PNB,NFR,ballast_deficiency,C,2025-05-19,2025-02-26,82,track_recording_car,1.6,True,Engineering
TMS000713,COR02192,DUR,BGM,SWR,ballast_deficiency,C,2024-01-19,2023-01-14,370,manual_gauge_check,0.7,True,Engineering
TMS000714,COR05889,VVKP,DBSI,NR,sleeper_defect,B,2024-02-06,2024-01-23,14,visual_patrol,3.6,False,Engineering
TMS000715,COR01319,BWA,SOS,NWR,alignment_deviation,C,2025-05-14,2025-05-02,12,track_recording_car,3.6,True,Engineering
TMS000716,COR02717,LMP,DEO,NER,points_crossing_wear,B,2025-06-02,2025-04-27,36,visual_patrol,1.9,True,Engineering
TMS000717,COR01696,SHR,DDCE,WCR,formation_defect,B,2024-01-29,2024-01-28,1,USFD_ultrasonic_flaw_detection,1.2,True,Engineering
TMS000718,COR04635,KZE,BFR,SR,points_crossing_wear,B,2024-04-09,2024-02-05,64,USFD_ultrasonic_flaw_detection,6.0,True,Engineering
TMS000719,COR00216,BNSP,BQF,WCR,ballast_deficiency,C,2025-12-05,2025-12-03,2,visual_patrol,2.2,True,Engineering
TMS000720,COR00074,ABR,MXO,NWR,ballast_deficiency,C,2025-06-11,2024-05-26,381,manual_gauge_check,2.0,True,Engineering
TMS000721,COR02828,PAD,ATUL,WR,rail_wear,C,2025-05-15,2025-05-12,3,visual_patrol,4.2,True,Engineering
TMS000722,COR02298,NGL,THJ,NR,alignment_deviation,C,2025-03-22,2025-01-19,62,visual_patrol,4.0,False,Engineering
TMS000723,COR00252,BELD,GPC,WCR,alignment_deviation,C,2025-08-10,2025-08-01,9,USFD_ultrasonic_flaw_detection,1.7,True,Engineering
TMS000724,COR00280,BRI,KRO,WCR,alignment_deviation,B,2025-03-13,2025-02-26,15,visual_patrol,4.9,True,Engineering
TMS000725,COR01315,DRS,MJ,NWR,alignment_deviation,C,2025-02-28,2025-02-22,6,USFD_ultrasonic_flaw_detection,3.9,True,Engineering
TMS000726,COR04227,KD,FRD,NR,ballast_deficiency,C,2025-08-13,2025-08-08,5,USFD_ultrasonic_flaw_detection,4.1,True,Engineering
TMS000727,COR06333,LPNR,SWNR,NR,ballast_deficiency,C,2025-08-02,2025-05-23,71,track_recording_car,0.8,True,Engineering
TMS000728,COR02077,NTR,SPGR,SWR,ballast_deficiency,C,2025-02-24,2024-12-15,71,visual_patrol,5.1,True,Engineering
TMS000729,COR00691,GVD,DRD,WR,sleeper_defect,B,2025-12-04,2025-10-17,48,USFD_ultrasonic_flaw_detection,2.7,True,Engineering
TMS000730,COR00678,BIM,JRS,WR,ballast_deficiency,C,2025-03-08,2025-02-23,13,USFD_ultrasonic_flaw_detection,0.7,True,Engineering
TMS000731,COR00482,DRHI,KKN,WCR,ballast_deficiency,C,2025-10-21,2025-09-13,38,manual_gauge_check,5.8,True,Engineering
TMS000732,COR00074,ABR,MXO,NWR,alignment_deviation,C,2025-02-20,2025-02-18,2,manual_gauge_check,4.2,False,Engineering
TMS000733,COR01738,CHBR,KJA,NR,alignment_deviation,C,2025-06-18,2025-06-15,3,track_recording_car,3.7,True,Engineering
TMS000734,COR02426,HDD,HGI,SCR,sleeper_defect,C,2024-12-03,2024-11-23,10,manual_gauge_check,4.6,True,Engineering
TMS000735,COR04117,DUI,KLSX,NR,rail_wear,C,2024-10-08,2024-10-02,6,USFD_ultrasonic_flaw_detection,1.9,True,Engineering
TMS000736,COR02193,CAPE,SUCH,SR,sleeper_defect,B,2025-05-01,2025-04-18,13,track_recording_car,5.8,False,Engineering
TMS000737,COR06305,JOC,GRB,SER,sleeper_defect,B,2025-10-22,2025-10-04,18,manual_gauge_check,3.8,True,Engineering
TMS000738,COR03304,TPP,KVLR,SWR,rail_wear,C,2024-09-16,2024-08-01,46,USFD_ultrasonic_flaw_detection,2.2,False,Engineering
TMS000739,COR01658,PRI,ATMO,NR,alignment_deviation,C,2025-02-01,2024-03-21,317,visual_patrol,5.8,False,Engineering
TMS000740,COR05940,MIO,JOH,NWR,ballast_deficiency,C,2024-08-03,2024-06-10,54,manual_gauge_check,1.4,True,Engineering
TMS000741,COR01367,CDK,KLRD,WR,alignment_deviation,C,2024-03-23,2024-02-01,51,manual_gauge_check,5.7,True,Engineering
TMS000742,COR01832,INDB,LMNR,WR,alignment_deviation,C,2024-06-13,2024-01-23,142,track_recording_car,3.3,True,Engineering
TMS000743,COR02868,LKU,GUB,NER,alignment_deviation,C,2024-02-23,2024-02-23,0,USFD_ultrasonic_flaw_detection,1.5,True,Engineering
TMS000744,COR03090,DMD,ETK,SR,rail_fracture,A,2024-04-23,2024-04-21,2,visual_patrol,3.3,False,Engineering
TMS000745,COR04790,BHRL,SRM,NR,alignment_deviation,C,2025-04-07,2025-02-10,56,USFD_ultrasonic_flaw_detection,4.5,True,Engineering
TMS000746,COR03624,HTNL,MRB,SWR,alignment_deviation,C,2025-01-11,2024-12-29,13,visual_patrol,5.3,False,Engineering
TMS000747,COR05407,ANCR,CJN,SER,ballast_deficiency,C,2024-04-01,2023-09-06,208,manual_gauge_check,1.6,True,Engineering
TMS000748,COR00611,TAA,MABD,SCR,sleeper_defect,B,2025-01-11,2025-01-09,2,visual_patrol,3.6,True,Engineering
TMS000749,COR02430,BNL,SNKG,SCR,alignment_deviation,C,2024-05-01,2024-02-12,79,visual_patrol,1.6,False,Engineering
TMS000750,COR04654,ANKL,HAA,KR,ballast_deficiency,C,2024-07-30,2024-07-17,13,USFD_ultrasonic_flaw_detection,6.0,True,Engineering
TMS000751,COR03536,BXM,TQN,NER,sleeper_defect,B,2024-09-25,2024-09-16,9,visual_patrol,3.0,True,Engineering
TMS000752,COR02822,UBR,SJN,WR,formation_defect,B,2025-12-10,2025-11-30,10,visual_patrol,1.7,True,Engineering
TMS000753,COR01866,GHGL,SMBX,NR,points_crossing_wear,C,2024-08-28,2024-08-18,10,USFD_ultrasonic_flaw_detection,2.4,True,Engineering
TMS000754,COR03434,MJZ,KHMA,NER,alignment_deviation,C,2024-09-16,2024-08-31,16,USFD_ultrasonic_flaw_detection,2.6,False,Engineering
TMS000755,COR03444,DKX,ASLU,NWR,weld_failure,A,2024-09-23,2024-09-18,5,visual_patrol,3.2,True,Engineering
TMS000756,COR02101,THN,DVG,SWR,weld_failure,A,2024-04-29,2024-04-21,8,visual_patrol,5.9,True,Engineering
TMS000757,COR07246,PBV,SUKU,ECoR,ballast_deficiency,C,2025-09-19,2025-09-11,8,manual_gauge_check,5.6,True,Engineering
TMS000758,COR01892,GUU,MABD,SCR,ballast_deficiency,C,2025-07-23,2025-07-19,4,manual_gauge_check,4.1,True,Engineering
TMS000759,COR00209,SRJ,MJHR,NCR,weld_failure,A,2024-06-16,2024-06-08,8,track_recording_car,2.9,False,Engineering
TMS000760,COR06109,KNAD,MDHA,WR,rail_fracture,A,2025-04-13,2025-01-25,78,USFD_ultrasonic_flaw_detection,5.2,False,Engineering
TMS000761,COR00451,NZB,JKM,SCR,weld_failure,A,2025-06-04,2025-05-30,5,manual_gauge_check,3.6,True,Engineering
TMS000762,COR00705,NSP,BSR,WR,rail_wear,C,2024-09-09,2024-09-07,2,track_recording_car,4.2,False,Engineering
TMS000763,COR00095,AUWA,MJ,NWR,formation_defect,B,2024-11-27,2024-11-24,3,visual_patrol,0.9,True,Engineering
TMS000764,COR03278,PDNR,LHN,SWR,sleeper_defect,B,2024-12-03,2024-11-17,16,manual_gauge_check,4.1,False,Engineering
TMS000765,COR01439,LAK,BGS,ECR,alignment_deviation,C,2024-05-12,2023-04-26,382,visual_patrol,0.8,True,Engineering
TMS000766,COR01433,JGD,MMD,ER,rail_fracture,C,2024-09-18,2024-09-06,12,visual_patrol,5.8,False,Engineering
TMS000767,COR00276,CRK,HD,WCR,alignment_deviation,C,2025-10-24,2025-09-02,52,track_recording_car,4.1,True,Engineering
TMS000768,COR02196,THX,AAY,SR,sleeper_defect,B,2025-01-02,2024-12-29,4,track_recording_car,5.1,True,Engineering
TMS000769,COR02189,GNJ,KNP,SWR,rail_wear,C,2024-04-02,2024-01-23,70,track_recording_car,5.0,True,Engineering
TMS000770,COR01890,DKJ,GLA,SCR,sleeper_defect,B,2024-08-17,2015-12-12,3171,USFD_ultrasonic_flaw_detection,4.4,False,Engineering
TMS000771,COR02441,BZLE,MIAN,ER,formation_defect,B,2024-11-03,2024-10-19,15,visual_patrol,1.2,False,Engineering
TMS000772,COR04917,TPND,NVRD,CR,points_crossing_wear,B,2024-02-16,2024-02-14,2,USFD_ultrasonic_flaw_detection,3.3,True,Engineering
TMS000773,COR02086,HVL,ADHL,SWR,alignment_deviation,C,2025-05-30,2025-05-28,2,visual_patrol,4.6,True,Engineering
TMS000774,COR04454,BRQ,ODB,NFR,alignment_deviation,B,2024-11-17,2024-03-19,243,USFD_ultrasonic_flaw_detection,3.0,True,Engineering
TMS000775,COR02994,TIR,TUA,SR,ballast_deficiency,C,2024-08-04,2024-01-31,186,visual_patrol,4.6,True,Engineering
TMS000776,COR05184,PFT,PPN,ECR,weld_failure,A,2024-01-14,2024-01-11,3,visual_patrol,3.1,True,Engineering
TMS000777,COR05153,MWJ,JOBA,WCR,rail_wear,C,2025-12-08,2025-11-27,11,track_recording_car,4.3,True,Engineering
TMS000778,COR01318,BGG,BWA,NWR,weld_failure,A,2024-01-28,2023-12-19,40,visual_patrol,4.1,True,Engineering
TMS000779,COR01892,GUU,MABD,SCR,formation_defect,B,2025-04-19,2025-04-10,9,visual_patrol,2.8,True,Engineering
TMS000780,COR05667,AJIT,MNKB,NWR,alignment_deviation,C,2025-04-05,2025-04-05,0,USFD_ultrasonic_flaw_detection,1.6,True,Engineering
TMS000781,COR04842,VPU,RLG,SCR,rail_fracture,C,2025-03-01,2024-12-20,71,manual_gauge_check,4.6,True,Engineering
TMS000782,COR02723,BNKJ,MLN,NER,ballast_deficiency,C,2024-08-25,2024-08-10,15,track_recording_car,3.4,True,Engineering
TMS000783,COR01364,CTRL,KLL,WR,weld_failure,A,2024-04-29,2024-04-14,15,USFD_ultrasonic_flaw_detection,5.7,True,Engineering
TMS000784,COR03722,NLN,DPU,NFR,rail_fracture,A,2025-03-24,2025-03-13,11,visual_patrol,1.7,False,Engineering
TMS000785,COR01545,ALN,SHIV,CR,points_crossing_wear,B,2024-10-27,2024-09-25,32,track_recording_car,2.6,True,Engineering
TMS000786,COR06384,DRGJ,JI,NER,formation_defect,B,2025-09-28,2025-09-23,5,visual_patrol,4.3,True,Engineering
TMS000787,COR02156,KTPM,KTBR,SR,ballast_deficiency,C,2025-05-20,2025-05-07,13,visual_patrol,1.7,True,Engineering
TMS000788,COR00068,CTT,JTY,NWR,rail_wear,C,2024-03-06,2024-03-05,1,visual_patrol,1.1,True,Engineering
TMS000789,COR02776,RNA,DBD,NR,sleeper_defect,B,2025-07-24,2025-07-03,21,visual_patrol,1.3,True,Engineering
TMS000790,COR02383,BLRD,SUNR,WR,formation_defect,B,2025-04-13,2024-06-02,315,manual_gauge_check,4.7,False,Engineering
TMS000791,COR04420,KRKP,MGD,SWR,points_crossing_wear,B,2025-06-03,2025-06-02,1,visual_patrol,4.0,False,Engineering
TMS000792,COR05815,KNSR,LGH,NWR,ballast_deficiency,C,2024-04-11,2024-03-27,15,visual_patrol,2.5,True,Engineering
TMS000793,COR00447,UPW,SCP,SCR,ballast_deficiency,C,2024-09-08,2024-08-23,16,manual_gauge_check,3.1,True,Engineering
TMS000794,COR00615,DKJ,PPY,SCR,ballast_deficiency,C,2024-06-04,2024-05-28,7,track_recording_car,3.4,True,Engineering
TMS000795,COR00485,BRI,MUO,WCR,sleeper_defect,B,2025-11-29,2024-12-09,355,visual_patrol,0.7,True,Engineering
TMS000796,COR00040,LTR,LPR,WR,alignment_deviation,C,2025-02-15,2025-02-05,10,manual_gauge_check,1.4,True,Engineering
TMS000797,COR04173,DUI,BSS,NR,formation_defect,B,2025-10-08,2025-06-10,120,manual_gauge_check,4.9,False,Engineering
TMS000798,COR07204,GLGT,FKG,NFR,sleeper_defect,B,2024-11-17,2024-09-24,54,manual_gauge_check,0.5,True,Engineering
TMS000799,COR02444,MHTR,SALE,ER,rail_wear,C,2025-07-11,2025-07-05,6,USFD_ultrasonic_flaw_detection,3.9,True,Engineering
TMS000800,COR01574,VRB,MRJ,CR,alignment_deviation,C,2024-03-27,2024-02-02,54,visual_patrol,2.3,True,Engineering
TMS000801,COR04079,MNL,KTK,SWR,weld_failure,A,2025-06-07,2025-06-05,2,USFD_ultrasonic_flaw_detection,3.4,True,Engineering
TMS000802,COR00572,MTR,MHL,ECR,rail_fracture,A,2024-11-07,2024-09-22,46,track_recording_car,5.9,True,Engineering
TMS000803,COR00223,HATI,SAGM,WCR,sleeper_defect,B,2025-10-28,2025-10-27,1,manual_gauge_check,3.0,True,Engineering
TMS000804,COR00026,AXA,WKRC,WR,ballast_deficiency,C,2025-08-02,2025-05-04,90,track_recording_car,5.7,True,Engineering
TMS000805,COR04929,MNI,GNO,KR,ballast_deficiency,C,2025-11-19,2025-08-22,89,visual_patrol,2.6,True,Engineering
TMS000806,COR00323,KSU,CHRA,SER,points_crossing_wear,B,2024-04-10,2024-01-27,74,visual_patrol,2.8,True,Engineering
TMS000807,COR00281,KRO,KKN,WCR,sleeper_defect,B,2025-01-13,2025-01-11,2,track_recording_car,2.7,True,Engineering
TMS000808,COR04379,VTV,UCP,SR,alignment_deviation,C,2025-12-06,2025-09-25,72,manual_gauge_check,3.2,False,Engineering
TMS000809,COR04697,NIDI,NGTN,CR,weld_failure,A,2025-12-22,2025-11-20,32,USFD_ultrasonic_flaw_detection,3.4,True,Engineering
TMS000810,COR02031,SDC,RTR,NER,rail_fracture,A,2025-09-08,2025-08-08,31,manual_gauge_check,1.1,True,Engineering
TMS000811,COR01191,TAZ,RMP,CR,points_crossing_wear,B,2024-11-06,2024-10-26,11,visual_patrol,0.7,True,Engineering
TMS000812,COR04440,BGS,LAK,ECR,sleeper_defect,B,2024-08-08,2024-07-30,9,visual_patrol,4.6,True,Engineering
TMS000813,COR02681,DHY,NRW,NR,weld_failure,B,2025-04-08,2025-01-10,88,manual_gauge_check,4.8,True,Engineering
TMS000814,COR03915,BTKD,MEQ,NR,points_crossing_wear,B,2025-04-05,2025-03-22,14,track_recording_car,1.3,True,Engineering
TMS000815,COR00276,CRK,HD,WCR,formation_defect,B,2024-12-13,2024-12-01,12,USFD_ultrasonic_flaw_detection,5.8,False,Engineering
TMS000816,COR04044,SAHR,AKS,NER,formation_defect,B,2025-10-07,2025-07-10,89,track_recording_car,4.4,True,Engineering
TMS000817,COR00452,JKM,NVT,SCR,points_crossing_wear,B,2024-02-24,2023-11-27,89,manual_gauge_check,3.4,True,Engineering
TMS000818,COR02297,TPZ,NGL,NR,rail_fracture,A,2024-10-08,2024-10-08,0,track_recording_car,1.8,True,Engineering
TMS000819,COR05440,BAZ,CJW,WCR,sleeper_defect,B,2025-08-26,2025-06-20,67,visual_patrol,5.2,True,Engineering
TMS000820,COR01894,TAA,KDM,SCR,sleeper_defect,B,2024-04-03,2024-03-26,8,visual_patrol,1.0,True,Engineering
TMS000821,COR00494,BPF,DKI,WCR,ballast_deficiency,B,2024-03-01,2023-09-06,177,USFD_ultrasonic_flaw_detection,2.3,True,Engineering
TMS000822,COR00220,CTHR,KTHA,WCR,sleeper_defect,B,2024-09-21,2024-09-11,10,visual_patrol,5.1,True,Engineering
TMS000823,COR00690,BRRD,GVD,WR,alignment_deviation,C,2024-04-27,2024-04-15,12,visual_patrol,2.3,True,Engineering
TMS000824,COR00233,PTWA,KTE,WCR,rail_fracture,A,2024-10-02,2024-06-24,100,USFD_ultrasonic_flaw_detection,3.7,True,Engineering
TMS000825,COR04222,CH,GTF,NR,formation_defect,B,2024-03-26,2024-01-13,73,manual_gauge_check,3.3,True,Engineering
TMS000826,COR00491,CGO,PGL,WCR,points_crossing_wear,B,2025-07-22,2025-07-09,13,USFD_ultrasonic_flaw_detection,0.5,True,Engineering
TMS000827,COR04771,KDZ,SLR,NR,ballast_deficiency,C,2024-10-06,2024-09-21,15,USFD_ultrasonic_flaw_detection,5.1,True,Engineering
TMS000828,COR01615,SLU,JRU,SWR,formation_defect,B,2024-06-14,2024-06-13,1,track_recording_car,3.6,True,Engineering
TMS000829,COR01728,MFX,JSR,NCR,weld_failure,A,2025-03-18,2025-01-26,51,visual_patrol,3.3,True,Engineering
TMS000830,COR05405,BWR,ORC,NCR,rail_wear,C,2025-04-08,2016-03-27,3299,visual_patrol,4.1,True,Engineering
TMS000831,COR00699,VTN,VR,WR,rail_wear,C,2025-10-23,2025-05-17,159,manual_gauge_check,3.8,True,Engineering
TMS000832,COR00039,BLRD,LTR,WR,ballast_deficiency,C,2025-02-06,2024-11-20,78,USFD_ultrasonic_flaw_detection,4.8,True,Engineering
TMS000833,COR00256,KFY,BNE,WCR,rail_fracture,A,2024-12-27,2024-11-26,31,manual_gauge_check,2.6,True,Engineering
TMS000834,COR01712,HATI,JTW,WCR,alignment_deviation,C,2025-04-18,2022-10-19,912,visual_patrol,1.6,True,Engineering
TMS000835,COR04109,PUL,JHK,NR,alignment_deviation,C,2024-04-02,2024-02-22,40,manual_gauge_check,3.9,True,Engineering
TMS000836,COR00724,DDR,EPR,WR,rail_wear,C,2025-12-21,2025-12-06,15,track_recording_car,1.6,True,Engineering
TMS000837,COR04687,DWV,VINH,KR,sleeper_defect,B,2024-06-23,2024-04-05,79,USFD_ultrasonic_flaw_detection,4.1,True,Engineering
TMS000838,COR03575,CDGR,SLB,SER,points_crossing_wear,A,2024-09-22,2024-08-21,32,manual_gauge_check,5.2,False,Engineering
TMS000839,COR03988,AZ,ACLE,ER,ballast_deficiency,C,2025-11-28,2025-11-20,8,USFD_ultrasonic_flaw_detection,3.0,False,Engineering
TMS000840,COR03090,DMD,ETK,SR,rail_wear,B,2024-10-07,2024-09-24,13,visual_patrol,3.4,True,Engineering
TMS000841,COR02388,RA,VD,WR,rail_fracture,A,2025-06-29,2025-06-16,13,USFD_ultrasonic_flaw_detection,0.5,True,Engineering
TMS000842,COR00264,SGP,GMD,WCR,points_crossing_wear,C,2024-03-17,2024-03-04,13,manual_gauge_check,1.6,True,Engineering
TMS000843,COR00228,MYR,BUU,WCR,formation_defect,B,2024-09-13,2024-07-17,58,visual_patrol,3.1,False,Engineering
TMS000844,COR04812,MXY,WDM,ECR,alignment_deviation,C,2025-09-06,2025-09-04,2,USFD_ultrasonic_flaw_detection,4.7,True,Engineering
TMS000845,COR02817,BOR,VGN,WR,weld_failure,A,2024-05-10,2024-05-08,2,visual_patrol,4.9,True,Engineering
TMS000846,COR02948,VB,RDY,SR,sleeper_defect,B,2024-10-28,2024-10-27,1,manual_gauge_check,2.7,True,Engineering
TMS000847,COR01816,BHT,ADR,NWR,alignment_deviation,C,2025-01-28,2024-11-15,74,USFD_ultrasonic_flaw_detection,2.9,True,Engineering
TMS000848,COR00295,NB,SAV,CR,formation_defect,B,2025-08-24,2025-08-14,10,visual_patrol,1.1,True,Engineering
TMS000849,COR00236,SNRR,SBD,WCR,alignment_deviation,C,2024-09-19,2024-06-30,81,visual_patrol,3.1,True,Engineering
TMS000850,COR00671,BHET,SCH,WR,weld_failure,A,2025-06-09,2025-05-27,13,manual_gauge_check,4.6,True,Engineering
TMS000851,COR05412,PLP,URPR,NR,alignment_deviation,C,2024-10-25,2024-10-15,10,visual_patrol,0.5,True,Engineering
TMS000852,COR03557,CHRA,KSU,SER,rail_fracture,A,2025-03-08,2025-02-14,22,visual_patrol,5.9,True,Engineering
TMS000853,COR00688,SJN,UBR,WR,weld_failure,A,2025-09-06,2025-08-23,14,track_recording_car,5.2,True,Engineering
TMS000854,COR01524,CHG,CRD,CR,ballast_deficiency,C,2025-05-22,2025-05-21,1,visual_patrol,0.5,True,Engineering
TMS000855,COR00769,GHH,PT,NR,formation_defect,B,2025-01-19,2024-11-22,58,visual_patrol,1.5,False,Engineering
TMS000856,COR01658,PRI,ATMO,NR,weld_failure,A,2024-07-18,2024-07-04,14,USFD_ultrasonic_flaw_detection,5.5,True,Engineering
TMS000857,COR07319,HEM,HDGR,SCR,ballast_deficiency,C,2024-06-27,2024-06-19,8,visual_patrol,3.5,True,Engineering
TMS000858,COR00080,SOH,KVJ,NWR,alignment_deviation,C,2025-01-23,2025-01-19,4,track_recording_car,5.4,True,Engineering
TMS000859,COR00699,VTN,VR,WR,sleeper_defect,B,2025-06-23,2025-06-18,5,manual_gauge_check,6.0,False,Engineering
TMS000860,COR05278,PNJ,NWA,SECR,weld_failure,A,2024-07-15,2024-01-09,188,USFD_ultrasonic_flaw_detection,4.3,True,Engineering
TMS000861,COR01882,MTMI,BKL,SCR,formation_defect,B,2025-07-02,2025-05-23,40,visual_patrol,1.3,True,Engineering
TMS000862,COR03038,BTIC,BTI,NR,ballast_deficiency,C,2024-08-02,2024-07-18,15,track_recording_car,4.8,True,Engineering
TMS000863,COR02971,DMD,TLY,SR,ballast_deficiency,C,2025-01-18,2024-02-02,351,USFD_ultrasonic_flaw_detection,3.1,True,Engineering
TMS000864,COR01688,BHTN,BRGT,WCR,formation_defect,B,2025-08-18,2025-08-10,8,USFD_ultrasonic_flaw_detection,5.6,True,Engineering
TMS000865,COR00140,BWL,KNGT,NWR,ballast_deficiency,C,2024-08-11,2023-10-23,293,visual_patrol,5.4,True,Engineering
TMS000866,COR06269,NHF,LLJ,NR,sleeper_defect,B,2024-10-29,2024-10-27,2,USFD_ultrasonic_flaw_detection,2.4,True,Engineering
TMS000867,COR02089,NVF,AJP,SWR,formation_defect,B,2025-01-11,2024-12-29,13,manual_gauge_check,2.2,True,Engineering
TMS000868,COR00628,CVV,KI,SCR,ballast_deficiency,C,2024-10-28,2024-10-26,2,manual_gauge_check,3.3,True,Engineering
TMS000869,COR04451,KGLE,NLSF,ER,rail_wear,A,2024-12-07,2024-12-01,6,visual_patrol,2.3,True,Engineering
TMS000870,COR04664,PERN,MADR,KR,formation_defect,B,2025-07-10,2025-06-07,33,manual_gauge_check,0.5,True,Engineering
TMS000871,COR04691,VEER,GNO,KR,alignment_deviation,C,2025-04-28,2025-04-28,0,track_recording_car,5.9,False,Engineering
TMS000872,COR05125,BLA,JAT,NR,ballast_deficiency,C,2025-06-12,2025-06-05,7,USFD_ultrasonic_flaw_detection,3.5,True,Engineering
TMS000873,COR04659,MAO,SRVX,KR,ballast_deficiency,A,2024-08-02,2024-07-20,13,USFD_ultrasonic_flaw_detection,5.2,True,Engineering
TMS000874,COR00486,MUO,PAL,WCR,alignment_deviation,C,2025-11-05,2025-08-18,79,manual_gauge_check,2.4,True,Engineering
TMS000875,COR03612,HBS,SVHE,SWR,sleeper_defect,B,2025-08-24,2025-08-14,10,visual_patrol,4.8,False,Engineering
TMS000876,COR00543,PAY,ELM,SR,rail_wear,C,2025-02-04,2024-11-07,89,manual_gauge_check,1.6,True,Engineering
TMS000877,COR02533,JHL,GRN,NR,ballast_deficiency,C,2025-10-16,2025-08-04,73,manual_gauge_check,1.0,True,Engineering
TMS000878,COR02705,MGLP,SSB,NR,rail_fracture,A,2024-07-22,2024-07-17,5,visual_patrol,5.8,True,Engineering
TMS000879,COR00777,RE,KNGT,NWR,formation_defect,A,2024-06-24,2024-06-24,0,visual_patrol,5.5,True,Engineering
TMS000880,COR07925,AIH,SUJR,NR,weld_failure,A,2024-07-30,2024-05-26,65,visual_patrol,1.6,True,Engineering
TMS000881,COR03845,LPTA,SPK,NFR,sleeper_defect,B,2024-07-26,2023-07-01,391,USFD_ultrasonic_flaw_detection,4.3,True,Engineering
TMS000882,COR00033,VD,RA,WR,weld_failure,B,2025-06-22,2025-05-06,47,visual_patrol,3.6,True,Engineering
TMS000883,COR02078,SPGR,AMSA,SWR,rail_fracture,C,2024-12-21,2024-02-01,324,track_recording_car,4.4,True,Engineering
TMS000884,COR02964,AT,KAWR,KR,alignment_deviation,C,2025-04-13,2025-03-31,13,visual_patrol,4.1,True,Engineering
TMS000885,COR00286,BMA,KDK,CR,formation_defect,A,2025-11-13,2025-11-04,9,manual_gauge_check,4.3,True,Engineering
TMS000886,COR00714,GMN,JOS,WR,sleeper_defect,B,2024-03-19,2024-01-16,63,track_recording_car,3.3,True,Engineering
TMS000887,COR01803,KKP,RLS,NR,ballast_deficiency,C,2024-03-15,2024-03-15,0,USFD_ultrasonic_flaw_detection,4.2,True,Engineering
TMS000888,COR01566,SNE,BVNR,CR,sleeper_defect,B,2024-04-27,2024-04-19,8,track_recording_car,1.3,True,Engineering
TMS000889,COR02085,SSNH,HVL,SWR,sleeper_defect,C,2024-05-23,2024-05-09,14,USFD_ultrasonic_flaw_detection,2.0,True,Engineering
TMS000890,COR04900,BID,KHLL,SWR,points_crossing_wear,B,2024-06-21,2024-06-09,12,visual_patrol,4.7,True,Engineering
TMS000891,COR00542,TKQ,PAY,SR,sleeper_defect,B,2025-03-28,2025-03-22,6,track_recording_car,5.1,True,Engineering
TMS000892,COR03090,DMD,ETK,SR,alignment_deviation,C,2025-03-30,2025-03-21,9,visual_patrol,0.5,True,Engineering
TMS000893,COR04260,DXK,BIQ,NCR,rail_wear,C,2024-01-17,2024-01-15,2,USFD_ultrasonic_flaw_detection,5.9,True,Engineering
TMS000894,COR00678,BIM,JRS,WR,formation_defect,B,2024-06-20,2023-12-27,176,visual_patrol,3.3,True,Engineering
TMS000895,COR01420,BJRI,BRND,SECR,formation_defect,B,2025-03-14,2024-05-25,293,visual_patrol,1.7,True,Engineering
TMS000896,COR00619,PNDP,CKN,SCR,sleeper_defect,B,2024-08-13,2024-07-30,14,visual_patrol,5.0,True,Engineering
TMS000897,COR01678,GAR,BNE,WCR,weld_failure,A,2024-04-14,2024-03-30,15,track_recording_car,4.9,False,Engineering
TMS000898,COR02805,DIC,MIRA,WR,ballast_deficiency,B,2025-02-01,2016-03-07,3253,track_recording_car,5.8,True,Engineering
TMS000899,COR01502,SLR,KDZ,NR,formation_defect,B,2024-03-10,2024-02-24,15,visual_patrol,3.8,True,Engineering
TMS000900,COR01704,PKRD,UDR,WCR,formation_defect,B,2024-08-26,2024-08-09,17,visual_patrol,4.7,True,Engineering
TMS000901,COR00791,RHG,SRRG,NWR,sleeper_defect,B,2025-01-18,2025-01-14,4,USFD_ultrasonic_flaw_detection,1.6,True,Engineering
TMS000902,COR03094,SILO,NLD,ECR,ballast_deficiency,C,2024-12-02,2018-11-06,2218,visual_patrol,2.2,True,Engineering
TMS000903,COR00149,PT,GHH,NR,alignment_deviation,C,2024-08-22,2024-08-03,19,manual_gauge_check,2.3,True,Engineering
TMS000904,COR02588,MANK,MRDW,KR,rail_wear,C,2025-09-14,2025-09-07,7,manual_gauge_check,3.4,True,Engineering
TMS000905,COR03040,PAS,URL,SR,weld_failure,A,2025-10-11,2025-06-16,117,manual_gauge_check,5.7,True,Engineering
TMS000906,COR00619,PNDP,CKN,SCR,points_crossing_wear,B,2025-03-12,2025-03-10,2,track_recording_car,2.2,True,Engineering
TMS000907,COR00870,NZB,DHP,SCR,ballast_deficiency,C,2025-10-12,2025-09-28,14,visual_patrol,5.2,True,Engineering
TMS000908,COR06585,CRWA,NRKE,NWR,sleeper_defect,B,2025-06-01,2025-05-19,13,USFD_ultrasonic_flaw_detection,2.9,True,Engineering
TMS000909,COR06644,GIF,KKTA,ER,sleeper_defect,B,2024-11-03,2024-11-01,2,USFD_ultrasonic_flaw_detection,1.3,True,Engineering
TMS000910,COR00981,LPTA,BOJ,NFR,sleeper_defect,B,2024-03-14,2024-02-28,15,visual_patrol,4.4,True,Engineering
TMS000911,COR05898,SNBD,RNJ,WR,rail_fracture,A,2025-05-18,2025-03-16,63,USFD_ultrasonic_flaw_detection,2.8,True,Engineering
TMS000912,COR04100,MOT,FSR,NR,sleeper_defect,B,2025-02-22,2023-04-02,692,manual_gauge_check,6.0,True,Engineering
TMS000913,COR06210,BLA,SGRR,NR,ballast_deficiency,C,2025-06-05,2024-09-09,269,track_recording_car,4.0,True,Engineering
TMS000914,COR00218,MKD,TKYR,WCR,sleeper_defect,B,2024-02-05,2024-01-21,15,manual_gauge_check,2.5,True,Engineering
TMS000915,COR00108,BER,PPF,NWR,formation_defect,B,2024-09-17,2024-08-14,34,visual_patrol,3.7,True,Engineering
TMS000916,COR00580,BMKI,SRA,ECR,weld_failure,C,2025-12-24,2025-03-05,294,USFD_ultrasonic_flaw_detection,5.5,True,Engineering
TMS000917,COR00674,NVS,VDH,WR,sleeper_defect,B,2025-05-27,2025-05-18,9,manual_gauge_check,4.1,True,Engineering
TMS000918,COR01337,MXO,ABR,NWR,sleeper_defect,B,2024-04-21,2024-03-25,27,USFD_ultrasonic_flaw_detection,4.8,True,Engineering
TMS000919,COR00492,PGL,BIF,WCR,alignment_deviation,C,2024-01-07,2023-12-29,9,manual_gauge_check,5.0,True,Engineering
TMS000920,COR00241,DOE,ADTL,WCR,formation_defect,B,2024-06-23,2024-04-13,71,visual_patrol,1.5,True,Engineering
TMS000921,COR02161,PRGD,VLCY,SR,points_crossing_wear,B,2024-07-09,2024-05-27,43,visual_patrol,4.6,True,Engineering
TMS000922,COR00678,BIM,JRS,WR,rail_wear,C,2025-10-13,2025-10-10,3,visual_patrol,2.1,True,Engineering
TMS000923,COR01114,LKSH,AVLI,SCR,ballast_deficiency,C,2024-01-10,2024-01-07,3,visual_patrol,4.6,True,Engineering
TMS000924,COR02821,BRRD,UBR,WR,rail_wear,C,2025-09-09,2025-07-07,64,USFD_ultrasonic_flaw_detection,5.8,True,Engineering
TMS000925,COR02160,TRMN,PRGD,SR,alignment_deviation,C,2024-11-18,2024-11-08,10,manual_gauge_check,5.7,True,Engineering
TMS000926,COR01697,DDCE,SBD,WCR,rail_fracture,A,2024-01-04,2024-01-01,3,USFD_ultrasonic_flaw_detection,4.3,True,Engineering
TMS000927,COR05448,MTPC,DHR,WCR,weld_failure,A,2025-12-17,2025-04-27,234,track_recording_car,1.9,True,Engineering
TMS000928,COR03614,NGR,LKT,SWR,alignment_deviation,C,2025-10-15,2025-09-29,16,manual_gauge_check,5.0,True,Engineering
TMS000929,COR01649,MDLL,DBL,SWR,rail_fracture,A,2024-08-27,2024-08-13,14,USFD_ultrasonic_flaw_detection,2.7,True,Engineering
TMS000930,COR00263,SXF,SGP,WCR,sleeper_defect,B,2025-01-29,2024-09-09,142,visual_patrol,1.6,True,Engineering
TMS000931,COR02396,AXA,SDD,WR,points_crossing_wear,B,2025-05-24,2025-05-20,4,track_recording_car,2.2,True,Engineering
TMS000932,COR02687,BSPH,KIU,NR,alignment_deviation,C,2025-05-08,2025-05-05,3,track_recording_car,1.8,True,Engineering
TMS000933,COR04148,TKQ,CDRA,SR,formation_defect,B,2024-06-13,2023-01-10,520,manual_gauge_check,2.3,True,Engineering
TMS000934,COR01147,DWR,NVU,SWR,alignment_deviation,C,2025-11-12,2025-06-11,154,visual_patrol,3.4,True,Engineering
TMS000935,COR00278,PAL,MUO,WCR,formation_defect,B,2024-03-07,2023-02-03,398,USFD_ultrasonic_flaw_detection,2.6,True,Engineering
TMS000936,COR04044,SAHR,AKS,NER,sleeper_defect,B,2024-08-26,2024-06-16,71,visual_patrol,1.1,True,Engineering
TMS000937,COR00276,CRK,HD,WCR,alignment_deviation,C,2025-08-09,2025-07-10,30,visual_patrol,5.2,False,Engineering
TMS000938,COR02815,PLG,UOI,WR,rail_fracture,C,2025-03-09,2025-02-25,12,visual_patrol,2.5,True,Engineering
TMS000939,COR04538,GHGL,HRNR,NR,points_crossing_wear,B,2024-01-10,2023-12-29,12,USFD_ultrasonic_flaw_detection,3.0,True,Engineering
TMS000940,COR06393,SJGH,ALMW,NER,alignment_deviation,C,2024-05-29,2024-05-20,9,track_recording_car,5.2,True,Engineering
TMS000941,COR00131,MWW,AWR,NWR,ballast_deficiency,C,2025-12-24,2025-11-03,51,USFD_ultrasonic_flaw_detection,4.0,True,Engineering
TMS000942,COR01200,LNN,NIRA,CR,rail_wear,B,2024-08-18,2024-08-12,6,track_recording_car,0.8,False,Engineering
TMS000943,COR00627,GNN,CVV,SCR,sleeper_defect,B,2024-06-12,2015-12-16,3101,manual_gauge_check,3.5,True,Engineering
TMS000944,COR03551,YEAM,PDR,NER,rail_wear,C,2024-10-16,2024-10-07,9,track_recording_car,1.6,False,Engineering
TMS000945,COR01725,MJHR,SRJ,NCR,weld_failure,A,2025-12-27,2025-12-05,22,visual_patrol,4.1,True,Engineering
TMS000946,COR01918,JOA,KRPR,SCR,sleeper_defect,B,2025-10-28,2025-10-22,6,visual_patrol,4.5,True,Engineering
TMS000947,COR03557,CHRA,KSU,SER,rail_wear,C,2025-11-26,2025-01-21,309,manual_gauge_check,5.6,True,Engineering
TMS000948,COR07280,ARCL,KTX,NFR,ballast_deficiency,C,2024-06-01,2024-03-22,71,USFD_ultrasonic_flaw_detection,2.7,True,Engineering
TMS000949,COR00844,NMH,HKL,WR,sleeper_defect,B,2025-12-09,2025-03-01,283,manual_gauge_check,4.2,True,Engineering
TMS000950,COR02082,RDI,BNK,SWR,alignment_deviation,C,2025-01-11,2024-10-31,72,visual_patrol,1.1,True,Engineering
TMS000951,COR03091,ETK,CS,SR,rail_wear,C,2025-05-06,2025-02-06,89,visual_patrol,4.6,True,Engineering
TMS000952,COR00640,ITKY,TGB,SER,sleeper_defect,B,2024-04-11,2024-04-07,4,visual_patrol,4.4,False,Engineering
TMS000953,COR02574,KLOD,SONR,SECR,sleeper_defect,B,2024-03-06,2024-02-20,15,USFD_ultrasonic_flaw_detection,3.7,True,Engineering
TMS000954,COR04478,MTA,SGBJ,WCR,weld_failure,A,2024-07-04,2024-02-04,151,manual_gauge_check,4.3,True,Engineering
TMS000955,COR01948,AWB,DLB,SCR,ballast_deficiency,C,2024-03-30,2024-03-25,5,USFD_ultrasonic_flaw_detection,5.2,True,Engineering
TMS000956,COR07436,NPRD,UKR,SECR,points_crossing_wear,B,2025-11-04,2025-10-22,13,visual_patrol,2.2,False,Engineering
TMS000957,COR02395,WKRC,AXA,WR,alignment_deviation,C,2025-12-12,2025-11-27,15,visual_patrol,5.5,False,Engineering
TMS000958,COR02895,DGN,MWA,CR,points_crossing_wear,B,2024-08-30,2024-08-09,21,visual_patrol,1.3,False,Engineering
TMS000959,COR00710,DIC,BVI,WR,weld_failure,A,2024-05-11,2024-03-21,51,track_recording_car,2.8,True,Engineering
TMS000960,COR01002,BHGN,BXP,NFR,formation_defect,B,2025-11-23,2025-11-15,8,USFD_ultrasonic_flaw_detection,4.3,True,Engineering
TMS000961,COR00242,ADTL,JBP,WCR,alignment_deviation,C,2025-01-16,2024-12-07,40,USFD_ultrasonic_flaw_detection,4.1,True,Engineering
TMS000962,COR00597,KZA,GRRG,NER,alignment_deviation,C,2024-01-27,2023-11-24,64,manual_gauge_check,1.9,True,Engineering
TMS000963,COR02474,DMLE,KJU,ER,formation_defect,B,2025-01-06,2025-01-04,2,manual_gauge_check,4.8,True,Engineering
TMS000964,COR04542,BDHY,KTHU,NR,ballast_deficiency,A,2024-05-06,2024-05-03,3,visual_patrol,4.5,True,Engineering
TMS000965,COR04687,DWV,VINH,KR,sleeper_defect,B,2025-07-18,2025-05-27,52,visual_patrol,1.0,True,Engineering
TMS000966,COR01382,KYV,AMT,SR,alignment_deviation,C,2025-07-18,2025-04-25,84,USFD_ultrasonic_flaw_detection,5.2,True,Engineering
TMS000967,COR00468,DSK,SAV,CR,rail_fracture,A,2024-05-26,2024-05-22,4,visual_patrol,4.5,True,Engineering
TMS000968,COR03958,ER08,NDAE,ER,rail_wear,C,2025-12-24,2025-12-11,13,USFD_ultrasonic_flaw_detection,2.9,True,Engineering
TMS000969,COR02104,CLI,RNR,SWR,ballast_deficiency,C,2024-11-08,2024-11-01,7,USFD_ultrasonic_flaw_detection,1.0,True,Engineering
TMS000970,COR04286,CRW,HSR,NWR,alignment_deviation,C,2024-04-05,2024-03-29,7,visual_patrol,0.8,True,Engineering
TMS000971,COR02722,GK,BNKJ,NER,sleeper_defect,B,2025-11-24,2025-01-20,308,USFD_ultrasonic_flaw_detection,4.5,True,Engineering
TMS000972,COR02382,LTR,BLRD,WR,rail_wear,C,2024-01-15,2023-11-09,67,USFD_ultrasonic_flaw_detection,5.5,True,Engineering
TMS000973,COR03885,NNO,MQC,NR,alignment_deviation,C,2025-09-13,2025-09-12,1,USFD_ultrasonic_flaw_detection,1.4,False,Engineering
TMS000974,COR04229,GUH,MDNR,NR,rail_wear,C,2025-06-10,2025-06-06,4,visual_patrol,0.8,True,Engineering
TMS000975,COR00613,GUU,GLA,SCR,rail_wear,C,2024-04-30,2024-02-05,85,visual_patrol,3.2,True,Engineering
TMS000976,COR00016,WTJ,JALD,WR,formation_defect,B,2024-02-06,2023-02-17,354,manual_gauge_check,5.4,True,Engineering
TMS000977,COR00218,MKD,TKYR,WCR,rail_fracture,A,2024-01-06,2024-01-03,3,visual_patrol,4.5,True,Engineering
TMS000978,COR00037,CJR,SUNR,WR,sleeper_defect,B,2025-02-24,2025-02-20,4,visual_patrol,3.2,True,Engineering
TMS000979,COR03260,DNHK,FSP,WCR,ballast_deficiency,C,2024-07-05,2024-06-22,13,USFD_ultrasonic_flaw_detection,2.0,False,Engineering
TMS000980,COR03259,HAN,DNHK,WCR,sleeper_defect,B,2025-01-02,2024-12-17,16,manual_gauge_check,4.4,True,Engineering
TMS000981,COR01165,GALE,MGLE,ER,weld_failure,A,2024-06-13,2024-06-12,1,track_recording_car,5.7,False,Engineering
TMS000982,COR07574,TMKA,TGRL,ECoR,weld_failure,A,2024-11-28,2024-11-24,4,track_recording_car,4.8,True,Engineering
TMS000983,COR03963,MTFA,LKX,ER,alignment_deviation,C,2024-01-22,2024-01-19,3,visual_patrol,2.4,True,Engineering
TMS000984,COR03595,AUS,KALN,NWR,rail_fracture,A,2025-03-20,2025-03-20,0,USFD_ultrasonic_flaw_detection,2.1,True,Engineering
TMS000985,COR01881,MDR,MTMI,SCR,points_crossing_wear,B,2024-04-27,2024-04-19,8,manual_gauge_check,6.0,True,Engineering
TMS000986,COR04684,CHI,ANO,KR,ballast_deficiency,C,2025-09-17,2025-06-29,80,visual_patrol,6.0,True,Engineering
TMS000987,COR03073,BVRT,VND,SCR,ballast_deficiency,C,2024-05-29,2024-05-23,6,USFD_ultrasonic_flaw_detection,3.9,True,Engineering
TMS000988,COR00205,IDGJ,JSR,NCR,sleeper_defect,B,2024-08-15,2024-07-01,45,visual_patrol,3.1,True,Engineering
TMS000989,COR03129,MLYA,HPL,ER,ballast_deficiency,C,2025-12-29,2025-12-18,11,USFD_ultrasonic_flaw_detection,2.3,True,Engineering
TMS000990,COR00153,BWSN,SMDP,NR,rail_fracture,A,2024-10-13,2024-09-28,15,manual_gauge_check,1.1,True,Engineering
TMS000991,COR06519,MOT,PKK,NR,sleeper_defect,B,2025-11-30,2025-11-30,0,USFD_ultrasonic_flaw_detection,5.2,True,Engineering
TMS000992,COR04092,HMK,KTPK,NR,sleeper_defect,B,2024-08-31,2024-08-20,11,track_recording_car,1.7,True,Engineering
TMS000993,COR05433,SPGL,PFM,NR,weld_failure,A,2024-07-16,2024-07-10,6,track_recording_car,5.6,True,Engineering
TMS000994,COR02674,BRZ,KAGR,NR,ballast_deficiency,C,2025-06-30,2022-02-18,1228,track_recording_car,0.7,True,Engineering
TMS000995,COR02696,KRZ,ISM,NR,ballast_deficiency,C,2024-12-21,2023-12-10,377,manual_gauge_check,3.0,True,Engineering
TMS000996,COR05813,DLC,DHRR,NWR,weld_failure,A,2024-01-23,2023-02-09,348,visual_patrol,2.0,False,Engineering
TMS000997,COR01191,TAZ,RMP,CR,rail_wear,C,2025-05-21,2025-05-09,12,track_recording_car,5.3,False,Engineering
TMS000998,COR00606,CLE,YGL,SCR,alignment_deviation,C,2025-09-13,2025-07-08,67,visual_patrol,1.5,True,Engineering
TMS000999,COR00715,JOS,ADH,WR,formation_defect,B,2025-05-30,2025-03-17,74,track_recording_car,3.4,True,Engineering
TMS001000,COR00721,BA,MM,WR,alignment_deviation,C,2025-06-30,2025-06-29,1,visual_patrol,0.7,True,Engineering
TMS001001,COR05402,RNRD,TKA,NCR,rail_wear,C,2024-08-03,2024-06-17,47,USFD_ultrasonic_flaw_detection,0.5,True,Engineering
TMS001002,COR02892,KHA,SGBJ,WCR,sleeper_defect,C,2024-05-16,2023-10-03,226,USFD_ultrasonic_flaw_detection,3.9,True,Engineering
TMS001003,COR00217,BQF,MKD,WCR,alignment_deviation,C,2024-06-29,2024-06-21,8,visual_patrol,0.6,True,Engineering
TMS001004,COR05138,PPKD,MWF,ECR,rail_wear,C,2025-10-31,2025-08-28,64,visual_patrol,3.9,True,Engineering
TMS001005,COR00694,BOR,UOI,WR,sleeper_defect,B,2024-06-08,2024-05-27,12,USFD_ultrasonic_flaw_detection,4.5,True,Engineering
TMS001006,COR00520,SGW,BDW,NWR,sleeper_defect,B,2024-07-12,2024-07-07,5,USFD_ultrasonic_flaw_detection,5.7,True,Engineering
TMS001007,COR01152,CRD,CHG,CR,ballast_deficiency,C,2024-03-12,2024-02-01,40,visual_patrol,2.8,True,Engineering
TMS001008,COR03150,KHBV,KARD,CR,sleeper_defect,B,2025-09-09,2025-09-09,0,visual_patrol,2.6,True,Engineering
TMS001009,COR00052,GUS,DNW,WR,alignment_deviation,C,2024-10-01,2024-09-29,2,visual_patrol,4.0,True,Engineering
TMS001010,COR06948,SKX,BPZ,NER,rail_wear,C,2025-12-25,2025-10-27,59,visual_patrol,1.3,True,Engineering
TMS001011,COR05526,PRTL,KRP,ER,alignment_deviation,C,2024-02-27,2024-02-20,7,USFD_ultrasonic_flaw_detection,2.0,True,Engineering
TMS001012,COR00079,BNS,SOH,NWR,rail_fracture,A,2024-05-25,2024-05-12,13,visual_patrol,1.7,True,Engineering
TMS001013,COR01709,LGCE,STA,WCR,sleeper_defect,B,2025-12-04,2025-02-20,287,manual_gauge_check,5.0,True,Engineering
TMS001014,COR00612,MABD,GUU,SCR,weld_failure,A,2024-03-19,2023-06-20,273,USFD_ultrasonic_flaw_detection,1.2,False,Engineering
TMS001015,COR05978,BPM,SUJR,NR,rail_wear,C,2025-09-06,2025-08-27,10,visual_patrol,2.8,False,Engineering
TMS001016,COR03621,BNP,KBL,SWR,formation_defect,B,2025-05-26,2024-10-09,229,track_recording_car,5.6,True,Engineering
TMS001017,COR03863,BHGH,AG,ER,weld_failure,A,2024-11-23,2024-10-20,34,visual_patrol,3.0,True,Engineering
TMS001018,COR07346,CRQ,PIRO,ECR,alignment_deviation,C,2024-05-28,2024-05-20,8,visual_patrol,6.0,True,Engineering
TMS001019,COR01708,UHR,LGCE,WCR,ballast_deficiency,C,2025-09-08,2025-07-02,68,track_recording_car,2.3,True,Engineering
TMS001020,COR03254,GGC,COO,WCR,ballast_deficiency,C,2025-06-29,2025-06-14,15,USFD_ultrasonic_flaw_detection,1.8,True,Engineering
TMS001021,COR03888,BGZ,ASE,NR,points_crossing_wear,B,2025-12-20,2025-11-06,44,visual_patrol,2.5,True,Engineering
TMS001022,COR04954,KUDL,ZARP,KR,sleeper_defect,B,2024-03-02,2024-02-28,3,manual_gauge_check,2.5,True,Engineering
TMS001023,COR04377,SQD,RMD,SR,weld_failure,A,2025-03-07,2024-12-11,86,visual_patrol,5.1,True,Engineering
TMS001024,COR00484,KRO,BRI,WCR,rail_wear,C,2025-12-13,2025-12-13,0,manual_gauge_check,2.5,True,Engineering
TMS001025,COR03314,SCQ,NAS,NR,weld_failure,A,2024-05-30,2024-02-14,106,visual_patrol,0.9,True,Engineering
TMS001026,COR02805,DIC,MIRA,WR,alignment_deviation,C,2025-06-24,2025-06-20,4,track_recording_car,2.1,True,Engineering
TMS001027,COR01529,PSD,LSR,SCR,alignment_deviation,C,2024-03-02,2024-02-27,4,manual_gauge_check,0.7,True,Engineering
TMS001028,COR02300,DBD,RNA,NR,rail_fracture,A,2025-07-21,2025-05-08,74,track_recording_car,1.9,True,Engineering
TMS001029,COR01330,NANA,KVJ,NWR,ballast_deficiency,C,2025-06-18,2025-06-16,2,visual_patrol,5.7,True,Engineering
TMS001030,COR01755,PNGR,KEV,WCR,rail_fracture,A,2025-09-11,2025-06-16,87,manual_gauge_check,5.0,True,Engineering
TMS001031,COR01355,SXS,JDN,WR,formation_defect,B,2025-10-24,2025-10-13,11,USFD_ultrasonic_flaw_detection,2.0,True,Engineering
TMS001032,COR01657,IKK,PRI,NR,alignment_deviation,C,2025-07-08,2025-07-03,5,visual_patrol,1.7,True,Engineering
TMS001033,COR05801,DBI,PGK,NWR,ballast_deficiency,C,2024-10-02,2024-03-02,214,visual_patrol,3.6,True,Engineering
TMS001034,COR07756,UA,SPD,WR,sleeper_defect,A,2024-12-31,2024-09-27,95,track_recording_car,5.8,True,Engineering
TMS001035,COR01359,DNW,GUS,WR,sleeper_defect,B,2024-12-05,2024-12-02,3,USFD_ultrasonic_flaw_detection,4.6,True,Engineering
TMS001036,COR04608,MJE,DLO,NFR,ballast_deficiency,C,2024-10-24,2024-10-23,1,visual_patrol,4.3,True,Engineering
TMS001037,COR02999,KODN,PTB,SR,rail_wear,C,2024-06-13,2024-06-09,4,manual_gauge_check,3.3,False,Engineering
TMS001038,COR02921,GAW,KPE,NER,points_crossing_wear,B,2024-12-13,2024-12-09,4,visual_patrol,3.9,False,Engineering
TMS001039,COR00151,BDXT,GGN,NR,alignment_deviation,C,2024-06-05,2024-06-03,2,USFD_ultrasonic_flaw_detection,6.0,True,Engineering
TMS001040,COR00057,SXS,MSH,WR,alignment_deviation,C,2025-05-25,2025-01-10,135,visual_patrol,2.2,False,Engineering
TMS001041,COR00580,BMKI,SRA,ECR,ballast_deficiency,C,2025-12-28,2025-12-23,5,track_recording_car,1.9,True,Engineering
TMS001042,COR00972,CGF,BDT,NFR,alignment_deviation,C,2025-08-05,2025-08-02,3,USFD_ultrasonic_flaw_detection,2.5,True,Engineering
TMS001043,COR01787,KRNH,TKE,SWR,points_crossing_wear,B,2025-01-17,2025-01-07,10,visual_patrol,2.8,True,Engineering
TMS001044,COR05259,PDE,GNS,SECR,rail_wear,C,2025-12-17,2025-12-10,7,manual_gauge_check,0.5,False,Engineering
TMS001045,COR01196,PLV,WTR,CR,ballast_deficiency,C,2025-04-18,2025-04-06,12,track_recording_car,2.4,True,Engineering
TMS001046,COR02537,CJL,SFM,NR,alignment_deviation,C,2025-02-10,2025-02-07,3,track_recording_car,1.6,True,Engineering
TMS001047,COR01369,VXM,NPB,SR,rail_wear,C,2024-04-27,2024-02-11,76,visual_patrol,0.7,True,Engineering
TMS001048,COR02109,KJG,KVS,SWR,formation_defect,B,2024-03-04,2024-02-21,12,manual_gauge_check,2.5,True,Engineering
TMS001049,COR02122,HBG,JBP,WCR,rail_fracture,A,2024-10-03,2023-12-01,307,visual_patrol,1.5,True,Engineering
TMS001050,COR01093,KNP,GNJ,SWR,weld_failure,A,2025-06-21,2025-06-08,13,visual_patrol,5.4,True,Engineering
TMS001051,COR00210,MJHR,BRG,NCR,rail_wear,C,2024-06-17,2023-10-18,243,visual_patrol,5.7,True,Engineering
TMS001052,COR02539,BZ,SAG,NR,alignment_deviation,C,2024-01-11,2023-12-30,12,USFD_ultrasonic_flaw_detection,5.4,True,Engineering
TMS001053,COR03939,JCU,SWAR,WCR,points_crossing_wear,B,2024-01-15,2023-11-20,56,visual_patrol,3.0,True,Engineering
TMS001054,COR05104,HPP,GTI,NCR,weld_failure,A,2025-04-06,2025-04-06,0,manual_gauge_check,5.2,True,Engineering
TMS001055,COR03085,NAU,MUKE,SR,points_crossing_wear,C,2025-12-14,2020-02-22,2122,USFD_ultrasonic_flaw_detection,1.4,True,Engineering
TMS001056,COR01601,SVNR,KVS,SWR,rail_wear,C,2025-01-14,2024-12-28,17,manual_gauge_check,0.6,False,Engineering
TMS001057,COR02295,RWL,MOTC,NR,alignment_deviation,C,2025-02-27,2024-12-15,74,USFD_ultrasonic_flaw_detection,2.4,True,Engineering
TMS001058,COR02410,PPLI,KNLS,WR,alignment_deviation,C,2025-01-17,2025-01-04,13,visual_patrol,3.8,True,Engineering
TMS001059,COR01702,PTWA,JKE,WCR,alignment_deviation,C,2025-12-19,2025-12-10,9,USFD_ultrasonic_flaw_detection,5.6,False,Engineering
TMS001060,COR08253,ABE,SMV,NCR,alignment_deviation,C,2024-04-16,2024-02-08,68,USFD_ultrasonic_flaw_detection,4.6,False,Engineering
TMS001061,COR00293,WGA,RV,CR,sleeper_defect,B,2025-03-06,2025-02-25,9,visual_patrol,4.8,True,Engineering
TMS001062,COR00402,SMX,PXR,ER,alignment_deviation,C,2025-02-26,2025-02-12,14,manual_gauge_check,4.0,True,Engineering
TMS001063,COR01729,JSR,IDGJ,NCR,rail_wear,C,2025-11-05,2025-10-28,8,visual_patrol,5.1,True,Engineering
TMS001064,COR01840,SCPD,DRE,NR,ballast_deficiency,C,2024-01-27,2024-01-27,0,visual_patrol,2.6,True,Engineering
TMS001065,COR04682,SVX,KMAH,KR,points_crossing_wear,B,2024-09-04,2023-10-29,311,USFD_ultrasonic_flaw_detection,2.7,True,Engineering
TMS001066,COR01724,BRG,MJHR,NCR,rail_fracture,A,2024-06-26,2024-06-14,12,USFD_ultrasonic_flaw_detection,2.2,True,Engineering
TMS001067,COR00771,TJNR,JSKA,NR,alignment_deviation,C,2025-10-04,2025-09-22,12,manual_gauge_check,5.1,True,Engineering
TMS001068,COR01417,HRV,KTMA,SECR,weld_failure,A,2024-01-29,2023-12-25,35,USFD_ultrasonic_flaw_detection,3.5,False,Engineering
TMS001069,COR02809,BSR,NSP,WR,rail_fracture,A,2025-10-08,2017-07-23,2999,track_recording_car,1.5,True,Engineering
TMS001070,COR00727,MX,BCT,WR,ballast_deficiency,C,2024-09-23,2024-07-21,64,track_recording_car,2.0,False,Engineering
TMS001071,COR03019,DOC,PTA,NR,formation_defect,B,2025-09-02,2025-08-19,14,visual_patrol,1.3,True,Engineering
TMS001072,COR00634,BJRI,BATL,SECR,weld_failure,A,2025-02-04,2024-07-22,197,visual_patrol,4.9,True,Engineering
TMS001073,COR02161,PRGD,VLCY,SR,formation_defect,B,2025-10-10,2025-09-30,10,manual_gauge_check,4.9,True,Engineering
TMS001074,COR00041,LPR,SR,WR,ballast_deficiency,C,2024-04-30,2024-04-10,20,manual_gauge_check,6.0,True,Engineering
TMS001075,COR02969,CS,ETK,SR,points_crossing_wear,B,2024-07-16,2024-06-15,31,USFD_ultrasonic_flaw_detection,3.4,True,Engineering
TMS001076,COR04187,BXC,BFN,NR,ballast_deficiency,C,2024-12-01,2024-08-17,106,visual_patrol,1.0,True,Engineering
TMS001077,COR00466,LBG,CRU,SCR,ballast_deficiency,C,2025-04-23,2025-04-14,9,track_recording_car,3.2,True,Engineering
TMS001078,COR01754,JCU,PNGR,WCR,ballast_deficiency,C,2025-02-06,2024-12-17,51,visual_patrol,4.9,True,Engineering
TMS001079,COR00606,CLE,YGL,SCR,ballast_deficiency,C,2025-03-09,2025-02-23,14,USFD_ultrasonic_flaw_detection,2.0,True,Engineering
TMS001080,COR00351,AA,IJ,NER,sleeper_defect,B,2025-04-05,2025-04-03,2,visual_patrol,0.7,True,Engineering
TMS001081,COR02827,UVD,PAD,WR,ballast_deficiency,C,2024-12-26,2024-10-04,83,visual_patrol,1.1,True,Engineering
TMS001082,COR01882,MTMI,BKL,SCR,ballast_deficiency,C,2025-01-15,2025-01-04,11,visual_patrol,2.2,True,Engineering
TMS001083,COR03630,TNGL,DAJ,SWR,alignment_deviation,C,2024-08-26,2024-06-30,57,USFD_ultrasonic_flaw_detection,2.6,True,Engineering
TMS001084,COR02441,BZLE,MIAN,ER,weld_failure,A,2025-08-10,2025-07-16,25,manual_gauge_check,2.8,True,Engineering
TMS001085,COR01378,KU,TMU,SR,ballast_deficiency,C,2024-02-17,2023-11-30,79,manual_gauge_check,2.8,True,Engineering
TMS001086,COR00614,GLA,DKJ,SCR,ballast_deficiency,C,2024-01-19,2023-11-28,52,USFD_ultrasonic_flaw_detection,5.2,False,Engineering
TMS001087,COR05821,BMLL,BNWC,NWR,ballast_deficiency,C,2024-12-11,2024-12-10,1,USFD_ultrasonic_flaw_detection,0.9,True,Engineering
TMS001088,COR04554,TDO,CGH,NR,alignment_deviation,C,2024-03-22,2024-01-15,67,USFD_ultrasonic_flaw_detection,2.2,True,Engineering
TMS001089,COR01724,BRG,MJHR,NCR,formation_defect,B,2025-01-17,2024-12-17,31,manual_gauge_check,1.1,True,Engineering
TMS001090,COR04704,NVRD,TPND,CR,weld_failure,A,2024-08-19,2023-10-10,314,visual_patrol,1.6,False,Engineering
TMS001091,COR01678,GAR,BNE,WCR,rail_wear,C,2024-09-22,2024-05-28,117,manual_gauge_check,0.7,True,Engineering
TMS001092,COR01324,KZQ,FA,NWR,ballast_deficiency,C,2024-10-03,2024-07-31,64,track_recording_car,5.6,True,Engineering
TMS001093,COR00428,CVB,ALW,SCR,ballast_deficiency,C,2025-10-14,2025-08-07,68,USFD_ultrasonic_flaw_detection,1.2,True,Engineering
TMS001094,COR02816,UOI,BOR,WR,formation_defect,B,2024-08-19,2024-08-04,15,visual_patrol,4.7,True,Engineering
TMS001095,COR01622,AJP,NVF,SWR,alignment_deviation,C,2025-12-12,2025-10-31,42,visual_patrol,5.8,True,Engineering
TMS001096,COR00050,PN,JUL,WR,ballast_deficiency,C,2024-12-14,2024-12-11,3,visual_patrol,3.7,True,Engineering
TMS001097,COR05028,NKB,CLD,NFR,alignment_deviation,C,2025-05-31,2025-05-27,4,visual_patrol,1.2,False,Engineering
TMS001098,COR01709,LGCE,STA,WCR,sleeper_defect,B,2024-07-11,2024-06-29,12,visual_patrol,2.8,True,Engineering
TMS001099,COR06593,NWH,JDD,NWR,points_crossing_wear,B,2024-04-22,2024-04-19,3,visual_patrol,5.4,True,Engineering
TMS001100,COR00110,KRW,LNA,NWR,formation_defect,B,2024-12-28,2024-12-26,2,USFD_ultrasonic_flaw_detection,1.3,True,Engineering
TMS001101,COR02318,KDHA,UDM,WR,rail_fracture,A,2025-03-08,2025-02-24,12,visual_patrol,1.5,True,Engineering
TMS001102,COR01107,MDVL,KKLR,SCR,points_crossing_wear,B,2025-10-23,2025-10-22,1,visual_patrol,1.1,True,Engineering
TMS001103,COR05582,BSZ,JSB,NCR,points_crossing_wear,B,2024-08-19,2024-08-11,8,manual_gauge_check,4.3,True,Engineering
TMS001104,COR01723,KTDD,BRG,NCR,ballast_deficiency,C,2024-07-29,2024-05-11,79,visual_patrol,1.6,True,Engineering
TMS001105,COR03822,SZR,BXP,NFR,ballast_deficiency,A,2024-11-08,2024-10-24,15,manual_gauge_check,4.3,True,Engineering
TMS001106,COR03571,VSU,PBA,SER,ballast_deficiency,C,2025-11-13,2025-11-13,0,USFD_ultrasonic_flaw_detection,2.3,True,Engineering
TMS001107,COR01019,PKB,LKG,NFR,weld_failure,A,2024-12-26,2023-11-27,395,manual_gauge_check,3.7,True,Engineering
TMS001108,COR00886,MED,GWV,SCR,weld_failure,A,2024-08-21,2024-06-29,53,USFD_ultrasonic_flaw_detection,1.4,True,Engineering
TMS001109,COR00284,BRUD,CAER,WCR,ballast_deficiency,C,2025-07-12,2025-07-01,11,visual_patrol,3.2,True,Engineering
TMS001110,COR00052,GUS,DNW,WR,sleeper_defect,B,2025-05-10,2024-04-09,396,visual_patrol,4.3,True,Engineering
TMS001111,COR00077,BMN,SRPJ,NWR,rail_wear,C,2024-12-31,2024-11-27,34,USFD_ultrasonic_flaw_detection,1.8,True,Engineering
TMS001112,COR07237,BGHU,KVLS,ECoR,sleeper_defect,B,2025-10-16,2025-10-04,12,visual_patrol,2.0,True,Engineering
TMS001113,COR02644,RHN,PAQ,NER,rail_wear,C,2024-09-28,2024-04-01,180,manual_gauge_check,2.4,True,Engineering
TMS001114,COR02829,ATUL,BL,WR,rail_wear,C,2025-09-19,2025-09-09,10,visual_patrol,4.9,True,Engineering
TMS001115,COR04492,KHH,PBW,NER,ballast_deficiency,C,2025-04-22,2025-04-18,4,track_recording_car,3.4,True,Engineering
TMS001116,COR02762,GZN,GUH,NR,ballast_deficiency,C,2024-01-16,2024-01-07,9,USFD_ultrasonic_flaw_detection,1.7,True,Engineering
TMS001117,COR00450,DHP,NZB,SCR,sleeper_defect,B,2024-02-21,2024-02-05,16,visual_patrol,2.4,True,Engineering
TMS001118,COR05036,NUH,AHU,NER,formation_defect,B,2025-12-31,2025-12-29,2,visual_patrol,6.0,True,Engineering
TMS001119,COR02824,BLD,KEB,WR,weld_failure,A,2024-09-11,2024-08-31,11,manual_gauge_check,4.0,True,Engineering
TMS001120,COR06968,AWG,ETAH,NCR,weld_failure,A,2024-06-26,2024-06-17,9,USFD_ultrasonic_flaw_detection,4.2,True,Engineering
TMS001121,COR02816,UOI,BOR,WR,formation_defect,B,2024-11-04,2024-10-29,6,visual_patrol,2.1,False,Engineering
TMS001122,COR02072,KIAT,TK,SWR,ballast_deficiency,C,2024-05-21,2024-04-23,28,USFD_ultrasonic_flaw_detection,4.3,True,Engineering
TMS001123,COR03607,HMH,DPK,NWR,sleeper_defect,B,2025-04-17,2025-04-04,13,visual_patrol,3.6,False,Engineering
TMS001124,COR01859,SJNP,MDPB,NR,alignment_deviation,C,2025-08-17,2025-08-10,7,USFD_ultrasonic_flaw_detection,1.2,True,Engineering
TMS001125,COR02797,STC,VLP,WR,ballast_deficiency,C,2025-11-17,2025-11-05,12,visual_patrol,4.9,False,Engineering
TMS001126,COR02068,MDLL,NDV,SWR,rail_fracture,C,2024-10-24,2024-10-21,3,USFD_ultrasonic_flaw_detection,4.3,False,Engineering
TMS001127,COR00437,PAPM,BMPL,SCR,points_crossing_wear,B,2025-06-12,2025-05-01,42,visual_patrol,4.6,True,Engineering
TMS001128,COR00738,SRU,LRD,NER,formation_defect,B,2024-01-07,2023-12-29,9,manual_gauge_check,3.9,True,Engineering
TMS001129,COR00236,SNRR,SBD,WCR,ballast_deficiency,C,2024-07-28,2024-07-21,7,visual_patrol,0.6,True,Engineering
TMS001130,COR01719,BNSP,MKP,WCR,rail_wear,C,2024-08-28,2024-08-23,5,manual_gauge_check,3.5,True,Engineering
TMS001131,COR03571,VSU,PBA,SER,alignment_deviation,C,2024-07-08,2024-07-08,0,visual_patrol,4.6,True,Engineering
TMS001132,COR02352,BOM,PMY,NWR,formation_defect,B,2025-11-14,2025-11-05,9,visual_patrol,3.7,True,Engineering
TMS001133,COR01102,OTR,GUK,SCR,sleeper_defect,B,2024-05-31,2024-05-18,13,visual_patrol,3.0,True,Engineering
TMS001134,COR00044,KLRD,CDK,WR,ballast_deficiency,C,2024-02-13,2023-04-01,318,manual_gauge_check,2.5,True,Engineering
TMS001135,COR05391,MTH,KBR,NCR,sleeper_defect,A,2024-12-23,2024-12-17,6,manual_gauge_check,3.4,True,Engineering
TMS001136,COR00620,CKN,NVC,SCR,ballast_deficiency,C,2024-05-23,2024-03-10,74,visual_patrol,4.7,True,Engineering
TMS001137,COR01725,MJHR,SRJ,NCR,rail_wear,C,2025-09-12,2025-08-28,15,track_recording_car,3.7,False,Engineering
TMS001138,COR04324,SPL,PML,SR,points_crossing_wear,B,2025-08-21,2025-08-10,11,USFD_ultrasonic_flaw_detection,2.7,True,Engineering
TMS001139,COR04960,KRMI,VEN,KR,ballast_deficiency,A,2024-11-27,2024-11-12,15,track_recording_car,5.9,True,Engineering
TMS001140,COR04026,BHTA,BPKA,WR,ballast_deficiency,C,2025-03-06,2025-02-22,12,manual_gauge_check,0.8,True,Engineering
TMS001141,COR00143,KWMD,KIP,NR,alignment_deviation,C,2024-06-27,2024-06-27,0,visual_patrol,4.3,True,Engineering
TMS001142,COR07884,KLE,GXG,NR,points_crossing_wear,B,2025-11-26,2025-11-12,14,visual_patrol,1.6,True,Engineering
TMS001143,COR04656,KAWR,AT,KR,alignment_deviation,C,2024-07-27,2024-06-29,28,visual_patrol,1.3,True,Engineering
TMS001144,COR04317,NPT,ADT,SR,points_crossing_wear,B,2024-07-13,2024-06-28,15,manual_gauge_check,3.6,True,Engineering
TMS001145,COR01619,ABGT,HSD,SWR,points_crossing_wear,B,2025-03-25,2025-03-23,2,USFD_ultrasonic_flaw_detection,2.6,True,Engineering
TMS001146,COR00257,BNE,GAR,WCR,alignment_deviation,C,2024-02-22,2024-02-15,7,USFD_ultrasonic_flaw_detection,2.3,True,Engineering
TMS001147,COR06378,RKY,BKNG,WR,rail_wear,C,2024-06-10,2024-05-17,24,manual_gauge_check,0.9,True,Engineering
TMS001148,COR04981,LMNR,INDM,WR,rail_wear,C,2025-07-13,2025-07-12,1,track_recording_car,1.1,True,Engineering
TMS001149,COR05921,AKE,MZL,SCR,ballast_deficiency,B,2024-12-08,2024-12-02,6,manual_gauge_check,0.8,True,Engineering
TMS001150,COR04669,SNDD,KKW,KR,ballast_deficiency,C,2024-08-29,2024-04-29,122,USFD_ultrasonic_flaw_detection,4.9,True,Engineering
TMS001151,COR02938,NGNT,VJA,SCR,alignment_deviation,C,2025-03-02,2025-02-28,2,USFD_ultrasonic_flaw_detection,3.9,True,Engineering
TMS001152,COR02699,ROHN,ASE,NR,rail_wear,C,2025-05-23,2025-05-22,1,USFD_ultrasonic_flaw_detection,4.1,True,Engineering
TMS001153,COR01321,JAL,BGPR,NWR,alignment_deviation,C,2024-01-27,2024-01-26,1,track_recording_car,5.0,True,Engineering
TMS001154,COR05058,TKBN,VP,SWR,formation_defect,B,2025-01-31,2025-01-09,22,track_recording_car,4.3,True,Engineering
TMS001155,COR01878,GNN,YP,SCR,weld_failure,A,2024-12-26,2024-03-22,279,visual_patrol,2.9,True,Engineering
TMS001156,COR00774,IHP,KIP,NR,points_crossing_wear,B,2025-08-04,2025-05-12,84,visual_patrol,4.9,False,Engineering
TMS001157,COR00918,TPP,MPC,SWR,rail_fracture,B,2024-11-17,2024-11-16,1,visual_patrol,4.1,True,Engineering
TMS001158,COR01204,JJR,RJW,CR,points_crossing_wear,B,2024-03-19,2024-03-17,2,visual_patrol,3.5,True,Engineering
TMS001159,COR04040,SYH,TRN,NER,sleeper_defect,B,2025-01-10,2025-01-01,9,track_recording_car,2.1,True,Engineering
TMS001160,COR02438,KTLR,CWLE,ER,ballast_deficiency,C,2024-12-20,2024-12-19,1,manual_gauge_check,4.4,True,Engineering
TMS001161,COR01144,KBI,MGD,SWR,ballast_deficiency,C,2024-11-08,2021-03-04,1345,track_recording_car,1.7,True,Engineering
TMS001162,COR04667,ZARP,KUDL,KR,weld_failure,A,2024-04-26,2024-02-12,74,visual_patrol,5.1,True,Engineering
TMS001163,COR02828,PAD,ATUL,WR,ballast_deficiency,C,2025-05-22,2025-05-10,12,visual_patrol,2.6,True,Engineering
TMS001164,COR00744,PPH,DLR,NER,sleeper_defect,B,2024-02-02,2024-01-24,9,USFD_ultrasonic_flaw_detection,2.4,True,Engineering
TMS001165,COR02921,GAW,KPE,NER,rail_wear,C,2024-08-09,2023-07-13,393,track_recording_car,2.4,True,Engineering
TMS001166,COR01890,DKJ,GLA,SCR,sleeper_defect,B,2024-04-21,2024-03-29,23,USFD_ultrasonic_flaw_detection,5.7,False,Engineering
TMS001167,COR01180,SLI,MDVR,CR,rail_wear,C,2024-06-15,2024-06-07,8,manual_gauge_check,3.1,False,Engineering
TMS001168,COR00820,AII,AHO,NWR,rail_wear,C,2024-03-28,2024-02-06,51,manual_gauge_check,4.7,True,Engineering
TMS001169,COR02808,NIG,BSR,WR,rail_fracture,A,2025-10-30,2025-10-22,8,manual_gauge_check,3.8,True,Engineering
TMS001170,COR02803,KILE,BVI,WR,ballast_deficiency,C,2024-01-18,2024-01-04,14,USFD_ultrasonic_flaw_detection,3.1,False,Engineering
TMS001171,COR02152,MLHS,MTMY,SR,alignment_deviation,C,2024-10-10,2024-10-08,2,manual_gauge_check,3.5,False,Engineering
TMS001172,COR01903,ZB,MTV,SCR,ballast_deficiency,C,2024-05-10,2024-04-25,15,visual_patrol,1.5,False,Engineering
TMS001173,COR03259,HAN,DNHK,WCR,ballast_deficiency,C,2025-08-16,2025-08-02,14,visual_patrol,3.5,True,Engineering
TMS001174,COR06597,RNIS,PLSN,NWR,rail_wear,C,2025-07-07,2025-06-26,11,track_recording_car,3.8,True,Engineering
TMS001175,COR00256,KFY,BNE,WCR,sleeper_defect,B,2025-08-07,2025-07-28,10,visual_patrol,5.0,True,Engineering
TMS001176,COR03092,CS,CAN,SR,alignment_deviation,C,2024-12-09,2024-11-28,11,manual_gauge_check,5.4,True,Engineering
TMS001177,COR06391,GYN,JGG,NER,ballast_deficiency,B,2025-08-28,2025-08-24,4,visual_patrol,3.8,True,Engineering
TMS001178,COR02346,KSD,MLHA,WR,alignment_deviation,C,2024-08-08,2024-06-09,60,visual_patrol,3.7,True,Engineering
TMS001179,COR00530,UAA,KMQ,SR,alignment_deviation,C,2025-08-01,2025-01-08,205,USFD_ultrasonic_flaw_detection,3.7,True,Engineering
TMS001180,COR01850,UCB,MEX,NR,alignment_deviation,C,2025-09-13,2025-09-12,1,USFD_ultrasonic_flaw_detection,3.4,True,Engineering
TMS001181,COR01052,PASG,DMR,NFR,alignment_deviation,C,2025-01-05,2024-12-29,7,visual_patrol,2.2,False,Engineering
TMS001182,COR03690,GKL,MDN,SER,sleeper_defect,B,2024-12-26,2024-12-24,2,USFD_ultrasonic_flaw_detection,0.9,True,Engineering
TMS001183,COR02158,INDR,TYMR,SR,ballast_deficiency,C,2025-07-04,2025-06-30,4,visual_patrol,5.5,True,Engineering
TMS001184,COR03349,UCP,VTV,SR,points_crossing_wear,B,2024-03-24,2024-03-21,3,USFD_ultrasonic_flaw_detection,3.3,True,Engineering
TMS001185,COR02220,MNGT,NHY,SWR,rail_wear,C,2024-01-16,2024-01-02,14,visual_patrol,2.8,True,Engineering
TMS001186,COR03865,PNCB,BNKA,ER,sleeper_defect,B,2024-01-25,2023-03-20,311,track_recording_car,5.9,True,Engineering
TMS001187,COR05130,CGH,BPRS,NR,rail_wear,C,2025-12-14,2025-12-02,12,USFD_ultrasonic_flaw_detection,4.4,True,Engineering
TMS001188,COR05607,MHUR,DGHR,ER,rail_wear,C,2024-03-16,2024-02-24,21,track_recording_car,2.5,True,Engineering
TMS001189,COR01786,SPV,KRNH,SWR,sleeper_defect,B,2025-12-17,2025-12-02,15,visual_patrol,1.5,True,Engineering
TMS001190,COR05902,UKA,PAW,ER,rail_wear,A,2025-11-21,2025-09-19,63,USFD_ultrasonic_flaw_detection,2.6,True,Engineering
TMS001191,COR02321,MGG,LMNR,WR,points_crossing_wear,B,2025-05-20,2025-05-11,9,visual_patrol,3.6,False,Engineering
TMS001192,COR02818,VGN,DRD,WR,alignment_deviation,C,2024-07-01,2024-06-21,10,manual_gauge_check,0.7,False,Engineering
TMS001193,COR05391,MTH,KBR,NCR,alignment_deviation,C,2024-04-11,2024-04-01,10,visual_patrol,1.4,True,Engineering
TMS001194,COR02161,PRGD,VLCY,SR,ballast_deficiency,C,2025-09-12,2025-02-01,223,track_recording_car,5.6,True,Engineering
TMS001195,COR00489,CRK,TBN,WCR,ballast_deficiency,C,2025-09-04,2025-08-16,19,manual_gauge_check,5.8,True,Engineering
TMS001196,COR04544,MDPB,SJNP,NR,rail_fracture,A,2024-10-15,2024-10-09,6,manual_gauge_check,3.6,True,Engineering
TMS001197,COR02399,KHC,BLWR,WR,alignment_deviation,C,2025-03-31,2025-03-28,3,manual_gauge_check,3.2,True,Engineering
TMS001198,COR00483,KKN,KRO,WCR,ballast_deficiency,C,2024-08-15,2024-04-06,131,track_recording_car,2.3,True,Engineering
TMS001199,COR01109,PLVA,AKVD,SCR,formation_defect,B,2024-02-09,2023-12-15,56,USFD_ultrasonic_flaw_detection,5.6,True,Engineering
TMS001200,COR01374,KVL,KOQ,SR,alignment_deviation,C,2025-10-11,2025-06-24,109,USFD_ultrasonic_flaw_detection,1.9,True,Engineering
TMS001201,COR05190,RPZ,DRB,NWR,ballast_deficiency,C,2024-07-10,2024-06-25,15,track_recording_car,2.1,True,Engineering
TMS001202,COR05225,GOA,RYT,NCR,rail_wear,C,2025-03-20,2025-03-04,16,visual_patrol,3.6,True,Engineering
TMS001203,COR00626,YP,GNN,SCR,sleeper_defect,B,2025-10-15,2025-10-08,7,visual_patrol,3.4,False,Engineering
TMS001204,COR05269,PAV,VMD,SCR,alignment_deviation,C,2025-10-07,2025-07-21,78,visual_patrol,2.5,True,Engineering
TMS001205,COR00288,MWA,NPNR,CR,weld_failure,A,2025-03-05,2025-01-12,52,manual_gauge_check,2.3,True,Engineering
TMS001206,COR00416,BPN,HRSR,ER,sleeper_defect,B,2025-12-22,2025-12-10,12,visual_patrol,5.4,True,Engineering
TMS001207,COR05101,RNRD,MRPR,NCR,points_crossing_wear,B,2025-06-03,2025-05-26,8,visual_patrol,5.2,True,Engineering
TMS001208,COR02777,DBD,THJ,NR,ballast_deficiency,C,2025-03-11,2025-02-25,14,visual_patrol,5.5,True,Engineering
TMS001209,COR03982,CWLE,KTLR,ER,ballast_deficiency,C,2024-08-14,2024-08-01,13,USFD_ultrasonic_flaw_detection,1.4,True,Engineering
TMS001210,COR02998,PUM,KODN,SR,rail_wear,C,2024-01-22,2024-01-22,0,manual_gauge_check,1.0,True,Engineering
TMS001211,COR05833,BOKO,CGON,NFR,alignment_deviation,C,2024-08-03,2024-05-13,82,visual_patrol,1.6,True,Engineering
TMS001212,COR02540,SAG,BSS,NR,alignment_deviation,C,2024-12-05,2024-10-03,63,USFD_ultrasonic_flaw_detection,3.5,True,Engineering
TMS001213,COR00052,GUS,DNW,WR,alignment_deviation,C,2025-05-11,2025-04-29,12,visual_patrol,2.1,True,Engineering
TMS001214,COR03051,KDU,IVL,SR,formation_defect,C,2025-11-02,2025-10-21,12,USFD_ultrasonic_flaw_detection,5.0,False,Engineering
TMS001215,COR05072,RPI,SSR,NWR,weld_failure,A,2024-01-21,2023-11-13,69,visual_patrol,5.1,True,Engineering
TMS001216,COR00537,PKP,KZE,SR,alignment_deviation,C,2024-11-27,2024-11-18,9,USFD_ultrasonic_flaw_detection,4.6,True,Engineering
TMS001217,COR02063,BAW,SDVL,SWR,weld_failure,A,2024-10-25,2024-08-22,64,USFD_ultrasonic_flaw_detection,1.7,True,Engineering
TMS001218,COR01134,GTP,KRTL,NER,ballast_deficiency,C,2024-01-18,2024-01-06,12,manual_gauge_check,4.5,False,Engineering
TMS001219,COR04216,BBA,BHKL,NR,alignment_deviation,C,2025-02-10,2025-01-22,19,track_recording_car,3.0,True,Engineering
TMS001220,COR00365,VTJ,NROD,WR,ballast_deficiency,C,2024-04-07,2024-03-12,26,USFD_ultrasonic_flaw_detection,1.6,False,Engineering
TMS001221,COR02834,AML,ACL,WR,weld_failure,A,2025-08-03,2025-05-13,82,track_recording_car,0.8,True,Engineering
TMS001222,COR01824,CKD,PUW,NWR,alignment_deviation,C,2024-01-06,2023-12-24,13,visual_patrol,1.7,True,Engineering
TMS001223,COR02176,JEA,MIM,NER,sleeper_defect,B,2025-12-26,2025-12-12,14,USFD_ultrasonic_flaw_detection,3.6,True,Engineering
TMS001224,COR04029,VQD,KMBL,WR,rail_wear,C,2024-01-14,2024-01-10,4,visual_patrol,4.6,True,Engineering
TMS001225,COR01895,KDM,INK,SCR,rail_wear,B,2024-05-23,2024-05-08,15,track_recording_car,3.5,True,Engineering
TMS001226,COR01268,DHPR,LLU,NR,sleeper_defect,B,2025-06-19,2024-11-02,229,visual_patrol,5.4,True,Engineering
TMS001227,COR00606,CLE,YGL,SCR,ballast_deficiency,C,2025-06-15,2025-04-13,63,USFD_ultrasonic_flaw_detection,3.1,True,Engineering
TMS001228,COR01484,HJI,DHRY,NFR,alignment_deviation,C,2025-06-20,2024-12-27,175,track_recording_car,3.1,True,Engineering
TMS001229,COR00628,CVV,KI,SCR,sleeper_defect,B,2024-07-23,2024-07-17,6,track_recording_car,3.5,True,Engineering
TMS001230,COR00225,STA,LGCE,WCR,sleeper_defect,B,2024-12-19,2024-12-12,7,USFD_ultrasonic_flaw_detection,5.6,True,Engineering
TMS001231,COR04685,ANO,KHED,KR,alignment_deviation,C,2024-09-17,2024-09-05,12,USFD_ultrasonic_flaw_detection,4.0,True,Engineering
TMS001232,COR02833,BIM,AML,WR,weld_failure,A,2024-05-09,2024-05-06,3,track_recording_car,3.7,True,Engineering
TMS001233,COR01483,JGJN,HJI,NFR,alignment_deviation,C,2024-08-02,2024-07-18,15,visual_patrol,4.8,False,Engineering
TMS001234,COR00279,MUO,BRI,WCR,alignment_deviation,C,2024-11-27,2024-11-27,0,visual_patrol,5.8,True,Engineering
TMS001235,COR04606,HSA,MDT,NFR,sleeper_defect,B,2024-09-03,2024-08-31,3,USFD_ultrasonic_flaw_detection,2.6,True,Engineering
TMS001236,COR02133,KMV,BDU,SCR,ballast_deficiency,C,2024-06-19,2024-06-13,6,manual_gauge_check,5.1,True,Engineering
TMS001237,COR04907,Y,BDRL,SWR,points_crossing_wear,B,2025-07-25,2025-06-24,31,manual_gauge_check,4.1,True,Engineering
TMS001238,COR05128,BNGL,MEX,NR,alignment_deviation,C,2024-08-06,2024-07-24,13,USFD_ultrasonic_flaw_detection,5.3,False,Engineering
TMS001239,COR00677,AML,BIM,WR,sleeper_defect,B,2025-03-28,2021-12-11,1203,visual_patrol,1.6,True,Engineering
TMS001240,COR01475,JID,AJRE,NFR,rail_wear,C,2025-09-13,2025-09-13,0,visual_patrol,4.1,True,Engineering
TMS001241,COR01748,LMNR,INDB,WR,rail_wear,C,2025-08-08,2025-08-07,1,manual_gauge_check,5.2,False,Engineering
TMS001242,COR08383,CXA,MTC,NR,formation_defect,B,2024-02-09,2024-02-06,3,visual_patrol,3.9,True,Engineering
TMS001243,COR03820,CJA,NJN,NFR,ballast_deficiency,C,2024-02-27,2024-02-24,3,USFD_ultrasonic_flaw_detection,4.4,True,Engineering
TMS001244,COR05019,KU,TVR,SR,ballast_deficiency,C,2024-12-06,2024-11-18,18,manual_gauge_check,5.2,True,Engineering
TMS001245,COR03843,SFR,BOJ,NFR,rail_wear,C,2024-01-15,2023-01-25,355,manual_gauge_check,2.7,True,Engineering
TMS001246,COR03409,SQW,MJV,NER,weld_failure,A,2024-03-26,2024-03-18,8,visual_patrol,0.7,True,Engineering
TMS001247,COR03633,BYC,BAY,SWR,sleeper_defect,B,2024-11-14,2024-10-29,16,visual_patrol,2.4,True,Engineering
TMS001248,COR02803,KILE,BVI,WR,formation_defect,B,2024-04-02,2024-03-30,3,visual_patrol,1.0,True,Engineering
TMS001249,COR03005,TB,SOU,ECR,rail_fracture,A,2025-04-16,2025-04-05,11,visual_patrol,4.5,True,Engineering
TMS001250,COR04891,ATB,AMNR,SR,formation_defect,B,2024-11-13,2024-11-09,4,visual_patrol,4.4,True,Engineering
TMS001251,COR00488,HD,CRK,WCR,ballast_deficiency,C,2024-06-30,2024-06-24,6,manual_gauge_check,1.9,True,Engineering
TMS001252,COR00281,KRO,KKN,WCR,sleeper_defect,B,2025-04-05,2025-01-13,82,manual_gauge_check,4.3,True,Engineering
TMS001253,COR06537,SYF,KQS,NCR,points_crossing_wear,B,2024-12-21,2024-10-11,71,USFD_ultrasonic_flaw_detection,4.3,True,Engineering
TMS001254,COR01559,STR,KRG,CR,rail_wear,C,2024-04-02,2024-02-12,50,USFD_ultrasonic_flaw_detection,1.7,True,Engineering
TMS001255,COR01003,BXP,SZR,NFR,rail_wear,C,2024-05-23,2024-03-08,76,USFD_ultrasonic_flaw_detection,2.3,True,Engineering
TMS001256,COR03268,DXK,RBS,NCR,rail_wear,C,2024-01-09,2023-12-29,11,visual_patrol,3.1,True,Engineering
TMS001257,COR05673,KJTW,SAF,NR,ballast_deficiency,C,2024-01-23,2024-01-18,5,USFD_ultrasonic_flaw_detection,3.9,True,Engineering
TMS001258,COR03696,GBA,BGO,SER,alignment_deviation,C,2025-09-07,2025-08-27,11,visual_patrol,4.2,True,Engineering
TMS001259,COR07112,NTA,D,ER,alignment_deviation,C,2024-04-20,2023-05-06,350,USFD_ultrasonic_flaw_detection,4.8,False,Engineering
TMS001260,COR01757,BXN,DY,WCR,rail_fracture,A,2025-12-15,2024-11-14,396,manual_gauge_check,1.6,False,Engineering
TMS001261,COR04144,KPQ,PAZ,SR,weld_failure,A,2024-11-12,2024-06-28,137,track_recording_car,1.3,True,Engineering
TMS001262,COR01729,JSR,IDGJ,NCR,sleeper_defect,B,2024-11-04,2024-10-30,5,visual_patrol,1.5,False,Engineering
TMS001263,COR01894,TAA,KDM,SCR,alignment_deviation,C,2024-01-06,2023-11-04,63,USFD_ultrasonic_flaw_detection,2.4,True,Engineering
TMS001264,COR03619,SOQ,BNA,SWR,formation_defect,B,2025-12-24,2025-10-10,75,visual_patrol,5.5,True,Engineering
TMS001265,COR01387,TJ,ALK,SR,rail_wear,C,2025-11-21,2025-11-12,9,track_recording_car,2.8,True,Engineering
TMS001266,COR00245,MML,KEQ,WCR,sleeper_defect,B,2025-09-15,2025-08-02,44,visual_patrol,1.8,True,Engineering
TMS001267,COR02292,HRW,DWO,NR,rail_fracture,A,2025-10-23,2025-10-21,2,visual_patrol,3.2,True,Engineering
TMS001268,COR01316,MJ,AUWA,NWR,weld_failure,A,2024-10-18,2024-10-14,4,visual_patrol,4.2,True,Engineering
TMS001269,COR01004,SZR,NJN,NFR,rail_wear,C,2025-04-21,2025-04-18,3,manual_gauge_check,2.4,True,Engineering
TMS001270,COR03258,SMBJ,HAN,WCR,sleeper_defect,B,2025-08-11,2025-08-07,4,USFD_ultrasonic_flaw_detection,4.3,True,Engineering
TMS001271,COR03253,LRU,GGC,WCR,formation_defect,B,2024-09-21,2024-09-08,13,track_recording_car,1.1,True,Engineering
TMS001272,COR05752,NTM,VEL,SR,points_crossing_wear,B,2025-01-08,2024-10-16,84,visual_patrol,1.5,True,Engineering
TMS001273,COR04176,BZ,SFM,NR,alignment_deviation,A,2024-07-21,2024-07-13,8,USFD_ultrasonic_flaw_detection,3.9,False,Engineering
TMS001274,COR01891,GLA,GUU,SCR,sleeper_defect,B,2025-09-05,2025-09-04,1,track_recording_car,1.9,True,Engineering
TMS001275,COR01261,SPS,KWF,ER,alignment_deviation,C,2025-03-03,2025-02-20,11,visual_patrol,2.3,True,Engineering
TMS001276,COR02837,NVS,MRL,WR,sleeper_defect,C,2024-03-27,2024-03-22,5,USFD_ultrasonic_flaw_detection,1.2,True,Engineering
TMS001277,COR02214,LUNI,RT,NWR,rail_wear,C,2025-06-20,2025-06-13,7,USFD_ultrasonic_flaw_detection,0.7,True,Engineering
TMS001278,COR00145,IHP,PTRD,NR,points_crossing_wear,B,2025-01-26,2024-12-29,28,USFD_ultrasonic_flaw_detection,4.5,True,Engineering
TMS001279,COR03079,QLD,VEK,SR,ballast_deficiency,C,2025-10-30,2025-10-22,8,track_recording_car,0.9,False,Engineering
TMS001280,COR06906,KGLE,DHPD,ER,alignment_deviation,C,2025-06-10,2017-06-10,2922,USFD_ultrasonic_flaw_detection,4.9,True,Engineering
TMS001281,COR00193,CAA,HRNG,ECR,points_crossing_wear,B,2025-12-06,2025-04-19,231,track_recording_car,2.0,True,Engineering
TMS001282,COR02890,HRD,BRUD,WCR,rail_wear,C,2024-07-31,2024-07-18,13,visual_patrol,2.8,True,Engineering
TMS001283,COR01034,BRHU,KKET,NFR,points_crossing_wear,B,2024-08-18,2024-08-11,7,visual_patrol,2.3,True,Engineering
TMS001284,COR01182,NDE,BVQ,CR,alignment_deviation,C,2025-07-08,2025-05-11,58,visual_patrol,5.6,True,Engineering
TMS001285,COR01551,WLH,NIRA,CR,ballast_deficiency,C,2024-08-03,2024-07-19,15,USFD_ultrasonic_flaw_detection,1.4,True,Engineering
TMS001286,COR01762,SMBJ,KNDP,WCR,formation_defect,B,2025-07-28,2025-07-13,15,manual_gauge_check,1.0,True,Engineering
TMS001287,COR02456,BQY,LKX,ER,ballast_deficiency,C,2024-01-31,2024-01-17,14,visual_patrol,3.7,True,Engineering
TMS001288,COR02796,KHAR,STC,WR,sleeper_defect,B,2025-07-23,2025-06-01,52,track_recording_car,5.9,True,Engineering
TMS001289,COR02575,SONR,MGVK,SECR,sleeper_defect,B,2024-08-11,2024-07-30,12,visual_patrol,1.1,True,Engineering
TMS001290,COR05113,THEA,BUDI,WCR,alignment_deviation,C,2025-02-22,2017-11-17,2654,visual_patrol,1.7,False,Engineering
TMS001291,COR01138,RGB,BRY,NR,alignment_deviation,C,2025-05-29,2025-04-03,56,USFD_ultrasonic_flaw_detection,2.7,False,Engineering
TMS001292,COR02223,PANP,CGKP,SWR,sleeper_defect,B,2025-02-13,2025-02-08,5,visual_patrol,3.4,True,Engineering
TMS001293,COR02083,BNK,TTR,SWR,ballast_deficiency,C,2025-03-04,2025-02-19,13,USFD_ultrasonic_flaw_detection,4.0,True,Engineering
TMS001294,COR00486,MUO,PAL,WCR,points_crossing_wear,B,2024-01-24,2023-11-17,68,visual_patrol,1.9,True,Engineering
TMS001295,COR02117,UBL,UNK,SWR,weld_failure,A,2025-07-19,2025-05-15,65,USFD_ultrasonic_flaw_detection,1.6,False,Engineering
TMS001296,COR02058,PIZ,MQL,SCR,alignment_deviation,C,2024-11-26,2024-11-20,6,visual_patrol,0.9,True,Engineering
TMS001297,COR02816,UOI,BOR,WR,sleeper_defect,B,2024-06-30,2024-06-23,7,manual_gauge_check,3.3,True,Engineering
TMS001298,COR02888,GWS,KPV,NER,ballast_deficiency,C,2024-03-12,2024-02-27,14,visual_patrol,0.7,True,Engineering
TMS001299,COR05131,BPRS,KKL,NR,rail_wear,C,2024-09-23,2024-09-10,13,manual_gauge_check,3.5,True,Engineering
TMS001300,COR02900,PYD,KZT,SR,rail_wear,C,2024-10-26,2024-10-25,1,manual_gauge_check,5.1,True,Engineering
TMS001301,COR00150,GHH,BDXT,NR,sleeper_defect,B,2025-03-14,2025-01-01,72,track_recording_car,1.1,True,Engineering
TMS001302,COR04165,LMD,MYL,SCR,points_crossing_wear,B,2025-02-26,2024-12-26,62,track_recording_car,1.3,True,Engineering
TMS001303,COR02155,GWYR,KTPM,SR,ballast_deficiency,C,2025-12-27,2025-10-14,74,USFD_ultrasonic_flaw_detection,1.8,True,Engineering
TMS001304,COR01233,SEI,MGO,CR,sleeper_defect,B,2024-10-08,2024-07-12,88,USFD_ultrasonic_flaw_detection,4.7,True,Engineering
TMS001305,COR01185,TKR,BVNR,CR,ballast_deficiency,C,2024-11-10,2024-11-01,9,manual_gauge_check,1.4,True,Engineering
TMS001306,COR02137,KODI,RNE,SCR,sleeper_defect,B,2024-05-30,2024-04-28,32,USFD_ultrasonic_flaw_detection,5.2,True,Engineering
TMS001307,COR00762,KRTN,DEC,NR,alignment_deviation,C,2024-09-22,2024-09-22,0,visual_patrol,3.3,False,Engineering
TMS001308,COR02387,MOL,RA,WR,sleeper_defect,B,2024-06-08,2016-02-13,3038,USFD_ultrasonic_flaw_detection,3.3,True,Engineering
TMS001309,COR01696,SHR,DDCE,WCR,rail_wear,C,2024-06-28,2023-07-27,337,USFD_ultrasonic_flaw_detection,2.6,True,Engineering
TMS001310,COR00231,PKRD,JKE,WCR,ballast_deficiency,C,2025-10-27,2025-10-24,3,visual_patrol,3.2,True,Engineering
TMS001311,COR03084,BDJ,NAU,SR,rail_fracture,A,2024-08-21,2024-05-30,83,track_recording_car,2.5,True,Engineering
TMS001312,COR03001,NPV,LLP,ECR,rail_wear,C,2024-02-27,2024-02-25,2,USFD_ultrasonic_flaw_detection,3.4,True,Engineering
TMS001313,COR04540,CKDL,CHNR,NR,ballast_deficiency,C,2025-12-07,2025-05-14,207,track_recording_car,1.5,False,Engineering
TMS001314,COR01028,LPN,CPK,NFR,ballast_deficiency,C,2024-05-15,2024-04-21,24,USFD_ultrasonic_flaw_detection,0.8,True,Engineering
TMS001315,COR02825,KEB,VAPI,WR,points_crossing_wear,B,2024-11-22,2024-11-21,1,track_recording_car,0.9,True,Engineering
TMS001316,COR01918,JOA,KRPR,SCR,sleeper_defect,C,2024-11-03,2024-10-19,15,USFD_ultrasonic_flaw_detection,3.7,False,Engineering
TMS001317,COR00379,BSCK,TRN,NER,rail_wear,C,2024-01-01,2023-12-18,14,visual_patrol,2.7,True,Engineering
TMS001318,COR03048,TY,SRT,SR,ballast_deficiency,C,2024-09-27,2024-09-18,9,manual_gauge_check,1.9,True,Engineering
TMS001319,COR02774,MOZ,BMHR,NR,ballast_deficiency,C,2025-05-14,2022-03-24,1147,visual_patrol,5.4,True,Engineering
TMS001320,COR02228,SET,CPT,SWR,ballast_deficiency,C,2025-03-29,2025-03-01,28,visual_patrol,4.3,True,Engineering
TMS001321,COR00679,JRS,DGI,WR,weld_failure,A,2024-11-23,2024-11-14,9,track_recording_car,3.1,True,Engineering
TMS001322,COR06120,SKAP,JWNR,NFR,ballast_deficiency,C,2025-02-09,2025-02-03,6,track_recording_car,5.2,True,Engineering
TMS001323,COR00557,PRI,IKK,NR,rail_wear,C,2024-10-02,2024-07-25,69,visual_patrol,1.9,False,Engineering
TMS001324,COR04847,LKSH,VND,SCR,sleeper_defect,B,2025-04-05,2025-02-08,56,visual_patrol,3.6,True,Engineering
TMS001325,COR00028,WKR,LXR,WR,rail_wear,B,2025-04-12,2025-04-08,4,track_recording_car,0.6,True,Engineering
TMS001326,COR00697,KLV,SAH,WR,alignment_deviation,C,2025-03-13,2025-03-03,10,track_recording_car,2.3,True,Engineering
TMS001327,COR00686,KEB,BLD,WR,ballast_deficiency,C,2024-03-17,2023-10-24,145,visual_patrol,2.3,True,Engineering
TMS001328,COR03933,MX,PL,WR,sleeper_defect,B,2025-12-05,2025-11-23,12,manual_gauge_check,4.4,True,Engineering
TMS001329,COR07785,SIKR,RDK,NWR,points_crossing_wear,A,2025-07-04,2025-05-14,51,visual_patrol,5.6,True,Engineering
TMS001330,COR00479,KNW,MTA,CR,alignment_deviation,C,2024-06-04,2024-03-28,68,manual_gauge_check,3.7,True,Engineering
TMS001331,COR02776,RNA,DBD,NR,sleeper_defect,B,2025-07-24,2025-07-16,8,USFD_ultrasonic_flaw_detection,2.1,True,Engineering
TMS001332,COR04295,MHO,SDT,NER,weld_failure,A,2025-01-04,2024-11-09,56,manual_gauge_check,3.0,False,Engineering
TMS001333,COR00659,UGR,SED,SWR,sleeper_defect,B,2024-09-18,2024-09-10,8,USFD_ultrasonic_flaw_detection,5.6,True,Engineering
TMS001334,COR03097,SOW,RRE,ECR,sleeper_defect,B,2024-03-02,2023-12-10,83,manual_gauge_check,3.3,True,Engineering
TMS001335,COR01895,KDM,INK,SCR,rail_fracture,A,2025-05-18,2025-02-23,84,visual_patrol,2.3,True,Engineering
TMS001336,COR00252,BELD,GPC,WCR,weld_failure,A,2025-06-09,2025-06-04,5,manual_gauge_check,1.0,False,Engineering
TMS001337,COR02939,VJA,SJL,SCR,rail_wear,C,2024-10-10,2024-07-31,71,USFD_ultrasonic_flaw_detection,5.4,False,Engineering
TMS001338,COR00538,KZE,NLE,SR,ballast_deficiency,C,2025-06-24,2025-04-11,74,track_recording_car,4.6,False,Engineering
TMS001339,COR05492,DBSI,VVKP,NR,sleeper_defect,B,2024-01-20,2023-11-16,65,visual_patrol,2.3,True,Engineering
TMS001340,COR04998,PLI,PGN,SR,points_crossing_wear,B,2025-08-11,2025-08-05,6,manual_gauge_check,5.4,True,Engineering
TMS001341,COR02815,PLG,UOI,WR,ballast_deficiency,C,2024-01-27,2024-01-24,3,USFD_ultrasonic_flaw_detection,5.7,True,Engineering
TMS001342,COR00468,DSK,SAV,CR,ballast_deficiency,B,2024-07-25,2024-01-10,197,visual_patrol,2.8,True,Engineering
TMS001343,COR06293,KXX,JUK,SCR,ballast_deficiency,C,2024-05-06,2024-04-22,14,manual_gauge_check,2.6,True,Engineering
TMS001344,COR04117,DUI,KLSX,NR,alignment_deviation,C,2024-07-22,2024-07-10,12,visual_patrol,2.6,True,Engineering
TMS001345,COR00282,KKN,DRHI,WCR,ballast_deficiency,C,2024-06-15,2024-05-15,31,track_recording_car,1.2,True,Engineering
TMS001346,COR02891,CAER,KHA,WCR,alignment_deviation,C,2025-06-03,2025-06-01,2,visual_patrol,1.9,True,Engineering
TMS001347,COR02047,UMD,YSI,CR,rail_fracture,A,2024-12-29,2024-12-26,3,visual_patrol,2.2,True,Engineering
TMS001348,COR06466,SBV,SHC,ECR,formation_defect,B,2025-04-27,2025-02-21,65,visual_patrol,5.8,True,Engineering
TMS001349,COR05602,MDNP,JAMA,ER,rail_fracture,A,2024-05-11,2024-05-11,0,USFD_ultrasonic_flaw_detection,1.3,True,Engineering
TMS001350,COR00148,TJNR,PT,NR,points_crossing_wear,B,2025-01-15,2024-11-23,53,USFD_ultrasonic_flaw_detection,5.0,True,Engineering
TMS001351,COR00620,CKN,NVC,SCR,points_crossing_wear,B,2025-01-08,2024-11-30,39,manual_gauge_check,1.1,True,Engineering
TMS001352,COR02236,NYH,SBC,SWR,ballast_deficiency,C,2025-09-28,2025-02-14,226,visual_patrol,4.8,True,Engineering
TMS001353,COR05471,BTPG,TLX,ER,rail_fracture,A,2025-07-06,2025-03-14,114,visual_patrol,3.8,True,Engineering
TMS001354,COR00560,HW,MOTC,NR,rail_fracture,A,2024-04-25,2024-04-23,2,manual_gauge_check,3.1,True,Engineering
TMS001355,COR05620,VMU,PUMU,SCR,sleeper_defect,B,2024-11-14,2024-10-29,16,USFD_ultrasonic_flaw_detection,5.4,True,Engineering
TMS001356,COR01425,NGE,BRH,SECR,points_crossing_wear,B,2025-05-04,2025-04-06,28,USFD_ultrasonic_flaw_detection,5.1,True,Engineering
TMS001357,COR00463,MGC,PARD,SCR,points_crossing_wear,B,2024-04-07,2024-04-05,2,track_recording_car,2.1,True,Engineering
TMS001358,COR00916,SMDT,KVLR,SWR,ballast_deficiency,C,2025-11-15,2025-11-01,14,USFD_ultrasonic_flaw_detection,3.3,False,Engineering
TMS001359,COR01032,AJRE,JID,NFR,rail_wear,C,2025-08-16,2025-08-12,4,track_recording_car,5.2,True,Engineering
TMS001360,COR04546,BHRL,CHKB,NR,formation_defect,B,2024-05-26,2023-02-22,459,USFD_ultrasonic_flaw_detection,5.1,True,Engineering
TMS001361,COR01735,KDF,RMGJ,NR,rail_fracture,A,2025-10-05,2025-04-01,187,manual_gauge_check,5.8,True,Engineering
TMS001362,COR08101,BIB,SPRA,NCR,sleeper_defect,B,2025-11-02,2025-10-25,8,track_recording_car,5.6,True,Engineering
TMS001363,COR05528,HDM,GNL,SECR,ballast_deficiency,C,2025-11-10,2025-10-27,14,visual_patrol,5.2,True,Engineering
TMS001364,COR01013,DLDE,DPU,NFR,alignment_deviation,C,2024-04-06,2024-04-02,4,visual_patrol,3.0,True,Engineering
TMS001365,COR02696,KRZ,ISM,NR,ballast_deficiency,C,2025-07-20,2025-07-07,13,manual_gauge_check,1.0,False,Engineering
TMS001366,COR02305,MSP,KAT,NR,sleeper_defect,B,2024-05-25,2021-02-11,1199,manual_gauge_check,1.7,True,Engineering
TMS001367,COR04032,MDPR,KNLS,WR,sleeper_defect,B,2025-06-29,2025-06-28,1,visual_patrol,1.8,False,Engineering
TMS001368,COR02469,BHLA,SOAE,ER,sleeper_defect,B,2024-06-04,2024-05-28,7,USFD_ultrasonic_flaw_detection,5.8,True,Engineering
TMS001369,COR00690,BRRD,GVD,WR,rail_fracture,A,2025-06-18,2025-06-06,12,manual_gauge_check,5.4,True,Engineering
TMS001370,COR00482,DRHI,KKN,WCR,rail_wear,B,2024-08-01,2024-06-07,55,manual_gauge_check,3.9,False,Engineering
TMS001371,COR00221,KTHA,JTW,WCR,sleeper_defect,B,2025-02-04,2024-12-19,47,track_recording_car,4.1,True,Engineering
TMS001372,COR00679,JRS,DGI,WR,alignment_deviation,B,2024-05-06,2024-04-24,12,track_recording_car,3.7,True,Engineering
TMS001373,COR00694,BOR,UOI,WR,weld_failure,A,2025-06-17,2025-06-14,3,visual_patrol,1.1,True,Engineering
TMS001374,COR02114,GDI,SNH,SWR,formation_defect,B,2024-06-06,2024-05-23,14,visual_patrol,5.9,False,Engineering
TMS001375,COR01555,AKI,WTR,CR,ballast_deficiency,C,2024-04-25,2024-04-17,8,USFD_ultrasonic_flaw_detection,2.8,True,Engineering
TMS001376,COR03846,SPK,BRNR,NFR,alignment_deviation,C,2024-03-31,2024-03-28,3,manual_gauge_check,3.8,True,Engineering
TMS001377,COR01657,IKK,PRI,NR,alignment_deviation,C,2025-03-07,2024-12-26,71,visual_patrol,1.1,True,Engineering
TMS001378,COR04921,RSYI,APTA,CR,alignment_deviation,C,2025-03-05,2025-01-06,58,track_recording_car,1.9,True,Engineering
TMS001379,COR00050,PN,JUL,WR,alignment_deviation,C,2025-08-28,2025-07-15,44,USFD_ultrasonic_flaw_detection,2.0,False,Engineering
TMS001380,COR04710,VRH,RKSH,NR,sleeper_defect,B,2025-11-14,2025-08-24,82,visual_patrol,3.8,True,Engineering
TMS001381,COR04512,WDL,BENL,SWR,rail_wear,C,2025-01-04,2024-12-28,7,USFD_ultrasonic_flaw_detection,4.4,True,Engineering
TMS001382,COR04663,THVM,PERN,KR,alignment_deviation,C,2025-08-10,2025-05-28,74,manual_gauge_check,0.7,True,Engineering
TMS001383,COR04587,MTND,KDRP,ECoR,alignment_deviation,C,2025-08-03,2025-01-14,201,visual_patrol,4.0,True,Engineering
TMS001384,COR01204,JJR,RJW,CR,sleeper_defect,B,2025-01-02,2024-11-15,48,manual_gauge_check,2.4,False,Engineering
TMS001385,COR00893,AMQ,RKO,SCR,sleeper_defect,B,2024-06-13,2024-04-25,49,visual_patrol,4.7,True,Engineering
TMS001386,COR01413,URL,PAS,SR,sleeper_defect,B,2024-04-01,2024-01-13,79,visual_patrol,3.9,True,Engineering
TMS001387,COR04874,PTRL,BWB,NWR,ballast_deficiency,C,2025-10-16,2025-10-14,2,USFD_ultrasonic_flaw_detection,3.9,True,Engineering
TMS001388,COR04160,UAA,MJS,SR,ballast_deficiency,C,2025-03-24,2025-03-14,10,manual_gauge_check,4.7,False,Engineering
TMS001389,COR01422,UKR,NPRD,SECR,weld_failure,A,2024-10-30,2023-10-19,377,track_recording_car,3.5,True,Engineering
TMS001390,COR03701,ODM,BXL,SER,ballast_deficiency,C,2024-09-26,2023-12-03,298,visual_patrol,2.4,True,Engineering
TMS001391,COR00477,DGN,KDK,CR,sleeper_defect,B,2025-09-20,2025-07-29,53,USFD_ultrasonic_flaw_detection,1.0,False,Engineering
TMS001392,COR01924,UKH,VDGN,SCR,rail_fracture,A,2024-01-27,2023-12-07,51,USFD_ultrasonic_flaw_detection,5.1,False,Engineering
TMS001393,COR00872,IDL,SCP,SCR,ballast_deficiency,C,2024-10-30,2024-10-30,0,visual_patrol,0.6,True,Engineering
TMS001394,COR04897,GNB,KGI,SWR,sleeper_defect,B,2024-07-09,2024-05-02,68,manual_gauge_check,3.7,True,Engineering
TMS001395,COR05462,GIA,NRPR,ER,rail_wear,C,2024-09-26,2024-07-26,62,USFD_ultrasonic_flaw_detection,2.5,False,Engineering
TMS001396,COR00784,KRH,GAL,NWR,points_crossing_wear,C,2025-07-05,2025-06-28,7,USFD_ultrasonic_flaw_detection,1.0,False,Engineering
TMS001397,COR07708,LNH,RDK,NWR,alignment_deviation,C,2024-12-22,2024-12-15,7,track_recording_car,4.0,True,Engineering
TMS001398,COR07695,MNQ,TNUE,NCR,sleeper_defect,B,2025-05-24,2025-05-10,14,USFD_ultrasonic_flaw_detection,0.9,False,Engineering
TMS001399,COR00082,NANA,KTR,NWR,sleeper_defect,B,2025-12-24,2025-01-23,335,visual_patrol,4.3,True,Engineering
TMS001400,COR03907,NRW,DHY,NR,points_crossing_wear,B,2025-03-17,2024-12-29,78,track_recording_car,5.7,False,Engineering
TMS001401,COR00710,DIC,BVI,WR,sleeper_defect,B,2024-08-26,2024-06-29,58,USFD_ultrasonic_flaw_detection,5.3,False,Engineering
TMS001402,COR00494,BPF,DKI,WCR,points_crossing_wear,B,2025-09-16,2025-09-16,0,visual_patrol,4.6,True,Engineering
TMS001403,COR04318,ADT,TDR,SR,weld_failure,B,2024-09-11,2024-08-02,40,manual_gauge_check,4.8,False,Engineering
TMS001404,COR04868,NAWN,MNSR,NWR,rail_fracture,A,2024-04-01,2024-02-03,58,visual_patrol,2.7,True,Engineering
TMS001405,COR03610,UBL,KUG,SWR,alignment_deviation,C,2024-07-06,2024-06-26,10,visual_patrol,2.5,True,Engineering
TMS001406,COR05289,KVE,KRNU,SWR,sleeper_defect,B,2024-12-25,2024-12-18,7,manual_gauge_check,4.0,True,Engineering
TMS001407,COR04144,KPQ,PAZ,SR,points_crossing_wear,C,2025-11-30,2025-11-29,1,visual_patrol,1.4,False,Engineering
TMS001408,COR02452,DHAE,SHBA,ER,rail_fracture,A,2024-03-12,2024-03-01,11,manual_gauge_check,1.5,True,Engineering
TMS001409,COR00648,SBH,SUL,SWR,ballast_deficiency,C,2025-09-06,2025-03-20,170,visual_patrol,1.5,True,Engineering
TMS001410,COR04935,DWV,KHED,KR,alignment_deviation,C,2024-02-01,2023-11-21,72,USFD_ultrasonic_flaw_detection,5.6,False,Engineering
TMS001411,COR04512,WDL,BENL,SWR,weld_failure,A,2024-12-23,2024-07-30,146,track_recording_car,3.7,True,Engineering
TMS001412,COR00293,WGA,RV,CR,ballast_deficiency,C,2025-04-10,2025-02-10,59,manual_gauge_check,3.5,True,Engineering
TMS001413,COR01952,PSD,RGO,SCR,weld_failure,A,2024-05-24,2024-05-13,11,visual_patrol,5.0,True,Engineering
TMS001414,COR01765,COO,GGC,WCR,sleeper_defect,B,2024-04-11,2023-03-15,393,manual_gauge_check,1.0,True,Engineering
TMS001415,COR05824,MULK,PDD,KR,points_crossing_wear,B,2024-10-16,2024-10-10,6,visual_patrol,3.0,True,Engineering
TMS001416,COR06401,BHLP,MUV,NER,sleeper_defect,B,2025-05-18,2025-05-18,0,visual_patrol,3.6,True,Engineering
TMS001417,COR01329,KTR,NANA,NWR,rail_wear,C,2025-06-24,2025-06-01,23,manual_gauge_check,1.5,True,Engineering
TMS001418,COR05523,JJG,SBNM,ER,alignment_deviation,C,2024-02-19,2024-02-09,10,USFD_ultrasonic_flaw_detection,0.8,True,Engineering
TMS001419,COR00673,MRL,NVS,WR,rail_wear,C,2025-06-20,2024-07-04,351,manual_gauge_check,3.3,True,Engineering
TMS001420,COR00162,DSA,VVB,NR,ballast_deficiency,C,2025-12-30,2025-12-23,7,visual_patrol,4.4,True,Engineering
TMS001421,COR02808,NIG,BSR,WR,points_crossing_wear,B,2024-10-24,2024-10-21,3,visual_patrol,1.8,True,Engineering
TMS001422,COR04799,CHN,BAT,NR,rail_wear,C,2025-02-15,2024-12-14,63,visual_patrol,1.3,True,Engineering
TMS001423,COR03381,RMN,SGA,NWR,rail_wear,C,2024-07-28,2024-06-03,55,manual_gauge_check,4.1,False,Engineering
TMS001424,COR01789,MSS,BDVT,SWR,rail_fracture,A,2025-05-14,2025-05-08,6,visual_patrol,0.6,True,Engineering
TMS001425,COR00156,DEC,KRTN,NR,alignment_deviation,C,2025-10-14,2025-09-19,25,visual_patrol,1.4,True,Engineering
TMS001426,COR00235,NWR,SNRR,WCR,points_crossing_wear,B,2024-10-18,2024-08-13,66,USFD_ultrasonic_flaw_detection,2.1,True,Engineering
TMS001427,COR00361,BJUD,SGD,WR,weld_failure,A,2025-07-22,2025-03-09,135,manual_gauge_check,1.6,True,Engineering
TMS001428,COR00137,KNAR,AIA,NWR,sleeper_defect,B,2024-07-07,2024-06-25,12,visual_patrol,4.3,True,Engineering
TMS001429,COR01893,MABD,TAA,SCR,sleeper_defect,B,2025-11-09,2025-11-08,1,manual_gauge_check,4.7,True,Engineering
TMS001430,COR00699,VTN,VR,WR,ballast_deficiency,C,2024-09-13,2023-12-23,265,manual_gauge_check,2.4,True,Engineering
TMS001431,COR03138,NTV,BHGP,NER,sleeper_defect,B,2024-08-18,2024-08-16,2,visual_patrol,1.6,True,Engineering
TMS001432,COR01897,NKD,YGL,SCR,alignment_deviation,A,2025-07-24,2025-06-02,52,visual_patrol,3.5,True,Engineering
TMS001433,COR00378,NDJ,BSCK,NER,weld_failure,A,2024-11-25,2024-11-20,5,visual_patrol,1.3,True,Engineering
TMS001434,COR00780,MJNL,AIA,NWR,sleeper_defect,B,2024-05-02,2024-02-04,88,manual_gauge_check,4.7,True,Engineering
TMS001435,COR02661,NCJ,SUCH,SR,rail_fracture,A,2024-10-16,2024-10-04,12,track_recording_car,2.6,False,Engineering
TMS001436,COR00807,MKHR,RDRA,NWR,sleeper_defect,B,2025-04-10,2017-01-14,3008,USFD_ultrasonic_flaw_detection,5.4,True,Engineering
TMS001437,COR05304,CTJ,BEHR,WCR,ballast_deficiency,C,2024-09-20,2024-07-17,65,manual_gauge_check,2.5,True,Engineering
TMS001438,COR04593,SSNR,BDME,ER,weld_failure,A,2024-08-20,2024-05-27,85,manual_gauge_check,1.2,True,Engineering
TMS001439,COR00696,PLG,KLV,WR,sleeper_defect,B,2025-03-30,2025-03-16,14,manual_gauge_check,3.0,True,Engineering
TMS001440,COR03343,TMLP,TKO,SR,weld_failure,A,2025-08-05,2025-07-30,6,visual_patrol,5.3,True,Engineering
TMS001441,COR02981,VEK,QLD,SR,rail_wear,C,2025-01-18,2024-11-11,68,USFD_ultrasonic_flaw_detection,1.7,True,Engineering
TMS001442,COR00363,SOJN,KDMR,WR,formation_defect,B,2024-02-22,2023-12-16,68,visual_patrol,2.4,False,Engineering
TMS001443,COR03279,LHN,IDR,SWR,rail_wear,C,2025-12-11,2025-08-30,103,visual_patrol,3.6,True,Engineering
TMS001444,COR07609,PRL,TNM,SR,formation_defect,B,2024-07-21,2024-04-23,89,visual_patrol,2.2,True,Engineering
TMS001445,COR04062,BDM,GED,SWR,alignment_deviation,C,2025-10-05,2025-07-14,83,manual_gauge_check,4.2,True,Engineering
TMS001446,COR00271,BPF,BIF,WCR,rail_fracture,A,2024-11-16,2024-11-14,2,manual_gauge_check,2.5,True,Engineering
TMS001447,COR06727,MAH,MLW,NR,ballast_deficiency,C,2025-04-02,2024-03-09,389,USFD_ultrasonic_flaw_detection,4.4,True,Engineering
TMS001448,COR00295,NB,SAV,CR,points_crossing_wear,B,2024-05-01,2024-04-18,13,USFD_ultrasonic_flaw_detection,3.9,True,Engineering
TMS001449,COR02703,MQC,NNO,NR,sleeper_defect,B,2024-04-26,2024-03-10,47,track_recording_car,1.3,True,Engineering
TMS001450,COR04157,KLAD,KGQ,SR,weld_failure,A,2024-01-21,2024-01-16,5,USFD_ultrasonic_flaw_detection,5.9,True,Engineering
TMS001451,COR01908,BHLK,KCP,SCR,points_crossing_wear,B,2025-11-18,2025-11-03,15,USFD_ultrasonic_flaw_detection,5.4,False,Engineering
TMS001452,COR05427,GRMR,KHNM,NR,weld_failure,A,2024-06-02,2024-05-21,12,visual_patrol,5.6,False,Engineering
TMS001453,COR00683,PAD,UVD,WR,formation_defect,B,2024-12-29,2024-12-03,26,USFD_ultrasonic_flaw_detection,4.9,True,Engineering
TMS001454,COR05512,PCX,PLY,ER,sleeper_defect,B,2025-06-09,2024-12-02,189,visual_patrol,3.4,False,Engineering
TMS001455,COR02189,GNJ,KNP,SWR,rail_wear,A,2025-04-04,2025-02-14,49,manual_gauge_check,2.4,True,Engineering
TMS001456,COR08244,MWK,RM,CR,formation_defect,B,2024-05-13,2024-05-12,1,manual_gauge_check,5.6,True,Engineering
TMS001457,COR02811,VR,VTN,WR,ballast_deficiency,C,2024-02-06,2024-01-25,12,track_recording_car,2.0,True,Engineering
TMS001458,COR01674,PPI,BKH,WCR,points_crossing_wear,B,2024-05-15,2024-05-05,10,manual_gauge_check,4.5,True,Engineering
TMS001459,COR02178,RJ,RCRA,NER,ballast_deficiency,C,2025-11-13,2025-07-02,134,manual_gauge_check,5.2,False,Engineering
TMS001460,COR00085,JWB,BRLY,NWR,weld_failure,A,2025-01-17,2025-01-12,5,visual_patrol,3.6,True,Engineering
TMS001461,COR00273,PGL,CGO,WCR,weld_failure,A,2025-09-24,2025-07-27,59,visual_patrol,3.7,False,Engineering
TMS001462,COR07054,SEY,BHV,SECR,formation_defect,B,2024-02-27,2024-01-27,31,track_recording_car,1.6,True,Engineering
TMS001463,COR00263,SXF,SGP,WCR,weld_failure,A,2024-08-03,2024-07-27,7,visual_patrol,0.9,True,Engineering
TMS001464,COR02454,AGAE,PTAE,ER,sleeper_defect,B,2025-12-24,2018-02-04,2880,visual_patrol,2.1,True,Engineering
TMS001465,COR05116,SMPA,MLGH,WCR,weld_failure,A,2024-07-21,2024-07-16,5,visual_patrol,5.3,True,Engineering
TMS001466,COR00675,VDH,ACL,WR,weld_failure,A,2024-08-21,2024-08-11,10,visual_patrol,4.0,True,Engineering
TMS001467,COR02863,SVHE,HBS,SWR,points_crossing_wear,B,2024-09-03,2024-08-23,11,USFD_ultrasonic_flaw_detection,4.1,False,Engineering
TMS001468,COR00931,BNC,SBC,SWR,alignment_deviation,A,2025-09-26,2025-09-25,1,track_recording_car,2.9,True,Engineering
TMS001469,COR05628,SK,SALI,NWR,sleeper_defect,B,2025-08-25,2025-06-30,56,track_recording_car,5.5,True,Engineering
TMS001470,COR02893,SGBJ,MTA,WCR,rail_wear,C,2025-04-06,2025-02-09,56,visual_patrol,5.0,True,Engineering
TMS001471,COR01307,BAR,HP,NWR,sleeper_defect,B,2025-08-24,2025-07-10,45,visual_patrol,4.3,True,Engineering
TMS001472,COR05321,GMIA,BKRO,ECR,ballast_deficiency,C,2025-04-19,2024-06-26,297,manual_gauge_check,3.1,True,Engineering
TMS001473,COR04055,BLR,MLP,SWR,sleeper_defect,B,2025-01-25,2024-05-17,253,manual_gauge_check,4.0,True,Engineering
TMS001474,COR00053,DNW,KYSD,WR,alignment_deviation,C,2024-08-10,2024-08-05,5,visual_patrol,2.7,True,Engineering
TMS001475,COR01529,PSD,LSR,SCR,rail_fracture,A,2024-08-21,2024-08-13,8,visual_patrol,3.8,True,Engineering
TMS001476,COR01891,GLA,GUU,SCR,alignment_deviation,C,2024-04-18,2024-02-17,61,visual_patrol,2.3,True,Engineering
TMS001477,COR01190,MSR,TAZ,CR,ballast_deficiency,C,2025-05-17,2025-03-09,69,visual_patrol,2.2,True,Engineering
TMS001478,COR03043,PGR,MPLM,SR,formation_defect,B,2025-06-26,2025-06-22,4,visual_patrol,4.5,True,Engineering
TMS001479,COR05102,MRPR,RORA,NCR,sleeper_defect,B,2025-01-13,2024-12-30,14,USFD_ultrasonic_flaw_detection,1.7,True,Engineering
TMS001480,COR00779,BWL,MJNL,NWR,alignment_deviation,C,2024-10-14,2023-11-15,334,USFD_ultrasonic_flaw_detection,3.7,True,Engineering
TMS001481,COR00680,DGI,BL,WR,weld_failure,A,2025-12-26,2025-11-11,45,USFD_ultrasonic_flaw_detection,1.8,True,Engineering
TMS001482,COR02174,MJG,TKYR,WCR,sleeper_defect,C,2024-05-31,2023-08-18,287,USFD_ultrasonic_flaw_detection,0.9,True,Engineering
TMS001483,COR02877,SEW,GOT,NER,rail_wear,C,2025-02-02,2025-01-19,14,track_recording_car,4.9,True,Engineering
TMS001484,COR00492,PGL,BIF,WCR,alignment_deviation,A,2024-12-01,2024-12-01,0,visual_patrol,3.9,True,Engineering
TMS001485,COR04440,BGS,LAK,ECR,rail_wear,C,2025-10-23,2025-10-17,6,visual_patrol,5.6,True,Engineering
TMS001486,COR01241,BMNI,SGLA,CR,weld_failure,A,2024-09-11,2024-09-02,9,track_recording_car,2.8,True,Engineering
TMS001487,COR00044,KLRD,CDK,WR,ballast_deficiency,C,2024-03-21,2024-03-08,13,visual_patrol,4.8,False,Engineering
TMS001488,COR01946,CTH,MKDD,SCR,sleeper_defect,B,2024-04-20,2024-04-10,10,manual_gauge_check,3.0,True,Engineering
TMS001489,COR02897,NJT,VRLR,SR,ballast_deficiency,C,2024-05-06,2024-05-06,0,visual_patrol,2.3,True,Engineering
TMS001490,COR00490,TBN,CGO,WCR,alignment_deviation,C,2025-10-23,2025-10-10,13,visual_patrol,1.5,True,Engineering
TMS001491,COR04181,GRN,JHL,NR,formation_defect,B,2025-06-07,2025-05-17,21,visual_patrol,4.4,True,Engineering
TMS001492,COR00230,UDR,PKRD,WCR,weld_failure,A,2024-04-04,2024-03-28,7,track_recording_car,5.8,True,Engineering
TMS001493,COR01831,KGBS,RE,NWR,alignment_deviation,C,2025-10-19,2025-10-06,13,track_recording_car,4.3,True,Engineering
TMS001494,COR00277,HD,PAL,WCR,ballast_deficiency,C,2024-08-20,2024-07-02,49,visual_patrol,4.0,True,Engineering
TMS001495,COR00208,LOG,SRJ,NCR,alignment_deviation,C,2024-08-26,2024-08-19,7,manual_gauge_check,5.7,True,Engineering
TMS001496,COR01393,TRB,MCJ,SR,sleeper_defect,B,2025-05-19,2025-05-10,9,visual_patrol,4.4,True,Engineering
TMS001497,COR00237,SBD,DDCE,WCR,ballast_deficiency,A,2024-12-23,2024-12-07,16,track_recording_car,3.7,True,Engineering
TMS001498,COR05628,SK,SALI,NWR,ballast_deficiency,C,2024-09-29,2024-09-20,9,USFD_ultrasonic_flaw_detection,3.3,True,Engineering
TMS001499,COR00689,UBR,BRRD,WR,points_crossing_wear,B,2025-02-06,2025-01-29,8,visual_patrol,2.1,True,Engineering
TMS001500,COR02885,DSA,DLI,NR,formation_defect,B,2024-04-25,2024-04-20,5,visual_patrol,4.9,True,Engineering
TMS001501,COR05209,PML,SPL,SR,ballast_deficiency,C,2025-08-30,2025-07-18,43,manual_gauge_check,2.5,True,Engineering
TMS001502,COR03000,PTB,KRKD,SR,points_crossing_wear,B,2024-11-13,2024-11-13,0,visual_patrol,5.1,False,Engineering
TMS001503,COR00694,BOR,UOI,WR,rail_wear,C,2025-09-08,2025-08-27,12,track_recording_car,5.6,True,Engineering
TMS001504,COR02838,MRL,SCH,WR,alignment_deviation,C,2025-09-23,2025-05-16,130,visual_patrol,0.5,True,Engineering
TMS001505,COR00200,VPO,BTJ,NR,rail_fracture,A,2025-01-25,2025-01-11,14,track_recording_car,5.8,True,Engineering
TMS001506,COR01677,SCKR,GAR,WCR,formation_defect,B,2024-03-18,2024-01-15,63,visual_patrol,4.1,True,Engineering
TMS001507,COR00134,GAL,KRH,NWR,weld_failure,A,2024-05-03,2024-04-27,6,manual_gauge_check,4.6,True,Engineering
TMS001508,COR00117,MD,LR,NWR,rail_wear,C,2024-08-28,2024-08-26,2,USFD_ultrasonic_flaw_detection,5.4,True,Engineering
TMS001509,COR01089,SXB,BGM,SWR,rail_fracture,A,2024-08-08,2024-08-04,4,visual_patrol,4.2,True,Engineering
TMS001510,COR02236,NYH,SBC,SWR,alignment_deviation,C,2024-02-15,2016-07-23,2763,track_recording_car,5.8,False,Engineering
TMS001511,COR03847,BRNR,BFD,NFR,alignment_deviation,C,2024-07-11,2024-07-03,8,visual_patrol,3.0,True,Engineering
TMS001512,COR03220,TAV,CTRD,WR,alignment_deviation,C,2024-08-25,2024-08-10,15,track_recording_car,4.6,True,Engineering
TMS001513,COR00275,TBN,CRK,WCR,sleeper_defect,B,2025-11-05,2025-10-25,11,manual_gauge_check,4.5,True,Engineering
TMS001514,COR01405,SEV,MYU,SR,formation_defect,B,2025-04-23,2025-02-19,63,manual_gauge_check,4.7,True,Engineering
TMS001515,COR03474,BNDA,DWI,NCR,rail_wear,C,2024-03-29,2024-03-16,13,USFD_ultrasonic_flaw_detection,5.4,True,Engineering
TMS001516,COR01643,HEI,TK,SWR,sleeper_defect,B,2024-02-13,2023-08-22,175,visual_patrol,5.6,False,Engineering
TMS001517,COR00495,DKI,KTZ,WCR,ballast_deficiency,C,2024-05-22,2024-02-23,89,manual_gauge_check,4.9,True,Engineering
TMS001518,COR01730,PRG,PFM,NR,alignment_deviation,C,2024-02-12,2016-12-01,2629,USFD_ultrasonic_flaw_detection,3.7,True,Engineering
TMS001519,COR02696,KRZ,ISM,NR,rail_wear,C,2025-05-15,2025-03-18,58,visual_patrol,4.5,True,Engineering
TMS001520,COR02685,BZO,JIND,NR,sleeper_defect,B,2025-02-21,2025-02-10,11,track_recording_car,5.9,True,Engineering
TMS001521,COR03132,BAHW,LOK,ER,ballast_deficiency,C,2025-05-31,2025-05-15,16,track_recording_car,3.2,False,Engineering
TMS001522,COR03698,PBA,VSU,SER,ballast_deficiency,C,2025-07-08,2025-07-02,6,USFD_ultrasonic_flaw_detection,5.7,True,Engineering
TMS001523,COR00062,SID,DRW,WR,ballast_deficiency,C,2024-03-09,2024-02-13,25,visual_patrol,5.7,True,Engineering
TMS001524,COR01639,SPGR,NTR,SWR,sleeper_defect,B,2025-01-18,2025-01-06,12,visual_patrol,2.9,True,Engineering
TMS001525,COR02149,MCPT,MCPK,SR,points_crossing_wear,B,2024-11-23,2018-03-12,2448,visual_patrol,1.9,True,Engineering
TMS001526,COR04541,CHNR,BDHY,NR,alignment_deviation,C,2025-12-02,2025-11-21,11,USFD_ultrasonic_flaw_detection,0.7,True,Engineering
TMS001527,COR02165,NRK,MEJ,SR,rail_wear,C,2024-09-08,2024-09-06,2,track_recording_car,4.4,False,Engineering
TMS001528,COR02027,GYN,ATRR,NER,alignment_deviation,C,2024-11-26,2023-06-04,541,visual_patrol,4.8,False,Engineering
TMS001529,COR00713,MDD,GMN,WR,sleeper_defect,A,2025-06-02,2025-05-14,19,USFD_ultrasonic_flaw_detection,3.3,True,Engineering
TMS001530,COR03720,BRLF,LCT,NFR,sleeper_defect,B,2024-09-16,2024-08-25,22,USFD_ultrasonic_flaw_detection,4.3,True,Engineering
TMS001531,COR05665,PRU,SMR,NWR,ballast_deficiency,C,2025-03-12,2025-03-02,10,visual_patrol,1.4,True,Engineering
TMS001532,COR00686,KEB,BLD,WR,sleeper_defect,C,2025-01-20,2024-12-13,38,visual_patrol,1.5,True,Engineering
TMS001533,COR03578,BUTA,MDN,SER,alignment_deviation,C,2024-04-13,2024-04-10,3,visual_patrol,1.2,False,Engineering
TMS001534,COR02892,KHA,SGBJ,WCR,rail_fracture,A,2024-01-22,2023-11-12,71,track_recording_car,5.4,True,Engineering
TMS001535,COR02628,REJ,SRJN,ER,sleeper_defect,B,2024-03-09,2023-12-30,70,visual_patrol,1.9,False,Engineering
TMS001536,COR01639,SPGR,NTR,SWR,sleeper_defect,B,2024-05-03,2023-11-24,161,visual_patrol,1.0,True,Engineering
TMS001537,COR00683,PAD,UVD,WR,formation_defect,B,2024-03-09,2023-12-23,77,manual_gauge_check,4.1,True,Engineering
TMS001538,COR00416,BPN,HRSR,ER,rail_fracture,A,2024-01-12,2023-12-31,12,visual_patrol,3.3,True,Engineering
TMS001539,COR02420,OKD,GRJA,WR,ballast_deficiency,C,2024-11-23,2024-11-19,4,manual_gauge_check,5.2,True,Engineering
TMS001540,COR00674,NVS,VDH,WR,sleeper_defect,B,2025-07-20,2025-07-08,12,USFD_ultrasonic_flaw_detection,3.5,True,Engineering
TMS001541,COR00499,KCNR,DLD,WR,weld_failure,A,2025-05-04,2024-12-30,125,USFD_ultrasonic_flaw_detection,5.9,True,Engineering
TMS001542,COR00883,BMPL,PAPM,SCR,alignment_deviation,C,2024-09-25,2024-09-18,7,USFD_ultrasonic_flaw_detection,4.6,True,Engineering
TMS001543,COR01403,LP,MMH,SR,sleeper_defect,B,2025-02-04,2024-12-03,63,USFD_ultrasonic_flaw_detection,5.1,True,Engineering
TMS001544,COR05743,ARS,SY,SR,sleeper_defect,B,2025-10-23,2025-10-10,13,manual_gauge_check,4.0,True,Engineering
TMS001545,COR02400,BLWR,RJT,WR,sleeper_defect,C,2025-07-29,2025-07-27,2,visual_patrol,5.4,True,Engineering
TMS001546,COR03091,ETK,CS,SR,sleeper_defect,B,2024-11-06,2024-10-27,10,manual_gauge_check,3.8,False,Engineering
TMS001547,COR04997,MUQ,PLI,SR,sleeper_defect,B,2025-11-29,2025-09-03,87,USFD_ultrasonic_flaw_detection,4.1,True,Engineering
TMS001548,COR02106,DAD,BYD,SWR,weld_failure,A,2024-09-14,2024-09-12,2,USFD_ultrasonic_flaw_detection,5.6,False,Engineering
TMS001549,COR02835,ACL,VDH,WR,ballast_deficiency,C,2025-08-02,2025-07-26,7,visual_patrol,5.8,True,Engineering
TMS001550,COR01522,SNRD,BY,CR,formation_defect,B,2025-09-19,2025-08-10,40,manual_gauge_check,1.3,True,Engineering
TMS001551,COR01229,PJR,KCB,CR,formation_defect,B,2024-07-28,2024-07-18,10,track_recording_car,3.7,True,Engineering
TMS001552,COR03950,BGAE,SOAE,ER,alignment_deviation,C,2024-07-06,2024-06-26,10,manual_gauge_check,5.0,True,Engineering
TMS001553,COR01721,PNHI,DBR,NCR,alignment_deviation,C,2024-05-29,2024-05-19,10,visual_patrol,0.9,True,Engineering
TMS001554,COR01693,ADTL,DOE,WCR,points_crossing_wear,B,2025-05-21,2025-05-13,8,USFD_ultrasonic_flaw_detection,5.9,True,Engineering
TMS001555,COR01117,AL,RLG,SCR,points_crossing_wear,B,2025-10-05,2025-09-22,13,manual_gauge_check,3.8,True,Engineering
TMS001556,COR01712,HATI,JTW,WCR,weld_failure,A,2024-02-12,2024-02-11,1,manual_gauge_check,2.0,True,Engineering
TMS001557,COR01039,TKC,PHI,NFR,alignment_deviation,C,2024-02-10,2023-12-30,42,manual_gauge_check,3.6,True,Engineering
TMS001558,COR01531,POZ,DLB,SCR,formation_defect,B,2024-08-13,2024-08-06,7,USFD_ultrasonic_flaw_detection,3.6,True,Engineering
TMS001559,COR02704,NNO,MGLP,NR,alignment_deviation,C,2024-08-13,2024-06-18,56,visual_patrol,5.8,True,Engineering
TMS001560,COR02602,SL,TOK,KR,rail_fracture,A,2025-05-12,2025-03-23,50,visual_patrol,1.9,True,Engineering
TMS001561,COR00854,CRU,LBG,SCR,points_crossing_wear,B,2024-04-19,2023-08-29,234,visual_patrol,4.2,True,Engineering
TMS001562,COR05062,KBI,LWR,SWR,alignment_deviation,C,2025-02-22,2025-02-20,2,track_recording_car,2.9,True,Engineering
TMS001563,COR01707,MYR,UHR,WCR,points_crossing_wear,B,2024-07-29,2024-07-21,8,manual_gauge_check,3.2,True,Engineering
TMS001564,COR02416,BHTL,BPKA,WR,ballast_deficiency,C,2025-09-13,2025-07-03,72,visual_patrol,1.3,True,Engineering
TMS001565,COR04883,DHNR,BHBK,SCR,formation_defect,B,2024-11-17,2024-11-11,6,visual_patrol,2.0,True,Engineering
TMS001566,COR05628,SK,SALI,NWR,sleeper_defect,B,2024-09-06,2023-08-24,379,USFD_ultrasonic_flaw_detection,0.9,True,Engineering
TMS001567,COR00081,KVJ,NANA,NWR,points_crossing_wear,B,2025-04-01,2025-03-19,13,manual_gauge_check,1.0,True,Engineering
TMS001568,COR00764,PM,SMDP,NR,sleeper_defect,B,2024-08-12,2024-08-07,5,manual_gauge_check,4.0,True,Engineering
TMS001569,COR04639,SL,MULK,KR,alignment_deviation,C,2024-04-02,2024-03-26,7,track_recording_car,1.4,True,Engineering
TMS001570,COR02705,MGLP,SSB,NR,ballast_deficiency,C,2024-10-27,2024-10-23,4,visual_patrol,2.9,False,Engineering
TMS001571,COR00671,BHET,SCH,WR,sleeper_defect,B,2025-09-27,2025-09-25,2,visual_patrol,4.1,True,Engineering
TMS001572,COR06647,MLQ,TSAH,SER,rail_wear,C,2024-06-20,2024-06-07,13,visual_patrol,4.9,True,Engineering
TMS001573,COR03875,SMET,SME,SWR,weld_failure,A,2025-06-30,2025-05-23,38,visual_patrol,3.0,True,Engineering
TMS001574,COR03941,RKR,JJA,WCR,ballast_deficiency,C,2024-11-29,2024-11-29,0,manual_gauge_check,4.7,True,Engineering
TMS001575,COR00077,BMN,SRPJ,NWR,points_crossing_wear,A,2024-06-08,2024-05-24,15,manual_gauge_check,1.8,True,Engineering
TMS001576,COR01675,BKH,JHT,WCR,alignment_deviation,C,2025-12-31,2025-12-28,3,visual_patrol,4.0,True,Engineering
TMS001577,COR00236,SNRR,SBD,WCR,sleeper_defect,B,2025-11-24,2025-11-09,15,track_recording_car,3.5,True,Engineering
TMS001578,COR05469,GQD,GOF,ER,sleeper_defect,B,2024-09-14,2024-09-02,12,USFD_ultrasonic_flaw_detection,2.7,True,Engineering
TMS001579,COR02271,JHD,JHDC,ECR,alignment_deviation,C,2024-11-01,2024-08-30,63,visual_patrol,5.5,True,Engineering
TMS001580,COR01302,KRW,PPF,NWR,rail_fracture,A,2025-03-21,2025-02-06,43,track_recording_car,4.6,True,Engineering
TMS001581,COR02831,DGI,JRS,WR,alignment_deviation,C,2024-09-07,2024-07-03,66,visual_patrol,5.5,False,Engineering
TMS001582,COR00935,MZL,AKE,SCR,sleeper_defect,B,2025-04-19,2025-04-13,6,visual_patrol,5.8,True,Engineering
TMS001583,COR00496,KTZ,DRA,WCR,formation_defect,B,2025-04-21,2025-04-10,11,manual_gauge_check,5.4,False,Engineering
TMS001584,COR00257,BNE,GAR,WCR,ballast_deficiency,C,2025-05-05,2025-04-14,21,visual_patrol,2.3,True,Engineering
TMS001585,COR02312,PRTP,MUZ,NR,rail_fracture,A,2024-10-03,2024-07-08,87,visual_patrol,3.3,True,Engineering
TMS001586,COR01683,GPC,BELD,WCR,sleeper_defect,B,2025-09-28,2025-07-30,60,visual_patrol,2.5,True,Engineering
TMS001587,COR02825,KEB,VAPI,WR,rail_wear,C,2025-11-13,2025-11-12,1,track_recording_car,4.5,True,Engineering
TMS001588,COR00236,SNRR,SBD,WCR,rail_wear,C,2025-10-12,2025-09-28,14,visual_patrol,1.3,False,Engineering
TMS001589,COR00282,KKN,DRHI,WCR,sleeper_defect,B,2024-01-13,2024-01-04,9,manual_gauge_check,1.6,True,Engineering
TMS001590,COR01849,DZA,UCB,NR,alignment_deviation,C,2024-08-03,2024-07-26,8,visual_patrol,0.9,False,Engineering
TMS001591,COR01027,KWM,LPN,NFR,sleeper_defect,B,2025-11-19,2025-05-28,175,USFD_ultrasonic_flaw_detection,0.9,True,Engineering
TMS001592,COR05631,KSG,GEK,NWR,points_crossing_wear,B,2025-08-13,2025-01-02,223,USFD_ultrasonic_flaw_detection,5.4,True,Engineering
TMS001593,COR01486,LKA,HWX,NFR,formation_defect,B,2025-11-29,2025-09-08,82,visual_patrol,3.8,False,Engineering
TMS001594,COR00757,DBM,VSG,SWR,rail_fracture,A,2025-05-25,2025-05-16,9,manual_gauge_check,6.0,True,Engineering
TMS001595,COR02832,JRS,BIM,WR,alignment_deviation,C,2024-08-16,2024-05-21,87,manual_gauge_check,1.7,False,Engineering
TMS001596,COR02085,SSNH,HVL,SWR,ballast_deficiency,C,2025-02-13,2025-01-31,13,USFD_ultrasonic_flaw_detection,2.3,True,Engineering
TMS001597,COR00586,CAI,SAHI,ECR,sleeper_defect,B,2024-02-28,2024-02-18,10,USFD_ultrasonic_flaw_detection,5.0,True,Engineering
TMS001598,COR02122,HBG,JBP,WCR,rail_fracture,A,2025-05-13,2025-05-06,7,manual_gauge_check,3.2,False,Engineering
TMS001599,COR02828,PAD,ATUL,WR,sleeper_defect,B,2024-12-10,2024-12-05,5,visual_patrol,2.3,True,Engineering
TMS001600,COR00266,BGTA,SQL,WCR,weld_failure,A,2025-05-19,2025-05-06,13,manual_gauge_check,5.6,True,Engineering
TMS001601,COR03721,LCT,NLN,NFR,ballast_deficiency,B,2024-10-25,2024-10-21,4,manual_gauge_check,2.5,True,Engineering
TMS001602,COR04718,KCP,BHLK,SCR,sleeper_defect,B,2024-12-04,2024-11-25,9,visual_patrol,6.0,True,Engineering
TMS001603,COR00149,PT,GHH,NR,rail_fracture,A,2025-05-17,2025-03-12,66,visual_patrol,3.8,True,Engineering
TMS001604,COR02432,DGLE,NILE,ER,alignment_deviation,C,2024-06-10,2024-06-02,8,USFD_ultrasonic_flaw_detection,4.3,True,Engineering
TMS001605,COR02897,NJT,VRLR,SR,formation_defect,B,2025-04-08,2025-01-22,76,visual_patrol,3.3,True,Engineering
TMS001606,COR03821,NJN,SZR,NFR,sleeper_defect,B,2025-11-13,2025-11-04,9,visual_patrol,1.8,True,Engineering
TMS001607,COR00547,PPNS,VAPM,SR,weld_failure,A,2025-04-04,2025-04-01,3,visual_patrol,4.5,True,Engineering
TMS001608,COR01511,JSP,NMGT,CR,ballast_deficiency,C,2024-05-05,2024-04-22,13,manual_gauge_check,4.2,True,Engineering
TMS001609,COR03992,MPLE,NWMS,ER,ballast_deficiency,C,2025-01-07,2024-09-21,108,visual_patrol,1.6,True,Engineering
TMS001610,COR00121,TL,GLTA,NWR,alignment_deviation,C,2025-04-19,2025-04-04,15,track_recording_car,2.7,True,Engineering
TMS001611,COR01435,UMNR,SKJ,ECR,weld_failure,A,2025-11-05,2025-01-02,307,visual_patrol,5.5,True,Engineering
TMS001612,COR03745,TDPM,VNB,SR,rail_fracture,A,2024-04-05,2023-06-07,303,USFD_ultrasonic_flaw_detection,5.9,True,Engineering
TMS001613,COR05407,ANCR,CJN,SER,ballast_deficiency,C,2024-07-03,2023-12-22,194,USFD_ultrasonic_flaw_detection,4.7,True,Engineering
TMS001614,COR03864,AG,PNCB,ER,alignment_deviation,C,2025-05-28,2025-05-13,15,visual_patrol,1.3,True,Engineering
TMS001615,COR05017,KDE,TMU,SR,alignment_deviation,C,2025-03-21,2025-03-15,6,track_recording_car,4.5,True,Engineering
TMS001616,COR06872,MFM,TSS,NR,points_crossing_wear,B,2024-02-15,2017-11-28,2270,visual_patrol,0.6,True,Engineering
TMS001617,COR06902,KTX,ARCL,NFR,weld_failure,A,2025-09-15,2025-09-01,14,USFD_ultrasonic_flaw_detection,5.6,True,Engineering
TMS001618,COR00734,MAO,SVM,KR,ballast_deficiency,C,2025-11-15,2025-04-21,208,manual_gauge_check,1.9,True,Engineering
TMS001619,COR02468,GPAE,BHLA,ER,rail_fracture,A,2024-01-03,2023-12-22,12,USFD_ultrasonic_flaw_detection,5.8,True,Engineering
TMS001620,COR01092,IDJ,KNP,SWR,alignment_deviation,C,2025-09-06,2025-08-28,9,track_recording_car,3.2,True,Engineering
TMS001621,COR02527,BFN,BXC,NR,points_crossing_wear,B,2025-07-28,2024-10-11,290,track_recording_car,1.5,True,Engineering
TMS001622,COR00054,KYSD,UMN,WR,sleeper_defect,B,2024-01-22,2024-01-07,15,visual_patrol,5.6,True,Engineering
TMS001623,COR00611,TAA,MABD,SCR,ballast_deficiency,C,2024-07-27,2024-07-14,13,track_recording_car,2.5,True,Engineering
TMS001624,COR01187,SNE,KRD,CR,rail_wear,C,2024-06-08,2024-05-14,25,manual_gauge_check,5.2,True,Engineering
TMS001625,COR00833,BHL,MDPA,NWR,alignment_deviation,C,2024-04-26,2023-10-27,182,track_recording_car,2.4,True,Engineering
TMS001626,COR04862,SOG,RMH,NWR,points_crossing_wear,B,2024-03-26,2024-03-18,8,visual_patrol,1.0,True,Engineering
TMS001627,COR04601,AYU,MZQ,NFR,points_crossing_wear,B,2024-03-05,2024-03-03,2,visual_patrol,2.4,True,Engineering
TMS001628,COR03641,BVRT,UNDI,SCR,ballast_deficiency,C,2024-01-31,2023-12-02,60,visual_patrol,2.6,True,Engineering
TMS001629,COR00315,MDF,RKI,SER,points_crossing_wear,B,2025-09-27,2025-09-21,6,USFD_ultrasonic_flaw_detection,4.8,True,Engineering
TMS001630,COR00235,NWR,SNRR,WCR,rail_wear,C,2025-07-24,2025-05-06,79,track_recording_car,2.6,True,Engineering
TMS001631,COR00686,KEB,BLD,WR,rail_fracture,A,2024-01-18,2024-01-07,11,manual_gauge_check,5.6,True,Engineering
TMS001632,COR01842,AWL,KKL,NR,alignment_deviation,C,2024-05-17,2024-01-04,134,manual_gauge_check,3.8,True,Engineering
TMS001633,COR00419,KQD,LKPL,SCR,weld_failure,A,2024-12-14,2015-09-19,3374,visual_patrol,5.0,True,Engineering
TMS001634,COR03083,IGL,BDJ,SR,ballast_deficiency,C,2024-04-19,2024-04-18,1,visual_patrol,2.2,False,Engineering
TMS001635,COR00483,KKN,KRO,WCR,ballast_deficiency,C,2025-02-25,2025-02-15,10,manual_gauge_check,5.9,True,Engineering
TMS001636,COR02251,SXE,SFDE,NR,alignment_deviation,C,2024-12-01,2024-11-22,9,visual_patrol,1.0,True,Engineering
TMS001637,COR02424,MTHP,OKHA,WR,points_crossing_wear,B,2024-12-07,2024-11-29,8,visual_patrol,1.2,True,Engineering
TMS001638,COR02821,BRRD,UBR,WR,weld_failure,B,2025-07-08,2025-04-13,86,manual_gauge_check,0.9,True,Engineering
TMS001639,COR06261,KURO,ACH,NR,alignment_deviation,C,2024-04-12,2023-08-13,243,manual_gauge_check,4.6,True,Engineering
TMS001640,COR05959,KCHV,KZB,SR,sleeper_defect,B,2024-05-20,2024-05-19,1,visual_patrol,5.7,True,Engineering
TMS001641,COR00342,LMP,KITN,NER,sleeper_defect,B,2024-09-27,2024-09-24,3,visual_patrol,5.7,False,Engineering
TMS001642,COR00886,MED,GWV,SCR,ballast_deficiency,C,2025-10-07,2025-05-16,144,manual_gauge_check,3.1,True,Engineering
TMS001643,COR00467,CRU,PAU,SCR,alignment_deviation,C,2025-02-21,2025-01-06,46,visual_patrol,3.4,True,Engineering
TMS001644,COR04523,JAK,HLAR,SWR,alignment_deviation,C,2025-03-16,2025-03-15,1,visual_patrol,4.2,True,Engineering
TMS001645,COR02444,MHTR,SALE,ER,ballast_deficiency,C,2024-10-21,2024-07-23,90,visual_patrol,3.9,False,Engineering
TMS001646,COR03827,FKG,KXL,NFR,ballast_deficiency,C,2025-02-19,2025-02-16,3,USFD_ultrasonic_flaw_detection,4.6,True,Engineering
TMS001647,COR02815,PLG,UOI,WR,alignment_deviation,C,2024-05-15,2023-10-10,218,track_recording_car,1.8,True,Engineering
TMS001648,COR00177,KPB,BRU,ECR,weld_failure,A,2024-04-25,2023-09-06,232,USFD_ultrasonic_flaw_detection,4.1,True,Engineering
TMS001649,COR04781,TSL,KLK,NR,rail_fracture,A,2024-05-30,2024-05-26,4,track_recording_car,4.8,False,Engineering
TMS001650,COR01440,BGS,TIL,ECR,sleeper_defect,B,2025-11-10,2025-08-30,72,visual_patrol,4.0,True,Engineering
TMS001651,COR01623,NVF,RRB,SWR,alignment_deviation,C,2025-05-15,2025-02-26,78,manual_gauge_check,2.9,True,Engineering
TMS001652,COR01888,MLMG,PPY,SCR,ballast_deficiency,C,2025-06-20,2025-04-07,74,visual_patrol,2.8,False,Engineering
TMS001653,COR00489,CRK,TBN,WCR,ballast_deficiency,C,2025-08-23,2025-08-21,2,USFD_ultrasonic_flaw_detection,2.2,True,Engineering
TMS001654,COR00688,SJN,UBR,WR,alignment_deviation,C,2024-06-13,2023-10-28,229,USFD_ultrasonic_flaw_detection,2.9,True,Engineering
TMS001655,COR04414,BLQR,RUPC,NER,formation_defect,B,2025-06-05,2018-02-22,2660,USFD_ultrasonic_flaw_detection,1.3,True,Engineering
TMS001656,COR01682,NU,GPC,WCR,ballast_deficiency,C,2025-02-17,2025-02-08,9,visual_patrol,3.6,False,Engineering
TMS001657,COR00849,DLD,KCNR,WR,ballast_deficiency,C,2025-09-20,2025-06-25,87,USFD_ultrasonic_flaw_detection,5.6,False,Engineering
TMS001658,COR03020,PTA,PTE,NR,rail_wear,A,2025-08-04,2025-07-22,13,visual_patrol,3.1,True,Engineering
TMS001659,COR04026,BHTA,BPKA,WR,alignment_deviation,C,2025-08-23,2025-07-04,50,visual_patrol,2.7,True,Engineering
TMS001660,COR02864,HBS,KUG,SWR,points_crossing_wear,B,2024-11-28,2024-10-12,47,visual_patrol,2.3,True,Engineering
TMS001661,COR00848,MDS,DLD,WR,ballast_deficiency,C,2025-12-07,2025-08-30,99,visual_patrol,3.6,True,Engineering
TMS001662,COR01810,SGA,RMN,NWR,rail_fracture,A,2024-04-15,2024-04-13,2,track_recording_car,5.9,True,Engineering
TMS001663,COR00481,BRUD,DRHI,WCR,alignment_deviation,C,2024-01-12,2024-01-04,8,manual_gauge_check,2.8,False,Engineering
TMS001664,COR03108,PQN,ARKA,NR,rail_wear,C,2025-09-18,2025-09-11,7,visual_patrol,4.9,True,Engineering
TMS001665,COR02562,ULA,KFP,SECR,formation_defect,B,2025-07-08,2025-06-30,8,visual_patrol,4.7,True,Engineering
TMS001666,COR06093,LGT,HTL,NFR,sleeper_defect,B,2024-04-12,2024-02-14,58,visual_patrol,3.7,False,Engineering
TMS001667,COR01122,KSJF,KJC,NER,sleeper_defect,B,2025-07-23,2025-07-09,14,track_recording_car,0.6,True,Engineering
TMS001668,COR03017,CLU,MTM,SCR,rail_fracture,A,2024-08-27,2024-08-22,5,track_recording_car,4.5,True,Engineering
TMS001669,COR00697,KLV,SAH,WR,weld_failure,A,2025-09-25,2025-08-12,44,visual_patrol,1.1,False,Engineering
TMS001670,COR00692,DRD,VGN,WR,formation_defect,B,2024-06-06,2024-05-24,13,track_recording_car,5.1,True,Engineering
TMS001671,COR01696,SHR,DDCE,WCR,ballast_deficiency,A,2024-04-21,2024-02-12,69,visual_patrol,1.4,True,Engineering
TMS001672,COR01841,DRE,AWL,NR,sleeper_defect,B,2025-04-08,2025-03-29,10,visual_patrol,6.0,True,Engineering
TMS001673,COR02801,GMN,MDD,WR,rail_wear,C,2024-10-12,2024-08-01,72,visual_patrol,3.8,False,Engineering
TMS001674,COR04542,BDHY,KTHU,NR,alignment_deviation,C,2024-04-03,2024-03-20,14,manual_gauge_check,1.1,True,Engineering
TMS001675,COR05640,HIL,EKR,ECR,ballast_deficiency,C,2025-07-27,2025-03-01,148,USFD_ultrasonic_flaw_detection,5.5,True,Engineering
TMS001676,COR04052,TJD,CBN,NER,weld_failure,A,2024-05-09,2024-05-02,7,visual_patrol,0.8,False,Engineering
TMS001677,COR02630,PLY,PCX,ER,weld_failure,A,2024-09-22,2024-09-20,2,visual_patrol,3.5,True,Engineering
TMS001678,COR00161,DLI,DSA,NR,sleeper_defect,B,2025-12-16,2025-12-09,7,USFD_ultrasonic_flaw_detection,3.3,True,Engineering
TMS001679,COR00244,HBG,MML,WCR,alignment_deviation,C,2025-04-16,2025-02-18,57,visual_patrol,2.0,True,Engineering
TMS001680,COR00116,AII,MD,NWR,alignment_deviation,C,2024-02-01,2024-01-13,19,visual_patrol,1.4,True,Engineering
TMS001681,COR03080,VEK,TKT,SR,weld_failure,A,2025-03-25,2025-03-22,3,track_recording_car,3.5,True,Engineering
TMS001682,COR04463,MDT,HSA,NFR,alignment_deviation,C,2024-11-16,2024-09-16,61,visual_patrol,1.1,False,Engineering
TMS001683,COR03151,KARD,JCNR,CR,alignment_deviation,C,2025-09-06,2025-09-02,4,track_recording_car,3.5,True,Engineering
TMS001684,COR02406,ALB,HAPA,WR,alignment_deviation,C,2025-05-28,2025-04-06,52,USFD_ultrasonic_flaw_detection,0.7,True,Engineering
TMS001685,COR00152,GGN,BWSN,NR,sleeper_defect,C,2024-09-08,2024-08-31,8,visual_patrol,4.0,True,Engineering
TMS001686,COR03943,CRG,MSRP,WCR,ballast_deficiency,C,2024-08-29,2024-08-26,3,USFD_ultrasonic_flaw_detection,4.9,True,Engineering
TMS001687,COR07993,LNK,KGKD,NR,sleeper_defect,B,2025-01-19,2024-10-22,89,track_recording_car,3.5,True,Engineering
TMS001688,COR02108,HVR,KJG,SWR,sleeper_defect,B,2025-04-16,2025-01-19,87,USFD_ultrasonic_flaw_detection,4.8,True,Engineering
TMS001689,COR02995,TUA,KTU,SR,formation_defect,B,2024-05-08,2023-11-05,185,visual_patrol,2.0,True,Engineering
TMS001690,COR00443,BKU,THPR,SCR,sleeper_defect,B,2024-09-24,2024-09-24,0,USFD_ultrasonic_flaw_detection,1.9,False,Engineering
TMS001691,COR00625,TNGM,YP,SCR,rail_wear,C,2024-07-17,2023-07-28,355,visual_patrol,4.7,True,Engineering
TMS001692,COR00230,UDR,PKRD,WCR,ballast_deficiency,C,2025-09-25,2025-09-13,12,track_recording_car,4.5,True,Engineering
TMS001693,COR03150,KHBV,KARD,CR,formation_defect,B,2024-09-05,2024-09-05,0,manual_gauge_check,4.7,True,Engineering
TMS001694,COR03938,PNGR,JCU,WCR,alignment_deviation,C,2024-03-25,2024-03-17,8,USFD_ultrasonic_flaw_detection,0.7,True,Engineering
TMS001695,COR06451,DME,PCT,WR,formation_defect,B,2024-10-24,2024-01-16,282,manual_gauge_check,0.7,True,Engineering
TMS001696,COR00765,SMDP,BWSN,NR,formation_defect,B,2024-07-15,2024-05-23,53,manual_gauge_check,5.5,True,Engineering
TMS001697,COR00269,KTZ,DKI,WCR,sleeper_defect,B,2025-06-09,2025-05-31,9,USFD_ultrasonic_flaw_detection,5.0,True,Engineering
TMS001698,COR05942,DEP,CUR,NWR,alignment_deviation,C,2024-10-09,2024-10-04,5,visual_patrol,5.8,True,Engineering
TMS001699,COR04804,RBGJ,CUK,NCR,weld_failure,A,2024-10-25,2024-10-24,1,visual_patrol,5.5,True,Engineering
TMS001700,COR04242,LLU,DHPR,NR,sleeper_defect,B,2025-12-26,2025-12-16,10,visual_patrol,4.5,True,Engineering
TMS001701,COR04597,DDNI,KRNI,NFR,weld_failure,A,2024-05-06,2024-04-22,14,USFD_ultrasonic_flaw_detection,3.8,True,Engineering
TMS001702,COR02834,AML,ACL,WR,formation_defect,B,2025-10-21,2025-10-09,12,visual_patrol,1.7,False,Engineering
TMS001703,COR04992,SEV,MMH,SR,alignment_deviation,C,2025-05-23,2024-06-08,349,track_recording_car,2.3,True,Engineering
TMS001704,COR02074,HEI,MLSA,SWR,points_crossing_wear,B,2024-01-09,2023-10-18,83,visual_patrol,1.5,True,Engineering
TMS001705,COR08386,KTAL,KVNJ,WR,rail_fracture,A,2025-07-16,2025-06-16,30,visual_patrol,3.8,False,Engineering
TMS001706,COR00867,FKB,NVT,SCR,sleeper_defect,B,2024-10-17,2024-08-29,49,manual_gauge_check,3.8,False,Engineering
TMS001707,COR05747,NID,MV,SR,rail_wear,C,2025-01-11,2024-11-06,66,USFD_ultrasonic_flaw_detection,2.4,False,Engineering
TMS001708,COR00253,GPC,NU,WCR,points_crossing_wear,B,2024-10-20,2023-10-01,385,visual_patrol,2.1,True,Engineering
TMS001709,COR02459,PSAE,BFZ,ER,ballast_deficiency,A,2024-07-18,2024-05-11,68,visual_patrol,4.5,False,Engineering
TMS001710,COR02897,NJT,VRLR,SR,points_crossing_wear,B,2025-03-04,2025-02-22,10,visual_patrol,1.9,True,Engineering
TMS001711,COR04129,PUM,PEU,SR,alignment_deviation,C,2025-01-10,2025-01-09,1,USFD_ultrasonic_flaw_detection,4.8,True,Engineering
TMS001712,COR02209,KRBA,GAD,SECR,sleeper_defect,B,2025-06-15,2025-05-25,21,track_recording_car,1.1,True,Engineering
TMS001713,COR04402,NDBT,BRHL,NR,rail_fracture,A,2025-06-16,2025-02-17,119,manual_gauge_check,2.5,True,Engineering
TMS001714,COR02902,KZTW,PASA,SR,alignment_deviation,C,2024-03-15,2024-03-01,14,visual_patrol,4.6,True,Engineering
TMS001715,COR00622,BKL,MTMI,SCR,ballast_deficiency,C,2025-06-05,2025-05-23,13,USFD_ultrasonic_flaw_detection,2.9,True,Engineering
TMS001716,COR03000,PTB,KRKD,SR,sleeper_defect,B,2025-09-28,2025-08-25,34,visual_patrol,3.4,True,Engineering
TMS001717,COR04138,FK,KUL,SR,rail_fracture,A,2025-06-24,2025-03-23,93,manual_gauge_check,4.8,True,Engineering
TMS001718,COR00801,SRK,MWT,NWR,alignment_deviation,C,2024-05-19,2024-02-26,83,USFD_ultrasonic_flaw_detection,1.7,True,Engineering
TMS001719,COR02970,ETK,DMD,SR,weld_failure,A,2025-09-12,2025-09-12,0,manual_gauge_check,3.3,False,Engineering
TMS001720,COR02819,DRD,GVD,WR,weld_failure,A,2025-04-08,2025-03-21,18,manual_gauge_check,3.7,True,Engineering
TMS001721,COR04159,KMQ,UAA,SR,alignment_deviation,C,2025-01-19,2024-10-22,89,manual_gauge_check,4.1,True,Engineering
TMS001722,COR03092,CS,CAN,SR,alignment_deviation,C,2024-04-01,2024-01-18,74,manual_gauge_check,2.1,True,Engineering
TMS001723,COR01673,SXF,PPI,WCR,sleeper_defect,B,2025-08-01,2025-07-22,10,visual_patrol,0.6,True,Engineering
TMS001724,COR01342,IQG,JTY,NWR,points_crossing_wear,B,2024-07-13,2024-07-08,5,visual_patrol,5.1,True,Engineering
TMS001725,COR00735,SVM,KM,SWR,alignment_deviation,C,2025-02-21,2025-02-20,1,USFD_ultrasonic_flaw_detection,0.6,True,Engineering
TMS001726,COR00546,KPQ,PPNS,SR,formation_defect,B,2025-10-19,2025-10-19,0,USFD_ultrasonic_flaw_detection,4.6,True,Engineering
TMS001727,COR06393,SJGH,ALMW,NER,alignment_deviation,C,2025-10-27,2025-10-16,11,visual_patrol,5.7,True,Engineering
TMS001728,COR05599,MGWN,KS,NR,alignment_deviation,C,2024-12-18,2023-11-01,413,manual_gauge_check,5.4,True,Engineering
TMS001729,COR00491,CGO,PGL,WCR,formation_defect,B,2025-02-19,2025-02-15,4,USFD_ultrasonic_flaw_detection,2.5,True,Engineering
TMS001730,COR01890,DKJ,GLA,SCR,ballast_deficiency,C,2024-12-18,2024-12-06,12,USFD_ultrasonic_flaw_detection,0.9,True,Engineering
TMS001731,COR00057,SXS,MSH,WR,sleeper_defect,B,2024-07-13,2024-06-09,34,manual_gauge_check,2.2,True,Engineering
TMS001732,COR06038,NSA,BIC,NER,weld_failure,A,2025-07-08,2025-05-02,67,visual_patrol,3.7,True,Engineering
TMS001733,COR04951,NAN,KKW,KR,ballast_deficiency,C,2025-05-04,2024-11-10,175,track_recording_car,0.5,True,Engineering
TMS001734,COR02378,VNRD,KHRS,WR,points_crossing_wear,B,2024-04-29,2024-04-28,1,manual_gauge_check,4.7,True,Engineering
TMS001735,COR00251,KKB,BELD,WCR,formation_defect,B,2024-02-19,2024-02-19,0,manual_gauge_check,2.6,True,Engineering
TMS001736,COR03181,BCRD,JMV,CR,weld_failure,A,2024-02-25,2024-02-15,10,USFD_ultrasonic_flaw_detection,4.8,False,Engineering
TMS001737,COR02402,KHDI,PDH,WR,alignment_deviation,C,2024-02-21,2024-01-18,34,track_recording_car,1.7,True,Engineering
TMS001738,COR00064,CHP,UM,WR,sleeper_defect,B,2024-02-29,2024-02-24,5,track_recording_car,3.0,True,Engineering
TMS001739,COR01763,KNDP,PDZ,WCR,alignment_deviation,C,2024-01-20,2023-11-21,60,USFD_ultrasonic_flaw_detection,1.0,False,Engineering
TMS001740,COR03953,GPAE,ABKA,ER,alignment_deviation,C,2025-08-01,2025-02-09,173,track_recording_car,3.8,True,Engineering
TMS001741,COR01017,BRLF,LMG,NFR,sleeper_defect,B,2024-07-18,2024-07-16,2,visual_patrol,3.0,True,Engineering
TMS001742,COR00476,NPNR,MWA,CR,rail_wear,C,2024-12-19,2024-06-08,194,manual_gauge_check,2.7,True,Engineering
TMS001743,COR06108,SOJN,KNAD,WR,sleeper_defect,B,2025-11-25,2022-12-18,1073,visual_patrol,3.8,True,Engineering
TMS001744,COR00383,RJI,KDQ,NER,alignment_deviation,C,2024-05-15,2024-05-05,10,USFD_ultrasonic_flaw_detection,3.5,False,Engineering
TMS001745,COR01692,JBP,ADTL,WCR,ballast_deficiency,C,2024-10-30,2023-10-26,370,visual_patrol,3.8,True,Engineering
TMS001746,COR00611,TAA,MABD,SCR,points_crossing_wear,B,2024-04-06,2024-04-05,1,USFD_ultrasonic_flaw_detection,2.1,True,Engineering
TMS001747,COR01997,HRDR,MGRP,NR,formation_defect,B,2024-05-25,2024-05-22,3,manual_gauge_check,4.6,True,Engineering
TMS001748,COR02372,NWA,LTA,SECR,rail_wear,A,2025-08-26,2025-06-09,78,USFD_ultrasonic_flaw_detection,1.5,True,Engineering
TMS001749,COR01004,SZR,NJN,NFR,rail_wear,C,2025-05-18,2025-03-20,59,track_recording_car,4.3,True,Engineering
TMS001750,COR04165,LMD,MYL,SCR,alignment_deviation,C,2024-04-27,2024-03-11,47,manual_gauge_check,1.5,True,Engineering
TMS001751,COR01387,TJ,ALK,SR,rail_fracture,A,2025-05-19,2025-05-01,18,track_recording_car,3.7,True,Engineering
TMS001752,COR01881,MDR,MTMI,SCR,formation_defect,B,2025-02-16,2025-02-15,1,manual_gauge_check,3.2,False,Engineering
TMS001753,COR02391,LMC,DL,WR,alignment_deviation,C,2025-01-20,2025-01-20,0,USFD_ultrasonic_flaw_detection,1.0,True,Engineering
TMS001754,COR00632,MDGR,BRND,SECR,formation_defect,B,2025-11-26,2025-11-14,12,manual_gauge_check,2.5,True,Engineering
TMS001755,COR02587,HNA,MANK,KR,sleeper_defect,B,2024-03-15,2024-03-11,4,USFD_ultrasonic_flaw_detection,4.7,True,Engineering
TMS001756,COR07521,RSA,MXA,SECR,weld_failure,A,2024-02-10,2023-01-11,395,USFD_ultrasonic_flaw_detection,3.4,True,Engineering
TMS001757,COR00786,PSL,AWR,NWR,formation_defect,B,2024-06-11,2024-05-24,18,visual_patrol,5.6,False,Engineering
TMS001758,COR04543,KTHU,MDPB,NR,rail_wear,C,2025-09-04,2025-08-22,13,track_recording_car,1.9,False,Engineering
TMS001759,COR03182,RHA,KLNP,ER,ballast_deficiency,C,2025-07-20,2025-04-30,81,USFD_ultrasonic_flaw_detection,4.1,True,Engineering
TMS001760,COR01999,NGRS,BRHL,NR,points_crossing_wear,B,2025-12-12,2025-11-22,20,track_recording_car,1.0,False,Engineering
TMS001761,COR00786,PSL,AWR,NWR,points_crossing_wear,B,2024-01-27,2024-01-22,5,manual_gauge_check,3.0,True,Engineering
TMS001762,COR00257,BNE,GAR,WCR,points_crossing_wear,B,2025-05-21,2025-03-07,75,USFD_ultrasonic_flaw_detection,3.2,True,Engineering
TMS001763,COR05008,BAL,ALK,SR,points_crossing_wear,B,2024-05-12,2024-05-08,4,visual_patrol,3.7,True,Engineering
TMS001764,COR04138,FK,KUL,SR,alignment_deviation,C,2025-02-12,2025-01-27,16,USFD_ultrasonic_flaw_detection,4.3,True,Engineering
TMS001765,COR01678,GAR,BNE,WCR,formation_defect,B,2025-02-03,2024-12-03,62,visual_patrol,3.9,True,Engineering
TMS001766,COR02805,DIC,MIRA,WR,rail_fracture,A,2024-12-16,2024-12-11,5,manual_gauge_check,2.0,True,Engineering
TMS001767,COR02413,SYQ,KMBL,WR,sleeper_defect,B,2024-07-09,2024-06-30,9,USFD_ultrasonic_flaw_detection,4.0,True,Engineering
TMS001768,COR02494,DUK,DOR,NWR,points_crossing_wear,B,2024-07-18,2024-07-11,7,USFD_ultrasonic_flaw_detection,5.5,True,Engineering
TMS001769,COR00313,DMA,MDKD,SER,sleeper_defect,B,2024-07-10,2024-05-14,57,USFD_ultrasonic_flaw_detection,2.4,False,Engineering
TMS001770,COR02156,KTPM,KTBR,SR,rail_wear,C,2025-02-17,2025-02-12,5,manual_gauge_check,1.7,True,Engineering
TMS001771,COR01564,SIW,KRD,CR,points_crossing_wear,B,2025-07-27,2025-07-24,3,track_recording_car,2.5,True,Engineering
TMS001772,COR03152,JCNR,BSR,CR,points_crossing_wear,B,2024-11-28,2023-11-17,377,visual_patrol,2.3,True,Engineering
TMS001773,COR03566,ANCR,BQA,SER,alignment_deviation,C,2025-11-22,2025-11-19,3,manual_gauge_check,5.0,True,Engineering
TMS001774,COR04810,JRQ,DXN,ECR,rail_wear,C,2025-06-18,2025-06-12,6,manual_gauge_check,2.3,True,Engineering
TMS001775,COR04510,BSRX,ANGR,SWR,weld_failure,A,2024-11-29,2024-11-27,2,visual_patrol,1.1,True,Engineering
TMS001776,COR00690,BRRD,GVD,WR,ballast_deficiency,C,2025-03-05,2025-01-21,43,USFD_ultrasonic_flaw_detection,5.2,True,Engineering
TMS001777,COR00819,BMW,KUHI,SECR,sleeper_defect,B,2024-06-02,2024-05-25,8,track_recording_car,4.0,True,Engineering
TMS001778,COR06560,ZPI,CIV,SCR,alignment_deviation,B,2025-09-22,2025-09-10,12,USFD_ultrasonic_flaw_detection,6.0,True,Engineering
TMS001779,COR02414,KMBL,VQD,WR,points_crossing_wear,B,2024-01-07,2023-10-22,77,visual_patrol,1.2,True,Engineering
TMS001780,COR02438,KTLR,CWLE,ER,alignment_deviation,C,2024-12-04,2024-11-30,4,USFD_ultrasonic_flaw_detection,5.5,True,Engineering
TMS001781,COR01844,BPRS,CGH,NR,rail_wear,C,2025-04-05,2025-01-26,69,USFD_ultrasonic_flaw_detection,2.0,False,Engineering
TMS001782,COR00485,BRI,MUO,WCR,alignment_deviation,C,2024-10-13,2016-03-07,3142,USFD_ultrasonic_flaw_detection,2.4,True,Engineering
TMS001783,COR06882,PJA,HSQ,NR,alignment_deviation,C,2024-07-01,2024-05-10,52,USFD_ultrasonic_flaw_detection,2.2,True,Engineering
TMS001784,COR00423,KQD,NLRD,SCR,weld_failure,A,2024-05-19,2022-12-31,505,manual_gauge_check,0.5,True,Engineering
TMS001785,COR00549,CQL,CAN,SR,ballast_deficiency,C,2024-03-15,2024-01-30,45,manual_gauge_check,1.2,False,Engineering
TMS001786,COR05397,BTX,GTI,NCR,alignment_deviation,C,2024-08-01,2024-03-28,126,visual_patrol,2.4,True,Engineering
TMS001787,COR00692,DRD,VGN,WR,formation_defect,B,2024-10-17,2024-10-14,3,visual_patrol,5.2,True,Engineering
TMS001788,COR01705,UDR,BUU,WCR,points_crossing_wear,B,2025-12-07,2025-11-22,15,manual_gauge_check,1.7,True,Engineering
TMS001789,COR03081,TKT,PYOL,SR,sleeper_defect,B,2024-01-07,2023-12-03,35,visual_patrol,5.2,False,Engineering
TMS001790,COR03803,CHPD,HAD,SR,rail_wear,C,2025-06-22,2025-02-16,126,visual_patrol,5.0,True,Engineering
TMS001791,COR04609,DLO,BNV,NFR,weld_failure,A,2024-07-23,2024-06-21,32,USFD_ultrasonic_flaw_detection,5.3,True,Engineering
TMS001792,COR03010,UPL,TGU,SCR,formation_defect,C,2025-06-16,2025-06-14,2,visual_patrol,1.9,True,Engineering
TMS001793,COR03900,JJT,KIU,NR,sleeper_defect,A,2025-06-15,2025-04-09,67,track_recording_car,4.2,True,Engineering
TMS001794,COR00634,BJRI,BATL,SECR,sleeper_defect,B,2025-07-29,2025-07-18,11,USFD_ultrasonic_flaw_detection,3.2,True,Engineering
TMS001795,COR05081,BTG,NSU,NR,rail_wear,C,2025-11-16,2025-08-27,81,track_recording_car,2.6,True,Engineering
TMS001796,COR00847,PIP,MDS,WR,weld_failure,A,2025-10-22,2025-09-21,31,USFD_ultrasonic_flaw_detection,0.8,True,Engineering
TMS001797,COR00685,VAPI,KEB,WR,alignment_deviation,C,2024-07-09,2023-06-16,389,manual_gauge_check,5.6,True,Engineering
TMS001798,COR00617,MLMG,KMT,SCR,points_crossing_wear,B,2024-06-24,2024-04-17,68,manual_gauge_check,4.5,True,Engineering
TMS001799,COR03262,DY,BXN,WCR,points_crossing_wear,B,2024-08-30,2024-08-26,4,manual_gauge_check,2.3,True,Engineering
TMS001800,COR06873,TSS,MWX,NR,alignment_deviation,C,2025-07-23,2025-07-13,10,manual_gauge_check,2.0,True,Engineering
TMS001801,COR03952,BHLA,GPAE,ER,sleeper_defect,B,2025-02-06,2025-02-01,5,visual_patrol,5.7,True,Engineering
TMS001802,COR01004,SZR,NJN,NFR,ballast_deficiency,C,2024-07-03,2024-06-03,30,manual_gauge_check,3.8,True,Engineering
TMS001803,COR02821,BRRD,UBR,WR,rail_fracture,A,2024-02-26,2024-02-21,5,visual_patrol,4.2,True,Engineering
TMS001804,COR04177,SFM,CJL,NR,rail_wear,C,2024-05-21,2024-05-11,10,USFD_ultrasonic_flaw_detection,3.6,False,Engineering
TMS001805,COR00859,MUE,SVN,SCR,weld_failure,A,2024-05-17,2024-04-19,28,track_recording_car,2.7,True,Engineering
TMS001806,COR05085,KEG,DUB,NR,points_crossing_wear,B,2025-07-21,2024-12-07,226,USFD_ultrasonic_flaw_detection,5.0,True,Engineering
TMS001807,COR02090,AJP,SHV,SWR,points_crossing_wear,B,2025-12-10,2025-12-04,6,track_recording_car,4.4,True,Engineering
TMS001808,COR02379,KHRS,SR,WR,ballast_deficiency,C,2024-02-11,2024-02-10,1,visual_patrol,2.0,True,Engineering
TMS001809,COR06015,RNIS,GIO,NWR,formation_defect,B,2024-11-24,2023-11-06,384,visual_patrol,0.9,True,Engineering
TMS001810,COR00590,HIR,BRU,ECR,ballast_deficiency,C,2024-01-24,2023-09-08,138,track_recording_car,4.0,True,Engineering
TMS001811,COR06105,NROD,VTJ,WR,rail_wear,C,2024-11-06,2024-10-10,27,visual_patrol,2.0,False,Engineering
TMS001812,COR02351,RKZ,BOM,NWR,rail_fracture,A,2025-03-01,2024-02-09,386,manual_gauge_check,1.0,True,Engineering
TMS001813,COR02272,JHDC,THA,ECR,points_crossing_wear,B,2024-06-04,2024-05-31,4,visual_patrol,1.4,False,Engineering
TMS001814,COR06042,TQN,BXM,NER,rail_wear,C,2024-02-24,2024-01-22,33,visual_patrol,4.7,True,Engineering
TMS001815,COR00417,HRSR,GEDE,ER,sleeper_defect,B,2024-05-03,2024-01-12,112,USFD_ultrasonic_flaw_detection,0.7,True,Engineering
TMS001816,COR01562,TAZ,MSR,CR,alignment_deviation,C,2024-07-21,2024-07-14,7,manual_gauge_check,4.6,True,Engineering
TMS001817,COR01210,SSV,GPR,CR,ballast_deficiency,C,2025-11-07,2025-11-07,0,visual_patrol,4.1,True,Engineering
TMS001818,COR01313,SOD,BFY,NWR,points_crossing_wear,B,2024-04-12,2024-03-05,38,visual_patrol,0.6,True,Engineering
TMS001819,COR01727,LOG,MFX,NCR,points_crossing_wear,B,2025-11-11,2024-10-21,386,visual_patrol,1.2,True,Engineering
TMS001820,COR01691,MML,JBP,WCR,rail_fracture,A,2024-12-24,2024-12-13,11,track_recording_car,5.1,True,Engineering
TMS001821,COR04100,MOT,FSR,NR,formation_defect,B,2024-05-11,2024-04-30,11,track_recording_car,3.7,True,Engineering
TMS001822,COR04339,HMH,HMO,NWR,ballast_deficiency,C,2025-03-10,2025-03-04,6,manual_gauge_check,3.5,True,Engineering
TMS001823,COR01713,JTW,KTHA,WCR,alignment_deviation,C,2024-03-17,2024-01-28,49,manual_gauge_check,4.8,True,Engineering
TMS001824,COR07953,AGI,SRTN,NFR,rail_wear,C,2025-05-05,2025-04-30,5,visual_patrol,3.2,True,Engineering
TMS001825,COR02846,TNGL,GNR,SWR,weld_failure,A,2025-03-12,2024-05-05,311,manual_gauge_check,0.6,True,Engineering
TMS001826,COR00466,LBG,CRU,SCR,ballast_deficiency,C,2024-11-23,2024-03-02,266,visual_patrol,5.3,True,Engineering
TMS001827,COR03595,AUS,KALN,NWR,formation_defect,B,2024-02-03,2023-12-13,52,visual_patrol,1.2,True,Engineering
TMS001828,COR05747,NID,MV,SR,sleeper_defect,B,2025-01-12,2024-02-25,322,USFD_ultrasonic_flaw_detection,4.8,True,Engineering
TMS001829,COR01682,NU,GPC,WCR,points_crossing_wear,B,2025-03-11,2025-03-02,9,manual_gauge_check,5.7,True,Engineering
TMS001830,COR04918,KLMC,PNVL,CR,weld_failure,A,2024-04-23,2024-04-23,0,visual_patrol,0.8,True,Engineering
TMS001831,COR04440,BGS,LAK,ECR,weld_failure,A,2025-07-21,2025-05-14,68,visual_patrol,3.0,True,Engineering
TMS001832,COR06394,ALMW,AHM,NER,sleeper_defect,B,2025-06-13,2025-06-13,0,visual_patrol,4.5,True,Engineering
TMS001833,COR00350,SD,AA,NER,points_crossing_wear,B,2025-12-22,2025-12-12,10,visual_patrol,1.0,True,Engineering
TMS001834,COR01784,DRU,RRB,SWR,weld_failure,C,2024-02-18,2024-02-16,2,manual_gauge_check,2.1,False,Engineering
TMS001835,COR06648,TSAH,LYD,SER,sleeper_defect,B,2025-12-21,2025-12-18,3,visual_patrol,0.6,True,Engineering
TMS001836,COR01605,BYD,DAD,SWR,alignment_deviation,C,2025-09-02,2025-08-20,13,visual_patrol,0.7,True,Engineering
TMS001837,COR00027,WKRC,WKR,WR,ballast_deficiency,C,2025-09-13,2025-03-04,193,USFD_ultrasonic_flaw_detection,5.0,False,Engineering
TMS001838,COR01898,YGL,CLE,SCR,ballast_deficiency,C,2024-03-21,2024-03-17,4,visual_patrol,0.9,True,Engineering
TMS001839,COR00485,BRI,MUO,WCR,alignment_deviation,A,2025-02-28,2019-07-19,2051,USFD_ultrasonic_flaw_detection,2.2,True,Engineering
TMS001840,COR02829,ATUL,BL,WR,alignment_deviation,C,2025-11-13,2025-10-29,15,USFD_ultrasonic_flaw_detection,5.5,True,Engineering
TMS001841,COR04136,VLI,KN,SR,ballast_deficiency,C,2024-03-10,2023-12-15,86,manual_gauge_check,3.6,True,Engineering
TMS001842,COR03831,KQY,MXN,NFR,formation_defect,B,2024-11-20,2024-11-18,2,track_recording_car,0.7,True,Engineering
TMS001843,COR02294,QSR,RWL,NR,alignment_deviation,C,2025-02-08,2024-11-21,79,track_recording_car,3.4,True,Engineering
TMS001844,COR00739,LRD,TTI,NER,weld_failure,A,2025-02-28,2025-02-25,3,visual_patrol,3.6,True,Engineering
TMS001845,COR01812,KNL,BGD,NWR,sleeper_defect,A,2025-05-11,2025-05-10,1,USFD_ultrasonic_flaw_detection,2.0,True,Engineering
TMS001846,COR00619,PNDP,CKN,SCR,ballast_deficiency,C,2025-11-16,2025-08-27,81,USFD_ultrasonic_flaw_detection,2.1,True,Engineering
TMS001847,COR00399,KPA,KYI,ER,points_crossing_wear,B,2024-06-18,2024-06-10,8,manual_gauge_check,5.2,False,Engineering
TMS001848,COR00487,PAL,HD,WCR,ballast_deficiency,B,2024-06-24,2024-03-31,85,visual_patrol,2.8,True,Engineering
TMS001849,COR03289,KHRK,KLNK,NWR,formation_defect,B,2024-04-07,2024-02-18,49,manual_gauge_check,5.5,True,Engineering
TMS001850,COR07232,MVW,SUP,ECoR,weld_failure,A,2025-06-09,2025-03-12,89,USFD_ultrasonic_flaw_detection,5.4,True,Engineering
TMS001851,COR01955,SSB,DBSI,NR,weld_failure,A,2025-07-04,2024-02-28,492,USFD_ultrasonic_flaw_detection,3.7,True,Engineering
TMS001852,COR03296,HSRA,KMLM,SWR,rail_fracture,A,2024-09-23,2024-09-11,12,visual_patrol,1.3,True,Engineering
TMS001853,COR01990,RWO,PBR,WR,rail_wear,C,2025-08-07,2025-07-31,7,manual_gauge_check,5.8,True,Engineering
TMS001854,COR06217,KDHI,BUQ,SECR,points_crossing_wear,A,2025-03-04,2025-03-03,1,USFD_ultrasonic_flaw_detection,3.1,True,Engineering
TMS001855,COR04922,PEN,KASU,CR,alignment_deviation,C,2024-04-03,2024-03-22,12,track_recording_car,4.2,False,Engineering
TMS001856,COR02347,MLHA,CVR,WR,sleeper_defect,B,2025-09-06,2025-09-01,5,track_recording_car,3.6,True,Engineering
TMS001857,COR02081,ARGP,RDI,SWR,alignment_deviation,C,2025-11-11,2019-06-01,2355,USFD_ultrasonic_flaw_detection,2.0,True,Engineering
TMS001858,COR00766,BWSN,GGN,NR,weld_failure,A,2024-04-25,2024-04-12,13,visual_patrol,0.7,False,Engineering
TMS001859,COR03099,WENA,HRT,ECR,ballast_deficiency,C,2025-07-25,2024-07-16,374,visual_patrol,4.5,True,Engineering
TMS001860,COR04381,PPVL,MC,SR,sleeper_defect,B,2024-07-05,2024-04-30,66,visual_patrol,0.7,True,Engineering
TMS001861,COR01861,KTHU,BDHY,NR,formation_defect,B,2024-09-28,2024-09-21,7,manual_gauge_check,2.9,True,Engineering
TMS001862,COR02354,RT,LUNI,NWR,ballast_deficiency,C,2024-04-14,2024-04-04,10,visual_patrol,1.4,False,Engineering
TMS001863,COR02818,VGN,DRD,WR,ballast_deficiency,C,2024-01-01,2023-12-28,4,USFD_ultrasonic_flaw_detection,3.7,True,Engineering
TMS001864,COR00729,DBM,SKVL,SWR,points_crossing_wear,B,2025-03-22,2025-03-21,1,visual_patrol,1.9,True,Engineering
TMS001865,COR07986,PLH,SPRM,ECoR,alignment_deviation,C,2024-01-23,2023-11-14,70,USFD_ultrasonic_flaw_detection,0.8,True,Engineering
TMS001866,COR00708,BYR,MIRA,WR,alignment_deviation,C,2025-01-01,2024-11-15,47,track_recording_car,5.9,True,Engineering
TMS001867,COR00592,KPB,BUG,ECR,alignment_deviation,C,2024-08-06,2024-07-30,7,USFD_ultrasonic_flaw_detection,2.7,True,Engineering
TMS001868,COR00671,BHET,SCH,WR,ballast_deficiency,C,2025-02-14,2025-02-11,3,visual_patrol,5.1,True,Engineering
TMS001869,COR00606,CLE,YGL,SCR,rail_wear,C,2024-09-25,2024-09-21,4,visual_patrol,1.0,True,Engineering
TMS001870,COR00121,TL,GLTA,NWR,ballast_deficiency,C,2025-02-15,2025-02-02,13,manual_gauge_check,3.1,True,Engineering
TMS001871,COR05596,TGL,MKR,SCR,rail_wear,C,2025-08-31,2025-08-23,8,USFD_ultrasonic_flaw_detection,4.6,True,Engineering
TMS001872,COR02676,JHL,HMQ,NR,rail_wear,C,2025-07-18,2024-08-25,327,visual_patrol,2.0,True,Engineering
TMS001873,COR01835,BLAX,DWX,WR,alignment_deviation,C,2025-09-29,2025-09-19,10,visual_patrol,2.7,True,Engineering
TMS001874,COR01024,HJI,JGJN,NFR,sleeper_defect,B,2025-12-16,2025-10-30,47,manual_gauge_check,2.7,True,Engineering
TMS001875,COR01901,MRF,KOHR,SCR,rail_wear,C,2024-12-01,2024-11-29,2,visual_patrol,1.9,True,Engineering
TMS001876,COR03281,CHRG,NBL,SWR,weld_failure,A,2024-02-29,2024-01-21,39,manual_gauge_check,4.8,False,Engineering
TMS001877,COR00879,MZL,WDR,SCR,rail_wear,C,2024-03-13,2024-03-10,3,USFD_ultrasonic_flaw_detection,2.8,True,Engineering
TMS001878,COR00759,DEE,DBSI,NR,points_crossing_wear,B,2024-07-31,2024-05-26,66,USFD_ultrasonic_flaw_detection,1.9,False,Engineering
TMS001879,COR03172,PUX,IKR,CR,weld_failure,A,2025-01-23,2025-01-22,1,USFD_ultrasonic_flaw_detection,0.8,True,Engineering
TMS001880,COR03244,MLGH,SMPA,WCR,ballast_deficiency,C,2024-07-02,2024-06-24,8,visual_patrol,5.6,False,Engineering
TMS001881,COR03575,CDGR,SLB,SER,ballast_deficiency,C,2025-03-17,2024-05-08,313,USFD_ultrasonic_flaw_detection,0.8,True,Engineering
TMS001882,COR01010,RXRX,RXR,NFR,rail_fracture,A,2025-01-07,2024-12-25,13,USFD_ultrasonic_flaw_detection,2.9,True,Engineering
TMS001883,COR00113,MKRA,SDH,NWR,sleeper_defect,B,2024-07-15,2024-06-01,44,track_recording_car,4.9,True,Engineering
TMS001884,COR00473,BAU,AGQ,CR,alignment_deviation,C,2024-05-13,2024-03-10,64,manual_gauge_check,1.5,True,Engineering
TMS001885,COR03754,GOLE,BMQ,NWR,rail_fracture,A,2024-08-22,2024-08-11,11,manual_gauge_check,0.6,False,Engineering
TMS001886,COR01875,RYP,KI,SCR,alignment_deviation,C,2025-04-07,2025-04-02,5,USFD_ultrasonic_flaw_detection,5.3,True,Engineering
TMS001887,COR02130,AWB,MKDD,SCR,sleeper_defect,B,2024-01-29,2023-11-25,65,visual_patrol,1.5,True,Engineering
TMS001888,COR00293,WGA,RV,CR,sleeper_defect,B,2025-06-30,2025-06-22,8,track_recording_car,4.0,False,Engineering
TMS001889,COR00029,LXR,DL,WR,rail_wear,C,2025-05-07,2025-04-25,12,track_recording_car,6.0,True,Engineering
TMS001890,COR05212,DSM,KMU,SR,ballast_deficiency,C,2024-01-14,2023-03-02,318,manual_gauge_check,2.0,True,Engineering
TMS001891,COR03904,BZO,UCA,NR,alignment_deviation,C,2024-03-18,2024-01-08,70,visual_patrol,1.1,True,Engineering
TMS001892,COR00691,GVD,DRD,WR,ballast_deficiency,C,2024-08-21,2023-11-29,266,USFD_ultrasonic_flaw_detection,4.3,True,Engineering
TMS001893,COR05129,MEX,UCB,NR,points_crossing_wear,B,2025-01-12,2025-01-07,5,manual_gauge_check,5.7,True,Engineering
TMS001894,COR00469,SAV,NB,CR,formation_defect,B,2024-09-16,2024-09-06,10,visual_patrol,4.6,False,Engineering
TMS001895,COR00182,SAHI,CAI,ECR,formation_defect,B,2024-10-19,2024-10-08,11,track_recording_car,2.4,True,Engineering
TMS001896,COR00683,PAD,UVD,WR,rail_wear,C,2025-12-31,2025-07-15,169,manual_gauge_check,2.1,True,Engineering
TMS001897,COR04244,GHG,CDG,NR,alignment_deviation,C,2025-04-06,2024-11-23,134,USFD_ultrasonic_flaw_detection,4.8,True,Engineering
TMS001898,COR00858,MGC,MUE,SCR,ballast_deficiency,C,2024-06-22,2024-04-05,78,visual_patrol,5.3,True,Engineering
TMS001899,COR01699,SNRR,NWR,WCR,ballast_deficiency,B,2025-11-01,2025-11-01,0,USFD_ultrasonic_flaw_detection,4.9,True,Engineering
TMS001900,COR04441,LAK,DPL,ECR,rail_wear,C,2024-02-03,2024-01-28,6,visual_patrol,6.0,False,Engineering
TMS001901,COR01440,BGS,TIL,ECR,points_crossing_wear,B,2024-12-04,2024-11-27,7,manual_gauge_check,5.3,True,Engineering
TMS001902,COR05018,TMU,KU,SR,alignment_deviation,C,2024-03-11,2023-12-21,81,track_recording_car,2.7,True,Engineering
TMS001903,COR01177,JSP,MRJ,CR,rail_wear,C,2024-10-12,2024-10-07,5,visual_patrol,5.5,False,Engineering
TMS001904,COR01007,BXJ,KHKT,NFR,sleeper_defect,B,2025-12-05,2025-11-24,11,visual_patrol,3.8,True,Engineering
TMS001905,COR03808,PUPR,PNPR,SR,points_crossing_wear,C,2024-09-03,2024-07-08,57,USFD_ultrasonic_flaw_detection,1.2,True,Engineering
TMS001906,COR06778,RJS,BDWL,NWR,points_crossing_wear,B,2025-09-29,2025-09-17,12,USFD_ultrasonic_flaw_detection,2.8,True,Engineering
TMS001907,COR02380,SR,LPR,WR,ballast_deficiency,C,2024-11-09,2024-10-17,23,manual_gauge_check,2.2,True,Engineering
TMS001908,COR00476,NPNR,MWA,CR,sleeper_defect,B,2024-09-16,2024-09-12,4,visual_patrol,0.7,True,Engineering
TMS001909,COR03988,AZ,ACLE,ER,points_crossing_wear,B,2024-06-28,2024-06-20,8,visual_patrol,5.5,True,Engineering
TMS001910,COR03185,THP,BDZ,ER,points_crossing_wear,B,2024-06-03,2024-05-31,3,manual_gauge_check,5.9,True,Engineering
TMS001911,COR02273,THA,MDE,ECR,sleeper_defect,B,2024-08-03,2023-07-19,381,manual_gauge_check,3.3,True,Engineering
TMS001912,COR00196,MHL,MTR,ECR,points_crossing_wear,B,2024-02-15,2024-02-12,3,manual_gauge_check,0.6,True,Engineering
TMS001913,COR05475,VXM,NCR,SR,rail_fracture,A,2025-01-23,2025-01-10,13,visual_patrol,5.5,True,Engineering
TMS001914,COR03051,KDU,IVL,SR,formation_defect,B,2025-01-30,2024-11-14,77,visual_patrol,3.5,True,Engineering
TMS001915,COR00675,VDH,ACL,WR,sleeper_defect,A,2025-07-20,2024-12-21,211,visual_patrol,2.3,True,Engineering
TMS001916,COR06396,MBS,KFK,NER,points_crossing_wear,B,2025-03-07,2025-01-15,51,track_recording_car,4.7,True,Engineering
TMS001917,COR00485,BRI,MUO,WCR,ballast_deficiency,C,2025-11-23,2021-04-02,1696,track_recording_car,0.7,True,Engineering
TMS001918,COR04301,KER,BLTR,NER,rail_fracture,A,2024-01-04,2023-12-30,5,visual_patrol,5.0,False,Engineering
TMS001919,COR06607,NDH,DKBJ,NWR,points_crossing_wear,B,2025-12-06,2025-12-06,0,visual_patrol,2.9,False,Engineering
TMS001920,COR01718,BQF,BNSP,WCR,ballast_deficiency,C,2024-11-02,2024-10-22,11,manual_gauge_check,4.4,True,Engineering
TMS001921,COR05519,NBPH,BPC,ER,rail_wear,C,2025-07-08,2025-06-24,14,visual_patrol,2.7,True,Engineering
TMS001922,COR05901,KJME,UKA,ER,ballast_deficiency,C,2025-01-11,2025-01-11,0,track_recording_car,4.7,True,Engineering
TMS001923,COR02684,UCA,BZO,NR,ballast_deficiency,C,2024-06-12,2024-05-31,12,visual_patrol,3.0,True,Engineering
TMS001924,COR00781,AIA,KNAR,NWR,sleeper_defect,B,2024-05-01,2023-04-17,380,USFD_ultrasonic_flaw_detection,6.0,True,Engineering
TMS001925,COR02159,TYMR,TRMN,SR,points_crossing_wear,B,2024-07-03,2024-06-20,13,visual_patrol,5.1,True,Engineering
TMS001926,COR05598,MIH,MGWN,NR,rail_fracture,A,2024-05-15,2024-05-13,2,USFD_ultrasonic_flaw_detection,4.4,False,Engineering
TMS001927,COR02026,JGG,GYN,NER,rail_wear,C,2025-01-24,2024-12-16,39,visual_patrol,5.9,True,Engineering
TMS001928,COR00028,WKR,LXR,WR,rail_wear,C,2024-03-15,2024-03-11,4,track_recording_car,2.5,True,Engineering
TMS001929,COR07146,TSK,MJN,NFR,weld_failure,A,2025-11-18,2025-11-16,2,track_recording_car,3.2,True,Engineering
TMS001930,COR00663,HBP,MOG,ECR,weld_failure,A,2024-05-28,2024-03-03,86,visual_patrol,3.8,True,Engineering
TMS001931,COR06372,JLR,NUD,WR,sleeper_defect,B,2024-12-08,2024-11-23,15,USFD_ultrasonic_flaw_detection,0.9,True,Engineering
TMS001932,COR03829,CFG,TTB,NFR,rail_wear,C,2024-09-29,2024-07-29,62,manual_gauge_check,1.1,True,Engineering
TMS001933,COR03569,ODM,RSG,SER,sleeper_defect,B,2025-06-01,2025-05-19,13,visual_patrol,5.1,True,Engineering
TMS001934,COR04930,GNO,VEER,KR,sleeper_defect,B,2024-02-20,2024-02-02,18,visual_patrol,2.7,False,Engineering
TMS001935,COR05628,SK,SALI,NWR,sleeper_defect,B,2024-05-19,2024-05-13,6,visual_patrol,5.3,False,Engineering
TMS001936,COR02299,THJ,DBD,NR,rail_wear,C,2024-01-06,2023-05-17,234,visual_patrol,3.2,True,Engineering
TMS001937,COR05841,JNZ,RXN,NWR,points_crossing_wear,B,2024-09-03,2024-08-20,14,visual_patrol,6.0,True,Engineering
TMS001938,COR06386,RTR,SDC,NER,points_crossing_wear,B,2025-05-08,2025-04-22,16,visual_patrol,4.8,False,Engineering
TMS001939,COR03091,ETK,CS,SR,alignment_deviation,A,2025-09-17,2025-09-01,16,visual_patrol,3.1,True,Engineering
TMS001940,COR07488,MRHT,SRTN,NFR,formation_defect,B,2025-01-06,2025-01-05,1,visual_patrol,5.0,True,Engineering
TMS001941,COR00209,SRJ,MJHR,NCR,points_crossing_wear,B,2025-03-16,2025-03-14,2,USFD_ultrasonic_flaw_detection,4.2,True,Engineering
TMS001942,COR02157,KTBR,INDR,SR,rail_wear,C,2025-08-10,2025-05-22,80,track_recording_car,3.6,True,Engineering
TMS001943,COR01207,SHIV,ALN,CR,alignment_deviation,C,2025-02-27,2024-12-14,75,USFD_ultrasonic_flaw_detection,3.7,False,Engineering
TMS001944,COR01826,JRL,SDRA,NWR,weld_failure,A,2025-02-27,2024-09-30,150,manual_gauge_check,1.0,True,Engineering
TMS001945,COR03932,BCT,MX,WR,rail_wear,C,2025-07-05,2025-06-26,9,visual_patrol,5.5,True,Engineering
TMS001946,COR00242,ADTL,JBP,WCR,ballast_deficiency,B,2024-08-15,2024-06-09,67,track_recording_car,0.9,False,Engineering
TMS001947,COR00706,BSR,NIG,WR,rail_wear,C,2025-06-20,2025-06-12,8,track_recording_car,5.0,True,Engineering
TMS001948,COR05950,NVRD,KLMC,CR,sleeper_defect,B,2024-02-09,2018-02-16,2184,track_recording_car,3.0,True,Engineering
TMS001949,COR00718,STC,KHAR,WR,alignment_deviation,C,2025-07-14,2025-07-08,6,visual_patrol,1.5,True,Engineering
TMS001950,COR01704,PKRD,UDR,WCR,rail_wear,C,2025-02-19,2024-06-21,243,manual_gauge_check,3.5,True,Engineering
TMS001951,COR00209,SRJ,MJHR,NCR,alignment_deviation,C,2025-01-03,2024-10-29,66,USFD_ultrasonic_flaw_detection,2.3,True,Engineering
TMS001952,COR06802,SFE,BILA,NWR,ballast_deficiency,C,2025-08-31,2025-08-14,17,visual_patrol,5.7,False,Engineering
TMS001953,COR01438,DPL,LAK,ECR,rail_fracture,A,2025-11-13,2025-11-13,0,manual_gauge_check,1.1,True,Engineering
TMS001954,COR06585,CRWA,NRKE,NWR,rail_wear,C,2024-04-07,2024-03-26,12,USFD_ultrasonic_flaw_detection,4.3,True,Engineering
TMS001955,COR04593,SSNR,BDME,ER,alignment_deviation,C,2024-06-21,2024-06-16,5,USFD_ultrasonic_flaw_detection,2.7,True,Engineering
TMS001956,COR05972,NTG,GTRA,NR,ballast_deficiency,C,2025-11-29,2025-11-27,2,visual_patrol,0.5,True,Engineering
TMS001957,COR00480,CAER,BRUD,WCR,sleeper_defect,B,2024-12-31,2024-10-04,88,manual_gauge_check,0.8,True,Engineering
TMS001958,COR01849,DZA,UCB,NR,alignment_deviation,C,2024-12-11,2024-12-08,3,visual_patrol,4.5,True,Engineering
TMS001959,COR05280,CMJ,AP,SWR,rail_wear,C,2025-03-26,2025-02-05,49,USFD_ultrasonic_flaw_detection,3.9,True,Engineering
TMS001960,COR01153,CHG,BY,CR,rail_wear,C,2024-05-12,2024-04-02,40,USFD_ultrasonic_flaw_detection,3.5,False,Engineering
TMS001961,COR03836,AGI,NMT,NFR,points_crossing_wear,B,2025-11-13,2025-11-06,7,track_recording_car,0.9,True,Engineering
TMS001962,COR01723,KTDD,BRG,NCR,rail_wear,C,2024-07-27,2024-04-21,97,track_recording_car,3.7,True,Engineering
TMS001963,COR01602,KVS,KJG,SWR,rail_wear,C,2024-03-06,2024-02-26,9,visual_patrol,2.1,True,Engineering
TMS001964,COR00284,BRUD,CAER,WCR,ballast_deficiency,C,2025-07-12,2025-01-13,180,visual_patrol,4.7,True,Engineering
TMS001965,COR01687,BMR,BHTN,WCR,points_crossing_wear,B,2024-02-04,2024-02-02,2,visual_patrol,5.8,True,Engineering
TMS001966,COR02816,UOI,BOR,WR,formation_defect,B,2024-03-16,2024-03-15,1,USFD_ultrasonic_flaw_detection,4.4,True,Engineering
TMS001967,COR00161,DLI,DSA,NR,formation_defect,B,2025-12-12,2025-12-04,8,track_recording_car,4.4,False,Engineering
TMS001968,COR03304,TPP,KVLR,SWR,points_crossing_wear,B,2024-08-18,2024-06-16,63,visual_patrol,2.7,True,Engineering
TMS001969,COR04171,MET,HMI,NR,alignment_deviation,C,2025-10-10,2025-10-05,5,visual_patrol,0.6,True,Engineering
TMS001970,COR07706,QMRS,FPS,NWR,ballast_deficiency,C,2024-04-18,2024-04-09,9,USFD_ultrasonic_flaw_detection,1.9,True,Engineering
TMS001971,COR03022,DBN,NBA,NR,formation_defect,B,2024-08-14,2024-07-01,44,visual_patrol,5.2,True,Engineering
TMS001972,COR04050,DDD,KMDR,NER,rail_fracture,B,2024-12-30,2024-12-09,21,visual_patrol,4.0,False,Engineering
TMS001973,COR02738,DAVM,PASA,SR,sleeper_defect,B,2024-03-31,2024-03-28,3,visual_patrol,2.9,True,Engineering
TMS001974,COR02975,MUKE,NAU,SR,rail_fracture,A,2024-12-08,2024-11-24,14,track_recording_car,6.0,True,Engineering
TMS001975,COR07529,RGJ,BMGR,NFR,sleeper_defect,B,2024-06-24,2024-02-10,135,USFD_ultrasonic_flaw_detection,3.8,True,Engineering
TMS001976,COR00609,INK,KDM,SCR,rail_fracture,A,2024-01-09,2024-01-04,5,manual_gauge_check,1.3,True,Engineering
TMS001977,COR02398,KNKT,KHC,WR,weld_failure,A,2025-12-12,2025-12-12,0,USFD_ultrasonic_flaw_detection,0.5,True,Engineering
TMS001978,COR00279,MUO,BRI,WCR,ballast_deficiency,C,2024-01-07,2023-10-13,86,visual_patrol,2.9,False,Engineering
TMS001979,COR00291,AGQ,BAU,CR,alignment_deviation,C,2025-06-21,2025-06-10,11,track_recording_car,3.4,False,Engineering
TMS001980,COR03939,JCU,SWAR,WCR,formation_defect,B,2025-05-30,2025-05-27,3,USFD_ultrasonic_flaw_detection,3.4,True,Engineering
TMS001981,COR02696,KRZ,ISM,NR,alignment_deviation,C,2025-12-07,2025-09-23,75,manual_gauge_check,1.4,True,Engineering
TMS001982,COR01703,JKE,PKRD,WCR,points_crossing_wear,B,2024-08-30,2024-07-02,59,USFD_ultrasonic_flaw_detection,4.7,True,Engineering
TMS001983,COR05022,KOQ,KVL,SR,weld_failure,A,2025-06-04,2025-04-30,35,manual_gauge_check,3.1,True,Engineering
TMS001984,COR02330,RJT,BKNG,WR,ballast_deficiency,C,2025-06-10,2025-01-21,140,visual_patrol,4.5,True,Engineering
TMS001985,COR00012,LKBL,JAM,WR,ballast_deficiency,C,2025-10-02,2025-09-28,4,manual_gauge_check,5.9,True,Engineering
TMS001986,COR06453,HTGR,LMO,WR,rail_fracture,B,2025-11-01,2025-10-24,8,visual_patrol,1.2,True,Engineering
TMS001987,COR02423,VVA,MTHP,WR,weld_failure,A,2025-08-14,2024-11-12,275,USFD_ultrasonic_flaw_detection,1.6,True,Engineering
TMS001988,COR00466,LBG,CRU,SCR,formation_defect,A,2024-10-10,2024-09-18,22,manual_gauge_check,4.3,True,Engineering
TMS001989,COR00474,AGQ,CDI,CR,alignment_deviation,C,2025-12-13,2025-07-10,156,manual_gauge_check,1.8,True,Engineering
TMS001990,COR00154,SMDP,PM,NR,alignment_deviation,C,2024-02-18,2024-02-08,10,USFD_ultrasonic_flaw_detection,2.7,True,Engineering
TMS001991,COR07632,MAK,BRP,ER,rail_fracture,A,2025-04-12,2025-01-30,72,USFD_ultrasonic_flaw_detection,2.7,True,Engineering
TMS001992,COR02951,PARD,NED,SCR,ballast_deficiency,C,2025-09-04,2025-07-30,36,visual_patrol,4.3,True,Engineering
TMS001993,COR07398,BAOL,BTU,NR,weld_failure,A,2024-06-11,2024-02-21,111,USFD_ultrasonic_flaw_detection,5.8,True,Engineering
TMS001994,COR06400,HDT,BHLP,NER,rail_fracture,A,2024-10-09,2023-10-07,368,visual_patrol,2.6,True,Engineering
TMS001995,COR02801,GMN,MDD,WR,alignment_deviation,C,2024-01-15,2023-12-31,15,USFD_ultrasonic_flaw_detection,2.5,True,Engineering
TMS001996,COR01678,GAR,BNE,WCR,alignment_deviation,C,2024-02-11,2023-03-22,326,visual_patrol,4.4,False,Engineering
TMS001997,COR00268,DRA,KTZ,WCR,points_crossing_wear,B,2025-08-18,2025-08-09,9,visual_patrol,4.7,True,Engineering
TMS001998,COR03259,HAN,DNHK,WCR,sleeper_defect,B,2024-11-09,2016-01-30,3206,USFD_ultrasonic_flaw_detection,1.5,True,Engineering
TMS001999,COR01846,TDO,KZX,NR,rail_fracture,A,2024-07-13,2024-06-29,14,visual_patrol,1.4,True,Engineering
TMS002000,COR05384,PTKD,KKGT,NFR,weld_failure,A,2025-02-24,2025-02-18,6,track_recording_car,5.6,True,Engineering
TMS002001,COR06381,VI,CBU,SR,points_crossing_wear,B,2025-11-26,2025-10-29,28,USFD_ultrasonic_flaw_detection,3.3,False,Engineering
TMS002002,COR00149,PT,GHH,NR,alignment_deviation,C,2025-09-29,2025-09-01,28,manual_gauge_check,1.3,True,Engineering
TMS002003,COR01347,UM,CHP,WR,alignment_deviation,C,2024-09-26,2024-07-24,64,visual_patrol,3.6,True,Engineering
TMS002004,COR05435,PKM,KAY,SR,alignment_deviation,C,2024-07-10,2024-06-26,14,manual_gauge_check,4.2,True,Engineering
TMS002005,COR00788,MWW,MKH,NWR,ballast_deficiency,C,2025-12-07,2025-08-21,108,visual_patrol,0.9,True,Engineering
TMS002006,COR04945,RN,NIV,KR,points_crossing_wear,B,2025-01-13,2025-01-05,8,manual_gauge_check,4.8,True,Engineering
TMS002007,COR03644,AKVD,PLVA,SCR,formation_defect,B,2025-08-23,2025-06-17,67,track_recording_car,4.5,False,Engineering
TMS002008,COR03936,BXN,KEV,WCR,rail_wear,C,2025-01-04,2024-12-29,6,manual_gauge_check,2.9,True,Engineering
TMS002009,COR08026,DAS,LAT,WR,ballast_deficiency,C,2025-01-26,2024-11-07,80,manual_gauge_check,0.8,True,Engineering
TMS002010,COR01147,DWR,NVU,SWR,weld_failure,A,2025-08-09,2025-08-09,0,visual_patrol,5.1,True,Engineering
TMS002011,COR06371,SMNH,VRL,WR,points_crossing_wear,B,2025-09-02,2025-08-21,12,visual_patrol,4.8,True,Engineering
TMS002012,COR01702,PTWA,JKE,WCR,ballast_deficiency,C,2024-01-14,2024-01-07,7,USFD_ultrasonic_flaw_detection,5.9,True,Engineering
TMS002013,COR01676,JHT,SCKR,WCR,alignment_deviation,C,2024-05-05,2024-04-23,12,manual_gauge_check,2.1,False,Engineering
TMS002014,COR06642,TKLE,HPLE,ER,formation_defect,B,2025-03-01,2025-02-24,5,manual_gauge_check,2.2,True,Engineering
TMS002015,COR01340,SIM,SZA,NWR,alignment_deviation,C,2024-08-19,2024-08-05,14,visual_patrol,5.5,False,Engineering
TMS002016,COR00116,AII,MD,NWR,formation_defect,B,2024-06-20,2024-06-09,11,visual_patrol,1.2,True,Engineering
TMS002017,COR02688,KIU,JJT,NR,weld_failure,A,2024-08-02,2024-07-28,5,visual_patrol,5.8,True,Engineering
TMS002018,COR05594,PDL,EDD,SCR,sleeper_defect,B,2024-09-30,2024-08-12,49,manual_gauge_check,4.1,True,Engineering
TMS002019,COR00192,PPA,CAA,ECR,sleeper_defect,B,2025-12-09,2025-12-09,0,USFD_ultrasonic_flaw_detection,4.9,False,Engineering
TMS002020,COR04683,KMAH,CHI,KR,ballast_deficiency,C,2025-02-13,2025-01-31,13,track_recording_car,2.7,True,Engineering
TMS002021,COR00021,RJT,BLWR,WR,ballast_deficiency,A,2024-06-05,2023-09-06,273,manual_gauge_check,5.6,True,Engineering
TMS002022,COR06120,SKAP,JWNR,NFR,sleeper_defect,B,2024-02-07,2024-01-17,21,visual_patrol,1.3,False,Engineering
TMS002023,COR00626,YP,GNN,SCR,weld_failure,A,2024-05-02,2024-04-26,6,USFD_ultrasonic_flaw_detection,3.8,True,Engineering
TMS002024,COR02811,VR,VTN,WR,alignment_deviation,C,2025-06-25,2025-06-13,12,manual_gauge_check,4.3,True,Engineering
TMS002025,COR00600,GH,KSNR,NER,rail_fracture,A,2024-12-25,2024-12-14,11,track_recording_car,3.3,True,Engineering
TMS002026,COR05732,TDPR,CUD,SR,rail_fracture,A,2024-09-09,2024-06-23,78,visual_patrol,4.5,False,Engineering
TMS002027,COR01619,ABGT,HSD,SWR,rail_wear,C,2024-05-31,2024-05-24,7,visual_patrol,4.0,True,Engineering
TMS002028,COR01925,VDGN,GNH,SCR,formation_defect,B,2024-01-02,2023-12-28,5,visual_patrol,5.2,True,Engineering
TMS002029,COR04739,HLDD,RUPC,NER,alignment_deviation,C,2024-08-20,2024-08-16,4,USFD_ultrasonic_flaw_detection,1.0,True,Engineering
TMS002030,COR00133,PSL,GAL,NWR,sleeper_defect,B,2024-02-16,2023-12-04,74,USFD_ultrasonic_flaw_detection,2.6,True,Engineering
TMS002031,COR06770,JDL,DHRR,NWR,alignment_deviation,C,2025-01-25,2024-12-15,41,visual_patrol,0.6,True,Engineering
TMS002032,COR01731,PFM,SWE,NR,sleeper_defect,B,2024-08-15,2024-05-21,86,manual_gauge_check,3.6,True,Engineering
TMS002033,COR06830,MGWN,JNU,NR,alignment_deviation,C,2025-12-25,2025-12-12,13,track_recording_car,3.4,True,Engineering
TMS002034,COR01761,HAN,SMBJ,WCR,ballast_deficiency,C,2024-08-02,2024-07-29,4,manual_gauge_check,5.8,False,Engineering
TMS002035,COR07550,TKO,TMLP,SR,weld_failure,A,2025-10-11,2025-09-23,18,visual_patrol,3.8,True,Engineering
TMS002036,COR00543,PAY,ELM,SR,points_crossing_wear,B,2025-11-11,2025-10-07,35,manual_gauge_check,4.0,True,Engineering
TMS002037,COR04037,KDQ,RJI,NER,sleeper_defect,A,2024-08-04,2024-06-06,59,visual_patrol,0.8,True,Engineering
TMS002038,COR04823,BDE,JBU,WR,formation_defect,B,2024-03-09,2023-08-06,216,manual_gauge_check,1.1,True,Engineering
TMS002039,COR01736,RMGJ,PPU,NR,alignment_deviation,C,2025-05-12,2025-04-26,16,track_recording_car,1.8,True,Engineering
TMS002040,COR01326,BRLY,JWB,NWR,weld_failure,A,2024-08-13,2024-08-11,2,track_recording_car,1.5,True,Engineering
TMS002041,COR02321,MGG,LMNR,WR,ballast_deficiency,C,2025-11-03,2025-08-19,76,visual_patrol,0.8,True,Engineering
TMS002042,COR04480,KHA,CAER,WCR,rail_fracture,A,2025-10-03,2025-08-26,38,track_recording_car,2.5,True,Engineering
TMS002043,COR03922,MEM,SWE,NR,weld_failure,A,2024-12-03,2024-03-12,266,USFD_ultrasonic_flaw_detection,0.6,False,Engineering
TMS002044,COR00279,MUO,BRI,WCR,alignment_deviation,C,2025-04-06,2025-03-27,10,USFD_ultrasonic_flaw_detection,2.5,True,Engineering
TMS002045,COR02147,PG,PBN,SCR,rail_fracture,A,2024-06-11,2024-05-29,13,track_recording_car,0.9,False,Engineering
TMS002046,COR02229,CPT,RMGM,SWR,weld_failure,A,2024-07-25,2024-07-23,2,USFD_ultrasonic_flaw_detection,4.6,True,Engineering
TMS002047,COR06486,KORI,KUND,NWR,sleeper_defect,B,2024-02-07,2023-12-02,67,USFD_ultrasonic_flaw_detection,3.4,True,Engineering
TMS002048,COR00603,BBW,MUUA,NER,sleeper_defect,B,2024-05-15,2024-05-10,5,USFD_ultrasonic_flaw_detection,2.6,True,Engineering
TMS002049,COR02069,NDV,DBS,SWR,ballast_deficiency,C,2025-10-26,2025-10-11,15,USFD_ultrasonic_flaw_detection,2.4,True,Engineering
TMS002050,COR06282,SIF,BLC,SCR,rail_wear,C,2024-07-26,2023-11-20,249,visual_patrol,1.0,True,Engineering
TMS002051,COR01477,DML,TGE,NFR,ballast_deficiency,C,2025-10-14,2025-07-16,90,visual_patrol,1.8,True,Engineering
TMS002052,COR00561,MOTC,RWL,NR,points_crossing_wear,B,2025-05-12,2025-05-01,11,manual_gauge_check,2.0,True,Engineering
TMS002053,COR03088,JGE,TLY,SR,alignment_deviation,C,2024-01-02,2024-01-01,1,visual_patrol,5.8,True,Engineering
TMS002054,COR01330,NANA,KVJ,NWR,points_crossing_wear,B,2025-08-09,2025-07-31,9,USFD_ultrasonic_flaw_detection,3.0,True,Engineering
TMS002055,COR06383,ALY,DRGJ,NER,sleeper_defect,B,2025-12-08,2025-02-02,309,manual_gauge_check,1.9,True,Engineering
TMS002056,COR00085,JWB,BRLY,NWR,ballast_deficiency,C,2024-02-08,2024-02-02,6,USFD_ultrasonic_flaw_detection,2.6,True,Engineering
TMS002057,COR01877,CVV,GNN,SCR,ballast_deficiency,C,2024-05-20,2024-05-09,11,USFD_ultrasonic_flaw_detection,2.6,True,Engineering
TMS002058,COR00197,MTR,NRV,ECR,sleeper_defect,B,2024-12-24,2024-12-13,11,visual_patrol,3.4,True,Engineering
TMS002059,COR03488,FRD,KD,NR,sleeper_defect,B,2025-09-20,2025-09-10,10,visual_patrol,3.4,True,Engineering
TMS002060,COR04911,NHY,MNGT,SWR,alignment_deviation,C,2025-02-27,2025-02-18,9,track_recording_car,1.9,False,Engineering
TMS002061,COR04149,CDRA,CHV,SR,alignment_deviation,C,2024-11-10,2024-11-03,7,track_recording_car,4.8,True,Engineering
TMS002062,COR01327,JWB,MOI,NWR,weld_failure,A,2025-09-14,2025-07-29,47,visual_patrol,4.4,False,Engineering
TMS002063,COR01106,MVP,MDVL,SCR,sleeper_defect,B,2024-09-27,2023-12-02,300,visual_patrol,4.7,True,Engineering
TMS002064,COR03742,PKQ,MLTR,SR,ballast_deficiency,C,2025-03-06,2024-12-16,80,visual_patrol,4.5,True,Engineering
TMS002065,COR00717,VLP,STC,WR,points_crossing_wear,B,2025-08-19,2025-05-29,82,manual_gauge_check,2.0,True,Engineering
TMS002066,COR00315,MDF,RKI,SER,rail_fracture,A,2024-03-03,2024-01-31,32,track_recording_car,1.1,True,Engineering
TMS002067,COR00160,DEE,DKZ,NR,ballast_deficiency,C,2024-10-20,2024-10-14,6,USFD_ultrasonic_flaw_detection,4.8,True,Engineering
TMS002068,COR02120,NVU,DWR,SWR,points_crossing_wear,B,2024-01-11,2024-01-04,7,visual_patrol,2.0,True,Engineering
TMS002069,COR01324,KZQ,FA,NWR,rail_wear,C,2024-02-25,2023-11-29,88,manual_gauge_check,1.3,True,Engineering
TMS002070,COR01632,SSNH,TTR,SWR,weld_failure,A,2024-12-07,2024-09-23,75,manual_gauge_check,5.3,True,Engineering
TMS002071,COR02836,VDH,NVS,WR,ballast_deficiency,C,2024-01-03,2023-10-19,76,USFD_ultrasonic_flaw_detection,2.9,True,Engineering
TMS002072,COR06017,SIKR,JDD,NWR,points_crossing_wear,B,2025-07-19,2025-07-08,11,visual_patrol,1.9,True,Engineering
TMS002073,COR01714,KTHA,CTHR,WCR,weld_failure,A,2024-02-19,2024-02-08,11,manual_gauge_check,2.1,True,Engineering
TMS002074,COR04756,RHU,NSS,NR,ballast_deficiency,C,2024-07-18,2024-07-11,7,visual_patrol,2.1,True,Engineering
TMS002075,COR00696,PLG,KLV,WR,weld_failure,A,2025-03-01,2024-12-01,90,USFD_ultrasonic_flaw_detection,4.3,True,Engineering
TMS002076,COR01730,PRG,PFM,NR,alignment_deviation,C,2025-12-28,2025-12-18,10,track_recording_car,1.3,False,Engineering
TMS002077,COR01702,PTWA,JKE,WCR,points_crossing_wear,C,2025-03-24,2025-03-09,15,manual_gauge_check,0.9,True,Engineering
TMS002078,COR08131,SRSI,KTNR,ECR,ballast_deficiency,C,2025-07-03,2025-06-26,7,track_recording_car,5.1,False,Engineering
TMS002079,COR00592,KPB,BUG,ECR,alignment_deviation,C,2024-12-12,2024-11-30,12,visual_patrol,4.6,True,Engineering
TMS002080,COR04150,CHV,NLE,SR,alignment_deviation,C,2025-09-30,2025-09-26,4,track_recording_car,0.6,True,Engineering
TMS002081,COR01484,HJI,DHRY,NFR,points_crossing_wear,B,2024-08-23,2024-08-23,0,visual_patrol,1.6,True,Engineering
TMS002082,COR01909,KCP,KMNR,SCR,alignment_deviation,C,2025-01-08,2024-02-19,324,manual_gauge_check,0.6,False,Engineering
TMS002083,COR00491,CGO,PGL,WCR,sleeper_defect,B,2024-09-12,2024-07-18,56,manual_gauge_check,0.8,True,Engineering
TMS002084,COR01681,KY,NU,WCR,rail_fracture,A,2025-08-18,2025-08-11,7,USFD_ultrasonic_flaw_detection,1.9,True,Engineering
TMS002085,COR00785,GAL,PSL,NWR,ballast_deficiency,C,2024-02-17,2023-09-12,158,visual_patrol,2.1,True,Engineering
TMS002086,COR07181,PIL,KCI,SCR,points_crossing_wear,B,2024-01-17,2014-04-22,3557,visual_patrol,4.4,False,Engineering
TMS002087,COR03301,DPJ,SZV,SWR,weld_failure,B,2024-09-22,2024-09-09,13,track_recording_car,3.5,True,Engineering
TMS002088,COR06747,KRNU,KVE,SWR,alignment_deviation,C,2024-11-24,2024-09-06,79,manual_gauge_check,2.8,True,Engineering
TMS002089,COR04810,JRQ,DXN,ECR,rail_wear,C,2025-01-03,2024-12-22,12,USFD_ultrasonic_flaw_detection,1.8,False,Engineering
TMS002090,COR01906,KHNP,HBU,SCR,alignment_deviation,C,2024-07-03,2024-07-01,2,visual_patrol,3.8,True,Engineering
TMS002091,COR02824,BLD,KEB,WR,formation_defect,B,2025-12-30,2025-11-08,52,visual_patrol,3.3,True,Engineering
TMS002092,COR06500,KHRA,SMPR,NWR,sleeper_defect,B,2024-07-09,2024-07-07,2,visual_patrol,1.0,False,Engineering
TMS002093,COR00425,SFX,RKO,SCR,sleeper_defect,B,2025-12-05,2025-11-24,11,USFD_ultrasonic_flaw_detection,4.9,True,Engineering
TMS002094,COR00200,VPO,BTJ,NR,rail_wear,C,2025-05-11,2025-05-10,1,visual_patrol,0.7,True,Engineering
TMS002095,COR00752,CNR,SRVX,SWR,ballast_deficiency,C,2024-09-14,2016-09-07,2929,track_recording_car,1.5,True,Engineering
TMS002096,COR05419,SAF,KJTW,NR,alignment_deviation,C,2025-05-19,2025-05-15,4,manual_gauge_check,4.6,True,Engineering
TMS002097,COR02756,VVM,SVDC,SCR,ballast_deficiency,B,2025-01-19,2025-01-16,3,visual_patrol,4.2,True,Engineering
TMS002098,COR01002,BHGN,BXP,NFR,alignment_deviation,C,2024-01-02,2023-06-26,190,track_recording_car,5.0,True,Engineering
TMS002099,COR01192,RMP,KRG,CR,ballast_deficiency,C,2025-05-29,2025-04-04,55,manual_gauge_check,3.2,True,Engineering
TMS002100,COR06014,PLSN,RNIS,NWR,rail_fracture,A,2025-01-18,2025-01-01,17,USFD_ultrasonic_flaw_detection,2.6,True,Engineering
TMS002101,COR01607,RNR,CLI,SWR,points_crossing_wear,B,2025-05-23,2025-05-09,14,visual_patrol,4.4,True,Engineering
TMS002102,COR01878,GNN,YP,SCR,formation_defect,B,2025-02-28,2024-06-20,253,visual_patrol,1.5,False,Engineering
TMS002103,COR02131,MKDD,CTH,SCR,alignment_deviation,C,2024-01-18,2024-01-14,4,USFD_ultrasonic_flaw_detection,5.4,True,Engineering
TMS002104,COR00268,DRA,KTZ,WCR,alignment_deviation,C,2024-06-10,2024-03-13,89,visual_patrol,2.1,True,Engineering
TMS002105,COR06044,SOI,DDW,NER,rail_wear,C,2025-08-28,2025-08-24,4,visual_patrol,4.7,True,Engineering
TMS002106,COR01760,DNHK,HAN,WCR,sleeper_defect,B,2025-10-23,2025-09-18,35,USFD_ultrasonic_flaw_detection,5.0,True,Engineering
TMS002107,COR03330,KUP,RHW,NR,rail_wear,B,2025-09-30,2025-09-22,8,USFD_ultrasonic_flaw_detection,4.1,True,Engineering
TMS002108,COR00289,NPNR,CDI,CR,ballast_deficiency,C,2024-02-14,2024-01-24,21,visual_patrol,3.4,False,Engineering
TMS002109,COR03807,AMPA,PUPR,SR,ballast_deficiency,C,2024-04-06,2024-04-02,4,manual_gauge_check,1.5,True,Engineering
TMS002110,COR04137,KN,FK,SR,points_crossing_wear,B,2025-07-05,2025-06-24,11,visual_patrol,2.9,True,Engineering
TMS002111,COR02270,NDU,JHD,ECR,sleeper_defect,B,2025-06-27,2025-06-24,3,visual_patrol,3.6,True,Engineering
TMS002112,COR01341,SZA,IQG,NWR,ballast_deficiency,C,2024-02-13,2024-01-28,16,track_recording_car,1.5,False,Engineering
TMS002113,COR05892,TL,KSG,NWR,sleeper_defect,B,2025-06-17,2025-06-07,10,visual_patrol,4.6,True,Engineering
TMS002114,COR01759,FSP,DNHK,WCR,rail_wear,C,2025-09-02,2025-08-30,3,USFD_ultrasonic_flaw_detection,1.2,True,Engineering
TMS002115,COR00629,KI,RYP,SCR,points_crossing_wear,B,2024-07-02,2024-06-28,4,visual_patrol,1.5,True,Engineering
TMS002116,COR00230,UDR,PKRD,WCR,ballast_deficiency,C,2024-10-15,2024-10-12,3,track_recording_car,5.7,False,Engineering
TMS002117,COR02803,KILE,BVI,WR,alignment_deviation,C,2024-06-06,2024-05-23,14,manual_gauge_check,2.7,True,Engineering
TMS002118,COR07369,KQV,UGWE,CR,ballast_deficiency,C,2025-06-10,2025-06-05,5,track_recording_car,1.1,True,Engineering
TMS002119,COR00217,BQF,MKD,WCR,alignment_deviation,C,2025-12-24,2025-12-19,5,visual_patrol,0.5,False,Engineering
TMS002120,COR04134,TA,PGI,SR,points_crossing_wear,B,2024-01-04,2024-01-01,3,visual_patrol,0.8,True,Engineering
TMS002121,COR01075,VJR,SED,SWR,rail_wear,C,2024-12-29,2024-12-29,0,USFD_ultrasonic_flaw_detection,1.4,True,Engineering
TMS002122,COR04639,SL,MULK,KR,ballast_deficiency,C,2024-03-02,2024-02-08,23,USFD_ultrasonic_flaw_detection,3.4,True,Engineering
TMS002123,COR04693,MNI,INP,KR,alignment_deviation,C,2025-07-23,2025-01-23,181,manual_gauge_check,1.6,False,Engineering
TMS002124,COR02936,LER,ANDN,NER,sleeper_defect,B,2025-05-10,2024-10-22,200,USFD_ultrasonic_flaw_detection,4.6,True,Engineering
TMS002125,COR03075,VLL,WH,SR,rail_wear,C,2024-06-30,2023-09-07,297,visual_patrol,1.1,True,Engineering
TMS002126,COR01325,FA,BRLY,NWR,alignment_deviation,A,2024-07-24,2024-07-19,5,manual_gauge_check,4.4,True,Engineering
TMS002127,COR03476,KHU,ATE,NCR,alignment_deviation,C,2025-04-17,2025-04-12,5,track_recording_car,4.5,True,Engineering
TMS002128,COR02145,MVO,DAV,SCR,alignment_deviation,C,2025-02-19,2024-11-10,101,manual_gauge_check,3.2,True,Engineering
TMS002129,COR03234,JAO,DOD,WR,sleeper_defect,B,2024-01-07,2024-01-02,5,USFD_ultrasonic_flaw_detection,5.6,True,Engineering
TMS002130,COR05004,TRB,TOM,SR,alignment_deviation,C,2025-04-23,2025-04-19,4,USFD_ultrasonic_flaw_detection,5.8,True,Engineering
TMS002131,COR05946,HYL,DKWA,NWR,formation_defect,B,2025-06-30,2025-04-01,90,USFD_ultrasonic_flaw_detection,3.5,True,Engineering
TMS002132,COR03289,KHRK,KLNK,NWR,ballast_deficiency,C,2024-06-03,2015-02-13,3398,track_recording_car,2.6,True,Engineering
TMS002133,COR04690,SAPE,VEER,KR,points_crossing_wear,B,2025-08-11,2025-06-11,61,manual_gauge_check,1.3,True,Engineering
TMS002134,COR01337,MXO,ABR,NWR,points_crossing_wear,B,2024-11-29,2024-03-08,266,visual_patrol,2.0,True,Engineering
TMS002135,COR03078,CMC,QLD,SR,alignment_deviation,C,2025-09-14,2024-08-23,387,visual_patrol,2.0,True,Engineering
TMS002136,COR04241,DKT,LLU,NR,sleeper_defect,B,2025-03-24,2023-06-05,658,USFD_ultrasonic_flaw_detection,2.7,True,Engineering
TMS002137,COR00022,BLWR,KHC,WR,alignment_deviation,C,2024-09-18,2024-07-01,79,USFD_ultrasonic_flaw_detection,4.3,False,Engineering
TMS002138,COR01157,BQZ,SXP,ER,ballast_deficiency,C,2024-04-25,2024-04-16,9,USFD_ultrasonic_flaw_detection,1.8,True,Engineering
TMS002139,COR02393,LXR,WKR,WR,formation_defect,B,2025-06-30,2025-04-07,84,visual_patrol,2.6,True,Engineering
TMS002140,COR02519,JNZ,BLDI,NWR,ballast_deficiency,C,2025-11-09,2025-10-03,37,USFD_ultrasonic_flaw_detection,4.9,False,Engineering
TMS002141,COR01468,PHI,TKC,NFR,ballast_deficiency,C,2025-02-12,2022-03-08,1072,visual_patrol,3.0,True,Engineering
TMS002142,COR01192,RMP,KRG,CR,points_crossing_wear,C,2025-01-02,2024-12-25,8,USFD_ultrasonic_flaw_detection,4.7,True,Engineering
TMS002143,COR05257,PNJ,NIR,SECR,points_crossing_wear,B,2024-12-03,2024-11-12,21,USFD_ultrasonic_flaw_detection,4.2,True,Engineering
TMS002144,COR00793,BU,GLNA,NWR,points_crossing_wear,B,2025-07-20,2025-06-21,29,visual_patrol,5.9,True,Engineering
TMS002145,COR00528,ULL,MJS,SR,rail_wear,C,2024-01-01,2023-09-08,115,visual_patrol,4.2,True,Engineering
TMS002146,COR04177,SFM,CJL,NR,sleeper_defect,B,2024-12-30,2023-11-30,396,USFD_ultrasonic_flaw_detection,0.6,False,Engineering
TMS002147,COR01639,SPGR,NTR,SWR,ballast_deficiency,C,2025-03-24,2025-02-12,40,manual_gauge_check,4.2,False,Engineering
TMS002148,COR01216,JOA,WDLN,SCR,sleeper_defect,B,2025-10-31,2025-07-23,100,visual_patrol,3.1,True,Engineering
TMS002149,COR03103,RMC,LGO,NR,rail_fracture,A,2025-01-16,2024-11-07,70,manual_gauge_check,1.2,True,Engineering
TMS002150,COR05961,ANY,KZY,SR,ballast_deficiency,C,2025-02-06,2025-02-05,1,USFD_ultrasonic_flaw_detection,4.2,False,Engineering
TMS002151,COR02764,MUZ,PRTP,NR,rail_wear,C,2024-02-09,2024-01-31,9,visual_patrol,4.8,True,Engineering
TMS002152,COR01435,UMNR,SKJ,ECR,ballast_deficiency,C,2024-11-18,2024-06-10,161,manual_gauge_check,4.7,True,Engineering
TMS002153,COR04995,TIC,KLT,SR,weld_failure,A,2025-03-26,2025-03-17,9,track_recording_car,1.9,True,Engineering
TMS002154,COR05639,MDRR,KTE,WCR,ballast_deficiency,C,2025-09-03,2025-07-02,63,visual_patrol,2.9,True,Engineering
TMS002155,COR04944,BOKE,RN,KR,alignment_deviation,C,2024-03-24,2024-03-09,15,manual_gauge_check,2.1,True,Engineering
TMS002156,COR00716,ADH,VLP,WR,ballast_deficiency,C,2024-01-04,2023-09-07,119,track_recording_car,2.7,True,Engineering
TMS002157,COR06482,PEE,KYH,NER,rail_wear,C,2025-10-17,2025-09-01,46,visual_patrol,5.8,True,Engineering
TMS002158,COR01876,KI,CVV,SCR,ballast_deficiency,C,2025-07-23,2025-05-24,60,visual_patrol,4.2,True,Engineering
TMS002159,COR00614,GLA,DKJ,SCR,points_crossing_wear,B,2024-05-23,2024-03-24,60,track_recording_car,2.2,True,Engineering
TMS002160,COR07386,SNAP,NNX,NR,ballast_deficiency,C,2024-02-26,2024-02-24,2,visual_patrol,0.8,False,Engineering
TMS002161,COR00182,SAHI,CAI,ECR,ballast_deficiency,B,2025-04-27,2025-04-19,8,visual_patrol,2.5,True,Engineering
TMS002162,COR04297,JKN,DLR,NER,ballast_deficiency,C,2024-04-24,2024-03-02,53,manual_gauge_check,5.1,True,Engineering
TMS002163,COR02819,DRD,GVD,WR,alignment_deviation,C,2024-10-23,2024-10-15,8,manual_gauge_check,3.8,True,Engineering
TMS002164,COR00772,JSKA,PTRD,NR,points_crossing_wear,A,2025-03-07,2025-03-01,6,visual_patrol,4.8,True,Engineering
TMS002165,COR00834,MDPA,HMG,NWR,formation_defect,B,2024-02-08,2018-03-21,2150,USFD_ultrasonic_flaw_detection,3.3,False,Engineering
TMS002166,COR04648,CTTP,MRDW,KR,points_crossing_wear,B,2024-07-20,2024-07-05,15,visual_patrol,5.0,True,Engineering
TMS002167,COR01364,CTRL,KLL,WR,weld_failure,A,2025-02-22,2025-02-13,9,visual_patrol,4.1,False,Engineering
TMS002168,COR03989,ACLE,PRDG,ER,sleeper_defect,B,2025-06-08,2025-06-05,3,USFD_ultrasonic_flaw_detection,1.1,True,Engineering
TMS002169,COR02149,MCPT,MCPK,SR,ballast_deficiency,C,2025-03-29,2025-03-14,15,track_recording_car,5.6,True,Engineering
TMS002170,COR01744,RJQ,LKMN,WR,rail_wear,C,2024-05-19,2024-05-07,12,USFD_ultrasonic_flaw_detection,3.7,False,Engineering
TMS002171,COR03035,PUL,LHM,NR,sleeper_defect,B,2025-12-07,2025-12-07,0,visual_patrol,0.8,True,Engineering
TMS002172,COR01550,DNJ,WLH,CR,ballast_deficiency,A,2024-06-16,2024-04-18,59,visual_patrol,1.0,True,Engineering
TMS002173,COR03326,AJN,FTD,WR,ballast_deficiency,C,2024-10-10,2024-08-06,65,track_recording_car,3.3,True,Engineering
TMS002174,COR02982,QLD,CMC,SR,rail_wear,C,2025-08-19,2025-06-06,74,visual_patrol,1.4,False,Engineering
TMS002175,COR01682,NU,GPC,WCR,alignment_deviation,C,2024-12-22,2024-09-24,89,track_recording_car,1.2,True,Engineering
TMS002176,COR00377,SAHR,NDJ,NER,points_crossing_wear,B,2025-07-05,2025-06-21,14,USFD_ultrasonic_flaw_detection,5.4,True,Engineering
TMS002177,COR04901,KHLL,RMGM,SWR,alignment_deviation,C,2024-03-24,2024-03-10,14,USFD_ultrasonic_flaw_detection,5.6,True,Engineering
TMS002178,COR02452,DHAE,SHBA,ER,rail_wear,C,2024-09-29,2024-09-26,3,track_recording_car,1.6,True,Engineering
TMS002179,COR05206,PVL,AZP,SR,points_crossing_wear,B,2024-07-05,2024-07-03,2,track_recording_car,4.0,True,Engineering
TMS002180,COR02298,NGL,THJ,NR,alignment_deviation,C,2025-08-14,2025-08-12,2,visual_patrol,5.9,True,Engineering
TMS002181,COR02585,GOK,KT,KR,ballast_deficiency,C,2025-09-24,2025-09-06,18,track_recording_car,5.3,True,Engineering
TMS002182,COR02810,NSP,VR,WR,alignment_deviation,C,2025-01-14,2025-01-13,1,visual_patrol,3.6,True,Engineering
TMS002183,COR01865,HRNR,GHGL,NR,ballast_deficiency,C,2025-05-31,2025-05-21,10,USFD_ultrasonic_flaw_detection,0.6,True,Engineering
TMS002184,COR06809,RGS,SMPR,NWR,rail_fracture,A,2025-11-20,2025-11-16,4,visual_patrol,4.6,True,Engineering
TMS002185,COR02814,KLV,PLG,WR,alignment_deviation,A,2024-05-08,2023-05-11,363,manual_gauge_check,5.9,True,Engineering
TMS002186,COR03154,BLAX,MGG,WR,ballast_deficiency,C,2025-08-10,2025-07-20,21,visual_patrol,3.4,True,Engineering
TMS002187,COR04540,CKDL,CHNR,NR,alignment_deviation,C,2024-03-03,2024-02-22,10,manual_gauge_check,2.1,True,Engineering
TMS002188,COR00695,UOI,PLG,WR,weld_failure,A,2025-05-23,2025-03-01,83,visual_patrol,4.7,True,Engineering
TMS002189,COR01899,CLE,WL,SCR,ballast_deficiency,C,2025-08-04,2025-05-29,67,visual_patrol,2.4,True,Engineering
TMS002190,COR00223,HATI,SAGM,WCR,rail_fracture,A,2024-04-02,2024-03-20,13,visual_patrol,5.8,True,Engineering
TMS002191,COR00879,MZL,WDR,SCR,formation_defect,B,2025-08-21,2025-07-06,46,USFD_ultrasonic_flaw_detection,1.5,True,Engineering
TMS002192,COR05255,NWA,GDU,SECR,weld_failure,A,2025-11-06,2025-11-05,1,visual_patrol,3.3,True,Engineering
TMS002193,COR02161,PRGD,VLCY,SR,sleeper_defect,B,2025-10-27,2025-10-14,13,visual_patrol,0.5,False,Engineering
TMS002194,COR01228,UMD,PJR,CR,points_crossing_wear,B,2025-12-22,2025-12-20,2,track_recording_car,0.9,False,Engineering
TMS002195,COR02993,TA,TIR,SR,formation_defect,B,2024-12-08,2024-12-02,6,USFD_ultrasonic_flaw_detection,5.0,False,Engineering
TMS002196,COR01798,KBU,GHA,NR,ballast_deficiency,C,2024-07-12,2024-03-24,110,track_recording_car,3.5,True,Engineering
TMS002197,COR07445,NNP,MIN,NER,rail_fracture,A,2024-05-17,2024-05-04,13,manual_gauge_check,3.3,True,Engineering
TMS002198,COR03063,NPK,AAY,SR,formation_defect,B,2025-08-29,2025-08-22,7,visual_patrol,1.7,True,Engineering
TMS002199,COR01823,MHU,CKD,NWR,alignment_deviation,C,2025-08-06,2025-08-06,0,visual_patrol,3.3,True,Engineering
TMS002200,COR01130,UJH,SKW,NER,points_crossing_wear,B,2024-12-25,2024-12-15,10,visual_patrol,4.4,True,Engineering
TMS002201,COR04258,AED,RBS,NCR,points_crossing_wear,B,2024-05-06,2024-04-21,15,USFD_ultrasonic_flaw_detection,5.4,True,Engineering
TMS002202,COR07001,MVJ,NDT,NWR,alignment_deviation,C,2024-04-18,2014-05-09,3632,track_recording_car,5.1,True,Engineering
TMS002203,COR04326,PDV,AZP,SR,alignment_deviation,B,2025-05-30,2024-05-02,393,track_recording_car,5.5,True,Engineering
TMS002204,COR00693,VGN,BOR,WR,sleeper_defect,B,2024-08-27,2024-08-20,7,visual_patrol,2.1,True,Engineering
TMS002205,COR00053,DNW,KYSD,WR,ballast_deficiency,C,2025-09-29,2025-09-29,0,manual_gauge_check,5.7,True,Engineering
TMS002206,COR02358,BANE,BGKT,NWR,formation_defect,B,2025-02-09,2025-02-05,4,visual_patrol,2.0,True,Engineering
TMS002207,COR00149,PT,GHH,NR,ballast_deficiency,C,2024-03-28,2024-03-21,7,USFD_ultrasonic_flaw_detection,4.5,True,Engineering
TMS002208,COR02074,HEI,MLSA,SWR,rail_fracture,A,2025-12-25,2025-12-24,1,track_recording_car,4.3,True,Engineering
TMS002209,COR01084,GKK,PRKH,SWR,points_crossing_wear,B,2025-07-18,2025-07-11,7,USFD_ultrasonic_flaw_detection,0.8,True,Engineering
TMS002210,COR02974,MAHE,MUKE,SR,weld_failure,A,2025-07-11,2025-07-03,8,manual_gauge_check,0.7,True,Engineering
TMS002211,COR02762,GZN,GUH,NR,ballast_deficiency,C,2024-07-28,2024-07-15,13,visual_patrol,2.6,False,Engineering
TMS002212,COR04919,PNVL,SMNE,CR,alignment_deviation,C,2024-06-25,2024-06-19,6,USFD_ultrasonic_flaw_detection,1.1,True,Engineering
TMS002213,COR00206,JSR,MFX,NCR,ballast_deficiency,C,2024-08-08,2024-07-27,12,visual_patrol,0.6,True,Engineering
TMS002214,COR01955,SSB,DBSI,NR,formation_defect,A,2025-08-31,2025-08-11,20,visual_patrol,4.9,True,Engineering
TMS002215,COR04554,TDO,CGH,NR,alignment_deviation,B,2024-01-11,2024-01-11,0,visual_patrol,3.1,True,Engineering
TMS002216,COR00223,HATI,SAGM,WCR,sleeper_defect,B,2024-01-13,2022-12-30,379,visual_patrol,3.0,True,Engineering
TMS002217,COR00277,HD,PAL,WCR,alignment_deviation,B,2024-04-21,2024-04-19,2,visual_patrol,5.0,True,Engineering
TMS002218,COR04110,JHK,TAPA,NR,sleeper_defect,B,2024-05-02,2024-04-27,5,visual_patrol,5.0,True,Engineering
TMS002219,COR06009,GND,COD,NWR,alignment_deviation,C,2024-04-23,2024-02-04,79,USFD_ultrasonic_flaw_detection,3.5,False,Engineering
TMS002220,COR00238,DDCE,SHR,WCR,alignment_deviation,C,2024-02-25,2024-02-12,13,manual_gauge_check,1.3,True,Engineering
TMS002221,COR01314,BFY,DRS,NWR,alignment_deviation,C,2024-05-27,2024-05-16,11,visual_patrol,2.7,True,Engineering
TMS002222,COR00640,ITKY,TGB,SER,rail_wear,C,2025-08-20,2025-08-20,0,visual_patrol,4.6,True,Engineering
TMS002223,COR04922,PEN,KASU,CR,rail_wear,C,2025-03-06,2025-03-01,5,USFD_ultrasonic_flaw_detection,2.4,True,Engineering
TMS002224,COR06021,DOB,BOX,NWR,sleeper_defect,B,2025-07-24,2025-05-31,54,visual_patrol,5.8,True,Engineering
TMS002225,COR06517,GDB,FSR,NR,alignment_deviation,C,2025-01-26,2025-01-23,3,visual_patrol,1.1,True,Engineering
TMS002226,COR00373,SBK,GZT,NER,rail_wear,C,2024-06-23,2024-02-07,137,manual_gauge_check,3.5,True,Engineering
TMS002227,COR04163,TKOT,MAQ,SR,ballast_deficiency,C,2024-09-18,2024-09-05,13,USFD_ultrasonic_flaw_detection,2.9,False,Engineering
TMS002228,COR07471,BAHI,BNHL,SWR,formation_defect,B,2024-01-10,2024-01-09,1,USFD_ultrasonic_flaw_detection,2.0,True,Engineering
TMS002229,COR00087,FA,KZQ,NWR,alignment_deviation,C,2025-08-01,2025-07-05,27,visual_patrol,0.7,True,Engineering
TMS002230,COR04937,ANO,CHI,KR,weld_failure,A,2025-08-07,2025-07-26,12,track_recording_car,4.7,False,Engineering
TMS002231,COR04268,BSR,JCNR,WR,rail_wear,C,2024-07-21,2024-06-19,32,track_recording_car,5.9,True,Engineering
TMS002232,COR01048,SKAP,MANU,NFR,sleeper_defect,B,2024-06-10,2023-06-27,349,visual_patrol,3.7,True,Engineering
TMS002233,COR01388,ALK,BAL,SR,sleeper_defect,B,2024-03-08,2023-09-13,177,manual_gauge_check,1.6,True,Engineering
TMS002234,COR03615,LKT,GDG,SWR,alignment_deviation,C,2024-01-02,2023-12-23,10,manual_gauge_check,4.7,True,Engineering
TMS002235,COR00077,BMN,SRPJ,NWR,points_crossing_wear,B,2025-04-09,2025-02-01,67,visual_patrol,1.1,True,Engineering
TMS002236,COR02385,CJR,DXR,WR,points_crossing_wear,B,2024-09-15,2022-04-02,897,visual_patrol,4.9,True,Engineering
TMS002237,COR06668,MQW,BEM,NER,alignment_deviation,C,2024-08-28,2024-07-24,35,visual_patrol,3.2,False,Engineering
TMS002238,COR04100,MOT,FSR,NR,points_crossing_wear,B,2025-09-24,2025-07-12,74,visual_patrol,0.5,True,Engineering
TMS002239,COR01527,TR,RGO,SCR,points_crossing_wear,B,2025-05-06,2025-04-23,13,manual_gauge_check,2.6,True,Engineering
TMS002240,COR00085,JWB,BRLY,NWR,points_crossing_wear,B,2025-12-01,2025-10-11,51,visual_patrol,2.9,False,Engineering
TMS002241,COR03940,DUM,RKR,WCR,ballast_deficiency,C,2024-03-28,2023-04-05,358,visual_patrol,4.1,True,Engineering
TMS002242,COR01679,BNE,KFY,WCR,ballast_deficiency,C,2024-06-02,2024-04-08,55,manual_gauge_check,1.5,True,Engineering
TMS002243,COR04943,UKC,BOKE,KR,rail_fracture,A,2024-10-11,2024-10-04,7,USFD_ultrasonic_flaw_detection,0.7,True,Engineering
TMS002244,COR06396,MBS,KFK,NER,points_crossing_wear,B,2025-02-18,2024-12-30,50,USFD_ultrasonic_flaw_detection,1.3,True,Engineering
TMS002245,COR00220,CTHR,KTHA,WCR,weld_failure,A,2025-12-24,2025-11-21,33,track_recording_car,5.5,True,Engineering
TMS002246,COR00538,KZE,NLE,SR,weld_failure,A,2024-01-02,2023-12-24,9,visual_patrol,5.4,True,Engineering
TMS002247,COR02469,BHLA,SOAE,ER,points_crossing_wear,B,2025-04-23,2025-03-21,33,visual_patrol,5.5,True,Engineering
TMS002248,COR00678,BIM,JRS,WR,ballast_deficiency,C,2024-01-18,2024-01-04,14,visual_patrol,1.0,True,Engineering
TMS002249,COR08090,BGQ,TKRU,NCR,points_crossing_wear,B,2025-07-16,2025-06-17,29,visual_patrol,2.8,True,Engineering
TMS002250,COR00624,MDR,TNGM,SCR,formation_defect,B,2025-11-12,2025-09-21,52,manual_gauge_check,2.7,False,Engineering
TMS002251,COR00224,SAGM,STA,WCR,points_crossing_wear,B,2024-01-25,2024-01-12,13,visual_patrol,1.2,True,Engineering
TMS002252,COR00493,BIF,BPF,WCR,weld_failure,C,2024-05-10,2023-10-30,193,USFD_ultrasonic_flaw_detection,5.9,True,Engineering
TMS002253,COR00238,DDCE,SHR,WCR,weld_failure,B,2024-01-12,2023-04-05,282,USFD_ultrasonic_flaw_detection,2.9,True,Engineering
TMS002254,COR00744,PPH,DLR,NER,alignment_deviation,C,2024-11-15,2024-04-06,223,visual_patrol,0.8,False,Engineering
TMS002255,COR03256,PDZ,KNDP,WCR,rail_wear,C,2025-10-11,2025-10-04,7,visual_patrol,5.0,True,Engineering
TMS002256,COR02989,FK,KN,SR,ballast_deficiency,B,2024-11-12,2024-10-01,42,USFD_ultrasonic_flaw_detection,1.3,True,Engineering
TMS002257,COR02763,MDNR,MUZ,NR,sleeper_defect,B,2024-06-16,2024-06-11,5,manual_gauge_check,4.7,True,Engineering
TMS002258,COR00465,WNG,LBG,SCR,sleeper_defect,B,2025-06-05,2025-06-05,0,visual_patrol,2.8,True,Engineering
TMS002259,COR06256,EDD,PDL,SCR,rail_wear,C,2024-10-09,2024-05-05,157,manual_gauge_check,5.8,True,Engineering
TMS002260,COR01919,KRPR,PNF,SCR,rail_wear,C,2025-09-30,2025-09-22,8,visual_patrol,3.1,True,Engineering
TMS002261,COR00569,KVC,KTI,ECR,weld_failure,A,2024-04-21,2024-04-08,13,manual_gauge_check,2.2,True,Engineering
TMS002262,COR08125,SDNR,PCO,SR,rail_wear,C,2024-08-02,2024-07-25,8,visual_patrol,2.2,True,Engineering
TMS002263,COR04067,KSAR,LMT,SWR,sleeper_defect,B,2024-12-10,2024-12-08,2,track_recording_car,2.9,True,Engineering
TMS002264,COR04059,JAK,LKY,SWR,sleeper_defect,B,2024-01-18,2023-12-11,38,manual_gauge_check,4.1,True,Engineering
TMS002265,COR01154,BY,SNRD,CR,alignment_deviation,C,2024-07-19,2024-07-04,15,USFD_ultrasonic_flaw_detection,0.9,True,Engineering
TMS002266,COR00895,SFX,DYE,SCR,alignment_deviation,C,2025-11-24,2025-11-14,10,USFD_ultrasonic_flaw_detection,2.1,False,Engineering
TMS002267,COR02297,TPZ,NGL,NR,ballast_deficiency,C,2025-07-03,2025-06-20,13,visual_patrol,2.7,True,Engineering
TMS002268,COR04315,MY,KTM,SR,ballast_deficiency,A,2024-04-03,2021-02-13,1145,visual_patrol,5.3,True,Engineering
TMS002269,COR03260,DNHK,FSP,WCR,ballast_deficiency,C,2024-05-01,2024-05-01,0,track_recording_car,0.8,True,Engineering
TMS002270,COR06586,NRKE,RSH,NWR,sleeper_defect,B,2024-04-12,2024-04-08,4,track_recording_car,4.0,True,Engineering
TMS002271,COR00209,SRJ,MJHR,NCR,rail_fracture,A,2024-04-17,2020-12-08,1226,USFD_ultrasonic_flaw_detection,3.5,True,Engineering
TMS002272,COR02890,HRD,BRUD,WCR,rail_wear,B,2024-08-02,2024-08-02,0,visual_patrol,5.7,True,Engineering
TMS002273,COR00843,BIWK,NMH,WR,alignment_deviation,C,2025-10-29,2025-10-15,14,USFD_ultrasonic_flaw_detection,0.8,True,Engineering
TMS002274,COR05409,IBL,MYX,SER,alignment_deviation,C,2025-12-01,2025-11-20,11,track_recording_car,5.9,False,Engineering
TMS002275,COR03936,BXN,KEV,WCR,ballast_deficiency,C,2025-06-20,2025-06-06,14,visual_patrol,2.5,True,Engineering
TMS002276,COR00431,BMO,GOPL,SCR,ballast_deficiency,C,2025-12-24,2025-12-19,5,visual_patrol,3.1,True,Engineering
TMS002277,COR02447,GGLE,SHBL,ER,alignment_deviation,C,2024-05-20,2024-03-05,76,track_recording_car,3.8,True,Engineering
TMS002278,COR00759,DEE,DBSI,NR,weld_failure,A,2025-09-22,2025-09-19,3,USFD_ultrasonic_flaw_detection,5.1,True,Engineering
TMS002279,COR00690,BRRD,GVD,WR,points_crossing_wear,B,2024-09-14,2024-07-11,65,USFD_ultrasonic_flaw_detection,4.8,True,Engineering
TMS002280,COR02159,TYMR,TRMN,SR,alignment_deviation,B,2024-01-08,2023-12-10,29,visual_patrol,2.1,True,Engineering
TMS002281,COR03939,JCU,SWAR,WCR,points_crossing_wear,B,2024-01-16,2024-01-15,1,visual_patrol,1.9,False,Engineering
TMS002282,COR00680,DGI,BL,WR,alignment_deviation,C,2024-06-15,2024-06-10,5,manual_gauge_check,1.2,True,Engineering
TMS002283,COR04476,MWA,DGN,CR,sleeper_defect,B,2025-04-11,2025-03-31,11,visual_patrol,4.2,True,Engineering
TMS002284,COR04549,CKKN,BNGL,NR,formation_defect,B,2024-09-08,2024-09-05,3,USFD_ultrasonic_flaw_detection,5.9,False,Engineering
TMS002285,COR03719,LMG,BRLF,NFR,rail_wear,C,2024-04-28,2024-04-27,1,manual_gauge_check,5.4,True,Engineering
TMS002286,COR01715,CTHR,MJG,WCR,rail_fracture,A,2024-02-17,2024-02-06,11,manual_gauge_check,5.8,True,Engineering
TMS002287,COR04258,AED,RBS,NCR,rail_wear,C,2025-09-26,2025-08-27,30,USFD_ultrasonic_flaw_detection,1.7,True,Engineering
TMS002288,COR02603,TOK,MAJN,KR,ballast_deficiency,A,2025-03-11,2025-03-08,3,USFD_ultrasonic_flaw_detection,5.0,True,Engineering
TMS002289,COR01365,KLL,SHRD,WR,ballast_deficiency,C,2025-01-21,2025-01-19,2,USFD_ultrasonic_flaw_detection,2.5,True,Engineering
TMS002290,COR02694,ROK,ABO,NR,sleeper_defect,B,2024-08-24,2024-07-08,47,track_recording_car,5.6,False,Engineering
TMS002291,COR00776,KWMD,RE,NR,points_crossing_wear,B,2024-10-09,2024-10-06,3,manual_gauge_check,2.8,True,Engineering
TMS002292,COR00548,VAPM,CQL,SR,points_crossing_wear,B,2024-11-23,2024-10-23,31,USFD_ultrasonic_flaw_detection,3.5,True,Engineering
TMS002293,COR04241,DKT,LLU,NR,alignment_deviation,C,2025-05-19,2025-03-07,73,visual_patrol,1.0,True,Engineering
TMS002294,COR01684,BELD,KKB,WCR,points_crossing_wear,B,2024-06-07,2024-05-30,8,visual_patrol,5.7,True,Engineering
TMS002295,COR03448,JOH,SMNN,NWR,points_crossing_wear,B,2024-06-06,2024-05-19,18,visual_patrol,2.1,True,Engineering
TMS002296,COR04922,PEN,KASU,CR,sleeper_defect,B,2024-05-24,2024-03-10,75,visual_patrol,0.9,True,Engineering
TMS002297,COR02070,DBS,HHL,SWR,weld_failure,A,2024-09-26,2024-09-14,12,track_recording_car,3.1,False,Engineering
TMS002298,COR04146,ELM,PAY,SR,sleeper_defect,B,2024-11-21,2024-11-06,15,visual_patrol,1.8,True,Engineering
TMS002299,COR00670,CSR,AYRN,ECR,sleeper_defect,B,2024-11-28,2024-09-09,80,track_recording_car,4.2,True,Engineering
TMS002300,COR00583,MJL,BTH,ECR,ballast_deficiency,C,2025-02-16,2024-11-25,83,manual_gauge_check,5.4,True,Engineering
TMS002301,COR02385,CJR,DXR,WR,ballast_deficiency,B,2024-01-11,2024-01-07,4,USFD_ultrasonic_flaw_detection,5.4,True,Engineering
TMS002302,COR00493,BIF,BPF,WCR,rail_wear,C,2024-08-01,2024-06-03,59,track_recording_car,5.8,True,Engineering
TMS002303,COR01849,DZA,UCB,NR,weld_failure,A,2025-05-31,2025-05-18,13,manual_gauge_check,3.8,True,Engineering
TMS002304,COR03462,PTRE,GTM,NCR,rail_fracture,A,2025-02-06,2024-02-14,358,USFD_ultrasonic_flaw_detection,1.8,True,Engineering
TMS002305,COR01521,MSD,SNRD,CR,sleeper_defect,B,2025-12-04,2025-12-04,0,USFD_ultrasonic_flaw_detection,5.1,True,Engineering
TMS002306,COR02132,CTH,KMV,SCR,points_crossing_wear,B,2025-09-02,2024-12-18,258,manual_gauge_check,2.9,True,Engineering
TMS002307,COR00037,CJR,SUNR,WR,ballast_deficiency,C,2024-02-29,2024-02-15,14,track_recording_car,3.3,False,Engineering
TMS002308,COR02272,JHDC,THA,ECR,ballast_deficiency,C,2025-08-23,2025-08-21,2,track_recording_car,0.7,True,Engineering
TMS002309,COR02439,CWLE,KZPR,ER,weld_failure,A,2024-05-13,2024-05-01,12,USFD_ultrasonic_flaw_detection,1.6,True,Engineering
TMS002310,COR00623,MTMI,MDR,SCR,rail_wear,C,2025-04-20,2025-04-18,2,manual_gauge_check,4.1,True,Engineering
TMS002311,COR02898,VRLR,ERL,SR,rail_wear,C,2024-06-10,2024-06-01,9,USFD_ultrasonic_flaw_detection,3.5,True,Engineering
TMS002312,COR01038,PNB,TKC,NFR,points_crossing_wear,B,2024-06-28,2024-06-17,11,manual_gauge_check,5.1,False,Engineering
TMS002313,COR00034,RA,MOL,WR,points_crossing_wear,B,2025-02-27,2025-02-22,5,manual_gauge_check,5.9,True,Engineering
TMS002314,COR00053,DNW,KYSD,WR,rail_wear,C,2024-10-02,2024-09-20,12,USFD_ultrasonic_flaw_detection,0.9,True,Engineering
TMS002315,COR00093,BWA,BGG,NWR,weld_failure,A,2024-08-09,2024-05-01,100,manual_gauge_check,0.9,False,Engineering
TMS002316,COR01941,KODI,SVD,SCR,alignment_deviation,C,2024-10-25,2024-10-05,20,USFD_ultrasonic_flaw_detection,1.6,True,Engineering
TMS002317,COR02063,BAW,SDVL,SWR,ballast_deficiency,C,2025-03-27,2025-02-25,30,visual_patrol,2.0,True,Engineering
TMS002318,COR07406,FAP,GTRA,NR,rail_wear,A,2025-02-11,2024-10-27,107,track_recording_car,2.3,True,Engineering
TMS002319,COR05345,GUX,AMX,SCR,points_crossing_wear,B,2024-04-21,2019-07-25,1732,track_recording_car,1.7,True,Engineering
TMS002320,COR00468,DSK,SAV,CR,alignment_deviation,C,2024-06-12,2024-06-10,2,manual_gauge_check,1.1,True,Engineering
TMS002321,COR01601,SVNR,KVS,SWR,rail_fracture,A,2024-03-01,2023-12-22,70,visual_patrol,2.9,True,Engineering
TMS002322,COR01728,MFX,JSR,NCR,ballast_deficiency,C,2025-10-21,2024-10-12,374,visual_patrol,5.9,True,Engineering
TMS002323,COR01023,DHRY,HJI,NFR,alignment_deviation,C,2025-06-01,2025-06-01,0,manual_gauge_check,2.9,True,Engineering
TMS002324,COR01852,BNGL,CKKN,NR,sleeper_defect,B,2024-06-22,2024-06-22,0,visual_patrol,0.6,True,Engineering
TMS002325,COR00314,MDKD,MDF,SER,rail_wear,C,2024-07-09,2024-06-02,37,track_recording_car,5.5,True,Engineering
TMS002326,COR06406,KRKN,LYD,SER,rail_wear,C,2025-07-09,2025-07-01,8,USFD_ultrasonic_flaw_detection,0.7,True,Engineering
TMS002327,COR05629,SALI,GLTA,NWR,ballast_deficiency,C,2024-06-20,2024-06-20,0,visual_patrol,0.9,True,Engineering
TMS002328,COR01688,BHTN,BRGT,WCR,formation_defect,B,2024-04-26,2023-12-27,121,USFD_ultrasonic_flaw_detection,4.5,False,Engineering
TMS002329,COR01156,MSD,CSTM,CR,alignment_deviation,C,2025-08-17,2025-08-05,12,USFD_ultrasonic_flaw_detection,3.5,True,Engineering
TMS002330,COR03699,VSU,RSG,SER,ballast_deficiency,C,2024-06-15,2024-05-06,40,visual_patrol,1.9,False,Engineering
TMS002331,COR02832,JRS,BIM,WR,weld_failure,A,2024-05-05,2024-04-28,7,visual_patrol,5.8,True,Engineering
TMS002332,COR01075,VJR,SED,SWR,ballast_deficiency,C,2025-09-04,2025-08-25,10,visual_patrol,5.5,True,Engineering
TMS002333,COR02971,DMD,TLY,SR,rail_wear,C,2025-02-15,2025-01-31,15,visual_patrol,3.1,True,Engineering
TMS002334,COR01683,GPC,BELD,WCR,ballast_deficiency,C,2025-10-18,2025-10-10,8,visual_patrol,1.6,True,Engineering
TMS002335,COR02990,KN,VLI,SR,alignment_deviation,C,2024-03-18,2024-03-04,14,track_recording_car,1.0,True,Engineering
TMS002336,COR03939,JCU,SWAR,WCR,weld_failure,A,2024-11-22,2023-12-25,333,visual_patrol,5.2,True,Engineering
TMS002337,COR01749,MSRP,CRG,WCR,sleeper_defect,B,2025-09-27,2025-09-27,0,USFD_ultrasonic_flaw_detection,3.0,True,Engineering
TMS002338,COR00098,BFY,SOD,NWR,points_crossing_wear,B,2024-10-02,2024-07-10,84,visual_patrol,1.3,True,Engineering
TMS002339,COR00607,YGL,NKD,SCR,weld_failure,A,2024-12-29,2024-12-19,10,visual_patrol,1.0,True,Engineering
TMS002340,COR04294,ARJ,MHO,NER,weld_failure,A,2025-06-13,2025-06-12,1,manual_gauge_check,3.2,True,Engineering
TMS002341,COR03082,PYOL,IGL,SR,ballast_deficiency,C,2024-05-14,2024-05-06,8,visual_patrol,1.0,True,Engineering
TMS002342,COR03836,AGI,NMT,NFR,ballast_deficiency,C,2025-08-27,2025-08-24,3,visual_patrol,5.6,True,Engineering
TMS002343,COR04293,DMA,BURN,SER,sleeper_defect,B,2024-07-22,2024-04-24,89,manual_gauge_check,5.3,True,Engineering
TMS002344,COR02829,ATUL,BL,WR,rail_wear,C,2024-06-18,2024-06-17,1,visual_patrol,4.4,True,Engineering
TMS002345,COR06775,MLC,MHJ,NWR,ballast_deficiency,C,2025-06-23,2025-06-12,11,USFD_ultrasonic_flaw_detection,5.1,True,Engineering
TMS002346,COR07204,GLGT,FKG,NFR,ballast_deficiency,C,2025-02-18,2025-01-16,33,track_recording_car,0.6,True,Engineering
TMS002347,COR01746,SFNR,INDM,WR,weld_failure,A,2024-08-09,2024-07-31,9,manual_gauge_check,4.0,True,Engineering
TMS002348,COR01686,SRID,BMR,WCR,alignment_deviation,C,2024-07-06,2024-05-29,38,manual_gauge_check,0.5,True,Engineering
TMS002349,COR00655,CKR,RBG,SWR,alignment_deviation,C,2024-11-03,2024-09-27,37,USFD_ultrasonic_flaw_detection,3.5,True,Engineering
TMS002350,COR04181,GRN,JHL,NR,rail_wear,C,2024-06-15,2024-06-10,5,visual_patrol,2.0,True,Engineering
TMS002351,COR02811,VR,VTN,WR,points_crossing_wear,B,2025-02-07,2024-11-30,69,visual_patrol,4.3,True,Engineering
TMS002352,COR01801,FDK,GZS,NR,rail_fracture,A,2025-08-17,2025-04-22,117,visual_patrol,1.6,True,Engineering
TMS002353,COR04871,DABN,BMK,NWR,formation_defect,A,2024-03-27,2024-03-05,22,USFD_ultrasonic_flaw_detection,1.9,True,Engineering
TMS002354,COR02585,GOK,KT,KR,ballast_deficiency,C,2024-03-29,2024-03-02,27,manual_gauge_check,1.7,False,Engineering
TMS002355,COR03698,PBA,VSU,SER,sleeper_defect,C,2025-11-05,2025-10-21,15,visual_patrol,2.7,True,Engineering
TMS002356,COR06030,DLI,DEC,NR,alignment_deviation,C,2024-05-12,2024-04-29,13,visual_patrol,1.7,True,Engineering
TMS002357,COR06358,TSS,MFM,NR,rail_fracture,A,2024-07-23,2024-07-18,5,visual_patrol,1.0,True,Engineering
TMS002358,COR03274,MIQ,PTLI,NCR,alignment_deviation,C,2025-02-24,2025-02-18,6,visual_patrol,4.0,True,Engineering
TMS002359,COR00992,LH,NCH,NFR,alignment_deviation,C,2024-04-11,2024-04-05,6,visual_patrol,2.0,True,Engineering
TMS002360,COR00418,NLRD,KQD,SCR,alignment_deviation,C,2025-06-19,2025-06-07,12,visual_patrol,5.7,False,Engineering
TMS002361,COR04145,PAZ,ELM,SR,sleeper_defect,B,2024-07-03,2024-05-11,53,USFD_ultrasonic_flaw_detection,0.7,True,Engineering
TMS002362,COR01881,MDR,MTMI,SCR,weld_failure,A,2024-01-21,2024-01-07,14,manual_gauge_check,5.1,True,Engineering
TMS002363,COR02973,JGE,MAHE,SR,ballast_deficiency,C,2024-10-20,2024-10-15,5,USFD_ultrasonic_flaw_detection,2.9,True,Engineering
TMS002364,COR01035,KKET,TTLA,NFR,alignment_deviation,C,2024-12-09,2024-11-26,13,track_recording_car,3.3,True,Engineering
TMS002365,COR00966,DKM,CHB,NFR,points_crossing_wear,B,2025-07-02,2025-06-23,9,visual_patrol,1.7,True,Engineering
TMS002366,COR00483,KKN,KRO,WCR,points_crossing_wear,C,2025-06-12,2025-06-06,6,USFD_ultrasonic_flaw_detection,4.4,True,Engineering
TMS002367,COR00047,KLL,CTRL,WR,rail_wear,C,2025-10-02,2025-09-22,10,manual_gauge_check,3.1,False,Engineering
TMS002368,COR00620,CKN,NVC,SCR,sleeper_defect,B,2024-02-03,2024-02-03,0,USFD_ultrasonic_flaw_detection,1.7,True,Engineering
TMS002369,COR01008,KHKT,DMV,NFR,sleeper_defect,B,2024-04-06,2024-01-29,68,visual_patrol,3.0,False,Engineering
TMS002370,COR02407,HAPA,JAM,WR,ballast_deficiency,C,2024-03-25,2024-03-13,12,USFD_ultrasonic_flaw_detection,3.0,True,Engineering
TMS002371,COR05003,MCJ,TRB,SR,alignment_deviation,C,2024-05-14,2024-04-30,14,track_recording_car,2.6,True,Engineering
TMS002372,COR02713,KB,STP,NER,alignment_deviation,C,2025-12-11,2025-12-02,9,visual_patrol,2.6,True,Engineering
TMS002373,COR02925,GIR,PPW,NER,rail_fracture,B,2025-08-13,2025-08-08,5,manual_gauge_check,0.6,True,Engineering
TMS002374,COR01521,MSD,SNRD,CR,formation_defect,B,2024-01-21,2023-11-17,65,visual_patrol,1.8,True,Engineering
TMS002375,COR05390,KID,MTH,NCR,rail_fracture,A,2025-03-30,2025-03-23,7,visual_patrol,2.8,True,Engineering
TMS002376,COR00704,VR,NSP,WR,sleeper_defect,B,2025-02-18,2025-01-31,18,USFD_ultrasonic_flaw_detection,4.9,False,Engineering
TMS002377,COR02683,GSO,UCA,NR,weld_failure,A,2025-08-11,2025-07-27,15,USFD_ultrasonic_flaw_detection,4.8,True,Engineering
TMS002378,COR04290,RKI,MDF,SER,sleeper_defect,B,2025-05-29,2025-05-23,6,track_recording_car,4.2,True,Engineering
TMS002379,COR00178,BRU,HIR,ECR,sleeper_defect,B,2025-11-27,2025-11-18,9,manual_gauge_check,4.3,True,Engineering
TMS002380,COR05143,SGRL,MHDA,ECR,points_crossing_wear,B,2025-10-14,2025-10-04,10,visual_patrol,0.6,True,Engineering
TMS002381,COR01318,BGG,BWA,NWR,weld_failure,A,2024-09-25,2024-09-02,23,USFD_ultrasonic_flaw_detection,3.6,True,Engineering
TMS002382,COR04241,DKT,LLU,NR,points_crossing_wear,B,2025-02-20,2025-02-01,19,visual_patrol,1.5,True,Engineering
TMS002383,COR00240,GSPR,DOE,WCR,alignment_deviation,C,2025-04-30,2025-01-22,98,visual_patrol,5.0,True,Engineering
TMS002384,COR04257,FTS,AED,NCR,points_crossing_wear,B,2025-07-03,2025-04-06,88,manual_gauge_check,3.2,True,Engineering
TMS002385,COR01852,BNGL,CKKN,NR,ballast_deficiency,C,2025-04-19,2025-04-12,7,visual_patrol,4.6,False,Engineering
TMS002386,COR02525,RPHR,DNX,NR,alignment_deviation,C,2025-08-24,2025-08-12,12,visual_patrol,0.7,True,Engineering
TMS002387,COR02832,JRS,BIM,WR,formation_defect,B,2025-11-21,2023-10-26,757,track_recording_car,5.8,True,Engineering
TMS002388,COR07924,BADK,AIH,NR,points_crossing_wear,B,2025-04-05,2025-03-23,13,visual_patrol,2.6,True,Engineering
TMS002389,COR02976,NAU,BDJ,SR,alignment_deviation,C,2025-09-13,2025-09-05,8,USFD_ultrasonic_flaw_detection,5.8,True,Engineering
TMS002390,COR02774,MOZ,BMHR,NR,points_crossing_wear,B,2024-02-25,2024-01-09,47,track_recording_car,4.8,True,Engineering
TMS002391,COR04690,SAPE,VEER,KR,weld_failure,A,2025-05-29,2025-05-14,15,manual_gauge_check,0.5,True,Engineering
TMS002392,COR06647,MLQ,TSAH,SER,ballast_deficiency,C,2024-04-15,2024-04-14,1,visual_patrol,5.2,False,Engineering
TMS002393,COR02820,GVD,BRRD,WR,alignment_deviation,C,2024-04-05,2024-01-15,81,visual_patrol,1.6,True,Engineering
TMS002394,COR00175,AWS,BUG,ECR,sleeper_defect,B,2025-10-07,2020-01-18,2089,visual_patrol,3.0,True,Engineering
TMS002395,COR00120,KSG,TL,NWR,formation_defect,C,2025-04-10,2024-12-07,124,visual_patrol,1.3,True,Engineering
TMS002396,COR06464,AVL,MQZ,WR,points_crossing_wear,B,2025-06-23,2025-04-30,54,visual_patrol,5.7,True,Engineering
TMS002397,COR00072,SIM,MAA,NWR,weld_failure,A,2025-08-01,2025-06-03,59,visual_patrol,4.1,True,Engineering
TMS002398,COR00276,CRK,HD,WCR,sleeper_defect,C,2024-04-22,2024-02-17,65,visual_patrol,3.1,True,Engineering
TMS002399,COR00060,UJA,KMLI,WR,rail_fracture,A,2025-04-12,2025-04-09,3,visual_patrol,4.7,True,Engineering
TMS002400,COR06019,NWH,BWPL,NWR,ballast_deficiency,C,2024-08-11,2024-08-03,8,visual_patrol,3.8,True,Engineering
TMS002401,COR00658,KUD,UGR,SWR,ballast_deficiency,C,2024-01-07,2023-10-21,78,visual_patrol,0.6,True,Engineering
TMS002402,COR04640,UD,BKJ,KR,rail_wear,C,2024-08-08,2024-07-28,11,USFD_ultrasonic_flaw_detection,0.6,True,Engineering
TMS002403,COR06088,WDA,MBG,NFR,rail_wear,C,2025-07-18,2025-07-13,5,manual_gauge_check,3.6,True,Engineering
TMS002404,COR04667,ZARP,KUDL,KR,alignment_deviation,C,2024-01-01,2023-12-18,14,visual_patrol,4.6,True,Engineering
TMS002405,COR01385,KXO,MAV,SR,alignment_deviation,C,2024-12-29,2024-12-18,11,visual_patrol,4.7,True,Engineering
TMS002406,COR04150,CHV,NLE,SR,formation_defect,B,2025-11-26,2025-10-06,51,visual_patrol,1.8,True,Engineering
TMS002407,COR03768,DYU,MALA,NER,alignment_deviation,C,2024-12-26,2024-12-23,3,manual_gauge_check,3.6,False,Engineering
TMS002408,COR00894,RKO,SFX,SCR,sleeper_defect,B,2024-07-21,2024-07-17,4,manual_gauge_check,1.8,True,Engineering
TMS002409,COR01763,KNDP,PDZ,WCR,sleeper_defect,B,2024-10-17,2019-02-15,2071,USFD_ultrasonic_flaw_detection,1.2,True,Engineering
TMS002410,COR02800,JOS,GMN,WR,sleeper_defect,B,2024-05-18,2023-11-20,180,track_recording_car,5.7,True,Engineering
TMS002411,COR02420,OKD,GRJA,WR,ballast_deficiency,C,2024-01-12,2023-12-11,32,visual_patrol,2.7,False,Engineering
TMS002412,COR06522,ABS,KLWL,NR,points_crossing_wear,B,2025-01-21,2025-01-10,11,USFD_ultrasonic_flaw_detection,3.7,False,Engineering
TMS002413,COR02859,KGX,GDG,SWR,alignment_deviation,C,2024-09-10,2024-06-16,86,visual_patrol,4.6,True,Engineering
TMS002414,COR05119,PSLI,BSSL,WCR,sleeper_defect,B,2025-09-17,2025-07-06,73,visual_patrol,5.5,True,Engineering
TMS002415,COR01311,BGX,BQN,NWR,ballast_deficiency,C,2025-09-14,2025-09-06,8,manual_gauge_check,1.0,True,Engineering
TMS002416,COR02444,MHTR,SALE,ER,ballast_deficiency,C,2025-02-16,2025-02-12,4,visual_patrol,0.5,True,Engineering
TMS002417,COR01281,MG,BWZ,NR,formation_defect,B,2024-05-30,2024-05-18,12,manual_gauge_check,4.5,False,Engineering
TMS002418,COR06698,SRGT,JVN,WR,ballast_deficiency,C,2024-10-18,2024-10-17,1,track_recording_car,3.6,True,Engineering
TMS002419,COR00422,LKPL,KQD,SCR,ballast_deficiency,C,2025-10-12,2025-10-08,4,manual_gauge_check,3.1,True,Engineering
TMS002420,COR02964,AT,KAWR,KR,sleeper_defect,B,2024-06-12,2024-04-19,54,track_recording_car,4.2,True,Engineering
TMS002421,COR01268,DHPR,LLU,NR,rail_fracture,A,2024-02-26,2024-01-22,35,USFD_ultrasonic_flaw_detection,1.8,True,Engineering
TMS002422,COR00119,GEK,KSG,NWR,rail_wear,C,2025-09-29,2025-09-26,3,manual_gauge_check,3.6,True,Engineering
TMS002423,COR00459,UMRI,SLGH,SCR,rail_wear,C,2024-02-04,2023-11-11,85,USFD_ultrasonic_flaw_detection,5.2,True,Engineering
TMS002424,COR00475,CDI,NPNR,CR,rail_fracture,A,2025-04-04,2025-04-04,0,USFD_ultrasonic_flaw_detection,2.7,False,Engineering
TMS002425,COR01884,NVC,CKN,SCR,ballast_deficiency,C,2024-01-07,2023-11-15,53,visual_patrol,4.9,True,Engineering
TMS002426,COR00984,LXA,MUGN,NFR,alignment_deviation,C,2025-05-08,2024-10-30,190,track_recording_car,2.2,True,Engineering
TMS002427,COR00049,EN,PN,WR,sleeper_defect,B,2025-05-23,2025-04-28,25,manual_gauge_check,2.4,True,Engineering
TMS002428,COR00271,BPF,BIF,WCR,points_crossing_wear,B,2025-12-12,2025-06-29,166,visual_patrol,3.9,True,Engineering
TMS002429,COR02839,SCH,BHET,WR,weld_failure,A,2025-04-15,2025-04-09,6,visual_patrol,2.1,True,Engineering
TMS002430,COR01213,MRTY,PNF,SCR,rail_wear,C,2024-10-04,2024-10-04,0,USFD_ultrasonic_flaw_detection,0.6,True,Engineering
TMS002431,COR02533,JHL,GRN,NR,alignment_deviation,C,2024-01-06,2024-01-04,2,track_recording_car,3.1,True,Engineering
TMS002432,COR04363,SDG,MNO,ECR,points_crossing_wear,B,2024-12-31,2024-10-05,87,visual_patrol,4.3,False,Engineering
TMS002433,COR00607,YGL,NKD,SCR,points_crossing_wear,B,2024-07-16,2024-07-04,12,manual_gauge_check,0.7,True,Engineering
TMS002434,COR02763,MDNR,MUZ,NR,sleeper_defect,B,2024-04-07,2024-04-05,2,visual_patrol,5.1,True,Engineering
TMS002435,COR03904,BZO,UCA,NR,points_crossing_wear,B,2025-02-11,2025-02-08,3,visual_patrol,3.2,True,Engineering
TMS002436,COR00204,PFM,PRG,NR,rail_fracture,A,2024-11-14,2024-10-28,17,visual_patrol,2.2,True,Engineering
TMS002437,COR07667,BSLA,LBTL,ER,rail_wear,C,2024-06-02,2023-05-29,370,visual_patrol,4.9,True,Engineering
TMS002438,COR00697,KLV,SAH,WR,sleeper_defect,B,2024-09-01,2024-08-11,21,USFD_ultrasonic_flaw_detection,5.5,True,Engineering
TMS002439,COR01752,RKR,DUM,WCR,rail_wear,C,2025-11-06,2025-10-19,18,USFD_ultrasonic_flaw_detection,3.5,True,Engineering
TMS002440,COR01412,KMD,URL,SR,points_crossing_wear,B,2024-10-16,2019-05-30,1966,track_recording_car,4.4,True,Engineering
TMS002441,COR00691,GVD,DRD,WR,ballast_deficiency,C,2024-07-13,2024-07-12,1,USFD_ultrasonic_flaw_detection,3.1,True,Engineering
TMS002442,COR00077,BMN,SRPJ,NWR,rail_wear,C,2025-05-14,2025-03-04,71,visual_patrol,4.5,True,Engineering
TMS002443,COR02156,KTPM,KTBR,SR,rail_wear,C,2025-09-05,2025-09-02,3,track_recording_car,1.0,True,Engineering
TMS002444,COR04691,VEER,GNO,KR,formation_defect,B,2024-04-04,2023-11-25,131,visual_patrol,5.2,True,Engineering
TMS002445,COR01718,BQF,BNSP,WCR,weld_failure,A,2025-07-28,2025-07-18,10,visual_patrol,1.4,True,Engineering
TMS002446,COR00671,BHET,SCH,WR,weld_failure,A,2025-04-10,2025-04-01,9,track_recording_car,4.2,True,Engineering
TMS002447,COR00068,CTT,JTY,NWR,ballast_deficiency,C,2025-05-03,2025-02-16,76,manual_gauge_check,2.5,True,Engineering
TMS002448,COR02152,MLHS,MTMY,SR,formation_defect,B,2025-10-17,2025-05-09,161,manual_gauge_check,0.9,True,Engineering
TMS002449,COR01189,SIW,MSR,CR,alignment_deviation,C,2025-08-13,2025-06-27,47,visual_patrol,5.3,True,Engineering
TMS002450,COR01713,JTW,KTHA,WCR,sleeper_defect,B,2025-12-20,2025-12-10,10,track_recording_car,2.6,True,Engineering
TMS002451,COR00774,IHP,KIP,NR,rail_fracture,A,2024-01-17,2024-01-08,9,visual_patrol,3.2,True,Engineering
TMS002452,COR01954,TR,NSL,SCR,ballast_deficiency,C,2024-02-23,2024-02-13,10,visual_patrol,0.7,True,Engineering
TMS002453,COR01890,DKJ,GLA,SCR,rail_fracture,C,2025-10-24,2025-10-22,2,USFD_ultrasonic_flaw_detection,2.0,True,Engineering
TMS002454,COR02645,PAQ,ALJ,NER,weld_failure,A,2024-06-17,2024-05-17,31,visual_patrol,4.6,True,Engineering
TMS002455,COR00492,PGL,BIF,WCR,weld_failure,A,2025-04-16,2025-04-10,6,track_recording_car,3.6,True,Engineering
TMS002456,COR01674,PPI,BKH,WCR,alignment_deviation,C,2024-02-12,2023-12-08,66,visual_patrol,4.4,True,Engineering
TMS002457,COR00477,DGN,KDK,CR,rail_wear,C,2024-10-29,2024-08-11,79,track_recording_car,1.9,True,Engineering
TMS002458,COR03042,KMD,PGR,SR,rail_wear,B,2025-12-11,2025-10-20,52,visual_patrol,2.3,True,Engineering
TMS002459,COR00455,BSX,DAB,SCR,rail_fracture,A,2024-12-22,2024-10-18,65,USFD_ultrasonic_flaw_detection,3.4,True,Engineering
TMS002460,COR04903,CPT,SET,SWR,ballast_deficiency,C,2024-06-20,2021-08-12,1043,USFD_ultrasonic_flaw_detection,4.3,True,Engineering
TMS002461,COR02213,HWT,LUNI,NWR,sleeper_defect,B,2024-08-28,2024-08-28,0,manual_gauge_check,2.7,True,Engineering
TMS002462,COR04910,S,NHY,SWR,ballast_deficiency,C,2025-04-04,2025-03-26,9,manual_gauge_check,1.3,True,Engineering
TMS002463,COR06002,JPZ,AYU,NFR,rail_fracture,A,2025-01-09,2024-12-16,24,USFD_ultrasonic_flaw_detection,0.6,True,Engineering
TMS002464,COR00686,KEB,BLD,WR,rail_fracture,A,2025-03-09,2025-02-10,27,USFD_ultrasonic_flaw_detection,1.0,True,Engineering
TMS002465,COR01596,KNO,SNH,SWR,sleeper_defect,A,2024-03-17,2024-03-08,9,visual_patrol,3.7,True,Engineering
TMS002466,COR02801,GMN,MDD,WR,rail_fracture,A,2024-08-06,2024-07-26,11,visual_patrol,5.0,True,Engineering
TMS002467,COR07805,LCH,MSH,WR,sleeper_defect,C,2025-10-20,2025-10-18,2,manual_gauge_check,4.0,True,Engineering
TMS002468,COR01891,GLA,GUU,SCR,alignment_deviation,C,2024-08-07,2024-05-09,90,USFD_ultrasonic_flaw_detection,2.6,True,Engineering
TMS002469,COR00785,GAL,PSL,NWR,rail_wear,C,2025-02-09,2025-01-26,14,USFD_ultrasonic_flaw_detection,0.5,True,Engineering
TMS002470,COR00195,MAI,MHL,ECR,ballast_deficiency,C,2025-04-30,2025-02-12,77,manual_gauge_check,1.0,True,Engineering
TMS002471,COR04998,PLI,PGN,SR,alignment_deviation,C,2025-09-09,2025-09-09,0,visual_patrol,3.2,True,Engineering
TMS002472,COR04953,SNDD,KUDL,KR,weld_failure,A,2025-11-29,2025-10-17,43,visual_patrol,3.6,False,Engineering
TMS002473,COR01189,SIW,MSR,CR,rail_fracture,A,2024-09-02,2023-12-22,255,track_recording_car,5.0,False,Engineering
TMS002474,COR05592,MYL,LMD,SCR,sleeper_defect,B,2024-09-21,2024-08-13,39,visual_patrol,3.1,True,Engineering
TMS002475,COR06230,BTI,GSW,NR,ballast_deficiency,C,2024-02-17,2023-09-07,163,visual_patrol,4.3,True,Engineering
TMS002476,COR00284,BRUD,CAER,WCR,formation_defect,B,2024-06-28,2024-05-14,45,USFD_ultrasonic_flaw_detection,2.1,True,Engineering
TMS002477,COR01268,DHPR,LLU,NR,formation_defect,B,2025-11-19,2025-11-19,0,USFD_ultrasonic_flaw_detection,5.0,False,Engineering
TMS002478,COR01475,JID,AJRE,NFR,ballast_deficiency,C,2025-03-29,2024-11-29,120,visual_patrol,3.6,True,Engineering
TMS002479,COR00240,GSPR,DOE,WCR,points_crossing_wear,B,2024-10-18,2024-10-06,12,manual_gauge_check,1.7,True,Engineering
TMS002480,COR04304,LRD,SRU,NER,sleeper_defect,B,2025-05-19,2025-04-17,32,USFD_ultrasonic_flaw_detection,3.1,True,Engineering
TMS002481,COR00252,BELD,GPC,WCR,rail_wear,C,2025-02-15,2024-04-27,294,manual_gauge_check,4.5,True,Engineering
TMS002482,COR04555,AWL,DRE,NR,rail_fracture,A,2024-02-05,2024-01-24,12,visual_patrol,2.2,True,Engineering
TMS002483,COR04537,SMBX,GHGL,NR,weld_failure,A,2025-10-17,2025-09-27,20,USFD_ultrasonic_flaw_detection,4.4,True,Engineering
TMS002484,COR00476,NPNR,MWA,CR,sleeper_defect,C,2025-01-10,2024-02-12,333,USFD_ultrasonic_flaw_detection,2.9,True,Engineering
TMS002485,COR01683,GPC,BELD,WCR,rail_wear,C,2024-01-15,2024-01-10,5,manual_gauge_check,1.8,True,Engineering
TMS002486,COR04584,ATE,KHU,NCR,formation_defect,B,2024-09-25,2024-07-20,67,manual_gauge_check,4.5,True,Engineering
TMS002487,COR01951,LSR,PSD,SCR,ballast_deficiency,C,2025-06-19,2025-05-21,29,manual_gauge_check,5.9,True,Engineering
TMS002488,COR02808,NIG,BSR,WR,sleeper_defect,B,2025-09-04,2025-08-27,8,track_recording_car,1.9,False,Engineering
TMS002489,COR02309,PQY,MUT,NR,rail_fracture,A,2024-01-15,2023-05-09,251,manual_gauge_check,3.8,True,Engineering
TMS002490,COR00696,PLG,KLV,WR,alignment_deviation,C,2024-05-10,2024-05-04,6,visual_patrol,1.7,True,Engineering
TMS002491,COR05539,SYE,ROL,SECR,weld_failure,A,2025-12-21,2025-09-22,90,manual_gauge_check,3.4,True,Engineering
TMS002492,COR03287,BNWC,BMLL,NWR,rail_wear,C,2024-08-21,2024-08-11,10,visual_patrol,0.5,True,Engineering
TMS002493,COR03606,HMO,HMH,NWR,sleeper_defect,B,2024-05-20,2023-11-28,174,manual_gauge_check,5.0,False,Engineering
TMS002494,COR03796,PCZ,DKJ,SCR,ballast_deficiency,C,2024-12-15,2024-12-10,5,visual_patrol,3.0,True,Engineering
TMS002495,COR02202,SGLM,MP,SR,alignment_deviation,C,2024-07-28,2024-07-24,4,USFD_ultrasonic_flaw_detection,4.0,True,Engineering
TMS002496,COR00218,MKD,TKYR,WCR,formation_defect,B,2025-06-18,2025-06-06,12,visual_patrol,4.3,False,Engineering
TMS002497,COR00687,BLD,SJN,WR,alignment_deviation,C,2025-04-23,2025-04-14,9,track_recording_car,3.7,True,Engineering
TMS002498,COR05174,BXLL,CPU,ECR,ballast_deficiency,C,2025-12-04,2025-11-21,13,USFD_ultrasonic_flaw_detection,2.0,True,Engineering
TMS002499,COR01712,HATI,JTW,WCR,rail_wear,C,2025-03-31,2017-03-09,2944,visual_patrol,2.7,True,Engineering
TMS002500,COR04905,HNK,MYA,SWR,rail_fracture,A,2025-02-14,2025-02-02,12,visual_patrol,1.0,True,Engineering
TMS002501,COR05642,SOG,BNSR,NWR,alignment_deviation,C,2024-12-04,2024-11-26,8,USFD_ultrasonic_flaw_detection,5.6,False,Engineering
TMS002502,COR01418,KTMA,BATL,SECR,alignment_deviation,C,2024-06-25,2024-06-22,3,visual_patrol,2.9,True,Engineering
TMS002503,COR00208,LOG,SRJ,NCR,points_crossing_wear,B,2025-06-27,2025-04-19,69,manual_gauge_check,2.1,True,Engineering
TMS002504,COR00244,HBG,MML,WCR,sleeper_defect,B,2024-09-19,2024-09-14,5,manual_gauge_check,1.9,True,Engineering
TMS002505,COR02829,ATUL,BL,WR,sleeper_defect,B,2024-07-25,2024-07-19,6,USFD_ultrasonic_flaw_detection,5.5,False,Engineering
TMS002506,COR00064,CHP,UM,WR,alignment_deviation,C,2024-03-06,2024-02-14,21,USFD_ultrasonic_flaw_detection,5.8,True,Engineering
TMS002507,COR00169,GH,SBZ,NER,formation_defect,B,2025-06-08,2025-06-02,6,USFD_ultrasonic_flaw_detection,0.8,True,Engineering
TMS002508,COR03693,GSL,SLB,SER,alignment_deviation,C,2024-02-01,2023-12-19,44,manual_gauge_check,4.8,True,Engineering
TMS002509,COR00239,SHR,GSPR,WCR,ballast_deficiency,C,2025-10-15,2025-08-05,71,visual_patrol,3.8,True,Engineering
TMS002510,COR05138,PPKD,MWF,ECR,rail_wear,C,2024-10-06,2024-04-29,160,visual_patrol,1.3,True,Engineering
TMS002511,COR00698,SAH,VTN,WR,sleeper_defect,B,2024-02-13,2024-02-03,10,USFD_ultrasonic_flaw_detection,2.4,True,Engineering
TMS002512,COR04144,KPQ,PAZ,SR,sleeper_defect,B,2025-08-09,2024-05-07,459,visual_patrol,4.0,False,Engineering
TMS002513,COR02811,VR,VTN,WR,formation_defect,B,2024-02-16,2023-11-22,86,visual_patrol,5.9,True,Engineering
TMS002514,COR03899,JNA,JJT,NR,ballast_deficiency,C,2024-08-26,2024-05-05,113,manual_gauge_check,2.4,True,Engineering
TMS002515,COR07314,ABX,KNVT,SCR,weld_failure,A,2025-04-24,2025-04-06,18,visual_patrol,2.2,True,Engineering
TMS002516,COR00288,MWA,NPNR,CR,alignment_deviation,C,2025-04-16,2025-04-03,13,visual_patrol,2.5,False,Engineering
TMS002517,COR03260,DNHK,FSP,WCR,weld_failure,A,2024-06-11,2024-03-21,82,visual_patrol,3.3,True,Engineering
TMS002518,COR00471,RV,WGA,CR,points_crossing_wear,B,2025-12-14,2025-12-02,12,USFD_ultrasonic_flaw_detection,5.7,True,Engineering
TMS002519,COR01857,CHKB,BHRL,NR,ballast_deficiency,C,2024-02-01,2024-01-19,13,track_recording_car,2.5,True,Engineering
TMS002520,COR03894,ABO,ROK,NR,alignment_deviation,C,2024-10-26,2024-10-11,15,manual_gauge_check,1.7,True,Engineering
TMS002521,COR01930,PBN,PG,SCR,formation_defect,B,2025-11-03,2025-10-28,6,manual_gauge_check,5.5,True,Engineering
TMS002522,COR00281,KRO,KKN,WCR,alignment_deviation,C,2025-04-24,2025-03-28,27,USFD_ultrasonic_flaw_detection,1.3,True,Engineering
TMS002523,COR05425,ARKA,PQN,NR,alignment_deviation,C,2025-09-29,2025-07-22,69,USFD_ultrasonic_flaw_detection,5.1,False,Engineering
TMS002524,COR06127,SGD,BJUD,WR,ballast_deficiency,C,2024-05-01,2024-04-16,15,USFD_ultrasonic_flaw_detection,3.3,True,Engineering
TMS002525,COR07472,BNHL,CTA,SWR,rail_wear,C,2024-02-27,2023-11-30,89,visual_patrol,5.0,True,Engineering
TMS002526,COR01880,TNGM,MDR,SCR,alignment_deviation,C,2024-02-26,2023-12-15,73,track_recording_car,3.5,True,Engineering
TMS002527,COR07638,GCN,HGA,ER,points_crossing_wear,B,2025-03-06,2025-02-20,14,USFD_ultrasonic_flaw_detection,2.2,True,Engineering
TMS002528,COR00256,KFY,BNE,WCR,alignment_deviation,C,2025-04-08,2025-04-07,1,track_recording_car,3.0,True,Engineering
TMS002529,COR02822,UBR,SJN,WR,ballast_deficiency,C,2025-01-13,2024-11-20,54,USFD_ultrasonic_flaw_detection,3.8,True,Engineering
TMS002530,COR01719,BNSP,MKP,WCR,sleeper_defect,B,2025-02-24,2025-02-10,14,visual_patrol,0.6,True,Engineering
TMS002531,COR00064,CHP,UM,WR,sleeper_defect,A,2024-07-03,2024-06-04,29,visual_patrol,4.0,True,Engineering
TMS002532,COR00105,BAR,SEU,NWR,alignment_deviation,C,2024-06-07,2024-06-04,3,manual_gauge_check,4.1,True,Engineering
TMS002533,COR03119,TKRP,ACH,NR,alignment_deviation,C,2024-01-28,2024-01-24,4,USFD_ultrasonic_flaw_detection,3.2,False,Engineering
TMS002534,COR01714,KTHA,CTHR,WCR,alignment_deviation,C,2024-02-18,2024-02-15,3,USFD_ultrasonic_flaw_detection,1.2,True,Engineering
TMS002535,COR00505,NBH,GRF,WR,points_crossing_wear,B,2024-08-17,2024-07-03,45,visual_patrol,4.4,True,Engineering
TMS002536,COR04950,VBW,NAN,KR,formation_defect,B,2024-09-05,2024-09-04,1,track_recording_car,0.7,True,Engineering
TMS002537,COR02068,MDLL,NDV,SWR,points_crossing_wear,B,2024-07-14,2024-05-31,44,visual_patrol,4.3,True,Engineering
TMS002538,COR02162,TEN,TAY,SR,ballast_deficiency,C,2024-04-12,2024-04-06,6,visual_patrol,2.4,True,Engineering
TMS002539,COR04928,INP,MNI,KR,ballast_deficiency,C,2025-10-21,2025-10-17,4,visual_patrol,3.1,True,Engineering
TMS002540,COR05254,LTA,NWA,SECR,ballast_deficiency,C,2024-02-15,2023-12-28,49,visual_patrol,5.9,True,Engineering
TMS002541,COR00321,ANR,BGA,SER,weld_failure,B,2024-06-05,2024-01-14,143,manual_gauge_check,5.9,True,Engineering
TMS002542,COR04955,ZARP,SWV,KR,ballast_deficiency,C,2025-10-04,2025-09-24,10,track_recording_car,5.0,True,Engineering
TMS002543,COR02864,HBS,KUG,SWR,alignment_deviation,C,2025-09-24,2025-09-10,14,USFD_ultrasonic_flaw_detection,0.8,False,Engineering
TMS002544,COR00774,IHP,KIP,NR,rail_wear,C,2025-03-12,2025-01-10,61,USFD_ultrasonic_flaw_detection,1.9,False,Engineering
TMS002545,COR02812,VTN,SAH,WR,ballast_deficiency,C,2025-03-09,2015-06-07,3563,track_recording_car,2.9,True,Engineering
TMS002546,COR00080,SOH,KVJ,NWR,sleeper_defect,B,2024-08-11,2024-05-26,77,track_recording_car,3.3,True,Engineering
TMS002547,COR00424,DYE,SFX,SCR,points_crossing_wear,B,2025-09-07,2025-09-02,5,manual_gauge_check,4.2,True,Engineering
TMS002548,COR00779,BWL,MJNL,NWR,points_crossing_wear,B,2025-12-28,2025-11-16,42,visual_patrol,3.6,True,Engineering
TMS002549,COR02766,MTC,MUT,NR,rail_wear,C,2024-08-20,2024-07-06,45,visual_patrol,1.0,False,Engineering
TMS002550,COR04046,GCT,GZT,NER,weld_failure,A,2024-09-10,2024-06-18,84,USFD_ultrasonic_flaw_detection,4.9,True,Engineering
TMS002551,COR02095,HLK,JRU,SWR,ballast_deficiency,C,2025-12-27,2025-12-12,15,visual_patrol,1.5,True,Engineering
TMS002552,COR04108,LHM,PUL,NR,points_crossing_wear,B,2024-10-01,2024-07-15,78,track_recording_car,5.6,True,Engineering
TMS002553,COR01870,GWV,GDPL,SCR,sleeper_defect,B,2024-03-19,2023-09-26,175,USFD_ultrasonic_flaw_detection,1.0,True,Engineering
TMS002554,COR00245,MML,KEQ,WCR,alignment_deviation,C,2024-11-03,2021-03-10,1334,manual_gauge_check,4.2,True,Engineering
TMS002555,COR05491,BTKD,MSOD,NR,alignment_deviation,C,2025-04-05,2025-01-17,78,visual_patrol,4.5,True,Engineering
TMS002556,COR04640,UD,BKJ,KR,alignment_deviation,C,2024-07-25,2024-07-18,7,track_recording_car,0.7,True,Engineering
TMS002557,COR06824,KORI,RE,NWR,formation_defect,B,2025-10-23,2025-07-26,89,USFD_ultrasonic_flaw_detection,4.4,True,Engineering
TMS002558,COR02759,PKO,NS,SCR,ballast_deficiency,C,2025-03-01,2025-02-17,12,USFD_ultrasonic_flaw_detection,5.7,True,Engineering
TMS002559,COR08396,CKA,RRW,NR,alignment_deviation,C,2024-05-17,2024-05-16,1,track_recording_car,5.1,True,Engineering
TMS002560,COR03731,SAHP,MDRA,WR,ballast_deficiency,C,2024-08-01,2024-07-30,2,track_recording_car,5.8,True,Engineering
TMS002561,COR05512,PCX,PLY,ER,sleeper_defect,B,2025-04-08,2025-03-24,15,USFD_ultrasonic_flaw_detection,2.3,True,Engineering
TMS002562,COR01108,KKLR,PLVA,SCR,sleeper_defect,B,2024-08-04,2024-07-30,5,visual_patrol,5.2,True,Engineering
TMS002563,COR01323,RANI,KZQ,NWR,sleeper_defect,B,2025-01-20,2024-08-11,162,manual_gauge_check,1.1,True,Engineering
TMS002564,COR02189,GNJ,KNP,SWR,weld_failure,A,2025-10-20,2025-08-20,61,visual_patrol,3.9,True,Engineering
TMS002565,COR02822,UBR,SJN,WR,ballast_deficiency,C,2024-09-26,2024-07-24,64,manual_gauge_check,2.1,True,Engineering
TMS002566,COR00712,KILE,MDD,WR,alignment_deviation,C,2024-01-03,2023-11-07,57,manual_gauge_check,4.6,True,Engineering
TMS002567,COR00229,BUU,UDR,WCR,alignment_deviation,C,2024-10-22,2024-03-07,229,manual_gauge_check,1.9,True,Engineering
TMS002568,COR02153,MTMY,MNDY,SR,ballast_deficiency,C,2024-11-03,2024-11-03,0,USFD_ultrasonic_flaw_detection,1.8,True,Engineering
TMS002569,COR00933,BNC,BNCE,SWR,sleeper_defect,B,2025-01-17,2024-12-22,26,track_recording_car,2.1,True,Engineering
TMS002570,COR00524,HTD,AHO,NWR,weld_failure,A,2025-06-22,2025-04-09,74,USFD_ultrasonic_flaw_detection,3.7,True,Engineering
TMS002571,COR00229,BUU,UDR,WCR,alignment_deviation,A,2024-09-06,2024-07-16,52,USFD_ultrasonic_flaw_detection,4.1,True,Engineering
TMS002572,COR02378,VNRD,KHRS,WR,rail_fracture,A,2024-03-02,2024-03-01,1,visual_patrol,4.3,True,Engineering
TMS002573,COR00860,SVN,SLGH,SCR,ballast_deficiency,C,2024-09-13,2024-09-11,2,visual_patrol,3.1,True,Engineering
TMS002574,COR03050,CVP,KDU,SR,rail_wear,C,2024-04-09,2024-03-26,14,visual_patrol,4.2,True,Engineering
TMS002575,COR01399,PLI,MUQ,SR,ballast_deficiency,C,2025-02-20,2025-02-19,1,USFD_ultrasonic_flaw_detection,4.1,True,Engineering
TMS002576,COR05099,NEW,TKA,NCR,alignment_deviation,C,2025-01-16,2025-01-14,2,manual_gauge_check,1.5,True,Engineering
TMS002577,COR00047,KLL,CTRL,WR,rail_fracture,A,2024-12-09,2024-11-26,13,manual_gauge_check,4.3,True,Engineering
TMS002578,COR03700,RSG,ODM,SER,formation_defect,B,2024-04-07,2024-03-29,9,visual_patrol,4.8,True,Engineering
TMS002579,COR01785,RRB,SPV,SWR,rail_fracture,A,2024-01-20,2024-01-16,4,visual_patrol,5.2,True,Engineering
TMS002580,COR00917,KVLR,TPP,SWR,alignment_deviation,C,2024-10-11,2024-10-07,4,visual_patrol,6.0,True,Engineering
TMS002581,COR07383,MNZ,BNQL,NR,weld_failure,A,2024-05-23,2024-05-11,12,track_recording_car,1.0,True,Engineering
TMS002582,COR02969,CS,ETK,SR,rail_fracture,A,2024-08-02,2024-07-24,9,visual_patrol,1.1,True,Engineering
TMS002583,COR00620,CKN,NVC,SCR,ballast_deficiency,C,2024-06-11,2020-12-09,1280,visual_patrol,3.8,True,Engineering
TMS002584,COR05055,BLL,SNKG,SCR,formation_defect,B,2025-05-27,2025-05-22,5,visual_patrol,4.7,True,Engineering
TMS002585,COR01925,VDGN,GNH,SCR,alignment_deviation,C,2025-03-15,2025-01-03,71,visual_patrol,1.5,True,Engineering
TMS002586,COR04639,SL,MULK,KR,rail_wear,C,2025-10-02,2025-07-18,76,manual_gauge_check,5.0,True,Engineering
TMS002587,COR02810,NSP,VR,WR,formation_defect,B,2024-12-30,2024-11-15,45,USFD_ultrasonic_flaw_detection,4.8,True,Engineering
TMS002588,COR00625,TNGM,YP,SCR,sleeper_defect,B,2025-07-30,2025-07-20,10,manual_gauge_check,2.0,True,Engineering
TMS002589,COR01718,BQF,BNSP,WCR,ballast_deficiency,C,2024-03-03,2023-03-17,352,USFD_ultrasonic_flaw_detection,2.8,True,Engineering
TMS002590,COR01032,AJRE,JID,NFR,alignment_deviation,C,2024-06-12,2024-06-01,11,visual_patrol,2.9,False,Engineering
TMS002591,COR01078,KUD,CNC,SWR,alignment_deviation,C,2024-12-12,2024-12-05,7,visual_patrol,3.7,True,Engineering
TMS002592,COR06086,MXR,DJA,NFR,weld_failure,A,2024-12-13,2024-09-18,86,track_recording_car,1.3,True,Engineering
TMS002593,COR05812,LKS,DLC,NWR,alignment_deviation,C,2024-10-31,2024-05-16,168,visual_patrol,3.1,True,Engineering
TMS002594,COR02057,PBN,PIZ,SCR,formation_defect,B,2024-08-17,2023-08-12,371,visual_patrol,1.7,True,Engineering
TMS002595,COR01811,RMN,KNL,NWR,ballast_deficiency,C,2025-02-26,2025-02-26,0,track_recording_car,2.7,True,Engineering
TMS002596,COR01252,BLNK,ARAG,CR,sleeper_defect,B,2025-11-04,2025-08-11,85,visual_patrol,1.0,False,Engineering
TMS002597,COR03482,KHOH,BIP,NCR,points_crossing_wear,B,2025-11-02,2024-11-13,354,visual_patrol,3.0,True,Engineering
TMS002598,COR00085,JWB,BRLY,NWR,alignment_deviation,C,2025-12-08,2025-11-23,15,visual_patrol,5.1,True,Engineering
TMS002599,COR00286,BMA,KDK,CR,points_crossing_wear,B,2025-07-23,2025-07-23,0,manual_gauge_check,2.6,True,Engineering
TMS002600,COR00696,PLG,KLV,WR,weld_failure,A,2025-08-29,2025-08-23,6,track_recording_car,4.8,True,Engineering
TMS002601,COR00658,KUD,UGR,SWR,formation_defect,B,2025-02-01,2024-12-26,37,manual_gauge_check,2.1,True,Engineering
TMS002602,COR00693,VGN,BOR,WR,alignment_deviation,C,2024-01-12,2024-01-03,9,visual_patrol,5.0,True,Engineering
TMS002603,COR04937,ANO,CHI,KR,weld_failure,A,2025-12-20,2025-12-07,13,manual_gauge_check,4.5,True,Engineering
TMS002604,COR00275,TBN,CRK,WCR,sleeper_defect,B,2024-08-11,2024-08-04,7,visual_patrol,3.8,True,Engineering
TMS002605,COR06681,WGI,DNGD,WR,weld_failure,A,2024-04-26,2024-04-07,19,USFD_ultrasonic_flaw_detection,4.5,True,Engineering
TMS002606,COR01084,GKK,PRKH,SWR,points_crossing_wear,B,2024-08-25,2024-08-18,7,visual_patrol,2.0,True,Engineering
TMS002607,COR03349,UCP,VTV,SR,alignment_deviation,C,2025-06-30,2025-06-22,8,track_recording_car,2.0,True,Engineering
TMS002608,COR02657,FRH,MAH,NR,formation_defect,A,2025-05-20,2024-07-11,313,USFD_ultrasonic_flaw_detection,0.7,False,Engineering
TMS002609,COR05763,NTS,SVGA,SR,weld_failure,A,2025-11-01,2018-04-03,2769,track_recording_car,4.1,True,Engineering
TMS002610,COR00092,SOS,BWA,NWR,alignment_deviation,C,2024-06-03,2024-02-14,110,USFD_ultrasonic_flaw_detection,5.1,True,Engineering
TMS002611,COR01847,KZX,GSB,NR,weld_failure,A,2024-03-15,2014-09-20,3464,manual_gauge_check,3.8,True,Engineering
TMS002612,COR00494,BPF,DKI,WCR,rail_wear,C,2024-11-05,2024-10-26,10,USFD_ultrasonic_flaw_detection,5.4,False,Engineering
TMS002613,COR00698,SAH,VTN,WR,ballast_deficiency,C,2025-11-18,2025-08-22,88,visual_patrol,5.1,False,Engineering
TMS002614,COR00293,WGA,RV,CR,rail_wear,C,2024-04-11,2024-03-27,15,manual_gauge_check,5.4,True,Engineering
TMS002615,COR00418,NLRD,KQD,SCR,alignment_deviation,C,2024-01-17,2024-01-08,9,manual_gauge_check,2.2,True,Engineering
TMS002616,COR05132,KKL,AWL,NR,ballast_deficiency,C,2024-10-23,2024-09-26,27,visual_patrol,1.2,True,Engineering
TMS002617,COR04956,SWV,MADR,KR,ballast_deficiency,C,2025-09-14,2025-09-12,2,visual_patrol,2.9,True,Engineering
TMS002618,COR01677,SCKR,GAR,WCR,sleeper_defect,B,2024-09-01,2024-08-30,2,USFD_ultrasonic_flaw_detection,5.8,True,Engineering
TMS002619,COR03080,VEK,TKT,SR,ballast_deficiency,C,2024-05-05,2024-03-02,64,track_recording_car,6.0,True,Engineering
TMS002620,COR03091,ETK,CS,SR,weld_failure,A,2024-03-25,2024-03-18,7,manual_gauge_check,1.7,True,Engineering
TMS002621,COR02838,MRL,SCH,WR,sleeper_defect,B,2025-07-15,2025-07-02,13,visual_patrol,2.4,True,Engineering
TMS002622,COR01433,JGD,MMD,ER,alignment_deviation,C,2024-01-03,2024-01-01,2,visual_patrol,2.5,True,Engineering
TMS002623,COR04616,SGUJ,SGUT,NFR,rail_wear,C,2025-06-17,2025-06-09,8,USFD_ultrasonic_flaw_detection,5.5,True,Engineering
TMS002624,COR02890,HRD,BRUD,WCR,points_crossing_wear,B,2024-02-01,2024-01-09,23,visual_patrol,3.7,True,Engineering
TMS002625,COR04002,PNPR,PUPR,SR,sleeper_defect,B,2024-08-01,2024-05-26,67,visual_patrol,4.8,True,Engineering
TMS002626,COR00496,KTZ,DRA,WCR,rail_wear,C,2024-06-08,2024-03-26,74,visual_patrol,1.2,True,Engineering
TMS002627,COR01767,LRU,NNW,WCR,rail_fracture,A,2025-11-10,2025-11-10,0,visual_patrol,2.1,False,Engineering
TMS002628,COR05993,RNJ,SNBD,WR,weld_failure,A,2025-06-05,2020-02-03,1949,USFD_ultrasonic_flaw_detection,5.8,False,Engineering
TMS002629,COR01002,BHGN,BXP,NFR,alignment_deviation,C,2024-01-06,2023-12-08,29,visual_patrol,4.0,True,Engineering
TMS002630,COR01789,MSS,BDVT,SWR,points_crossing_wear,B,2024-04-12,2014-08-31,3512,USFD_ultrasonic_flaw_detection,3.4,True,Engineering
TMS002631,COR01781,BVR,VNR,SWR,ballast_deficiency,C,2024-05-23,2024-05-18,5,visual_patrol,3.5,True,Engineering
TMS002632,COR02740,KZTW,KZT,SR,ballast_deficiency,C,2025-06-22,2025-06-18,4,visual_patrol,6.0,True,Engineering
TMS002633,COR01270,TTP,TAM,SR,rail_fracture,C,2025-04-08,2025-02-17,50,USFD_ultrasonic_flaw_detection,1.1,True,Engineering
TMS002634,COR04420,KRKP,MGD,SWR,alignment_deviation,C,2024-11-17,2024-11-17,0,visual_patrol,5.8,False,Engineering
TMS002635,COR06122,ABSA,MGKM,NFR,ballast_deficiency,C,2025-03-23,2025-03-07,16,visual_patrol,4.0,False,Engineering
TMS002636,COR01646,HHL,DBS,SWR,sleeper_defect,B,2025-06-20,2025-04-06,75,visual_patrol,1.2,True,Engineering
TMS002637,COR04958,PERN,THVM,KR,rail_fracture,A,2024-09-05,2024-07-09,58,visual_patrol,3.9,False,Engineering
TMS002638,COR00465,WNG,LBG,SCR,alignment_deviation,C,2024-10-21,2024-10-13,8,USFD_ultrasonic_flaw_detection,2.8,True,Engineering
TMS002639,COR04027,BPKA,BHTL,WR,formation_defect,B,2024-01-24,2024-01-17,7,visual_patrol,4.7,True,Engineering
TMS002640,COR05852,MON,BK,NWR,formation_defect,B,2025-04-20,2025-03-06,45,USFD_ultrasonic_flaw_detection,4.8,True,Engineering
TMS002641,COR00289,NPNR,CDI,CR,alignment_deviation,C,2024-09-13,2023-10-31,318,manual_gauge_check,5.5,True,Engineering
TMS002642,COR01761,HAN,SMBJ,WCR,points_crossing_wear,B,2024-12-18,2024-12-08,10,manual_gauge_check,4.8,True,Engineering
TMS002643,COR01330,NANA,KVJ,NWR,alignment_deviation,C,2025-03-05,2025-03-05,0,USFD_ultrasonic_flaw_detection,2.9,True,Engineering
TMS002644,COR03641,BVRT,UNDI,SCR,sleeper_defect,B,2025-03-15,2024-12-20,85,visual_patrol,0.9,True,Engineering
TMS002645,COR01493,TSL,GMM,NR,sleeper_defect,B,2025-03-30,2025-01-26,63,manual_gauge_check,1.0,True,Engineering
TMS002646,COR01934,DGPP,SELU,SCR,weld_failure,A,2024-11-02,2024-10-09,24,USFD_ultrasonic_flaw_detection,3.5,True,Engineering
TMS002647,COR00719,KHAR,BDTS,WR,rail_fracture,A,2025-09-22,2025-09-10,12,USFD_ultrasonic_flaw_detection,4.0,True,Engineering
TMS002648,COR01245,JTRD,GLV,CR,ballast_deficiency,C,2024-11-26,2024-11-21,5,manual_gauge_check,5.0,True,Engineering
TMS002649,COR03498,KEG,RBK,NR,ballast_deficiency,C,2024-11-04,2024-10-29,6,USFD_ultrasonic_flaw_detection,4.7,True,Engineering
TMS002650,COR02025,SJGH,JGG,NER,weld_failure,A,2025-02-11,2025-02-04,7,USFD_ultrasonic_flaw_detection,2.3,True,Engineering
TMS002651,COR02062,SBC,MWM,SWR,alignment_deviation,C,2025-05-25,2025-05-20,5,USFD_ultrasonic_flaw_detection,2.6,True,Engineering
TMS002652,COR00600,GH,KSNR,NER,sleeper_defect,B,2025-11-03,2025-09-20,44,visual_patrol,4.9,True,Engineering
TMS002653,COR01198,AKI,SLP,CR,ballast_deficiency,C,2025-06-21,2025-06-17,4,visual_patrol,0.8,True,Engineering
TMS002654,COR04737,SRM,BHRL,NR,points_crossing_wear,B,2024-04-02,2023-03-01,398,USFD_ultrasonic_flaw_detection,1.0,True,Engineering
TMS002655,COR00556,ATMO,PRI,NR,weld_failure,A,2025-04-20,2025-04-07,13,USFD_ultrasonic_flaw_detection,4.7,False,Engineering
TMS002656,COR01645,KIAT,HHL,SWR,ballast_deficiency,C,2025-05-01,2025-04-25,6,manual_gauge_check,5.1,True,Engineering
TMS002657,COR07743,HLN,MVC,SWR,alignment_deviation,C,2024-08-24,2022-03-11,897,USFD_ultrasonic_flaw_detection,3.3,True,Engineering
TMS002658,COR04401,GULR,NDBT,NR,alignment_deviation,A,2025-11-18,2025-11-15,3,USFD_ultrasonic_flaw_detection,1.1,True,Engineering
TMS002659,COR00862,UMRI,BLSA,SCR,sleeper_defect,B,2025-09-10,2025-08-15,26,visual_patrol,0.8,True,Engineering
TMS002660,COR03839,NZR,SLGR,NFR,formation_defect,B,2024-12-14,2024-12-09,5,visual_patrol,4.4,True,Engineering
TMS002661,COR02207,SRBA,URGA,SECR,points_crossing_wear,B,2024-01-03,2023-04-29,249,track_recording_car,3.7,True,Engineering
TMS002662,COR05628,SK,SALI,NWR,ballast_deficiency,C,2024-05-19,2024-04-06,43,track_recording_car,1.0,True,Engineering
TMS002663,COR03020,PTA,PTE,NR,sleeper_defect,B,2024-12-05,2024-10-14,52,visual_patrol,2.9,True,Engineering
TMS002664,COR00871,DHP,IDL,SCR,rail_fracture,A,2024-07-19,2024-05-19,61,track_recording_car,4.3,True,Engineering
TMS002665,COR00261,BKH,PPI,WCR,sleeper_defect,B,2024-12-14,2024-02-08,310,visual_patrol,1.5,True,Engineering
TMS002666,COR05595,EDD,TGL,SCR,sleeper_defect,B,2025-07-21,2025-06-15,36,visual_patrol,4.4,True,Engineering
TMS002667,COR02680,DTN,DHY,NR,sleeper_defect,C,2024-05-15,2024-04-10,35,visual_patrol,4.2,True,Engineering
TMS002668,COR03000,PTB,KRKD,SR,formation_defect,B,2025-10-09,2025-09-24,15,USFD_ultrasonic_flaw_detection,2.3,True,Engineering
TMS002669,COR00685,VAPI,KEB,WR,sleeper_defect,B,2024-05-21,2024-04-26,25,visual_patrol,4.0,True,Engineering
TMS002670,COR03166,MBB,NLSF,ER,sleeper_defect,B,2024-10-19,2024-10-17,2,manual_gauge_check,3.8,True,Engineering
TMS002671,COR00151,BDXT,GGN,NR,rail_wear,C,2025-08-06,2025-06-20,47,track_recording_car,3.6,True,Engineering
TMS002672,COR05205,TT,PVL,SR,alignment_deviation,A,2025-09-05,2025-08-25,11,track_recording_car,3.3,True,Engineering
TMS002673,COR02961,UKH,PRLI,SCR,weld_failure,A,2024-04-15,2023-09-05,223,USFD_ultrasonic_flaw_detection,3.5,True,Engineering
TMS002674,COR02233,HJL,KGI,SWR,ballast_deficiency,B,2024-05-22,2023-05-29,359,visual_patrol,1.0,True,Engineering
TMS002675,COR05179,JHDC,JHD,ECR,alignment_deviation,C,2025-02-06,2025-01-24,13,visual_patrol,2.9,False,Engineering
TMS002676,COR05249,BTC,DPW,SECR,alignment_deviation,C,2024-07-06,2024-04-19,78,manual_gauge_check,2.2,True,Engineering
TMS002677,COR06837,SLWR,HIND,NR,rail_wear,C,2024-11-17,2024-09-12,66,manual_gauge_check,2.6,True,Engineering
TMS002678,COR01810,SGA,RMN,NWR,points_crossing_wear,B,2024-06-17,2024-05-12,36,visual_patrol,4.9,True,Engineering
TMS002679,COR01676,JHT,SCKR,WCR,weld_failure,A,2024-01-06,2023-11-11,56,manual_gauge_check,3.7,False,Engineering
TMS002680,COR01853,CKKN,MRTL,NR,sleeper_defect,B,2025-11-19,2025-06-08,164,visual_patrol,2.8,True,Engineering
TMS002681,COR01949,DLB,POZ,SCR,sleeper_defect,B,2024-11-23,2024-10-09,45,track_recording_car,3.9,True,Engineering
TMS002682,COR00710,DIC,BVI,WR,formation_defect,B,2025-08-12,2025-08-08,4,visual_patrol,2.9,True,Engineering
TMS002683,COR01683,GPC,BELD,WCR,rail_fracture,A,2025-04-17,2025-04-02,15,USFD_ultrasonic_flaw_detection,5.2,False,Engineering
TMS002684,COR03736,LNO,MGI,ECR,alignment_deviation,B,2025-08-03,2016-05-20,3362,USFD_ultrasonic_flaw_detection,5.3,True,Engineering
TMS002685,COR05101,RNRD,MRPR,NCR,ballast_deficiency,C,2024-08-23,2024-08-17,6,USFD_ultrasonic_flaw_detection,3.4,True,Engineering
TMS002686,COR02016,MNHL,BJPL,NR,formation_defect,B,2024-09-05,2021-12-20,990,visual_patrol,4.0,False,Engineering
TMS002687,COR03691,MDN,BUTA,SER,rail_wear,C,2025-02-08,2025-02-06,2,USFD_ultrasonic_flaw_detection,4.7,True,Engineering
TMS002688,COR01728,MFX,JSR,NCR,sleeper_defect,B,2024-07-24,2024-07-11,13,visual_patrol,0.9,True,Engineering
TMS002689,COR04513,BENL,LMT,SWR,ballast_deficiency,C,2024-10-26,2024-08-05,82,USFD_ultrasonic_flaw_detection,2.0,True,Engineering
TMS002690,COR00938,MV,NID,SR,rail_wear,C,2025-03-09,2025-03-03,6,manual_gauge_check,4.2,True,Engineering
TMS002691,COR06496,MADA,NMK,NWR,points_crossing_wear,B,2025-05-25,2025-03-19,67,track_recording_car,4.0,True,Engineering
TMS002692,COR01702,PTWA,JKE,WCR,alignment_deviation,C,2025-03-21,2025-03-12,9,manual_gauge_check,3.8,True,Engineering
TMS002693,COR07706,QMRS,FPS,NWR,rail_wear,C,2024-04-26,2024-04-04,22,manual_gauge_check,1.3,True,Engineering
TMS002694,COR04229,GUH,MDNR,NR,weld_failure,A,2025-10-30,2025-10-29,1,manual_gauge_check,5.3,True,Engineering
TMS002695,COR05629,SALI,GLTA,NWR,ballast_deficiency,C,2025-07-07,2025-07-06,1,manual_gauge_check,1.7,True,Engineering
TMS002696,COR02334,GDL,GTT,WR,formation_defect,B,2025-10-15,2025-10-07,8,visual_patrol,2.1,True,Engineering
TMS002697,COR00230,UDR,PKRD,WCR,sleeper_defect,B,2024-12-04,2024-11-28,6,visual_patrol,4.0,True,Engineering
TMS002698,COR02382,LTR,BLRD,WR,ballast_deficiency,C,2024-07-20,2024-07-19,1,visual_patrol,4.0,True,Engineering
TMS002699,COR01763,KNDP,PDZ,WCR,rail_wear,C,2025-04-06,2025-03-22,15,USFD_ultrasonic_flaw_detection,0.7,False,Engineering
TMS002700,COR02907,BRAM,NEM,SR,ballast_deficiency,C,2025-02-18,2024-09-28,143,manual_gauge_check,3.4,True,Engineering
TMS002701,COR03797,BRMT,KFH,CR,sleeper_defect,B,2025-06-12,2025-06-01,11,manual_gauge_check,2.8,True,Engineering
TMS002702,COR07391,SMQL,GLBN,NR,weld_failure,A,2025-03-25,2025-03-13,12,visual_patrol,4.5,True,Engineering
TMS002703,COR03329,MET,KUP,NR,ballast_deficiency,A,2024-12-06,2024-11-17,19,manual_gauge_check,3.4,True,Engineering
TMS002704,COR00967,CHB,PNT,NFR,formation_defect,B,2025-12-23,2025-12-09,14,visual_patrol,2.5,True,Engineering
TMS002705,COR00831,RLR,LMA,NWR,ballast_deficiency,C,2024-06-16,2024-03-27,81,visual_patrol,2.6,True,Engineering
TMS002706,COR00284,BRUD,CAER,WCR,rail_wear,C,2024-03-09,2024-03-08,1,track_recording_car,3.5,True,Engineering
TMS002707,COR01875,RYP,KI,SCR,points_crossing_wear,B,2024-01-07,2024-01-01,6,visual_patrol,3.3,True,Engineering
TMS002708,COR05646,KRBA,URGA,SECR,sleeper_defect,B,2024-09-18,2024-09-11,7,visual_patrol,4.0,True,Engineering
TMS002709,COR03849,NAM,BTZ,NFR,ballast_deficiency,C,2025-03-12,2025-03-03,9,visual_patrol,1.8,True,Engineering
TMS002710,COR02097,SLU,MYK,SWR,ballast_deficiency,C,2024-05-08,2024-04-23,15,manual_gauge_check,5.1,True,Engineering
TMS002711,COR04245,CDG,SASN,NR,ballast_deficiency,C,2025-05-01,2025-02-13,77,USFD_ultrasonic_flaw_detection,5.6,False,Engineering
TMS002712,COR00418,NLRD,KQD,SCR,alignment_deviation,C,2025-12-10,2025-12-06,4,track_recording_car,4.1,False,Engineering
TMS002713,COR00685,VAPI,KEB,WR,alignment_deviation,B,2024-03-15,2023-10-02,165,visual_patrol,1.3,False,Engineering
TMS002714,COR00489,CRK,TBN,WCR,ballast_deficiency,C,2024-12-23,2024-12-22,1,track_recording_car,3.2,True,Engineering
TMS002715,COR03304,TPP,KVLR,SWR,rail_wear,C,2024-05-03,2024-02-23,70,track_recording_car,3.7,True,Engineering
TMS002716,COR01693,ADTL,DOE,WCR,alignment_deviation,C,2025-04-11,2025-02-03,67,USFD_ultrasonic_flaw_detection,0.7,True,Engineering
TMS002717,COR03570,RSG,VSU,SER,points_crossing_wear,B,2024-01-17,2024-01-09,8,visual_patrol,4.4,True,Engineering
TMS002718,COR06289,KNRG,PGG,SCR,alignment_deviation,C,2025-11-29,2020-07-22,1956,track_recording_car,1.6,True,Engineering
TMS002719,COR00687,BLD,SJN,WR,formation_defect,B,2024-09-21,2024-09-19,2,visual_patrol,3.9,True,Engineering
TMS002720,COR00079,BNS,SOH,NWR,formation_defect,B,2024-04-26,2024-04-25,1,visual_patrol,4.8,True,Engineering
TMS002721,COR00266,BGTA,SQL,WCR,rail_wear,C,2025-02-10,2025-02-08,2,track_recording_car,5.5,True,Engineering
TMS002722,COR00119,GEK,KSG,NWR,rail_fracture,A,2025-11-16,2025-10-05,42,visual_patrol,3.1,True,Engineering
TMS002723,COR02032,RTR,JI,NER,points_crossing_wear,B,2025-06-03,2025-05-25,9,USFD_ultrasonic_flaw_detection,1.6,True,Engineering
TMS002724,COR00276,CRK,HD,WCR,ballast_deficiency,C,2024-09-15,2024-09-13,2,visual_patrol,5.8,True,Engineering
TMS002725,COR06045,DDW,PLK,NER,rail_wear,C,2024-06-08,2024-06-01,7,visual_patrol,1.6,False,Engineering
TMS002726,COR06538,KQS,BHAT,NCR,formation_defect,B,2024-05-29,2024-05-18,11,track_recording_car,1.3,True,Engineering
TMS002727,COR01513,HTK,RKD,CR,alignment_deviation,C,2025-11-16,2025-11-01,15,visual_patrol,0.5,True,Engineering
TMS002728,COR03638,VVM,SGKM,SCR,alignment_deviation,C,2025-11-11,2025-10-30,12,visual_patrol,2.2,True,Engineering
TMS002729,COR04477,BMA,KNW,CR,ballast_deficiency,C,2024-10-13,2024-08-15,59,visual_patrol,1.3,False,Engineering
TMS002730,COR01756,KEV,BXN,WCR,formation_defect,B,2024-08-28,2024-02-18,192,visual_patrol,2.8,True,Engineering
TMS002731,COR00714,GMN,JOS,WR,points_crossing_wear,B,2024-04-01,2023-12-26,97,manual_gauge_check,0.8,True,Engineering
TMS002732,COR00208,LOG,SRJ,NCR,alignment_deviation,C,2025-06-17,2025-06-03,14,visual_patrol,0.5,False,Engineering
TMS002733,COR04984,LKMN,RJQ,WR,points_crossing_wear,C,2024-12-09,2024-10-25,45,track_recording_car,2.0,True,Engineering
TMS002734,COR05340,KTKH,ATR,WR,points_crossing_wear,B,2024-02-20,2024-01-06,45,manual_gauge_check,4.4,True,Engineering
TMS002735,COR01847,KZX,GSB,NR,weld_failure,A,2025-06-08,2025-06-08,0,track_recording_car,1.0,False,Engineering
TMS002736,COR03487,MCV,FRD,NR,sleeper_defect,C,2025-12-15,2025-12-01,14,manual_gauge_check,4.7,True,Engineering
TMS002737,COR05185,PPN,PRBZ,ECR,rail_wear,C,2024-02-07,2022-01-06,762,manual_gauge_check,4.2,False,Engineering
TMS002738,COR03487,MCV,FRD,NR,alignment_deviation,C,2025-09-11,2025-09-05,6,USFD_ultrasonic_flaw_detection,3.3,False,Engineering
TMS002739,COR00285,MTA,KNW,WCR,points_crossing_wear,B,2025-09-12,2025-08-30,13,visual_patrol,6.0,True,Engineering
TMS002740,COR01633,TTR,BNK,SWR,rail_fracture,A,2025-03-13,2025-02-26,15,USFD_ultrasonic_flaw_detection,5.3,True,Engineering
TMS002741,COR02150,MCPK,MTCN,SR,alignment_deviation,C,2025-02-22,2025-02-16,6,manual_gauge_check,2.9,True,Engineering
TMS002742,COR03337,PALR,PYV,SR,sleeper_defect,C,2025-04-15,2025-04-10,5,manual_gauge_check,1.4,True,Engineering
TMS002743,COR01875,RYP,KI,SCR,sleeper_defect,B,2025-08-06,2025-07-20,17,track_recording_car,1.6,True,Engineering
TMS002744,COR00271,BPF,BIF,WCR,sleeper_defect,B,2025-04-19,2025-04-19,0,visual_patrol,3.7,True,Engineering
TMS002745,COR02797,STC,VLP,WR,weld_failure,A,2025-04-21,2025-02-03,77,visual_patrol,2.3,True,Engineering
TMS002746,COR02229,CPT,RMGM,SWR,ballast_deficiency,C,2025-06-28,2025-06-17,11,visual_patrol,0.7,True,Engineering
TMS002747,COR03852,DJG,BDT,NFR,rail_wear,C,2024-12-03,2024-11-21,12,USFD_ultrasonic_flaw_detection,3.7,True,Engineering
TMS002748,COR06636,RMX,GGY,NWR,weld_failure,A,2024-12-25,2024-03-07,293,manual_gauge_check,3.4,True,Engineering
TMS002749,COR03181,BCRD,JMV,CR,alignment_deviation,C,2025-10-29,2025-10-28,1,visual_patrol,0.7,True,Engineering
TMS002750,COR00657,CNC,KUD,SWR,ballast_deficiency,C,2025-07-28,2025-07-14,14,manual_gauge_check,3.2,True,Engineering
TMS002751,COR08087,TNUE,MNQ,NCR,formation_defect,B,2024-01-19,2023-12-09,41,visual_patrol,4.5,True,Engineering
TMS002752,COR03062,VLY,NPK,SR,weld_failure,A,2025-05-20,2025-04-30,20,visual_patrol,3.6,False,Engineering
TMS002753,COR01758,DY,FSP,WCR,formation_defect,B,2024-08-20,2021-09-21,1064,manual_gauge_check,2.7,True,Engineering
TMS002754,COR00424,DYE,SFX,SCR,points_crossing_wear,B,2025-05-25,2025-02-17,97,USFD_ultrasonic_flaw_detection,0.6,True,Engineering
TMS002755,COR01008,KHKT,DMV,NFR,ballast_deficiency,C,2024-09-22,2024-08-20,33,track_recording_car,3.7,True,Engineering
TMS002756,COR02107,BYD,HVR,SWR,alignment_deviation,C,2024-11-30,2015-12-31,3257,USFD_ultrasonic_flaw_detection,4.8,True,Engineering
TMS002757,COR03094,SILO,NLD,ECR,ballast_deficiency,C,2025-02-21,2024-12-20,63,track_recording_car,5.5,True,Engineering
TMS002758,COR03922,MEM,SWE,NR,points_crossing_wear,B,2024-09-16,2024-09-07,9,manual_gauge_check,1.7,True,Engineering
TMS002759,COR00233,PTWA,KTE,WCR,sleeper_defect,B,2024-12-28,2024-12-15,13,manual_gauge_check,3.3,True,Engineering
TMS002760,COR05194,MVJ,FAN,NWR,points_crossing_wear,B,2025-11-08,2025-09-24,45,manual_gauge_check,2.4,True,Engineering
TMS002761,COR01881,MDR,MTMI,SCR,ballast_deficiency,C,2025-02-05,2025-01-23,13,manual_gauge_check,3.3,True,Engineering
TMS002762,COR00113,MKRA,SDH,NWR,formation_defect,B,2024-01-05,2023-12-21,15,manual_gauge_check,5.5,True,Engineering
TMS002763,COR00564,DWO,HRW,NR,rail_wear,C,2024-08-11,2024-05-16,87,track_recording_car,4.1,True,Engineering
TMS002764,COR05182,TEA,NDW,ECR,alignment_deviation,C,2024-02-02,2023-11-10,84,visual_patrol,4.7,True,Engineering
TMS002765,COR01391,SGM,TOM,SR,rail_fracture,A,2025-06-28,2025-06-23,5,visual_patrol,3.0,True,Engineering
TMS002766,COR00035,MOL,DXR,WR,sleeper_defect,B,2024-07-19,2023-06-16,399,USFD_ultrasonic_flaw_detection,4.3,True,Engineering
TMS002767,COR05885,PRZ,MHBZ,NER,sleeper_defect,B,2024-10-03,2020-02-17,1690,USFD_ultrasonic_flaw_detection,5.6,True,Engineering
TMS002768,COR07065,JCH,SBLT,NWR,rail_fracture,A,2024-05-21,2024-05-08,13,visual_patrol,6.0,True,Engineering
TMS002769,COR00146,PTRD,JSKA,NR,weld_failure,A,2024-01-24,2024-01-14,10,track_recording_car,5.8,True,Engineering
TMS002770,COR00698,SAH,VTN,WR,ballast_deficiency,B,2024-08-17,2024-07-03,45,track_recording_car,3.9,True,Engineering
TMS002771,COR01486,LKA,HWX,NFR,weld_failure,A,2024-05-25,2023-12-29,148,visual_patrol,2.4,True,Engineering
TMS002772,COR08142,PBJM,PHWR,NR,ballast_deficiency,C,2024-06-01,2023-10-19,226,USFD_ultrasonic_flaw_detection,5.1,True,Engineering
TMS002773,COR00654,BGWD,CKR,SWR,formation_defect,B,2025-05-22,2025-05-11,11,visual_patrol,1.6,True,Engineering
TMS002774,COR01610,DVG,THN,SWR,ballast_deficiency,C,2024-02-11,2024-01-29,13,track_recording_car,5.0,True,Engineering
TMS002775,COR02824,BLD,KEB,WR,ballast_deficiency,C,2024-12-18,2024-04-16,246,manual_gauge_check,2.2,True,Engineering
TMS002776,COR03632,KDN,BYC,SWR,formation_defect,B,2024-07-09,2024-06-24,15,USFD_ultrasonic_flaw_detection,1.1,True,Engineering
TMS002777,COR00886,MED,GWV,SCR,ballast_deficiency,A,2025-05-02,2025-03-07,56,visual_patrol,2.8,True,Engineering
TMS002778,COR05170,KDRD,MWF,ECR,ballast_deficiency,C,2025-03-10,2024-09-12,179,visual_patrol,1.9,True,Engineering
TMS002779,COR07329,SNZ,BSUR,NER,formation_defect,B,2025-03-10,2025-03-09,1,USFD_ultrasonic_flaw_detection,1.0,True,Engineering
TMS002780,COR00841,NBH,JWO,WR,alignment_deviation,C,2024-03-16,2024-01-17,59,USFD_ultrasonic_flaw_detection,3.2,True,Engineering
TMS002781,COR01523,BY,CHG,CR,alignment_deviation,C,2024-05-26,2024-03-02,85,manual_gauge_check,1.2,True,Engineering
TMS002782,COR03942,JJA,CRG,WCR,sleeper_defect,B,2024-08-08,2024-08-03,5,visual_patrol,1.8,True,Engineering
TMS002783,COR05977,AHQ,BPM,NR,points_crossing_wear,C,2025-11-04,2025-11-02,2,visual_patrol,1.3,True,Engineering
TMS002784,COR02904,DAVM,AMVA,SR,ballast_deficiency,C,2025-07-20,2025-07-16,4,visual_patrol,4.5,True,Engineering
TMS002785,COR00965,LHL,DKM,NFR,sleeper_defect,B,2024-07-08,2024-06-24,14,USFD_ultrasonic_flaw_detection,0.9,True,Engineering
TMS002786,COR01206,ABLE,SHIV,CR,rail_fracture,A,2025-06-17,2025-06-15,2,manual_gauge_check,1.6,True,Engineering
TMS002787,COR01893,MABD,TAA,SCR,points_crossing_wear,B,2025-12-03,2025-11-13,20,track_recording_car,1.4,False,Engineering
TMS002788,COR02157,KTBR,INDR,SR,weld_failure,A,2024-05-30,2024-05-17,13,track_recording_car,1.1,True,Engineering
TMS002789,COR02099,KAG,HNH,SWR,weld_failure,A,2025-04-07,2024-12-05,123,visual_patrol,1.4,True,Engineering
TMS002790,COR01879,YP,TNGM,SCR,formation_defect,A,2024-08-22,2024-06-05,78,manual_gauge_check,1.4,True,Engineering
TMS002791,COR02694,ROK,ABO,NR,sleeper_defect,B,2024-08-11,2024-05-31,72,track_recording_car,2.9,True,Engineering
TMS002792,COR04300,CKYD,KER,NER,sleeper_defect,B,2024-01-02,2023-10-16,78,USFD_ultrasonic_flaw_detection,2.1,False,Engineering
TMS002793,COR04084,LHN,PDNR,SWR,alignment_deviation,A,2024-11-21,2024-11-13,8,visual_patrol,4.9,True,Engineering
TMS002794,COR00474,AGQ,CDI,CR,formation_defect,B,2025-07-22,2025-07-07,15,USFD_ultrasonic_flaw_detection,5.4,True,Engineering
TMS002795,COR01342,IQG,JTY,NWR,ballast_deficiency,C,2025-04-08,2025-03-27,12,track_recording_car,0.8,True,Engineering
TMS002796,COR00185,BTH,MJL,ECR,rail_fracture,A,2025-02-21,2025-01-02,50,track_recording_car,3.0,True,Engineering
TMS002797,COR02998,PUM,KODN,SR,points_crossing_wear,B,2025-07-08,2025-06-25,13,USFD_ultrasonic_flaw_detection,0.7,False,Engineering
TMS002798,COR04787,ELL,BRGM,NFR,formation_defect,B,2024-04-12,2024-04-02,10,visual_patrol,2.0,True,Engineering
TMS002799,COR02657,FRH,MAH,NR,ballast_deficiency,A,2025-01-05,2024-12-31,5,track_recording_car,1.5,True,Engineering
TMS002800,COR04081,NBL,CHRG,SWR,formation_defect,C,2025-10-14,2025-10-11,3,USFD_ultrasonic_flaw_detection,2.8,True,Engineering
TMS002801,COR02573,SZH,KLOD,SECR,formation_defect,B,2024-09-08,2024-06-23,77,track_recording_car,3.8,True,Engineering
TMS002802,COR02341,JND,SHH,WR,alignment_deviation,C,2024-02-17,2024-02-12,5,visual_patrol,2.4,True,Engineering
TMS002803,COR03730,MDRA,SAHP,WR,weld_failure,B,2024-04-26,2023-06-07,324,USFD_ultrasonic_flaw_detection,2.0,True,Engineering
TMS002804,COR04519,GED,BDM,SWR,alignment_deviation,C,2024-04-16,2024-02-19,57,visual_patrol,3.0,True,Engineering
TMS002805,COR00262,PPI,SXF,WCR,weld_failure,A,2025-10-20,2025-09-01,49,visual_patrol,1.9,True,Engineering
TMS002806,COR02893,SGBJ,MTA,WCR,weld_failure,A,2025-09-06,2025-09-03,3,visual_patrol,2.9,True,Engineering
TMS002807,COR01898,YGL,CLE,SCR,alignment_deviation,C,2025-05-27,2025-03-08,80,USFD_ultrasonic_flaw_detection,1.3,True,Engineering
TMS002808,COR02824,BLD,KEB,WR,sleeper_defect,B,2025-03-27,2025-03-15,12,USFD_ultrasonic_flaw_detection,5.7,True,Engineering
TMS002809,COR02221,NHY,S,SWR,sleeper_defect,B,2025-05-04,2025-02-10,83,track_recording_car,5.0,True,Engineering
TMS002810,COR03993,NWMS,MGLE,ER,ballast_deficiency,C,2025-11-14,2025-09-23,52,visual_patrol,0.9,True,Engineering
TMS002811,COR01720,MKP,PNHI,NCR,sleeper_defect,B,2024-01-01,2023-12-26,6,visual_patrol,4.2,True,Engineering
TMS002812,COR02049,KMRD,DKY,CR,alignment_deviation,C,2025-01-18,2025-01-15,3,visual_patrol,3.3,True,Engineering
TMS002813,COR01735,KDF,RMGJ,NR,points_crossing_wear,B,2024-09-25,2023-11-27,303,USFD_ultrasonic_flaw_detection,5.1,True,Engineering
TMS002814,COR01694,DOE,GSPR,WCR,rail_wear,C,2024-01-23,2024-01-08,15,visual_patrol,3.5,True,Engineering
TMS002815,COR00772,JSKA,PTRD,NR,rail_fracture,A,2025-02-15,2025-02-08,7,track_recording_car,4.3,True,Engineering
TMS002816,COR01570,BVQ,NDE,CR,rail_wear,C,2025-11-08,2025-11-05,3,USFD_ultrasonic_flaw_detection,3.2,True,Engineering
TMS002817,COR01482,JMK,JGJN,NFR,ballast_deficiency,B,2025-08-15,2025-08-11,4,visual_patrol,3.5,True,Engineering
TMS002818,COR02375,TTW,SMC,SECR,ballast_deficiency,C,2025-07-03,2025-07-01,2,visual_patrol,4.3,True,Engineering
TMS002819,COR06469,MINA,BDWS,WCR,formation_defect,B,2025-06-22,2025-06-08,14,USFD_ultrasonic_flaw_detection,4.8,True,Engineering
TMS002820,COR03259,HAN,DNHK,WCR,alignment_deviation,C,2025-10-01,2025-09-17,14,USFD_ultrasonic_flaw_detection,2.2,False,Engineering
TMS002821,COR00479,KNW,MTA,CR,sleeper_defect,B,2024-12-09,2024-11-26,13,manual_gauge_check,2.5,True,Engineering
TMS002822,COR02705,MGLP,SSB,NR,points_crossing_wear,B,2025-03-19,2024-12-14,95,visual_patrol,1.7,True,Engineering
TMS002823,COR04987,HKH,MHOW,WR,alignment_deviation,C,2025-02-21,2024-10-05,139,visual_patrol,1.0,True,Engineering
TMS002824,COR07489,SRTN,AGI,NFR,sleeper_defect,B,2024-04-15,2024-02-06,69,USFD_ultrasonic_flaw_detection,2.2,True,Engineering
TMS002825,COR02169,CVP,SRT,SR,points_crossing_wear,C,2025-06-22,2025-05-10,43,manual_gauge_check,4.4,True,Engineering
TMS002826,COR05432,ARP,SPGL,NR,rail_fracture,A,2024-04-26,2024-01-02,115,track_recording_car,4.0,True,Engineering
TMS002827,COR00255,KY,KFY,WCR,rail_wear,C,2024-04-27,2024-03-21,37,visual_patrol,4.9,True,Engineering
TMS002828,COR01861,KTHU,BDHY,NR,weld_failure,A,2024-10-01,2024-09-21,10,USFD_ultrasonic_flaw_detection,4.6,True,Engineering
TMS002829,COR03639,SGKM,PAGM,SCR,alignment_deviation,C,2024-10-29,2024-08-29,61,visual_patrol,4.8,True,Engineering
TMS002830,COR01557,PLV,JSV,CR,sleeper_defect,B,2025-08-23,2024-07-22,397,USFD_ultrasonic_flaw_detection,5.1,True,Engineering
TMS002831,COR04954,KUDL,ZARP,KR,rail_wear,C,2024-11-25,2024-10-22,34,track_recording_car,5.4,True,Engineering
TMS002832,COR04616,SGUJ,SGUT,NFR,weld_failure,A,2025-07-25,2025-05-29,57,manual_gauge_check,0.9,True,Engineering
TMS002833,COR07502,YTL,LSN,CR,rail_wear,C,2024-07-02,2024-06-19,13,manual_gauge_check,1.1,True,Engineering
TMS002834,COR00650,PCH,PRKH,SWR,ballast_deficiency,C,2024-08-26,2024-08-14,12,USFD_ultrasonic_flaw_detection,1.9,True,Engineering
TMS002835,COR04701,RSYI,SMNE,CR,alignment_deviation,C,2024-11-17,2024-11-14,3,visual_patrol,4.8,True,Engineering
TMS002836,COR00036,DXR,CJR,WR,alignment_deviation,C,2025-09-28,2025-09-18,10,visual_patrol,3.7,True,Engineering
TMS002837,COR01329,KTR,NANA,NWR,rail_wear,C,2024-02-02,2024-01-25,8,USFD_ultrasonic_flaw_detection,4.6,True,Engineering
TMS002838,COR00622,BKL,MTMI,SCR,weld_failure,A,2024-12-02,2024-10-23,40,track_recording_car,4.7,True,Engineering
TMS002839,COR01755,PNGR,KEV,WCR,weld_failure,A,2024-07-15,2024-06-30,15,manual_gauge_check,3.0,True,Engineering
TMS002840,COR00482,DRHI,KKN,WCR,sleeper_defect,B,2025-12-24,2025-12-24,0,manual_gauge_check,2.2,True,Engineering
TMS002841,COR03154,BLAX,MGG,WR,alignment_deviation,C,2024-03-03,2024-02-25,7,USFD_ultrasonic_flaw_detection,5.5,True,Engineering
TMS002842,COR00784,KRH,GAL,NWR,ballast_deficiency,C,2025-10-26,2025-10-23,3,track_recording_car,2.1,True,Engineering
TMS002843,COR04184,GJW,UKN,NR,points_crossing_wear,B,2024-06-10,2024-06-10,0,track_recording_car,1.8,True,Engineering
TMS002844,COR01676,JHT,SCKR,WCR,formation_defect,B,2024-04-30,2024-04-28,2,track_recording_car,3.3,True,Engineering
TMS002845,COR07434,NGE,DTL,SECR,sleeper_defect,B,2024-10-18,2024-07-21,89,visual_patrol,3.2,True,Engineering
TMS002846,COR02587,HNA,MANK,KR,alignment_deviation,C,2024-11-14,2024-11-04,10,manual_gauge_check,1.2,True,Engineering
TMS002847,COR07955,MJO,MAO,KR,formation_defect,B,2025-01-29,2025-01-24,5,manual_gauge_check,4.2,True,Engineering
TMS002848,COR00242,ADTL,JBP,WCR,formation_defect,B,2024-07-04,2024-06-26,8,track_recording_car,3.8,True,Engineering
TMS002849,COR03067,ONR,WEL,SR,ballast_deficiency,C,2025-08-20,2025-06-10,71,track_recording_car,6.0,True,Engineering
TMS002850,COR04324,SPL,PML,SR,points_crossing_wear,B,2025-08-05,2025-08-03,2,visual_patrol,5.1,True,Engineering
TMS002851,COR02603,TOK,MAJN,KR,alignment_deviation,C,2024-11-08,2024-11-01,7,visual_patrol,4.1,False,Engineering
TMS002852,COR01214,PNF,KRPR,SCR,sleeper_defect,B,2024-10-03,2024-09-27,6,USFD_ultrasonic_flaw_detection,1.6,True,Engineering
TMS002853,COR02389,VD,THAN,WR,points_crossing_wear,B,2025-01-14,2024-12-30,15,visual_patrol,5.8,True,Engineering
TMS002854,COR01893,MABD,TAA,SCR,points_crossing_wear,B,2024-10-21,2024-10-10,11,visual_patrol,1.9,True,Engineering
TMS002855,COR01706,BUU,MYR,WCR,formation_defect,B,2025-04-05,2025-04-05,0,visual_patrol,2.4,True,Engineering
TMS002856,COR02816,UOI,BOR,WR,ballast_deficiency,C,2025-09-28,2024-10-05,358,manual_gauge_check,3.8,False,Engineering
TMS002857,COR05996,PJH,GPX,WR,alignment_deviation,C,2025-09-11,2025-08-29,13,manual_gauge_check,2.8,True,Engineering
TMS002858,COR01421,BRND,UKR,SECR,weld_failure,A,2024-09-21,2024-09-20,1,USFD_ultrasonic_flaw_detection,4.9,True,Engineering
TMS002859,COR00024,KNKT,SDD,WR,alignment_deviation,C,2025-07-17,2025-07-13,4,USFD_ultrasonic_flaw_detection,3.0,False,Engineering
TMS002860,COR07730,KJS,KLYH,SWR,alignment_deviation,C,2025-06-12,2025-05-31,12,manual_gauge_check,2.9,True,Engineering
TMS002861,COR02952,PAU,MQL,SCR,ballast_deficiency,C,2025-03-19,2025-03-19,0,USFD_ultrasonic_flaw_detection,1.0,True,Engineering
TMS002862,COR01901,MRF,KOHR,SCR,weld_failure,A,2025-04-03,2025-02-13,49,visual_patrol,2.7,True,Engineering
TMS002863,COR01853,CKKN,MRTL,NR,alignment_deviation,B,2024-01-21,2024-01-08,13,track_recording_car,2.6,True,Engineering
TMS002864,COR01003,BXP,SZR,NFR,rail_wear,C,2025-01-11,2025-01-05,6,USFD_ultrasonic_flaw_detection,4.0,True,Engineering
TMS002865,COR02388,RA,VD,WR,rail_fracture,A,2024-01-18,2023-05-07,256,USFD_ultrasonic_flaw_detection,4.8,True,Engineering
TMS002866,COR03831,KQY,MXN,NFR,alignment_deviation,C,2024-05-18,2024-05-17,1,manual_gauge_check,4.6,True,Engineering
TMS002867,COR00626,YP,GNN,SCR,points_crossing_wear,C,2024-12-05,2024-11-30,5,manual_gauge_check,1.2,False,Engineering
TMS002868,COR04929,MNI,GNO,KR,ballast_deficiency,C,2025-07-05,2025-05-20,46,visual_patrol,4.4,True,Engineering
TMS002869,COR04123,PTE,PTA,NR,alignment_deviation,C,2025-10-06,2025-10-04,2,USFD_ultrasonic_flaw_detection,4.7,True,Engineering
TMS002870,COR01181,MDVR,NDE,CR,ballast_deficiency,C,2025-11-18,2025-07-24,117,visual_patrol,2.3,True,Engineering
TMS002871,COR00071,SZA,SIM,NWR,alignment_deviation,A,2025-03-25,2024-10-13,163,USFD_ultrasonic_flaw_detection,2.6,True,Engineering
TMS002872,COR06964,LCAE,DHPD,ER,points_crossing_wear,B,2025-01-12,2024-10-24,80,visual_patrol,5.3,True,Engineering
TMS002873,COR02066,BNKH,DBL,SWR,points_crossing_wear,B,2025-01-31,2025-01-25,6,visual_patrol,1.3,False,Engineering
TMS002874,COR04132,TUA,TIR,SR,ballast_deficiency,C,2025-02-16,2025-02-08,8,USFD_ultrasonic_flaw_detection,3.8,True,Engineering
TMS002875,COR03906,GSO,NRW,NR,ballast_deficiency,C,2024-07-19,2024-06-14,35,visual_patrol,2.9,True,Engineering
TMS002876,COR02145,MVO,DAV,SCR,alignment_deviation,C,2024-05-07,2024-04-30,7,manual_gauge_check,2.2,False,Engineering
TMS002877,COR02071,HHL,KIAT,SWR,rail_wear,C,2025-02-01,2025-01-28,4,visual_patrol,2.7,True,Engineering
TMS002878,COR03716,BTGH,HLV,SWR,points_crossing_wear,B,2025-05-22,2025-03-05,78,visual_patrol,3.2,True,Engineering
TMS002879,COR01688,BHTN,BRGT,WCR,ballast_deficiency,C,2025-05-29,2025-05-20,9,track_recording_car,1.3,True,Engineering
TMS002880,COR00676,ACL,AML,WR,alignment_deviation,C,2024-09-02,2024-05-20,105,USFD_ultrasonic_flaw_detection,3.1,True,Engineering
TMS002881,COR01151,PR,CRD,CR,ballast_deficiency,C,2025-03-07,2024-04-05,336,USFD_ultrasonic_flaw_detection,0.9,True,Engineering
TMS002882,COR01613,KAG,MYK,SWR,ballast_deficiency,B,2024-03-01,2024-01-19,42,USFD_ultrasonic_flaw_detection,0.8,True,Engineering
TMS002883,COR03901,KIU,BSPH,NR,points_crossing_wear,B,2025-01-16,2025-01-03,13,visual_patrol,4.5,True,Engineering
TMS002884,COR04126,KRKD,PTB,SR,alignment_deviation,C,2025-11-01,2025-10-22,10,track_recording_car,2.5,True,Engineering
TMS002885,COR00629,KI,RYP,SCR,ballast_deficiency,C,2024-02-02,2023-03-28,311,USFD_ultrasonic_flaw_detection,5.5,True,Engineering
TMS002886,COR00052,GUS,DNW,WR,rail_wear,C,2024-03-12,2024-03-10,2,visual_patrol,1.9,True,Engineering
TMS002887,COR07926,PTN,SNHR,WR,formation_defect,B,2024-11-17,2024-11-05,12,manual_gauge_check,1.0,True,Engineering
TMS002888,COR05429,BHDR,LGO,NR,points_crossing_wear,B,2025-02-15,2025-02-07,8,USFD_ultrasonic_flaw_detection,2.2,True,Engineering
TMS002889,COR01955,SSB,DBSI,NR,rail_wear,C,2025-06-07,2025-03-31,68,USFD_ultrasonic_flaw_detection,0.5,True,Engineering
TMS002890,COR04029,VQD,KMBL,WR,sleeper_defect,B,2025-07-14,2024-09-30,287,manual_gauge_check,4.4,True,Engineering
TMS002891,COR01686,SRID,BMR,WCR,weld_failure,A,2025-01-18,2017-05-19,2801,visual_patrol,4.0,True,Engineering
TMS002892,COR03904,BZO,UCA,NR,alignment_deviation,C,2025-08-11,2025-08-06,5,track_recording_car,3.2,False,Engineering
TMS002893,COR04997,MUQ,PLI,SR,ballast_deficiency,C,2025-03-08,2024-12-14,84,visual_patrol,1.4,True,Engineering
TMS002894,COR01628,BVR,ASK,SWR,ballast_deficiency,B,2025-05-11,2025-05-02,9,visual_patrol,5.3,True,Engineering
TMS002895,COR02831,DGI,JRS,WR,weld_failure,A,2024-06-20,2024-04-22,59,visual_patrol,2.1,True,Engineering
TMS002896,COR00469,SAV,NB,CR,ballast_deficiency,C,2025-11-19,2025-11-19,0,visual_patrol,4.5,True,Engineering
TMS002897,COR02153,MTMY,MNDY,SR,ballast_deficiency,C,2025-02-27,2025-02-14,13,visual_patrol,5.3,True,Engineering
TMS002898,COR01317,AUWA,BGG,NWR,ballast_deficiency,C,2025-06-01,2025-01-22,130,track_recording_car,0.5,True,Engineering
TMS002899,COR01688,BHTN,BRGT,WCR,ballast_deficiency,C,2025-07-01,2025-06-21,10,manual_gauge_check,2.4,False,Engineering
TMS002900,COR06273,RDV,UBN,NR,alignment_deviation,C,2025-05-15,2025-05-12,3,USFD_ultrasonic_flaw_detection,2.3,False,Engineering
TMS002901,COR04602,RVK,GRU,NFR,rail_fracture,A,2024-06-23,2024-06-21,2,manual_gauge_check,3.5,True,Engineering
TMS002902,COR01652,GHL,SDVL,SWR,points_crossing_wear,B,2025-04-16,2024-07-07,283,visual_patrol,3.9,True,Engineering
TMS002903,COR00693,VGN,BOR,WR,alignment_deviation,C,2025-07-14,2025-07-12,2,manual_gauge_check,4.7,True,Engineering
TMS002904,COR08104,TKLN,SEX,NCR,rail_wear,B,2024-09-22,2024-03-19,187,visual_patrol,3.8,True,Engineering
TMS002905,COR01349,DRW,SID,WR,ballast_deficiency,C,2025-04-19,2024-03-30,385,track_recording_car,1.8,True,Engineering
TMS002906,COR00207,MFX,LOG,NCR,points_crossing_wear,B,2024-06-07,2024-05-28,10,USFD_ultrasonic_flaw_detection,1.6,True,Engineering
TMS002907,COR00273,PGL,CGO,WCR,alignment_deviation,A,2025-01-06,2024-12-26,11,visual_patrol,0.8,True,Engineering
TMS002908,COR00738,SRU,LRD,NER,ballast_deficiency,C,2025-03-27,2025-03-13,14,USFD_ultrasonic_flaw_detection,4.2,True,Engineering
TMS002909,COR00184,KUMB,BTH,ECR,rail_wear,C,2025-11-10,2025-11-01,9,track_recording_car,2.3,True,Engineering
TMS002910,COR04905,HNK,MYA,SWR,sleeper_defect,B,2024-05-02,2024-04-23,9,track_recording_car,4.6,True,Engineering
TMS002911,COR02831,DGI,JRS,WR,weld_failure,A,2024-09-30,2023-08-30,397,visual_patrol,0.8,True,Engineering
TMS002912,COR00265,GMD,BGTA,WCR,points_crossing_wear,B,2024-04-17,2024-04-04,13,manual_gauge_check,4.6,False,Engineering
TMS002913,COR01700,NWR,MDRR,WCR,points_crossing_wear,C,2024-06-12,2024-05-11,32,track_recording_car,1.2,True,Engineering
TMS002914,COR01766,GGC,LRU,WCR,weld_failure,A,2025-12-04,2025-06-19,168,visual_patrol,5.0,True,Engineering
TMS002915,COR03082,PYOL,IGL,SR,ballast_deficiency,C,2025-01-25,2024-10-29,88,manual_gauge_check,0.7,True,Engineering
TMS002916,COR01079,CNC,RBG,SWR,points_crossing_wear,B,2024-01-12,2024-01-12,0,visual_patrol,1.8,True,Engineering
TMS002917,COR03065,THX,NCJ,SR,rail_wear,C,2024-05-15,2024-05-11,4,USFD_ultrasonic_flaw_detection,3.0,True,Engineering
TMS002918,COR00559,JWP,HW,NR,rail_fracture,A,2025-07-26,2025-06-06,50,visual_patrol,3.2,True,Engineering
TMS002919,COR04585,KHU,DWI,NCR,points_crossing_wear,B,2024-03-31,2024-03-20,11,visual_patrol,1.5,True,Engineering
TMS002920,COR00162,DSA,VVB,NR,formation_defect,B,2025-12-24,2025-09-13,102,manual_gauge_check,5.5,False,Engineering
TMS002921,COR01752,RKR,DUM,WCR,alignment_deviation,C,2024-09-25,2024-09-20,5,visual_patrol,4.8,True,Engineering
TMS002922,COR05426,PQN,GRMR,NR,ballast_deficiency,C,2024-02-12,2024-02-02,10,track_recording_car,0.6,False,Engineering
TMS002923,COR03073,BVRT,VND,SCR,rail_wear,C,2025-12-05,2025-11-23,12,visual_patrol,0.7,False,Engineering
TMS002924,COR01479,CPK,LPN,NFR,alignment_deviation,C,2025-06-27,2025-06-12,15,USFD_ultrasonic_flaw_detection,3.3,True,Engineering
TMS002925,COR01701,KTE,PTWA,WCR,sleeper_defect,B,2024-08-31,2016-07-30,2954,visual_patrol,2.6,False,Engineering
TMS002926,COR01846,TDO,KZX,NR,weld_failure,A,2024-03-31,2024-03-13,18,manual_gauge_check,4.9,False,Engineering
TMS002927,COR02739,PASA,KZTW,SR,rail_fracture,A,2025-11-12,2025-09-22,51,track_recording_car,5.5,True,Engineering
TMS002928,COR02816,UOI,BOR,WR,rail_fracture,A,2024-09-19,2024-09-16,3,manual_gauge_check,3.4,True,Engineering
TMS002929,COR04243,DHPR,GHG,NR,alignment_deviation,C,2024-10-23,2023-10-07,382,visual_patrol,3.7,True,Engineering
TMS002930,COR00996,TTB,CFG,NFR,alignment_deviation,C,2024-11-11,2024-04-15,210,USFD_ultrasonic_flaw_detection,3.6,True,Engineering
TMS002931,COR05394,MBA,CRC,NCR,rail_wear,C,2025-07-31,2025-07-30,1,visual_patrol,1.7,True,Engineering
TMS002932,COR01725,MJHR,SRJ,NCR,rail_fracture,A,2025-02-17,2024-02-28,355,manual_gauge_check,3.4,True,Engineering
TMS002933,COR04852,RAKL,MLAR,NCR,ballast_deficiency,C,2025-01-11,2025-01-06,5,track_recording_car,5.7,True,Engineering
TMS002934,COR00668,SDG,DES,ECR,rail_wear,C,2024-04-23,2024-04-23,0,USFD_ultrasonic_flaw_detection,1.3,True,Engineering
TMS002935,COR00155,PM,DEC,NR,rail_wear,C,2025-11-28,2025-11-19,9,manual_gauge_check,2.8,False,Engineering
TMS002936,COR03085,NAU,MUKE,SR,points_crossing_wear,B,2025-07-18,2025-07-08,10,visual_patrol,5.9,True,Engineering
TMS002937,COR02812,VTN,SAH,WR,alignment_deviation,C,2024-12-31,2024-12-24,7,USFD_ultrasonic_flaw_detection,0.9,True,Engineering
TMS002938,COR05600,KS,JNU,NR,formation_defect,B,2025-05-30,2025-04-24,36,track_recording_car,3.2,True,Engineering
TMS002939,COR02054,NEI,OSA,CR,ballast_deficiency,C,2025-06-23,2025-06-14,9,visual_patrol,5.4,False,Engineering
TMS002940,COR01881,MDR,MTMI,SCR,ballast_deficiency,C,2025-09-23,2025-08-23,31,USFD_ultrasonic_flaw_detection,2.8,True,Engineering
TMS002941,COR01038,PNB,TKC,NFR,sleeper_defect,B,2025-10-18,2025-10-07,11,USFD_ultrasonic_flaw_detection,5.4,True,Engineering
TMS002942,COR01904,MTV,BIDR,SCR,points_crossing_wear,B,2025-08-02,2025-07-11,22,manual_gauge_check,2.4,True,Engineering
TMS002943,COR00657,CNC,KUD,SWR,alignment_deviation,C,2024-03-28,2024-03-27,1,track_recording_car,2.3,True,Engineering
TMS002944,COR03086,MUKE,MAHE,SR,ballast_deficiency,C,2025-07-08,2025-06-30,8,track_recording_car,1.7,True,Engineering
TMS002945,COR02855,BNP,BNA,SWR,sleeper_defect,B,2025-03-22,2025-03-14,8,track_recording_car,0.8,True,Engineering
TMS002946,COR03063,NPK,AAY,SR,points_crossing_wear,A,2024-11-03,2024-09-23,41,USFD_ultrasonic_flaw_detection,0.9,False,Engineering
TMS002947,COR05177,MDE,THA,ECR,sleeper_defect,B,2025-02-12,2024-11-21,83,USFD_ultrasonic_flaw_detection,4.6,True,Engineering
TMS002948,COR01587,SBM,SBV,ECR,ballast_deficiency,C,2025-08-22,2025-08-15,7,visual_patrol,2.7,True,Engineering
TMS002949,COR01895,KDM,INK,SCR,alignment_deviation,C,2025-10-10,2025-08-04,67,track_recording_car,3.2,True,Engineering
TMS002950,COR01511,JSP,NMGT,CR,ballast_deficiency,C,2025-10-01,2025-01-30,244,USFD_ultrasonic_flaw_detection,1.1,True,Engineering
TMS002951,COR03852,DJG,BDT,NFR,alignment_deviation,C,2025-05-28,2025-05-24,4,visual_patrol,0.7,False,Engineering
TMS002952,COR05304,CTJ,BEHR,WCR,rail_wear,C,2025-07-24,2025-06-11,43,visual_patrol,0.6,True,Engineering
TMS002953,COR01549,JJR,DNJ,CR,ballast_deficiency,C,2024-07-05,2023-09-21,288,USFD_ultrasonic_flaw_detection,1.7,True,Engineering
TMS002954,COR01745,LKMN,SFNR,WR,formation_defect,B,2025-04-01,2025-03-16,16,USFD_ultrasonic_flaw_detection,4.8,True,Engineering
TMS002955,COR02152,MLHS,MTMY,SR,ballast_deficiency,C,2024-04-12,2023-03-27,382,USFD_ultrasonic_flaw_detection,0.9,True,Engineering
TMS002956,COR01681,KY,NU,WCR,ballast_deficiency,C,2024-11-10,2024-11-07,3,USFD_ultrasonic_flaw_detection,1.4,True,Engineering
TMS002957,COR00294,RV,NB,CR,rail_wear,C,2025-06-13,2025-06-06,7,track_recording_car,2.3,True,Engineering
TMS002958,COR01084,GKK,PRKH,SWR,sleeper_defect,B,2024-02-07,2023-11-09,90,USFD_ultrasonic_flaw_detection,2.5,True,Engineering
TMS002959,COR02963,BLLI,CNO,KR,formation_defect,B,2024-08-15,2024-06-21,55,manual_gauge_check,2.9,True,Engineering
TMS002960,COR02210,BGKT,BANE,NWR,ballast_deficiency,C,2024-01-03,2023-11-30,34,manual_gauge_check,2.0,True,Engineering
TMS002961,COR05609,SJL,VJA,SCR,sleeper_defect,B,2024-04-25,2024-03-02,54,visual_patrol,2.5,True,Engineering
TMS002962,COR00459,UMRI,SLGH,SCR,rail_fracture,A,2025-04-18,2024-09-10,220,USFD_ultrasonic_flaw_detection,1.8,True,Engineering
TMS002963,COR06802,SFE,BILA,NWR,ballast_deficiency,C,2024-05-16,2024-05-01,15,visual_patrol,5.7,True,Engineering
TMS002964,COR02277,PUS,AMLO,ECR,sleeper_defect,B,2024-11-12,2024-10-28,15,visual_patrol,3.4,False,Engineering
TMS002965,COR01688,BHTN,BRGT,WCR,ballast_deficiency,C,2025-07-03,2025-06-29,4,visual_patrol,2.6,True,Engineering
TMS002966,COR04843,RLG,AL,SCR,formation_defect,B,2025-05-12,2024-08-18,267,track_recording_car,2.2,True,Engineering
TMS002967,COR06128,BJUD,SOA,WR,weld_failure,A,2025-10-05,2025-09-27,8,USFD_ultrasonic_flaw_detection,4.8,True,Engineering
TMS002968,COR00821,AHO,HTD,NWR,alignment_deviation,C,2025-03-30,2024-07-28,245,visual_patrol,0.6,True,Engineering
TMS002969,COR01755,PNGR,KEV,WCR,points_crossing_wear,B,2024-09-17,2024-08-20,28,track_recording_car,3.2,True,Engineering
TMS002970,COR03922,MEM,SWE,NR,alignment_deviation,C,2025-07-23,2023-01-25,910,visual_patrol,2.3,True,Engineering
TMS002971,COR00155,PM,DEC,NR,alignment_deviation,C,2024-02-07,2024-01-26,12,visual_patrol,0.6,True,Engineering
TMS002972,COR01715,CTHR,MJG,WCR,rail_fracture,A,2025-11-05,2025-10-17,19,manual_gauge_check,4.7,True,Engineering
TMS002973,COR00135,KRH,HSI,NWR,sleeper_defect,B,2024-02-04,2023-11-07,89,USFD_ultrasonic_flaw_detection,2.9,True,Engineering
TMS002974,COR06400,HDT,BHLP,NER,ballast_deficiency,C,2024-04-22,2024-04-18,4,track_recording_car,2.5,True,Engineering
TMS002975,COR00790,DGW,RHG,NWR,points_crossing_wear,B,2025-02-15,2024-12-05,72,track_recording_car,2.4,True,Engineering
TMS002976,COR01880,TNGM,MDR,SCR,rail_wear,C,2025-12-21,2025-10-21,61,USFD_ultrasonic_flaw_detection,2.7,True,Engineering
TMS002977,COR02026,JGG,GYN,NER,weld_failure,A,2024-08-06,2024-08-04,2,visual_patrol,2.4,True,Engineering
TMS002978,COR00680,DGI,BL,WR,rail_fracture,A,2024-11-13,2024-10-30,14,visual_patrol,4.0,False,Engineering
TMS002979,COR00759,DEE,DBSI,NR,sleeper_defect,B,2025-12-30,2025-12-15,15,track_recording_car,3.6,True,Engineering
TMS002980,COR04683,KMAH,CHI,KR,weld_failure,A,2024-07-19,2024-07-19,0,track_recording_car,5.2,False,Engineering
TMS002981,COR00044,KLRD,CDK,WR,rail_fracture,A,2025-10-05,2025-08-04,62,USFD_ultrasonic_flaw_detection,2.5,True,Engineering
TMS002982,COR01718,BQF,BNSP,WCR,rail_fracture,A,2025-11-16,2025-10-08,39,USFD_ultrasonic_flaw_detection,5.4,True,Engineering
TMS002983,COR02832,JRS,BIM,WR,ballast_deficiency,C,2025-03-15,2025-03-03,12,manual_gauge_check,1.1,True,Engineering
TMS002984,COR03469,RGU,AKW,NCR,rail_wear,C,2025-10-03,2025-09-25,8,track_recording_car,2.3,True,Engineering
TMS002985,COR01695,GSPR,SHR,WCR,rail_wear,C,2025-08-04,2025-05-11,85,manual_gauge_check,1.3,True,Engineering
TMS002986,COR02981,VEK,QLD,SR,ballast_deficiency,C,2024-09-27,2024-07-16,73,USFD_ultrasonic_flaw_detection,2.0,False,Engineering
TMS002987,COR03749,PRU,JNE,NWR,ballast_deficiency,C,2024-03-19,2024-03-10,9,visual_patrol,1.0,True,Engineering
TMS002988,COR02490,SHK,SRY,ECR,alignment_deviation,C,2025-01-26,2025-01-20,6,manual_gauge_check,1.5,False,Engineering
TMS002989,COR03621,BNP,KBL,SWR,weld_failure,A,2024-04-12,2024-01-18,85,track_recording_car,1.7,True,Engineering
TMS002990,COR03938,PNGR,JCU,WCR,points_crossing_wear,B,2025-05-23,2025-05-15,8,manual_gauge_check,1.9,True,Engineering
TMS002991,COR00606,CLE,YGL,SCR,rail_wear,C,2024-09-05,2024-08-30,6,visual_patrol,5.9,False,Engineering
TMS002992,COR00378,NDJ,BSCK,NER,sleeper_defect,B,2024-07-19,2024-04-14,96,visual_patrol,3.1,True,Engineering
TMS002993,COR05982,BAOL,KPKI,NR,sleeper_defect,B,2025-03-07,2025-02-18,17,track_recording_car,3.2,True,Engineering
TMS002994,COR02628,REJ,SRJN,ER,alignment_deviation,C,2024-01-03,2023-11-01,63,USFD_ultrasonic_flaw_detection,4.1,True,Engineering
TMS002995,COR00233,PTWA,KTE,WCR,sleeper_defect,B,2024-10-15,2024-10-14,1,USFD_ultrasonic_flaw_detection,5.2,True,Engineering
TMS002996,COR00196,MHL,MTR,ECR,ballast_deficiency,C,2024-02-15,2024-01-02,44,visual_patrol,5.0,True,Engineering
TMS002997,COR04931,VEER,SAPE,KR,formation_defect,B,2025-04-23,2025-04-10,13,visual_patrol,3.7,True,Engineering
TMS002998,COR00142,RE,KWMD,NWR,alignment_deviation,C,2025-01-31,2025-01-31,0,track_recording_car,1.9,True,Engineering
TMS002999,COR00127,SRRG,RHG,NWR,points_crossing_wear,B,2024-08-22,2024-08-22,0,visual_patrol,2.3,True,Engineering
TMS003000,COR00402,SMX,PXR,ER,rail_wear,C,2025-01-17,2025-01-15,2,USFD_ultrasonic_flaw_detection,1.0,True,Engineering
TMS003001,COR02643,SEW,PLS,NER,points_crossing_wear,B,2024-06-28,2024-06-20,8,visual_patrol,2.3,True,Engineering
TMS003002,COR02841,MUD,GZN,NR,formation_defect,B,2024-06-24,2024-06-14,10,USFD_ultrasonic_flaw_detection,0.5,True,Engineering
TMS003003,COR01866,GHGL,SMBX,NR,alignment_deviation,C,2025-04-11,2025-01-20,81,visual_patrol,2.0,True,Engineering
TMS003004,COR05112,TUNG,KGN,NFR,rail_wear,C,2025-07-12,2025-05-10,63,visual_patrol,3.3,True,Engineering
TMS003005,COR03575,CDGR,SLB,SER,formation_defect,B,2024-11-30,2024-11-23,7,manual_gauge_check,3.1,True,Engineering
TMS003006,COR00944,CLN,VMP,SR,points_crossing_wear,B,2024-01-27,2023-12-27,31,manual_gauge_check,4.5,True,Engineering
TMS003007,COR05741,VMP,CLN,SR,alignment_deviation,C,2024-03-29,2024-03-23,6,USFD_ultrasonic_flaw_detection,2.5,False,Engineering
TMS003008,COR02822,UBR,SJN,WR,sleeper_defect,B,2025-09-09,2024-12-19,264,USFD_ultrasonic_flaw_detection,3.2,True,Engineering
TMS003009,COR05008,BAL,ALK,SR,formation_defect,B,2024-02-28,2024-02-14,14,manual_gauge_check,2.2,True,Engineering
TMS003010,COR05805,SOG,BDWL,NWR,formation_defect,A,2025-07-07,2024-11-29,220,manual_gauge_check,4.7,True,Engineering
TMS003011,COR02831,DGI,JRS,WR,ballast_deficiency,C,2025-07-24,2025-06-24,30,USFD_ultrasonic_flaw_detection,5.1,True,Engineering
TMS003012,COR05126,CHKB,KNDI,NR,sleeper_defect,B,2024-11-28,2024-11-19,9,manual_gauge_check,4.1,True,Engineering
TMS003013,COR02827,UVD,PAD,WR,alignment_deviation,C,2024-03-22,2024-02-06,45,USFD_ultrasonic_flaw_detection,3.1,True,Engineering
TMS003014,COR00761,PTNR,KRTN,NR,ballast_deficiency,C,2024-12-07,2024-11-23,14,manual_gauge_check,5.9,False,Engineering
TMS003015,COR01020,LKG,HWX,NFR,alignment_deviation,C,2025-06-30,2025-06-22,8,manual_gauge_check,3.7,True,Engineering
TMS003016,COR07587,BDHA,SVKD,WR,alignment_deviation,C,2024-12-18,2024-12-16,2,visual_patrol,5.2,True,Engineering
TMS003017,COR00585,KUMB,CAI,ECR,rail_fracture,A,2025-08-16,2025-06-15,62,track_recording_car,2.1,True,Engineering
TMS003018,COR04806,AGY,CPU,NCR,weld_failure,C,2025-04-05,2025-03-27,9,visual_patrol,4.2,True,Engineering
TMS003019,COR01555,AKI,WTR,CR,weld_failure,A,2025-01-31,2025-01-26,5,track_recording_car,1.7,True,Engineering
TMS003020,COR01039,TKC,PHI,NFR,rail_wear,A,2024-09-21,2024-07-03,80,manual_gauge_check,2.6,False,Engineering
TMS003021,COR04095,PJK,KLWL,NR,rail_fracture,A,2025-10-27,2025-09-18,39,track_recording_car,2.7,True,Engineering
TMS003022,COR00475,CDI,NPNR,CR,sleeper_defect,B,2025-03-27,2025-03-13,14,manual_gauge_check,2.9,True,Engineering
TMS003023,COR00153,BWSN,SMDP,NR,formation_defect,B,2024-05-27,2023-08-02,299,visual_patrol,3.2,True,Engineering
TMS003024,COR05297,DGJ,RLA,WR,alignment_deviation,C,2024-02-26,2024-02-24,2,manual_gauge_check,4.7,False,Engineering
TMS003025,COR00448,SCP,IDL,SCR,points_crossing_wear,B,2025-02-20,2025-02-19,1,USFD_ultrasonic_flaw_detection,5.5,False,Engineering
TMS003026,COR01180,SLI,MDVR,CR,ballast_deficiency,C,2024-02-23,2023-07-24,214,track_recording_car,1.7,True,Engineering
TMS003027,COR00767,GGN,BDXT,NR,ballast_deficiency,B,2025-01-21,2025-01-02,19,USFD_ultrasonic_flaw_detection,5.9,True,Engineering
TMS003028,COR03565,CJN,ANCR,SER,rail_fracture,A,2024-12-15,2024-11-05,40,USFD_ultrasonic_flaw_detection,5.3,True,Engineering
TMS003029,COR00489,CRK,TBN,WCR,ballast_deficiency,C,2024-02-19,2024-02-04,15,visual_patrol,2.6,False,Engineering
TMS003030,COR00945,VMP,CDM,SR,rail_wear,C,2024-12-14,2024-11-29,15,visual_patrol,1.1,True,Engineering
TMS003031,COR04149,CDRA,CHV,SR,alignment_deviation,C,2024-12-24,2024-12-13,11,manual_gauge_check,5.5,True,Engineering
TMS003032,COR00030,DL,LMC,WR,ballast_deficiency,C,2024-05-15,2024-03-22,54,visual_patrol,4.9,True,Engineering
TMS003033,COR05050,GAW,JKNI,NER,rail_wear,C,2025-07-11,2025-04-29,73,visual_patrol,4.2,True,Engineering
TMS003034,COR03937,KEV,PNGR,WCR,rail_wear,C,2025-05-07,2025-05-05,2,visual_patrol,5.4,True,Engineering
TMS003035,COR03898,KZH,JNA,NR,ballast_deficiency,C,2025-08-29,2025-08-23,6,track_recording_car,4.1,True,Engineering
TMS003036,COR02118,UNK,AGL,SWR,points_crossing_wear,B,2025-05-23,2024-06-01,356,visual_patrol,4.9,True,Engineering
TMS003037,COR04551,DZA,GSB,NR,alignment_deviation,C,2025-08-13,2025-07-06,38,manual_gauge_check,3.1,True,Engineering
TMS003038,COR01722,DBR,KTDD,NCR,ballast_deficiency,C,2025-07-08,2025-07-03,5,USFD_ultrasonic_flaw_detection,0.5,True,Engineering
TMS003039,COR01437,LKN,DPL,ECR,alignment_deviation,C,2025-12-02,2025-11-22,10,visual_patrol,5.7,True,Engineering
TMS003040,COR00564,DWO,HRW,NR,alignment_deviation,C,2025-01-04,2024-12-20,15,visual_patrol,5.7,True,Engineering
TMS003041,COR01104,PSLP,PCU,SCR,sleeper_defect,B,2024-02-26,2023-10-24,125,manual_gauge_check,2.0,True,Engineering
TMS003042,COR05210,SPL,SWI,SR,ballast_deficiency,C,2024-06-24,2024-04-24,61,USFD_ultrasonic_flaw_detection,4.2,True,Engineering
TMS003043,COR01106,MVP,MDVL,SCR,alignment_deviation,C,2025-05-07,2025-04-14,23,USFD_ultrasonic_flaw_detection,4.7,True,Engineering
TMS003044,COR02622,CSZ,BPC,ER,rail_wear,C,2025-06-03,2025-05-23,11,manual_gauge_check,1.3,True,Engineering
TMS003045,COR02736,NYY,AMVA,SR,sleeper_defect,B,2024-03-31,2024-03-30,1,manual_gauge_check,2.3,False,Engineering
TMS003046,COR00542,TKQ,PAY,SR,weld_failure,A,2025-05-27,2025-05-17,10,track_recording_car,3.9,True,Engineering
TMS003047,COR00286,BMA,KDK,CR,rail_fracture,A,2025-11-16,2025-11-01,15,visual_patrol,3.9,True,Engineering
TMS003048,COR02809,BSR,NSP,WR,rail_fracture,A,2024-05-09,2024-04-28,11,visual_patrol,4.4,False,Engineering
TMS003049,COR01970,KSD,BDDR,WR,rail_fracture,A,2025-05-03,2025-03-23,41,USFD_ultrasonic_flaw_detection,3.3,True,Engineering
TMS003050,COR00313,DMA,MDKD,SER,points_crossing_wear,B,2024-05-07,2023-08-25,256,visual_patrol,5.1,True,Engineering
TMS003051,COR03152,JCNR,BSR,CR,weld_failure,A,2025-04-22,2015-05-19,3626,visual_patrol,5.6,True,Engineering
TMS003052,COR05041,PRZ,MHBG,NER,rail_wear,C,2025-07-28,2024-11-26,244,manual_gauge_check,5.0,True,Engineering
TMS003053,COR00561,MOTC,RWL,NR,weld_failure,A,2025-12-10,2025-12-03,7,visual_patrol,2.2,True,Engineering
TMS003054,COR07368,BAL,SGM,SR,alignment_deviation,C,2025-12-26,2025-12-13,13,track_recording_car,3.1,False,Engineering
TMS003055,COR00985,MUGN,SLGR,NFR,ballast_deficiency,C,2024-11-07,2024-09-09,59,USFD_ultrasonic_flaw_detection,3.0,True,Engineering
TMS003056,COR02885,DSA,DLI,NR,alignment_deviation,C,2025-12-29,2025-12-17,12,manual_gauge_check,1.7,True,Engineering
TMS003057,COR03517,TYM,NMN,SR,rail_fracture,A,2024-08-19,2024-04-26,115,visual_patrol,3.4,True,Engineering
TMS003058,COR01268,DHPR,LLU,NR,ballast_deficiency,C,2025-10-03,2025-10-02,1,visual_patrol,0.8,True,Engineering
TMS003059,COR02863,SVHE,HBS,SWR,sleeper_defect,B,2024-05-10,2024-04-27,13,visual_patrol,1.4,True,Engineering
TMS003060,COR04383,MMM,PBM,SR,formation_defect,B,2024-02-03,2024-01-30,4,visual_patrol,4.8,True,Engineering
TMS003061,COR02836,VDH,NVS,WR,weld_failure,A,2024-04-12,2023-12-13,121,track_recording_car,1.3,True,Engineering
TMS003062,COR06401,BHLP,MUV,NER,weld_failure,A,2024-11-14,2024-09-09,66,manual_gauge_check,1.9,False,Engineering
TMS003063,COR01475,JID,AJRE,NFR,points_crossing_wear,B,2025-06-18,2025-02-14,124,visual_patrol,5.6,True,Engineering
TMS003064,COR00714,GMN,JOS,WR,ballast_deficiency,C,2024-11-09,2024-08-28,73,visual_patrol,3.7,True,Engineering
TMS003065,COR04844,AL,MCLE,SCR,rail_wear,C,2025-12-01,2025-11-18,13,USFD_ultrasonic_flaw_detection,4.3,True,Engineering
TMS003066,COR04540,CKDL,CHNR,NR,weld_failure,A,2024-06-21,2024-03-12,101,visual_patrol,4.7,True,Engineering
TMS003067,COR01312,BQN,SOD,NWR,alignment_deviation,C,2024-07-26,2024-07-25,1,visual_patrol,3.6,True,Engineering
TMS003068,COR03795,KRA,PCZ,SCR,formation_defect,B,2024-03-10,2024-01-02,68,manual_gauge_check,4.0,True,Engineering
TMS003069,COR01995,BRMR,JWLS,NR,sleeper_defect,B,2024-09-23,2024-07-29,56,track_recording_car,0.8,False,Engineering
TMS003070,COR00622,BKL,MTMI,SCR,ballast_deficiency,C,2025-12-23,2025-12-19,4,track_recording_car,4.5,True,Engineering
TMS003071,COR01668,GRO,SQL,WCR,alignment_deviation,C,2024-11-09,2024-11-03,6,manual_gauge_check,4.3,True,Engineering
TMS003072,COR00072,SIM,MAA,NWR,ballast_deficiency,C,2025-12-06,2025-10-28,39,visual_patrol,3.3,True,Engineering
TMS003073,COR00732,MJO,SRVX,KR,sleeper_defect,B,2024-04-10,2024-01-20,81,manual_gauge_check,1.9,False,Engineering
TMS003074,COR00775,KIP,KWMD,NR,ballast_deficiency,C,2024-02-21,2024-01-10,42,visual_patrol,1.8,True,Engineering
TMS003075,COR04932,SAPE,KFD,KR,ballast_deficiency,C,2025-10-10,2025-06-30,102,USFD_ultrasonic_flaw_detection,2.6,True,Engineering
TMS003076,COR02062,SBC,MWM,SWR,rail_fracture,A,2025-02-13,2025-02-11,2,visual_patrol,1.9,True,Engineering
TMS003077,COR00287,KDK,DGN,CR,rail_fracture,A,2024-11-28,2024-11-17,11,USFD_ultrasonic_flaw_detection,3.2,True,Engineering
TMS003078,COR06684,KVO,UNI,WR,ballast_deficiency,C,2024-06-04,2024-05-31,4,manual_gauge_check,5.0,True,Engineering
TMS003079,COR06477,DWDI,RPV,NER,sleeper_defect,C,2025-01-16,2024-11-14,63,manual_gauge_check,1.2,True,Engineering
TMS003080,COR04549,CKKN,BNGL,NR,rail_fracture,A,2024-09-12,2024-09-10,2,manual_gauge_check,4.5,False,Engineering
TMS003081,COR05682,GHQ,MQX,ECR,ballast_deficiency,C,2025-09-17,2025-07-24,55,manual_gauge_check,5.6,False,Engineering
TMS003082,COR02975,MUKE,NAU,SR,alignment_deviation,C,2025-01-01,2024-11-06,56,USFD_ultrasonic_flaw_detection,1.2,False,Engineering
TMS003083,COR01887,KMT,MLMG,SCR,ballast_deficiency,C,2024-10-11,2024-09-09,32,USFD_ultrasonic_flaw_detection,0.6,True,Engineering
TMS003084,COR00430,BOZ,BMO,SCR,sleeper_defect,B,2025-03-18,2025-03-07,11,visual_patrol,1.2,False,Engineering
TMS003085,COR00010,KNLS,PPLI,WR,sleeper_defect,A,2024-11-17,2024-11-16,1,USFD_ultrasonic_flaw_detection,4.1,True,Engineering
TMS003086,COR01643,HEI,TK,SWR,formation_defect,B,2024-11-09,2024-11-07,2,visual_patrol,1.7,False,Engineering
TMS003087,COR00088,KZQ,RANI,NWR,rail_wear,C,2024-03-21,2024-03-20,1,manual_gauge_check,4.7,True,Engineering
TMS003088,COR00287,KDK,DGN,CR,rail_fracture,A,2025-07-04,2025-07-01,3,USFD_ultrasonic_flaw_detection,0.7,True,Engineering
TMS003089,COR05592,MYL,LMD,SCR,formation_defect,B,2025-02-21,2025-02-18,3,manual_gauge_check,3.1,True,Engineering
TMS003090,COR01619,ABGT,HSD,SWR,points_crossing_wear,B,2024-02-16,2023-01-16,396,manual_gauge_check,4.0,True,Engineering
TMS003091,COR01703,JKE,PKRD,WCR,rail_wear,C,2025-01-24,2025-01-19,5,USFD_ultrasonic_flaw_detection,3.4,True,Engineering
TMS003092,COR06528,ORKI,FTH,NR,alignment_deviation,C,2025-11-20,2025-11-17,3,track_recording_car,5.3,True,Engineering
TMS003093,COR03055,GDN,TAY,SR,sleeper_defect,B,2025-06-12,2025-05-29,14,visual_patrol,4.5,True,Engineering
TMS003094,COR06767,MUD,DXH,NR,ballast_deficiency,C,2025-09-04,2025-06-14,82,USFD_ultrasonic_flaw_detection,5.9,True,Engineering
TMS003095,COR03092,CS,CAN,SR,ballast_deficiency,C,2025-04-17,2025-04-04,13,manual_gauge_check,1.9,True,Engineering
TMS003096,COR02795,BDTS,KHAR,WR,rail_wear,C,2025-04-05,2025-03-23,13,visual_patrol,5.3,True,Engineering
TMS003097,COR02200,DYS,NNN,SR,weld_failure,A,2024-12-25,2024-12-24,1,track_recording_car,4.9,True,Engineering
TMS003098,COR00695,UOI,PLG,WR,ballast_deficiency,C,2025-10-02,2025-10-01,1,track_recording_car,1.7,False,Engineering
TMS003099,COR00062,SID,DRW,WR,rail_fracture,A,2025-03-14,2025-01-13,60,visual_patrol,4.9,True,Engineering
TMS003100,COR02108,HVR,KJG,SWR,sleeper_defect,B,2024-04-11,2024-04-05,6,visual_patrol,4.3,True,Engineering
TMS003101,COR02832,JRS,BIM,WR,ballast_deficiency,C,2025-11-20,2025-11-05,15,visual_patrol,5.2,True,Engineering
TMS003102,COR03337,PALR,PYV,SR,weld_failure,A,2024-11-24,2024-09-26,59,visual_patrol,0.8,True,Engineering
TMS003103,COR02830,BL,DGI,WR,rail_fracture,A,2025-08-23,2025-05-27,88,manual_gauge_check,5.1,True,Engineering
TMS003104,COR02229,CPT,RMGM,SWR,formation_defect,B,2024-11-13,2024-11-09,4,visual_patrol,2.7,True,Engineering
TMS003105,COR04542,BDHY,KTHU,NR,alignment_deviation,C,2024-01-29,2024-01-28,1,visual_patrol,0.9,True,Engineering
TMS003106,COR00557,PRI,IKK,NR,ballast_deficiency,C,2025-12-09,2019-04-30,2415,manual_gauge_check,2.0,True,Engineering
TMS003107,COR02803,KILE,BVI,WR,rail_wear,C,2025-01-31,2019-05-10,2093,visual_patrol,3.9,True,Engineering
TMS003108,COR01645,KIAT,HHL,SWR,points_crossing_wear,B,2024-06-07,2024-05-28,10,USFD_ultrasonic_flaw_detection,2.3,True,Engineering
TMS003109,COR00023,KHC,KNKT,WR,weld_failure,A,2024-02-09,2023-06-17,237,visual_patrol,4.6,True,Engineering
TMS003110,COR04943,UKC,BOKE,KR,rail_wear,C,2025-06-15,2025-06-04,11,USFD_ultrasonic_flaw_detection,0.7,True,Engineering
TMS003111,COR06022,BOX,NUA,NWR,alignment_deviation,C,2024-12-10,2024-09-04,97,visual_patrol,2.7,True,Engineering
TMS003112,COR02615,LGL,KRP,ER,weld_failure,A,2025-06-23,2025-04-06,78,USFD_ultrasonic_flaw_detection,4.7,True,Engineering
TMS003113,COR02969,CS,ETK,SR,points_crossing_wear,B,2024-11-30,2024-11-28,2,visual_patrol,2.6,True,Engineering
TMS003114,COR02700,ASE,BGZ,NR,alignment_deviation,C,2024-01-16,2024-01-12,4,visual_patrol,4.9,True,Engineering
TMS003115,COR02736,NYY,AMVA,SR,ballast_deficiency,C,2024-09-07,2024-09-05,2,manual_gauge_check,1.8,True,Engineering
TMS003116,COR01675,BKH,JHT,WCR,ballast_deficiency,A,2025-12-13,2025-08-28,107,visual_patrol,4.2,True,Engineering
TMS003117,COR04648,CTTP,MRDW,KR,rail_wear,C,2025-11-16,2025-09-30,47,USFD_ultrasonic_flaw_detection,0.5,True,Engineering
TMS003118,COR01018,LMG,PKB,NFR,rail_wear,C,2024-05-07,2023-04-22,381,manual_gauge_check,5.0,True,Engineering
TMS003119,COR02973,JGE,MAHE,SR,alignment_deviation,C,2024-11-07,2024-11-03,4,track_recording_car,2.8,True,Engineering
TMS003120,COR04360,AYRN,CSR,ECR,ballast_deficiency,C,2024-10-14,2024-10-12,2,visual_patrol,4.7,True,Engineering
TMS003121,COR00375,GCT,AKS,NER,alignment_deviation,C,2024-01-10,2023-11-16,55,manual_gauge_check,2.4,True,Engineering
TMS003122,COR03804,HAD,KVTA,SR,ballast_deficiency,C,2024-11-13,2024-11-13,0,visual_patrol,0.7,True,Engineering
TMS003123,COR00013,JAM,HAPA,WR,alignment_deviation,C,2025-04-09,2025-02-03,65,visual_patrol,4.1,True,Engineering
TMS003124,COR02436,JVT,KNSN,ER,weld_failure,A,2025-02-03,2025-01-23,11,visual_patrol,3.1,False,Engineering
TMS003125,COR00539,NLE,CHV,SR,ballast_deficiency,C,2025-04-10,2025-03-19,22,track_recording_car,0.7,True,Engineering
TMS003126,COR08119,KZB,KCHV,SR,sleeper_defect,B,2025-04-05,2025-01-12,83,visual_patrol,5.7,True,Engineering
TMS003127,COR00340,PD,DEO,NER,ballast_deficiency,C,2024-04-01,2019-11-30,1584,visual_patrol,4.0,False,Engineering
TMS003128,COR00242,ADTL,JBP,WCR,alignment_deviation,A,2024-12-25,2024-12-11,14,visual_patrol,0.9,True,Engineering
TMS003129,COR00168,KSNR,GH,NER,sleeper_defect,B,2024-03-24,2024-03-23,1,visual_patrol,3.4,True,Engineering
TMS003130,COR01506,SGS,TVI,NR,sleeper_defect,B,2025-02-01,2025-01-31,1,manual_gauge_check,0.6,True,Engineering
TMS003131,COR01196,PLV,WTR,CR,points_crossing_wear,B,2025-10-12,2025-09-30,12,USFD_ultrasonic_flaw_detection,5.0,True,Engineering
TMS003132,COR02321,MGG,LMNR,WR,points_crossing_wear,B,2025-02-19,2024-07-17,217,manual_gauge_check,0.6,True,Engineering
TMS003133,COR05522,MBB,JJG,ER,alignment_deviation,A,2025-10-31,2025-10-24,7,USFD_ultrasonic_flaw_detection,3.7,True,Engineering
TMS003134,COR00684,UVD,VAPI,WR,ballast_deficiency,C,2024-04-23,2024-04-20,3,manual_gauge_check,0.9,True,Engineering
TMS003135,COR03803,CHPD,HAD,SR,sleeper_defect,A,2024-06-23,2024-06-23,0,manual_gauge_check,2.0,True,Engineering
TMS003136,COR06421,VDNP,SRGR,ECR,alignment_deviation,C,2024-10-13,2024-08-01,73,visual_patrol,1.8,True,Engineering
TMS003137,COR01319,BWA,SOS,NWR,points_crossing_wear,B,2025-01-18,2024-11-20,59,manual_gauge_check,1.8,False,Engineering
TMS003138,COR02152,MLHS,MTMY,SR,formation_defect,B,2024-09-06,2024-07-06,62,manual_gauge_check,5.3,True,Engineering
TMS003139,COR01347,UM,CHP,WR,formation_defect,B,2024-12-22,2024-12-10,12,visual_patrol,2.6,True,Engineering
TMS003140,COR04076,IMR,BJP,SWR,sleeper_defect,B,2024-08-09,2024-07-26,14,manual_gauge_check,5.3,True,Engineering
TMS003141,COR03696,GBA,BGO,SER,ballast_deficiency,C,2024-07-19,2024-06-14,35,track_recording_car,5.0,True,Engineering
TMS003142,COR04935,DWV,KHED,KR,sleeper_defect,B,2025-05-05,2025-03-31,35,track_recording_car,2.6,True,Engineering
TMS003143,COR00281,KRO,KKN,WCR,alignment_deviation,C,2025-08-13,2024-12-25,231,visual_patrol,1.2,True,Engineering
TMS003144,COR05921,AKE,MZL,SCR,sleeper_defect,B,2025-01-07,2024-12-27,11,USFD_ultrasonic_flaw_detection,1.1,False,Engineering
TMS003145,COR04701,RSYI,SMNE,CR,sleeper_defect,B,2025-02-01,2024-09-01,153,visual_patrol,0.6,True,Engineering
TMS003146,COR02827,UVD,PAD,WR,points_crossing_wear,B,2025-02-06,2025-01-29,8,visual_patrol,1.6,True,Engineering
TMS003147,COR03694,SLB,CDGR,SER,sleeper_defect,B,2025-01-04,2024-12-25,10,USFD_ultrasonic_flaw_detection,5.2,True,Engineering
TMS003148,COR03899,JNA,JJT,NR,ballast_deficiency,C,2025-07-07,2025-06-09,28,manual_gauge_check,2.7,True,Engineering
TMS003149,COR06895,DTC,BXK,NFR,sleeper_defect,B,2024-12-03,2024-11-10,23,visual_patrol,5.6,True,Engineering
TMS003150,COR00210,MJHR,BRG,NCR,rail_fracture,A,2024-03-26,2024-03-03,23,manual_gauge_check,2.8,True,Engineering
TMS003151,COR04936,KHED,ANO,KR,sleeper_defect,B,2024-03-24,2024-01-03,81,visual_patrol,1.0,True,Engineering
TMS003152,COR00180,CAMU,NKE,ECR,alignment_deviation,C,2025-06-27,2025-05-18,40,manual_gauge_check,4.2,True,Engineering
TMS003153,COR02811,VR,VTN,WR,rail_fracture,A,2025-02-18,2024-02-06,378,USFD_ultrasonic_flaw_detection,1.6,False,Engineering
TMS003154,COR00248,BHTN,BMR,WCR,ballast_deficiency,C,2025-10-05,2025-09-21,14,visual_patrol,6.0,False,Engineering
TMS003155,COR06342,NRVR,KRTN,NR,rail_wear,C,2024-05-09,2024-05-05,4,manual_gauge_check,4.7,True,Engineering
TMS003156,COR00482,DRHI,KKN,WCR,weld_failure,A,2025-02-11,2024-11-20,83,manual_gauge_check,1.2,True,Engineering
TMS003157,COR03083,IGL,BDJ,SR,formation_defect,B,2024-07-13,2024-06-08,35,USFD_ultrasonic_flaw_detection,4.7,True,Engineering
TMS003158,COR01893,MABD,TAA,SCR,ballast_deficiency,C,2025-02-27,2025-02-25,2,manual_gauge_check,2.9,True,Engineering
TMS003159,COR00863,BLSA,KEK,SCR,ballast_deficiency,C,2025-11-05,2025-10-29,7,visual_patrol,2.4,True,Engineering
TMS003160,COR02517,DQN,RXN,NWR,rail_wear,C,2024-04-14,2024-03-31,14,visual_patrol,5.4,True,Engineering
TMS003161,COR02822,UBR,SJN,WR,points_crossing_wear,B,2024-07-09,2024-07-04,5,visual_patrol,5.5,True,Engineering
TMS003162,COR00981,LPTA,BOJ,NFR,ballast_deficiency,C,2025-10-06,2025-08-20,47,USFD_ultrasonic_flaw_detection,4.4,True,Engineering
TMS003163,COR02314,GUH,GZN,NR,alignment_deviation,C,2024-08-14,2024-08-07,7,visual_patrol,1.9,True,Engineering
TMS003164,COR02396,AXA,SDD,WR,ballast_deficiency,C,2024-11-20,2024-11-10,10,track_recording_car,3.8,True,Engineering
TMS003165,COR03695,CDGR,GBA,SER,alignment_deviation,C,2025-05-08,2025-04-01,37,USFD_ultrasonic_flaw_detection,5.6,True,Engineering
TMS003166,COR06012,SNTH,BOTI,NWR,points_crossing_wear,B,2025-02-03,2025-01-26,8,manual_gauge_check,3.1,True,Engineering
TMS003167,COR00627,GNN,CVV,SCR,alignment_deviation,C,2024-05-29,2024-04-16,43,visual_patrol,3.3,True,Engineering
TMS003168,COR04537,SMBX,GHGL,NR,ballast_deficiency,C,2025-05-16,2025-02-17,88,USFD_ultrasonic_flaw_detection,1.8,True,Engineering
TMS003169,COR05910,CCP,SAK,WR,points_crossing_wear,B,2025-08-15,2025-07-31,15,visual_patrol,2.4,True,Engineering
TMS003170,COR03117,BAHP,BQP,NR,weld_failure,A,2024-03-16,2024-03-14,2,visual_patrol,4.2,False,Engineering
TMS003171,COR06855,HTW,THE,NER,sleeper_defect,B,2024-12-29,2024-12-25,4,visual_patrol,4.1,False,Engineering
TMS003172,COR00317,BERO,JOC,SER,ballast_deficiency,C,2024-07-29,2024-07-24,5,visual_patrol,4.9,True,Engineering
TMS003173,COR01653,SDVL,BAW,SWR,rail_wear,C,2024-06-19,2024-03-22,89,USFD_ultrasonic_flaw_detection,6.0,True,Engineering
TMS003174,COR02350,MJ,RKZ,NWR,ballast_deficiency,C,2024-02-10,2023-09-16,147,manual_gauge_check,4.3,True,Engineering
TMS003175,COR00690,BRRD,GVD,WR,ballast_deficiency,C,2024-10-24,2024-08-24,61,USFD_ultrasonic_flaw_detection,1.3,True,Engineering
TMS003176,COR00478,KDK,BMA,CR,weld_failure,A,2024-05-21,2024-05-12,9,USFD_ultrasonic_flaw_detection,1.9,True,Engineering
TMS003177,COR01894,TAA,KDM,SCR,alignment_deviation,C,2025-10-06,2025-08-25,42,visual_patrol,0.9,True,Engineering
TMS003178,COR04003,PUPR,AMPA,SR,sleeper_defect,C,2024-03-23,2024-03-12,11,visual_patrol,1.1,True,Engineering
TMS003179,COR02578,PTS,PSX,SECR,ballast_deficiency,C,2024-07-31,2024-07-26,5,track_recording_car,0.6,True,Engineering
TMS003180,COR08293,TLC,PIH,NWR,weld_failure,A,2024-01-03,2023-12-27,7,track_recording_car,1.5,True,Engineering
TMS003181,COR00491,CGO,PGL,WCR,alignment_deviation,C,2024-07-28,2019-10-07,1756,USFD_ultrasonic_flaw_detection,5.9,True,Engineering
TMS003182,COR00490,TBN,CGO,WCR,rail_wear,C,2025-12-27,2025-12-14,13,visual_patrol,1.2,True,Engineering
TMS003183,COR04442,DPL,LKN,ECR,points_crossing_wear,B,2024-01-10,2024-01-01,9,visual_patrol,5.2,True,Engineering
TMS003184,COR01133,MQW,GTP,NER,ballast_deficiency,C,2025-02-04,2025-01-22,13,visual_patrol,3.1,True,Engineering
TMS003185,COR02675,KAGR,JHL,NR,ballast_deficiency,C,2024-12-03,2024-11-05,28,track_recording_car,1.0,True,Engineering
TMS003186,COR00492,PGL,BIF,WCR,rail_wear,C,2025-08-23,2025-08-23,0,visual_patrol,1.0,True,Engineering
TMS003187,COR01379,TMU,KDE,SR,rail_fracture,A,2025-12-23,2025-09-25,89,USFD_ultrasonic_flaw_detection,4.5,True,Engineering
TMS003188,COR00441,WDR,MZL,SCR,alignment_deviation,C,2025-12-14,2025-12-07,7,visual_patrol,4.1,False,Engineering
TMS003189,COR06268,RRS,NHF,NR,ballast_deficiency,C,2025-10-25,2025-10-11,14,USFD_ultrasonic_flaw_detection,2.2,True,Engineering
TMS003190,COR01079,CNC,RBG,SWR,rail_fracture,A,2025-02-18,2024-12-01,79,visual_patrol,2.4,False,Engineering
TMS003191,COR00685,VAPI,KEB,WR,sleeper_defect,B,2024-06-11,2024-06-01,10,manual_gauge_check,2.3,True,Engineering
TMS003192,COR04854,NNE,RYT,NCR,sleeper_defect,B,2025-02-15,2025-01-08,38,visual_patrol,1.0,True,Engineering
TMS003193,COR02475,KJU,TBAE,ER,rail_fracture,A,2025-06-30,2025-06-19,11,manual_gauge_check,3.3,True,Engineering
TMS003194,COR02833,BIM,AML,WR,weld_failure,A,2024-05-14,2024-05-05,9,visual_patrol,6.0,True,Engineering
TMS003195,COR06707,IRN,AKZ,SER,ballast_deficiency,C,2025-09-02,2025-08-22,11,manual_gauge_check,0.7,True,Engineering
TMS003196,COR01621,SHV,AJP,SWR,sleeper_defect,B,2024-04-19,2024-04-17,2,track_recording_car,4.8,False,Engineering
TMS003197,COR04540,CKDL,CHNR,NR,ballast_deficiency,C,2025-02-25,2024-12-12,75,manual_gauge_check,2.9,True,Engineering
TMS003198,COR04259,RBS,DXK,NCR,formation_defect,B,2025-06-27,2025-06-16,11,USFD_ultrasonic_flaw_detection,5.5,True,Engineering
TMS003199,COR04159,KMQ,UAA,SR,alignment_deviation,C,2024-04-29,2023-10-29,183,track_recording_car,1.6,True,Engineering
TMS003200,COR02836,VDH,NVS,WR,sleeper_defect,C,2025-03-19,2025-03-05,14,track_recording_car,0.9,True,Engineering
TMS003201,COR03076,WH,ETR,SR,rail_wear,C,2025-12-04,2025-11-18,16,manual_gauge_check,3.2,True,Engineering
TMS003202,COR00332,DYK,KRYA,NER,weld_failure,A,2025-08-14,2025-05-29,77,manual_gauge_check,5.2,True,Engineering
TMS003203,COR00323,KSU,CHRA,SER,rail_wear,C,2024-08-13,2024-08-12,1,visual_patrol,4.2,True,Engineering
TMS003204,COR05379,RPB,BXG,NFR,formation_defect,B,2025-10-20,2025-10-09,11,manual_gauge_check,3.6,True,Engineering
TMS003205,COR01733,DHRJ,BTJ,NR,formation_defect,B,2025-08-12,2025-06-27,46,USFD_ultrasonic_flaw_detection,4.3,True,Engineering
TMS003206,COR05789,NRUR,SNAD,WR,points_crossing_wear,B,2025-08-24,2025-08-09,15,visual_patrol,3.7,True,Engineering
TMS003207,COR04433,JNO,PCLI,CR,alignment_deviation,C,2025-04-18,2025-02-21,56,track_recording_car,4.0,True,Engineering
TMS003208,COR04547,KNDI,GILA,NR,ballast_deficiency,C,2025-08-18,2025-08-06,12,manual_gauge_check,1.4,True,Engineering
TMS003209,COR01709,LGCE,STA,WCR,alignment_deviation,C,2025-04-07,2025-02-12,54,manual_gauge_check,6.0,True,Engineering
TMS003210,COR01720,MKP,PNHI,NCR,rail_wear,C,2025-09-17,2025-09-11,6,USFD_ultrasonic_flaw_detection,5.8,True,Engineering
TMS003211,COR05075,CNA,COR,WR,alignment_deviation,C,2025-03-15,2024-12-16,89,visual_patrol,5.2,True,Engineering
TMS003212,COR04159,KMQ,UAA,SR,rail_wear,C,2025-01-22,2025-01-20,2,USFD_ultrasonic_flaw_detection,2.2,True,Engineering
TMS003213,COR08013,VLA,MORA,WR,formation_defect,B,2024-02-28,2023-08-14,198,manual_gauge_check,4.1,True,Engineering
TMS003214,COR03618,RLP,SOQ,SWR,sleeper_defect,B,2024-11-19,2024-11-13,6,track_recording_car,4.0,True,Engineering
TMS003215,COR02318,KDHA,UDM,WR,ballast_deficiency,C,2025-12-29,2025-12-23,6,USFD_ultrasonic_flaw_detection,2.1,True,Engineering
TMS003216,COR00674,NVS,VDH,WR,points_crossing_wear,B,2025-11-29,2025-11-19,10,track_recording_car,4.5,True,Engineering
TMS003217,COR04242,LLU,DHPR,NR,rail_wear,C,2024-11-18,2024-09-13,66,visual_patrol,3.0,True,Engineering
TMS003218,COR03438,HSR,CRW,NWR,ballast_deficiency,C,2024-09-25,2024-08-21,35,USFD_ultrasonic_flaw_detection,0.8,True,Engineering
TMS003219,COR00469,SAV,NB,CR,ballast_deficiency,C,2024-02-04,2024-01-25,10,USFD_ultrasonic_flaw_detection,4.4,True,Engineering
TMS003220,COR01571,NDE,MDVR,CR,sleeper_defect,B,2024-02-07,2023-08-24,167,visual_patrol,1.1,True,Engineering
TMS003221,COR00680,DGI,BL,WR,rail_wear,C,2025-07-31,2024-10-29,275,visual_patrol,3.1,True,Engineering
TMS003222,COR04251,PLP,SYC,NR,weld_failure,A,2024-04-05,2023-03-06,396,manual_gauge_check,1.3,True,Engineering
TMS003223,COR04157,KLAD,KGQ,SR,rail_fracture,A,2024-04-15,2024-04-03,12,manual_gauge_check,1.4,True,Engineering
TMS003224,COR07400,BADK,SUJR,NR,formation_defect,B,2025-01-30,2024-11-29,62,visual_patrol,2.8,True,Engineering
TMS003225,COR00891,ALW,CVB,SCR,rail_fracture,A,2025-08-17,2025-08-07,10,visual_patrol,1.2,True,Engineering
TMS003226,COR03821,NJN,SZR,NFR,sleeper_defect,B,2024-08-09,2024-07-31,9,visual_patrol,1.3,True,Engineering
TMS003227,COR07741,SRVN,ANC,SWR,points_crossing_wear,B,2024-02-06,2024-01-24,13,visual_patrol,1.5,True,Engineering
TMS003228,COR00865,DAB,BSX,SCR,points_crossing_wear,B,2025-03-10,2022-07-01,983,manual_gauge_check,3.6,True,Engineering
TMS003229,COR03612,HBS,SVHE,SWR,weld_failure,A,2025-11-23,2025-11-13,10,visual_patrol,1.1,True,Engineering
TMS003230,COR00142,RE,KWMD,NWR,formation_defect,B,2024-12-14,2024-12-12,2,track_recording_car,1.4,True,Engineering
TMS003231,COR02823,SJN,BLD,WR,ballast_deficiency,C,2025-09-05,2025-08-23,13,USFD_ultrasonic_flaw_detection,1.4,True,Engineering
TMS003232,COR00650,PCH,PRKH,SWR,weld_failure,A,2025-08-25,2025-07-11,45,track_recording_car,5.2,True,Engineering
TMS003233,COR02837,NVS,MRL,WR,points_crossing_wear,B,2024-04-25,2024-03-22,34,visual_patrol,2.4,True,Engineering
TMS003234,COR00270,DKI,BPF,WCR,ballast_deficiency,C,2024-05-08,2023-04-27,377,manual_gauge_check,3.3,True,Engineering
TMS003235,COR01935,SELU,SCO,SCR,ballast_deficiency,C,2025-09-27,2025-09-18,9,USFD_ultrasonic_flaw_detection,3.2,True,Engineering
TMS003236,COR05482,HHR,BT,ER,alignment_deviation,C,2025-02-13,2024-10-14,122,visual_patrol,1.4,True,Engineering
TMS003237,COR04790,BHRL,SRM,NR,alignment_deviation,A,2025-03-07,2022-03-17,1086,manual_gauge_check,3.5,False,Engineering
TMS003238,COR00990,AGI,SLX,NFR,alignment_deviation,C,2024-10-04,2024-09-01,33,USFD_ultrasonic_flaw_detection,0.6,True,Engineering
TMS003239,COR04676,NIV,RN,KR,alignment_deviation,C,2025-03-26,2024-08-12,226,visual_patrol,4.0,False,Engineering
TMS003240,COR08564,RTGH,LOHA,NWR,ballast_deficiency,C,2025-12-12,2025-11-28,14,visual_patrol,3.2,False,Engineering
TMS003241,COR01003,BXP,SZR,NFR,sleeper_defect,B,2025-03-02,2025-01-11,50,visual_patrol,3.1,True,Engineering
TMS003242,COR00209,SRJ,MJHR,NCR,sleeper_defect,B,2025-09-13,2025-06-25,80,USFD_ultrasonic_flaw_detection,5.6,True,Engineering
TMS003243,COR00547,PPNS,VAPM,SR,points_crossing_wear,B,2025-02-14,2025-02-10,4,track_recording_car,0.9,True,Engineering
TMS003244,COR01695,GSPR,SHR,WCR,weld_failure,B,2024-03-17,2024-03-02,15,USFD_ultrasonic_flaw_detection,5.7,True,Engineering
TMS003245,COR01713,JTW,KTHA,WCR,alignment_deviation,C,2024-03-17,2024-03-11,6,track_recording_car,5.8,True,Engineering
TMS003246,COR01328,MOI,KTR,NWR,sleeper_defect,B,2024-05-27,2024-05-03,24,USFD_ultrasonic_flaw_detection,3.4,False,Engineering
TMS003247,COR05324,BRMO,AMLO,ECR,alignment_deviation,C,2024-08-31,2024-08-20,11,manual_gauge_check,4.2,True,Engineering
TMS003248,COR04900,BID,KHLL,SWR,alignment_deviation,C,2025-07-23,2025-07-15,8,visual_patrol,2.9,False,Engineering
TMS003249,COR00423,KQD,NLRD,SCR,rail_fracture,A,2025-05-12,2025-03-06,67,manual_gauge_check,1.1,True,Engineering
TMS003250,COR02151,MTCN,MLHS,SR,formation_defect,B,2024-02-29,2024-02-20,9,visual_patrol,1.7,False,Engineering
TMS003251,COR02817,BOR,VGN,WR,alignment_deviation,C,2025-10-25,2025-10-21,4,manual_gauge_check,2.8,True,Engineering
TMS003252,COR01472,TTLA,KKET,NFR,weld_failure,C,2025-11-23,2025-07-29,117,USFD_ultrasonic_flaw_detection,5.0,True,Engineering
TMS003253,COR04049,YFP,DDD,NER,rail_fracture,A,2024-12-22,2024-12-18,4,track_recording_car,3.6,True,Engineering
TMS003254,COR04214,DIB,RG,NR,formation_defect,B,2024-03-24,2024-03-04,20,visual_patrol,4.2,True,Engineering
TMS003255,COR05418,SPPR,SAF,NR,sleeper_defect,B,2025-10-25,2025-09-05,50,USFD_ultrasonic_flaw_detection,4.3,True,Engineering
TMS003256,COR06308,DXD,CDSL,WCR,formation_defect,B,2024-11-12,2024-10-29,14,visual_patrol,4.7,True,Engineering
TMS003257,COR01706,BUU,MYR,WCR,formation_defect,B,2024-02-27,2024-01-21,37,visual_patrol,2.7,True,Engineering
TMS003258,COR04376,PMK,SQD,SR,ballast_deficiency,C,2024-04-05,2023-07-02,278,manual_gauge_check,6.0,True,Engineering
TMS003259,COR06318,KUV,CTPE,SR,rail_wear,C,2025-02-08,2024-04-07,307,track_recording_car,4.7,True,Engineering
TMS003260,COR01949,DLB,POZ,SCR,points_crossing_wear,B,2025-06-26,2025-03-25,93,visual_patrol,3.2,True,Engineering
TMS003261,COR04535,JAT,BBMN,NR,ballast_deficiency,C,2024-11-01,2024-08-11,82,USFD_ultrasonic_flaw_detection,2.7,True,Engineering
TMS003262,COR01101,GDV,OTR,SCR,points_crossing_wear,A,2025-05-30,2025-05-20,10,USFD_ultrasonic_flaw_detection,2.1,True,Engineering
TMS003263,COR01631,HVL,SSNH,SWR,ballast_deficiency,C,2025-07-25,2025-04-27,89,USFD_ultrasonic_flaw_detection,1.5,True,Engineering
TMS003264,COR00861,SLGH,UMRI,SCR,weld_failure,A,2024-04-29,2024-04-01,28,visual_patrol,5.8,False,Engineering
TMS003265,COR02391,LMC,DL,WR,alignment_deviation,C,2025-02-24,2024-07-20,219,track_recording_car,5.4,True,Engineering
TMS003266,COR03378,SSA,BGD,NWR,alignment_deviation,C,2024-09-05,2024-08-11,25,visual_patrol,3.7,True,Engineering
TMS003267,COR03351,RMD,SQD,SR,rail_fracture,A,2025-10-28,2025-09-17,41,visual_patrol,5.7,True,Engineering
TMS003268,COR05262,SKY,SOY,SECR,rail_fracture,A,2024-09-28,2024-07-21,69,visual_patrol,3.9,False,Engineering
TMS003269,COR03312,BLND,KUPR,NR,weld_failure,A,2025-08-11,2025-08-06,5,USFD_ultrasonic_flaw_detection,5.4,True,Engineering
TMS003270,COR04482,HRD,DRHI,WCR,alignment_deviation,C,2024-10-15,2024-10-13,2,USFD_ultrasonic_flaw_detection,4.3,True,Engineering
TMS003271,COR02592,BTJL,SHMI,KR,sleeper_defect,B,2025-04-11,2025-04-04,7,manual_gauge_check,3.1,True,Engineering
TMS003272,COR00932,SBC,BNC,SWR,sleeper_defect,B,2025-03-16,2025-03-08,8,visual_patrol,1.5,True,Engineering
TMS003273,COR00184,KUMB,BTH,ECR,ballast_deficiency,C,2025-03-09,2025-01-29,39,USFD_ultrasonic_flaw_detection,5.7,True,Engineering
TMS003274,COR05973,GTRA,FAP,NR,points_crossing_wear,B,2025-06-21,2025-03-28,85,USFD_ultrasonic_flaw_detection,3.1,True,Engineering
TMS003275,COR01480,LPN,KWM,NFR,ballast_deficiency,C,2024-08-29,2024-08-27,2,visual_patrol,1.1,True,Engineering
TMS003276,COR08244,MWK,RM,CR,alignment_deviation,C,2025-03-01,2025-01-17,43,manual_gauge_check,5.5,True,Engineering
TMS003277,COR06841,TBTN,NNX,NR,sleeper_defect,B,2025-12-16,2025-12-14,2,USFD_ultrasonic_flaw_detection,1.9,False,Engineering
TMS003278,COR02385,CJR,DXR,WR,rail_fracture,A,2024-10-28,2024-10-19,9,USFD_ultrasonic_flaw_detection,1.8,True,Engineering
TMS003279,COR03387,AJTM,RLS,NR,sleeper_defect,B,2025-02-23,2025-02-12,11,USFD_ultrasonic_flaw_detection,2.7,True,Engineering
TMS003280,COR03760,IZN,DOX,NER,ballast_deficiency,C,2024-01-29,2023-03-06,329,track_recording_car,2.3,True,Engineering
TMS003281,COR00117,MD,LR,NWR,ballast_deficiency,C,2025-12-24,2025-12-20,4,visual_patrol,4.0,True,Engineering
TMS003282,COR00890,BOZ,ALW,SCR,ballast_deficiency,C,2024-03-10,2023-12-23,78,USFD_ultrasonic_flaw_detection,4.0,True,Engineering
TMS003283,COR01296,AII,DOZ,NWR,alignment_deviation,C,2024-04-17,2024-04-15,2,visual_patrol,0.9,True,Engineering
TMS003284,COR00055,UMN,JDN,WR,points_crossing_wear,B,2024-02-18,2023-02-16,367,manual_gauge_check,2.8,True,Engineering
TMS003285,COR05382,BRGM,KNBR,NFR,ballast_deficiency,C,2025-01-20,2025-01-08,12,visual_patrol,2.9,True,Engineering
TMS003286,COR01266,CDG,GHG,NR,points_crossing_wear,C,2024-06-29,2023-07-07,358,visual_patrol,0.9,True,Engineering
TMS003287,COR03315,NAS,HSX,NR,alignment_deviation,C,2025-09-20,2025-07-26,56,visual_patrol,3.7,True,Engineering
TMS003288,COR02431,SNKG,BLL,SCR,ballast_deficiency,C,2024-10-20,2023-10-23,363,USFD_ultrasonic_flaw_detection,0.7,True,Engineering
TMS003289,COR00856,WNG,NED,SCR,formation_defect,B,2024-04-03,2024-03-20,14,track_recording_car,4.7,True,Engineering
TMS003290,COR04128,KODN,PUM,SR,rail_wear,C,2025-06-19,2025-06-07,12,USFD_ultrasonic_flaw_detection,2.1,True,Engineering
TMS003291,COR06146,TUV,MLTR,SR,alignment_deviation,C,2024-07-09,2024-06-29,10,USFD_ultrasonic_flaw_detection,3.4,True,Engineering
TMS003292,COR07513,VLN,KQV,CR,alignment_deviation,C,2025-04-04,2025-03-20,15,USFD_ultrasonic_flaw_detection,5.1,True,Engineering
TMS003293,COR00261,BKH,PPI,WCR,alignment_deviation,C,2024-08-15,2024-07-01,45,visual_patrol,4.0,True,Engineering
TMS003294,COR04151,NLE,KZE,SR,rail_wear,C,2024-12-16,2024-12-09,7,manual_gauge_check,1.5,False,Engineering
TMS003295,COR00471,RV,WGA,CR,alignment_deviation,C,2024-02-27,2024-02-26,1,visual_patrol,1.7,True,Engineering
TMS003296,COR03821,NJN,SZR,NFR,sleeper_defect,A,2025-10-13,2025-08-30,44,track_recording_car,1.2,True,Engineering
TMS003297,COR04665,MADR,SWV,KR,alignment_deviation,C,2024-09-17,2024-09-12,5,visual_patrol,4.5,True,Engineering
TMS003298,COR01559,STR,KRG,CR,ballast_deficiency,C,2025-08-15,2025-07-02,44,track_recording_car,5.4,False,Engineering
TMS003299,COR03199,SEJ,MORA,WR,ballast_deficiency,C,2025-01-03,2025-01-01,2,track_recording_car,2.8,True,Engineering
TMS003300,COR01170,PRDG,ACLE,ER,alignment_deviation,C,2025-01-24,2025-01-14,10,USFD_ultrasonic_flaw_detection,2.1,False,Engineering
TMS003301,COR02381,LPR,LTR,WR,rail_wear,C,2024-08-21,2024-06-03,79,visual_patrol,4.4,True,Engineering
TMS003302,COR00242,ADTL,JBP,WCR,formation_defect,B,2025-07-01,2025-05-01,61,USFD_ultrasonic_flaw_detection,4.3,True,Engineering
TMS003303,COR03275,AHD,SLGE,SWR,sleeper_defect,B,2024-11-16,2024-09-28,49,USFD_ultrasonic_flaw_detection,3.8,True,Engineering
TMS003304,COR06755,KDO,AP,SWR,sleeper_defect,B,2024-07-30,2024-07-20,10,visual_patrol,1.2,True,Engineering
TMS003305,COR00750,KM,SVM,SWR,rail_wear,C,2024-09-04,2024-09-01,3,track_recording_car,3.3,True,Engineering
TMS003306,COR04173,DUI,BSS,NR,weld_failure,A,2024-11-24,2024-11-23,1,manual_gauge_check,3.5,False,Engineering
TMS003307,COR00145,IHP,PTRD,NR,formation_defect,B,2024-07-30,2024-07-24,6,USFD_ultrasonic_flaw_detection,5.1,True,Engineering
TMS003308,COR01764,PDZ,COO,WCR,rail_fracture,A,2025-06-07,2025-06-02,5,track_recording_car,0.9,True,Engineering
TMS003309,COR01701,KTE,PTWA,WCR,points_crossing_wear,B,2024-12-27,2024-12-18,9,manual_gauge_check,2.4,True,Engineering
TMS003310,COR02806,MIRA,BYR,WR,rail_wear,B,2025-12-05,2025-11-28,7,USFD_ultrasonic_flaw_detection,1.2,True,Engineering
TMS003311,COR00266,BGTA,SQL,WCR,weld_failure,A,2024-03-17,2023-07-24,237,USFD_ultrasonic_flaw_detection,3.9,False,Engineering
TMS003312,COR03643,CKV,AKVD,SCR,weld_failure,A,2024-03-04,2023-09-22,164,manual_gauge_check,5.4,True,Engineering
TMS003313,COR03150,KHBV,KARD,CR,points_crossing_wear,B,2024-04-08,2024-03-29,10,manual_gauge_check,3.9,True,Engineering
TMS003314,COR00281,KRO,KKN,WCR,alignment_deviation,C,2024-11-23,2024-11-14,9,visual_patrol,4.9,True,Engineering
TMS003315,COR04603,GRU,KCF,NFR,weld_failure,A,2025-04-19,2025-03-01,49,visual_patrol,3.3,True,Engineering
TMS003316,COR00490,TBN,CGO,WCR,rail_wear,C,2024-06-25,2024-05-10,46,track_recording_car,1.0,True,Engineering
TMS003317,COR08063,MHF,BARI,NCR,alignment_deviation,C,2025-08-19,2025-07-12,38,visual_patrol,4.8,True,Engineering
TMS003318,COR03135,GHUM,DJ,NFR,alignment_deviation,B,2025-07-18,2025-07-16,2,manual_gauge_check,2.5,True,Engineering
TMS003319,COR00601,KSNR,CPJ,NER,sleeper_defect,B,2024-10-16,2024-09-27,19,manual_gauge_check,3.1,False,Engineering
TMS003320,COR00275,TBN,CRK,WCR,alignment_deviation,C,2024-11-05,2024-02-22,257,USFD_ultrasonic_flaw_detection,1.0,False,Engineering
TMS003321,COR00273,PGL,CGO,WCR,rail_wear,C,2024-09-25,2024-08-11,45,manual_gauge_check,4.4,True,Engineering
TMS003322,COR00689,UBR,BRRD,WR,points_crossing_wear,B,2025-04-17,2025-04-12,5,USFD_ultrasonic_flaw_detection,2.8,True,Engineering
TMS003323,COR00830,SSR,RLR,NWR,alignment_deviation,C,2024-06-18,2024-06-18,0,USFD_ultrasonic_flaw_detection,5.4,True,Engineering
TMS003324,COR02297,TPZ,NGL,NR,rail_wear,B,2025-07-27,2025-06-02,55,visual_patrol,3.9,False,Engineering
TMS003325,COR00205,IDGJ,JSR,NCR,points_crossing_wear,B,2025-11-24,2025-11-12,12,USFD_ultrasonic_flaw_detection,5.0,True,Engineering
TMS003326,COR00420,LKPL,HYB,SCR,points_crossing_wear,B,2025-06-09,2025-02-20,109,visual_patrol,4.2,True,Engineering
TMS003327,COR01723,KTDD,BRG,NCR,points_crossing_wear,B,2024-06-04,2024-05-21,14,visual_patrol,2.9,False,Engineering
TMS003328,COR01749,MSRP,CRG,WCR,rail_fracture,A,2025-05-10,2025-01-04,126,visual_patrol,5.2,True,Engineering
TMS003329,COR02682,NRW,GSO,NR,points_crossing_wear,B,2024-10-24,2023-11-23,336,visual_patrol,5.0,True,Engineering
TMS003330,COR00829,GBP,RPI,NWR,ballast_deficiency,C,2024-10-05,2024-08-19,47,manual_gauge_check,1.9,True,Engineering
TMS003331,COR00105,BAR,SEU,NWR,sleeper_defect,B,2024-12-19,2024-12-07,12,visual_patrol,4.4,True,Engineering
TMS003332,COR04142,VAPM,PPNS,SR,ballast_deficiency,C,2024-08-19,2024-07-15,35,visual_patrol,2.6,True,Engineering
TMS003333,COR00421,HYB,LKPL,SCR,rail_fracture,A,2024-04-05,2024-04-03,2,track_recording_car,5.2,True,Engineering
TMS003334,COR04270,KARD,KHBV,CR,ballast_deficiency,C,2024-07-11,2024-06-22,19,track_recording_car,3.7,True,Engineering
TMS003335,COR04292,MDKD,DMA,SER,weld_failure,A,2024-12-19,2024-12-19,0,USFD_ultrasonic_flaw_detection,2.0,False,Engineering
TMS003336,COR05081,BTG,NSU,NR,rail_wear,C,2024-09-10,2024-08-08,33,visual_patrol,3.0,True,Engineering
TMS003337,COR00357,ALMR,UJ,WR,formation_defect,B,2025-08-16,2025-08-16,0,USFD_ultrasonic_flaw_detection,5.5,True,Engineering
TMS003338,COR00191,JDR,PPA,ECR,sleeper_defect,B,2024-02-01,2024-01-26,6,track_recording_car,2.7,False,Engineering
TMS003339,COR04372,TPC,RAGM,SR,ballast_deficiency,C,2025-09-30,2025-09-24,6,manual_gauge_check,1.4,True,Engineering
TMS003340,COR02852,HTNL,GIN,SWR,rail_fracture,A,2025-07-08,2025-06-28,10,manual_gauge_check,1.3,True,Engineering
TMS003341,COR06454,LMO,JIR,WR,alignment_deviation,C,2024-08-04,2022-03-26,862,USFD_ultrasonic_flaw_detection,1.1,True,Engineering
TMS003342,COR01859,SJNP,MDPB,NR,rail_fracture,A,2024-08-28,2024-08-23,5,USFD_ultrasonic_flaw_detection,3.5,False,Engineering
TMS003343,COR02682,NRW,GSO,NR,sleeper_defect,B,2024-05-28,2024-04-18,40,manual_gauge_check,3.4,True,Engineering
TMS003344,COR03698,PBA,VSU,SER,sleeper_defect,B,2025-03-07,2025-02-22,13,manual_gauge_check,2.0,True,Engineering
TMS003345,COR02151,MTCN,MLHS,SR,alignment_deviation,A,2024-05-13,2024-05-11,2,visual_patrol,1.8,True,Engineering
TMS003346,COR01573,SLI,VRB,CR,ballast_deficiency,C,2024-09-23,2024-09-20,3,visual_patrol,2.2,True,Engineering
TMS003347,COR00376,AKS,SAHR,NER,alignment_deviation,C,2024-07-01,2024-06-17,14,USFD_ultrasonic_flaw_detection,4.4,True,Engineering
TMS003348,COR03793,CMW,GHPU,SCR,rail_wear,C,2024-11-10,2024-11-07,3,visual_patrol,0.7,True,Engineering
TMS003349,COR01690,KEQ,MML,WCR,weld_failure,A,2024-12-06,2024-12-06,0,visual_patrol,4.4,True,Engineering
TMS003350,COR07139,DARI,BADR,WR,rail_wear,C,2025-01-23,2025-01-16,7,USFD_ultrasonic_flaw_detection,1.9,True,Engineering
TMS003351,COR04379,VTV,UCP,SR,alignment_deviation,C,2024-01-28,2024-01-20,8,visual_patrol,5.3,True,Engineering
TMS003352,COR03053,MEJ,NRK,SR,ballast_deficiency,C,2025-11-21,2025-09-21,61,USFD_ultrasonic_flaw_detection,2.8,True,Engineering
TMS003353,COR08090,BGQ,TKRU,NCR,alignment_deviation,B,2024-06-04,2024-05-02,33,USFD_ultrasonic_flaw_detection,1.3,True,Engineering
TMS003354,COR02407,HAPA,JAM,WR,alignment_deviation,C,2025-12-08,2025-12-04,4,visual_patrol,5.2,False,Engineering
TMS003355,COR01938,PTU,PDG,SCR,alignment_deviation,C,2025-07-01,2025-05-17,45,visual_patrol,4.8,True,Engineering
TMS003356,COR02820,GVD,BRRD,WR,alignment_deviation,C,2024-09-21,2024-09-15,6,visual_patrol,4.4,True,Engineering
TMS003357,COR01771,MXL,RNT,WCR,rail_wear,C,2024-07-12,2024-07-10,2,USFD_ultrasonic_flaw_detection,4.3,True,Engineering
TMS003358,COR05517,BFT,SGV,ER,alignment_deviation,B,2025-07-29,2025-06-11,48,visual_patrol,5.3,False,Engineering
TMS003359,COR04652,KT,GOK,KR,rail_fracture,A,2025-08-07,2025-07-23,15,visual_patrol,4.1,True,Engineering
TMS003360,COR03847,BRNR,BFD,NFR,ballast_deficiency,C,2024-10-18,2024-03-11,221,USFD_ultrasonic_flaw_detection,2.6,True,Engineering
TMS003361,COR01210,SSV,GPR,CR,alignment_deviation,C,2025-12-13,2025-09-28,76,track_recording_car,2.4,True,Engineering
TMS003362,COR02134,BDU,J,SCR,ballast_deficiency,A,2025-10-25,2025-10-23,2,manual_gauge_check,1.6,True,Engineering
TMS003363,COR02818,VGN,DRD,WR,alignment_deviation,C,2024-08-27,2024-08-22,5,visual_patrol,1.1,True,Engineering
TMS003364,COR00705,NSP,BSR,WR,ballast_deficiency,C,2024-04-03,2024-03-19,15,track_recording_car,4.3,True,Engineering
TMS003365,COR00278,PAL,MUO,WCR,rail_fracture,A,2025-11-30,2025-06-28,155,track_recording_car,2.1,True,Engineering
TMS003366,COR01954,TR,NSL,SCR,rail_wear,C,2025-08-02,2025-07-25,8,visual_patrol,2.1,True,Engineering
TMS003367,COR04981,LMNR,INDM,WR,ballast_deficiency,C,2024-11-16,2024-09-30,47,track_recording_car,4.8,True,Engineering
TMS003368,COR05432,ARP,SPGL,NR,rail_wear,C,2025-11-21,2025-11-16,5,USFD_ultrasonic_flaw_detection,3.1,True,Engineering
TMS003369,COR01768,NNW,NMD,WCR,sleeper_defect,B,2024-02-19,2024-02-13,6,manual_gauge_check,2.8,True,Engineering
TMS003370,COR01093,KNP,GNJ,SWR,sleeper_defect,B,2024-12-15,2024-12-13,2,USFD_ultrasonic_flaw_detection,1.2,True,Engineering
TMS003371,COR07655,HNB,TKF,ER,alignment_deviation,C,2025-11-22,2025-08-04,110,manual_gauge_check,4.8,True,Engineering
TMS003372,COR06214,HDT,NTU,NER,rail_wear,C,2025-03-02,2025-01-31,30,visual_patrol,2.2,True,Engineering
TMS003373,COR00953,CUD,TDPR,SR,alignment_deviation,A,2024-09-03,2017-12-01,2468,visual_patrol,3.7,True,Engineering
TMS003374,COR01321,JAL,BGPR,NWR,alignment_deviation,C,2025-11-17,2025-05-02,199,USFD_ultrasonic_flaw_detection,3.5,True,Engineering
TMS003375,COR01525,CRD,PR,CR,alignment_deviation,C,2025-05-09,2016-10-02,3141,manual_gauge_check,3.6,True,Engineering
TMS003376,COR03980,BZLE,KZPR,ER,sleeper_defect,C,2025-10-09,2025-09-08,31,visual_patrol,1.8,True,Engineering
TMS003377,COR00285,MTA,KNW,WCR,weld_failure,A,2025-07-17,2025-06-28,19,manual_gauge_check,4.7,True,Engineering
TMS003378,COR02809,BSR,NSP,WR,points_crossing_wear,B,2024-01-20,2023-11-13,68,visual_patrol,2.9,False,Engineering
TMS003379,COR04926,ROHA,KOL,CR,points_crossing_wear,B,2025-04-15,2025-02-12,62,visual_patrol,2.2,True,Engineering
TMS003380,COR03383,BTI,GNA,NR,weld_failure,A,2024-07-12,2024-06-25,17,track_recording_car,4.6,True,Engineering
TMS003381,COR04161,MJS,ULL,SR,points_crossing_wear,B,2025-05-14,2025-05-07,7,USFD_ultrasonic_flaw_detection,0.8,True,Engineering
TMS003382,COR04144,KPQ,PAZ,SR,sleeper_defect,B,2024-08-18,2024-05-20,90,visual_patrol,3.2,True,Engineering
TMS003383,COR04146,ELM,PAY,SR,rail_fracture,A,2024-10-06,2024-03-09,211,USFD_ultrasonic_flaw_detection,3.8,True,Engineering
TMS003384,COR03656,IDP,TGU,SCR,sleeper_defect,B,2025-12-01,2025-11-18,13,visual_patrol,2.8,True,Engineering
TMS003385,COR02135,J,SVD,SCR,ballast_deficiency,C,2024-11-20,2024-09-15,66,USFD_ultrasonic_flaw_detection,2.8,True,Engineering
TMS003386,COR03531,RNIR,BIK,NER,weld_failure,A,2025-04-02,2025-03-30,3,manual_gauge_check,2.0,True,Engineering
TMS003387,COR01610,DVG,THN,SWR,alignment_deviation,C,2024-05-15,2024-05-05,10,track_recording_car,0.8,True,Engineering
TMS003388,COR00628,CVV,KI,SCR,points_crossing_wear,B,2025-02-02,2025-01-29,4,track_recording_car,5.5,True,Engineering
TMS003389,COR06616,MOM,KJY,NR,sleeper_defect,B,2025-04-17,2025-04-16,1,track_recording_car,5.0,True,Engineering
TMS003390,COR00148,TJNR,PT,NR,sleeper_defect,B,2024-05-30,2024-05-20,10,USFD_ultrasonic_flaw_detection,2.0,True,Engineering
TMS003391,COR02150,MCPK,MTCN,SR,weld_failure,A,2025-10-10,2025-07-25,77,USFD_ultrasonic_flaw_detection,5.9,True,Engineering
TMS003392,COR04543,KTHU,MDPB,NR,alignment_deviation,C,2025-09-06,2025-08-24,13,manual_gauge_check,1.6,True,Engineering
TMS003393,COR00769,GHH,PT,NR,rail_wear,C,2025-12-14,2025-12-03,11,USFD_ultrasonic_flaw_detection,4.8,True,Engineering
TMS003394,COR00770,PT,TJNR,NR,weld_failure,A,2025-05-24,2024-11-02,203,track_recording_car,1.5,True,Engineering
TMS003395,COR00696,PLG,KLV,WR,rail_fracture,A,2024-01-08,2023-12-17,22,USFD_ultrasonic_flaw_detection,3.7,True,Engineering
TMS003396,COR00696,PLG,KLV,WR,rail_wear,C,2024-07-21,2024-07-13,8,visual_patrol,5.4,True,Engineering
TMS003397,COR00452,JKM,NVT,SCR,formation_defect,B,2025-01-10,2025-01-02,8,visual_patrol,4.7,True,Engineering
TMS003398,COR01648,NDV,MDLL,SWR,sleeper_defect,B,2025-04-20,2024-09-04,228,visual_patrol,1.1,True,Engineering
TMS003399,COR03856,HRSR,BPN,ER,formation_defect,B,2025-05-03,2025-04-03,30,manual_gauge_check,3.6,True,Engineering
TMS003400,COR00063,DRW,CHP,WR,rail_wear,C,2024-11-10,2024-10-30,11,visual_patrol,5.1,True,Engineering
TMS003401,COR01676,JHT,SCKR,WCR,formation_defect,B,2025-03-21,2025-03-16,5,visual_patrol,2.3,True,Engineering
TMS003402,COR03036,LHM,BCU,NR,sleeper_defect,B,2025-03-14,2017-05-07,2868,USFD_ultrasonic_flaw_detection,2.5,True,Engineering
TMS003403,COR03962,PSAE,MTFA,ER,weld_failure,A,2024-08-14,2024-08-13,1,USFD_ultrasonic_flaw_detection,3.9,True,Engineering
TMS003404,COR05871,MAUR,MASK,NR,formation_defect,B,2024-03-23,2024-03-17,6,track_recording_car,0.6,True,Engineering
TMS003405,COR02834,AML,ACL,WR,sleeper_defect,B,2025-01-06,2024-11-07,60,track_recording_car,4.2,True,Engineering
TMS003406,COR00469,SAV,NB,CR,rail_fracture,A,2025-02-18,2024-02-25,359,USFD_ultrasonic_flaw_detection,4.7,True,Engineering
TMS003407,COR02058,PIZ,MQL,SCR,rail_wear,C,2025-08-04,2025-07-26,9,USFD_ultrasonic_flaw_detection,3.4,True,Engineering
TMS003408,COR02767,MUT,PQY,NR,sleeper_defect,B,2024-08-24,2024-05-25,91,USFD_ultrasonic_flaw_detection,1.5,True,Engineering
TMS003409,COR02108,HVR,KJG,SWR,ballast_deficiency,C,2024-09-04,2024-08-23,12,manual_gauge_check,2.9,True,Engineering
TMS003410,COR03524,TNLR,KRMG,SR,sleeper_defect,B,2025-09-02,2025-08-23,10,visual_patrol,1.6,True,Engineering
TMS003411,COR01402,TIC,LP,SR,alignment_deviation,C,2024-07-22,2024-07-11,11,visual_patrol,0.8,True,Engineering
TMS003412,COR00121,TL,GLTA,NWR,weld_failure,A,2025-04-23,2025-04-19,4,manual_gauge_check,2.6,True,Engineering
TMS003413,COR03577,GSL,BUTA,SER,rail_wear,C,2024-07-28,2024-07-14,14,track_recording_car,5.0,True,Engineering
TMS003414,COR03996,JRLE,AHN,ER,ballast_deficiency,C,2025-09-04,2025-08-29,6,manual_gauge_check,2.8,True,Engineering
TMS003415,COR04539,HRNR,CKDL,NR,points_crossing_wear,A,2025-02-09,2025-01-27,13,track_recording_car,4.5,True,Engineering
TMS003416,COR00696,PLG,KLV,WR,alignment_deviation,C,2025-07-25,2025-07-11,14,manual_gauge_check,4.0,True,Engineering
TMS003417,COR02105,RNR,DAD,SWR,sleeper_defect,B,2025-05-10,2024-12-24,137,manual_gauge_check,4.9,True,Engineering
TMS003418,COR02975,MUKE,NAU,SR,rail_fracture,A,2024-10-26,2024-10-13,13,manual_gauge_check,4.7,True,Engineering
TMS003419,COR01672,SGP,SXF,WCR,rail_wear,C,2024-09-09,2024-08-25,15,track_recording_car,2.8,False,Engineering
TMS003420,COR04864,AMPR,PGK,NWR,ballast_deficiency,C,2025-07-06,2025-06-29,7,USFD_ultrasonic_flaw_detection,3.5,True,Engineering
TMS003421,COR04289,BERO,RKI,SER,rail_wear,C,2025-11-06,2025-11-06,0,visual_patrol,2.9,False,Engineering
TMS003422,COR00274,CGO,TBN,WCR,ballast_deficiency,C,2025-03-29,2024-05-12,321,visual_patrol,3.4,True,Engineering
TMS003423,COR02297,TPZ,NGL,NR,rail_wear,C,2024-02-14,2023-12-15,61,USFD_ultrasonic_flaw_detection,2.7,True,Engineering
TMS003424,COR00708,BYR,MIRA,WR,rail_fracture,A,2024-09-02,2024-08-29,4,visual_patrol,5.2,True,Engineering
TMS003425,COR04750,JJJ,MGWD,NR,sleeper_defect,B,2024-09-28,2024-08-22,37,manual_gauge_check,2.1,False,Engineering
TMS003426,COR01642,MLSA,HEI,SWR,points_crossing_wear,B,2024-07-10,2024-07-07,3,manual_gauge_check,4.3,True,Engineering
TMS003427,COR04692,GNO,MNI,KR,points_crossing_wear,C,2024-12-04,2024-11-28,6,manual_gauge_check,2.8,True,Engineering
TMS003428,COR01878,GNN,YP,SCR,rail_wear,C,2025-02-16,2025-02-01,15,visual_patrol,2.0,True,Engineering
TMS003429,COR05875,KKP,GZS,NR,weld_failure,A,2024-07-09,2024-07-07,2,visual_patrol,5.0,True,Engineering
TMS003430,COR04152,KZE,PKP,SR,alignment_deviation,C,2024-12-25,2024-12-15,10,USFD_ultrasonic_flaw_detection,2.7,True,Engineering
TMS003431,COR06092,DKE,LGT,NFR,weld_failure,A,2024-11-05,2024-10-15,21,visual_patrol,3.4,True,Engineering
TMS003432,COR00713,MDD,GMN,WR,weld_failure,A,2024-01-02,2023-10-27,67,visual_patrol,1.7,True,Engineering
TMS003433,COR04137,KN,FK,SR,alignment_deviation,C,2024-07-16,2024-07-01,15,track_recording_car,0.6,False,Engineering
TMS003434,COR05407,ANCR,CJN,SER,weld_failure,A,2024-04-06,2024-01-22,75,manual_gauge_check,1.0,True,Engineering
TMS003435,COR00213,DBR,PNHI,NCR,alignment_deviation,C,2025-09-14,2025-09-05,9,USFD_ultrasonic_flaw_detection,3.7,True,Engineering
TMS003436,COR01758,DY,FSP,WCR,alignment_deviation,C,2024-05-03,2023-08-14,263,USFD_ultrasonic_flaw_detection,4.2,True,Engineering
TMS003437,COR02834,AML,ACL,WR,alignment_deviation,C,2025-05-28,2025-05-26,2,USFD_ultrasonic_flaw_detection,4.1,True,Engineering
TMS003438,COR00034,RA,MOL,WR,rail_fracture,A,2024-07-27,2023-06-27,396,track_recording_car,4.6,False,Engineering
TMS003439,COR04950,VBW,NAN,KR,rail_wear,C,2024-01-18,2023-11-17,62,USFD_ultrasonic_flaw_detection,5.5,True,Engineering
TMS003440,COR01864,CKDL,HRNR,NR,ballast_deficiency,C,2024-03-17,2024-03-13,4,track_recording_car,2.0,True,Engineering
TMS003441,COR06823,KUND,KORI,NWR,rail_fracture,A,2024-02-12,2023-07-01,226,track_recording_car,5.7,True,Engineering
TMS003442,COR02149,MCPT,MCPK,SR,formation_defect,B,2025-06-18,2025-06-07,11,USFD_ultrasonic_flaw_detection,2.6,True,Engineering
TMS003443,COR00957,MBU,PRT,SR,rail_fracture,A,2025-02-28,2025-02-23,5,track_recording_car,4.6,True,Engineering
TMS003444,COR03208,HLB,DIBL,WR,rail_wear,C,2024-03-16,2024-01-13,63,USFD_ultrasonic_flaw_detection,3.2,True,Engineering
TMS003445,COR00372,YFP,SBK,NER,points_crossing_wear,C,2024-05-04,2024-05-02,2,track_recording_car,1.2,True,Engineering
TMS003446,COR03150,KHBV,KARD,CR,ballast_deficiency,C,2024-07-19,2024-06-05,44,visual_patrol,2.3,True,Engineering
TMS003447,COR04127,PTB,KODN,SR,alignment_deviation,C,2025-03-15,2024-11-14,121,track_recording_car,1.7,True,Engineering
TMS003448,COR04666,SWV,ZARP,KR,ballast_deficiency,C,2025-12-18,2025-09-29,80,USFD_ultrasonic_flaw_detection,5.2,True,Engineering
TMS003449,COR00075,MXO,KWI,NWR,points_crossing_wear,B,2025-07-14,2025-07-02,12,visual_patrol,2.1,True,Engineering
TMS003450,COR00592,KPB,BUG,ECR,weld_failure,A,2024-01-07,2023-10-29,70,USFD_ultrasonic_flaw_detection,2.7,True,Engineering
TMS003451,COR00313,DMA,MDKD,SER,formation_defect,B,2025-02-20,2025-02-12,8,manual_gauge_check,5.3,True,Engineering
TMS003452,COR03660,NDM,RMV,SCR,sleeper_defect,B,2024-10-06,2024-09-29,7,USFD_ultrasonic_flaw_detection,2.3,True,Engineering
TMS003453,COR05217,NPT,KTM,SR,rail_fracture,A,2025-05-28,2025-03-31,58,visual_patrol,5.1,True,Engineering
TMS003454,COR02043,UPI,BTW,CR,ballast_deficiency,C,2024-12-22,2024-09-28,85,USFD_ultrasonic_flaw_detection,0.7,True,Engineering
TMS003455,COR02908,KXJ,NLBR,NFR,ballast_deficiency,C,2024-10-24,2024-10-06,18,USFD_ultrasonic_flaw_detection,3.0,False,Engineering
TMS003456,COR03232,KJV,LAT,WR,rail_wear,C,2024-10-21,2024-07-29,84,USFD_ultrasonic_flaw_detection,4.6,True,Engineering
TMS003457,COR05274,TGU,UPL,SCR,alignment_deviation,C,2025-05-22,2025-05-13,9,visual_patrol,5.9,True,Engineering
TMS003458,COR02107,BYD,HVR,SWR,ballast_deficiency,C,2025-08-19,2024-12-08,254,manual_gauge_check,1.2,True,Engineering
TMS003459,COR03616,GDG,KGX,SWR,weld_failure,A,2024-05-03,2023-12-21,134,track_recording_car,2.6,True,Engineering
TMS003460,COR02593,SHMI,BYNR,KR,sleeper_defect,B,2024-10-03,2024-09-29,4,manual_gauge_check,2.7,True,Engineering
TMS003461,COR05923,TLV,KNW,WCR,rail_wear,C,2024-05-07,2024-05-06,1,visual_patrol,2.6,True,Engineering
TMS003462,COR04129,PUM,PEU,SR,alignment_deviation,C,2025-05-24,2025-05-13,11,manual_gauge_check,1.6,True,Engineering
TMS003463,COR00512,MDPA,BHL,NWR,weld_failure,A,2024-12-15,2024-12-11,4,manual_gauge_check,2.6,True,Engineering
TMS003464,COR02399,KHC,BLWR,WR,alignment_deviation,C,2024-03-05,2023-12-31,65,USFD_ultrasonic_flaw_detection,1.1,False,Engineering
TMS003465,COR00216,BNSP,BQF,WCR,alignment_deviation,B,2024-12-04,2024-05-11,207,visual_patrol,1.0,True,Engineering
TMS003466,COR02382,LTR,BLRD,WR,sleeper_defect,B,2024-10-22,2024-10-15,7,track_recording_car,1.8,True,Engineering
TMS003467,COR03902,BSPH,JIND,NR,weld_failure,A,2024-10-04,2023-09-13,387,manual_gauge_check,5.4,True,Engineering
TMS003468,COR00365,VTJ,NROD,WR,alignment_deviation,C,2024-10-14,2024-09-19,25,manual_gauge_check,4.9,True,Engineering
TMS003469,COR04478,MTA,SGBJ,WCR,points_crossing_wear,B,2025-11-28,2025-05-21,191,manual_gauge_check,3.1,True,Engineering
TMS003470,COR02832,JRS,BIM,WR,points_crossing_wear,B,2024-04-08,2024-04-04,4,manual_gauge_check,2.8,True,Engineering
TMS003471,COR00762,KRTN,DEC,NR,ballast_deficiency,C,2024-03-23,2024-01-01,82,USFD_ultrasonic_flaw_detection,4.1,False,Engineering
TMS003472,COR04577,MKP,BIP,NCR,points_crossing_wear,B,2024-12-18,2024-12-05,13,manual_gauge_check,3.4,True,Engineering
TMS003473,COR04594,AZA,MRZA,NFR,alignment_deviation,C,2025-04-07,2025-03-23,15,manual_gauge_check,4.8,False,Engineering
TMS003474,COR05130,CGH,BPRS,NR,sleeper_defect,B,2024-07-19,2024-07-15,4,track_recording_car,6.0,True,Engineering
TMS003475,COR00527,TKOT,ULL,SR,ballast_deficiency,C,2024-07-26,2024-07-16,10,visual_patrol,0.9,True,Engineering
TMS003476,COR02435,KGLE,JVT,ER,points_crossing_wear,B,2024-09-12,2024-09-11,1,visual_patrol,2.5,True,Engineering
TMS003477,COR02441,BZLE,MIAN,ER,points_crossing_wear,B,2025-03-27,2025-03-19,8,visual_patrol,2.9,False,Engineering
TMS003478,COR03838,MZA,NZR,NFR,points_crossing_wear,B,2024-11-24,2024-03-25,244,track_recording_car,5.1,True,Engineering
TMS003479,COR03940,DUM,RKR,WCR,weld_failure,A,2025-12-01,2025-11-29,2,manual_gauge_check,1.7,False,Engineering
TMS003480,COR02736,NYY,AMVA,SR,points_crossing_wear,B,2025-02-09,2025-01-07,33,visual_patrol,4.1,True,Engineering
TMS003481,COR04917,TPND,NVRD,CR,alignment_deviation,C,2024-08-13,2024-08-05,8,visual_patrol,5.0,True,Engineering
TMS003482,COR01713,JTW,KTHA,WCR,ballast_deficiency,C,2024-11-09,2024-10-28,12,visual_patrol,3.0,True,Engineering
TMS003483,COR00692,DRD,VGN,WR,weld_failure,A,2024-05-05,2023-12-17,140,track_recording_car,2.5,True,Engineering
TMS003484,COR00859,MUE,SVN,SCR,ballast_deficiency,C,2025-09-22,2025-09-09,13,USFD_ultrasonic_flaw_detection,1.0,True,Engineering
TMS003485,COR04129,PUM,PEU,SR,alignment_deviation,C,2025-01-08,2024-12-24,15,track_recording_car,3.5,True,Engineering
TMS003486,COR02700,ASE,BGZ,NR,sleeper_defect,C,2025-05-02,2025-04-30,2,USFD_ultrasonic_flaw_detection,0.8,True,Engineering
TMS003487,COR06171,SZN,KIE,NER,rail_wear,C,2025-05-26,2025-04-21,35,USFD_ultrasonic_flaw_detection,1.7,True,Engineering
TMS003488,COR05948,CNO,AT,KR,points_crossing_wear,B,2024-08-03,2024-08-02,1,visual_patrol,1.4,True,Engineering
TMS003489,COR05180,JHD,NDU,ECR,ballast_deficiency,C,2024-01-15,2023-03-06,315,visual_patrol,1.6,True,Engineering
TMS003490,COR01351,KMLI,UJA,WR,rail_wear,C,2025-02-09,2024-07-22,202,USFD_ultrasonic_flaw_detection,2.2,True,Engineering
TMS003491,COR05028,NKB,CLD,NFR,ballast_deficiency,C,2025-02-24,2025-02-12,12,manual_gauge_check,5.9,True,Engineering
TMS003492,COR00048,CTRL,EN,WR,formation_defect,B,2024-06-14,2024-01-04,162,manual_gauge_check,3.5,True,Engineering
TMS003493,COR05125,BLA,JAT,NR,ballast_deficiency,C,2025-08-17,2025-08-14,3,manual_gauge_check,1.7,False,Engineering
TMS003494,COR01841,DRE,AWL,NR,rail_wear,C,2025-03-26,2025-02-05,49,visual_patrol,1.9,True,Engineering
TMS003495,COR02844,KDN,DAJ,SWR,ballast_deficiency,B,2025-10-21,2025-08-20,62,USFD_ultrasonic_flaw_detection,5.1,True,Engineering
TMS003496,COR03304,TPP,KVLR,SWR,rail_fracture,A,2024-02-03,2023-11-29,66,manual_gauge_check,3.5,False,Engineering
TMS003497,COR00285,MTA,KNW,WCR,ballast_deficiency,C,2025-06-17,2025-06-07,10,manual_gauge_check,2.0,False,Engineering
TMS003498,COR02778,THJ,NGL,NR,weld_failure,A,2024-12-25,2024-12-12,13,visual_patrol,5.8,True,Engineering
TMS003499,COR00112,MLI,MKRA,NWR,sleeper_defect,B,2025-04-30,2025-04-03,27,track_recording_car,0.6,True,Engineering
TMS003500,COR03962,PSAE,MTFA,ER,ballast_deficiency,C,2024-04-07,2024-01-15,83,visual_patrol,2.8,True,Engineering
TMS003501,COR01608,CLI,HRR,SWR,sleeper_defect,B,2025-08-09,2025-06-07,63,manual_gauge_check,1.4,True,Engineering
TMS003502,COR02271,JHD,JHDC,ECR,alignment_deviation,C,2024-07-17,2024-07-04,13,manual_gauge_check,2.7,True,Engineering
TMS003503,COR00625,TNGM,YP,SCR,sleeper_defect,B,2025-01-09,2024-12-25,15,USFD_ultrasonic_flaw_detection,2.5,True,Engineering
TMS003504,COR00245,MML,KEQ,WCR,alignment_deviation,C,2025-08-21,2025-08-19,2,visual_patrol,4.8,False,Engineering
TMS003505,COR00087,FA,KZQ,NWR,points_crossing_wear,B,2025-05-18,2025-05-05,13,manual_gauge_check,1.6,True,Engineering
TMS003506,COR00050,PN,JUL,WR,alignment_deviation,C,2024-02-03,2024-02-03,0,visual_patrol,1.0,True,Engineering
TMS003507,COR01521,MSD,SNRD,CR,points_crossing_wear,B,2025-02-26,2025-02-20,6,manual_gauge_check,3.2,True,Engineering
TMS003508,COR00250,SRID,KKB,WCR,rail_wear,C,2024-04-09,2024-03-28,12,manual_gauge_check,2.6,True,Engineering
TMS003509,COR04695,KOL,ROHA,KR,alignment_deviation,C,2024-12-16,2024-12-14,2,manual_gauge_check,3.1,True,Engineering
TMS003510,COR06010,COD,RGS,NWR,sleeper_defect,B,2025-11-13,2025-08-30,75,visual_patrol,3.0,False,Engineering
TMS003511,COR02823,SJN,BLD,WR,sleeper_defect,A,2024-07-04,2024-04-21,74,USFD_ultrasonic_flaw_detection,1.7,True,Engineering
TMS003512,COR01669,SQL,BGTA,WCR,alignment_deviation,C,2024-09-30,2024-09-25,5,manual_gauge_check,3.9,True,Engineering
TMS003513,COR03334,MNS,MHI,NFR,alignment_deviation,C,2025-09-24,2024-11-10,318,visual_patrol,4.7,True,Engineering
TMS003514,COR00032,THAN,VD,WR,weld_failure,A,2025-04-22,2025-03-25,28,track_recording_car,1.6,True,Engineering
TMS003515,COR04000,DGLE,SXP,ER,alignment_deviation,C,2025-02-20,2025-02-10,10,USFD_ultrasonic_flaw_detection,4.3,False,Engineering
TMS003516,COR03618,RLP,SOQ,SWR,sleeper_defect,C,2024-07-24,2024-07-09,15,manual_gauge_check,3.3,False,Engineering
TMS003517,COR02150,MCPK,MTCN,SR,alignment_deviation,C,2025-12-14,2025-11-01,43,manual_gauge_check,6.0,True,Engineering
TMS003518,COR01081,CKR,BGWD,SWR,sleeper_defect,B,2025-02-09,2025-01-25,15,manual_gauge_check,4.1,False,Engineering
TMS003519,COR04243,DHPR,GHG,NR,sleeper_defect,B,2024-12-08,2024-04-26,226,USFD_ultrasonic_flaw_detection,4.1,True,Engineering
TMS003520,COR02982,QLD,CMC,SR,alignment_deviation,C,2024-03-21,2014-10-10,3450,visual_patrol,5.1,True,Engineering
TMS003521,COR00824,JWS,BDW,NWR,alignment_deviation,C,2025-10-15,2025-06-28,109,visual_patrol,0.6,True,Engineering
TMS003522,COR01925,VDGN,GNH,SCR,ballast_deficiency,C,2025-11-26,2025-10-07,50,manual_gauge_check,3.4,True,Engineering
TMS003523,COR05280,CMJ,AP,SWR,formation_defect,B,2025-03-27,2024-08-27,212,manual_gauge_check,2.4,True,Engineering
TMS003524,COR06387,SDC,HDK,NER,alignment_deviation,C,2025-06-28,2025-06-21,7,visual_patrol,4.5,True,Engineering
TMS003525,COR01762,SMBJ,KNDP,WCR,ballast_deficiency,C,2025-09-07,2025-08-25,13,visual_patrol,5.9,True,Engineering
TMS003526,COR03716,BTGH,HLV,SWR,ballast_deficiency,C,2024-08-02,2024-07-19,14,visual_patrol,4.9,True,Engineering
TMS003527,COR01617,HLK,RGI,SWR,alignment_deviation,C,2024-01-31,2024-01-23,8,visual_patrol,0.8,True,Engineering
TMS003528,COR00489,CRK,TBN,WCR,sleeper_defect,B,2024-07-29,2024-07-16,13,visual_patrol,2.1,True,Engineering
TMS003529,COR01150,UNK,UBL,SWR,sleeper_defect,B,2025-03-18,2019-09-11,2015,track_recording_car,1.9,False,Engineering
TMS003530,COR06596,GIO,RNIS,NWR,rail_wear,C,2024-09-27,2024-07-13,76,visual_patrol,3.8,True,Engineering
TMS003531,COR03839,NZR,SLGR,NFR,alignment_deviation,C,2024-03-31,2024-03-09,22,visual_patrol,4.0,True,Engineering
TMS003532,COR02156,KTPM,KTBR,SR,points_crossing_wear,B,2025-02-05,2025-01-06,30,visual_patrol,3.3,True,Engineering
TMS003533,COR02073,TK,HEI,SWR,points_crossing_wear,B,2024-01-23,2024-01-16,7,USFD_ultrasonic_flaw_detection,1.9,True,Engineering
TMS003534,COR01410,MPLM,PGR,SR,alignment_deviation,C,2025-06-24,2025-04-09,76,USFD_ultrasonic_flaw_detection,5.2,True,Engineering
TMS003535,COR04615,ODB,BRQ,NFR,ballast_deficiency,C,2025-02-23,2025-01-15,39,visual_patrol,4.7,True,Engineering
TMS003536,COR01764,PDZ,COO,WCR,points_crossing_wear,B,2025-05-07,2025-04-14,23,visual_patrol,5.2,True,Engineering
TMS003537,COR03566,ANCR,BQA,SER,weld_failure,A,2024-04-07,2024-03-26,12,manual_gauge_check,3.6,True,Engineering
TMS003538,COR02203,MP,TEN,SR,ballast_deficiency,C,2025-11-19,2025-09-26,54,visual_patrol,4.6,True,Engineering
TMS003539,COR05866,BLZ,NPX,NR,sleeper_defect,B,2025-12-11,2025-12-01,10,USFD_ultrasonic_flaw_detection,5.9,True,Engineering
TMS003540,COR00234,MDRR,NWR,WCR,rail_fracture,A,2024-05-01,2024-04-20,11,manual_gauge_check,5.0,True,Engineering
TMS003541,COR02228,SET,CPT,SWR,rail_wear,C,2025-03-27,2025-02-01,54,USFD_ultrasonic_flaw_detection,2.0,False,Engineering
TMS003542,COR04594,AZA,MRZA,NFR,ballast_deficiency,C,2024-08-06,2024-05-23,75,USFD_ultrasonic_flaw_detection,5.3,True,Engineering
TMS003543,COR03646,KKLR,MDVL,SCR,rail_fracture,A,2025-05-05,2025-05-01,4,visual_patrol,0.8,True,Engineering
TMS003544,COR00421,HYB,LKPL,SCR,sleeper_defect,B,2024-09-19,2024-09-07,12,visual_patrol,5.7,True,Engineering
TMS003545,COR04119,CTW,KKRL,NR,ballast_deficiency,C,2024-09-30,2024-08-12,49,manual_gauge_check,3.5,True,Engineering
TMS003546,COR05647,URGA,SRBA,SECR,rail_wear,C,2025-10-02,2025-09-27,5,visual_patrol,3.9,True,Engineering
TMS003547,COR00026,AXA,WKRC,WR,alignment_deviation,C,2024-05-07,2024-05-06,1,track_recording_car,1.4,True,Engineering
TMS003548,COR03192,AVP,KDRI,SECR,rail_wear,C,2025-01-25,2024-11-19,67,visual_patrol,0.6,True,Engineering
TMS003549,COR05517,BFT,SGV,ER,rail_wear,C,2024-09-28,2024-01-01,271,manual_gauge_check,5.9,True,Engineering
TMS003550,COR02838,MRL,SCH,WR,points_crossing_wear,B,2024-07-03,2024-07-02,1,track_recording_car,1.6,True,Engineering
TMS003551,COR00421,HYB,LKPL,SCR,alignment_deviation,C,2025-07-25,2025-07-23,2,manual_gauge_check,2.3,True,Engineering
TMS003552,COR00469,SAV,NB,CR,weld_failure,A,2025-12-10,2025-12-09,1,manual_gauge_check,5.6,True,Engineering
TMS003553,COR05760,DKO,KAL,SR,ballast_deficiency,C,2025-08-03,2025-07-14,20,visual_patrol,5.8,False,Engineering
TMS003554,COR01595,UBL,KNO,SWR,points_crossing_wear,B,2025-03-30,2025-03-19,11,track_recording_car,3.2,True,Engineering
TMS003555,COR00692,DRD,VGN,WR,alignment_deviation,C,2025-10-15,2025-10-05,10,track_recording_car,1.8,True,Engineering
TMS003556,COR01689,BRGT,KEQ,WCR,weld_failure,A,2025-06-11,2025-06-05,6,manual_gauge_check,2.9,True,Engineering
TMS003557,COR00474,AGQ,CDI,CR,sleeper_defect,B,2025-01-06,2025-01-01,5,visual_patrol,3.1,True,Engineering
TMS003558,COR02444,MHTR,SALE,ER,points_crossing_wear,B,2025-08-28,2025-08-18,10,visual_patrol,0.8,True,Engineering
TMS003559,COR02813,SAH,KLV,WR,alignment_deviation,C,2024-09-25,2024-08-02,54,track_recording_car,3.0,True,Engineering
TMS003560,COR04545,SJNP,BHRL,NR,rail_fracture,A,2025-08-22,2025-08-13,9,track_recording_car,5.4,True,Engineering
TMS003561,COR04050,DDD,KMDR,NER,points_crossing_wear,B,2025-12-29,2025-12-16,13,visual_patrol,1.8,True,Engineering
TMS003562,COR01931,PG,DAV,SCR,alignment_deviation,C,2025-09-07,2025-08-27,11,track_recording_car,4.8,True,Engineering
TMS003563,COR05062,KBI,LWR,SWR,points_crossing_wear,A,2025-11-10,2025-11-06,4,visual_patrol,2.9,True,Engineering
TMS003564,COR01947,MKDD,AWB,SCR,alignment_deviation,C,2025-01-16,2024-05-31,230,USFD_ultrasonic_flaw_detection,1.5,True,Engineering
TMS003565,COR03835,SLX,AGI,NFR,weld_failure,A,2025-08-23,2025-08-14,9,manual_gauge_check,1.9,True,Engineering
TMS003566,COR02973,JGE,MAHE,SR,rail_fracture,B,2025-09-06,2024-12-03,277,manual_gauge_check,3.5,True,Engineering
TMS003567,COR03627,KGW,PKL,SWR,sleeper_defect,B,2025-03-22,2024-10-28,145,USFD_ultrasonic_flaw_detection,1.6,True,Engineering
TMS003568,COR04467,GRU,RVK,NFR,formation_defect,B,2025-08-23,2025-08-12,11,visual_patrol,5.5,False,Engineering
TMS003569,COR04344,TLI,ENB,NWR,sleeper_defect,B,2025-01-19,2025-01-01,18,visual_patrol,4.8,False,Engineering
TMS003570,COR07719,TAT,KBA,SCR,sleeper_defect,B,2024-03-05,2024-02-28,6,manual_gauge_check,5.0,False,Engineering
TMS003571,COR03692,BUTA,GSL,SER,ballast_deficiency,C,2024-02-27,2023-11-03,116,visual_patrol,5.8,True,Engineering
TMS003572,COR00843,BIWK,NMH,WR,ballast_deficiency,C,2025-03-21,2024-06-17,277,manual_gauge_check,5.8,True,Engineering
TMS003573,COR02763,MDNR,MUZ,NR,rail_wear,C,2025-12-17,2025-12-02,15,manual_gauge_check,4.7,True,Engineering
TMS003574,COR00211,BRG,KTDD,NCR,alignment_deviation,C,2025-08-17,2025-06-24,54,visual_patrol,3.3,True,Engineering
TMS003575,COR00205,IDGJ,JSR,NCR,ballast_deficiency,C,2025-11-27,2025-11-17,10,USFD_ultrasonic_flaw_detection,2.3,True,Engineering
TMS003576,COR02999,KODN,PTB,SR,points_crossing_wear,B,2024-02-17,2024-02-05,12,track_recording_car,3.9,False,Engineering
TMS003577,COR05176,BELA,MDE,ECR,formation_defect,B,2025-10-23,2025-10-12,11,track_recording_car,5.9,True,Engineering
TMS003578,COR01684,BELD,KKB,WCR,alignment_deviation,C,2025-01-13,2025-01-10,3,manual_gauge_check,1.5,True,Engineering
TMS003579,COR01166,MGLE,NWMS,ER,rail_fracture,A,2025-12-25,2025-11-09,46,visual_patrol,3.6,True,Engineering
TMS003580,COR02827,UVD,PAD,WR,ballast_deficiency,C,2025-07-27,2024-07-23,369,USFD_ultrasonic_flaw_detection,3.4,False,Engineering
TMS003581,COR08178,DBZ,BTDR,NFR,weld_failure,A,2024-10-17,2024-10-08,9,manual_gauge_check,3.0,True,Engineering
TMS003582,COR04158,KGQ,KMQ,SR,alignment_deviation,C,2024-05-18,2024-05-10,8,track_recording_car,3.5,True,Engineering
TMS003583,COR03738,VPZ,KZC,SR,ballast_deficiency,C,2024-10-26,2024-08-16,71,USFD_ultrasonic_flaw_detection,1.3,True,Engineering
TMS003584,COR01333,BNS,SRPJ,NWR,alignment_deviation,C,2025-12-01,2025-10-22,40,track_recording_car,4.7,True,Engineering
TMS003585,COR01890,DKJ,GLA,SCR,ballast_deficiency,C,2024-04-05,2024-01-14,82,track_recording_car,3.5,True,Engineering
TMS003586,COR04992,SEV,MMH,SR,ballast_deficiency,C,2025-11-10,2025-10-27,14,visual_patrol,5.6,True,Engineering
TMS003587,COR04663,THVM,PERN,KR,ballast_deficiency,C,2024-09-12,2024-07-16,58,visual_patrol,2.3,True,Engineering
TMS003588,COR01763,KNDP,PDZ,WCR,formation_defect,B,2025-10-03,2025-09-29,4,visual_patrol,4.9,True,Engineering
TMS003589,COR04939,KMAH,SVX,KR,rail_wear,C,2025-02-03,2025-01-22,12,USFD_ultrasonic_flaw_detection,6.0,True,Engineering
TMS003590,COR06753,SJPM,TXM,SWR,weld_failure,A,2025-08-13,2025-08-09,4,track_recording_car,1.3,True,Engineering
TMS003591,COR03214,JIL,SAPR,WR,rail_wear,C,2024-05-20,2024-05-05,15,visual_patrol,0.8,True,Engineering
TMS003592,COR00769,GHH,PT,NR,alignment_deviation,C,2025-11-22,2025-11-10,12,track_recording_car,1.6,True,Engineering
TMS003593,COR05979,SUJR,BADK,NR,alignment_deviation,C,2025-05-28,2024-06-18,344,visual_patrol,5.6,True,Engineering
TMS003594,COR01473,KKET,BRHU,NFR,sleeper_defect,B,2025-11-09,2024-12-23,321,visual_patrol,5.0,False,Engineering
TMS003595,COR07482,SRKN,TLI,NWR,alignment_deviation,C,2024-02-25,2024-02-25,0,manual_gauge_check,2.4,True,Engineering
TMS003596,COR00475,CDI,NPNR,CR,sleeper_defect,B,2025-10-16,2025-08-28,49,visual_patrol,3.8,True,Engineering
TMS003597,COR01837,NRGR,UDM,WR,ballast_deficiency,C,2024-09-18,2024-09-15,3,manual_gauge_check,2.5,False,Engineering
TMS003598,COR04546,BHRL,CHKB,NR,ballast_deficiency,A,2025-03-29,2025-03-16,13,visual_patrol,4.4,False,Engineering
TMS003599,COR00484,KRO,BRI,WCR,ballast_deficiency,C,2025-11-17,2025-11-06,11,manual_gauge_check,0.6,True,Engineering
TMS003600,COR01688,BHTN,BRGT,WCR,weld_failure,A,2024-11-23,2023-11-18,371,visual_patrol,1.0,True,Engineering
TMS003601,COR00672,SCH,MRL,WR,ballast_deficiency,C,2025-03-09,2024-12-23,76,USFD_ultrasonic_flaw_detection,6.0,True,Engineering
TMS003602,COR02191,IDJ,DUR,SWR,points_crossing_wear,B,2024-07-31,2024-06-29,32,visual_patrol,1.0,True,Engineering
TMS003603,COR05982,BAOL,KPKI,NR,alignment_deviation,C,2025-05-17,2016-01-07,3418,visual_patrol,2.5,True,Engineering
TMS003604,COR00264,SGP,GMD,WCR,ballast_deficiency,C,2025-08-17,2025-06-25,53,manual_gauge_check,2.7,True,Engineering
TMS003605,COR00078,SRPJ,BNS,NWR,alignment_deviation,C,2025-09-23,2025-07-25,60,USFD_ultrasonic_flaw_detection,1.0,True,Engineering
TMS003606,COR01193,KRG,STR,CR,ballast_deficiency,C,2024-11-15,2024-10-25,21,manual_gauge_check,0.5,True,Engineering
TMS003607,COR04015,BEML,COL,SWR,alignment_deviation,C,2024-03-19,2024-03-06,13,visual_patrol,4.6,False,Engineering
TMS003608,COR07399,BTU,BADK,NR,weld_failure,A,2024-07-24,2024-07-14,10,manual_gauge_check,1.1,False,Engineering
TMS003609,COR00829,GBP,RPI,NWR,alignment_deviation,A,2025-03-30,2025-03-26,4,visual_patrol,4.9,True,Engineering
TMS003610,COR01875,RYP,KI,SCR,sleeper_defect,B,2025-02-15,2025-02-09,6,visual_patrol,2.8,True,Engineering
TMS003611,COR02340,VAL,JND,WR,sleeper_defect,B,2024-12-12,2024-12-02,10,visual_patrol,3.0,True,Engineering
TMS003612,COR00211,BRG,KTDD,NCR,ballast_deficiency,C,2024-05-27,2024-05-26,1,USFD_ultrasonic_flaw_detection,2.2,True,Engineering
TMS003613,COR05487,GLD,DTJ,WR,sleeper_defect,B,2025-07-17,2025-05-07,71,USFD_ultrasonic_flaw_detection,2.8,True,Engineering
TMS003614,COR02077,NTR,SPGR,SWR,weld_failure,A,2025-01-27,2025-01-25,2,USFD_ultrasonic_flaw_detection,4.3,True,Engineering
TMS003615,COR00629,KI,RYP,SCR,ballast_deficiency,C,2025-12-13,2025-12-06,7,manual_gauge_check,0.6,False,Engineering
TMS003616,COR01087,SUL,SBH,SWR,ballast_deficiency,C,2025-03-04,2025-03-02,2,visual_patrol,5.0,False,Engineering
TMS003617,COR02820,GVD,BRRD,WR,ballast_deficiency,C,2024-02-02,2023-12-19,45,visual_patrol,1.5,True,Engineering
TMS003618,COR01828,KSI,NLQ,NWR,points_crossing_wear,B,2024-04-23,2023-08-07,260,USFD_ultrasonic_flaw_detection,1.3,True,Engineering
TMS003619,COR00239,SHR,GSPR,WCR,alignment_deviation,C,2025-07-11,2025-07-02,9,USFD_ultrasonic_flaw_detection,4.8,True,Engineering
TMS003620,COR02898,VRLR,ERL,SR,ballast_deficiency,C,2024-08-17,2024-08-10,7,manual_gauge_check,1.6,True,Engineering
TMS003621,COR01363,EN,CTRL,WR,alignment_deviation,C,2025-12-18,2025-12-04,14,manual_gauge_check,0.5,True,Engineering
TMS003622,COR05632,GEK,LR,NWR,weld_failure,A,2025-04-04,2025-03-21,14,visual_patrol,4.1,True,Engineering
TMS003623,COR02077,NTR,SPGR,SWR,alignment_deviation,C,2024-07-07,2024-07-04,3,visual_patrol,4.4,True,Engineering
TMS003624,COR02701,BGZ,GHE,NR,formation_defect,B,2025-04-26,2024-04-11,380,visual_patrol,4.0,True,Engineering
TMS003625,COR01688,BHTN,BRGT,WCR,points_crossing_wear,B,2024-02-07,2023-12-06,63,visual_patrol,1.0,False,Engineering
TMS003626,COR00792,SRRG,BU,NWR,formation_defect,B,2024-02-28,2024-02-26,2,track_recording_car,4.5,False,Engineering
TMS003627,COR02830,BL,DGI,WR,alignment_deviation,C,2025-10-28,2025-10-21,7,visual_patrol,3.7,False,Engineering
TMS003628,COR01692,JBP,ADTL,WCR,formation_defect,C,2024-11-03,2024-09-16,48,visual_patrol,2.4,True,Engineering
TMS003629,COR03038,BTIC,BTI,NR,rail_wear,C,2025-08-07,2025-06-10,58,visual_patrol,5.1,True,Engineering
TMS003630,COR03329,MET,KUP,NR,alignment_deviation,C,2025-08-13,2025-05-11,94,visual_patrol,1.5,True,Engineering
TMS003631,COR02582,KAWR,HAA,KR,formation_defect,B,2025-04-05,2025-02-25,39,visual_patrol,4.1,True,Engineering
TMS003632,COR00096,MJ,DRS,NWR,weld_failure,A,2024-03-07,2024-01-02,65,visual_patrol,2.9,False,Engineering
TMS003633,COR00075,MXO,KWI,NWR,weld_failure,A,2025-03-22,2024-08-31,203,manual_gauge_check,3.7,True,Engineering
TMS003634,COR01131,SKW,BEM,NER,points_crossing_wear,B,2024-02-20,2024-02-06,14,visual_patrol,1.6,True,Engineering
TMS003635,COR03647,MDVL,MVP,SCR,formation_defect,B,2025-04-21,2025-04-07,14,manual_gauge_check,5.2,True,Engineering
TMS003636,COR00269,KTZ,DKI,WCR,formation_defect,B,2024-05-12,2024-02-22,80,manual_gauge_check,1.1,True,Engineering
TMS003637,COR01878,GNN,YP,SCR,formation_defect,B,2025-03-20,2024-07-16,247,visual_patrol,3.2,True,Engineering
TMS003638,COR01381,NMJ,KYV,SR,points_crossing_wear,B,2025-08-30,2025-07-31,30,manual_gauge_check,1.3,True,Engineering
TMS003639,COR04665,MADR,SWV,KR,alignment_deviation,C,2025-08-05,2025-07-29,7,manual_gauge_check,4.1,True,Engineering
TMS003640,COR04003,PUPR,AMPA,SR,alignment_deviation,C,2025-05-22,2025-05-21,1,visual_patrol,2.8,True,Engineering
TMS003641,COR05296,SJF,DGJ,WR,alignment_deviation,C,2025-07-08,2025-06-27,11,visual_patrol,1.2,True,Engineering
TMS003642,COR03972,NBKH,SHBL,ER,ballast_deficiency,C,2025-04-06,2018-07-27,2445,USFD_ultrasonic_flaw_detection,2.6,False,Engineering
TMS003643,COR06134,LTD,BTD,WR,formation_defect,B,2024-08-09,2024-06-15,55,USFD_ultrasonic_flaw_detection,2.6,True,Engineering
TMS003644,COR02830,BL,DGI,WR,alignment_deviation,C,2024-03-23,2024-03-22,1,USFD_ultrasonic_flaw_detection,0.8,True,Engineering
TMS003645,COR00949,PUC,ALP,SR,formation_defect,B,2024-04-24,2024-04-09,15,USFD_ultrasonic_flaw_detection,3.6,False,Engineering
TMS003646,COR02813,SAH,KLV,WR,ballast_deficiency,C,2024-09-08,2024-09-06,2,track_recording_car,3.1,True,Engineering
TMS003647,COR01407,MVS,VRQ,SR,sleeper_defect,B,2025-01-17,2024-11-01,77,visual_patrol,2.3,True,Engineering
TMS003648,COR01866,GHGL,SMBX,NR,ballast_deficiency,C,2025-05-17,2025-02-20,86,visual_patrol,3.3,True,Engineering
TMS003649,COR02764,MUZ,PRTP,NR,sleeper_defect,B,2025-01-12,2024-11-20,53,visual_patrol,1.8,False,Engineering
TMS003650,COR04549,CKKN,BNGL,NR,weld_failure,A,2025-06-06,2025-05-23,14,USFD_ultrasonic_flaw_detection,5.5,True,Engineering
TMS003651,COR00866,BSX,FKB,SCR,formation_defect,B,2025-01-17,2024-11-06,72,manual_gauge_check,4.0,True,Engineering
TMS003652,COR01453,TOD,KOY,WR,sleeper_defect,B,2024-03-21,2023-12-24,88,USFD_ultrasonic_flaw_detection,1.6,False,Engineering
TMS003653,COR03397,BSGR,LKW,NR,ballast_deficiency,C,2025-05-29,2025-05-22,7,manual_gauge_check,0.9,True,Engineering
TMS003654,COR02223,PANP,CGKP,SWR,rail_fracture,A,2024-06-10,2023-07-20,326,visual_patrol,2.0,True,Engineering
TMS003655,COR04461,DLO,MJE,NFR,sleeper_defect,B,2025-03-03,2025-02-20,11,visual_patrol,3.9,True,Engineering
TMS003656,COR02815,PLG,UOI,WR,sleeper_defect,B,2024-01-05,2023-10-23,74,manual_gauge_check,3.5,True,Engineering
TMS003657,COR01753,SWAR,JCU,WCR,alignment_deviation,C,2024-09-29,2024-02-12,230,manual_gauge_check,0.8,True,Engineering
TMS003658,COR00060,UJA,KMLI,WR,weld_failure,A,2024-09-23,2024-07-09,76,USFD_ultrasonic_flaw_detection,2.4,True,Engineering
TMS003659,COR00531,KMQ,KGQ,SR,rail_wear,C,2025-07-12,2025-04-23,80,manual_gauge_check,3.9,True,Engineering
TMS003660,COR06333,LPNR,SWNR,NR,formation_defect,B,2025-01-13,2025-01-06,7,USFD_ultrasonic_flaw_detection,5.7,True,Engineering
TMS003661,COR01332,SOH,BNS,NWR,points_crossing_wear,B,2025-05-26,2025-05-16,10,visual_patrol,1.5,True,Engineering
TMS003662,COR01729,JSR,IDGJ,NCR,formation_defect,B,2025-12-04,2025-10-13,52,visual_patrol,1.5,True,Engineering
TMS003663,COR01521,MSD,SNRD,CR,ballast_deficiency,C,2024-05-06,2024-05-01,5,manual_gauge_check,2.4,True,Engineering
TMS003664,COR01717,MKD,BQF,WCR,alignment_deviation,C,2024-10-18,2024-07-22,88,visual_patrol,5.1,True,Engineering
TMS003665,COR01937,UPR,PTU,SCR,formation_defect,B,2025-10-01,2025-09-30,1,manual_gauge_check,5.1,True,Engineering
TMS003666,COR03608,DPK,SDS,NWR,alignment_deviation,A,2025-08-07,2025-06-21,47,USFD_ultrasonic_flaw_detection,5.9,True,Engineering
TMS003667,COR02816,UOI,BOR,WR,alignment_deviation,C,2024-03-17,2024-03-13,4,visual_patrol,4.7,True,Engineering
TMS003668,COR00625,TNGM,YP,SCR,rail_wear,C,2024-12-12,2024-09-25,78,visual_patrol,2.6,True,Engineering
TMS003669,COR02902,KZTW,PASA,SR,sleeper_defect,B,2024-10-03,2024-09-23,10,visual_patrol,1.7,True,Engineering
TMS003670,COR01722,DBR,KTDD,NCR,alignment_deviation,C,2024-12-02,2024-11-30,2,manual_gauge_check,4.3,False,Engineering
TMS003671,COR02701,BGZ,GHE,NR,sleeper_defect,B,2025-07-15,2025-04-30,76,visual_patrol,0.8,True,Engineering
TMS003672,COR04053,GDG,HBL,SWR,ballast_deficiency,C,2025-10-20,2025-10-17,3,track_recording_car,4.1,True,Engineering
TMS003673,COR02822,UBR,SJN,WR,points_crossing_wear,B,2024-01-08,2023-12-30,9,track_recording_car,1.7,True,Engineering
TMS003674,COR01655,HW,JWP,NR,alignment_deviation,C,2024-05-03,2024-02-03,90,visual_patrol,1.4,True,Engineering
TMS003675,COR00028,WKR,LXR,WR,weld_failure,A,2025-04-06,2025-03-08,29,visual_patrol,0.7,True,Engineering
TMS003676,COR05664,JNE,PRU,NWR,formation_defect,B,2025-02-16,2025-02-04,12,visual_patrol,2.1,True,Engineering
TMS003677,COR02617,PRTL,BQG,ER,sleeper_defect,B,2025-11-08,2025-09-22,47,visual_patrol,5.4,True,Engineering
TMS003678,COR02898,VRLR,ERL,SR,weld_failure,A,2024-05-06,2023-04-16,386,manual_gauge_check,5.8,True,Engineering
TMS003679,COR00528,ULL,MJS,SR,weld_failure,A,2024-07-14,2024-02-24,141,visual_patrol,2.2,True,Engineering
TMS003680,COR00299,KDBA,YDM,SWR,sleeper_defect,B,2024-10-23,2024-09-07,46,visual_patrol,1.9,True,Engineering
TMS003681,COR00048,CTRL,EN,WR,weld_failure,A,2025-02-08,2024-07-04,219,visual_patrol,2.7,True,Engineering
TMS003682,COR03039,CVD,PAS,SR,rail_wear,C,2024-09-09,2020-01-31,1683,manual_gauge_check,5.8,False,Engineering
TMS003683,COR00563,QSR,DWO,NR,points_crossing_wear,B,2025-04-30,2025-04-16,14,visual_patrol,2.2,True,Engineering
TMS003684,COR05957,AWT,NZT,SR,ballast_deficiency,C,2025-07-02,2024-06-04,393,USFD_ultrasonic_flaw_detection,4.4,False,Engineering
TMS003685,COR03837,NMT,MZA,NFR,rail_wear,C,2025-05-26,2016-06-11,3271,USFD_ultrasonic_flaw_detection,1.2,True,Engineering
TMS003686,COR03223,KANS,STDR,WR,ballast_deficiency,C,2024-09-03,2024-08-16,18,manual_gauge_check,4.3,False,Engineering
TMS003687,COR01681,KY,NU,WCR,weld_failure,A,2024-05-28,2024-03-10,79,visual_patrol,3.0,False,Engineering
TMS003688,COR01571,NDE,MDVR,CR,ballast_deficiency,C,2025-11-13,2025-01-03,314,manual_gauge_check,3.8,True,Engineering
TMS003689,COR00626,YP,GNN,SCR,rail_wear,C,2025-08-17,2025-07-03,45,USFD_ultrasonic_flaw_detection,4.3,True,Engineering
TMS003690,COR03263,BXN,BAMA,WCR,alignment_deviation,C,2024-07-14,2023-06-24,386,manual_gauge_check,4.1,False,Engineering
TMS003691,COR03004,SRGR,TB,ECR,alignment_deviation,C,2024-01-22,2023-11-01,82,USFD_ultrasonic_flaw_detection,5.9,False,Engineering
TMS003692,COR01094,GNJ,LD,SWR,formation_defect,B,2025-10-28,2024-12-08,324,visual_patrol,3.4,True,Engineering
TMS003693,COR02817,BOR,VGN,WR,weld_failure,B,2025-11-21,2025-10-13,39,visual_patrol,1.6,True,Engineering
TMS003694,COR03829,CFG,TTB,NFR,alignment_deviation,C,2025-05-22,2025-05-06,16,USFD_ultrasonic_flaw_detection,0.5,True,Engineering
TMS003695,COR05959,KCHV,KZB,SR,rail_wear,C,2024-07-21,2024-05-15,67,track_recording_car,3.0,True,Engineering
TMS003696,COR03807,AMPA,PUPR,SR,sleeper_defect,B,2024-11-29,2024-11-29,0,manual_gauge_check,2.5,True,Engineering
TMS003697,COR04695,KOL,ROHA,KR,points_crossing_wear,B,2024-06-15,2024-06-10,5,manual_gauge_check,3.7,True,Engineering
TMS003698,COR00682,ATUL,PAD,WR,alignment_deviation,C,2025-09-19,2025-09-09,10,visual_patrol,2.1,True,Engineering
TMS003699,COR00696,PLG,KLV,WR,formation_defect,B,2024-01-27,2023-12-30,28,USFD_ultrasonic_flaw_detection,3.2,True,Engineering
TMS003700,COR03473,KID,BNDA,NCR,rail_wear,C,2024-12-30,2024-12-18,12,track_recording_car,0.6,False,Engineering
TMS003701,COR04036,SRNT,KDQ,NER,ballast_deficiency,C,2024-05-24,2024-05-20,4,visual_patrol,1.2,False,Engineering
TMS003702,COR02162,TEN,TAY,SR,points_crossing_wear,B,2025-12-27,2025-09-07,111,visual_patrol,5.8,True,Engineering
TMS003703,COR00712,KILE,MDD,WR,alignment_deviation,C,2024-03-05,2024-02-20,14,manual_gauge_check,5.3,True,Engineering
TMS003704,COR03253,LRU,GGC,WCR,points_crossing_wear,B,2025-11-21,2025-03-18,248,USFD_ultrasonic_flaw_detection,4.3,True,Engineering
TMS003705,COR05258,NIR,PDE,SECR,rail_wear,C,2024-11-20,2024-01-09,316,manual_gauge_check,2.8,True,Engineering
TMS003706,COR02244,KJS,MYS,SWR,alignment_deviation,B,2024-09-01,2024-07-21,42,manual_gauge_check,1.1,True,Engineering
TMS003707,COR02536,GGKR,CJL,NR,sleeper_defect,B,2024-12-08,2024-11-25,13,track_recording_car,3.7,True,Engineering
TMS003708,COR04789,PTK,BHRL,NR,rail_fracture,A,2024-09-06,2024-09-06,0,track_recording_car,2.1,False,Engineering
TMS003709,COR03890,ROHN,SPZ,NR,formation_defect,B,2024-11-07,2024-11-03,4,visual_patrol,1.9,True,Engineering
TMS003710,COR01951,LSR,PSD,SCR,weld_failure,A,2025-10-11,2025-09-28,13,USFD_ultrasonic_flaw_detection,3.4,True,Engineering
TMS003711,COR03055,GDN,TAY,SR,ballast_deficiency,C,2024-01-12,2023-10-27,77,visual_patrol,1.2,True,Engineering
TMS003712,COR00673,MRL,NVS,WR,ballast_deficiency,C,2024-11-10,2024-11-04,6,visual_patrol,1.1,True,Engineering
TMS003713,COR00234,MDRR,NWR,WCR,rail_fracture,B,2025-10-06,2025-10-06,0,visual_patrol,1.6,True,Engineering
TMS003714,COR01673,SXF,PPI,WCR,rail_wear,C,2025-04-28,2025-04-27,1,track_recording_car,6.0,True,Engineering
TMS003715,COR00469,SAV,NB,CR,ballast_deficiency,C,2024-05-13,2024-04-29,14,track_recording_car,3.2,True,Engineering
TMS003716,COR00254,NU,KY,WCR,points_crossing_wear,B,2025-08-19,2024-08-07,377,USFD_ultrasonic_flaw_detection,4.4,False,Engineering
TMS003717,COR04695,KOL,ROHA,KR,sleeper_defect,B,2024-03-06,2024-02-24,11,visual_patrol,3.1,True,Engineering
TMS003718,COR00470,NB,RV,CR,ballast_deficiency,C,2025-09-21,2025-09-14,7,USFD_ultrasonic_flaw_detection,4.0,True,Engineering
TMS003719,COR01123,KJC,SRN,NER,sleeper_defect,B,2024-11-22,2024-11-14,8,visual_patrol,3.3,False,Engineering
TMS003720,COR04614,DDM,ODB,NFR,weld_failure,A,2024-10-14,2024-10-07,7,visual_patrol,3.6,True,Engineering
TMS003721,COR02264,DGBZ,TRDI,SECR,rail_wear,C,2024-09-10,2024-08-20,21,USFD_ultrasonic_flaw_detection,4.9,True,Engineering
TMS003722,COR02158,INDR,TYMR,SR,ballast_deficiency,C,2025-07-06,2025-07-03,3,USFD_ultrasonic_flaw_detection,1.8,True,Engineering
TMS003723,COR00488,HD,CRK,WCR,sleeper_defect,B,2024-08-29,2024-08-23,6,USFD_ultrasonic_flaw_detection,3.0,True,Engineering
TMS003724,COR01365,KLL,SHRD,WR,rail_fracture,A,2025-04-12,2025-03-30,13,visual_patrol,5.9,True,Engineering
TMS003725,COR06863,DN,BHKL,NR,weld_failure,A,2024-07-09,2024-07-01,8,visual_patrol,5.4,True,Engineering
TMS003726,COR03188,SPY,KRX,SECR,alignment_deviation,C,2024-10-16,2024-08-27,50,manual_gauge_check,5.2,True,Engineering
TMS003727,COR06351,SQR,LNK,NR,points_crossing_wear,B,2025-12-16,2025-12-02,14,manual_gauge_check,5.3,True,Engineering
TMS003728,COR04554,TDO,CGH,NR,rail_wear,C,2024-04-18,2024-03-16,33,track_recording_car,0.7,True,Engineering
TMS003729,COR04391,PRAR,CMMG,NR,formation_defect,B,2025-05-21,2025-05-12,9,track_recording_car,0.9,True,Engineering
TMS003730,COR00619,PNDP,CKN,SCR,sleeper_defect,B,2025-07-04,2025-06-19,15,track_recording_car,5.4,True,Engineering
TMS003731,COR06391,GYN,JGG,NER,rail_fracture,A,2025-02-22,2025-02-09,13,USFD_ultrasonic_flaw_detection,3.4,True,Engineering
TMS003732,COR01090,BGM,DUR,SWR,rail_wear,C,2024-03-01,2024-02-15,15,track_recording_car,3.6,True,Engineering
TMS003733,COR00265,GMD,BGTA,WCR,alignment_deviation,C,2024-01-15,2024-01-01,14,visual_patrol,1.4,True,Engineering
TMS003734,COR00181,NKE,SAHI,ECR,ballast_deficiency,C,2025-04-19,2025-03-31,19,visual_patrol,2.2,True,Engineering
TMS003735,COR01865,HRNR,GHGL,NR,points_crossing_wear,B,2025-09-07,2025-01-28,222,manual_gauge_check,4.2,True,Engineering
TMS003736,COR03085,NAU,MUKE,SR,rail_fracture,A,2025-04-20,2025-04-17,3,USFD_ultrasonic_flaw_detection,3.8,True,Engineering
TMS003737,COR06235,MBY,BMK,NWR,points_crossing_wear,B,2024-10-17,2024-09-11,36,USFD_ultrasonic_flaw_detection,2.1,True,Engineering
TMS003738,COR00323,KSU,CHRA,SER,rail_wear,C,2024-10-22,2024-10-09,13,visual_patrol,1.9,True,Engineering
TMS003739,COR06012,SNTH,BOTI,NWR,formation_defect,B,2024-06-19,2024-06-16,3,USFD_ultrasonic_flaw_detection,3.8,False,Engineering
TMS003740,COR02134,BDU,J,SCR,rail_fracture,A,2024-10-04,2023-11-13,326,visual_patrol,5.1,True,Engineering
TMS003741,COR01702,PTWA,JKE,WCR,formation_defect,B,2025-12-06,2016-01-24,3604,visual_patrol,2.6,True,Engineering
TMS003742,COR05217,NPT,KTM,SR,formation_defect,B,2024-09-21,2024-09-11,10,visual_patrol,0.9,True,Engineering
TMS003743,COR05982,BAOL,KPKI,NR,rail_fracture,A,2024-04-14,2024-03-30,15,visual_patrol,2.7,True,Engineering
TMS003744,COR00209,SRJ,MJHR,NCR,rail_fracture,A,2024-09-28,2024-09-19,9,visual_patrol,5.3,True,Engineering
TMS003745,COR01896,INK,NKD,SCR,rail_wear,C,2025-07-27,2025-06-16,41,visual_patrol,1.2,True,Engineering
TMS003746,COR00428,CVB,ALW,SCR,alignment_deviation,C,2025-09-17,2025-06-20,89,visual_patrol,4.5,True,Engineering
TMS003747,COR03771,SG,PRSP,NER,points_crossing_wear,B,2025-03-25,2025-03-19,6,track_recording_car,6.0,True,Engineering
TMS003748,COR07135,KJV,AE,WR,sleeper_defect,B,2024-03-02,2023-12-30,63,USFD_ultrasonic_flaw_detection,2.0,True,Engineering
TMS003749,COR04670,KKW,NAN,KR,formation_defect,B,2024-05-16,2024-05-10,6,visual_patrol,3.6,True,Engineering
TMS003750,COR04704,NVRD,TPND,CR,points_crossing_wear,B,2025-10-22,2025-02-03,261,visual_patrol,3.3,True,Engineering
TMS003751,COR06089,MBG,KQI,NFR,sleeper_defect,B,2024-03-31,2024-01-10,81,USFD_ultrasonic_flaw_detection,5.4,True,Engineering
TMS003752,COR01988,SKR,RNBD,WR,ballast_deficiency,C,2024-05-14,2024-03-22,53,visual_patrol,2.0,True,Engineering
TMS003753,COR02208,URGA,KRBA,SECR,sleeper_defect,B,2025-02-03,2024-01-20,380,visual_patrol,3.7,True,Engineering
TMS003754,COR01878,GNN,YP,SCR,alignment_deviation,A,2025-02-03,2025-01-30,4,visual_patrol,2.9,False,Engineering
TMS003755,COR03455,LAU,DIA,NWR,sleeper_defect,B,2025-08-30,2025-08-16,14,visual_patrol,5.4,False,Engineering
TMS003756,COR01616,JRU,HLK,SWR,formation_defect,B,2025-08-19,2025-08-01,18,visual_patrol,1.2,False,Engineering
TMS003757,COR00949,PUC,ALP,SR,sleeper_defect,B,2024-07-21,2024-07-10,11,USFD_ultrasonic_flaw_detection,0.7,True,Engineering
TMS003758,COR00224,SAGM,STA,WCR,alignment_deviation,C,2024-05-24,2020-10-20,1312,manual_gauge_check,4.6,True,Engineering
TMS003759,COR01902,KOHR,ZB,SCR,weld_failure,A,2025-12-24,2025-12-21,3,USFD_ultrasonic_flaw_detection,1.6,True,Engineering
TMS003760,COR04308,PRNC,KTNR,ECR,ballast_deficiency,C,2025-11-27,2025-10-13,45,manual_gauge_check,4.8,True,Engineering
TMS003761,COR03484,UCR,RCP,NR,points_crossing_wear,B,2024-06-07,2024-05-30,8,USFD_ultrasonic_flaw_detection,3.7,True,Engineering
TMS003762,COR06052,PBE,SSC,NER,sleeper_defect,B,2025-08-06,2025-07-29,8,USFD_ultrasonic_flaw_detection,1.9,False,Engineering
TMS003763,COR01331,KVJ,SOH,NWR,formation_defect,B,2025-04-12,2025-02-10,61,track_recording_car,5.3,True,Engineering
TMS003764,COR03955,BGRA,DTAE,ER,alignment_deviation,C,2025-03-25,2024-10-12,164,track_recording_car,3.4,True,Engineering
TMS003765,COR00495,DKI,KTZ,WCR,formation_defect,B,2025-02-07,2025-02-01,6,manual_gauge_check,5.5,True,Engineering
TMS003766,COR00300,YDM,KNYR,SWR,sleeper_defect,B,2024-02-11,2023-12-22,51,visual_patrol,5.6,True,Engineering
TMS003767,COR01674,PPI,BKH,WCR,weld_failure,A,2024-05-05,2024-05-03,2,manual_gauge_check,2.4,False,Engineering
TMS003768,COR03830,TTB,KQY,NFR,alignment_deviation,C,2025-05-03,2025-04-13,20,track_recording_car,2.1,True,Engineering
TMS003769,COR02828,PAD,ATUL,WR,ballast_deficiency,C,2025-03-28,2025-03-24,4,track_recording_car,5.4,True,Engineering
TMS003770,COR04522,LKY,JAK,SWR,ballast_deficiency,C,2024-08-10,2024-08-02,8,manual_gauge_check,1.8,True,Engineering
TMS003771,COR05326,PUS,BHME,ECR,ballast_deficiency,C,2024-08-09,2024-05-19,82,USFD_ultrasonic_flaw_detection,4.7,True,Engineering
TMS003772,COR00260,JHT,BKH,WCR,rail_wear,C,2024-01-02,2023-12-21,12,USFD_ultrasonic_flaw_detection,4.7,True,Engineering
TMS003773,COR00680,DGI,BL,WR,formation_defect,B,2025-01-29,2018-02-17,2538,manual_gauge_check,3.6,True,Engineering
TMS003774,COR07136,AE,AEP,WR,rail_wear,C,2025-01-04,2024-09-01,125,manual_gauge_check,3.1,True,Engineering
TMS003775,COR00097,DRS,BFY,NWR,ballast_deficiency,C,2025-07-23,2025-06-29,24,USFD_ultrasonic_flaw_detection,0.7,True,Engineering
TMS003776,COR07847,SPRM,PLH,ECoR,rail_fracture,A,2025-04-05,2025-01-20,75,manual_gauge_check,5.5,True,Engineering
TMS003777,COR00472,WGA,BAU,CR,sleeper_defect,B,2024-11-14,2024-07-03,134,USFD_ultrasonic_flaw_detection,0.8,False,Engineering
TMS003778,COR00571,NRV,MTR,ECR,formation_defect,B,2025-10-16,2017-11-22,2885,manual_gauge_check,4.3,True,Engineering
TMS003779,COR01825,PUW,JRL,NWR,alignment_deviation,A,2024-01-29,2024-01-24,5,USFD_ultrasonic_flaw_detection,4.0,True,Engineering
TMS003780,COR00555,MGWN,MIH,NR,alignment_deviation,C,2024-12-21,2024-10-31,51,visual_patrol,3.8,True,Engineering
TMS003781,COR01435,UMNR,SKJ,ECR,sleeper_defect,A,2025-09-27,2025-09-17,10,manual_gauge_check,5.4,True,Engineering
TMS003782,COR02086,HVL,ADHL,SWR,sleeper_defect,B,2024-07-21,2024-07-21,0,visual_patrol,0.6,False,Engineering
TMS003783,COR02429,TKBN,BNL,SWR,rail_fracture,A,2024-03-09,2024-02-29,9,USFD_ultrasonic_flaw_detection,0.6,False,Engineering
TMS003784,COR04037,KDQ,RJI,NER,weld_failure,A,2025-06-09,2025-05-26,14,USFD_ultrasonic_flaw_detection,2.8,True,Engineering
TMS003785,COR02384,SUNR,CJR,WR,alignment_deviation,C,2024-01-06,2023-11-08,59,USFD_ultrasonic_flaw_detection,3.7,True,Engineering
TMS003786,COR01523,BY,CHG,CR,ballast_deficiency,C,2025-02-04,2025-01-28,7,USFD_ultrasonic_flaw_detection,2.1,True,Engineering
TMS003787,COR01939,PDG,RNE,SCR,points_crossing_wear,B,2024-10-21,2024-10-18,3,track_recording_car,1.2,True,Engineering
TMS003788,COR06991,CTA,BNHL,SWR,ballast_deficiency,C,2024-02-17,2023-12-22,57,track_recording_car,4.3,False,Engineering
TMS003789,COR00501,PIP,MLG,WR,sleeper_defect,B,2025-09-11,2025-07-20,53,manual_gauge_check,5.2,False,Engineering
TMS003790,COR00340,PD,DEO,NER,alignment_deviation,C,2025-04-04,2025-01-30,64,visual_patrol,0.7,True,Engineering
TMS003791,COR03559,BGA,ANR,SER,formation_defect,B,2025-06-29,2025-04-28,62,visual_patrol,2.0,True,Engineering
TMS003792,COR04143,PPNS,KPQ,SR,rail_fracture,A,2025-10-18,2024-11-27,325,visual_patrol,2.9,False,Engineering
TMS003793,COR02302,BMHR,MOZ,NR,formation_defect,B,2024-08-09,2024-07-30,10,USFD_ultrasonic_flaw_detection,0.8,False,Engineering
TMS003794,COR01136,MQP,BMY,NER,ballast_deficiency,C,2024-12-30,2024-12-22,8,track_recording_car,3.8,False,Engineering
TMS003795,COR06095,MYD,LMG,NFR,ballast_deficiency,C,2024-01-15,2023-01-10,370,visual_patrol,0.5,True,Engineering
TMS003796,COR03027,DUI,ALL,NR,ballast_deficiency,C,2025-01-17,2024-11-05,73,visual_patrol,3.7,False,Engineering
TMS003797,COR05633,LR,MD,NWR,rail_wear,C,2025-11-15,2025-11-08,7,manual_gauge_check,4.5,True,Engineering
TMS003798,COR00696,PLG,KLV,WR,ballast_deficiency,C,2025-05-10,2025-04-28,12,manual_gauge_check,5.9,True,Engineering
TMS003799,COR00897,BSQ,LHD,SCR,rail_fracture,A,2025-08-24,2025-08-13,11,visual_patrol,1.8,True,Engineering
TMS003800,COR00647,SXB,SBH,SWR,alignment_deviation,C,2024-12-07,2024-12-07,0,manual_gauge_check,5.0,True,Engineering
TMS003801,COR03252,NNW,LRU,WCR,rail_fracture,A,2024-03-15,2024-03-07,8,manual_gauge_check,5.9,True,Engineering
TMS003802,COR01769,NMD,MLZ,WCR,formation_defect,B,2025-07-02,2025-06-19,13,visual_patrol,5.4,True,Engineering
TMS003803,COR05038,CIH,SOT,NER,alignment_deviation,C,2025-05-25,2025-05-06,19,manual_gauge_check,2.8,True,Engineering
TMS003804,COR01085,PRKH,PCH,SWR,sleeper_defect,B,2025-03-31,2025-02-12,47,visual_patrol,0.8,True,Engineering
TMS003805,COR02832,JRS,BIM,WR,alignment_deviation,C,2024-07-20,2020-04-09,1563,visual_patrol,2.9,True,Engineering
TMS003806,COR03080,VEK,TKT,SR,alignment_deviation,C,2025-03-23,2025-03-09,14,visual_patrol,0.9,True,Engineering
TMS003807,COR02149,MCPT,MCPK,SR,sleeper_defect,B,2024-09-18,2024-09-08,10,manual_gauge_check,5.1,True,Engineering
TMS003808,COR00440,SHAN,WDR,SCR,weld_failure,A,2024-03-09,2024-01-14,55,visual_patrol,3.2,True,Engineering
TMS003809,COR00781,AIA,KNAR,NWR,weld_failure,A,2025-05-27,2025-03-08,80,USFD_ultrasonic_flaw_detection,2.8,True,Engineering
TMS003810,COR03614,NGR,LKT,SWR,ballast_deficiency,C,2025-08-13,2025-08-06,7,manual_gauge_check,5.1,True,Engineering
TMS003811,COR04912,MNGT,MYS,SWR,rail_wear,C,2024-01-15,2023-12-27,19,USFD_ultrasonic_flaw_detection,5.0,True,Engineering
TMS003812,COR07072,MBT,PLC,NWR,formation_defect,C,2024-12-25,2024-12-17,8,USFD_ultrasonic_flaw_detection,5.6,True,Engineering
TMS003813,COR01668,GRO,SQL,WCR,alignment_deviation,C,2025-10-27,2025-08-13,75,track_recording_car,2.6,True,Engineering
TMS003814,COR01849,DZA,UCB,NR,points_crossing_wear,B,2025-02-15,2025-02-12,3,track_recording_car,4.6,True,Engineering
TMS003815,COR03251,NMD,NNW,WCR,sleeper_defect,B,2025-02-13,2024-12-02,73,manual_gauge_check,5.0,True,Engineering
TMS003816,COR01708,UHR,LGCE,WCR,alignment_deviation,C,2024-05-08,2024-04-27,11,visual_patrol,4.2,False,Engineering
TMS003817,COR04951,NAN,KKW,KR,weld_failure,A,2024-07-08,2024-06-28,10,visual_patrol,2.5,True,Engineering
TMS003818,COR02992,PGI,TA,SR,points_crossing_wear,B,2025-05-14,2025-02-23,80,manual_gauge_check,3.1,True,Engineering
TMS003819,COR01107,MDVL,KKLR,SCR,ballast_deficiency,C,2025-01-05,2024-10-11,86,track_recording_car,2.8,True,Engineering
TMS003820,COR02836,VDH,NVS,WR,points_crossing_wear,B,2025-12-03,2025-11-20,13,visual_patrol,0.8,True,Engineering
TMS003821,COR00487,PAL,HD,WCR,sleeper_defect,B,2024-09-08,2024-09-07,1,visual_patrol,5.3,True,Engineering
TMS003822,COR00214,PNHI,MKP,NCR,weld_failure,A,2024-09-04,2020-11-24,1380,manual_gauge_check,5.4,True,Engineering
TMS003823,COR00381,SYH,ARJ,NER,alignment_deviation,C,2024-09-14,2024-09-03,11,USFD_ultrasonic_flaw_detection,2.3,True,Engineering
TMS003824,COR01396,MTNL,MKY,SR,weld_failure,A,2024-04-16,2024-04-04,12,visual_patrol,2.0,True,Engineering
TMS003825,COR02056,HGL,LUR,CR,ballast_deficiency,C,2024-11-20,2024-05-05,199,visual_patrol,3.0,True,Engineering
TMS003826,COR02669,SSZ,MSZ,NR,formation_defect,B,2024-12-02,2024-05-02,214,visual_patrol,2.7,True,Engineering
TMS003827,COR02978,IGL,PYOL,SR,rail_wear,C,2025-12-30,2018-10-25,2623,manual_gauge_check,2.5,False,Engineering
TMS003828,COR02568,RMO,SASR,SECR,formation_defect,C,2024-11-30,2024-11-26,4,manual_gauge_check,2.6,True,Engineering
TMS003829,COR00445,TMD,KMC,SCR,points_crossing_wear,B,2024-05-12,2024-04-29,13,visual_patrol,2.8,True,Engineering
TMS003830,COR03064,AAY,THX,SR,sleeper_defect,B,2025-12-01,2025-09-26,66,manual_gauge_check,2.1,True,Engineering
TMS003831,COR05056,SNKG,BNL,SCR,alignment_deviation,C,2025-03-20,2025-02-08,40,USFD_ultrasonic_flaw_detection,4.5,True,Engineering
TMS003832,COR07761,KWDP,KHGR,ER,weld_failure,A,2024-03-19,2024-03-04,15,USFD_ultrasonic_flaw_detection,0.8,True,Engineering
TMS003833,COR02985,WH,VLL,SR,alignment_deviation,C,2024-07-11,2024-04-07,95,USFD_ultrasonic_flaw_detection,4.1,True,Engineering
TMS003834,COR05890,MDNR,GUH,NR,weld_failure,A,2025-08-08,2025-08-06,2,visual_patrol,2.0,True,Engineering
TMS003835,COR04538,GHGL,HRNR,NR,ballast_deficiency,C,2025-03-03,2021-01-14,1509,track_recording_car,1.3,True,Engineering
TMS003836,COR01525,CRD,PR,CR,sleeper_defect,B,2025-11-25,2025-11-19,6,visual_patrol,3.4,True,Engineering
TMS003837,COR04019,OKHA,MTHP,WR,sleeper_defect,B,2024-10-10,2024-09-13,27,visual_patrol,0.8,True,Engineering
TMS003838,COR01355,SXS,JDN,WR,alignment_deviation,C,2025-11-19,2025-10-26,24,visual_patrol,1.4,True,Engineering
TMS003839,COR01154,BY,SNRD,CR,ballast_deficiency,C,2024-10-13,2024-09-28,15,visual_patrol,4.7,True,Engineering
TMS003840,COR00705,NSP,BSR,WR,alignment_deviation,C,2024-01-26,2024-01-12,14,visual_patrol,2.0,True,Engineering
TMS003841,COR04465,HOJ,KCF,NFR,weld_failure,A,2024-04-08,2024-03-24,15,track_recording_car,1.5,True,Engineering
TMS003842,COR03786,SNV,GNL,SECR,ballast_deficiency,C,2025-05-01,2025-02-12,78,USFD_ultrasonic_flaw_detection,1.7,True,Engineering
TMS003843,COR01563,MSR,SIW,CR,sleeper_defect,A,2024-08-18,2024-08-03,15,visual_patrol,2.2,False,Engineering
TMS003844,COR01184,KOV,TKR,CR,rail_wear,C,2024-04-18,2024-04-05,13,visual_patrol,4.3,True,Engineering
TMS003845,COR04543,KTHU,MDPB,NR,points_crossing_wear,B,2025-04-18,2025-03-11,38,track_recording_car,5.1,False,Engineering
TMS003846,COR01586,SHC,SBM,ECR,rail_wear,B,2025-10-13,2025-08-30,44,visual_patrol,0.8,True,Engineering
TMS003847,COR02981,VEK,QLD,SR,alignment_deviation,C,2025-05-31,2025-04-03,58,visual_patrol,2.1,True,Engineering
TMS003848,COR00674,NVS,VDH,WR,alignment_deviation,C,2025-09-09,2025-09-05,4,manual_gauge_check,5.3,True,Engineering
TMS003849,COR05962,KZY,TCN,SR,formation_defect,B,2025-09-05,2020-09-11,1820,visual_patrol,4.3,True,Engineering
TMS003850,COR02075,MLSA,GBB,SWR,rail_wear,C,2024-04-01,2024-03-06,26,USFD_ultrasonic_flaw_detection,4.2,False,Engineering
TMS003851,COR00129,DGW,MKH,NWR,rail_wear,C,2025-09-04,2025-07-09,57,visual_patrol,0.5,True,Engineering
TMS003852,COR00930,BNCE,BNC,SWR,sleeper_defect,B,2024-09-14,2024-09-05,9,visual_patrol,1.4,True,Engineering
TMS003853,COR04614,DDM,ODB,NFR,sleeper_defect,A,2025-10-08,2025-10-08,0,visual_patrol,4.0,True,Engineering
TMS003854,COR05485,BSKN,KTRD,WR,sleeper_defect,B,2025-04-17,2025-04-12,5,USFD_ultrasonic_flaw_detection,5.2,True,Engineering
TMS003855,COR05392,KBR,BPRA,NCR,sleeper_defect,B,2024-02-27,2024-01-29,29,USFD_ultrasonic_flaw_detection,1.7,True,Engineering
TMS003856,COR01684,BELD,KKB,WCR,rail_fracture,A,2024-08-04,2023-10-02,307,USFD_ultrasonic_flaw_detection,1.3,True,Engineering
TMS003857,COR05059,VP,HGI,SCR,formation_defect,B,2024-10-17,2024-10-07,10,USFD_ultrasonic_flaw_detection,3.5,True,Engineering
TMS003858,COR00606,CLE,YGL,SCR,formation_defect,B,2024-10-23,2024-09-07,46,visual_patrol,2.8,True,Engineering
TMS003859,COR00657,CNC,KUD,SWR,ballast_deficiency,C,2025-06-25,2025-04-18,68,visual_patrol,5.0,True,Engineering
TMS003860,COR01267,GHG,DHPR,NR,sleeper_defect,B,2025-05-21,2025-05-11,10,visual_patrol,5.9,True,Engineering
TMS003861,COR04672,VBW,RAJP,KR,points_crossing_wear,B,2025-02-09,2024-11-22,79,USFD_ultrasonic_flaw_detection,2.6,True,Engineering
TMS003862,COR02799,ADH,JOS,WR,rail_wear,C,2024-02-12,2024-01-26,17,track_recording_car,4.0,True,Engineering
TMS003863,COR06132,ALMR,NGA,WR,alignment_deviation,C,2025-08-06,2025-08-01,5,manual_gauge_check,4.6,True,Engineering
TMS003864,COR03081,TKT,PYOL,SR,weld_failure,A,2024-11-29,2024-11-25,4,visual_patrol,2.0,True,Engineering
TMS003865,COR05935,SDGH,BIGA,NWR,formation_defect,B,2024-08-23,2024-08-19,4,USFD_ultrasonic_flaw_detection,2.8,True,Engineering
TMS003866,COR01163,AHN,JRLE,ER,rail_wear,C,2024-02-17,2024-02-02,15,USFD_ultrasonic_flaw_detection,1.7,True,Engineering
TMS003867,COR00627,GNN,CVV,SCR,points_crossing_wear,B,2025-01-05,2024-11-25,41,USFD_ultrasonic_flaw_detection,1.3,False,Engineering
TMS003868,COR03442,DKWA,HYL,NWR,points_crossing_wear,B,2024-03-30,2024-03-10,20,track_recording_car,4.2,False,Engineering
TMS003869,COR01328,MOI,KTR,NWR,sleeper_defect,B,2025-03-18,2025-03-04,14,track_recording_car,4.2,True,Engineering
TMS003870,COR00685,VAPI,KEB,WR,rail_fracture,A,2025-11-06,2025-10-31,6,manual_gauge_check,2.1,True,Engineering
TMS003871,COR02058,PIZ,MQL,SCR,formation_defect,B,2024-11-06,2024-10-28,9,visual_patrol,5.9,True,Engineering
TMS003872,COR01339,MAA,SIM,NWR,points_crossing_wear,B,2025-11-27,2025-11-11,16,manual_gauge_check,4.0,True,Engineering
TMS003873,COR01783,BLKR,DRU,SWR,ballast_deficiency,C,2025-06-26,2025-06-26,0,visual_patrol,3.7,True,Engineering
TMS003874,COR03060,NNN,DYS,SR,ballast_deficiency,C,2025-08-02,2025-07-21,12,track_recording_car,1.3,True,Engineering
TMS003875,COR04368,HBP,VPN,ECR,ballast_deficiency,C,2025-10-09,2025-10-02,7,manual_gauge_check,4.4,False,Engineering
TMS003876,COR06006,BHG,COM,NWR,alignment_deviation,C,2025-11-29,2025-11-28,1,visual_patrol,1.5,True,Engineering
TMS003877,COR03565,CJN,ANCR,SER,ballast_deficiency,C,2025-03-02,2024-04-25,311,visual_patrol,0.8,True,Engineering
TMS003878,COR06695,JALD,HM,WR,points_crossing_wear,B,2025-01-22,2025-01-21,1,manual_gauge_check,2.7,True,Engineering
TMS003879,COR02688,KIU,JJT,NR,alignment_deviation,C,2025-09-22,2025-07-08,76,manual_gauge_check,2.0,True,Engineering
TMS003880,COR05559,PMH,AJL,NR,ballast_deficiency,A,2024-03-26,2024-01-24,62,USFD_ultrasonic_flaw_detection,2.8,True,Engineering
TMS003881,COR01847,KZX,GSB,NR,weld_failure,A,2025-12-13,2025-12-06,7,track_recording_car,5.3,True,Engineering
TMS003882,COR02639,THP,BIJ,ER,weld_failure,A,2025-03-06,2025-02-19,15,USFD_ultrasonic_flaw_detection,4.9,True,Engineering
TMS003883,COR04477,BMA,KNW,CR,ballast_deficiency,C,2025-10-08,2025-08-22,47,manual_gauge_check,3.5,True,Engineering
TMS003884,COR04328,PVL,TT,SR,alignment_deviation,C,2025-01-29,2025-01-04,25,visual_patrol,3.3,True,Engineering
TMS003885,COR00120,KSG,TL,NWR,formation_defect,B,2024-08-09,2024-08-05,4,visual_patrol,1.6,True,Engineering
TMS003886,COR01727,LOG,MFX,NCR,alignment_deviation,C,2025-08-30,2025-08-30,0,USFD_ultrasonic_flaw_detection,0.9,True,Engineering
TMS003887,COR00656,RBG,CNC,SWR,weld_failure,A,2024-02-05,2024-01-31,5,manual_gauge_check,1.5,True,Engineering
TMS003888,COR00068,CTT,JTY,NWR,alignment_deviation,C,2025-05-12,2025-02-27,74,USFD_ultrasonic_flaw_detection,2.7,True,Engineering
TMS003889,COR03639,SGKM,PAGM,SCR,rail_fracture,A,2025-04-19,2025-03-24,26,visual_patrol,2.4,False,Engineering
TMS003890,COR00705,NSP,BSR,WR,alignment_deviation,C,2024-09-01,2024-06-10,83,visual_patrol,1.7,False,Engineering
TMS003891,COR05801,DBI,PGK,NWR,sleeper_defect,B,2025-05-19,2025-05-10,9,visual_patrol,3.9,True,Engineering
TMS003892,COR07347,PIRO,HSB,ECR,rail_fracture,A,2024-05-16,2024-04-29,17,USFD_ultrasonic_flaw_detection,3.4,True,Engineering
TMS003893,COR00127,SRRG,RHG,NWR,ballast_deficiency,A,2024-01-10,2023-10-20,82,manual_gauge_check,3.5,True,Engineering
TMS003894,COR01154,BY,SNRD,CR,alignment_deviation,C,2024-06-20,2024-06-14,6,visual_patrol,4.2,True,Engineering
TMS003895,COR01689,BRGT,KEQ,WCR,points_crossing_wear,B,2025-07-13,2025-07-11,2,visual_patrol,4.3,True,Engineering
TMS003896,COR00672,SCH,MRL,WR,sleeper_defect,B,2024-06-16,2024-06-15,1,visual_patrol,1.1,True,Engineering
TMS003897,COR02794,BA,BDTS,WR,alignment_deviation,C,2024-06-20,2023-12-02,201,manual_gauge_check,3.2,True,Engineering
TMS003898,COR04137,KN,FK,SR,weld_failure,A,2025-04-24,2025-04-11,13,track_recording_car,4.6,True,Engineering
TMS003899,COR00481,BRUD,DRHI,WCR,points_crossing_wear,B,2025-06-03,2025-05-28,6,visual_patrol,1.9,True,Engineering
TMS003900,COR01923,PRLI,UKH,SCR,alignment_deviation,C,2024-03-26,2024-03-17,9,USFD_ultrasonic_flaw_detection,4.9,False,Engineering
TMS003901,COR00697,KLV,SAH,WR,alignment_deviation,C,2024-07-21,2024-05-20,62,visual_patrol,3.4,True,Engineering
TMS003902,COR00224,SAGM,STA,WCR,ballast_deficiency,C,2025-06-24,2025-06-08,16,visual_patrol,2.3,True,Engineering
TMS003903,COR01832,INDB,LMNR,WR,sleeper_defect,B,2025-04-07,2025-03-25,13,USFD_ultrasonic_flaw_detection,0.8,True,Engineering
TMS003904,COR03256,PDZ,KNDP,WCR,ballast_deficiency,B,2024-02-11,2024-02-02,9,visual_patrol,3.3,True,Engineering
TMS003905,COR03902,BSPH,JIND,NR,rail_fracture,A,2025-04-10,2025-04-05,5,USFD_ultrasonic_flaw_detection,5.9,True,Engineering
TMS003906,COR03954,ABKA,BGRA,ER,points_crossing_wear,B,2024-05-13,2024-05-06,7,visual_patrol,1.1,True,Engineering
TMS003907,COR00229,BUU,UDR,WCR,ballast_deficiency,A,2024-02-01,2023-11-09,84,visual_patrol,3.9,True,Engineering
TMS003908,COR00114,SDH,DOZ,NWR,ballast_deficiency,C,2025-10-15,2025-09-30,15,track_recording_car,2.0,False,Engineering
TMS003909,COR04553,KZX,TDO,NR,alignment_deviation,C,2025-07-07,2025-05-18,50,visual_patrol,5.0,True,Engineering
TMS003910,COR01892,GUU,MABD,SCR,points_crossing_wear,B,2024-06-16,2024-06-14,2,manual_gauge_check,4.8,True,Engineering
TMS003911,COR00215,MKP,BNSP,NCR,alignment_deviation,C,2025-07-10,2025-07-01,9,track_recording_car,5.7,True,Engineering
TMS003912,COR03264,BAMA,BR,NCR,weld_failure,A,2024-12-09,2024-12-01,8,track_recording_car,3.2,True,Engineering
TMS003913,COR02087,ADHL,ASK,SWR,sleeper_defect,B,2024-01-30,2024-01-18,12,visual_patrol,0.7,True,Engineering
TMS003914,COR00285,MTA,KNW,WCR,sleeper_defect,B,2025-04-22,2024-05-19,338,track_recording_car,0.7,False,Engineering
TMS003915,COR03345,PBM,MMM,SR,points_crossing_wear,B,2024-11-08,2021-03-06,1343,USFD_ultrasonic_flaw_detection,5.3,True,Engineering
TMS003916,COR03262,DY,BXN,WCR,ballast_deficiency,C,2025-10-13,2025-10-02,11,USFD_ultrasonic_flaw_detection,4.3,True,Engineering
TMS003917,COR02417,BPKA,BHTA,WR,points_crossing_wear,B,2024-06-27,2024-06-12,15,manual_gauge_check,5.8,True,Engineering
TMS003918,COR05241,SVQ,BRQ,NFR,ballast_deficiency,C,2025-12-01,2025-11-16,15,USFD_ultrasonic_flaw_detection,1.4,False,Engineering
TMS003919,COR00116,AII,MD,NWR,alignment_deviation,C,2024-07-19,2024-07-06,13,track_recording_car,4.9,True,Engineering
TMS003920,COR01707,MYR,UHR,WCR,points_crossing_wear,B,2025-08-22,2025-07-06,47,USFD_ultrasonic_flaw_detection,2.3,True,Engineering
TMS003921,COR04536,BBMN,VJPJ,NR,ballast_deficiency,C,2025-07-20,2025-04-25,86,USFD_ultrasonic_flaw_detection,3.0,True,Engineering
TMS003922,COR07135,KJV,AE,WR,sleeper_defect,B,2024-08-28,2021-01-11,1325,manual_gauge_check,5.4,False,Engineering
TMS003923,COR03045,KRR,VEI,SR,rail_fracture,A,2024-10-03,2024-09-26,7,track_recording_car,1.1,True,Engineering
TMS003924,COR00477,DGN,KDK,CR,sleeper_defect,B,2024-06-30,2024-06-20,10,manual_gauge_check,2.8,True,Engineering
TMS003925,COR04546,BHRL,CHKB,NR,points_crossing_wear,B,2025-01-08,2024-07-02,190,USFD_ultrasonic_flaw_detection,2.1,True,Engineering
TMS003926,COR01660,SCE,NGAN,NFR,alignment_deviation,C,2024-07-27,2023-11-23,247,visual_patrol,2.1,True,Engineering
TMS003927,COR00256,KFY,BNE,WCR,sleeper_defect,B,2025-08-04,2025-06-12,53,visual_patrol,4.0,True,Engineering
TMS003928,COR04652,KT,GOK,KR,formation_defect,B,2025-01-22,2025-01-13,9,visual_patrol,1.1,True,Engineering
TMS003929,COR00580,BMKI,SRA,ECR,weld_failure,A,2025-10-19,2025-10-04,15,USFD_ultrasonic_flaw_detection,5.5,True,Engineering
TMS003930,COR01185,TKR,BVNR,CR,points_crossing_wear,B,2024-09-16,2021-09-01,1111,USFD_ultrasonic_flaw_detection,1.6,True,Engineering
TMS003931,COR05742,CLN,ARS,SR,points_crossing_wear,B,2025-01-03,2024-12-31,3,visual_patrol,0.5,True,Engineering
TMS003932,COR04635,KZE,BFR,SR,ballast_deficiency,C,2024-08-13,2024-05-22,83,manual_gauge_check,3.1,True,Engineering
TMS003933,COR05921,AKE,MZL,SCR,rail_wear,B,2024-06-24,2024-03-29,87,visual_patrol,4.6,False,Engineering
TMS003934,COR00094,BGG,AUWA,NWR,points_crossing_wear,B,2024-09-01,2024-08-23,9,track_recording_car,3.4,True,Engineering
TMS003935,COR07401,SUJR,BPM,NR,rail_wear,C,2024-10-02,2024-09-07,25,USFD_ultrasonic_flaw_detection,0.6,True,Engineering
TMS003936,COR04112,GUNS,HYA,NR,sleeper_defect,B,2024-09-05,2024-08-23,13,track_recording_car,5.5,True,Engineering
TMS003937,COR05344,MRDD,GUX,SCR,weld_failure,A,2025-09-04,2025-08-20,15,manual_gauge_check,4.0,True,Engineering
TMS003938,COR00037,CJR,SUNR,WR,weld_failure,A,2025-08-18,2025-08-07,11,visual_patrol,1.1,True,Engineering
TMS003939,COR00016,WTJ,JALD,WR,alignment_deviation,C,2024-09-17,2024-09-17,0,track_recording_car,1.5,False,Engineering
TMS003940,COR00603,BBW,MUUA,NER,rail_wear,C,2025-10-16,2025-10-09,7,visual_patrol,5.6,True,Engineering
TMS003941,COR01720,MKP,PNHI,NCR,weld_failure,A,2024-05-24,2024-04-01,53,visual_patrol,5.2,True,Engineering
TMS003942,COR04220,BJ,MJHL,NR,points_crossing_wear,B,2025-06-01,2025-03-20,73,manual_gauge_check,1.4,False,Engineering
TMS003943,COR03168,DHPD,KGLE,ER,ballast_deficiency,C,2025-02-05,2025-01-28,8,visual_patrol,3.1,True,Engineering
TMS003944,COR00612,MABD,GUU,SCR,alignment_deviation,C,2025-08-15,2025-08-04,11,visual_patrol,3.4,False,Engineering
TMS003945,COR01414,PAS,CVD,SR,points_crossing_wear,B,2025-11-06,2025-10-27,10,USFD_ultrasonic_flaw_detection,2.9,False,Engineering
TMS003946,COR05609,SJL,VJA,SCR,alignment_deviation,C,2024-01-30,2024-01-23,7,visual_patrol,3.2,True,Engineering
TMS003947,COR03283,KTK,MNL,SWR,points_crossing_wear,B,2025-03-30,2025-01-24,65,USFD_ultrasonic_flaw_detection,3.1,True,Engineering
TMS003948,COR00293,WGA,RV,CR,sleeper_defect,B,2024-11-20,2024-11-17,3,visual_patrol,2.0,True,Engineering
TMS003949,COR02806,MIRA,BYR,WR,rail_wear,C,2024-05-16,2024-04-27,19,USFD_ultrasonic_flaw_detection,4.7,True,Engineering
TMS003950,COR02982,QLD,CMC,SR,rail_wear,C,2024-08-04,2024-07-22,13,visual_patrol,4.2,False,Engineering
TMS003951,COR01723,KTDD,BRG,NCR,rail_wear,C,2024-03-30,2024-03-25,5,visual_patrol,3.3,True,Engineering
TMS003952,COR00604,MUUA,PPC,NER,weld_failure,A,2025-06-23,2025-05-25,29,visual_patrol,4.8,False,Engineering
TMS003953,COR01573,SLI,VRB,CR,ballast_deficiency,C,2025-10-10,2017-11-16,2885,visual_patrol,2.7,True,Engineering
TMS003954,COR00558,IKK,JWP,NR,ballast_deficiency,C,2024-02-08,2023-12-12,58,manual_gauge_check,4.5,True,Engineering
TMS003955,COR03573,BGO,GBA,SER,sleeper_defect,B,2025-05-12,2025-05-05,7,manual_gauge_check,1.9,True,Engineering
TMS003956,COR04544,MDPB,SJNP,NR,sleeper_defect,B,2024-06-23,2024-06-21,2,visual_patrol,2.3,True,Engineering
TMS003957,COR02697,ISM,SPZ,NR,ballast_deficiency,C,2024-03-25,2024-03-03,22,track_recording_car,4.9,True,Engineering
TMS003958,COR04960,KRMI,VEN,KR,alignment_deviation,C,2025-09-28,2025-08-21,38,visual_patrol,4.3,True,Engineering
TMS003959,COR01880,TNGM,MDR,SCR,alignment_deviation,C,2024-09-17,2024-06-30,79,track_recording_car,3.7,False,Engineering
TMS003960,COR02975,MUKE,NAU,SR,weld_failure,A,2024-10-02,2024-08-04,59,visual_patrol,0.5,True,Engineering
TMS003961,COR04176,BZ,SFM,NR,ballast_deficiency,C,2024-05-26,2023-10-04,235,USFD_ultrasonic_flaw_detection,4.6,True,Engineering
TMS003962,COR01400,MUQ,KLT,SR,alignment_deviation,C,2025-11-22,2025-11-16,6,manual_gauge_check,5.3,True,Engineering
TMS003963,COR00888,GOPL,BMO,SCR,ballast_deficiency,C,2025-03-20,2025-03-16,4,track_recording_car,0.6,True,Engineering
TMS003964,COR01626,BLKR,VNR,SWR,rail_fracture,A,2024-03-19,2024-03-06,13,visual_patrol,3.8,True,Engineering
TMS003965,COR00674,NVS,VDH,WR,weld_failure,A,2025-09-09,2025-08-29,11,manual_gauge_check,1.5,True,Engineering
TMS003966,COR02316,LWS,BDWS,WCR,ballast_deficiency,C,2024-03-28,2024-01-11,77,manual_gauge_check,4.9,True,Engineering
TMS003967,COR00872,IDL,SCP,SCR,rail_wear,C,2025-05-31,2025-05-08,23,manual_gauge_check,2.1,True,Engineering
TMS003968,COR03218,VRL,SVB,WR,ballast_deficiency,C,2025-11-11,2025-07-16,118,visual_patrol,0.6,True,Engineering
TMS003969,COR00686,KEB,BLD,WR,ballast_deficiency,C,2025-12-01,2025-11-26,5,manual_gauge_check,0.7,True,Engineering
TMS003970,COR01842,AWL,KKL,NR,alignment_deviation,C,2025-04-19,2025-04-05,14,USFD_ultrasonic_flaw_detection,5.2,True,Engineering
TMS003971,COR06656,SNTD,RUI,SER,sleeper_defect,B,2024-08-01,2024-07-31,1,visual_patrol,5.8,True,Engineering
TMS003972,COR01487,HWX,LKG,NFR,alignment_deviation,C,2024-04-20,2024-04-17,3,manual_gauge_check,1.3,True,Engineering
TMS003973,COR02812,VTN,SAH,WR,sleeper_defect,B,2024-07-15,2024-07-11,4,track_recording_car,1.5,False,Engineering
TMS003974,COR00265,GMD,BGTA,WCR,sleeper_defect,B,2024-12-10,2024-11-30,10,track_recording_car,0.7,True,Engineering
TMS003975,COR01693,ADTL,DOE,WCR,rail_fracture,A,2025-01-29,2025-01-12,17,USFD_ultrasonic_flaw_detection,4.4,True,Engineering
TMS003976,COR08543,ATKS,GNTR,NR,alignment_deviation,C,2025-03-23,2025-01-05,77,visual_patrol,5.6,False,Engineering
TMS003977,COR01857,CHKB,BHRL,NR,ballast_deficiency,C,2025-11-07,2025-09-20,48,visual_patrol,4.3,True,Engineering
TMS003978,COR02817,BOR,VGN,WR,ballast_deficiency,C,2025-08-03,2025-07-21,13,visual_patrol,3.1,True,Engineering
TMS003979,COR00609,INK,KDM,SCR,rail_fracture,A,2025-06-03,2025-04-02,62,USFD_ultrasonic_flaw_detection,3.0,True,Engineering
TMS003980,COR00576,CAA,PPA,ECR,points_crossing_wear,B,2025-08-28,2025-08-26,2,track_recording_car,5.0,True,Engineering
TMS003981,COR06800,PKBS,KNDL,NWR,alignment_deviation,C,2025-10-01,2025-09-21,10,USFD_ultrasonic_flaw_detection,4.6,True,Engineering
TMS003982,COR01110,AKVD,CKV,SCR,alignment_deviation,C,2025-03-18,2020-10-07,1623,visual_patrol,2.3,True,Engineering
TMS003983,COR02823,SJN,BLD,WR,rail_fracture,B,2025-06-22,2025-06-18,4,visual_patrol,3.5,True,Engineering
TMS003984,COR02216,PMY,BOM,NWR,rail_fracture,C,2025-09-05,2025-08-21,15,track_recording_car,4.7,True,Engineering
TMS003985,COR03602,KNNA,ENB,NWR,sleeper_defect,B,2025-03-09,2025-01-23,45,USFD_ultrasonic_flaw_detection,4.7,False,Engineering
TMS003986,COR05685,NUQ,WDM,ECR,alignment_deviation,C,2025-12-08,2025-11-15,23,visual_patrol,0.9,True,Engineering
TMS003987,COR03860,MYHT,BGL,ER,alignment_deviation,C,2024-02-13,2024-01-31,13,track_recording_car,1.1,True,Engineering
TMS003988,COR03327,DUI,HMI,NR,rail_fracture,A,2025-01-29,2025-01-02,27,manual_gauge_check,2.4,True,Engineering
TMS003989,COR00625,TNGM,YP,SCR,ballast_deficiency,C,2024-05-08,2024-03-28,41,track_recording_car,4.6,True,Engineering
TMS003990,COR05630,GLTA,TL,NWR,ballast_deficiency,B,2025-02-04,2024-11-26,70,USFD_ultrasonic_flaw_detection,3.3,True,Engineering
TMS003991,COR04105,BTI,BTIC,NR,weld_failure,A,2024-03-23,2024-01-14,69,manual_gauge_check,2.8,False,Engineering
TMS003992,COR05516,BEB,BFT,ER,rail_wear,C,2025-02-01,2025-01-25,7,visual_patrol,4.0,True,Engineering
TMS003993,COR05393,BPRA,MBA,NCR,ballast_deficiency,C,2024-08-12,2024-08-10,2,visual_patrol,2.3,False,Engineering
TMS003994,COR00672,SCH,MRL,WR,ballast_deficiency,C,2025-01-17,2025-01-13,4,visual_patrol,2.7,True,Engineering
TMS003995,COR00264,SGP,GMD,WCR,weld_failure,A,2024-11-15,2023-12-30,321,USFD_ultrasonic_flaw_detection,4.7,False,Engineering
TMS003996,COR02818,VGN,DRD,WR,points_crossing_wear,B,2025-10-04,2025-07-16,80,USFD_ultrasonic_flaw_detection,2.7,True,Engineering
TMS003997,COR02809,BSR,NSP,WR,rail_wear,A,2024-09-23,2024-09-22,1,track_recording_car,2.6,False,Engineering
TMS003998,COR07898,MRJ,BLWD,CR,ballast_deficiency,C,2025-03-08,2025-02-10,26,visual_patrol,1.8,False,Engineering
TMS003999,COR00478,KDK,BMA,CR,ballast_deficiency,C,2024-04-23,2024-04-06,17,USFD_ultrasonic_flaw_detection,1.6,True,Engineering
TMS004000,COR02894,KNW,BMA,CR,points_crossing_wear,B,2025-11-29,2025-11-15,14,track_recording_car,5.1,True,Engineering
TMS004001,COR01587,SBM,SBV,ECR,alignment_deviation,A,2025-02-27,2025-02-27,0,visual_patrol,2.8,True,Engineering
TMS004002,COR04049,YFP,DDD,NER,sleeper_defect,B,2024-06-19,2024-04-27,53,track_recording_car,3.4,True,Engineering
TMS004003,COR00015,ALB,WTJ,WR,ballast_deficiency,C,2025-04-25,2025-04-20,5,visual_patrol,1.7,True,Engineering
TMS004004,COR04259,RBS,DXK,NCR,ballast_deficiency,C,2024-07-30,2023-10-18,286,track_recording_car,2.3,True,Engineering
TMS004005,COR00766,BWSN,GGN,NR,ballast_deficiency,C,2024-01-14,2024-01-10,4,manual_gauge_check,5.1,True,Engineering
TMS004006,COR03618,RLP,SOQ,SWR,sleeper_defect,B,2024-12-03,2024-09-04,90,USFD_ultrasonic_flaw_detection,5.9,False,Engineering
TMS004007,COR03295,AEK,HSRA,SWR,points_crossing_wear,B,2025-12-28,2025-12-04,24,visual_patrol,4.1,True,Engineering
TMS004008,COR04206,DZB,NNU,NWR,sleeper_defect,B,2025-10-14,2025-10-08,6,visual_patrol,2.6,True,Engineering
TMS004009,COR03238,HKL,NMH,WR,rail_wear,C,2025-10-27,2025-10-25,2,visual_patrol,2.8,True,Engineering
TMS004010,COR02820,GVD,BRRD,WR,ballast_deficiency,A,2025-09-17,2019-02-08,2413,visual_patrol,1.5,True,Engineering
TMS004011,COR01128,KCU,BTRI,NER,rail_wear,C,2024-12-19,2024-12-13,6,USFD_ultrasonic_flaw_detection,1.6,True,Engineering
TMS004012,COR03283,KTK,MNL,SWR,ballast_deficiency,C,2025-12-06,2025-11-22,14,visual_patrol,3.0,True,Engineering
TMS004013,COR03050,CVP,KDU,SR,rail_fracture,A,2024-02-25,2024-01-09,47,visual_patrol,3.3,True,Engineering
TMS004014,COR02034,DRGJ,ALY,NER,weld_failure,A,2024-06-04,2024-04-07,58,visual_patrol,5.2,True,Engineering
TMS004015,COR02603,TOK,MAJN,KR,weld_failure,A,2024-08-31,2024-06-12,80,USFD_ultrasonic_flaw_detection,5.4,False,Engineering
TMS004016,COR05737,PUC,PO,SR,weld_failure,A,2025-05-23,2025-03-12,72,USFD_ultrasonic_flaw_detection,3.7,True,Engineering
TMS004017,COR03962,PSAE,MTFA,ER,sleeper_defect,B,2024-05-20,2024-05-09,11,USFD_ultrasonic_flaw_detection,6.0,False,Engineering
TMS004018,COR03795,KRA,PCZ,SCR,alignment_deviation,C,2025-11-03,2025-09-07,57,visual_patrol,5.6,True,Engineering
TMS004019,COR00087,FA,KZQ,NWR,alignment_deviation,C,2025-08-17,2025-08-09,8,track_recording_car,1.5,False,Engineering
TMS004020,COR04659,MAO,SRVX,KR,alignment_deviation,C,2025-02-08,2025-01-26,13,visual_patrol,5.3,False,Engineering
TMS004021,COR02543,BUQ,KDHI,SECR,sleeper_defect,B,2025-12-25,2025-12-24,1,manual_gauge_check,5.2,True,Engineering
TMS004022,COR02835,ACL,VDH,WR,alignment_deviation,C,2024-08-01,2024-07-28,4,USFD_ultrasonic_flaw_detection,4.1,True,Engineering
TMS004023,COR04232,PMO,KIN,NWR,rail_wear,C,2024-01-16,2023-11-12,65,manual_gauge_check,3.7,True,Engineering
TMS004024,COR00544,ELM,PAZ,SR,sleeper_defect,B,2025-11-18,2025-11-08,10,visual_patrol,0.7,True,Engineering
TMS004025,COR02535,LHA,GGKR,NR,rail_wear,C,2024-01-30,2024-01-26,4,manual_gauge_check,5.5,False,Engineering
TMS004026,COR03870,PXR,SMX,ER,points_crossing_wear,B,2024-01-12,2023-07-25,171,track_recording_car,3.7,True,Engineering
TMS004027,COR04962,MAO,BLLI,KR,sleeper_defect,B,2024-07-23,2024-07-23,0,USFD_ultrasonic_flaw_detection,1.7,True,Engineering
TMS004028,COR02299,THJ,DBD,NR,rail_wear,C,2025-04-16,2025-04-16,0,USFD_ultrasonic_flaw_detection,3.7,True,Engineering
TMS004029,COR01599,KALS,YLG,SWR,formation_defect,B,2025-08-26,2025-07-17,40,USFD_ultrasonic_flaw_detection,3.1,True,Engineering
TMS004030,COR01720,MKP,PNHI,NCR,sleeper_defect,B,2025-09-03,2025-08-26,8,visual_patrol,5.7,False,Engineering
TMS004031,COR01077,UGR,KUD,SWR,sleeper_defect,B,2025-11-07,2025-10-31,7,visual_patrol,2.4,False,Engineering
TMS004032,COR01881,MDR,MTMI,SCR,weld_failure,A,2024-05-19,2024-05-16,3,manual_gauge_check,4.9,True,Engineering
TMS004033,COR05389,NPU,DMR,NFR,weld_failure,A,2025-12-03,2025-12-02,1,visual_patrol,2.3,True,Engineering
TMS004034,COR00054,KYSD,UMN,WR,weld_failure,A,2025-09-14,2025-09-04,10,track_recording_car,4.7,True,Engineering
TMS004035,COR00094,BGG,AUWA,NWR,rail_wear,C,2025-04-06,2024-12-19,108,visual_patrol,3.3,True,Engineering
TMS004036,COR01723,KTDD,BRG,NCR,rail_wear,C,2024-10-16,2024-07-29,79,visual_patrol,2.7,True,Engineering
TMS004037,COR04683,KMAH,CHI,KR,formation_defect,C,2024-04-19,2024-04-13,6,USFD_ultrasonic_flaw_detection,2.2,True,Engineering
TMS004038,COR02240,HLN,MGF,SWR,points_crossing_wear,B,2024-12-24,2024-12-24,0,visual_patrol,5.6,True,Engineering
TMS004039,COR00938,MV,NID,SR,alignment_deviation,C,2024-03-29,2024-02-29,29,manual_gauge_check,3.7,True,Engineering
TMS004040,COR04157,KLAD,KGQ,SR,points_crossing_wear,B,2024-06-19,2024-06-10,9,track_recording_car,2.1,True,Engineering
TMS004041,COR01356,JDN,UMN,WR,sleeper_defect,B,2025-11-30,2025-11-10,20,visual_patrol,4.7,True,Engineering
TMS004042,COR02615,LGL,KRP,ER,sleeper_defect,B,2024-02-07,2024-01-25,13,manual_gauge_check,2.6,True,Engineering
TMS004043,COR03979,MIAN,BZLE,ER,points_crossing_wear,B,2024-07-25,2022-09-03,691,track_recording_car,5.1,True,Engineering
TMS004044,COR00705,NSP,BSR,WR,points_crossing_wear,B,2025-04-17,2025-01-23,84,visual_patrol,4.2,True,Engineering
TMS004045,COR00079,BNS,SOH,NWR,weld_failure,A,2025-10-10,2025-10-04,6,USFD_ultrasonic_flaw_detection,4.3,True,Engineering
TMS004046,COR00036,DXR,CJR,WR,sleeper_defect,B,2025-04-28,2025-04-28,0,visual_patrol,5.6,True,Engineering
TMS004047,COR02698,SPZ,ROHN,NR,weld_failure,A,2025-04-26,2024-12-17,130,USFD_ultrasonic_flaw_detection,0.8,True,Engineering
TMS004048,COR01959,BRSQ,SDPR,NR,alignment_deviation,C,2025-07-19,2025-04-23,87,USFD_ultrasonic_flaw_detection,4.7,False,Engineering
TMS004049,COR00221,KTHA,JTW,WCR,ballast_deficiency,C,2025-03-24,2020-07-18,1710,visual_patrol,2.5,True,Engineering
TMS004050,COR05751,KUTR,NTM,SR,ballast_deficiency,C,2025-01-22,2025-01-22,0,USFD_ultrasonic_flaw_detection,3.4,True,Engineering
TMS004051,COR05187,RUT,AJE,WR,ballast_deficiency,C,2025-01-22,2025-01-17,5,visual_patrol,4.6,True,Engineering
TMS004052,COR00675,VDH,ACL,WR,sleeper_defect,B,2025-12-15,2025-12-07,8,visual_patrol,4.3,True,Engineering
TMS004053,COR00765,SMDP,BWSN,NR,sleeper_defect,B,2024-10-31,2024-10-22,9,track_recording_car,5.7,True,Engineering
TMS004054,COR00500,DLD,MDS,WR,alignment_deviation,C,2025-12-25,2025-12-24,1,visual_patrol,3.4,False,Engineering
TMS004055,COR04203,MHRG,BJWS,NWR,weld_failure,A,2024-09-12,2024-06-28,76,track_recording_car,3.5,True,Engineering
TMS004056,COR01396,MTNL,MKY,SR,sleeper_defect,B,2025-10-26,2025-10-25,1,visual_patrol,4.1,True,Engineering
TMS004057,COR04937,ANO,CHI,KR,points_crossing_wear,B,2024-03-10,2024-03-04,6,manual_gauge_check,1.7,True,Engineering
TMS004058,COR03785,DEW,SNV,SECR,ballast_deficiency,C,2024-02-22,2024-02-09,13,visual_patrol,3.9,True,Engineering
TMS004059,COR05633,LR,MD,NWR,sleeper_defect,B,2025-08-14,2024-08-12,367,visual_patrol,2.2,False,Engineering
TMS004060,COR01647,DBS,NDV,SWR,ballast_deficiency,C,2024-11-20,2024-11-18,2,manual_gauge_check,5.3,True,Engineering
TMS004061,COR04981,LMNR,INDM,WR,rail_wear,C,2025-10-17,2025-10-17,0,visual_patrol,1.4,True,Engineering
TMS004062,COR03537,TQN,KYBR,NER,alignment_deviation,C,2025-11-12,2025-11-09,3,USFD_ultrasonic_flaw_detection,4.2,True,Engineering
TMS004063,COR03890,ROHN,SPZ,NR,formation_defect,B,2024-09-13,2024-08-30,14,USFD_ultrasonic_flaw_detection,4.5,True,Engineering
TMS004064,COR05525,BQG,PRTL,ER,ballast_deficiency,C,2025-10-29,2025-10-18,11,manual_gauge_check,3.1,True,Engineering
TMS004065,COR04145,PAZ,ELM,SR,formation_defect,B,2024-05-05,2024-04-29,6,track_recording_car,1.4,True,Engineering
TMS004066,COR06592,BWPL,NWH,NWR,weld_failure,A,2024-05-22,2023-10-30,205,USFD_ultrasonic_flaw_detection,4.3,False,Engineering
TMS004067,COR04235,FAN,MVJ,NWR,alignment_deviation,C,2024-04-07,2024-03-30,8,manual_gauge_check,2.5,True,Engineering
TMS004068,COR01129,BTRI,UJH,NER,alignment_deviation,C,2024-03-28,2024-03-21,7,visual_patrol,0.5,False,Engineering
TMS004069,COR01598,GDI,KALS,SWR,ballast_deficiency,C,2024-06-03,2023-06-20,349,USFD_ultrasonic_flaw_detection,1.5,True,Engineering
TMS004070,COR05181,NDU,TEA,ECR,rail_fracture,A,2025-01-24,2024-10-31,85,visual_patrol,1.1,True,Engineering
TMS004071,COR02301,RNA,BMHR,NR,alignment_deviation,C,2025-01-10,2025-01-06,4,visual_patrol,2.8,False,Engineering
TMS004072,COR01781,BVR,VNR,SWR,points_crossing_wear,B,2024-11-01,2024-04-17,198,USFD_ultrasonic_flaw_detection,0.8,True,Engineering
TMS004073,COR04698,NGTN,KASU,CR,rail_wear,C,2025-01-05,2024-12-31,5,USFD_ultrasonic_flaw_detection,1.5,True,Engineering
TMS004074,COR03239,COR,CNA,WR,ballast_deficiency,C,2025-02-06,2024-07-21,200,visual_patrol,2.7,True,Engineering
TMS004075,COR04960,KRMI,VEN,KR,ballast_deficiency,B,2024-06-04,2024-05-23,12,USFD_ultrasonic_flaw_detection,0.6,False,Engineering
TMS004076,COR03758,KVA,UTL,NWR,sleeper_defect,B,2025-11-14,2025-11-05,9,USFD_ultrasonic_flaw_detection,3.6,True,Engineering
TMS004077,COR01888,MLMG,PPY,SCR,rail_wear,C,2025-11-27,2025-10-14,44,visual_patrol,5.7,True,Engineering
TMS004078,COR06579,SKBR,JOBA,WCR,weld_failure,A,2024-07-02,2024-04-22,71,manual_gauge_check,5.8,True,Engineering
TMS004079,COR01658,PRI,ATMO,NR,ballast_deficiency,A,2025-04-09,2025-03-30,10,USFD_ultrasonic_flaw_detection,5.6,False,Engineering
TMS004080,COR00538,KZE,NLE,SR,rail_wear,C,2025-10-11,2025-09-12,29,visual_patrol,2.2,True,Engineering
TMS004081,COR00139,MJNL,BWL,NWR,alignment_deviation,C,2024-07-06,2024-06-13,23,manual_gauge_check,5.4,True,Engineering
TMS004082,COR02831,DGI,JRS,WR,formation_defect,B,2024-07-23,2024-05-26,58,USFD_ultrasonic_flaw_detection,4.0,True,Engineering
TMS004083,COR04693,MNI,INP,KR,sleeper_defect,B,2024-03-15,2023-07-26,233,manual_gauge_check,2.8,True,Engineering
TMS004084,COR02662,SUCH,CAPE,SR,ballast_deficiency,C,2024-05-31,2023-11-09,204,manual_gauge_check,2.9,True,Engineering
TMS004085,COR00625,TNGM,YP,SCR,formation_defect,B,2024-12-20,2024-12-14,6,visual_patrol,1.9,True,Engineering
TMS004086,COR02071,HHL,KIAT,SWR,alignment_deviation,C,2024-06-24,2024-06-10,14,USFD_ultrasonic_flaw_detection,2.6,True,Engineering
TMS004087,COR03294,HLE,AEK,SWR,rail_fracture,A,2025-03-11,2024-11-25,106,USFD_ultrasonic_flaw_detection,1.0,True,Engineering
TMS004088,COR00781,AIA,KNAR,NWR,ballast_deficiency,C,2024-09-17,2024-09-15,2,USFD_ultrasonic_flaw_detection,4.7,True,Engineering
TMS004089,COR04042,BSCK,NDJ,NER,weld_failure,A,2025-12-12,2025-09-17,86,visual_patrol,4.6,True,Engineering
TMS004090,COR00555,MGWN,MIH,NR,alignment_deviation,C,2024-03-14,2023-03-08,372,visual_patrol,4.1,True,Engineering
TMS004091,COR02826,VAPI,UVD,WR,rail_wear,C,2025-02-05,2025-01-22,14,USFD_ultrasonic_flaw_detection,1.2,True,Engineering
TMS004092,COR01847,KZX,GSB,NR,sleeper_defect,B,2024-02-28,2024-02-18,10,USFD_ultrasonic_flaw_detection,1.8,True,Engineering
TMS004093,COR01134,GTP,KRTL,NER,rail_wear,C,2024-09-09,2024-09-08,1,manual_gauge_check,4.3,True,Engineering
TMS004094,COR00171,GRRG,KZA,NER,alignment_deviation,C,2024-09-02,2024-07-29,35,USFD_ultrasonic_flaw_detection,3.3,True,Engineering
TMS004095,COR00183,CAI,KUMB,ECR,rail_wear,C,2025-05-08,2024-10-11,209,USFD_ultrasonic_flaw_detection,2.5,True,Engineering
TMS004096,COR02823,SJN,BLD,WR,ballast_deficiency,C,2025-06-21,2025-04-21,61,visual_patrol,1.7,True,Engineering
TMS004097,COR01812,KNL,BGD,NWR,ballast_deficiency,C,2024-05-11,2024-05-04,7,USFD_ultrasonic_flaw_detection,0.8,True,Engineering
TMS004098,COR00076,KWI,BMN,NWR,rail_wear,C,2025-11-07,2025-10-23,15,visual_patrol,3.7,True,Engineering
TMS004099,COR00421,HYB,LKPL,SCR,weld_failure,A,2024-03-01,2024-02-27,3,USFD_ultrasonic_flaw_detection,3.2,True,Engineering
TMS004100,COR02111,SVNR,YLG,SWR,formation_defect,B,2024-05-07,2024-02-21,76,USFD_ultrasonic_flaw_detection,1.9,True,Engineering
TMS004101,COR00115,DOZ,AII,NWR,alignment_deviation,C,2025-06-26,2025-06-18,8,visual_patrol,4.2,True,Engineering
TMS004102,COR00696,PLG,KLV,WR,ballast_deficiency,C,2024-01-06,2023-12-25,12,USFD_ultrasonic_flaw_detection,1.7,True,Engineering
TMS004103,COR00219,MJG,CTHR,WCR,ballast_deficiency,C,2024-05-31,2024-05-28,3,visual_patrol,1.1,True,Engineering
TMS004104,COR01893,MABD,TAA,SCR,points_crossing_wear,B,2025-06-30,2025-06-26,4,track_recording_car,3.7,True,Engineering
TMS004105,COR01330,NANA,KVJ,NWR,points_crossing_wear,B,2024-05-20,2024-05-20,0,visual_patrol,4.8,True,Engineering
TMS004106,COR07283,BPG,BPB,NFR,sleeper_defect,B,2025-07-26,2025-07-17,9,manual_gauge_check,1.7,True,Engineering
TMS004107,COR01879,YP,TNGM,SCR,sleeper_defect,B,2024-09-24,2024-09-20,4,manual_gauge_check,3.5,True,Engineering
TMS004108,COR00865,DAB,BSX,SCR,sleeper_defect,B,2024-08-23,2024-06-03,81,track_recording_car,1.7,True,Engineering
TMS004109,COR02995,TUA,KTU,SR,rail_wear,C,2024-02-12,2024-01-31,12,USFD_ultrasonic_flaw_detection,3.5,True,Engineering
TMS004110,COR00636,KTMA,HRV,SECR,alignment_deviation,C,2025-12-22,2025-04-27,239,manual_gauge_check,1.0,True,Engineering
TMS004111,COR04636,KQK,KLAD,SR,sleeper_defect,B,2024-10-05,2024-09-25,10,track_recording_car,1.6,False,Engineering
TMS004112,COR01965,SWNR,LPNR,NR,sleeper_defect,B,2025-08-12,2025-07-22,21,manual_gauge_check,3.0,True,Engineering
TMS004113,COR01344,CTT,KRJD,NWR,alignment_deviation,C,2025-05-05,2024-04-15,385,manual_gauge_check,1.8,True,Engineering
TMS004114,COR04394,SMLT,KGMR,NR,rail_fracture,A,2024-12-17,2024-11-29,18,USFD_ultrasonic_flaw_detection,5.5,True,Engineering
TMS004115,COR05687,MXY,DXN,ECR,alignment_deviation,A,2024-10-27,2024-10-27,0,manual_gauge_check,4.4,True,Engineering
TMS004116,COR05403,TKA,NEW,NCR,sleeper_defect,B,2025-04-30,2025-01-13,107,manual_gauge_check,5.5,True,Engineering
TMS004117,COR05612,RUI,SNTD,SER,points_crossing_wear,B,2024-03-10,2024-02-25,14,track_recording_car,2.8,False,Engineering
TMS004118,COR02828,PAD,ATUL,WR,sleeper_defect,B,2024-09-10,2024-08-28,13,visual_patrol,0.9,True,Engineering
TMS004119,COR02582,KAWR,HAA,KR,ballast_deficiency,C,2025-04-05,2024-06-04,305,manual_gauge_check,1.1,True,Engineering
TMS004120,COR01472,TTLA,KKET,NFR,sleeper_defect,B,2024-05-27,2024-03-02,86,manual_gauge_check,3.7,True,Engineering
TMS004121,COR04949,RAJP,VBW,KR,alignment_deviation,C,2025-01-10,2024-10-21,81,manual_gauge_check,1.4,True,Engineering
TMS004122,COR03482,KHOH,BIP,NCR,weld_failure,A,2024-04-12,2024-04-03,9,track_recording_car,2.4,False,Engineering
TMS004123,COR04374,MNM,SUX,SR,alignment_deviation,C,2025-12-24,2025-12-01,23,track_recording_car,1.7,False,Engineering
TMS004124,COR00691,GVD,DRD,WR,points_crossing_wear,B,2024-01-23,2024-01-08,15,USFD_ultrasonic_flaw_detection,1.2,True,Engineering
TMS004125,COR04849,BBY,SAC,NCR,ballast_deficiency,C,2024-11-08,2024-09-19,50,visual_patrol,0.8,True,Engineering
TMS004126,COR00139,MJNL,BWL,NWR,sleeper_defect,B,2024-02-22,2024-02-19,3,track_recording_car,2.2,True,Engineering
TMS004127,COR01936,SCO,UPR,SCR,rail_wear,C,2024-06-14,2024-03-23,83,visual_patrol,3.6,True,Engineering
TMS004128,COR01484,HJI,DHRY,NFR,alignment_deviation,C,2024-09-21,2024-02-07,227,manual_gauge_check,4.4,True,Engineering
TMS004129,COR04087,SLGE,AHD,SWR,weld_failure,A,2025-12-07,2025-11-22,15,visual_patrol,2.8,True,Engineering
TMS004130,COR05252,TTW,CRN,SECR,rail_wear,C,2025-04-17,2024-05-01,351,manual_gauge_check,4.4,False,Engineering
TMS004131,COR06988,RXL,MSDH,ECR,ballast_deficiency,C,2025-12-18,2025-08-19,121,visual_patrol,5.9,True,Engineering
TMS004132,COR00492,PGL,BIF,WCR,formation_defect,B,2025-04-15,2025-01-26,79,visual_patrol,2.3,True,Engineering
TMS004133,COR00015,ALB,WTJ,WR,formation_defect,B,2024-09-20,2024-06-11,101,visual_patrol,5.6,True,Engineering
TMS004134,COR06655,BJE,SNTD,SER,rail_fracture,A,2025-02-22,2025-02-19,3,track_recording_car,5.2,True,Engineering
TMS004135,COR00514,LMA,RLR,NWR,alignment_deviation,A,2025-08-12,2019-06-30,2235,manual_gauge_check,4.5,True,Engineering
TMS004136,COR01898,YGL,CLE,SCR,ballast_deficiency,C,2024-07-01,2024-06-22,9,manual_gauge_check,3.0,True,Engineering
TMS004137,COR02903,PASA,DAVM,SR,rail_fracture,A,2025-05-13,2025-05-10,3,manual_gauge_check,2.7,True,Engineering
TMS004138,COR06228,DJA,MXR,NFR,ballast_deficiency,C,2024-11-15,2024-11-04,11,visual_patrol,0.9,True,Engineering
TMS004139,COR08033,VDV,VVD,WR,points_crossing_wear,B,2024-10-06,2024-09-23,13,manual_gauge_check,1.2,True,Engineering
TMS004140,COR04709,RWL,VRH,NR,sleeper_defect,B,2025-10-31,2025-05-13,171,visual_patrol,1.6,True,Engineering
TMS004141,COR01719,BNSP,MKP,WCR,rail_wear,C,2024-02-03,2023-12-05,60,track_recording_car,1.5,False,Engineering
TMS004142,COR00805,PLC,MBT,NWR,rail_fracture,A,2024-04-05,2020-08-16,1328,manual_gauge_check,1.4,True,Engineering
TMS004143,COR00214,PNHI,MKP,NCR,alignment_deviation,C,2024-11-26,2024-11-14,12,visual_patrol,0.5,True,Engineering
TMS004144,COR03074,CLT,VLL,SR,ballast_deficiency,C,2025-08-01,2025-05-25,68,visual_patrol,2.3,True,Engineering
TMS004145,COR06434,BAJ,SNA,WR,points_crossing_wear,B,2025-01-09,2025-01-09,0,USFD_ultrasonic_flaw_detection,0.9,False,Engineering
TMS004146,COR02394,WKR,WKRC,WR,rail_wear,C,2025-01-22,2025-01-15,7,track_recording_car,2.9,True,Engineering
TMS004147,COR06266,IDM,BSWA,NR,formation_defect,B,2024-05-16,2024-05-05,11,USFD_ultrasonic_flaw_detection,2.2,True,Engineering
TMS004148,COR00044,KLRD,CDK,WR,alignment_deviation,C,2025-01-07,2023-10-30,435,manual_gauge_check,1.4,False,Engineering
TMS004149,COR00138,AIA,MJNL,NWR,sleeper_defect,B,2024-04-04,2024-02-11,53,visual_patrol,1.6,False,Engineering
TMS004150,COR02826,VAPI,UVD,WR,alignment_deviation,C,2025-11-02,2025-10-20,13,visual_patrol,5.6,True,Engineering
TMS004151,COR02838,MRL,SCH,WR,alignment_deviation,C,2025-01-27,2025-01-26,1,USFD_ultrasonic_flaw_detection,2.3,True,Engineering
TMS004152,COR01673,SXF,PPI,WCR,sleeper_defect,B,2025-12-12,2025-09-30,73,manual_gauge_check,0.9,True,Engineering
TMS004153,COR02134,BDU,J,SCR,points_crossing_wear,B,2025-04-10,2025-04-05,5,manual_gauge_check,2.0,False,Engineering
TMS004154,COR04606,HSA,MDT,NFR,ballast_deficiency,C,2025-03-09,2024-12-20,79,track_recording_car,1.1,False,Engineering
TMS004155,COR01847,KZX,GSB,NR,weld_failure,A,2024-06-01,2024-05-22,10,manual_gauge_check,4.9,True,Engineering
TMS004156,COR01523,BY,CHG,CR,ballast_deficiency,C,2025-04-05,2025-02-15,49,visual_patrol,4.2,True,Engineering
TMS004157,COR07924,BADK,AIH,NR,weld_failure,A,2024-03-15,2024-03-01,14,USFD_ultrasonic_flaw_detection,3.4,True,Engineering
TMS004158,COR04908,CGKP,PANP,SWR,points_crossing_wear,B,2024-11-05,2024-10-22,14,USFD_ultrasonic_flaw_detection,4.7,False,Engineering
TMS004159,COR03975,JHBN,SALE,ER,alignment_deviation,C,2025-06-11,2025-05-30,12,visual_patrol,4.6,True,Engineering
TMS004160,COR00035,MOL,DXR,WR,rail_fracture,A,2024-12-03,2024-12-03,0,manual_gauge_check,5.5,True,Engineering
TMS004161,COR02673,DTW,BRZ,NR,ballast_deficiency,C,2024-12-14,2024-12-14,0,manual_gauge_check,3.5,True,Engineering
TMS004162,COR03698,PBA,VSU,SER,rail_wear,C,2024-08-14,2015-07-24,3309,visual_patrol,4.0,True,Engineering
TMS004163,COR03262,DY,BXN,WCR,alignment_deviation,C,2024-04-18,2024-04-13,5,track_recording_car,6.0,True,Engineering
TMS004164,COR03767,PBE,DYU,NER,points_crossing_wear,B,2024-06-13,2024-02-05,129,manual_gauge_check,5.3,False,Engineering
TMS004165,COR06845,BNQL,MNZ,NR,alignment_deviation,C,2024-06-01,2024-05-29,3,track_recording_car,4.5,True,Engineering
TMS004166,COR02414,KMBL,VQD,WR,ballast_deficiency,C,2025-09-28,2025-09-20,8,USFD_ultrasonic_flaw_detection,3.6,True,Engineering
TMS004167,COR02824,BLD,KEB,WR,formation_defect,B,2025-02-02,2025-01-28,5,visual_patrol,3.7,True,Engineering
TMS004168,COR00742,KER,CKYD,NER,alignment_deviation,C,2025-12-04,2025-11-21,13,visual_patrol,4.4,False,Engineering
TMS004169,COR04172,HMI,DUI,NR,sleeper_defect,B,2025-10-08,2024-10-20,353,visual_patrol,0.6,False,Engineering
TMS004170,COR02993,TA,TIR,SR,alignment_deviation,C,2025-11-22,2024-11-05,382,track_recording_car,2.1,True,Engineering
TMS004171,COR01077,UGR,KUD,SWR,rail_fracture,A,2024-11-26,2023-11-13,379,visual_patrol,5.4,True,Engineering
TMS004172,COR04939,KMAH,SVX,KR,rail_fracture,A,2025-07-19,2016-04-17,3380,manual_gauge_check,2.6,True,Engineering
TMS004173,COR00671,BHET,SCH,WR,weld_failure,A,2025-01-06,2024-04-04,277,USFD_ultrasonic_flaw_detection,2.3,True,Engineering
TMS004174,COR02302,BMHR,MOZ,NR,rail_fracture,A,2024-11-15,2024-11-08,7,manual_gauge_check,0.7,True,Engineering
TMS004175,COR01080,RBG,CKR,SWR,alignment_deviation,C,2025-06-11,2025-05-27,15,USFD_ultrasonic_flaw_detection,3.6,False,Engineering
TMS004176,COR00459,UMRI,SLGH,SCR,ballast_deficiency,C,2025-09-19,2025-09-07,12,visual_patrol,2.5,False,Engineering
TMS004177,COR01840,SCPD,DRE,NR,weld_failure,A,2024-09-02,2024-07-31,33,USFD_ultrasonic_flaw_detection,1.8,True,Engineering
TMS004178,COR02109,KJG,KVS,SWR,ballast_deficiency,C,2024-12-13,2024-12-02,11,USFD_ultrasonic_flaw_detection,3.1,True,Engineering
TMS004179,COR04135,PGI,VLI,SR,rail_wear,C,2025-06-10,2025-01-02,159,visual_patrol,5.2,True,Engineering
TMS004180,COR03551,YEAM,PDR,NER,rail_fracture,A,2024-05-16,2024-05-16,0,track_recording_car,4.1,True,Engineering
TMS004181,COR01035,KKET,TTLA,NFR,ballast_deficiency,C,2025-10-19,2025-10-16,3,visual_patrol,1.9,True,Engineering
TMS004182,COR04108,LHM,PUL,NR,ballast_deficiency,C,2025-03-17,2024-12-24,83,manual_gauge_check,4.6,False,Engineering
TMS004183,COR05006,SGM,AYN,SR,formation_defect,B,2024-09-20,2024-09-05,15,USFD_ultrasonic_flaw_detection,4.1,True,Engineering
TMS004184,COR00207,MFX,LOG,NCR,rail_wear,A,2025-06-05,2025-05-29,7,visual_patrol,4.6,True,Engineering
TMS004185,COR00618,KMT,PNDP,SCR,rail_fracture,C,2025-09-27,2025-09-12,15,track_recording_car,4.0,True,Engineering
TMS004186,COR06232,SGF,BWB,NWR,rail_wear,C,2025-09-22,2025-09-15,7,visual_patrol,2.0,True,Engineering
TMS004187,COR04234,BSJ,FAN,NWR,sleeper_defect,B,2025-01-05,2024-12-28,8,USFD_ultrasonic_flaw_detection,2.4,True,Engineering
TMS004188,COR00341,DEO,LMP,NER,alignment_deviation,C,2024-04-12,2024-04-10,2,manual_gauge_check,2.1,True,Engineering
TMS004189,COR08250,MTJL,MIAL,NCR,ballast_deficiency,C,2025-12-29,2025-12-17,12,track_recording_car,3.2,True,Engineering
TMS004190,COR05201,MDL,LMA,NWR,ballast_deficiency,C,2025-04-18,2025-02-25,52,visual_patrol,4.3,True,Engineering
TMS004191,COR02828,PAD,ATUL,WR,points_crossing_wear,B,2025-04-02,2025-03-24,9,track_recording_car,0.8,True,Engineering
TMS004192,COR03765,BJV,SSC,NER,alignment_deviation,C,2024-12-14,2024-09-22,83,visual_patrol,4.0,True,Engineering
TMS004193,COR08002,BTD,SAPR,WR,rail_wear,C,2025-12-30,2025-12-17,13,track_recording_car,4.0,True,Engineering
TMS004194,COR01192,RMP,KRG,CR,alignment_deviation,C,2025-06-16,2025-06-14,2,manual_gauge_check,3.6,True,Engineering
TMS004195,COR00710,DIC,BVI,WR,sleeper_defect,B,2024-11-29,2023-11-11,384,USFD_ultrasonic_flaw_detection,2.1,True,Engineering
TMS004196,COR07396,BDHP,KPKI,NR,points_crossing_wear,B,2025-03-24,2025-03-14,10,visual_patrol,5.7,True,Engineering
TMS004197,COR03043,PGR,MPLM,SR,weld_failure,A,2025-08-07,2025-07-23,15,USFD_ultrasonic_flaw_detection,2.7,True,Engineering
TMS004198,COR05891,NRI,SK,NWR,points_crossing_wear,B,2025-11-26,2025-11-11,15,USFD_ultrasonic_flaw_detection,1.0,True,Engineering
TMS004199,COR03013,GVL,KVM,SCR,ballast_deficiency,C,2025-07-17,2025-07-16,1,track_recording_car,1.2,True,Engineering
TMS004200,COR00289,NPNR,CDI,CR,ballast_deficiency,C,2025-09-02,2025-08-20,13,visual_patrol,1.5,True,Engineering
TMS004201,COR02173,VEI,KRR,SR,points_crossing_wear,B,2025-08-01,2025-04-11,112,track_recording_car,2.9,True,Engineering
TMS004202,COR04442,DPL,LKN,ECR,rail_wear,C,2025-10-08,2025-09-30,8,manual_gauge_check,3.3,True,Engineering
TMS004203,COR00655,CKR,RBG,SWR,ballast_deficiency,C,2025-12-09,2025-04-12,241,USFD_ultrasonic_flaw_detection,2.7,True,Engineering
TMS004204,COR03275,AHD,SLGE,SWR,points_crossing_wear,B,2024-12-19,2024-12-18,1,visual_patrol,1.2,True,Engineering
TMS004205,COR04107,BCU,LHM,NR,weld_failure,A,2024-07-29,2023-12-20,222,track_recording_car,1.8,True,Engineering
TMS004206,COR01886,PNDP,KMT,SCR,sleeper_defect,B,2024-08-05,2024-07-22,14,visual_patrol,4.5,True,Engineering
TMS004207,COR01714,KTHA,CTHR,WCR,alignment_deviation,C,2024-02-19,2023-06-08,256,visual_patrol,0.9,True,Engineering
TMS004208,COR03165,AZ,MBB,ER,sleeper_defect,A,2024-03-17,2024-03-02,15,USFD_ultrasonic_flaw_detection,4.3,True,Engineering
TMS004209,COR02338,JLR,CKE,WR,rail_wear,C,2025-09-02,2024-08-12,386,visual_patrol,5.1,False,Engineering
TMS004210,COR01724,BRG,MJHR,NCR,alignment_deviation,C,2025-04-30,2025-03-11,50,visual_patrol,5.1,False,Engineering
TMS004211,COR00277,HD,PAL,WCR,weld_failure,A,2025-01-12,2025-01-05,7,visual_patrol,3.3,True,Engineering
TMS004212,COR04427,BCRD,BXY,CR,alignment_deviation,C,2025-01-31,2025-01-25,6,manual_gauge_check,5.2,True,Engineering
TMS004213,COR03889,ASE,ROHN,NR,rail_wear,C,2025-05-16,2025-05-04,12,visual_patrol,4.5,True,Engineering
TMS004214,COR02770,SKF,KAT,NR,weld_failure,B,2025-10-30,2025-10-23,7,USFD_ultrasonic_flaw_detection,5.0,True,Engineering
TMS004215,COR01038,PNB,TKC,NFR,alignment_deviation,C,2024-07-06,2024-03-01,127,track_recording_car,1.0,True,Engineering
TMS004216,COR03085,NAU,MUKE,SR,points_crossing_wear,B,2024-04-19,2024-03-04,46,track_recording_car,2.7,False,Engineering
TMS004217,COR05904,BMGA,PCR,ER,ballast_deficiency,C,2025-08-20,2025-08-19,1,visual_patrol,4.0,True,Engineering
TMS004218,COR01724,BRG,MJHR,NCR,rail_wear,C,2024-07-24,2024-07-12,12,visual_patrol,4.4,True,Engineering
TMS004219,COR07985,PHM,PLH,ECoR,sleeper_defect,B,2025-12-30,2025-12-16,14,manual_gauge_check,0.8,True,Engineering
TMS004220,COR05797,CID,RAMP,SECR,weld_failure,A,2025-12-05,2025-10-25,41,track_recording_car,4.6,False,Engineering
TMS004221,COR03048,TY,SRT,SR,points_crossing_wear,B,2025-09-01,2025-08-27,5,visual_patrol,4.6,True,Engineering
TMS004222,COR02070,DBS,HHL,SWR,formation_defect,B,2025-04-30,2025-04-29,1,visual_patrol,1.5,True,Engineering
TMS004223,COR02892,KHA,SGBJ,WCR,points_crossing_wear,B,2025-12-21,2025-12-12,9,USFD_ultrasonic_flaw_detection,5.9,False,Engineering
TMS004224,COR00039,BLRD,LTR,WR,formation_defect,B,2024-08-05,2024-08-02,3,manual_gauge_check,2.7,True,Engineering
TMS004225,COR02113,KALS,GDI,SWR,ballast_deficiency,A,2024-03-18,2024-03-09,9,visual_patrol,3.2,True,Engineering
TMS004226,COR04097,ABS,BFE,NR,rail_wear,C,2024-03-05,2024-02-23,11,track_recording_car,2.4,True,Engineering
TMS004227,COR00270,DKI,BPF,WCR,sleeper_defect,B,2024-06-07,2024-06-02,5,visual_patrol,2.5,False,Engineering
TMS004228,COR03651,GUK,OTR,SCR,ballast_deficiency,C,2024-07-18,2024-07-05,13,visual_patrol,4.2,True,Engineering
TMS004229,COR02677,HMQ,TUN,NR,alignment_deviation,C,2024-12-31,2024-06-03,211,manual_gauge_check,3.5,True,Engineering
TMS004230,COR02960,VDGN,UKH,SCR,weld_failure,A,2024-11-03,2024-10-21,13,USFD_ultrasonic_flaw_detection,1.4,True,Engineering
TMS004231,COR01343,JTY,CTT,NWR,alignment_deviation,C,2024-11-24,2024-11-13,11,visual_patrol,4.3,False,Engineering
TMS004232,COR00873,SCP,UPW,SCR,alignment_deviation,C,2025-12-01,2025-11-20,11,visual_patrol,3.5,False,Engineering
TMS004233,COR02152,MLHS,MTMY,SR,sleeper_defect,B,2024-01-27,2023-05-02,270,track_recording_car,2.4,True,Engineering
TMS004234,COR00047,KLL,CTRL,WR,points_crossing_wear,B,2025-11-27,2025-09-01,87,manual_gauge_check,3.2,True,Engineering
TMS004235,COR06943,PKDE,SWDE,NR,ballast_deficiency,C,2025-06-28,2025-04-16,73,manual_gauge_check,4.5,False,Engineering
TMS004236,COR01694,DOE,GSPR,WCR,alignment_deviation,C,2024-09-05,2024-08-26,10,manual_gauge_check,1.8,True,Engineering
TMS004237,COR01925,VDGN,GNH,SCR,alignment_deviation,C,2025-08-14,2025-07-30,15,manual_gauge_check,1.3,True,Engineering
TMS004238,COR06195,SZH,PSK,SECR,sleeper_defect,B,2024-12-19,2024-12-17,2,visual_patrol,1.7,True,Engineering
TMS004239,COR02691,KZH,KHV,NR,formation_defect,B,2024-11-26,2023-03-31,606,manual_gauge_check,1.1,True,Engineering
TMS004240,COR01393,TRB,MCJ,SR,formation_defect,B,2024-01-28,2024-01-15,13,USFD_ultrasonic_flaw_detection,5.3,True,Engineering
TMS004241,COR01878,GNN,YP,SCR,points_crossing_wear,B,2025-04-06,2024-05-01,340,visual_patrol,5.8,True,Engineering
TMS004242,COR02810,NSP,VR,WR,alignment_deviation,C,2024-04-05,2024-01-09,87,USFD_ultrasonic_flaw_detection,2.1,False,Engineering
TMS004243,COR00773,PTRD,IHP,NR,sleeper_defect,B,2025-06-20,2025-06-09,11,USFD_ultrasonic_flaw_detection,2.1,True,Engineering
TMS004244,COR03578,BUTA,MDN,SER,ballast_deficiency,C,2024-09-07,2024-09-04,3,visual_patrol,4.0,True,Engineering
TMS004245,COR06760,HA,KITN,NER,ballast_deficiency,C,2024-03-07,2024-01-02,65,manual_gauge_check,1.8,True,Engineering
TMS004246,COR00640,ITKY,TGB,SER,sleeper_defect,B,2025-03-25,2025-03-18,7,USFD_ultrasonic_flaw_detection,0.9,True,Engineering
TMS004247,COR01094,GNJ,LD,SWR,sleeper_defect,B,2025-09-27,2025-05-22,128,visual_patrol,3.5,True,Engineering
TMS004248,COR02394,WKR,WKRC,WR,ballast_deficiency,C,2024-08-14,2023-08-14,366,visual_patrol,1.5,True,Engineering
TMS004249,COR03086,MUKE,MAHE,SR,rail_fracture,C,2024-12-25,2024-12-16,9,track_recording_car,2.9,True,Engineering
TMS004250,COR02696,KRZ,ISM,NR,ballast_deficiency,C,2024-08-17,2024-05-20,89,visual_patrol,5.6,True,Engineering
TMS004251,COR00463,MGC,PARD,SCR,formation_defect,B,2024-07-11,2024-07-07,4,USFD_ultrasonic_flaw_detection,1.9,False,Engineering
TMS004252,COR00214,PNHI,MKP,NCR,rail_wear,C,2024-07-18,2024-07-07,11,manual_gauge_check,2.5,False,Engineering
TMS004253,COR01357,UMN,KYSD,WR,rail_wear,C,2024-06-09,2024-05-28,12,USFD_ultrasonic_flaw_detection,4.5,True,Engineering
TMS004254,COR01763,KNDP,PDZ,WCR,rail_fracture,A,2025-10-10,2025-09-30,10,USFD_ultrasonic_flaw_detection,4.1,True,Engineering
TMS004255,COR04371,TVN,TPC,SR,alignment_deviation,C,2024-09-10,2024-08-28,13,visual_patrol,5.6,True,Engineering
TMS004256,COR02820,GVD,BRRD,WR,alignment_deviation,C,2025-02-25,2024-05-13,288,visual_patrol,3.2,True,Engineering
TMS004257,COR02262,TMS,GBRI,SECR,alignment_deviation,C,2024-02-26,2014-03-10,3640,track_recording_car,2.1,False,Engineering
TMS004258,COR03299,MZU,PCV,SWR,sleeper_defect,B,2025-12-03,2025-12-03,0,visual_patrol,5.6,True,Engineering
TMS004259,COR03853,BDT,CGF,NFR,formation_defect,B,2025-06-13,2025-05-30,14,visual_patrol,2.1,True,Engineering
TMS004260,COR01510,MRJ,JSP,CR,ballast_deficiency,B,2024-03-10,2024-03-07,3,USFD_ultrasonic_flaw_detection,2.3,True,Engineering
TMS004261,COR04909,PANP,S,SWR,rail_wear,C,2025-10-14,2025-10-06,8,visual_patrol,1.0,False,Engineering
TMS004262,COR04456,DDM,NMZ,NFR,alignment_deviation,C,2024-01-08,2023-12-30,9,USFD_ultrasonic_flaw_detection,4.4,True,Engineering
TMS004263,COR03650,PSLP,GUK,SCR,alignment_deviation,C,2025-09-25,2025-07-28,59,USFD_ultrasonic_flaw_detection,1.3,True,Engineering
TMS004264,COR05177,MDE,THA,ECR,rail_wear,B,2024-12-23,2024-12-04,19,visual_patrol,1.5,True,Engineering
TMS004265,COR02895,DGN,MWA,CR,sleeper_defect,A,2025-02-01,2025-01-22,10,USFD_ultrasonic_flaw_detection,3.5,True,Engineering
TMS004266,COR04734,DNN,PMQ,NR,ballast_deficiency,C,2024-08-17,2024-08-07,10,USFD_ultrasonic_flaw_detection,5.3,True,Engineering
TMS004267,COR00548,VAPM,CQL,SR,ballast_deficiency,C,2024-03-27,2024-02-01,55,visual_patrol,1.1,True,Engineering
TMS004268,COR05179,JHDC,JHD,ECR,sleeper_defect,B,2025-06-27,2025-06-16,11,visual_patrol,2.7,True,Engineering
TMS004269,COR05998,OSRA,FTD,WR,ballast_deficiency,C,2024-05-06,2024-02-14,82,USFD_ultrasonic_flaw_detection,1.4,True,Engineering
TMS004270,COR01876,KI,CVV,SCR,formation_defect,B,2024-12-24,2024-12-13,11,USFD_ultrasonic_flaw_detection,3.0,True,Engineering
TMS004271,COR05875,KKP,GZS,NR,alignment_deviation,C,2025-10-16,2025-08-21,56,track_recording_car,2.9,False,Engineering
TMS004272,COR00473,BAU,AGQ,CR,rail_wear,C,2024-01-27,2024-01-25,2,USFD_ultrasonic_flaw_detection,5.5,True,Engineering
TMS004273,COR02448,SHBL,NBKH,ER,ballast_deficiency,C,2025-04-28,2025-04-17,11,USFD_ultrasonic_flaw_detection,0.8,True,Engineering
TMS004274,COR01184,KOV,TKR,CR,weld_failure,A,2025-04-23,2025-04-22,1,track_recording_car,5.6,True,Engineering
TMS004275,COR00868,NVT,JKM,SCR,sleeper_defect,C,2024-03-29,2024-03-26,3,visual_patrol,2.5,True,Engineering
TMS004276,COR01894,TAA,KDM,SCR,ballast_deficiency,C,2025-11-10,2025-08-30,72,track_recording_car,0.7,True,Engineering
TMS004277,COR04769,KEJ,KANO,NR,ballast_deficiency,C,2025-08-24,2024-08-15,374,visual_patrol,3.9,True,Engineering
TMS004278,COR05208,PDV,PML,SR,points_crossing_wear,B,2024-11-13,2024-01-31,287,USFD_ultrasonic_flaw_detection,2.2,True,Engineering
TMS004279,COR01895,KDM,INK,SCR,ballast_deficiency,C,2024-02-11,2023-02-26,350,manual_gauge_check,1.7,True,Engineering
TMS004280,COR00702,CKNA,GGH,ECR,ballast_deficiency,C,2024-11-07,2024-11-02,5,visual_patrol,4.7,False,Engineering
TMS004281,COR00289,NPNR,CDI,CR,rail_fracture,A,2024-10-30,2024-10-28,2,manual_gauge_check,4.2,True,Engineering
TMS004282,COR03162,KAU,DHNA,NFR,alignment_deviation,C,2025-02-15,2024-12-09,68,track_recording_car,4.2,True,Engineering
TMS004283,COR00152,GGN,BWSN,NR,rail_fracture,A,2024-01-19,2023-10-25,86,visual_patrol,5.9,False,Engineering
TMS004284,COR02694,ROK,ABO,NR,alignment_deviation,C,2024-11-19,2024-11-14,5,visual_patrol,0.6,True,Engineering
TMS004285,COR00369,TJD,KMDR,NER,sleeper_defect,B,2024-08-03,2024-07-20,14,visual_patrol,5.0,False,Engineering
TMS004286,COR02288,TGT,CLR,SWR,weld_failure,A,2024-08-16,2024-08-13,3,manual_gauge_check,1.8,True,Engineering
TMS004287,COR01214,PNF,KRPR,SCR,points_crossing_wear,B,2024-02-25,2024-02-14,11,visual_patrol,1.9,True,Engineering
TMS004288,COR01785,RRB,SPV,SWR,rail_wear,C,2024-12-23,2024-12-19,4,visual_patrol,1.1,True,Engineering
TMS004289,COR02834,AML,ACL,WR,sleeper_defect,B,2024-12-29,2023-12-05,390,manual_gauge_check,4.9,True,Engineering
TMS004290,COR06387,SDC,HDK,NER,sleeper_defect,B,2025-10-25,2025-07-29,88,USFD_ultrasonic_flaw_detection,4.8,True,Engineering
TMS004291,COR05685,NUQ,WDM,ECR,formation_defect,B,2025-03-10,2025-02-10,28,visual_patrol,2.0,True,Engineering
TMS004292,COR06397,KFK,KWH,NER,weld_failure,A,2024-03-30,2024-01-17,73,manual_gauge_check,2.3,True,Engineering
TMS004293,COR01012,DSR,DLDE,NFR,weld_failure,A,2025-11-29,2025-11-18,11,track_recording_car,4.6,True,Engineering
TMS004294,COR05672,GJN,KLYT,NWR,sleeper_defect,B,2024-09-20,2024-07-19,63,visual_patrol,4.2,True,Engineering
TMS004295,COR05401,MRPR,RNRD,NCR,alignment_deviation,C,2024-02-15,2023-11-20,87,visual_patrol,3.3,True,Engineering
TMS004296,COR00480,CAER,BRUD,WCR,points_crossing_wear,B,2024-09-09,2024-06-29,72,USFD_ultrasonic_flaw_detection,5.6,True,Engineering
TMS004297,COR01352,UJA,BHU,WR,ballast_deficiency,C,2024-10-15,2024-09-30,15,track_recording_car,1.2,True,Engineering
TMS004298,COR04931,VEER,SAPE,KR,rail_wear,A,2024-07-13,2024-07-10,3,visual_patrol,2.1,True,Engineering
TMS004299,COR01556,WTR,PLV,CR,weld_failure,A,2024-06-05,2024-03-26,71,manual_gauge_check,1.6,True,Engineering
TMS004300,COR00446,KMC,UPW,SCR,formation_defect,B,2025-11-14,2025-08-17,89,visual_patrol,5.6,False,Engineering
TMS004301,COR03029,SEQ,BNN,NR,alignment_deviation,C,2025-02-15,2025-02-04,11,manual_gauge_check,3.3,True,Engineering
TMS004302,COR05696,LUSA,SKGH,NCR,formation_defect,B,2025-03-25,2025-03-25,0,visual_patrol,0.9,True,Engineering
TMS004303,COR00693,VGN,BOR,WR,rail_fracture,A,2025-05-15,2025-04-02,43,USFD_ultrasonic_flaw_detection,1.1,True,Engineering
TMS004304,COR00535,KQK,BFR,SR,sleeper_defect,B,2024-05-08,2024-04-25,13,USFD_ultrasonic_flaw_detection,5.5,True,Engineering
TMS004305,COR01200,LNN,NIRA,CR,rail_wear,C,2025-08-17,2025-08-14,3,USFD_ultrasonic_flaw_detection,2.1,True,Engineering
TMS004306,COR07066,SBLT,OCH,NWR,formation_defect,B,2025-08-11,2025-08-07,4,visual_patrol,3.8,True,Engineering
TMS004307,COR00247,BRGT,BHTN,WCR,sleeper_defect,B,2025-02-16,2024-08-29,171,USFD_ultrasonic_flaw_detection,1.9,True,Engineering
TMS004308,COR06869,SUNM,HGJ,NR,rail_fracture,A,2025-03-25,2025-03-12,13,USFD_ultrasonic_flaw_detection,1.7,True,Engineering
TMS004309,COR00677,AML,BIM,WR,sleeper_defect,B,2024-04-19,2024-03-08,42,USFD_ultrasonic_flaw_detection,3.8,True,Engineering
TMS004310,COR01317,AUWA,BGG,NWR,rail_wear,C,2024-07-23,2024-07-17,6,visual_patrol,2.3,False,Engineering
TMS004311,COR06385,JI,RTR,NER,alignment_deviation,C,2024-10-13,2024-10-01,12,USFD_ultrasonic_flaw_detection,0.6,True,Engineering
TMS004312,COR00480,CAER,BRUD,WCR,rail_fracture,A,2025-06-25,2025-04-06,80,manual_gauge_check,4.6,True,Engineering
TMS004313,COR05202,SSR,RPI,NWR,rail_wear,B,2025-07-30,2025-07-23,7,USFD_ultrasonic_flaw_detection,5.5,True,Engineering
TMS004314,COR00877,THPR,BKU,SCR,alignment_deviation,C,2024-01-23,2023-12-28,26,track_recording_car,4.8,True,Engineering
TMS004315,COR01857,CHKB,BHRL,NR,ballast_deficiency,C,2025-02-10,2025-02-01,9,visual_patrol,1.3,False,Engineering
TMS004316,COR03251,NMD,NNW,WCR,alignment_deviation,C,2025-10-16,2024-10-08,373,USFD_ultrasonic_flaw_detection,1.3,False,Engineering
TMS004317,COR01527,TR,RGO,SCR,formation_defect,B,2025-10-18,2025-08-09,70,visual_patrol,4.9,True,Engineering
TMS004318,COR00159,DBSI,DEE,NR,sleeper_defect,C,2024-11-26,2024-11-24,2,manual_gauge_check,5.1,False,Engineering
TMS004319,COR02231,KHLL,BID,SWR,formation_defect,B,2024-03-06,2023-12-14,83,visual_patrol,6.0,True,Engineering
TMS004320,COR01625,DRU,BLKR,SWR,alignment_deviation,C,2024-02-20,2024-02-09,11,manual_gauge_check,1.7,True,Engineering
TMS004321,COR04217,BHKL,DN,NR,points_crossing_wear,B,2024-10-24,2024-05-28,149,visual_patrol,5.7,True,Engineering
TMS004322,COR00682,ATUL,PAD,WR,points_crossing_wear,B,2024-07-21,2024-07-13,8,USFD_ultrasonic_flaw_detection,1.6,True,Engineering
TMS004323,COR05548,KJLU,BJO,NR,ballast_deficiency,C,2024-06-30,2024-06-18,12,visual_patrol,0.7,True,Engineering
TMS004324,COR00625,TNGM,YP,SCR,formation_defect,B,2025-10-30,2025-10-20,10,USFD_ultrasonic_flaw_detection,3.4,True,Engineering
TMS004325,COR02457,LKX,MTFA,ER,ballast_deficiency,C,2024-12-04,2024-12-01,3,manual_gauge_check,1.3,True,Engineering
TMS004326,COR00695,UOI,PLG,WR,weld_failure,A,2024-09-19,2024-07-24,57,visual_patrol,2.1,True,Engineering
TMS004327,COR03509,SVGA,NTS,SR,points_crossing_wear,B,2025-01-11,2024-02-05,341,visual_patrol,4.0,True,Engineering
TMS004328,COR01759,FSP,DNHK,WCR,ballast_deficiency,C,2024-02-28,2024-02-27,1,USFD_ultrasonic_flaw_detection,4.0,True,Engineering
TMS004329,COR00619,PNDP,CKN,SCR,rail_wear,C,2025-09-05,2025-08-23,13,manual_gauge_check,1.8,True,Engineering
TMS004330,COR01646,HHL,DBS,SWR,formation_defect,B,2025-07-11,2025-07-01,10,visual_patrol,3.2,True,Engineering
TMS004331,COR05211,SWI,DSM,SR,sleeper_defect,B,2024-07-11,2024-07-10,1,visual_patrol,4.8,True,Engineering
TMS004332,COR05284,SJPM,NTW,SWR,alignment_deviation,C,2025-05-27,2016-05-19,3295,visual_patrol,1.6,True,Engineering
TMS004333,COR04599,GLPT,PNVT,NFR,sleeper_defect,B,2024-04-28,2024-04-28,0,visual_patrol,2.2,True,Engineering
TMS004334,COR05428,KHNM,BHDR,NR,formation_defect,B,2024-07-09,2023-10-25,258,visual_patrol,5.6,True,Engineering
TMS004335,COR00619,PNDP,CKN,SCR,rail_wear,C,2024-10-09,2024-09-27,12,visual_patrol,2.6,True,Engineering
TMS004336,COR00759,DEE,DBSI,NR,weld_failure,A,2024-07-13,2024-01-25,170,visual_patrol,0.9,True,Engineering
TMS004337,COR01956,KRTN,NRVR,NR,points_crossing_wear,B,2024-02-17,2024-02-09,8,visual_patrol,1.1,True,Engineering
TMS004338,COR02810,NSP,VR,WR,rail_fracture,C,2025-02-26,2025-02-16,10,track_recording_car,4.9,True,Engineering
TMS004339,COR01641,GBB,MLSA,SWR,alignment_deviation,C,2024-03-30,2024-03-19,11,USFD_ultrasonic_flaw_detection,2.9,True,Engineering
TMS004340,COR01018,LMG,PKB,NFR,ballast_deficiency,C,2025-06-23,2025-06-18,5,track_recording_car,2.6,False,Engineering
TMS004341,COR00212,KTDD,DBR,NCR,sleeper_defect,B,2025-08-18,2025-08-09,9,visual_patrol,1.6,False,Engineering
TMS004342,COR01901,MRF,KOHR,SCR,ballast_deficiency,C,2025-04-27,2025-02-23,63,visual_patrol,2.4,True,Engineering
TMS004343,COR03882,DBSI,SSB,NR,alignment_deviation,C,2025-12-11,2025-09-23,79,track_recording_car,4.7,True,Engineering
TMS004344,COR07692,MOTA,BGQ,NCR,ballast_deficiency,C,2025-09-01,2024-09-07,359,manual_gauge_check,1.1,True,Engineering
TMS004345,COR02718,DEO,PD,NER,ballast_deficiency,C,2024-04-05,2024-04-02,3,visual_patrol,1.4,True,Engineering
TMS004346,COR00557,PRI,IKK,NR,alignment_deviation,C,2025-03-02,2020-08-24,1651,USFD_ultrasonic_flaw_detection,0.9,True,Engineering
TMS004347,COR00691,GVD,DRD,WR,weld_failure,A,2024-04-04,2023-08-22,226,USFD_ultrasonic_flaw_detection,5.6,True,Engineering
TMS004348,COR01760,DNHK,HAN,WCR,ballast_deficiency,C,2025-07-09,2025-07-08,1,visual_patrol,4.6,True,Engineering
TMS004349,COR00949,PUC,ALP,SR,rail_wear,C,2025-02-16,2024-11-29,79,manual_gauge_check,1.0,True,Engineering
TMS004350,COR00318,JOC,ADRA,SER,formation_defect,A,2024-08-06,2024-05-25,73,USFD_ultrasonic_flaw_detection,5.2,True,Engineering
TMS004351,COR02406,ALB,HAPA,WR,alignment_deviation,A,2024-11-21,2024-11-14,7,USFD_ultrasonic_flaw_detection,2.6,False,Engineering
TMS004352,COR01862,BDHY,CHNR,NR,rail_fracture,A,2024-10-24,2024-08-29,56,manual_gauge_check,4.8,True,Engineering
TMS004353,COR03845,LPTA,SPK,NFR,alignment_deviation,C,2024-03-17,2023-07-22,239,visual_patrol,5.3,True,Engineering
TMS004354,COR04209,HGJ,SUNM,NCR,ballast_deficiency,C,2024-05-05,2024-04-11,24,visual_patrol,6.0,True,Engineering
TMS004355,COR01201,NIRA,WLH,CR,sleeper_defect,B,2024-05-09,2024-05-05,4,visual_patrol,5.1,True,Engineering
TMS004356,COR05569,STA,TZR,WCR,rail_wear,C,2025-03-08,2025-03-06,2,manual_gauge_check,1.9,True,Engineering
TMS004357,COR02392,DL,LXR,WR,rail_wear,C,2025-09-20,2025-09-10,10,visual_patrol,2.0,True,Engineering
TMS004358,COR01720,MKP,PNHI,NCR,weld_failure,A,2024-09-20,2024-09-07,13,visual_patrol,4.7,True,Engineering
TMS004359,COR06484,KCV,BTQ,SER,alignment_deviation,C,2025-03-16,2025-02-27,17,visual_patrol,2.3,True,Engineering
TMS004360,COR00314,MDKD,MDF,SER,formation_defect,B,2024-04-16,2015-11-14,3076,manual_gauge_check,4.0,True,Engineering
TMS004361,COR01875,RYP,KI,SCR,rail_wear,C,2025-05-23,2025-05-23,0,USFD_ultrasonic_flaw_detection,5.2,True,Engineering
TMS004362,COR02157,KTBR,INDR,SR,sleeper_defect,B,2025-01-19,2024-11-07,73,visual_patrol,3.6,True,Engineering
TMS004363,COR00760,DBSI,PTNR,NR,rail_fracture,A,2025-10-16,2025-08-26,51,visual_patrol,2.2,True,Engineering
TMS004364,COR00818,URR,BMW,SECR,alignment_deviation,C,2024-09-11,2024-06-27,76,USFD_ultrasonic_flaw_detection,3.8,True,Engineering
TMS004365,COR03337,PALR,PYV,SR,points_crossing_wear,B,2024-09-04,2024-07-04,62,visual_patrol,4.9,True,Engineering
TMS004366,COR04539,HRNR,CKDL,NR,ballast_deficiency,C,2025-04-30,2025-04-24,6,visual_patrol,5.5,True,Engineering
TMS004367,COR01471,DGU,TTLA,NFR,sleeper_defect,B,2025-09-27,2025-09-27,0,visual_patrol,3.6,True,Engineering
TMS004368,COR04465,HOJ,KCF,NFR,rail_wear,B,2025-05-29,2025-05-25,4,visual_patrol,2.0,True,Engineering
TMS004369,COR01719,BNSP,MKP,WCR,points_crossing_wear,B,2024-10-21,2024-10-16,5,visual_patrol,5.7,True,Engineering
TMS004370,COR02838,MRL,SCH,WR,alignment_deviation,C,2024-06-30,2024-04-27,64,track_recording_car,3.3,False,Engineering
TMS004371,COR02952,PAU,MQL,SCR,points_crossing_wear,B,2025-02-07,2025-01-16,22,USFD_ultrasonic_flaw_detection,1.6,True,Engineering
TMS004372,COR00530,UAA,KMQ,SR,formation_defect,B,2025-09-09,2024-12-22,261,visual_patrol,3.5,True,Engineering
TMS004373,COR05340,KTKH,ATR,WR,ballast_deficiency,C,2025-05-12,2025-04-30,12,USFD_ultrasonic_flaw_detection,2.4,True,Engineering
TMS004374,COR03837,NMT,MZA,NFR,ballast_deficiency,C,2024-05-06,2023-07-01,310,USFD_ultrasonic_flaw_detection,4.3,True,Engineering
TMS004375,COR06728,MLW,GJMB,NR,ballast_deficiency,C,2025-10-30,2025-08-12,79,track_recording_car,1.5,True,Engineering
TMS004376,COR03232,KJV,LAT,WR,ballast_deficiency,C,2025-11-23,2025-11-20,3,manual_gauge_check,4.5,True,Engineering
TMS004377,COR00933,BNC,BNCE,SWR,rail_fracture,A,2024-04-24,2023-09-13,224,visual_patrol,3.3,True,Engineering
TMS004378,COR03840,SLGR,MUGN,NFR,ballast_deficiency,C,2024-12-03,2016-05-25,3114,manual_gauge_check,1.2,False,Engineering
TMS004379,COR04511,ANGR,WDL,SWR,ballast_deficiency,C,2025-08-11,2025-07-26,16,visual_patrol,4.3,True,Engineering
TMS004380,COR02680,DTN,DHY,NR,sleeper_defect,B,2025-02-08,2024-12-26,44,visual_patrol,4.8,True,Engineering
TMS004381,COR02068,MDLL,NDV,SWR,ballast_deficiency,C,2025-03-08,2025-03-05,3,manual_gauge_check,4.8,True,Engineering
TMS004382,COR02822,UBR,SJN,WR,weld_failure,A,2024-09-02,2024-08-31,2,track_recording_car,0.8,True,Engineering
TMS004383,COR01474,BRHU,JID,NFR,sleeper_defect,B,2025-02-18,2025-02-10,8,manual_gauge_check,2.0,True,Engineering
TMS004384,COR04330,SGNR,BWC,NWR,ballast_deficiency,C,2024-05-22,2024-05-16,6,manual_gauge_check,1.2,True,Engineering
TMS004385,COR00613,GUU,GLA,SCR,rail_fracture,A,2025-12-21,2025-12-11,10,manual_gauge_check,3.1,False,Engineering
TMS004386,COR04161,MJS,ULL,SR,alignment_deviation,C,2024-09-11,2024-08-13,29,USFD_ultrasonic_flaw_detection,5.9,False,Engineering
TMS004387,COR02776,RNA,DBD,NR,sleeper_defect,B,2024-05-06,2024-05-01,5,visual_patrol,5.9,True,Engineering
TMS004388,COR06477,DWDI,RPV,NER,points_crossing_wear,B,2024-01-07,2023-10-17,82,USFD_ultrasonic_flaw_detection,5.0,True,Engineering
TMS004389,COR00237,SBD,DDCE,WCR,weld_failure,A,2024-11-04,2023-11-01,369,visual_patrol,3.8,True,Engineering
TMS004390,COR04298,DLR,PPH,NER,ballast_deficiency,B,2024-08-24,2024-06-13,72,USFD_ultrasonic_flaw_detection,1.0,True,Engineering
TMS004391,COR01940,RNE,KODI,SCR,formation_defect,B,2025-01-10,2025-01-01,9,visual_patrol,0.7,False,Engineering
TMS004392,COR05390,KID,MTH,NCR,rail_fracture,A,2024-11-25,2024-11-14,11,track_recording_car,3.3,True,Engineering
TMS004393,COR00692,DRD,VGN,WR,ballast_deficiency,C,2024-01-29,2023-11-09,81,track_recording_car,5.0,True,Engineering
TMS004394,COR04129,PUM,PEU,SR,points_crossing_wear,B,2025-07-01,2025-05-29,33,visual_patrol,3.1,False,Engineering
TMS004395,COR04230,COR,GSD,WR,rail_wear,C,2025-04-20,2025-03-07,44,visual_patrol,2.5,True,Engineering
TMS004396,COR00294,RV,NB,CR,rail_wear,C,2025-04-01,2025-03-31,1,track_recording_car,2.6,True,Engineering
TMS004397,COR05518,SGV,NBPH,ER,weld_failure,A,2024-08-26,2024-07-14,43,visual_patrol,3.7,False,Engineering
TMS004398,COR03906,GSO,NRW,NR,formation_defect,B,2024-12-06,2017-03-20,2818,visual_patrol,1.7,True,Engineering
TMS004399,COR02191,IDJ,DUR,SWR,alignment_deviation,C,2024-08-23,2024-08-22,1,USFD_ultrasonic_flaw_detection,3.9,False,Engineering
TMS004400,COR00036,DXR,CJR,WR,rail_wear,C,2024-01-29,2023-12-17,43,USFD_ultrasonic_flaw_detection,5.0,True,Engineering
TMS004401,COR05291,BDGP,CMNR,SWR,rail_wear,C,2024-05-12,2023-05-23,355,visual_patrol,1.3,True,Engineering
TMS004402,COR00651,PRKH,GKK,SWR,ballast_deficiency,C,2025-03-17,2025-03-08,9,USFD_ultrasonic_flaw_detection,5.6,True,Engineering
TMS004403,COR01649,MDLL,DBL,SWR,alignment_deviation,C,2024-05-17,2024-03-20,58,USFD_ultrasonic_flaw_detection,3.8,True,Engineering
TMS004404,COR05512,PCX,PLY,ER,sleeper_defect,B,2024-05-12,2024-05-09,3,visual_patrol,3.0,True,Engineering
TMS004405,COR05604,BSKH,CNPI,ER,alignment_deviation,C,2024-08-27,2024-08-27,0,visual_patrol,5.9,True,Engineering
TMS004406,COR05986,KQL,KZI,NR,points_crossing_wear,B,2025-07-06,2025-04-28,69,manual_gauge_check,5.7,True,Engineering
TMS004407,COR01123,KJC,SRN,NER,sleeper_defect,B,2025-04-02,2025-03-31,2,visual_patrol,6.0,True,Engineering
TMS004408,COR01360,GUS,JUL,WR,rail_fracture,A,2025-01-13,2025-01-11,2,manual_gauge_check,4.2,True,Engineering
TMS004409,COR04540,CKDL,CHNR,NR,ballast_deficiency,C,2025-02-07,2025-02-04,3,USFD_ultrasonic_flaw_detection,4.9,True,Engineering
TMS004410,COR02838,MRL,SCH,WR,ballast_deficiency,C,2024-09-20,2024-09-13,7,manual_gauge_check,0.9,False,Engineering
TMS004411,COR01606,DAD,RNR,SWR,formation_defect,C,2024-09-17,2024-09-15,2,track_recording_car,2.0,True,Engineering
TMS004412,COR01341,SZA,IQG,NWR,ballast_deficiency,C,2024-02-08,2024-01-30,9,visual_patrol,4.4,True,Engineering
TMS004413,COR01644,TK,KIAT,SWR,formation_defect,B,2025-07-02,2025-05-10,53,manual_gauge_check,2.4,True,Engineering
TMS004414,COR00071,SZA,SIM,NWR,rail_wear,C,2025-02-09,2024-12-19,52,USFD_ultrasonic_flaw_detection,2.2,True,Engineering
TMS004415,COR00267,SQL,GRO,WCR,ballast_deficiency,B,2024-04-01,2024-03-06,26,manual_gauge_check,1.1,True,Engineering
TMS004416,COR00342,LMP,KITN,NER,alignment_deviation,C,2024-03-02,2023-12-30,63,USFD_ultrasonic_flaw_detection,1.1,True,Engineering
TMS004417,COR02864,HBS,KUG,SWR,ballast_deficiency,C,2024-03-13,2023-05-03,315,track_recording_car,1.9,True,Engineering
TMS004418,COR03582,SHK,KSC,ECR,sleeper_defect,B,2024-07-12,2023-09-27,289,manual_gauge_check,5.1,True,Engineering
TMS004419,COR00150,GHH,BDXT,NR,rail_wear,C,2024-05-04,2024-03-18,47,USFD_ultrasonic_flaw_detection,2.7,True,Engineering
TMS004420,COR01656,JWP,IKK,NR,rail_wear,C,2024-10-11,2024-10-02,9,visual_patrol,2.8,True,Engineering
TMS004421,COR06520,PKK,BFE,NR,points_crossing_wear,B,2024-03-27,2024-03-18,9,manual_gauge_check,3.5,True,Engineering
TMS004422,COR05575,ROK,GHNA,NR,weld_failure,A,2024-10-05,2024-05-02,156,manual_gauge_check,4.3,True,Engineering
TMS004423,COR02212,SZ,HWT,NWR,alignment_deviation,C,2024-11-28,2024-11-14,14,manual_gauge_check,1.0,False,Engineering
TMS004424,COR05891,NRI,SK,NWR,ballast_deficiency,C,2024-01-21,2023-05-19,247,manual_gauge_check,3.7,True,Engineering
TMS004425,COR01547,ABLE,RJW,CR,alignment_deviation,C,2025-08-16,2025-01-17,211,visual_patrol,4.6,True,Engineering
TMS004426,COR04923,KASU,NGTN,CR,points_crossing_wear,B,2024-09-06,2024-06-21,77,USFD_ultrasonic_flaw_detection,4.2,True,Engineering
TMS004427,COR02148,MPKT,MCPT,SR,alignment_deviation,C,2025-04-08,2025-04-02,6,USFD_ultrasonic_flaw_detection,2.3,True,Engineering
TMS004428,COR00517,GBP,BJNR,NWR,weld_failure,C,2024-05-09,2024-04-26,13,manual_gauge_check,3.6,True,Engineering
TMS004429,COR01892,GUU,MABD,SCR,sleeper_defect,B,2025-12-09,2025-08-11,120,USFD_ultrasonic_flaw_detection,3.7,True,Engineering
TMS004430,COR05559,PMH,AJL,NR,ballast_deficiency,C,2024-04-25,2024-04-19,6,USFD_ultrasonic_flaw_detection,5.3,True,Engineering
TMS004431,COR06133,NGA,LTD,WR,rail_fracture,A,2024-11-22,2024-11-08,14,USFD_ultrasonic_flaw_detection,0.6,True,Engineering
TMS004432,COR03250,MLZ,NMD,WCR,alignment_deviation,C,2025-10-29,2024-10-01,393,track_recording_car,5.9,True,Engineering
TMS004433,COR03297,KMLM,RYC,SWR,alignment_deviation,C,2024-04-23,2024-04-08,15,visual_patrol,2.5,True,Engineering
TMS004434,COR04941,AVRD,SGR,KR,rail_wear,B,2024-01-19,2014-07-18,3472,track_recording_car,2.5,False,Engineering
TMS004435,COR00972,CGF,BDT,NFR,ballast_deficiency,C,2024-11-24,2024-09-01,84,USFD_ultrasonic_flaw_detection,2.3,True,Engineering
TMS004436,COR08123,SVV,TTQ,SR,ballast_deficiency,C,2024-10-02,2023-09-26,372,visual_patrol,4.5,True,Engineering
TMS004437,COR03255,COO,PDZ,WCR,sleeper_defect,B,2024-08-03,2024-05-27,68,visual_patrol,2.4,True,Engineering
TMS004438,COR00657,CNC,KUD,SWR,alignment_deviation,C,2024-08-08,2024-07-29,10,track_recording_car,4.3,True,Engineering
TMS004439,COR06135,BTD,KDI,WR,sleeper_defect,B,2025-05-01,2025-03-28,34,visual_patrol,2.3,True,Engineering
TMS004440,COR02741,KZT,PYD,SR,weld_failure,A,2024-06-10,2024-04-21,50,track_recording_car,4.0,True,Engineering
TMS004441,COR01763,KNDP,PDZ,WCR,ballast_deficiency,C,2024-02-01,2023-11-08,85,track_recording_car,1.5,True,Engineering
TMS004442,COR03571,VSU,PBA,SER,ballast_deficiency,C,2024-07-20,2024-05-29,52,track_recording_car,0.8,False,Engineering
TMS004443,COR02884,VVB,DSA,NR,sleeper_defect,B,2025-05-22,2025-05-07,15,manual_gauge_check,3.1,True,Engineering
TMS004444,COR00487,PAL,HD,WCR,sleeper_defect,B,2025-08-23,2025-08-21,2,visual_patrol,1.6,True,Engineering
TMS004445,COR02821,BRRD,UBR,WR,rail_fracture,A,2024-12-17,2024-12-12,5,USFD_ultrasonic_flaw_detection,2.4,True,Engineering
TMS004446,COR02896,NCJ,NJT,SR,ballast_deficiency,C,2025-10-01,2025-09-16,15,USFD_ultrasonic_flaw_detection,1.6,True,Engineering
TMS004447,COR00173,PNYA,VKNR,NER,points_crossing_wear,B,2025-08-16,2025-06-22,55,visual_patrol,1.6,True,Engineering
TMS004448,COR01303,PPF,BER,NWR,ballast_deficiency,C,2024-10-12,2024-09-04,38,USFD_ultrasonic_flaw_detection,1.0,True,Engineering
TMS004449,COR03718,BDME,SSNR,ER,formation_defect,B,2024-04-30,2023-12-01,151,USFD_ultrasonic_flaw_detection,1.5,True,Engineering
TMS004450,COR01858,BHRL,SJNP,NR,ballast_deficiency,C,2024-06-08,2017-04-04,2622,USFD_ultrasonic_flaw_detection,6.0,False,Engineering
TMS004451,COR01015,NLN,LCT,NFR,rail_wear,C,2025-10-31,2025-10-29,2,visual_patrol,5.0,True,Engineering
TMS004452,COR02781,KNPL,VMM,SR,rail_wear,C,2025-01-29,2017-03-23,2869,manual_gauge_check,4.2,True,Engineering
TMS004453,COR00945,VMP,CDM,SR,ballast_deficiency,C,2025-07-25,2025-07-19,6,track_recording_car,4.5,True,Engineering
TMS004454,COR05070,CKW,DBRT,NFR,alignment_deviation,C,2025-05-27,2024-05-30,362,visual_patrol,1.8,True,Engineering
TMS004455,COR00850,DOD,JAO,WR,formation_defect,B,2024-01-10,2024-01-03,7,manual_gauge_check,4.5,False,Engineering
TMS004456,COR02135,J,SVD,SCR,weld_failure,A,2024-07-28,2017-01-08,2758,manual_gauge_check,2.7,True,Engineering
TMS004457,COR06523,KLWL,PJK,NR,ballast_deficiency,C,2024-10-11,2024-10-07,4,manual_gauge_check,4.1,True,Engineering
TMS004458,COR04314,MV,MY,SR,points_crossing_wear,B,2025-12-25,2025-12-11,14,USFD_ultrasonic_flaw_detection,5.4,True,Engineering
TMS004459,COR05315,MWF,OBR,ECR,points_crossing_wear,B,2024-06-24,2024-02-14,131,manual_gauge_check,5.8,True,Engineering
TMS004460,COR02311,MTC,PRTP,NR,sleeper_defect,B,2024-02-23,2024-02-21,2,visual_patrol,2.9,True,Engineering
TMS004461,COR05007,AYN,BAL,SR,ballast_deficiency,C,2024-11-17,2024-09-14,64,visual_patrol,4.6,True,Engineering
TMS004462,COR01366,SHRD,KHD,WR,ballast_deficiency,C,2024-10-19,2024-10-19,0,visual_patrol,0.9,False,Engineering
TMS004463,COR02068,MDLL,NDV,SWR,weld_failure,C,2024-09-12,2024-07-23,51,track_recording_car,1.9,True,Engineering
TMS004464,COR06084,BF,LFG,NFR,sleeper_defect,B,2025-09-27,2025-01-30,240,visual_patrol,4.9,True,Engineering
TMS004465,COR00259,SCKR,JHT,WCR,ballast_deficiency,C,2024-02-01,2024-01-30,2,manual_gauge_check,4.5,True,Engineering
TMS004466,COR01679,BNE,KFY,WCR,sleeper_defect,B,2025-05-03,2024-10-12,203,visual_patrol,0.8,True,Engineering
TMS004467,COR00233,PTWA,KTE,WCR,formation_defect,B,2025-04-06,2025-03-10,27,visual_patrol,5.7,True,Engineering
TMS004468,COR08528,MZHL,BRGW,WCR,rail_fracture,A,2024-08-06,2024-05-26,72,USFD_ultrasonic_flaw_detection,1.8,True,Engineering
TMS004469,COR04644,BIJR,BYNR,KR,formation_defect,A,2025-08-02,2025-07-24,9,visual_patrol,1.4,True,Engineering
TMS004470,COR07422,DMGN,DBRG,NFR,points_crossing_wear,B,2024-01-16,2023-06-06,224,manual_gauge_check,2.8,True,Engineering
TMS004471,COR01702,PTWA,JKE,WCR,ballast_deficiency,C,2024-02-24,2024-02-12,12,visual_patrol,4.1,False,Engineering
TMS004472,COR07332,ZNP,VZPH,NER,ballast_deficiency,C,2025-04-27,2025-03-07,51,visual_patrol,5.1,True,Engineering
TMS004473,COR00119,GEK,KSG,NWR,alignment_deviation,C,2024-11-19,2024-11-17,2,track_recording_car,5.6,True,Engineering
TMS004474,COR02810,NSP,VR,WR,ballast_deficiency,C,2024-02-29,2023-05-06,299,manual_gauge_check,1.3,True,Engineering
TMS004475,COR04405,MGRP,HRDR,NR,alignment_deviation,C,2025-05-11,2025-04-26,15,USFD_ultrasonic_flaw_detection,2.8,True,Engineering
TMS004476,COR00976,BTZ,NAM,NFR,points_crossing_wear,B,2025-04-28,2025-04-18,10,visual_patrol,5.1,True,Engineering
TMS004477,COR01342,IQG,JTY,NWR,alignment_deviation,C,2025-11-09,2025-11-01,8,track_recording_car,3.3,True,Engineering
TMS004478,COR04403,BRHL,NGRS,NR,alignment_deviation,C,2025-06-14,2025-06-11,3,visual_patrol,4.8,True,Engineering
TMS004479,COR00416,BPN,HRSR,ER,points_crossing_wear,B,2025-01-12,2025-01-11,1,manual_gauge_check,0.6,True,Engineering
TMS004480,COR02268,NDW,TEA,ECR,alignment_deviation,C,2025-07-24,2025-04-03,112,visual_patrol,3.2,True,Engineering
TMS004481,COR04953,SNDD,KUDL,KR,ballast_deficiency,B,2024-11-02,2024-10-06,27,manual_gauge_check,2.0,True,Engineering
TMS004482,COR07218,CBG,LSG,NWR,ballast_deficiency,C,2025-06-26,2025-06-26,0,USFD_ultrasonic_flaw_detection,4.3,True,Engineering
TMS004483,COR00232,JKE,PTWA,WCR,alignment_deviation,C,2024-06-30,2024-04-22,69,USFD_ultrasonic_flaw_detection,1.9,True,Engineering
TMS004484,COR08148,SJM,KIY,NR,rail_fracture,A,2024-10-28,2024-10-25,3,visual_patrol,5.5,True,Engineering
TMS004485,COR07333,VZPH,NOH,NER,formation_defect,C,2025-07-01,2025-06-18,13,visual_patrol,2.0,True,Engineering
TMS004486,COR02815,PLG,UOI,WR,ballast_deficiency,C,2025-02-04,2024-11-21,75,USFD_ultrasonic_flaw_detection,1.1,True,Engineering
TMS004487,COR00931,BNC,SBC,SWR,alignment_deviation,C,2025-05-21,2025-05-21,0,USFD_ultrasonic_flaw_detection,0.9,True,Engineering
TMS004488,COR02051,TER,PCP,CR,alignment_deviation,C,2024-01-06,2023-12-21,16,manual_gauge_check,5.5,True,Engineering
TMS004489,COR00627,GNN,CVV,SCR,ballast_deficiency,C,2025-06-26,2025-06-23,3,USFD_ultrasonic_flaw_detection,5.6,True,Engineering
TMS004490,COR00170,SBZ,GRRG,NER,sleeper_defect,B,2024-06-30,2024-06-25,5,USFD_ultrasonic_flaw_detection,1.8,True,Engineering
TMS004491,COR00420,LKPL,HYB,SCR,ballast_deficiency,C,2024-04-23,2024-03-19,35,visual_patrol,3.0,True,Engineering
TMS004492,COR01668,GRO,SQL,WCR,sleeper_defect,B,2024-10-14,2024-09-30,14,track_recording_car,0.8,True,Engineering
TMS004493,COR02814,KLV,PLG,WR,ballast_deficiency,C,2024-10-20,2024-10-12,8,track_recording_car,4.0,True,Engineering
TMS004494,COR02831,DGI,JRS,WR,alignment_deviation,C,2024-06-29,2024-06-27,2,track_recording_car,1.4,True,Engineering
TMS004495,COR04540,CKDL,CHNR,NR,weld_failure,A,2025-07-26,2025-07-26,0,USFD_ultrasonic_flaw_detection,1.3,True,Engineering
TMS004496,COR03267,BIQ,DXK,NCR,alignment_deviation,C,2024-02-18,2023-08-25,177,track_recording_car,2.7,True,Engineering
TMS004497,COR00227,UHR,MYR,WCR,rail_wear,C,2024-11-21,2024-10-23,29,visual_patrol,2.9,True,Engineering
TMS004498,COR00255,KY,KFY,WCR,alignment_deviation,C,2025-07-08,2025-05-09,60,manual_gauge_check,5.6,True,Engineering
TMS004499,COR01710,STA,SAGM,WCR,rail_wear,C,2025-06-09,2025-05-28,12,USFD_ultrasonic_flaw_detection,5.6,True,Engineering
TMS004500,COR02981,VEK,QLD,SR,ballast_deficiency,C,2025-01-31,2025-01-31,0,USFD_ultrasonic_flaw_detection,0.6,True,Engineering
TMS004501,COR04549,CKKN,BNGL,NR,sleeper_defect,B,2025-05-24,2024-05-12,377,manual_gauge_check,5.0,True,Engineering
TMS004502,COR00687,BLD,SJN,WR,rail_wear,C,2025-10-17,2025-09-25,22,visual_patrol,2.6,True,Engineering
TMS004503,COR02383,BLRD,SUNR,WR,rail_wear,C,2024-01-28,2024-01-21,7,track_recording_car,2.0,True,Engineering
TMS004504,COR03765,BJV,SSC,NER,ballast_deficiency,C,2024-02-09,2024-01-25,15,visual_patrol,3.6,True,Engineering
TMS004505,COR00870,NZB,DHP,SCR,sleeper_defect,B,2025-09-17,2025-09-03,14,manual_gauge_check,4.0,False,Engineering
TMS004506,COR04133,TIR,TA,SR,alignment_deviation,B,2025-11-01,2025-10-17,15,USFD_ultrasonic_flaw_detection,0.6,True,Engineering
TMS004507,COR01875,RYP,KI,SCR,sleeper_defect,B,2024-11-24,2024-11-23,1,manual_gauge_check,4.9,False,Engineering
TMS004508,COR00422,LKPL,KQD,SCR,formation_defect,B,2024-12-02,2024-11-17,15,visual_patrol,1.7,True,Engineering
TMS004509,COR04320,TRM,KMU,SR,points_crossing_wear,B,2024-06-12,2024-05-31,12,USFD_ultrasonic_flaw_detection,3.3,True,Engineering
TMS004510,COR01935,SELU,SCO,SCR,ballast_deficiency,C,2025-07-03,2025-06-29,4,visual_patrol,2.3,True,Engineering
TMS004511,COR00215,MKP,BNSP,NCR,ballast_deficiency,C,2025-03-24,2025-03-22,2,USFD_ultrasonic_flaw_detection,3.1,True,Engineering
TMS004512,COR04319,TDR,TRM,SR,rail_fracture,A,2025-06-27,2025-06-24,3,USFD_ultrasonic_flaw_detection,1.0,True,Engineering
TMS004513,COR04135,PGI,VLI,SR,alignment_deviation,C,2025-05-19,2025-05-19,0,visual_patrol,5.6,False,Engineering
TMS004514,COR04039,ARJ,SYH,NER,sleeper_defect,B,2024-08-09,2024-06-27,43,manual_gauge_check,1.3,True,Engineering
TMS004515,COR02997,PEU,PUM,SR,alignment_deviation,C,2024-09-28,2024-06-30,90,USFD_ultrasonic_flaw_detection,3.3,True,Engineering
TMS004516,COR00691,GVD,DRD,WR,points_crossing_wear,B,2025-09-09,2025-09-03,6,visual_patrol,5.9,True,Engineering
TMS004517,COR00686,KEB,BLD,WR,alignment_deviation,C,2024-07-27,2024-07-24,3,USFD_ultrasonic_flaw_detection,3.9,True,Engineering
TMS004518,COR00272,BIF,PGL,WCR,formation_defect,B,2024-08-15,2024-05-19,88,manual_gauge_check,2.6,True,Engineering
TMS004519,COR00675,VDH,ACL,WR,ballast_deficiency,C,2024-03-27,2024-03-21,6,track_recording_car,5.5,False,Engineering
TMS004520,COR03689,GMDN,GKL,SER,points_crossing_wear,B,2025-07-19,2025-07-06,13,track_recording_car,2.5,True,Engineering
TMS004521,COR02823,SJN,BLD,WR,rail_wear,C,2025-10-30,2025-10-23,7,manual_gauge_check,1.1,True,Engineering
TMS004522,COR02696,KRZ,ISM,NR,sleeper_defect,B,2024-05-11,2024-05-10,1,visual_patrol,2.0,True,Engineering
TMS004523,COR00699,VTN,VR,WR,alignment_deviation,C,2024-04-16,2024-04-09,7,track_recording_car,2.6,True,Engineering
TMS004524,COR01438,DPL,LAK,ECR,points_crossing_wear,B,2024-09-21,2024-09-21,0,visual_patrol,4.8,True,Engineering
TMS004525,COR04860,AAH,BIX,NCR,rail_wear,C,2025-04-23,2025-04-14,9,visual_patrol,3.2,True,Engineering
TMS004526,COR00158,PTNR,DBSI,NR,ballast_deficiency,C,2025-03-12,2025-01-02,69,visual_patrol,3.3,True,Engineering
TMS004527,COR07126,NRPR,GIA,ER,sleeper_defect,B,2024-05-30,2024-03-08,83,visual_patrol,5.4,True,Engineering
TMS004528,COR02069,NDV,DBS,SWR,weld_failure,A,2024-10-28,2024-09-21,37,USFD_ultrasonic_flaw_detection,0.8,True,Engineering
TMS004529,COR01655,HW,JWP,NR,points_crossing_wear,B,2025-07-30,2025-07-30,0,USFD_ultrasonic_flaw_detection,3.9,True,Engineering
TMS004530,COR04773,SBY,SOL,NR,sleeper_defect,B,2025-06-01,2025-05-27,5,USFD_ultrasonic_flaw_detection,0.9,True,Engineering
TMS004531,COR06507,MNHA,BILA,NWR,sleeper_defect,B,2025-11-28,2024-12-14,349,manual_gauge_check,0.8,False,Engineering
TMS004532,COR02161,PRGD,VLCY,SR,rail_fracture,A,2025-07-11,2025-07-06,5,track_recording_car,2.6,True,Engineering
TMS004533,COR00086,BRLY,FA,NWR,points_crossing_wear,B,2025-10-08,2025-09-02,36,visual_patrol,4.2,True,Engineering
TMS004534,COR02036,PVR,BBV,CR,points_crossing_wear,A,2025-06-27,2025-06-26,1,visual_patrol,3.6,True,Engineering
TMS004535,COR02667,MAUR,KTKL,NR,alignment_deviation,C,2025-07-18,2025-07-04,14,USFD_ultrasonic_flaw_detection,5.7,True,Engineering
TMS004536,COR01082,BGWD,GPB,SWR,rail_wear,C,2025-07-06,2025-06-26,10,visual_patrol,4.3,False,Engineering
TMS004537,COR03072,BVRM,BVRT,SCR,sleeper_defect,B,2025-03-08,2025-03-08,0,track_recording_car,4.6,True,Engineering
TMS004538,COR00215,MKP,BNSP,NCR,rail_wear,C,2024-08-15,2024-06-22,54,USFD_ultrasonic_flaw_detection,3.4,True,Engineering
TMS004539,COR00036,DXR,CJR,WR,alignment_deviation,C,2025-12-23,2025-12-13,10,manual_gauge_check,1.8,True,Engineering
TMS004540,COR01851,MEX,BNGL,NR,alignment_deviation,C,2024-03-23,2024-03-14,9,visual_patrol,5.8,True,Engineering
TMS004541,COR06562,HLV,BTGH,SWR,weld_failure,A,2024-10-17,2024-10-15,2,manual_gauge_check,5.9,True,Engineering
TMS004542,COR02149,MCPT,MCPK,SR,ballast_deficiency,C,2024-09-15,2024-09-07,8,visual_patrol,5.1,True,Engineering
TMS004543,COR02640,BIJ,KLNP,ER,sleeper_defect,B,2025-02-22,2025-02-07,15,USFD_ultrasonic_flaw_detection,0.7,True,Engineering
TMS004544,COR00053,DNW,KYSD,WR,rail_wear,C,2024-09-16,2024-07-11,67,manual_gauge_check,4.7,True,Engineering
TMS004545,COR01958,DLPI,BRSQ,NR,sleeper_defect,B,2025-06-07,2025-05-23,15,track_recording_car,5.1,True,Engineering
TMS004546,COR00460,SLGH,SVN,SCR,rail_wear,C,2024-12-08,2024-11-30,8,USFD_ultrasonic_flaw_detection,2.8,True,Engineering
TMS004547,COR02939,VJA,SJL,SCR,points_crossing_wear,B,2025-04-28,2025-04-15,13,USFD_ultrasonic_flaw_detection,0.7,True,Engineering
TMS004548,COR00291,AGQ,BAU,CR,rail_wear,C,2025-03-24,2025-03-19,5,track_recording_car,5.6,True,Engineering
TMS004549,COR03437,BNSA,TPU,NER,points_crossing_wear,B,2025-07-03,2025-05-23,41,track_recording_car,3.8,True,Engineering
TMS004550,COR00547,PPNS,VAPM,SR,formation_defect,B,2024-07-10,2024-05-02,69,USFD_ultrasonic_flaw_detection,5.4,False,Engineering
TMS004551,COR00223,HATI,SAGM,WCR,sleeper_defect,B,2025-07-26,2025-07-25,1,manual_gauge_check,1.6,True,Engineering
TMS004552,COR00259,SCKR,JHT,WCR,ballast_deficiency,C,2025-05-07,2025-05-03,4,visual_patrol,2.5,True,Engineering
TMS004553,COR00121,TL,GLTA,NWR,alignment_deviation,C,2025-02-03,2025-01-25,9,USFD_ultrasonic_flaw_detection,0.7,True,Engineering
TMS004554,COR00252,BELD,GPC,WCR,points_crossing_wear,A,2025-03-16,2025-03-13,3,visual_patrol,5.1,True,Engineering
TMS004555,COR01430,KJZ,BSPR,SECR,ballast_deficiency,C,2024-02-25,2024-02-05,20,visual_patrol,5.4,False,Engineering
TMS004556,COR04988,KRR,VRQ,SR,weld_failure,A,2025-10-28,2025-10-19,9,track_recording_car,4.9,True,Engineering
TMS004557,COR03158,BJY,BMGR,NFR,ballast_deficiency,C,2025-12-03,2025-11-19,14,manual_gauge_check,1.6,True,Engineering
TMS004558,COR06741,AAV,AGCI,WR,ballast_deficiency,C,2025-08-06,2025-07-25,12,manual_gauge_check,0.8,True,Engineering
TMS004559,COR03017,CLU,MTM,SCR,formation_defect,B,2025-05-21,2024-12-21,151,visual_patrol,4.2,True,Engineering
TMS004560,COR03086,MUKE,MAHE,SR,sleeper_defect,B,2024-05-31,2024-05-26,5,manual_gauge_check,6.0,False,Engineering
TMS004561,COR00981,LPTA,BOJ,NFR,ballast_deficiency,C,2024-12-12,2024-11-29,13,visual_patrol,2.9,True,Engineering
TMS004562,COR01634,BNK,RDI,SWR,alignment_deviation,C,2025-11-19,2025-11-04,15,manual_gauge_check,0.9,False,Engineering
TMS004563,COR00056,JDN,SXS,WR,points_crossing_wear,B,2025-07-16,2025-01-08,189,USFD_ultrasonic_flaw_detection,3.2,True,Engineering
TMS004564,COR03086,MUKE,MAHE,SR,points_crossing_wear,B,2024-03-01,2024-01-22,39,visual_patrol,0.9,True,Engineering
TMS004565,COR01432,KLPG,ABKP,SECR,rail_wear,C,2024-08-21,2024-07-15,37,visual_patrol,5.2,True,Engineering
TMS004566,COR06385,JI,RTR,NER,alignment_deviation,C,2025-09-09,2025-09-05,4,manual_gauge_check,3.0,True,Engineering
TMS004567,COR03113,NHF,RRS,NR,ballast_deficiency,C,2025-08-30,2025-07-27,34,track_recording_car,2.4,True,Engineering
TMS004568,COR01881,MDR,MTMI,SCR,rail_wear,C,2025-12-25,2025-11-03,52,visual_patrol,6.0,False,Engineering
TMS004569,COR06394,ALMW,AHM,NER,weld_failure,A,2025-09-27,2025-08-07,51,USFD_ultrasonic_flaw_detection,4.8,True,Engineering
TMS004570,COR04594,AZA,MRZA,NFR,ballast_deficiency,C,2025-02-23,2025-02-23,0,USFD_ultrasonic_flaw_detection,5.4,True,Engineering
TMS004571,COR00250,SRID,KKB,WCR,rail_fracture,A,2024-06-26,2024-05-04,53,USFD_ultrasonic_flaw_detection,1.4,True,Engineering
TMS004572,COR00234,MDRR,NWR,WCR,formation_defect,B,2025-03-09,2025-03-05,4,visual_patrol,2.4,True,Engineering
TMS004573,COR07067,OCH,AQG,NWR,rail_fracture,A,2025-06-12,2025-04-21,52,USFD_ultrasonic_flaw_detection,0.5,True,Engineering
TMS004574,COR02107,BYD,HVR,SWR,points_crossing_wear,C,2024-09-27,2024-08-13,45,track_recording_car,2.4,True,Engineering
TMS004575,COR06811,KHRA,KAWT,NWR,formation_defect,B,2024-09-28,2024-09-22,6,visual_patrol,4.4,True,Engineering
TMS004576,COR00100,BQN,BGX,NWR,alignment_deviation,C,2024-09-02,2024-08-08,25,USFD_ultrasonic_flaw_detection,3.9,True,Engineering
TMS004577,COR01420,BJRI,BRND,SECR,sleeper_defect,B,2024-11-29,2024-10-10,50,USFD_ultrasonic_flaw_detection,4.6,True,Engineering
TMS004578,COR03652,OTR,GDV,SCR,alignment_deviation,C,2024-03-14,2024-03-11,3,visual_patrol,2.2,True,Engineering
TMS004579,COR07176,ALS,SVC,NER,points_crossing_wear,B,2025-07-20,2025-07-05,15,USFD_ultrasonic_flaw_detection,1.7,True,Engineering
TMS004580,COR07149,DBY,MRG,NFR,rail_fracture,A,2025-10-22,2025-10-11,11,track_recording_car,4.0,False,Engineering
TMS004581,COR01708,UHR,LGCE,WCR,ballast_deficiency,C,2025-12-31,2025-12-23,8,track_recording_car,4.7,False,Engineering
TMS004582,COR00472,WGA,BAU,CR,ballast_deficiency,C,2025-09-12,2024-10-03,344,USFD_ultrasonic_flaw_detection,1.9,True,Engineering
TMS004583,COR02153,MTMY,MNDY,SR,formation_defect,B,2025-03-27,2025-02-09,46,USFD_ultrasonic_flaw_detection,3.3,True,Engineering
TMS004584,COR01477,DML,TGE,NFR,alignment_deviation,C,2024-07-18,2024-05-08,71,visual_patrol,4.9,True,Engineering
TMS004585,COR01308,HP,GRI,NWR,ballast_deficiency,C,2025-11-20,2025-08-27,85,visual_patrol,3.3,True,Engineering
TMS004586,COR07227,MJHL,BJ,NR,rail_wear,C,2025-09-11,2025-09-07,4,visual_patrol,2.8,False,Engineering
TMS004587,COR00321,ANR,BGA,SER,points_crossing_wear,B,2025-04-02,2025-03-24,9,manual_gauge_check,3.5,True,Engineering
TMS004588,COR02219,MYS,MNGT,SWR,weld_failure,A,2024-07-28,2024-06-18,40,visual_patrol,4.1,True,Engineering
TMS004589,COR04314,MV,MY,SR,weld_failure,A,2024-12-03,2024-09-15,79,manual_gauge_check,5.3,True,Engineering
TMS004590,COR01865,HRNR,GHGL,NR,weld_failure,A,2024-05-25,2024-05-24,1,visual_patrol,0.6,True,Engineering
TMS004591,COR00159,DBSI,DEE,NR,sleeper_defect,B,2024-12-31,2024-10-04,88,manual_gauge_check,5.0,True,Engineering
TMS004592,COR04156,KALD,KLAD,SR,alignment_deviation,A,2024-11-29,2024-11-25,4,visual_patrol,5.4,True,Engineering
TMS004593,COR03208,HLB,DIBL,WR,sleeper_defect,C,2025-05-22,2025-05-16,6,manual_gauge_check,2.6,True,Engineering
TMS004594,COR00614,GLA,DKJ,SCR,points_crossing_wear,B,2025-12-26,2025-07-03,176,manual_gauge_check,5.8,True,Engineering
TMS004595,COR04922,PEN,KASU,CR,sleeper_defect,B,2024-11-20,2024-11-05,15,visual_patrol,0.9,False,Engineering
TMS004596,COR00593,BUG,AWS,ECR,ballast_deficiency,C,2025-11-03,2025-10-30,4,visual_patrol,2.3,True,Engineering
TMS004597,COR04028,BHTL,VQD,WR,ballast_deficiency,C,2024-04-27,2024-04-19,8,USFD_ultrasonic_flaw_detection,3.6,True,Engineering
TMS004598,COR01363,EN,CTRL,WR,formation_defect,B,2024-06-29,2024-04-25,65,USFD_ultrasonic_flaw_detection,4.2,True,Engineering
TMS004599,COR00030,DL,LMC,WR,points_crossing_wear,B,2025-04-02,2025-01-13,79,manual_gauge_check,0.9,True,Engineering
TMS004600,COR04984,LKMN,RJQ,WR,ballast_deficiency,C,2025-10-24,2025-10-24,0,USFD_ultrasonic_flaw_detection,2.3,True,Engineering
TMS004601,COR02602,SL,TOK,KR,ballast_deficiency,C,2024-07-15,2024-07-15,0,visual_patrol,3.4,True,Engineering
TMS004602,COR08381,MLKH,SDZ,NR,sleeper_defect,B,2025-02-28,2025-02-17,11,USFD_ultrasonic_flaw_detection,5.5,True,Engineering
TMS004603,COR04597,DDNI,KRNI,NFR,alignment_deviation,C,2024-12-06,2024-11-09,27,visual_patrol,2.0,True,Engineering
TMS004604,COR00013,JAM,HAPA,WR,weld_failure,A,2024-12-16,2024-12-05,11,USFD_ultrasonic_flaw_detection,4.3,True,Engineering
TMS004605,COR01854,MRTL,GILA,NR,formation_defect,B,2025-04-13,2024-07-11,276,manual_gauge_check,4.5,True,Engineering
TMS004606,COR02144,DGPP,MVO,SCR,rail_wear,A,2025-06-16,2025-06-03,13,visual_patrol,0.6,True,Engineering
TMS004607,COR03968,SHBA,DHAE,ER,ballast_deficiency,B,2025-12-20,2025-02-14,309,visual_patrol,2.2,True,Engineering
TMS004608,COR00086,BRLY,FA,NWR,sleeper_defect,B,2024-08-13,2023-11-25,262,manual_gauge_check,5.4,True,Engineering
TMS004609,COR04863,RMH,AMPR,NWR,rail_fracture,A,2024-06-17,2023-10-19,242,USFD_ultrasonic_flaw_detection,0.5,True,Engineering
TMS004610,COR02446,JHBN,GGLE,ER,formation_defect,B,2024-03-04,2024-02-27,6,manual_gauge_check,4.9,True,Engineering
TMS004611,COR01616,JRU,HLK,SWR,rail_fracture,A,2025-02-11,2024-12-02,71,visual_patrol,3.8,True,Engineering
TMS004612,COR04941,AVRD,SGR,KR,sleeper_defect,B,2024-05-02,2024-04-29,3,USFD_ultrasonic_flaw_detection,5.1,True,Engineering
TMS004613,COR03570,RSG,VSU,SER,sleeper_defect,B,2025-02-26,2025-02-17,9,USFD_ultrasonic_flaw_detection,3.6,True,Engineering
TMS004614,COR03477,ATE,BUS,NCR,points_crossing_wear,B,2024-06-01,2024-05-30,2,visual_patrol,5.2,True,Engineering
TMS004615,COR00069,JTY,IQG,NWR,formation_defect,B,2025-04-08,2025-03-24,15,manual_gauge_check,3.5,False,Engineering
TMS004616,COR00541,CDRA,TKQ,SR,alignment_deviation,C,2025-02-05,2024-11-14,83,USFD_ultrasonic_flaw_detection,2.9,True,Engineering
TMS004617,COR07756,UA,SPD,WR,rail_wear,C,2024-02-06,2024-01-20,17,USFD_ultrasonic_flaw_detection,2.9,False,Engineering
TMS004618,COR00981,LPTA,BOJ,NFR,alignment_deviation,C,2024-07-18,2024-07-15,3,manual_gauge_check,4.9,True,Engineering
TMS004619,COR02006,KPLR,KGRA,NR,ballast_deficiency,C,2025-01-26,2025-01-16,10,USFD_ultrasonic_flaw_detection,4.5,False,Engineering
TMS004620,COR01116,MCLE,AL,SCR,points_crossing_wear,B,2025-02-19,2025-02-10,9,visual_patrol,3.9,True,Engineering
TMS004621,COR04536,BBMN,VJPJ,NR,alignment_deviation,C,2024-11-29,2024-11-16,13,visual_patrol,2.0,True,Engineering
TMS004622,COR03329,MET,KUP,NR,alignment_deviation,C,2025-10-16,2025-10-03,13,visual_patrol,5.9,True,Engineering
TMS004623,COR00733,SRVX,MAO,KR,rail_wear,C,2025-06-08,2025-06-05,3,track_recording_car,4.4,True,Engineering
TMS004624,COR02819,DRD,GVD,WR,rail_fracture,A,2024-11-07,2024-11-06,1,USFD_ultrasonic_flaw_detection,2.2,True,Engineering
TMS004625,COR00223,HATI,SAGM,WCR,ballast_deficiency,C,2025-09-11,2025-09-08,3,track_recording_car,3.9,False,Engineering
TMS004626,COR02221,NHY,S,SWR,points_crossing_wear,C,2025-09-29,2025-09-04,25,manual_gauge_check,1.4,True,Engineering
TMS004627,COR02535,LHA,GGKR,NR,rail_fracture,A,2025-11-25,2025-09-16,70,visual_patrol,2.8,False,Engineering
TMS004628,COR00247,BRGT,BHTN,WCR,rail_wear,C,2025-10-16,2024-12-10,310,USFD_ultrasonic_flaw_detection,4.5,True,Engineering
TMS004629,COR02146,DAV,PG,SCR,sleeper_defect,B,2024-01-03,2023-11-28,36,USFD_ultrasonic_flaw_detection,5.3,True,Engineering
TMS004630,COR07053,PED,SEY,SECR,ballast_deficiency,C,2024-06-06,2017-02-12,2671,visual_patrol,4.2,True,Engineering
TMS004631,COR03171,KUX,PUX,CR,sleeper_defect,B,2025-12-19,2021-04-03,1721,USFD_ultrasonic_flaw_detection,2.1,True,Engineering
TMS004632,COR00769,GHH,PT,NR,ballast_deficiency,C,2025-02-27,2024-12-07,82,visual_patrol,2.4,True,Engineering
TMS004633,COR01892,GUU,MABD,SCR,alignment_deviation,C,2025-03-05,2024-12-20,75,visual_patrol,5.8,True,Engineering
TMS004634,COR02830,BL,DGI,WR,alignment_deviation,C,2025-01-06,2024-07-07,183,visual_patrol,3.6,True,Engineering
TMS004635,COR00482,DRHI,KKN,WCR,alignment_deviation,C,2024-05-28,2024-05-24,4,USFD_ultrasonic_flaw_detection,4.6,True,Engineering
TMS004636,COR02122,HBG,JBP,WCR,points_crossing_wear,B,2025-03-08,2024-09-14,175,USFD_ultrasonic_flaw_detection,1.8,True,Engineering
TMS004637,COR01650,DBL,BNKH,SWR,sleeper_defect,B,2024-04-03,2024-03-29,5,visual_patrol,4.0,True,Engineering
TMS004638,COR01355,SXS,JDN,WR,alignment_deviation,C,2025-11-19,2025-10-22,28,manual_gauge_check,5.3,True,Engineering
TMS004639,COR02991,VLI,PGI,SR,alignment_deviation,C,2024-06-09,2024-06-02,7,manual_gauge_check,1.6,True,Engineering
TMS004640,COR02303,MOZ,JDW,NR,ballast_deficiency,C,2024-06-19,2024-06-09,10,manual_gauge_check,1.3,False,Engineering
TMS004641,COR00721,BA,MM,WR,ballast_deficiency,C,2025-08-05,2025-07-30,6,visual_patrol,4.6,True,Engineering
TMS004642,COR05421,DYP,LMN,NR,ballast_deficiency,C,2024-07-21,2024-05-04,78,manual_gauge_check,2.6,True,Engineering
TMS004643,COR03844,BOJ,LPTA,NFR,alignment_deviation,C,2024-11-08,2024-11-07,1,track_recording_car,1.4,False,Engineering
TMS004644,COR00155,PM,DEC,NR,alignment_deviation,C,2025-01-09,2025-01-04,5,track_recording_car,3.4,True,Engineering
TMS004645,COR02815,PLG,UOI,WR,alignment_deviation,C,2024-06-10,2024-05-28,13,USFD_ultrasonic_flaw_detection,2.5,True,Engineering
TMS004646,COR02079,AMSA,BSN,SWR,ballast_deficiency,A,2025-11-23,2025-11-19,4,visual_patrol,1.3,True,Engineering
TMS004647,COR03826,OTN,FKG,NFR,weld_failure,A,2024-03-06,2024-03-06,0,visual_patrol,1.6,True,Engineering
TMS004648,COR06383,ALY,DRGJ,NER,alignment_deviation,C,2024-04-07,2024-03-29,9,manual_gauge_check,5.3,False,Engineering
TMS004649,COR01932,DAV,MVO,SCR,rail_wear,C,2025-06-05,2024-06-01,369,track_recording_car,2.8,True,Engineering
TMS004650,COR00277,HD,PAL,WCR,rail_wear,C,2024-01-09,2023-10-25,76,USFD_ultrasonic_flaw_detection,5.2,True,Engineering
TMS004651,COR04948,VID,RAJP,KR,ballast_deficiency,C,2024-03-18,2023-03-12,372,track_recording_car,4.4,True,Engineering
TMS004652,COR04347,KNNA,BKKA,NWR,rail_wear,C,2025-04-08,2025-03-29,10,track_recording_car,2.5,True,Engineering
TMS004653,COR03150,KHBV,KARD,CR,alignment_deviation,C,2024-04-26,2024-02-28,58,visual_patrol,2.3,True,Engineering
TMS004654,COR06357,MWX,TSS,NR,ballast_deficiency,C,2024-10-14,2024-04-01,196,track_recording_car,5.1,True,Engineering
TMS004655,COR04547,KNDI,GILA,NR,weld_failure,A,2024-08-02,2024-07-02,31,USFD_ultrasonic_flaw_detection,3.0,True,Engineering
TMS004656,COR05391,MTH,KBR,NCR,sleeper_defect,B,2025-09-11,2025-09-05,6,USFD_ultrasonic_flaw_detection,2.4,True,Engineering
TMS004657,COR01707,MYR,UHR,WCR,alignment_deviation,C,2024-03-13,2024-02-08,34,visual_patrol,5.9,True,Engineering
TMS004658,COR04003,PUPR,AMPA,SR,rail_fracture,A,2025-12-18,2025-12-07,11,USFD_ultrasonic_flaw_detection,4.9,True,Engineering
TMS004659,COR00873,SCP,UPW,SCR,formation_defect,B,2025-10-28,2025-10-18,10,manual_gauge_check,4.7,False,Engineering
TMS004660,COR01364,CTRL,KLL,WR,rail_fracture,A,2024-05-23,2024-04-28,25,visual_patrol,1.4,True,Engineering
TMS004661,COR02970,ETK,DMD,SR,formation_defect,B,2025-06-10,2025-03-16,86,track_recording_car,3.4,True,Engineering
TMS004662,COR00120,KSG,TL,NWR,weld_failure,A,2024-10-16,2024-10-13,3,USFD_ultrasonic_flaw_detection,1.5,False,Engineering
TMS004663,COR03805,KVTA,THZI,SR,rail_fracture,A,2025-06-03,2025-06-03,0,track_recording_car,5.9,True,Engineering
TMS004664,COR01174,RKD,HTK,CR,alignment_deviation,C,2024-05-17,2024-02-29,78,track_recording_car,5.1,True,Engineering
TMS004665,COR05033,LER,BMJ,NER,alignment_deviation,C,2024-08-05,2024-07-23,13,manual_gauge_check,4.8,True,Engineering
TMS004666,COR06392,JGG,SJGH,NER,alignment_deviation,C,2024-08-26,2024-08-17,9,USFD_ultrasonic_flaw_detection,2.1,True,Engineering
TMS004667,COR04290,RKI,MDF,SER,rail_wear,C,2025-06-08,2025-05-27,12,track_recording_car,1.9,True,Engineering
TMS004668,COR00438,BMPL,ME,SCR,alignment_deviation,C,2024-10-12,2024-07-28,76,USFD_ultrasonic_flaw_detection,3.8,True,Engineering
TMS004669,COR03679,KXD,KTNI,CR,ballast_deficiency,C,2025-09-25,2024-12-26,273,track_recording_car,2.2,True,Engineering
TMS004670,COR00217,BQF,MKD,WCR,formation_defect,B,2025-04-03,2025-03-31,3,track_recording_car,0.6,True,Engineering
TMS004671,COR00867,FKB,NVT,SCR,weld_failure,A,2024-03-22,2024-03-20,2,USFD_ultrasonic_flaw_detection,3.9,True,Engineering
TMS004672,COR01839,KDHA,VRG,WR,rail_fracture,A,2025-04-09,2025-04-05,4,visual_patrol,2.7,True,Engineering
TMS004673,COR02799,ADH,JOS,WR,rail_fracture,A,2024-01-20,2024-01-19,1,manual_gauge_check,5.0,True,Engineering
TMS004674,COR03272,SNPR,KLB,NCR,ballast_deficiency,C,2024-06-08,2024-06-03,5,visual_patrol,4.1,True,Engineering
TMS004675,COR03308,KLPM,TIP,SR,rail_wear,C,2024-04-03,2023-03-23,377,manual_gauge_check,2.2,True,Engineering
TMS004676,COR05895,GPX,PJH,WR,ballast_deficiency,C,2025-02-16,2025-02-09,7,visual_patrol,3.1,True,Engineering
TMS004677,COR02197,AAY,NPK,SR,rail_fracture,A,2025-03-20,2025-03-20,0,track_recording_car,5.4,True,Engineering
TMS004678,COR05437,CDSL,DXD,WCR,sleeper_defect,B,2024-04-24,2024-04-24,0,manual_gauge_check,4.4,True,Engineering
TMS004679,COR01450,SNSN,PRJ,WR,weld_failure,A,2025-01-21,2024-12-02,50,manual_gauge_check,3.2,True,Engineering
TMS004680,COR05564,MLX,BQH,NR,formation_defect,B,2024-07-30,2024-03-10,142,visual_patrol,1.2,True,Engineering
TMS004681,COR01929,SNGR,PBN,SCR,rail_fracture,A,2024-10-27,2024-09-22,35,manual_gauge_check,3.1,True,Engineering
TMS004682,COR04921,RSYI,APTA,CR,ballast_deficiency,C,2024-09-01,2024-08-22,10,visual_patrol,0.8,True,Engineering
TMS004683,COR00750,KM,SVM,SWR,rail_wear,C,2024-07-24,2024-07-16,8,visual_patrol,1.1,True,Engineering
TMS004684,COR02303,MOZ,JDW,NR,alignment_deviation,C,2024-05-25,2024-05-13,12,track_recording_car,3.2,True,Engineering
TMS004685,COR03882,DBSI,SSB,NR,sleeper_defect,B,2025-01-06,2024-12-25,12,visual_patrol,5.1,True,Engineering
TMS004686,COR02816,UOI,BOR,WR,alignment_deviation,C,2025-06-07,2025-05-27,11,track_recording_car,4.5,False,Engineering
TMS004687,COR01715,CTHR,MJG,WCR,alignment_deviation,C,2025-10-23,2025-10-20,3,manual_gauge_check,0.6,True,Engineering
TMS004688,COR00016,WTJ,JALD,WR,sleeper_defect,B,2025-09-10,2025-06-16,86,visual_patrol,4.6,True,Engineering
TMS004689,COR00382,ARJ,RJI,NER,sleeper_defect,B,2024-05-02,2024-04-22,10,manual_gauge_check,4.6,False,Engineering
TMS004690,COR01718,BQF,BNSP,WCR,rail_wear,C,2024-10-14,2024-10-14,0,USFD_ultrasonic_flaw_detection,5.4,True,Engineering
TMS004691,COR03300,PCV,DPJ,SWR,formation_defect,B,2024-07-19,2024-05-28,52,track_recording_car,4.2,True,Engineering
TMS004692,COR02581,KPKD,KRDH,SECR,alignment_deviation,C,2024-06-17,2024-03-30,79,visual_patrol,5.4,True,Engineering
TMS004693,COR07072,MBT,PLC,NWR,points_crossing_wear,B,2025-01-27,2024-07-04,207,track_recording_car,2.4,True,Engineering
TMS004694,COR01693,ADTL,DOE,WCR,ballast_deficiency,C,2024-04-27,2024-02-11,76,track_recording_car,3.7,True,Engineering
TMS004695,COR01236,MLB,AHI,CR,ballast_deficiency,C,2024-12-29,2024-12-18,11,visual_patrol,3.6,True,Engineering
TMS004696,COR00495,DKI,KTZ,WCR,points_crossing_wear,B,2024-11-08,2024-09-09,60,USFD_ultrasonic_flaw_detection,5.9,True,Engineering
TMS004697,COR05921,AKE,MZL,SCR,weld_failure,A,2024-07-27,2024-07-19,8,USFD_ultrasonic_flaw_detection,1.0,False,Engineering
TMS004698,COR02940,SJL,AKU,SCR,points_crossing_wear,B,2025-10-22,2025-10-21,1,USFD_ultrasonic_flaw_detection,2.0,True,Engineering
TMS004699,COR01269,LLU,DKT,NR,rail_fracture,A,2024-10-29,2024-10-15,14,visual_patrol,0.8,True,Engineering
TMS004700,COR00609,INK,KDM,SCR,sleeper_defect,B,2025-11-07,2025-04-27,194,track_recording_car,1.5,True,Engineering
TMS004701,COR01971,BDDR,LAL,WR,ballast_deficiency,C,2024-11-02,2024-10-22,11,manual_gauge_check,3.2,True,Engineering
TMS004702,COR00121,TL,GLTA,NWR,sleeper_defect,B,2024-12-25,2024-12-24,1,track_recording_car,2.0,True,Engineering
TMS004703,COR00397,PHC,MSH,WR,ballast_deficiency,C,2025-09-25,2025-07-20,67,USFD_ultrasonic_flaw_detection,1.1,True,Engineering
TMS004704,COR06769,LGH,KNSR,NWR,rail_wear,C,2025-10-29,2025-08-20,70,track_recording_car,2.4,False,Engineering
TMS004705,COR00483,KKN,KRO,WCR,weld_failure,A,2024-10-11,2024-09-29,12,track_recording_car,5.1,False,Engineering
TMS004706,COR01692,JBP,ADTL,WCR,sleeper_defect,B,2024-02-18,2024-02-08,10,USFD_ultrasonic_flaw_detection,5.6,True,Engineering
TMS004707,COR03567,BQA,BXL,SER,formation_defect,B,2025-08-10,2025-01-05,217,USFD_ultrasonic_flaw_detection,1.4,True,Engineering
TMS004708,COR00060,UJA,KMLI,WR,points_crossing_wear,B,2024-01-09,2024-01-06,3,visual_patrol,2.4,True,Engineering
TMS004709,COR04813,WDM,NUQ,ECR,ballast_deficiency,C,2025-11-30,2025-03-19,256,visual_patrol,0.6,True,Engineering
TMS004710,COR06070,KMP,BJLP,NER,alignment_deviation,C,2025-07-03,2025-06-30,3,track_recording_car,1.2,True,Engineering
TMS004711,COR04482,HRD,DRHI,WCR,points_crossing_wear,B,2025-09-11,2025-09-05,6,track_recording_car,5.3,False,Engineering
TMS004712,COR01543,SSV,FSG,CR,rail_fracture,A,2025-11-17,2025-11-17,0,USFD_ultrasonic_flaw_detection,5.0,True,Engineering
TMS004713,COR05650,KTHD,BPRH,SECR,ballast_deficiency,C,2025-04-20,2025-04-05,15,track_recording_car,3.8,True,Engineering
TMS004714,COR05180,JHD,NDU,ECR,points_crossing_wear,B,2024-01-14,2023-11-17,58,manual_gauge_check,5.3,True,Engineering
TMS004715,COR00134,GAL,KRH,NWR,sleeper_defect,B,2024-11-09,2015-03-31,3511,visual_patrol,4.4,True,Engineering
TMS004716,COR01894,TAA,KDM,SCR,rail_wear,C,2025-06-06,2024-11-01,217,USFD_ultrasonic_flaw_detection,2.9,True,Engineering
TMS004717,COR03117,BAHP,BQP,NR,ballast_deficiency,C,2025-01-16,2024-05-08,253,USFD_ultrasonic_flaw_detection,2.8,True,Engineering
TMS004718,COR05885,PRZ,MHBZ,NER,formation_defect,B,2024-08-20,2024-08-07,13,visual_patrol,3.1,True,Engineering
TMS004719,COR01022,LKA,DHRY,NFR,ballast_deficiency,C,2025-08-07,2025-08-05,2,track_recording_car,0.7,True,Engineering
TMS004720,COR04240,RPZ,UDZ,NWR,formation_defect,B,2024-03-05,2023-07-23,226,track_recording_car,2.2,True,Engineering
TMS004721,COR01954,TR,NSL,SCR,points_crossing_wear,B,2025-01-28,2025-01-14,14,manual_gauge_check,3.5,True,Engineering
TMS004722,COR04135,PGI,VLI,SR,rail_fracture,A,2025-08-20,2025-07-24,27,visual_patrol,4.9,True,Engineering
TMS004723,COR01038,PNB,TKC,NFR,alignment_deviation,C,2025-11-08,2025-10-31,8,visual_patrol,1.9,True,Engineering
TMS004724,COR00715,JOS,ADH,WR,weld_failure,A,2024-07-11,2024-07-09,2,visual_patrol,4.2,True,Engineering
TMS004725,COR04583,BUS,ATE,NCR,alignment_deviation,C,2024-10-20,2024-10-17,3,USFD_ultrasonic_flaw_detection,5.6,True,Engineering
TMS004726,COR01939,PDG,RNE,SCR,ballast_deficiency,C,2024-12-18,2024-05-24,208,visual_patrol,2.0,False,Engineering
TMS004727,COR06202,GELA,BMC,SECR,alignment_deviation,C,2024-03-06,2024-02-29,6,track_recording_car,4.8,True,Engineering
TMS004728,COR01469,TKC,PNB,NFR,ballast_deficiency,C,2024-01-15,2024-01-15,0,USFD_ultrasonic_flaw_detection,4.1,False,Engineering
TMS004729,COR01040,PHI,NNGE,NFR,points_crossing_wear,B,2025-04-30,2025-04-19,11,USFD_ultrasonic_flaw_detection,6.0,True,Engineering
TMS004730,COR01687,BMR,BHTN,WCR,sleeper_defect,B,2024-03-11,2023-07-29,226,USFD_ultrasonic_flaw_detection,3.9,True,Engineering
TMS004731,COR03438,HSR,CRW,NWR,ballast_deficiency,C,2025-07-23,2025-06-14,39,USFD_ultrasonic_flaw_detection,1.4,True,Engineering
TMS004732,COR00693,VGN,BOR,WR,formation_defect,C,2024-07-25,2024-07-12,13,visual_patrol,3.6,True,Engineering
TMS004733,COR02386,DXR,MOL,WR,ballast_deficiency,C,2025-06-16,2025-05-06,41,track_recording_car,0.5,True,Engineering
TMS004734,COR03214,JIL,SAPR,WR,rail_fracture,A,2024-10-10,2024-10-03,7,USFD_ultrasonic_flaw_detection,4.1,True,Engineering
TMS004735,COR02191,IDJ,DUR,SWR,ballast_deficiency,C,2025-07-22,2025-07-09,13,manual_gauge_check,1.6,True,Engineering
TMS004736,COR03980,BZLE,KZPR,ER,formation_defect,B,2025-12-13,2025-11-28,15,track_recording_car,1.1,True,Engineering
TMS004737,COR01574,VRB,MRJ,CR,ballast_deficiency,C,2024-02-04,2024-01-28,7,manual_gauge_check,1.0,True,Engineering
TMS004738,COR00229,BUU,UDR,WCR,rail_fracture,A,2025-04-29,2025-04-27,2,track_recording_car,3.0,True,Engineering
TMS004739,COR02347,MLHA,CVR,WR,ballast_deficiency,C,2025-12-08,2025-11-25,13,track_recording_car,3.4,True,Engineering
TMS004740,COR01540,BDCR,AWM,SCR,rail_fracture,A,2024-06-26,2024-06-24,2,USFD_ultrasonic_flaw_detection,4.2,True,Engineering
TMS004741,COR03063,NPK,AAY,SR,points_crossing_wear,B,2024-08-16,2023-08-01,381,manual_gauge_check,6.0,True,Engineering
TMS004742,COR05532,AJU,WDG,SECR,rail_wear,C,2024-04-08,2024-01-17,82,visual_patrol,3.6,True,Engineering
TMS004743,COR01366,SHRD,KHD,WR,alignment_deviation,C,2024-09-05,2024-09-01,4,manual_gauge_check,4.8,True,Engineering
TMS004744,COR00609,INK,KDM,SCR,ballast_deficiency,C,2024-12-14,2024-12-12,2,USFD_ultrasonic_flaw_detection,5.4,True,Engineering
TMS004745,COR04416,HLDD,LKU,NER,ballast_deficiency,C,2025-05-25,2025-03-21,65,USFD_ultrasonic_flaw_detection,0.9,True,Engineering
TMS004746,COR01710,STA,SAGM,WCR,rail_fracture,C,2025-07-28,2022-10-15,1017,manual_gauge_check,0.5,True,Engineering
TMS004747,COR00323,KSU,CHRA,SER,rail_wear,C,2025-03-05,2025-02-27,6,visual_patrol,3.5,True,Engineering
TMS004748,COR01481,KWM,JMK,NFR,ballast_deficiency,C,2025-12-20,2025-12-07,13,visual_patrol,5.6,True,Engineering
TMS004749,COR00472,WGA,BAU,CR,sleeper_defect,B,2024-07-11,2024-06-28,13,USFD_ultrasonic_flaw_detection,4.1,True,Engineering
TMS004750,COR00234,MDRR,NWR,WCR,ballast_deficiency,C,2025-03-12,2024-11-16,116,visual_patrol,3.1,True,Engineering
TMS004751,COR01832,INDB,LMNR,WR,points_crossing_wear,B,2025-02-18,2024-04-21,303,manual_gauge_check,1.8,True,Engineering
TMS004752,COR04092,HMK,KTPK,NR,alignment_deviation,C,2024-12-28,2024-12-20,8,visual_patrol,3.2,True,Engineering
TMS004753,COR02228,SET,CPT,SWR,points_crossing_wear,B,2024-12-13,2024-10-23,51,USFD_ultrasonic_flaw_detection,2.8,True,Engineering
TMS004754,COR03570,RSG,VSU,SER,alignment_deviation,C,2024-11-15,2024-11-06,9,USFD_ultrasonic_flaw_detection,3.6,True,Engineering
TMS004755,COR04169,RHW,KUP,NR,rail_wear,C,2024-09-30,2024-09-22,8,visual_patrol,1.5,True,Engineering
TMS004756,COR01718,BQF,BNSP,WCR,formation_defect,B,2024-06-26,2017-08-04,2518,USFD_ultrasonic_flaw_detection,4.8,True,Engineering
TMS004757,COR02674,BRZ,KAGR,NR,weld_failure,A,2024-08-27,2024-08-27,0,USFD_ultrasonic_flaw_detection,2.8,True,Engineering
TMS004758,COR02829,ATUL,BL,WR,rail_fracture,A,2024-11-07,2024-11-07,0,visual_patrol,1.9,True,Engineering
TMS004759,COR01894,TAA,KDM,SCR,rail_wear,C,2024-11-22,2024-11-10,12,visual_patrol,1.2,True,Engineering
TMS004760,COR04350,DPLN,SHRG,NWR,weld_failure,A,2025-05-22,2025-05-22,0,manual_gauge_check,4.6,True,Engineering
TMS004761,COR04480,KHA,CAER,WCR,formation_defect,B,2024-06-19,2024-05-30,20,track_recording_car,4.9,True,Engineering
TMS004762,COR00647,SXB,SBH,SWR,rail_wear,B,2025-01-08,2024-12-28,11,visual_patrol,2.2,True,Engineering
TMS004763,COR03074,CLT,VLL,SR,points_crossing_wear,B,2025-11-16,2025-08-29,79,track_recording_car,0.5,True,Engineering
TMS004764,COR00221,KTHA,JTW,WCR,rail_wear,C,2024-04-28,2024-04-19,9,visual_patrol,2.7,True,Engineering
TMS004765,COR04129,PUM,PEU,SR,rail_wear,C,2025-11-06,2025-11-04,2,visual_patrol,5.9,True,Engineering
TMS004766,COR01769,NMD,MLZ,WCR,alignment_deviation,C,2025-01-20,2025-01-09,11,USFD_ultrasonic_flaw_detection,4.4,True,Engineering
TMS004767,COR00269,KTZ,DKI,WCR,ballast_deficiency,C,2025-09-26,2024-12-11,289,manual_gauge_check,2.3,True,Engineering
TMS004768,COR04486,MTH,KID,NCR,ballast_deficiency,C,2024-10-01,2024-09-25,6,track_recording_car,1.5,True,Engineering
TMS004769,COR00680,DGI,BL,WR,alignment_deviation,C,2025-09-14,2025-07-21,55,track_recording_car,5.7,True,Engineering
TMS004770,COR01694,DOE,GSPR,WCR,rail_fracture,A,2025-06-10,2025-01-11,150,USFD_ultrasonic_flaw_detection,2.3,True,Engineering
TMS004771,COR01186,BVNR,SNE,CR,ballast_deficiency,B,2025-06-23,2020-12-13,1653,USFD_ultrasonic_flaw_detection,2.3,True,Engineering
TMS004772,COR04109,PUL,JHK,NR,weld_failure,A,2025-09-19,2025-09-05,14,visual_patrol,1.4,True,Engineering
TMS004773,COR05553,PHS,SULH,NR,ballast_deficiency,C,2024-08-08,2024-06-16,53,manual_gauge_check,0.9,True,Engineering
TMS004774,COR04481,BRUD,HRD,WCR,ballast_deficiency,C,2025-09-13,2025-08-30,14,USFD_ultrasonic_flaw_detection,0.7,True,Engineering
TMS004775,COR00668,SDG,DES,ECR,sleeper_defect,B,2025-05-11,2024-04-30,376,visual_patrol,1.9,True,Engineering
TMS004776,COR00698,SAH,VTN,WR,sleeper_defect,B,2025-03-28,2025-03-22,6,track_recording_car,4.1,True,Engineering
TMS004777,COR06896,BXK,DCA,NFR,rail_fracture,B,2025-01-23,2025-01-08,15,manual_gauge_check,3.8,True,Engineering
TMS004778,COR03260,DNHK,FSP,WCR,formation_defect,B,2024-10-04,2024-09-02,32,manual_gauge_check,2.6,True,Engineering
TMS004779,COR00260,JHT,BKH,WCR,sleeper_defect,B,2024-05-01,2024-02-01,90,manual_gauge_check,0.7,True,Engineering
TMS004780,COR01521,MSD,SNRD,CR,formation_defect,B,2024-11-01,2024-10-24,8,visual_patrol,5.6,True,Engineering
TMS004781,COR01694,DOE,GSPR,WCR,points_crossing_wear,B,2024-08-29,2024-08-26,3,track_recording_car,2.6,True,Engineering
TMS004782,COR02664,KZW,KTF,NR,sleeper_defect,B,2025-09-08,2020-03-17,2001,manual_gauge_check,3.4,True,Engineering
TMS004783,COR01868,VJPJ,BBMN,NR,points_crossing_wear,B,2024-11-27,2024-11-20,7,USFD_ultrasonic_flaw_detection,4.6,False,Engineering
TMS004784,COR01169,MPLR,PRDG,ER,rail_fracture,A,2024-10-12,2024-09-28,14,visual_patrol,0.8,True,Engineering
TMS004785,COR01306,SEU,BAR,NWR,ballast_deficiency,C,2024-03-03,2024-02-08,24,USFD_ultrasonic_flaw_detection,1.9,True,Engineering
TMS004786,COR00591,BRU,KPB,ECR,sleeper_defect,B,2025-09-20,2025-09-18,2,visual_patrol,1.2,True,Engineering
TMS004787,COR04541,CHNR,BDHY,NR,ballast_deficiency,C,2024-08-21,2023-03-13,527,visual_patrol,3.4,True,Engineering
TMS004788,COR03638,VVM,SGKM,SCR,formation_defect,C,2025-05-21,2025-02-26,84,USFD_ultrasonic_flaw_detection,0.5,True,Engineering
TMS004789,COR01642,MLSA,HEI,SWR,weld_failure,A,2025-09-07,2025-07-26,43,USFD_ultrasonic_flaw_detection,5.9,True,Engineering
TMS004790,COR06521,BFE,ABS,NR,alignment_deviation,C,2025-12-09,2019-06-25,2359,track_recording_car,4.8,True,Engineering
TMS004791,COR04659,MAO,SRVX,KR,weld_failure,A,2025-06-15,2025-05-22,24,USFD_ultrasonic_flaw_detection,2.7,True,Engineering
TMS004792,COR04039,ARJ,SYH,NER,alignment_deviation,C,2024-08-19,2024-08-12,7,track_recording_car,2.7,True,Engineering
TMS004793,COR00425,SFX,RKO,SCR,rail_fracture,A,2024-05-12,2024-03-05,68,visual_patrol,5.0,True,Engineering
TMS004794,COR01320,SOS,JAL,NWR,points_crossing_wear,B,2025-08-03,2025-07-26,8,USFD_ultrasonic_flaw_detection,0.7,True,Engineering
TMS004795,COR01726,SRJ,LOG,NCR,ballast_deficiency,C,2025-07-30,2025-07-22,8,USFD_ultrasonic_flaw_detection,2.1,True,Engineering
TMS004796,COR03251,NMD,NNW,WCR,sleeper_defect,C,2025-12-18,2025-11-23,25,visual_patrol,3.4,True,Engineering
TMS004797,COR00954,TDPR,VKP,SR,points_crossing_wear,B,2024-06-15,2023-05-20,392,manual_gauge_check,2.5,False,Engineering
TMS004798,COR01410,MPLM,PGR,SR,ballast_deficiency,C,2025-09-05,2025-08-23,13,visual_patrol,5.6,True,Engineering
TMS004799,COR05243,CRX,BNQ,NFR,ballast_deficiency,C,2024-01-15,2024-01-06,9,manual_gauge_check,5.4,True,Engineering
TMS004800,COR01355,SXS,JDN,WR,sleeper_defect,B,2025-04-18,2025-04-14,4,USFD_ultrasonic_flaw_detection,2.8,True,Engineering
TMS004801,COR03248,RNT,MXL,WCR,ballast_deficiency,C,2024-07-21,2023-07-04,383,manual_gauge_check,1.7,True,Engineering
TMS004802,COR01893,MABD,TAA,SCR,alignment_deviation,C,2025-07-18,2025-07-16,2,visual_patrol,4.9,True,Engineering
TMS004803,COR06854,ALS,HTW,NER,weld_failure,A,2025-08-12,2025-07-05,38,manual_gauge_check,5.5,True,Engineering
TMS004804,COR00209,SRJ,MJHR,NCR,sleeper_defect,A,2024-03-05,2024-02-25,9,USFD_ultrasonic_flaw_detection,5.7,False,Engineering
TMS004805,COR05443,ATRU,SYL,WCR,formation_defect,B,2024-08-05,2024-08-01,4,visual_patrol,6.0,True,Engineering
TMS004806,COR05540,ROL,MME,SECR,sleeper_defect,B,2024-08-13,2024-08-12,1,track_recording_car,3.5,True,Engineering
TMS004807,COR01819,HSR,STD,NWR,formation_defect,B,2024-03-18,2024-03-17,1,manual_gauge_check,5.7,True,Engineering
TMS004808,COR02978,IGL,PYOL,SR,alignment_deviation,C,2025-11-26,2025-10-03,54,visual_patrol,2.3,True,Engineering
TMS004809,COR05242,CLD,NKB,NFR,formation_defect,B,2024-05-08,2024-04-25,13,manual_gauge_check,3.4,False,Engineering
TMS004810,COR04598,KRNI,GLPT,NFR,formation_defect,B,2024-09-11,2022-08-26,747,track_recording_car,6.0,True,Engineering
TMS004811,COR03867,RHA,PDX,ER,alignment_deviation,C,2024-02-14,2024-02-06,8,USFD_ultrasonic_flaw_detection,2.0,True,Engineering
TMS004812,COR05169,MCQ,KDRD,ECR,ballast_deficiency,C,2025-11-16,2025-06-08,161,visual_patrol,4.7,True,Engineering
TMS004813,COR01362,PN,EN,WR,ballast_deficiency,C,2025-02-15,2025-02-14,1,USFD_ultrasonic_flaw_detection,4.1,True,Engineering
TMS004814,COR00363,SOJN,KDMR,WR,formation_defect,B,2024-08-11,2024-07-28,14,USFD_ultrasonic_flaw_detection,1.4,True,Engineering
TMS004815,COR00011,PPLI,LKBL,WR,weld_failure,A,2025-09-02,2025-08-26,7,track_recording_car,2.0,True,Engineering
TMS004816,COR00469,SAV,NB,CR,rail_fracture,A,2025-08-21,2025-07-29,23,manual_gauge_check,4.8,True,Engineering
TMS004817,COR00699,VTN,VR,WR,points_crossing_wear,B,2025-07-27,2025-07-12,15,USFD_ultrasonic_flaw_detection,0.6,False,Engineering
TMS004818,COR03597,TSD,GAMI,NWR,points_crossing_wear,B,2025-10-11,2025-10-03,8,track_recording_car,4.0,False,Engineering
TMS004819,COR04129,PUM,PEU,SR,ballast_deficiency,C,2025-11-28,2025-11-18,10,visual_patrol,4.4,True,Engineering
TMS004820,COR06357,MWX,TSS,NR,alignment_deviation,C,2025-09-13,2025-09-04,9,USFD_ultrasonic_flaw_detection,2.6,True,Engineering
TMS004821,COR06045,DDW,PLK,NER,points_crossing_wear,B,2025-08-31,2021-12-30,1340,visual_patrol,3.7,True,Engineering
TMS004822,COR00245,MML,KEQ,WCR,points_crossing_wear,B,2025-06-04,2018-09-02,2467,visual_patrol,2.9,True,Engineering
TMS004823,COR05995,BNG,PJH,WR,alignment_deviation,C,2024-12-14,2023-11-30,380,USFD_ultrasonic_flaw_detection,4.5,True,Engineering
TMS004824,COR00855,LBG,WNG,SCR,sleeper_defect,B,2025-07-28,2025-07-03,25,USFD_ultrasonic_flaw_detection,2.9,True,Engineering
TMS004825,COR03115,BSWA,TQA,NR,alignment_deviation,C,2025-04-06,2025-04-06,0,track_recording_car,2.4,True,Engineering
TMS004826,COR03396,BSGR,BDBG,NR,formation_defect,B,2024-06-09,2024-06-03,6,USFD_ultrasonic_flaw_detection,5.7,True,Engineering
TMS004827,COR02316,LWS,BDWS,WCR,sleeper_defect,B,2025-11-11,2025-11-10,1,visual_patrol,3.2,False,Engineering
TMS004828,COR03320,SJJ,DWLE,ER,weld_failure,A,2024-02-18,2023-11-20,90,manual_gauge_check,5.9,True,Engineering
TMS004829,COR00078,SRPJ,BNS,NWR,sleeper_defect,B,2025-05-21,2025-05-06,15,visual_patrol,1.4,True,Engineering
TMS004830,COR03035,PUL,LHM,NR,ballast_deficiency,C,2024-08-29,2024-08-14,15,USFD_ultrasonic_flaw_detection,3.7,True,Engineering
TMS004831,COR02601,MULK,SL,KR,formation_defect,B,2024-02-29,2024-02-24,5,track_recording_car,4.7,True,Engineering
TMS004832,COR00629,KI,RYP,SCR,formation_defect,B,2024-05-08,2024-03-21,48,manual_gauge_check,1.0,True,Engineering
TMS004833,COR07527,KAU,JTK,NFR,sleeper_defect,B,2025-05-15,2025-05-15,0,track_recording_car,1.7,True,Engineering
TMS004834,COR01556,WTR,PLV,CR,sleeper_defect,B,2024-09-10,2024-06-17,85,visual_patrol,4.3,False,Engineering
TMS004835,COR04142,VAPM,PPNS,SR,rail_fracture,C,2024-07-01,2024-06-24,7,visual_patrol,1.4,True,Engineering
TMS004836,COR00178,BRU,HIR,ECR,alignment_deviation,C,2025-01-21,2025-01-09,12,track_recording_car,2.0,False,Engineering
TMS004837,COR02693,SMF,ROK,NR,rail_fracture,A,2024-04-08,2024-02-22,46,visual_patrol,1.3,True,Engineering
TMS004838,COR08031,KKV,KKK,WR,sleeper_defect,B,2024-04-28,2017-11-28,2343,visual_patrol,0.8,True,Engineering
TMS004839,COR01883,BKL,NVC,SCR,rail_wear,C,2025-06-28,2024-07-02,361,manual_gauge_check,1.4,True,Engineering
TMS004840,COR02627,BEB,REJ,ER,rail_fracture,A,2025-05-30,2025-05-11,19,track_recording_car,3.1,True,Engineering
TMS004841,COR04804,RBGJ,CUK,NCR,alignment_deviation,C,2024-03-03,2023-12-20,74,track_recording_car,4.7,True,Engineering
TMS004842,COR03082,PYOL,IGL,SR,formation_defect,B,2025-04-10,2025-03-30,11,track_recording_car,3.0,True,Engineering
TMS004843,COR00749,QLM,KM,SWR,alignment_deviation,C,2025-10-10,2025-09-30,10,USFD_ultrasonic_flaw_detection,4.5,True,Engineering
TMS004844,COR02186,CLR,TGT,SWR,points_crossing_wear,A,2025-10-02,2025-07-04,90,visual_patrol,5.0,True,Engineering
TMS004845,COR01153,CHG,BY,CR,alignment_deviation,C,2025-07-04,2025-07-03,1,visual_patrol,2.2,True,Engineering
TMS004846,COR01022,LKA,DHRY,NFR,ballast_deficiency,C,2024-01-27,2023-12-20,38,track_recording_car,5.2,True,Engineering
TMS004847,COR00543,PAY,ELM,SR,rail_wear,C,2024-12-21,2024-12-07,14,visual_patrol,4.4,True,Engineering
TMS004848,COR04584,ATE,KHU,NCR,alignment_deviation,B,2024-12-15,2024-12-11,4,visual_patrol,3.1,True,Engineering
TMS004849,COR04683,KMAH,CHI,KR,formation_defect,B,2025-05-01,2025-04-29,2,manual_gauge_check,1.5,True,Engineering
TMS004850,COR00748,MHO,ARJ,NER,ballast_deficiency,A,2025-07-20,2025-06-01,49,manual_gauge_check,5.1,True,Engineering
TMS004851,COR03082,PYOL,IGL,SR,points_crossing_wear,B,2024-04-19,2024-03-24,26,visual_patrol,2.5,True,Engineering
TMS004852,COR01325,FA,BRLY,NWR,alignment_deviation,B,2025-05-10,2025-02-24,75,visual_patrol,1.0,True,Engineering
TMS004853,COR03781,BMP,WSA,SECR,points_crossing_wear,C,2025-03-01,2024-04-12,323,manual_gauge_check,5.9,False,Engineering
TMS004854,COR00470,NB,RV,CR,ballast_deficiency,C,2024-04-27,2024-04-13,14,visual_patrol,3.0,True,Engineering
TMS004855,COR01727,LOG,MFX,NCR,sleeper_defect,B,2024-04-13,2024-04-04,9,visual_patrol,5.4,True,Engineering
TMS004856,COR02899,ERL,PYD,SR,ballast_deficiency,C,2024-10-25,2024-10-11,14,manual_gauge_check,2.4,True,Engineering
TMS004857,COR01934,DGPP,SELU,SCR,sleeper_defect,B,2025-05-08,2025-02-19,78,manual_gauge_check,1.7,True,Engineering
TMS004858,COR01688,BHTN,BRGT,WCR,sleeper_defect,B,2025-11-15,2025-11-10,5,track_recording_car,4.1,True,Engineering
TMS004859,COR00117,MD,LR,NWR,ballast_deficiency,C,2025-12-30,2025-04-03,271,USFD_ultrasonic_flaw_detection,0.8,True,Engineering
TMS004860,COR03153,DWX,BLAX,WR,weld_failure,A,2025-11-14,2025-09-11,64,USFD_ultrasonic_flaw_detection,1.7,True,Engineering
TMS004861,COR03231,AE,KJV,WR,sleeper_defect,B,2024-03-18,2024-03-05,13,track_recording_car,2.5,False,Engineering
TMS004862,COR02919,BLP,JKNI,NER,alignment_deviation,C,2024-08-23,2024-07-09,45,manual_gauge_check,3.3,True,Engineering
TMS004863,COR01725,MJHR,SRJ,NCR,rail_wear,C,2025-03-20,2025-03-02,18,visual_patrol,4.5,True,Engineering
TMS004864,COR01407,MVS,VRQ,SR,formation_defect,B,2024-01-28,2024-01-22,6,manual_gauge_check,3.7,True,Engineering
TMS004865,COR06386,RTR,SDC,NER,formation_defect,B,2025-08-04,2024-12-16,231,visual_patrol,1.9,True,Engineering
TMS004866,COR00225,STA,LGCE,WCR,rail_wear,C,2024-10-18,2024-10-11,7,USFD_ultrasonic_flaw_detection,2.1,True,Engineering
TMS004867,COR00284,BRUD,CAER,WCR,sleeper_defect,B,2024-10-24,2024-10-09,15,visual_patrol,3.9,True,Engineering
TMS004868,COR01313,SOD,BFY,NWR,points_crossing_wear,B,2024-11-05,2024-10-29,7,USFD_ultrasonic_flaw_detection,0.6,True,Engineering
TMS004869,COR03083,IGL,BDJ,SR,points_crossing_wear,B,2025-07-27,2025-07-22,5,track_recording_car,0.7,True,Engineering
TMS004870,COR01023,DHRY,HJI,NFR,alignment_deviation,C,2024-08-16,2024-08-10,6,visual_patrol,5.6,True,Engineering
TMS004871,COR00287,KDK,DGN,CR,formation_defect,B,2025-02-06,2024-11-23,75,manual_gauge_check,1.7,True,Engineering
TMS004872,COR04540,CKDL,CHNR,NR,formation_defect,B,2025-04-23,2025-03-05,49,USFD_ultrasonic_flaw_detection,4.4,True,Engineering
TMS004873,COR00471,RV,WGA,CR,sleeper_defect,B,2024-04-27,2024-04-17,10,USFD_ultrasonic_flaw_detection,1.5,True,Engineering
TMS004874,COR00246,KEQ,BRGT,WCR,weld_failure,A,2024-10-31,2024-08-06,86,visual_patrol,4.0,True,Engineering
TMS004875,COR03000,PTB,KRKD,SR,ballast_deficiency,C,2024-09-23,2024-09-09,14,track_recording_car,4.4,False,Engineering
TMS004876,COR02159,TYMR,TRMN,SR,sleeper_defect,B,2024-08-19,2024-08-16,3,USFD_ultrasonic_flaw_detection,1.9,True,Engineering
TMS004877,COR01892,GUU,MABD,SCR,sleeper_defect,B,2025-07-07,2025-06-28,9,visual_patrol,5.5,True,Engineering
TMS004878,COR05982,BAOL,KPKI,NR,sleeper_defect,B,2025-07-03,2024-06-30,368,visual_patrol,5.3,True,Engineering
TMS004879,COR05321,GMIA,BKRO,ECR,alignment_deviation,C,2024-11-14,2024-11-03,11,USFD_ultrasonic_flaw_detection,4.9,True,Engineering
TMS004880,COR03149,BIRD,KHBV,CR,points_crossing_wear,B,2025-11-20,2025-09-28,53,track_recording_car,5.3,True,Engineering
TMS004881,COR03286,BNW,BNWC,NWR,rail_wear,C,2025-10-29,2025-08-10,80,visual_patrol,4.9,True,Engineering
TMS004882,COR01151,PR,CRD,CR,rail_wear,C,2025-04-14,2025-03-12,33,USFD_ultrasonic_flaw_detection,1.2,True,Engineering
TMS004883,COR02190,KNP,IDJ,SWR,weld_failure,A,2024-07-18,2024-05-20,59,manual_gauge_check,3.8,True,Engineering
TMS004884,COR00287,KDK,DGN,CR,sleeper_defect,B,2024-01-15,2023-11-28,48,manual_gauge_check,0.5,True,Engineering
TMS004885,COR04509,KDGI,BSRX,SWR,rail_wear,C,2024-06-19,2024-05-14,36,USFD_ultrasonic_flaw_detection,0.7,True,Engineering
TMS004886,COR04736,JK,SRM,NR,points_crossing_wear,B,2024-02-03,2024-01-25,9,visual_patrol,3.6,True,Engineering
TMS004887,COR00931,BNC,SBC,SWR,weld_failure,A,2024-05-12,2024-04-28,14,USFD_ultrasonic_flaw_detection,5.6,True,Engineering
TMS004888,COR05281,AP,KDO,SWR,ballast_deficiency,C,2025-07-21,2025-07-21,0,visual_patrol,3.7,True,Engineering
TMS004889,COR05154,JOBA,KNC,WCR,alignment_deviation,C,2025-12-16,2025-12-16,0,visual_patrol,0.5,False,Engineering
TMS004890,COR02034,DRGJ,ALY,NER,ballast_deficiency,C,2025-10-06,2024-11-04,336,visual_patrol,4.5,True,Engineering
TMS004891,COR00545,PAZ,KPQ,SR,rail_wear,C,2024-03-03,2024-03-01,2,manual_gauge_check,3.5,False,Engineering
TMS004892,COR01868,VJPJ,BBMN,NR,alignment_deviation,C,2025-01-22,2025-01-08,14,manual_gauge_check,2.7,True,Engineering
TMS004893,COR01050,KUGT,PEC,NFR,ballast_deficiency,C,2025-04-01,2025-03-31,1,visual_patrol,4.8,False,Engineering
TMS004894,COR02025,SJGH,JGG,NER,weld_failure,A,2024-06-07,2024-04-13,55,track_recording_car,2.7,True,Engineering
TMS004895,COR04269,JCNR,KARD,CR,ballast_deficiency,C,2024-07-24,2024-05-20,65,USFD_ultrasonic_flaw_detection,4.7,True,Engineering
TMS004896,COR02596,SEN,KUDA,KR,formation_defect,B,2024-02-24,2024-02-22,2,USFD_ultrasonic_flaw_detection,4.7,True,Engineering
TMS004897,COR06374,VRR,GTT,WR,sleeper_defect,B,2024-06-01,2024-05-18,14,manual_gauge_check,4.1,True,Engineering
TMS004898,COR03256,PDZ,KNDP,WCR,formation_defect,B,2024-03-24,2024-03-11,13,track_recording_car,0.6,True,Engineering
TMS004899,COR05807,RJS,AS,NWR,sleeper_defect,B,2025-08-24,2025-07-20,35,USFD_ultrasonic_flaw_detection,2.0,True,Engineering
TMS004900,COR03390,WDJ,BRW,NR,rail_fracture,A,2024-03-07,2024-01-13,54,USFD_ultrasonic_flaw_detection,3.6,True,Engineering
TMS004901,COR00556,ATMO,PRI,NR,rail_fracture,A,2025-09-21,2025-07-02,81,track_recording_car,4.3,True,Engineering
TMS004902,COR04955,ZARP,SWV,KR,rail_wear,A,2025-04-29,2025-03-29,31,USFD_ultrasonic_flaw_detection,3.3,True,Engineering
TMS004903,COR02385,CJR,DXR,WR,points_crossing_wear,B,2024-02-15,2024-01-25,21,USFD_ultrasonic_flaw_detection,1.5,True,Engineering
TMS004904,COR05818,LHLL,KLNK,NWR,points_crossing_wear,B,2025-05-20,2025-05-02,18,track_recording_car,5.9,True,Engineering
TMS004905,COR02755,SGKM,VVM,SCR,formation_defect,B,2025-08-06,2025-07-11,26,manual_gauge_check,2.1,True,Engineering
TMS004906,COR04216,BBA,BHKL,NR,formation_defect,B,2025-11-04,2025-10-31,4,manual_gauge_check,1.2,True,Engineering
TMS004907,COR04679,UKC,SGR,KR,formation_defect,B,2024-01-26,2023-11-07,80,track_recording_car,3.5,True,Engineering
TMS004908,COR02852,HTNL,GIN,SWR,rail_fracture,A,2024-04-23,2024-01-27,87,visual_patrol,1.7,False,Engineering
TMS004909,COR01089,SXB,BGM,SWR,ballast_deficiency,C,2025-05-10,2021-01-21,1570,track_recording_car,0.5,False,Engineering
TMS004910,COR01572,MDVR,SLI,CR,points_crossing_wear,C,2024-11-11,2024-11-07,4,track_recording_car,4.8,True,Engineering
TMS004911,COR06343,KLL,EN,WR,alignment_deviation,C,2024-10-21,2024-10-16,5,USFD_ultrasonic_flaw_detection,3.2,True,Engineering
TMS004912,COR00858,MGC,MUE,SCR,rail_wear,C,2025-03-26,2025-03-16,10,visual_patrol,3.5,True,Engineering
TMS004913,COR02979,PYOL,TKT,SR,alignment_deviation,C,2024-09-12,2024-08-30,13,visual_patrol,3.0,True,Engineering
TMS004914,COR03491,JRJ,GTF,NR,points_crossing_wear,B,2024-02-16,2023-09-10,159,track_recording_car,1.4,True,Engineering
TMS004915,COR04414,BLQR,RUPC,NER,points_crossing_wear,B,2025-03-19,2025-03-13,6,manual_gauge_check,4.8,True,Engineering
TMS004916,COR06183,GKA,MRJD,ECR,alignment_deviation,C,2024-12-31,2024-03-31,275,visual_patrol,2.3,True,Engineering
TMS004917,COR01436,SKJ,LKN,ECR,sleeper_defect,B,2025-01-28,2025-01-15,13,visual_patrol,5.8,True,Engineering
TMS004918,COR00609,INK,KDM,SCR,sleeper_defect,B,2024-08-17,2024-08-14,3,visual_patrol,0.8,True,Engineering
TMS004919,COR01005,NJN,CJA,NFR,formation_defect,B,2025-03-31,2025-03-22,9,USFD_ultrasonic_flaw_detection,2.4,True,Engineering
TMS004920,COR03076,WH,ETR,SR,rail_wear,C,2024-05-01,2024-04-22,9,track_recording_car,2.2,True,Engineering
TMS004921,COR03355,MNM,RAGM,SR,sleeper_defect,B,2025-09-09,2025-08-27,13,manual_gauge_check,4.1,False,Engineering
TMS004922,COR02407,HAPA,JAM,WR,points_crossing_wear,B,2025-01-07,2024-12-24,14,track_recording_car,2.4,True,Engineering
TMS004923,COR00593,BUG,AWS,ECR,points_crossing_wear,B,2025-10-25,2025-09-08,47,visual_patrol,0.9,True,Engineering
TMS004924,COR02068,MDLL,NDV,SWR,rail_wear,C,2024-04-20,2024-04-20,0,track_recording_car,2.6,True,Engineering
TMS004925,COR02070,DBS,HHL,SWR,rail_wear,C,2025-07-12,2025-07-04,8,USFD_ultrasonic_flaw_detection,0.5,True,Engineering
TMS004926,COR01498,KMTI,BOF,NR,ballast_deficiency,B,2025-08-10,2025-07-28,13,track_recording_car,3.1,False,Engineering
TMS004927,COR00693,VGN,BOR,WR,formation_defect,B,2025-06-01,2025-05-26,6,USFD_ultrasonic_flaw_detection,2.7,True,Engineering
TMS004928,COR03754,GOLE,BMQ,NWR,points_crossing_wear,B,2024-11-19,2024-11-10,9,USFD_ultrasonic_flaw_detection,0.8,True,Engineering
TMS004929,COR00263,SXF,SGP,WCR,points_crossing_wear,B,2025-12-11,2025-12-09,2,USFD_ultrasonic_flaw_detection,3.6,True,Engineering
TMS004930,COR04467,GRU,RVK,NFR,alignment_deviation,C,2024-01-21,2024-01-08,13,visual_patrol,4.3,True,Engineering
TMS004931,COR00227,UHR,MYR,WCR,rail_wear,C,2024-12-10,2024-12-01,9,USFD_ultrasonic_flaw_detection,3.5,False,Engineering
TMS004932,COR01918,JOA,KRPR,SCR,points_crossing_wear,B,2025-10-17,2025-05-31,139,visual_patrol,3.3,True,Engineering
TMS004933,COR02229,CPT,RMGM,SWR,ballast_deficiency,C,2024-12-22,2024-12-15,7,USFD_ultrasonic_flaw_detection,2.2,True,Engineering
TMS004934,COR00789,MKH,DGW,NWR,alignment_deviation,C,2024-07-25,2024-06-17,38,visual_patrol,2.5,True,Engineering
TMS004935,COR06884,RCF,KXH,NR,ballast_deficiency,C,2024-04-14,2024-03-20,25,track_recording_car,6.0,True,Engineering
TMS004936,COR02089,NVF,AJP,SWR,alignment_deviation,C,2025-09-03,2025-01-11,235,visual_patrol,5.0,True,Engineering
TMS004937,COR02228,SET,CPT,SWR,rail_fracture,A,2024-05-12,2024-05-11,1,USFD_ultrasonic_flaw_detection,0.9,False,Engineering
TMS004938,COR00019,PDH,KHDI,WR,formation_defect,B,2024-10-07,2024-09-28,9,visual_patrol,2.0,True,Engineering
TMS004939,COR00646,BGM,SXB,SWR,rail_wear,C,2024-09-08,2024-09-02,6,track_recording_car,2.7,True,Engineering
TMS004940,COR01763,KNDP,PDZ,WCR,ballast_deficiency,C,2024-02-08,2023-11-21,79,manual_gauge_check,2.3,True,Engineering
TMS004941,COR03933,MX,PL,WR,alignment_deviation,C,2024-12-25,2024-11-10,45,manual_gauge_check,1.0,True,Engineering
TMS004942,COR00685,VAPI,KEB,WR,sleeper_defect,B,2025-07-02,2025-06-23,9,visual_patrol,2.6,True,Engineering
TMS004943,COR04142,VAPM,PPNS,SR,alignment_deviation,C,2024-06-06,2024-05-22,15,manual_gauge_check,1.9,False,Engineering
TMS004944,COR06121,JWNR,ABSA,NFR,rail_wear,C,2025-02-19,2024-10-28,114,manual_gauge_check,5.8,False,Engineering
TMS004945,COR02963,BLLI,CNO,KR,rail_fracture,A,2025-04-29,2025-04-25,4,visual_patrol,4.0,True,Engineering
TMS004946,COR00206,JSR,MFX,NCR,sleeper_defect,B,2024-08-12,2024-08-05,7,visual_patrol,5.7,True,Engineering
TMS004947,COR02330,RJT,BKNG,WR,points_crossing_wear,A,2025-09-19,2025-08-08,42,USFD_ultrasonic_flaw_detection,2.9,True,Engineering
TMS004948,COR01717,MKD,BQF,WCR,points_crossing_wear,B,2025-12-29,2025-10-12,78,manual_gauge_check,5.0,True,Engineering
TMS004949,COR05742,CLN,ARS,SR,rail_fracture,A,2025-02-19,2025-01-18,32,USFD_ultrasonic_flaw_detection,0.5,True,Engineering
TMS004950,COR00041,LPR,SR,WR,ballast_deficiency,C,2025-04-10,2025-04-07,3,manual_gauge_check,0.6,True,Engineering
TMS004951,COR04902,RMGM,CPT,SWR,ballast_deficiency,C,2025-10-23,2025-10-03,20,visual_patrol,3.4,True,Engineering
TMS004952,COR02831,DGI,JRS,WR,alignment_deviation,C,2024-07-25,2024-06-19,36,visual_patrol,1.5,True,Engineering
TMS004953,COR00068,CTT,JTY,NWR,sleeper_defect,B,2025-03-15,2025-02-23,20,manual_gauge_check,3.1,True,Engineering
TMS004954,COR04068,LMT,BENL,SWR,ballast_deficiency,C,2025-11-18,2025-11-16,2,track_recording_car,1.0,True,Engineering
TMS004955,COR03906,GSO,NRW,NR,alignment_deviation,C,2024-04-21,2024-04-09,12,visual_patrol,1.3,True,Engineering
TMS004956,COR01817,ADR,JKHI,NWR,alignment_deviation,C,2024-05-14,2024-05-14,0,USFD_ultrasonic_flaw_detection,5.6,True,Engineering
TMS004957,COR00496,KTZ,DRA,WCR,alignment_deviation,C,2024-06-01,2024-06-01,0,visual_patrol,1.2,True,Engineering
TMS004958,COR00057,SXS,MSH,WR,weld_failure,A,2025-07-11,2025-07-06,5,track_recording_car,1.4,True,Engineering
TMS004959,COR01512,NMGT,HTK,CR,formation_defect,B,2024-12-09,2024-10-25,45,visual_patrol,1.4,True,Engineering
TMS004960,COR01701,KTE,PTWA,WCR,formation_defect,B,2025-12-14,2025-12-06,8,USFD_ultrasonic_flaw_detection,2.7,True,Engineering
TMS004961,COR01692,JBP,ADTL,WCR,rail_fracture,A,2025-04-14,2025-01-30,74,USFD_ultrasonic_flaw_detection,2.5,True,Engineering
TMS004962,COR05711,RMPH,SBL,NCR,rail_fracture,A,2025-09-03,2025-08-13,21,visual_patrol,1.9,False,Engineering
TMS004963,COR01694,DOE,GSPR,WCR,weld_failure,A,2025-03-09,2024-06-20,262,USFD_ultrasonic_flaw_detection,4.5,True,Engineering
TMS004964,COR02190,KNP,IDJ,SWR,rail_wear,C,2024-10-25,2024-10-21,4,visual_patrol,3.8,True,Engineering
TMS004965,COR02112,YLG,KALS,SWR,sleeper_defect,B,2025-12-08,2025-12-03,5,visual_patrol,5.7,True,Engineering
TMS004966,COR01141,NAG,TVG,SWR,ballast_deficiency,C,2025-06-26,2025-06-21,5,manual_gauge_check,1.6,True,Engineering
TMS004967,COR00266,BGTA,SQL,WCR,points_crossing_wear,B,2024-08-10,2024-08-05,5,visual_patrol,6.0,True,Engineering
TMS004968,COR02159,TYMR,TRMN,SR,rail_fracture,A,2025-12-04,2025-11-13,21,visual_patrol,2.0,True,Engineering
TMS004969,COR01349,DRW,SID,WR,rail_wear,C,2025-01-13,2021-02-12,1431,visual_patrol,4.2,True,Engineering
TMS004970,COR04699,KASU,PEN,CR,points_crossing_wear,B,2024-02-05,2024-01-25,11,visual_patrol,5.5,True,Engineering
TMS004971,COR02968,CAN,CS,SR,ballast_deficiency,C,2024-12-26,2024-12-23,3,manual_gauge_check,5.2,True,Engineering
TMS004972,COR04650,MANK,HNA,KR,rail_wear,C,2025-06-04,2025-05-21,14,USFD_ultrasonic_flaw_detection,3.7,True,Engineering
TMS004973,COR00260,JHT,BKH,WCR,rail_wear,C,2024-02-03,2024-01-27,7,USFD_ultrasonic_flaw_detection,4.6,True,Engineering
TMS004974,COR02155,GWYR,KTPM,SR,points_crossing_wear,C,2025-05-03,2020-05-14,1815,visual_patrol,1.5,True,Engineering
TMS004975,COR00677,AML,BIM,WR,rail_fracture,B,2025-07-24,2025-03-20,126,USFD_ultrasonic_flaw_detection,5.0,True,Engineering
TMS004976,COR01291,DAU,MSSD,NR,formation_defect,B,2024-06-21,2024-04-22,60,track_recording_car,1.0,True,Engineering
TMS004977,COR04078,AYB,MNL,SWR,rail_wear,C,2025-08-08,2025-07-27,12,visual_patrol,5.1,True,Engineering
TMS004978,COR06342,NRVR,KRTN,NR,rail_wear,A,2025-11-24,2025-11-20,4,track_recording_car,4.9,True,Engineering
TMS004979,COR03827,FKG,KXL,NFR,rail_wear,C,2025-01-11,2025-01-10,1,visual_patrol,2.8,True,Engineering
TMS004980,COR07401,SUJR,BPM,NR,weld_failure,A,2025-10-24,2025-10-24,0,manual_gauge_check,5.1,False,Engineering
TMS004981,COR04068,LMT,BENL,SWR,points_crossing_wear,B,2025-03-10,2025-03-04,6,manual_gauge_check,1.4,True,Engineering
TMS004982,COR04249,BYHA,URPR,NR,alignment_deviation,C,2024-11-23,2024-11-10,13,visual_patrol,4.5,True,Engineering
TMS004983,COR07398,BAOL,BTU,NR,formation_defect,B,2025-12-13,2025-12-12,1,track_recording_car,5.4,True,Engineering
TMS004984,COR04810,JRQ,DXN,ECR,sleeper_defect,B,2024-07-13,2023-11-29,227,track_recording_car,0.7,True,Engineering
TMS004985,COR03506,MNM,MNME,SR,rail_wear,C,2025-09-25,2025-09-06,19,manual_gauge_check,4.6,True,Engineering
TMS004986,COR07013,FLD,MRWS,NWR,weld_failure,A,2024-06-16,2024-06-05,11,track_recording_car,4.7,True,Engineering
TMS004987,COR01934,DGPP,SELU,SCR,sleeper_defect,B,2024-10-24,2024-10-12,12,visual_patrol,3.3,True,Engineering
TMS004988,COR05162,MFQ,KHBJ,WCR,rail_fracture,A,2025-06-20,2025-04-07,74,visual_patrol,0.7,True,Engineering
TMS004989,COR00140,BWL,KNGT,NWR,weld_failure,A,2024-01-10,2023-01-16,359,visual_patrol,3.8,True,Engineering
TMS004990,COR00470,NB,RV,CR,weld_failure,A,2024-01-27,2024-01-27,0,visual_patrol,3.7,True,Engineering
TMS004991,COR03265,BR,NGLT,NCR,alignment_deviation,A,2024-10-27,2024-10-02,25,manual_gauge_check,1.5,True,Engineering
TMS004992,COR02803,KILE,BVI,WR,ballast_deficiency,C,2024-09-28,2024-09-27,1,visual_patrol,0.9,True,Engineering
TMS004993,COR03443,HYL,DKX,NWR,ballast_deficiency,C,2025-01-14,2025-01-03,11,track_recording_car,1.7,True,Engineering
TMS004994,COR02405,WTJ,ALB,WR,sleeper_defect,B,2025-03-16,2025-03-16,0,USFD_ultrasonic_flaw_detection,5.0,True,Engineering
TMS004995,COR01034,BRHU,KKET,NFR,ballast_deficiency,C,2025-02-16,2024-05-31,261,visual_patrol,2.4,True,Engineering
TMS004996,COR00475,CDI,NPNR,CR,sleeper_defect,A,2025-07-06,2025-06-29,7,visual_patrol,1.1,True,Engineering
TMS004997,COR00421,HYB,LKPL,SCR,rail_wear,C,2024-04-08,2023-05-12,332,visual_patrol,4.6,True,Engineering
TMS004998,COR01015,NLN,LCT,NFR,rail_fracture,A,2024-01-11,2023-04-29,257,USFD_ultrasonic_flaw_detection,5.7,False,Engineering
TMS004999,COR00672,SCH,MRL,WR,ballast_deficiency,C,2025-05-23,2025-05-03,20,visual_patrol,5.4,True,Engineering
TMS005000,COR00031,LMC,THAN,WR,weld_failure,A,2024-11-24,2024-11-15,9,manual_gauge_check,4.6,True,Engineering
TMS005001,COR00075,MXO,KWI,NWR,points_crossing_wear,B,2025-11-21,2025-11-08,13,USFD_ultrasonic_flaw_detection,2.2,False,Engineering
TMS005002,COR04650,MANK,HNA,KR,sleeper_defect,A,2025-11-01,2024-10-08,389,USFD_ultrasonic_flaw_detection,1.8,True,Engineering
TMS005003,COR05183,NDW,PFT,ECR,rail_wear,C,2024-03-01,2024-01-11,50,visual_patrol,3.8,True,Engineering
TMS005004,COR00401,MPJ,SMX,ER,alignment_deviation,C,2025-08-24,2025-08-21,3,visual_patrol,4.4,True,Engineering
TMS005005,COR00662,VPN,HBP,ECR,points_crossing_wear,B,2024-12-09,2024-12-07,2,track_recording_car,5.2,True,Engineering
TMS005006,COR00530,UAA,KMQ,SR,sleeper_defect,B,2024-02-15,2024-02-05,10,visual_patrol,2.8,True,Engineering
TMS005007,COR02150,MCPK,MTCN,SR,points_crossing_wear,B,2025-03-23,2025-01-16,66,manual_gauge_check,3.5,False,Engineering
TMS005008,COR00143,KWMD,KIP,NR,weld_failure,A,2025-12-16,2025-11-13,33,manual_gauge_check,1.3,True,Engineering
TMS005009,COR00072,SIM,MAA,NWR,sleeper_defect,B,2025-11-10,2025-09-26,45,visual_patrol,3.0,True,Engineering
TMS005010,COR02213,HWT,LUNI,NWR,points_crossing_wear,B,2025-05-30,2025-05-29,1,USFD_ultrasonic_flaw_detection,1.7,True,Engineering
TMS005011,COR03892,ISM,KRZ,NR,alignment_deviation,C,2024-12-29,2024-12-01,28,USFD_ultrasonic_flaw_detection,1.5,True,Engineering
TMS005012,COR03462,PTRE,GTM,NCR,alignment_deviation,C,2025-10-20,2025-08-16,65,visual_patrol,1.0,True,Engineering
TMS005013,COR05913,VAN,DB,WR,points_crossing_wear,B,2025-01-25,2024-12-23,33,USFD_ultrasonic_flaw_detection,5.3,True,Engineering
TMS005014,COR03573,BGO,GBA,SER,rail_wear,C,2024-03-30,2024-02-29,30,manual_gauge_check,0.6,True,Engineering
TMS005015,COR03479,BTKP,SWC,NCR,formation_defect,B,2025-02-04,2025-01-20,15,manual_gauge_check,1.7,True,Engineering
TMS005016,COR04318,ADT,TDR,SR,sleeper_defect,B,2024-02-15,2024-02-04,11,visual_patrol,4.4,True,Engineering
TMS005017,COR02213,HWT,LUNI,NWR,rail_fracture,A,2025-10-26,2025-10-26,0,visual_patrol,5.1,True,Engineering
TMS005018,COR02909,NLBR,KTGM,NFR,points_crossing_wear,C,2024-02-19,2023-12-19,62,track_recording_car,3.7,True,Engineering
TMS005019,COR00137,KNAR,AIA,NWR,rail_wear,C,2024-11-15,2024-03-18,242,track_recording_car,3.7,True,Engineering
TMS005020,COR04320,TRM,KMU,SR,alignment_deviation,C,2024-02-19,2024-02-07,12,visual_patrol,4.3,True,Engineering
TMS005021,COR04143,PPNS,KPQ,SR,points_crossing_wear,B,2025-08-18,2025-08-16,2,visual_patrol,4.0,True,Engineering
TMS005022,COR05624,KLMC,NVRD,CR,ballast_deficiency,C,2025-06-18,2025-06-03,15,visual_patrol,0.6,True,Engineering
TMS005023,COR06452,PCT,HTGR,WR,sleeper_defect,B,2024-05-01,2024-04-04,27,track_recording_car,2.9,True,Engineering
TMS005024,COR00086,BRLY,FA,NWR,formation_defect,B,2025-05-20,2025-05-14,6,visual_patrol,5.3,True,Engineering
TMS005025,COR00323,KSU,CHRA,SER,alignment_deviation,C,2024-06-30,2024-01-24,158,USFD_ultrasonic_flaw_detection,0.8,True,Engineering
TMS005026,COR04695,KOL,ROHA,KR,sleeper_defect,B,2024-08-06,2024-04-07,121,USFD_ultrasonic_flaw_detection,2.1,True,Engineering
TMS005027,COR04953,SNDD,KUDL,KR,rail_wear,C,2024-11-28,2024-11-22,6,manual_gauge_check,5.4,True,Engineering
TMS005028,COR03295,AEK,HSRA,SWR,rail_wear,C,2025-05-23,2025-05-19,4,visual_patrol,1.1,True,Engineering
TMS005029,COR02662,SUCH,CAPE,SR,alignment_deviation,C,2024-01-03,2024-01-01,2,visual_patrol,1.9,True,Engineering
TMS005030,COR05124,SGRR,BLA,NR,points_crossing_wear,B,2025-02-18,2025-02-15,3,visual_patrol,4.3,True,Engineering
TMS005031,COR02084,TTR,SSNH,SWR,sleeper_defect,B,2024-04-26,2024-02-25,61,manual_gauge_check,2.7,True,Engineering
TMS005032,COR02265,PRBZ,PPN,ECR,sleeper_defect,B,2024-10-14,2024-06-21,115,visual_patrol,3.7,True,Engineering
TMS005033,COR03823,BXP,BHGN,NFR,rail_wear,C,2024-05-08,2024-05-04,4,track_recording_car,5.9,True,Engineering
TMS005034,COR05362,MFQ,DMYA,WCR,weld_failure,A,2024-06-22,2024-06-21,1,track_recording_car,0.6,True,Engineering
TMS005035,COR02410,PPLI,KNLS,WR,ballast_deficiency,C,2025-08-21,2025-08-11,10,visual_patrol,1.0,True,Engineering
TMS005036,COR01367,CDK,KLRD,WR,points_crossing_wear,B,2024-08-10,2023-07-22,385,manual_gauge_check,4.2,True,Engineering
TMS005037,COR01096,NDM,UPL,SCR,ballast_deficiency,C,2024-06-29,2024-06-28,1,visual_patrol,2.1,True,Engineering
TMS005038,COR00269,KTZ,DKI,WCR,formation_defect,B,2025-11-16,2025-11-09,7,track_recording_car,2.9,True,Engineering
TMS005039,COR04290,RKI,MDF,SER,formation_defect,B,2024-12-03,2024-09-13,81,USFD_ultrasonic_flaw_detection,1.7,True,Engineering
TMS005040,COR02884,VVB,DSA,NR,sleeper_defect,B,2025-10-31,2025-10-25,6,visual_patrol,4.4,True,Engineering
TMS005041,COR00561,MOTC,RWL,NR,rail_wear,C,2024-06-09,2024-05-30,10,manual_gauge_check,2.1,True,Engineering
TMS005042,COR03270,AED,FTS,NCR,ballast_deficiency,C,2024-04-24,2023-11-04,172,track_recording_car,2.8,True,Engineering
TMS005043,COR00024,KNKT,SDD,WR,points_crossing_wear,B,2025-01-22,2025-01-22,0,manual_gauge_check,2.8,True,Engineering
TMS005044,COR05417,MAY,SPPR,NR,sleeper_defect,B,2025-01-13,2024-12-12,32,manual_gauge_check,2.5,True,Engineering
TMS005045,COR02815,PLG,UOI,WR,points_crossing_wear,B,2025-10-05,2025-09-14,21,track_recording_car,4.5,True,Engineering
TMS005046,COR00067,KRJD,CTT,NWR,ballast_deficiency,C,2024-09-16,2024-09-10,6,visual_patrol,5.7,True,Engineering
TMS005047,COR04156,KALD,KLAD,SR,points_crossing_wear,B,2024-02-14,2024-02-02,12,visual_patrol,4.4,True,Engineering
TMS005048,COR07854,GARA,DUMR,ECR,ballast_deficiency,C,2024-12-18,2024-08-10,130,track_recording_car,1.6,True,Engineering
TMS005049,COR02093,ABGT,RGI,SWR,points_crossing_wear,B,2025-12-23,2025-10-31,53,USFD_ultrasonic_flaw_detection,3.2,True,Engineering
TMS005050,COR00085,JWB,BRLY,NWR,sleeper_defect,B,2024-09-01,2024-07-19,44,manual_gauge_check,2.0,True,Engineering
TMS005051,COR00628,CVV,KI,SCR,points_crossing_wear,B,2024-12-21,2024-11-03,48,visual_patrol,1.0,True,Engineering
TMS005052,COR04378,RMD,VTV,SR,points_crossing_wear,B,2024-05-28,2024-04-03,55,manual_gauge_check,0.6,True,Engineering
TMS005053,COR01338,ABR,MAA,NWR,points_crossing_wear,B,2025-11-20,2025-09-20,61,visual_patrol,4.4,True,Engineering
TMS005054,COR02320,NRGR,DWX,WR,sleeper_defect,B,2024-11-24,2024-11-23,1,visual_patrol,4.6,True,Engineering
TMS005055,COR05746,ANP,NID,SR,formation_defect,B,2025-10-29,2025-10-28,1,visual_patrol,5.2,True,Engineering
TMS005056,COR08402,JBW,BRW,NR,weld_failure,A,2024-03-27,2024-03-19,8,manual_gauge_check,4.7,True,Engineering
TMS005057,COR01891,GLA,GUU,SCR,ballast_deficiency,C,2025-10-18,2025-10-16,2,visual_patrol,5.3,True,Engineering
TMS005058,COR03649,PCU,PSLP,SCR,rail_wear,C,2025-07-12,2025-07-03,9,visual_patrol,2.9,True,Engineering
TMS005059,COR01966,VRL,ADE,WR,sleeper_defect,B,2024-03-10,2024-02-27,12,visual_patrol,5.5,True,Engineering
TMS005060,COR02210,BGKT,BANE,NWR,ballast_deficiency,B,2024-03-03,2024-03-02,1,manual_gauge_check,3.7,True,Engineering
TMS005061,COR03523,KRUR,TNLR,SR,alignment_deviation,C,2024-05-09,2024-02-29,70,USFD_ultrasonic_flaw_detection,1.9,True,Engineering
TMS005062,COR02744,VRLR,NJT,SR,sleeper_defect,B,2024-08-17,2024-08-13,4,visual_patrol,6.0,True,Engineering
TMS005063,COR01154,BY,SNRD,CR,weld_failure,A,2024-05-10,2024-05-10,0,USFD_ultrasonic_flaw_detection,4.8,True,Engineering
TMS005064,COR01633,TTR,BNK,SWR,alignment_deviation,C,2025-08-06,2025-02-04,183,visual_patrol,4.2,True,Engineering
TMS005065,COR01715,CTHR,MJG,WCR,sleeper_defect,B,2024-01-15,2024-01-07,8,visual_patrol,2.2,True,Engineering
TMS005066,COR02340,VAL,JND,WR,rail_wear,C,2025-09-27,2025-07-27,62,visual_patrol,1.8,True,Engineering
TMS005067,COR03028,ALL,SEQ,NR,ballast_deficiency,C,2025-03-24,2024-08-11,225,visual_patrol,1.9,True,Engineering
TMS005068,COR05126,CHKB,KNDI,NR,sleeper_defect,B,2024-03-10,2024-02-22,17,manual_gauge_check,4.5,True,Engineering
TMS005069,COR04298,DLR,PPH,NER,alignment_deviation,C,2024-09-02,2024-08-25,8,USFD_ultrasonic_flaw_detection,2.3,True,Engineering
TMS005070,COR05128,BNGL,MEX,NR,points_crossing_wear,B,2024-08-26,2024-06-05,82,visual_patrol,5.8,True,Engineering
TMS005071,COR00746,JKN,SDT,NER,weld_failure,A,2024-09-02,2024-06-19,75,USFD_ultrasonic_flaw_detection,2.2,False,Engineering
TMS005072,COR00624,MDR,TNGM,SCR,ballast_deficiency,C,2025-07-02,2024-11-21,223,track_recording_car,2.2,True,Engineering
TMS005073,COR02425,BAY,HDD,SWR,alignment_deviation,C,2025-10-13,2025-07-18,87,USFD_ultrasonic_flaw_detection,3.5,True,Engineering
TMS005074,COR00686,KEB,BLD,WR,rail_wear,C,2024-06-18,2024-04-01,78,visual_patrol,4.9,True,Engineering
TMS005075,COR01613,KAG,MYK,SWR,points_crossing_wear,B,2024-03-28,2024-01-04,84,visual_patrol,2.7,True,Engineering
TMS005076,COR01764,PDZ,COO,WCR,weld_failure,A,2024-03-28,2024-03-13,15,visual_patrol,3.4,True,Engineering
TMS005077,COR00228,MYR,BUU,WCR,rail_fracture,A,2025-08-05,2025-08-03,2,track_recording_car,1.1,True,Engineering
TMS005078,COR05131,BPRS,KKL,NR,alignment_deviation,C,2025-09-24,2025-09-12,12,track_recording_car,3.4,True,Engineering
TMS005079,COR04023,GRJA,OKD,WR,sleeper_defect,B,2025-05-29,2025-05-27,2,visual_patrol,2.2,True,Engineering
TMS005080,COR03035,PUL,LHM,NR,ballast_deficiency,C,2025-03-26,2025-03-13,13,visual_patrol,4.3,True,Engineering
TMS005081,COR04920,SMNE,RSYI,CR,weld_failure,A,2025-04-16,2025-02-14,61,USFD_ultrasonic_flaw_detection,2.3,True,Engineering
TMS005082,COR03660,NDM,RMV,SCR,ballast_deficiency,C,2024-01-27,2024-01-26,1,track_recording_car,1.5,True,Engineering
TMS005083,COR00733,SRVX,MAO,KR,sleeper_defect,B,2025-05-04,2025-04-25,9,manual_gauge_check,5.0,True,Engineering
TMS005084,COR00233,PTWA,KTE,WCR,alignment_deviation,C,2024-03-08,2024-03-03,5,USFD_ultrasonic_flaw_detection,5.0,True,Engineering
TMS005085,COR01936,SCO,UPR,SCR,alignment_deviation,C,2025-03-21,2025-03-21,0,USFD_ultrasonic_flaw_detection,4.1,False,Engineering
TMS005086,COR02894,KNW,BMA,CR,alignment_deviation,C,2024-10-31,2024-10-19,12,visual_patrol,3.5,True,Engineering
TMS005087,COR05496,BEU,PDR,NER,ballast_deficiency,C,2025-01-04,2024-12-28,7,visual_patrol,4.3,True,Engineering
TMS005088,COR03948,KMAE,JIT,ER,ballast_deficiency,C,2024-12-11,2024-12-06,5,manual_gauge_check,4.3,True,Engineering
TMS005089,COR04270,KARD,KHBV,CR,points_crossing_wear,B,2025-08-07,2025-06-07,61,track_recording_car,4.7,True,Engineering
TMS005090,COR00775,KIP,KWMD,NR,alignment_deviation,C,2025-01-13,2025-01-09,4,USFD_ultrasonic_flaw_detection,1.5,True,Engineering
TMS005091,COR01028,LPN,CPK,NFR,rail_wear,C,2025-02-09,2025-02-03,6,manual_gauge_check,3.9,True,Engineering
TMS005092,COR04565,SUIA,SD,NER,rail_wear,C,2025-10-09,2025-09-26,13,manual_gauge_check,2.2,True,Engineering
TMS005093,COR03910,KLWN,TUN,NR,rail_wear,C,2024-07-17,2024-07-05,12,track_recording_car,4.8,False,Engineering
TMS005094,COR04195,SDLP,HR,NWR,points_crossing_wear,B,2024-10-08,2024-10-08,0,visual_patrol,6.0,True,Engineering
TMS005095,COR02974,MAHE,MUKE,SR,alignment_deviation,C,2024-09-29,2024-09-24,5,USFD_ultrasonic_flaw_detection,5.8,True,Engineering
TMS005096,COR04482,HRD,DRHI,WCR,ballast_deficiency,C,2024-06-22,2024-03-29,85,visual_patrol,3.7,True,Engineering
TMS005097,COR02152,MLHS,MTMY,SR,alignment_deviation,A,2025-08-29,2025-08-25,4,USFD_ultrasonic_flaw_detection,1.6,True,Engineering
TMS005098,COR07171,DWLE,HPLE,ER,rail_wear,C,2025-11-13,2025-11-13,0,manual_gauge_check,4.2,True,Engineering
TMS005099,COR01607,RNR,CLI,SWR,ballast_deficiency,C,2025-10-05,2025-10-04,1,manual_gauge_check,3.3,False,Engineering
TMS005100,COR00145,IHP,PTRD,NR,alignment_deviation,C,2025-11-29,2025-11-19,10,manual_gauge_check,2.0,True,Engineering
TMS005101,COR00064,CHP,UM,WR,alignment_deviation,C,2024-08-04,2024-07-27,8,manual_gauge_check,2.8,False,Engineering
TMS005102,COR02215,KAI,PMY,NWR,ballast_deficiency,C,2024-12-18,2024-07-19,152,visual_patrol,2.3,True,Engineering
TMS005103,COR03258,SMBJ,HAN,WCR,formation_defect,B,2025-09-01,2025-06-17,76,track_recording_car,1.1,True,Engineering
TMS005104,COR08027,LAT,KJV,WR,rail_wear,C,2024-08-28,2024-08-26,2,visual_patrol,0.9,True,Engineering
TMS005105,COR01367,CDK,KLRD,WR,formation_defect,B,2025-08-10,2024-11-04,279,visual_patrol,4.0,True,Engineering
TMS005106,COR00092,SOS,BWA,NWR,points_crossing_wear,A,2024-04-19,2024-04-19,0,track_recording_car,2.4,False,Engineering
TMS005107,COR03298,RYC,MZU,SWR,rail_wear,C,2024-08-03,2024-06-11,53,USFD_ultrasonic_flaw_detection,2.5,True,Engineering
TMS005108,COR00682,ATUL,PAD,WR,ballast_deficiency,C,2024-01-04,2024-01-03,1,manual_gauge_check,2.8,False,Engineering
TMS005109,COR01683,GPC,BELD,WCR,ballast_deficiency,C,2024-01-30,2014-02-10,3641,visual_patrol,1.5,True,Engineering
TMS005110,COR06907,DHPD,NLSF,ER,alignment_deviation,C,2025-07-13,2025-04-17,87,track_recording_car,3.6,False,Engineering
TMS005111,COR04683,KMAH,CHI,KR,points_crossing_wear,B,2024-02-14,2024-01-30,15,visual_patrol,2.0,False,Engineering
TMS005112,COR01485,DHRY,LKA,NFR,sleeper_defect,B,2024-08-03,2024-05-07,88,visual_patrol,2.1,True,Engineering
TMS005113,COR05525,BQG,PRTL,ER,formation_defect,B,2024-04-12,2024-02-19,53,visual_patrol,4.0,True,Engineering
TMS005114,COR00686,KEB,BLD,WR,weld_failure,C,2024-03-16,2023-12-17,90,track_recording_car,5.0,True,Engineering
TMS005115,COR01904,MTV,BIDR,SCR,rail_fracture,A,2024-03-15,2021-05-14,1036,manual_gauge_check,5.5,True,Engineering
TMS005116,COR02303,MOZ,JDW,NR,rail_wear,C,2025-12-12,2025-10-24,49,manual_gauge_check,3.8,True,Engineering
TMS005117,COR00053,DNW,KYSD,WR,rail_wear,C,2024-11-30,2024-10-27,34,track_recording_car,4.8,True,Engineering
TMS005118,COR01438,DPL,LAK,ECR,points_crossing_wear,B,2024-02-16,2023-11-23,85,visual_patrol,0.6,True,Engineering
TMS005119,COR00694,BOR,UOI,WR,weld_failure,C,2025-08-03,2025-05-27,68,USFD_ultrasonic_flaw_detection,2.2,True,Engineering
TMS005120,COR03660,NDM,RMV,SCR,sleeper_defect,B,2024-07-12,2024-03-04,130,visual_patrol,0.6,True,Engineering
TMS005121,COR03655,VPG,IDP,SCR,weld_failure,A,2025-07-20,2025-07-18,2,visual_patrol,4.4,True,Engineering
TMS005122,COR00251,KKB,BELD,WCR,alignment_deviation,B,2024-11-07,2024-10-27,11,track_recording_car,1.1,False,Engineering
TMS005123,COR06910,MGLE,LGL,ER,weld_failure,A,2024-01-09,2024-01-06,3,manual_gauge_check,3.7,True,Engineering
TMS005124,COR00606,CLE,YGL,SCR,ballast_deficiency,C,2024-11-26,2024-10-23,34,manual_gauge_check,2.9,True,Engineering
TMS005125,COR00295,NB,SAV,CR,ballast_deficiency,C,2025-07-09,2025-04-12,88,USFD_ultrasonic_flaw_detection,0.8,True,Engineering
TMS005126,COR02957,PKNS,DNDI,SCR,formation_defect,B,2024-04-20,2024-04-12,8,USFD_ultrasonic_flaw_detection,2.9,True,Engineering
TMS005127,COR05409,IBL,MYX,SER,ballast_deficiency,C,2025-09-05,2025-09-04,1,USFD_ultrasonic_flaw_detection,2.4,True,Engineering
TMS005128,COR06196,PSK,LDE,SECR,sleeper_defect,A,2025-07-31,2025-07-18,13,visual_patrol,1.0,True,Engineering
TMS005129,COR03080,VEK,TKT,SR,rail_fracture,C,2024-05-05,2024-05-05,0,USFD_ultrasonic_flaw_detection,3.7,True,Engineering
TMS005130,COR07524,CNN,LOD,WR,formation_defect,B,2024-07-10,2024-07-03,7,visual_patrol,4.5,True,Engineering
TMS005131,COR07641,BARU,JNM,ER,sleeper_defect,B,2024-10-15,2024-10-06,9,visual_patrol,1.4,True,Engineering
TMS005132,COR00084,MOI,JWB,NWR,sleeper_defect,B,2024-07-23,2024-05-28,56,USFD_ultrasonic_flaw_detection,6.0,True,Engineering
TMS005133,COR04377,SQD,RMD,SR,rail_fracture,A,2024-06-14,2024-06-06,8,USFD_ultrasonic_flaw_detection,0.9,True,Engineering
TMS005134,COR01742,HKH,RAU,WR,ballast_deficiency,C,2025-12-17,2025-12-17,0,USFD_ultrasonic_flaw_detection,1.5,True,Engineering
TMS005135,COR06048,MLN,ALNP,NER,rail_wear,C,2024-12-24,2024-12-22,2,track_recording_car,5.5,True,Engineering
TMS005136,COR04133,TIR,TA,SR,alignment_deviation,B,2025-08-30,2025-08-21,9,visual_patrol,5.9,True,Engineering
TMS005137,COR02991,VLI,PGI,SR,ballast_deficiency,C,2025-05-10,2025-05-07,3,visual_patrol,3.5,True,Engineering
TMS005138,COR04354,KALN,AUS,NWR,sleeper_defect,B,2025-11-10,2025-11-09,1,visual_patrol,5.4,True,Engineering
TMS005139,COR03118,BQP,TKRP,NR,sleeper_defect,B,2025-10-31,2025-10-28,3,USFD_ultrasonic_flaw_detection,4.5,True,Engineering
TMS005140,COR01351,KMLI,UJA,WR,ballast_deficiency,C,2024-04-19,2024-03-03,47,visual_patrol,5.8,False,Engineering
TMS005141,COR00483,KKN,KRO,WCR,sleeper_defect,A,2024-03-07,2023-07-17,234,visual_patrol,0.6,True,Engineering
TMS005142,COR00234,MDRR,NWR,WCR,sleeper_defect,B,2024-09-11,2024-09-02,9,USFD_ultrasonic_flaw_detection,3.1,True,Engineering
TMS005143,COR03531,RNIR,BIK,NER,rail_wear,C,2024-05-16,2024-04-13,33,manual_gauge_check,5.8,True,Engineering
TMS005144,COR03288,BMLL,KHRK,NWR,sleeper_defect,B,2025-09-29,2025-07-24,67,manual_gauge_check,3.1,True,Engineering
TMS005145,COR06941,SXE,BKDE,NR,rail_wear,C,2025-10-25,2025-10-12,13,track_recording_car,0.9,True,Engineering
TMS005146,COR00059,BHU,UJA,WR,sleeper_defect,B,2025-04-07,2025-03-26,12,visual_patrol,3.0,True,Engineering
TMS005147,COR00715,JOS,ADH,WR,sleeper_defect,A,2025-09-22,2025-09-19,3,manual_gauge_check,3.2,True,Engineering
TMS005148,COR06523,KLWL,PJK,NR,sleeper_defect,B,2024-05-27,2024-05-25,2,manual_gauge_check,4.8,True,Engineering
TMS005149,COR04641,BKJ,KUDA,KR,rail_fracture,A,2025-08-06,2025-07-26,11,track_recording_car,1.8,True,Engineering
TMS005150,COR00485,BRI,MUO,WCR,alignment_deviation,B,2025-02-20,2025-02-17,3,manual_gauge_check,5.7,True,Engineering
TMS005151,COR01770,MLZ,MXL,WCR,alignment_deviation,C,2025-02-27,2025-02-18,9,USFD_ultrasonic_flaw_detection,0.7,True,Engineering
TMS005152,COR02885,DSA,DLI,NR,points_crossing_wear,B,2024-04-22,2024-04-20,2,visual_patrol,3.2,False,Engineering
TMS005153,COR00470,NB,RV,CR,points_crossing_wear,B,2025-10-24,2025-10-14,10,visual_patrol,5.6,True,Engineering
TMS005154,COR00648,SBH,SUL,SWR,ballast_deficiency,C,2024-12-13,2024-04-12,245,track_recording_car,3.5,False,Engineering
TMS005155,COR03863,BHGH,AG,ER,alignment_deviation,C,2025-04-17,2025-04-09,8,USFD_ultrasonic_flaw_detection,3.2,False,Engineering
TMS005156,COR02394,WKR,WKRC,WR,rail_fracture,A,2024-03-10,2024-03-08,2,manual_gauge_check,5.0,True,Engineering
TMS005157,COR00987,NZR,MZA,NFR,ballast_deficiency,A,2025-06-05,2025-04-17,49,USFD_ultrasonic_flaw_detection,1.4,True,Engineering
TMS005158,COR00771,TJNR,JSKA,NR,points_crossing_wear,B,2024-10-20,2024-10-19,1,visual_patrol,4.7,True,Engineering
TMS005159,COR04038,RJI,ARJ,NER,weld_failure,A,2025-06-22,2025-06-20,2,visual_patrol,3.2,True,Engineering
TMS005160,COR00721,BA,MM,WR,alignment_deviation,C,2025-06-14,2025-04-03,72,track_recording_car,2.6,True,Engineering
TMS005161,COR05593,LMD,PDL,SCR,formation_defect,B,2025-10-17,2025-09-18,29,USFD_ultrasonic_flaw_detection,4.9,True,Engineering
TMS005162,COR01376,AYM,TVR,SR,sleeper_defect,B,2024-12-09,2024-12-03,6,visual_patrol,4.7,True,Engineering
TMS005163,COR01565,KRD,SNE,CR,sleeper_defect,B,2025-09-07,2025-06-25,74,track_recording_car,0.8,False,Engineering
TMS005164,COR03093,RGD,SILO,ECR,alignment_deviation,C,2024-01-28,2024-01-22,6,manual_gauge_check,0.9,True,Engineering
TMS005165,COR04332,FSW,SDS,NWR,ballast_deficiency,C,2025-08-24,2025-08-13,11,visual_patrol,4.0,True,Engineering
TMS005166,COR02723,BNKJ,MLN,NER,sleeper_defect,B,2025-01-09,2024-12-29,11,visual_patrol,4.1,True,Engineering
TMS005167,COR01467,NNGE,PHI,NFR,alignment_deviation,C,2025-03-17,2025-03-06,11,visual_patrol,5.6,True,Engineering
TMS005168,COR05845,MSQ,RNV,NWR,alignment_deviation,C,2024-06-07,2024-05-29,9,USFD_ultrasonic_flaw_detection,1.2,True,Engineering
TMS005169,COR00663,HBP,MOG,ECR,rail_fracture,B,2024-02-12,2024-01-31,12,USFD_ultrasonic_flaw_detection,2.6,True,Engineering
TMS005170,COR00226,LGCE,UHR,WCR,alignment_deviation,C,2025-04-17,2025-01-26,81,USFD_ultrasonic_flaw_detection,3.9,True,Engineering
TMS005171,COR00774,IHP,KIP,NR,ballast_deficiency,C,2024-04-30,2024-04-25,5,track_recording_car,2.4,True,Engineering
TMS005172,COR07948,VLDR,PCC,WR,ballast_deficiency,C,2025-03-08,2025-03-08,0,track_recording_car,0.7,False,Engineering
TMS005173,COR01715,CTHR,MJG,WCR,formation_defect,B,2025-07-07,2025-05-10,58,USFD_ultrasonic_flaw_detection,2.0,True,Engineering
TMS005174,COR00714,GMN,JOS,WR,ballast_deficiency,C,2024-02-04,2024-02-04,0,track_recording_car,4.2,True,Engineering
TMS005175,COR02806,MIRA,BYR,WR,sleeper_defect,B,2024-05-27,2024-05-14,13,visual_patrol,1.5,True,Engineering
TMS005176,COR00428,CVB,ALW,SCR,rail_wear,C,2025-04-29,2025-04-17,12,USFD_ultrasonic_flaw_detection,1.5,True,Engineering
TMS005177,COR00103,GRI,HP,NWR,points_crossing_wear,B,2025-11-26,2025-11-18,8,track_recording_car,2.0,True,Engineering
TMS005178,COR00126,BU,SRRG,NWR,alignment_deviation,C,2025-04-11,2025-04-10,1,USFD_ultrasonic_flaw_detection,1.4,True,Engineering
TMS005179,COR00945,VMP,CDM,SR,rail_wear,C,2025-02-13,2025-02-07,6,USFD_ultrasonic_flaw_detection,2.1,True,Engineering
TMS005180,COR01744,RJQ,LKMN,WR,weld_failure,A,2025-10-18,2016-12-13,3231,USFD_ultrasonic_flaw_detection,5.3,True,Engineering
TMS005181,COR00706,BSR,NIG,WR,points_crossing_wear,B,2024-03-06,2024-03-03,3,manual_gauge_check,0.7,True,Engineering
TMS005182,COR03620,BNA,BNP,SWR,points_crossing_wear,B,2024-06-17,2024-06-06,11,visual_patrol,3.1,True,Engineering
TMS005183,COR01069,BPG,PNGM,NFR,alignment_deviation,C,2025-10-06,2025-09-29,7,visual_patrol,2.0,True,Engineering
TMS005184,COR01751,JJA,RKR,WCR,ballast_deficiency,A,2025-03-04,2024-09-08,177,visual_patrol,4.5,True,Engineering
TMS005185,COR03048,TY,SRT,SR,weld_failure,A,2024-02-27,2024-02-12,15,visual_patrol,5.4,True,Engineering
TMS005186,COR01701,KTE,PTWA,WCR,alignment_deviation,C,2024-11-15,2024-10-26,20,USFD_ultrasonic_flaw_detection,2.6,True,Engineering
TMS005187,COR06906,KGLE,DHPD,ER,alignment_deviation,C,2024-09-26,2024-07-26,62,visual_patrol,3.7,True,Engineering
TMS005188,COR04537,SMBX,GHGL,NR,ballast_deficiency,C,2025-04-14,2025-04-01,13,manual_gauge_check,0.7,True,Engineering
TMS005189,COR01410,MPLM,PGR,SR,alignment_deviation,C,2024-07-10,2024-06-26,14,manual_gauge_check,2.0,True,Engineering
TMS005190,COR04292,MDKD,DMA,SER,rail_wear,C,2024-03-29,2024-03-18,11,visual_patrol,3.8,False,Engineering
TMS005191,COR01400,MUQ,KLT,SR,sleeper_defect,B,2025-05-11,2024-07-18,297,USFD_ultrasonic_flaw_detection,4.7,True,Engineering
TMS005192,COR02200,DYS,NNN,SR,ballast_deficiency,C,2025-11-28,2025-10-22,37,USFD_ultrasonic_flaw_detection,4.9,True,Engineering
TMS005193,COR01768,NNW,NMD,WCR,ballast_deficiency,C,2024-12-22,2024-12-18,4,visual_patrol,1.9,True,Engineering
TMS005194,COR01484,HJI,DHRY,NFR,alignment_deviation,C,2025-02-18,2025-02-03,15,visual_patrol,3.2,True,Engineering
TMS005195,COR00988,MZA,NMT,NFR,rail_wear,C,2025-03-22,2025-03-15,7,USFD_ultrasonic_flaw_detection,3.2,True,Engineering
TMS005196,COR00785,GAL,PSL,NWR,formation_defect,A,2025-04-28,2025-03-19,40,USFD_ultrasonic_flaw_detection,2.7,True,Engineering
TMS005197,COR01616,JRU,HLK,SWR,formation_defect,B,2025-01-26,2025-01-14,12,USFD_ultrasonic_flaw_detection,0.6,False,Engineering
TMS005198,COR02154,MNDY,GWYR,SR,sleeper_defect,B,2024-07-09,2024-07-08,1,manual_gauge_check,3.2,True,Engineering
TMS005199,COR02974,MAHE,MUKE,SR,formation_defect,B,2024-01-06,2023-12-22,15,USFD_ultrasonic_flaw_detection,3.6,True,Engineering
TMS005200,COR00730,SKVL,CSM,SWR,alignment_deviation,C,2025-04-28,2025-03-16,43,visual_patrol,5.0,True,Engineering
TMS005201,COR02804,BVI,DIC,WR,points_crossing_wear,B,2025-09-29,2025-07-11,80,visual_patrol,3.6,True,Engineering
TMS005202,COR02265,PRBZ,PPN,ECR,sleeper_defect,B,2025-02-08,2024-12-23,47,track_recording_car,5.3,True,Engineering
TMS005203,COR00490,TBN,CGO,WCR,ballast_deficiency,C,2025-09-23,2025-09-21,2,manual_gauge_check,3.9,True,Engineering
TMS005204,COR05804,RMH,SOG,NWR,sleeper_defect,C,2025-09-06,2025-09-06,0,USFD_ultrasonic_flaw_detection,4.5,True,Engineering
TMS005205,COR02997,PEU,PUM,SR,ballast_deficiency,C,2024-11-05,2024-10-28,8,visual_patrol,1.2,True,Engineering
TMS005206,COR02872,SKX,KPV,NER,weld_failure,A,2024-07-02,2024-04-16,77,visual_patrol,1.3,True,Engineering
TMS005207,COR08338,BTKB,STB,ER,ballast_deficiency,C,2025-09-25,2025-07-21,66,manual_gauge_check,1.5,False,Engineering
TMS005208,COR02800,JOS,GMN,WR,rail_wear,C,2024-12-12,2024-11-30,12,manual_gauge_check,5.9,True,Engineering
TMS005209,COR01862,BDHY,CHNR,NR,points_crossing_wear,B,2024-11-28,2023-10-31,394,manual_gauge_check,1.7,True,Engineering
TMS005210,COR01876,KI,CVV,SCR,alignment_deviation,C,2024-11-27,2024-01-04,328,manual_gauge_check,4.0,True,Engineering
TMS005211,COR04116,ALL,DUI,NR,rail_wear,C,2025-06-08,2023-04-17,783,visual_patrol,5.5,True,Engineering
TMS005212,COR00022,BLWR,KHC,WR,ballast_deficiency,C,2025-07-04,2025-07-02,2,visual_patrol,2.7,False,Engineering
TMS005213,COR05058,TKBN,VP,SWR,alignment_deviation,C,2024-03-05,2024-02-24,10,manual_gauge_check,3.0,True,Engineering
TMS005214,COR01858,BHRL,SJNP,NR,alignment_deviation,C,2024-03-18,2023-12-19,90,manual_gauge_check,3.8,False,Engineering
TMS005215,COR01830,JTS,KGBS,NWR,sleeper_defect,A,2024-10-08,2024-09-26,12,manual_gauge_check,3.6,True,Engineering
TMS005216,COR04544,MDPB,SJNP,NR,formation_defect,B,2024-10-02,2024-10-02,0,visual_patrol,4.2,False,Engineering
TMS005217,COR01268,DHPR,LLU,NR,weld_failure,A,2025-05-24,2025-05-21,3,USFD_ultrasonic_flaw_detection,4.7,True,Engineering
TMS005218,COR01090,BGM,DUR,SWR,ballast_deficiency,A,2025-10-23,2025-09-21,32,visual_patrol,4.4,True,Engineering
TMS005219,COR02151,MTCN,MLHS,SR,rail_wear,C,2024-01-29,2023-01-08,386,manual_gauge_check,1.9,True,Engineering
TMS005220,COR02021,KFK,MBS,NER,weld_failure,A,2025-07-07,2025-05-06,62,visual_patrol,3.6,True,Engineering
TMS005221,COR04042,BSCK,NDJ,NER,ballast_deficiency,C,2024-07-31,2024-07-21,10,track_recording_car,2.3,False,Engineering
TMS005222,COR01379,TMU,KDE,SR,sleeper_defect,B,2024-08-18,2024-06-26,53,visual_patrol,2.9,True,Engineering
TMS005223,COR03482,KHOH,BIP,NCR,formation_defect,B,2024-12-22,2024-12-16,6,visual_patrol,4.0,True,Engineering
TMS005224,COR05184,PFT,PPN,ECR,alignment_deviation,C,2024-06-19,2023-07-05,350,visual_patrol,1.1,True,Engineering
TMS005225,COR02639,THP,BIJ,ER,rail_wear,C,2025-07-06,2025-06-24,12,visual_patrol,5.7,True,Engineering
TMS005226,COR03962,PSAE,MTFA,ER,ballast_deficiency,C,2024-12-20,2024-12-11,9,USFD_ultrasonic_flaw_detection,4.2,True,Engineering
TMS005227,COR06656,SNTD,RUI,SER,rail_wear,C,2024-03-28,2024-01-07,81,USFD_ultrasonic_flaw_detection,1.5,False,Engineering
TMS005228,COR02838,MRL,SCH,WR,ballast_deficiency,C,2024-12-12,2024-11-29,13,visual_patrol,1.7,True,Engineering
TMS005229,COR01889,PPY,DKJ,SCR,alignment_deviation,C,2024-03-24,2024-01-19,65,USFD_ultrasonic_flaw_detection,2.9,True,Engineering
TMS005230,COR01087,SUL,SBH,SWR,ballast_deficiency,C,2025-01-26,2025-01-19,7,USFD_ultrasonic_flaw_detection,1.2,True,Engineering
TMS005231,COR02157,KTBR,INDR,SR,sleeper_defect,B,2024-03-20,2023-08-20,213,visual_patrol,3.0,True,Engineering
TMS005232,COR04250,URPR,PLP,NR,ballast_deficiency,C,2024-05-23,2024-05-09,14,manual_gauge_check,2.8,False,Engineering
TMS005233,COR04986,RAU,HKH,WR,ballast_deficiency,C,2024-03-07,2024-03-01,6,USFD_ultrasonic_flaw_detection,5.9,True,Engineering
TMS005234,COR05473,NGT,NPB,SR,points_crossing_wear,B,2025-12-07,2025-11-25,12,visual_patrol,5.8,True,Engineering
TMS005235,COR04382,MC,MMM,SR,weld_failure,A,2024-09-09,2024-07-11,60,manual_gauge_check,3.0,True,Engineering
TMS005236,COR04545,SJNP,BHRL,NR,ballast_deficiency,C,2025-12-23,2025-12-14,9,visual_patrol,5.2,False,Engineering
TMS005237,COR01083,GPB,GKK,SWR,ballast_deficiency,C,2025-05-03,2025-04-21,12,visual_patrol,2.4,True,Engineering
TMS005238,COR02829,ATUL,BL,WR,rail_fracture,A,2025-11-06,2025-10-26,11,track_recording_car,3.9,True,Engineering
TMS005239,COR01784,DRU,RRB,SWR,alignment_deviation,C,2024-06-13,2024-06-03,10,USFD_ultrasonic_flaw_detection,3.4,True,Engineering
TMS005240,COR06378,RKY,BKNG,WR,weld_failure,A,2024-11-12,2024-11-06,6,visual_patrol,2.5,True,Engineering
TMS005241,COR03441,SDLP,DKWA,NWR,points_crossing_wear,B,2025-02-23,2024-12-10,75,visual_patrol,2.5,False,Engineering
TMS005242,COR03803,CHPD,HAD,SR,formation_defect,B,2024-08-20,2024-08-12,8,USFD_ultrasonic_flaw_detection,2.7,True,Engineering
TMS005243,COR00623,MTMI,MDR,SCR,sleeper_defect,A,2025-01-14,2024-03-06,314,manual_gauge_check,5.8,True,Engineering
TMS005244,COR04163,TKOT,MAQ,SR,ballast_deficiency,C,2024-02-18,2024-02-07,11,USFD_ultrasonic_flaw_detection,3.6,True,Engineering
TMS005245,COR02297,TPZ,NGL,NR,formation_defect,B,2024-03-03,2024-02-25,7,USFD_ultrasonic_flaw_detection,4.5,True,Engineering
TMS005246,COR02398,KNKT,KHC,WR,ballast_deficiency,C,2025-12-18,2025-12-12,6,manual_gauge_check,3.9,False,Engineering
TMS005247,COR00270,DKI,BPF,WCR,rail_wear,C,2024-12-30,2024-12-28,2,visual_patrol,4.5,False,Engineering
TMS005248,COR00127,SRRG,RHG,NWR,sleeper_defect,B,2025-07-17,2025-07-13,4,manual_gauge_check,2.5,True,Engineering
TMS005249,COR01341,SZA,IQG,NWR,rail_wear,C,2025-10-13,2025-07-27,78,track_recording_car,6.0,True,Engineering
TMS005250,COR00688,SJN,UBR,WR,ballast_deficiency,C,2024-02-21,2024-02-14,7,manual_gauge_check,4.8,True,Engineering
TMS005251,COR01915,CKX,LTRR,SCR,alignment_deviation,C,2025-08-19,2025-08-19,0,visual_patrol,4.4,True,Engineering
TMS005252,COR04670,KKW,NAN,KR,rail_wear,C,2024-06-22,2024-06-07,15,manual_gauge_check,5.8,True,Engineering
TMS005253,COR04583,BUS,ATE,NCR,weld_failure,A,2025-05-26,2025-05-24,2,visual_patrol,1.3,True,Engineering
TMS005254,COR00208,LOG,SRJ,NCR,weld_failure,A,2025-09-25,2025-08-14,42,visual_patrol,1.5,True,Engineering
TMS005255,COR00162,DSA,VVB,NR,alignment_deviation,B,2024-06-29,2024-06-15,14,USFD_ultrasonic_flaw_detection,0.8,True,Engineering
TMS005256,COR01681,KY,NU,WCR,weld_failure,A,2024-09-15,2024-09-15,0,USFD_ultrasonic_flaw_detection,5.5,True,Engineering
TMS005257,COR03779,TUD,NAB,SECR,ballast_deficiency,C,2024-05-19,2024-05-10,9,manual_gauge_check,1.8,True,Engineering
TMS005258,COR06396,MBS,KFK,NER,alignment_deviation,C,2025-02-28,2025-01-04,55,visual_patrol,3.6,True,Engineering
TMS005259,COR03880,KRNH,SPV,SWR,points_crossing_wear,B,2024-04-01,2024-02-08,53,visual_patrol,1.1,True,Engineering
TMS005260,COR01769,NMD,MLZ,WCR,alignment_deviation,C,2025-08-18,2025-01-05,225,visual_patrol,2.5,True,Engineering
TMS005261,COR00859,MUE,SVN,SCR,rail_wear,C,2025-11-30,2025-11-15,15,USFD_ultrasonic_flaw_detection,5.4,False,Engineering
TMS005262,COR00691,GVD,DRD,WR,alignment_deviation,C,2025-12-21,2025-08-31,112,manual_gauge_check,5.5,True,Engineering
TMS005263,COR03912,HMQ,JHL,NR,ballast_deficiency,C,2024-06-12,2024-03-20,84,visual_patrol,2.6,True,Engineering
TMS005264,COR01889,PPY,DKJ,SCR,ballast_deficiency,C,2025-04-17,2025-04-05,12,manual_gauge_check,4.2,True,Engineering
TMS005265,COR00270,DKI,BPF,WCR,alignment_deviation,A,2025-07-08,2025-07-01,7,USFD_ultrasonic_flaw_detection,5.4,False,Engineering
TMS005266,COR03565,CJN,ANCR,SER,rail_wear,C,2025-04-05,2025-03-25,11,USFD_ultrasonic_flaw_detection,2.2,True,Engineering
TMS005267,COR01865,HRNR,GHGL,NR,ballast_deficiency,A,2024-12-23,2024-11-13,40,visual_patrol,4.8,True,Engineering
TMS005268,COR02411,KNLS,MDPR,WR,ballast_deficiency,C,2024-11-09,2024-10-04,36,manual_gauge_check,4.1,True,Engineering
TMS005269,COR03782,WSA,WDG,SECR,rail_wear,C,2025-10-10,2025-09-25,15,visual_patrol,0.9,True,Engineering
TMS005270,COR02901,KZT,KZTW,SR,points_crossing_wear,A,2025-05-05,2025-03-04,62,visual_patrol,5.4,True,Engineering
TMS005271,COR02971,DMD,TLY,SR,ballast_deficiency,C,2024-01-26,2023-12-30,27,visual_patrol,4.4,True,Engineering
TMS005272,COR00706,BSR,NIG,WR,points_crossing_wear,B,2024-08-09,2019-12-03,1711,manual_gauge_check,2.1,True,Engineering
TMS005273,COR05038,CIH,SOT,NER,formation_defect,B,2024-08-29,2024-08-24,5,manual_gauge_check,2.5,True,Engineering
TMS005274,COR01488,LKG,PKB,NFR,ballast_deficiency,C,2025-11-25,2025-02-21,277,visual_patrol,4.8,True,Engineering
TMS005275,COR01344,CTT,KRJD,NWR,points_crossing_wear,B,2025-12-08,2025-12-05,3,USFD_ultrasonic_flaw_detection,5.8,True,Engineering
TMS005276,COR00674,NVS,VDH,WR,weld_failure,A,2024-12-02,2024-09-19,74,USFD_ultrasonic_flaw_detection,0.8,True,Engineering
TMS005277,COR00930,BNCE,BNC,SWR,rail_wear,C,2025-08-10,2021-10-22,1388,visual_patrol,5.8,True,Engineering
TMS005278,COR00029,LXR,DL,WR,ballast_deficiency,C,2024-05-14,2024-04-29,15,USFD_ultrasonic_flaw_detection,0.9,False,Engineering
TMS005279,COR05778,MNGV,KSAI,WR,rail_wear,C,2024-11-30,2024-09-18,73,manual_gauge_check,5.4,True,Engineering
TMS005280,COR01885,CKN,PNDP,SCR,sleeper_defect,B,2025-11-01,2025-10-19,13,track_recording_car,1.6,True,Engineering
TMS005281,COR00635,BATL,KTMA,SECR,ballast_deficiency,C,2024-04-30,2024-04-25,5,manual_gauge_check,3.2,True,Engineering
TMS005282,COR00291,AGQ,BAU,CR,ballast_deficiency,C,2025-07-29,2025-05-30,60,visual_patrol,3.9,True,Engineering
TMS005283,COR01746,SFNR,INDM,WR,sleeper_defect,B,2025-09-04,2025-07-29,37,manual_gauge_check,2.3,True,Engineering
TMS005284,COR02822,UBR,SJN,WR,alignment_deviation,C,2025-05-25,2025-05-16,9,visual_patrol,1.6,True,Engineering
TMS005285,COR04935,DWV,KHED,KR,alignment_deviation,C,2024-12-23,2024-06-26,180,manual_gauge_check,5.6,True,Engineering
TMS005286,COR01625,DRU,BLKR,SWR,sleeper_defect,B,2025-08-20,2025-08-07,13,visual_patrol,4.2,True,Engineering
TMS005287,COR02161,PRGD,VLCY,SR,rail_fracture,A,2024-02-23,2024-02-12,11,visual_patrol,3.8,True,Engineering
TMS005288,COR01834,MGG,BLAX,WR,ballast_deficiency,C,2024-11-16,2024-11-16,0,USFD_ultrasonic_flaw_detection,5.3,True,Engineering
TMS005289,COR01832,INDB,LMNR,WR,sleeper_defect,B,2025-01-21,2025-01-13,8,manual_gauge_check,3.2,True,Engineering
TMS005290,COR04944,BOKE,RN,KR,points_crossing_wear,B,2025-02-21,2025-02-09,12,manual_gauge_check,4.3,True,Engineering
TMS005291,COR00721,BA,MM,WR,alignment_deviation,C,2024-02-02,2024-01-22,11,track_recording_car,1.1,True,Engineering
TMS005292,COR02086,HVL,ADHL,SWR,rail_fracture,A,2025-10-16,2025-09-27,19,USFD_ultrasonic_flaw_detection,1.5,True,Engineering
TMS005293,COR00660,SED,VJR,SWR,alignment_deviation,C,2024-09-28,2024-09-19,9,track_recording_car,2.6,False,Engineering
TMS005294,COR04919,PNVL,SMNE,CR,rail_wear,C,2024-10-27,2024-10-24,3,USFD_ultrasonic_flaw_detection,1.9,False,Engineering
TMS005295,COR03041,URL,KMD,SR,ballast_deficiency,C,2024-10-09,2024-08-12,58,visual_patrol,4.9,True,Engineering
TMS005296,COR04000,DGLE,SXP,ER,points_crossing_wear,B,2024-12-05,2024-10-21,45,USFD_ultrasonic_flaw_detection,4.1,True,Engineering
TMS005297,COR03018,KLI,DOC,NR,points_crossing_wear,B,2025-08-27,2025-06-17,71,visual_patrol,5.7,False,Engineering
TMS005298,COR03150,KHBV,KARD,CR,points_crossing_wear,B,2025-10-29,2025-10-14,15,track_recording_car,0.9,False,Engineering
TMS005299,COR02809,BSR,NSP,WR,rail_fracture,A,2025-08-11,2025-08-02,9,USFD_ultrasonic_flaw_detection,4.7,True,Engineering
TMS005300,COR01179,VRB,SLI,CR,points_crossing_wear,B,2025-08-01,2025-08-01,0,USFD_ultrasonic_flaw_detection,4.4,False,Engineering
TMS005301,COR00211,BRG,KTDD,NCR,formation_defect,B,2025-09-11,2020-12-26,1720,track_recording_car,4.0,True,Engineering
TMS005302,COR03255,COO,PDZ,WCR,rail_wear,C,2025-09-23,2025-09-12,11,USFD_ultrasonic_flaw_detection,4.8,True,Engineering
TMS005303,COR05816,PFM,SYC,NR,rail_wear,C,2024-04-01,2024-02-24,37,visual_patrol,2.1,True,Engineering
TMS005304,COR02327,CHU,OGM,SWR,ballast_deficiency,C,2024-11-24,2024-11-11,13,visual_patrol,0.7,True,Engineering
TMS005305,COR01927,DNDI,PKNS,SCR,ballast_deficiency,B,2024-05-03,2024-04-23,10,USFD_ultrasonic_flaw_detection,3.7,True,Engineering
TMS005306,COR04857,SCN,SONI,NCR,alignment_deviation,C,2025-08-16,2019-07-25,2214,manual_gauge_check,4.1,True,Engineering
TMS005307,COR05014,AMT,KYV,SR,sleeper_defect,B,2024-04-25,2024-04-17,8,visual_patrol,2.5,True,Engineering
TMS005308,COR04670,KKW,NAN,KR,ballast_deficiency,C,2025-01-03,2024-12-24,10,USFD_ultrasonic_flaw_detection,2.5,False,Engineering
TMS005309,COR02158,INDR,TYMR,SR,alignment_deviation,C,2024-05-19,2024-04-17,32,USFD_ultrasonic_flaw_detection,5.1,True,Engineering
TMS005310,COR01689,BRGT,KEQ,WCR,points_crossing_wear,B,2025-03-21,2025-03-21,0,manual_gauge_check,5.2,True,Engineering
TMS005311,COR02235,GNB,NYH,SWR,weld_failure,C,2025-11-04,2025-11-02,2,visual_patrol,5.6,True,Engineering
TMS005312,COR00991,SLX,LH,NFR,rail_wear,C,2024-12-08,2024-12-05,3,manual_gauge_check,3.1,True,Engineering
TMS005313,COR02860,GDG,LKT,SWR,rail_wear,C,2024-07-24,2023-09-21,307,visual_patrol,2.5,False,Engineering
TMS005314,COR03698,PBA,VSU,SER,ballast_deficiency,C,2025-12-24,2025-12-09,15,USFD_ultrasonic_flaw_detection,5.3,True,Engineering
TMS005315,COR02384,SUNR,CJR,WR,formation_defect,B,2024-05-02,2023-12-19,135,track_recording_car,1.8,True,Engineering
TMS005316,COR01456,JLM,NHM,WR,formation_defect,B,2024-08-28,2024-08-20,8,visual_patrol,0.9,False,Engineering
TMS005317,COR00048,CTRL,EN,WR,sleeper_defect,B,2025-05-30,2025-05-15,15,USFD_ultrasonic_flaw_detection,3.8,True,Engineering
TMS005318,COR04128,KODN,PUM,SR,sleeper_defect,B,2024-03-11,2023-12-21,81,visual_patrol,5.7,True,Engineering
TMS005319,COR00204,PFM,PRG,NR,points_crossing_wear,B,2024-10-15,2024-02-11,247,USFD_ultrasonic_flaw_detection,4.1,True,Engineering
TMS005320,COR05067,CHB,DKM,NFR,weld_failure,A,2024-04-10,2024-01-14,87,USFD_ultrasonic_flaw_detection,1.9,True,Engineering
TMS005321,COR00378,NDJ,BSCK,NER,alignment_deviation,C,2024-12-14,2016-05-11,3139,manual_gauge_check,3.8,True,Engineering
TMS005322,COR04420,KRKP,MGD,SWR,formation_defect,B,2024-04-09,2024-04-01,8,USFD_ultrasonic_flaw_detection,4.4,True,Engineering
TMS005323,COR04417,LKU,HDW,NER,alignment_deviation,C,2024-09-01,2024-04-15,139,USFD_ultrasonic_flaw_detection,4.2,True,Engineering
TMS005324,COR00134,GAL,KRH,NWR,rail_wear,C,2025-08-10,2025-05-26,76,visual_patrol,4.4,True,Engineering
TMS005325,COR02243,KRNR,KJS,SWR,ballast_deficiency,C,2025-02-22,2025-02-15,7,USFD_ultrasonic_flaw_detection,4.7,True,Engineering
TMS005326,COR03026,KLSX,DUI,NR,ballast_deficiency,C,2025-09-23,2024-10-18,340,USFD_ultrasonic_flaw_detection,2.5,True,Engineering
TMS005327,COR00622,BKL,MTMI,SCR,weld_failure,A,2025-03-03,2025-03-02,1,visual_patrol,3.3,False,Engineering
TMS005328,COR04696,ROHA,NIDI,CR,ballast_deficiency,C,2025-03-19,2025-01-14,64,visual_patrol,4.0,True,Engineering
TMS005329,COR04671,NAN,VBW,KR,sleeper_defect,B,2024-12-06,2024-11-29,7,visual_patrol,5.2,True,Engineering
TMS005330,COR01078,KUD,CNC,SWR,rail_wear,C,2024-11-30,2023-11-09,387,visual_patrol,1.2,True,Engineering
TMS005331,COR04919,PNVL,SMNE,CR,points_crossing_wear,B,2024-12-30,2024-11-12,48,visual_patrol,5.5,True,Engineering
TMS005332,COR04041,TRN,BSCK,NER,sleeper_defect,B,2025-11-05,2025-11-01,4,manual_gauge_check,0.8,True,Engineering
TMS005333,COR04459,BNQ,BNV,NFR,ballast_deficiency,C,2025-02-25,2025-02-14,11,visual_patrol,1.9,True,Engineering
TMS005334,COR01014,DPU,NLN,NFR,sleeper_defect,B,2024-11-08,2024-10-31,8,USFD_ultrasonic_flaw_detection,4.9,True,Engineering
TMS005335,COR02387,MOL,RA,WR,alignment_deviation,C,2025-12-21,2025-12-17,4,manual_gauge_check,4.7,True,Engineering
TMS005336,COR04539,HRNR,CKDL,NR,ballast_deficiency,C,2024-01-26,2024-01-19,7,visual_patrol,5.9,True,Engineering
TMS005337,COR02762,GZN,GUH,NR,ballast_deficiency,C,2025-03-23,2025-02-07,44,track_recording_car,3.9,True,Engineering
TMS005338,COR01002,BHGN,BXP,NFR,ballast_deficiency,C,2025-03-27,2025-03-23,4,track_recording_car,6.0,True,Engineering
TMS005339,COR00535,KQK,BFR,SR,ballast_deficiency,C,2024-07-27,2024-07-27,0,manual_gauge_check,4.2,True,Engineering
TMS005340,COR00290,CDI,AGQ,CR,ballast_deficiency,C,2024-05-29,2024-05-15,14,visual_patrol,2.1,True,Engineering
TMS005341,COR02156,KTPM,KTBR,SR,ballast_deficiency,C,2025-03-15,2024-11-18,117,visual_patrol,1.8,False,Engineering
TMS005342,COR02889,DRHI,HRD,WCR,formation_defect,B,2024-08-02,2024-07-19,14,visual_patrol,2.6,True,Engineering
TMS005343,COR00008,GOP,LPJ,WR,ballast_deficiency,C,2025-01-09,2024-02-18,326,visual_patrol,5.6,False,Engineering
TMS005344,COR04447,KFA,SBV,ECR,rail_wear,C,2025-06-24,2025-06-22,2,USFD_ultrasonic_flaw_detection,4.9,True,Engineering
TMS005345,COR01679,BNE,KFY,WCR,weld_failure,C,2025-06-24,2025-06-22,2,visual_patrol,1.0,False,Engineering
TMS005346,COR02985,WH,VLL,SR,ballast_deficiency,C,2024-08-28,2024-06-02,87,visual_patrol,4.8,True,Engineering
TMS005347,COR00961,TZR,BGHI,WCR,ballast_deficiency,C,2024-12-13,2024-10-18,56,visual_patrol,2.2,True,Engineering
TMS005348,COR02793,MM,BA,WR,sleeper_defect,C,2024-10-03,2024-10-03,0,visual_patrol,5.6,True,Engineering
TMS005349,COR06396,MBS,KFK,NER,ballast_deficiency,C,2024-01-26,2024-01-06,20,USFD_ultrasonic_flaw_detection,0.9,True,Engineering
TMS005350,COR04222,CH,GTF,NR,ballast_deficiency,C,2025-10-25,2025-10-16,9,visual_patrol,4.1,True,Engineering
TMS005351,COR03338,PYV,WJ,SR,alignment_deviation,C,2025-08-09,2025-08-02,7,track_recording_car,5.6,True,Engineering
TMS005352,COR00480,CAER,BRUD,WCR,rail_wear,C,2025-09-06,2025-08-24,13,manual_gauge_check,0.8,True,Engineering
TMS005353,COR00379,BSCK,TRN,NER,rail_wear,C,2024-06-15,2024-03-31,76,manual_gauge_check,2.1,True,Engineering
TMS005354,COR00623,MTMI,MDR,SCR,rail_fracture,A,2024-12-30,2024-12-05,25,visual_patrol,5.5,True,Engineering
TMS005355,COR00277,HD,PAL,WCR,alignment_deviation,C,2024-04-19,2024-04-08,11,USFD_ultrasonic_flaw_detection,2.5,False,Engineering
TMS005356,COR06192,MGVK,SONR,SECR,alignment_deviation,B,2024-05-27,2024-05-27,0,USFD_ultrasonic_flaw_detection,2.6,True,Engineering
TMS005357,COR05122,RMJK,MNWL,NR,ballast_deficiency,C,2025-01-11,2024-12-27,15,visual_patrol,5.9,True,Engineering
TMS005358,COR01710,STA,SAGM,WCR,sleeper_defect,B,2024-09-01,2024-08-23,9,USFD_ultrasonic_flaw_detection,5.6,True,Engineering
TMS005359,COR03107,GRMR,PQN,NR,points_crossing_wear,B,2025-12-10,2025-12-08,2,USFD_ultrasonic_flaw_detection,4.9,True,Engineering
TMS005360,COR00250,SRID,KKB,WCR,sleeper_defect,B,2024-06-27,2024-02-03,145,USFD_ultrasonic_flaw_detection,0.9,True,Engineering
TMS005361,COR01775,AKK,MGF,SWR,rail_wear,C,2024-04-05,2024-04-02,3,visual_patrol,4.2,False,Engineering
TMS005362,COR04117,DUI,KLSX,NR,ballast_deficiency,C,2025-01-24,2025-01-20,4,visual_patrol,2.9,True,Engineering
TMS005363,COR01706,BUU,MYR,WCR,sleeper_defect,B,2025-11-23,2025-10-16,38,visual_patrol,5.3,True,Engineering
TMS005364,COR00570,KTI,NRV,ECR,ballast_deficiency,C,2025-05-21,2025-05-13,8,visual_patrol,5.0,True,Engineering
TMS005365,COR00281,KRO,KKN,WCR,sleeper_defect,B,2024-07-30,2024-04-03,118,visual_patrol,1.7,False,Engineering
TMS005366,COR06069,SUIA,KMP,NER,rail_wear,C,2024-06-12,2023-08-01,316,manual_gauge_check,1.9,True,Engineering
TMS005367,COR05130,CGH,BPRS,NR,alignment_deviation,C,2025-02-03,2025-01-19,15,visual_patrol,2.2,True,Engineering
TMS005368,COR00046,SHRD,KLL,WR,alignment_deviation,C,2024-05-26,2024-05-21,5,visual_patrol,4.7,True,Engineering
TMS005369,COR01648,NDV,MDLL,SWR,alignment_deviation,C,2024-10-22,2019-08-09,1901,USFD_ultrasonic_flaw_detection,3.4,True,Engineering
TMS005370,COR00766,BWSN,GGN,NR,weld_failure,A,2024-02-10,2023-04-22,294,track_recording_car,1.5,False,Engineering
TMS005371,COR04567,MANW,AA,NER,formation_defect,B,2025-03-14,2025-03-11,3,visual_patrol,2.4,True,Engineering
TMS005372,COR00783,HSI,KRH,NWR,rail_wear,C,2024-04-08,2024-04-06,2,track_recording_car,4.0,False,Engineering
TMS005373,COR01381,NMJ,KYV,SR,alignment_deviation,C,2025-11-23,2025-11-23,0,track_recording_car,1.7,True,Engineering
TMS005374,COR02951,PARD,NED,SCR,alignment_deviation,C,2025-06-27,2025-06-27,0,manual_gauge_check,1.8,True,Engineering
TMS005375,COR04134,TA,PGI,SR,rail_wear,C,2025-03-13,2025-01-28,44,visual_patrol,1.9,True,Engineering
TMS005376,COR01686,SRID,BMR,WCR,points_crossing_wear,B,2024-09-23,2024-07-08,77,visual_patrol,4.5,False,Engineering
TMS005377,COR03054,NRK,GDN,SR,formation_defect,B,2025-05-03,2025-04-28,5,visual_patrol,3.3,True,Engineering
TMS005378,COR02222,S,PANP,SWR,formation_defect,B,2025-06-19,2025-04-07,73,manual_gauge_check,5.3,False,Engineering
TMS005379,COR02153,MTMY,MNDY,SR,ballast_deficiency,C,2024-12-07,2024-12-04,3,USFD_ultrasonic_flaw_detection,3.5,True,Engineering
TMS005380,COR01898,YGL,CLE,SCR,formation_defect,B,2024-04-20,2024-02-17,63,visual_patrol,5.7,True,Engineering
TMS005381,COR00732,MJO,SRVX,KR,rail_wear,C,2024-03-13,2024-02-27,15,USFD_ultrasonic_flaw_detection,4.0,True,Engineering
TMS005382,COR00544,ELM,PAZ,SR,ballast_deficiency,C,2024-01-09,2023-09-30,101,track_recording_car,4.5,True,Engineering
TMS005383,COR04485,KBR,MTH,NCR,alignment_deviation,C,2025-07-26,2025-07-24,2,manual_gauge_check,2.4,True,Engineering
TMS005384,COR00691,GVD,DRD,WR,ballast_deficiency,C,2024-08-14,2024-08-12,2,track_recording_car,0.6,True,Engineering
TMS005385,COR04604,KCF,HOJ,NFR,ballast_deficiency,C,2024-06-10,2024-03-25,77,track_recording_car,5.1,True,Engineering
TMS005386,COR00243,JBP,HBG,WCR,rail_fracture,A,2025-01-31,2025-01-31,0,USFD_ultrasonic_flaw_detection,4.5,True,Engineering
TMS005387,COR03998,SPLE,NILE,ER,alignment_deviation,C,2024-03-13,2024-02-21,21,manual_gauge_check,3.0,True,Engineering
TMS005388,COR05409,IBL,MYX,SER,alignment_deviation,C,2024-04-13,2024-03-30,14,USFD_ultrasonic_flaw_detection,2.8,True,Engineering
TMS005389,COR00217,BQF,MKD,WCR,sleeper_defect,B,2025-10-14,2025-10-08,6,visual_patrol,2.8,True,Engineering
TMS005390,COR00492,PGL,BIF,WCR,ballast_deficiency,C,2024-03-27,2024-03-26,1,visual_patrol,5.8,True,Engineering
TMS005391,COR05830,AYU,JPZ,NFR,alignment_deviation,C,2024-02-26,2024-02-12,14,visual_patrol,1.7,True,Engineering
TMS005392,COR03501,NSU,BTG,NR,alignment_deviation,C,2024-01-09,2023-01-05,369,visual_patrol,0.5,False,Engineering
TMS005393,COR04456,DDM,NMZ,NFR,alignment_deviation,B,2024-04-12,2024-04-12,0,visual_patrol,1.3,True,Engineering
TMS005394,COR03953,GPAE,ABKA,ER,ballast_deficiency,C,2024-11-22,2024-11-01,21,visual_patrol,4.6,True,Engineering
TMS005395,COR06952,GLGT,NMGY,NFR,weld_failure,A,2025-01-22,2025-01-20,2,USFD_ultrasonic_flaw_detection,4.8,True,Engineering
TMS005396,COR00381,SYH,ARJ,NER,alignment_deviation,C,2024-03-07,2024-02-21,15,visual_patrol,5.9,True,Engineering
TMS005397,COR01326,BRLY,JWB,NWR,weld_failure,A,2024-08-22,2024-06-13,70,manual_gauge_check,3.6,True,Engineering
TMS005398,COR01658,PRI,ATMO,NR,points_crossing_wear,B,2025-06-03,2025-05-24,10,USFD_ultrasonic_flaw_detection,1.2,True,Engineering
TMS005399,COR00362,SGD,SOJN,WR,rail_wear,C,2024-11-30,2024-06-13,170,visual_patrol,2.2,True,Engineering
TMS005400,COR01719,BNSP,MKP,WCR,ballast_deficiency,C,2024-03-26,2024-02-19,36,manual_gauge_check,4.1,True,Engineering
TMS005401,COR05896,PJH,BNG,WR,alignment_deviation,C,2025-12-13,2025-12-03,10,USFD_ultrasonic_flaw_detection,2.4,True,Engineering
TMS005402,COR01477,DML,TGE,NFR,rail_wear,C,2025-10-28,2025-10-20,8,track_recording_car,2.8,True,Engineering
TMS005403,COR01689,BRGT,KEQ,WCR,ballast_deficiency,C,2025-05-30,2025-04-08,52,USFD_ultrasonic_flaw_detection,5.7,True,Engineering
TMS005404,COR06823,KUND,KORI,NWR,ballast_deficiency,C,2025-09-22,2025-09-16,6,manual_gauge_check,1.2,True,Engineering
TMS005405,COR04369,MES,ILA,SR,sleeper_defect,B,2024-10-13,2024-07-30,75,visual_patrol,5.4,True,Engineering
TMS005406,COR04127,PTB,KODN,SR,points_crossing_wear,B,2024-02-14,2024-02-13,1,manual_gauge_check,5.4,True,Engineering
TMS005407,COR00769,GHH,PT,NR,formation_defect,B,2025-03-23,2025-03-09,14,visual_patrol,2.6,True,Engineering
TMS005408,COR06505,PCMK,RNW,NWR,alignment_deviation,C,2025-09-16,2025-01-09,250,USFD_ultrasonic_flaw_detection,5.5,True,Engineering
TMS005409,COR00979,BRNR,SPK,NFR,alignment_deviation,C,2024-09-20,2024-09-10,10,manual_gauge_check,5.8,True,Engineering
TMS005410,COR04946,NIV,ADVI,KR,alignment_deviation,C,2024-04-30,2024-04-16,14,visual_patrol,5.0,True,Engineering
TMS005411,COR00377,SAHR,NDJ,NER,ballast_deficiency,C,2025-10-12,2025-10-06,6,manual_gauge_check,3.4,True,Engineering
TMS005412,COR04273,NNU,DZB,NWR,weld_failure,A,2025-01-21,2025-01-07,14,USFD_ultrasonic_flaw_detection,2.3,True,Engineering
TMS005413,COR02530,UKN,GJW,NR,ballast_deficiency,C,2025-03-14,2025-03-05,9,track_recording_car,2.4,True,Engineering
TMS005414,COR00220,CTHR,KTHA,WCR,rail_wear,A,2024-11-03,2024-10-31,3,visual_patrol,2.8,True,Engineering
TMS005415,COR05527,KRP,LGL,ER,points_crossing_wear,B,2025-07-20,2024-07-11,374,visual_patrol,5.9,True,Engineering
TMS005416,COR00894,RKO,SFX,SCR,alignment_deviation,C,2025-01-31,2025-01-20,11,USFD_ultrasonic_flaw_detection,4.9,False,Engineering
TMS005417,COR04315,MY,KTM,SR,points_crossing_wear,B,2025-05-10,2025-03-09,62,track_recording_car,2.2,False,Engineering
TMS005418,COR00524,HTD,AHO,NWR,rail_fracture,A,2024-04-25,2024-04-25,0,visual_patrol,5.0,True,Engineering
TMS005419,COR01734,BTJ,VPO,NR,alignment_deviation,B,2024-01-09,2023-10-24,77,visual_patrol,2.2,True,Engineering
TMS005420,COR06066,MBH,KORL,WR,sleeper_defect,B,2024-06-06,2024-05-25,12,visual_patrol,2.4,True,Engineering
TMS005421,COR00574,MAI,HRNG,ECR,weld_failure,A,2024-12-11,2024-11-29,12,visual_patrol,4.8,True,Engineering
TMS005422,COR05625,JOBA,SKBR,WCR,sleeper_defect,B,2025-09-12,2025-08-29,14,track_recording_car,4.7,True,Engineering
TMS005423,COR04554,TDO,CGH,NR,weld_failure,A,2024-03-04,2024-02-06,27,visual_patrol,3.7,True,Engineering
TMS005424,COR00723,MRU,DDR,WR,rail_fracture,A,2025-11-24,2025-11-24,0,visual_patrol,2.7,True,Engineering
TMS005425,COR01945,KMV,CTH,SCR,sleeper_defect,B,2025-01-26,2025-01-21,5,manual_gauge_check,5.6,False,Engineering
TMS005426,COR04637,MAJN,TOK,SR,sleeper_defect,B,2024-11-12,2024-10-16,27,visual_patrol,4.6,True,Engineering
TMS005427,COR00764,PM,SMDP,NR,points_crossing_wear,B,2024-03-21,2023-04-22,334,visual_patrol,2.0,False,Engineering
TMS005428,COR00671,BHET,SCH,WR,alignment_deviation,C,2025-01-20,2025-01-01,19,track_recording_car,4.9,True,Engineering
TMS005429,COR05462,GIA,NRPR,ER,ballast_deficiency,C,2024-03-05,2023-12-16,80,USFD_ultrasonic_flaw_detection,2.2,True,Engineering
TMS005430,COR03649,PCU,PSLP,SCR,alignment_deviation,C,2024-12-30,2024-09-04,117,USFD_ultrasonic_flaw_detection,4.1,True,Engineering
TMS005431,COR02757,SVDC,LKDU,SCR,points_crossing_wear,B,2024-06-14,2024-05-30,15,track_recording_car,2.3,True,Engineering
TMS005432,COR05843,DQN,JARI,NWR,points_crossing_wear,B,2024-12-14,2024-12-05,9,visual_patrol,2.1,True,Engineering
TMS005433,COR06325,RGH,SGL,ECR,ballast_deficiency,A,2024-05-01,2024-04-19,12,visual_patrol,5.1,True,Engineering
TMS005434,COR02437,KNSN,KTLR,ER,alignment_deviation,C,2024-12-20,2024-11-30,20,USFD_ultrasonic_flaw_detection,3.9,True,Engineering
TMS005435,COR06236,BMK,DABN,NWR,rail_wear,C,2024-08-30,2024-08-24,6,USFD_ultrasonic_flaw_detection,4.9,False,Engineering
TMS005436,COR04005,THZI,KVTA,SR,rail_fracture,A,2025-11-01,2025-09-30,32,visual_patrol,2.4,True,Engineering
TMS005437,COR01521,MSD,SNRD,CR,formation_defect,B,2025-04-10,2025-04-04,6,manual_gauge_check,3.2,True,Engineering
TMS005438,COR00328,MJZ,NRY,NER,alignment_deviation,C,2024-02-02,2024-01-18,15,visual_patrol,6.0,True,Engineering
TMS005439,COR00420,LKPL,HYB,SCR,sleeper_defect,B,2025-01-08,2025-01-02,6,USFD_ultrasonic_flaw_detection,2.8,False,Engineering
TMS005440,COR04809,RNQ,JRQ,ECR,formation_defect,B,2025-08-16,2025-08-03,13,visual_patrol,1.7,True,Engineering
TMS005441,COR02681,DHY,NRW,NR,weld_failure,A,2024-12-22,2024-12-16,6,manual_gauge_check,4.2,True,Engineering
TMS005442,COR00268,DRA,KTZ,WCR,rail_fracture,A,2024-06-27,2024-04-04,84,visual_patrol,1.4,False,Engineering
TMS005443,COR00706,BSR,NIG,WR,sleeper_defect,B,2024-05-07,2024-03-27,41,USFD_ultrasonic_flaw_detection,4.7,True,Engineering
TMS005444,COR02849,KGW,HPT,SWR,weld_failure,A,2025-07-25,2025-05-10,76,visual_patrol,4.2,True,Engineering
TMS005445,COR01485,DHRY,LKA,NFR,ballast_deficiency,C,2024-02-18,2024-02-14,4,track_recording_car,2.9,False,Engineering
TMS005446,COR06424,VKG,TUWA,WR,rail_fracture,A,2025-12-01,2025-11-02,29,manual_gauge_check,1.2,True,Engineering
TMS005447,COR01357,UMN,KYSD,WR,alignment_deviation,C,2024-10-25,2024-10-17,8,visual_patrol,2.1,True,Engineering
TMS005448,COR00693,VGN,BOR,WR,alignment_deviation,B,2024-11-15,2024-11-05,10,manual_gauge_check,1.4,True,Engineering
TMS005449,COR00460,SLGH,SVN,SCR,points_crossing_wear,B,2024-09-08,2024-08-22,17,track_recording_car,2.7,True,Engineering
TMS005450,COR03600,DPLN,NHR,NWR,alignment_deviation,C,2025-08-31,2025-03-19,165,track_recording_car,2.9,True,Engineering
TMS005451,COR00282,KKN,DRHI,WCR,formation_defect,B,2025-09-27,2025-08-12,46,USFD_ultrasonic_flaw_detection,2.9,True,Engineering
TMS005452,COR01197,WTR,AKI,CR,ballast_deficiency,C,2024-01-31,2024-01-25,6,visual_patrol,4.1,True,Engineering
TMS005453,COR04661,VEN,KRMI,KR,alignment_deviation,C,2024-10-24,2024-08-09,76,visual_patrol,5.4,False,Engineering
TMS005454,COR04689,KFD,SAPE,KR,alignment_deviation,C,2024-08-03,2023-08-22,347,visual_patrol,1.8,True,Engineering
TMS005455,COR05418,SPPR,SAF,NR,ballast_deficiency,C,2024-07-20,2023-09-12,312,visual_patrol,3.0,True,Engineering
TMS005456,COR03624,HTNL,MRB,SWR,alignment_deviation,C,2024-07-10,2024-07-09,1,manual_gauge_check,5.3,True,Engineering
TMS005457,COR03908,DHY,DTN,NR,sleeper_defect,B,2025-10-18,2024-09-28,385,track_recording_car,0.6,False,Engineering
TMS005458,COR03869,CDH,PXR,ER,sleeper_defect,B,2025-01-16,2025-01-03,13,visual_patrol,5.2,True,Engineering
TMS005459,COR01709,LGCE,STA,WCR,rail_wear,C,2024-03-06,2023-07-27,223,visual_patrol,2.0,True,Engineering
TMS005460,COR04897,GNB,KGI,SWR,ballast_deficiency,C,2024-11-21,2024-11-15,6,USFD_ultrasonic_flaw_detection,4.7,True,Engineering
TMS005461,COR00027,WKRC,WKR,WR,weld_failure,A,2024-04-18,2024-04-03,15,visual_patrol,1.7,False,Engineering
TMS005462,COR00439,ME,SHAN,SCR,ballast_deficiency,C,2025-05-03,2025-03-30,34,visual_patrol,1.0,True,Engineering
TMS005463,COR04603,GRU,KCF,NFR,points_crossing_wear,B,2025-05-04,2024-05-05,364,manual_gauge_check,1.2,True,Engineering
TMS005464,COR00019,PDH,KHDI,WR,alignment_deviation,C,2025-04-12,2025-04-01,11,USFD_ultrasonic_flaw_detection,0.5,True,Engineering
TMS005465,COR06907,DHPD,NLSF,ER,sleeper_defect,B,2024-05-09,2024-04-07,32,USFD_ultrasonic_flaw_detection,2.2,True,Engineering
TMS005466,COR01520,CSTM,MSD,CR,formation_defect,B,2025-02-17,2025-02-14,3,manual_gauge_check,2.4,True,Engineering
TMS005467,COR02166,MEJ,IVL,SR,sleeper_defect,A,2024-10-23,2024-08-10,74,USFD_ultrasonic_flaw_detection,1.1,True,Engineering
TMS005468,COR03882,DBSI,SSB,NR,alignment_deviation,C,2024-12-18,2024-06-17,184,visual_patrol,1.9,True,Engineering
TMS005469,COR03275,AHD,SLGE,SWR,weld_failure,A,2025-03-23,2024-07-11,255,track_recording_car,2.8,True,Engineering
TMS005470,COR00372,YFP,SBK,NER,ballast_deficiency,C,2024-12-03,2024-11-30,3,visual_patrol,4.3,True,Engineering
TMS005471,COR02536,GGKR,CJL,NR,alignment_deviation,C,2024-08-27,2024-08-24,3,track_recording_car,0.6,True,Engineering
TMS005472,COR01760,DNHK,HAN,WCR,alignment_deviation,C,2025-03-27,2025-01-06,80,visual_patrol,2.2,True,Engineering
TMS005473,COR01879,YP,TNGM,SCR,ballast_deficiency,C,2025-06-11,2025-06-08,3,manual_gauge_check,5.2,True,Engineering
TMS005474,COR02971,DMD,TLY,SR,points_crossing_wear,B,2024-11-29,2024-10-02,58,USFD_ultrasonic_flaw_detection,5.7,False,Engineering
TMS005475,COR01142,TVG,LWR,SWR,rail_fracture,A,2024-12-14,2024-12-12,2,visual_patrol,2.2,True,Engineering
TMS005476,COR01687,BMR,BHTN,WCR,points_crossing_wear,B,2025-09-26,2025-09-13,13,USFD_ultrasonic_flaw_detection,2.9,True,Engineering
TMS005477,COR02658,MAH,GNTR,NR,alignment_deviation,C,2024-08-21,2024-04-12,131,visual_patrol,1.4,True,Engineering
TMS005478,COR03091,ETK,CS,SR,points_crossing_wear,B,2024-09-26,2024-02-21,218,manual_gauge_check,1.0,True,Engineering
TMS005479,COR04344,TLI,ENB,NWR,alignment_deviation,C,2025-03-07,2024-12-24,73,manual_gauge_check,2.5,True,Engineering
TMS005480,COR06528,ORKI,FTH,NR,alignment_deviation,C,2024-08-29,2024-08-07,22,manual_gauge_check,1.8,False,Engineering
TMS005481,COR01904,MTV,BIDR,SCR,formation_defect,B,2024-02-04,2024-02-01,3,manual_gauge_check,5.4,True,Engineering
TMS005482,COR00931,BNC,SBC,SWR,points_crossing_wear,B,2025-06-16,2025-05-17,30,visual_patrol,4.4,False,Engineering
TMS005483,COR00715,JOS,ADH,WR,rail_wear,C,2024-12-09,2024-10-23,47,track_recording_car,3.3,True,Engineering
TMS005484,COR03591,SDLP,SURP,NWR,rail_wear,C,2024-02-24,2024-01-22,33,visual_patrol,4.2,True,Engineering
TMS005485,COR01727,LOG,MFX,NCR,rail_wear,C,2025-05-01,2025-04-23,8,USFD_ultrasonic_flaw_detection,3.3,True,Engineering
TMS005486,COR03101,SPGL,ARP,NR,sleeper_defect,B,2025-05-27,2020-05-20,1833,USFD_ultrasonic_flaw_detection,4.5,True,Engineering
TMS005487,COR05300,SLHA,KHBJ,WCR,sleeper_defect,B,2025-09-05,2025-08-27,9,visual_patrol,5.5,True,Engineering
TMS005488,COR01211,PRLI,GTU,SCR,weld_failure,A,2025-08-26,2025-08-14,12,track_recording_car,5.7,True,Engineering
TMS005489,COR03084,BDJ,NAU,SR,points_crossing_wear,B,2024-05-16,2024-05-10,6,track_recording_car,4.2,False,Engineering
TMS005490,COR01723,KTDD,BRG,NCR,alignment_deviation,C,2025-06-21,2025-03-24,89,visual_patrol,0.6,True,Engineering
TMS005491,COR06388,HDK,BYH,NER,rail_wear,C,2024-11-20,2024-10-29,22,manual_gauge_check,1.9,True,Engineering
TMS005492,COR04154,BFR,KQK,SR,rail_fracture,A,2024-08-16,2024-08-13,3,visual_patrol,1.5,True,Engineering
TMS005493,COR02855,BNP,BNA,SWR,sleeper_defect,C,2025-08-06,2016-01-21,3485,USFD_ultrasonic_flaw_detection,4.3,False,Engineering
TMS005494,COR02592,BTJL,SHMI,KR,alignment_deviation,C,2025-08-27,2025-07-21,37,USFD_ultrasonic_flaw_detection,2.2,True,Engineering
TMS005495,COR02401,RJT,KHDI,WR,sleeper_defect,B,2025-02-25,2025-02-11,14,USFD_ultrasonic_flaw_detection,1.3,False,Engineering
TMS005496,COR06373,NUD,VRR,WR,ballast_deficiency,C,2024-10-14,2024-10-12,2,track_recording_car,5.9,True,Engineering
TMS005497,COR04089,MOPR,FTH,NR,rail_wear,C,2025-07-25,2025-06-01,54,manual_gauge_check,4.0,False,Engineering
TMS005498,COR03882,DBSI,SSB,NR,sleeper_defect,B,2024-02-02,2024-02-01,1,USFD_ultrasonic_flaw_detection,2.3,False,Engineering
TMS005499,COR01350,SID,KMLI,WR,rail_wear,A,2024-02-02,2024-01-19,14,visual_patrol,4.4,True,Engineering
TMS005500,COR00862,UMRI,BLSA,SCR,sleeper_defect,B,2025-10-10,2025-10-01,9,visual_patrol,0.8,False,Engineering
TMS005501,COR01899,CLE,WL,SCR,alignment_deviation,C,2024-06-15,2024-06-03,12,manual_gauge_check,4.7,True,Engineering
TMS005502,COR02105,RNR,DAD,SWR,alignment_deviation,C,2024-05-24,2024-04-01,53,manual_gauge_check,4.0,True,Engineering
TMS005503,COR00134,GAL,KRH,NWR,weld_failure,A,2024-05-16,2023-05-14,368,visual_patrol,2.4,True,Engineering
TMS005504,COR02152,MLHS,MTMY,SR,ballast_deficiency,B,2024-08-29,2024-06-21,69,visual_patrol,1.3,True,Engineering
TMS005505,COR03307,PYM,KLPM,SR,alignment_deviation,C,2025-09-29,2025-09-27,2,manual_gauge_check,4.3,False,Engineering
TMS005506,COR01390,AYN,SGM,SR,points_crossing_wear,B,2024-12-25,2024-12-17,8,USFD_ultrasonic_flaw_detection,5.9,True,Engineering
TMS005507,COR03646,KKLR,MDVL,SCR,rail_wear,C,2024-08-07,2024-08-02,5,USFD_ultrasonic_flaw_detection,2.5,True,Engineering
TMS005508,COR02077,NTR,SPGR,SWR,formation_defect,B,2025-08-12,2025-08-10,2,USFD_ultrasonic_flaw_detection,5.8,False,Engineering
TMS005509,COR03258,SMBJ,HAN,WCR,points_crossing_wear,B,2024-01-02,2023-10-17,77,track_recording_car,4.6,True,Engineering
TMS005510,COR00045,KHD,SHRD,WR,weld_failure,A,2024-06-13,2024-04-04,70,track_recording_car,2.2,True,Engineering
TMS005511,COR02308,DRLA,PQY,NR,alignment_deviation,C,2024-08-12,2024-08-12,0,USFD_ultrasonic_flaw_detection,3.2,True,Engineering
TMS005512,COR00150,GHH,BDXT,NR,rail_wear,C,2025-07-31,2025-07-21,10,visual_patrol,3.8,True,Engineering
TMS005513,COR04997,MUQ,PLI,SR,sleeper_defect,B,2025-09-07,2025-07-15,54,track_recording_car,3.2,True,Engineering
TMS005514,COR03850,BTZ,NHK,NFR,formation_defect,C,2025-01-22,2024-12-16,37,USFD_ultrasonic_flaw_detection,5.6,True,Engineering
TMS005515,COR00094,BGG,AUWA,NWR,formation_defect,B,2025-06-28,2025-06-13,15,visual_patrol,5.2,True,Engineering
TMS005516,COR03818,KHKT,BXJ,NFR,rail_wear,C,2024-09-23,2024-09-19,4,track_recording_car,2.8,True,Engineering
TMS005517,COR05815,KNSR,LGH,NWR,weld_failure,A,2025-01-14,2024-12-31,14,visual_patrol,0.9,True,Engineering
TMS005518,COR01724,BRG,MJHR,NCR,alignment_deviation,C,2025-08-08,2025-08-08,0,visual_patrol,5.5,True,Engineering
TMS005519,COR04069,BENL,WDL,SWR,formation_defect,B,2025-11-06,2025-11-02,4,manual_gauge_check,2.8,True,Engineering
TMS005520,COR03264,BAMA,BR,NCR,sleeper_defect,B,2025-11-27,2025-11-23,4,manual_gauge_check,0.8,False,Engineering
TMS005521,COR00224,SAGM,STA,WCR,weld_failure,A,2025-11-24,2025-09-02,83,track_recording_car,2.0,True,Engineering
TMS005522,COR03257,KNDP,SMBJ,WCR,ballast_deficiency,C,2025-09-09,2025-08-25,15,visual_patrol,5.3,True,Engineering
TMS005523,COR03087,MAHE,JGE,SR,alignment_deviation,C,2024-07-19,2024-07-13,6,USFD_ultrasonic_flaw_detection,5.0,True,Engineering
TMS005524,COR00699,VTN,VR,WR,alignment_deviation,C,2024-06-02,2024-03-11,83,visual_patrol,1.2,True,Engineering
TMS005525,COR02753,BVRM,PAGM,SCR,alignment_deviation,C,2024-12-22,2024-12-10,12,visual_patrol,1.3,True,Engineering
TMS005526,COR02198,NPK,VLY,SR,alignment_deviation,C,2025-05-06,2025-03-21,46,USFD_ultrasonic_flaw_detection,3.2,True,Engineering
TMS005527,COR01648,NDV,MDLL,SWR,weld_failure,A,2025-09-03,2025-08-26,8,USFD_ultrasonic_flaw_detection,4.2,False,Engineering
TMS005528,COR06142,JVN,SRGT,WR,ballast_deficiency,C,2024-02-28,2023-12-30,60,USFD_ultrasonic_flaw_detection,3.1,False,Engineering
TMS005529,COR00544,ELM,PAZ,SR,formation_defect,B,2025-04-05,2025-04-04,1,USFD_ultrasonic_flaw_detection,3.0,False,Engineering
TMS005530,COR04601,AYU,MZQ,NFR,points_crossing_wear,B,2025-12-19,2025-12-12,7,USFD_ultrasonic_flaw_detection,0.9,False,Engineering
TMS005531,COR07590,LMO,HTGR,WR,rail_fracture,A,2025-05-28,2025-05-15,13,manual_gauge_check,3.7,True,Engineering
TMS005532,COR00714,GMN,JOS,WR,sleeper_defect,B,2024-06-10,2024-05-28,13,manual_gauge_check,1.3,True,Engineering
TMS005533,COR03842,LXA,SFR,NFR,ballast_deficiency,C,2025-05-25,2025-03-10,76,visual_patrol,2.4,True,Engineering
TMS005534,COR01092,IDJ,KNP,SWR,points_crossing_wear,B,2024-03-24,2024-01-18,66,visual_patrol,3.7,True,Engineering
TMS005535,COR00820,AII,AHO,NWR,sleeper_defect,B,2024-07-27,2024-07-15,12,USFD_ultrasonic_flaw_detection,2.4,True,Engineering
TMS005536,COR04611,CRX,NKB,NFR,formation_defect,B,2024-05-23,2024-05-09,14,USFD_ultrasonic_flaw_detection,4.2,True,Engineering
TMS005537,COR00758,DKZ,DEE,NR,formation_defect,B,2024-01-28,2024-01-28,0,USFD_ultrasonic_flaw_detection,5.0,False,Engineering
TMS005538,COR01881,MDR,MTMI,SCR,rail_wear,C,2025-10-22,2025-09-02,50,track_recording_car,5.9,True,Engineering
TMS005539,COR06151,KZC,VPZ,SR,weld_failure,A,2024-08-16,2024-08-02,14,visual_patrol,3.8,True,Engineering
TMS005540,COR00753,SRVX,MJO,KR,ballast_deficiency,C,2024-10-27,2024-10-15,12,USFD_ultrasonic_flaw_detection,2.7,True,Engineering
TMS005541,COR02165,NRK,MEJ,SR,alignment_deviation,C,2024-05-25,2024-03-12,74,visual_patrol,1.3,True,Engineering
TMS005542,COR05176,BELA,MDE,ECR,sleeper_defect,B,2024-09-04,2024-07-09,57,visual_patrol,0.7,True,Engineering
TMS005543,COR00044,KLRD,CDK,WR,sleeper_defect,B,2025-03-05,2025-02-18,15,manual_gauge_check,5.9,True,Engineering
TMS005544,COR04232,PMO,KIN,NWR,formation_defect,B,2024-11-22,2024-11-21,1,visual_patrol,2.5,False,Engineering
TMS005545,COR01695,GSPR,SHR,WCR,points_crossing_wear,B,2024-06-07,2024-06-05,2,track_recording_car,5.4,True,Engineering
TMS005546,COR05192,KLH,BIML,NWR,rail_fracture,A,2024-12-22,2024-08-12,132,visual_patrol,5.4,True,Engineering
TMS005547,COR02803,KILE,BVI,WR,alignment_deviation,C,2024-09-21,2024-09-17,4,visual_patrol,2.5,True,Engineering
TMS005548,COR00652,GKK,GPB,SWR,ballast_deficiency,C,2024-11-12,2016-11-14,2920,visual_patrol,1.0,True,Engineering
TMS005549,COR04304,LRD,SRU,NER,points_crossing_wear,B,2025-07-31,2024-10-08,296,USFD_ultrasonic_flaw_detection,1.6,True,Engineering
TMS005550,COR02700,ASE,BGZ,NR,ballast_deficiency,C,2025-05-08,2025-04-17,21,visual_patrol,4.6,True,Engineering
TMS005551,COR01892,GUU,MABD,SCR,sleeper_defect,B,2025-02-25,2025-01-14,42,manual_gauge_check,4.1,True,Engineering
TMS005552,COR00488,HD,CRK,WCR,alignment_deviation,C,2025-10-25,2025-08-06,80,visual_patrol,3.0,True,Engineering
TMS005553,COR00091,JAL,SOS,NWR,sleeper_defect,B,2024-03-11,2024-03-07,4,visual_patrol,1.2,True,Engineering
TMS005554,COR08550,VRV,SJS,NWR,points_crossing_wear,B,2025-02-10,2024-11-14,88,visual_patrol,3.7,False,Engineering
TMS005555,COR00033,VD,RA,WR,formation_defect,B,2024-03-17,2024-03-13,4,USFD_ultrasonic_flaw_detection,0.8,True,Engineering
TMS005556,COR00207,MFX,LOG,NCR,rail_wear,C,2025-10-30,2025-09-25,35,USFD_ultrasonic_flaw_detection,1.9,True,Engineering
TMS005557,COR01625,DRU,BLKR,SWR,rail_wear,C,2025-07-15,2025-07-13,2,manual_gauge_check,2.0,True,Engineering
TMS005558,COR05206,PVL,AZP,SR,points_crossing_wear,B,2025-04-15,2025-04-06,9,visual_patrol,4.7,False,Engineering
TMS005559,COR03091,ETK,CS,SR,rail_wear,C,2024-11-09,2024-10-26,14,USFD_ultrasonic_flaw_detection,0.7,True,Engineering
TMS005560,COR00541,CDRA,TKQ,SR,rail_fracture,A,2025-02-05,2024-12-04,63,manual_gauge_check,3.7,False,Engineering
TMS005561,COR01085,PRKH,PCH,SWR,sleeper_defect,B,2024-05-21,2024-05-18,3,manual_gauge_check,5.5,True,Engineering
TMS005562,COR03961,BFZ,PSAE,ER,rail_wear,B,2025-03-19,2025-01-14,64,manual_gauge_check,5.2,True,Engineering
TMS005563,COR00112,MLI,MKRA,NWR,ballast_deficiency,C,2025-12-13,2025-03-07,281,USFD_ultrasonic_flaw_detection,2.3,True,Engineering
TMS005564,COR02812,VTN,SAH,WR,alignment_deviation,C,2025-08-20,2025-07-04,47,visual_patrol,3.8,True,Engineering
TMS005565,COR00753,SRVX,MJO,KR,ballast_deficiency,C,2024-11-29,2024-10-20,40,manual_gauge_check,1.0,True,Engineering
TMS005566,COR04329,TT,TJ,SR,alignment_deviation,C,2025-08-29,2025-08-11,18,visual_patrol,1.3,True,Engineering
TMS005567,COR04420,KRKP,MGD,SWR,sleeper_defect,B,2024-07-10,2024-05-16,55,visual_patrol,4.1,True,Engineering
TMS005568,COR00294,RV,NB,CR,alignment_deviation,C,2025-11-20,2025-11-07,13,visual_patrol,3.2,True,Engineering
TMS005569,COR03055,GDN,TAY,SR,points_crossing_wear,B,2024-01-08,2023-06-04,218,USFD_ultrasonic_flaw_detection,5.9,True,Engineering
TMS005570,COR08342,BAH,RDHP,WR,sleeper_defect,B,2024-07-31,2024-07-31,0,visual_patrol,1.7,True,Engineering
TMS005571,COR05384,PTKD,KKGT,NFR,points_crossing_wear,B,2025-03-02,2025-02-19,11,visual_patrol,5.8,False,Engineering
TMS005572,COR01723,KTDD,BRG,NCR,alignment_deviation,C,2024-02-11,2023-02-02,374,visual_patrol,4.4,False,Engineering
TMS005573,COR02814,KLV,PLG,WR,ballast_deficiency,C,2024-04-28,2024-02-03,85,visual_patrol,5.1,False,Engineering
TMS005574,COR00209,SRJ,MJHR,NCR,weld_failure,A,2025-04-09,2025-03-30,10,USFD_ultrasonic_flaw_detection,3.6,True,Engineering
TMS005575,COR02153,MTMY,MNDY,SR,formation_defect,B,2024-10-15,2024-09-16,29,manual_gauge_check,5.9,False,Engineering
TMS005576,COR00402,SMX,PXR,ER,formation_defect,B,2024-10-29,2022-06-14,868,visual_patrol,2.7,False,Engineering
TMS005577,COR03265,BR,NGLT,NCR,ballast_deficiency,C,2025-02-20,2025-02-20,0,manual_gauge_check,2.8,True,Engineering
TMS005578,COR01729,JSR,IDGJ,NCR,sleeper_defect,B,2025-11-14,2025-11-04,10,visual_patrol,4.8,True,Engineering
TMS005579,COR01751,JJA,RKR,WCR,sleeper_defect,B,2025-09-10,2025-08-30,11,USFD_ultrasonic_flaw_detection,2.4,True,Engineering
TMS005580,COR00611,TAA,MABD,SCR,ballast_deficiency,C,2024-08-26,2024-07-25,32,manual_gauge_check,3.6,True,Engineering
TMS005581,COR00638,DRSN,MZH,SECR,sleeper_defect,B,2025-09-20,2025-09-11,9,USFD_ultrasonic_flaw_detection,3.4,True,Engineering
TMS005582,COR01350,SID,KMLI,WR,rail_wear,C,2025-12-30,2025-12-24,6,visual_patrol,5.7,True,Engineering
TMS005583,COR04144,KPQ,PAZ,SR,ballast_deficiency,C,2024-03-20,2024-03-14,6,track_recording_car,1.6,True,Engineering
TMS005584,COR04662,KRMI,THVM,KR,rail_wear,C,2025-05-01,2025-04-22,9,visual_patrol,2.2,False,Engineering
TMS005585,COR02816,UOI,BOR,WR,ballast_deficiency,C,2025-05-09,2025-05-06,3,track_recording_car,0.9,True,Engineering
TMS005586,COR05135,ADRA,JOC,SER,points_crossing_wear,B,2025-11-13,2025-11-03,10,manual_gauge_check,5.9,False,Engineering
TMS005587,COR01090,BGM,DUR,SWR,ballast_deficiency,C,2025-12-13,2025-10-18,56,track_recording_car,3.2,True,Engineering
TMS005588,COR01949,DLB,POZ,SCR,sleeper_defect,B,2024-06-04,2024-05-20,15,USFD_ultrasonic_flaw_detection,2.8,True,Engineering
TMS005589,COR01598,GDI,KALS,SWR,ballast_deficiency,C,2025-01-29,2025-01-06,23,visual_patrol,5.4,True,Engineering
TMS005590,COR01012,DSR,DLDE,NFR,ballast_deficiency,A,2024-12-07,2024-10-19,49,visual_patrol,3.7,False,Engineering
TMS005591,COR00464,NED,WNG,SCR,weld_failure,A,2024-08-30,2024-08-17,13,visual_patrol,1.9,True,Engineering
TMS005592,COR01876,KI,CVV,SCR,alignment_deviation,C,2024-09-14,2024-09-02,12,USFD_ultrasonic_flaw_detection,1.1,True,Engineering
TMS005593,COR00705,NSP,BSR,WR,ballast_deficiency,C,2024-01-21,2024-01-16,5,visual_patrol,2.5,True,Engineering
TMS005594,COR01108,KKLR,PLVA,SCR,rail_wear,C,2024-03-19,2024-01-25,54,visual_patrol,3.1,True,Engineering
TMS005595,COR01875,RYP,KI,SCR,rail_wear,C,2024-07-25,2024-06-28,27,visual_patrol,4.0,True,Engineering
TMS005596,COR00060,UJA,KMLI,WR,rail_fracture,A,2025-11-03,2025-10-31,3,manual_gauge_check,5.5,True,Engineering
TMS005597,COR02822,UBR,SJN,WR,weld_failure,A,2024-11-30,2024-09-30,61,USFD_ultrasonic_flaw_detection,1.5,True,Engineering
TMS005598,COR00705,NSP,BSR,WR,points_crossing_wear,B,2025-03-12,2025-02-28,12,track_recording_car,5.1,True,Engineering
TMS005599,COR02537,CJL,SFM,NR,ballast_deficiency,C,2025-07-07,2024-09-24,286,visual_patrol,1.3,True,Engineering
TMS005600,COR00612,MABD,GUU,SCR,ballast_deficiency,C,2025-04-11,2025-03-22,20,manual_gauge_check,4.8,True,Engineering
TMS005601,COR01709,LGCE,STA,WCR,ballast_deficiency,A,2025-11-18,2025-09-15,64,visual_patrol,2.5,True,Engineering
TMS005602,COR03485,RCP,LMN,NR,points_crossing_wear,B,2024-08-24,2024-06-08,77,visual_patrol,0.7,True,Engineering
TMS005603,COR04699,KASU,PEN,CR,ballast_deficiency,C,2024-07-06,2024-04-23,74,visual_patrol,4.8,True,Engineering
TMS005604,COR01877,CVV,GNN,SCR,alignment_deviation,A,2024-02-15,2024-02-03,12,visual_patrol,0.8,True,Engineering
TMS005605,COR01636,ARGP,BSN,SWR,ballast_deficiency,C,2024-09-23,2024-09-12,11,USFD_ultrasonic_flaw_detection,0.8,True,Engineering
TMS005606,COR04196,HR,RMB,NWR,alignment_deviation,C,2024-11-08,2024-09-29,40,manual_gauge_check,1.0,True,Engineering
TMS005607,COR01596,KNO,SNH,SWR,points_crossing_wear,B,2025-10-10,2025-10-09,1,visual_patrol,0.8,True,Engineering
TMS005608,COR02775,BMHR,RNA,NR,alignment_deviation,C,2025-12-18,2025-12-18,0,visual_patrol,1.9,True,Engineering
TMS005609,COR00402,SMX,PXR,ER,alignment_deviation,C,2025-12-19,2025-11-22,27,visual_patrol,2.5,True,Engineering
TMS005610,COR00196,MHL,MTR,ECR,formation_defect,B,2024-06-26,2024-05-05,52,USFD_ultrasonic_flaw_detection,0.7,True,Engineering
TMS005611,COR04146,ELM,PAY,SR,points_crossing_wear,B,2024-07-27,2024-07-19,8,visual_patrol,3.0,False,Engineering
TMS005612,COR00673,MRL,NVS,WR,formation_defect,B,2025-07-29,2025-05-27,63,USFD_ultrasonic_flaw_detection,1.4,True,Engineering
TMS005613,COR02155,GWYR,KTPM,SR,alignment_deviation,C,2025-04-14,2025-02-01,72,visual_patrol,2.5,True,Engineering
TMS005614,COR02382,LTR,BLRD,WR,alignment_deviation,C,2025-03-22,2024-07-04,261,visual_patrol,1.5,True,Engineering
TMS005615,COR01866,GHGL,SMBX,NR,alignment_deviation,A,2024-06-20,2024-05-25,26,visual_patrol,0.9,True,Engineering
TMS005616,COR04179,GGKR,LHA,NR,formation_defect,B,2025-10-18,2025-10-12,6,track_recording_car,4.8,True,Engineering
TMS005617,COR01312,BQN,SOD,NWR,alignment_deviation,C,2025-11-23,2025-10-02,52,track_recording_car,2.3,True,Engineering
TMS005618,COR01186,BVNR,SNE,CR,points_crossing_wear,B,2025-06-16,2025-06-03,13,manual_gauge_check,3.6,True,Engineering
TMS005619,COR00532,KGQ,KLAD,SR,alignment_deviation,C,2024-12-15,2024-11-05,40,track_recording_car,5.6,True,Engineering
TMS005620,COR06879,LNK,SQR,NR,sleeper_defect,B,2025-01-23,2024-12-02,52,USFD_ultrasonic_flaw_detection,5.2,False,Engineering
TMS005621,COR01887,KMT,MLMG,SCR,points_crossing_wear,B,2024-09-18,2024-08-14,35,USFD_ultrasonic_flaw_detection,5.8,True,Engineering
TMS005622,COR01406,MYU,MVS,SR,rail_wear,A,2024-02-09,2024-01-15,25,manual_gauge_check,5.0,True,Engineering
TMS005623,COR05501,RS,MT,NER,alignment_deviation,C,2024-04-19,2024-04-08,11,visual_patrol,5.2,True,Engineering
TMS005624,COR02355,LUNI,HWT,NWR,weld_failure,A,2024-04-11,2024-04-03,8,visual_patrol,1.2,True,Engineering
TMS005625,COR04677,RN,BOKE,KR,formation_defect,B,2024-04-26,2021-10-16,923,visual_patrol,2.3,False,Engineering
TMS005626,COR00338,GK,RZJ,NER,formation_defect,B,2025-05-15,2025-05-03,12,USFD_ultrasonic_flaw_detection,2.9,True,Engineering
TMS005627,COR04637,MAJN,TOK,SR,alignment_deviation,C,2025-09-12,2025-07-13,61,visual_patrol,1.5,True,Engineering
TMS005628,COR00671,BHET,SCH,WR,rail_wear,C,2024-12-29,2024-12-19,10,track_recording_car,2.8,True,Engineering
TMS005629,COR00696,PLG,KLV,WR,alignment_deviation,C,2024-03-29,2024-02-18,40,visual_patrol,5.3,True,Engineering
TMS005630,COR00266,BGTA,SQL,WCR,sleeper_defect,B,2024-12-28,2024-11-30,28,visual_patrol,2.4,True,Engineering
TMS005631,COR07837,JUA,BSY,NR,points_crossing_wear,B,2025-10-07,2025-09-01,36,visual_patrol,5.3,False,Engineering
TMS005632,COR01481,KWM,JMK,NFR,ballast_deficiency,C,2025-09-29,2025-09-12,17,USFD_ultrasonic_flaw_detection,3.9,True,Engineering
TMS005633,COR02900,PYD,KZT,SR,weld_failure,A,2025-05-22,2025-05-09,13,manual_gauge_check,6.0,True,Engineering
TMS005634,COR02898,VRLR,ERL,SR,ballast_deficiency,C,2025-10-04,2025-10-01,3,USFD_ultrasonic_flaw_detection,3.6,True,Engineering
TMS005635,COR03573,BGO,GBA,SER,ballast_deficiency,C,2025-09-04,2025-09-02,2,track_recording_car,0.5,True,Engineering
TMS005636,COR00279,MUO,BRI,WCR,ballast_deficiency,C,2025-02-09,2024-02-18,357,manual_gauge_check,5.4,False,Engineering
TMS005637,COR00699,VTN,VR,WR,ballast_deficiency,C,2025-05-31,2025-05-27,4,track_recording_car,3.8,True,Engineering
TMS005638,COR06845,BNQL,MNZ,NR,points_crossing_wear,B,2025-07-06,2024-09-30,279,manual_gauge_check,2.0,True,Engineering
TMS005639,COR01709,LGCE,STA,WCR,rail_wear,C,2024-03-27,2024-01-26,61,visual_patrol,3.9,True,Engineering
TMS005640,COR00695,UOI,PLG,WR,points_crossing_wear,B,2024-07-24,2024-07-15,9,visual_patrol,2.4,True,Engineering
TMS005641,COR00234,MDRR,NWR,WCR,rail_fracture,A,2025-04-17,2025-04-13,4,visual_patrol,2.8,True,Engineering
TMS005642,COR03039,CVD,PAS,SR,rail_wear,C,2025-09-14,2025-08-31,14,visual_patrol,2.3,True,Engineering
TMS005643,COR00691,GVD,DRD,WR,rail_wear,C,2024-12-07,2024-11-29,8,visual_patrol,1.1,True,Engineering
TMS005644,COR05173,OBR,BXLL,ECR,rail_wear,C,2025-10-01,2025-10-01,0,manual_gauge_check,1.1,True,Engineering
TMS005645,COR01086,PCH,SUL,SWR,formation_defect,B,2024-04-28,2024-01-29,90,visual_patrol,4.9,True,Engineering
TMS005646,COR00316,RKI,BERO,SER,rail_fracture,A,2025-11-12,2025-10-26,17,visual_patrol,1.8,True,Engineering
TMS005647,COR03036,LHM,BCU,NR,alignment_deviation,C,2025-02-28,2025-01-15,44,visual_patrol,5.4,True,Engineering
TMS005648,COR01825,PUW,JRL,NWR,sleeper_defect,B,2025-12-17,2025-12-10,7,USFD_ultrasonic_flaw_detection,5.2,True,Engineering
TMS005649,COR00704,VR,NSP,WR,rail_wear,C,2024-09-16,2024-08-15,32,visual_patrol,5.7,True,Engineering
TMS005650,COR03834,LH,SLX,NFR,ballast_deficiency,C,2025-06-24,2025-06-12,12,track_recording_car,4.6,True,Engineering
TMS005651,COR04510,BSRX,ANGR,SWR,rail_wear,C,2025-08-05,2025-04-27,100,visual_patrol,4.1,True,Engineering
TMS005652,COR00539,NLE,CHV,SR,alignment_deviation,C,2024-06-12,2024-06-04,8,track_recording_car,3.5,True,Engineering
TMS005653,COR02170,SRT,TY,SR,ballast_deficiency,C,2025-09-13,2025-08-27,17,USFD_ultrasonic_flaw_detection,1.9,False,Engineering
TMS005654,COR00295,NB,SAV,CR,alignment_deviation,C,2024-12-15,2024-11-30,15,USFD_ultrasonic_flaw_detection,1.8,True,Engineering
TMS005655,COR00480,CAER,BRUD,WCR,alignment_deviation,C,2024-01-02,2023-12-18,15,USFD_ultrasonic_flaw_detection,0.8,False,Engineering
TMS005656,COR00788,MWW,MKH,NWR,alignment_deviation,C,2025-01-11,2024-12-03,39,visual_patrol,1.0,True,Engineering
TMS005657,COR03599,SHRG,DPLN,NWR,ballast_deficiency,C,2024-07-09,2024-07-03,6,visual_patrol,2.6,False,Engineering
TMS005658,COR01843,KKL,BPRS,NR,sleeper_defect,B,2024-08-29,2024-02-23,188,visual_patrol,1.1,True,Engineering
TMS005659,COR01839,KDHA,VRG,WR,ballast_deficiency,C,2024-06-10,2024-06-01,9,visual_patrol,4.1,True,Engineering
TMS005660,COR01676,JHT,SCKR,WCR,rail_wear,C,2025-10-19,2025-10-13,6,manual_gauge_check,5.7,True,Engineering
TMS005661,COR00421,HYB,LKPL,SCR,weld_failure,A,2025-12-27,2025-11-16,41,visual_patrol,3.2,True,Engineering
TMS005662,COR01330,NANA,KVJ,NWR,rail_wear,C,2024-11-28,2024-11-19,9,visual_patrol,3.3,True,Engineering
TMS005663,COR00705,NSP,BSR,WR,rail_wear,C,2025-11-06,2025-08-17,81,visual_patrol,1.5,True,Engineering
TMS005664,COR01947,MKDD,AWB,SCR,points_crossing_wear,B,2024-12-29,2024-12-16,13,manual_gauge_check,3.0,True,Engineering
TMS005665,COR08486,SIZ,BCF,ER,ballast_deficiency,C,2024-01-01,2023-10-14,79,manual_gauge_check,2.6,True,Engineering
TMS005666,COR01888,MLMG,PPY,SCR,weld_failure,A,2024-11-27,2024-11-02,25,visual_patrol,1.4,True,Engineering
TMS005667,COR02068,MDLL,NDV,SWR,ballast_deficiency,C,2024-01-15,2024-01-05,10,visual_patrol,1.6,True,Engineering
TMS005668,COR00078,SRPJ,BNS,NWR,ballast_deficiency,C,2024-01-17,2024-01-14,3,track_recording_car,1.2,False,Engineering
TMS005669,COR03030,BNN,HYA,NR,ballast_deficiency,C,2025-04-20,2024-10-26,176,manual_gauge_check,4.5,True,Engineering
TMS005670,COR05205,TT,PVL,SR,rail_wear,C,2024-07-26,2024-07-17,9,visual_patrol,2.8,True,Engineering
TMS005671,COR04265,PDH,CX,WR,points_crossing_wear,B,2025-05-05,2025-03-01,65,USFD_ultrasonic_flaw_detection,5.6,True,Engineering
TMS005672,COR02378,VNRD,KHRS,WR,alignment_deviation,A,2024-08-13,2024-07-02,42,visual_patrol,3.9,True,Engineering
TMS005673,COR04554,TDO,CGH,NR,alignment_deviation,C,2024-01-02,2023-10-21,73,visual_patrol,5.7,True,Engineering
TMS005674,COR02157,KTBR,INDR,SR,points_crossing_wear,B,2025-09-30,2025-09-21,9,visual_patrol,3.5,True,Engineering
TMS005675,COR04038,RJI,ARJ,NER,sleeper_defect,B,2024-02-12,2014-09-24,3428,track_recording_car,3.5,True,Engineering
TMS005676,COR01466,MJN,TSK,NFR,formation_defect,B,2024-07-07,2024-04-17,81,manual_gauge_check,5.8,True,Engineering
TMS005677,COR01355,SXS,JDN,WR,sleeper_defect,B,2025-08-02,2025-08-02,0,manual_gauge_check,2.6,True,Engineering
TMS005678,COR01678,GAR,BNE,WCR,ballast_deficiency,C,2025-04-07,2025-03-28,10,USFD_ultrasonic_flaw_detection,0.8,True,Engineering
TMS005679,COR01522,SNRD,BY,CR,rail_wear,C,2025-12-21,2025-12-20,1,manual_gauge_check,1.7,True,Engineering
TMS005680,COR06677,SRN,KJC,NER,alignment_deviation,C,2024-03-21,2023-11-15,127,visual_patrol,1.3,True,Engineering
TMS005681,COR04801,SKGH,LUSA,NCR,formation_defect,B,2025-10-15,2025-01-12,276,USFD_ultrasonic_flaw_detection,2.3,False,Engineering
TMS005682,COR00289,NPNR,CDI,CR,formation_defect,B,2025-04-20,2025-04-19,1,visual_patrol,1.6,True,Engineering
TMS005683,COR00856,WNG,NED,SCR,alignment_deviation,C,2024-03-10,2024-02-28,11,visual_patrol,1.2,True,Engineering
TMS005684,COR04238,KLH,DRB,NWR,formation_defect,B,2025-07-08,2025-05-22,47,manual_gauge_check,3.0,True,Engineering
TMS005685,COR02699,ROHN,ASE,NR,sleeper_defect,B,2024-09-08,2024-03-21,171,visual_patrol,4.0,True,Engineering
TMS005686,COR00650,PCH,PRKH,SWR,points_crossing_wear,B,2024-12-02,2024-02-07,299,visual_patrol,1.9,True,Engineering
TMS005687,COR02328,OGM,COL,SWR,ballast_deficiency,C,2024-06-07,2024-05-26,12,manual_gauge_check,2.6,True,Engineering
TMS005688,COR03509,SVGA,NTS,SR,rail_wear,C,2025-08-24,2025-08-21,3,USFD_ultrasonic_flaw_detection,2.9,True,Engineering
TMS005689,COR04923,KASU,NGTN,CR,points_crossing_wear,A,2024-10-05,2024-07-15,82,visual_patrol,4.1,True,Engineering
TMS005690,COR08596,BRGW,MZHL,WCR,rail_wear,C,2025-12-18,2025-12-16,2,manual_gauge_check,2.9,True,Engineering
TMS005691,COR05533,WDG,WSA,SECR,rail_fracture,A,2024-10-13,2024-09-29,14,USFD_ultrasonic_flaw_detection,2.4,False,Engineering
TMS005692,COR01154,BY,SNRD,CR,alignment_deviation,C,2025-08-07,2025-08-02,5,USFD_ultrasonic_flaw_detection,4.1,True,Engineering
TMS005693,COR03823,BXP,BHGN,NFR,ballast_deficiency,C,2025-02-23,2025-02-20,3,visual_patrol,2.6,True,Engineering
TMS005694,COR03584,WRS,NWD,ECR,sleeper_defect,B,2025-06-22,2025-04-01,82,track_recording_car,5.9,True,Engineering
TMS005695,COR05512,PCX,PLY,ER,formation_defect,B,2024-07-19,2024-07-16,3,USFD_ultrasonic_flaw_detection,5.9,True,Engineering
TMS005696,COR02156,KTPM,KTBR,SR,formation_defect,A,2024-06-28,2024-06-23,5,USFD_ultrasonic_flaw_detection,4.5,True,Engineering
TMS005697,COR00441,WDR,MZL,SCR,ballast_deficiency,C,2024-08-03,2023-08-05,364,USFD_ultrasonic_flaw_detection,1.0,True,Engineering
TMS005698,COR01361,JUL,PN,WR,points_crossing_wear,B,2024-10-11,2024-10-02,9,track_recording_car,2.8,True,Engineering
TMS005699,COR04597,DDNI,KRNI,NFR,weld_failure,A,2024-04-12,2024-03-20,23,track_recording_car,5.4,True,Engineering
TMS005700,COR03189,KRX,SIY,SECR,rail_wear,C,2025-12-02,2025-03-12,265,visual_patrol,1.0,True,Engineering
TMS005701,COR00263,SXF,SGP,WCR,weld_failure,A,2024-02-16,2024-02-04,12,visual_patrol,4.7,True,Engineering
TMS005702,COR05499,CLW,BRK,NER,formation_defect,B,2025-06-06,2025-06-01,5,USFD_ultrasonic_flaw_detection,1.0,True,Engineering
TMS005703,COR00188,SRA,BMKI,ECR,weld_failure,A,2024-08-21,2024-08-08,13,manual_gauge_check,2.7,True,Engineering
TMS005704,COR01728,MFX,JSR,NCR,weld_failure,C,2025-06-25,2025-04-11,75,manual_gauge_check,3.6,True,Engineering
TMS005705,COR02103,HRR,CLI,SWR,alignment_deviation,C,2024-03-19,2023-03-15,370,manual_gauge_check,1.6,False,Engineering
TMS005706,COR00767,GGN,BDXT,NR,sleeper_defect,B,2024-03-31,2024-01-31,60,visual_patrol,5.0,True,Engineering
TMS005707,COR00966,DKM,CHB,NFR,ballast_deficiency,C,2025-06-13,2025-05-05,39,visual_patrol,1.0,True,Engineering
TMS005708,COR00258,GAR,SCKR,WCR,ballast_deficiency,C,2024-11-04,2024-11-02,2,track_recording_car,0.6,True,Engineering
TMS005709,COR01341,SZA,IQG,NWR,points_crossing_wear,B,2024-12-01,2024-10-28,34,USFD_ultrasonic_flaw_detection,1.7,True,Engineering
TMS005710,COR04877,GSW,BTI,NWR,rail_fracture,A,2025-06-22,2025-04-14,69,track_recording_car,3.8,True,Engineering
TMS005711,COR01647,DBS,NDV,SWR,weld_failure,A,2024-07-21,2024-07-19,2,USFD_ultrasonic_flaw_detection,1.7,True,Engineering
TMS005712,COR01716,TKYR,MKD,WCR,sleeper_defect,B,2025-02-01,2025-01-29,3,track_recording_car,2.7,True,Engineering
TMS005713,COR04992,SEV,MMH,SR,ballast_deficiency,C,2025-10-18,2025-09-15,33,manual_gauge_check,5.6,True,Engineering
TMS005714,COR00466,LBG,CRU,SCR,ballast_deficiency,C,2025-06-08,2025-05-14,25,visual_patrol,2.6,True,Engineering
TMS005715,COR00487,PAL,HD,WCR,alignment_deviation,C,2025-01-13,2025-01-03,10,USFD_ultrasonic_flaw_detection,5.2,True,Engineering
TMS005716,COR04158,KGQ,KMQ,SR,ballast_deficiency,C,2024-07-19,2024-05-12,68,track_recording_car,2.7,True,Engineering
TMS005717,COR07174,THE,HTW,NER,weld_failure,C,2025-11-24,2024-10-30,390,manual_gauge_check,5.7,True,Engineering
TMS005718,COR03757,BSDA,KVA,NWR,alignment_deviation,C,2024-02-27,2024-02-13,14,track_recording_car,2.6,False,Engineering
TMS005719,COR02439,CWLE,KZPR,ER,sleeper_defect,B,2025-07-22,2025-07-11,11,USFD_ultrasonic_flaw_detection,5.1,True,Engineering
TMS005720,COR00920,SZV,DPJ,SWR,alignment_deviation,C,2025-05-07,2025-04-28,9,visual_patrol,5.3,True,Engineering
TMS005721,COR02041,MGO,SEI,CR,alignment_deviation,C,2025-02-01,2024-12-07,56,manual_gauge_check,2.6,False,Engineering
TMS005722,COR01130,UJH,SKW,NER,formation_defect,B,2024-04-07,2024-03-24,14,visual_patrol,4.8,False,Engineering
TMS005723,COR07131,DZK,BYSA,SER,alignment_deviation,C,2024-04-17,2024-01-08,100,USFD_ultrasonic_flaw_detection,4.1,True,Engineering
TMS005724,COR02999,KODN,PTB,SR,alignment_deviation,C,2025-05-17,2025-05-04,13,USFD_ultrasonic_flaw_detection,4.9,True,Engineering
TMS005725,COR05407,ANCR,CJN,SER,ballast_deficiency,C,2025-04-16,2025-04-05,11,USFD_ultrasonic_flaw_detection,2.4,True,Engineering
TMS005726,COR05892,TL,KSG,NWR,rail_wear,C,2025-07-02,2025-06-24,8,visual_patrol,3.3,True,Engineering
TMS005727,COR01885,CKN,PNDP,SCR,alignment_deviation,C,2024-01-11,2024-01-05,6,manual_gauge_check,1.6,False,Engineering
TMS005728,COR00578,JDR,MKI,ECR,points_crossing_wear,B,2024-08-10,2024-07-30,11,visual_patrol,5.3,True,Engineering
TMS005729,COR00021,RJT,BLWR,WR,alignment_deviation,C,2024-08-10,2024-05-14,88,visual_patrol,0.6,True,Engineering
TMS005730,COR00885,DBV,MED,SCR,rail_wear,C,2025-11-03,2025-10-25,9,USFD_ultrasonic_flaw_detection,5.1,True,Engineering
TMS005731,COR01323,RANI,KZQ,NWR,alignment_deviation,C,2024-12-26,2024-11-22,34,USFD_ultrasonic_flaw_detection,3.2,True,Engineering
TMS005732,COR04669,SNDD,KKW,KR,points_crossing_wear,B,2025-11-29,2025-10-26,34,manual_gauge_check,4.5,True,Engineering
TMS005733,COR01080,RBG,CKR,SWR,ballast_deficiency,C,2025-06-12,2025-06-09,3,track_recording_car,4.7,True,Engineering
TMS005734,COR01032,AJRE,JID,NFR,alignment_deviation,C,2024-03-22,2024-03-09,13,USFD_ultrasonic_flaw_detection,1.6,False,Engineering
TMS005735,COR03461,KTRR,PTRE,NCR,sleeper_defect,C,2025-09-04,2025-08-30,5,USFD_ultrasonic_flaw_detection,5.6,True,Engineering
TMS005736,COR01300,MLI,LNA,NWR,formation_defect,B,2025-01-01,2024-12-29,3,manual_gauge_check,4.4,True,Engineering
TMS005737,COR02076,GBB,NTR,SWR,points_crossing_wear,B,2024-04-08,2024-02-19,49,track_recording_car,1.9,True,Engineering
TMS005738,COR04526,MLP,BLR,SWR,alignment_deviation,C,2024-12-11,2024-11-26,15,manual_gauge_check,0.7,True,Engineering
TMS005739,COR01027,KWM,LPN,NFR,alignment_deviation,C,2025-03-28,2025-03-16,12,USFD_ultrasonic_flaw_detection,3.8,True,Engineering
TMS005740,COR00092,SOS,BWA,NWR,ballast_deficiency,C,2025-06-22,2024-12-11,193,USFD_ultrasonic_flaw_detection,2.9,True,Engineering
TMS005741,COR03890,ROHN,SPZ,NR,ballast_deficiency,C,2025-09-30,2025-09-22,8,manual_gauge_check,4.8,False,Engineering
TMS005742,COR00704,VR,NSP,WR,rail_wear,C,2024-11-14,2024-11-12,2,visual_patrol,2.6,True,Engineering
TMS005743,COR02496,MNKB,AJIT,NWR,formation_defect,B,2024-07-08,2024-06-24,14,visual_patrol,4.1,True,Engineering
TMS005744,COR00760,DBSI,PTNR,NR,rail_fracture,A,2024-11-22,2024-11-13,9,track_recording_car,2.2,True,Engineering
TMS005745,COR01155,SNRD,MSD,CR,rail_wear,C,2024-02-13,2024-02-11,2,manual_gauge_check,3.8,True,Engineering
TMS005746,COR02862,NGR,SVHE,SWR,points_crossing_wear,B,2024-02-28,2024-02-22,6,track_recording_car,3.1,False,Engineering
TMS005747,COR02810,NSP,VR,WR,weld_failure,A,2024-10-12,2024-07-24,80,visual_patrol,2.8,True,Engineering
TMS005748,COR02838,MRL,SCH,WR,sleeper_defect,A,2025-02-17,2025-02-06,11,track_recording_car,1.4,True,Engineering
TMS005749,COR01746,SFNR,INDM,WR,weld_failure,A,2024-05-25,2024-05-05,20,USFD_ultrasonic_flaw_detection,2.4,True,Engineering
TMS005750,COR05061,HDD,BAY,SCR,rail_wear,C,2024-09-19,2024-09-18,1,visual_patrol,0.9,True,Engineering
TMS005751,COR04923,KASU,NGTN,CR,alignment_deviation,C,2025-04-04,2025-03-24,11,manual_gauge_check,3.2,True,Engineering
TMS005752,COR04553,KZX,TDO,NR,rail_wear,C,2024-11-22,2024-11-08,14,USFD_ultrasonic_flaw_detection,1.5,False,Engineering
TMS005753,COR00705,NSP,BSR,WR,alignment_deviation,C,2024-08-20,2024-08-17,3,USFD_ultrasonic_flaw_detection,4.4,True,Engineering
TMS005754,COR00111,LNA,MLI,NWR,rail_wear,C,2024-06-05,2024-05-30,6,manual_gauge_check,2.0,False,Engineering
TMS005755,COR00679,JRS,DGI,WR,alignment_deviation,C,2025-01-09,2024-12-25,15,USFD_ultrasonic_flaw_detection,3.1,False,Engineering
TMS005756,COR06269,NHF,LLJ,NR,sleeper_defect,B,2024-10-10,2024-10-05,5,visual_patrol,4.7,True,Engineering
TMS005757,COR00552,RGA,RGX,SER,formation_defect,B,2025-05-13,2025-05-12,1,USFD_ultrasonic_flaw_detection,3.1,True,Engineering
TMS005758,COR01172,KOP,VV,CR,alignment_deviation,C,2025-07-16,2025-05-05,72,visual_patrol,5.0,True,Engineering
TMS005759,COR04326,PDV,AZP,SR,points_crossing_wear,B,2024-09-28,2024-09-21,7,visual_patrol,4.2,True,Engineering
TMS005760,COR02976,NAU,BDJ,SR,points_crossing_wear,B,2024-07-06,2024-07-02,4,track_recording_car,3.2,False,Engineering
TMS005761,COR01465,TII,MJN,NFR,weld_failure,A,2024-09-22,2024-09-15,7,manual_gauge_check,0.9,True,Engineering
TMS005762,COR05666,SMR,AJIT,NWR,formation_defect,B,2024-07-20,2024-07-07,13,USFD_ultrasonic_flaw_detection,4.1,True,Engineering
TMS005763,COR07050,KRBO,KPDH,SECR,rail_fracture,C,2025-05-24,2025-05-19,5,USFD_ultrasonic_flaw_detection,3.6,True,Engineering
TMS005764,COR00212,KTDD,DBR,NCR,sleeper_defect,B,2025-03-24,2025-01-19,64,track_recording_car,4.8,True,Engineering
TMS005765,COR00620,CKN,NVC,SCR,rail_fracture,A,2025-04-26,2025-04-16,10,USFD_ultrasonic_flaw_detection,2.1,True,Engineering
TMS005766,COR04694,INP,KOL,KR,sleeper_defect,B,2025-06-28,2025-06-26,2,track_recording_car,5.2,True,Engineering
TMS005767,COR01589,KFA,DHT,ECR,weld_failure,A,2025-12-30,2025-11-15,45,USFD_ultrasonic_flaw_detection,4.0,True,Engineering
TMS005768,COR04918,KLMC,PNVL,CR,formation_defect,B,2025-11-07,2025-08-28,71,USFD_ultrasonic_flaw_detection,2.2,True,Engineering
TMS005769,COR03085,NAU,MUKE,SR,sleeper_defect,B,2025-05-21,2025-05-18,3,visual_patrol,4.7,True,Engineering
TMS005770,COR00793,BU,GLNA,NWR,sleeper_defect,C,2024-07-07,2024-07-02,5,visual_patrol,0.9,True,Engineering
TMS005771,COR08234,CUPJ,KJPD,SR,rail_wear,C,2025-05-12,2025-05-01,11,USFD_ultrasonic_flaw_detection,5.8,False,Engineering
TMS005772,COR00682,ATUL,PAD,WR,ballast_deficiency,C,2024-07-03,2024-07-03,0,visual_patrol,5.4,True,Engineering
TMS005773,COR00266,BGTA,SQL,WCR,formation_defect,B,2024-10-11,2024-10-09,2,USFD_ultrasonic_flaw_detection,0.8,True,Engineering
TMS005774,COR07322,BOKR,BMBE,SCR,ballast_deficiency,C,2025-01-03,2024-12-24,10,USFD_ultrasonic_flaw_detection,3.2,True,Engineering
TMS005775,COR03150,KHBV,KARD,CR,weld_failure,A,2024-07-11,2024-03-08,125,visual_patrol,4.1,False,Engineering
TMS005776,COR02693,SMF,ROK,NR,alignment_deviation,C,2025-09-30,2025-09-22,8,USFD_ultrasonic_flaw_detection,2.5,True,Engineering
TMS005777,COR00040,LTR,LPR,WR,ballast_deficiency,C,2024-07-30,2024-05-12,79,visual_patrol,5.9,True,Engineering
TMS005778,COR01363,EN,CTRL,WR,ballast_deficiency,C,2025-10-25,2025-10-22,3,visual_patrol,0.8,True,Engineering
TMS005779,COR05887,DLI,DKZ,NR,sleeper_defect,B,2025-09-08,2025-09-08,0,visual_patrol,2.7,True,Engineering
TMS005780,COR02811,VR,VTN,WR,sleeper_defect,B,2024-05-30,2024-05-17,13,manual_gauge_check,2.8,True,Engineering
TMS005781,COR07673,KZPB,BT,ER,points_crossing_wear,B,2025-05-26,2025-03-01,86,visual_patrol,2.0,True,Engineering
TMS005782,COR01716,TKYR,MKD,WCR,rail_wear,C,2024-05-23,2024-05-15,8,track_recording_car,0.7,False,Engineering
TMS005783,COR02062,SBC,MWM,SWR,points_crossing_wear,B,2024-04-04,2024-01-13,82,track_recording_car,1.3,True,Engineering
TMS005784,COR06714,DEC,DLI,NR,weld_failure,A,2025-12-02,2017-08-02,3044,USFD_ultrasonic_flaw_detection,0.9,True,Engineering
TMS005785,COR01138,RGB,BRY,NR,ballast_deficiency,C,2024-06-18,2024-04-21,58,manual_gauge_check,3.2,True,Engineering
TMS005786,COR02572,PSK,SZH,SECR,rail_wear,C,2024-02-17,2024-02-16,1,visual_patrol,1.4,True,Engineering
TMS005787,COR00099,SOD,BQN,NWR,ballast_deficiency,C,2024-09-02,2024-08-24,9,visual_patrol,3.1,True,Engineering
TMS005788,COR02484,KRJR,WZJ,ECR,sleeper_defect,B,2024-08-01,2024-07-31,1,visual_patrol,5.9,True,Engineering
TMS005789,COR03330,KUP,RHW,NR,sleeper_defect,B,2025-05-07,2025-04-24,13,visual_patrol,4.6,True,Engineering
TMS005790,COR02582,KAWR,HAA,KR,weld_failure,A,2025-09-08,2025-07-11,59,manual_gauge_check,2.8,True,Engineering
TMS005791,COR01081,CKR,BGWD,SWR,weld_failure,A,2024-06-01,2024-05-06,26,visual_patrol,5.9,False,Engineering
TMS005792,COR02294,QSR,RWL,NR,points_crossing_wear,B,2024-01-22,2024-01-16,6,USFD_ultrasonic_flaw_detection,1.2,True,Engineering
TMS005793,COR06024,JJN,RSH,NWR,alignment_deviation,C,2024-02-29,2023-12-18,73,USFD_ultrasonic_flaw_detection,5.1,True,Engineering
TMS005794,COR04002,PNPR,PUPR,SR,alignment_deviation,C,2024-09-16,2024-09-07,9,manual_gauge_check,5.0,True,Engineering
TMS005795,COR04705,TPND,NIIJ,CR,sleeper_defect,B,2024-04-15,2023-12-11,126,visual_patrol,1.1,True,Engineering
TMS005796,COR03691,MDN,BUTA,SER,sleeper_defect,B,2025-11-20,2025-11-17,3,visual_patrol,2.1,True,Engineering
TMS005797,COR01242,SGLA,WSD,CR,points_crossing_wear,B,2024-10-13,2023-09-26,383,manual_gauge_check,3.4,True,Engineering
TMS005798,COR00707,NIG,BYR,WR,weld_failure,C,2025-07-22,2025-07-11,11,track_recording_car,3.3,True,Engineering
TMS005799,COR01696,SHR,DDCE,WCR,formation_defect,B,2024-07-10,2024-07-09,1,USFD_ultrasonic_flaw_detection,0.9,True,Engineering
TMS005800,COR01329,KTR,NANA,NWR,weld_failure,A,2024-06-15,2024-06-01,14,manual_gauge_check,3.3,True,Engineering
TMS005801,COR00120,KSG,TL,NWR,ballast_deficiency,C,2025-08-05,2024-11-30,248,manual_gauge_check,0.7,True,Engineering
TMS005802,COR04699,KASU,PEN,CR,points_crossing_wear,B,2025-07-30,2025-06-30,30,manual_gauge_check,4.1,True,Engineering
TMS005803,COR00722,MM,MRU,WR,formation_defect,B,2024-07-12,2024-07-08,4,USFD_ultrasonic_flaw_detection,4.8,True,Engineering
TMS005804,COR05496,BEU,PDR,NER,alignment_deviation,C,2024-01-06,2017-08-18,2332,track_recording_car,5.8,True,Engineering
TMS005805,COR05189,UDZ,RPZ,NWR,ballast_deficiency,C,2024-06-19,2024-06-15,4,visual_patrol,3.7,True,Engineering
TMS005806,COR01646,HHL,DBS,SWR,rail_wear,C,2025-03-10,2025-03-01,9,visual_patrol,5.2,True,Engineering
TMS005807,COR04948,VID,RAJP,KR,alignment_deviation,C,2024-09-26,2024-03-27,183,manual_gauge_check,5.0,False,Engineering
TMS005808,COR02968,CAN,CS,SR,weld_failure,A,2025-02-05,2025-02-04,1,USFD_ultrasonic_flaw_detection,0.8,True,Engineering
TMS005809,COR02469,BHLA,SOAE,ER,alignment_deviation,C,2024-07-06,2024-06-16,20,USFD_ultrasonic_flaw_detection,5.6,True,Engineering
TMS005810,COR00074,ABR,MXO,NWR,alignment_deviation,C,2024-12-14,2024-12-05,9,visual_patrol,5.0,False,Engineering
TMS005811,COR00466,LBG,CRU,SCR,sleeper_defect,B,2024-06-07,2024-05-27,11,manual_gauge_check,2.0,True,Engineering
TMS005812,COR07095,KR,UMPD,WR,sleeper_defect,B,2025-03-17,2025-01-20,56,manual_gauge_check,2.6,True,Engineering
TMS005813,COR02096,JRU,SLU,SWR,alignment_deviation,C,2025-02-25,2025-01-08,48,USFD_ultrasonic_flaw_detection,5.7,True,Engineering
TMS005814,COR03886,MQC,GHE,NR,ballast_deficiency,A,2024-08-04,2024-07-05,30,track_recording_car,5.8,True,Engineering
TMS005815,COR01949,DLB,POZ,SCR,ballast_deficiency,C,2024-09-03,2024-08-19,15,USFD_ultrasonic_flaw_detection,1.5,False,Engineering
TMS005816,COR00510,SNYN,HMG,NWR,alignment_deviation,C,2024-08-16,2024-07-03,44,USFD_ultrasonic_flaw_detection,4.8,False,Engineering
TMS005817,COR03097,SOW,RRE,ECR,weld_failure,A,2024-12-03,2024-10-14,50,visual_patrol,2.4,True,Engineering
TMS005818,COR02217,BOM,RKZ,NWR,sleeper_defect,B,2024-03-21,2024-03-08,13,visual_patrol,4.1,True,Engineering
TMS005819,COR05433,SPGL,PFM,NR,points_crossing_wear,B,2024-06-15,2024-06-03,12,USFD_ultrasonic_flaw_detection,2.0,True,Engineering
TMS005820,COR00825,BDW,SGW,NWR,ballast_deficiency,C,2025-11-11,2024-11-25,351,USFD_ultrasonic_flaw_detection,2.1,True,Engineering
TMS005821,COR07091,KSAI,MNGV,WR,formation_defect,B,2024-03-29,2023-09-05,206,manual_gauge_check,5.8,True,Engineering
TMS005822,COR01614,MYK,SLU,SWR,points_crossing_wear,B,2025-05-25,2025-05-14,11,track_recording_car,3.0,True,Engineering
TMS005823,COR03642,UNDI,CKV,SCR,weld_failure,A,2024-07-16,2024-07-12,4,USFD_ultrasonic_flaw_detection,4.2,True,Engineering
TMS005824,COR01098,IDP,VPG,SCR,sleeper_defect,B,2025-11-14,2025-11-11,3,visual_patrol,3.5,True,Engineering
TMS005825,COR01674,PPI,BKH,WCR,rail_wear,C,2024-11-12,2023-11-06,372,visual_patrol,1.7,False,Engineering
TMS005826,COR04078,AYB,MNL,SWR,rail_wear,C,2024-09-12,2024-08-29,14,visual_patrol,5.3,True,Engineering
TMS005827,COR00235,NWR,SNRR,WCR,sleeper_defect,B,2025-08-01,2025-07-23,9,USFD_ultrasonic_flaw_detection,1.5,True,Engineering
TMS005828,COR00259,SCKR,JHT,WCR,rail_fracture,A,2025-04-24,2025-04-09,15,visual_patrol,5.2,False,Engineering
TMS005829,COR02839,SCH,BHET,WR,alignment_deviation,C,2024-11-03,2024-11-03,0,visual_patrol,2.9,True,Engineering
TMS005830,COR00043,KHRS,VNRD,WR,rail_wear,C,2024-03-27,2023-11-06,142,manual_gauge_check,5.2,True,Engineering
TMS005831,COR02815,PLG,UOI,WR,alignment_deviation,C,2025-05-29,2020-10-19,1683,USFD_ultrasonic_flaw_detection,1.7,True,Engineering
TMS005832,COR00802,MWT,STSN,NWR,points_crossing_wear,B,2025-01-21,2016-03-18,3231,visual_patrol,5.8,True,Engineering
TMS005833,COR07528,JTK,RGJ,NFR,weld_failure,A,2025-06-12,2025-06-09,3,track_recording_car,1.2,True,Engineering
TMS005834,COR03160,RGJ,JTK,NFR,points_crossing_wear,B,2025-08-28,2025-01-09,231,manual_gauge_check,5.6,True,Engineering
TMS005835,COR00612,MABD,GUU,SCR,rail_fracture,A,2025-11-11,2025-08-14,89,visual_patrol,4.8,True,Engineering
TMS005836,COR00842,JWO,BIWK,WR,rail_fracture,A,2025-11-10,2025-11-09,1,track_recording_car,3.5,True,Engineering
TMS005837,COR01769,NMD,MLZ,WCR,rail_wear,C,2024-02-10,2024-01-13,28,USFD_ultrasonic_flaw_detection,2.4,True,Engineering
TMS005838,COR07486,DBRG,DMGN,NFR,rail_wear,C,2025-03-27,2025-03-22,5,track_recording_car,1.4,True,Engineering
TMS005839,COR06379,BKNG,RJT,WR,rail_wear,C,2025-05-23,2025-05-22,1,USFD_ultrasonic_flaw_detection,4.3,True,Engineering
TMS005840,COR00484,KRO,BRI,WCR,rail_wear,C,2024-03-29,2024-03-14,15,manual_gauge_check,3.2,True,Engineering
TMS005841,COR00425,SFX,RKO,SCR,ballast_deficiency,A,2024-08-12,2023-09-05,342,USFD_ultrasonic_flaw_detection,3.2,True,Engineering
TMS005842,COR04161,MJS,ULL,SR,ballast_deficiency,C,2024-10-05,2024-07-17,80,USFD_ultrasonic_flaw_detection,0.5,True,Engineering
TMS005843,COR00108,BER,PPF,NWR,rail_fracture,A,2025-12-04,2025-12-03,1,USFD_ultrasonic_flaw_detection,4.5,True,Engineering
TMS005844,COR02681,DHY,NRW,NR,rail_fracture,A,2025-10-19,2025-10-12,7,USFD_ultrasonic_flaw_detection,1.1,True,Engineering
TMS005845,COR02764,MUZ,PRTP,NR,alignment_deviation,A,2024-05-30,2024-05-15,15,visual_patrol,1.9,True,Engineering
TMS005846,COR01858,BHRL,SJNP,NR,ballast_deficiency,C,2025-03-12,2025-03-03,9,USFD_ultrasonic_flaw_detection,5.4,True,Engineering
TMS005847,COR03630,TNGL,DAJ,SWR,points_crossing_wear,B,2024-12-02,2024-11-20,12,USFD_ultrasonic_flaw_detection,2.9,True,Engineering
TMS005848,COR00162,DSA,VVB,NR,rail_wear,C,2025-12-05,2025-11-21,14,visual_patrol,1.5,True,Engineering
TMS005849,COR04150,CHV,NLE,SR,alignment_deviation,C,2025-01-19,2025-01-15,4,visual_patrol,1.2,True,Engineering
TMS005850,COR03075,VLL,WH,SR,alignment_deviation,C,2025-01-21,2024-08-14,160,USFD_ultrasonic_flaw_detection,4.3,True,Engineering
TMS005851,COR01708,UHR,LGCE,WCR,alignment_deviation,C,2025-04-08,2024-05-18,325,track_recording_car,4.2,True,Engineering
TMS005852,COR03065,THX,NCJ,SR,formation_defect,B,2025-07-05,2025-06-26,9,track_recording_car,2.5,True,Engineering
TMS005853,COR01922,GTU,PRLI,SCR,rail_wear,C,2025-03-20,2024-04-12,342,USFD_ultrasonic_flaw_detection,4.3,True,Engineering
TMS005854,COR03006,SOU,GEB,ECR,rail_fracture,A,2025-06-21,2025-06-08,13,visual_patrol,4.1,True,Engineering
TMS005855,COR02136,SVD,KODI,SCR,alignment_deviation,C,2024-10-16,2024-10-02,14,track_recording_car,5.6,True,Engineering
TMS005856,COR01890,DKJ,GLA,SCR,points_crossing_wear,B,2025-04-02,2025-04-01,1,visual_patrol,5.0,False,Engineering
TMS005857,COR01677,SCKR,GAR,WCR,alignment_deviation,C,2024-03-24,2024-02-18,35,manual_gauge_check,6.0,False,Engineering
TMS005858,COR00480,CAER,BRUD,WCR,ballast_deficiency,B,2025-11-27,2025-11-13,14,USFD_ultrasonic_flaw_detection,1.4,True,Engineering
TMS005859,COR02426,HDD,HGI,SCR,rail_fracture,A,2025-08-25,2025-07-20,36,track_recording_car,2.4,True,Engineering
TMS005860,COR05178,THA,JHDC,ECR,sleeper_defect,B,2025-05-25,2025-05-19,6,manual_gauge_check,0.7,True,Engineering
TMS005861,COR02821,BRRD,UBR,WR,weld_failure,A,2025-03-03,2025-02-14,17,visual_patrol,4.3,True,Engineering
TMS005862,COR01586,SHC,SBM,ECR,ballast_deficiency,C,2025-07-30,2025-07-28,2,manual_gauge_check,2.2,False,Engineering
TMS005863,COR00020,KHDI,RJT,WR,points_crossing_wear,B,2025-05-14,2025-05-02,12,visual_patrol,4.4,True,Engineering
TMS005864,COR00560,HW,MOTC,NR,points_crossing_wear,B,2024-09-02,2024-06-30,64,visual_patrol,2.8,True,Engineering
TMS005865,COR07273,AVP,CATD,SECR,alignment_deviation,C,2024-05-24,2024-05-11,13,USFD_ultrasonic_flaw_detection,4.8,True,Engineering
TMS005866,COR06869,SUNM,HGJ,NR,ballast_deficiency,C,2024-02-28,2024-02-13,15,visual_patrol,4.4,True,Engineering
TMS005867,COR00295,NB,SAV,CR,alignment_deviation,C,2025-11-24,2025-11-22,2,manual_gauge_check,0.9,True,Engineering
TMS005868,COR02087,ADHL,ASK,SWR,rail_fracture,A,2025-09-04,2025-06-07,89,visual_patrol,5.4,True,Engineering
TMS005869,COR00258,GAR,SCKR,WCR,points_crossing_wear,B,2024-06-02,2024-02-21,102,visual_patrol,1.8,False,Engineering
TMS005870,COR02821,BRRD,UBR,WR,sleeper_defect,B,2025-01-29,2025-01-20,9,visual_patrol,5.6,True,Engineering
TMS005871,COR00813,JCH,THM,NWR,weld_failure,A,2024-03-31,2023-08-22,222,visual_patrol,5.1,True,Engineering
TMS005872,COR01305,APA,SEU,NWR,weld_failure,A,2024-12-14,2024-06-01,196,visual_patrol,0.9,True,Engineering
TMS005873,COR04154,BFR,KQK,SR,alignment_deviation,C,2024-01-25,2024-01-19,6,track_recording_car,2.6,True,Engineering
TMS005874,COR01826,JRL,SDRA,NWR,ballast_deficiency,C,2024-10-28,2024-10-14,14,visual_patrol,2.3,False,Engineering
TMS005875,COR01367,CDK,KLRD,WR,formation_defect,C,2024-08-24,2024-08-13,11,visual_patrol,3.0,True,Engineering
TMS005876,COR03243,BNDI,MLGH,WCR,points_crossing_wear,B,2025-05-12,2025-02-24,77,USFD_ultrasonic_flaw_detection,1.0,True,Engineering
TMS005877,COR01023,DHRY,HJI,NFR,ballast_deficiency,C,2025-07-14,2025-07-06,8,manual_gauge_check,2.0,True,Engineering
TMS005878,COR03606,HMO,HMH,NWR,ballast_deficiency,C,2025-11-15,2025-11-15,0,visual_patrol,5.8,True,Engineering
TMS005879,COR00253,GPC,NU,WCR,points_crossing_wear,B,2024-06-06,2023-05-06,397,USFD_ultrasonic_flaw_detection,1.9,True,Engineering
TMS005880,COR01669,SQL,BGTA,WCR,alignment_deviation,C,2024-02-20,2023-10-09,134,visual_patrol,3.9,True,Engineering
TMS005881,COR05126,CHKB,KNDI,NR,sleeper_defect,B,2024-08-29,2024-01-08,234,manual_gauge_check,2.0,True,Engineering
TMS005882,COR00095,AUWA,MJ,NWR,points_crossing_wear,A,2024-02-19,2023-12-19,62,manual_gauge_check,1.0,True,Engineering
TMS005883,COR00704,VR,NSP,WR,points_crossing_wear,B,2025-02-04,2025-01-28,7,visual_patrol,3.7,True,Engineering
TMS005884,COR05182,TEA,NDW,ECR,sleeper_defect,B,2025-12-12,2025-11-12,30,manual_gauge_check,3.8,True,Engineering
TMS005885,COR07402,BPM,AHQ,NR,alignment_deviation,C,2024-01-03,2023-11-21,43,manual_gauge_check,2.9,False,Engineering
TMS005886,COR04167,QRP,AHH,NR,weld_failure,A,2024-10-01,2024-04-06,178,visual_patrol,2.8,True,Engineering
TMS005887,COR02215,KAI,PMY,NWR,sleeper_defect,B,2025-05-18,2025-05-01,17,USFD_ultrasonic_flaw_detection,1.0,True,Engineering
TMS005888,COR02964,AT,KAWR,KR,rail_wear,C,2025-08-01,2025-07-22,10,visual_patrol,4.5,True,Engineering
TMS005889,COR00265,GMD,BGTA,WCR,sleeper_defect,B,2024-05-20,2024-05-06,14,track_recording_car,5.9,True,Engineering
TMS005890,COR03063,NPK,AAY,SR,alignment_deviation,C,2024-01-29,2015-03-22,3235,USFD_ultrasonic_flaw_detection,1.1,True,Engineering
TMS005891,COR03340,NTT,CJE,SR,weld_failure,A,2025-11-13,2025-08-21,84,USFD_ultrasonic_flaw_detection,1.5,True,Engineering
TMS005892,COR00470,NB,RV,CR,ballast_deficiency,C,2025-02-13,2025-01-16,28,visual_patrol,1.2,True,Engineering
TMS005893,COR00704,VR,NSP,WR,sleeper_defect,B,2024-08-24,2024-06-13,72,visual_patrol,4.4,True,Engineering
TMS005894,COR00486,MUO,PAL,WCR,weld_failure,A,2025-07-23,2025-07-09,14,track_recording_car,2.7,True,Engineering
TMS005895,COR00561,MOTC,RWL,NR,ballast_deficiency,C,2025-05-11,2018-06-01,2536,manual_gauge_check,3.5,True,Engineering
TMS005896,COR02951,PARD,NED,SCR,ballast_deficiency,C,2025-03-10,2024-12-28,72,visual_patrol,2.0,True,Engineering
TMS005897,COR01568,TKR,KOV,CR,points_crossing_wear,B,2024-07-05,2024-06-25,10,track_recording_car,1.7,True,Engineering
TMS005898,COR03054,NRK,GDN,SR,ballast_deficiency,C,2024-10-11,2024-08-27,45,track_recording_car,1.2,False,Engineering
TMS005899,COR01678,GAR,BNE,WCR,rail_wear,C,2025-05-09,2025-02-25,73,visual_patrol,5.0,True,Engineering
TMS005900,COR03897,KHV,KZH,NR,alignment_deviation,C,2025-03-14,2025-02-23,19,USFD_ultrasonic_flaw_detection,2.4,True,Engineering
TMS005901,COR00315,MDF,RKI,SER,sleeper_defect,B,2025-11-06,2025-10-31,6,manual_gauge_check,2.9,True,Engineering
TMS005902,COR02963,BLLI,CNO,KR,ballast_deficiency,C,2025-08-21,2025-08-13,8,manual_gauge_check,2.9,True,Engineering
TMS005903,COR06075,SQF,BHZ,NFR,alignment_deviation,C,2024-11-26,2024-11-10,16,track_recording_car,3.5,True,Engineering
TMS005904,COR05056,SNKG,BNL,SCR,points_crossing_wear,A,2025-10-18,2025-10-03,15,USFD_ultrasonic_flaw_detection,0.5,True,Engineering
TMS005905,COR05609,SJL,VJA,SCR,ballast_deficiency,A,2024-01-05,2024-01-02,3,USFD_ultrasonic_flaw_detection,4.9,True,Engineering
TMS005906,COR00494,BPF,DKI,WCR,formation_defect,B,2024-08-04,2024-08-02,2,visual_patrol,1.4,False,Engineering
TMS005907,COR02820,GVD,BRRD,WR,points_crossing_wear,B,2024-03-29,2024-03-19,10,visual_patrol,4.9,False,Engineering
TMS005908,COR00612,MABD,GUU,SCR,points_crossing_wear,B,2025-04-19,2025-04-08,11,USFD_ultrasonic_flaw_detection,4.8,True,Engineering
TMS005909,COR05634,MD,AII,NWR,ballast_deficiency,C,2024-08-04,2024-06-17,48,visual_patrol,4.8,True,Engineering
TMS005910,COR04912,MNGT,MYS,SWR,ballast_deficiency,C,2025-04-29,2024-06-03,330,USFD_ultrasonic_flaw_detection,0.6,True,Engineering
TMS005911,COR02528,BXC,DULP,NR,sleeper_defect,B,2025-07-09,2025-06-27,12,visual_patrol,2.1,True,Engineering
TMS005912,COR02339,CKE,VAL,WR,rail_wear,C,2025-11-21,2025-11-16,5,visual_patrol,2.3,False,Engineering
TMS005913,COR00269,KTZ,DKI,WCR,ballast_deficiency,C,2024-02-16,2024-02-04,12,visual_patrol,3.6,True,Engineering
TMS005914,COR02043,UPI,BTW,CR,formation_defect,B,2025-03-28,2024-11-05,143,visual_patrol,6.0,False,Engineering
TMS005915,COR00784,KRH,GAL,NWR,ballast_deficiency,C,2025-04-27,2025-03-11,47,visual_patrol,2.4,True,Engineering
TMS005916,COR03320,SJJ,DWLE,ER,rail_fracture,A,2025-06-02,2025-05-20,13,visual_patrol,4.3,True,Engineering
TMS005917,COR00766,BWSN,GGN,NR,weld_failure,A,2025-07-07,2025-04-26,72,manual_gauge_check,2.8,True,Engineering
TMS005918,COR01523,BY,CHG,CR,rail_wear,C,2025-12-07,2024-11-21,381,track_recording_car,2.4,True,Engineering
TMS005919,COR05438,BON,ATH,WCR,alignment_deviation,C,2025-03-25,2025-03-16,9,track_recording_car,4.1,True,Engineering
TMS005920,COR02100,HNH,THN,SWR,weld_failure,A,2024-08-25,2024-08-03,22,visual_patrol,1.7,True,Engineering
TMS005921,COR05670,DUK,SUT,NWR,formation_defect,B,2024-07-25,2024-01-25,182,visual_patrol,5.8,True,Engineering
TMS005922,COR00272,BIF,PGL,WCR,ballast_deficiency,C,2025-03-06,2024-04-27,313,visual_patrol,5.6,False,Engineering
TMS005923,COR03194,KGN,TUNG,NFR,formation_defect,B,2024-03-06,2024-03-03,3,visual_patrol,1.3,False,Engineering
TMS005924,COR00417,HRSR,GEDE,ER,alignment_deviation,C,2025-09-18,2025-07-21,59,visual_patrol,4.4,True,Engineering
TMS005925,COR00516,RPI,GBP,NWR,alignment_deviation,C,2025-05-02,2025-04-01,31,visual_patrol,2.7,True,Engineering
TMS005926,COR01328,MOI,KTR,NWR,weld_failure,A,2024-09-27,2024-09-13,14,visual_patrol,4.7,True,Engineering
TMS005927,COR00282,KKN,DRHI,WCR,points_crossing_wear,B,2025-02-23,2025-02-07,16,visual_patrol,1.4,True,Engineering
TMS005928,COR01081,CKR,BGWD,SWR,ballast_deficiency,C,2024-03-23,2024-03-13,10,track_recording_car,3.8,True,Engineering
TMS005929,COR00431,BMO,GOPL,SCR,points_crossing_wear,B,2024-03-07,2024-01-10,57,manual_gauge_check,3.8,True,Engineering
TMS005930,COR05194,MVJ,FAN,NWR,sleeper_defect,B,2024-10-03,2024-08-21,43,visual_patrol,4.4,True,Engineering
TMS005931,COR02835,ACL,VDH,WR,rail_fracture,A,2025-06-21,2025-05-30,22,visual_patrol,5.3,True,Engineering
TMS005932,COR00028,WKR,LXR,WR,points_crossing_wear,B,2024-07-11,2024-07-05,6,manual_gauge_check,6.0,True,Engineering
TMS005933,COR01744,RJQ,LKMN,WR,points_crossing_wear,B,2024-10-21,2024-10-09,12,visual_patrol,5.5,True,Engineering
TMS005934,COR03832,MXN,NCH,NFR,sleeper_defect,C,2024-01-28,2023-11-01,88,track_recording_car,2.9,True,Engineering
TMS005935,COR00409,AG,BHGH,ER,sleeper_defect,B,2025-09-30,2025-07-20,72,visual_patrol,1.0,True,Engineering
TMS005936,COR08106,KJP,GIW,NCR,points_crossing_wear,B,2024-12-02,2024-11-20,12,visual_patrol,3.2,True,Engineering
TMS005937,COR01625,DRU,BLKR,SWR,sleeper_defect,B,2025-06-21,2025-05-26,26,visual_patrol,5.1,True,Engineering
TMS005938,COR04028,BHTL,VQD,WR,ballast_deficiency,C,2025-04-18,2024-09-09,221,manual_gauge_check,1.1,True,Engineering
TMS005939,COR07983,TMB,GVA,ECoR,points_crossing_wear,B,2025-10-04,2025-09-19,15,manual_gauge_check,4.0,True,Engineering
TMS005940,COR01692,JBP,ADTL,WCR,rail_wear,C,2024-03-23,2024-03-22,1,USFD_ultrasonic_flaw_detection,0.7,True,Engineering
TMS005941,COR00085,JWB,BRLY,NWR,formation_defect,B,2024-05-11,2024-04-28,13,visual_patrol,4.5,True,Engineering
TMS005942,COR05932,NPS,SDF,NWR,points_crossing_wear,C,2024-06-18,2024-05-19,30,track_recording_car,3.0,True,Engineering
TMS005943,COR01657,IKK,PRI,NR,weld_failure,C,2024-05-09,2023-09-02,250,visual_patrol,3.1,True,Engineering
TMS005944,COR04537,SMBX,GHGL,NR,rail_fracture,A,2024-12-19,2024-11-16,33,USFD_ultrasonic_flaw_detection,5.3,True,Engineering
TMS005945,COR00281,KRO,KKN,WCR,ballast_deficiency,C,2025-03-27,2025-03-18,9,USFD_ultrasonic_flaw_detection,5.9,True,Engineering
TMS005946,COR02836,VDH,NVS,WR,weld_failure,A,2024-03-09,2023-11-30,100,manual_gauge_check,4.1,True,Engineering
TMS005947,COR03687,AJKI,DWX,WR,points_crossing_wear,B,2024-11-14,2024-03-15,244,manual_gauge_check,2.8,True,Engineering
TMS005948,COR06033,NNP,RBJ,NER,weld_failure,A,2024-08-10,2024-07-27,14,track_recording_car,5.9,True,Engineering
TMS005949,COR03476,KHU,ATE,NCR,sleeper_defect,B,2024-12-31,2024-10-14,78,track_recording_car,5.2,True,Engineering
TMS005950,COR00648,SBH,SUL,SWR,rail_wear,C,2025-05-07,2025-03-11,57,USFD_ultrasonic_flaw_detection,3.2,True,Engineering
TMS005951,COR05665,PRU,SMR,NWR,alignment_deviation,A,2025-04-29,2025-04-28,1,USFD_ultrasonic_flaw_detection,1.8,True,Engineering
TMS005952,COR00158,PTNR,DBSI,NR,alignment_deviation,C,2025-08-05,2025-08-02,3,visual_patrol,1.3,True,Engineering
TMS005953,COR04340,HMO,SRKN,NWR,sleeper_defect,B,2025-01-01,2024-06-07,208,visual_patrol,2.8,True,Engineering
TMS005954,COR08397,RRW,LKW,NR,rail_wear,C,2025-06-01,2025-05-22,10,visual_patrol,5.4,True,Engineering
TMS005955,COR07073,KLYT,GJN,NWR,weld_failure,A,2025-04-08,2025-03-06,33,manual_gauge_check,5.4,True,Engineering
TMS005956,COR07794,VVKP,DSA,NR,rail_wear,C,2025-10-21,2025-10-17,4,USFD_ultrasonic_flaw_detection,0.8,True,Engineering
TMS005957,COR05075,CNA,COR,WR,formation_defect,C,2024-01-18,2024-01-09,9,track_recording_car,1.0,False,Engineering
TMS005958,COR07891,MHDP,JADR,WR,alignment_deviation,C,2024-12-14,2024-12-12,2,USFD_ultrasonic_flaw_detection,4.3,True,Engineering
TMS005959,COR04952,KKW,SNDD,KR,ballast_deficiency,C,2024-12-13,2024-09-30,74,visual_patrol,1.1,True,Engineering
TMS005960,COR02623,BPC,NBPH,ER,rail_wear,C,2024-04-23,2024-04-19,4,visual_patrol,5.0,False,Engineering
TMS005961,COR02827,UVD,PAD,WR,ballast_deficiency,C,2025-01-22,2025-01-20,2,visual_patrol,4.1,True,Engineering
TMS005962,COR00182,SAHI,CAI,ECR,rail_wear,C,2025-04-22,2025-04-21,1,visual_patrol,3.3,False,Engineering
TMS005963,COR00268,DRA,KTZ,WCR,alignment_deviation,C,2025-05-16,2025-03-18,59,visual_patrol,5.0,True,Engineering
TMS005964,COR05610,ADRA,SNKR,SER,rail_wear,C,2025-07-11,2025-07-08,3,USFD_ultrasonic_flaw_detection,5.8,True,Engineering
TMS005965,COR01195,JSV,PLV,CR,alignment_deviation,C,2024-09-29,2024-08-06,54,manual_gauge_check,4.4,True,Engineering
TMS005966,COR05394,MBA,CRC,NCR,rail_wear,C,2024-06-03,2023-08-25,283,visual_patrol,2.8,True,Engineering
TMS005967,COR00302,NRJ,KBPR,SWR,weld_failure,A,2025-12-07,2025-11-26,11,manual_gauge_check,4.3,True,Engineering
TMS005968,COR07423,RWH,MOBD,NFR,sleeper_defect,B,2024-06-25,2016-06-12,2935,visual_patrol,0.5,False,Engineering
TMS005969,COR00663,HBP,MOG,ECR,rail_wear,C,2024-04-03,2023-05-18,321,USFD_ultrasonic_flaw_detection,2.6,True,Engineering
TMS005970,COR00714,GMN,JOS,WR,alignment_deviation,C,2024-03-27,2023-06-28,273,manual_gauge_check,3.9,True,Engineering
TMS005971,COR04114,BNN,SEQ,NR,rail_wear,B,2025-03-28,2025-03-23,5,track_recording_car,0.5,True,Engineering
TMS005972,COR02973,JGE,MAHE,SR,formation_defect,B,2025-03-15,2025-02-28,15,USFD_ultrasonic_flaw_detection,1.2,True,Engineering
TMS005973,COR03885,NNO,MQC,NR,alignment_deviation,C,2024-03-17,2024-03-10,7,visual_patrol,0.7,False,Engineering
TMS005974,COR00119,GEK,KSG,NWR,formation_defect,B,2024-07-09,2024-06-29,10,USFD_ultrasonic_flaw_detection,0.8,True,Engineering
TMS005975,COR04736,JK,SRM,NR,rail_wear,C,2024-04-01,2024-03-21,11,visual_patrol,3.5,True,Engineering
TMS005976,COR00699,VTN,VR,WR,formation_defect,B,2025-08-10,2025-08-03,7,manual_gauge_check,4.6,True,Engineering
TMS005977,COR01551,WLH,NIRA,CR,ballast_deficiency,C,2025-05-18,2025-05-18,0,track_recording_car,2.8,True,Engineering
TMS005978,COR03856,HRSR,BPN,ER,sleeper_defect,B,2024-08-06,2024-07-28,9,USFD_ultrasonic_flaw_detection,5.8,False,Engineering
TMS005979,COR02722,GK,BNKJ,NER,weld_failure,A,2025-11-02,2025-09-26,37,track_recording_car,2.4,True,Engineering
TMS005980,COR02021,KFK,MBS,NER,points_crossing_wear,B,2024-03-19,2023-11-16,124,USFD_ultrasonic_flaw_detection,4.5,True,Engineering
TMS005981,COR04600,PNVT,JPZ,NFR,points_crossing_wear,B,2024-06-16,2024-05-13,34,visual_patrol,4.4,True,Engineering
TMS005982,COR03071,LOV,UAM,SR,alignment_deviation,C,2025-07-02,2025-05-09,54,visual_patrol,2.5,True,Engineering
TMS005983,COR04372,TPC,RAGM,SR,alignment_deviation,C,2024-03-23,2024-03-13,10,track_recording_car,1.5,True,Engineering
TMS005984,COR02081,ARGP,RDI,SWR,formation_defect,B,2024-02-26,2024-02-14,12,USFD_ultrasonic_flaw_detection,1.7,True,Engineering
TMS005985,COR00270,DKI,BPF,WCR,ballast_deficiency,C,2025-11-10,2025-11-01,9,visual_patrol,5.7,True,Engineering
TMS005986,COR04031,SYQ,MDPR,WR,sleeper_defect,B,2024-12-09,2024-11-05,34,track_recording_car,4.8,True,Engineering
TMS005987,COR01915,CKX,LTRR,SCR,alignment_deviation,B,2025-10-15,2025-08-04,72,manual_gauge_check,1.7,False,Engineering
TMS005988,COR06841,TBTN,NNX,NR,sleeper_defect,C,2024-09-18,2024-08-06,43,USFD_ultrasonic_flaw_detection,2.7,True,Engineering
TMS005989,COR02150,MCPK,MTCN,SR,rail_wear,C,2025-11-06,2025-10-10,27,track_recording_car,3.7,True,Engineering
TMS005990,COR06220,MYD,HTL,NFR,points_crossing_wear,B,2024-08-03,2024-05-14,81,manual_gauge_check,4.5,True,Engineering
TMS005991,COR00790,DGW,RHG,NWR,points_crossing_wear,B,2024-01-12,2023-04-23,264,visual_patrol,2.7,True,Engineering
TMS005992,COR00284,BRUD,CAER,WCR,weld_failure,A,2025-02-08,2025-01-29,10,track_recording_car,4.0,True,Engineering
TMS005993,COR02107,BYD,HVR,SWR,rail_wear,C,2024-06-30,2023-08-08,327,visual_patrol,5.0,True,Engineering
TMS005994,COR06745,TUWA,VKG,WR,ballast_deficiency,C,2024-03-26,2024-03-15,11,track_recording_car,5.2,True,Engineering
TMS005995,COR02007,KGRA,KGMR,NR,ballast_deficiency,B,2024-09-06,2024-08-31,6,USFD_ultrasonic_flaw_detection,2.3,True,Engineering
TMS005996,COR04546,BHRL,CHKB,NR,weld_failure,A,2025-07-27,2025-07-18,9,visual_patrol,0.9,False,Engineering
TMS005997,COR06770,JDL,DHRR,NWR,alignment_deviation,C,2025-09-24,2025-07-04,82,track_recording_car,0.6,True,Engineering
TMS005998,COR00538,KZE,NLE,SR,rail_wear,C,2024-03-11,2024-03-02,9,manual_gauge_check,2.8,False,Engineering
TMS005999,COR02833,BIM,AML,WR,rail_fracture,A,2025-06-27,2025-04-21,67,visual_patrol,3.5,True,Engineering
TMS006000,COR01696,SHR,DDCE,WCR,sleeper_defect,B,2025-11-13,2025-10-26,18,visual_patrol,5.7,True,Engineering
