smms_record_id,corridor_id,from_station,to_station,zone,defect_type,severity_class,detected_date,originally_due_date,days_overdue,affects_train_movement_authority,estimated_repair_duration_hrs,requires_traffic_block,department
SMMS000001,COR02167,IVL,KDU,SR,axle_counter_fault,A,2025-11-05,2025-10-12,24,True,1.9,True,Signal & Telecommunication
SMMS000002,COR04767,TVI,SGS,NR,point_machine_fault,B,2024-05-24,2024-05-24,0,False,0.8,True,Signal & Telecommunication
SMMS000003,COR05905,PCR,DUJ,ER,signal_failure,A,2024-09-15,2024-09-14,1,True,2.9,True,Signal & Telecommunication
SMMS000004,COR03988,AZ,ACLE,ER,point_machine_fault,B,2024-03-04,2024-03-01,3,False,2.0,True,Signal & Telecommunication
SMMS000005,COR05892,TL,KSG,NWR,axle_counter_fault,A,2024-03-29,2024-03-24,5,True,1.4,True,Signal & Telecommunication
SMMS000006,COR00426,RKO,AMQ,SCR,cable_fault,B,2025-12-15,2025-12-13,2,False,2.2,True,Signal & Telecommunication
SMMS000007,COR05063,LWR,TVG,SWR,point_machine_fault,B,2024-04-13,2024-02-01,72,False,1.9,False,Signal & Telecommunication
SMMS000008,COR04045,AKS,GCT,NER,cable_fault,B,2024-11-28,2024-11-05,23,False,3.6,True,Signal & Telecommunication
SMMS000009,COR00010,KNLS,PPLI,WR,point_machine_fault,B,2025-01-11,2024-12-27,15,False,0.5,False,Signal & Telecommunication
SMMS000010,COR04667,ZARP,KUDL,KR,cable_fault,B,2024-06-01,2024-05-31,1,False,3.9,True,Signal & Telecommunication
SMMS000011,COR04420,KRKP,MGD,SWR,cable_fault,B,2024-06-02,2023-12-06,179,False,3.3,True,Signal & Telecommunication
SMMS000012,COR03069,AVK,KXT,SR,cable_fault,B,2025-02-01,2025-01-13,19,False,2.3,True,Signal & Telecommunication
SMMS000013,COR00290,CDI,AGQ,CR,point_machine_fault,B,2024-07-03,2024-06-28,5,False,2.4,True,Signal & Telecommunication
SMMS000014,COR01349,DRW,SID,WR,interlocking_fault,A,2024-08-04,2024-07-30,5,True,3.1,True,Signal & Telecommunication
SMMS000015,COR06521,BFE,ABS,NR,block_instrument_fault,B,2024-08-27,2024-08-08,19,True,2.8,True,Signal & Telecommunication
SMMS000016,COR03082,PYOL,IGL,SR,point_machine_fault,B,2024-01-30,2024-01-29,1,False,0.7,False,Signal & Telecommunication
SMMS000017,COR05427,GRMR,KHNM,NR,cable_fault,B,2025-10-27,2025-10-26,1,False,2.7,True,Signal & Telecommunication
SMMS000018,COR00025,SDD,AXA,WR,block_instrument_fault,B,2025-09-08,2025-09-07,1,True,3.7,True,Signal & Telecommunication
SMMS000019,COR02773,JDW,MOZ,NR,lc_gate_interlock_fault,A,2025-06-04,2025-06-02,2,False,1.8,True,Signal & Telecommunication
SMMS000020,COR01601,SVNR,KVS,SWR,cable_fault,B,2024-06-23,2024-06-09,14,False,3.6,True,Signal & Telecommunication
SMMS000021,COR04161,MJS,ULL,SR,point_machine_fault,B,2024-04-17,2024-04-15,2,False,3.2,True,Signal & Telecommunication
SMMS000022,COR00320,GRB,ANR,SER,signal_failure,A,2025-04-19,2025-04-15,4,True,2.2,True,Signal & Telecommunication
SMMS000023,COR01606,DAD,RNR,SWR,cable_fault,B,2025-09-16,2025-09-13,3,False,2.6,True,Signal & Telecommunication
SMMS000024,COR02832,JRS,BIM,WR,block_instrument_fault,B,2025-08-19,2025-08-14,5,True,0.6,True,Signal & Telecommunication
SMMS000025,COR02729,DYU,PBE,NER,axle_counter_fault,A,2025-05-04,2025-04-29,5,True,3.5,True,Signal & Telecommunication
SMMS000026,COR00767,GGN,BDXT,NR,cable_fault,B,2024-11-13,2024-11-09,4,False,2.1,True,Signal & Telecommunication
SMMS000027,COR00293,WGA,RV,CR,signal_failure,A,2024-07-09,2024-07-05,4,True,3.2,True,Signal & Telecommunication
SMMS000028,COR01316,MJ,AUWA,NWR,point_machine_fault,B,2025-05-17,2025-01-09,128,False,3.4,True,Signal & Telecommunication
SMMS000029,COR00303,KBPR,BNTL,SWR,axle_counter_fault,A,2025-02-21,2025-02-07,14,True,3.1,True,Signal & Telecommunication
SMMS000030,COR01906,KHNP,HBU,SCR,point_machine_fault,B,2025-03-29,2025-03-24,5,False,0.9,True,Signal & Telecommunication
SMMS000031,COR01741,MHOW,HKH,WR,cable_fault,B,2025-02-18,2025-02-09,9,False,3.3,True,Signal & Telecommunication
SMMS000032,COR04642,KUDA,SEN,KR,block_instrument_fault,B,2025-05-21,2025-05-21,0,True,0.9,True,Signal & Telecommunication
SMMS000033,COR01310,CNL,BGX,NWR,point_machine_fault,B,2024-09-10,2024-09-05,5,False,1.5,True,Signal & Telecommunication
SMMS000034,COR00618,KMT,PNDP,SCR,signal_failure,A,2024-01-28,2024-01-28,0,True,1.1,False,Signal & Telecommunication
SMMS000035,COR06254,MKR,TGL,SCR,point_machine_fault,B,2025-08-08,2025-08-06,2,False,2.8,True,Signal & Telecommunication
SMMS000036,COR00254,NU,KY,WCR,signal_failure,A,2024-03-24,2024-03-17,7,True,2.8,True,Signal & Telecommunication
SMMS000037,COR02098,MYK,KAG,SWR,cable_fault,B,2025-12-04,2025-12-02,2,False,2.2,True,Signal & Telecommunication
SMMS000038,COR08153,SBL,SYF,NCR,block_instrument_fault,B,2024-07-12,2024-07-11,1,True,3.2,True,Signal & Telecommunication
SMMS000039,COR04067,KSAR,LMT,SWR,interlocking_fault,A,2025-07-05,2025-06-30,5,True,1.0,True,Signal & Telecommunication
SMMS000040,COR02148,MPKT,MCPT,SR,signal_failure,A,2024-02-14,2023-09-09,158,True,2.5,True,Signal & Telecommunication
SMMS000041,COR03123,JGD,KBSH,ER,point_machine_fault,B,2025-02-23,2025-02-22,1,False,2.9,True,Signal & Telecommunication
SMMS000042,COR01097,TGU,IDP,SCR,cable_fault,B,2024-06-25,2024-06-25,0,False,1.9,True,Signal & Telecommunication
SMMS000043,COR03036,LHM,BCU,NR,lc_gate_interlock_fault,A,2025-02-19,2025-02-16,3,False,2.0,True,Signal & Telecommunication
SMMS000044,COR06007,COM,LHW,NWR,signal_failure,A,2025-08-08,2025-07-28,11,True,2.1,True,Signal & Telecommunication
SMMS000045,COR04150,CHV,NLE,SR,interlocking_fault,A,2025-10-25,2025-10-21,4,True,2.0,True,Signal & Telecommunication
SMMS000046,COR05301,KHBJ,MFQ,WCR,block_instrument_fault,B,2024-10-10,2024-10-08,2,True,1.7,True,Signal & Telecommunication
SMMS000047,COR06469,MINA,BDWS,WCR,block_instrument_fault,B,2025-08-06,2025-08-05,1,True,3.6,True,Signal & Telecommunication
SMMS000048,COR00688,SJN,UBR,WR,point_machine_fault,B,2025-12-18,2025-08-10,130,False,3.5,True,Signal & Telecommunication
SMMS000049,COR06694,LAP,TKP,ER,cable_fault,B,2025-04-06,2025-04-05,1,False,2.3,True,Signal & Telecommunication
SMMS000050,COR00475,CDI,NPNR,CR,point_machine_fault,B,2025-09-24,2025-06-15,101,False,3.6,True,Signal & Telecommunication
SMMS000051,COR05217,NPT,KTM,SR,block_instrument_fault,B,2025-09-05,2025-08-16,20,True,0.7,True,Signal & Telecommunication
SMMS000052,COR01466,MJN,TSK,NFR,point_machine_fault,B,2025-09-12,2025-08-17,26,False,1.1,True,Signal & Telecommunication
SMMS000053,COR00067,KRJD,CTT,NWR,cable_fault,B,2024-05-12,2024-05-08,4,False,1.4,True,Signal & Telecommunication
SMMS000054,COR00045,KHD,SHRD,WR,cable_fault,B,2024-06-25,2024-06-20,5,False,2.6,True,Signal & Telecommunication
SMMS000055,COR01860,MDPB,KTHU,NR,point_machine_fault,B,2025-10-02,2025-09-22,10,False,1.4,True,Signal & Telecommunication
SMMS000056,COR01356,JDN,UMN,WR,signal_failure,A,2024-06-23,2024-06-22,1,True,0.9,True,Signal & Telecommunication
SMMS000057,COR00315,MDF,RKI,SER,cable_fault,B,2025-07-03,2025-07-01,2,False,3.4,True,Signal & Telecommunication
SMMS000058,COR05712,CRKR,DHR,WCR,cable_fault,B,2025-05-21,2025-05-20,1,False,1.0,True,Signal & Telecommunication
SMMS000059,COR00485,BRI,MUO,WCR,signal_failure,A,2024-02-29,2024-02-11,18,True,2.3,True,Signal & Telecommunication
SMMS000060,COR06242,CNDM,CDG,NR,cable_fault,B,2025-08-21,2025-08-17,4,False,2.8,True,Signal & Telecommunication
SMMS000061,COR06323,BDWS,MINA,WCR,interlocking_fault,A,2025-12-03,2025-12-02,1,True,3.8,True,Signal & Telecommunication
SMMS000062,COR02295,RWL,MOTC,NR,cable_fault,B,2024-05-02,2024-04-29,3,False,2.6,True,Signal & Telecommunication
SMMS000063,COR00263,SXF,SGP,WCR,point_machine_fault,B,2025-02-13,2025-02-09,4,False,1.2,False,Signal & Telecommunication
SMMS000064,COR05737,PUC,PO,SR,interlocking_fault,A,2024-11-21,2024-11-16,5,True,3.0,True,Signal & Telecommunication
SMMS000065,COR00627,GNN,CVV,SCR,cable_fault,B,2024-11-05,2024-11-03,2,False,1.4,True,Signal & Telecommunication
SMMS000066,COR02149,MCPT,MCPK,SR,cable_fault,B,2025-09-17,2025-08-26,22,False,3.7,True,Signal & Telecommunication
SMMS000067,COR08010,LO,LHBK,WR,lc_gate_interlock_fault,A,2024-06-28,2024-06-17,11,False,2.8,True,Signal & Telecommunication
SMMS000068,COR05058,TKBN,VP,SWR,interlocking_fault,A,2025-06-11,2025-06-09,2,True,3.5,True,Signal & Telecommunication
SMMS000069,COR00207,MFX,LOG,NCR,interlocking_fault,A,2024-08-15,2024-05-08,99,True,1.0,True,Signal & Telecommunication
SMMS000070,COR05695,KHRY,LUSA,NCR,block_instrument_fault,B,2024-01-05,2023-12-31,5,True,3.4,True,Signal & Telecommunication
SMMS000071,COR00880,WDR,SHAN,SCR,cable_fault,B,2025-03-21,2025-03-20,1,False,3.1,True,Signal & Telecommunication
SMMS000072,COR04181,GRN,JHL,NR,block_instrument_fault,B,2025-03-28,2025-03-24,4,True,3.7,False,Signal & Telecommunication
SMMS000073,COR03974,GGLE,JHBN,ER,block_instrument_fault,B,2024-08-19,2024-08-18,1,True,1.3,False,Signal & Telecommunication
SMMS000074,COR02292,HRW,DWO,NR,point_machine_fault,B,2024-07-07,2024-05-28,40,False,1.4,True,Signal & Telecommunication
SMMS000075,COR08065,SRTE,GIS,NCR,cable_fault,B,2024-11-30,2024-10-16,45,False,2.0,True,Signal & Telecommunication
SMMS000076,COR03561,GRB,ADRA,SER,point_machine_fault,B,2024-06-21,2024-05-27,25,False,2.1,True,Signal & Telecommunication
SMMS000077,COR02420,OKD,GRJA,WR,interlocking_fault,A,2025-04-17,2025-04-17,0,True,2.6,True,Signal & Telecommunication
SMMS000078,COR01145,MGD,KRKP,SWR,signal_failure,A,2024-12-27,2024-12-23,4,True,1.1,True,Signal & Telecommunication
SMMS000079,COR00476,NPNR,MWA,CR,point_machine_fault,B,2024-09-08,2024-09-05,3,False,3.6,True,Signal & Telecommunication
SMMS000080,COR00212,KTDD,DBR,NCR,point_machine_fault,B,2024-03-06,2024-02-29,6,False,0.9,True,Signal & Telecommunication
SMMS000081,COR01483,JGJN,HJI,NFR,cable_fault,B,2025-05-06,2025-05-04,2,False,1.4,True,Signal & Telecommunication
SMMS000082,COR05498,YEAM,CLW,NER,point_machine_fault,B,2024-09-23,2024-09-21,2,False,2.9,True,Signal & Telecommunication
SMMS000083,COR04478,MTA,SGBJ,WCR,cable_fault,B,2025-05-17,2025-05-12,5,False,3.8,True,Signal & Telecommunication
SMMS000084,COR02170,SRT,TY,SR,point_machine_fault,B,2025-12-29,2025-11-30,29,False,2.3,True,Signal & Telecommunication
SMMS000085,COR04638,TOK,SL,KR,block_instrument_fault,B,2024-05-18,2023-11-22,178,True,1.3,True,Signal & Telecommunication
SMMS000086,COR00015,ALB,WTJ,WR,block_instrument_fault,B,2024-11-05,2024-11-04,1,True,0.9,True,Signal & Telecommunication
SMMS000087,COR04593,SSNR,BDME,ER,signal_failure,A,2025-12-02,2025-11-30,2,True,0.6,True,Signal & Telecommunication
SMMS000088,COR02977,BDJ,IGL,SR,interlocking_fault,A,2025-06-05,2025-05-23,13,True,3.8,False,Signal & Telecommunication
SMMS000089,COR00676,ACL,AML,WR,point_machine_fault,B,2025-03-27,2025-03-26,1,False,3.1,True,Signal & Telecommunication
SMMS000090,COR06201,DVH,GELA,SECR,cable_fault,B,2024-10-04,2024-09-28,6,False,2.4,True,Signal & Telecommunication
SMMS000091,COR05023,KVL,SKK,SR,block_instrument_fault,B,2025-07-08,2025-07-04,4,True,2.2,True,Signal & Telecommunication
SMMS000092,COR04942,SGR,UKC,KR,cable_fault,B,2024-06-30,2024-06-25,5,False,2.7,True,Signal & Telecommunication
SMMS000093,COR04840,STVA,TNKU,SCR,point_machine_fault,B,2025-06-18,2025-06-17,1,False,1.3,True,Signal & Telecommunication
SMMS000094,COR03316,KKTA,GIF,ER,lc_gate_interlock_fault,A,2024-04-06,2024-04-02,4,False,2.7,True,Signal & Telecommunication
SMMS000095,COR00120,KSG,TL,NWR,block_instrument_fault,B,2025-02-28,2025-02-05,23,True,3.7,False,Signal & Telecommunication
SMMS000096,COR04267,JALD,WTJ,WR,point_machine_fault,B,2024-03-10,2024-02-15,24,False,3.7,True,Signal & Telecommunication
SMMS000097,COR02651,SFPR,UGU,NR,point_machine_fault,B,2025-12-16,2025-12-13,3,False,2.6,True,Signal & Telecommunication
SMMS000098,COR01774,KRNR,AKK,SWR,block_instrument_fault,B,2025-08-23,2025-08-21,2,True,0.7,True,Signal & Telecommunication
SMMS000099,COR00264,SGP,GMD,WCR,signal_failure,A,2025-03-26,2025-03-25,1,True,3.2,True,Signal & Telecommunication
SMMS000100,COR01521,MSD,SNRD,CR,point_machine_fault,B,2025-05-31,2025-05-31,0,False,3.1,True,Signal & Telecommunication
SMMS000101,COR00481,BRUD,DRHI,WCR,point_machine_fault,B,2024-01-17,2024-01-16,1,False,1.0,True,Signal & Telecommunication
SMMS000102,COR02138,RNE,PDG,SCR,block_instrument_fault,B,2025-12-08,2025-11-17,21,True,3.7,True,Signal & Telecommunication
SMMS000103,COR00403,PXR,CDH,ER,point_machine_fault,B,2025-11-13,2025-06-11,155,False,1.0,True,Signal & Telecommunication
SMMS000104,COR00432,GOPL,GDPL,SCR,axle_counter_fault,A,2025-01-30,2025-01-25,5,True,1.8,True,Signal & Telecommunication
SMMS000105,COR02610,SBHR,YDK,SWR,point_machine_fault,B,2025-08-19,2025-08-17,2,False,2.0,True,Signal & Telecommunication
SMMS000106,COR02093,ABGT,RGI,SWR,cable_fault,B,2025-02-21,2025-02-19,2,False,0.6,True,Signal & Telecommunication
SMMS000107,COR06055,STH,DBNR,NER,block_instrument_fault,B,2025-10-15,2025-09-29,16,True,3.7,True,Signal & Telecommunication
SMMS000108,COR04175,SAG,BZ,NR,signal_failure,A,2024-08-25,2024-08-21,4,True,1.4,True,Signal & Telecommunication
SMMS000109,COR06660,TLE,SBW,SER,cable_fault,B,2024-04-06,2024-04-03,3,False,2.0,True,Signal & Telecommunication
SMMS000110,COR07378,TTZ,AMX,SCR,cable_fault,B,2024-04-05,2024-04-01,4,False,3.2,True,Signal & Telecommunication
SMMS000111,COR00679,JRS,DGI,WR,cable_fault,B,2024-01-03,2023-12-30,4,False,3.7,False,Signal & Telecommunication
SMMS000112,COR05804,RMH,SOG,NWR,signal_failure,A,2025-05-08,2025-05-08,0,True,3.5,True,Signal & Telecommunication
SMMS000113,COR00791,RHG,SRRG,NWR,block_instrument_fault,B,2024-06-09,2023-12-29,163,True,3.1,True,Signal & Telecommunication
SMMS000114,COR03086,MUKE,MAHE,SR,signal_failure,A,2024-02-18,2024-02-13,5,True,1.2,True,Signal & Telecommunication
SMMS000115,COR01377,TVR,KU,SR,cable_fault,B,2024-08-24,2024-08-23,1,False,2.7,True,Signal & Telecommunication
SMMS000116,COR02134,BDU,J,SCR,block_instrument_fault,B,2024-09-28,2024-09-26,2,True,2.8,True,Signal & Telecommunication
SMMS000117,COR07014,MRWS,MJ,NWR,cable_fault,B,2025-03-30,2025-03-19,11,False,2.3,True,Signal & Telecommunication
SMMS000118,COR02851,MRB,HTNL,SWR,interlocking_fault,A,2025-11-24,2025-11-21,3,True,3.1,True,Signal & Telecommunication
SMMS000119,COR04664,PERN,MADR,KR,point_machine_fault,B,2025-07-25,2025-07-22,3,False,1.9,True,Signal & Telecommunication
SMMS000120,COR02816,UOI,BOR,WR,axle_counter_fault,A,2025-01-19,2024-12-23,27,True,0.9,True,Signal & Telecommunication
SMMS000121,COR02933,NUH,UB,NER,point_machine_fault,B,2025-01-19,2025-01-16,3,False,0.8,True,Signal & Telecommunication
SMMS000122,COR01367,CDK,KLRD,WR,cable_fault,B,2024-01-31,2024-01-19,12,False,2.4,True,Signal & Telecommunication
SMMS000123,COR04291,MDF,MDKD,SER,cable_fault,B,2025-05-27,2025-05-26,1,False,3.9,True,Signal & Telecommunication
SMMS000124,COR00265,GMD,BGTA,WCR,interlocking_fault,A,2025-07-22,2025-07-20,2,True,0.9,True,Signal & Telecommunication
SMMS000125,COR00251,KKB,BELD,WCR,interlocking_fault,A,2024-06-23,2024-06-12,11,True,3.0,True,Signal & Telecommunication
SMMS000126,COR04045,AKS,GCT,NER,cable_fault,B,2024-05-13,2024-05-10,3,False,3.3,True,Signal & Telecommunication
SMMS000127,COR05121,UHP,RMJK,NR,axle_counter_fault,A,2025-07-08,2025-07-07,1,True,1.1,False,Signal & Telecommunication
SMMS000128,COR00949,PUC,ALP,SR,cable_fault,B,2024-12-29,2024-12-28,1,False,3.6,True,Signal & Telecommunication
SMMS000129,COR00159,DBSI,DEE,NR,interlocking_fault,A,2025-07-07,2025-07-07,0,True,1.0,True,Signal & Telecommunication
SMMS000130,COR00421,HYB,LKPL,SCR,axle_counter_fault,A,2025-11-05,2025-10-18,18,True,2.0,False,Signal & Telecommunication
SMMS000131,COR03292,BLRR,CRLM,SWR,point_machine_fault,B,2025-05-16,2025-05-16,0,False,1.1,True,Signal & Telecommunication
SMMS000132,COR00202,DHRJ,MEM,NR,cable_fault,B,2024-12-24,2024-12-03,21,False,0.8,True,Signal & Telecommunication
SMMS000133,COR05427,GRMR,KHNM,NR,cable_fault,B,2025-06-27,2025-03-22,97,False,0.9,True,Signal & Telecommunication
SMMS000134,COR00296,SAV,DSK,CR,cable_fault,B,2025-09-21,2025-09-17,4,False,3.5,False,Signal & Telecommunication
SMMS000135,COR02743,ERL,VRLR,SR,lc_gate_interlock_fault,A,2024-01-03,2024-01-02,1,False,2.3,False,Signal & Telecommunication
SMMS000136,COR08057,BWV,TEP,SECR,cable_fault,B,2024-12-10,2024-12-06,4,False,0.8,True,Signal & Telecommunication
SMMS000137,COR00148,TJNR,PT,NR,block_instrument_fault,B,2024-12-21,2024-12-16,5,True,2.7,False,Signal & Telecommunication
SMMS000138,COR04941,AVRD,SGR,KR,cable_fault,B,2024-02-18,2024-02-18,0,False,3.4,True,Signal & Telecommunication
SMMS000139,COR00620,CKN,NVC,SCR,point_machine_fault,B,2025-09-24,2025-08-30,25,False,2.2,True,Signal & Telecommunication
SMMS000140,COR06910,MGLE,LGL,ER,axle_counter_fault,A,2025-12-24,2025-11-27,27,True,1.6,True,Signal & Telecommunication
SMMS000141,COR00620,CKN,NVC,SCR,cable_fault,B,2025-11-08,2025-10-30,9,False,1.0,True,Signal & Telecommunication
SMMS000142,COR06753,SJPM,TXM,SWR,interlocking_fault,A,2025-11-24,2025-11-22,2,True,3.2,True,Signal & Telecommunication
SMMS000143,COR06143,NIL,VNB,SR,cable_fault,B,2025-04-08,2025-04-08,0,False,2.5,True,Signal & Telecommunication
SMMS000144,COR01484,HJI,DHRY,NFR,cable_fault,B,2024-06-01,2024-05-29,3,False,1.3,True,Signal & Telecommunication
SMMS000145,COR03363,NLQ,KSI,NWR,point_machine_fault,B,2024-11-23,2024-11-20,3,False,3.6,True,Signal & Telecommunication
SMMS000146,COR02628,REJ,SRJN,ER,point_machine_fault,B,2025-09-28,2025-09-25,3,False,3.7,True,Signal & Telecommunication
SMMS000147,COR03696,GBA,BGO,SER,lc_gate_interlock_fault,A,2024-08-01,2024-03-06,148,False,2.1,True,Signal & Telecommunication
SMMS000148,COR02977,BDJ,IGL,SR,cable_fault,B,2025-06-29,2025-06-27,2,False,0.6,True,Signal & Telecommunication
SMMS000149,COR01172,KOP,VV,CR,cable_fault,B,2024-01-26,2024-01-24,2,False,2.9,True,Signal & Telecommunication
SMMS000150,COR00260,JHT,BKH,WCR,block_instrument_fault,B,2024-01-20,2024-01-18,2,True,2.8,True,Signal & Telecommunication
SMMS000151,COR02407,HAPA,JAM,WR,cable_fault,B,2024-10-04,2024-09-29,5,False,2.5,True,Signal & Telecommunication
SMMS000152,COR02578,PTS,PSX,SECR,lc_gate_interlock_fault,A,2025-12-27,2025-12-20,7,False,1.0,True,Signal & Telecommunication
SMMS000153,COR00781,AIA,KNAR,NWR,point_machine_fault,B,2025-05-14,2025-05-09,5,False,3.2,True,Signal & Telecommunication
SMMS000154,COR08059,SRMT,BRLI,NCR,cable_fault,B,2024-09-05,2024-09-01,4,False,3.7,True,Signal & Telecommunication
SMMS000155,COR01610,DVG,THN,SWR,interlocking_fault,A,2024-01-07,2023-08-08,152,True,2.8,True,Signal & Telecommunication
SMMS000156,COR01013,DLDE,DPU,NFR,axle_counter_fault,A,2025-01-18,2025-01-15,3,True,2.6,True,Signal & Telecommunication
SMMS000157,COR00574,MAI,HRNG,ECR,block_instrument_fault,B,2025-07-08,2025-07-08,0,True,2.9,True,Signal & Telecommunication
SMMS000158,COR01741,MHOW,HKH,WR,block_instrument_fault,B,2025-04-02,2025-03-31,2,True,2.9,False,Signal & Telecommunication
SMMS000159,COR00317,BERO,JOC,SER,interlocking_fault,A,2025-07-02,2025-06-28,4,True,3.0,True,Signal & Telecommunication
SMMS000160,COR01649,MDLL,DBL,SWR,axle_counter_fault,A,2025-04-29,2025-04-17,12,True,2.6,True,Signal & Telecommunication
SMMS000161,COR08178,DBZ,BTDR,NFR,block_instrument_fault,B,2025-12-29,2025-12-10,19,True,2.0,True,Signal & Telecommunication
SMMS000162,COR02994,TIR,TUA,SR,axle_counter_fault,A,2025-06-03,2025-05-30,4,True,2.4,True,Signal & Telecommunication
SMMS000163,COR01318,BGG,BWA,NWR,point_machine_fault,B,2025-05-01,2025-04-23,8,False,2.7,False,Signal & Telecommunication
SMMS000164,COR04240,RPZ,UDZ,NWR,axle_counter_fault,A,2025-11-29,2025-11-26,3,True,2.1,True,Signal & Telecommunication
SMMS000165,COR02399,KHC,BLWR,WR,cable_fault,B,2025-07-19,2025-07-17,2,False,3.0,True,Signal & Telecommunication
SMMS000166,COR01350,SID,KMLI,WR,lc_gate_interlock_fault,A,2024-08-25,2024-08-10,15,False,3.8,True,Signal & Telecommunication
SMMS000167,COR03823,BXP,BHGN,NFR,axle_counter_fault,A,2024-11-25,2024-10-07,49,True,2.0,True,Signal & Telecommunication
SMMS000168,COR02023,AHM,ALMW,NER,block_instrument_fault,B,2025-01-27,2024-09-30,119,True,1.1,True,Signal & Telecommunication
SMMS000169,COR04159,KMQ,UAA,SR,cable_fault,B,2025-01-11,2025-01-11,0,False,0.9,False,Signal & Telecommunication
SMMS000170,COR02828,PAD,ATUL,WR,signal_failure,A,2025-02-11,2025-02-09,2,True,1.3,True,Signal & Telecommunication
SMMS000171,COR03908,DHY,DTN,NR,cable_fault,B,2024-02-10,2023-09-28,135,False,1.9,True,Signal & Telecommunication
SMMS000172,COR03074,CLT,VLL,SR,cable_fault,B,2024-09-01,2024-08-31,1,False,2.2,True,Signal & Telecommunication
SMMS000173,COR04684,CHI,ANO,KR,interlocking_fault,A,2024-08-18,2024-08-13,5,True,1.3,True,Signal & Telecommunication
SMMS000174,COR02820,GVD,BRRD,WR,cable_fault,B,2025-06-07,2025-06-05,2,False,1.6,True,Signal & Telecommunication
SMMS000175,COR00600,GH,KSNR,NER,lc_gate_interlock_fault,A,2024-01-09,2023-10-26,75,False,3.8,True,Signal & Telecommunication
SMMS000176,COR01882,MTMI,BKL,SCR,axle_counter_fault,A,2025-04-04,2025-03-31,4,True,3.7,True,Signal & Telecommunication
SMMS000177,COR00134,GAL,KRH,NWR,signal_failure,A,2024-03-25,2024-03-21,4,True,0.5,True,Signal & Telecommunication
SMMS000178,COR05592,MYL,LMD,SCR,cable_fault,B,2025-04-22,2025-04-22,0,False,2.5,True,Signal & Telecommunication
SMMS000179,COR02351,RKZ,BOM,NWR,point_machine_fault,B,2025-10-01,2025-09-26,5,False,3.7,True,Signal & Telecommunication
SMMS000180,COR00240,GSPR,DOE,WCR,block_instrument_fault,B,2025-12-12,2025-12-09,3,True,2.2,True,Signal & Telecommunication
SMMS000181,COR00021,RJT,BLWR,WR,lc_gate_interlock_fault,A,2024-06-14,2024-06-12,2,False,1.7,True,Signal & Telecommunication
SMMS000182,COR00544,ELM,PAZ,SR,lc_gate_interlock_fault,A,2024-07-25,2024-07-23,2,False,1.8,True,Signal & Telecommunication
SMMS000183,COR07776,SJPR,DPDP,ER,block_instrument_fault,B,2024-03-15,2024-03-12,3,True,3.9,True,Signal & Telecommunication
SMMS000184,COR01728,MFX,JSR,NCR,point_machine_fault,B,2024-10-22,2024-10-21,1,False,1.0,True,Signal & Telecommunication
SMMS000185,COR00675,VDH,ACL,WR,point_machine_fault,B,2024-02-19,2024-02-14,5,False,3.2,True,Signal & Telecommunication
SMMS000186,COR03574,GBA,CDGR,SER,signal_failure,A,2024-11-11,2024-11-09,2,True,1.9,True,Signal & Telecommunication
SMMS000187,COR01251,SGRE,BLNK,CR,cable_fault,B,2024-04-29,2024-04-25,4,False,2.2,True,Signal & Telecommunication
SMMS000188,COR02033,JI,DRGJ,NER,cable_fault,B,2024-05-15,2024-05-06,9,False,3.9,True,Signal & Telecommunication
SMMS000189,COR05007,AYN,BAL,SR,lc_gate_interlock_fault,A,2025-05-25,2025-05-21,4,False,1.8,True,Signal & Telecommunication
SMMS000190,COR02191,IDJ,DUR,SWR,signal_failure,A,2024-08-14,2024-08-09,5,True,2.1,True,Signal & Telecommunication
SMMS000191,COR00339,RZJ,PD,NER,axle_counter_fault,A,2025-12-12,2025-11-23,19,True,1.8,True,Signal & Telecommunication
SMMS000192,COR02768,PQY,DRLA,NR,block_instrument_fault,B,2025-04-09,2025-04-04,5,True,2.9,True,Signal & Telecommunication
SMMS000193,COR06630,CSMA,RUJ,WR,signal_failure,A,2024-06-12,2024-06-12,0,True,3.3,True,Signal & Telecommunication
SMMS000194,COR02995,TUA,KTU,SR,lc_gate_interlock_fault,A,2025-01-03,2024-10-09,86,False,1.8,True,Signal & Telecommunication
SMMS000195,COR03356,RAGM,TPC,SR,signal_failure,A,2025-09-06,2025-09-01,5,True,2.8,True,Signal & Telecommunication
SMMS000196,COR00262,PPI,SXF,WCR,block_instrument_fault,B,2024-12-22,2024-12-18,4,True,1.0,True,Signal & Telecommunication
SMMS000197,COR05641,EKR,IPR,ECR,cable_fault,B,2024-03-26,2024-03-26,0,False,3.2,True,Signal & Telecommunication
SMMS000198,COR01082,BGWD,GPB,SWR,cable_fault,B,2024-10-23,2024-10-19,4,False,3.9,True,Signal & Telecommunication
SMMS000199,COR03309,TIP,MVN,SR,cable_fault,B,2024-03-13,2024-03-12,1,False,0.5,True,Signal & Telecommunication
SMMS000200,COR04190,RPHR,HSR,NR,point_machine_fault,B,2025-10-08,2025-10-08,0,False,2.1,True,Signal & Telecommunication
SMMS000201,COR04128,KODN,PUM,SR,point_machine_fault,B,2024-03-09,2024-02-28,10,False,1.0,False,Signal & Telecommunication
SMMS000202,COR04581,SWC,BTKP,NCR,signal_failure,A,2025-05-11,2025-05-07,4,True,2.6,True,Signal & Telecommunication
SMMS000203,COR00262,PPI,SXF,WCR,block_instrument_fault,B,2025-03-17,2025-03-13,4,True,1.6,True,Signal & Telecommunication
SMMS000204,COR03548,RS,BRK,NER,axle_counter_fault,A,2025-06-13,2025-06-08,5,True,1.8,True,Signal & Telecommunication
SMMS000205,COR00605,PPC,UNLA,NER,signal_failure,A,2024-09-29,2024-09-13,16,True,1.5,True,Signal & Telecommunication
SMMS000206,COR00275,TBN,CRK,WCR,point_machine_fault,B,2024-08-07,2024-07-17,21,False,2.6,True,Signal & Telecommunication
SMMS000207,COR00712,KILE,MDD,WR,block_instrument_fault,B,2024-02-03,2024-01-30,4,True,2.1,True,Signal & Telecommunication
SMMS000208,COR01699,SNRR,NWR,WCR,cable_fault,B,2024-09-03,2024-09-02,1,False,1.7,True,Signal & Telecommunication
SMMS000209,COR04363,SDG,MNO,ECR,cable_fault,B,2025-10-09,2025-09-16,23,False,3.7,True,Signal & Telecommunication
SMMS000210,COR03280,IDR,CHRG,SWR,axle_counter_fault,A,2025-10-12,2025-10-10,2,True,1.0,True,Signal & Telecommunication
SMMS000211,COR02156,KTPM,KTBR,SR,signal_failure,A,2024-01-08,2024-01-03,5,True,2.9,True,Signal & Telecommunication
SMMS000212,COR00472,WGA,BAU,CR,block_instrument_fault,B,2024-12-17,2024-11-30,17,True,1.2,True,Signal & Telecommunication
SMMS000213,COR04922,PEN,KASU,CR,axle_counter_fault,A,2025-12-14,2025-12-13,1,True,3.4,True,Signal & Telecommunication
SMMS000214,COR00579,MKI,BMKI,ECR,signal_failure,A,2024-11-07,2024-11-06,1,True,2.4,True,Signal & Telecommunication
SMMS000215,COR05654,BME,UTL,NWR,cable_fault,B,2024-01-03,2024-01-02,1,False,0.7,True,Signal & Telecommunication
SMMS000216,COR01812,KNL,BGD,NWR,point_machine_fault,B,2024-09-11,2024-09-11,0,False,2.4,True,Signal & Telecommunication
SMMS000217,COR07392,GLBN,KZI,NR,cable_fault,B,2025-07-08,2025-06-30,8,False,1.6,True,Signal & Telecommunication
SMMS000218,COR00705,NSP,BSR,WR,point_machine_fault,B,2025-12-09,2025-11-30,9,False,3.8,True,Signal & Telecommunication
SMMS000219,COR01076,SED,UGR,SWR,interlocking_fault,A,2025-08-20,2025-08-20,0,True,2.4,True,Signal & Telecommunication
SMMS000220,COR02827,UVD,PAD,WR,lc_gate_interlock_fault,A,2025-11-10,2025-11-03,7,False,2.5,True,Signal & Telecommunication
SMMS000221,COR00074,ABR,MXO,NWR,cable_fault,B,2025-05-30,2025-05-12,18,False,1.5,True,Signal & Telecommunication
SMMS000222,COR01687,BMR,BHTN,WCR,point_machine_fault,B,2024-12-25,2024-12-24,1,False,1.1,True,Signal & Telecommunication
SMMS000223,COR01718,BQF,BNSP,WCR,point_machine_fault,B,2025-03-21,2025-03-16,5,False,3.4,True,Signal & Telecommunication
SMMS000224,COR01349,DRW,SID,WR,signal_failure,A,2024-12-15,2024-12-12,3,True,0.6,True,Signal & Telecommunication
SMMS000225,COR00503,BIWK,JWO,WR,point_machine_fault,B,2024-11-15,2024-10-26,20,False,2.6,True,Signal & Telecommunication
SMMS000226,COR00672,SCH,MRL,WR,lc_gate_interlock_fault,A,2024-02-29,2024-02-26,3,False,2.6,True,Signal & Telecommunication
SMMS000227,COR00620,CKN,NVC,SCR,point_machine_fault,B,2025-09-15,2025-09-13,2,False,2.4,True,Signal & Telecommunication
SMMS000228,COR01182,NDE,BVQ,CR,cable_fault,B,2024-08-15,2024-07-18,28,False,2.8,True,Signal & Telecommunication
SMMS000229,COR02265,PRBZ,PPN,ECR,cable_fault,B,2024-02-21,2024-02-19,2,False,1.5,True,Signal & Telecommunication
SMMS000230,COR01705,UDR,BUU,WCR,block_instrument_fault,B,2024-03-10,2024-03-09,1,True,3.7,True,Signal & Telecommunication
SMMS000231,COR01615,SLU,JRU,SWR,interlocking_fault,A,2024-10-31,2024-10-26,5,True,3.7,False,Signal & Telecommunication
SMMS000232,COR03220,TAV,CTRD,WR,interlocking_fault,A,2025-03-20,2025-02-20,28,True,1.6,True,Signal & Telecommunication
SMMS000233,COR02332,RKY,RBR,WR,point_machine_fault,B,2024-11-03,2024-10-17,17,False,3.7,True,Signal & Telecommunication
SMMS000234,COR01715,CTHR,MJG,WCR,block_instrument_fault,B,2024-12-19,2024-12-19,0,True,2.9,True,Signal & Telecommunication
SMMS000235,COR02806,MIRA,BYR,WR,interlocking_fault,A,2025-12-30,2025-12-29,1,True,2.2,True,Signal & Telecommunication
SMMS000236,COR01405,SEV,MYU,SR,point_machine_fault,B,2025-11-16,2025-11-14,2,False,3.2,True,Signal & Telecommunication
SMMS000237,COR03100,PFM,SPGL,NR,cable_fault,B,2025-06-20,2025-06-16,4,False,3.5,True,Signal & Telecommunication
SMMS000238,COR02487,NWD,WRS,ECR,point_machine_fault,B,2024-11-16,2024-11-13,3,False,0.6,True,Signal & Telecommunication
SMMS000239,COR00292,BAU,WGA,CR,cable_fault,B,2025-01-07,2024-09-08,121,False,3.3,True,Signal & Telecommunication
SMMS000240,COR06186,KRDH,KPKD,SECR,lc_gate_interlock_fault,A,2025-07-29,2025-07-29,0,False,2.3,True,Signal & Telecommunication
SMMS000241,COR02894,KNW,BMA,CR,point_machine_fault,B,2025-07-22,2025-07-20,2,False,2.3,True,Signal & Telecommunication
SMMS000242,COR02169,CVP,SRT,SR,cable_fault,B,2025-08-29,2025-08-28,1,False,2.1,True,Signal & Telecommunication
SMMS000243,COR00259,SCKR,JHT,WCR,interlocking_fault,A,2025-10-19,2025-10-18,1,True,0.9,True,Signal & Telecommunication
SMMS000244,COR00611,TAA,MABD,SCR,block_instrument_fault,B,2024-02-19,2024-02-16,3,True,1.8,True,Signal & Telecommunication
SMMS000245,COR00239,SHR,GSPR,WCR,signal_failure,A,2025-03-03,2025-02-28,3,True,2.6,True,Signal & Telecommunication
SMMS000246,COR00882,ME,BMPL,SCR,cable_fault,B,2024-05-08,2024-04-15,23,False,3.1,True,Signal & Telecommunication
SMMS000247,COR02890,HRD,BRUD,WCR,block_instrument_fault,B,2025-08-18,2025-08-10,8,True,3.1,True,Signal & Telecommunication
SMMS000248,COR03352,SQD,PMK,SR,interlocking_fault,A,2025-12-14,2025-12-07,7,True,2.2,True,Signal & Telecommunication
SMMS000249,COR01549,JJR,DNJ,CR,point_machine_fault,B,2024-05-03,2024-05-02,1,False,3.8,True,Signal & Telecommunication
SMMS000250,COR00137,KNAR,AIA,NWR,block_instrument_fault,B,2025-09-19,2025-08-28,22,True,2.5,True,Signal & Telecommunication
SMMS000251,COR00225,STA,LGCE,WCR,point_machine_fault,B,2024-03-24,2024-03-23,1,False,2.1,True,Signal & Telecommunication
SMMS000252,COR00258,GAR,SCKR,WCR,signal_failure,A,2024-08-02,2024-07-30,3,True,3.2,True,Signal & Telecommunication
SMMS000253,COR00243,JBP,HBG,WCR,cable_fault,B,2025-04-10,2025-03-12,29,False,3.6,True,Signal & Telecommunication
SMMS000254,COR02799,ADH,JOS,WR,point_machine_fault,B,2024-12-24,2024-10-01,84,False,0.6,True,Signal & Telecommunication
SMMS000255,COR06009,GND,COD,NWR,point_machine_fault,B,2024-04-19,2024-04-15,4,False,1.3,True,Signal & Telecommunication
SMMS000256,COR01645,KIAT,HHL,SWR,block_instrument_fault,B,2025-08-17,2025-08-13,4,True,2.2,True,Signal & Telecommunication
SMMS000257,COR00314,MDKD,MDF,SER,point_machine_fault,B,2024-12-16,2024-12-10,6,False,1.5,True,Signal & Telecommunication
SMMS000258,COR05628,SK,SALI,NWR,point_machine_fault,B,2024-04-22,2024-04-01,21,False,2.8,True,Signal & Telecommunication
SMMS000259,COR01708,UHR,LGCE,WCR,signal_failure,A,2025-02-22,2025-02-21,1,True,2.4,True,Signal & Telecommunication
SMMS000260,COR00275,TBN,CRK,WCR,block_instrument_fault,B,2025-09-22,2025-09-09,13,True,1.5,True,Signal & Telecommunication
SMMS000261,COR04377,SQD,RMD,SR,lc_gate_interlock_fault,A,2025-06-28,2025-06-08,20,False,3.5,True,Signal & Telecommunication
SMMS000262,COR01596,KNO,SNH,SWR,block_instrument_fault,B,2024-11-04,2024-10-31,4,True,0.7,True,Signal & Telecommunication
SMMS000263,COR01931,PG,DAV,SCR,point_machine_fault,B,2024-05-12,2024-05-12,0,False,0.8,False,Signal & Telecommunication
SMMS000264,COR01866,GHGL,SMBX,NR,point_machine_fault,B,2024-06-30,2024-06-28,2,False,2.1,True,Signal & Telecommunication
SMMS000265,COR03969,DHAE,KWF,ER,lc_gate_interlock_fault,A,2024-12-25,2024-12-23,2,False,3.6,True,Signal & Telecommunication
SMMS000266,COR04581,SWC,BTKP,NCR,signal_failure,A,2025-10-18,2025-10-16,2,True,1.0,True,Signal & Telecommunication
SMMS000267,COR00034,RA,MOL,WR,cable_fault,B,2025-03-01,2025-03-01,0,False,1.2,True,Signal & Telecommunication
SMMS000268,COR00687,BLD,SJN,WR,cable_fault,B,2025-11-17,2025-11-12,5,False,2.3,True,Signal & Telecommunication
SMMS000269,COR01935,SELU,SCO,SCR,cable_fault,B,2024-07-08,2024-07-06,2,False,3.3,True,Signal & Telecommunication
SMMS000270,COR00821,AHO,HTD,NWR,interlocking_fault,A,2024-05-08,2024-05-05,3,True,3.9,False,Signal & Telecommunication
SMMS000271,COR01854,MRTL,GILA,NR,cable_fault,B,2025-10-27,2025-10-22,5,False,3.1,False,Signal & Telecommunication
SMMS000272,COR00606,CLE,YGL,SCR,block_instrument_fault,B,2024-08-14,2024-07-15,30,True,1.7,True,Signal & Telecommunication
SMMS000273,COR07248,DIR,KDPA,ECoR,point_machine_fault,B,2025-02-09,2025-02-04,5,False,2.7,True,Signal & Telecommunication
SMMS000274,COR00768,BDXT,GHH,NR,axle_counter_fault,A,2025-05-03,2025-04-20,13,True,3.6,True,Signal & Telecommunication
SMMS000275,COR05370,BSDL,SSGJ,WCR,block_instrument_fault,B,2024-12-09,2024-11-10,29,True,1.0,True,Signal & Telecommunication
SMMS000276,COR00265,GMD,BGTA,WCR,cable_fault,B,2024-02-16,2024-02-15,1,False,0.6,True,Signal & Telecommunication
SMMS000277,COR03064,AAY,THX,SR,interlocking_fault,A,2024-02-18,2023-12-15,65,True,1.2,True,Signal & Telecommunication
SMMS000278,COR02645,PAQ,ALJ,NER,cable_fault,B,2024-08-03,2024-08-01,2,False,1.8,True,Signal & Telecommunication
SMMS000279,COR00212,KTDD,DBR,NCR,signal_failure,A,2024-09-02,2024-08-30,3,True,2.4,True,Signal & Telecommunication
SMMS000280,COR01842,AWL,KKL,NR,axle_counter_fault,A,2024-12-12,2024-11-23,19,True,2.3,True,Signal & Telecommunication
SMMS000281,COR05984,BDHP,AILM,NR,cable_fault,B,2025-07-09,2025-07-06,3,False,2.9,True,Signal & Telecommunication
SMMS000282,COR03693,GSL,SLB,SER,lc_gate_interlock_fault,A,2024-10-27,2024-10-12,15,False,3.3,True,Signal & Telecommunication
SMMS000283,COR00888,GOPL,BMO,SCR,interlocking_fault,A,2024-07-13,2024-07-10,3,True,2.2,True,Signal & Telecommunication
SMMS000284,COR01349,DRW,SID,WR,block_instrument_fault,B,2025-05-30,2025-05-30,0,True,2.8,True,Signal & Telecommunication
SMMS000285,COR01725,MJHR,SRJ,NCR,point_machine_fault,B,2024-09-06,2024-09-05,1,False,3.3,True,Signal & Telecommunication
SMMS000286,COR02356,HWT,SZ,NWR,signal_failure,A,2024-09-22,2024-09-20,2,True,3.1,True,Signal & Telecommunication
SMMS000287,COR00616,PPY,MLMG,SCR,cable_fault,B,2024-12-30,2024-12-30,0,False,2.9,True,Signal & Telecommunication
SMMS000288,COR02812,VTN,SAH,WR,signal_failure,A,2024-09-23,2024-09-18,5,True,3.6,False,Signal & Telecommunication
SMMS000289,COR01881,MDR,MTMI,SCR,cable_fault,B,2024-12-27,2024-08-17,132,False,0.8,True,Signal & Telecommunication
SMMS000290,COR08380,MQS,MLKH,NR,point_machine_fault,B,2024-10-07,2024-10-02,5,False,3.9,True,Signal & Telecommunication
SMMS000291,COR02059,MQL,PAU,SCR,lc_gate_interlock_fault,A,2025-06-09,2025-06-08,1,False,1.4,False,Signal & Telecommunication
SMMS000292,COR01833,LMNR,MGG,WR,lc_gate_interlock_fault,A,2025-11-13,2025-11-11,2,False,2.6,True,Signal & Telecommunication
SMMS000293,COR01486,LKA,HWX,NFR,axle_counter_fault,A,2025-12-22,2025-12-21,1,True,3.8,True,Signal & Telecommunication
SMMS000294,COR00208,LOG,SRJ,NCR,lc_gate_interlock_fault,A,2024-02-07,2024-02-04,3,False,1.7,True,Signal & Telecommunication
SMMS000295,COR01783,BLKR,DRU,SWR,cable_fault,B,2024-03-26,2024-03-23,3,False,1.1,True,Signal & Telecommunication
SMMS000296,COR02684,UCA,BZO,NR,interlocking_fault,A,2024-09-21,2024-09-06,15,True,0.8,True,Signal & Telecommunication
SMMS000297,COR04544,MDPB,SJNP,NR,lc_gate_interlock_fault,A,2024-07-28,2024-07-23,5,False,2.3,True,Signal & Telecommunication
SMMS000298,COR03469,RGU,AKW,NCR,lc_gate_interlock_fault,A,2025-10-20,2025-10-18,2,False,2.6,False,Signal & Telecommunication
SMMS000299,COR06677,SRN,KJC,NER,cable_fault,B,2024-06-12,2024-06-07,5,False,2.6,True,Signal & Telecommunication
SMMS000300,COR00746,JKN,SDT,NER,cable_fault,B,2025-12-05,2025-12-02,3,False,2.8,True,Signal & Telecommunication
SMMS000301,COR03644,AKVD,PLVA,SCR,block_instrument_fault,B,2025-06-20,2025-06-17,3,True,4.0,True,Signal & Telecommunication
SMMS000302,COR05907,CPLE,SURI,ER,interlocking_fault,A,2025-06-28,2025-06-28,0,True,0.8,True,Signal & Telecommunication
SMMS000303,COR02977,BDJ,IGL,SR,interlocking_fault,A,2024-05-26,2024-05-22,4,True,1.9,True,Signal & Telecommunication
SMMS000304,COR06388,HDK,BYH,NER,cable_fault,B,2025-12-03,2025-11-30,3,False,0.7,True,Signal & Telecommunication
SMMS000305,COR00763,DEC,PM,NR,cable_fault,B,2024-01-22,2024-01-20,2,False,1.7,True,Signal & Telecommunication
SMMS000306,COR02816,UOI,BOR,WR,cable_fault,B,2025-08-20,2025-07-27,24,False,1.5,True,Signal & Telecommunication
SMMS000307,COR02864,HBS,KUG,SWR,cable_fault,B,2024-05-05,2024-05-05,0,False,3.7,True,Signal & Telecommunication
SMMS000308,COR01719,BNSP,MKP,WCR,axle_counter_fault,A,2024-11-13,2024-11-10,3,True,0.6,True,Signal & Telecommunication
SMMS000309,COR07707,FPS,LNH,NWR,lc_gate_interlock_fault,A,2025-05-28,2025-05-26,2,False,2.5,True,Signal & Telecommunication
SMMS000310,COR00717,VLP,STC,WR,point_machine_fault,B,2024-08-29,2024-08-29,0,False,1.7,True,Signal & Telecommunication
SMMS000311,COR00740,TTI,BLTR,NER,signal_failure,A,2024-02-07,2024-02-07,0,True,0.6,True,Signal & Telecommunication
SMMS000312,COR02821,BRRD,UBR,WR,interlocking_fault,A,2024-06-03,2024-06-03,0,True,2.4,True,Signal & Telecommunication
SMMS000313,COR03368,CKD,MHU,NWR,cable_fault,B,2025-04-13,2025-03-18,26,False,3.7,True,Signal & Telecommunication
SMMS000314,COR05186,KEMA,RUT,WR,signal_failure,A,2024-03-14,2024-03-10,4,True,0.5,True,Signal & Telecommunication
SMMS000315,COR01922,GTU,PRLI,SCR,signal_failure,A,2024-05-12,2024-04-12,30,True,3.1,True,Signal & Telecommunication
SMMS000316,COR03621,BNP,KBL,SWR,cable_fault,B,2024-10-12,2024-06-21,113,False,2.8,True,Signal & Telecommunication
SMMS000317,COR01713,JTW,KTHA,WCR,interlocking_fault,A,2024-08-15,2024-08-14,1,True,3.5,True,Signal & Telecommunication
SMMS000318,COR02284,DNEA,CNPR,ECR,lc_gate_interlock_fault,A,2025-02-11,2025-02-08,3,False,3.8,True,Signal & Telecommunication
SMMS000319,COR02577,TKLB,PTS,SECR,lc_gate_interlock_fault,A,2025-12-11,2025-12-07,4,False,3.8,True,Signal & Telecommunication
SMMS000320,COR00622,BKL,MTMI,SCR,signal_failure,A,2024-02-05,2024-02-02,3,True,1.7,True,Signal & Telecommunication
SMMS000321,COR00692,DRD,VGN,WR,point_machine_fault,B,2025-04-19,2025-04-09,10,False,1.0,True,Signal & Telecommunication
SMMS000322,COR01721,PNHI,DBR,NCR,cable_fault,B,2024-04-01,2024-03-14,18,False,0.9,True,Signal & Telecommunication
SMMS000323,COR07752,WAB,JDH,WR,lc_gate_interlock_fault,A,2025-12-25,2025-12-25,0,False,1.6,True,Signal & Telecommunication
SMMS000324,COR04929,MNI,GNO,KR,interlocking_fault,A,2025-05-24,2025-05-22,2,True,3.1,False,Signal & Telecommunication
SMMS000325,COR02301,RNA,BMHR,NR,block_instrument_fault,B,2025-08-05,2025-07-29,7,True,2.0,True,Signal & Telecommunication
SMMS000326,COR01033,JID,BRHU,NFR,cable_fault,B,2025-06-08,2025-06-07,1,False,3.5,True,Signal & Telecommunication
SMMS000327,COR01767,LRU,NNW,WCR,signal_failure,A,2025-05-30,2025-05-27,3,True,1.7,False,Signal & Telecommunication
SMMS000328,COR01835,BLAX,DWX,WR,block_instrument_fault,B,2024-12-06,2024-12-02,4,True,1.3,True,Signal & Telecommunication
SMMS000329,COR02979,PYOL,TKT,SR,cable_fault,B,2024-08-02,2024-07-08,25,False,0.6,True,Signal & Telecommunication
SMMS000330,COR06210,BLA,SGRR,NR,block_instrument_fault,B,2024-05-08,2024-05-07,1,True,1.8,True,Signal & Telecommunication
SMMS000331,COR04442,DPL,LKN,ECR,block_instrument_fault,B,2024-04-24,2024-04-21,3,True,2.7,True,Signal & Telecommunication
SMMS000332,COR05287,NBU,BDV,SWR,lc_gate_interlock_fault,A,2024-07-12,2024-07-11,1,False,3.5,True,Signal & Telecommunication
SMMS000333,COR01964,LDCY,SWNR,NR,point_machine_fault,B,2024-03-22,2024-03-19,3,False,2.1,True,Signal & Telecommunication
SMMS000334,COR01413,URL,PAS,SR,block_instrument_fault,B,2025-02-16,2025-02-14,2,True,3.2,True,Signal & Telecommunication
SMMS000335,COR00149,PT,GHH,NR,lc_gate_interlock_fault,A,2025-01-21,2025-01-19,2,False,1.6,True,Signal & Telecommunication
SMMS000336,COR03648,MVP,PCU,SCR,cable_fault,B,2025-12-23,2025-12-22,1,False,2.4,True,Signal & Telecommunication
SMMS000337,COR00697,KLV,SAH,WR,cable_fault,B,2024-06-29,2024-06-19,10,False,1.2,True,Signal & Telecommunication
SMMS000338,COR01157,BQZ,SXP,ER,cable_fault,B,2025-05-18,2025-05-17,1,False,2.6,False,Signal & Telecommunication
SMMS000339,COR02808,NIG,BSR,WR,lc_gate_interlock_fault,A,2025-10-20,2025-10-05,15,False,2.4,True,Signal & Telecommunication
SMMS000340,COR03894,ABO,ROK,NR,interlocking_fault,A,2024-04-04,2024-03-05,30,True,1.1,True,Signal & Telecommunication
SMMS000341,COR04295,MHO,SDT,NER,lc_gate_interlock_fault,A,2024-08-10,2024-08-05,5,False,3.1,True,Signal & Telecommunication
SMMS000342,COR03837,NMT,MZA,NFR,point_machine_fault,B,2025-09-06,2025-09-05,1,False,1.0,True,Signal & Telecommunication
SMMS000343,COR02987,CLT,KUL,SR,cable_fault,B,2024-08-27,2024-08-19,8,False,1.2,True,Signal & Telecommunication
SMMS000344,COR01172,KOP,VV,CR,block_instrument_fault,B,2024-01-08,2023-12-11,28,True,2.8,True,Signal & Telecommunication
SMMS000345,COR00196,MHL,MTR,ECR,cable_fault,B,2025-09-08,2025-09-06,2,False,2.7,False,Signal & Telecommunication
SMMS000346,COR00262,PPI,SXF,WCR,interlocking_fault,A,2024-07-20,2024-07-19,1,True,3.6,True,Signal & Telecommunication
SMMS000347,COR01864,CKDL,HRNR,NR,axle_counter_fault,A,2025-03-19,2025-03-18,1,True,2.5,True,Signal & Telecommunication
SMMS000348,COR02687,BSPH,KIU,NR,cable_fault,B,2024-09-12,2024-08-31,12,False,2.5,True,Signal & Telecommunication
SMMS000349,COR05936,BIGA,BGRM,NWR,cable_fault,B,2025-12-20,2025-12-08,12,False,1.9,True,Signal & Telecommunication
SMMS000350,COR06389,BYH,ATRR,NER,axle_counter_fault,A,2025-09-12,2025-09-12,0,True,1.5,True,Signal & Telecommunication
SMMS000351,COR05664,JNE,PRU,NWR,signal_failure,A,2025-07-02,2025-06-30,2,True,0.9,True,Signal & Telecommunication
SMMS000352,COR00251,KKB,BELD,WCR,point_machine_fault,B,2025-11-08,2025-07-27,104,False,3.6,True,Signal & Telecommunication
SMMS000353,COR05551,SWX,DDK,NR,cable_fault,B,2024-03-06,2024-03-05,1,False,3.1,True,Signal & Telecommunication
SMMS000354,COR02304,JDW,MSP,NR,cable_fault,B,2025-11-23,2025-10-26,28,False,2.3,True,Signal & Telecommunication
SMMS000355,COR03139,BHGP,LIR,NER,signal_failure,A,2025-11-27,2025-11-27,0,True,2.5,True,Signal & Telecommunication
SMMS000356,COR03631,DAJ,KDN,SWR,block_instrument_fault,B,2024-05-31,2024-05-30,1,True,3.0,True,Signal & Telecommunication
SMMS000357,COR05579,AKW,RGU,NCR,lc_gate_interlock_fault,A,2024-11-03,2024-10-13,21,False,4.0,True,Signal & Telecommunication
SMMS000358,COR00793,BU,GLNA,NWR,signal_failure,A,2024-09-30,2024-09-28,2,True,0.9,True,Signal & Telecommunication
SMMS000359,COR02542,SOY,BUQ,SECR,axle_counter_fault,A,2024-06-04,2024-03-01,95,True,1.7,True,Signal & Telecommunication
SMMS000360,COR00486,MUO,PAL,WCR,cable_fault,B,2025-05-28,2025-05-25,3,False,1.7,True,Signal & Telecommunication
SMMS000361,COR04135,PGI,VLI,SR,signal_failure,A,2025-06-03,2025-06-02,1,True,2.8,True,Signal & Telecommunication
SMMS000362,COR00213,DBR,PNHI,NCR,signal_failure,A,2025-09-03,2025-09-03,0,True,3.5,True,Signal & Telecommunication
SMMS000363,COR03091,ETK,CS,SR,cable_fault,B,2025-12-21,2025-12-17,4,False,3.3,False,Signal & Telecommunication
SMMS000364,COR00835,HMG,SNYN,NWR,axle_counter_fault,A,2024-06-05,2024-05-31,5,True,3.9,True,Signal & Telecommunication
SMMS000365,COR01602,KVS,KJG,SWR,axle_counter_fault,A,2024-04-18,2024-04-17,1,True,0.7,True,Signal & Telecommunication
SMMS000366,COR00558,IKK,JWP,NR,lc_gate_interlock_fault,A,2025-07-15,2025-07-15,0,False,2.1,True,Signal & Telecommunication
SMMS000367,COR04464,HSA,HOJ,NFR,lc_gate_interlock_fault,A,2025-02-28,2025-02-03,25,False,0.8,True,Signal & Telecommunication
SMMS000368,COR01879,YP,TNGM,SCR,point_machine_fault,B,2025-03-03,2025-02-07,24,False,0.9,True,Signal & Telecommunication
SMMS000369,COR01313,SOD,BFY,NWR,cable_fault,B,2025-07-13,2025-07-08,5,False,2.7,True,Signal & Telecommunication
SMMS000370,COR00283,DRHI,BRUD,WCR,block_instrument_fault,B,2024-01-30,2024-01-30,0,True,2.3,False,Signal & Telecommunication
SMMS000371,COR01568,TKR,KOV,CR,cable_fault,B,2025-01-31,2025-01-31,0,False,1.7,True,Signal & Telecommunication
SMMS000372,COR01835,BLAX,DWX,WR,interlocking_fault,A,2024-11-23,2024-11-14,9,True,3.6,True,Signal & Telecommunication
SMMS000373,COR04797,SOHL,DHW,NR,point_machine_fault,B,2025-09-15,2025-05-28,110,False,3.7,False,Signal & Telecommunication
SMMS000374,COR04699,KASU,PEN,CR,axle_counter_fault,A,2024-02-14,2024-02-12,2,True,2.3,True,Signal & Telecommunication
SMMS000375,COR02827,UVD,PAD,WR,axle_counter_fault,A,2024-01-15,2023-08-16,152,True,3.7,True,Signal & Telecommunication
SMMS000376,COR00198,NRV,KTI,ECR,axle_counter_fault,A,2025-06-20,2025-06-20,0,True,3.4,True,Signal & Telecommunication
SMMS000377,COR04690,SAPE,VEER,KR,axle_counter_fault,A,2024-06-13,2024-06-12,1,True,1.1,True,Signal & Telecommunication
SMMS000378,COR05195,FAN,BSJ,NWR,axle_counter_fault,A,2024-07-15,2024-07-10,5,True,1.6,True,Signal & Telecommunication
SMMS000379,COR05068,DKM,LHL,NFR,cable_fault,B,2025-05-06,2025-05-05,1,False,3.1,True,Signal & Telecommunication
SMMS000380,COR00491,CGO,PGL,WCR,lc_gate_interlock_fault,A,2024-07-22,2024-07-21,1,False,1.7,True,Signal & Telecommunication
SMMS000381,COR00087,FA,KZQ,NWR,interlocking_fault,A,2025-01-13,2025-01-13,0,True,2.2,True,Signal & Telecommunication
SMMS000382,COR02319,UDM,NRGR,WR,lc_gate_interlock_fault,A,2024-06-20,2024-06-08,12,False,2.3,True,Signal & Telecommunication
SMMS000383,COR00137,KNAR,AIA,NWR,signal_failure,A,2024-12-15,2024-12-14,1,True,3.4,True,Signal & Telecommunication
SMMS000384,COR03882,DBSI,SSB,NR,cable_fault,B,2025-12-23,2025-12-18,5,False,2.3,True,Signal & Telecommunication
SMMS000385,COR01335,BMN,KWI,NWR,point_machine_fault,B,2024-10-20,2024-10-15,5,False,2.8,True,Signal & Telecommunication
SMMS000386,COR03942,JJA,CRG,WCR,interlocking_fault,A,2024-01-17,2024-01-15,2,True,1.3,True,Signal & Telecommunication
SMMS000387,COR03355,MNM,RAGM,SR,lc_gate_interlock_fault,A,2024-03-24,2024-03-01,23,False,2.3,True,Signal & Telecommunication
SMMS000388,COR02374,CRN,TTW,SECR,point_machine_fault,B,2024-05-08,2024-05-05,3,False,2.6,True,Signal & Telecommunication
SMMS000389,COR04899,HJL,BID,SWR,cable_fault,B,2025-09-03,2025-08-09,25,False,1.5,True,Signal & Telecommunication
SMMS000390,COR02805,DIC,MIRA,WR,lc_gate_interlock_fault,A,2025-03-29,2025-03-28,1,False,3.8,True,Signal & Telecommunication
SMMS000391,COR00236,SNRR,SBD,WCR,lc_gate_interlock_fault,A,2025-12-14,2025-12-02,12,False,2.4,True,Signal & Telecommunication
SMMS000392,COR05003,MCJ,TRB,SR,axle_counter_fault,A,2025-11-04,2025-10-19,16,True,0.7,True,Signal & Telecommunication
SMMS000393,COR00483,KKN,KRO,WCR,cable_fault,B,2025-07-11,2025-07-10,1,False,3.0,True,Signal & Telecommunication
SMMS000394,COR06641,SJJ,TKLE,ER,cable_fault,B,2024-06-05,2024-05-31,5,False,2.1,True,Signal & Telecommunication
SMMS000395,COR00705,NSP,BSR,WR,interlocking_fault,A,2025-02-09,2025-01-26,14,True,1.6,True,Signal & Telecommunication
SMMS000396,COR03579,MDN,GKL,SER,block_instrument_fault,B,2025-03-21,2025-03-19,2,True,0.9,True,Signal & Telecommunication
SMMS000397,COR00401,MPJ,SMX,ER,axle_counter_fault,A,2025-06-02,2025-05-09,24,True,3.8,True,Signal & Telecommunication
SMMS000398,COR00027,WKRC,WKR,WR,lc_gate_interlock_fault,A,2025-10-29,2025-10-02,27,False,2.0,True,Signal & Telecommunication
SMMS000399,COR04044,SAHR,AKS,NER,cable_fault,B,2024-04-22,2024-04-09,13,False,3.5,True,Signal & Telecommunication
SMMS000400,COR00853,PAU,CRU,SCR,lc_gate_interlock_fault,A,2024-07-26,2024-07-07,19,False,1.1,True,Signal & Telecommunication
SMMS000401,COR00726,PL,MX,WR,cable_fault,B,2024-11-24,2024-11-04,20,False,1.2,True,Signal & Telecommunication
SMMS000402,COR01471,DGU,TTLA,NFR,lc_gate_interlock_fault,A,2025-01-19,2024-08-02,170,False,0.9,True,Signal & Telecommunication
SMMS000403,COR03290,KLNK,LHLL,NWR,axle_counter_fault,A,2025-11-17,2025-11-12,5,True,0.7,True,Signal & Telecommunication
SMMS000404,COR02812,VTN,SAH,WR,point_machine_fault,B,2024-03-26,2024-03-03,23,False,2.4,True,Signal & Telecommunication
SMMS000405,COR03085,NAU,MUKE,SR,interlocking_fault,A,2024-09-30,2024-09-25,5,True,0.5,True,Signal & Telecommunication
SMMS000406,COR02832,JRS,BIM,WR,point_machine_fault,B,2025-06-13,2025-06-08,5,False,3.0,True,Signal & Telecommunication
SMMS000407,COR05891,NRI,SK,NWR,point_machine_fault,B,2024-02-08,2024-02-03,5,False,3.0,True,Signal & Telecommunication
SMMS000408,COR01889,PPY,DKJ,SCR,interlocking_fault,A,2024-05-22,2024-05-18,4,True,3.6,True,Signal & Telecommunication
SMMS000409,COR01269,LLU,DKT,NR,point_machine_fault,B,2024-10-12,2024-10-07,5,False,3.6,True,Signal & Telecommunication
SMMS000410,COR03214,JIL,SAPR,WR,block_instrument_fault,B,2025-03-02,2025-02-26,4,True,2.6,True,Signal & Telecommunication
SMMS000411,COR04115,SEQ,ALL,NR,interlocking_fault,A,2024-01-06,2024-01-05,1,True,1.7,True,Signal & Telecommunication
SMMS000412,COR04869,MNSR,SGRA,NWR,lc_gate_interlock_fault,A,2024-01-06,2023-12-17,20,False,3.3,True,Signal & Telecommunication
SMMS000413,COR05132,KKL,AWL,NR,interlocking_fault,A,2024-10-23,2024-10-17,6,True,1.3,True,Signal & Telecommunication
SMMS000414,COR02735,BRAM,NYY,SR,point_machine_fault,B,2024-05-26,2024-05-22,4,False,2.9,True,Signal & Telecommunication
SMMS000415,COR01206,ABLE,SHIV,CR,interlocking_fault,A,2024-04-24,2024-04-23,1,True,3.9,True,Signal & Telecommunication
SMMS000416,COR00045,KHD,SHRD,WR,cable_fault,B,2024-02-21,2024-02-21,0,False,2.4,True,Signal & Telecommunication
SMMS000417,COR04537,SMBX,GHGL,NR,interlocking_fault,A,2025-10-20,2025-10-20,0,True,1.5,True,Signal & Telecommunication
SMMS000418,COR01687,BMR,BHTN,WCR,cable_fault,B,2024-06-21,2024-06-18,3,False,0.8,True,Signal & Telecommunication
SMMS000419,COR00709,MIRA,DIC,WR,point_machine_fault,B,2024-08-27,2024-08-12,15,False,3.8,True,Signal & Telecommunication
SMMS000420,COR01311,BGX,BQN,NWR,axle_counter_fault,A,2024-12-10,2024-11-19,21,True,3.6,True,Signal & Telecommunication
SMMS000421,COR02381,LPR,LTR,WR,block_instrument_fault,B,2025-10-12,2025-10-08,4,True,2.4,True,Signal & Telecommunication
SMMS000422,COR01726,SRJ,LOG,NCR,interlocking_fault,A,2025-08-18,2025-08-18,0,True,3.6,True,Signal & Telecommunication
SMMS000423,COR02538,SFM,BZ,NR,cable_fault,B,2025-05-11,2025-05-10,1,False,0.9,True,Signal & Telecommunication
SMMS000424,COR01604,HVR,BYD,SWR,axle_counter_fault,A,2025-06-16,2025-06-13,3,True,3.4,True,Signal & Telecommunication
SMMS000425,COR05826,BTJL,BTKL,KR,cable_fault,B,2025-03-30,2025-03-07,23,False,1.1,True,Signal & Telecommunication
SMMS000426,COR05128,BNGL,MEX,NR,interlocking_fault,A,2024-05-09,2024-05-08,1,True,2.2,True,Signal & Telecommunication
SMMS000427,COR01007,BXJ,KHKT,NFR,block_instrument_fault,B,2024-10-26,2024-10-21,5,True,0.6,True,Signal & Telecommunication
SMMS000428,COR01562,TAZ,MSR,CR,axle_counter_fault,A,2025-07-27,2025-07-25,2,True,3.7,True,Signal & Telecommunication
SMMS000429,COR03933,MX,PL,WR,interlocking_fault,A,2025-05-31,2025-05-31,0,True,1.7,True,Signal & Telecommunication
SMMS000430,COR02551,SEY,PED,SECR,signal_failure,A,2024-04-05,2024-03-31,5,True,1.4,True,Signal & Telecommunication
SMMS000431,COR02405,WTJ,ALB,WR,interlocking_fault,A,2024-09-29,2024-09-24,5,True,3.7,True,Signal & Telecommunication
SMMS000432,COR02811,VR,VTN,WR,cable_fault,B,2025-06-30,2025-06-30,0,False,3.5,False,Signal & Telecommunication
SMMS000433,COR04360,AYRN,CSR,ECR,block_instrument_fault,B,2024-05-27,2024-05-26,1,True,1.5,True,Signal & Telecommunication
SMMS000434,COR00529,MJS,UAA,SR,signal_failure,A,2024-04-07,2024-04-04,3,True,1.3,True,Signal & Telecommunication
SMMS000435,COR01896,INK,NKD,SCR,lc_gate_interlock_fault,A,2024-06-21,2024-06-21,0,False,3.5,True,Signal & Telecommunication
SMMS000436,COR01597,SNH,GDI,SWR,lc_gate_interlock_fault,A,2024-10-24,2024-10-23,1,False,2.7,True,Signal & Telecommunication
SMMS000437,COR01025,JGJN,JMK,NFR,lc_gate_interlock_fault,A,2025-04-10,2025-04-07,3,False,2.8,False,Signal & Telecommunication
SMMS000438,COR00216,BNSP,BQF,WCR,point_machine_fault,B,2024-05-27,2024-05-26,1,False,3.1,True,Signal & Telecommunication
SMMS000439,COR07811,CJS,KDPA,ECoR,interlocking_fault,A,2025-01-04,2024-12-16,19,True,1.0,True,Signal & Telecommunication
SMMS000440,COR03788,MUGR,AWM,SCR,cable_fault,B,2025-06-08,2025-06-08,0,False,3.2,False,Signal & Telecommunication
SMMS000441,COR04263,BR,BAMA,NCR,point_machine_fault,B,2024-10-08,2024-10-05,3,False,1.8,True,Signal & Telecommunication
SMMS000442,COR05497,PDR,YEAM,NER,cable_fault,B,2024-01-19,2024-01-17,2,False,2.2,True,Signal & Telecommunication
SMMS000443,COR07584,VVV,VJD,WR,point_machine_fault,B,2025-03-01,2025-02-28,1,False,1.5,True,Signal & Telecommunication
SMMS000444,COR01687,BMR,BHTN,WCR,block_instrument_fault,B,2024-04-10,2024-04-09,1,True,1.5,True,Signal & Telecommunication
SMMS000445,COR02267,PFT,NDW,ECR,cable_fault,B,2025-06-27,2025-06-25,2,False,1.2,True,Signal & Telecommunication
SMMS000446,COR00615,DKJ,PPY,SCR,cable_fault,B,2024-08-10,2024-08-07,3,False,1.0,True,Signal & Telecommunication
SMMS000447,COR00624,MDR,TNGM,SCR,point_machine_fault,B,2024-10-15,2024-10-12,3,False,2.2,True,Signal & Telecommunication
SMMS000448,COR02884,VVB,DSA,NR,point_machine_fault,B,2024-05-27,2024-05-25,2,False,0.8,True,Signal & Telecommunication
SMMS000449,COR00884,PAPM,MOB,SCR,signal_failure,A,2025-08-29,2025-08-07,22,True,2.1,True,Signal & Telecommunication
SMMS000450,COR00022,BLWR,KHC,WR,interlocking_fault,A,2024-07-27,2024-07-03,24,True,1.4,False,Signal & Telecommunication
SMMS000451,COR03653,GDV,DPD,SCR,cable_fault,B,2024-07-20,2024-07-16,4,False,1.8,True,Signal & Telecommunication
SMMS000452,COR04616,SGUJ,SGUT,NFR,axle_counter_fault,A,2024-11-28,2024-11-28,0,True,1.5,True,Signal & Telecommunication
SMMS000453,COR01846,TDO,KZX,NR,lc_gate_interlock_fault,A,2025-06-22,2025-06-22,0,False,2.4,True,Signal & Telecommunication
SMMS000454,COR05518,SGV,NBPH,ER,block_instrument_fault,B,2024-04-01,2024-03-25,7,True,1.2,True,Signal & Telecommunication
SMMS000455,COR00281,KRO,KKN,WCR,point_machine_fault,B,2024-05-03,2024-05-02,1,False,3.0,True,Signal & Telecommunication
SMMS000456,COR03199,SEJ,MORA,WR,block_instrument_fault,B,2024-03-09,2023-11-29,101,True,1.5,True,Signal & Telecommunication
SMMS000457,COR04049,YFP,DDD,NER,signal_failure,A,2024-08-17,2024-08-16,1,True,3.9,True,Signal & Telecommunication
SMMS000458,COR04451,KGLE,NLSF,ER,cable_fault,B,2025-12-13,2025-10-18,56,False,2.0,True,Signal & Telecommunication
SMMS000459,COR00531,KMQ,KGQ,SR,lc_gate_interlock_fault,A,2025-11-05,2025-11-02,3,False,3.7,True,Signal & Telecommunication
SMMS000460,COR00723,MRU,DDR,WR,signal_failure,A,2024-06-26,2024-06-22,4,True,1.2,True,Signal & Telecommunication
SMMS000461,COR04291,MDF,MDKD,SER,cable_fault,B,2025-04-30,2025-04-30,0,False,2.3,True,Signal & Telecommunication
SMMS000462,COR03332,AHH,QRP,NR,point_machine_fault,B,2024-07-08,2024-07-04,4,False,0.8,True,Signal & Telecommunication
SMMS000463,COR02022,MBS,AHM,NER,block_instrument_fault,B,2024-05-25,2024-05-22,3,True,1.8,False,Signal & Telecommunication
SMMS000464,COR02811,VR,VTN,WR,point_machine_fault,B,2025-11-19,2025-11-14,5,False,0.9,True,Signal & Telecommunication
SMMS000465,COR04931,VEER,SAPE,KR,lc_gate_interlock_fault,A,2024-08-05,2024-08-02,3,False,1.5,True,Signal & Telecommunication
SMMS000466,COR01824,CKD,PUW,NWR,axle_counter_fault,A,2025-09-27,2025-08-18,40,True,1.5,True,Signal & Telecommunication
SMMS000467,COR01004,SZR,NJN,NFR,cable_fault,B,2024-06-16,2024-05-23,24,False,2.5,True,Signal & Telecommunication
SMMS000468,COR01749,MSRP,CRG,WCR,block_instrument_fault,B,2025-02-01,2025-01-23,9,True,3.5,True,Signal & Telecommunication
SMMS000469,COR05745,VDL,ANP,SR,cable_fault,B,2025-07-11,2025-07-11,0,False,2.1,True,Signal & Telecommunication
SMMS000470,COR00476,NPNR,MWA,CR,point_machine_fault,B,2024-08-25,2024-04-18,129,False,2.8,True,Signal & Telecommunication
SMMS000471,COR04024,OKD,KRGA,WR,point_machine_fault,B,2025-09-30,2025-09-17,13,False,1.8,True,Signal & Telecommunication
SMMS000472,COR01684,BELD,KKB,WCR,point_machine_fault,B,2025-04-08,2025-04-08,0,False,1.8,True,Signal & Telecommunication
SMMS000473,COR00038,SUNR,BLRD,WR,cable_fault,B,2025-06-06,2025-06-05,1,False,1.3,True,Signal & Telecommunication
SMMS000474,COR00205,IDGJ,JSR,NCR,signal_failure,A,2025-07-11,2025-07-10,1,True,2.8,True,Signal & Telecommunication
SMMS000475,COR07711,RLX,MGB,SCR,cable_fault,B,2025-05-09,2025-05-06,3,False,3.5,False,Signal & Telecommunication
SMMS000476,COR03260,DNHK,FSP,WCR,cable_fault,B,2024-05-06,2024-05-03,3,False,3.7,True,Signal & Telecommunication
SMMS000477,COR01837,NRGR,UDM,WR,signal_failure,A,2024-06-24,2024-06-24,0,True,2.4,True,Signal & Telecommunication
SMMS000478,COR05502,MT,NNP,NER,cable_fault,B,2025-11-26,2025-11-25,1,False,1.6,True,Signal & Telecommunication
SMMS000479,COR01888,MLMG,PPY,SCR,block_instrument_fault,B,2025-04-29,2025-04-29,0,True,2.9,True,Signal & Telecommunication
SMMS000480,COR01888,MLMG,PPY,SCR,point_machine_fault,B,2024-12-29,2024-12-26,3,False,3.9,True,Signal & Telecommunication
SMMS000481,COR01298,SDH,MKRA,NWR,interlocking_fault,A,2024-07-20,2024-07-08,12,True,3.1,True,Signal & Telecommunication
SMMS000482,COR07712,MGB,KCM,SCR,cable_fault,B,2025-09-29,2025-09-29,0,False,2.5,True,Signal & Telecommunication
SMMS000483,COR04317,NPT,ADT,SR,block_instrument_fault,B,2024-09-17,2024-09-14,3,True,2.5,True,Signal & Telecommunication
SMMS000484,COR01935,SELU,SCO,SCR,block_instrument_fault,B,2024-11-18,2024-11-17,1,True,2.5,False,Signal & Telecommunication
SMMS000485,COR06588,JJN,NUA,NWR,cable_fault,B,2024-01-27,2024-01-24,3,False,3.0,False,Signal & Telecommunication
SMMS000486,COR01305,APA,SEU,NWR,interlocking_fault,A,2025-03-19,2025-03-09,10,True,1.4,True,Signal & Telecommunication
SMMS000487,COR03626,HPT,KGW,SWR,lc_gate_interlock_fault,A,2025-04-15,2025-04-12,3,False,3.0,True,Signal & Telecommunication
SMMS000488,COR05664,JNE,PRU,NWR,signal_failure,A,2025-12-19,2025-12-19,0,True,2.0,True,Signal & Telecommunication
SMMS000489,COR02191,IDJ,DUR,SWR,block_instrument_fault,B,2024-01-30,2024-01-30,0,True,3.7,False,Signal & Telecommunication
SMMS000490,COR02804,BVI,DIC,WR,point_machine_fault,B,2024-02-17,2024-02-12,5,False,0.7,True,Signal & Telecommunication
SMMS000491,COR00092,SOS,BWA,NWR,block_instrument_fault,B,2024-11-11,2024-11-08,3,True,3.2,True,Signal & Telecommunication
SMMS000492,COR00608,NKD,INK,SCR,interlocking_fault,A,2024-01-31,2024-01-30,1,True,2.6,True,Signal & Telecommunication
SMMS000493,COR08082,SQR,RCF,NR,block_instrument_fault,B,2024-07-09,2024-07-06,3,True,2.7,True,Signal & Telecommunication
SMMS000494,COR04087,SLGE,AHD,SWR,block_instrument_fault,B,2025-10-24,2025-10-22,2,True,3.4,True,Signal & Telecommunication
SMMS000495,COR00333,KRYA,SW,NER,block_instrument_fault,B,2024-12-07,2024-12-04,3,True,1.4,True,Signal & Telecommunication
SMMS000496,COR03696,GBA,BGO,SER,signal_failure,A,2025-03-01,2025-02-13,16,True,3.0,True,Signal & Telecommunication
SMMS000497,COR01862,BDHY,CHNR,NR,lc_gate_interlock_fault,A,2025-09-05,2025-07-30,37,False,2.8,True,Signal & Telecommunication
SMMS000498,COR00512,MDPA,BHL,NWR,block_instrument_fault,B,2025-11-23,2025-11-06,17,True,3.9,True,Signal & Telecommunication
SMMS000499,COR07026,JLLO,DBLA,NWR,cable_fault,B,2024-10-20,2024-10-20,0,False,2.9,True,Signal & Telecommunication
SMMS000500,COR01768,NNW,NMD,WCR,axle_counter_fault,A,2025-05-27,2025-05-05,22,True,3.8,False,Signal & Telecommunication
SMMS000501,COR02816,UOI,BOR,WR,axle_counter_fault,A,2025-08-19,2025-08-14,5,True,3.3,True,Signal & Telecommunication
SMMS000502,COR02839,SCH,BHET,WR,cable_fault,B,2025-08-02,2025-07-29,4,False,1.0,True,Signal & Telecommunication
SMMS000503,COR02119,AGL,NVU,SWR,signal_failure,A,2025-05-21,2025-05-21,0,True,0.8,True,Signal & Telecommunication
SMMS000504,COR03278,PDNR,LHN,SWR,axle_counter_fault,A,2024-02-25,2024-02-21,4,True,3.6,True,Signal & Telecommunication
SMMS000505,COR02493,SUT,DUK,NWR,point_machine_fault,B,2024-01-27,2024-01-23,4,False,1.2,True,Signal & Telecommunication
SMMS000506,COR03144,LPW,CM,NER,point_machine_fault,B,2024-02-08,2024-01-14,25,False,1.7,False,Signal & Telecommunication
SMMS000507,COR02601,MULK,SL,KR,point_machine_fault,B,2025-06-03,2025-05-29,5,False,2.9,True,Signal & Telecommunication
SMMS000508,COR00705,NSP,BSR,WR,cable_fault,B,2025-04-07,2024-10-11,178,False,2.7,True,Signal & Telecommunication
SMMS000509,COR02803,KILE,BVI,WR,block_instrument_fault,B,2024-07-26,2024-07-05,21,True,1.3,True,Signal & Telecommunication
SMMS000510,COR05131,BPRS,KKL,NR,interlocking_fault,A,2024-07-17,2024-07-12,5,True,1.1,False,Signal & Telecommunication
SMMS000511,COR04320,TRM,KMU,SR,point_machine_fault,B,2024-11-15,2024-11-11,4,False,2.7,True,Signal & Telecommunication
SMMS000512,COR00034,RA,MOL,WR,axle_counter_fault,A,2024-05-24,2024-05-23,1,True,3.8,True,Signal & Telecommunication
SMMS000513,COR07056,KWB,PUE,SECR,block_instrument_fault,B,2025-01-08,2025-01-05,3,True,2.4,True,Signal & Telecommunication
SMMS000514,COR05749,TNLR,KRUR,SR,interlocking_fault,A,2025-05-12,2025-05-08,4,True,2.3,True,Signal & Telecommunication
SMMS000515,COR01296,AII,DOZ,NWR,interlocking_fault,A,2025-03-24,2025-03-22,2,True,2.8,True,Signal & Telecommunication
SMMS000516,COR01361,JUL,PN,WR,block_instrument_fault,B,2024-11-20,2024-11-15,5,True,0.8,True,Signal & Telecommunication
SMMS000517,COR00365,VTJ,NROD,WR,block_instrument_fault,B,2024-03-29,2024-03-28,1,True,1.1,True,Signal & Telecommunication
SMMS000518,COR00416,BPN,HRSR,ER,cable_fault,B,2024-09-15,2024-09-14,1,False,3.9,True,Signal & Telecommunication
SMMS000519,COR03751,BLT,KHTX,NWR,block_instrument_fault,B,2024-08-21,2024-08-21,0,True,1.6,True,Signal & Telecommunication
SMMS000520,COR03833,NCH,LH,NFR,signal_failure,A,2025-06-17,2025-06-14,3,True,3.9,True,Signal & Telecommunication
SMMS000521,COR01957,NRVR,DLPI,NR,point_machine_fault,B,2025-08-01,2025-07-29,3,False,3.4,True,Signal & Telecommunication
SMMS000522,COR01481,KWM,JMK,NFR,signal_failure,A,2025-01-28,2024-11-12,77,True,1.2,True,Signal & Telecommunication
SMMS000523,COR05851,BIPR,MON,NWR,lc_gate_interlock_fault,A,2024-02-26,2023-11-06,112,False,3.7,True,Signal & Telecommunication
SMMS000524,COR03090,DMD,ETK,SR,cable_fault,B,2024-07-25,2024-07-21,4,False,0.7,True,Signal & Telecommunication
SMMS000525,COR00252,BELD,GPC,WCR,interlocking_fault,A,2024-09-16,2024-09-10,6,True,2.8,True,Signal & Telecommunication
SMMS000526,COR00155,PM,DEC,NR,cable_fault,B,2025-05-23,2025-05-23,0,False,1.1,True,Signal & Telecommunication
SMMS000527,COR00134,GAL,KRH,NWR,signal_failure,A,2024-12-09,2024-12-07,2,True,0.9,True,Signal & Telecommunication
SMMS000528,COR04710,VRH,RKSH,NR,cable_fault,B,2025-07-03,2025-07-02,1,False,3.1,True,Signal & Telecommunication
SMMS000529,COR01706,BUU,MYR,WCR,cable_fault,B,2024-02-10,2024-02-07,3,False,2.8,True,Signal & Telecommunication
SMMS000530,COR02366,VNK,GNS,SECR,interlocking_fault,A,2025-07-01,2025-06-16,15,True,3.7,True,Signal & Telecommunication
SMMS000531,COR04369,MES,ILA,SR,point_machine_fault,B,2024-04-07,2024-04-02,5,False,1.0,True,Signal & Telecommunication
SMMS000532,COR08073,BRMX,RAK,NR,block_instrument_fault,B,2024-11-21,2024-11-19,2,True,3.2,True,Signal & Telecommunication
SMMS000533,COR00459,UMRI,SLGH,SCR,signal_failure,A,2024-12-05,2024-11-05,30,True,1.2,True,Signal & Telecommunication
SMMS000534,COR00371,DDD,YFP,NER,point_machine_fault,B,2025-07-20,2025-07-15,5,False,2.9,True,Signal & Telecommunication
SMMS000535,COR04151,NLE,KZE,SR,interlocking_fault,A,2025-09-14,2025-09-13,1,True,1.0,True,Signal & Telecommunication
SMMS000536,COR04919,PNVL,SMNE,CR,signal_failure,A,2025-07-18,2025-07-17,1,True,2.7,True,Signal & Telecommunication
SMMS000537,COR00637,HRV,DRSN,SECR,point_machine_fault,B,2025-01-01,2024-12-27,5,False,1.5,True,Signal & Telecommunication
SMMS000538,COR04598,KRNI,GLPT,NFR,axle_counter_fault,A,2024-12-09,2024-12-05,4,True,2.6,True,Signal & Telecommunication
SMMS000539,COR06563,BTGH,AMC,SWR,block_instrument_fault,B,2025-01-31,2025-01-24,7,True,2.5,True,Signal & Telecommunication
SMMS000540,COR02818,VGN,DRD,WR,point_machine_fault,B,2025-09-12,2025-09-08,4,False,2.5,True,Signal & Telecommunication
SMMS000541,COR03089,TLY,DMD,SR,point_machine_fault,B,2024-10-13,2024-09-13,30,False,3.5,True,Signal & Telecommunication
SMMS000542,COR00499,KCNR,DLD,WR,point_machine_fault,B,2025-08-07,2025-07-31,7,False,2.7,True,Signal & Telecommunication
SMMS000543,COR00191,JDR,PPA,ECR,cable_fault,B,2025-06-23,2025-06-19,4,False,2.5,True,Signal & Telecommunication
SMMS000544,COR05887,DLI,DKZ,NR,lc_gate_interlock_fault,A,2024-07-17,2024-07-14,3,False,0.7,False,Signal & Telecommunication
SMMS000545,COR02298,NGL,THJ,NR,signal_failure,A,2025-08-16,2025-08-15,1,True,1.3,True,Signal & Telecommunication
SMMS000546,COR01713,JTW,KTHA,WCR,block_instrument_fault,B,2024-05-24,2024-05-22,2,True,2.5,True,Signal & Telecommunication
SMMS000547,COR01624,RRB,DRU,SWR,point_machine_fault,B,2025-12-13,2025-12-12,1,False,2.1,True,Signal & Telecommunication
SMMS000548,COR04463,MDT,HSA,NFR,signal_failure,A,2024-05-23,2024-05-22,1,True,3.0,True,Signal & Telecommunication
SMMS000549,COR02771,KAT,MSP,NR,cable_fault,B,2025-12-07,2025-11-07,30,False,0.6,True,Signal & Telecommunication
SMMS000550,COR01863,CHNR,CKDL,NR,point_machine_fault,B,2024-05-11,2024-05-11,0,False,2.9,True,Signal & Telecommunication
SMMS000551,COR04122,DBN,PTE,NR,cable_fault,B,2025-10-29,2025-10-14,15,False,1.5,True,Signal & Telecommunication
SMMS000552,COR02379,KHRS,SR,WR,point_machine_fault,B,2025-02-21,2025-02-19,2,False,2.9,True,Signal & Telecommunication
SMMS000553,COR03654,DPD,VPG,SCR,point_machine_fault,B,2025-05-21,2025-05-21,0,False,0.9,True,Signal & Telecommunication
SMMS000554,COR02158,INDR,TYMR,SR,cable_fault,B,2024-01-16,2024-01-03,13,False,3.8,True,Signal & Telecommunication
SMMS000555,COR01522,SNRD,BY,CR,signal_failure,A,2024-01-11,2024-01-08,3,True,2.1,True,Signal & Telecommunication
SMMS000556,COR00616,PPY,MLMG,SCR,axle_counter_fault,A,2025-11-22,2025-11-21,1,True,3.3,True,Signal & Telecommunication
SMMS000557,COR01321,JAL,BGPR,NWR,signal_failure,A,2025-07-23,2025-07-20,3,True,1.7,True,Signal & Telecommunication
SMMS000558,COR03833,NCH,LH,NFR,cable_fault,B,2024-11-13,2024-10-18,26,False,1.2,True,Signal & Telecommunication
SMMS000559,COR01528,RGO,PSD,SCR,lc_gate_interlock_fault,A,2024-01-17,2024-01-13,4,False,1.4,True,Signal & Telecommunication
SMMS000560,COR00568,APDC,APDJ,NFR,block_instrument_fault,B,2025-03-14,2025-03-11,3,True,2.1,True,Signal & Telecommunication
SMMS000561,COR01209,FSG,SSV,CR,block_instrument_fault,B,2025-11-17,2025-06-11,159,True,1.2,True,Signal & Telecommunication
SMMS000562,COR04229,GUH,MDNR,NR,interlocking_fault,A,2024-04-06,2024-04-02,4,True,1.9,True,Signal & Telecommunication
SMMS000563,COR00676,ACL,AML,WR,block_instrument_fault,B,2025-09-02,2025-08-06,27,True,0.5,True,Signal & Telecommunication
SMMS000564,COR06481,MEW,PEE,NER,lc_gate_interlock_fault,A,2025-01-24,2025-01-22,2,False,0.9,True,Signal & Telecommunication
SMMS000565,COR05394,MBA,CRC,NCR,signal_failure,A,2025-05-02,2025-05-01,1,True,2.9,True,Signal & Telecommunication
SMMS000566,COR02988,KUL,FK,SR,axle_counter_fault,A,2024-08-24,2024-08-20,4,True,0.8,False,Signal & Telecommunication
SMMS000567,COR04431,MKDN,HRG,CR,axle_counter_fault,A,2025-06-04,2025-06-04,0,True,3.3,True,Signal & Telecommunication
SMMS000568,COR00809,POK,AQG,NWR,cable_fault,B,2025-02-24,2025-02-20,4,False,3.4,True,Signal & Telecommunication
SMMS000569,COR03008,PGC,SHKY,ECR,axle_counter_fault,A,2025-11-25,2025-11-05,20,True,3.4,True,Signal & Telecommunication
SMMS000570,COR00522,JWS,NSD,NWR,point_machine_fault,B,2025-12-31,2025-12-27,4,False,3.0,True,Signal & Telecommunication
SMMS000571,COR03199,SEJ,MORA,WR,interlocking_fault,A,2025-02-06,2025-02-06,0,True,0.8,True,Signal & Telecommunication
SMMS000572,COR02970,ETK,DMD,SR,axle_counter_fault,A,2025-08-25,2025-08-22,3,True,3.3,True,Signal & Telecommunication
SMMS000573,COR01951,LSR,PSD,SCR,block_instrument_fault,B,2025-12-20,2025-12-18,2,True,1.9,True,Signal & Telecommunication
SMMS000574,COR02415,VQD,BHTL,WR,point_machine_fault,B,2025-08-19,2025-07-31,19,False,0.8,True,Signal & Telecommunication
SMMS000575,COR00732,MJO,SRVX,KR,cable_fault,B,2024-06-08,2024-06-08,0,False,3.2,True,Signal & Telecommunication
SMMS000576,COR00181,NKE,SAHI,ECR,axle_counter_fault,A,2025-09-05,2025-09-05,0,True,2.0,True,Signal & Telecommunication
SMMS000577,COR00185,BTH,MJL,ECR,cable_fault,B,2024-09-29,2024-09-28,1,False,0.9,True,Signal & Telecommunication
SMMS000578,COR03539,MJPB,BIC,NER,axle_counter_fault,A,2025-02-08,2025-02-08,0,True,0.7,True,Signal & Telecommunication
SMMS000579,COR00878,BKU,AKE,SCR,block_instrument_fault,B,2024-11-08,2024-11-07,1,True,2.1,True,Signal & Telecommunication
SMMS000580,COR01712,HATI,JTW,WCR,cable_fault,B,2024-08-11,2024-04-11,122,False,0.8,True,Signal & Telecommunication
SMMS000581,COR03795,KRA,PCZ,SCR,cable_fault,B,2025-05-04,2025-05-02,2,False,1.8,True,Signal & Telecommunication
SMMS000582,COR02885,DSA,DLI,NR,interlocking_fault,A,2024-07-08,2024-07-05,3,True,1.6,True,Signal & Telecommunication
SMMS000583,COR05570,TZR,REWA,WCR,interlocking_fault,A,2024-03-14,2024-03-09,5,True,1.1,True,Signal & Telecommunication
SMMS000584,COR02201,NNN,SGLM,SR,point_machine_fault,B,2024-05-16,2024-05-07,9,False,3.1,True,Signal & Telecommunication
SMMS000585,COR01877,CVV,GNN,SCR,signal_failure,A,2025-08-20,2025-08-15,5,True,2.6,True,Signal & Telecommunication
SMMS000586,COR02073,TK,HEI,SWR,cable_fault,B,2025-11-05,2025-11-03,2,False,4.0,True,Signal & Telecommunication
SMMS000587,COR00248,BHTN,BMR,WCR,axle_counter_fault,A,2025-12-24,2025-12-05,19,True,2.4,True,Signal & Telecommunication
SMMS000588,COR02059,MQL,PAU,SCR,point_machine_fault,B,2024-10-28,2024-10-28,0,False,3.7,True,Signal & Telecommunication
SMMS000589,COR02119,AGL,NVU,SWR,block_instrument_fault,B,2025-02-06,2025-02-02,4,True,2.3,True,Signal & Telecommunication
SMMS000590,COR00245,MML,KEQ,WCR,point_machine_fault,B,2024-03-17,2024-03-14,3,False,3.8,True,Signal & Telecommunication
SMMS000591,COR05897,BNG,SNBD,WR,cable_fault,B,2025-07-02,2025-06-27,5,False,3.1,True,Signal & Telecommunication
SMMS000592,COR00240,GSPR,DOE,WCR,interlocking_fault,A,2024-12-29,2024-12-29,0,True,3.3,True,Signal & Telecommunication
SMMS000593,COR03991,MPLR,MPLE,ER,point_machine_fault,B,2025-04-20,2025-04-05,15,False,3.2,True,Signal & Telecommunication
SMMS000594,COR01857,CHKB,BHRL,NR,cable_fault,B,2024-06-03,2024-04-29,35,False,2.8,True,Signal & Telecommunication
SMMS000595,COR00462,MUE,MGC,SCR,block_instrument_fault,B,2025-11-20,2025-11-19,1,True,2.5,True,Signal & Telecommunication
SMMS000596,COR02119,AGL,NVU,SWR,cable_fault,B,2024-07-25,2024-05-20,66,False,1.6,True,Signal & Telecommunication
SMMS000597,COR01672,SGP,SXF,WCR,block_instrument_fault,B,2024-11-14,2024-11-14,0,True,1.8,True,Signal & Telecommunication
SMMS000598,COR04649,MRDW,MANK,KR,interlocking_fault,A,2025-01-07,2025-01-03,4,True,1.0,True,Signal & Telecommunication
SMMS000599,COR00188,SRA,BMKI,ECR,lc_gate_interlock_fault,A,2024-03-30,2024-03-28,2,False,3.1,False,Signal & Telecommunication
SMMS000600,COR04026,BHTA,BPKA,WR,cable_fault,B,2025-01-17,2025-01-11,6,False,2.4,True,Signal & Telecommunication
SMMS000601,COR01363,EN,CTRL,WR,interlocking_fault,A,2025-10-17,2025-10-13,4,True,3.9,True,Signal & Telecommunication
SMMS000602,COR01527,TR,RGO,SCR,point_machine_fault,B,2024-06-07,2024-06-06,1,False,3.8,True,Signal & Telecommunication
SMMS000603,COR00215,MKP,BNSP,NCR,signal_failure,A,2025-02-03,2025-01-29,5,True,1.9,True,Signal & Telecommunication
SMMS000604,COR00159,DBSI,DEE,NR,lc_gate_interlock_fault,A,2024-07-05,2024-06-30,5,False,2.3,True,Signal & Telecommunication
SMMS000605,COR00981,LPTA,BOJ,NFR,point_machine_fault,B,2025-03-20,2025-03-18,2,False,3.5,True,Signal & Telecommunication
SMMS000606,COR04969,TAK,LOK,ER,lc_gate_interlock_fault,A,2025-01-09,2025-01-09,0,False,4.0,True,Signal & Telecommunication
SMMS000607,COR02703,MQC,NNO,NR,interlocking_fault,A,2024-03-11,2024-03-11,0,True,1.6,True,Signal & Telecommunication
SMMS000608,COR00732,MJO,SRVX,KR,point_machine_fault,B,2024-11-08,2024-10-09,30,False,1.5,True,Signal & Telecommunication
SMMS000609,COR02094,RGI,HLK,SWR,axle_counter_fault,A,2025-10-20,2025-10-18,2,True,1.0,False,Signal & Telecommunication
SMMS000610,COR02091,SHV,HSD,SWR,cable_fault,B,2025-02-09,2025-02-07,2,False,2.0,False,Signal & Telecommunication
SMMS000611,COR00231,PKRD,JKE,WCR,cable_fault,B,2025-07-29,2025-03-18,133,False,2.8,True,Signal & Telecommunication
SMMS000612,COR05981,BTU,BAOL,NR,cable_fault,B,2024-02-28,2024-02-23,5,False,1.8,True,Signal & Telecommunication
SMMS000613,COR04949,RAJP,VBW,KR,point_machine_fault,B,2024-03-18,2024-02-18,29,False,2.1,True,Signal & Telecommunication
SMMS000614,COR03511,PNGI,KAL,SR,cable_fault,B,2025-10-05,2025-09-20,15,False,2.1,True,Signal & Telecommunication
SMMS000615,COR01204,JJR,RJW,CR,point_machine_fault,B,2025-09-04,2025-09-01,3,False,2.2,True,Signal & Telecommunication
SMMS000616,COR00478,KDK,BMA,CR,block_instrument_fault,B,2024-04-24,2024-04-24,0,True,3.4,True,Signal & Telecommunication
SMMS000617,COR01879,YP,TNGM,SCR,cable_fault,B,2025-01-16,2025-01-13,3,False,3.3,True,Signal & Telecommunication
SMMS000618,COR00331,PP,DYK,NER,axle_counter_fault,A,2024-11-17,2024-11-14,3,True,2.4,False,Signal & Telecommunication
SMMS000619,COR02667,MAUR,KTKL,NR,axle_counter_fault,A,2025-07-29,2025-07-10,19,True,1.5,True,Signal & Telecommunication
SMMS000620,COR00758,DKZ,DEE,NR,cable_fault,B,2024-10-07,2024-10-03,4,False,0.9,True,Signal & Telecommunication
SMMS000621,COR02093,ABGT,RGI,SWR,cable_fault,B,2024-07-20,2024-02-24,147,False,2.4,True,Signal & Telecommunication
SMMS000622,COR03060,NNN,DYS,SR,cable_fault,B,2025-04-25,2025-04-21,4,False,2.8,True,Signal & Telecommunication
SMMS000623,COR01566,SNE,BVNR,CR,point_machine_fault,B,2024-05-08,2024-05-08,0,False,4.0,True,Signal & Telecommunication
SMMS000624,COR05006,SGM,AYN,SR,cable_fault,B,2024-08-08,2024-07-21,18,False,2.6,True,Signal & Telecommunication
SMMS000625,COR03862,BHNA,BHGH,ER,cable_fault,B,2025-05-26,2025-05-22,4,False,1.2,True,Signal & Telecommunication
SMMS000626,COR02816,UOI,BOR,WR,point_machine_fault,B,2025-01-27,2025-01-22,5,False,1.8,False,Signal & Telecommunication
SMMS000627,COR01238,BBV,PVR,CR,lc_gate_interlock_fault,A,2025-11-21,2025-11-21,0,False,3.8,True,Signal & Telecommunication
SMMS000628,COR00759,DEE,DBSI,NR,signal_failure,A,2025-08-11,2025-08-06,5,True,3.7,True,Signal & Telecommunication
SMMS000629,COR04296,SDT,JKN,NER,lc_gate_interlock_fault,A,2024-11-19,2024-11-16,3,False,2.0,True,Signal & Telecommunication
SMMS000630,COR04549,CKKN,BNGL,NR,lc_gate_interlock_fault,A,2024-06-05,2024-06-05,0,False,0.9,True,Signal & Telecommunication
SMMS000631,COR05426,PQN,GRMR,NR,lc_gate_interlock_fault,A,2025-09-21,2025-09-02,19,False,2.0,False,Signal & Telecommunication
SMMS000632,COR06030,DLI,DEC,NR,interlocking_fault,A,2025-12-14,2025-11-22,22,True,3.4,False,Signal & Telecommunication
SMMS000633,COR00709,MIRA,DIC,WR,lc_gate_interlock_fault,A,2025-05-18,2025-05-17,1,False,1.2,True,Signal & Telecommunication
SMMS000634,COR04538,GHGL,HRNR,NR,interlocking_fault,A,2025-05-27,2025-05-23,4,True,3.8,True,Signal & Telecommunication
SMMS000635,COR05439,ATH,BJK,WCR,signal_failure,A,2025-09-21,2025-09-16,5,True,2.1,True,Signal & Telecommunication
SMMS000636,COR00432,GOPL,GDPL,SCR,point_machine_fault,B,2025-10-15,2025-10-15,0,False,1.6,True,Signal & Telecommunication
SMMS000637,COR04596,DPRA,RGJI,NFR,signal_failure,A,2024-08-04,2024-07-31,4,True,3.8,True,Signal & Telecommunication
SMMS000638,COR04134,TA,PGI,SR,axle_counter_fault,A,2025-01-26,2025-01-26,0,True,1.5,True,Signal & Telecommunication
SMMS000639,COR03612,HBS,SVHE,SWR,point_machine_fault,B,2025-12-12,2025-12-07,5,False,2.9,True,Signal & Telecommunication
SMMS000640,COR00606,CLE,YGL,SCR,axle_counter_fault,A,2024-09-23,2024-09-23,0,True,1.6,True,Signal & Telecommunication
SMMS000641,COR03253,LRU,GGC,WCR,block_instrument_fault,B,2025-09-25,2025-09-23,2,True,1.1,True,Signal & Telecommunication
SMMS000642,COR00464,NED,WNG,SCR,cable_fault,B,2024-12-20,2024-12-17,3,False,3.0,True,Signal & Telecommunication
SMMS000643,COR02149,MCPT,MCPK,SR,point_machine_fault,B,2024-10-05,2024-10-03,2,False,1.0,True,Signal & Telecommunication
SMMS000644,COR02316,LWS,BDWS,WCR,block_instrument_fault,B,2024-05-27,2024-05-25,2,True,0.5,True,Signal & Telecommunication
SMMS000645,COR04032,MDPR,KNLS,WR,point_machine_fault,B,2024-03-10,2024-02-28,11,False,3.7,True,Signal & Telecommunication
SMMS000646,COR04849,BBY,SAC,NCR,point_machine_fault,B,2025-10-19,2025-10-16,3,False,3.3,False,Signal & Telecommunication
SMMS000647,COR04568,TRDI,DGBZ,SECR,block_instrument_fault,B,2025-09-17,2025-09-14,3,True,1.9,True,Signal & Telecommunication
SMMS000648,COR06677,SRN,KJC,NER,point_machine_fault,B,2024-09-28,2024-09-28,0,False,1.9,True,Signal & Telecommunication
SMMS000649,COR00755,CSM,SKVL,SWR,block_instrument_fault,B,2025-09-15,2025-08-21,25,True,2.4,True,Signal & Telecommunication
SMMS000650,COR03487,MCV,FRD,NR,cable_fault,B,2025-01-01,2024-12-29,3,False,2.4,True,Signal & Telecommunication
SMMS000651,COR04804,RBGJ,CUK,NCR,point_machine_fault,B,2024-06-20,2024-06-19,1,False,3.2,True,Signal & Telecommunication
SMMS000652,COR07479,SGNR,SDS,NWR,lc_gate_interlock_fault,A,2025-12-02,2025-12-02,0,False,0.6,True,Signal & Telecommunication
SMMS000653,COR05017,KDE,TMU,SR,cable_fault,B,2025-01-25,2025-01-21,4,False,3.4,True,Signal & Telecommunication
SMMS000654,COR01000,OTN,JMI,NFR,point_machine_fault,B,2025-07-14,2025-06-22,22,False,0.8,True,Signal & Telecommunication
SMMS000655,COR00030,DL,LMC,WR,cable_fault,B,2024-09-23,2024-09-13,10,False,2.9,True,Signal & Telecommunication
SMMS000656,COR08008,DIBL,HLB,WR,point_machine_fault,B,2024-07-31,2024-07-29,2,False,1.6,True,Signal & Telecommunication
SMMS000657,COR00384,KDQ,SRNT,NER,block_instrument_fault,B,2025-03-15,2025-02-25,18,True,3.5,True,Signal & Telecommunication
SMMS000658,COR06832,BSC,BARL,NR,point_machine_fault,B,2024-08-29,2024-08-28,1,False,2.5,True,Signal & Telecommunication
SMMS000659,COR01687,BMR,BHTN,WCR,signal_failure,A,2025-05-09,2025-05-05,4,True,3.3,True,Signal & Telecommunication
SMMS000660,COR04233,KIN,BSJ,NWR,signal_failure,A,2025-05-29,2025-05-27,2,True,3.0,False,Signal & Telecommunication
SMMS000661,COR02065,GHL,BNKH,SWR,point_machine_fault,B,2025-12-12,2025-12-12,0,False,1.7,True,Signal & Telecommunication
SMMS000662,COR00402,SMX,PXR,ER,interlocking_fault,A,2025-11-26,2025-11-25,1,True,0.7,True,Signal & Telecommunication
SMMS000663,COR01556,WTR,PLV,CR,point_machine_fault,B,2024-07-10,2024-07-07,3,False,2.6,True,Signal & Telecommunication
SMMS000664,COR06388,HDK,BYH,NER,signal_failure,A,2024-03-30,2024-03-30,0,True,3.9,True,Signal & Telecommunication
SMMS000665,COR00225,STA,LGCE,WCR,point_machine_fault,B,2024-03-21,2024-03-21,0,False,3.2,True,Signal & Telecommunication
SMMS000666,COR01725,MJHR,SRJ,NCR,block_instrument_fault,B,2024-07-09,2024-07-08,1,True,1.5,True,Signal & Telecommunication
SMMS000667,COR01717,MKD,BQF,WCR,axle_counter_fault,A,2025-06-12,2025-06-11,1,True,1.6,True,Signal & Telecommunication
SMMS000668,COR06355,MXH,BWF,NR,cable_fault,B,2025-09-10,2025-08-17,24,False,2.7,True,Signal & Telecommunication
SMMS000669,COR00646,BGM,SXB,SWR,cable_fault,B,2024-09-17,2024-09-15,2,False,3.3,True,Signal & Telecommunication
SMMS000670,COR03898,KZH,JNA,NR,point_machine_fault,B,2024-12-19,2024-12-11,8,False,2.5,True,Signal & Telecommunication
SMMS000671,COR00469,SAV,NB,CR,signal_failure,A,2025-12-18,2025-12-15,3,True,2.9,True,Signal & Telecommunication
SMMS000672,COR01711,SAGM,HATI,WCR,point_machine_fault,B,2024-06-21,2024-05-29,23,False,1.7,True,Signal & Telecommunication
SMMS000673,COR03632,KDN,BYC,SWR,signal_failure,A,2024-04-27,2024-04-27,0,True,3.0,True,Signal & Telecommunication
SMMS000674,COR01610,DVG,THN,SWR,cable_fault,B,2025-06-08,2025-05-31,8,False,1.1,True,Signal & Telecommunication
SMMS000675,COR00145,IHP,PTRD,NR,point_machine_fault,B,2025-06-09,2025-05-20,20,False,0.5,True,Signal & Telecommunication
SMMS000676,COR00376,AKS,SAHR,NER,axle_counter_fault,A,2025-03-28,2024-12-09,109,True,3.5,True,Signal & Telecommunication
SMMS000677,COR01025,JGJN,JMK,NFR,block_instrument_fault,B,2025-01-01,2024-12-04,28,True,2.1,True,Signal & Telecommunication
SMMS000678,COR01884,NVC,CKN,SCR,cable_fault,B,2024-11-19,2024-11-18,1,False,2.2,True,Signal & Telecommunication
SMMS000679,COR00672,SCH,MRL,WR,block_instrument_fault,B,2025-08-12,2025-07-14,29,True,1.0,True,Signal & Telecommunication
SMMS000680,COR01008,KHKT,DMV,NFR,point_machine_fault,B,2025-09-22,2025-09-17,5,False,2.4,True,Signal & Telecommunication
SMMS000681,COR05739,KII,CDM,SR,block_instrument_fault,B,2025-03-24,2025-03-16,8,True,1.0,True,Signal & Telecommunication
SMMS000682,COR07873,PEN,HMRR,CR,point_machine_fault,B,2024-03-14,2024-03-11,3,False,1.8,True,Signal & Telecommunication
SMMS000683,COR05817,ROK,LHLL,NR,point_machine_fault,B,2024-06-03,2024-05-27,7,False,1.0,True,Signal & Telecommunication
SMMS000684,COR00144,KIP,IHP,NR,interlocking_fault,A,2025-07-01,2025-07-01,0,True,1.2,True,Signal & Telecommunication
SMMS000685,COR04847,LKSH,VND,SCR,signal_failure,A,2024-03-29,2024-03-05,24,True,1.6,True,Signal & Telecommunication
SMMS000686,COR00441,WDR,MZL,SCR,cable_fault,B,2024-03-09,2024-03-07,2,False,3.2,True,Signal & Telecommunication
SMMS000687,COR00889,BMO,BOZ,SCR,signal_failure,A,2025-08-31,2025-08-27,4,True,1.1,True,Signal & Telecommunication
SMMS000688,COR04690,SAPE,VEER,KR,signal_failure,A,2025-08-04,2025-08-03,1,True,2.4,True,Signal & Telecommunication
SMMS000689,COR00628,CVV,KI,SCR,point_machine_fault,B,2024-02-11,2024-02-10,1,False,1.6,True,Signal & Telecommunication
SMMS000690,COR02314,GUH,GZN,NR,cable_fault,B,2025-08-24,2025-08-24,0,False,0.5,True,Signal & Telecommunication
SMMS000691,COR02158,INDR,TYMR,SR,cable_fault,B,2024-10-15,2024-10-12,3,False,1.1,True,Signal & Telecommunication
SMMS000692,COR02044,BTW,KCB,CR,signal_failure,A,2025-01-12,2024-12-21,22,True,1.0,True,Signal & Telecommunication
SMMS000693,COR06993,BAHI,CHKE,SWR,cable_fault,B,2025-06-20,2025-04-02,79,False,1.6,True,Signal & Telecommunication
SMMS000694,COR00237,SBD,DDCE,WCR,signal_failure,A,2025-10-26,2025-09-30,26,True,1.4,True,Signal & Telecommunication
SMMS000695,COR03137,SNX,KTW,NR,lc_gate_interlock_fault,A,2025-01-02,2024-12-29,4,False,1.4,False,Signal & Telecommunication
SMMS000696,COR03440,SURP,SDLP,NWR,interlocking_fault,A,2025-01-16,2025-01-15,1,True,3.0,True,Signal & Telecommunication
SMMS000697,COR06649,LYD,KRKN,SER,lc_gate_interlock_fault,A,2025-06-22,2025-06-16,6,False,2.3,True,Signal & Telecommunication
SMMS000698,COR04664,PERN,MADR,KR,point_machine_fault,B,2025-11-11,2025-05-31,164,False,2.1,True,Signal & Telecommunication
SMMS000699,COR00861,SLGH,UMRI,SCR,axle_counter_fault,A,2025-09-01,2025-08-03,29,True,2.0,True,Signal & Telecommunication
SMMS000700,COR01738,CHBR,KJA,NR,signal_failure,A,2024-05-17,2024-04-20,27,True,3.4,True,Signal & Telecommunication
SMMS000701,COR02270,NDU,JHD,ECR,point_machine_fault,B,2025-06-07,2025-06-06,1,False,3.2,True,Signal & Telecommunication
SMMS000702,COR04124,PTA,DOC,NR,lc_gate_interlock_fault,A,2024-07-13,2024-07-11,2,False,1.0,True,Signal & Telecommunication
SMMS000703,COR00260,JHT,BKH,WCR,lc_gate_interlock_fault,A,2024-05-01,2024-04-26,5,False,3.3,True,Signal & Telecommunication
SMMS000704,COR07295,SDF,NPS,NWR,point_machine_fault,B,2024-09-18,2024-08-28,21,False,3.2,True,Signal & Telecommunication
SMMS000705,COR02819,DRD,GVD,WR,block_instrument_fault,B,2025-12-10,2025-12-06,4,True,0.8,False,Signal & Telecommunication
SMMS000706,COR05405,BWR,ORC,NCR,cable_fault,B,2025-02-01,2025-02-01,0,False,1.5,True,Signal & Telecommunication
SMMS000707,COR02970,ETK,DMD,SR,point_machine_fault,B,2024-12-15,2024-12-13,2,False,0.9,True,Signal & Telecommunication
SMMS000708,COR01186,BVNR,SNE,CR,cable_fault,B,2024-01-26,2024-01-21,5,False,1.8,False,Signal & Telecommunication
SMMS000709,COR00232,JKE,PTWA,WCR,lc_gate_interlock_fault,A,2025-05-05,2025-05-05,0,False,2.8,True,Signal & Telecommunication
SMMS000710,COR06734,BRDV,MKHI,NR,block_instrument_fault,B,2024-06-14,2024-06-12,2,True,1.4,True,Signal & Telecommunication
SMMS000711,COR05900,PRNG,NGW,WR,point_machine_fault,B,2025-01-26,2025-01-26,0,False,3.0,False,Signal & Telecommunication
SMMS000712,COR04550,UCB,DZA,NR,lc_gate_interlock_fault,A,2025-12-05,2025-12-04,1,False,2.5,True,Signal & Telecommunication
SMMS000713,COR02151,MTCN,MLHS,SR,interlocking_fault,A,2025-07-27,2025-07-23,4,True,1.2,True,Signal & Telecommunication
SMMS000714,COR06865,BBA,RG,NR,axle_counter_fault,A,2025-01-04,2024-12-30,5,True,3.7,False,Signal & Telecommunication
SMMS000715,COR00393,PTN,RUJ,WR,interlocking_fault,A,2025-02-22,2025-02-17,5,True,3.1,True,Signal & Telecommunication
SMMS000716,COR01039,TKC,PHI,NFR,signal_failure,A,2025-08-03,2025-07-31,3,True,1.3,True,Signal & Telecommunication
SMMS000717,COR01851,MEX,BNGL,NR,point_machine_fault,B,2025-11-03,2025-11-02,1,False,3.8,True,Signal & Telecommunication
SMMS000718,COR02124,CTPE,KUV,SR,lc_gate_interlock_fault,A,2024-08-23,2024-08-08,15,False,3.7,False,Signal & Telecommunication
SMMS000719,COR05003,MCJ,TRB,SR,point_machine_fault,B,2024-05-25,2024-05-23,2,False,2.1,True,Signal & Telecommunication
SMMS000720,COR01692,JBP,ADTL,WCR,cable_fault,B,2024-12-29,2024-12-27,2,False,1.8,True,Signal & Telecommunication
SMMS000721,COR02847,GNR,PKL,SWR,block_instrument_fault,B,2024-07-27,2024-07-27,0,True,3.8,True,Signal & Telecommunication
SMMS000722,COR06269,NHF,LLJ,NR,point_machine_fault,B,2024-09-29,2024-09-01,28,False,3.8,True,Signal & Telecommunication
SMMS000723,COR01849,DZA,UCB,NR,point_machine_fault,B,2024-11-03,2024-10-29,5,False,1.0,True,Signal & Telecommunication
SMMS000724,COR02382,LTR,BLRD,WR,point_machine_fault,B,2025-07-20,2025-07-15,5,False,0.6,True,Signal & Telecommunication
SMMS000725,COR03382,SGA,BTI,NWR,point_machine_fault,B,2024-07-13,2024-07-08,5,False,2.5,True,Signal & Telecommunication
SMMS000726,COR03988,AZ,ACLE,ER,block_instrument_fault,B,2024-12-28,2024-12-28,0,True,3.9,True,Signal & Telecommunication
SMMS000727,COR01555,AKI,WTR,CR,block_instrument_fault,B,2025-07-03,2025-07-02,1,True,2.0,True,Signal & Telecommunication
SMMS000728,COR04035,BCY,SRNT,NER,signal_failure,A,2025-08-18,2025-08-10,8,True,0.9,True,Signal & Telecommunication
SMMS000729,COR06390,ATRR,GYN,NER,cable_fault,B,2025-03-17,2025-02-15,30,False,2.9,False,Signal & Telecommunication
SMMS000730,COR03647,MDVL,MVP,SCR,cable_fault,B,2025-01-04,2024-11-26,39,False,3.1,True,Signal & Telecommunication
SMMS000731,COR04678,BOKE,UKC,KR,signal_failure,A,2024-09-04,2024-09-01,3,True,1.7,True,Signal & Telecommunication
SMMS000732,COR00434,GWV,MED,SCR,cable_fault,B,2024-10-27,2024-10-24,3,False,0.7,True,Signal & Telecommunication
SMMS000733,COR00603,BBW,MUUA,NER,point_machine_fault,B,2024-08-23,2024-08-22,1,False,2.0,True,Signal & Telecommunication
SMMS000734,COR05451,PDPK,SHM,SER,signal_failure,A,2024-08-16,2024-08-05,11,True,1.7,True,Signal & Telecommunication
SMMS000735,COR03977,MHTR,TYAE,ER,signal_failure,A,2024-05-17,2024-05-12,5,True,4.0,True,Signal & Telecommunication
SMMS000736,COR04980,PLA,LMNR,WR,interlocking_fault,A,2024-09-10,2024-09-10,0,True,0.6,True,Signal & Telecommunication
SMMS000737,COR00250,SRID,KKB,WCR,interlocking_fault,A,2024-12-26,2024-12-26,0,True,3.7,True,Signal & Telecommunication
SMMS000738,COR01025,JGJN,JMK,NFR,block_instrument_fault,B,2025-11-14,2025-11-11,3,True,0.7,True,Signal & Telecommunication
SMMS000739,COR00489,CRK,TBN,WCR,block_instrument_fault,B,2024-09-18,2024-09-14,4,True,2.1,True,Signal & Telecommunication
SMMS000740,COR03834,LH,SLX,NFR,point_machine_fault,B,2024-12-10,2024-06-28,165,False,3.0,True,Signal & Telecommunication
SMMS000741,COR04481,BRUD,HRD,WCR,point_machine_fault,B,2024-11-28,2024-11-14,14,False,2.3,True,Signal & Telecommunication
SMMS000742,COR00990,AGI,SLX,NFR,lc_gate_interlock_fault,A,2024-07-31,2024-02-29,153,False,1.4,False,Signal & Telecommunication
SMMS000743,COR00156,DEC,KRTN,NR,cable_fault,B,2025-01-25,2025-01-25,0,False,2.8,True,Signal & Telecommunication
SMMS000744,COR00535,KQK,BFR,SR,axle_counter_fault,A,2024-09-10,2024-09-08,2,True,3.1,True,Signal & Telecommunication
SMMS000745,COR07525,LOD,FTD,WR,block_instrument_fault,B,2024-04-01,2024-03-27,5,True,2.6,True,Signal & Telecommunication
SMMS000746,COR00023,KHC,KNKT,WR,signal_failure,A,2024-02-22,2024-02-21,1,True,2.2,True,Signal & Telecommunication
SMMS000747,COR00296,SAV,DSK,CR,point_machine_fault,B,2024-11-06,2024-11-06,0,False,1.9,True,Signal & Telecommunication
SMMS000748,COR01849,DZA,UCB,NR,interlocking_fault,A,2025-10-08,2025-10-08,0,True,1.4,True,Signal & Telecommunication
SMMS000749,COR03088,JGE,TLY,SR,point_machine_fault,B,2025-12-21,2025-12-01,20,False,1.8,True,Signal & Telecommunication
SMMS000750,COR01687,BMR,BHTN,WCR,interlocking_fault,A,2024-09-26,2024-09-21,5,True,2.0,True,Signal & Telecommunication
SMMS000751,COR00539,NLE,CHV,SR,point_machine_fault,B,2025-02-18,2025-01-29,20,False,1.9,True,Signal & Telecommunication
SMMS000752,COR02163,TAY,GDN,SR,cable_fault,B,2024-01-02,2023-12-09,24,False,2.5,False,Signal & Telecommunication
SMMS000753,COR00279,MUO,BRI,WCR,interlocking_fault,A,2025-01-17,2025-01-16,1,True,2.4,True,Signal & Telecommunication
SMMS000754,COR01282,BWZ,BQH,NR,point_machine_fault,B,2024-10-31,2024-10-06,25,False,0.7,True,Signal & Telecommunication
SMMS000755,COR02335,GTT,VRR,WR,cable_fault,B,2024-01-08,2024-01-05,3,False,2.4,True,Signal & Telecommunication
SMMS000756,COR01678,GAR,BNE,WCR,cable_fault,B,2025-01-21,2025-01-19,2,False,3.1,False,Signal & Telecommunication
SMMS000757,COR04700,APTA,RSYI,CR,block_instrument_fault,B,2024-03-09,2024-03-06,3,True,1.1,True,Signal & Telecommunication
SMMS000758,COR00167,CPJ,KSNR,NER,signal_failure,A,2024-07-02,2024-07-01,1,True,2.6,True,Signal & Telecommunication
SMMS000759,COR00093,BWA,BGG,NWR,signal_failure,A,2024-06-17,2024-06-14,3,True,2.6,True,Signal & Telecommunication
SMMS000760,COR00614,GLA,DKJ,SCR,signal_failure,A,2024-05-19,2024-04-29,20,True,3.2,True,Signal & Telecommunication
SMMS000761,COR01308,HP,GRI,NWR,axle_counter_fault,A,2024-05-20,2024-05-16,4,True,1.5,True,Signal & Telecommunication
SMMS000762,COR00269,KTZ,DKI,WCR,cable_fault,B,2025-04-11,2025-04-08,3,False,3.0,True,Signal & Telecommunication
SMMS000763,COR01187,SNE,KRD,CR,cable_fault,B,2024-06-01,2024-05-29,3,False,1.2,True,Signal & Telecommunication
SMMS000764,COR02047,UMD,YSI,CR,axle_counter_fault,A,2025-02-03,2025-02-02,1,True,3.1,True,Signal & Telecommunication
SMMS000765,COR02094,RGI,HLK,SWR,cable_fault,B,2025-01-03,2024-12-30,4,False,1.2,True,Signal & Telecommunication
SMMS000766,COR03576,SLB,GSL,SER,block_instrument_fault,B,2024-11-22,2024-11-18,4,True,3.5,True,Signal & Telecommunication
SMMS000767,COR01436,SKJ,LKN,ECR,cable_fault,B,2024-11-18,2024-11-18,0,False,1.4,False,Signal & Telecommunication
SMMS000768,COR00890,BOZ,ALW,SCR,block_instrument_fault,B,2025-05-19,2025-05-15,4,True,0.9,True,Signal & Telecommunication
SMMS000769,COR00016,WTJ,JALD,WR,point_machine_fault,B,2024-02-03,2024-01-31,3,False,2.0,True,Signal & Telecommunication
SMMS000770,COR00423,KQD,NLRD,SCR,block_instrument_fault,B,2025-01-06,2025-01-05,1,True,3.1,True,Signal & Telecommunication
SMMS000771,COR00199,KTI,KVC,ECR,block_instrument_fault,B,2024-09-11,2024-09-10,1,True,3.2,True,Signal & Telecommunication
SMMS000772,COR02160,TRMN,PRGD,SR,cable_fault,B,2024-01-18,2024-01-16,2,False,2.4,True,Signal & Telecommunication
SMMS000773,COR01880,TNGM,MDR,SCR,cable_fault,B,2024-10-05,2024-10-03,2,False,1.7,True,Signal & Telecommunication
SMMS000774,COR05599,MGWN,KS,NR,cable_fault,B,2025-02-02,2025-01-29,4,False,1.7,True,Signal & Telecommunication
SMMS000775,COR04937,ANO,CHI,KR,block_instrument_fault,B,2025-05-29,2025-05-24,5,True,3.6,True,Signal & Telecommunication
SMMS000776,COR01626,BLKR,VNR,SWR,lc_gate_interlock_fault,A,2024-02-25,2024-02-23,2,False,1.7,True,Signal & Telecommunication
SMMS000777,COR00795,MDB,MLH,NWR,axle_counter_fault,A,2025-01-06,2025-01-03,3,True,1.8,True,Signal & Telecommunication
SMMS000778,COR03521,NTM,KUTR,SR,signal_failure,A,2024-12-13,2024-12-09,4,True,0.6,True,Signal & Telecommunication
SMMS000779,COR01879,YP,TNGM,SCR,interlocking_fault,A,2024-02-06,2024-02-04,2,True,1.0,True,Signal & Telecommunication
SMMS000780,COR00111,LNA,MLI,NWR,point_machine_fault,B,2024-02-12,2024-01-21,22,False,2.7,True,Signal & Telecommunication
SMMS000781,COR04378,RMD,VTV,SR,axle_counter_fault,A,2024-07-11,2024-07-09,2,True,3.7,True,Signal & Telecommunication
SMMS000782,COR00706,BSR,NIG,WR,cable_fault,B,2024-07-21,2024-07-18,3,False,1.6,True,Signal & Telecommunication
SMMS000783,COR01692,JBP,ADTL,WCR,signal_failure,A,2025-04-05,2025-03-15,21,True,3.9,True,Signal & Telecommunication
SMMS000784,COR02813,SAH,KLV,WR,axle_counter_fault,A,2024-07-15,2024-07-13,2,True,2.0,True,Signal & Telecommunication
SMMS000785,COR00729,DBM,SKVL,SWR,signal_failure,A,2024-03-16,2023-12-22,85,True,2.9,True,Signal & Telecommunication
SMMS000786,COR03905,UCA,GSO,NR,cable_fault,B,2024-08-10,2024-08-10,0,False,2.4,True,Signal & Telecommunication
SMMS000787,COR06136,KDI,RUR,WR,block_instrument_fault,B,2024-02-04,2024-01-29,6,True,3.8,True,Signal & Telecommunication
SMMS000788,COR04425,AJKI,RCJ,WR,cable_fault,B,2024-04-06,2024-03-15,22,False,3.5,True,Signal & Telecommunication
SMMS000789,COR02702,GHE,MQC,NR,block_instrument_fault,B,2025-03-02,2025-02-02,28,True,3.5,False,Signal & Telecommunication
SMMS000790,COR02332,RKY,RBR,WR,point_machine_fault,B,2024-03-31,2024-01-10,81,False,2.0,True,Signal & Telecommunication
SMMS000791,COR02623,BPC,NBPH,ER,interlocking_fault,A,2024-07-03,2024-06-28,5,True,2.2,True,Signal & Telecommunication
SMMS000792,COR02896,NCJ,NJT,SR,signal_failure,A,2024-02-25,2024-02-11,14,True,1.8,True,Signal & Telecommunication
SMMS000793,COR02837,NVS,MRL,WR,axle_counter_fault,A,2025-09-07,2025-03-28,163,True,2.3,True,Signal & Telecommunication
SMMS000794,COR00872,IDL,SCP,SCR,block_instrument_fault,B,2024-08-07,2024-08-05,2,True,3.5,True,Signal & Telecommunication
SMMS000795,COR01676,JHT,SCKR,WCR,point_machine_fault,B,2024-08-25,2024-08-23,2,False,2.8,True,Signal & Telecommunication
SMMS000796,COR01151,PR,CRD,CR,point_machine_fault,B,2024-07-28,2024-07-21,7,False,1.1,True,Signal & Telecommunication
SMMS000797,COR00586,CAI,SAHI,ECR,signal_failure,A,2025-01-23,2025-01-13,10,True,2.8,False,Signal & Telecommunication
SMMS000798,COR05073,LMA,MDL,NWR,signal_failure,A,2025-06-03,2025-06-02,1,True,1.7,True,Signal & Telecommunication
SMMS000799,COR01668,GRO,SQL,WCR,signal_failure,A,2024-04-04,2024-03-31,4,True,3.4,False,Signal & Telecommunication
SMMS000800,COR02095,HLK,JRU,SWR,cable_fault,B,2024-11-04,2024-11-04,0,False,1.1,True,Signal & Telecommunication
SMMS000801,COR00485,BRI,MUO,WCR,axle_counter_fault,A,2025-12-24,2025-12-21,3,True,0.5,True,Signal & Telecommunication
SMMS000802,COR04262,NGLT,BR,NCR,signal_failure,A,2024-02-24,2024-02-24,0,True,2.7,True,Signal & Telecommunication
SMMS000803,COR05131,BPRS,KKL,NR,block_instrument_fault,B,2024-11-25,2024-11-24,1,True,2.8,True,Signal & Telecommunication
SMMS000804,COR04930,GNO,VEER,KR,block_instrument_fault,B,2024-09-29,2024-09-26,3,True,1.0,True,Signal & Telecommunication
SMMS000805,COR01543,SSV,FSG,CR,interlocking_fault,A,2024-03-12,2024-03-08,4,True,0.5,True,Signal & Telecommunication
SMMS000806,COR01917,WDLN,JOA,SCR,block_instrument_fault,B,2024-08-17,2024-08-14,3,True,3.6,True,Signal & Telecommunication
SMMS000807,COR06671,UJH,BTRI,NER,interlocking_fault,A,2025-09-14,2025-09-10,4,True,0.8,True,Signal & Telecommunication
SMMS000808,COR04178,CJL,GGKR,NR,lc_gate_interlock_fault,A,2024-06-21,2024-06-21,0,False,1.4,True,Signal & Telecommunication
SMMS000809,COR04478,MTA,SGBJ,WCR,lc_gate_interlock_fault,A,2024-01-29,2024-01-26,3,False,1.9,True,Signal & Telecommunication
SMMS000810,COR05329,PDE,JONR,SECR,point_machine_fault,B,2025-07-11,2025-07-08,3,False,2.2,True,Signal & Telecommunication
SMMS000811,COR00289,NPNR,CDI,CR,cable_fault,B,2024-06-27,2024-06-25,2,False,0.8,False,Signal & Telecommunication
SMMS000812,COR00621,NVC,BKL,SCR,cable_fault,B,2024-06-01,2024-05-27,5,False,0.8,True,Signal & Telecommunication
SMMS000813,COR00973,BDT,DJG,NFR,cable_fault,B,2025-07-24,2025-07-03,21,False,3.0,True,Signal & Telecommunication
SMMS000814,COR03450,MIO,RTGH,NWR,interlocking_fault,A,2024-03-12,2024-03-09,3,True,2.7,True,Signal & Telecommunication
SMMS000815,COR01221,NEI,MRX,CR,cable_fault,B,2025-08-03,2025-07-08,26,False,2.6,True,Signal & Telecommunication
SMMS000816,COR00540,CHV,CDRA,SR,block_instrument_fault,B,2024-05-09,2024-05-04,5,True,2.1,True,Signal & Telecommunication
SMMS000817,COR00272,BIF,PGL,WCR,point_machine_fault,B,2024-01-04,2023-12-18,17,False,2.6,True,Signal & Telecommunication
SMMS000818,COR04242,LLU,DHPR,NR,interlocking_fault,A,2025-05-03,2025-04-29,4,True,0.7,True,Signal & Telecommunication
SMMS000819,COR02378,VNRD,KHRS,WR,cable_fault,B,2025-07-13,2025-06-19,24,False,1.8,True,Signal & Telecommunication
SMMS000820,COR00222,JTW,HATI,WCR,cable_fault,B,2024-10-11,2024-10-10,1,False,1.6,True,Signal & Telecommunication
SMMS000821,COR04710,VRH,RKSH,NR,block_instrument_fault,B,2025-01-27,2025-01-12,15,True,1.4,True,Signal & Telecommunication
SMMS000822,COR01889,PPY,DKJ,SCR,axle_counter_fault,A,2024-03-26,2024-03-26,0,True,0.6,False,Signal & Telecommunication
SMMS000823,COR01685,KKB,SRID,WCR,lc_gate_interlock_fault,A,2025-06-27,2025-06-01,26,False,0.8,True,Signal & Telecommunication
SMMS000824,COR02824,BLD,KEB,WR,block_instrument_fault,B,2024-07-19,2024-07-18,1,True,2.0,False,Signal & Telecommunication
SMMS000825,COR02772,MSP,JDW,NR,point_machine_fault,B,2025-07-19,2025-07-14,5,False,3.9,True,Signal & Telecommunication
SMMS000826,COR00795,MDB,MLH,NWR,point_machine_fault,B,2025-08-22,2025-08-17,5,False,1.7,True,Signal & Telecommunication
SMMS000827,COR01420,BJRI,BRND,SECR,axle_counter_fault,A,2025-01-05,2025-01-03,2,True,2.1,True,Signal & Telecommunication
SMMS000828,COR02108,HVR,KJG,SWR,point_machine_fault,B,2025-10-31,2025-10-31,0,False,1.3,True,Signal & Telecommunication
SMMS000829,COR02108,HVR,KJG,SWR,lc_gate_interlock_fault,A,2024-04-11,2024-04-07,4,False,1.5,True,Signal & Telecommunication
SMMS000830,COR06522,ABS,KLWL,NR,point_machine_fault,B,2025-12-26,2025-12-24,2,False,1.7,True,Signal & Telecommunication
SMMS000831,COR04795,GSP,JHWR,NR,point_machine_fault,B,2024-08-25,2024-08-22,3,False,3.2,True,Signal & Telecommunication
SMMS000832,COR00236,SNRR,SBD,WCR,axle_counter_fault,A,2025-04-11,2024-11-02,160,True,1.9,True,Signal & Telecommunication
SMMS000833,COR00278,PAL,MUO,WCR,lc_gate_interlock_fault,A,2025-03-06,2025-02-26,8,False,1.9,False,Signal & Telecommunication
SMMS000834,COR05534,WSA,BMP,SECR,point_machine_fault,B,2025-03-25,2025-03-25,0,False,1.0,True,Signal & Telecommunication
SMMS000835,COR00924,RYC,KMLM,SWR,signal_failure,A,2024-04-26,2024-04-26,0,True,2.2,True,Signal & Telecommunication
SMMS000836,COR06336,SOJ,DSJ,NR,block_instrument_fault,B,2025-11-22,2025-11-21,1,True,0.9,False,Signal & Telecommunication
SMMS000837,COR04527,BLR,HBL,SWR,lc_gate_interlock_fault,A,2025-07-31,2025-07-31,0,False,1.9,True,Signal & Telecommunication
SMMS000838,COR00263,SXF,SGP,WCR,axle_counter_fault,A,2025-07-14,2025-07-14,0,True,2.8,True,Signal & Telecommunication
SMMS000839,COR01038,PNB,TKC,NFR,signal_failure,A,2024-08-18,2024-08-13,5,True,2.3,True,Signal & Telecommunication
SMMS000840,COR00052,GUS,DNW,WR,cable_fault,B,2024-01-20,2024-01-19,1,False,3.2,True,Signal & Telecommunication
SMMS000841,COR04186,DULP,BXC,NR,point_machine_fault,B,2025-08-28,2025-08-24,4,False,0.6,True,Signal & Telecommunication
SMMS000842,COR02079,AMSA,BSN,SWR,point_machine_fault,B,2025-08-12,2025-08-10,2,False,2.9,True,Signal & Telecommunication
SMMS000843,COR00323,KSU,CHRA,SER,block_instrument_fault,B,2025-06-19,2025-06-14,5,True,2.1,True,Signal & Telecommunication
SMMS000844,COR01515,VV,KOP,CR,block_instrument_fault,B,2024-05-03,2024-04-28,5,True,2.0,True,Signal & Telecommunication
SMMS000845,COR01867,SMBX,VJPJ,NR,axle_counter_fault,A,2025-08-12,2025-08-07,5,True,2.3,True,Signal & Telecommunication
SMMS000846,COR02207,SRBA,URGA,SECR,lc_gate_interlock_fault,A,2025-03-11,2025-03-11,0,False,2.4,True,Signal & Telecommunication
SMMS000847,COR06908,NLSF,MBB,ER,block_instrument_fault,B,2025-11-01,2025-10-22,10,True,2.3,True,Signal & Telecommunication
SMMS000848,COR01299,MKRA,MLI,NWR,signal_failure,A,2024-10-22,2024-10-06,16,True,3.8,True,Signal & Telecommunication
SMMS000849,COR01676,JHT,SCKR,WCR,signal_failure,A,2025-07-24,2025-07-20,4,True,1.7,True,Signal & Telecommunication
SMMS000850,COR02707,MDGR,PRDL,SECR,signal_failure,A,2025-07-01,2025-06-28,3,True,2.2,True,Signal & Telecommunication
SMMS000851,COR07858,AUI,SKHK,ECR,cable_fault,B,2024-09-15,2024-09-10,5,False,2.7,True,Signal & Telecommunication
SMMS000852,COR01819,HSR,STD,NWR,point_machine_fault,B,2025-01-24,2025-01-19,5,False,2.5,True,Signal & Telecommunication
SMMS000853,COR00489,CRK,TBN,WCR,signal_failure,A,2024-10-21,2024-10-09,12,True,3.9,True,Signal & Telecommunication
SMMS000854,COR02770,SKF,KAT,NR,cable_fault,B,2025-08-24,2025-08-06,18,False,2.7,True,Signal & Telecommunication
SMMS000855,COR06918,DMJ,BCHN,WR,lc_gate_interlock_fault,A,2024-12-27,2024-12-23,4,False,2.1,True,Signal & Telecommunication
SMMS000856,COR01863,CHNR,CKDL,NR,block_instrument_fault,B,2024-05-29,2024-05-24,5,True,1.1,True,Signal & Telecommunication
SMMS000857,COR03042,KMD,PGR,SR,signal_failure,A,2025-07-02,2025-06-29,3,True,2.6,False,Signal & Telecommunication
SMMS000858,COR00161,DLI,DSA,NR,point_machine_fault,B,2025-04-21,2025-03-23,29,False,1.9,True,Signal & Telecommunication
SMMS000859,COR01100,DPD,GDV,SCR,cable_fault,B,2025-03-08,2025-02-25,11,False,1.0,True,Signal & Telecommunication
SMMS000860,COR00574,MAI,HRNG,ECR,point_machine_fault,B,2024-07-26,2024-03-26,122,False,2.0,True,Signal & Telecommunication
SMMS000861,COR05010,TJ,MAV,SR,cable_fault,B,2024-07-23,2024-07-21,2,False,1.1,True,Signal & Telecommunication
SMMS000862,COR01898,YGL,CLE,SCR,signal_failure,A,2025-02-10,2024-09-22,141,True,2.1,False,Signal & Telecommunication
SMMS000863,COR05336,BWW,OM,WR,cable_fault,B,2025-05-24,2025-05-20,4,False,1.2,True,Signal & Telecommunication
SMMS000864,COR02045,KCB,PJR,CR,cable_fault,B,2025-01-18,2025-01-16,2,False,3.9,True,Signal & Telecommunication
SMMS000865,COR05621,PUMU,BQU,SCR,block_instrument_fault,B,2024-07-27,2024-07-05,22,True,0.5,True,Signal & Telecommunication
SMMS000866,COR04684,CHI,ANO,KR,cable_fault,B,2024-02-22,2024-02-19,3,False,1.5,True,Signal & Telecommunication
SMMS000867,COR01855,GILA,KNDI,NR,signal_failure,A,2025-09-26,2025-09-23,3,True,3.2,False,Signal & Telecommunication
SMMS000868,COR06305,JOC,GRB,SER,point_machine_fault,B,2025-04-07,2025-01-12,85,False,2.9,True,Signal & Telecommunication
SMMS000869,COR06357,MWX,TSS,NR,signal_failure,A,2024-05-29,2024-05-09,20,True,0.5,True,Signal & Telecommunication
SMMS000870,COR02467,ABKA,GPAE,ER,point_machine_fault,B,2025-08-15,2025-08-03,12,False,2.0,False,Signal & Telecommunication
SMMS000871,COR04538,GHGL,HRNR,NR,signal_failure,A,2025-05-02,2025-04-29,3,True,0.6,True,Signal & Telecommunication
SMMS000872,COR03369,MHU,BNW,NWR,block_instrument_fault,B,2024-09-30,2024-09-29,1,True,1.5,True,Signal & Telecommunication
SMMS000873,COR06030,DLI,DEC,NR,signal_failure,A,2024-04-06,2024-04-05,1,True,0.6,True,Signal & Telecommunication
SMMS000874,COR01765,COO,GGC,WCR,cable_fault,B,2024-02-06,2024-02-06,0,False,2.6,False,Signal & Telecommunication
SMMS000875,COR01552,NIRA,LNN,CR,cable_fault,B,2025-05-23,2025-05-13,10,False,0.6,True,Signal & Telecommunication
SMMS000876,COR00710,DIC,BVI,WR,cable_fault,B,2025-07-12,2025-07-12,0,False,0.7,True,Signal & Telecommunication
SMMS000877,COR00673,MRL,NVS,WR,block_instrument_fault,B,2025-07-17,2025-07-13,4,True,2.7,True,Signal & Telecommunication
SMMS000878,COR06215,FZR,PHS,NR,cable_fault,B,2025-07-16,2025-07-16,0,False,1.0,True,Signal & Telecommunication
SMMS000879,COR01641,GBB,MLSA,SWR,block_instrument_fault,B,2025-02-10,2025-02-05,5,True,2.3,False,Signal & Telecommunication
SMMS000880,COR00288,MWA,NPNR,CR,block_instrument_fault,B,2025-11-27,2025-11-23,4,True,3.0,True,Signal & Telecommunication
SMMS000881,COR03257,KNDP,SMBJ,WCR,axle_counter_fault,A,2024-07-13,2024-07-02,11,True,1.1,True,Signal & Telecommunication
SMMS000882,COR07087,VLC,LMB,WR,axle_counter_fault,A,2024-11-06,2024-10-31,6,True,1.9,False,Signal & Telecommunication
SMMS000883,COR00283,DRHI,BRUD,WCR,cable_fault,B,2025-05-12,2025-04-14,28,False,1.5,True,Signal & Telecommunication
SMMS000884,COR04661,VEN,KRMI,KR,point_machine_fault,B,2024-02-24,2024-02-09,15,False,3.9,True,Signal & Telecommunication
SMMS000885,COR04512,WDL,BENL,SWR,block_instrument_fault,B,2024-03-26,2024-03-26,0,True,0.7,True,Signal & Telecommunication
SMMS000886,COR04640,UD,BKJ,KR,interlocking_fault,A,2024-04-27,2024-04-22,5,True,3.4,True,Signal & Telecommunication
SMMS000887,COR03650,PSLP,GUK,SCR,signal_failure,A,2024-04-13,2024-04-08,5,True,0.6,False,Signal & Telecommunication
SMMS000888,COR01753,SWAR,JCU,WCR,cable_fault,B,2024-07-04,2024-06-15,19,False,0.8,True,Signal & Telecommunication
SMMS000889,COR02105,RNR,DAD,SWR,cable_fault,B,2024-07-18,2024-07-15,3,False,0.7,True,Signal & Telecommunication
SMMS000890,COR04590,RCTC,BNHR,ECoR,block_instrument_fault,B,2024-08-07,2024-08-05,2,True,1.1,True,Signal & Telecommunication
SMMS000891,COR05676,MAY,WRGN,NR,axle_counter_fault,A,2025-06-27,2025-06-24,3,True,3.0,True,Signal & Telecommunication
SMMS000892,COR06528,ORKI,FTH,NR,lc_gate_interlock_fault,A,2025-05-18,2025-04-20,28,False,1.1,True,Signal & Telecommunication
SMMS000893,COR08546,MKHI,PTYR,NR,point_machine_fault,B,2025-11-22,2025-11-01,21,False,1.2,True,Signal & Telecommunication
SMMS000894,COR02737,AMVA,DAVM,SR,point_machine_fault,B,2024-11-12,2024-11-12,0,False,1.4,True,Signal & Telecommunication
SMMS000895,COR00699,VTN,VR,WR,axle_counter_fault,A,2025-05-01,2025-04-29,2,True,0.8,True,Signal & Telecommunication
SMMS000896,COR03363,NLQ,KSI,NWR,cable_fault,B,2024-05-31,2024-05-26,5,False,3.5,True,Signal & Telecommunication
SMMS000897,COR00495,DKI,KTZ,WCR,signal_failure,A,2025-11-02,2025-10-30,3,True,2.5,True,Signal & Telecommunication
SMMS000898,COR00771,TJNR,JSKA,NR,point_machine_fault,B,2025-09-03,2025-09-01,2,False,1.0,True,Signal & Telecommunication
SMMS000899,COR02222,S,PANP,SWR,interlocking_fault,A,2024-10-25,2024-10-01,24,True,1.1,True,Signal & Telecommunication
SMMS000900,COR04130,PEU,KTU,SR,cable_fault,B,2024-02-28,2024-02-25,3,False,2.0,True,Signal & Telecommunication
SMMS000901,COR03345,PBM,MMM,SR,cable_fault,B,2024-11-18,2024-11-17,1,False,2.9,True,Signal & Telecommunication
SMMS000902,COR04177,SFM,CJL,NR,point_machine_fault,B,2024-01-29,2024-01-22,7,False,1.5,True,Signal & Telecommunication
SMMS000903,COR06587,RSH,JJN,NWR,cable_fault,B,2024-04-30,2024-04-16,14,False,1.4,True,Signal & Telecommunication
SMMS000904,COR04458,NKB,CRX,NFR,block_instrument_fault,B,2025-03-15,2025-02-26,17,True,1.6,False,Signal & Telecommunication
SMMS000905,COR00716,ADH,VLP,WR,point_machine_fault,B,2024-04-02,2024-03-26,7,False,1.0,False,Signal & Telecommunication
SMMS000906,COR01710,STA,SAGM,WCR,interlocking_fault,A,2024-12-31,2024-07-27,157,True,2.7,True,Signal & Telecommunication
SMMS000907,COR02147,PG,PBN,SCR,axle_counter_fault,A,2025-04-16,2025-04-13,3,True,1.7,True,Signal & Telecommunication
SMMS000908,COR03281,CHRG,NBL,SWR,point_machine_fault,B,2024-09-18,2024-09-15,3,False,3.9,True,Signal & Telecommunication
SMMS000909,COR00719,KHAR,BDTS,WR,cable_fault,B,2024-10-12,2024-10-08,4,False,3.7,True,Signal & Telecommunication
SMMS000910,COR01315,DRS,MJ,NWR,signal_failure,A,2024-09-18,2024-09-13,5,True,3.1,True,Signal & Telecommunication
SMMS000911,COR00481,BRUD,DRHI,WCR,cable_fault,B,2025-12-08,2025-11-23,15,False,2.7,True,Signal & Telecommunication
SMMS000912,COR01751,JJA,RKR,WCR,signal_failure,A,2024-07-15,2024-07-11,4,True,1.6,True,Signal & Telecommunication
SMMS000913,COR04879,BMBE,BOKR,SCR,axle_counter_fault,A,2025-07-28,2025-07-24,4,True,1.2,True,Signal & Telecommunication
SMMS000914,COR04229,GUH,MDNR,NR,point_machine_fault,B,2025-11-13,2025-11-09,4,False,0.8,False,Signal & Telecommunication
SMMS000915,COR02153,MTMY,MNDY,SR,point_machine_fault,B,2024-02-03,2024-01-30,4,False,0.6,True,Signal & Telecommunication
SMMS000916,COR02586,KT,HNA,KR,cable_fault,B,2024-02-20,2024-02-16,4,False,2.2,True,Signal & Telecommunication
SMMS000917,COR05659,BMQ,GOLE,NWR,axle_counter_fault,A,2024-11-27,2024-11-26,1,True,1.5,False,Signal & Telecommunication
SMMS000918,COR00382,ARJ,RJI,NER,block_instrument_fault,B,2024-05-08,2024-03-29,40,True,3.0,True,Signal & Telecommunication
SMMS000919,COR01296,AII,DOZ,NWR,block_instrument_fault,B,2025-11-12,2025-11-12,0,True,2.9,True,Signal & Telecommunication
SMMS000920,COR01410,MPLM,PGR,SR,block_instrument_fault,B,2024-05-28,2024-04-02,56,True,3.3,True,Signal & Telecommunication
SMMS000921,COR00288,MWA,NPNR,CR,axle_counter_fault,A,2025-09-20,2025-09-16,4,True,3.5,True,Signal & Telecommunication
SMMS000922,COR02807,BYR,NIG,WR,interlocking_fault,A,2025-12-12,2025-12-08,4,True,2.0,True,Signal & Telecommunication
SMMS000923,COR01534,PCZ,KRA,SCR,block_instrument_fault,B,2024-04-30,2024-04-30,0,True,2.4,True,Signal & Telecommunication
SMMS000924,COR02111,SVNR,YLG,SWR,signal_failure,A,2025-11-17,2025-11-17,0,True,1.4,True,Signal & Telecommunication
SMMS000925,COR00688,SJN,UBR,WR,interlocking_fault,A,2024-09-30,2024-09-28,2,True,3.9,True,Signal & Telecommunication
SMMS000926,COR02990,KN,VLI,SR,point_machine_fault,B,2025-11-01,2025-11-01,0,False,2.0,True,Signal & Telecommunication
SMMS000927,COR04847,LKSH,VND,SCR,block_instrument_fault,B,2024-04-11,2024-04-11,0,True,3.5,True,Signal & Telecommunication
SMMS000928,COR05608,AKU,SJL,SCR,point_machine_fault,B,2025-01-23,2025-01-22,1,False,0.9,True,Signal & Telecommunication
SMMS000929,COR02149,MCPT,MCPK,SR,interlocking_fault,A,2024-09-20,2024-09-16,4,True,1.7,True,Signal & Telecommunication
SMMS000930,COR01657,IKK,PRI,NR,cable_fault,B,2024-08-17,2024-08-14,3,False,0.8,True,Signal & Telecommunication
SMMS000931,COR00537,PKP,KZE,SR,interlocking_fault,A,2024-03-17,2024-02-16,30,True,3.9,True,Signal & Telecommunication
SMMS000932,COR00661,VJR,MRJ,SWR,interlocking_fault,A,2025-01-23,2025-01-05,18,True,2.9,True,Signal & Telecommunication
SMMS000933,COR02890,HRD,BRUD,WCR,block_instrument_fault,B,2024-07-01,2024-06-13,18,True,0.8,True,Signal & Telecommunication
SMMS000934,COR01108,KKLR,PLVA,SCR,lc_gate_interlock_fault,A,2024-01-03,2023-12-31,3,False,0.8,False,Signal & Telecommunication
SMMS000935,COR01854,MRTL,GILA,NR,signal_failure,A,2025-07-20,2025-07-18,2,True,1.5,True,Signal & Telecommunication
SMMS000936,COR00985,MUGN,SLGR,NFR,point_machine_fault,B,2025-03-11,2025-03-10,1,False,3.7,True,Signal & Telecommunication
SMMS000937,COR01264,KRHR,SASN,NR,signal_failure,A,2024-07-12,2024-07-07,5,True,1.8,True,Signal & Telecommunication
SMMS000938,COR03694,SLB,CDGR,SER,block_instrument_fault,B,2024-03-05,2024-02-20,14,True,3.5,True,Signal & Telecommunication
SMMS000939,COR02291,DDN,HRW,NR,cable_fault,B,2025-01-30,2025-01-28,2,False,1.8,True,Signal & Telecommunication
SMMS000940,COR06750,NBU,CGHD,SWR,axle_counter_fault,A,2025-03-12,2025-02-18,22,True,2.5,False,Signal & Telecommunication
SMMS000941,COR05743,ARS,SY,SR,lc_gate_interlock_fault,A,2025-11-27,2025-11-26,1,False,1.7,True,Signal & Telecommunication
SMMS000942,COR02937,WL,CLE,SCR,block_instrument_fault,B,2024-02-12,2024-02-11,1,True,3.0,True,Signal & Telecommunication
SMMS000943,COR02153,MTMY,MNDY,SR,signal_failure,A,2025-11-19,2025-11-14,5,True,2.4,True,Signal & Telecommunication
SMMS000944,COR04528,HBL,GDG,SWR,point_machine_fault,B,2024-04-10,2024-04-09,1,False,3.7,True,Signal & Telecommunication
SMMS000945,COR02865,KUG,UBL,SWR,point_machine_fault,B,2025-02-10,2025-02-06,4,False,1.4,True,Signal & Telecommunication
SMMS000946,COR02063,BAW,SDVL,SWR,axle_counter_fault,A,2024-03-22,2024-03-17,5,True,1.1,True,Signal & Telecommunication
SMMS000947,COR04942,SGR,UKC,KR,point_machine_fault,B,2024-07-14,2024-06-15,29,False,3.6,True,Signal & Telecommunication
SMMS000948,COR00996,TTB,CFG,NFR,block_instrument_fault,B,2024-06-01,2023-12-22,162,True,3.7,True,Signal & Telecommunication
SMMS000949,COR02350,MJ,RKZ,NWR,cable_fault,B,2025-10-01,2025-09-14,17,False,3.2,True,Signal & Telecommunication
SMMS000950,COR01212,GTU,MRTY,SCR,interlocking_fault,A,2024-11-08,2024-11-06,2,True,2.1,False,Signal & Telecommunication
SMMS000951,COR01708,UHR,LGCE,WCR,point_machine_fault,B,2025-05-26,2025-05-24,2,False,2.3,False,Signal & Telecommunication
SMMS000952,COR02979,PYOL,TKT,SR,cable_fault,B,2024-10-17,2024-10-12,5,False,3.8,True,Signal & Telecommunication
SMMS000953,COR01440,BGS,TIL,ECR,signal_failure,A,2024-08-08,2024-08-06,2,True,3.2,True,Signal & Telecommunication
SMMS000954,COR04545,SJNP,BHRL,NR,cable_fault,B,2025-02-02,2025-01-08,25,False,0.6,True,Signal & Telecommunication
SMMS000955,COR05190,RPZ,DRB,NWR,interlocking_fault,A,2025-09-27,2025-09-14,13,True,0.9,True,Signal & Telecommunication
SMMS000956,COR01242,SGLA,WSD,CR,block_instrument_fault,B,2025-11-04,2025-10-08,27,True,2.1,True,Signal & Telecommunication
SMMS000957,COR00975,NHK,BTZ,NFR,point_machine_fault,B,2024-01-16,2023-12-19,28,False,3.5,True,Signal & Telecommunication
SMMS000958,COR03193,KDRI,BOV,SECR,lc_gate_interlock_fault,A,2025-01-29,2025-01-25,4,False,1.8,True,Signal & Telecommunication
SMMS000959,COR02839,SCH,BHET,WR,cable_fault,B,2024-04-26,2024-04-22,4,False,3.4,True,Signal & Telecommunication
SMMS000960,COR03089,TLY,DMD,SR,axle_counter_fault,A,2025-06-16,2025-03-05,103,True,3.4,True,Signal & Telecommunication
SMMS000961,COR02070,DBS,HHL,SWR,signal_failure,A,2025-09-10,2025-08-24,17,True,0.8,True,Signal & Telecommunication
SMMS000962,COR02994,TIR,TUA,SR,cable_fault,B,2024-08-20,2024-08-15,5,False,1.9,True,Signal & Telecommunication
SMMS000963,COR01940,RNE,KODI,SCR,interlocking_fault,A,2025-05-29,2025-05-25,4,True,4.0,True,Signal & Telecommunication
SMMS000964,COR00160,DEE,DKZ,NR,cable_fault,B,2025-12-14,2025-11-24,20,False,0.5,True,Signal & Telecommunication
SMMS000965,COR00686,KEB,BLD,WR,cable_fault,B,2025-04-28,2025-04-19,9,False,2.8,True,Signal & Telecommunication
SMMS000966,COR05001,MTNL,TP,SR,signal_failure,A,2025-12-05,2025-12-03,2,True,1.4,True,Signal & Telecommunication
SMMS000967,COR06612,GLH,CHWT,NR,block_instrument_fault,B,2024-01-30,2024-01-26,4,True,1.4,True,Signal & Telecommunication
SMMS000968,COR06260,SRGT,LTR,WR,block_instrument_fault,B,2025-08-01,2025-07-07,25,True,1.8,True,Signal & Telecommunication
SMMS000969,COR03077,ETR,CMC,SR,cable_fault,B,2025-10-15,2025-10-13,2,False,3.7,True,Signal & Telecommunication
SMMS000970,COR06150,CQA,KZC,SR,block_instrument_fault,B,2024-08-22,2024-07-24,29,True,1.9,True,Signal & Telecommunication
SMMS000971,COR02301,RNA,BMHR,NR,cable_fault,B,2025-04-14,2025-04-12,2,False,0.6,True,Signal & Telecommunication
SMMS000972,COR05090,GTF,JRJ,NR,cable_fault,B,2025-01-06,2025-01-05,1,False,0.6,True,Signal & Telecommunication
SMMS000973,COR00666,SPP,MNO,ECR,cable_fault,B,2025-01-11,2025-01-10,1,False,2.3,True,Signal & Telecommunication
SMMS000974,COR07241,GPJ,DPC,ECoR,block_instrument_fault,B,2025-09-26,2025-09-23,3,True,2.8,True,Signal & Telecommunication
SMMS000975,COR04511,ANGR,WDL,SWR,block_instrument_fault,B,2025-10-11,2025-10-08,3,True,1.1,True,Signal & Telecommunication
SMMS000976,COR00529,MJS,UAA,SR,signal_failure,A,2025-04-22,2025-04-18,4,True,1.1,True,Signal & Telecommunication
SMMS000977,COR01668,GRO,SQL,WCR,signal_failure,A,2025-10-01,2025-09-04,27,True,2.3,True,Signal & Telecommunication
SMMS000978,COR01359,DNW,GUS,WR,block_instrument_fault,B,2025-09-06,2025-09-05,1,True,1.0,True,Signal & Telecommunication
SMMS000979,COR04458,NKB,CRX,NFR,interlocking_fault,A,2024-10-17,2024-10-13,4,True,1.7,True,Signal & Telecommunication
SMMS000980,COR05865,DTW,BLZ,NR,lc_gate_interlock_fault,A,2024-11-25,2024-11-25,0,False,1.5,False,Signal & Telecommunication
SMMS000981,COR03955,BGRA,DTAE,ER,point_machine_fault,B,2024-04-23,2024-04-19,4,False,1.2,True,Signal & Telecommunication
SMMS000982,COR03634,NS,PKO,SCR,cable_fault,B,2024-09-11,2024-09-10,1,False,2.8,True,Signal & Telecommunication
SMMS000983,COR03619,SOQ,BNA,SWR,point_machine_fault,B,2024-08-08,2024-07-20,19,False,1.0,True,Signal & Telecommunication
SMMS000984,COR03001,NPV,LLP,ECR,point_machine_fault,B,2024-12-28,2024-12-23,5,False,3.9,True,Signal & Telecommunication
SMMS000985,COR04772,SLR,SBY,NR,lc_gate_interlock_fault,A,2025-01-18,2025-01-14,4,False,2.8,True,Signal & Telecommunication
SMMS000986,COR04984,LKMN,RJQ,WR,signal_failure,A,2025-03-09,2025-02-09,28,True,2.7,True,Signal & Telecommunication
SMMS000987,COR01074,MRJ,VJR,CR,cable_fault,B,2024-10-16,2024-10-13,3,False,3.4,True,Signal & Telecommunication
SMMS000988,COR03107,GRMR,PQN,NR,interlocking_fault,A,2025-03-13,2025-03-09,4,True,2.8,True,Signal & Telecommunication
SMMS000989,COR01710,STA,SAGM,WCR,point_machine_fault,B,2025-04-12,2025-03-16,27,False,1.7,True,Signal & Telecommunication
SMMS000990,COR05746,ANP,NID,SR,signal_failure,A,2025-06-28,2025-06-28,0,True,2.7,True,Signal & Telecommunication
SMMS000991,COR02669,SSZ,MSZ,NR,interlocking_fault,A,2025-04-25,2025-04-20,5,True,1.9,True,Signal & Telecommunication
SMMS000992,COR00556,ATMO,PRI,NR,axle_counter_fault,A,2024-09-08,2024-09-08,0,True,3.6,True,Signal & Telecommunication
SMMS000993,COR04214,DIB,RG,NR,lc_gate_interlock_fault,A,2024-06-25,2024-01-04,173,False,3.3,True,Signal & Telecommunication
SMMS000994,COR04910,S,NHY,SWR,point_machine_fault,B,2025-08-25,2025-08-21,4,False,1.4,True,Signal & Telecommunication
SMMS000995,COR02798,VLP,ADH,WR,axle_counter_fault,A,2025-09-10,2025-09-10,0,True,2.2,True,Signal & Telecommunication
SMMS000996,COR06521,BFE,ABS,NR,block_instrument_fault,B,2025-04-29,2025-04-24,5,True,2.8,True,Signal & Telecommunication
SMMS000997,COR00619,PNDP,CKN,SCR,axle_counter_fault,A,2024-04-18,2024-03-30,19,True,0.8,True,Signal & Telecommunication
SMMS000998,COR01476,AJRE,DML,NFR,axle_counter_fault,A,2025-10-06,2025-09-22,14,True,0.6,True,Signal & Telecommunication
SMMS000999,COR01898,YGL,CLE,SCR,lc_gate_interlock_fault,A,2024-04-26,2024-04-19,7,False,1.8,True,Signal & Telecommunication
SMMS001000,COR00765,SMDP,BWSN,NR,signal_failure,A,2024-08-21,2024-08-16,5,True,2.6,True,Signal & Telecommunication
SMMS001001,COR00250,SRID,KKB,WCR,point_machine_fault,B,2025-12-04,2025-11-29,5,False,3.4,True,Signal & Telecommunication
SMMS001002,COR04573,TKP,LAP,ER,signal_failure,A,2024-09-26,2024-09-14,12,True,1.6,True,Signal & Telecommunication
SMMS001003,COR04802,LUSA,KHRY,NCR,point_machine_fault,B,2025-05-06,2025-05-01,5,False,3.2,False,Signal & Telecommunication
SMMS001004,COR05038,CIH,SOT,NER,point_machine_fault,B,2025-01-27,2024-09-20,129,False,3.3,True,Signal & Telecommunication
SMMS001005,COR05209,PML,SPL,SR,block_instrument_fault,B,2025-03-14,2025-03-14,0,True,0.7,True,Signal & Telecommunication
SMMS001006,COR05237,NGAN,SCE,NFR,cable_fault,B,2024-04-07,2024-04-05,2,False,0.8,True,Signal & Telecommunication
SMMS001007,COR02700,ASE,BGZ,NR,axle_counter_fault,A,2024-04-09,2024-03-11,29,True,2.8,True,Signal & Telecommunication
SMMS001008,COR00152,GGN,BWSN,NR,cable_fault,B,2025-08-01,2025-07-28,4,False,3.6,True,Signal & Telecommunication
SMMS001009,COR01409,KRR,MPLM,SR,signal_failure,A,2024-10-24,2024-10-23,1,True,2.0,True,Signal & Telecommunication
SMMS001010,COR03406,MHC,RPV,NER,interlocking_fault,A,2024-03-23,2024-03-18,5,True,0.7,False,Signal & Telecommunication
SMMS001011,COR00259,SCKR,JHT,WCR,block_instrument_fault,B,2024-05-21,2024-05-12,9,True,2.0,True,Signal & Telecommunication
SMMS001012,COR00477,DGN,KDK,CR,lc_gate_interlock_fault,A,2024-08-12,2024-08-07,5,False,1.6,True,Signal & Telecommunication
SMMS001013,COR02117,UBL,UNK,SWR,point_machine_fault,B,2025-10-27,2025-09-28,29,False,3.8,True,Signal & Telecommunication
SMMS001014,COR02279,BRMO,JAN,ECR,axle_counter_fault,A,2025-09-17,2025-09-14,3,True,1.4,True,Signal & Telecommunication
SMMS001015,COR02345,BDDR,KSD,WR,lc_gate_interlock_fault,A,2024-08-08,2024-08-04,4,False,3.6,True,Signal & Telecommunication
SMMS001016,COR02201,NNN,SGLM,SR,cable_fault,B,2024-04-16,2024-04-12,4,False,1.1,True,Signal & Telecommunication
SMMS001017,COR02835,ACL,VDH,WR,interlocking_fault,A,2025-09-14,2025-09-09,5,True,1.4,True,Signal & Telecommunication
SMMS001018,COR02079,AMSA,BSN,SWR,cable_fault,B,2025-05-29,2025-05-26,3,False,1.4,True,Signal & Telecommunication
SMMS001019,COR03911,TUN,HMQ,NR,cable_fault,B,2024-02-29,2024-02-28,1,False,2.2,True,Signal & Telecommunication
SMMS001020,COR00402,SMX,PXR,ER,block_instrument_fault,B,2024-12-03,2024-11-30,3,True,3.7,True,Signal & Telecommunication
SMMS001021,COR08522,SHC,KKNH,ECR,block_instrument_fault,B,2024-03-17,2024-03-17,0,True,4.0,True,Signal & Telecommunication
SMMS001022,COR01936,SCO,UPR,SCR,lc_gate_interlock_fault,A,2025-06-06,2025-04-28,39,False,0.8,False,Signal & Telecommunication
SMMS001023,COR02677,HMQ,TUN,NR,cable_fault,B,2024-08-12,2024-08-07,5,False,2.2,True,Signal & Telecommunication
SMMS001024,COR00375,GCT,AKS,NER,axle_counter_fault,A,2025-10-20,2025-10-15,5,True,1.4,True,Signal & Telecommunication
SMMS001025,COR00936,JKM,YDP,SCR,axle_counter_fault,A,2025-11-20,2025-10-21,30,True,1.0,True,Signal & Telecommunication
SMMS001026,COR00478,KDK,BMA,CR,block_instrument_fault,B,2025-07-30,2025-07-22,8,True,2.9,True,Signal & Telecommunication
SMMS001027,COR06735,SNA,BAJ,WR,signal_failure,A,2025-12-03,2025-12-01,2,True,2.9,True,Signal & Telecommunication
SMMS001028,COR01624,RRB,DRU,SWR,cable_fault,B,2024-03-13,2024-03-12,1,False,1.9,True,Signal & Telecommunication
SMMS001029,COR01305,APA,SEU,NWR,point_machine_fault,B,2024-01-01,2024-01-01,0,False,0.5,False,Signal & Telecommunication
SMMS001030,COR02612,DOGL,SKLR,SWR,point_machine_fault,B,2025-10-19,2025-05-21,151,False,2.0,True,Signal & Telecommunication
SMMS001031,COR00342,LMP,KITN,NER,interlocking_fault,A,2024-06-12,2024-06-01,11,True,1.1,True,Signal & Telecommunication
SMMS001032,COR06389,BYH,ATRR,NER,point_machine_fault,B,2025-12-02,2025-11-27,5,False,1.2,True,Signal & Telecommunication
SMMS001033,COR01139,LD,DEV,SWR,interlocking_fault,A,2024-03-14,2024-03-10,4,True,3.0,True,Signal & Telecommunication
SMMS001034,COR02207,SRBA,URGA,SECR,signal_failure,A,2024-03-14,2024-03-09,5,True,2.6,False,Signal & Telecommunication
SMMS001035,COR03938,PNGR,JCU,WCR,interlocking_fault,A,2024-09-09,2024-04-16,146,True,0.8,True,Signal & Telecommunication
SMMS001036,COR00613,GUU,GLA,SCR,lc_gate_interlock_fault,A,2025-04-10,2025-04-09,1,False,3.9,True,Signal & Telecommunication
SMMS001037,COR05858,BAWA,MKSR,NWR,interlocking_fault,A,2024-11-17,2024-11-13,4,True,0.9,False,Signal & Telecommunication
SMMS001038,COR03365,SDRA,JRL,NWR,cable_fault,B,2025-11-11,2025-11-11,0,False,0.6,True,Signal & Telecommunication
SMMS001039,COR04682,SVX,KMAH,KR,block_instrument_fault,B,2025-08-24,2025-08-23,1,True,2.1,True,Signal & Telecommunication
SMMS001040,COR04822,JJW,BDE,WR,block_instrument_fault,B,2024-04-16,2024-04-16,0,True,2.3,True,Signal & Telecommunication
SMMS001041,COR00287,KDK,DGN,CR,block_instrument_fault,B,2025-01-21,2025-01-01,20,True,3.5,True,Signal & Telecommunication
SMMS001042,COR00123,SALI,SK,NWR,cable_fault,B,2024-11-21,2024-11-04,17,False,2.4,True,Signal & Telecommunication
SMMS001043,COR03585,NWD,TIA,ECR,block_instrument_fault,B,2025-01-12,2025-01-11,1,True,1.3,True,Signal & Telecommunication
SMMS001044,COR02103,HRR,CLI,SWR,cable_fault,B,2024-09-12,2024-04-12,153,False,1.0,True,Signal & Telecommunication
SMMS001045,COR01080,RBG,CKR,SWR,point_machine_fault,B,2024-01-08,2024-01-05,3,False,1.1,True,Signal & Telecommunication
SMMS001046,COR00709,MIRA,DIC,WR,cable_fault,B,2024-08-02,2024-08-01,1,False,2.4,True,Signal & Telecommunication
SMMS001047,COR00419,KQD,LKPL,SCR,interlocking_fault,A,2025-03-22,2025-03-17,5,True,1.1,True,Signal & Telecommunication
SMMS001048,COR05598,MIH,MGWN,NR,point_machine_fault,B,2025-05-04,2025-04-23,11,False,1.3,True,Signal & Telecommunication
SMMS001049,COR02793,MM,BA,WR,signal_failure,A,2025-02-10,2025-01-30,11,True,2.4,True,Signal & Telecommunication
SMMS001050,COR01199,SLP,LNN,CR,point_machine_fault,B,2025-10-07,2025-10-02,5,False,3.0,True,Signal & Telecommunication
SMMS001051,COR08394,FKA,CKLA,NR,point_machine_fault,B,2025-09-11,2025-09-07,4,False,2.6,True,Signal & Telecommunication
SMMS001052,COR07621,RR,DRN,NER,signal_failure,A,2024-08-22,2024-08-17,5,True,1.2,True,Signal & Telecommunication
SMMS001053,COR01126,MPG,KCO,NER,signal_failure,A,2024-08-03,2024-08-01,2,True,1.5,True,Signal & Telecommunication
SMMS001054,COR04380,UCP,PPVL,SR,point_machine_fault,B,2024-01-15,2023-12-17,29,False,1.5,True,Signal & Telecommunication
SMMS001055,COR00987,NZR,MZA,NFR,lc_gate_interlock_fault,A,2024-10-25,2024-10-20,5,False,4.0,True,Signal & Telecommunication
SMMS001056,COR06202,GELA,BMC,SECR,signal_failure,A,2025-01-30,2025-01-02,28,True,3.2,True,Signal & Telecommunication
SMMS001057,COR00286,BMA,KDK,CR,signal_failure,A,2025-03-27,2025-03-26,1,True,2.6,True,Signal & Telecommunication
SMMS001058,COR04873,MBY,PTRL,NWR,point_machine_fault,B,2024-05-15,2024-05-06,9,False,3.1,True,Signal & Telecommunication
SMMS001059,COR04566,SD,MANW,NER,cable_fault,B,2025-05-27,2025-05-22,5,False,0.6,True,Signal & Telecommunication
SMMS001060,COR04260,DXK,BIQ,NCR,point_machine_fault,B,2024-05-14,2024-04-14,30,False,3.0,True,Signal & Telecommunication
SMMS001061,COR00288,MWA,NPNR,CR,point_machine_fault,B,2025-05-29,2025-05-25,4,False,0.5,True,Signal & Telecommunication
SMMS001062,COR01104,PSLP,PCU,SCR,block_instrument_fault,B,2024-01-19,2024-01-18,1,True,3.9,True,Signal & Telecommunication
SMMS001063,COR03677,BASA,LGN,CR,block_instrument_fault,B,2025-09-04,2025-09-01,3,True,2.0,False,Signal & Telecommunication
SMMS001064,COR01721,PNHI,DBR,NCR,point_machine_fault,B,2025-06-18,2025-06-16,2,False,2.9,True,Signal & Telecommunication
SMMS001065,COR07264,KMLR,BHNS,ECoR,signal_failure,A,2024-02-15,2024-02-15,0,True,2.4,True,Signal & Telecommunication
SMMS001066,COR01420,BJRI,BRND,SECR,axle_counter_fault,A,2025-12-07,2025-12-05,2,True,1.9,True,Signal & Telecommunication
SMMS001067,COR05596,TGL,MKR,SCR,cable_fault,B,2024-05-26,2024-05-26,0,False,2.0,True,Signal & Telecommunication
SMMS001068,COR06668,MQW,BEM,NER,axle_counter_fault,A,2024-05-05,2024-05-02,3,True,2.3,True,Signal & Telecommunication
SMMS001069,COR03349,UCP,VTV,SR,point_machine_fault,B,2025-12-31,2025-12-26,5,False,3.1,True,Signal & Telecommunication
SMMS001070,COR05383,KNBR,PTKD,NFR,block_instrument_fault,B,2025-07-08,2025-06-24,14,True,2.8,True,Signal & Telecommunication
SMMS001071,COR00996,TTB,CFG,NFR,signal_failure,A,2024-11-29,2024-11-24,5,True,2.4,True,Signal & Telecommunication
SMMS001072,COR03809,TVR,MARD,SR,interlocking_fault,A,2024-08-21,2024-08-21,0,True,0.6,True,Signal & Telecommunication
SMMS001073,COR03566,ANCR,BQA,SER,block_instrument_fault,B,2025-01-15,2025-01-05,10,True,2.7,True,Signal & Telecommunication
SMMS001074,COR00405,PDX,RHA,ER,axle_counter_fault,A,2024-01-08,2023-10-08,92,True,1.7,True,Signal & Telecommunication
SMMS001075,COR00261,BKH,PPI,WCR,point_machine_fault,B,2024-10-15,2024-10-14,1,False,0.5,False,Signal & Telecommunication
SMMS001076,COR01696,SHR,DDCE,WCR,signal_failure,A,2025-12-03,2025-11-30,3,True,3.7,True,Signal & Telecommunication
SMMS001077,COR02810,NSP,VR,WR,cable_fault,B,2024-04-03,2024-03-16,18,False,2.4,True,Signal & Telecommunication
SMMS001078,COR00522,JWS,NSD,NWR,cable_fault,B,2025-03-14,2025-03-13,1,False,4.0,True,Signal & Telecommunication
SMMS001079,COR01299,MKRA,MLI,NWR,signal_failure,A,2025-07-28,2025-07-28,0,True,2.2,True,Signal & Telecommunication
SMMS001080,COR00217,BQF,MKD,WCR,interlocking_fault,A,2024-07-26,2024-07-21,5,True,1.8,True,Signal & Telecommunication
SMMS001081,COR01546,SHIV,ABLE,CR,axle_counter_fault,A,2025-01-31,2025-01-04,27,True,3.6,False,Signal & Telecommunication
SMMS001082,COR05981,BTU,BAOL,NR,block_instrument_fault,B,2024-11-15,2024-11-14,1,True,0.7,True,Signal & Telecommunication
SMMS001083,COR00571,NRV,MTR,ECR,interlocking_fault,A,2025-10-01,2025-09-05,26,True,1.3,True,Signal & Telecommunication
SMMS001084,COR02670,MSZ,NPX,NR,interlocking_fault,A,2024-02-09,2024-02-06,3,True,3.3,True,Signal & Telecommunication
SMMS001085,COR04669,SNDD,KKW,KR,lc_gate_interlock_fault,A,2025-12-11,2025-12-07,4,False,1.8,True,Signal & Telecommunication
SMMS001086,COR02101,THN,DVG,SWR,block_instrument_fault,B,2025-12-07,2025-12-02,5,True,3.8,False,Signal & Telecommunication
SMMS001087,COR03115,BSWA,TQA,NR,signal_failure,A,2025-01-13,2025-01-11,2,True,1.0,True,Signal & Telecommunication
SMMS001088,COR07025,TLE,MHQ,SER,axle_counter_fault,A,2024-07-16,2024-06-14,32,True,2.2,True,Signal & Telecommunication
SMMS001089,COR01299,MKRA,MLI,NWR,signal_failure,A,2025-08-30,2025-07-25,36,True,2.3,True,Signal & Telecommunication
SMMS001090,COR00952,CUPJ,CUD,SR,axle_counter_fault,A,2025-01-18,2025-01-17,1,True,1.6,False,Signal & Telecommunication
SMMS001091,COR02989,FK,KN,SR,axle_counter_fault,A,2024-12-15,2024-12-11,4,True,4.0,False,Signal & Telecommunication
SMMS001092,COR00994,MXN,KQY,NFR,block_instrument_fault,B,2024-07-26,2024-06-27,29,True,1.0,True,Signal & Telecommunication
SMMS001093,COR02444,MHTR,SALE,ER,point_machine_fault,B,2024-07-13,2024-07-12,1,False,3.7,True,Signal & Telecommunication
SMMS001094,COR01600,YLG,SVNR,SWR,signal_failure,A,2024-04-20,2024-04-07,13,True,0.8,True,Signal & Telecommunication
SMMS001095,COR03741,AAM,PKQ,SR,point_machine_fault,B,2025-04-25,2024-12-08,138,False,3.0,True,Signal & Telecommunication
SMMS001096,COR02353,PMY,KAI,NWR,cable_fault,B,2025-01-14,2025-01-13,1,False,3.0,True,Signal & Telecommunication
SMMS001097,COR06048,MLN,ALNP,NER,signal_failure,A,2025-06-12,2025-06-12,0,True,2.6,False,Signal & Telecommunication
SMMS001098,COR02690,JNA,KZH,NR,cable_fault,B,2025-08-21,2025-08-18,3,False,2.5,True,Signal & Telecommunication
SMMS001099,COR00695,UOI,PLG,WR,cable_fault,B,2025-06-12,2025-05-31,12,False,3.3,True,Signal & Telecommunication
SMMS001100,COR03042,KMD,PGR,SR,cable_fault,B,2024-01-22,2023-09-05,139,False,1.1,True,Signal & Telecommunication
SMMS001101,COR04693,MNI,INP,KR,point_machine_fault,B,2025-11-03,2025-10-31,3,False,3.7,True,Signal & Telecommunication
SMMS001102,COR03077,ETR,CMC,SR,point_machine_fault,B,2024-11-21,2024-11-20,1,False,3.7,True,Signal & Telecommunication
SMMS001103,COR08252,BMZ,ABE,NCR,point_machine_fault,B,2024-09-11,2024-09-07,4,False,3.6,True,Signal & Telecommunication
SMMS001104,COR03902,BSPH,JIND,NR,signal_failure,A,2025-04-07,2024-10-24,165,True,2.2,False,Signal & Telecommunication
SMMS001105,COR02833,BIM,AML,WR,point_machine_fault,B,2025-05-21,2025-05-17,4,False,2.5,True,Signal & Telecommunication
SMMS001106,COR01156,MSD,CSTM,CR,axle_counter_fault,A,2025-11-02,2025-11-01,1,True,1.7,True,Signal & Telecommunication
SMMS001107,COR03938,PNGR,JCU,WCR,cable_fault,B,2024-10-06,2024-10-02,4,False,0.6,True,Signal & Telecommunication
SMMS001108,COR04407,JWLS,BRMR,NR,interlocking_fault,A,2024-05-28,2024-05-22,6,True,2.5,True,Signal & Telecommunication
SMMS001109,COR05740,CDM,VMP,SR,axle_counter_fault,A,2025-10-17,2025-10-16,1,True,1.4,True,Signal & Telecommunication
SMMS001110,COR00142,RE,KWMD,NWR,axle_counter_fault,A,2025-07-17,2025-07-13,4,True,3.2,True,Signal & Telecommunication
SMMS001111,COR04701,RSYI,SMNE,CR,interlocking_fault,A,2024-12-09,2024-12-09,0,True,3.6,True,Signal & Telecommunication
SMMS001112,COR04239,DRB,RPZ,NWR,point_machine_fault,B,2024-04-19,2024-04-14,5,False,1.5,True,Signal & Telecommunication
SMMS001113,COR04856,GOA,SCN,NCR,point_machine_fault,B,2024-10-10,2024-10-08,2,False,1.6,True,Signal & Telecommunication
SMMS001114,COR02800,JOS,GMN,WR,block_instrument_fault,B,2025-03-02,2025-03-01,1,True,1.2,True,Signal & Telecommunication
SMMS001115,COR03575,CDGR,SLB,SER,signal_failure,A,2025-04-30,2025-04-30,0,True,1.8,True,Signal & Telecommunication
SMMS001116,COR02834,AML,ACL,WR,point_machine_fault,B,2024-10-25,2024-10-20,5,False,1.6,True,Signal & Telecommunication
SMMS001117,COR01686,SRID,BMR,WCR,cable_fault,B,2025-06-21,2025-05-06,46,False,2.9,True,Signal & Telecommunication
SMMS001118,COR03872,MPJ,KYI,ER,point_machine_fault,B,2025-01-28,2025-01-28,0,False,0.9,True,Signal & Telecommunication
SMMS001119,COR00054,KYSD,UMN,WR,interlocking_fault,A,2024-12-13,2024-12-08,5,True,3.6,False,Signal & Telecommunication
SMMS001120,COR01849,DZA,UCB,NR,point_machine_fault,B,2024-12-26,2024-12-24,2,False,1.1,True,Signal & Telecommunication
SMMS001121,COR02827,UVD,PAD,WR,lc_gate_interlock_fault,A,2025-11-18,2025-11-14,4,False,1.6,True,Signal & Telecommunication
SMMS001122,COR00070,IQG,SZA,NWR,cable_fault,B,2025-06-30,2025-06-28,2,False,2.8,True,Signal & Telecommunication
SMMS001123,COR01727,LOG,MFX,NCR,cable_fault,B,2024-10-18,2024-10-15,3,False,1.6,True,Signal & Telecommunication
SMMS001124,COR01911,UDGR,KTKR,SCR,point_machine_fault,B,2024-08-06,2024-08-01,5,False,3.3,True,Signal & Telecommunication
SMMS001125,COR03562,ADRA,MYX,SER,cable_fault,B,2025-11-05,2025-10-12,24,False,2.2,False,Signal & Telecommunication
SMMS001126,COR00781,AIA,KNAR,NWR,cable_fault,B,2025-09-22,2025-09-20,2,False,2.9,True,Signal & Telecommunication
SMMS001127,COR02088,RRB,NVF,SWR,axle_counter_fault,A,2024-08-08,2024-08-06,2,True,1.2,False,Signal & Telecommunication
SMMS001128,COR02799,ADH,JOS,WR,cable_fault,B,2024-12-11,2024-12-09,2,False,3.3,True,Signal & Telecommunication
SMMS001129,COR07297,RUJ,CSMA,WR,lc_gate_interlock_fault,A,2024-08-20,2024-08-18,2,False,3.1,False,Signal & Telecommunication
SMMS001130,COR02109,KJG,KVS,SWR,signal_failure,A,2024-10-22,2024-10-17,5,True,2.7,True,Signal & Telecommunication
SMMS001131,COR00742,KER,CKYD,NER,point_machine_fault,B,2024-09-20,2024-09-19,1,False,0.6,True,Signal & Telecommunication
SMMS001132,COR05564,MLX,BQH,NR,lc_gate_interlock_fault,A,2025-06-17,2025-06-15,2,False,3.5,False,Signal & Telecommunication
SMMS001133,COR00538,KZE,NLE,SR,interlocking_fault,A,2024-02-17,2024-02-17,0,True,2.1,False,Signal & Telecommunication
SMMS001134,COR02397,SDD,KNKT,WR,cable_fault,B,2025-04-30,2025-04-09,21,False,2.3,True,Signal & Telecommunication
SMMS001135,COR01853,CKKN,MRTL,NR,block_instrument_fault,B,2024-05-17,2024-05-15,2,True,0.6,True,Signal & Telecommunication
SMMS001136,COR00278,PAL,MUO,WCR,point_machine_fault,B,2025-04-26,2025-04-15,11,False,1.1,True,Signal & Telecommunication
SMMS001137,COR01321,JAL,BGPR,NWR,signal_failure,A,2024-10-16,2024-10-16,0,True,2.5,True,Signal & Telecommunication
SMMS001138,COR01899,CLE,WL,SCR,axle_counter_fault,A,2025-05-30,2025-05-30,0,True,2.9,True,Signal & Telecommunication
SMMS001139,COR00260,JHT,BKH,WCR,point_machine_fault,B,2024-04-15,2024-03-17,29,False,3.2,True,Signal & Telecommunication
SMMS001140,COR02830,BL,DGI,WR,point_machine_fault,B,2024-05-23,2024-04-30,23,False,2.1,True,Signal & Telecommunication
SMMS001141,COR01075,VJR,SED,SWR,lc_gate_interlock_fault,A,2025-01-15,2025-01-14,1,False,2.1,True,Signal & Telecommunication
SMMS001142,COR04541,CHNR,BDHY,NR,lc_gate_interlock_fault,A,2024-07-20,2024-07-16,4,False,1.6,True,Signal & Telecommunication
SMMS001143,COR06906,KGLE,DHPD,ER,lc_gate_interlock_fault,A,2024-04-23,2024-04-20,3,False,1.6,True,Signal & Telecommunication
SMMS001144,COR04488,AMA,DRN,NER,interlocking_fault,A,2025-04-11,2025-04-06,5,True,2.6,True,Signal & Telecommunication
SMMS001145,COR05226,RYT,NNE,NCR,cable_fault,B,2025-03-28,2025-03-28,0,False,0.8,True,Signal & Telecommunication
SMMS001146,COR01868,VJPJ,BBMN,NR,point_machine_fault,B,2024-04-20,2024-04-15,5,False,1.7,True,Signal & Telecommunication
SMMS001147,COR04541,CHNR,BDHY,NR,interlocking_fault,A,2025-08-26,2025-08-25,1,True,2.9,True,Signal & Telecommunication
SMMS001148,COR03329,MET,KUP,NR,block_instrument_fault,B,2024-09-13,2024-09-13,0,True,3.4,True,Signal & Telecommunication
SMMS001149,COR06797,AVT,VTE,SWR,point_machine_fault,B,2025-02-08,2025-02-07,1,False,1.4,True,Signal & Telecommunication
SMMS001150,COR01676,JHT,SCKR,WCR,cable_fault,B,2025-02-12,2025-02-05,7,False,1.3,True,Signal & Telecommunication
SMMS001151,COR02057,PBN,PIZ,SCR,axle_counter_fault,A,2025-05-28,2025-05-26,2,True,1.5,True,Signal & Telecommunication
SMMS001152,COR01154,BY,SNRD,CR,signal_failure,A,2025-09-03,2025-08-29,5,True,2.5,True,Signal & Telecommunication
SMMS001153,COR02396,AXA,SDD,WR,axle_counter_fault,A,2024-03-11,2024-03-11,0,True,2.9,True,Signal & Telecommunication
SMMS001154,COR01849,DZA,UCB,NR,cable_fault,B,2025-08-09,2025-08-06,3,False,1.2,True,Signal & Telecommunication
SMMS001155,COR04085,PDNR,TVL,SWR,point_machine_fault,B,2025-02-01,2025-01-31,1,False,2.7,True,Signal & Telecommunication
SMMS001156,COR04368,HBP,VPN,ECR,lc_gate_interlock_fault,A,2025-09-03,2025-08-30,4,False,0.6,True,Signal & Telecommunication
SMMS001157,COR02162,TEN,TAY,SR,cable_fault,B,2025-10-06,2025-10-02,4,False,1.1,True,Signal & Telecommunication
SMMS001158,COR03273,KLB,MIQ,NCR,cable_fault,B,2025-12-17,2025-12-16,1,False,1.4,True,Signal & Telecommunication
SMMS001159,COR00050,PN,JUL,WR,block_instrument_fault,B,2024-10-14,2024-10-13,1,True,0.5,True,Signal & Telecommunication
SMMS001160,COR00264,SGP,GMD,WCR,axle_counter_fault,A,2025-12-24,2025-12-19,5,True,1.8,True,Signal & Telecommunication
SMMS001161,COR02154,MNDY,GWYR,SR,block_instrument_fault,B,2025-12-08,2025-11-19,19,True,3.6,True,Signal & Telecommunication
SMMS001162,COR04906,MYA,Y,SWR,signal_failure,A,2024-12-02,2024-11-27,5,True,0.6,True,Signal & Telecommunication
SMMS001163,COR01703,JKE,PKRD,WCR,cable_fault,B,2024-10-21,2024-09-24,27,False,2.3,True,Signal & Telecommunication
SMMS001164,COR04884,BHBK,KNVT,SCR,signal_failure,A,2025-08-14,2025-07-28,17,True,1.7,True,Signal & Telecommunication
SMMS001165,COR00638,DRSN,MZH,SECR,signal_failure,A,2024-06-01,2024-05-28,4,True,1.3,True,Signal & Telecommunication
SMMS001166,COR00723,MRU,DDR,WR,point_machine_fault,B,2024-06-28,2024-03-14,106,False,3.5,True,Signal & Telecommunication
SMMS001167,COR03514,KKDI,KTYR,SR,cable_fault,B,2024-09-08,2024-09-08,0,False,3.7,True,Signal & Telecommunication
SMMS001168,COR05960,KZB,ANY,SR,cable_fault,B,2025-07-19,2025-07-15,4,False,3.5,True,Signal & Telecommunication
SMMS001169,COR04424,DWX,AJKI,WR,lc_gate_interlock_fault,A,2024-11-20,2024-11-17,3,False,2.2,True,Signal & Telecommunication
SMMS001170,COR05493,VVKP,DKZ,NR,interlocking_fault,A,2024-06-29,2024-06-29,0,True,3.8,True,Signal & Telecommunication
SMMS001171,COR00483,KKN,KRO,WCR,lc_gate_interlock_fault,A,2025-11-26,2025-11-22,4,False,2.4,False,Signal & Telecommunication
SMMS001172,COR01483,JGJN,HJI,NFR,signal_failure,A,2024-10-02,2024-09-22,10,True,2.2,True,Signal & Telecommunication
SMMS001173,COR00611,TAA,MABD,SCR,block_instrument_fault,B,2024-07-14,2024-07-13,1,True,2.1,True,Signal & Telecommunication
SMMS001174,COR00064,CHP,UM,WR,point_machine_fault,B,2025-12-04,2025-11-30,4,False,1.9,False,Signal & Telecommunication
SMMS001175,COR00521,BDW,JWS,NWR,lc_gate_interlock_fault,A,2024-11-30,2024-11-28,2,False,1.8,True,Signal & Telecommunication
SMMS001176,COR02826,VAPI,UVD,WR,interlocking_fault,A,2024-02-08,2024-01-07,32,True,2.9,True,Signal & Telecommunication
SMMS001177,COR00477,DGN,KDK,CR,signal_failure,A,2025-11-28,2025-11-14,14,True,3.3,True,Signal & Telecommunication
SMMS001178,COR00719,KHAR,BDTS,WR,cable_fault,B,2025-06-08,2025-06-02,6,False,1.8,True,Signal & Telecommunication
SMMS001179,COR02160,TRMN,PRGD,SR,axle_counter_fault,A,2024-09-17,2024-09-14,3,True,0.5,True,Signal & Telecommunication
SMMS001180,COR01703,JKE,PKRD,WCR,block_instrument_fault,B,2024-05-06,2024-05-06,0,True,2.3,True,Signal & Telecommunication
SMMS001181,COR01181,MDVR,NDE,CR,interlocking_fault,A,2025-08-13,2025-08-02,11,True,1.8,True,Signal & Telecommunication
SMMS001182,COR00468,DSK,SAV,CR,interlocking_fault,A,2024-05-03,2024-04-22,11,True,1.3,True,Signal & Telecommunication
SMMS001183,COR03573,BGO,GBA,SER,block_instrument_fault,B,2024-05-03,2024-04-29,4,True,1.5,True,Signal & Telecommunication
SMMS001184,COR00779,BWL,MJNL,NWR,signal_failure,A,2024-10-02,2024-09-27,5,True,3.2,True,Signal & Telecommunication
SMMS001185,COR00269,KTZ,DKI,WCR,lc_gate_interlock_fault,A,2025-09-06,2025-09-06,0,False,3.4,True,Signal & Telecommunication
SMMS001186,COR00739,LRD,TTI,NER,signal_failure,A,2025-09-17,2025-09-15,2,True,2.2,True,Signal & Telecommunication
SMMS001187,COR08620,KIY,NRW,NR,cable_fault,B,2025-07-07,2025-06-10,27,False,0.8,True,Signal & Telecommunication
SMMS001188,COR03251,NMD,NNW,WCR,interlocking_fault,A,2025-12-29,2025-12-29,0,True,2.8,True,Signal & Telecommunication
SMMS001189,COR03625,MRB,HPT,SWR,signal_failure,A,2025-09-12,2025-08-23,20,True,3.3,True,Signal & Telecommunication
SMMS001190,COR02160,TRMN,PRGD,SR,interlocking_fault,A,2025-11-02,2025-10-29,4,True,3.1,True,Signal & Telecommunication
SMMS001191,COR00305,MAJN,MAQ,SR,point_machine_fault,B,2024-04-26,2024-04-14,12,False,3.3,True,Signal & Telecommunication
SMMS001192,COR08578,CNPI,BSKH,ER,signal_failure,A,2024-11-04,2024-11-04,0,True,2.9,False,Signal & Telecommunication
SMMS001193,COR02768,PQY,DRLA,NR,signal_failure,A,2025-11-11,2025-11-09,2,True,1.7,False,Signal & Telecommunication
SMMS001194,COR03172,PUX,IKR,CR,signal_failure,A,2024-07-11,2024-07-07,4,True,2.7,True,Signal & Telecommunication
SMMS001195,COR00676,ACL,AML,WR,cable_fault,B,2025-11-15,2025-11-10,5,False,2.5,True,Signal & Telecommunication
SMMS001196,COR02032,RTR,JI,NER,point_machine_fault,B,2024-05-09,2024-05-04,5,False,0.7,False,Signal & Telecommunication
SMMS001197,COR01362,PN,EN,WR,point_machine_fault,B,2025-09-25,2025-09-22,3,False,3.0,True,Signal & Telecommunication
SMMS001198,COR01876,KI,CVV,SCR,block_instrument_fault,B,2025-04-20,2025-04-19,1,True,3.4,False,Signal & Telecommunication
SMMS001199,COR02975,MUKE,NAU,SR,lc_gate_interlock_fault,A,2024-08-21,2024-08-12,9,False,0.6,False,Signal & Telecommunication
SMMS001200,COR01976,VAL,CKE,WR,axle_counter_fault,A,2024-06-18,2024-06-13,5,True,1.6,True,Signal & Telecommunication
SMMS001201,COR02026,JGG,GYN,NER,signal_failure,A,2025-02-09,2025-02-09,0,True,2.4,True,Signal & Telecommunication
SMMS001202,COR02334,GDL,GTT,WR,block_instrument_fault,B,2025-08-11,2025-08-02,9,True,1.1,False,Signal & Telecommunication
SMMS001203,COR00224,SAGM,STA,WCR,cable_fault,B,2024-05-24,2024-04-26,28,False,2.4,True,Signal & Telecommunication
SMMS001204,COR00165,MUUA,BBW,NER,signal_failure,A,2025-03-14,2025-03-14,0,True,3.5,True,Signal & Telecommunication
SMMS001205,COR02396,AXA,SDD,WR,axle_counter_fault,A,2024-11-22,2024-11-22,0,True,3.3,True,Signal & Telecommunication
SMMS001206,COR00472,WGA,BAU,CR,axle_counter_fault,A,2024-04-27,2024-04-23,4,True,2.7,True,Signal & Telecommunication
SMMS001207,COR00050,PN,JUL,WR,axle_counter_fault,A,2025-07-10,2025-07-06,4,True,1.2,True,Signal & Telecommunication
SMMS001208,COR00232,JKE,PTWA,WCR,block_instrument_fault,B,2025-11-10,2025-07-15,118,True,3.1,True,Signal & Telecommunication
SMMS001209,COR04327,AZP,PVL,SR,cable_fault,B,2025-08-18,2025-08-08,10,False,0.9,True,Signal & Telecommunication
SMMS001210,COR02369,PDE,NIR,SECR,axle_counter_fault,A,2025-01-02,2024-12-31,2,True,1.3,True,Signal & Telecommunication
SMMS001211,COR04675,ADVI,NIV,KR,signal_failure,A,2025-09-07,2025-09-04,3,True,2.1,True,Signal & Telecommunication
SMMS001212,COR00684,UVD,VAPI,WR,signal_failure,A,2024-02-21,2023-12-07,76,True,2.3,True,Signal & Telecommunication
SMMS001213,COR00159,DBSI,DEE,NR,point_machine_fault,B,2025-06-20,2025-06-16,4,False,0.5,True,Signal & Telecommunication
SMMS001214,COR00965,LHL,DKM,NFR,axle_counter_fault,A,2024-12-31,2024-12-12,19,True,3.1,True,Signal & Telecommunication
SMMS001215,COR00259,SCKR,JHT,WCR,lc_gate_interlock_fault,A,2024-09-06,2024-08-09,28,False,3.2,True,Signal & Telecommunication
SMMS001216,COR06394,ALMW,AHM,NER,interlocking_fault,A,2025-12-25,2025-11-25,30,True,4.0,True,Signal & Telecommunication
SMMS001217,COR01309,GRI,CNL,NWR,block_instrument_fault,B,2024-05-23,2023-11-30,175,True,3.1,True,Signal & Telecommunication
SMMS001218,COR01684,BELD,KKB,WCR,axle_counter_fault,A,2024-03-29,2024-03-25,4,True,1.1,True,Signal & Telecommunication
SMMS001219,COR00246,KEQ,BRGT,WCR,signal_failure,A,2025-08-07,2025-08-02,5,True,3.5,False,Signal & Telecommunication
SMMS001220,COR02823,SJN,BLD,WR,block_instrument_fault,B,2025-06-09,2025-05-29,11,True,1.3,True,Signal & Telecommunication
SMMS001221,COR02811,VR,VTN,WR,cable_fault,B,2024-06-08,2024-05-24,15,False,2.0,False,Signal & Telecommunication
SMMS001222,COR05634,MD,AII,NWR,cable_fault,B,2024-08-12,2024-07-14,29,False,0.5,True,Signal & Telecommunication
SMMS001223,COR05021,AYM,KOQ,SR,lc_gate_interlock_fault,A,2024-11-07,2024-11-03,4,False,3.9,True,Signal & Telecommunication
SMMS001224,COR03484,UCR,RCP,NR,cable_fault,B,2024-07-20,2024-07-17,3,False,2.4,True,Signal & Telecommunication
SMMS001225,COR02310,MUT,MTC,NR,block_instrument_fault,B,2024-12-10,2024-12-05,5,True,3.0,True,Signal & Telecommunication
SMMS001226,COR00576,CAA,PPA,ECR,signal_failure,A,2025-08-28,2025-08-24,4,True,3.0,True,Signal & Telecommunication
SMMS001227,COR00565,HRW,DDN,NR,block_instrument_fault,B,2025-01-20,2024-08-31,142,True,1.8,True,Signal & Telecommunication
SMMS001228,COR01678,GAR,BNE,WCR,interlocking_fault,A,2024-01-01,2023-12-31,1,True,0.7,True,Signal & Telecommunication
SMMS001229,COR04684,CHI,ANO,KR,lc_gate_interlock_fault,A,2024-02-11,2024-02-07,4,False,0.8,True,Signal & Telecommunication
SMMS001230,COR01234,MGO,CNHL,CR,point_machine_fault,B,2024-12-03,2024-11-16,17,False,3.0,True,Signal & Telecommunication
SMMS001231,COR04949,RAJP,VBW,KR,axle_counter_fault,A,2025-03-29,2025-03-24,5,True,4.0,True,Signal & Telecommunication
SMMS001232,COR06668,MQW,BEM,NER,signal_failure,A,2025-11-26,2025-11-21,5,True,3.4,True,Signal & Telecommunication
SMMS001233,COR00523,NSD,ROS,NWR,cable_fault,B,2025-12-17,2025-12-03,14,False,0.9,True,Signal & Telecommunication
SMMS001234,COR04607,MDT,MJE,NFR,block_instrument_fault,B,2025-03-02,2025-02-13,17,True,2.9,True,Signal & Telecommunication
SMMS001235,COR05662,KHTX,BLT,NWR,point_machine_fault,B,2024-09-06,2024-09-05,1,False,1.8,True,Signal & Telecommunication
SMMS001236,COR01722,DBR,KTDD,NCR,point_machine_fault,B,2025-08-07,2025-08-04,3,False,3.4,True,Signal & Telecommunication
SMMS001237,COR01718,BQF,BNSP,WCR,interlocking_fault,A,2024-10-14,2024-10-03,11,True,3.6,True,Signal & Telecommunication
SMMS001238,COR06142,JVN,SRGT,WR,interlocking_fault,A,2025-09-07,2025-09-04,3,True,3.7,True,Signal & Telecommunication
SMMS001239,COR01363,EN,CTRL,WR,point_machine_fault,B,2024-07-30,2024-07-26,4,False,4.0,True,Signal & Telecommunication
SMMS001240,COR01161,NILE,SPLE,ER,point_machine_fault,B,2024-08-08,2024-08-05,3,False,1.3,True,Signal & Telecommunication
SMMS001241,COR04073,KDGI,MVD,SWR,signal_failure,A,2025-07-04,2025-07-01,3,True,3.8,True,Signal & Telecommunication
SMMS001242,COR04297,JKN,DLR,NER,signal_failure,A,2024-12-08,2024-12-03,5,True,0.6,True,Signal & Telecommunication
SMMS001243,COR02681,DHY,NRW,NR,cable_fault,B,2025-11-19,2025-07-02,140,False,3.1,True,Signal & Telecommunication
SMMS001244,COR01657,IKK,PRI,NR,axle_counter_fault,A,2025-10-04,2025-09-11,23,True,3.7,True,Signal & Telecommunication
SMMS001245,COR03550,CLW,YEAM,NER,signal_failure,A,2024-11-04,2024-10-17,18,True,2.4,True,Signal & Telecommunication
SMMS001246,COR01693,ADTL,DOE,WCR,block_instrument_fault,B,2025-04-07,2025-04-05,2,True,3.7,True,Signal & Telecommunication
SMMS001247,COR04545,SJNP,BHRL,NR,signal_failure,A,2025-11-08,2025-10-27,12,True,1.1,True,Signal & Telecommunication
SMMS001248,COR02571,LDE,PSK,SECR,point_machine_fault,B,2024-04-10,2024-04-07,3,False,3.7,False,Signal & Telecommunication
SMMS001249,COR00490,TBN,CGO,WCR,point_machine_fault,B,2024-12-10,2024-12-05,5,False,3.9,True,Signal & Telecommunication
SMMS001250,COR00773,PTRD,IHP,NR,cable_fault,B,2024-02-15,2024-02-10,5,False,3.8,False,Signal & Telecommunication
SMMS001251,COR02241,MGF,AKK,SWR,point_machine_fault,B,2024-07-18,2024-07-13,5,False,1.9,True,Signal & Telecommunication
SMMS001252,COR01826,JRL,SDRA,NWR,block_instrument_fault,B,2025-02-25,2025-02-22,3,True,1.7,True,Signal & Telecommunication
SMMS001253,COR07940,TGRL,TMKA,ECoR,point_machine_fault,B,2024-01-29,2024-01-27,2,False,3.6,True,Signal & Telecommunication
SMMS001254,COR00371,DDD,YFP,NER,cable_fault,B,2024-07-19,2024-07-09,10,False,1.4,False,Signal & Telecommunication
SMMS001255,COR03820,CJA,NJN,NFR,lc_gate_interlock_fault,A,2024-06-27,2024-06-24,3,False,1.4,True,Signal & Telecommunication
SMMS001256,COR07689,NBUE,BBLK,NCR,point_machine_fault,B,2024-07-07,2024-07-02,5,False,2.0,True,Signal & Telecommunication
SMMS001257,COR02426,HDD,HGI,SCR,signal_failure,A,2025-10-22,2025-10-20,2,True,2.2,True,Signal & Telecommunication
SMMS001258,COR06866,RG,DIB,NR,interlocking_fault,A,2025-05-17,2025-05-17,0,True,4.0,True,Signal & Telecommunication
SMMS001259,COR00827,MAKH,BJNR,NWR,signal_failure,A,2025-05-09,2025-05-06,3,True,0.5,True,Signal & Telecommunication
SMMS001260,COR00892,CVB,AMQ,SCR,block_instrument_fault,B,2024-12-02,2024-11-28,4,True,0.8,True,Signal & Telecommunication
SMMS001261,COR02624,NBPH,SGV,ER,point_machine_fault,B,2025-12-07,2025-12-04,3,False,1.1,False,Signal & Telecommunication
SMMS001262,COR02680,DTN,DHY,NR,cable_fault,B,2024-03-29,2024-03-25,4,False,0.7,True,Signal & Telecommunication
SMMS001263,COR00052,GUS,DNW,WR,point_machine_fault,B,2025-01-02,2024-12-13,20,False,2.3,True,Signal & Telecommunication
SMMS001264,COR03687,AJKI,DWX,WR,cable_fault,B,2024-10-30,2024-09-15,45,False,3.2,True,Signal & Telecommunication
SMMS001265,COR01715,CTHR,MJG,WCR,point_machine_fault,B,2024-04-10,2024-04-05,5,False,1.2,True,Signal & Telecommunication
SMMS001266,COR00688,SJN,UBR,WR,axle_counter_fault,A,2025-03-05,2025-03-01,4,True,0.8,True,Signal & Telecommunication
SMMS001267,COR04422,TVG,NAG,SWR,block_instrument_fault,B,2024-01-21,2024-01-17,4,True,2.3,False,Signal & Telecommunication
SMMS001268,COR01359,DNW,GUS,WR,cable_fault,B,2025-08-19,2025-07-23,27,False,2.3,True,Signal & Telecommunication
SMMS001269,COR01649,MDLL,DBL,SWR,cable_fault,B,2024-02-24,2024-02-19,5,False,1.1,True,Signal & Telecommunication
SMMS001270,COR00863,BLSA,KEK,SCR,point_machine_fault,B,2025-09-06,2025-08-14,23,False,2.6,True,Signal & Telecommunication
SMMS001271,COR02802,MDD,KILE,WR,interlocking_fault,A,2025-12-03,2025-12-01,2,True,1.4,True,Signal & Telecommunication
SMMS001272,COR02601,MULK,SL,KR,cable_fault,B,2024-12-16,2024-12-10,6,False,3.5,True,Signal & Telecommunication
SMMS001273,COR04649,MRDW,MANK,KR,cable_fault,B,2024-05-15,2024-01-23,113,False,1.9,True,Signal & Telecommunication
SMMS001274,COR03749,PRU,JNE,NWR,lc_gate_interlock_fault,A,2024-06-23,2024-06-19,4,False,3.4,True,Signal & Telecommunication
SMMS001275,COR03088,JGE,TLY,SR,point_machine_fault,B,2025-01-02,2025-01-02,0,False,0.9,True,Signal & Telecommunication
SMMS001276,COR00268,DRA,KTZ,WCR,interlocking_fault,A,2025-03-21,2025-03-17,4,True,1.3,True,Signal & Telecommunication
SMMS001277,COR02070,DBS,HHL,SWR,interlocking_fault,A,2024-12-26,2024-12-03,23,True,1.9,True,Signal & Telecommunication
SMMS001278,COR01727,LOG,MFX,NCR,cable_fault,B,2025-10-09,2025-10-09,0,False,3.6,True,Signal & Telecommunication
SMMS001279,COR01479,CPK,LPN,NFR,signal_failure,A,2024-07-28,2024-07-14,14,True,0.9,True,Signal & Telecommunication
SMMS001280,COR00542,TKQ,PAY,SR,interlocking_fault,A,2024-07-07,2024-06-19,18,True,0.9,True,Signal & Telecommunication
SMMS001281,COR04661,VEN,KRMI,KR,interlocking_fault,A,2024-06-26,2024-05-04,53,True,0.6,False,Signal & Telecommunication
SMMS001282,COR02165,NRK,MEJ,SR,cable_fault,B,2025-10-17,2025-10-04,13,False,2.4,True,Signal & Telecommunication
SMMS001283,COR02303,MOZ,JDW,NR,point_machine_fault,B,2025-11-13,2025-11-12,1,False,2.8,True,Signal & Telecommunication
SMMS001284,COR00491,CGO,PGL,WCR,interlocking_fault,A,2024-12-01,2024-11-26,5,True,3.6,True,Signal & Telecommunication
SMMS001285,COR00424,DYE,SFX,SCR,lc_gate_interlock_fault,A,2025-08-21,2025-08-16,5,False,3.0,True,Signal & Telecommunication
SMMS001286,COR00057,SXS,MSH,WR,block_instrument_fault,B,2025-07-16,2025-07-16,0,True,2.5,True,Signal & Telecommunication
SMMS001287,COR01019,PKB,LKG,NFR,cable_fault,B,2024-08-19,2024-08-15,4,False,1.5,False,Signal & Telecommunication
SMMS001288,COR06211,SGRR,MNWL,NR,block_instrument_fault,B,2024-04-25,2024-04-20,5,True,3.8,True,Signal & Telecommunication
SMMS001289,COR03224,STDR,VSW,WR,lc_gate_interlock_fault,A,2024-01-20,2024-01-17,3,False,1.9,False,Signal & Telecommunication
SMMS001290,COR00065,UM,PNU,WR,cable_fault,B,2025-12-02,2025-12-01,1,False,1.1,True,Signal & Telecommunication
SMMS001291,COR00675,VDH,ACL,WR,interlocking_fault,A,2025-03-13,2025-03-12,1,True,2.3,True,Signal & Telecommunication
SMMS001292,COR08466,GLE,BDCR,SCR,signal_failure,A,2024-02-13,2024-02-09,4,True,1.2,True,Signal & Telecommunication
SMMS001293,COR03949,JIT,BGAE,ER,axle_counter_fault,A,2024-05-29,2024-05-26,3,True,2.3,True,Signal & Telecommunication
SMMS001294,COR04002,PNPR,PUPR,SR,cable_fault,B,2025-07-21,2025-07-19,2,False,1.7,False,Signal & Telecommunication
SMMS001295,COR00293,WGA,RV,CR,signal_failure,A,2025-07-25,2025-07-20,5,True,3.1,True,Signal & Telecommunication
SMMS001296,COR00247,BRGT,BHTN,WCR,signal_failure,A,2025-10-10,2025-10-09,1,True,1.8,True,Signal & Telecommunication
SMMS001297,COR02445,SALE,JHBN,ER,interlocking_fault,A,2025-01-30,2024-10-24,98,True,1.8,False,Signal & Telecommunication
SMMS001298,COR02155,GWYR,KTPM,SR,block_instrument_fault,B,2025-09-22,2025-09-21,1,True,1.2,False,Signal & Telecommunication
SMMS001299,COR04077,BJP,AYB,SWR,interlocking_fault,A,2025-04-08,2025-04-04,4,True,3.3,True,Signal & Telecommunication
SMMS001300,COR01887,KMT,MLMG,SCR,block_instrument_fault,B,2024-12-15,2024-12-10,5,True,0.6,True,Signal & Telecommunication
SMMS001301,COR00608,NKD,INK,SCR,cable_fault,B,2024-12-11,2024-12-09,2,False,3.2,True,Signal & Telecommunication
SMMS001302,COR02761,LWS,KLRS,WCR,point_machine_fault,B,2025-10-05,2025-10-02,3,False,1.4,True,Signal & Telecommunication
SMMS001303,COR02820,GVD,BRRD,WR,interlocking_fault,A,2024-10-15,2024-10-13,2,True,2.9,True,Signal & Telecommunication
SMMS001304,COR04550,UCB,DZA,NR,cable_fault,B,2025-08-27,2025-08-23,4,False,2.3,True,Signal & Telecommunication
SMMS001305,COR00428,CVB,ALW,SCR,cable_fault,B,2025-07-02,2025-07-02,0,False,0.6,True,Signal & Telecommunication
SMMS001306,COR01676,JHT,SCKR,WCR,cable_fault,B,2024-08-22,2024-08-18,4,False,2.8,True,Signal & Telecommunication
SMMS001307,COR02703,MQC,NNO,NR,point_machine_fault,B,2024-01-10,2024-01-07,3,False,3.8,True,Signal & Telecommunication
SMMS001308,COR03807,AMPA,PUPR,SR,interlocking_fault,A,2024-09-02,2024-08-29,4,True,2.6,True,Signal & Telecommunication
SMMS001309,COR07340,KBSH,JGD,ER,axle_counter_fault,A,2025-10-05,2025-09-13,22,True,2.5,False,Signal & Telecommunication
SMMS001310,COR03053,MEJ,NRK,SR,cable_fault,B,2025-10-22,2025-10-18,4,False,4.0,False,Signal & Telecommunication
SMMS001311,COR01675,BKH,JHT,WCR,block_instrument_fault,B,2025-03-30,2025-03-28,2,True,3.3,True,Signal & Telecommunication
SMMS001312,COR06277,CCT,COA,SCR,cable_fault,B,2024-09-20,2024-09-20,0,False,3.2,True,Signal & Telecommunication
SMMS001313,COR06769,LGH,KNSR,NWR,cable_fault,B,2024-03-04,2024-02-10,23,False,1.7,True,Signal & Telecommunication
SMMS001314,COR03785,DEW,SNV,SECR,interlocking_fault,A,2024-06-24,2024-05-31,24,True,1.8,True,Signal & Telecommunication
SMMS001315,COR01010,RXRX,RXR,NFR,signal_failure,A,2025-04-03,2025-03-30,4,True,1.4,True,Signal & Telecommunication
SMMS001316,COR00288,MWA,NPNR,CR,point_machine_fault,B,2024-02-10,2024-02-05,5,False,1.7,True,Signal & Telecommunication
SMMS001317,COR01716,TKYR,MKD,WCR,point_machine_fault,B,2024-09-20,2024-08-22,29,False,3.3,True,Signal & Telecommunication
SMMS001318,COR06234,PTRL,MBY,NWR,lc_gate_interlock_fault,A,2025-05-25,2025-05-20,5,False,0.7,True,Signal & Telecommunication
SMMS001319,COR02267,PFT,NDW,ECR,point_machine_fault,B,2025-11-17,2025-11-15,2,False,3.0,True,Signal & Telecommunication
SMMS001320,COR01758,DY,FSP,WCR,interlocking_fault,A,2024-10-10,2024-10-09,1,True,2.0,False,Signal & Telecommunication
SMMS001321,COR00122,GLTA,SALI,NWR,block_instrument_fault,B,2025-11-30,2025-11-25,5,True,2.7,True,Signal & Telecommunication
SMMS001322,COR04048,SBK,YFP,NER,axle_counter_fault,A,2025-07-18,2025-07-15,3,True,1.8,True,Signal & Telecommunication
SMMS001323,COR05656,KVA,BSDA,NWR,point_machine_fault,B,2024-05-28,2024-05-15,13,False,3.5,True,Signal & Telecommunication
SMMS001324,COR03517,TYM,NMN,SR,interlocking_fault,A,2024-03-25,2024-03-22,3,True,1.8,True,Signal & Telecommunication
SMMS001325,COR02952,PAU,MQL,SCR,block_instrument_fault,B,2024-09-28,2024-09-13,15,True,2.9,True,Signal & Telecommunication
SMMS001326,COR03557,CHRA,KSU,SER,signal_failure,A,2024-07-27,2024-07-23,4,True,2.9,True,Signal & Telecommunication
SMMS001327,COR01853,CKKN,MRTL,NR,signal_failure,A,2025-08-25,2025-08-02,23,True,2.7,True,Signal & Telecommunication
SMMS001328,COR05896,PJH,BNG,WR,point_machine_fault,B,2025-03-04,2025-02-28,4,False,0.5,True,Signal & Telecommunication
SMMS001329,COR00754,MJO,CSM,KR,cable_fault,B,2025-12-26,2025-12-23,3,False,4.0,True,Signal & Telecommunication
SMMS001330,COR02196,THX,AAY,SR,block_instrument_fault,B,2025-12-16,2025-12-15,1,True,3.7,True,Signal & Telecommunication
SMMS001331,COR01363,EN,CTRL,WR,point_machine_fault,B,2024-04-15,2024-04-06,9,False,2.0,True,Signal & Telecommunication
SMMS001332,COR01719,BNSP,MKP,WCR,cable_fault,B,2024-03-07,2024-02-16,20,False,2.3,True,Signal & Telecommunication
SMMS001333,COR01039,TKC,PHI,NFR,block_instrument_fault,B,2024-05-02,2024-04-29,3,True,1.8,True,Signal & Telecommunication
SMMS001334,COR01364,CTRL,KLL,WR,block_instrument_fault,B,2025-02-15,2025-02-11,4,True,1.0,True,Signal & Telecommunication
SMMS001335,COR02086,HVL,ADHL,SWR,cable_fault,B,2024-04-05,2024-03-27,9,False,2.3,True,Signal & Telecommunication
SMMS001336,COR02798,VLP,ADH,WR,cable_fault,B,2025-12-30,2025-12-28,2,False,2.9,True,Signal & Telecommunication
SMMS001337,COR00473,BAU,AGQ,CR,cable_fault,B,2025-06-09,2025-05-13,27,False,3.6,True,Signal & Telecommunication
SMMS001338,COR03298,RYC,MZU,SWR,block_instrument_fault,B,2025-04-20,2025-04-16,4,True,1.5,True,Signal & Telecommunication
SMMS001339,COR01689,BRGT,KEQ,WCR,axle_counter_fault,A,2025-06-05,2025-05-06,30,True,3.3,True,Signal & Telecommunication
SMMS001340,COR02686,JIND,BSPH,NR,interlocking_fault,A,2025-01-06,2025-01-02,4,True,2.7,False,Signal & Telecommunication
SMMS001341,COR00628,CVV,KI,SCR,point_machine_fault,B,2024-12-13,2024-11-16,27,False,2.0,True,Signal & Telecommunication
SMMS001342,COR04139,KUL,CLT,SR,point_machine_fault,B,2024-11-15,2024-11-15,0,False,3.9,False,Signal & Telecommunication
SMMS001343,COR00705,NSP,BSR,WR,cable_fault,B,2024-03-30,2024-03-28,2,False,3.9,False,Signal & Telecommunication
SMMS001344,COR00687,BLD,SJN,WR,block_instrument_fault,B,2024-06-26,2024-06-25,1,True,3.9,True,Signal & Telecommunication
SMMS001345,COR04905,HNK,MYA,SWR,point_machine_fault,B,2024-11-13,2024-11-11,2,False,1.5,True,Signal & Telecommunication
SMMS001346,COR00223,HATI,SAGM,WCR,block_instrument_fault,B,2024-05-23,2024-05-21,2,True,3.3,True,Signal & Telecommunication
SMMS001347,COR02940,SJL,AKU,SCR,signal_failure,A,2024-11-19,2024-09-26,54,True,2.2,True,Signal & Telecommunication
SMMS001348,COR01880,TNGM,MDR,SCR,block_instrument_fault,B,2025-06-27,2025-05-30,28,True,3.4,True,Signal & Telecommunication
SMMS001349,COR06439,SIPA,JNK,SER,signal_failure,A,2024-05-31,2024-05-29,2,True,2.9,True,Signal & Telecommunication
SMMS001350,COR00103,GRI,HP,NWR,signal_failure,A,2024-10-19,2024-10-18,1,True,2.0,True,Signal & Telecommunication
SMMS001351,COR00538,KZE,NLE,SR,block_instrument_fault,B,2024-06-04,2024-06-03,1,True,1.7,True,Signal & Telecommunication
SMMS001352,COR01195,JSV,PLV,CR,point_machine_fault,B,2024-06-08,2024-05-14,25,False,3.0,False,Signal & Telecommunication
SMMS001353,COR01867,SMBX,VJPJ,NR,block_instrument_fault,B,2025-10-20,2025-10-17,3,True,3.8,True,Signal & Telecommunication
SMMS001354,COR02226,MYA,HNK,SWR,block_instrument_fault,B,2025-03-26,2025-03-26,0,True,0.7,True,Signal & Telecommunication
SMMS001355,COR02798,VLP,ADH,WR,block_instrument_fault,B,2025-01-08,2024-09-04,126,True,2.2,False,Signal & Telecommunication
SMMS001356,COR00780,MJNL,AIA,NWR,point_machine_fault,B,2024-05-12,2024-05-07,5,False,3.9,True,Signal & Telecommunication
SMMS001357,COR02018,BHLP,HDT,NER,axle_counter_fault,A,2024-04-15,2024-04-15,0,True,2.2,True,Signal & Telecommunication
SMMS001358,COR04922,PEN,KASU,CR,cable_fault,B,2025-12-14,2025-08-16,120,False,2.7,True,Signal & Telecommunication
SMMS001359,COR03628,PKL,GNR,SWR,cable_fault,B,2024-03-23,2024-03-19,4,False,2.3,True,Signal & Telecommunication
SMMS001360,COR01478,TGE,CPK,NFR,lc_gate_interlock_fault,A,2025-07-17,2025-06-30,17,False,2.6,True,Signal & Telecommunication
SMMS001361,COR03044,MPLM,KRR,SR,point_machine_fault,B,2025-04-22,2025-04-21,1,False,2.3,True,Signal & Telecommunication
SMMS001362,COR03175,JNO,HRG,CR,signal_failure,A,2024-12-18,2024-12-18,0,True,3.5,False,Signal & Telecommunication
SMMS001363,COR05266,GRG,HBG,SECR,cable_fault,B,2024-01-20,2024-01-20,0,False,1.4,True,Signal & Telecommunication
SMMS001364,COR04442,DPL,LKN,ECR,cable_fault,B,2025-03-20,2025-03-13,7,False,2.8,True,Signal & Telecommunication
SMMS001365,COR02384,SUNR,CJR,WR,lc_gate_interlock_fault,A,2024-07-17,2024-07-17,0,False,3.7,False,Signal & Telecommunication
SMMS001366,COR05467,CHT,PLF,ER,block_instrument_fault,B,2024-11-05,2024-09-19,47,True,2.0,True,Signal & Telecommunication
SMMS001367,COR00265,GMD,BGTA,WCR,signal_failure,A,2024-10-27,2024-10-01,26,True,1.1,True,Signal & Telecommunication
SMMS001368,COR06892,JTG,MGX,NFR,interlocking_fault,A,2024-05-21,2024-01-03,139,True,3.7,True,Signal & Telecommunication
SMMS001369,COR05133,NPR,BBJ,NER,axle_counter_fault,A,2024-05-29,2024-05-29,0,True,1.9,True,Signal & Telecommunication
SMMS001370,COR01681,KY,NU,WCR,point_machine_fault,B,2025-10-01,2025-09-20,11,False,1.0,True,Signal & Telecommunication
SMMS001371,COR00586,CAI,SAHI,ECR,interlocking_fault,A,2024-08-25,2024-08-25,0,True,1.5,True,Signal & Telecommunication
SMMS001372,COR00930,BNCE,BNC,SWR,point_machine_fault,B,2024-02-01,2024-01-31,1,False,1.0,True,Signal & Telecommunication
SMMS001373,COR01726,SRJ,LOG,NCR,signal_failure,A,2025-07-18,2025-07-18,0,True,0.6,True,Signal & Telecommunication
SMMS001374,COR01719,BNSP,MKP,WCR,point_machine_fault,B,2025-08-27,2025-08-25,2,False,0.7,True,Signal & Telecommunication
SMMS001375,COR06092,DKE,LGT,NFR,interlocking_fault,A,2024-10-15,2024-10-12,3,True,2.1,False,Signal & Telecommunication
SMMS001376,COR05068,DKM,LHL,NFR,point_machine_fault,B,2025-12-02,2025-11-30,2,False,2.7,True,Signal & Telecommunication
SMMS001377,COR02398,KNKT,KHC,WR,point_machine_fault,B,2025-08-04,2025-07-23,12,False,0.9,True,Signal & Telecommunication
SMMS001378,COR00684,UVD,VAPI,WR,signal_failure,A,2024-08-18,2024-08-13,5,True,2.7,True,Signal & Telecommunication
SMMS001379,COR04922,PEN,KASU,CR,axle_counter_fault,A,2025-06-26,2025-06-25,1,True,2.2,True,Signal & Telecommunication
SMMS001380,COR01390,AYN,SGM,SR,lc_gate_interlock_fault,A,2025-12-06,2025-12-04,2,False,1.5,True,Signal & Telecommunication
SMMS001381,COR00678,BIM,JRS,WR,axle_counter_fault,A,2025-03-07,2025-03-06,1,True,4.0,True,Signal & Telecommunication
SMMS001382,COR04650,MANK,HNA,KR,signal_failure,A,2025-10-18,2025-09-19,29,True,1.5,True,Signal & Telecommunication
SMMS001383,COR00420,LKPL,HYB,SCR,cable_fault,B,2024-04-10,2024-04-07,3,False,2.2,True,Signal & Telecommunication
SMMS001384,COR02379,KHRS,SR,WR,point_machine_fault,B,2024-07-27,2024-06-28,29,False,2.9,False,Signal & Telecommunication
SMMS001385,COR00006,WSJ,BNVD,WR,lc_gate_interlock_fault,A,2024-12-16,2024-08-30,108,False,2.2,True,Signal & Telecommunication
SMMS001386,COR02230,RMGM,KHLL,SWR,point_machine_fault,B,2024-07-31,2024-07-28,3,False,1.1,True,Signal & Telecommunication
SMMS001387,COR05784,PHC,DHJ,WR,cable_fault,B,2024-05-30,2024-05-27,3,False,1.4,True,Signal & Telecommunication
SMMS001388,COR06529,FTH,MOPR,NR,cable_fault,B,2025-01-21,2025-01-20,1,False,3.7,True,Signal & Telecommunication
SMMS001389,COR00247,BRGT,BHTN,WCR,cable_fault,B,2025-03-02,2025-03-01,1,False,2.6,False,Signal & Telecommunication
SMMS001390,COR00176,BUG,KPB,ECR,cable_fault,B,2025-06-07,2025-05-21,17,False,1.8,True,Signal & Telecommunication
SMMS001391,COR04122,DBN,PTE,NR,signal_failure,A,2025-06-04,2025-06-04,0,True,3.7,True,Signal & Telecommunication
SMMS001392,COR02316,LWS,BDWS,WCR,cable_fault,B,2025-03-21,2025-03-21,0,False,2.8,True,Signal & Telecommunication
SMMS001393,COR00693,VGN,BOR,WR,lc_gate_interlock_fault,A,2025-02-05,2025-02-01,4,False,3.4,True,Signal & Telecommunication
SMMS001394,COR00473,BAU,AGQ,CR,lc_gate_interlock_fault,A,2025-09-15,2025-08-28,18,False,0.9,True,Signal & Telecommunication
SMMS001395,COR00030,DL,LMC,WR,cable_fault,B,2025-10-23,2025-10-19,4,False,1.4,True,Signal & Telecommunication
SMMS001396,COR00085,JWB,BRLY,NWR,cable_fault,B,2024-10-18,2024-09-23,25,False,4.0,True,Signal & Telecommunication
SMMS001397,COR04540,CKDL,CHNR,NR,block_instrument_fault,B,2024-12-07,2024-12-07,0,True,2.5,True,Signal & Telecommunication
SMMS001398,COR01789,MSS,BDVT,SWR,signal_failure,A,2025-10-10,2025-05-25,138,True,3.2,True,Signal & Telecommunication
SMMS001399,COR07391,SMQL,GLBN,NR,block_instrument_fault,B,2025-01-05,2024-12-31,5,True,0.6,False,Signal & Telecommunication
SMMS001400,COR02847,GNR,PKL,SWR,point_machine_fault,B,2025-10-05,2025-10-01,4,False,1.8,True,Signal & Telecommunication
SMMS001401,COR02740,KZTW,KZT,SR,signal_failure,A,2024-09-25,2024-09-20,5,True,0.5,True,Signal & Telecommunication
SMMS001402,COR02420,OKD,GRJA,WR,point_machine_fault,B,2024-08-05,2024-07-31,5,False,0.8,True,Signal & Telecommunication
SMMS001403,COR00421,HYB,LKPL,SCR,cable_fault,B,2024-03-06,2024-03-01,5,False,2.0,True,Signal & Telecommunication
SMMS001404,COR00864,SQE,DAB,SCR,cable_fault,B,2025-07-01,2025-06-27,4,False,1.3,True,Signal & Telecommunication
SMMS001405,COR04860,AAH,BIX,NCR,block_instrument_fault,B,2024-09-15,2024-09-12,3,True,3.5,True,Signal & Telecommunication
SMMS001406,COR02702,GHE,MQC,NR,point_machine_fault,B,2025-07-19,2025-06-19,30,False,2.9,True,Signal & Telecommunication
SMMS001407,COR06099,MWK,SHF,CR,cable_fault,B,2025-08-24,2025-08-24,0,False,2.9,True,Signal & Telecommunication
SMMS001408,COR02067,DBL,MDLL,SWR,interlocking_fault,A,2024-02-23,2024-02-11,12,True,2.9,True,Signal & Telecommunication
SMMS001409,COR06052,PBE,SSC,NER,lc_gate_interlock_fault,A,2025-10-27,2025-10-08,19,False,0.8,True,Signal & Telecommunication
SMMS001410,COR02723,BNKJ,MLN,NER,signal_failure,A,2024-02-07,2024-02-01,6,True,3.1,True,Signal & Telecommunication
SMMS001411,COR06204,MPML,KFP,SECR,interlocking_fault,A,2024-07-01,2024-06-28,3,True,0.6,True,Signal & Telecommunication
SMMS001412,COR02170,SRT,TY,SR,cable_fault,B,2024-03-27,2024-03-24,3,False,2.6,True,Signal & Telecommunication
SMMS001413,COR00265,GMD,BGTA,WCR,lc_gate_interlock_fault,A,2025-12-19,2025-12-15,4,False,2.8,False,Signal & Telecommunication
SMMS001414,COR02838,MRL,SCH,WR,interlocking_fault,A,2024-01-05,2023-12-09,27,True,1.1,True,Signal & Telecommunication
SMMS001415,COR02837,NVS,MRL,WR,cable_fault,B,2024-02-25,2024-02-21,4,False,1.3,True,Signal & Telecommunication
SMMS001416,COR03027,DUI,ALL,NR,interlocking_fault,A,2025-10-19,2025-10-03,16,True,3.2,True,Signal & Telecommunication
SMMS001417,COR04440,BGS,LAK,ECR,point_machine_fault,B,2025-10-23,2025-10-18,5,False,1.1,True,Signal & Telecommunication
SMMS001418,COR00683,PAD,UVD,WR,interlocking_fault,A,2024-05-10,2024-05-10,0,True,1.3,True,Signal & Telecommunication
SMMS001419,COR00720,BDTS,BA,WR,lc_gate_interlock_fault,A,2024-02-11,2024-02-11,0,False,0.7,True,Signal & Telecommunication
SMMS001420,COR03084,BDJ,NAU,SR,block_instrument_fault,B,2024-01-17,2024-01-04,13,True,2.2,True,Signal & Telecommunication
SMMS001421,COR06337,DSJ,CNKP,NR,block_instrument_fault,B,2025-10-06,2025-10-06,0,True,1.0,True,Signal & Telecommunication
SMMS001422,COR01019,PKB,LKG,NFR,interlocking_fault,A,2025-03-01,2025-02-02,27,True,1.7,True,Signal & Telecommunication
SMMS001423,COR04699,KASU,PEN,CR,signal_failure,A,2024-10-06,2024-10-01,5,True,1.7,False,Signal & Telecommunication
SMMS001424,COR00181,NKE,SAHI,ECR,point_machine_fault,B,2025-08-13,2025-08-09,4,False,0.8,True,Signal & Telecommunication
SMMS001425,COR03943,CRG,MSRP,WCR,signal_failure,A,2025-01-15,2025-01-11,4,True,2.7,True,Signal & Telecommunication
SMMS001426,COR03693,GSL,SLB,SER,lc_gate_interlock_fault,A,2024-01-24,2024-01-08,16,False,2.8,True,Signal & Telecommunication
SMMS001427,COR00606,CLE,YGL,SCR,interlocking_fault,A,2024-03-18,2024-03-11,7,True,0.9,True,Signal & Telecommunication
SMMS001428,COR02301,RNA,BMHR,NR,cable_fault,B,2025-06-17,2025-05-02,46,False,1.1,True,Signal & Telecommunication
SMMS001429,COR00155,PM,DEC,NR,cable_fault,B,2025-07-25,2025-07-24,1,False,0.5,True,Signal & Telecommunication
SMMS001430,COR00285,MTA,KNW,WCR,cable_fault,B,2025-09-06,2025-09-06,0,False,0.8,True,Signal & Telecommunication
SMMS001431,COR00375,GCT,AKS,NER,signal_failure,A,2025-05-28,2025-05-24,4,True,3.3,True,Signal & Telecommunication
SMMS001432,COR02223,PANP,CGKP,SWR,cable_fault,B,2024-12-23,2024-12-19,4,False,2.4,True,Signal & Telecommunication
SMMS001433,COR01247,DLGN,LNP,CR,cable_fault,B,2024-03-07,2024-03-03,4,False,3.4,True,Signal & Telecommunication
SMMS001434,COR05226,RYT,NNE,NCR,block_instrument_fault,B,2025-04-29,2025-04-14,15,True,2.6,True,Signal & Telecommunication
SMMS001435,COR00215,MKP,BNSP,NCR,interlocking_fault,A,2025-11-07,2025-11-06,1,True,3.0,True,Signal & Telecommunication
SMMS001436,COR00052,GUS,DNW,WR,cable_fault,B,2025-05-10,2025-05-02,8,False,2.4,True,Signal & Telecommunication
SMMS001437,COR01861,KTHU,BDHY,NR,block_instrument_fault,B,2024-02-05,2024-02-03,2,True,3.9,False,Signal & Telecommunication
SMMS001438,COR03404,MEW,SMKR,NER,point_machine_fault,B,2024-03-15,2024-03-11,4,False,0.9,True,Signal & Telecommunication
SMMS001439,COR01972,LAL,BNTH,WR,signal_failure,A,2025-04-07,2024-11-14,144,True,1.8,True,Signal & Telecommunication
SMMS001440,COR05599,MGWN,KS,NR,block_instrument_fault,B,2024-03-14,2023-10-17,149,True,0.7,True,Signal & Telecommunication
SMMS001441,COR01718,BQF,BNSP,WCR,block_instrument_fault,B,2024-09-12,2024-09-12,0,True,0.6,True,Signal & Telecommunication
SMMS001442,COR03806,THZI,AMPA,SR,point_machine_fault,B,2024-05-27,2024-05-23,4,False,3.5,True,Signal & Telecommunication
SMMS001443,COR02991,VLI,PGI,SR,block_instrument_fault,B,2025-04-23,2025-04-23,0,True,3.8,True,Signal & Telecommunication
SMMS001444,COR02774,MOZ,BMHR,NR,block_instrument_fault,B,2025-09-11,2025-08-23,19,True,0.5,True,Signal & Telecommunication
SMMS001445,COR01375,KOQ,AYM,SR,axle_counter_fault,A,2024-03-03,2024-03-01,2,True,3.1,True,Signal & Telecommunication
SMMS001446,COR02423,VVA,MTHP,WR,axle_counter_fault,A,2025-08-27,2025-08-14,13,True,1.4,True,Signal & Telecommunication
SMMS001447,COR02869,GUB,BRDT,NER,point_machine_fault,B,2025-09-03,2025-09-02,1,False,3.6,True,Signal & Telecommunication
SMMS001448,COR06880,SQR,DDY,NR,point_machine_fault,B,2025-07-01,2025-06-18,13,False,3.6,True,Signal & Telecommunication
SMMS001449,COR01141,NAG,TVG,SWR,cable_fault,B,2024-03-22,2024-03-20,2,False,1.6,True,Signal & Telecommunication
SMMS001450,COR00629,KI,RYP,SCR,cable_fault,B,2025-04-18,2025-04-07,11,False,2.1,False,Signal & Telecommunication
SMMS001451,COR02022,MBS,AHM,NER,interlocking_fault,A,2025-10-24,2025-10-20,4,True,1.9,False,Signal & Telecommunication
SMMS001452,COR01722,DBR,KTDD,NCR,signal_failure,A,2024-09-05,2024-09-05,0,True,3.4,False,Signal & Telecommunication
SMMS001453,COR04441,LAK,DPL,ECR,cable_fault,B,2025-07-07,2025-07-07,0,False,2.2,True,Signal & Telecommunication
SMMS001454,COR02072,KIAT,TK,SWR,cable_fault,B,2024-06-18,2024-06-14,4,False,2.5,True,Signal & Telecommunication
SMMS001455,COR02812,VTN,SAH,WR,block_instrument_fault,B,2024-05-24,2024-05-21,3,True,3.4,True,Signal & Telecommunication
SMMS001456,COR00192,PPA,CAA,ECR,lc_gate_interlock_fault,A,2025-02-28,2025-02-28,0,False,3.8,True,Signal & Telecommunication
SMMS001457,COR00095,AUWA,MJ,NWR,block_instrument_fault,B,2025-01-28,2025-01-23,5,True,2.8,True,Signal & Telecommunication
SMMS001458,COR05403,TKA,NEW,NCR,lc_gate_interlock_fault,A,2024-01-27,2024-01-23,4,False,3.8,True,Signal & Telecommunication
SMMS001459,COR04659,MAO,SRVX,KR,cable_fault,B,2025-06-17,2025-05-26,22,False,3.2,True,Signal & Telecommunication
SMMS001460,COR00684,UVD,VAPI,WR,cable_fault,B,2025-11-05,2025-11-02,3,False,0.5,True,Signal & Telecommunication
SMMS001461,COR02820,GVD,BRRD,WR,interlocking_fault,A,2025-02-24,2025-02-24,0,True,3.9,True,Signal & Telecommunication
SMMS001462,COR00317,BERO,JOC,SER,point_machine_fault,B,2025-08-06,2025-08-03,3,False,2.7,True,Signal & Telecommunication
SMMS001463,COR00123,SALI,SK,NWR,lc_gate_interlock_fault,A,2024-07-18,2024-07-17,1,False,3.2,True,Signal & Telecommunication
SMMS001464,COR02831,DGI,JRS,WR,axle_counter_fault,A,2025-03-13,2025-02-19,22,True,1.5,True,Signal & Telecommunication
SMMS001465,COR02446,JHBN,GGLE,ER,cable_fault,B,2024-07-28,2024-07-27,1,False,0.8,True,Signal & Telecommunication
SMMS001466,COR07081,BWW,MKT,WR,cable_fault,B,2024-10-04,2024-09-06,28,False,3.4,True,Signal & Telecommunication
SMMS001467,COR01570,BVQ,NDE,CR,point_machine_fault,B,2024-04-11,2024-04-08,3,False,1.6,True,Signal & Telecommunication
SMMS001468,COR05743,ARS,SY,SR,signal_failure,A,2024-08-14,2024-08-10,4,True,3.6,True,Signal & Telecommunication
SMMS001469,COR02581,KPKD,KRDH,SECR,lc_gate_interlock_fault,A,2024-05-27,2024-05-27,0,False,3.0,True,Signal & Telecommunication
SMMS001470,COR00351,AA,IJ,NER,axle_counter_fault,A,2024-02-19,2024-02-18,1,True,2.2,False,Signal & Telecommunication
SMMS001471,COR04365,SPP,NNNL,ECR,cable_fault,B,2025-05-19,2025-05-14,5,False,1.6,True,Signal & Telecommunication
SMMS001472,COR03998,SPLE,NILE,ER,point_machine_fault,B,2024-05-24,2024-05-04,20,False,1.8,True,Signal & Telecommunication
SMMS001473,COR01893,MABD,TAA,SCR,cable_fault,B,2025-06-11,2025-06-09,2,False,2.1,True,Signal & Telecommunication
SMMS001474,COR03835,SLX,AGI,NFR,axle_counter_fault,A,2024-08-03,2024-07-29,5,True,0.9,True,Signal & Telecommunication
SMMS001475,COR00372,YFP,SBK,NER,block_instrument_fault,B,2024-03-21,2023-09-30,173,True,3.3,True,Signal & Telecommunication
SMMS001476,COR00257,BNE,GAR,WCR,interlocking_fault,A,2025-09-25,2025-09-17,8,True,0.7,True,Signal & Telecommunication
SMMS001477,COR03675,BHLI,PVR,CR,point_machine_fault,B,2025-02-23,2025-02-02,21,False,1.8,False,Signal & Telecommunication
SMMS001478,COR00271,BPF,BIF,WCR,cable_fault,B,2025-04-21,2025-04-08,13,False,3.4,False,Signal & Telecommunication
SMMS001479,COR01859,SJNP,MDPB,NR,cable_fault,B,2024-12-29,2024-12-28,1,False,1.7,True,Signal & Telecommunication
SMMS001480,COR01979,DJI,SPD,WR,point_machine_fault,B,2024-04-29,2024-04-25,4,False,3.3,True,Signal & Telecommunication
SMMS001481,COR02540,SAG,BSS,NR,lc_gate_interlock_fault,A,2024-02-29,2024-02-15,14,False,3.2,False,Signal & Telecommunication
SMMS001482,COR01068,BPB,BPG,NFR,cable_fault,B,2024-03-03,2024-03-01,2,False,1.1,True,Signal & Telecommunication
SMMS001483,COR01522,SNRD,BY,CR,block_instrument_fault,B,2024-03-27,2024-03-23,4,True,0.7,True,Signal & Telecommunication
SMMS001484,COR00359,DLJ,SOA,WR,axle_counter_fault,A,2025-11-29,2025-11-24,5,True,1.4,True,Signal & Telecommunication
SMMS001485,COR00011,PPLI,LKBL,WR,interlocking_fault,A,2025-07-05,2025-06-27,8,True,2.0,True,Signal & Telecommunication
SMMS001486,COR00580,BMKI,SRA,ECR,signal_failure,A,2025-07-20,2025-04-28,83,True,3.1,True,Signal & Telecommunication
SMMS001487,COR05448,MTPC,DHR,WCR,interlocking_fault,A,2024-05-15,2024-05-15,0,True,3.9,True,Signal & Telecommunication
SMMS001488,COR02824,BLD,KEB,WR,point_machine_fault,B,2024-05-16,2024-05-15,1,False,1.4,False,Signal & Telecommunication
SMMS001489,COR01780,ASK,BVR,SWR,block_instrument_fault,B,2024-11-13,2024-10-31,13,True,3.4,True,Signal & Telecommunication
SMMS001490,COR03119,TKRP,ACH,NR,point_machine_fault,B,2024-01-23,2024-01-23,0,False,3.0,True,Signal & Telecommunication
SMMS001491,COR01879,YP,TNGM,SCR,axle_counter_fault,A,2024-11-17,2024-11-17,0,True,3.1,True,Signal & Telecommunication
SMMS001492,COR06413,KDRI,AVP,SECR,cable_fault,B,2025-04-11,2025-04-10,1,False,0.9,True,Signal & Telecommunication
SMMS001493,COR02461,VSPR,NDAE,ER,point_machine_fault,B,2024-12-31,2024-12-12,19,False,3.5,True,Signal & Telecommunication
SMMS001494,COR00920,SZV,DPJ,SWR,axle_counter_fault,A,2024-03-26,2024-03-22,4,True,2.8,True,Signal & Telecommunication
SMMS001495,COR01924,UKH,VDGN,SCR,cable_fault,B,2024-11-02,2024-10-30,3,False,1.8,True,Signal & Telecommunication
SMMS001496,COR00249,BMR,SRID,WCR,lc_gate_interlock_fault,A,2025-09-14,2025-08-30,15,False,2.4,True,Signal & Telecommunication
SMMS001497,COR01887,KMT,MLMG,SCR,block_instrument_fault,B,2025-04-30,2025-04-28,2,True,3.4,True,Signal & Telecommunication
SMMS001498,COR04677,RN,BOKE,KR,signal_failure,A,2025-12-13,2025-12-13,0,True,3.9,True,Signal & Telecommunication
SMMS001499,COR02822,UBR,SJN,WR,point_machine_fault,B,2025-12-19,2025-11-25,24,False,3.6,True,Signal & Telecommunication
SMMS001500,COR04545,SJNP,BHRL,NR,interlocking_fault,A,2024-06-29,2024-06-26,3,True,1.1,True,Signal & Telecommunication
SMMS001501,COR04637,MAJN,TOK,SR,signal_failure,A,2024-08-08,2024-07-31,8,True,3.8,True,Signal & Telecommunication
SMMS001502,COR03092,CS,CAN,SR,interlocking_fault,A,2025-08-27,2025-08-23,4,True,1.5,True,Signal & Telecommunication
SMMS001503,COR02891,CAER,KHA,WCR,point_machine_fault,B,2025-05-07,2025-05-04,3,False,1.5,True,Signal & Telecommunication
SMMS001504,COR00611,TAA,MABD,SCR,axle_counter_fault,A,2024-12-04,2024-11-30,4,True,3.8,True,Signal & Telecommunication
SMMS001505,COR02797,STC,VLP,WR,block_instrument_fault,B,2024-06-10,2024-06-07,3,True,4.0,True,Signal & Telecommunication
SMMS001506,COR00158,PTNR,DBSI,NR,signal_failure,A,2024-04-04,2024-03-12,23,True,2.2,True,Signal & Telecommunication
SMMS001507,COR00278,PAL,MUO,WCR,block_instrument_fault,B,2024-10-05,2024-10-03,2,True,1.6,True,Signal & Telecommunication
SMMS001508,COR02773,JDW,MOZ,NR,cable_fault,B,2024-10-05,2024-10-04,1,False,2.2,False,Signal & Telecommunication
SMMS001509,COR01344,CTT,KRJD,NWR,cable_fault,B,2024-11-25,2024-11-23,2,False,3.8,True,Signal & Telecommunication
SMMS001510,COR01080,RBG,CKR,SWR,block_instrument_fault,B,2024-02-20,2023-12-09,73,True,0.6,True,Signal & Telecommunication
SMMS001511,COR06833,BARL,CHWT,NR,point_machine_fault,B,2025-01-24,2025-01-24,0,False,3.3,True,Signal & Telecommunication
SMMS001512,COR00489,CRK,TBN,WCR,cable_fault,B,2025-03-24,2025-03-19,5,False,1.9,True,Signal & Telecommunication
SMMS001513,COR01397,EL,PGN,SR,signal_failure,A,2025-07-03,2025-06-29,4,True,1.3,True,Signal & Telecommunication
SMMS001514,COR02152,MLHS,MTMY,SR,block_instrument_fault,B,2025-01-06,2025-01-06,0,True,2.3,True,Signal & Telecommunication
SMMS001515,COR00420,LKPL,HYB,SCR,cable_fault,B,2025-06-09,2025-05-25,15,False,1.1,True,Signal & Telecommunication
SMMS001516,COR01239,PVR,BHLI,CR,block_instrument_fault,B,2025-06-25,2025-06-17,8,True,2.3,True,Signal & Telecommunication
SMMS001517,COR03958,ER08,NDAE,ER,point_machine_fault,B,2025-03-08,2025-03-08,0,False,0.9,True,Signal & Telecommunication
SMMS001518,COR00709,MIRA,DIC,WR,lc_gate_interlock_fault,A,2024-03-15,2024-03-11,4,False,0.6,True,Signal & Telecommunication
SMMS001519,COR00872,IDL,SCP,SCR,lc_gate_interlock_fault,A,2024-06-21,2024-01-30,143,False,0.7,True,Signal & Telecommunication
SMMS001520,COR02773,JDW,MOZ,NR,signal_failure,A,2024-11-10,2024-11-09,1,True,0.7,True,Signal & Telecommunication
SMMS001521,COR01171,ACLE,AZ,ER,point_machine_fault,B,2024-01-21,2024-01-17,4,False,3.1,True,Signal & Telecommunication
SMMS001522,COR07282,PNGM,BPG,NFR,lc_gate_interlock_fault,A,2024-03-14,2024-03-14,0,False,2.1,True,Signal & Telecommunication
SMMS001523,COR01206,ABLE,SHIV,CR,cable_fault,B,2024-04-27,2024-04-23,4,False,1.5,True,Signal & Telecommunication
SMMS001524,COR02117,UBL,UNK,SWR,point_machine_fault,B,2025-01-04,2024-12-30,5,False,1.3,False,Signal & Telecommunication
SMMS001525,COR02399,KHC,BLWR,WR,cable_fault,B,2024-09-01,2024-08-28,4,False,3.4,True,Signal & Telecommunication
SMMS001526,COR00455,BSX,DAB,SCR,interlocking_fault,A,2024-05-06,2024-05-01,5,True,3.1,True,Signal & Telecommunication
SMMS001527,COR02711,SD,KMP,NER,point_machine_fault,B,2024-02-26,2024-02-19,7,False,3.2,True,Signal & Telecommunication
SMMS001528,COR04150,CHV,NLE,SR,point_machine_fault,B,2025-10-07,2025-10-02,5,False,1.4,True,Signal & Telecommunication
SMMS001529,COR00739,LRD,TTI,NER,point_machine_fault,B,2025-10-08,2025-10-03,5,False,3.5,True,Signal & Telecommunication
SMMS001530,COR02130,AWB,MKDD,SCR,signal_failure,A,2024-10-19,2024-10-18,1,True,3.4,True,Signal & Telecommunication
SMMS001531,COR00485,BRI,MUO,WCR,block_instrument_fault,B,2024-06-01,2024-05-29,3,True,2.3,True,Signal & Telecommunication
SMMS001532,COR00870,NZB,DHP,SCR,axle_counter_fault,A,2025-01-22,2025-01-17,5,True,0.7,True,Signal & Telecommunication
SMMS001533,COR03615,LKT,GDG,SWR,interlocking_fault,A,2025-04-01,2025-03-27,5,True,1.7,True,Signal & Telecommunication
SMMS001534,COR03229,CLC,AEP,WR,block_instrument_fault,B,2024-08-07,2024-02-23,166,True,1.6,True,Signal & Telecommunication
SMMS001535,COR05738,PO,KII,SR,lc_gate_interlock_fault,A,2025-06-03,2025-05-30,4,False,3.3,True,Signal & Telecommunication
SMMS001536,COR04004,AMPA,THZI,SR,point_machine_fault,B,2025-08-11,2025-08-06,5,False,3.0,False,Signal & Telecommunication
SMMS001537,COR01188,KRD,SIW,CR,block_instrument_fault,B,2024-04-22,2024-04-20,2,True,3.3,True,Signal & Telecommunication
SMMS001538,COR01895,KDM,INK,SCR,interlocking_fault,A,2025-01-14,2024-12-24,21,True,1.1,True,Signal & Telecommunication
SMMS001539,COR02320,NRGR,DWX,WR,signal_failure,A,2025-08-25,2025-08-12,13,True,2.2,True,Signal & Telecommunication
SMMS001540,COR02679,KLWN,DTN,NR,lc_gate_interlock_fault,A,2024-06-29,2024-06-04,25,False,2.6,True,Signal & Telecommunication
SMMS001541,COR01897,NKD,YGL,SCR,point_machine_fault,B,2024-12-17,2024-12-15,2,False,1.4,True,Signal & Telecommunication
SMMS001542,COR01349,DRW,SID,WR,axle_counter_fault,A,2025-10-23,2025-10-19,4,True,2.1,True,Signal & Telecommunication
SMMS001543,COR00506,GRF,SMP,WR,cable_fault,B,2024-07-28,2024-07-27,1,False,3.9,True,Signal & Telecommunication
SMMS001544,COR00706,BSR,NIG,WR,point_machine_fault,B,2025-04-03,2025-03-29,5,False,2.7,True,Signal & Telecommunication
SMMS001545,COR05127,MRTL,CKKN,NR,point_machine_fault,B,2025-08-31,2025-08-30,1,False,1.2,False,Signal & Telecommunication
SMMS001546,COR00346,STP,KB,NER,block_instrument_fault,B,2024-04-26,2024-04-25,1,True,1.0,False,Signal & Telecommunication
SMMS001547,COR00932,SBC,BNC,SWR,block_instrument_fault,B,2025-01-22,2025-01-18,4,True,2.1,True,Signal & Telecommunication
SMMS001548,COR01929,SNGR,PBN,SCR,point_machine_fault,B,2024-04-05,2024-04-02,3,False,1.8,True,Signal & Telecommunication
SMMS001549,COR03249,MXL,MLZ,WCR,interlocking_fault,A,2024-08-25,2024-08-24,1,True,1.8,True,Signal & Telecommunication
SMMS001550,COR03055,GDN,TAY,SR,lc_gate_interlock_fault,A,2024-07-29,2024-07-29,0,False,1.7,True,Signal & Telecommunication
SMMS001551,COR00385,SRNT,BCY,NER,cable_fault,B,2024-09-23,2024-09-10,13,False,0.8,True,Signal & Telecommunication
SMMS001552,COR01910,KMNR,UDGR,SCR,lc_gate_interlock_fault,A,2025-10-12,2025-10-07,5,False,2.8,True,Signal & Telecommunication
SMMS001553,COR00266,BGTA,SQL,WCR,block_instrument_fault,B,2024-06-28,2024-06-24,4,True,3.5,True,Signal & Telecommunication
SMMS001554,COR04319,TDR,TRM,SR,signal_failure,A,2025-02-07,2025-01-15,23,True,2.7,True,Signal & Telecommunication
SMMS001555,COR02741,KZT,PYD,SR,cable_fault,B,2024-01-01,2023-12-31,1,False,3.1,True,Signal & Telecommunication
SMMS001556,COR02991,VLI,PGI,SR,point_machine_fault,B,2025-02-21,2025-02-17,4,False,3.3,False,Signal & Telecommunication
SMMS001557,COR04136,VLI,KN,SR,point_machine_fault,B,2025-07-28,2025-07-25,3,False,3.8,True,Signal & Telecommunication
SMMS001558,COR02997,PEU,PUM,SR,cable_fault,B,2024-03-29,2024-03-29,0,False,3.9,True,Signal & Telecommunication
SMMS001559,COR06277,CCT,COA,SCR,axle_counter_fault,A,2024-07-13,2024-07-09,4,True,1.6,True,Signal & Telecommunication
SMMS001560,COR00869,JKM,NZB,SCR,block_instrument_fault,B,2025-09-24,2025-09-23,1,True,3.0,True,Signal & Telecommunication
SMMS001561,COR04944,BOKE,RN,KR,cable_fault,B,2025-11-07,2025-11-02,5,False,0.9,True,Signal & Telecommunication
SMMS001562,COR00264,SGP,GMD,WCR,interlocking_fault,A,2025-02-09,2025-01-06,34,True,3.4,True,Signal & Telecommunication
SMMS001563,COR00689,UBR,BRRD,WR,interlocking_fault,A,2025-09-15,2025-09-12,3,True,0.7,True,Signal & Telecommunication
SMMS001564,COR02762,GZN,GUH,NR,point_machine_fault,B,2024-04-23,2024-03-24,30,False,3.9,True,Signal & Telecommunication
SMMS001565,COR08211,GHAI,RENH,WCR,point_machine_fault,B,2025-11-15,2025-10-16,30,False,3.4,False,Signal & Telecommunication
SMMS001566,COR04539,HRNR,CKDL,NR,cable_fault,B,2025-03-01,2025-02-25,4,False,3.2,False,Signal & Telecommunication
SMMS001567,COR02836,VDH,NVS,WR,cable_fault,B,2024-02-23,2024-02-23,0,False,2.3,True,Signal & Telecommunication
SMMS001568,COR02030,HDK,SDC,NER,interlocking_fault,A,2024-01-14,2024-01-14,0,True,3.4,True,Signal & Telecommunication
SMMS001569,COR05060,HGI,HDD,SCR,axle_counter_fault,A,2025-07-30,2025-05-12,79,True,0.8,True,Signal & Telecommunication
SMMS001570,COR01035,KKET,TTLA,NFR,point_machine_fault,B,2025-01-08,2025-01-08,0,False,1.2,True,Signal & Telecommunication
SMMS001571,COR03151,KARD,JCNR,CR,cable_fault,B,2025-09-30,2025-09-29,1,False,3.0,True,Signal & Telecommunication
SMMS001572,COR05281,AP,KDO,SWR,axle_counter_fault,A,2024-08-31,2024-08-30,1,True,3.1,True,Signal & Telecommunication
SMMS001573,COR00127,SRRG,RHG,NWR,signal_failure,A,2025-05-18,2025-05-14,4,True,1.0,False,Signal & Telecommunication
SMMS001574,COR02764,MUZ,PRTP,NR,cable_fault,B,2024-06-24,2024-06-20,4,False,0.7,True,Signal & Telecommunication
SMMS001575,COR04672,VBW,RAJP,KR,signal_failure,A,2024-04-11,2024-04-09,2,True,0.5,True,Signal & Telecommunication
SMMS001576,COR00181,NKE,SAHI,ECR,cable_fault,B,2024-11-05,2024-11-01,4,False,2.5,True,Signal & Telecommunication
SMMS001577,COR01151,PR,CRD,CR,cable_fault,B,2025-08-18,2025-08-18,0,False,2.0,True,Signal & Telecommunication
SMMS001578,COR02058,PIZ,MQL,SCR,cable_fault,B,2025-11-17,2025-10-29,19,False,3.4,True,Signal & Telecommunication
SMMS001579,COR00127,SRRG,RHG,NWR,cable_fault,B,2024-03-19,2024-03-18,1,False,2.6,True,Signal & Telecommunication
SMMS001580,COR05727,TUY,PRT,SR,cable_fault,B,2025-01-27,2025-01-26,1,False,1.6,True,Signal & Telecommunication
SMMS001581,COR00599,SBZ,GH,NER,signal_failure,A,2025-12-11,2025-11-20,21,True,1.1,True,Signal & Telecommunication
SMMS001582,COR00050,PN,JUL,WR,block_instrument_fault,B,2024-08-21,2024-08-09,12,True,3.4,False,Signal & Telecommunication
SMMS001583,COR02060,NED,PARD,SCR,block_instrument_fault,B,2024-10-06,2024-10-01,5,True,3.7,True,Signal & Telecommunication
SMMS001584,COR05986,KQL,KZI,NR,point_machine_fault,B,2024-10-20,2024-10-15,5,False,3.1,True,Signal & Telecommunication
SMMS001585,COR00708,BYR,MIRA,WR,point_machine_fault,B,2025-02-11,2025-02-03,8,False,0.8,True,Signal & Telecommunication
SMMS001586,COR02133,KMV,BDU,SCR,cable_fault,B,2024-08-16,2024-07-29,18,False,3.1,False,Signal & Telecommunication
SMMS001587,COR00687,BLD,SJN,WR,interlocking_fault,A,2024-11-19,2024-10-23,27,True,2.2,True,Signal & Telecommunication
SMMS001588,COR02467,ABKA,GPAE,ER,point_machine_fault,B,2024-02-03,2024-01-31,3,False,0.9,True,Signal & Telecommunication
SMMS001589,COR02372,NWA,LTA,SECR,cable_fault,B,2025-08-05,2025-08-04,1,False,1.6,True,Signal & Telecommunication
SMMS001590,COR02395,WKRC,AXA,WR,interlocking_fault,A,2025-11-24,2025-11-23,1,True,4.0,True,Signal & Telecommunication
SMMS001591,COR05982,BAOL,KPKI,NR,axle_counter_fault,A,2024-10-07,2024-10-06,1,True,3.9,True,Signal & Telecommunication
SMMS001592,COR00474,AGQ,CDI,CR,lc_gate_interlock_fault,A,2024-05-27,2024-05-17,10,False,2.0,True,Signal & Telecommunication
SMMS001593,COR00438,BMPL,ME,SCR,cable_fault,B,2024-07-15,2024-05-09,67,False,3.6,True,Signal & Telecommunication
SMMS001594,COR04692,GNO,MNI,KR,cable_fault,B,2025-03-07,2025-02-15,20,False,0.5,True,Signal & Telecommunication
SMMS001595,COR00356,NGA,ALMR,WR,cable_fault,B,2025-05-12,2025-05-12,0,False,1.4,True,Signal & Telecommunication
SMMS001596,COR00457,KEK,BLSA,SCR,point_machine_fault,B,2025-07-03,2025-06-29,4,False,3.4,False,Signal & Telecommunication
SMMS001597,COR05401,MRPR,RNRD,NCR,cable_fault,B,2025-12-22,2025-12-21,1,False,0.9,True,Signal & Telecommunication
SMMS001598,COR01005,NJN,CJA,NFR,point_machine_fault,B,2025-02-05,2025-02-04,1,False,2.8,True,Signal & Telecommunication
SMMS001599,COR02138,RNE,PDG,SCR,cable_fault,B,2025-10-03,2025-09-28,5,False,0.9,True,Signal & Telecommunication
SMMS001600,COR01868,VJPJ,BBMN,NR,block_instrument_fault,B,2024-04-27,2024-04-08,19,True,1.0,True,Signal & Telecommunication
SMMS001601,COR04551,DZA,GSB,NR,cable_fault,B,2024-11-29,2024-11-06,23,False,3.2,True,Signal & Telecommunication
SMMS001602,COR01696,SHR,DDCE,WCR,axle_counter_fault,A,2025-03-19,2025-03-18,1,True,1.8,True,Signal & Telecommunication
SMMS001603,COR03084,BDJ,NAU,SR,signal_failure,A,2025-04-29,2025-04-28,1,True,3.4,True,Signal & Telecommunication
SMMS001604,COR01279,VMM,KNPL,SR,cable_fault,B,2025-07-11,2025-06-13,28,False,1.1,True,Signal & Telecommunication
SMMS001605,COR04561,SW,MLN,NER,point_machine_fault,B,2025-04-08,2025-04-06,2,False,2.8,False,Signal & Telecommunication
SMMS001606,COR00153,BWSN,SMDP,NR,signal_failure,A,2025-06-07,2025-06-04,3,True,1.4,False,Signal & Telecommunication
SMMS001607,COR05091,TAV,JBB,WR,block_instrument_fault,B,2024-03-20,2024-02-27,22,True,1.3,True,Signal & Telecommunication
SMMS001608,COR01019,PKB,LKG,NFR,block_instrument_fault,B,2025-03-05,2025-03-03,2,True,3.1,True,Signal & Telecommunication
SMMS001609,COR05219,MY,MV,SR,interlocking_fault,A,2024-03-04,2024-02-28,5,True,3.9,True,Signal & Telecommunication
SMMS001610,COR04704,NVRD,TPND,CR,signal_failure,A,2025-08-09,2025-07-20,20,True,2.4,True,Signal & Telecommunication
SMMS001611,COR04605,HOJ,HSA,NFR,signal_failure,A,2024-07-15,2024-07-08,7,True,0.6,True,Signal & Telecommunication
SMMS001612,COR00193,CAA,HRNG,ECR,cable_fault,B,2024-01-29,2024-01-29,0,False,2.7,True,Signal & Telecommunication
SMMS001613,COR00276,CRK,HD,WCR,point_machine_fault,B,2025-05-29,2025-05-28,1,False,2.4,True,Signal & Telecommunication
SMMS001614,COR02806,MIRA,BYR,WR,axle_counter_fault,A,2024-06-14,2024-06-11,3,True,2.2,True,Signal & Telecommunication
SMMS001615,COR00205,IDGJ,JSR,NCR,interlocking_fault,A,2024-10-18,2024-10-16,2,True,1.5,True,Signal & Telecommunication
SMMS001616,COR01886,PNDP,KMT,SCR,point_machine_fault,B,2025-12-23,2025-12-09,14,False,3.9,True,Signal & Telecommunication
SMMS001617,COR02956,SNGR,PKNS,SCR,cable_fault,B,2025-03-07,2025-03-02,5,False,1.6,True,Signal & Telecommunication
SMMS001618,COR00270,DKI,BPF,WCR,block_instrument_fault,B,2025-05-02,2025-04-30,2,True,3.4,True,Signal & Telecommunication
SMMS001619,COR01086,PCH,SUL,SWR,cable_fault,B,2024-05-02,2024-04-30,2,False,1.8,True,Signal & Telecommunication
SMMS001620,COR01969,MLHA,KSD,WR,block_instrument_fault,B,2024-03-01,2024-02-09,21,True,3.2,True,Signal & Telecommunication
SMMS001621,COR02457,LKX,MTFA,ER,axle_counter_fault,A,2025-10-14,2025-10-11,3,True,2.6,True,Signal & Telecommunication
SMMS001622,COR02998,PUM,KODN,SR,point_machine_fault,B,2025-11-01,2025-10-28,4,False,0.9,True,Signal & Telecommunication
SMMS001623,COR01437,LKN,DPL,ECR,axle_counter_fault,A,2025-10-30,2025-10-29,1,True,1.2,True,Signal & Telecommunication
SMMS001624,COR01723,KTDD,BRG,NCR,signal_failure,A,2024-02-27,2024-02-24,3,True,1.0,True,Signal & Telecommunication
SMMS001625,COR03041,URL,KMD,SR,signal_failure,A,2025-02-09,2025-02-08,1,True,2.0,True,Signal & Telecommunication
SMMS001626,COR00854,CRU,LBG,SCR,point_machine_fault,B,2025-03-21,2025-03-18,3,False,0.6,True,Signal & Telecommunication
SMMS001627,COR00054,KYSD,UMN,WR,block_instrument_fault,B,2024-02-15,2024-02-15,0,True,1.7,True,Signal & Telecommunication
SMMS001628,COR00791,RHG,SRRG,NWR,signal_failure,A,2024-07-11,2024-07-07,4,True,3.9,True,Signal & Telecommunication
SMMS001629,COR03845,LPTA,SPK,NFR,signal_failure,A,2025-01-07,2025-01-07,0,True,2.7,True,Signal & Telecommunication
SMMS001630,COR02767,MUT,PQY,NR,cable_fault,B,2025-03-02,2025-03-01,1,False,2.8,True,Signal & Telecommunication
SMMS001631,COR01438,DPL,LAK,ECR,block_instrument_fault,B,2024-04-19,2024-04-17,2,True,2.7,True,Signal & Telecommunication
SMMS001632,COR01572,MDVR,SLI,CR,cable_fault,B,2025-10-10,2025-09-18,22,False,3.8,True,Signal & Telecommunication
SMMS001633,COR01706,BUU,MYR,WCR,interlocking_fault,A,2025-08-19,2025-08-19,0,True,2.8,True,Signal & Telecommunication
SMMS001634,COR01701,KTE,PTWA,WCR,block_instrument_fault,B,2024-08-11,2024-07-18,24,True,0.9,False,Signal & Telecommunication
SMMS001635,COR05127,MRTL,CKKN,NR,interlocking_fault,A,2024-06-25,2024-06-23,2,True,2.4,True,Signal & Telecommunication
SMMS001636,COR00719,KHAR,BDTS,WR,interlocking_fault,A,2024-10-11,2024-09-27,14,True,1.4,True,Signal & Telecommunication
SMMS001637,COR02345,BDDR,KSD,WR,point_machine_fault,B,2025-03-01,2025-02-27,2,False,3.7,True,Signal & Telecommunication
SMMS001638,COR05221,AAH,AXK,NCR,cable_fault,B,2024-12-01,2024-12-01,0,False,3.9,True,Signal & Telecommunication
SMMS001639,COR01654,MWM,SBC,SWR,point_machine_fault,B,2025-10-07,2025-10-07,0,False,2.2,True,Signal & Telecommunication
SMMS001640,COR00932,SBC,BNC,SWR,signal_failure,A,2025-12-08,2025-12-04,4,True,0.6,True,Signal & Telecommunication
SMMS001641,COR04035,BCY,SRNT,NER,point_machine_fault,B,2024-12-18,2024-10-13,66,False,2.0,True,Signal & Telecommunication
SMMS001642,COR00118,LR,GEK,NWR,cable_fault,B,2024-05-31,2024-05-30,1,False,1.4,True,Signal & Telecommunication
SMMS001643,COR05524,SBNM,BQG,ER,point_machine_fault,B,2025-02-23,2025-02-23,0,False,2.2,True,Signal & Telecommunication
SMMS001644,COR04665,MADR,SWV,KR,signal_failure,A,2025-11-21,2025-11-15,6,True,2.8,True,Signal & Telecommunication
SMMS001645,COR00385,SRNT,BCY,NER,cable_fault,B,2025-12-11,2025-12-08,3,False,2.0,True,Signal & Telecommunication
SMMS001646,COR01937,UPR,PTU,SCR,cable_fault,B,2025-11-09,2025-11-06,3,False,0.6,True,Signal & Telecommunication
SMMS001647,COR01748,LMNR,INDB,WR,signal_failure,A,2024-12-06,2024-12-05,1,True,1.9,True,Signal & Telecommunication
SMMS001648,COR00231,PKRD,JKE,WCR,lc_gate_interlock_fault,A,2025-05-28,2025-05-27,1,False,3.0,True,Signal & Telecommunication
SMMS001649,COR01703,JKE,PKRD,WCR,signal_failure,A,2024-07-02,2024-06-18,14,True,3.7,True,Signal & Telecommunication
SMMS001650,COR05997,GPX,OSRA,WR,cable_fault,B,2025-08-23,2025-08-20,3,False,2.2,True,Signal & Telecommunication
SMMS001651,COR00442,AKE,BKU,SCR,point_machine_fault,B,2024-10-07,2024-10-03,4,False,3.6,True,Signal & Telecommunication
SMMS001652,COR03091,ETK,CS,SR,axle_counter_fault,A,2025-12-03,2025-12-01,2,True,2.4,True,Signal & Telecommunication
SMMS001653,COR00158,PTNR,DBSI,NR,cable_fault,B,2024-05-20,2024-05-17,3,False,2.6,True,Signal & Telecommunication
SMMS001654,COR01032,AJRE,JID,NFR,signal_failure,A,2025-09-16,2025-09-15,1,True,0.6,False,Signal & Telecommunication
SMMS001655,COR02405,WTJ,ALB,WR,block_instrument_fault,B,2025-08-20,2025-08-20,0,True,4.0,False,Signal & Telecommunication
SMMS001656,COR03060,NNN,DYS,SR,cable_fault,B,2025-12-14,2025-12-09,5,False,1.2,True,Signal & Telecommunication
SMMS001657,COR07996,SWG,NRM,NR,axle_counter_fault,A,2025-04-22,2025-04-22,0,True,2.3,True,Signal & Telecommunication
SMMS001658,COR00572,MTR,MHL,ECR,axle_counter_fault,A,2024-04-21,2024-04-11,10,True,3.9,True,Signal & Telecommunication
SMMS001659,COR02635,MGM,DHU,ER,axle_counter_fault,A,2024-08-11,2024-08-07,4,True,0.9,True,Signal & Telecommunication
SMMS001660,COR06258,MCF,AVP,SECR,lc_gate_interlock_fault,A,2024-11-14,2024-11-12,2,False,2.2,True,Signal & Telecommunication
SMMS001661,COR03656,IDP,TGU,SCR,cable_fault,B,2024-09-20,2024-09-14,6,False,3.5,True,Signal & Telecommunication
SMMS001662,COR03619,SOQ,BNA,SWR,cable_fault,B,2024-08-21,2024-08-16,5,False,0.8,True,Signal & Telecommunication
SMMS001663,COR06227,WDA,DJA,NFR,signal_failure,A,2024-08-23,2024-08-21,2,True,2.5,True,Signal & Telecommunication
SMMS001664,COR01343,JTY,CTT,NWR,cable_fault,B,2024-10-10,2024-10-06,4,False,1.7,True,Signal & Telecommunication
SMMS001665,COR06144,VNB,TDPM,SR,lc_gate_interlock_fault,A,2024-08-02,2024-07-29,4,False,2.4,True,Signal & Telecommunication
SMMS001666,COR05990,CNDM,KLK,NR,axle_counter_fault,A,2024-10-26,2024-10-23,3,True,2.5,True,Signal & Telecommunication
SMMS001667,COR06848,SDBH,SNMY,ECR,point_machine_fault,B,2024-07-01,2024-06-29,2,False,2.0,True,Signal & Telecommunication
SMMS001668,COR00029,LXR,DL,WR,interlocking_fault,A,2025-06-29,2025-06-20,9,True,2.5,True,Signal & Telecommunication
SMMS001669,COR05388,CBZ,NPU,NFR,point_machine_fault,B,2025-10-03,2025-09-04,29,False,2.4,True,Signal & Telecommunication
SMMS001670,COR02808,NIG,BSR,WR,lc_gate_interlock_fault,A,2025-01-21,2025-01-21,0,False,1.1,True,Signal & Telecommunication
SMMS001671,COR00076,KWI,BMN,NWR,cable_fault,B,2025-04-20,2025-04-20,0,False,1.3,True,Signal & Telecommunication
SMMS001672,COR02392,DL,LXR,WR,lc_gate_interlock_fault,A,2025-10-02,2025-09-30,2,False,2.8,True,Signal & Telecommunication
SMMS001673,COR02026,JGG,GYN,NER,interlocking_fault,A,2025-09-27,2025-09-23,4,True,4.0,True,Signal & Telecommunication
SMMS001674,COR05733,CUD,CUPJ,SR,point_machine_fault,B,2025-03-11,2025-03-09,2,False,1.8,True,Signal & Telecommunication
SMMS001675,COR01142,TVG,LWR,SWR,block_instrument_fault,B,2025-03-21,2025-03-20,1,True,2.9,True,Signal & Telecommunication
SMMS001676,COR01826,JRL,SDRA,NWR,point_machine_fault,B,2024-11-21,2024-11-01,20,False,1.3,True,Signal & Telecommunication
SMMS001677,COR02799,ADH,JOS,WR,axle_counter_fault,A,2024-04-05,2024-03-09,27,True,2.9,True,Signal & Telecommunication
SMMS001678,COR01879,YP,TNGM,SCR,lc_gate_interlock_fault,A,2025-06-13,2025-06-09,4,False,0.9,True,Signal & Telecommunication
SMMS001679,COR03887,GHE,BGZ,NR,interlocking_fault,A,2025-01-13,2024-12-22,22,True,2.5,True,Signal & Telecommunication
SMMS001680,COR00851,JAO,BRLA,WR,block_instrument_fault,B,2024-10-08,2024-09-11,27,True,2.6,True,Signal & Telecommunication
SMMS001681,COR02821,BRRD,UBR,WR,point_machine_fault,B,2025-04-24,2025-03-30,25,False,1.9,True,Signal & Telecommunication
SMMS001682,COR04691,VEER,GNO,KR,cable_fault,B,2025-04-19,2025-04-17,2,False,0.6,True,Signal & Telecommunication
SMMS001683,COR04795,GSP,JHWR,NR,lc_gate_interlock_fault,A,2024-08-24,2024-08-21,3,False,2.1,False,Signal & Telecommunication
SMMS001684,COR01894,TAA,KDM,SCR,axle_counter_fault,A,2024-04-28,2024-04-25,3,True,2.6,False,Signal & Telecommunication
SMMS001685,COR01490,JTTN,CMA,NFR,interlocking_fault,A,2024-03-11,2024-03-09,2,True,2.8,True,Signal & Telecommunication
SMMS001686,COR04648,CTTP,MRDW,KR,signal_failure,A,2025-11-25,2025-11-22,3,True,3.7,True,Signal & Telecommunication
SMMS001687,COR03096,BEHS,SOW,ECR,cable_fault,B,2025-05-03,2025-04-28,5,False,1.0,True,Signal & Telecommunication
SMMS001688,COR01570,BVQ,NDE,CR,cable_fault,B,2024-07-14,2024-06-26,18,False,1.7,True,Signal & Telecommunication
SMMS001689,COR00434,GWV,MED,SCR,cable_fault,B,2025-11-09,2025-11-09,0,False,3.8,True,Signal & Telecommunication
SMMS001690,COR02842,BAY,BYC,SWR,cable_fault,B,2025-06-23,2025-06-19,4,False,1.1,True,Signal & Telecommunication
SMMS001691,COR01090,BGM,DUR,SWR,block_instrument_fault,B,2025-12-01,2025-11-30,1,True,0.8,True,Signal & Telecommunication
SMMS001692,COR05394,MBA,CRC,NCR,block_instrument_fault,B,2025-12-05,2025-12-02,3,True,0.8,True,Signal & Telecommunication
SMMS001693,COR00281,KRO,KKN,WCR,signal_failure,A,2024-12-15,2024-12-10,5,True,3.4,True,Signal & Telecommunication
SMMS001694,COR02351,RKZ,BOM,NWR,cable_fault,B,2024-08-19,2024-08-16,3,False,2.3,True,Signal & Telecommunication
SMMS001695,COR00917,KVLR,TPP,SWR,cable_fault,B,2024-04-26,2024-04-03,23,False,2.7,True,Signal & Telecommunication
SMMS001696,COR04723,MTV,ZB,SCR,block_instrument_fault,B,2024-01-10,2024-01-03,7,True,1.2,True,Signal & Telecommunication
SMMS001697,COR01720,MKP,PNHI,NCR,point_machine_fault,B,2025-05-04,2025-04-17,17,False,3.8,True,Signal & Telecommunication
SMMS001698,COR02391,LMC,DL,WR,axle_counter_fault,A,2024-01-13,2024-01-08,5,True,3.8,True,Signal & Telecommunication
SMMS001699,COR02224,BDRL,Y,SWR,block_instrument_fault,B,2025-06-23,2025-06-20,3,True,1.1,True,Signal & Telecommunication
SMMS001700,COR03688,SHM,PDPK,SER,cable_fault,B,2025-01-08,2025-01-06,2,False,2.1,True,Signal & Telecommunication
SMMS001701,COR00235,NWR,SNRR,WCR,block_instrument_fault,B,2025-03-14,2024-10-29,136,True,3.8,True,Signal & Telecommunication
SMMS001702,COR01930,PBN,PG,SCR,lc_gate_interlock_fault,A,2025-03-31,2025-03-29,2,False,3.8,True,Signal & Telecommunication
SMMS001703,COR02836,VDH,NVS,WR,signal_failure,A,2024-05-14,2024-01-15,120,True,2.7,True,Signal & Telecommunication
SMMS001704,COR01573,SLI,VRB,CR,cable_fault,B,2024-09-13,2024-08-20,24,False,1.5,True,Signal & Telecommunication
SMMS001705,COR00233,PTWA,KTE,WCR,block_instrument_fault,B,2025-10-24,2025-10-01,23,True,1.9,False,Signal & Telecommunication
SMMS001706,COR02435,KGLE,JVT,ER,lc_gate_interlock_fault,A,2025-03-31,2025-03-20,11,False,3.3,True,Signal & Telecommunication
SMMS001707,COR01487,HWX,LKG,NFR,cable_fault,B,2024-06-01,2024-05-20,12,False,1.5,True,Signal & Telecommunication
SMMS001708,COR00485,BRI,MUO,WCR,signal_failure,A,2024-03-15,2024-03-11,4,True,1.0,True,Signal & Telecommunication
SMMS001709,COR04128,KODN,PUM,SR,axle_counter_fault,A,2024-11-16,2024-11-16,0,True,3.9,True,Signal & Telecommunication
SMMS001710,COR00522,JWS,NSD,NWR,block_instrument_fault,B,2024-04-28,2024-04-26,2,True,1.6,True,Signal & Telecommunication
SMMS001711,COR03648,MVP,PCU,SCR,signal_failure,A,2024-02-11,2024-01-27,15,True,0.9,True,Signal & Telecommunication
SMMS001712,COR04705,TPND,NIIJ,CR,axle_counter_fault,A,2025-08-03,2025-08-03,0,True,1.1,True,Signal & Telecommunication
SMMS001713,COR00488,HD,CRK,WCR,cable_fault,B,2024-01-07,2023-12-29,9,False,2.6,True,Signal & Telecommunication
SMMS001714,COR03750,JNE,BLT,NWR,cable_fault,B,2024-10-30,2024-10-29,1,False,2.7,True,Signal & Telecommunication
SMMS001715,COR01837,NRGR,UDM,WR,lc_gate_interlock_fault,A,2025-04-13,2025-04-11,2,False,2.8,True,Signal & Telecommunication
SMMS001716,COR02080,BSN,ARGP,SWR,signal_failure,A,2025-02-02,2024-10-25,100,True,2.0,True,Signal & Telecommunication
SMMS001717,COR00015,ALB,WTJ,WR,block_instrument_fault,B,2025-05-12,2025-05-07,5,True,3.5,True,Signal & Telecommunication
SMMS001718,COR03176,HRG,MKDN,CR,cable_fault,B,2025-09-10,2025-04-09,154,False,3.2,True,Signal & Telecommunication
SMMS001719,COR00214,PNHI,MKP,NCR,cable_fault,B,2024-10-24,2024-10-21,3,False,1.1,True,Signal & Telecommunication
SMMS001720,COR00890,BOZ,ALW,SCR,point_machine_fault,B,2024-07-14,2024-07-11,3,False,2.9,True,Signal & Telecommunication
SMMS001721,COR04959,THVM,KRMI,KR,point_machine_fault,B,2024-08-08,2024-08-08,0,False,1.8,True,Signal & Telecommunication
SMMS001722,COR00630,CHRM,PRDL,SECR,cable_fault,B,2025-02-21,2025-02-19,2,False,3.3,False,Signal & Telecommunication
SMMS001723,COR01351,KMLI,UJA,WR,interlocking_fault,A,2024-04-23,2024-04-19,4,True,3.6,True,Signal & Telecommunication
SMMS001724,COR01711,SAGM,HATI,WCR,interlocking_fault,A,2024-08-29,2024-08-28,1,True,3.9,True,Signal & Telecommunication
SMMS001725,COR02991,VLI,PGI,SR,signal_failure,A,2024-01-04,2024-01-01,3,True,3.5,False,Signal & Telecommunication
SMMS001726,COR01711,SAGM,HATI,WCR,block_instrument_fault,B,2024-02-04,2024-02-02,2,True,2.1,True,Signal & Telecommunication
SMMS001727,COR04352,GAMI,TSD,NWR,block_instrument_fault,B,2024-04-21,2024-03-22,30,True,2.3,True,Signal & Telecommunication
SMMS001728,COR02891,CAER,KHA,WCR,signal_failure,A,2025-07-07,2025-06-01,36,True,3.3,True,Signal & Telecommunication
SMMS001729,COR01389,BAL,AYN,SR,cable_fault,B,2025-12-14,2025-12-11,3,False,0.9,True,Signal & Telecommunication
SMMS001730,COR05747,NID,MV,SR,point_machine_fault,B,2025-10-11,2025-09-21,20,False,3.1,True,Signal & Telecommunication
SMMS001731,COR04164,PDL,LMD,SCR,signal_failure,A,2024-07-10,2024-04-09,92,True,0.6,True,Signal & Telecommunication
SMMS001732,COR05178,THA,JHDC,ECR,point_machine_fault,B,2024-06-23,2024-06-22,1,False,1.2,True,Signal & Telecommunication
SMMS001733,COR02311,MTC,PRTP,NR,signal_failure,A,2025-08-18,2025-07-20,29,True,3.3,True,Signal & Telecommunication
SMMS001734,COR02992,PGI,TA,SR,block_instrument_fault,B,2024-08-05,2024-07-28,8,True,0.6,True,Signal & Telecommunication
SMMS001735,COR01858,BHRL,SJNP,NR,signal_failure,A,2025-12-22,2025-11-27,25,True,1.9,True,Signal & Telecommunication
SMMS001736,COR02817,BOR,VGN,WR,cable_fault,B,2025-06-20,2025-01-28,143,False,0.7,True,Signal & Telecommunication
SMMS001737,COR01699,SNRR,NWR,WCR,signal_failure,A,2025-07-12,2025-07-09,3,True,1.1,True,Signal & Telecommunication
SMMS001738,COR01668,GRO,SQL,WCR,point_machine_fault,B,2024-06-14,2024-06-13,1,False,4.0,False,Signal & Telecommunication
SMMS001739,COR08492,BFX,WRS,ECR,signal_failure,A,2024-05-23,2024-05-18,5,True,0.8,True,Signal & Telecommunication
SMMS001740,COR04300,CKYD,KER,NER,lc_gate_interlock_fault,A,2025-09-13,2025-09-07,6,False,3.5,True,Signal & Telecommunication
SMMS001741,COR02062,SBC,MWM,SWR,signal_failure,A,2024-09-15,2024-09-14,1,True,3.9,True,Signal & Telecommunication
SMMS001742,COR02722,GK,BNKJ,NER,axle_counter_fault,A,2025-02-28,2025-02-24,4,True,3.1,True,Signal & Telecommunication
SMMS001743,COR02275,BELA,CKH,ECR,axle_counter_fault,A,2024-12-22,2024-12-18,4,True,3.7,True,Signal & Telecommunication
SMMS001744,COR00469,SAV,NB,CR,point_machine_fault,B,2025-06-08,2025-06-05,3,False,3.4,True,Signal & Telecommunication
SMMS001745,COR02109,KJG,KVS,SWR,signal_failure,A,2025-05-29,2025-05-24,5,True,2.1,True,Signal & Telecommunication
SMMS001746,COR03760,IZN,DOX,NER,point_machine_fault,B,2024-05-08,2024-05-04,4,False,3.2,False,Signal & Telecommunication
SMMS001747,COR06677,SRN,KJC,NER,cable_fault,B,2024-05-28,2024-05-23,5,False,2.9,True,Signal & Telecommunication
SMMS001748,COR00780,MJNL,AIA,NWR,cable_fault,B,2024-03-19,2024-03-15,4,False,2.6,True,Signal & Telecommunication
SMMS001749,COR03344,RMM,PBM,SR,interlocking_fault,A,2024-06-11,2024-06-09,2,True,0.9,True,Signal & Telecommunication
SMMS001750,COR05801,DBI,PGK,NWR,signal_failure,A,2024-01-08,2023-12-31,8,True,2.6,True,Signal & Telecommunication
SMMS001751,COR00480,CAER,BRUD,WCR,cable_fault,B,2025-01-21,2025-01-19,2,False,2.8,True,Signal & Telecommunication
SMMS001752,COR02899,ERL,PYD,SR,lc_gate_interlock_fault,A,2025-03-14,2025-02-21,21,False,3.0,True,Signal & Telecommunication
SMMS001753,COR00763,DEC,PM,NR,lc_gate_interlock_fault,A,2024-06-14,2024-06-12,2,False,2.0,True,Signal & Telecommunication
SMMS001754,COR01972,LAL,BNTH,WR,interlocking_fault,A,2024-07-25,2024-07-24,1,True,1.7,True,Signal & Telecommunication
SMMS001755,COR03494,SSKA,AFR,NR,cable_fault,B,2025-04-13,2025-04-13,0,False,0.8,True,Signal & Telecommunication
SMMS001756,COR04133,TIR,TA,SR,signal_failure,A,2025-03-22,2025-03-04,18,True,1.4,True,Signal & Telecommunication
SMMS001757,COR05071,HTD,ROS,NWR,axle_counter_fault,A,2024-11-18,2024-11-13,5,True,1.8,False,Signal & Telecommunication
SMMS001758,COR00421,HYB,LKPL,SCR,signal_failure,A,2025-02-06,2025-02-03,3,True,3.7,True,Signal & Telecommunication
SMMS001759,COR00542,TKQ,PAY,SR,cable_fault,B,2024-11-06,2024-11-02,4,False,1.7,True,Signal & Telecommunication
SMMS001760,COR03976,SALE,MHTR,ER,block_instrument_fault,B,2024-02-23,2024-02-19,4,True,0.8,True,Signal & Telecommunication
SMMS001761,COR02397,SDD,KNKT,WR,point_machine_fault,B,2025-10-03,2025-09-30,3,False,1.7,True,Signal & Telecommunication
SMMS001762,COR04126,KRKD,PTB,SR,cable_fault,B,2024-08-10,2024-03-30,133,False,2.9,True,Signal & Telecommunication
SMMS001763,COR00615,DKJ,PPY,SCR,interlocking_fault,A,2025-10-08,2025-10-06,2,True,1.5,True,Signal & Telecommunication
SMMS001764,COR00663,HBP,MOG,ECR,point_machine_fault,B,2025-07-27,2025-02-23,154,False,1.5,True,Signal & Telecommunication
SMMS001765,COR03761,DOX,BPR,NER,interlocking_fault,A,2025-12-05,2025-11-17,18,True,2.3,False,Signal & Telecommunication
SMMS001766,COR04657,CNO,BLLI,KR,cable_fault,B,2025-06-21,2025-02-19,122,False,2.2,True,Signal & Telecommunication
SMMS001767,COR04540,CKDL,CHNR,NR,interlocking_fault,A,2024-03-07,2024-03-02,5,True,0.7,True,Signal & Telecommunication
SMMS001768,COR01329,KTR,NANA,NWR,cable_fault,B,2024-04-18,2024-04-16,2,False,1.8,True,Signal & Telecommunication
SMMS001769,COR02943,CJE,NTT,SR,cable_fault,B,2025-10-10,2025-10-10,0,False,2.4,True,Signal & Telecommunication
SMMS001770,COR04876,SGF,GSW,NWR,axle_counter_fault,A,2025-01-13,2024-12-18,26,True,4.0,True,Signal & Telecommunication
SMMS001771,COR01501,SBY,SLR,NR,block_instrument_fault,B,2025-01-20,2025-01-16,4,True,2.7,True,Signal & Telecommunication
SMMS001772,COR02810,NSP,VR,WR,signal_failure,A,2025-08-06,2025-08-06,0,True,1.9,True,Signal & Telecommunication
SMMS001773,COR01104,PSLP,PCU,SCR,block_instrument_fault,B,2024-07-19,2024-06-19,30,True,1.9,True,Signal & Telecommunication
SMMS001774,COR01435,UMNR,SKJ,ECR,cable_fault,B,2024-02-21,2024-02-18,3,False,0.7,True,Signal & Telecommunication
SMMS001775,COR00485,BRI,MUO,WCR,point_machine_fault,B,2025-12-29,2025-09-05,115,False,2.0,True,Signal & Telecommunication
SMMS001776,COR02981,VEK,QLD,SR,point_machine_fault,B,2024-10-11,2024-10-10,1,False,3.7,True,Signal & Telecommunication
SMMS001777,COR00289,NPNR,CDI,CR,point_machine_fault,B,2024-03-07,2024-03-02,5,False,3.5,True,Signal & Telecommunication
SMMS001778,COR04048,SBK,YFP,NER,point_machine_fault,B,2025-01-04,2024-12-17,18,False,3.9,True,Signal & Telecommunication
SMMS001779,COR02763,MDNR,MUZ,NR,signal_failure,A,2025-11-03,2025-11-02,1,True,3.9,True,Signal & Telecommunication
SMMS001780,COR00419,KQD,LKPL,SCR,signal_failure,A,2025-01-25,2025-01-20,5,True,2.4,True,Signal & Telecommunication
SMMS001781,COR02150,MCPK,MTCN,SR,block_instrument_fault,B,2025-06-04,2025-06-03,1,True,2.2,True,Signal & Telecommunication
SMMS001782,COR03557,CHRA,KSU,SER,axle_counter_fault,A,2025-07-05,2025-06-27,8,True,1.9,True,Signal & Telecommunication
SMMS001783,COR00229,BUU,UDR,WCR,block_instrument_fault,B,2025-07-06,2025-07-06,0,True,0.7,False,Signal & Telecommunication
SMMS001784,COR00488,HD,CRK,WCR,cable_fault,B,2024-08-25,2024-07-28,28,False,1.6,True,Signal & Telecommunication
SMMS001785,COR03072,BVRM,BVRT,SCR,signal_failure,A,2025-08-23,2025-08-23,0,True,1.3,True,Signal & Telecommunication
SMMS001786,COR00267,SQL,GRO,WCR,interlocking_fault,A,2024-12-09,2024-11-29,10,True,3.3,True,Signal & Telecommunication
SMMS001787,COR01522,SNRD,BY,CR,block_instrument_fault,B,2024-10-22,2024-10-21,1,True,0.9,True,Signal & Telecommunication
SMMS001788,COR01839,KDHA,VRG,WR,cable_fault,B,2025-03-11,2025-01-28,42,False,2.5,True,Signal & Telecommunication
SMMS001789,COR01829,NLQ,JTS,NWR,cable_fault,B,2025-09-20,2025-08-21,30,False,0.5,True,Signal & Telecommunication
SMMS001790,COR02683,GSO,UCA,NR,lc_gate_interlock_fault,A,2024-05-01,2024-05-01,0,False,2.7,True,Signal & Telecommunication
SMMS001791,COR01644,TK,KIAT,SWR,interlocking_fault,A,2024-12-09,2024-12-09,0,True,1.8,True,Signal & Telecommunication
SMMS001792,COR03923,SHC,SHKY,ECR,point_machine_fault,B,2025-11-17,2025-10-28,20,False,3.6,True,Signal & Telecommunication
SMMS001793,COR00231,PKRD,JKE,WCR,signal_failure,A,2025-06-17,2025-06-07,10,True,2.4,True,Signal & Telecommunication
SMMS001794,COR04006,KVTA,HAD,SR,point_machine_fault,B,2024-01-26,2024-01-22,4,False,3.0,True,Signal & Telecommunication
SMMS001795,COR02995,TUA,KTU,SR,axle_counter_fault,A,2025-12-21,2025-12-19,2,True,3.6,False,Signal & Telecommunication
SMMS001796,COR04091,ORKI,HMK,NR,block_instrument_fault,B,2025-01-28,2024-12-30,29,True,1.5,True,Signal & Telecommunication
SMMS001797,COR00689,UBR,BRRD,WR,signal_failure,A,2024-04-18,2024-04-09,9,True,0.9,True,Signal & Telecommunication
SMMS001798,COR01319,BWA,SOS,NWR,cable_fault,B,2025-03-01,2025-02-28,1,False,2.0,True,Signal & Telecommunication
SMMS001799,COR02907,BRAM,NEM,SR,point_machine_fault,B,2025-07-31,2025-07-15,16,False,3.0,True,Signal & Telecommunication
SMMS001800,COR04270,KARD,KHBV,CR,block_instrument_fault,B,2025-02-25,2025-02-24,1,True,1.7,True,Signal & Telecommunication
SMMS001801,COR02182,LVR,PDPR,NER,lc_gate_interlock_fault,A,2025-06-20,2025-06-19,1,False,2.9,True,Signal & Telecommunication
SMMS001802,COR06746,BDGP,KRNU,SWR,block_instrument_fault,B,2025-10-18,2025-09-23,25,True,0.6,False,Signal & Telecommunication
SMMS001803,COR02598,BKJ,UD,KR,cable_fault,B,2025-09-01,2025-08-27,5,False,3.9,True,Signal & Telecommunication
SMMS001804,COR03611,KUG,HBS,SWR,cable_fault,B,2025-10-14,2025-10-09,5,False,2.0,True,Signal & Telecommunication
SMMS001805,COR00282,KKN,DRHI,WCR,lc_gate_interlock_fault,A,2024-07-27,2024-07-27,0,False,2.2,True,Signal & Telecommunication
SMMS001806,COR04955,ZARP,SWV,KR,cable_fault,B,2024-01-10,2024-01-09,1,False,2.7,False,Signal & Telecommunication
SMMS001807,COR06062,BALI,PDRA,WR,cable_fault,B,2025-05-23,2025-05-18,5,False,2.1,True,Signal & Telecommunication
SMMS001808,COR01948,AWB,DLB,SCR,signal_failure,A,2025-01-29,2025-01-27,2,True,1.0,True,Signal & Telecommunication
SMMS001809,COR02813,SAH,KLV,WR,axle_counter_fault,A,2025-12-21,2025-12-18,3,True,2.7,True,Signal & Telecommunication
SMMS001810,COR04852,RAKL,MLAR,NCR,point_machine_fault,B,2025-12-16,2025-11-21,25,False,3.5,True,Signal & Telecommunication
SMMS001811,COR00031,LMC,THAN,WR,axle_counter_fault,A,2024-01-30,2024-01-26,4,True,2.6,True,Signal & Telecommunication
SMMS001812,COR04299,PPH,PNRA,NER,signal_failure,A,2024-05-11,2024-05-10,1,True,1.9,True,Signal & Telecommunication
SMMS001813,COR01769,NMD,MLZ,WCR,lc_gate_interlock_fault,A,2024-04-09,2024-03-24,16,False,0.7,True,Signal & Telecommunication
SMMS001814,COR04977,FTD,AJN,WR,signal_failure,A,2024-09-01,2024-09-01,0,True,1.3,True,Signal & Telecommunication
SMMS001815,COR00585,KUMB,CAI,ECR,point_machine_fault,B,2025-11-11,2025-10-23,19,False,2.7,True,Signal & Telecommunication
SMMS001816,COR03250,MLZ,NMD,WCR,block_instrument_fault,B,2025-03-11,2025-03-11,0,True,3.8,True,Signal & Telecommunication
SMMS001817,COR02318,KDHA,UDM,WR,block_instrument_fault,B,2024-01-08,2024-01-08,0,True,2.1,True,Signal & Telecommunication
SMMS001818,COR02791,DDR,MRU,WR,cable_fault,B,2024-10-17,2024-10-16,1,False,3.2,True,Signal & Telecommunication
SMMS001819,COR01615,SLU,JRU,SWR,axle_counter_fault,A,2024-07-26,2024-07-26,0,True,1.4,False,Signal & Telecommunication
SMMS001820,COR04505,BJP,IMR,SWR,signal_failure,A,2025-11-10,2025-11-02,8,True,0.7,True,Signal & Telecommunication
SMMS001821,COR03007,GEB,PGC,ECR,axle_counter_fault,A,2024-02-11,2024-02-06,5,True,1.7,True,Signal & Telecommunication
SMMS001822,COR03250,MLZ,NMD,WCR,block_instrument_fault,B,2025-08-29,2025-08-27,2,True,3.9,True,Signal & Telecommunication
SMMS001823,COR02167,IVL,KDU,SR,point_machine_fault,B,2025-02-15,2025-02-14,1,False,3.6,False,Signal & Telecommunication
SMMS001824,COR00697,KLV,SAH,WR,cable_fault,B,2025-06-03,2025-05-23,11,False,1.9,True,Signal & Telecommunication
SMMS001825,COR06256,EDD,PDL,SCR,cable_fault,B,2024-09-14,2024-09-01,13,False,3.9,True,Signal & Telecommunication
SMMS001826,COR00230,UDR,PKRD,WCR,point_machine_fault,B,2024-04-13,2024-04-11,2,False,2.8,True,Signal & Telecommunication
SMMS001827,COR00195,MAI,MHL,ECR,block_instrument_fault,B,2024-08-20,2024-08-15,5,True,3.4,True,Signal & Telecommunication
SMMS001828,COR01228,UMD,PJR,CR,cable_fault,B,2025-01-13,2025-01-10,3,False,0.8,True,Signal & Telecommunication
SMMS001829,COR01709,LGCE,STA,WCR,block_instrument_fault,B,2024-12-13,2024-12-12,1,True,1.9,False,Signal & Telecommunication
SMMS001830,COR04923,KASU,NGTN,CR,block_instrument_fault,B,2025-08-18,2025-08-18,0,True,3.3,True,Signal & Telecommunication
SMMS001831,COR03573,BGO,GBA,SER,axle_counter_fault,A,2025-04-30,2025-04-22,8,True,2.2,True,Signal & Telecommunication
SMMS001832,COR03803,CHPD,HAD,SR,point_machine_fault,B,2025-12-25,2025-12-25,0,False,2.2,True,Signal & Telecommunication
SMMS001833,COR00555,MGWN,MIH,NR,signal_failure,A,2025-12-12,2025-12-12,0,True,3.3,True,Signal & Telecommunication
SMMS001834,COR03000,PTB,KRKD,SR,lc_gate_interlock_fault,A,2025-03-05,2025-02-20,13,False,0.5,True,Signal & Telecommunication
SMMS001835,COR00149,PT,GHH,NR,interlocking_fault,A,2025-01-07,2025-01-05,2,True,0.9,True,Signal & Telecommunication
SMMS001836,COR04541,CHNR,BDHY,NR,cable_fault,B,2025-07-08,2025-07-05,3,False,2.3,True,Signal & Telecommunication
SMMS001837,COR00680,DGI,BL,WR,cable_fault,B,2024-01-10,2024-01-09,1,False,2.9,True,Signal & Telecommunication
SMMS001838,COR01632,SSNH,TTR,SWR,cable_fault,B,2025-04-21,2025-04-20,1,False,3.8,True,Signal & Telecommunication
SMMS001839,COR02902,KZTW,PASA,SR,interlocking_fault,A,2025-02-27,2025-02-25,2,True,1.2,True,Signal & Telecommunication
SMMS001840,COR00237,SBD,DDCE,WCR,signal_failure,A,2024-03-06,2024-03-05,1,True,3.2,False,Signal & Telecommunication
SMMS001841,COR01305,APA,SEU,NWR,signal_failure,A,2024-11-15,2024-11-15,0,True,1.7,True,Signal & Telecommunication
SMMS001842,COR00869,JKM,NZB,SCR,point_machine_fault,B,2024-09-17,2024-09-15,2,False,2.0,True,Signal & Telecommunication
SMMS001843,COR01669,SQL,BGTA,WCR,cable_fault,B,2024-03-16,2024-02-24,21,False,3.7,True,Signal & Telecommunication
SMMS001844,COR03041,URL,KMD,SR,point_machine_fault,B,2024-04-18,2024-04-13,5,False,1.5,True,Signal & Telecommunication
SMMS001845,COR00594,AWS,VKNR,ECR,lc_gate_interlock_fault,A,2024-07-12,2024-06-20,22,False,3.9,True,Signal & Telecommunication
SMMS001846,COR05428,KHNM,BHDR,NR,axle_counter_fault,A,2025-08-08,2025-08-07,1,True,3.1,False,Signal & Telecommunication
SMMS001847,COR01890,DKJ,GLA,SCR,lc_gate_interlock_fault,A,2024-01-13,2023-12-16,28,False,3.6,True,Signal & Telecommunication
SMMS001848,COR04594,AZA,MRZA,NFR,signal_failure,A,2024-08-18,2024-08-14,4,True,3.1,True,Signal & Telecommunication
SMMS001849,COR01959,BRSQ,SDPR,NR,signal_failure,A,2025-12-11,2025-12-09,2,True,0.8,True,Signal & Telecommunication
SMMS001850,COR03154,BLAX,MGG,WR,block_instrument_fault,B,2024-09-22,2024-06-11,103,True,3.3,True,Signal & Telecommunication
SMMS001851,COR01377,TVR,KU,SR,cable_fault,B,2025-11-17,2025-11-17,0,False,1.1,True,Signal & Telecommunication
SMMS001852,COR04708,JDN,MSH,WR,axle_counter_fault,A,2024-06-08,2024-03-13,87,True,2.0,True,Signal & Telecommunication
SMMS001853,COR01337,MXO,ABR,NWR,cable_fault,B,2024-08-15,2024-08-15,0,False,2.3,True,Signal & Telecommunication
SMMS001854,COR01325,FA,BRLY,NWR,point_machine_fault,B,2025-08-21,2025-08-17,4,False,1.6,True,Signal & Telecommunication
SMMS001855,COR00672,SCH,MRL,WR,lc_gate_interlock_fault,A,2025-05-01,2025-04-28,3,False,2.8,True,Signal & Telecommunication
SMMS001856,COR00558,IKK,JWP,NR,point_machine_fault,B,2024-10-21,2024-10-18,3,False,2.4,True,Signal & Telecommunication
SMMS001857,COR01567,BVNR,TKR,CR,axle_counter_fault,A,2025-11-20,2025-10-22,29,True,1.9,True,Signal & Telecommunication
SMMS001858,COR01425,NGE,BRH,SECR,interlocking_fault,A,2024-12-24,2024-08-25,121,True,2.4,True,Signal & Telecommunication
SMMS001859,COR02809,BSR,NSP,WR,signal_failure,A,2025-06-26,2025-05-31,26,True,2.5,False,Signal & Telecommunication
SMMS001860,COR00719,KHAR,BDTS,WR,axle_counter_fault,A,2024-10-07,2024-10-05,2,True,3.1,True,Signal & Telecommunication
SMMS001861,COR04447,KFA,SBV,ECR,block_instrument_fault,B,2025-09-14,2025-09-09,5,True,3.2,True,Signal & Telecommunication
SMMS001862,COR00451,NZB,JKM,SCR,lc_gate_interlock_fault,A,2024-02-25,2024-02-12,13,False,3.3,True,Signal & Telecommunication
SMMS001863,COR00495,DKI,KTZ,WCR,lc_gate_interlock_fault,A,2024-04-17,2024-04-16,1,False,3.5,True,Signal & Telecommunication
SMMS001864,COR00295,NB,SAV,CR,block_instrument_fault,B,2025-04-08,2025-03-13,26,True,2.0,True,Signal & Telecommunication
SMMS001865,COR00280,BRI,KRO,WCR,cable_fault,B,2024-04-12,2024-04-07,5,False,2.7,True,Signal & Telecommunication
SMMS001866,COR03082,PYOL,IGL,SR,cable_fault,B,2024-08-11,2024-08-10,1,False,3.9,True,Signal & Telecommunication
SMMS001867,COR01457,MDRA,NRD,WR,lc_gate_interlock_fault,A,2024-01-02,2024-01-02,0,False,4.0,False,Signal & Telecommunication
SMMS001868,COR01155,SNRD,MSD,CR,lc_gate_interlock_fault,A,2025-07-15,2025-06-22,23,False,2.8,True,Signal & Telecommunication
SMMS001869,COR00252,BELD,GPC,WCR,signal_failure,A,2024-02-07,2024-02-05,2,True,1.5,True,Signal & Telecommunication
SMMS001870,COR06132,ALMR,NGA,WR,cable_fault,B,2025-01-24,2025-01-20,4,False,1.9,True,Signal & Telecommunication
SMMS001871,COR06666,KRTL,GTP,NER,signal_failure,A,2024-09-11,2024-08-17,25,True,3.8,True,Signal & Telecommunication
SMMS001872,COR00498,BRLA,JAO,WR,block_instrument_fault,B,2024-08-03,2024-07-09,25,True,1.8,True,Signal & Telecommunication
SMMS001873,COR02811,VR,VTN,WR,axle_counter_fault,A,2025-01-03,2024-12-31,3,True,2.9,False,Signal & Telecommunication
SMMS001874,COR05701,DTQ,GIW,NCR,signal_failure,A,2025-07-24,2025-07-20,4,True,2.3,True,Signal & Telecommunication
SMMS001875,COR05659,BMQ,GOLE,NWR,interlocking_fault,A,2025-02-22,2025-02-22,0,True,1.1,True,Signal & Telecommunication
SMMS001876,COR03573,BGO,GBA,SER,block_instrument_fault,B,2025-03-01,2025-02-18,11,True,2.6,True,Signal & Telecommunication
SMMS001877,COR00698,SAH,VTN,WR,signal_failure,A,2025-02-18,2025-02-13,5,True,2.0,True,Signal & Telecommunication
SMMS001878,COR05528,HDM,GNL,SECR,signal_failure,A,2024-01-12,2023-12-22,21,True,0.7,True,Signal & Telecommunication
SMMS001879,COR00048,CTRL,EN,WR,point_machine_fault,B,2025-06-15,2025-06-13,2,False,2.3,True,Signal & Telecommunication
SMMS001880,COR02150,MCPK,MTCN,SR,cable_fault,B,2025-09-23,2025-09-19,4,False,1.3,True,Signal & Telecommunication
SMMS001881,COR02378,VNRD,KHRS,WR,axle_counter_fault,A,2025-05-10,2025-05-05,5,True,1.2,True,Signal & Telecommunication
SMMS001882,COR01615,SLU,JRU,SWR,point_machine_fault,B,2025-02-17,2025-01-20,28,False,2.0,False,Signal & Telecommunication
SMMS001883,COR03506,MNM,MNME,SR,block_instrument_fault,B,2025-03-28,2025-03-16,12,True,2.5,True,Signal & Telecommunication
SMMS001884,COR02139,PDG,PTU,SCR,signal_failure,A,2025-02-22,2025-02-10,12,True,2.1,True,Signal & Telecommunication
SMMS001885,COR06328,BRPM,PRKA,WR,block_instrument_fault,B,2025-02-17,2025-02-12,5,True,3.1,True,Signal & Telecommunication
SMMS001886,COR00275,TBN,CRK,WCR,interlocking_fault,A,2024-05-29,2024-05-25,4,True,3.9,True,Signal & Telecommunication
SMMS001887,COR02974,MAHE,MUKE,SR,block_instrument_fault,B,2024-02-07,2024-02-04,3,True,3.7,True,Signal & Telecommunication
SMMS001888,COR00192,PPA,CAA,ECR,interlocking_fault,A,2025-11-23,2025-11-21,2,True,1.3,True,Signal & Telecommunication
SMMS001889,COR00248,BHTN,BMR,WCR,point_machine_fault,B,2025-03-26,2025-03-23,3,False,3.8,True,Signal & Telecommunication
SMMS001890,COR02806,MIRA,BYR,WR,cable_fault,B,2024-08-20,2024-08-16,4,False,1.8,True,Signal & Telecommunication
SMMS001891,COR00027,WKRC,WKR,WR,cable_fault,B,2025-12-21,2025-12-17,4,False,3.1,True,Signal & Telecommunication
SMMS001892,COR00679,JRS,DGI,WR,signal_failure,A,2024-10-26,2024-10-24,2,True,3.0,True,Signal & Telecommunication
SMMS001893,COR00232,JKE,PTWA,WCR,lc_gate_interlock_fault,A,2024-05-12,2024-01-12,121,False,3.4,True,Signal & Telecommunication
SMMS001894,COR00768,BDXT,GHH,NR,block_instrument_fault,B,2024-11-25,2024-11-23,2,True,1.0,True,Signal & Telecommunication
SMMS001895,COR05647,URGA,SRBA,SECR,cable_fault,B,2025-08-12,2025-08-08,4,False,2.9,True,Signal & Telecommunication
SMMS001896,COR00687,BLD,SJN,WR,cable_fault,B,2025-11-09,2025-11-02,7,False,1.1,False,Signal & Telecommunication
SMMS001897,COR02130,AWB,MKDD,SCR,block_instrument_fault,B,2024-05-16,2024-02-12,94,True,3.6,True,Signal & Telecommunication
SMMS001898,COR03135,GHUM,DJ,NFR,block_instrument_fault,B,2025-10-06,2025-10-05,1,True,1.9,True,Signal & Telecommunication
SMMS001899,COR03825,JMI,OTN,NFR,cable_fault,B,2025-06-21,2025-06-19,2,False,3.1,True,Signal & Telecommunication
SMMS001900,COR07391,SMQL,GLBN,NR,interlocking_fault,A,2024-10-25,2024-10-25,0,True,2.3,True,Signal & Telecommunication
SMMS001901,COR02398,KNKT,KHC,WR,interlocking_fault,A,2025-12-03,2025-11-29,4,True,2.8,False,Signal & Telecommunication
SMMS001902,COR01897,NKD,YGL,SCR,block_instrument_fault,B,2025-12-05,2025-12-05,0,True,2.6,True,Signal & Telecommunication
SMMS001903,COR02087,ADHL,ASK,SWR,block_instrument_fault,B,2025-06-13,2025-06-09,4,True,0.5,True,Signal & Telecommunication
SMMS001904,COR03480,SWC,CKTD,NCR,cable_fault,B,2024-03-27,2024-03-26,1,False,2.5,True,Signal & Telecommunication
SMMS001905,COR01104,PSLP,PCU,SCR,cable_fault,B,2024-01-16,2024-01-15,1,False,2.1,True,Signal & Telecommunication
SMMS001906,COR04609,DLO,BNV,NFR,cable_fault,B,2025-01-21,2024-12-29,23,False,1.5,True,Signal & Telecommunication
SMMS001907,COR00224,SAGM,STA,WCR,block_instrument_fault,B,2024-04-11,2024-04-06,5,True,1.1,True,Signal & Telecommunication
SMMS001908,COR02862,NGR,SVHE,SWR,cable_fault,B,2024-11-23,2024-11-21,2,False,3.8,True,Signal & Telecommunication
SMMS001909,COR02704,NNO,MGLP,NR,signal_failure,A,2025-02-23,2025-02-15,8,True,3.0,True,Signal & Telecommunication
SMMS001910,COR01211,PRLI,GTU,SCR,signal_failure,A,2025-06-18,2025-04-18,61,True,3.8,True,Signal & Telecommunication
SMMS001911,COR01844,BPRS,CGH,NR,signal_failure,A,2025-06-28,2025-06-27,1,True,3.4,True,Signal & Telecommunication
SMMS001912,COR00371,DDD,YFP,NER,point_machine_fault,B,2024-08-28,2024-08-28,0,False,2.1,False,Signal & Telecommunication
SMMS001913,COR03565,CJN,ANCR,SER,cable_fault,B,2025-11-08,2025-10-10,29,False,2.5,True,Signal & Telecommunication
SMMS001914,COR03959,NDAE,VSPR,ER,block_instrument_fault,B,2024-02-23,2023-12-04,81,True,2.2,True,Signal & Telecommunication
SMMS001915,COR00509,GGR,SNYN,NWR,cable_fault,B,2024-12-25,2024-12-24,1,False,2.6,True,Signal & Telecommunication
SMMS001916,COR00075,MXO,KWI,NWR,point_machine_fault,B,2025-07-20,2025-07-20,0,False,1.2,True,Signal & Telecommunication
SMMS001917,COR04712,CKX,AMBR,SCR,interlocking_fault,A,2024-01-03,2023-12-29,5,True,3.8,True,Signal & Telecommunication
SMMS001918,COR02232,BID,HJL,SWR,lc_gate_interlock_fault,A,2024-03-08,2024-03-05,3,False,3.4,True,Signal & Telecommunication
SMMS001919,COR00999,FKG,OTN,NFR,cable_fault,B,2025-02-16,2025-02-11,5,False,0.9,True,Signal & Telecommunication
SMMS001920,COR01622,AJP,NVF,SWR,lc_gate_interlock_fault,A,2025-11-10,2025-11-06,4,False,2.8,True,Signal & Telecommunication
SMMS001921,COR00606,CLE,YGL,SCR,interlocking_fault,A,2025-03-07,2025-02-08,27,True,3.9,True,Signal & Telecommunication
SMMS001922,COR00206,JSR,MFX,NCR,cable_fault,B,2025-11-21,2025-11-16,5,False,1.8,True,Signal & Telecommunication
SMMS001923,COR03505,RPLY,JNKR,ECR,block_instrument_fault,B,2024-06-23,2024-06-23,0,True,3.0,True,Signal & Telecommunication
SMMS001924,COR08121,NZT,AWT,SR,block_instrument_fault,B,2024-02-26,2024-02-11,15,True,1.1,True,Signal & Telecommunication
SMMS001925,COR00246,KEQ,BRGT,WCR,block_instrument_fault,B,2024-06-21,2024-06-21,0,True,3.4,False,Signal & Telecommunication
SMMS001926,COR02830,BL,DGI,WR,interlocking_fault,A,2024-09-19,2024-09-17,2,True,1.0,True,Signal & Telecommunication
SMMS001927,COR04031,SYQ,MDPR,WR,cable_fault,B,2025-11-27,2025-11-24,3,False,2.2,True,Signal & Telecommunication
SMMS001928,COR01715,CTHR,MJG,WCR,lc_gate_interlock_fault,A,2025-05-01,2025-04-20,11,False,2.0,True,Signal & Telecommunication
SMMS001929,COR01542,GPR,SSV,CR,lc_gate_interlock_fault,A,2024-03-10,2024-03-09,1,False,2.9,True,Signal & Telecommunication
SMMS001930,COR01784,DRU,RRB,SWR,lc_gate_interlock_fault,A,2024-03-06,2024-03-05,1,False,1.5,True,Signal & Telecommunication
SMMS001931,COR00084,MOI,JWB,NWR,cable_fault,B,2024-03-11,2024-03-09,2,False,3.9,True,Signal & Telecommunication
SMMS001932,COR01717,MKD,BQF,WCR,axle_counter_fault,A,2024-07-09,2024-07-05,4,True,0.5,True,Signal & Telecommunication
SMMS001933,COR00955,VKP,NPM,SR,signal_failure,A,2024-09-16,2024-09-14,2,True,1.8,True,Signal & Telecommunication
SMMS001934,COR07792,BUB,CUR,NWR,axle_counter_fault,A,2025-04-20,2025-04-19,1,True,0.5,True,Signal & Telecommunication
SMMS001935,COR04127,PTB,KODN,SR,cable_fault,B,2024-08-28,2024-08-24,4,False,3.3,True,Signal & Telecommunication
SMMS001936,COR00735,SVM,KM,SWR,cable_fault,B,2025-01-24,2024-12-27,28,False,3.9,True,Signal & Telecommunication
SMMS001937,COR00090,BGPR,JAL,NWR,point_machine_fault,B,2024-11-01,2024-10-20,12,False,4.0,True,Signal & Telecommunication
SMMS001938,COR04315,MY,KTM,SR,point_machine_fault,B,2024-11-20,2024-11-15,5,False,2.3,True,Signal & Telecommunication
SMMS001939,COR03557,CHRA,KSU,SER,signal_failure,A,2024-05-17,2024-05-15,2,True,1.4,True,Signal & Telecommunication
SMMS001940,COR00915,MRV,PAU,SCR,signal_failure,A,2024-05-06,2024-04-15,21,True,1.2,True,Signal & Telecommunication
SMMS001941,COR01765,COO,GGC,WCR,block_instrument_fault,B,2024-11-12,2024-11-12,0,True,3.2,True,Signal & Telecommunication
SMMS001942,COR00239,SHR,GSPR,WCR,cable_fault,B,2025-11-07,2025-11-07,0,False,1.0,True,Signal & Telecommunication
SMMS001943,COR02830,BL,DGI,WR,cable_fault,B,2024-05-01,2024-04-26,5,False,0.7,True,Signal & Telecommunication
SMMS001944,COR03959,NDAE,VSPR,ER,cable_fault,B,2025-03-04,2025-03-02,2,False,3.5,True,Signal & Telecommunication
SMMS001945,COR01897,NKD,YGL,SCR,signal_failure,A,2024-04-17,2024-04-16,1,True,2.0,True,Signal & Telecommunication
SMMS001946,COR02835,ACL,VDH,WR,interlocking_fault,A,2024-08-29,2024-08-06,23,True,1.8,True,Signal & Telecommunication
SMMS001947,COR02814,KLV,PLG,WR,point_machine_fault,B,2024-03-26,2024-03-23,3,False,2.2,True,Signal & Telecommunication
SMMS001948,COR01521,MSD,SNRD,CR,axle_counter_fault,A,2024-09-15,2024-09-12,3,True,1.3,True,Signal & Telecommunication
SMMS001949,COR01008,KHKT,DMV,NFR,point_machine_fault,B,2025-06-30,2025-06-30,0,False,3.8,True,Signal & Telecommunication
SMMS001950,COR05985,AILM,KQL,NR,cable_fault,B,2025-09-23,2025-09-19,4,False,1.2,False,Signal & Telecommunication
SMMS001951,COR03050,CVP,KDU,SR,point_machine_fault,B,2025-09-05,2025-09-05,0,False,1.0,True,Signal & Telecommunication
SMMS001952,COR04652,KT,GOK,KR,point_machine_fault,B,2024-12-21,2024-12-21,0,False,1.0,True,Signal & Telecommunication
SMMS001953,COR00695,UOI,PLG,WR,signal_failure,A,2025-09-21,2025-09-17,4,True,3.9,True,Signal & Telecommunication
SMMS001954,COR00694,BOR,UOI,WR,cable_fault,B,2024-04-10,2024-04-07,3,False,1.7,True,Signal & Telecommunication
SMMS001955,COR02746,ARJ,DHE,NER,block_instrument_fault,B,2025-09-13,2025-08-19,25,True,3.0,True,Signal & Telecommunication
SMMS001956,COR02139,PDG,PTU,SCR,lc_gate_interlock_fault,A,2024-04-15,2024-04-14,1,False,3.1,True,Signal & Telecommunication
SMMS001957,COR04364,MNO,SPP,ECR,lc_gate_interlock_fault,A,2025-06-06,2025-06-02,4,False,1.8,True,Signal & Telecommunication
SMMS001958,COR00922,PCV,MZU,SWR,point_machine_fault,B,2024-08-22,2024-08-07,15,False,0.8,True,Signal & Telecommunication
SMMS001959,COR06192,MGVK,SONR,SECR,cable_fault,B,2025-12-18,2025-12-15,3,False,1.2,True,Signal & Telecommunication
SMMS001960,COR07047,UIH,JLY,SECR,cable_fault,B,2025-03-21,2025-02-21,28,False,3.0,True,Signal & Telecommunication
SMMS001961,COR02694,ROK,ABO,NR,cable_fault,B,2025-12-10,2025-12-08,2,False,3.1,False,Signal & Telecommunication
SMMS001962,COR05493,VVKP,DKZ,NR,signal_failure,A,2024-02-10,2024-02-07,3,True,2.7,False,Signal & Telecommunication
SMMS001963,COR05003,MCJ,TRB,SR,point_machine_fault,B,2024-06-09,2024-06-04,5,False,0.6,True,Signal & Telecommunication
SMMS001964,COR00180,CAMU,NKE,ECR,axle_counter_fault,A,2025-06-21,2025-06-17,4,True,3.0,True,Signal & Telecommunication
SMMS001965,COR02720,RZJ,BFV,NER,point_machine_fault,B,2024-09-08,2024-09-03,5,False,3.4,True,Signal & Telecommunication
SMMS001966,COR00299,KDBA,YDM,SWR,point_machine_fault,B,2024-03-22,2024-03-17,5,False,1.1,True,Signal & Telecommunication
SMMS001967,COR01044,TLMR,MGKM,NFR,cable_fault,B,2024-03-12,2024-03-12,0,False,1.8,True,Signal & Telecommunication
SMMS001968,COR06973,BJO,KJLU,NR,signal_failure,A,2024-02-27,2024-01-29,29,True,3.3,True,Signal & Telecommunication
SMMS001969,COR01710,STA,SAGM,WCR,interlocking_fault,A,2025-10-23,2025-06-10,135,True,3.3,True,Signal & Telecommunication
SMMS001970,COR02232,BID,HJL,SWR,axle_counter_fault,A,2024-01-13,2023-12-24,20,True,3.4,True,Signal & Telecommunication
SMMS001971,COR04226,RJK,KD,NR,point_machine_fault,B,2025-04-09,2025-04-09,0,False,0.7,True,Signal & Telecommunication
SMMS001972,COR02831,DGI,JRS,WR,block_instrument_fault,B,2025-11-23,2025-11-20,3,True,1.7,True,Signal & Telecommunication
SMMS001973,COR01510,MRJ,JSP,CR,cable_fault,B,2025-02-21,2024-09-30,144,False,3.6,True,Signal & Telecommunication
SMMS001974,COR00376,AKS,SAHR,NER,lc_gate_interlock_fault,A,2025-01-01,2024-12-25,7,False,2.0,True,Signal & Telecommunication
SMMS001975,COR01366,SHRD,KHD,WR,block_instrument_fault,B,2024-09-15,2024-09-10,5,True,0.6,True,Signal & Telecommunication
SMMS001976,COR01129,BTRI,UJH,NER,cable_fault,B,2025-04-14,2025-04-10,4,False,1.1,True,Signal & Telecommunication
SMMS001977,COR05020,TVR,AYM,SR,point_machine_fault,B,2024-08-07,2024-07-13,25,False,1.3,True,Signal & Telecommunication
SMMS001978,COR04653,GOK,ANKL,KR,axle_counter_fault,A,2024-09-13,2024-09-11,2,True,2.4,False,Signal & Telecommunication
SMMS001979,COR00882,ME,BMPL,SCR,interlocking_fault,A,2025-04-27,2025-04-27,0,True,0.7,True,Signal & Telecommunication
SMMS001980,COR02162,TEN,TAY,SR,block_instrument_fault,B,2025-07-12,2025-07-12,0,True,2.0,True,Signal & Telecommunication
SMMS001981,COR04636,KQK,KLAD,SR,point_machine_fault,B,2024-12-17,2024-12-12,5,False,3.2,True,Signal & Telecommunication
SMMS001982,COR03020,PTA,PTE,NR,block_instrument_fault,B,2024-03-20,2024-03-15,5,True,1.0,True,Signal & Telecommunication
SMMS001983,COR00214,PNHI,MKP,NCR,interlocking_fault,A,2025-01-11,2025-01-11,0,True,2.4,True,Signal & Telecommunication
SMMS001984,COR04434,PCLI,IKR,CR,interlocking_fault,A,2025-08-04,2025-08-04,0,True,1.2,True,Signal & Telecommunication
SMMS001985,COR03248,RNT,MXL,WCR,interlocking_fault,A,2024-11-30,2024-11-29,1,True,0.9,False,Signal & Telecommunication
SMMS001986,COR00207,MFX,LOG,NCR,point_machine_fault,B,2024-11-08,2024-11-07,1,False,1.5,True,Signal & Telecommunication
SMMS001987,COR06979,KJY,MOM,NR,cable_fault,B,2025-11-15,2025-11-10,5,False,1.4,True,Signal & Telecommunication
SMMS001988,COR04019,OKHA,MTHP,WR,point_machine_fault,B,2024-08-03,2024-08-02,1,False,2.1,True,Signal & Telecommunication
SMMS001989,COR00692,DRD,VGN,WR,cable_fault,B,2024-03-01,2024-02-26,4,False,1.6,False,Signal & Telecommunication
SMMS001990,COR00581,SRA,SGL,ECR,cable_fault,B,2025-09-08,2025-08-17,22,False,2.9,True,Signal & Telecommunication
SMMS001991,COR02301,RNA,BMHR,NR,axle_counter_fault,A,2024-11-27,2024-11-27,0,True,3.8,True,Signal & Telecommunication
SMMS001992,COR01610,DVG,THN,SWR,point_machine_fault,B,2024-05-16,2024-05-14,2,False,3.5,True,Signal & Telecommunication
SMMS001993,COR02078,SPGR,AMSA,SWR,signal_failure,A,2024-10-27,2024-10-24,3,True,2.1,True,Signal & Telecommunication
SMMS001994,COR02416,BHTL,BPKA,WR,signal_failure,A,2025-10-03,2025-09-11,22,True,0.7,True,Signal & Telecommunication
SMMS001995,COR03374,JKHI,ADR,NWR,block_instrument_fault,B,2024-05-24,2024-05-20,4,True,2.7,False,Signal & Telecommunication
SMMS001996,COR01075,VJR,SED,SWR,point_machine_fault,B,2025-04-11,2025-04-06,5,False,2.2,True,Signal & Telecommunication
SMMS001997,COR05396,KLAR,BTX,NCR,point_machine_fault,B,2025-04-04,2025-03-05,30,False,3.2,True,Signal & Telecommunication
SMMS001998,COR04908,CGKP,PANP,SWR,interlocking_fault,A,2024-10-03,2024-10-03,0,True,2.6,True,Signal & Telecommunication
SMMS001999,COR00290,CDI,AGQ,CR,point_machine_fault,B,2024-12-05,2024-12-05,0,False,2.1,True,Signal & Telecommunication
SMMS002000,COR03488,FRD,KD,NR,interlocking_fault,A,2024-06-26,2024-06-26,0,True,2.2,True,Signal & Telecommunication
SMMS002001,COR00762,KRTN,DEC,NR,point_machine_fault,B,2024-11-21,2024-11-10,11,False,1.8,True,Signal & Telecommunication
SMMS002002,COR00245,MML,KEQ,WCR,cable_fault,B,2024-05-17,2024-05-16,1,False,0.8,True,Signal & Telecommunication
SMMS002003,COR03723,DPU,DLDE,NFR,point_machine_fault,B,2024-03-10,2024-03-05,5,False,2.4,True,Signal & Telecommunication
SMMS002004,COR00117,MD,LR,NWR,point_machine_fault,B,2024-03-22,2024-03-20,2,False,2.9,True,Signal & Telecommunication
SMMS002005,COR07622,DRN,AMA,NER,point_machine_fault,B,2025-02-24,2025-02-16,8,False,2.5,True,Signal & Telecommunication
SMMS002006,COR06677,SRN,KJC,NER,cable_fault,B,2025-02-03,2025-02-02,1,False,2.5,True,Signal & Telecommunication
SMMS002007,COR03292,BLRR,CRLM,SWR,cable_fault,B,2024-07-23,2024-03-25,120,False,3.1,True,Signal & Telecommunication
SMMS002008,COR01668,GRO,SQL,WCR,axle_counter_fault,A,2024-07-06,2024-06-12,24,True,3.6,True,Signal & Telecommunication
SMMS002009,COR04609,DLO,BNV,NFR,interlocking_fault,A,2024-02-21,2024-02-21,0,True,2.1,True,Signal & Telecommunication
SMMS002010,COR05660,GOLE,TWL,NWR,lc_gate_interlock_fault,A,2025-01-01,2024-12-29,3,False,0.8,True,Signal & Telecommunication
SMMS002011,COR03354,SUX,MNM,SR,lc_gate_interlock_fault,A,2025-02-01,2024-11-19,74,False,2.1,True,Signal & Telecommunication
SMMS002012,COR03330,KUP,RHW,NR,axle_counter_fault,A,2025-09-21,2025-09-20,1,True,1.8,True,Signal & Telecommunication
SMMS002013,COR02812,VTN,SAH,WR,cable_fault,B,2024-01-31,2024-01-27,4,False,2.8,False,Signal & Telecommunication
SMMS002014,COR02153,MTMY,MNDY,SR,axle_counter_fault,A,2024-08-28,2024-08-08,20,True,2.2,True,Signal & Telecommunication
SMMS002015,COR00579,MKI,BMKI,ECR,signal_failure,A,2025-03-08,2025-03-04,4,True,0.9,False,Signal & Telecommunication
SMMS002016,COR00372,YFP,SBK,NER,cable_fault,B,2024-07-13,2024-07-09,4,False,1.7,True,Signal & Telecommunication
SMMS002017,COR02206,MWRN,SRBA,SECR,signal_failure,A,2024-11-01,2024-10-22,10,True,2.8,True,Signal & Telecommunication
SMMS002018,COR00673,MRL,NVS,WR,point_machine_fault,B,2025-01-10,2025-01-09,1,False,1.6,True,Signal & Telecommunication
SMMS002019,COR00419,KQD,LKPL,SCR,cable_fault,B,2025-10-07,2025-10-02,5,False,1.7,True,Signal & Telecommunication
SMMS002020,COR01727,LOG,MFX,NCR,axle_counter_fault,A,2024-03-02,2024-03-02,0,True,1.7,True,Signal & Telecommunication
SMMS002021,COR02166,MEJ,IVL,SR,point_machine_fault,B,2024-06-24,2024-06-22,2,False,1.1,True,Signal & Telecommunication
SMMS002022,COR02989,FK,KN,SR,signal_failure,A,2025-03-21,2025-03-19,2,True,1.7,False,Signal & Telecommunication
SMMS002023,COR01769,NMD,MLZ,WCR,cable_fault,B,2025-10-31,2025-10-30,1,False,3.8,True,Signal & Telecommunication
SMMS002024,COR01866,GHGL,SMBX,NR,cable_fault,B,2024-06-15,2024-05-20,26,False,1.2,True,Signal & Telecommunication
SMMS002025,COR00482,DRHI,KKN,WCR,signal_failure,A,2024-10-12,2024-10-11,1,True,2.1,True,Signal & Telecommunication
SMMS002026,COR01007,BXJ,KHKT,NFR,point_machine_fault,B,2025-05-28,2025-02-11,106,False,3.9,True,Signal & Telecommunication
SMMS002027,COR00252,BELD,GPC,WCR,point_machine_fault,B,2024-01-21,2024-01-19,2,False,2.5,True,Signal & Telecommunication
SMMS002028,COR03937,KEV,PNGR,WCR,lc_gate_interlock_fault,A,2025-12-06,2025-12-01,5,False,2.4,True,Signal & Telecommunication
SMMS002029,COR01925,VDGN,GNH,SCR,signal_failure,A,2024-06-12,2024-05-30,13,True,1.8,True,Signal & Telecommunication
SMMS002030,COR03295,AEK,HSRA,SWR,axle_counter_fault,A,2025-08-25,2025-08-24,1,True,0.9,True,Signal & Telecommunication
SMMS002031,COR00479,KNW,MTA,CR,cable_fault,B,2025-06-16,2025-06-14,2,False,1.2,True,Signal & Telecommunication
SMMS002032,COR00400,KYI,MPJ,ER,cable_fault,B,2025-06-17,2025-01-17,151,False,3.2,True,Signal & Telecommunication
SMMS002033,COR02399,KHC,BLWR,WR,cable_fault,B,2025-05-21,2025-05-17,4,False,2.7,True,Signal & Telecommunication
SMMS002034,COR00706,BSR,NIG,WR,cable_fault,B,2024-09-28,2024-09-25,3,False,1.0,True,Signal & Telecommunication
SMMS002035,COR00037,CJR,SUNR,WR,point_machine_fault,B,2025-05-04,2025-05-01,3,False,1.7,True,Signal & Telecommunication
SMMS002036,COR01600,YLG,SVNR,SWR,interlocking_fault,A,2025-10-09,2025-10-06,3,True,3.3,True,Signal & Telecommunication
SMMS002037,COR02382,LTR,BLRD,WR,point_machine_fault,B,2024-11-14,2024-11-11,3,False,3.0,True,Signal & Telecommunication
SMMS002038,COR02928,BNY,PRZ,NER,point_machine_fault,B,2024-01-27,2024-01-26,1,False,0.6,True,Signal & Telecommunication
SMMS002039,COR06824,KORI,RE,NWR,point_machine_fault,B,2024-02-28,2023-10-03,148,False,2.8,True,Signal & Telecommunication
SMMS002040,COR01542,GPR,SSV,CR,cable_fault,B,2024-02-08,2024-02-06,2,False,2.5,True,Signal & Telecommunication
SMMS002041,COR01523,BY,CHG,CR,signal_failure,A,2024-03-10,2024-02-28,11,True,3.7,True,Signal & Telecommunication
SMMS002042,COR00101,BGX,CNL,NWR,lc_gate_interlock_fault,A,2025-06-16,2025-06-16,0,False,2.8,True,Signal & Telecommunication
SMMS002043,COR02826,VAPI,UVD,WR,point_machine_fault,B,2025-03-05,2025-02-18,15,False,1.0,True,Signal & Telecommunication
SMMS002044,COR02695,ABO,KRZ,NR,interlocking_fault,A,2024-05-22,2024-05-21,1,True,1.1,True,Signal & Telecommunication
SMMS002045,COR01720,MKP,PNHI,NCR,cable_fault,B,2025-09-11,2025-09-10,1,False,3.6,True,Signal & Telecommunication
SMMS002046,COR04951,NAN,KKW,KR,signal_failure,A,2025-06-03,2025-06-02,1,True,0.8,True,Signal & Telecommunication
SMMS002047,COR02122,HBG,JBP,WCR,block_instrument_fault,B,2025-09-13,2025-08-18,26,True,2.6,False,Signal & Telecommunication
SMMS002048,COR04608,MJE,DLO,NFR,point_machine_fault,B,2024-08-22,2024-08-18,4,False,1.8,True,Signal & Telecommunication
SMMS002049,COR01570,BVQ,NDE,CR,block_instrument_fault,B,2024-01-31,2024-01-27,4,True,4.0,True,Signal & Telecommunication
SMMS002050,COR04886,ABX,KSAE,SCR,block_instrument_fault,B,2025-05-11,2025-05-07,4,True,2.5,True,Signal & Telecommunication
SMMS002051,COR00018,CX,PDH,WR,block_instrument_fault,B,2024-05-06,2024-02-18,78,True,3.2,True,Signal & Telecommunication
SMMS002052,COR04124,PTA,DOC,NR,block_instrument_fault,B,2024-06-08,2024-06-07,1,True,2.7,True,Signal & Telecommunication
SMMS002053,COR00485,BRI,MUO,WCR,point_machine_fault,B,2025-04-30,2025-04-25,5,False,3.3,True,Signal & Telecommunication
SMMS002054,COR08256,JPO,SKU,NCR,cable_fault,B,2024-12-26,2024-12-21,5,False,1.0,True,Signal & Telecommunication
SMMS002055,COR04184,GJW,UKN,NR,signal_failure,A,2024-04-21,2024-04-06,15,True,3.6,True,Signal & Telecommunication
SMMS002056,COR01710,STA,SAGM,WCR,cable_fault,B,2025-04-30,2025-04-27,3,False,2.9,True,Signal & Telecommunication
SMMS002057,COR00673,MRL,NVS,WR,signal_failure,A,2025-11-11,2025-11-10,1,True,2.7,True,Signal & Telecommunication
SMMS002058,COR06046,BIK,RNIR,NER,cable_fault,B,2025-07-13,2025-07-10,3,False,1.7,False,Signal & Telecommunication
SMMS002059,COR04991,MYU,SEV,SR,point_machine_fault,B,2025-11-11,2025-10-20,22,False,3.8,True,Signal & Telecommunication
SMMS002060,COR01033,JID,BRHU,NFR,cable_fault,B,2025-03-25,2025-03-25,0,False,3.9,True,Signal & Telecommunication
SMMS002061,COR04815,RMF,MQX,ECR,cable_fault,B,2025-10-26,2025-10-26,0,False,2.4,True,Signal & Telecommunication
SMMS002062,COR00276,CRK,HD,WCR,block_instrument_fault,B,2025-07-05,2025-07-01,4,True,0.9,True,Signal & Telecommunication
SMMS002063,COR01391,SGM,TOM,SR,cable_fault,B,2024-11-23,2024-10-24,30,False,2.7,True,Signal & Telecommunication
SMMS002064,COR00040,LTR,LPR,WR,signal_failure,A,2024-06-26,2024-06-19,7,True,3.1,True,Signal & Telecommunication
SMMS002065,COR01711,SAGM,HATI,WCR,interlocking_fault,A,2024-03-11,2024-03-11,0,True,1.9,True,Signal & Telecommunication
SMMS002066,COR02196,THX,AAY,SR,cable_fault,B,2025-08-31,2025-08-27,4,False,1.3,True,Signal & Telecommunication
SMMS002067,COR03418,RKH,KOY,WR,block_instrument_fault,B,2025-11-02,2025-10-30,3,True,1.4,True,Signal & Telecommunication
SMMS002068,COR00864,SQE,DAB,SCR,cable_fault,B,2025-06-24,2025-06-21,3,False,2.3,True,Signal & Telecommunication
SMMS002069,COR02830,BL,DGI,WR,interlocking_fault,A,2024-02-09,2024-02-09,0,True,3.7,True,Signal & Telecommunication
SMMS002070,COR06774,NTZ,MLC,NWR,axle_counter_fault,A,2024-09-22,2024-09-19,3,True,1.5,True,Signal & Telecommunication
SMMS002071,COR00084,MOI,JWB,NWR,interlocking_fault,A,2025-05-23,2025-05-18,5,True,0.8,True,Signal & Telecommunication
SMMS002072,COR02157,KTBR,INDR,SR,cable_fault,B,2025-04-30,2025-03-31,30,False,2.6,True,Signal & Telecommunication
SMMS002073,COR02430,BNL,SNKG,SCR,interlocking_fault,A,2025-02-10,2025-01-28,13,True,1.0,True,Signal & Telecommunication
SMMS002074,COR01486,LKA,HWX,NFR,point_machine_fault,B,2024-02-21,2024-02-16,5,False,3.0,True,Signal & Telecommunication
SMMS002075,COR01710,STA,SAGM,WCR,point_machine_fault,B,2024-05-05,2024-04-22,13,False,3.6,True,Signal & Telecommunication
SMMS002076,COR04546,BHRL,CHKB,NR,cable_fault,B,2025-10-28,2025-10-23,5,False,0.9,True,Signal & Telecommunication
SMMS002077,COR00491,CGO,PGL,WCR,interlocking_fault,A,2024-08-06,2024-08-03,3,True,2.5,False,Signal & Telecommunication
SMMS002078,COR02571,LDE,PSK,SECR,axle_counter_fault,A,2024-10-26,2024-10-25,1,True,2.5,True,Signal & Telecommunication
SMMS002079,COR06536,PPCK,SYF,NCR,interlocking_fault,A,2025-08-21,2025-08-18,3,True,3.2,True,Signal & Telecommunication
SMMS002080,COR05243,CRX,BNQ,NFR,axle_counter_fault,A,2024-01-07,2024-01-06,1,True,1.4,False,Signal & Telecommunication
SMMS002081,COR04939,KMAH,SVX,KR,block_instrument_fault,B,2025-09-17,2025-09-13,4,True,1.9,True,Signal & Telecommunication
SMMS002082,COR00751,SVM,CNR,SWR,point_machine_fault,B,2025-07-18,2025-07-07,11,False,1.9,True,Signal & Telecommunication
SMMS002083,COR03094,SILO,NLD,ECR,point_machine_fault,B,2025-05-18,2025-05-12,6,False,1.2,True,Signal & Telecommunication
SMMS002084,COR03631,DAJ,KDN,SWR,block_instrument_fault,B,2025-04-20,2025-04-14,6,True,0.9,True,Signal & Telecommunication
SMMS002085,COR01783,BLKR,DRU,SWR,point_machine_fault,B,2025-03-13,2025-03-02,11,False,1.6,True,Signal & Telecommunication
SMMS002086,COR00689,UBR,BRRD,WR,axle_counter_fault,A,2024-06-06,2024-06-04,2,True,0.7,True,Signal & Telecommunication
SMMS002087,COR01942,SVD,J,SCR,point_machine_fault,B,2025-02-08,2025-02-05,3,False,3.1,True,Signal & Telecommunication
SMMS002088,COR00262,PPI,SXF,WCR,interlocking_fault,A,2025-12-10,2025-12-08,2,True,1.4,False,Signal & Telecommunication
SMMS002089,COR01918,JOA,KRPR,SCR,cable_fault,B,2025-02-10,2025-01-28,13,False,3.0,True,Signal & Telecommunication
SMMS002090,COR01781,BVR,VNR,SWR,interlocking_fault,A,2024-05-02,2024-04-29,3,True,1.1,False,Signal & Telecommunication
SMMS002091,COR04905,HNK,MYA,SWR,block_instrument_fault,B,2025-05-23,2024-12-17,157,True,3.2,True,Signal & Telecommunication
SMMS002092,COR03934,PL,EPR,WR,block_instrument_fault,B,2025-09-26,2025-09-24,2,True,1.7,True,Signal & Telecommunication
SMMS002093,COR01729,JSR,IDGJ,NCR,block_instrument_fault,B,2024-12-23,2024-12-22,1,True,3.4,True,Signal & Telecommunication
SMMS002094,COR02885,DSA,DLI,NR,cable_fault,B,2025-11-07,2025-11-05,2,False,1.8,True,Signal & Telecommunication
SMMS002095,COR04532,TIP,KLPM,SR,block_instrument_fault,B,2025-04-11,2025-04-10,1,True,2.8,True,Signal & Telecommunication
SMMS002096,COR00675,VDH,ACL,WR,signal_failure,A,2025-12-25,2025-12-25,0,True,1.4,True,Signal & Telecommunication
SMMS002097,COR05971,NOLI,NTG,NR,interlocking_fault,A,2025-08-20,2025-08-19,1,True,1.7,True,Signal & Telecommunication
SMMS002098,COR00533,KLAD,KALD,SR,block_instrument_fault,B,2024-06-09,2024-06-04,5,True,2.9,True,Signal & Telecommunication
SMMS002099,COR04936,KHED,ANO,KR,block_instrument_fault,B,2024-08-21,2024-08-21,0,True,1.6,False,Signal & Telecommunication
SMMS002100,COR00679,JRS,DGI,WR,lc_gate_interlock_fault,A,2024-03-24,2024-03-22,2,False,1.5,True,Signal & Telecommunication
SMMS002101,COR00060,UJA,KMLI,WR,block_instrument_fault,B,2024-01-25,2024-01-21,4,True,1.8,False,Signal & Telecommunication
SMMS002102,COR00768,BDXT,GHH,NR,point_machine_fault,B,2024-08-29,2024-08-24,5,False,2.1,True,Signal & Telecommunication
SMMS002103,COR06584,SRGH,CRWA,NWR,block_instrument_fault,B,2024-04-28,2024-04-28,0,True,1.7,True,Signal & Telecommunication
SMMS002104,COR01154,BY,SNRD,CR,block_instrument_fault,B,2024-07-14,2024-06-14,30,True,2.3,True,Signal & Telecommunication
SMMS002105,COR00021,RJT,BLWR,WR,signal_failure,A,2024-05-24,2024-05-07,17,True,0.8,True,Signal & Telecommunication
SMMS002106,COR03362,JTS,NLQ,NWR,point_machine_fault,B,2025-06-19,2025-05-29,21,False,1.8,True,Signal & Telecommunication
SMMS002107,COR02968,CAN,CS,SR,point_machine_fault,B,2024-12-27,2024-09-13,105,False,1.2,True,Signal & Telecommunication
SMMS002108,COR02033,JI,DRGJ,NER,interlocking_fault,A,2025-10-06,2025-10-03,3,True,3.4,True,Signal & Telecommunication
SMMS002109,COR00092,SOS,BWA,NWR,interlocking_fault,A,2025-04-13,2025-04-10,3,True,1.2,True,Signal & Telecommunication
SMMS002110,COR00788,MWW,MKH,NWR,point_machine_fault,B,2024-04-02,2024-03-31,2,False,1.1,True,Signal & Telecommunication
SMMS002111,COR01679,BNE,KFY,WCR,lc_gate_interlock_fault,A,2024-01-15,2024-01-11,4,False,1.1,True,Signal & Telecommunication
SMMS002112,COR00217,BQF,MKD,WCR,cable_fault,B,2024-06-16,2024-06-14,2,False,3.7,True,Signal & Telecommunication
SMMS002113,COR00010,KNLS,PPLI,WR,cable_fault,B,2024-12-14,2024-12-12,2,False,1.6,True,Signal & Telecommunication
SMMS002114,COR02262,TMS,GBRI,SECR,cable_fault,B,2024-12-28,2024-12-25,3,False,2.9,True,Signal & Telecommunication
SMMS002115,COR04682,SVX,KMAH,KR,signal_failure,A,2025-06-15,2025-06-10,5,True,0.6,True,Signal & Telecommunication
SMMS002116,COR00124,SK,NRI,NWR,axle_counter_fault,A,2025-02-05,2025-01-27,9,True,1.2,True,Signal & Telecommunication
SMMS002117,COR00135,KRH,HSI,NWR,signal_failure,A,2025-01-15,2025-01-15,0,True,1.2,True,Signal & Telecommunication
SMMS002118,COR03488,FRD,KD,NR,signal_failure,A,2024-01-23,2023-12-31,23,True,0.7,True,Signal & Telecommunication
SMMS002119,COR01784,DRU,RRB,SWR,signal_failure,A,2025-07-25,2025-07-24,1,True,3.8,True,Signal & Telecommunication
SMMS002120,COR00271,BPF,BIF,WCR,block_instrument_fault,B,2024-11-15,2024-11-11,4,True,3.3,True,Signal & Telecommunication
SMMS002121,COR01007,BXJ,KHKT,NFR,point_machine_fault,B,2025-01-03,2025-01-03,0,False,2.2,True,Signal & Telecommunication
SMMS002122,COR00610,KDM,TAA,SCR,cable_fault,B,2025-08-08,2025-07-27,12,False,1.6,True,Signal & Telecommunication
SMMS002123,COR02587,HNA,MANK,KR,block_instrument_fault,B,2024-08-25,2024-08-21,4,True,1.2,True,Signal & Telecommunication
SMMS002124,COR03737,VDKS,VPZ,SR,signal_failure,A,2025-07-22,2025-07-19,3,True,1.9,True,Signal & Telecommunication
SMMS002125,COR03225,VSW,JTV,WR,block_instrument_fault,B,2025-09-25,2025-09-22,3,True,3.2,True,Signal & Telecommunication
SMMS002126,COR01829,NLQ,JTS,NWR,point_machine_fault,B,2025-12-11,2025-11-23,18,False,2.1,True,Signal & Telecommunication
SMMS002127,COR03629,GNR,TNGL,SWR,cable_fault,B,2025-07-01,2025-06-28,3,False,2.3,True,Signal & Telecommunication
SMMS002128,COR06392,JGG,SJGH,NER,axle_counter_fault,A,2025-02-21,2025-02-16,5,True,2.0,True,Signal & Telecommunication
SMMS002129,COR06314,AVS,KKZ,SR,lc_gate_interlock_fault,A,2025-10-17,2025-10-12,5,False,2.7,True,Signal & Telecommunication
SMMS002130,COR02704,NNO,MGLP,NR,lc_gate_interlock_fault,A,2024-01-25,2024-01-03,22,False,0.9,True,Signal & Telecommunication
SMMS002131,COR00418,NLRD,KQD,SCR,signal_failure,A,2025-11-08,2025-11-07,1,True,3.1,True,Signal & Telecommunication
SMMS002132,COR01324,KZQ,FA,NWR,cable_fault,B,2025-01-09,2025-01-09,0,False,2.4,True,Signal & Telecommunication
SMMS002133,COR04901,KHLL,RMGM,SWR,axle_counter_fault,A,2025-06-19,2025-06-15,4,True,0.6,True,Signal & Telecommunication
SMMS002134,COR01593,MAJN,BNTL,SR,point_machine_fault,B,2024-09-07,2024-09-04,3,False,3.8,True,Signal & Telecommunication
SMMS002135,COR02586,KT,HNA,KR,point_machine_fault,B,2025-03-22,2025-02-15,35,False,3.0,True,Signal & Telecommunication
SMMS002136,COR01746,SFNR,INDM,WR,point_machine_fault,B,2024-03-23,2024-03-19,4,False,3.6,True,Signal & Telecommunication
SMMS002137,COR03253,LRU,GGC,WCR,interlocking_fault,A,2024-04-06,2024-04-06,0,True,2.7,True,Signal & Telecommunication
SMMS002138,COR03838,MZA,NZR,NFR,signal_failure,A,2025-12-20,2025-12-01,19,True,0.7,True,Signal & Telecommunication
SMMS002139,COR02811,VR,VTN,WR,interlocking_fault,A,2024-07-17,2024-07-16,1,True,2.0,True,Signal & Telecommunication
SMMS002140,COR00839,SMP,GRF,WR,cable_fault,B,2024-02-18,2024-02-13,5,False,0.8,True,Signal & Telecommunication
SMMS002141,COR04023,GRJA,OKD,WR,interlocking_fault,A,2024-01-24,2024-01-23,1,True,3.5,True,Signal & Telecommunication
SMMS002142,COR02084,TTR,SSNH,SWR,interlocking_fault,A,2025-05-15,2025-05-15,0,True,1.5,True,Signal & Telecommunication
SMMS002143,COR00286,BMA,KDK,CR,cable_fault,B,2025-08-05,2025-08-01,4,False,0.9,True,Signal & Telecommunication
SMMS002144,COR00741,BLTR,KER,NER,axle_counter_fault,A,2025-12-29,2025-12-04,25,True,1.7,True,Signal & Telecommunication
SMMS002145,COR01400,MUQ,KLT,SR,point_machine_fault,B,2025-01-27,2025-01-26,1,False,3.2,True,Signal & Telecommunication
SMMS002146,COR00486,MUO,PAL,WCR,interlocking_fault,A,2025-03-10,2025-02-09,29,True,3.9,False,Signal & Telecommunication
SMMS002147,COR04680,SGR,AVRD,KR,cable_fault,B,2024-10-10,2024-09-20,20,False,1.0,True,Signal & Telecommunication
SMMS002148,COR00691,GVD,DRD,WR,point_machine_fault,B,2024-06-27,2024-06-27,0,False,1.0,True,Signal & Telecommunication
SMMS002149,COR00101,BGX,CNL,NWR,interlocking_fault,A,2024-02-26,2024-02-23,3,True,2.7,True,Signal & Telecommunication
SMMS002150,COR03559,BGA,ANR,SER,block_instrument_fault,B,2024-07-19,2024-07-14,5,True,0.7,True,Signal & Telecommunication
SMMS002151,COR03396,BSGR,BDBG,NR,cable_fault,B,2024-06-12,2024-06-12,0,False,1.3,True,Signal & Telecommunication
SMMS002152,COR02680,DTN,DHY,NR,point_machine_fault,B,2024-10-13,2024-10-08,5,False,2.8,True,Signal & Telecommunication
SMMS002153,COR06153,GNC,AJM,WR,point_machine_fault,B,2024-12-10,2024-12-05,5,False,1.1,True,Signal & Telecommunication
SMMS002154,COR03570,RSG,VSU,SER,cable_fault,B,2024-01-22,2024-01-20,2,False,3.9,True,Signal & Telecommunication
SMMS002155,COR01704,PKRD,UDR,WCR,cable_fault,B,2025-11-29,2025-11-28,1,False,3.2,True,Signal & Telecommunication
SMMS002156,COR06104,BVP,NROD,WR,cable_fault,B,2024-08-31,2024-08-31,0,False,0.9,True,Signal & Telecommunication
SMMS002157,COR01721,PNHI,DBR,NCR,axle_counter_fault,A,2025-12-20,2025-12-20,0,True,0.8,True,Signal & Telecommunication
SMMS002158,COR00759,DEE,DBSI,NR,cable_fault,B,2024-07-12,2024-07-11,1,False,2.9,True,Signal & Telecommunication
SMMS002159,COR01867,SMBX,VJPJ,NR,signal_failure,A,2024-06-27,2024-06-27,0,True,4.0,True,Signal & Telecommunication
SMMS002160,COR01338,ABR,MAA,NWR,cable_fault,B,2025-01-31,2025-01-26,5,False,1.5,True,Signal & Telecommunication
SMMS002161,COR04610,BNV,BNQ,NFR,interlocking_fault,A,2024-02-28,2024-02-21,7,True,1.9,False,Signal & Telecommunication
SMMS002162,COR06375,GTT,GDL,WR,cable_fault,B,2024-10-17,2024-10-16,1,False,1.9,True,Signal & Telecommunication
SMMS002163,COR01702,PTWA,JKE,WCR,lc_gate_interlock_fault,A,2024-03-07,2024-03-04,3,False,1.0,True,Signal & Telecommunication
SMMS002164,COR02212,SZ,HWT,NWR,axle_counter_fault,A,2025-05-11,2025-05-08,3,True,1.1,True,Signal & Telecommunication
SMMS002165,COR00146,PTRD,JSKA,NR,point_machine_fault,B,2025-03-26,2025-03-21,5,False,2.2,True,Signal & Telecommunication
SMMS002166,COR05240,GLMA,SVQ,NFR,block_instrument_fault,B,2025-03-03,2025-02-27,4,True,1.9,True,Signal & Telecommunication
SMMS002167,COR02161,PRGD,VLCY,SR,signal_failure,A,2024-11-02,2024-10-28,5,True,2.8,True,Signal & Telecommunication
SMMS002168,COR02572,PSK,SZH,SECR,block_instrument_fault,B,2025-09-20,2025-08-29,22,True,2.9,True,Signal & Telecommunication
SMMS002169,COR01743,RAU,RJQ,WR,block_instrument_fault,B,2025-05-25,2025-05-24,1,True,2.5,True,Signal & Telecommunication
SMMS002170,COR04105,BTI,BTIC,NR,interlocking_fault,A,2025-11-27,2025-11-17,10,True,2.7,True,Signal & Telecommunication
SMMS002171,COR01811,RMN,KNL,NWR,point_machine_fault,B,2025-01-02,2024-10-06,88,False,3.3,True,Signal & Telecommunication
SMMS002172,COR01975,JND,VAL,WR,block_instrument_fault,B,2025-09-28,2025-09-27,1,True,3.7,True,Signal & Telecommunication
SMMS002173,COR03550,CLW,YEAM,NER,point_machine_fault,B,2025-10-27,2025-10-26,1,False,3.9,True,Signal & Telecommunication
SMMS002174,COR00680,DGI,BL,WR,signal_failure,A,2025-10-03,2025-09-19,14,True,2.0,True,Signal & Telecommunication
SMMS002175,COR00075,MXO,KWI,NWR,cable_fault,B,2024-04-09,2024-04-09,0,False,3.6,True,Signal & Telecommunication
SMMS002176,COR01556,WTR,PLV,CR,signal_failure,A,2025-04-25,2025-04-02,23,True,1.1,True,Signal & Telecommunication
SMMS002177,COR01852,BNGL,CKKN,NR,point_machine_fault,B,2024-12-25,2024-12-22,3,False,3.3,True,Signal & Telecommunication
SMMS002178,COR01653,SDVL,BAW,SWR,interlocking_fault,A,2024-12-07,2024-11-08,29,True,3.4,True,Signal & Telecommunication
SMMS002179,COR04922,PEN,KASU,CR,cable_fault,B,2024-09-23,2024-09-20,3,False,1.1,True,Signal & Telecommunication
SMMS002180,COR08115,BRLI,SRMT,NCR,signal_failure,A,2024-04-08,2024-04-04,4,True,2.7,True,Signal & Telecommunication
SMMS002181,COR01364,CTRL,KLL,WR,block_instrument_fault,B,2025-03-14,2025-03-12,2,True,4.0,True,Signal & Telecommunication
SMMS002182,COR02494,DUK,DOR,NWR,point_machine_fault,B,2024-08-04,2024-07-17,18,False,3.7,True,Signal & Telecommunication
SMMS002183,COR01729,JSR,IDGJ,NCR,lc_gate_interlock_fault,A,2025-11-08,2025-11-04,4,False,2.4,True,Signal & Telecommunication
SMMS002184,COR00986,SLGR,NZR,NFR,point_machine_fault,B,2025-09-18,2025-09-14,4,False,1.6,True,Signal & Telecommunication
SMMS002185,COR05868,MSZ,SSZ,NR,signal_failure,A,2025-12-23,2025-11-25,28,True,1.7,True,Signal & Telecommunication
SMMS002186,COR00484,KRO,BRI,WCR,block_instrument_fault,B,2025-06-26,2025-06-21,5,True,1.1,True,Signal & Telecommunication
SMMS002187,COR01350,SID,KMLI,WR,block_instrument_fault,B,2025-11-09,2025-11-02,7,True,3.9,True,Signal & Telecommunication
SMMS002188,COR00150,GHH,BDXT,NR,cable_fault,B,2025-12-08,2025-11-14,24,False,3.5,True,Signal & Telecommunication
SMMS002189,COR01192,RMP,KRG,CR,cable_fault,B,2024-02-16,2024-02-12,4,False,2.4,True,Signal & Telecommunication
SMMS002190,COR05412,PLP,URPR,NR,interlocking_fault,A,2024-01-01,2023-12-27,5,True,2.6,False,Signal & Telecommunication
SMMS002191,COR05348,DBKA,DGT,SCR,point_machine_fault,B,2025-03-21,2025-03-21,0,False,0.7,True,Signal & Telecommunication
SMMS002192,COR00421,HYB,LKPL,SCR,interlocking_fault,A,2025-06-30,2025-06-26,4,True,2.8,True,Signal & Telecommunication
SMMS002193,COR03903,JIND,BZO,NR,cable_fault,B,2025-10-23,2025-10-20,3,False,1.1,True,Signal & Telecommunication
SMMS002194,COR01761,HAN,SMBJ,WCR,point_machine_fault,B,2024-06-13,2024-06-12,1,False,3.6,True,Signal & Telecommunication
SMMS002195,COR05000,MKY,MTNL,SR,block_instrument_fault,B,2024-11-07,2024-11-05,2,True,3.9,True,Signal & Telecommunication
SMMS002196,COR00279,MUO,BRI,WCR,cable_fault,B,2024-11-05,2024-10-20,16,False,2.6,True,Signal & Telecommunication
SMMS002197,COR04124,PTA,DOC,NR,lc_gate_interlock_fault,A,2025-03-27,2025-03-27,0,False,3.2,True,Signal & Telecommunication
SMMS002198,COR06506,RNW,MNHA,NWR,cable_fault,B,2024-03-13,2024-03-08,5,False,1.8,True,Signal & Telecommunication
SMMS002199,COR08423,MCPT,MPKT,SR,axle_counter_fault,A,2025-11-11,2025-10-15,27,True,2.7,False,Signal & Telecommunication
SMMS002200,COR02602,SL,TOK,KR,cable_fault,B,2024-06-03,2024-06-02,1,False,0.8,True,Signal & Telecommunication
SMMS002201,COR00370,KMDR,DDD,NER,point_machine_fault,B,2024-11-04,2024-11-04,0,False,3.4,True,Signal & Telecommunication
SMMS002202,COR01646,HHL,DBS,SWR,lc_gate_interlock_fault,A,2025-05-13,2025-05-13,0,False,0.9,True,Signal & Telecommunication
SMMS002203,COR06372,JLR,NUD,WR,point_machine_fault,B,2025-03-07,2025-02-27,8,False,3.6,True,Signal & Telecommunication
SMMS002204,COR04115,SEQ,ALL,NR,block_instrument_fault,B,2024-10-21,2024-10-18,3,True,0.6,True,Signal & Telecommunication
SMMS002205,COR01525,CRD,PR,CR,cable_fault,B,2024-10-21,2024-09-23,28,False,3.8,True,Signal & Telecommunication
SMMS002206,COR03941,RKR,JJA,WCR,signal_failure,A,2024-05-23,2024-05-02,21,True,2.7,True,Signal & Telecommunication
SMMS002207,COR05547,HLDR,KJLU,NR,cable_fault,B,2025-03-18,2025-03-15,3,False,3.3,True,Signal & Telecommunication
SMMS002208,COR05192,KLH,BIML,NWR,point_machine_fault,B,2024-09-09,2024-09-05,4,False,3.3,True,Signal & Telecommunication
SMMS002209,COR02861,LKT,NGR,SWR,point_machine_fault,B,2025-09-28,2025-09-26,2,False,0.9,False,Signal & Telecommunication
SMMS002210,COR00717,VLP,STC,WR,block_instrument_fault,B,2024-07-22,2024-07-18,4,True,1.3,True,Signal & Telecommunication
SMMS002211,COR02702,GHE,MQC,NR,cable_fault,B,2024-03-31,2024-03-27,4,False,2.3,True,Signal & Telecommunication
SMMS002212,COR02831,DGI,JRS,WR,point_machine_fault,B,2025-03-18,2025-03-16,2,False,2.5,True,Signal & Telecommunication
SMMS002213,COR03372,STD,HSR,NWR,signal_failure,A,2024-11-13,2024-11-12,1,True,2.8,True,Signal & Telecommunication
SMMS002214,COR02394,WKR,WKRC,WR,point_machine_fault,B,2025-08-07,2025-08-02,5,False,2.0,True,Signal & Telecommunication
SMMS002215,COR00247,BRGT,BHTN,WCR,signal_failure,A,2024-07-11,2024-06-22,19,True,2.0,True,Signal & Telecommunication
SMMS002216,COR06672,BTRI,KCU,NER,signal_failure,A,2025-03-19,2025-03-19,0,True,1.0,True,Signal & Telecommunication
SMMS002217,COR03830,TTB,KQY,NFR,axle_counter_fault,A,2024-07-06,2024-07-01,5,True,3.3,True,Signal & Telecommunication
SMMS002218,COR01628,BVR,ASK,SWR,cable_fault,B,2025-08-21,2025-08-17,4,False,2.4,False,Signal & Telecommunication
SMMS002219,COR01353,BHU,MSH,WR,signal_failure,A,2024-09-12,2024-09-08,4,True,2.9,True,Signal & Telecommunication
SMMS002220,COR01743,RAU,RJQ,WR,block_instrument_fault,B,2025-03-17,2025-03-13,4,True,4.0,False,Signal & Telecommunication
SMMS002221,COR01350,SID,KMLI,WR,axle_counter_fault,A,2025-08-14,2025-08-09,5,True,2.5,True,Signal & Telecommunication
SMMS002222,COR03268,DXK,RBS,NCR,signal_failure,A,2024-10-06,2024-10-01,5,True,1.6,True,Signal & Telecommunication
SMMS002223,COR03709,AA,MANW,NER,point_machine_fault,B,2025-04-10,2025-04-06,4,False,2.1,True,Signal & Telecommunication
SMMS002224,COR05946,HYL,DKWA,NWR,axle_counter_fault,A,2025-01-24,2025-01-14,10,True,1.4,True,Signal & Telecommunication
SMMS002225,COR04950,VBW,NAN,KR,interlocking_fault,A,2024-08-14,2024-08-10,4,True,3.4,True,Signal & Telecommunication
SMMS002226,COR02077,NTR,SPGR,SWR,cable_fault,B,2025-11-04,2025-10-30,5,False,0.7,True,Signal & Telecommunication
SMMS002227,COR00633,BRND,BJRI,SECR,point_machine_fault,B,2024-08-14,2024-08-09,5,False,1.0,True,Signal & Telecommunication
SMMS002228,COR04720,HBU,KHNP,SCR,cable_fault,B,2025-08-09,2025-08-07,2,False,2.5,True,Signal & Telecommunication
SMMS002229,COR02937,WL,CLE,SCR,point_machine_fault,B,2025-12-27,2025-12-24,3,False,3.8,True,Signal & Telecommunication
SMMS002230,COR02388,RA,VD,WR,signal_failure,A,2025-05-18,2025-05-16,2,True,0.7,True,Signal & Telecommunication
SMMS002231,COR01844,BPRS,CGH,NR,block_instrument_fault,B,2025-05-11,2025-04-19,22,True,3.9,True,Signal & Telecommunication
SMMS002232,COR00024,KNKT,SDD,WR,signal_failure,A,2024-05-12,2024-05-07,5,True,0.6,True,Signal & Telecommunication
SMMS002233,COR01783,BLKR,DRU,SWR,interlocking_fault,A,2024-02-19,2024-02-05,14,True,3.2,True,Signal & Telecommunication
SMMS002234,COR00504,JWO,NBH,WR,point_machine_fault,B,2025-11-07,2025-11-07,0,False,1.1,True,Signal & Telecommunication
SMMS002235,COR02693,SMF,ROK,NR,block_instrument_fault,B,2024-09-07,2024-08-19,19,True,0.9,True,Signal & Telecommunication
SMMS002236,COR01769,NMD,MLZ,WCR,point_machine_fault,B,2024-11-02,2024-10-16,17,False,0.7,True,Signal & Telecommunication
SMMS002237,COR04038,RJI,ARJ,NER,point_machine_fault,B,2024-03-16,2024-02-23,22,False,3.9,True,Signal & Telecommunication
SMMS002238,COR01842,AWL,KKL,NR,point_machine_fault,B,2024-08-09,2024-04-29,102,False,1.1,True,Signal & Telecommunication
SMMS002239,COR00480,CAER,BRUD,WCR,point_machine_fault,B,2025-04-19,2025-04-16,3,False,1.5,True,Signal & Telecommunication
SMMS002240,COR04613,NMZ,DDM,NFR,interlocking_fault,A,2025-10-18,2025-10-14,4,True,3.2,True,Signal & Telecommunication
SMMS002241,COR02640,BIJ,KLNP,ER,cable_fault,B,2025-04-17,2025-04-16,1,False,1.7,True,Signal & Telecommunication
SMMS002242,COR01087,SUL,SBH,SWR,cable_fault,B,2024-12-05,2024-12-05,0,False,2.4,True,Signal & Telecommunication
SMMS002243,COR06146,TUV,MLTR,SR,cable_fault,B,2024-10-31,2024-10-28,3,False,2.0,True,Signal & Telecommunication
SMMS002244,COR05603,JAMA,BSKH,ER,axle_counter_fault,A,2024-12-12,2024-11-22,20,True,1.2,True,Signal & Telecommunication
SMMS002245,COR02156,KTPM,KTBR,SR,cable_fault,B,2025-07-04,2025-04-18,77,False,2.7,True,Signal & Telecommunication
SMMS002246,COR04700,APTA,RSYI,CR,point_machine_fault,B,2024-05-21,2024-05-20,1,False,3.4,True,Signal & Telecommunication
SMMS002247,COR03081,TKT,PYOL,SR,point_machine_fault,B,2025-07-15,2025-07-08,7,False,1.2,False,Signal & Telecommunication
SMMS002248,COR04844,AL,MCLE,SCR,signal_failure,A,2024-07-26,2024-07-25,1,True,1.4,True,Signal & Telecommunication
SMMS002249,COR02056,HGL,LUR,CR,block_instrument_fault,B,2024-08-04,2024-08-03,1,True,1.8,True,Signal & Telecommunication
SMMS002250,COR00772,JSKA,PTRD,NR,point_machine_fault,B,2024-10-07,2024-09-21,16,False,2.5,True,Signal & Telecommunication
SMMS002251,COR01804,RLS,AJTM,NR,cable_fault,B,2025-05-30,2025-05-29,1,False,2.9,True,Signal & Telecommunication
SMMS002252,COR04140,CAN,CQL,SR,cable_fault,B,2024-04-11,2024-04-06,5,False,2.6,True,Signal & Telecommunication
SMMS002253,COR02271,JHD,JHDC,ECR,cable_fault,B,2024-11-18,2024-11-15,3,False,2.8,True,Signal & Telecommunication
SMMS002254,COR08126,PCO,TEN,SR,block_instrument_fault,B,2024-09-09,2024-09-06,3,True,2.3,True,Signal & Telecommunication
SMMS002255,COR05281,AP,KDO,SWR,interlocking_fault,A,2025-04-02,2025-04-01,1,True,0.5,True,Signal & Telecommunication
SMMS002256,COR03558,KSU,BGA,SER,cable_fault,B,2025-04-11,2025-03-21,21,False,2.2,True,Signal & Telecommunication
SMMS002257,COR04657,CNO,BLLI,KR,block_instrument_fault,B,2024-11-16,2024-11-12,4,True,3.7,True,Signal & Telecommunication
SMMS002258,COR01896,INK,NKD,SCR,cable_fault,B,2024-04-01,2024-03-28,4,False,2.9,True,Signal & Telecommunication
SMMS002259,COR00994,MXN,KQY,NFR,point_machine_fault,B,2024-09-07,2024-09-02,5,False,1.0,True,Signal & Telecommunication
SMMS002260,COR05426,PQN,GRMR,NR,point_machine_fault,B,2024-05-13,2024-05-13,0,False,0.8,True,Signal & Telecommunication
SMMS002261,COR04938,CHI,KMAH,KR,lc_gate_interlock_fault,A,2024-07-05,2024-06-09,26,False,2.4,True,Signal & Telecommunication
SMMS002262,COR01840,SCPD,DRE,NR,point_machine_fault,B,2024-09-23,2024-09-19,4,False,3.1,True,Signal & Telecommunication
SMMS002263,COR03256,PDZ,KNDP,WCR,block_instrument_fault,B,2025-10-22,2025-10-12,10,True,2.0,True,Signal & Telecommunication
SMMS002264,COR01390,AYN,SGM,SR,signal_failure,A,2025-05-31,2025-05-26,5,True,0.7,True,Signal & Telecommunication
SMMS002265,COR00641,TGB,NRKP,SER,interlocking_fault,A,2024-06-19,2024-06-14,5,True,0.9,True,Signal & Telecommunication
SMMS002266,COR03139,BHGP,LIR,NER,signal_failure,A,2024-06-08,2024-04-21,48,True,1.6,True,Signal & Telecommunication
SMMS002267,COR00226,LGCE,UHR,WCR,signal_failure,A,2024-08-24,2024-08-09,15,True,1.6,True,Signal & Telecommunication
SMMS002268,COR02134,BDU,J,SCR,interlocking_fault,A,2024-02-25,2024-02-03,22,True,1.9,True,Signal & Telecommunication
SMMS002269,COR02156,KTPM,KTBR,SR,interlocking_fault,A,2025-12-15,2025-12-12,3,True,1.7,True,Signal & Telecommunication
SMMS002270,COR01653,SDVL,BAW,SWR,interlocking_fault,A,2024-10-22,2024-10-20,2,True,3.1,True,Signal & Telecommunication
SMMS002271,COR00757,DBM,VSG,SWR,signal_failure,A,2024-04-12,2024-04-08,4,True,3.1,True,Signal & Telecommunication
SMMS002272,COR00035,MOL,DXR,WR,cable_fault,B,2025-12-01,2025-07-30,124,False,1.1,True,Signal & Telecommunication
SMMS002273,COR02119,AGL,NVU,SWR,cable_fault,B,2024-06-01,2024-05-31,1,False,2.5,True,Signal & Telecommunication
SMMS002274,COR03529,WEL,ONR,SR,cable_fault,B,2025-07-06,2025-07-06,0,False,1.6,True,Signal & Telecommunication
SMMS002275,COR03264,BAMA,BR,NCR,interlocking_fault,A,2024-01-26,2024-01-25,1,True,2.8,True,Signal & Telecommunication
SMMS002276,COR03436,CKK,BNSA,NER,cable_fault,B,2024-09-15,2024-09-10,5,False,2.7,False,Signal & Telecommunication
SMMS002277,COR00292,BAU,WGA,CR,point_machine_fault,B,2025-04-20,2025-01-03,107,False,3.3,True,Signal & Telecommunication
SMMS002278,COR01877,CVV,GNN,SCR,point_machine_fault,B,2025-01-09,2025-01-04,5,False,1.2,True,Signal & Telecommunication
SMMS002279,COR00087,FA,KZQ,NWR,block_instrument_fault,B,2025-07-17,2025-07-17,0,True,4.0,True,Signal & Telecommunication
SMMS002280,COR01704,PKRD,UDR,WCR,cable_fault,B,2025-11-22,2025-10-23,30,False,1.7,True,Signal & Telecommunication
SMMS002281,COR03615,LKT,GDG,SWR,cable_fault,B,2024-07-11,2024-07-11,0,False,3.9,False,Signal & Telecommunication
SMMS002282,COR02384,SUNR,CJR,WR,lc_gate_interlock_fault,A,2025-10-08,2025-09-23,15,False,3.4,True,Signal & Telecommunication
SMMS002283,COR00223,HATI,SAGM,WCR,axle_counter_fault,A,2025-06-19,2025-05-24,26,True,1.2,True,Signal & Telecommunication
SMMS002284,COR01760,DNHK,HAN,WCR,signal_failure,A,2024-11-18,2024-06-24,147,True,0.7,True,Signal & Telecommunication
SMMS002285,COR02816,UOI,BOR,WR,axle_counter_fault,A,2024-06-13,2024-06-03,10,True,3.3,True,Signal & Telecommunication
SMMS002286,COR00037,CJR,SUNR,WR,point_machine_fault,B,2025-05-27,2025-05-25,2,False,0.7,True,Signal & Telecommunication
SMMS002287,COR00687,BLD,SJN,WR,cable_fault,B,2025-12-07,2025-12-06,1,False,2.8,True,Signal & Telecommunication
SMMS002288,COR05043,BNY,TPB,NER,point_machine_fault,B,2025-03-10,2025-01-06,63,False,3.6,False,Signal & Telecommunication
SMMS002289,COR06109,KNAD,MDHA,WR,point_machine_fault,B,2024-04-06,2024-04-02,4,False,3.9,True,Signal & Telecommunication
SMMS002290,COR05596,TGL,MKR,SCR,block_instrument_fault,B,2025-04-13,2025-03-27,17,True,1.1,True,Signal & Telecommunication
SMMS002291,COR02210,BGKT,BANE,NWR,point_machine_fault,B,2024-09-18,2024-09-14,4,False,2.9,True,Signal & Telecommunication
SMMS002292,COR04997,MUQ,PLI,SR,point_machine_fault,B,2024-08-30,2024-08-03,27,False,2.3,True,Signal & Telecommunication
SMMS002293,COR04655,HAA,KAWR,KR,point_machine_fault,B,2024-10-23,2024-09-28,25,False,1.9,True,Signal & Telecommunication
SMMS002294,COR02076,GBB,NTR,SWR,point_machine_fault,B,2024-10-12,2024-09-23,19,False,0.8,True,Signal & Telecommunication
SMMS002295,COR05979,SUJR,BADK,NR,signal_failure,A,2025-08-12,2025-07-16,27,True,2.5,True,Signal & Telecommunication
SMMS002296,COR03291,LHLL,ROK,NWR,interlocking_fault,A,2024-05-28,2024-04-28,30,True,1.0,True,Signal & Telecommunication
SMMS002297,COR04050,DDD,KMDR,NER,interlocking_fault,A,2024-01-05,2024-01-01,4,True,3.2,True,Signal & Telecommunication
SMMS002298,COR00705,NSP,BSR,WR,axle_counter_fault,A,2025-08-01,2025-08-01,0,True,2.0,False,Signal & Telecommunication
SMMS002299,COR02583,HAA,ANKL,KR,block_instrument_fault,B,2024-03-10,2024-03-08,2,True,2.7,True,Signal & Telecommunication
SMMS002300,COR01931,PG,DAV,SCR,point_machine_fault,B,2024-09-05,2024-09-05,0,False,3.6,True,Signal & Telecommunication
SMMS002301,COR05996,PJH,GPX,WR,point_machine_fault,B,2024-03-28,2024-03-24,4,False,1.5,False,Signal & Telecommunication
SMMS002302,COR00792,SRRG,BU,NWR,block_instrument_fault,B,2024-12-17,2024-12-17,0,True,3.6,True,Signal & Telecommunication
SMMS002303,COR06046,BIK,RNIR,NER,interlocking_fault,A,2024-02-07,2024-01-08,30,True,3.7,True,Signal & Telecommunication
SMMS002304,COR07575,TGRL,SGDP,ECoR,lc_gate_interlock_fault,A,2024-03-18,2024-03-01,17,False,0.8,True,Signal & Telecommunication
SMMS002305,COR03524,TNLR,KRMG,SR,point_machine_fault,B,2025-05-14,2025-05-03,11,False,0.7,True,Signal & Telecommunication
SMMS002306,COR04814,NUQ,RMF,ECR,axle_counter_fault,A,2024-08-30,2024-08-30,0,True,1.8,True,Signal & Telecommunication
SMMS002307,COR00681,BL,ATUL,WR,axle_counter_fault,A,2025-02-08,2025-02-03,5,True,2.0,False,Signal & Telecommunication
SMMS002308,COR03957,SMAE,ER08,ER,cable_fault,B,2024-03-28,2024-03-24,4,False,2.5,True,Signal & Telecommunication
SMMS002309,COR01493,TSL,GMM,NR,point_machine_fault,B,2025-06-17,2025-05-20,28,False,3.7,True,Signal & Telecommunication
SMMS002310,COR01678,GAR,BNE,WCR,axle_counter_fault,A,2024-07-09,2024-06-14,25,True,3.5,True,Signal & Telecommunication
SMMS002311,COR05407,ANCR,CJN,SER,signal_failure,A,2024-09-18,2024-07-11,69,True,2.8,True,Signal & Telecommunication
SMMS002312,COR02958,DNDI,GNH,SCR,point_machine_fault,B,2024-07-29,2024-07-26,3,False,1.4,True,Signal & Telecommunication
SMMS002313,COR06139,CDA,LM,WR,cable_fault,B,2024-05-01,2024-04-29,2,False,3.5,True,Signal & Telecommunication
SMMS002314,COR02703,MQC,NNO,NR,block_instrument_fault,B,2025-06-24,2025-06-24,0,True,3.3,True,Signal & Telecommunication
SMMS002315,COR00197,MTR,NRV,ECR,lc_gate_interlock_fault,A,2024-03-10,2023-10-30,132,False,1.3,True,Signal & Telecommunication
SMMS002316,COR00540,CHV,CDRA,SR,block_instrument_fault,B,2024-12-03,2024-12-01,2,True,1.3,True,Signal & Telecommunication
SMMS002317,COR02632,DEB,SVH,ER,axle_counter_fault,A,2025-10-10,2025-10-05,5,True,3.3,True,Signal & Telecommunication
SMMS002318,COR01131,SKW,BEM,NER,cable_fault,B,2025-09-26,2025-09-25,1,False,3.4,True,Signal & Telecommunication
SMMS002319,COR03041,URL,KMD,SR,cable_fault,B,2024-02-04,2024-01-08,27,False,0.8,True,Signal & Telecommunication
SMMS002320,COR02390,THAN,LMC,WR,block_instrument_fault,B,2025-05-09,2025-05-08,1,True,2.6,True,Signal & Telecommunication
SMMS002321,COR00629,KI,RYP,SCR,cable_fault,B,2025-09-06,2025-08-10,27,False,1.8,True,Signal & Telecommunication
SMMS002322,COR03361,KGBS,JTS,NWR,signal_failure,A,2024-03-28,2024-03-28,0,True,1.9,True,Signal & Telecommunication
SMMS002323,COR06255,TGL,EDD,SCR,point_machine_fault,B,2024-01-30,2024-01-28,2,False,1.3,True,Signal & Telecommunication
SMMS002324,COR02704,NNO,MGLP,NR,lc_gate_interlock_fault,A,2025-11-20,2025-11-20,0,False,3.9,True,Signal & Telecommunication
SMMS002325,COR00206,JSR,MFX,NCR,point_machine_fault,B,2025-12-01,2025-11-28,3,False,4.0,True,Signal & Telecommunication
SMMS002326,COR03269,RBS,AED,NCR,interlocking_fault,A,2024-01-19,2024-01-16,3,True,0.6,True,Signal & Telecommunication
SMMS002327,COR04032,MDPR,KNLS,WR,lc_gate_interlock_fault,A,2025-03-11,2025-03-11,0,False,3.9,True,Signal & Telecommunication
SMMS002328,COR02877,SEW,GOT,NER,interlocking_fault,A,2025-03-08,2025-03-07,1,True,2.5,False,Signal & Telecommunication
SMMS002329,COR00051,JUL,GUS,WR,cable_fault,B,2025-11-09,2025-10-19,21,False,2.3,True,Signal & Telecommunication
SMMS002330,COR05221,AAH,AXK,NCR,cable_fault,B,2025-11-16,2025-11-04,12,False,0.5,True,Signal & Telecommunication
SMMS002331,COR02968,CAN,CS,SR,signal_failure,A,2025-07-10,2025-07-07,3,True,0.6,True,Signal & Telecommunication
SMMS002332,COR02154,MNDY,GWYR,SR,signal_failure,A,2025-11-12,2025-11-09,3,True,0.6,True,Signal & Telecommunication
SMMS002333,COR01484,HJI,DHRY,NFR,point_machine_fault,B,2024-07-09,2024-07-09,0,False,0.5,True,Signal & Telecommunication
SMMS002334,COR01615,SLU,JRU,SWR,axle_counter_fault,A,2025-10-30,2025-10-30,0,True,3.6,True,Signal & Telecommunication
SMMS002335,COR01988,SKR,RNBD,WR,point_machine_fault,B,2025-10-30,2025-10-30,0,False,1.6,True,Signal & Telecommunication
SMMS002336,COR02894,KNW,BMA,CR,axle_counter_fault,A,2024-12-20,2024-12-18,2,True,2.8,True,Signal & Telecommunication
SMMS002337,COR00689,UBR,BRRD,WR,interlocking_fault,A,2024-08-03,2024-07-29,5,True,1.1,True,Signal & Telecommunication
SMMS002338,COR06016,GIO,SIKR,NWR,cable_fault,B,2024-05-24,2024-05-24,0,False,1.7,True,Signal & Telecommunication
SMMS002339,COR05865,DTW,BLZ,NR,interlocking_fault,A,2025-10-06,2025-10-03,3,True,0.8,True,Signal & Telecommunication
SMMS002340,COR07528,JTK,RGJ,NFR,block_instrument_fault,B,2024-09-18,2024-09-12,6,True,3.4,True,Signal & Telecommunication
SMMS002341,COR02157,KTBR,INDR,SR,cable_fault,B,2024-08-23,2024-08-18,5,False,0.5,True,Signal & Telecommunication
SMMS002342,COR02374,CRN,TTW,SECR,signal_failure,A,2025-03-31,2025-03-26,5,True,3.7,True,Signal & Telecommunication
SMMS002343,COR00051,JUL,GUS,WR,cable_fault,B,2025-01-24,2025-01-21,3,False,2.2,True,Signal & Telecommunication
SMMS002344,COR00694,BOR,UOI,WR,block_instrument_fault,B,2024-07-14,2024-07-09,5,True,3.1,True,Signal & Telecommunication
SMMS002345,COR04333,SDS,BDSW,NWR,point_machine_fault,B,2024-03-12,2024-03-12,0,False,2.9,True,Signal & Telecommunication
SMMS002346,COR06526,KTPK,HMK,NR,signal_failure,A,2024-03-26,2024-03-23,3,True,1.2,True,Signal & Telecommunication
SMMS002347,COR03820,CJA,NJN,NFR,axle_counter_fault,A,2024-03-02,2024-02-29,2,True,1.3,False,Signal & Telecommunication
SMMS002348,COR06145,TDPM,TUV,SR,signal_failure,A,2025-02-08,2024-12-11,59,True,1.3,False,Signal & Telecommunication
SMMS002349,COR03285,AYB,BJP,SWR,point_machine_fault,B,2024-12-28,2024-12-13,15,False,2.9,True,Signal & Telecommunication
SMMS002350,COR06668,MQW,BEM,NER,point_machine_fault,B,2024-09-03,2024-08-17,17,False,0.5,True,Signal & Telecommunication
SMMS002351,COR03220,TAV,CTRD,WR,lc_gate_interlock_fault,A,2024-06-21,2024-06-15,6,False,2.0,True,Signal & Telecommunication
SMMS002352,COR06054,BJV,STH,NER,point_machine_fault,B,2025-04-06,2025-04-05,1,False,1.0,True,Signal & Telecommunication
SMMS002353,COR00096,MJ,DRS,NWR,interlocking_fault,A,2024-01-17,2024-01-17,0,True,2.6,True,Signal & Telecommunication
SMMS002354,COR00263,SXF,SGP,WCR,block_instrument_fault,B,2025-08-05,2025-08-04,1,True,1.3,True,Signal & Telecommunication
SMMS002355,COR03790,BDCR,BTPD,SCR,block_instrument_fault,B,2025-02-26,2025-02-22,4,True,1.7,True,Signal & Telecommunication
SMMS002356,COR04904,MAD,HNK,SWR,cable_fault,B,2024-10-08,2024-10-05,3,False,3.6,True,Signal & Telecommunication
SMMS002357,COR07191,KRY,KCM,SCR,block_instrument_fault,B,2024-03-06,2024-03-03,3,True,1.2,True,Signal & Telecommunication
SMMS002358,COR00730,SKVL,CSM,SWR,block_instrument_fault,B,2024-10-25,2024-10-21,4,True,1.5,True,Signal & Telecommunication
SMMS002359,COR00349,KMP,SD,NER,point_machine_fault,B,2024-05-10,2024-04-28,12,False,0.8,True,Signal & Telecommunication
SMMS002360,COR04740,RUPC,BLQR,NER,cable_fault,B,2024-02-21,2024-01-26,26,False,1.5,False,Signal & Telecommunication
SMMS002361,COR02988,KUL,FK,SR,point_machine_fault,B,2025-09-02,2025-09-01,1,False,1.2,True,Signal & Telecommunication
SMMS002362,COR01535,KRA,GHPU,SCR,point_machine_fault,B,2024-06-22,2024-06-22,0,False,0.6,True,Signal & Telecommunication
SMMS002363,COR00541,CDRA,TKQ,SR,signal_failure,A,2024-12-31,2024-12-29,2,True,1.9,True,Signal & Telecommunication
SMMS002364,COR02351,RKZ,BOM,NWR,point_machine_fault,B,2024-08-16,2024-08-15,1,False,3.4,True,Signal & Telecommunication
SMMS002365,COR01027,KWM,LPN,NFR,point_machine_fault,B,2025-05-20,2025-05-19,1,False,3.5,True,Signal & Telecommunication
SMMS002366,COR00762,KRTN,DEC,NR,point_machine_fault,B,2025-02-27,2025-02-24,3,False,1.3,True,Signal & Telecommunication
SMMS002367,COR02826,VAPI,UVD,WR,block_instrument_fault,B,2025-10-11,2025-10-10,1,True,1.2,True,Signal & Telecommunication
SMMS002368,COR03261,FSP,DY,WCR,cable_fault,B,2024-09-21,2024-08-31,21,False,2.4,True,Signal & Telecommunication
SMMS002369,COR06522,ABS,KLWL,NR,signal_failure,A,2024-08-24,2024-08-24,0,True,3.9,True,Signal & Telecommunication
SMMS002370,COR01724,BRG,MJHR,NCR,block_instrument_fault,B,2024-09-11,2024-09-09,2,True,0.7,True,Signal & Telecommunication
SMMS002371,COR00296,SAV,DSK,CR,cable_fault,B,2025-07-28,2025-07-23,5,False,1.6,False,Signal & Telecommunication
SMMS002372,COR01676,JHT,SCKR,WCR,cable_fault,B,2024-04-15,2024-04-12,3,False,2.3,True,Signal & Telecommunication
SMMS002373,COR05441,CJW,POR,WCR,cable_fault,B,2024-01-13,2024-01-11,2,False,3.3,True,Signal & Telecommunication
SMMS002374,COR02497,AJIT,SMR,NWR,cable_fault,B,2025-02-25,2025-02-08,17,False,2.9,True,Signal & Telecommunication
SMMS002375,COR00654,BGWD,CKR,SWR,point_machine_fault,B,2024-06-04,2024-06-04,0,False,3.2,True,Signal & Telecommunication
SMMS002376,COR01178,MRJ,VRB,CR,signal_failure,A,2025-12-17,2025-12-13,4,True,1.8,True,Signal & Telecommunication
SMMS002377,COR05692,AGY,CUK,NCR,point_machine_fault,B,2025-07-07,2025-06-23,14,False,3.7,True,Signal & Telecommunication
SMMS002378,COR00673,MRL,NVS,WR,lc_gate_interlock_fault,A,2025-04-19,2024-11-07,163,False,0.6,True,Signal & Telecommunication
SMMS002379,COR03977,MHTR,TYAE,ER,cable_fault,B,2025-07-14,2025-07-10,4,False,2.3,True,Signal & Telecommunication
SMMS002380,COR00773,PTRD,IHP,NR,lc_gate_interlock_fault,A,2024-05-18,2024-05-18,0,False,3.1,True,Signal & Telecommunication
SMMS002381,COR02813,SAH,KLV,WR,cable_fault,B,2024-03-12,2024-02-18,23,False,1.3,True,Signal & Telecommunication
SMMS002382,COR00692,DRD,VGN,WR,cable_fault,B,2024-05-26,2024-05-25,1,False,1.4,True,Signal & Telecommunication
SMMS002383,COR04287,GRB,JOC,SER,block_instrument_fault,B,2024-05-04,2024-05-01,3,True,1.8,True,Signal & Telecommunication
SMMS002384,COR01977,CKE,JLR,WR,lc_gate_interlock_fault,A,2025-11-06,2025-10-21,16,False,1.7,True,Signal & Telecommunication
SMMS002385,COR02151,MTCN,MLHS,SR,point_machine_fault,B,2024-10-30,2024-05-12,171,False,2.1,True,Signal & Telecommunication
SMMS002386,COR00669,DES,CSR,ECR,signal_failure,A,2024-09-28,2024-09-24,4,True,3.7,False,Signal & Telecommunication
SMMS002387,COR01696,SHR,DDCE,WCR,point_machine_fault,B,2024-02-27,2024-02-24,3,False,2.0,True,Signal & Telecommunication
SMMS002388,COR06401,BHLP,MUV,NER,point_machine_fault,B,2025-12-13,2025-12-10,3,False,2.2,True,Signal & Telecommunication
SMMS002389,COR04083,IDR,LHN,SWR,cable_fault,B,2025-10-13,2025-10-12,1,False,2.3,False,Signal & Telecommunication
SMMS002390,COR00212,KTDD,DBR,NCR,cable_fault,B,2024-03-07,2024-02-06,30,False,0.9,True,Signal & Telecommunication
SMMS002391,COR01265,SASN,CDG,NR,signal_failure,A,2024-07-18,2024-06-18,30,True,1.0,True,Signal & Telecommunication
SMMS002392,COR04151,NLE,KZE,SR,point_machine_fault,B,2025-06-06,2025-06-01,5,False,3.8,True,Signal & Telecommunication
SMMS002393,COR02616,KRP,PRTL,ER,block_instrument_fault,B,2025-06-21,2025-03-10,103,True,1.6,True,Signal & Telecommunication
SMMS002394,COR01346,PNU,UM,WR,cable_fault,B,2024-03-16,2024-03-02,14,False,2.9,True,Signal & Telecommunication
SMMS002395,COR08251,MIAL,BMZ,NCR,interlocking_fault,A,2024-03-01,2024-02-27,3,True,2.0,True,Signal & Telecommunication
SMMS002396,COR00914,BMF,MRV,SCR,cable_fault,B,2025-04-30,2025-04-21,9,False,3.0,True,Signal & Telecommunication
SMMS002397,COR02995,TUA,KTU,SR,lc_gate_interlock_fault,A,2025-02-25,2025-02-21,4,False,2.0,True,Signal & Telecommunication
SMMS002398,COR00493,BIF,BPF,WCR,lc_gate_interlock_fault,A,2025-05-09,2025-05-06,3,False,1.6,True,Signal & Telecommunication
SMMS002399,COR01825,PUW,JRL,NWR,point_machine_fault,B,2025-02-10,2025-02-06,4,False,1.3,True,Signal & Telecommunication
SMMS002400,COR04697,NIDI,NGTN,CR,cable_fault,B,2025-03-31,2025-03-27,4,False,3.7,True,Signal & Telecommunication
SMMS002401,COR05758,KTYR,KKDI,SR,cable_fault,B,2025-12-12,2025-12-09,3,False,1.0,True,Signal & Telecommunication
SMMS002402,COR05610,ADRA,SNKR,SER,point_machine_fault,B,2024-07-22,2024-07-19,3,False,1.3,True,Signal & Telecommunication
SMMS002403,COR04900,BID,KHLL,SWR,axle_counter_fault,A,2025-02-25,2025-02-20,5,True,3.2,True,Signal & Telecommunication
SMMS002404,COR00704,VR,NSP,WR,lc_gate_interlock_fault,A,2024-08-27,2024-08-18,9,False,2.0,True,Signal & Telecommunication
SMMS002405,COR03263,BXN,BAMA,WCR,cable_fault,B,2025-05-09,2025-05-09,0,False,2.9,True,Signal & Telecommunication
SMMS002406,COR03731,SAHP,MDRA,WR,cable_fault,B,2025-07-05,2025-06-30,5,False,1.0,True,Signal & Telecommunication
SMMS002407,COR00111,LNA,MLI,NWR,axle_counter_fault,A,2025-12-28,2025-09-06,113,True,2.7,True,Signal & Telecommunication
SMMS002408,COR04929,MNI,GNO,KR,signal_failure,A,2024-10-13,2024-10-12,1,True,1.7,False,Signal & Telecommunication
SMMS002409,COR00362,SGD,SOJN,WR,signal_failure,A,2024-10-19,2024-10-19,0,True,2.8,True,Signal & Telecommunication
SMMS002410,COR00612,MABD,GUU,SCR,lc_gate_interlock_fault,A,2024-09-18,2024-09-16,2,False,3.9,True,Signal & Telecommunication
SMMS002411,COR04379,VTV,UCP,SR,lc_gate_interlock_fault,A,2024-08-11,2024-08-09,2,False,2.4,True,Signal & Telecommunication
SMMS002412,COR00224,SAGM,STA,WCR,point_machine_fault,B,2025-09-10,2025-08-14,27,False,3.6,True,Signal & Telecommunication
SMMS002413,COR07392,GLBN,KZI,NR,point_machine_fault,B,2025-12-10,2025-12-08,2,False,3.2,True,Signal & Telecommunication
SMMS002414,COR01321,JAL,BGPR,NWR,block_instrument_fault,B,2024-05-20,2024-04-23,27,True,3.0,True,Signal & Telecommunication
SMMS002415,COR01153,CHG,BY,CR,axle_counter_fault,A,2024-05-18,2024-05-16,2,True,2.0,True,Signal & Telecommunication
SMMS002416,COR01943,J,BDU,SCR,cable_fault,B,2025-09-06,2025-09-04,2,False,3.4,True,Signal & Telecommunication
SMMS002417,COR00492,PGL,BIF,WCR,point_machine_fault,B,2025-10-20,2025-10-17,3,False,0.7,True,Signal & Telecommunication
SMMS002418,COR00475,CDI,NPNR,CR,interlocking_fault,A,2025-04-15,2025-04-15,0,True,3.8,True,Signal & Telecommunication
SMMS002419,COR06961,MDLE,MDVB,ER,block_instrument_fault,B,2024-03-22,2024-03-17,5,True,3.9,True,Signal & Telecommunication
SMMS002420,COR00221,KTHA,JTW,WCR,point_machine_fault,B,2025-02-06,2025-02-02,4,False,0.5,True,Signal & Telecommunication
SMMS002421,COR00565,HRW,DDN,NR,point_machine_fault,B,2024-02-08,2024-02-07,1,False,2.5,True,Signal & Telecommunication
SMMS002422,COR05736,ALP,PUC,SR,interlocking_fault,A,2025-08-11,2025-07-16,26,True,1.4,False,Signal & Telecommunication
SMMS002423,COR01615,SLU,JRU,SWR,signal_failure,A,2025-09-24,2025-08-30,25,True,3.4,True,Signal & Telecommunication
SMMS002424,COR07633,BRP,SSRD,ER,lc_gate_interlock_fault,A,2025-10-30,2025-10-13,17,False,3.9,True,Signal & Telecommunication
SMMS002425,COR00278,PAL,MUO,WCR,point_machine_fault,B,2025-02-12,2025-02-08,4,False,1.5,True,Signal & Telecommunication
SMMS002426,COR03076,WH,ETR,SR,axle_counter_fault,A,2025-01-19,2025-01-17,2,True,2.5,True,Signal & Telecommunication
SMMS002427,COR04132,TUA,TIR,SR,block_instrument_fault,B,2024-08-21,2024-08-19,2,True,1.9,True,Signal & Telecommunication
SMMS002428,COR03052,IVL,MEJ,SR,cable_fault,B,2024-06-23,2024-05-29,25,False,2.5,True,Signal & Telecommunication
SMMS002429,COR02448,SHBL,NBKH,ER,block_instrument_fault,B,2024-03-16,2024-03-16,0,True,3.4,True,Signal & Telecommunication
SMMS002430,COR03833,NCH,LH,NFR,interlocking_fault,A,2024-04-30,2024-04-18,12,True,1.3,False,Signal & Telecommunication
SMMS002431,COR00281,KRO,KKN,WCR,signal_failure,A,2025-03-23,2025-02-07,44,True,3.0,True,Signal & Telecommunication
SMMS002432,COR01342,IQG,JTY,NWR,block_instrument_fault,B,2025-08-07,2025-08-06,1,True,3.1,True,Signal & Telecommunication
SMMS002433,COR00073,MAA,ABR,NWR,lc_gate_interlock_fault,A,2024-04-01,2024-03-27,5,False,0.6,True,Signal & Telecommunication
SMMS002434,COR00698,SAH,VTN,WR,lc_gate_interlock_fault,A,2025-02-18,2025-02-18,0,False,0.7,True,Signal & Telecommunication
SMMS002435,COR03893,KRZ,ABO,NR,interlocking_fault,A,2024-02-23,2024-02-20,3,True,3.2,True,Signal & Telecommunication
SMMS002436,COR04939,KMAH,SVX,KR,cable_fault,B,2024-11-23,2024-10-26,28,False,2.2,True,Signal & Telecommunication
SMMS002437,COR03891,SPZ,ISM,NR,signal_failure,A,2025-08-22,2025-04-15,129,True,3.1,True,Signal & Telecommunication
SMMS002438,COR00160,DEE,DKZ,NR,axle_counter_fault,A,2024-12-21,2024-12-20,1,True,4.0,True,Signal & Telecommunication
SMMS002439,COR04669,SNDD,KKW,KR,point_machine_fault,B,2025-03-29,2025-03-29,0,False,1.6,True,Signal & Telecommunication
SMMS002440,COR06812,KAWT,BAGA,NWR,interlocking_fault,A,2024-05-12,2024-04-19,23,True,1.6,True,Signal & Telecommunication
SMMS002441,COR03906,GSO,NRW,NR,cable_fault,B,2025-02-05,2025-02-04,1,False,1.3,True,Signal & Telecommunication
SMMS002442,COR02538,SFM,BZ,NR,signal_failure,A,2024-04-12,2024-03-13,30,True,2.2,True,Signal & Telecommunication
SMMS002443,COR02357,SZ,BANE,NWR,signal_failure,A,2025-07-01,2025-06-19,12,True,2.9,False,Signal & Telecommunication
SMMS002444,COR00042,SR,KHRS,WR,interlocking_fault,A,2025-10-09,2025-10-05,4,True,3.1,True,Signal & Telecommunication
SMMS002445,COR00106,SEU,APA,NWR,cable_fault,B,2025-11-18,2025-11-18,0,False,1.4,True,Signal & Telecommunication
SMMS002446,COR02099,KAG,HNH,SWR,lc_gate_interlock_fault,A,2025-05-07,2025-05-07,0,False,3.8,True,Signal & Telecommunication
SMMS002447,COR05007,AYN,BAL,SR,cable_fault,B,2025-09-06,2025-08-30,7,False,1.1,True,Signal & Telecommunication
SMMS002448,COR00352,IJ,BKT,NER,axle_counter_fault,A,2024-05-21,2024-04-26,25,True,0.9,True,Signal & Telecommunication
SMMS002449,COR01605,BYD,DAD,SWR,signal_failure,A,2025-09-08,2025-03-31,161,True,1.5,True,Signal & Telecommunication
SMMS002450,COR02969,CS,ETK,SR,lc_gate_interlock_fault,A,2024-09-20,2024-09-17,3,False,3.7,True,Signal & Telecommunication
SMMS002451,COR03032,GUNS,TAPA,NR,point_machine_fault,B,2025-03-13,2025-03-09,4,False,0.6,True,Signal & Telecommunication
SMMS002452,COR02396,AXA,SDD,WR,interlocking_fault,A,2025-11-30,2025-11-20,10,True,3.5,True,Signal & Telecommunication
SMMS002453,COR03829,CFG,TTB,NFR,interlocking_fault,A,2024-11-20,2024-11-17,3,True,1.6,True,Signal & Telecommunication
SMMS002454,COR00482,DRHI,KKN,WCR,cable_fault,B,2025-10-15,2025-10-14,1,False,1.6,True,Signal & Telecommunication
SMMS002455,COR06529,FTH,MOPR,NR,lc_gate_interlock_fault,A,2025-03-30,2025-03-26,4,False,1.0,True,Signal & Telecommunication
SMMS002456,COR01758,DY,FSP,WCR,lc_gate_interlock_fault,A,2025-05-23,2025-05-03,20,False,1.9,False,Signal & Telecommunication
SMMS002457,COR04288,JOC,BERO,SER,point_machine_fault,B,2025-04-27,2025-04-05,22,False,0.9,True,Signal & Telecommunication
SMMS002458,COR02357,SZ,BANE,NWR,axle_counter_fault,A,2025-09-09,2025-06-17,84,True,2.2,True,Signal & Telecommunication
SMMS002459,COR00149,PT,GHH,NR,cable_fault,B,2024-12-08,2024-12-04,4,False,2.0,True,Signal & Telecommunication
SMMS002460,COR08266,ODM,BQA,SER,point_machine_fault,B,2024-09-05,2024-09-01,4,False,1.9,True,Signal & Telecommunication
SMMS002461,COR03085,NAU,MUKE,SR,point_machine_fault,B,2025-05-21,2025-05-16,5,False,3.7,True,Signal & Telecommunication
SMMS002462,COR00715,JOS,ADH,WR,signal_failure,A,2025-10-25,2025-10-10,15,True,0.7,True,Signal & Telecommunication
SMMS002463,COR02763,MDNR,MUZ,NR,signal_failure,A,2024-03-12,2024-03-11,1,True,1.7,False,Signal & Telecommunication
SMMS002464,COR00042,SR,KHRS,WR,point_machine_fault,B,2025-11-17,2025-11-15,2,False,1.2,True,Signal & Telecommunication
SMMS002465,COR01406,MYU,MVS,SR,block_instrument_fault,B,2024-12-04,2024-12-03,1,True,1.6,True,Signal & Telecommunication
SMMS002466,COR05892,TL,KSG,NWR,block_instrument_fault,B,2025-06-17,2025-01-24,144,True,1.6,True,Signal & Telecommunication
SMMS002467,COR05098,BWR,NEW,NCR,point_machine_fault,B,2024-07-21,2024-07-17,4,False,1.2,True,Signal & Telecommunication
SMMS002468,COR03562,ADRA,MYX,SER,point_machine_fault,B,2025-01-28,2025-01-23,5,False,2.6,True,Signal & Telecommunication
SMMS002469,COR04152,KZE,PKP,SR,cable_fault,B,2025-11-21,2025-11-19,2,False,3.0,True,Signal & Telecommunication
SMMS002470,COR02834,AML,ACL,WR,cable_fault,B,2024-07-07,2024-07-05,2,False,1.6,False,Signal & Telecommunication
SMMS002471,COR00079,BNS,SOH,NWR,cable_fault,B,2024-01-08,2024-01-03,5,False,0.7,False,Signal & Telecommunication
SMMS002472,COR05996,PJH,GPX,WR,lc_gate_interlock_fault,A,2025-08-11,2025-07-19,23,False,2.3,True,Signal & Telecommunication
SMMS002473,COR02327,CHU,OGM,SWR,axle_counter_fault,A,2024-11-10,2024-10-27,14,True,3.6,True,Signal & Telecommunication
SMMS002474,COR03869,CDH,PXR,ER,lc_gate_interlock_fault,A,2024-11-18,2024-11-17,1,False,2.6,True,Signal & Telecommunication
SMMS002475,COR00558,IKK,JWP,NR,interlocking_fault,A,2024-12-07,2024-12-03,4,True,1.0,True,Signal & Telecommunication
SMMS002476,COR00730,SKVL,CSM,SWR,cable_fault,B,2025-05-28,2025-05-02,26,False,1.1,False,Signal & Telecommunication
SMMS002477,COR01892,GUU,MABD,SCR,point_machine_fault,B,2024-05-18,2024-05-16,2,False,0.8,True,Signal & Telecommunication
SMMS002478,COR03802,OEL,HA,NER,interlocking_fault,A,2024-07-26,2024-07-26,0,True,1.1,True,Signal & Telecommunication
SMMS002479,COR01619,ABGT,HSD,SWR,block_instrument_fault,B,2024-10-20,2024-10-18,2,True,3.3,True,Signal & Telecommunication
SMMS002480,COR00995,KQY,TTB,NFR,signal_failure,A,2024-01-19,2024-01-18,1,True,1.1,True,Signal & Telecommunication
SMMS002481,COR01438,DPL,LAK,ECR,point_machine_fault,B,2025-03-30,2025-03-28,2,False,1.2,True,Signal & Telecommunication
SMMS002482,COR02893,SGBJ,MTA,WCR,axle_counter_fault,A,2024-01-08,2024-01-05,3,True,2.4,True,Signal & Telecommunication
SMMS002483,COR00480,CAER,BRUD,WCR,cable_fault,B,2025-08-23,2025-08-21,2,False,2.6,True,Signal & Telecommunication
SMMS002484,COR03523,KRUR,TNLR,SR,cable_fault,B,2024-08-10,2024-08-08,2,False,3.3,True,Signal & Telecommunication
SMMS002485,COR06499,KAWT,KHRA,NWR,lc_gate_interlock_fault,A,2025-04-21,2025-04-21,0,False,3.9,False,Signal & Telecommunication
SMMS002486,COR02114,GDI,SNH,SWR,interlocking_fault,A,2025-07-24,2025-06-29,25,True,3.4,True,Signal & Telecommunication
SMMS002487,COR04422,TVG,NAG,SWR,point_machine_fault,B,2024-04-08,2024-04-08,0,False,1.7,True,Signal & Telecommunication
SMMS002488,COR02117,UBL,UNK,SWR,point_machine_fault,B,2025-07-09,2025-07-07,2,False,3.3,True,Signal & Telecommunication
SMMS002489,COR02475,KJU,TBAE,ER,axle_counter_fault,A,2024-01-18,2024-01-14,4,True,1.8,True,Signal & Telecommunication
SMMS002490,COR02620,JJG,MBB,ER,axle_counter_fault,A,2024-03-03,2024-03-03,0,True,3.5,True,Signal & Telecommunication
SMMS002491,COR04583,BUS,ATE,NCR,block_instrument_fault,B,2024-11-27,2024-11-26,1,True,3.5,True,Signal & Telecommunication
SMMS002492,COR00368,CBN,TJD,NER,interlocking_fault,A,2024-08-25,2024-08-25,0,True,2.1,True,Signal & Telecommunication
SMMS002493,COR06188,PQA,PSX,SECR,point_machine_fault,B,2025-10-17,2025-10-15,2,False,1.3,True,Signal & Telecommunication
SMMS002494,COR00934,DBV,MOB,SCR,lc_gate_interlock_fault,A,2025-03-03,2025-02-22,9,False,1.5,True,Signal & Telecommunication
SMMS002495,COR07714,KRY,NCU,SCR,point_machine_fault,B,2024-03-03,2024-02-05,27,False,3.4,True,Signal & Telecommunication
SMMS002496,COR00121,TL,GLTA,NWR,block_instrument_fault,B,2024-03-11,2024-03-08,3,True,2.7,True,Signal & Telecommunication
SMMS002497,COR02308,DRLA,PQY,NR,axle_counter_fault,A,2025-12-13,2025-12-08,5,True,4.0,True,Signal & Telecommunication
SMMS002498,COR04654,ANKL,HAA,KR,axle_counter_fault,A,2024-04-17,2024-04-13,4,True,2.5,True,Signal & Telecommunication
SMMS002499,COR00693,VGN,BOR,WR,block_instrument_fault,B,2025-02-04,2025-02-04,0,True,3.8,True,Signal & Telecommunication
SMMS002500,COR00614,GLA,DKJ,SCR,axle_counter_fault,A,2024-03-21,2024-03-17,4,True,2.0,True,Signal & Telecommunication
SMMS002501,COR02340,VAL,JND,WR,point_machine_fault,B,2025-04-22,2025-04-20,2,False,2.7,True,Signal & Telecommunication
SMMS002502,COR05063,LWR,TVG,SWR,point_machine_fault,B,2024-03-18,2024-03-18,0,False,3.8,True,Signal & Telecommunication
SMMS002503,COR01513,HTK,RKD,CR,signal_failure,A,2025-10-22,2025-10-18,4,True,2.6,False,Signal & Telecommunication
SMMS002504,COR06136,KDI,RUR,WR,interlocking_fault,A,2025-02-22,2025-02-21,1,True,3.6,True,Signal & Telecommunication
SMMS002505,COR03091,ETK,CS,SR,point_machine_fault,B,2025-10-07,2025-10-02,5,False,0.6,True,Signal & Telecommunication
SMMS002506,COR03975,JHBN,SALE,ER,point_machine_fault,B,2024-05-11,2024-05-09,2,False,2.2,True,Signal & Telecommunication
SMMS002507,COR04473,RGJI,DPRA,NFR,lc_gate_interlock_fault,A,2024-04-07,2024-04-07,0,False,1.1,True,Signal & Telecommunication
SMMS002508,COR02833,BIM,AML,WR,lc_gate_interlock_fault,A,2025-06-11,2025-06-11,0,False,3.0,True,Signal & Telecommunication
SMMS002509,COR04479,SGBJ,KHA,WCR,signal_failure,A,2025-12-01,2025-08-18,105,True,1.4,True,Signal & Telecommunication
SMMS002510,COR01729,JSR,IDGJ,NCR,block_instrument_fault,B,2024-01-15,2024-01-12,3,True,1.4,True,Signal & Telecommunication
SMMS002511,COR02598,BKJ,UD,KR,axle_counter_fault,A,2024-08-18,2024-08-16,2,True,0.9,True,Signal & Telecommunication
SMMS002512,COR04548,GILA,MRTL,NR,signal_failure,A,2025-10-13,2025-05-19,147,True,1.5,True,Signal & Telecommunication
SMMS002513,COR06328,BRPM,PRKA,WR,cable_fault,B,2024-04-13,2024-04-09,4,False,2.9,True,Signal & Telecommunication
SMMS002514,COR01120,TNKU,STVA,SCR,cable_fault,B,2025-02-24,2025-02-18,6,False,1.0,True,Signal & Telecommunication
SMMS002515,COR01365,KLL,SHRD,WR,signal_failure,A,2024-12-08,2024-11-13,25,True,2.3,True,Signal & Telecommunication
SMMS002516,COR01727,LOG,MFX,NCR,point_machine_fault,B,2024-07-13,2024-07-09,4,False,1.2,False,Signal & Telecommunication
SMMS002517,COR03873,KYI,KPA,ER,cable_fault,B,2025-03-03,2025-03-03,0,False,3.2,True,Signal & Telecommunication
SMMS002518,COR00491,CGO,PGL,WCR,axle_counter_fault,A,2024-10-16,2024-09-24,22,True,1.7,True,Signal & Telecommunication
SMMS002519,COR00378,NDJ,BSCK,NER,interlocking_fault,A,2025-04-02,2025-03-31,2,True,3.8,True,Signal & Telecommunication
SMMS002520,COR04909,PANP,S,SWR,block_instrument_fault,B,2024-03-28,2024-03-25,3,True,3.9,True,Signal & Telecommunication
SMMS002521,COR00548,VAPM,CQL,SR,signal_failure,A,2024-11-23,2024-11-23,0,True,3.3,True,Signal & Telecommunication
SMMS002522,COR00469,SAV,NB,CR,lc_gate_interlock_fault,A,2024-02-18,2024-02-17,1,False,3.6,True,Signal & Telecommunication
SMMS002523,COR02827,UVD,PAD,WR,point_machine_fault,B,2024-07-03,2024-07-01,2,False,3.2,True,Signal & Telecommunication
SMMS002524,COR01780,ASK,BVR,SWR,cable_fault,B,2024-01-17,2024-01-14,3,False,2.2,True,Signal & Telecommunication
SMMS002525,COR01532,DLB,AWB,SCR,interlocking_fault,A,2024-05-19,2024-05-17,2,True,2.2,True,Signal & Telecommunication
SMMS002526,COR06697,LTR,SRGT,WR,signal_failure,A,2025-08-21,2025-08-21,0,True,3.6,True,Signal & Telecommunication
SMMS002527,COR01630,ADHL,HVL,SWR,cable_fault,B,2025-11-09,2025-10-31,9,False,2.5,True,Signal & Telecommunication
SMMS002528,COR01422,UKR,NPRD,SECR,lc_gate_interlock_fault,A,2024-11-04,2024-11-02,2,False,3.0,True,Signal & Telecommunication
SMMS002529,COR04106,BTIC,BCU,NR,signal_failure,A,2025-11-02,2025-11-02,0,True,2.7,True,Signal & Telecommunication
SMMS002530,COR04545,SJNP,BHRL,NR,point_machine_fault,B,2024-04-20,2024-03-24,27,False,3.5,True,Signal & Telecommunication
SMMS002531,COR01933,MVO,DGPP,SCR,signal_failure,A,2025-09-19,2025-09-17,2,True,3.2,True,Signal & Telecommunication
SMMS002532,COR04637,MAJN,TOK,SR,signal_failure,A,2024-06-05,2024-06-05,0,True,3.6,False,Signal & Telecommunication
SMMS002533,COR00404,CDH,PDX,ER,point_machine_fault,B,2024-11-20,2024-10-31,20,False,1.1,False,Signal & Telecommunication
SMMS002534,COR01812,KNL,BGD,NWR,point_machine_fault,B,2025-10-02,2025-09-21,11,False,1.4,True,Signal & Telecommunication
SMMS002535,COR07074,KNW,ANI,CR,point_machine_fault,B,2025-03-20,2024-10-25,146,False,3.9,True,Signal & Telecommunication
SMMS002536,COR02444,MHTR,SALE,ER,block_instrument_fault,B,2025-01-15,2025-01-13,2,True,2.7,True,Signal & Telecommunication
SMMS002537,COR02824,BLD,KEB,WR,point_machine_fault,B,2025-11-13,2025-11-08,5,False,0.9,True,Signal & Telecommunication
SMMS002538,COR01391,SGM,TOM,SR,cable_fault,B,2024-10-29,2024-10-24,5,False,1.0,True,Signal & Telecommunication
SMMS002539,COR00012,LKBL,JAM,WR,interlocking_fault,A,2024-08-06,2024-03-08,151,True,3.3,True,Signal & Telecommunication
SMMS002540,COR00336,MLN,BNKJ,NER,axle_counter_fault,A,2024-09-07,2024-06-23,76,True,1.0,True,Signal & Telecommunication
SMMS002541,COR04169,RHW,KUP,NR,signal_failure,A,2024-04-12,2024-03-29,14,True,2.2,True,Signal & Telecommunication
SMMS002542,COR02810,NSP,VR,WR,interlocking_fault,A,2025-05-10,2025-05-10,0,True,0.7,True,Signal & Telecommunication
SMMS002543,COR01807,CBX,GNA,NR,signal_failure,A,2024-12-04,2024-11-29,5,True,0.9,True,Signal & Telecommunication
SMMS002544,COR00205,IDGJ,JSR,NCR,interlocking_fault,A,2024-09-10,2024-09-01,9,True,2.5,True,Signal & Telecommunication
SMMS002545,COR04072,BSRX,KDGI,SWR,block_instrument_fault,B,2024-05-31,2024-05-28,3,True,3.1,True,Signal & Telecommunication
SMMS002546,COR01977,CKE,JLR,WR,signal_failure,A,2025-02-26,2025-02-21,5,True,2.2,False,Signal & Telecommunication
SMMS002547,COR03580,GKL,GMDN,SER,block_instrument_fault,B,2025-01-02,2024-12-30,3,True,2.4,True,Signal & Telecommunication
SMMS002548,COR06495,JLLO,MADA,NWR,cable_fault,B,2025-05-30,2025-05-22,8,False,0.7,True,Signal & Telecommunication
SMMS002549,COR04478,MTA,SGBJ,WCR,interlocking_fault,A,2024-10-08,2024-10-04,4,True,1.1,True,Signal & Telecommunication
SMMS002550,COR06065,BHOJ,MBH,WR,signal_failure,A,2025-01-01,2024-12-29,3,True,1.8,True,Signal & Telecommunication
SMMS002551,COR04164,PDL,LMD,SCR,point_machine_fault,B,2024-07-10,2024-07-09,1,False,2.6,True,Signal & Telecommunication
SMMS002552,COR03778,AWH,TUD,SECR,point_machine_fault,B,2025-10-05,2025-10-01,4,False,0.5,False,Signal & Telecommunication
SMMS002553,COR04616,SGUJ,SGUT,NFR,cable_fault,B,2025-12-15,2025-12-12,3,False,0.6,True,Signal & Telecommunication
SMMS002554,COR03627,KGW,PKL,SWR,interlocking_fault,A,2024-04-28,2024-04-23,5,True,2.1,True,Signal & Telecommunication
SMMS002555,COR02230,RMGM,KHLL,SWR,axle_counter_fault,A,2025-02-10,2025-02-07,3,True,2.0,True,Signal & Telecommunication
SMMS002556,COR03862,BHNA,BHGH,ER,point_machine_fault,B,2024-09-21,2024-09-06,15,False,1.6,True,Signal & Telecommunication
SMMS002557,COR01695,GSPR,SHR,WCR,point_machine_fault,B,2024-12-09,2024-12-06,3,False,4.0,True,Signal & Telecommunication
SMMS002558,COR02444,MHTR,SALE,ER,axle_counter_fault,A,2024-05-28,2024-05-27,1,True,3.7,True,Signal & Telecommunication
SMMS002559,COR00418,NLRD,KQD,SCR,block_instrument_fault,B,2025-09-22,2025-09-11,11,True,2.9,True,Signal & Telecommunication
SMMS002560,COR01087,SUL,SBH,SWR,axle_counter_fault,A,2024-11-28,2024-11-27,1,True,1.1,True,Signal & Telecommunication
SMMS002561,COR04553,KZX,TDO,NR,signal_failure,A,2025-10-04,2025-09-19,15,True,3.7,True,Signal & Telecommunication
SMMS002562,COR00352,IJ,BKT,NER,axle_counter_fault,A,2024-05-26,2024-05-09,17,True,2.2,True,Signal & Telecommunication
SMMS002563,COR03984,KNSN,JVT,ER,point_machine_fault,B,2024-08-04,2024-08-02,2,False,0.7,True,Signal & Telecommunication
SMMS002564,COR00215,MKP,BNSP,NCR,point_machine_fault,B,2024-04-11,2024-04-09,2,False,1.0,True,Signal & Telecommunication
SMMS002565,COR01984,JDH,WAB,WR,cable_fault,B,2024-07-18,2024-07-17,1,False,2.1,False,Signal & Telecommunication
SMMS002566,COR06754,TXM,KDO,SWR,signal_failure,A,2024-08-11,2024-08-11,0,True,3.4,True,Signal & Telecommunication
SMMS002567,COR04672,VBW,RAJP,KR,lc_gate_interlock_fault,A,2024-05-29,2024-05-28,1,False,1.0,True,Signal & Telecommunication
SMMS002568,COR07945,GEG,HRM,WR,signal_failure,A,2024-12-21,2024-12-20,1,True,2.9,True,Signal & Telecommunication
SMMS002569,COR06234,PTRL,MBY,NWR,cable_fault,B,2024-07-04,2024-07-02,2,False,1.1,True,Signal & Telecommunication
SMMS002570,COR01475,JID,AJRE,NFR,interlocking_fault,A,2024-08-10,2024-08-05,5,True,1.1,True,Signal & Telecommunication
SMMS002571,COR02197,AAY,NPK,SR,interlocking_fault,A,2025-09-29,2025-09-23,6,True,2.0,True,Signal & Telecommunication
SMMS002572,COR06663,RGB,BMY,NR,point_machine_fault,B,2025-01-13,2025-01-09,4,False,1.6,False,Signal & Telecommunication
SMMS002573,COR00495,DKI,KTZ,WCR,cable_fault,B,2025-06-17,2025-03-10,99,False,3.5,True,Signal & Telecommunication
SMMS002574,COR02774,MOZ,BMHR,NR,interlocking_fault,A,2024-11-17,2024-11-13,4,True,1.0,True,Signal & Telecommunication
SMMS002575,COR01196,PLV,WTR,CR,lc_gate_interlock_fault,A,2025-02-03,2025-01-29,5,False,2.4,True,Signal & Telecommunication
SMMS002576,COR00541,CDRA,TKQ,SR,signal_failure,A,2024-12-26,2024-12-21,5,True,2.9,True,Signal & Telecommunication
SMMS002577,COR01750,CRG,JJA,WCR,cable_fault,B,2024-10-17,2024-10-12,5,False,1.1,True,Signal & Telecommunication
SMMS002578,COR04770,KANO,KDZ,NR,signal_failure,A,2025-02-05,2025-02-05,0,True,0.9,True,Signal & Telecommunication
SMMS002579,COR00265,GMD,BGTA,WCR,block_instrument_fault,B,2024-02-04,2023-09-01,156,True,1.6,True,Signal & Telecommunication
SMMS002580,COR05584,DPSR,HAR,NCR,point_machine_fault,B,2024-08-23,2024-08-20,3,False,2.2,True,Signal & Telecommunication
SMMS002581,COR01687,BMR,BHTN,WCR,signal_failure,A,2024-01-04,2023-12-30,5,True,0.9,True,Signal & Telecommunication
SMMS002582,COR00854,CRU,LBG,SCR,lc_gate_interlock_fault,A,2025-10-05,2025-09-28,7,False,0.8,True,Signal & Telecommunication
SMMS002583,COR06934,MDLA,DHRN,NR,point_machine_fault,B,2024-03-07,2024-03-03,4,False,3.7,True,Signal & Telecommunication
SMMS002584,COR01992,NUPR,TLRA,NR,signal_failure,A,2025-03-20,2025-03-17,3,True,2.2,True,Signal & Telecommunication
SMMS002585,COR00973,BDT,DJG,NFR,cable_fault,B,2025-02-18,2025-02-18,0,False,1.4,True,Signal & Telecommunication
SMMS002586,COR02691,KZH,KHV,NR,cable_fault,B,2025-07-07,2025-06-15,22,False,2.8,True,Signal & Telecommunication
SMMS002587,COR04550,UCB,DZA,NR,axle_counter_fault,A,2024-02-29,2024-02-27,2,True,3.7,True,Signal & Telecommunication
SMMS002588,COR04130,PEU,KTU,SR,point_machine_fault,B,2024-08-15,2024-08-13,2,False,2.3,True,Signal & Telecommunication
SMMS002589,COR07913,SSP,AKRA,ER,axle_counter_fault,A,2024-12-03,2024-11-30,3,True,3.6,True,Signal & Telecommunication
SMMS002590,COR01842,AWL,KKL,NR,block_instrument_fault,B,2024-04-21,2024-04-20,1,True,1.7,True,Signal & Telecommunication
SMMS002591,COR04897,GNB,KGI,SWR,signal_failure,A,2024-08-05,2024-08-01,4,True,3.7,True,Signal & Telecommunication
SMMS002592,COR00535,KQK,BFR,SR,block_instrument_fault,B,2025-02-26,2024-09-07,172,True,2.3,True,Signal & Telecommunication
SMMS002593,COR08070,NM,GHRI,NR,interlocking_fault,A,2025-11-22,2025-11-18,4,True,1.7,True,Signal & Telecommunication
SMMS002594,COR02830,BL,DGI,WR,block_instrument_fault,B,2025-01-11,2025-01-09,2,True,2.8,True,Signal & Telecommunication
SMMS002595,COR07716,TKU,MCU,SCR,cable_fault,B,2025-12-16,2025-12-13,3,False,1.3,True,Signal & Telecommunication
SMMS002596,COR01322,BGPR,RANI,NWR,interlocking_fault,A,2025-06-16,2025-06-12,4,True,2.7,True,Signal & Telecommunication
SMMS002597,COR00062,SID,DRW,WR,signal_failure,A,2025-02-07,2025-02-06,1,True,1.1,False,Signal & Telecommunication
SMMS002598,COR04981,LMNR,INDM,WR,axle_counter_fault,A,2024-04-30,2023-12-18,134,True,2.3,True,Signal & Telecommunication
SMMS002599,COR03014,KVM,VMD,SCR,signal_failure,A,2025-05-28,2025-05-23,5,True,2.1,True,Signal & Telecommunication
SMMS002600,COR00398,HLR,KPA,ER,cable_fault,B,2024-06-23,2024-06-23,0,False,0.7,True,Signal & Telecommunication
SMMS002601,COR06349,PJA,DDY,NR,point_machine_fault,B,2024-09-03,2024-09-02,1,False,3.7,True,Signal & Telecommunication
SMMS002602,COR00127,SRRG,RHG,NWR,point_machine_fault,B,2025-11-23,2025-11-18,5,False,2.6,True,Signal & Telecommunication
SMMS002603,COR02717,LMP,DEO,NER,point_machine_fault,B,2025-11-14,2025-11-09,5,False,3.3,True,Signal & Telecommunication
SMMS002604,COR07482,SRKN,TLI,NWR,cable_fault,B,2024-07-17,2024-07-12,5,False,1.3,True,Signal & Telecommunication
SMMS002605,COR00572,MTR,MHL,ECR,axle_counter_fault,A,2025-11-28,2025-11-26,2,True,1.8,True,Signal & Telecommunication
SMMS002606,COR04552,GSB,KZX,NR,interlocking_fault,A,2024-11-11,2024-11-07,4,True,1.9,True,Signal & Telecommunication
SMMS002607,COR02822,UBR,SJN,WR,signal_failure,A,2025-06-18,2025-05-24,25,True,3.5,True,Signal & Telecommunication
SMMS002608,COR01435,UMNR,SKJ,ECR,signal_failure,A,2025-12-15,2025-11-26,19,True,0.7,True,Signal & Telecommunication
SMMS002609,COR02120,NVU,DWR,SWR,axle_counter_fault,A,2024-01-07,2023-12-12,26,True,1.5,True,Signal & Telecommunication
SMMS002610,COR00483,KKN,KRO,WCR,block_instrument_fault,B,2025-06-14,2025-06-12,2,True,3.8,True,Signal & Telecommunication
SMMS002611,COR00687,BLD,SJN,WR,lc_gate_interlock_fault,A,2025-04-03,2025-04-03,0,False,3.7,True,Signal & Telecommunication
SMMS002612,COR03878,MSS,TKE,SWR,interlocking_fault,A,2025-08-27,2025-08-13,14,True,2.7,True,Signal & Telecommunication
SMMS002613,COR02411,KNLS,MDPR,WR,lc_gate_interlock_fault,A,2024-05-31,2024-05-11,20,False,2.1,False,Signal & Telecommunication
SMMS002614,COR00544,ELM,PAZ,SR,signal_failure,A,2025-04-13,2025-03-23,21,True,3.1,True,Signal & Telecommunication
SMMS002615,COR00005,SKR,WSJ,WR,signal_failure,A,2025-01-20,2025-01-05,15,True,3.7,True,Signal & Telecommunication
SMMS002616,COR02235,GNB,NYH,SWR,point_machine_fault,B,2025-03-18,2024-12-17,91,False,0.9,False,Signal & Telecommunication
SMMS002617,COR02424,MTHP,OKHA,WR,point_machine_fault,B,2025-01-07,2025-01-05,2,False,1.1,True,Signal & Telecommunication
SMMS002618,COR01204,JJR,RJW,CR,interlocking_fault,A,2024-04-23,2024-04-23,0,True,3.1,True,Signal & Telecommunication
SMMS002619,COR00611,TAA,MABD,SCR,cable_fault,B,2024-09-15,2024-09-13,2,False,2.7,False,Signal & Telecommunication
SMMS002620,COR01388,ALK,BAL,SR,signal_failure,A,2025-10-28,2025-09-07,51,True,1.0,False,Signal & Telecommunication
SMMS002621,COR03693,GSL,SLB,SER,cable_fault,B,2024-09-08,2024-09-05,3,False,1.2,True,Signal & Telecommunication
SMMS002622,COR04140,CAN,CQL,SR,cable_fault,B,2024-09-15,2024-03-31,168,False,1.0,False,Signal & Telecommunication
SMMS002623,COR05745,VDL,ANP,SR,block_instrument_fault,B,2024-01-27,2024-01-24,3,True,3.6,True,Signal & Telecommunication
SMMS002624,COR00207,MFX,LOG,NCR,lc_gate_interlock_fault,A,2025-04-23,2025-02-01,81,False,0.7,True,Signal & Telecommunication
SMMS002625,COR03063,NPK,AAY,SR,point_machine_fault,B,2025-09-16,2025-09-11,5,False,2.3,True,Signal & Telecommunication
SMMS002626,COR01771,MXL,RNT,WCR,axle_counter_fault,A,2025-10-17,2025-10-15,2,True,3.7,False,Signal & Telecommunication
SMMS002627,COR01782,VNR,BLKR,SWR,point_machine_fault,B,2025-12-16,2025-12-11,5,False,2.5,True,Signal & Telecommunication
SMMS002628,COR03903,JIND,BZO,NR,interlocking_fault,A,2024-06-19,2024-06-15,4,True,1.9,True,Signal & Telecommunication
SMMS002629,COR06874,MWX,BWF,NR,point_machine_fault,B,2024-01-12,2023-12-29,14,False,1.5,True,Signal & Telecommunication
SMMS002630,COR04640,UD,BKJ,KR,point_machine_fault,B,2024-01-28,2024-01-23,5,False,2.0,True,Signal & Telecommunication
SMMS002631,COR01140,DEV,NAG,SWR,signal_failure,A,2025-04-16,2025-03-23,24,True,3.0,True,Signal & Telecommunication
SMMS002632,COR05045,PPW,GIR,NER,point_machine_fault,B,2024-12-24,2024-12-02,22,False,3.2,True,Signal & Telecommunication
SMMS002633,COR04880,DVN,HDGR,SCR,cable_fault,B,2025-08-13,2025-08-11,2,False,1.3,True,Signal & Telecommunication
SMMS002634,COR05492,DBSI,VVKP,NR,point_machine_fault,B,2025-07-13,2025-07-10,3,False,0.7,True,Signal & Telecommunication
SMMS002635,COR06588,JJN,NUA,NWR,cable_fault,B,2025-02-03,2025-02-01,2,False,1.8,True,Signal & Telecommunication
SMMS002636,COR03971,KWAE,NBKH,ER,block_instrument_fault,B,2024-12-12,2024-12-08,4,True,2.5,True,Signal & Telecommunication
SMMS002637,COR03439,CRW,SWNI,NWR,point_machine_fault,B,2024-08-25,2024-08-24,1,False,1.6,True,Signal & Telecommunication
SMMS002638,COR05559,PMH,AJL,NR,interlocking_fault,A,2024-08-31,2024-08-29,2,True,2.7,True,Signal & Telecommunication
SMMS002639,COR00848,MDS,DLD,WR,axle_counter_fault,A,2025-03-02,2025-02-26,4,True,2.3,True,Signal & Telecommunication
SMMS002640,COR00762,KRTN,DEC,NR,cable_fault,B,2024-04-16,2024-04-12,4,False,1.2,True,Signal & Telecommunication
SMMS002641,COR02697,ISM,SPZ,NR,cable_fault,B,2025-02-04,2025-02-01,3,False,1.9,True,Signal & Telecommunication
SMMS002642,COR01693,ADTL,DOE,WCR,interlocking_fault,A,2024-04-16,2024-04-12,4,True,3.3,True,Signal & Telecommunication
SMMS002643,COR04298,DLR,PPH,NER,signal_failure,A,2025-05-07,2025-05-05,2,True,1.6,True,Signal & Telecommunication
SMMS002644,COR01607,RNR,CLI,SWR,interlocking_fault,A,2024-02-23,2024-02-18,5,True,2.7,True,Signal & Telecommunication
SMMS002645,COR02893,SGBJ,MTA,WCR,signal_failure,A,2024-12-04,2024-11-30,4,True,1.7,True,Signal & Telecommunication
SMMS002646,COR04312,JNKR,RPLY,ECR,signal_failure,A,2024-09-12,2024-09-07,5,True,2.6,True,Signal & Telecommunication
SMMS002647,COR01727,LOG,MFX,NCR,signal_failure,A,2024-09-21,2024-09-17,4,True,2.5,True,Signal & Telecommunication
SMMS002648,COR01542,GPR,SSV,CR,block_instrument_fault,B,2025-04-09,2025-04-06,3,True,1.1,True,Signal & Telecommunication
SMMS002649,COR02347,MLHA,CVR,WR,signal_failure,A,2024-09-02,2024-09-02,0,True,1.5,True,Signal & Telecommunication
SMMS002650,COR01546,SHIV,ABLE,CR,point_machine_fault,B,2024-04-25,2024-04-21,4,False,0.5,True,Signal & Telecommunication
SMMS002651,COR00484,KRO,BRI,WCR,axle_counter_fault,A,2025-11-26,2025-11-25,1,True,1.1,True,Signal & Telecommunication
SMMS002652,COR02963,BLLI,CNO,KR,block_instrument_fault,B,2025-12-14,2025-11-14,30,True,1.6,False,Signal & Telecommunication
SMMS002653,COR00492,PGL,BIF,WCR,cable_fault,B,2025-12-17,2025-12-17,0,False,0.5,True,Signal & Telecommunication
SMMS002654,COR00030,DL,LMC,WR,axle_counter_fault,A,2024-10-18,2024-10-18,0,True,0.7,True,Signal & Telecommunication
SMMS002655,COR02449,NBKH,KWAE,ER,cable_fault,B,2024-02-21,2024-02-02,19,False,3.6,True,Signal & Telecommunication
SMMS002656,COR05081,BTG,NSU,NR,interlocking_fault,A,2024-07-25,2024-07-25,0,True,0.6,True,Signal & Telecommunication
SMMS002657,COR00671,BHET,SCH,WR,cable_fault,B,2025-08-01,2025-07-29,3,False,0.9,True,Signal & Telecommunication
SMMS002658,COR00721,BA,MM,WR,signal_failure,A,2024-05-20,2024-05-17,3,True,2.6,True,Signal & Telecommunication
SMMS002659,COR07327,PUF,BFPA,NER,cable_fault,B,2025-11-05,2025-11-05,0,False,2.1,True,Signal & Telecommunication
SMMS002660,COR02738,DAVM,PASA,SR,signal_failure,A,2025-10-27,2025-10-26,1,True,3.0,True,Signal & Telecommunication
SMMS002661,COR04656,KAWR,AT,KR,block_instrument_fault,B,2025-02-19,2025-02-17,2,True,0.7,True,Signal & Telecommunication
SMMS002662,COR03063,NPK,AAY,SR,interlocking_fault,A,2024-11-09,2024-10-19,21,True,3.7,False,Signal & Telecommunication
SMMS002663,COR02439,CWLE,KZPR,ER,block_instrument_fault,B,2025-05-20,2025-03-17,64,True,0.8,True,Signal & Telecommunication
SMMS002664,COR04048,SBK,YFP,NER,interlocking_fault,A,2024-12-25,2024-12-20,5,True,3.0,True,Signal & Telecommunication
SMMS002665,COR01997,HRDR,MGRP,NR,lc_gate_interlock_fault,A,2024-01-17,2024-01-13,4,False,2.5,True,Signal & Telecommunication
SMMS002666,COR05282,KDO,TXM,SWR,signal_failure,A,2025-04-27,2025-04-24,3,True,2.7,True,Signal & Telecommunication
SMMS002667,COR02974,MAHE,MUKE,SR,block_instrument_fault,B,2025-08-07,2025-08-06,1,True,1.6,True,Signal & Telecommunication
SMMS002668,COR02836,VDH,NVS,WR,cable_fault,B,2024-01-31,2024-01-20,11,False,1.0,True,Signal & Telecommunication
SMMS002669,COR01365,KLL,SHRD,WR,signal_failure,A,2024-05-01,2024-05-01,0,True,3.4,True,Signal & Telecommunication
SMMS002670,COR01848,GSB,DZA,NR,cable_fault,B,2025-08-24,2025-08-20,4,False,3.0,True,Signal & Telecommunication
SMMS002671,COR00248,BHTN,BMR,WCR,point_machine_fault,B,2024-10-22,2024-10-17,5,False,2.5,True,Signal & Telecommunication
SMMS002672,COR01435,UMNR,SKJ,ECR,cable_fault,B,2024-10-12,2024-09-13,29,False,2.6,True,Signal & Telecommunication
SMMS002673,COR04575,MGAE,SDI,ER,signal_failure,A,2025-02-11,2025-02-08,3,True,1.2,False,Signal & Telecommunication
SMMS002674,COR05948,CNO,AT,KR,lc_gate_interlock_fault,A,2024-01-07,2023-12-29,9,False,1.4,True,Signal & Telecommunication
SMMS002675,COR04447,KFA,SBV,ECR,lc_gate_interlock_fault,A,2024-09-30,2024-09-30,0,False,0.6,False,Signal & Telecommunication
SMMS002676,COR03732,SDGM,ASV,WR,cable_fault,B,2024-04-28,2024-04-27,1,False,0.9,False,Signal & Telecommunication
SMMS002677,COR00076,KWI,BMN,NWR,cable_fault,B,2025-08-25,2025-08-21,4,False,0.8,True,Signal & Telecommunication
SMMS002678,COR02358,BANE,BGKT,NWR,signal_failure,A,2024-06-22,2024-06-13,9,True,0.5,True,Signal & Telecommunication
SMMS002679,COR06781,JIL,BNH,WR,block_instrument_fault,B,2024-01-22,2024-01-20,2,True,0.7,False,Signal & Telecommunication
SMMS002680,COR04398,JMKR,TRPL,NR,cable_fault,B,2024-12-14,2024-10-24,51,False,3.4,True,Signal & Telecommunication
SMMS002681,COR02960,VDGN,UKH,SCR,block_instrument_fault,B,2025-01-30,2025-01-14,16,True,2.3,True,Signal & Telecommunication
SMMS002682,COR03170,GNW,KUX,CR,interlocking_fault,A,2024-07-07,2024-07-06,1,True,2.6,True,Signal & Telecommunication
SMMS002683,COR00993,NCH,MXN,NFR,interlocking_fault,A,2025-06-13,2025-06-08,5,True,2.8,True,Signal & Telecommunication
SMMS002684,COR00696,PLG,KLV,WR,cable_fault,B,2024-10-10,2024-09-27,13,False,3.6,True,Signal & Telecommunication
SMMS002685,COR06837,SLWR,HIND,NR,cable_fault,B,2024-10-03,2024-09-28,5,False,3.4,True,Signal & Telecommunication
SMMS002686,COR02835,ACL,VDH,WR,cable_fault,B,2024-11-21,2024-11-18,3,False,3.6,True,Signal & Telecommunication
SMMS002687,COR03484,UCR,RCP,NR,block_instrument_fault,B,2024-07-22,2024-07-17,5,True,0.5,True,Signal & Telecommunication
SMMS002688,COR00480,CAER,BRUD,WCR,interlocking_fault,A,2024-10-20,2024-10-17,3,True,2.3,False,Signal & Telecommunication
SMMS002689,COR00048,CTRL,EN,WR,cable_fault,B,2025-11-08,2025-11-06,2,False,1.5,True,Signal & Telecommunication
SMMS002690,COR01052,PASG,DMR,NFR,block_instrument_fault,B,2025-11-16,2025-07-11,128,True,3.7,True,Signal & Telecommunication
SMMS002691,COR06470,KLRS,SVPI,WCR,point_machine_fault,B,2025-12-25,2025-12-22,3,False,1.6,True,Signal & Telecommunication
SMMS002692,COR02816,UOI,BOR,WR,block_instrument_fault,B,2024-11-28,2024-11-25,3,True,3.1,True,Signal & Telecommunication
SMMS002693,COR00989,NMT,AGI,NFR,axle_counter_fault,A,2024-03-15,2024-03-15,0,True,3.1,True,Signal & Telecommunication
SMMS002694,COR00012,LKBL,JAM,WR,block_instrument_fault,B,2024-08-31,2024-08-31,0,True,0.7,True,Signal & Telecommunication
SMMS002695,COR06793,DRBR,SRU,NER,point_machine_fault,B,2025-01-30,2025-01-18,12,False,1.5,True,Signal & Telecommunication
SMMS002696,COR01706,BUU,MYR,WCR,interlocking_fault,A,2024-02-15,2024-02-10,5,True,1.8,True,Signal & Telecommunication
SMMS002697,COR02691,KZH,KHV,NR,block_instrument_fault,B,2024-10-04,2024-09-30,4,True,0.6,True,Signal & Telecommunication
SMMS002698,COR01771,MXL,RNT,WCR,block_instrument_fault,B,2024-03-09,2024-03-07,2,True,1.7,True,Signal & Telecommunication
SMMS002699,COR03321,DWLE,PNSA,ER,interlocking_fault,A,2024-01-13,2024-01-13,0,True,3.9,True,Signal & Telecommunication
SMMS002700,COR00690,BRRD,GVD,WR,cable_fault,B,2024-05-09,2024-05-04,5,False,3.7,True,Signal & Telecommunication
SMMS002701,COR01267,GHG,DHPR,NR,axle_counter_fault,A,2025-05-01,2025-03-21,41,True,1.6,True,Signal & Telecommunication
SMMS002702,COR00615,DKJ,PPY,SCR,cable_fault,B,2024-01-21,2024-01-17,4,False,1.2,True,Signal & Telecommunication
SMMS002703,COR02819,DRD,GVD,WR,axle_counter_fault,A,2024-01-11,2024-01-11,0,True,0.7,True,Signal & Telecommunication
SMMS002704,COR01478,TGE,CPK,NFR,point_machine_fault,B,2025-04-30,2025-04-09,21,False,2.6,True,Signal & Telecommunication
SMMS002705,COR06752,NTW,SJPM,SWR,point_machine_fault,B,2025-01-20,2025-01-16,4,False,1.6,True,Signal & Telecommunication
SMMS002706,COR03405,SMKR,MHC,NER,lc_gate_interlock_fault,A,2025-08-19,2025-08-16,3,False,1.9,True,Signal & Telecommunication
SMMS002707,COR02899,ERL,PYD,SR,interlocking_fault,A,2025-05-13,2025-05-09,4,True,2.5,True,Signal & Telecommunication
SMMS002708,COR04654,ANKL,HAA,KR,interlocking_fault,A,2025-09-26,2025-09-24,2,True,2.0,True,Signal & Telecommunication
SMMS002709,COR04981,LMNR,INDM,WR,point_machine_fault,B,2024-07-23,2024-07-18,5,False,3.0,True,Signal & Telecommunication
SMMS002710,COR04304,LRD,SRU,NER,cable_fault,B,2025-04-13,2025-04-08,5,False,2.6,True,Signal & Telecommunication
SMMS002711,COR01354,MSH,SXS,WR,axle_counter_fault,A,2024-02-06,2024-02-06,0,True,0.8,True,Signal & Telecommunication
SMMS002712,COR01338,ABR,MAA,NWR,point_machine_fault,B,2025-05-17,2025-05-15,2,False,1.3,True,Signal & Telecommunication
SMMS002713,COR03721,LCT,NLN,NFR,axle_counter_fault,A,2024-02-28,2024-01-31,28,True,1.0,True,Signal & Telecommunication
SMMS002714,COR03579,MDN,GKL,SER,interlocking_fault,A,2025-10-20,2025-05-16,157,True,3.2,True,Signal & Telecommunication
SMMS002715,COR02406,ALB,HAPA,WR,cable_fault,B,2025-05-05,2025-05-05,0,False,2.3,True,Signal & Telecommunication
SMMS002716,COR00783,HSI,KRH,NWR,interlocking_fault,A,2025-01-17,2025-01-07,10,True,2.8,True,Signal & Telecommunication
SMMS002717,COR00318,JOC,ADRA,SER,point_machine_fault,B,2024-08-22,2024-08-02,20,False,1.1,False,Signal & Telecommunication
SMMS002718,COR00659,UGR,SED,SWR,cable_fault,B,2024-04-02,2024-04-02,0,False,2.1,True,Signal & Telecommunication
SMMS002719,COR00494,BPF,DKI,WCR,cable_fault,B,2025-06-17,2025-05-26,22,False,3.2,True,Signal & Telecommunication
SMMS002720,COR00223,HATI,SAGM,WCR,block_instrument_fault,B,2024-03-22,2024-03-17,5,True,1.0,True,Signal & Telecommunication
SMMS002721,COR01346,PNU,UM,WR,interlocking_fault,A,2025-03-04,2025-03-04,0,True,0.8,True,Signal & Telecommunication
SMMS002722,COR04277,MHRG,ZP,NWR,point_machine_fault,B,2025-03-24,2025-03-14,10,False,2.3,True,Signal & Telecommunication
SMMS002723,COR00086,BRLY,FA,NWR,cable_fault,B,2025-08-29,2025-08-02,27,False,3.4,True,Signal & Telecommunication
SMMS002724,COR02152,MLHS,MTMY,SR,point_machine_fault,B,2024-08-27,2024-08-24,3,False,1.2,True,Signal & Telecommunication
SMMS002725,COR03948,KMAE,JIT,ER,cable_fault,B,2025-03-29,2025-03-24,5,False,0.6,True,Signal & Telecommunication
SMMS002726,COR04712,CKX,AMBR,SCR,point_machine_fault,B,2024-04-29,2024-04-28,1,False,2.0,True,Signal & Telecommunication
SMMS002727,COR05091,TAV,JBB,WR,point_machine_fault,B,2024-03-28,2024-03-26,2,False,2.4,True,Signal & Telecommunication
SMMS002728,COR04195,SDLP,HR,NWR,point_machine_fault,B,2025-03-15,2025-03-10,5,False,3.4,True,Signal & Telecommunication
SMMS002729,COR06707,IRN,AKZ,SER,point_machine_fault,B,2024-05-25,2024-05-25,0,False,0.8,True,Signal & Telecommunication
SMMS002730,COR01002,BHGN,BXP,NFR,axle_counter_fault,A,2025-08-11,2025-08-11,0,True,1.6,True,Signal & Telecommunication
SMMS002731,COR02137,KODI,RNE,SCR,cable_fault,B,2024-03-31,2024-03-28,3,False,2.4,True,Signal & Telecommunication
SMMS002732,COR02686,JIND,BSPH,NR,axle_counter_fault,A,2024-03-04,2024-03-03,1,True,1.2,False,Signal & Telecommunication
SMMS002733,COR00728,VSG,DBM,SWR,axle_counter_fault,A,2025-01-04,2024-12-30,5,True,1.2,True,Signal & Telecommunication
SMMS002734,COR00044,KLRD,CDK,WR,block_instrument_fault,B,2024-11-28,2024-10-31,28,True,3.4,True,Signal & Telecommunication
SMMS002735,COR03077,ETR,CMC,SR,cable_fault,B,2024-01-03,2023-10-29,66,False,2.6,True,Signal & Telecommunication
SMMS002736,COR04943,UKC,BOKE,KR,cable_fault,B,2025-02-28,2025-02-03,25,False,2.1,True,Signal & Telecommunication
SMMS002737,COR04556,DRE,SCPD,NR,lc_gate_interlock_fault,A,2025-12-24,2025-12-21,3,False,3.3,False,Signal & Telecommunication
SMMS002738,COR04109,PUL,JHK,NR,signal_failure,A,2024-08-17,2024-08-17,0,True,1.0,True,Signal & Telecommunication
SMMS002739,COR03351,RMD,SQD,SR,interlocking_fault,A,2024-07-22,2024-07-09,13,True,2.9,True,Signal & Telecommunication
SMMS002740,COR00995,KQY,TTB,NFR,interlocking_fault,A,2025-02-12,2025-02-10,2,True,0.6,True,Signal & Telecommunication
SMMS002741,COR02139,PDG,PTU,SCR,axle_counter_fault,A,2024-03-23,2024-03-22,1,True,3.5,True,Signal & Telecommunication
SMMS002742,COR02320,NRGR,DWX,WR,interlocking_fault,A,2024-07-10,2024-07-07,3,True,1.1,False,Signal & Telecommunication
SMMS002743,COR05833,BOKO,CGON,NFR,cable_fault,B,2025-07-04,2025-06-29,5,False,3.4,True,Signal & Telecommunication
SMMS002744,COR01879,YP,TNGM,SCR,cable_fault,B,2025-08-25,2025-07-31,25,False,1.8,True,Signal & Telecommunication
SMMS002745,COR02062,SBC,MWM,SWR,interlocking_fault,A,2024-12-24,2024-12-18,6,True,3.8,True,Signal & Telecommunication
SMMS002746,COR00119,GEK,KSG,NWR,point_machine_fault,B,2025-06-27,2025-06-27,0,False,3.4,True,Signal & Telecommunication
SMMS002747,COR04720,HBU,KHNP,SCR,point_machine_fault,B,2025-08-11,2025-08-09,2,False,3.0,True,Signal & Telecommunication
SMMS002748,COR04005,THZI,KVTA,SR,signal_failure,A,2025-10-02,2025-10-01,1,True,3.5,True,Signal & Telecommunication
SMMS002749,COR02977,BDJ,IGL,SR,cable_fault,B,2024-10-05,2024-10-04,1,False,1.0,True,Signal & Telecommunication
SMMS002750,COR02885,DSA,DLI,NR,signal_failure,A,2025-11-30,2025-11-29,1,True,2.4,True,Signal & Telecommunication
SMMS002751,COR03974,GGLE,JHBN,ER,point_machine_fault,B,2024-05-05,2024-04-16,19,False,3.8,True,Signal & Telecommunication
SMMS002752,COR03266,NGLT,BIQ,NCR,lc_gate_interlock_fault,A,2024-07-08,2024-07-03,5,False,1.4,True,Signal & Telecommunication
SMMS002753,COR03249,MXL,MLZ,WCR,cable_fault,B,2025-06-19,2025-06-18,1,False,3.7,True,Signal & Telecommunication
SMMS002754,COR04265,PDH,CX,WR,cable_fault,B,2025-06-05,2025-06-02,3,False,0.5,True,Signal & Telecommunication
SMMS002755,COR01860,MDPB,KTHU,NR,cable_fault,B,2024-02-04,2024-02-04,0,False,1.6,True,Signal & Telecommunication
SMMS002756,COR01143,LWR,KBI,SWR,block_instrument_fault,B,2025-09-24,2025-09-22,2,True,1.5,True,Signal & Telecommunication
SMMS002757,COR02778,THJ,NGL,NR,lc_gate_interlock_fault,A,2024-07-15,2024-07-11,4,False,1.0,True,Signal & Telecommunication
SMMS002758,COR04691,VEER,GNO,KR,point_machine_fault,B,2025-08-31,2025-08-02,29,False,0.7,True,Signal & Telecommunication
SMMS002759,COR00649,SUL,PCH,SWR,point_machine_fault,B,2024-04-25,2024-04-24,1,False,1.3,True,Signal & Telecommunication
SMMS002760,COR00082,NANA,KTR,NWR,point_machine_fault,B,2025-08-23,2025-08-22,1,False,1.9,True,Signal & Telecommunication
SMMS002761,COR01632,SSNH,TTR,SWR,signal_failure,A,2024-03-02,2024-02-17,14,True,1.5,True,Signal & Telecommunication
SMMS002762,COR04137,KN,FK,SR,interlocking_fault,A,2025-05-06,2025-03-12,55,True,2.0,True,Signal & Telecommunication
SMMS002763,COR02976,NAU,BDJ,SR,signal_failure,A,2025-05-06,2025-04-15,21,True,3.4,True,Signal & Telecommunication
SMMS002764,COR01697,DDCE,SBD,WCR,signal_failure,A,2024-10-05,2024-10-05,0,True,3.4,True,Signal & Telecommunication
SMMS002765,COR03285,AYB,BJP,SWR,block_instrument_fault,B,2024-10-31,2024-10-28,3,True,2.2,True,Signal & Telecommunication
SMMS002766,COR00674,NVS,VDH,WR,cable_fault,B,2024-01-15,2024-01-14,1,False,3.0,True,Signal & Telecommunication
SMMS002767,COR00523,NSD,ROS,NWR,point_machine_fault,B,2024-09-06,2024-09-04,2,False,2.8,True,Signal & Telecommunication
SMMS002768,COR00685,VAPI,KEB,WR,point_machine_fault,B,2025-10-23,2025-10-17,6,False,3.9,True,Signal & Telecommunication
SMMS002769,COR00151,BDXT,GGN,NR,point_machine_fault,B,2024-03-07,2024-03-06,1,False,3.1,True,Signal & Telecommunication
SMMS002770,COR03941,RKR,JJA,WCR,block_instrument_fault,B,2024-07-04,2024-06-23,11,True,1.5,True,Signal & Telecommunication
SMMS002771,COR05424,UCR,ARKA,NR,block_instrument_fault,B,2025-10-11,2025-09-26,15,True,0.6,True,Signal & Telecommunication
SMMS002772,COR01221,NEI,MRX,CR,interlocking_fault,A,2025-02-20,2025-02-20,0,True,1.0,True,Signal & Telecommunication
SMMS002773,COR04163,TKOT,MAQ,SR,axle_counter_fault,A,2025-05-26,2025-05-04,22,True,1.5,False,Signal & Telecommunication
SMMS002774,COR00094,BGG,AUWA,NWR,cable_fault,B,2024-05-19,2024-02-25,84,False,1.0,True,Signal & Telecommunication
SMMS002775,COR00076,KWI,BMN,NWR,interlocking_fault,A,2025-07-30,2025-05-29,62,True,0.9,False,Signal & Telecommunication
SMMS002776,COR01810,SGA,RMN,NWR,axle_counter_fault,A,2024-09-21,2024-09-03,18,True,3.8,False,Signal & Telecommunication
SMMS002777,COR02355,LUNI,HWT,NWR,cable_fault,B,2025-09-20,2025-09-10,10,False,2.5,True,Signal & Telecommunication
SMMS002778,COR03783,WDG,AJU,SECR,lc_gate_interlock_fault,A,2024-11-26,2024-11-26,0,False,2.3,True,Signal & Telecommunication
SMMS002779,COR04948,VID,RAJP,KR,cable_fault,B,2025-11-05,2025-11-05,0,False,1.5,True,Signal & Telecommunication
SMMS002780,COR04878,MOB,DBV,SCR,signal_failure,A,2024-04-21,2024-04-16,5,True,2.4,True,Signal & Telecommunication
SMMS002781,COR05457,FTD,LOD,WR,interlocking_fault,A,2024-09-02,2024-08-31,2,True,1.3,True,Signal & Telecommunication
SMMS002782,COR03694,SLB,CDGR,SER,cable_fault,B,2025-11-01,2025-10-30,2,False,3.7,True,Signal & Telecommunication
SMMS002783,COR05800,HMH,DBI,NWR,interlocking_fault,A,2025-11-26,2025-11-24,2,True,2.7,True,Signal & Telecommunication
SMMS002784,COR07975,RSA,GDZ,SECR,lc_gate_interlock_fault,A,2025-02-06,2025-02-06,0,False,2.5,True,Signal & Telecommunication
SMMS002785,COR01194,STR,JSV,CR,axle_counter_fault,A,2025-09-26,2025-09-22,4,True,0.6,True,Signal & Telecommunication
SMMS002786,COR01028,LPN,CPK,NFR,cable_fault,B,2025-04-29,2025-04-28,1,False,3.9,True,Signal & Telecommunication
SMMS002787,COR04445,BHB,DHT,ECR,point_machine_fault,B,2025-01-08,2024-12-16,23,False,4.0,False,Signal & Telecommunication
SMMS002788,COR04641,BKJ,KUDA,KR,lc_gate_interlock_fault,A,2025-06-11,2025-06-08,3,False,2.6,True,Signal & Telecommunication
SMMS002789,COR06490,MBV,NNL,NWR,point_machine_fault,B,2025-05-06,2025-05-05,1,False,3.2,True,Signal & Telecommunication
SMMS002790,COR00286,BMA,KDK,CR,point_machine_fault,B,2025-02-08,2025-02-08,0,False,4.0,False,Signal & Telecommunication
SMMS002791,COR04545,SJNP,BHRL,NR,block_instrument_fault,B,2025-12-16,2025-12-10,6,True,2.8,True,Signal & Telecommunication
SMMS002792,COR01527,TR,RGO,SCR,point_machine_fault,B,2024-12-08,2024-11-29,9,False,1.5,True,Signal & Telecommunication
SMMS002793,COR01130,UJH,SKW,NER,block_instrument_fault,B,2025-03-04,2025-02-28,4,True,0.8,True,Signal & Telecommunication
SMMS002794,COR00080,SOH,KVJ,NWR,axle_counter_fault,A,2025-07-22,2025-07-17,5,True,1.1,True,Signal & Telecommunication
SMMS002795,COR04295,MHO,SDT,NER,signal_failure,A,2025-10-13,2025-10-05,8,True,0.5,True,Signal & Telecommunication
SMMS002796,COR00437,PAPM,BMPL,SCR,signal_failure,A,2024-11-11,2024-11-09,2,True,3.1,True,Signal & Telecommunication
SMMS002797,COR00296,SAV,DSK,CR,axle_counter_fault,A,2024-02-05,2024-01-31,5,True,2.8,True,Signal & Telecommunication
SMMS002798,COR00131,MWW,AWR,NWR,cable_fault,B,2024-12-31,2024-12-15,16,False,0.9,True,Signal & Telecommunication
SMMS002799,COR00492,PGL,BIF,WCR,interlocking_fault,A,2024-11-22,2024-11-05,17,True,2.0,True,Signal & Telecommunication
SMMS002800,COR00561,MOTC,RWL,NR,point_machine_fault,B,2024-11-19,2024-11-14,5,False,3.8,True,Signal & Telecommunication
SMMS002801,COR01637,BSN,AMSA,SWR,point_machine_fault,B,2024-02-14,2024-02-12,2,False,0.9,True,Signal & Telecommunication
SMMS002802,COR00080,SOH,KVJ,NWR,block_instrument_fault,B,2025-11-21,2025-11-19,2,True,2.5,True,Signal & Telecommunication
SMMS002803,COR05269,PAV,VMD,SCR,point_machine_fault,B,2024-02-18,2024-02-17,1,False,1.0,True,Signal & Telecommunication
SMMS002804,COR01759,FSP,DNHK,WCR,point_machine_fault,B,2025-11-10,2025-11-08,2,False,3.2,True,Signal & Telecommunication
SMMS002805,COR01270,TTP,TAM,SR,interlocking_fault,A,2024-07-12,2024-07-08,4,True,3.5,False,Signal & Telecommunication
SMMS002806,COR01936,SCO,UPR,SCR,signal_failure,A,2024-07-26,2024-07-24,2,True,1.7,True,Signal & Telecommunication
SMMS002807,COR02898,VRLR,ERL,SR,interlocking_fault,A,2024-06-19,2024-06-01,18,True,3.5,True,Signal & Telecommunication
SMMS002808,COR00263,SXF,SGP,WCR,point_machine_fault,B,2025-10-18,2025-10-13,5,False,2.9,True,Signal & Telecommunication
SMMS002809,COR02896,NCJ,NJT,SR,interlocking_fault,A,2024-05-14,2024-05-09,5,True,2.2,False,Signal & Telecommunication
SMMS002810,COR00713,MDD,GMN,WR,cable_fault,B,2025-01-23,2025-01-01,22,False,1.0,True,Signal & Telecommunication
SMMS002811,COR00246,KEQ,BRGT,WCR,interlocking_fault,A,2025-05-02,2025-04-30,2,True,2.8,False,Signal & Telecommunication
SMMS002812,COR02718,DEO,PD,NER,axle_counter_fault,A,2025-08-22,2025-08-19,3,True,1.4,True,Signal & Telecommunication
SMMS002813,COR02972,TLY,JGE,SR,axle_counter_fault,A,2025-02-21,2025-02-20,1,True,1.5,True,Signal & Telecommunication
SMMS002814,COR00639,PIS,ITKY,SER,lc_gate_interlock_fault,A,2025-08-10,2025-08-07,3,False,1.9,True,Signal & Telecommunication
SMMS002815,COR03914,MSOD,BTKD,NR,signal_failure,A,2025-04-16,2025-01-07,99,True,1.6,True,Signal & Telecommunication
SMMS002816,COR01681,KY,NU,WCR,signal_failure,A,2024-05-07,2024-05-07,0,True,3.6,True,Signal & Telecommunication
SMMS002817,COR00002,PBR,RWO,WR,point_machine_fault,B,2025-05-06,2025-04-22,14,False,2.3,True,Signal & Telecommunication
SMMS002818,COR00228,MYR,BUU,WCR,block_instrument_fault,B,2024-06-29,2024-06-24,5,True,2.4,True,Signal & Telecommunication
SMMS002819,COR01654,MWM,SBC,SWR,point_machine_fault,B,2025-03-20,2025-03-03,17,False,1.4,True,Signal & Telecommunication
SMMS002820,COR01599,KALS,YLG,SWR,cable_fault,B,2025-11-01,2025-10-28,4,False,2.6,True,Signal & Telecommunication
SMMS002821,COR01156,MSD,CSTM,CR,signal_failure,A,2024-04-08,2024-04-06,2,True,2.0,True,Signal & Telecommunication
SMMS002822,COR01154,BY,SNRD,CR,axle_counter_fault,A,2024-05-01,2024-04-28,3,True,2.9,False,Signal & Telecommunication
SMMS002823,COR04936,KHED,ANO,KR,cable_fault,B,2025-07-23,2025-07-23,0,False,0.5,True,Signal & Telecommunication
SMMS002824,COR00691,GVD,DRD,WR,cable_fault,B,2024-04-18,2024-04-16,2,False,0.5,True,Signal & Telecommunication
SMMS002825,COR04906,MYA,Y,SWR,signal_failure,A,2025-10-04,2025-09-14,20,True,2.0,True,Signal & Telecommunication
SMMS002826,COR03904,BZO,UCA,NR,axle_counter_fault,A,2024-01-20,2023-10-25,87,True,0.6,True,Signal & Telecommunication
SMMS002827,COR02059,MQL,PAU,SCR,interlocking_fault,A,2025-05-06,2025-05-05,1,True,1.5,True,Signal & Telecommunication
SMMS002828,COR04083,IDR,LHN,SWR,block_instrument_fault,B,2024-07-24,2024-07-23,1,True,3.8,True,Signal & Telecommunication
SMMS002829,COR01249,KVK,AGDL,CR,cable_fault,B,2025-07-15,2025-07-15,0,False,3.5,True,Signal & Telecommunication
SMMS002830,COR02200,DYS,NNN,SR,cable_fault,B,2024-10-31,2024-10-11,20,False,0.9,False,Signal & Telecommunication
SMMS002831,COR03955,BGRA,DTAE,ER,signal_failure,A,2025-10-09,2025-09-20,19,True,3.6,True,Signal & Telecommunication
SMMS002832,COR01560,KRG,RMP,CR,cable_fault,B,2025-08-06,2025-08-02,4,False,2.7,False,Signal & Telecommunication
SMMS002833,COR00473,BAU,AGQ,CR,signal_failure,A,2025-07-02,2025-06-30,2,True,2.4,True,Signal & Telecommunication
SMMS002834,COR05438,BON,ATH,WCR,block_instrument_fault,B,2025-07-28,2025-06-28,30,True,1.0,False,Signal & Telecommunication
SMMS002835,COR04369,MES,ILA,SR,point_machine_fault,B,2024-06-07,2024-05-28,10,False,0.6,True,Signal & Telecommunication
SMMS002836,COR02583,HAA,ANKL,KR,lc_gate_interlock_fault,A,2024-06-27,2024-06-27,0,False,3.8,True,Signal & Telecommunication
SMMS002837,COR02092,HSD,ABGT,SWR,signal_failure,A,2025-09-08,2025-08-31,8,True,1.7,True,Signal & Telecommunication
SMMS002838,COR02051,TER,PCP,CR,interlocking_fault,A,2024-10-22,2024-10-17,5,True,3.9,True,Signal & Telecommunication
SMMS002839,COR01675,BKH,JHT,WCR,signal_failure,A,2024-07-31,2024-07-31,0,True,2.3,True,Signal & Telecommunication
SMMS002840,COR03253,LRU,GGC,WCR,point_machine_fault,B,2025-01-04,2025-01-03,1,False,1.5,True,Signal & Telecommunication
SMMS002841,COR01676,JHT,SCKR,WCR,axle_counter_fault,A,2025-07-21,2025-07-16,5,True,3.2,True,Signal & Telecommunication
SMMS002842,COR01299,MKRA,MLI,NWR,cable_fault,B,2024-01-02,2024-01-01,1,False,2.0,True,Signal & Telecommunication
SMMS002843,COR00772,JSKA,PTRD,NR,cable_fault,B,2025-02-03,2025-01-30,4,False,3.8,True,Signal & Telecommunication
SMMS002844,COR00064,CHP,UM,WR,cable_fault,B,2025-05-03,2025-04-29,4,False,1.9,True,Signal & Telecommunication
SMMS002845,COR04723,MTV,ZB,SCR,interlocking_fault,A,2024-03-26,2024-03-11,15,True,2.2,True,Signal & Telecommunication
SMMS002846,COR00666,SPP,MNO,ECR,point_machine_fault,B,2025-06-04,2025-05-31,4,False,1.6,True,Signal & Telecommunication
SMMS002847,COR00646,BGM,SXB,SWR,cable_fault,B,2024-01-11,2023-11-18,54,False,3.8,True,Signal & Telecommunication
SMMS002848,COR01697,DDCE,SBD,WCR,block_instrument_fault,B,2024-01-14,2024-01-14,0,True,2.8,True,Signal & Telecommunication
SMMS002849,COR02865,KUG,UBL,SWR,signal_failure,A,2024-10-05,2024-09-11,24,True,2.5,True,Signal & Telecommunication
SMMS002850,COR01327,JWB,MOI,NWR,lc_gate_interlock_fault,A,2025-11-24,2025-11-21,3,False,0.5,True,Signal & Telecommunication
SMMS002851,COR04869,MNSR,SGRA,NWR,lc_gate_interlock_fault,A,2024-06-29,2024-06-09,20,False,3.3,True,Signal & Telecommunication
SMMS002852,COR00186,MJL,SGL,ECR,axle_counter_fault,A,2025-07-12,2025-07-10,2,True,3.8,True,Signal & Telecommunication
SMMS002853,COR02302,BMHR,MOZ,NR,interlocking_fault,A,2024-09-15,2024-09-13,2,True,3.7,True,Signal & Telecommunication
SMMS002854,COR02830,BL,DGI,WR,cable_fault,B,2025-10-08,2025-09-13,25,False,3.2,True,Signal & Telecommunication
SMMS002855,COR01195,JSV,PLV,CR,signal_failure,A,2025-06-06,2025-06-02,4,True,1.3,True,Signal & Telecommunication
SMMS002856,COR03122,SAPT,JGD,ER,signal_failure,A,2024-06-13,2024-06-09,4,True,3.7,True,Signal & Telecommunication
SMMS002857,COR00610,KDM,TAA,SCR,interlocking_fault,A,2025-08-30,2025-08-22,8,True,1.3,True,Signal & Telecommunication
SMMS002858,COR05517,BFT,SGV,ER,cable_fault,B,2025-02-10,2025-01-31,10,False,2.1,True,Signal & Telecommunication
SMMS002859,COR01565,KRD,SNE,CR,signal_failure,A,2024-07-15,2024-07-13,2,True,1.9,True,Signal & Telecommunication
SMMS002860,COR04655,HAA,KAWR,KR,point_machine_fault,B,2025-07-10,2025-07-06,4,False,1.0,True,Signal & Telecommunication
SMMS002861,COR06412,BOV,KDRI,SECR,interlocking_fault,A,2025-10-18,2025-10-14,4,True,3.0,True,Signal & Telecommunication
SMMS002862,COR05206,PVL,AZP,SR,cable_fault,B,2024-11-02,2024-11-02,0,False,2.3,True,Signal & Telecommunication
SMMS002863,COR01722,DBR,KTDD,NCR,block_instrument_fault,B,2025-07-20,2025-07-17,3,True,2.8,True,Signal & Telecommunication
SMMS002864,COR05027,BNQ,CRX,NFR,point_machine_fault,B,2025-03-18,2025-03-14,4,False,4.0,True,Signal & Telecommunication
SMMS002865,COR01000,OTN,JMI,NFR,point_machine_fault,B,2024-05-29,2024-05-22,7,False,1.2,True,Signal & Telecommunication
SMMS002866,COR01319,BWA,SOS,NWR,signal_failure,A,2025-04-09,2025-03-19,21,True,0.9,True,Signal & Telecommunication
SMMS002867,COR00493,BIF,BPF,WCR,cable_fault,B,2024-09-07,2024-09-05,2,False,1.7,True,Signal & Telecommunication
SMMS002868,COR00271,BPF,BIF,WCR,point_machine_fault,B,2024-09-24,2024-09-19,5,False,3.6,True,Signal & Telecommunication
SMMS002869,COR03037,BCU,BTIC,NR,cable_fault,B,2025-09-17,2025-09-16,1,False,0.9,True,Signal & Telecommunication
SMMS002870,COR02676,JHL,HMQ,NR,signal_failure,A,2025-11-18,2025-11-16,2,True,2.3,True,Signal & Telecommunication
SMMS002871,COR01435,UMNR,SKJ,ECR,lc_gate_interlock_fault,A,2025-11-25,2025-11-25,0,False,2.7,True,Signal & Telecommunication
SMMS002872,COR03498,KEG,RBK,NR,signal_failure,A,2025-03-20,2025-02-28,20,True,4.0,False,Signal & Telecommunication
SMMS002873,COR04925,NIDI,ROHA,CR,lc_gate_interlock_fault,A,2025-06-28,2025-03-31,89,False,3.5,True,Signal & Telecommunication
SMMS002874,COR06943,PKDE,SWDE,NR,point_machine_fault,B,2025-03-08,2025-03-06,2,False,3.3,True,Signal & Telecommunication
SMMS002875,COR00424,DYE,SFX,SCR,cable_fault,B,2025-02-25,2025-02-21,4,False,0.6,True,Signal & Telecommunication
SMMS002876,COR01469,TKC,PNB,NFR,signal_failure,A,2025-09-30,2025-09-01,29,True,0.5,True,Signal & Telecommunication
SMMS002877,COR02529,DULP,UKN,NR,point_machine_fault,B,2025-12-15,2025-10-21,55,False,3.9,True,Signal & Telecommunication
SMMS002878,COR03608,DPK,SDS,NWR,point_machine_fault,B,2025-11-03,2025-11-01,2,False,2.1,True,Signal & Telecommunication
SMMS002879,COR00474,AGQ,CDI,CR,block_instrument_fault,B,2025-11-19,2025-11-17,2,True,1.9,True,Signal & Telecommunication
SMMS002880,COR00536,BFR,PKP,SR,cable_fault,B,2025-04-03,2025-03-29,5,False,1.4,True,Signal & Telecommunication
SMMS002881,COR00283,DRHI,BRUD,WCR,point_machine_fault,B,2025-07-10,2025-07-09,1,False,3.1,True,Signal & Telecommunication
SMMS002882,COR01392,TOM,TRB,SR,interlocking_fault,A,2024-09-17,2024-09-13,4,True,2.5,True,Signal & Telecommunication
SMMS002883,COR00234,MDRR,NWR,WCR,cable_fault,B,2024-05-02,2024-04-30,2,False,0.9,True,Signal & Telecommunication
SMMS002884,COR01241,BMNI,SGLA,CR,cable_fault,B,2024-07-01,2024-06-16,15,False,2.4,True,Signal & Telecommunication
SMMS002885,COR04940,SVX,AVRD,KR,point_machine_fault,B,2024-04-25,2024-04-20,5,False,3.1,True,Signal & Telecommunication
SMMS002886,COR00458,BLSA,UMRI,SCR,point_machine_fault,B,2025-03-26,2025-03-25,1,False,2.6,True,Signal & Telecommunication
SMMS002887,COR08353,APTA,HMRR,CR,signal_failure,A,2025-06-09,2025-06-05,4,True,3.7,True,Signal & Telecommunication
SMMS002888,COR01757,BXN,DY,WCR,block_instrument_fault,B,2024-07-25,2024-07-21,4,True,1.5,True,Signal & Telecommunication
SMMS002889,COR00221,KTHA,JTW,WCR,interlocking_fault,A,2025-08-10,2025-08-09,1,True,1.2,True,Signal & Telecommunication
SMMS002890,COR01343,JTY,CTT,NWR,signal_failure,A,2025-08-19,2025-08-17,2,True,2.3,True,Signal & Telecommunication
SMMS002891,COR04043,NDJ,SAHR,NER,cable_fault,B,2025-08-01,2025-07-02,30,False,3.1,False,Signal & Telecommunication
SMMS002892,COR01712,HATI,JTW,WCR,cable_fault,B,2025-10-31,2025-10-27,4,False,2.6,True,Signal & Telecommunication
SMMS002893,COR04942,SGR,UKC,KR,point_machine_fault,B,2024-03-01,2024-02-26,4,False,1.9,True,Signal & Telecommunication
SMMS002894,COR05649,MWRN,KTHD,SECR,cable_fault,B,2024-03-17,2024-03-13,4,False,2.2,True,Signal & Telecommunication
SMMS002895,COR04935,DWV,KHED,KR,interlocking_fault,A,2024-03-10,2024-03-09,1,True,0.8,True,Signal & Telecommunication
SMMS002896,COR02382,LTR,BLRD,WR,interlocking_fault,A,2024-08-05,2024-08-03,2,True,1.5,True,Signal & Telecommunication
SMMS002897,COR05068,DKM,LHL,NFR,signal_failure,A,2025-07-13,2025-07-08,5,True,3.5,True,Signal & Telecommunication
SMMS002898,COR02579,PSX,PQA,SECR,cable_fault,B,2024-09-22,2024-09-22,0,False,1.7,True,Signal & Telecommunication
SMMS002899,COR02101,THN,DVG,SWR,cable_fault,B,2024-09-11,2024-09-09,2,False,1.2,True,Signal & Telecommunication
SMMS002900,COR01404,MMH,SEV,SR,cable_fault,B,2024-07-15,2024-07-13,2,False,1.0,True,Signal & Telecommunication
SMMS002901,COR01202,WLH,DNJ,CR,interlocking_fault,A,2024-03-02,2024-03-01,1,True,4.0,True,Signal & Telecommunication
SMMS002902,COR03239,COR,CNA,WR,signal_failure,A,2024-01-31,2024-01-26,5,True,3.4,True,Signal & Telecommunication
SMMS002903,COR03689,GMDN,GKL,SER,cable_fault,B,2024-02-23,2024-02-18,5,False,3.1,True,Signal & Telecommunication
SMMS002904,COR00266,BGTA,SQL,WCR,cable_fault,B,2024-08-07,2024-08-06,1,False,1.9,True,Signal & Telecommunication
SMMS002905,COR00293,WGA,RV,CR,block_instrument_fault,B,2025-01-17,2025-01-13,4,True,0.7,True,Signal & Telecommunication
SMMS002906,COR00716,ADH,VLP,WR,cable_fault,B,2025-08-29,2025-08-26,3,False,1.5,True,Signal & Telecommunication
SMMS002907,COR05539,SYE,ROL,SECR,signal_failure,A,2024-04-07,2024-04-04,3,True,2.1,True,Signal & Telecommunication
SMMS002908,COR01801,FDK,GZS,NR,lc_gate_interlock_fault,A,2024-05-03,2024-05-03,0,False,2.3,False,Signal & Telecommunication
SMMS002909,COR03905,UCA,GSO,NR,signal_failure,A,2024-01-06,2023-12-31,6,True,1.9,True,Signal & Telecommunication
SMMS002910,COR02832,JRS,BIM,WR,lc_gate_interlock_fault,A,2025-08-24,2025-08-19,5,False,3.8,True,Signal & Telecommunication
SMMS002911,COR04554,TDO,CGH,NR,cable_fault,B,2025-01-31,2025-01-01,30,False,0.9,True,Signal & Telecommunication
SMMS002912,COR01672,SGP,SXF,WCR,cable_fault,B,2024-05-14,2024-05-12,2,False,1.2,True,Signal & Telecommunication
SMMS002913,COR02293,DWO,QSR,NR,signal_failure,A,2024-01-31,2024-01-03,28,True,2.7,False,Signal & Telecommunication
SMMS002914,COR02070,DBS,HHL,SWR,point_machine_fault,B,2024-09-06,2024-09-06,0,False,3.4,True,Signal & Telecommunication
SMMS002915,COR01354,MSH,SXS,WR,block_instrument_fault,B,2024-06-20,2024-06-19,1,True,2.5,True,Signal & Telecommunication
SMMS002916,COR04464,HSA,HOJ,NFR,cable_fault,B,2025-09-21,2025-09-07,14,False,1.3,True,Signal & Telecommunication
SMMS002917,COR06804,MNHA,RNW,NWR,cable_fault,B,2024-05-22,2024-05-12,10,False,0.8,True,Signal & Telecommunication
SMMS002918,COR00268,DRA,KTZ,WCR,block_instrument_fault,B,2025-07-18,2025-07-18,0,True,2.4,True,Signal & Telecommunication
SMMS002919,COR03756,BUT,BSDA,NWR,point_machine_fault,B,2025-02-01,2025-02-01,0,False,1.9,True,Signal & Telecommunication
SMMS002920,COR04465,HOJ,KCF,NFR,lc_gate_interlock_fault,A,2025-12-28,2025-12-28,0,False,1.4,True,Signal & Telecommunication
SMMS002921,COR02685,BZO,JIND,NR,signal_failure,A,2025-10-19,2025-10-18,1,True,3.6,True,Signal & Telecommunication
SMMS002922,COR01722,DBR,KTDD,NCR,point_machine_fault,B,2025-05-10,2025-05-10,0,False,3.1,True,Signal & Telecommunication
SMMS002923,COR03941,RKR,JJA,WCR,block_instrument_fault,B,2024-12-06,2024-12-01,5,True,1.1,True,Signal & Telecommunication
SMMS002924,COR06224,MUPA,KQI,NFR,axle_counter_fault,A,2025-08-16,2025-08-12,4,True,2.0,True,Signal & Telecommunication
SMMS002925,COR02804,BVI,DIC,WR,point_machine_fault,B,2025-08-05,2025-08-02,3,False,1.5,True,Signal & Telecommunication
SMMS002926,COR01457,MDRA,NRD,WR,cable_fault,B,2024-12-22,2024-12-22,0,False,0.9,True,Signal & Telecommunication
SMMS002927,COR00208,LOG,SRJ,NCR,lc_gate_interlock_fault,A,2024-10-31,2024-10-29,2,False,0.9,False,Signal & Telecommunication
SMMS002928,COR06389,BYH,ATRR,NER,cable_fault,B,2025-10-07,2025-10-03,4,False,1.7,True,Signal & Telecommunication
SMMS002929,COR01324,KZQ,FA,NWR,point_machine_fault,B,2025-10-22,2025-10-05,17,False,2.5,False,Signal & Telecommunication
SMMS002930,COR08112,MHF,AGE,NCR,block_instrument_fault,B,2025-02-17,2025-02-12,5,True,1.4,True,Signal & Telecommunication
SMMS002931,COR01308,HP,GRI,NWR,cable_fault,B,2024-01-09,2023-09-19,112,False,3.9,False,Signal & Telecommunication
SMMS002932,COR07423,RWH,MOBD,NFR,signal_failure,A,2024-09-23,2024-09-20,3,True,3.7,False,Signal & Telecommunication
SMMS002933,COR03868,PDX,CDH,ER,point_machine_fault,B,2025-06-26,2025-06-22,4,False,1.8,False,Signal & Telecommunication
SMMS002934,COR00091,JAL,SOS,NWR,point_machine_fault,B,2025-12-11,2025-12-09,2,False,2.5,True,Signal & Telecommunication
SMMS002935,COR04054,HBL,BLR,SWR,signal_failure,A,2025-08-13,2025-06-27,47,True,2.1,True,Signal & Telecommunication
SMMS002936,COR01689,BRGT,KEQ,WCR,point_machine_fault,B,2024-05-31,2023-12-17,166,False,1.8,True,Signal & Telecommunication
SMMS002937,COR00557,PRI,IKK,NR,point_machine_fault,B,2025-12-16,2025-12-16,0,False,2.7,False,Signal & Telecommunication
SMMS002938,COR01833,LMNR,MGG,WR,point_machine_fault,B,2024-04-29,2024-04-25,4,False,0.6,True,Signal & Telecommunication
SMMS002939,COR02642,GOT,SEW,NER,cable_fault,B,2025-08-26,2025-08-22,4,False,2.5,True,Signal & Telecommunication
SMMS002940,COR01511,JSP,NMGT,CR,cable_fault,B,2024-09-12,2024-09-07,5,False,0.7,True,Signal & Telecommunication
SMMS002941,COR01364,CTRL,KLL,WR,cable_fault,B,2024-11-20,2024-11-09,11,False,2.3,True,Signal & Telecommunication
SMMS002942,COR00659,UGR,SED,SWR,point_machine_fault,B,2024-05-09,2024-05-07,2,False,3.3,True,Signal & Telecommunication
SMMS002943,COR01207,SHIV,ALN,CR,point_machine_fault,B,2024-12-28,2024-12-27,1,False,3.1,True,Signal & Telecommunication
SMMS002944,COR02136,SVD,KODI,SCR,point_machine_fault,B,2025-11-07,2025-11-02,5,False,2.7,False,Signal & Telecommunication
SMMS002945,COR00209,SRJ,MJHR,NCR,cable_fault,B,2024-09-05,2024-09-02,3,False,1.1,True,Signal & Telecommunication
SMMS002946,COR01685,KKB,SRID,WCR,cable_fault,B,2025-05-02,2025-04-08,24,False,1.4,False,Signal & Telecommunication
SMMS002947,COR04129,PUM,PEU,SR,signal_failure,A,2025-06-20,2025-06-19,1,True,2.0,False,Signal & Telecommunication
SMMS002948,COR02445,SALE,JHBN,ER,point_machine_fault,B,2025-01-21,2025-01-21,0,False,1.7,True,Signal & Telecommunication
SMMS002949,COR00564,DWO,HRW,NR,cable_fault,B,2025-03-22,2025-02-20,30,False,2.1,True,Signal & Telecommunication
SMMS002950,COR04680,SGR,AVRD,KR,axle_counter_fault,A,2025-12-16,2025-11-17,29,True,3.7,True,Signal & Telecommunication
SMMS002951,COR02291,DDN,HRW,NR,lc_gate_interlock_fault,A,2024-09-26,2024-09-26,0,False,1.1,True,Signal & Telecommunication
SMMS002952,COR02349,ADE,VRL,WR,cable_fault,B,2025-06-21,2025-06-17,4,False,1.9,True,Signal & Telecommunication
SMMS002953,COR00545,PAZ,KPQ,SR,axle_counter_fault,A,2024-10-22,2024-10-05,17,True,3.7,True,Signal & Telecommunication
SMMS002954,COR02120,NVU,DWR,SWR,point_machine_fault,B,2025-01-24,2025-01-20,4,False,2.1,True,Signal & Telecommunication
SMMS002955,COR02531,GJW,PLT,NR,cable_fault,B,2024-12-22,2024-12-19,3,False,1.7,True,Signal & Telecommunication
SMMS002956,COR00234,MDRR,NWR,WCR,point_machine_fault,B,2025-06-01,2025-05-28,4,False,1.3,True,Signal & Telecommunication
SMMS002957,COR07883,QTP,KLE,NR,cable_fault,B,2024-08-22,2024-08-20,2,False,1.1,True,Signal & Telecommunication
SMMS002958,COR05207,AZP,PDV,SR,interlocking_fault,A,2025-12-03,2025-11-16,17,True,1.4,True,Signal & Telecommunication
SMMS002959,COR02351,RKZ,BOM,NWR,block_instrument_fault,B,2024-09-26,2024-09-09,17,True,2.4,True,Signal & Telecommunication
SMMS002960,COR03383,BTI,GNA,NR,cable_fault,B,2025-09-10,2025-09-10,0,False,0.9,True,Signal & Telecommunication
SMMS002961,COR01668,GRO,SQL,WCR,signal_failure,A,2025-09-30,2025-09-11,19,True,2.1,True,Signal & Telecommunication
SMMS002962,COR01819,HSR,STD,NWR,cable_fault,B,2025-04-07,2025-03-29,9,False,2.8,True,Signal & Telecommunication
SMMS002963,COR00460,SLGH,SVN,SCR,lc_gate_interlock_fault,A,2025-04-12,2025-04-08,4,False,2.9,True,Signal & Telecommunication
SMMS002964,COR00356,NGA,ALMR,WR,lc_gate_interlock_fault,A,2024-08-23,2024-08-19,4,False,1.5,True,Signal & Telecommunication
SMMS002965,COR03345,PBM,MMM,SR,cable_fault,B,2024-02-19,2024-02-12,7,False,1.5,True,Signal & Telecommunication
SMMS002966,COR02589,MRDW,CTTP,KR,point_machine_fault,B,2025-03-15,2025-03-10,5,False,0.6,True,Signal & Telecommunication
SMMS002967,COR02265,PRBZ,PPN,ECR,cable_fault,B,2024-11-10,2024-10-19,22,False,1.3,True,Signal & Telecommunication
SMMS002968,COR04908,CGKP,PANP,SWR,point_machine_fault,B,2025-03-14,2025-03-09,5,False,1.6,True,Signal & Telecommunication
SMMS002969,COR02125,KUV,KFV,SR,block_instrument_fault,B,2025-10-05,2025-10-05,0,True,1.4,True,Signal & Telecommunication
SMMS002970,COR06058,DOX,IZN,NER,interlocking_fault,A,2024-07-23,2024-07-15,8,True,3.9,True,Signal & Telecommunication
SMMS002971,COR01923,PRLI,UKH,SCR,point_machine_fault,B,2024-07-13,2024-07-08,5,False,3.4,True,Signal & Telecommunication
SMMS002972,COR00273,PGL,CGO,WCR,signal_failure,A,2025-10-08,2025-10-05,3,True,0.7,True,Signal & Telecommunication
SMMS002973,COR04368,HBP,VPN,ECR,point_machine_fault,B,2024-03-23,2024-02-23,29,False,2.2,True,Signal & Telecommunication
SMMS002974,COR01855,GILA,KNDI,NR,lc_gate_interlock_fault,A,2024-01-21,2024-01-18,3,False,3.2,True,Signal & Telecommunication
SMMS002975,COR02236,NYH,SBC,SWR,axle_counter_fault,A,2024-02-03,2024-02-01,2,True,2.8,True,Signal & Telecommunication
SMMS002976,COR05378,BPB,RPB,NFR,block_instrument_fault,B,2024-06-04,2024-05-30,5,True,2.0,True,Signal & Telecommunication
SMMS002977,COR01752,RKR,DUM,WCR,signal_failure,A,2025-09-09,2025-09-05,4,True,0.5,True,Signal & Telecommunication
SMMS002978,COR02546,NIR,KLZ,SECR,point_machine_fault,B,2025-09-13,2025-09-08,5,False,0.6,True,Signal & Telecommunication
SMMS002979,COR01336,KWI,MXO,NWR,interlocking_fault,A,2024-08-16,2024-04-02,136,True,3.0,True,Signal & Telecommunication
SMMS002980,COR01339,MAA,SIM,NWR,signal_failure,A,2025-12-21,2025-12-21,0,True,2.2,True,Signal & Telecommunication
SMMS002981,COR04580,CKTD,SWC,NCR,cable_fault,B,2024-05-08,2024-04-28,10,False,0.6,True,Signal & Telecommunication
SMMS002982,COR00761,PTNR,KRTN,NR,cable_fault,B,2024-01-27,2024-01-26,1,False,2.2,True,Signal & Telecommunication
SMMS002983,COR01009,DMV,RXRX,NFR,cable_fault,B,2024-08-09,2024-08-05,4,False,1.0,True,Signal & Telecommunication
SMMS002984,COR00442,AKE,BKU,SCR,cable_fault,B,2025-12-06,2025-11-24,12,False,3.4,True,Signal & Telecommunication
SMMS002985,COR04440,BGS,LAK,ECR,point_machine_fault,B,2024-11-14,2024-10-30,15,False,0.8,True,Signal & Telecommunication
SMMS002986,COR05409,IBL,MYX,SER,interlocking_fault,A,2025-07-31,2025-07-29,2,True,2.3,True,Signal & Telecommunication
SMMS002987,COR02388,RA,VD,WR,cable_fault,B,2025-05-06,2025-01-27,99,False,2.8,True,Signal & Telecommunication
SMMS002988,COR04148,TKQ,CDRA,SR,cable_fault,B,2024-04-10,2024-04-05,5,False,2.2,True,Signal & Telecommunication
SMMS002989,COR02708,PRDL,CHRM,SECR,interlocking_fault,A,2025-07-01,2025-06-13,18,True,3.5,True,Signal & Telecommunication
SMMS002990,COR04264,BAMA,BXN,NCR,cable_fault,B,2025-11-05,2025-07-13,115,False,0.6,True,Signal & Telecommunication
SMMS002991,COR01236,MLB,AHI,CR,block_instrument_fault,B,2025-11-21,2025-11-19,2,True,0.6,True,Signal & Telecommunication
SMMS002992,COR07401,SUJR,BPM,NR,cable_fault,B,2024-04-02,2024-03-29,4,False,0.9,True,Signal & Telecommunication
SMMS002993,COR02999,KODN,PTB,SR,cable_fault,B,2025-06-12,2025-06-08,4,False,1.2,True,Signal & Telecommunication
SMMS002994,COR01949,DLB,POZ,SCR,signal_failure,A,2024-03-29,2024-03-26,3,True,2.8,True,Signal & Telecommunication
SMMS002995,COR03885,NNO,MQC,NR,point_machine_fault,B,2024-12-21,2024-12-20,1,False,2.9,True,Signal & Telecommunication
SMMS002996,COR00483,KKN,KRO,WCR,point_machine_fault,B,2024-11-03,2024-10-30,4,False,1.0,True,Signal & Telecommunication
SMMS002997,COR01714,KTHA,CTHR,WCR,cable_fault,B,2025-10-29,2025-10-27,2,False,2.8,False,Signal & Telecommunication
SMMS002998,COR00022,BLWR,KHC,WR,block_instrument_fault,B,2024-11-20,2024-10-27,24,True,2.5,True,Signal & Telecommunication
SMMS002999,COR03321,DWLE,PNSA,ER,signal_failure,A,2024-11-09,2024-11-07,2,True,3.5,True,Signal & Telecommunication
SMMS003000,COR07770,MPRD,JNM,ER,cable_fault,B,2025-05-31,2025-05-31,0,False,1.3,True,Signal & Telecommunication
