block_demand_id,source_department,source_record_id,corridor_id,from_station,to_station,requested_date,preferred_start_hhmm,requested_duration_hrs,block_type_requested,status
BD000001,Traction Distribution,TDMS000297,COR01075,VJR,SED,2024-04-11,11:00,1.9,power_block,pending
BD000002,Traction Distribution,TDMS000957,COR01263,MTPR,NNGL,2024-11-14,14:00,3.6,power_block,pending
BD000003,Traction Distribution,TDMS000198,COR02921,GAW,KPE,2024-11-12,02:00,2.0,power_block,pending
BD000004,Signal & Telecommunication,SMMS002841,COR01676,JHT,SCKR,2025-07-31,00:00,3.2,traffic_block,pending
BD000005,Engineering,TMS002282,COR00680,DGI,BL,2024-06-21,14:00,1.2,traffic_block,pending
BD000006,Engineering,TMS005402,COR01477,DML,TGE,2025-11-06,23:00,2.8,traffic_block,pending
BD000007,Engineering,TMS005326,COR03026,KLSX,DUI,2025-09-29,22:00,2.5,traffic_block,pending
BD000008,Engineering,TMS003017,COR00585,KUMB,CAI,2025-08-21,02:00,2.1,traffic_block,pending
BD000009,Engineering,TMS003504,COR00245,MML,KEQ,2025-08-31,11:00,4.8,traffic_block,pending
BD000010,Signal & Telecommunication,SMMS001242,COR04297,JKN,DLR,2024-12-11,10:00,0.6,traffic_block,pending
BD000011,Engineering,TMS002507,COR00169,GH,SBZ,2025-06-18,13:00,0.8,traffic_block,pending
BD000012,Traction Distribution,TDMS000513,COR02776,RNA,DBD,2025-04-19,02:00,2.0,power_block,pending
BD000013,Engineering,TMS001143,COR04656,KAWR,AT,2024-08-03,23:00,1.3,traffic_block,pending
BD000014,Traction Distribution,TDMS000726,COR00467,CRU,PAU,2025-05-20,01:00,1.0,power_block,pending
BD000015,Traction Distribution,TDMS000388,COR02662,SUCH,CAPE,2024-01-25,01:00,3.3,power_block,pending
BD000016,Engineering,TMS003627,COR02830,BL,DGI,2025-10-31,09:00,3.7,traffic_block,pending
BD000017,Signal & Telecommunication,SMMS000804,COR04930,GNO,VEER,2024-10-08,00:00,1.0,traffic_block,pending
BD000018,Signal & Telecommunication,SMMS001262,COR02680,DTN,DHY,2024-04-04,00:00,0.7,traffic_block,pending
BD000019,Traction Distribution,TDMS001692,COR04268,BSR,JCNR,2025-10-05,09:00,4.2,power_block,pending
BD000020,Signal & Telecommunication,SMMS000157,COR00574,MAI,HRNG,2025-07-12,11:00,2.9,traffic_block,pending
BD000021,Engineering,TMS002470,COR00195,MAI,MHL,2025-05-01,10:00,1.0,traffic_block,pending
BD000022,Engineering,TMS001452,COR05427,GRMR,KHNM,2024-06-05,11:00,5.6,traffic_block,pending
BD000023,Traction Distribution,TDMS000717,COR04181,GRN,JHL,2024-09-18,11:00,2.4,power_block,pending
BD000024,Signal & Telecommunication,SMMS000107,COR06055,STH,DBNR,2025-10-19,22:00,3.7,traffic_block,pending
BD000025,Signal & Telecommunication,SMMS001699,COR02224,BDRL,Y,2025-06-30,22:00,1.1,traffic_block,pending
BD000026,Signal & Telecommunication,SMMS000426,COR05128,BNGL,MEX,2024-05-13,11:00,2.2,traffic_block,pending
BD000027,Traction Distribution,TDMS000101,COR01950,POZ,LSR,2025-02-19,01:00,4.5,power_block,pending
BD000028,Signal & Telecommunication,SMMS001427,COR00606,CLE,YGL,2024-03-28,00:00,0.9,traffic_block,pending
BD000029,Traction Distribution,TDMS001072,COR00166,BBW,CPJ,2024-10-16,11:00,1.9,power_block,pending
BD000030,Signal & Telecommunication,SMMS002672,COR01435,UMNR,SKJ,2024-10-22,09:00,2.6,traffic_block,pending
BD000031,Engineering,TMS002788,COR02157,KTBR,INDR,2024-06-07,11:00,1.1,traffic_block,pending
BD000032,Engineering,TMS003318,COR03135,GHUM,DJ,2025-07-25,09:00,2.5,traffic_block,pending
BD000033,Engineering,TMS003480,COR02736,NYY,AMVA,2025-02-18,22:00,4.1,traffic_block,pending
BD000034,Engineering,TMS000780,COR05667,AJIT,MNKB,2025-04-11,13:00,1.6,traffic_block,pending
BD000035,Engineering,TMS001775,COR04510,BSRX,ANGR,2024-12-08,11:00,1.1,traffic_block,pending
BD000036,Engineering,TMS005588,COR01949,DLB,POZ,2024-06-08,01:00,2.8,traffic_block,pending
BD000037,Engineering,TMS004776,COR00698,SAH,VTN,2025-04-07,09:00,4.1,traffic_block,pending
BD000038,Engineering,TMS004469,COR04644,BIJR,BYNR,2025-08-08,11:00,1.4,traffic_block,pending
BD000039,Engineering,TMS005375,COR04134,TA,PGI,2025-03-20,10:00,1.9,traffic_block,pending
BD000040,Signal & Telecommunication,SMMS002204,COR04115,SEQ,ALL,2024-10-24,23:00,0.6,traffic_block,pending
BD000041,Signal & Telecommunication,SMMS001533,COR03615,LKT,GDG,2025-04-04,14:00,1.7,traffic_block,pending
BD000042,Signal & Telecommunication,SMMS000448,COR02884,VVB,DSA,2024-06-04,22:00,0.8,traffic_block,pending
BD000043,Traction Distribution,TDMS002067,COR04678,BOKE,UKC,2025-06-29,09:00,2.7,power_block,pending
BD000044,Signal & Telecommunication,SMMS002695,COR06793,DRBR,SRU,2025-02-06,22:00,1.5,traffic_block,pending
BD000045,Traction Distribution,TDMS001222,COR02995,TUA,KTU,2025-03-24,09:00,2.6,power_block,pending
BD000046,Signal & Telecommunication,SMMS002743,COR05833,BOKO,CGON,2025-07-06,10:00,3.4,traffic_block,pending
BD000047,Engineering,TMS001465,COR05116,SMPA,MLGH,2024-07-25,10:00,5.3,traffic_block,pending
BD000048,Signal & Telecommunication,SMMS001133,COR00538,KZE,NLE,2024-02-20,00:00,2.1,traffic_block,pending
BD000049,Engineering,TMS003266,COR03378,SSA,BGD,2024-09-10,02:00,3.7,traffic_block,pending
BD000050,Traction Distribution,TDMS002412,COR00686,KEB,BLD,2025-10-27,23:00,3.0,power_block,pending
BD000051,Signal & Telecommunication,SMMS001237,COR01718,BQF,BNSP,2024-10-18,23:00,3.6,traffic_block,pending
BD000052,Engineering,TMS000987,COR03073,BVRT,VND,2024-06-06,13:00,3.9,traffic_block,pending
BD000053,Signal & Telecommunication,SMMS001803,COR02598,BKJ,UD,2025-09-10,10:00,3.9,traffic_block,pending
BD000054,Traction Distribution,TDMS001735,COR00539,NLE,CHV,2025-11-04,10:00,1.5,power_block,pending
BD000055,Engineering,TMS005604,COR01877,CVV,GNN,2024-02-25,00:00,0.8,traffic_block,pending
BD000056,Engineering,TMS000910,COR00981,LPTA,BOJ,2024-03-15,00:00,4.4,traffic_block,pending
BD000057,Signal & Telecommunication,SMMS000788,COR04425,AJKI,RCJ,2024-04-13,00:00,3.5,traffic_block,pending
BD000058,Traction Distribution,TDMS001134,COR07792,BUB,CUR,2024-01-10,02:00,3.1,power_block,pending
BD000059,Engineering,TMS000507,COR04738,LKU,HLDD,2024-09-13,23:00,0.7,traffic_block,pending
BD000060,Traction Distribution,TDMS000654,COR04171,MET,HMI,2024-10-06,23:00,4.0,power_block,pending
BD000061,Engineering,TMS000867,COR02089,NVF,AJP,2025-01-20,23:00,2.2,traffic_block,pending
BD000062,Engineering,TMS005065,COR01715,CTHR,MJG,2024-01-19,01:00,2.2,traffic_block,pending
BD000063,Traction Distribution,TDMS000894,COR03896,SMF,KHV,2024-08-24,11:00,2.1,power_block,pending
BD000064,Engineering,TMS002337,COR01749,MSRP,CRG,2025-10-04,13:00,3.0,traffic_block,pending
BD000065,Signal & Telecommunication,SMMS002324,COR02704,NNO,MGLP,2025-11-23,11:00,3.9,traffic_block,pending
BD000066,Traction Distribution,TDMS000018,COR00190,MKI,JDR,2024-12-10,22:00,1.3,power_block,pending
BD000067,Engineering,TMS001126,COR02068,MDLL,NDV,2024-10-27,11:00,4.3,traffic_block,pending
BD000068,Engineering,TMS003696,COR03807,AMPA,PUPR,2024-12-01,13:00,2.5,traffic_block,pending
BD000069,Engineering,TMS005210,COR01876,KI,CVV,2024-12-02,13:00,4.0,traffic_block,pending
BD000070,Signal & Telecommunication,SMMS002636,COR03971,KWAE,NBKH,2024-12-18,09:00,2.5,traffic_block,pending
BD000071,Engineering,TMS005756,COR06269,NHF,LLJ,2024-10-11,01:00,4.7,traffic_block,pending
BD000072,Engineering,TMS005741,COR03890,ROHN,SPZ,2025-10-10,09:00,4.8,traffic_block,pending
BD000073,Traction Distribution,TDMS000465,COR01801,FDK,GZS,2024-04-15,10:00,3.3,power_block,pending
BD000074,Signal & Telecommunication,SMMS000794,COR00872,IDL,SCP,2024-08-12,00:00,3.5,traffic_block,pending
BD000075,Signal & Telecommunication,SMMS002408,COR04929,MNI,GNO,2024-10-18,14:00,1.7,traffic_block,pending
BD000076,Signal & Telecommunication,SMMS000160,COR01649,MDLL,DBL,2025-05-07,11:00,2.6,traffic_block,pending
BD000077,Traction Distribution,TDMS001595,COR01843,KKL,BPRS,2024-09-12,11:00,1.8,power_block,pending
BD000078,Signal & Telecommunication,SMMS001919,COR00999,FKG,OTN,2025-02-19,11:00,0.9,traffic_block,pending
BD000079,Traction Distribution,TDMS002168,COR02706,BRND,MDGR,2024-12-17,13:00,2.3,power_block,pending
BD000080,Traction Distribution,TDMS001857,COR07511,POHE,BDKE,2024-10-05,22:00,1.0,power_block,pending
BD000081,Signal & Telecommunication,SMMS000201,COR04128,KODN,PUM,2024-03-18,11:00,1.0,traffic_block,pending
BD000082,Traction Distribution,TDMS000098,COR02155,GWYR,KTPM,2024-06-28,11:00,2.4,power_block,pending
BD000083,Signal & Telecommunication,SMMS002140,COR00839,SMP,GRF,2024-02-22,00:00,0.8,traffic_block,pending
BD000084,Engineering,TMS001722,COR03092,CS,CAN,2024-04-04,01:00,2.1,traffic_block,pending
BD000085,Signal & Telecommunication,SMMS000716,COR01039,TKC,PHI,2025-08-10,14:00,1.3,traffic_block,pending
BD000086,Signal & Telecommunication,SMMS000453,COR01846,TDO,KZX,2025-06-26,22:00,2.4,traffic_block,pending
BD000087,Engineering,TMS000396,COR03967,AGAE,SHBA,2025-08-06,10:00,1.5,traffic_block,pending
BD000088,Engineering,TMS005312,COR00991,SLX,LH,2024-12-16,13:00,3.1,traffic_block,pending
BD000089,Engineering,TMS005426,COR04637,MAJN,TOK,2024-11-20,14:00,4.6,traffic_block,pending
BD000090,Traction Distribution,TDMS000814,COR00672,SCH,MRL,2025-03-11,09:00,5.0,power_block,pending
BD000091,Traction Distribution,TDMS000752,COR03990,PRDG,MPLR,2025-04-20,00:00,3.3,power_block,pending
BD000092,Traction Distribution,TDMS001896,COR01721,PNHI,DBR,2025-05-14,22:00,0.9,power_block,pending
BD000093,Engineering,TMS003410,COR03524,TNLR,KRMG,2025-09-06,22:00,1.6,traffic_block,pending
BD000094,Traction Distribution,TDMS000073,COR05252,TTW,CRN,2025-03-29,10:00,1.6,power_block,pending
BD000095,Engineering,TMS000782,COR02723,BNKJ,MLN,2024-08-26,09:00,3.4,traffic_block,pending
BD000096,Signal & Telecommunication,SMMS000241,COR02894,KNW,BMA,2025-08-01,00:00,2.3,traffic_block,pending
BD000097,Signal & Telecommunication,SMMS002844,COR00064,CHP,UM,2025-05-05,00:00,1.9,traffic_block,pending
BD000098,Traction Distribution,TDMS002189,COR05658,BUT,BMQ,2025-02-17,10:00,1.5,power_block,pending
BD000099,Traction Distribution,TDMS001286,COR02096,JRU,SLU,2025-12-08,00:00,3.0,power_block,pending
BD000100,Signal & Telecommunication,SMMS000900,COR04130,PEU,KTU,2024-03-02,02:00,2.0,traffic_block,pending
BD000101,Engineering,TMS000953,COR02574,KLOD,SONR,2024-03-12,11:00,3.7,traffic_block,pending
BD000102,Traction Distribution,TDMS000452,COR00091,JAL,SOS,2025-10-26,00:00,1.9,power_block,pending
BD000103,Signal & Telecommunication,SMMS001442,COR03806,THZI,AMPA,2024-06-03,01:00,3.5,traffic_block,pending
BD000104,Engineering,TMS001837,COR00027,WKRC,WKR,2025-09-22,22:00,5.0,traffic_block,pending
BD000105,Traction Distribution,TDMS001424,COR00759,DEE,DBSI,2024-07-19,02:00,2.3,power_block,pending
BD000106,Signal & Telecommunication,SMMS001385,COR00006,WSJ,BNVD,2024-12-19,09:00,2.2,traffic_block,pending
BD000107,Engineering,TMS004288,COR01785,RRB,SPV,2024-12-29,09:00,1.1,traffic_block,pending
BD000108,Engineering,TMS001662,COR01810,SGA,RMN,2024-04-16,09:00,5.9,traffic_block,pending
BD000109,Engineering,TMS001902,COR05018,TMU,KU,2024-03-15,13:00,2.7,traffic_block,pending
BD000110,Engineering,TMS000573,COR02451,KWF,DHAE,2025-03-21,23:00,2.2,traffic_block,pending
BD000111,Signal & Telecommunication,SMMS000935,COR01854,MRTL,GILA,2025-07-29,09:00,1.5,traffic_block,pending
BD000112,Engineering,TMS001017,COR03863,BHGH,AG,2024-11-26,22:00,3.0,traffic_block,pending
BD000113,Traction Distribution,TDMS001282,COR03000,PTB,KRKD,2025-07-08,01:00,2.7,power_block,pending
BD000114,Engineering,TMS003383,COR04146,ELM,PAY,2024-10-13,13:00,3.8,traffic_block,pending
BD000115,Signal & Telecommunication,SMMS001794,COR04006,KVTA,HAD,2024-01-28,02:00,3.0,traffic_block,pending
BD000116,Traction Distribution,TDMS002221,COR03478,BUS,BTKP,2024-10-13,22:00,1.6,power_block,pending
BD000117,Signal & Telecommunication,SMMS002218,COR01628,BVR,ASK,2025-08-23,01:00,2.4,traffic_block,pending
BD000118,Traction Distribution,TDMS001138,COR00545,PAZ,KPQ,2025-03-20,02:00,4.7,power_block,pending
BD000119,Engineering,TMS001734,COR02378,VNRD,KHRS,2024-05-04,23:00,4.7,traffic_block,pending
BD000120,Signal & Telecommunication,SMMS000274,COR00768,BDXT,GHH,2025-05-07,02:00,3.6,traffic_block,pending
BD000121,Engineering,TMS000241,COR00220,CTHR,KTHA,2024-01-16,09:00,5.1,traffic_block,pending
BD000122,Traction Distribution,TDMS001306,COR02838,MRL,SCH,2024-04-14,11:00,2.4,power_block,pending
BD000123,Engineering,TMS004877,COR01892,GUU,MABD,2025-07-13,14:00,5.5,traffic_block,pending
BD000124,Signal & Telecommunication,SMMS001286,COR00057,SXS,MSH,2025-07-21,10:00,2.5,traffic_block,pending
BD000125,Engineering,TMS005538,COR01881,MDR,MTMI,2025-10-27,11:00,5.9,traffic_block,pending
BD000126,Signal & Telecommunication,SMMS001280,COR00542,TKQ,PAY,2024-07-14,23:00,0.9,traffic_block,pending
BD000127,Engineering,TMS005280,COR01885,CKN,PNDP,2025-11-05,11:00,1.6,traffic_block,pending
BD000128,Traction Distribution,TDMS000092,COR04666,SWV,ZARP,2025-08-07,09:00,1.4,power_block,pending
BD000129,Engineering,TMS000125,COR04727,VKA,KNG,2025-11-18,10:00,5.7,traffic_block,pending
BD000130,Traction Distribution,TDMS000613,COR01407,MVS,VRQ,2024-12-13,00:00,0.8,power_block,pending
BD000131,Traction Distribution,TDMS000368,COR02852,HTNL,GIN,2024-11-15,02:00,2.2,power_block,pending
BD000132,Signal & Telecommunication,SMMS001467,COR01570,BVQ,NDE,2024-04-18,14:00,1.6,traffic_block,pending
BD000133,Engineering,TMS000131,COR03262,DY,BXN,2025-07-06,22:00,2.8,traffic_block,pending
BD000134,Traction Distribution,TDMS000102,COR06706,LAD,IRN,2024-09-30,23:00,2.1,power_block,pending
BD000135,Signal & Telecommunication,SMMS000546,COR01713,JTW,KTHA,2024-05-31,13:00,2.5,traffic_block,pending
BD000136,Engineering,TMS000361,COR00762,KRTN,DEC,2024-10-04,01:00,3.8,traffic_block,pending
BD000137,Signal & Telecommunication,SMMS000701,COR02270,NDU,JHD,2025-06-11,00:00,3.2,traffic_block,pending
BD000138,Engineering,TMS001340,COR04998,PLI,PGN,2025-08-13,10:00,5.4,traffic_block,pending
BD000139,Signal & Telecommunication,SMMS002417,COR00492,PGL,BIF,2025-10-25,10:00,0.7,traffic_block,pending
BD000140,Signal & Telecommunication,SMMS000330,COR06210,BLA,SGRR,2024-05-13,01:00,1.8,traffic_block,pending
BD000141,Engineering,TMS002706,COR00284,BRUD,CAER,2024-03-10,10:00,3.5,traffic_block,pending
BD000142,Signal & Telecommunication,SMMS001151,COR02057,PBN,PIZ,2025-06-06,13:00,1.5,traffic_block,pending
BD000143,Engineering,TMS004074,COR03239,COR,CNA,2025-02-15,23:00,2.7,traffic_block,pending
BD000144,Engineering,TMS005798,COR00707,NIG,BYR,2025-07-23,13:00,3.3,traffic_block,pending
BD000145,Signal & Telecommunication,SMMS000481,COR01298,SDH,MKRA,2024-07-24,14:00,3.1,traffic_block,pending
BD000146,Engineering,TMS000669,COR02398,KNKT,KHC,2024-05-22,13:00,2.8,traffic_block,pending
BD000147,Signal & Telecommunication,SMMS002742,COR02320,NRGR,DWX,2024-07-12,10:00,1.1,traffic_block,pending
BD000148,Engineering,TMS005716,COR04158,KGQ,KMQ,2024-07-24,22:00,2.7,traffic_block,pending
BD000149,Traction Distribution,TDMS002373,COR03368,CKD,MHU,2025-09-01,00:00,4.7,power_block,pending
BD000150,Engineering,TMS002943,COR00657,CNC,KUD,2024-04-04,11:00,2.3,traffic_block,pending
BD000151,Signal & Telecommunication,SMMS001132,COR05564,MLX,BQH,2025-06-27,09:00,3.5,traffic_block,pending
BD000152,Traction Distribution,TDMS000503,COR04139,KUL,CLT,2024-10-31,23:00,4.6,power_block,pending
BD000153,Traction Distribution,TDMS001048,COR00275,TBN,CRK,2025-07-30,00:00,2.5,power_block,pending
BD000154,Signal & Telecommunication,SMMS002069,COR02830,BL,DGI,2024-02-11,09:00,3.7,traffic_block,pending
BD000155,Signal & Telecommunication,SMMS000147,COR03696,GBA,BGO,2024-08-03,00:00,2.1,traffic_block,pending
BD000156,Signal & Telecommunication,SMMS000480,COR01888,MLMG,PPY,2025-01-04,14:00,3.9,traffic_block,pending
BD000157,Traction Distribution,TDMS002414,COR01355,SXS,JDN,2025-03-27,13:00,2.1,power_block,pending
BD000158,Engineering,TMS001008,COR03150,KHBV,KARD,2025-09-19,23:00,2.6,traffic_block,pending
BD000159,Traction Distribution,TDMS000484,COR00254,NU,KY,2025-08-30,09:00,2.2,power_block,pending
BD000160,Signal & Telecommunication,SMMS000423,COR02538,SFM,BZ,2025-05-21,01:00,0.9,traffic_block,pending
BD000161,Signal & Telecommunication,SMMS002727,COR05091,TAV,JBB,2024-04-06,11:00,2.4,traffic_block,pending
BD000162,Engineering,TMS005074,COR00686,KEB,BLD,2024-06-25,22:00,4.9,traffic_block,pending
BD000163,Engineering,TMS002163,COR02819,DRD,GVD,2024-10-30,14:00,3.8,traffic_block,pending
BD000164,Engineering,TMS003823,COR00381,SYH,ARJ,2024-09-19,22:00,2.3,traffic_block,pending
BD000165,Engineering,TMS002929,COR04243,DHPR,GHG,2024-10-28,14:00,3.7,traffic_block,pending
BD000166,Traction Distribution,TDMS000063,COR05683,MQX,RMF,2025-04-18,22:00,3.2,power_block,pending
BD000167,Traction Distribution,TDMS001767,COR03693,GSL,SLB,2025-03-11,02:00,4.4,power_block,pending
BD000168,Signal & Telecommunication,SMMS002865,COR01000,OTN,JMI,2024-05-31,22:00,1.2,traffic_block,pending
BD000169,Traction Distribution,TDMS002402,COR01989,RNBD,RWO,2024-11-19,11:00,2.0,power_block,pending
BD000170,Engineering,TMS002823,COR04987,HKH,MHOW,2025-02-26,00:00,1.0,traffic_block,pending
BD000171,Traction Distribution,TDMS000624,COR00930,BNCE,BNC,2024-03-31,11:00,3.7,power_block,pending
BD000172,Engineering,TMS005103,COR03258,SMBJ,HAN,2025-09-09,00:00,1.1,traffic_block,pending
BD000173,Traction Distribution,TDMS000559,COR00581,SRA,SGL,2024-11-26,02:00,4.4,power_block,pending
BD000174,Traction Distribution,TDMS000056,COR01355,SXS,JDN,2024-05-15,11:00,2.0,power_block,pending
BD000175,Signal & Telecommunication,SMMS001873,COR02811,VR,VTN,2025-01-12,11:00,2.9,traffic_block,pending
BD000176,Signal & Telecommunication,SMMS000718,COR02124,CTPE,KUV,2024-08-26,14:00,3.7,traffic_block,pending
BD000177,Engineering,TMS002093,COR00425,SFX,RKO,2025-12-13,01:00,4.9,traffic_block,pending
BD000178,Engineering,TMS003075,COR04932,SAPE,KFD,2025-10-14,00:00,2.6,traffic_block,pending
BD000179,Signal & Telecommunication,SMMS001981,COR04636,KQK,KLAD,2024-12-23,23:00,3.2,traffic_block,pending
BD000180,Engineering,TMS000217,COR00718,STC,KHAR,2025-03-09,13:00,5.5,traffic_block,pending
BD000181,Engineering,TMS001118,COR05036,NUH,AHU,2026-01-02,22:00,6.0,traffic_block,pending
BD000182,Engineering,TMS002588,COR00625,TNGM,YP,2025-07-31,01:00,2.0,traffic_block,pending
BD000183,Signal & Telecommunication,SMMS001221,COR02811,VR,VTN,2024-06-14,11:00,2.0,traffic_block,pending
BD000184,Engineering,TMS003995,COR00264,SGP,GMD,2024-11-17,09:00,4.7,traffic_block,pending
BD000185,Traction Distribution,TDMS001352,COR00672,SCH,MRL,2025-06-15,10:00,1.6,power_block,pending
BD000186,Signal & Telecommunication,SMMS001808,COR01948,AWB,DLB,2025-01-31,02:00,1.0,traffic_block,pending
BD000187,Signal & Telecommunication,SMMS001602,COR01696,SHR,DDCE,2025-03-23,01:00,1.8,traffic_block,pending
BD000188,Traction Distribution,TDMS001487,COR00065,UM,PNU,2025-03-17,00:00,4.9,power_block,pending
BD000189,Signal & Telecommunication,SMMS001254,COR00371,DDD,YFP,2024-07-23,09:00,1.4,traffic_block,pending
BD000190,Engineering,TMS000107,COR04471,GLPT,KRNI,2024-12-08,14:00,1.5,traffic_block,pending
BD000191,Signal & Telecommunication,SMMS000810,COR05329,PDE,JONR,2025-07-19,10:00,2.2,traffic_block,pending
BD000192,Traction Distribution,TDMS001307,COR00284,BRUD,CAER,2025-12-21,10:00,0.9,power_block,pending
BD000193,Engineering,TMS003885,COR00120,KSG,TL,2024-08-16,14:00,1.6,traffic_block,pending
BD000194,Traction Distribution,TDMS001452,COR01504,KANO,KEJ,2025-08-20,22:00,3.7,power_block,pending
BD000195,Signal & Telecommunication,SMMS000479,COR01888,MLMG,PPY,2025-05-09,13:00,2.9,traffic_block,pending
BD000196,Traction Distribution,TDMS000918,COR00675,VDH,ACL,2024-11-24,00:00,1.0,power_block,pending
BD000197,Engineering,TMS001051,COR00210,MJHR,BRG,2024-06-18,09:00,5.7,traffic_block,pending
BD000198,Signal & Telecommunication,SMMS002753,COR03249,MXL,MLZ,2025-06-22,00:00,3.7,traffic_block,pending
BD000199,Engineering,TMS002133,COR04690,SAPE,VEER,2025-08-18,13:00,1.3,traffic_block,pending
BD000200,Signal & Telecommunication,SMMS002687,COR03484,UCR,RCP,2024-07-26,01:00,0.5,traffic_block,pending
BD000201,Engineering,TMS001478,COR03043,PGR,MPLM,2025-07-04,14:00,4.5,traffic_block,pending
BD000202,Signal & Telecommunication,SMMS001094,COR01600,YLG,SVNR,2024-04-22,02:00,0.8,traffic_block,pending
BD000203,Traction Distribution,TDMS001210,COR03828,KXL,CFG,2024-01-11,22:00,1.1,power_block,pending
BD000204,Engineering,TMS002601,COR00658,KUD,UGR,2025-02-02,10:00,2.1,traffic_block,pending
BD000205,Engineering,TMS005489,COR03084,BDJ,NAU,2024-05-21,02:00,4.2,traffic_block,pending
BD000206,Traction Distribution,TDMS000648,COR03249,MXL,MLZ,2025-02-07,01:00,2.2,power_block,pending
BD000207,Engineering,TMS001901,COR01440,BGS,TIL,2024-12-11,13:00,5.3,traffic_block,pending
BD000208,Signal & Telecommunication,SMMS000666,COR01725,MJHR,SRJ,2024-07-10,14:00,1.5,traffic_block,pending
BD000209,Signal & Telecommunication,SMMS001470,COR00351,AA,IJ,2024-02-22,23:00,2.2,traffic_block,pending
BD000210,Engineering,TMS000283,COR03853,BDT,CGF,2024-08-09,22:00,3.6,traffic_block,pending
BD000211,Engineering,TMS001568,COR00764,PM,SMDP,2024-08-22,11:00,4.0,traffic_block,pending
BD000212,Signal & Telecommunication,SMMS002239,COR00480,CAER,BRUD,2025-04-25,09:00,1.5,traffic_block,pending
BD000213,Engineering,TMS003094,COR06767,MUD,DXH,2025-09-09,11:00,5.9,traffic_block,pending
BD000214,Signal & Telecommunication,SMMS000726,COR03988,AZ,ACLE,2025-01-05,11:00,3.9,traffic_block,pending
BD000215,Engineering,TMS001522,COR03698,PBA,VSU,2025-07-15,22:00,5.7,traffic_block,pending
BD000216,Signal & Telecommunication,SMMS002676,COR03732,SDGM,ASV,2024-05-02,10:00,0.9,traffic_block,pending
BD000217,Traction Distribution,TDMS000100,COR02379,KHRS,SR,2025-07-28,02:00,3.9,power_block,pending
BD000218,Engineering,TMS002167,COR01364,CTRL,KLL,2025-02-25,14:00,4.1,traffic_block,pending
BD000219,Engineering,TMS001711,COR04129,PUM,PEU,2025-01-18,22:00,4.8,traffic_block,pending
BD000220,Signal & Telecommunication,SMMS001167,COR03514,KKDI,KTYR,2024-09-18,09:00,3.7,traffic_block,pending
BD000221,Engineering,TMS002797,COR02998,PUM,KODN,2025-07-13,22:00,0.7,traffic_block,pending
BD000222,Engineering,TMS004847,COR00543,PAY,ELM,2024-12-26,09:00,4.4,traffic_block,pending
BD000223,Engineering,TMS002701,COR03797,BRMT,KFH,2025-06-16,09:00,2.8,traffic_block,pending
BD000224,Engineering,TMS003053,COR00561,MOTC,RWL,2025-12-14,13:00,2.2,traffic_block,pending
BD000225,Engineering,TMS005911,COR02528,BXC,DULP,2025-07-12,10:00,2.1,traffic_block,pending
BD000226,Engineering,TMS001519,COR02696,KRZ,ISM,2025-05-24,23:00,4.5,traffic_block,pending
BD000227,Signal & Telecommunication,SMMS000225,COR00503,BIWK,JWO,2024-11-16,00:00,2.6,traffic_block,pending
BD000228,Signal & Telecommunication,SMMS002179,COR04922,PEN,KASU,2024-09-24,01:00,1.1,traffic_block,pending
BD000229,Engineering,TMS005070,COR05128,BNGL,MEX,2024-09-05,00:00,5.8,traffic_block,pending
BD000230,Engineering,TMS004719,COR01022,LKA,DHRY,2025-08-17,09:00,0.7,traffic_block,pending
BD000231,Engineering,TMS001105,COR03822,SZR,BXP,2024-11-17,14:00,4.3,traffic_block,pending
BD000232,Signal & Telecommunication,SMMS001935,COR04127,PTB,KODN,2024-09-04,01:00,3.3,traffic_block,pending
BD000233,Engineering,TMS003243,COR00547,PPNS,VAPM,2025-02-19,14:00,0.9,traffic_block,pending
BD000234,Signal & Telecommunication,SMMS001258,COR06866,RG,DIB,2025-05-21,09:00,4.0,traffic_block,pending
BD000235,Engineering,TMS000983,COR03963,MTFA,LKX,2024-01-25,02:00,2.4,traffic_block,pending
BD000236,Signal & Telecommunication,SMMS002744,COR01879,YP,TNGM,2025-08-26,13:00,1.8,traffic_block,pending
BD000237,Engineering,TMS005591,COR00464,NED,WNG,2024-09-03,09:00,1.9,traffic_block,pending
BD000238,Engineering,TMS001164,COR00744,PPH,DLR,2024-02-12,23:00,2.4,traffic_block,pending
BD000239,Engineering,TMS002376,COR00704,VR,NSP,2025-02-24,09:00,4.9,traffic_block,pending
BD000240,Engineering,TMS000264,COR05986,KQL,KZI,2025-12-24,01:00,3.5,traffic_block,pending
BD000241,Engineering,TMS004783,COR01868,VJPJ,BBMN,2024-11-28,09:00,4.6,traffic_block,pending
BD000242,Engineering,TMS001236,COR02133,KMV,BDU,2024-06-24,11:00,5.1,traffic_block,pending
BD000243,Traction Distribution,TDMS001905,COR00543,PAY,ELM,2025-06-13,11:00,3.0,power_block,pending
BD000244,Engineering,TMS002531,COR00064,CHP,UM,2024-07-04,01:00,4.0,traffic_block,pending
BD000245,Engineering,TMS002037,COR04037,KDQ,RJI,2024-08-09,11:00,0.8,traffic_block,pending
BD000246,Engineering,TMS003617,COR02820,GVD,BRRD,2024-02-06,00:00,1.5,traffic_block,pending
BD000247,Engineering,TMS000668,COR05613,SNTD,BJE,2024-05-02,09:00,3.2,traffic_block,pending
BD000248,Traction Distribution,TDMS001503,COR06335,LDCY,SOJ,2024-04-02,00:00,0.9,power_block,pending
BD000249,Engineering,TMS004289,COR02834,AML,ACL,2025-01-01,02:00,4.9,traffic_block,pending
BD000250,Traction Distribution,TDMS000584,COR06159,VSW,STDR,2024-05-26,00:00,2.8,power_block,pending
BD000251,Signal & Telecommunication,SMMS001290,COR00065,UM,PNU,2025-12-03,14:00,1.1,traffic_block,pending
BD000252,Signal & Telecommunication,SMMS002564,COR00215,MKP,BNSP,2024-04-19,09:00,1.0,traffic_block,pending
BD000253,Engineering,TMS005629,COR00696,PLG,KLV,2024-04-06,13:00,5.3,traffic_block,pending
BD000254,Engineering,TMS000381,COR01889,PPY,DKJ,2024-02-14,11:00,4.5,traffic_block,pending
BD000255,Signal & Telecommunication,SMMS001928,COR01715,CTHR,MJG,2025-05-07,00:00,2.0,traffic_block,pending
BD000256,Signal & Telecommunication,SMMS000670,COR03898,KZH,JNA,2024-12-24,10:00,2.5,traffic_block,pending
BD000257,Engineering,TMS001256,COR03268,DXK,RBS,2024-01-16,02:00,3.1,traffic_block,pending
BD000258,Engineering,TMS001010,COR06948,SKX,BPZ,2025-12-28,00:00,1.3,traffic_block,pending
BD000259,Engineering,TMS001536,COR01639,SPGR,NTR,2024-05-07,13:00,1.0,traffic_block,pending
BD000260,Engineering,TMS004640,COR02303,MOZ,JDW,2024-06-29,23:00,1.3,traffic_block,pending
BD000261,Traction Distribution,TDMS000186,COR00284,BRUD,CAER,2024-02-24,11:00,0.6,power_block,pending
BD000262,Signal & Telecommunication,SMMS000451,COR03653,GDV,DPD,2024-07-28,11:00,1.8,traffic_block,pending
BD000263,Engineering,TMS000003,COR01961,CNKP,DSJ,2025-12-19,22:00,2.0,traffic_block,pending
BD000264,Engineering,TMS002162,COR04297,JKN,DLR,2024-04-25,02:00,5.1,traffic_block,pending
BD000265,Traction Distribution,TDMS002404,COR00143,KWMD,KIP,2025-10-27,23:00,3.8,power_block,pending
BD000266,Engineering,TMS001248,COR02803,KILE,BVI,2024-04-12,01:00,1.0,traffic_block,pending
BD000267,Engineering,TMS003369,COR01768,NNW,NMD,2024-02-22,00:00,2.8,traffic_block,pending
BD000268,Signal & Telecommunication,SMMS002243,COR06146,TUV,MLTR,2024-11-03,22:00,2.0,traffic_block,pending
BD000269,Signal & Telecommunication,SMMS000739,COR00489,CRK,TBN,2024-09-19,02:00,2.1,traffic_block,pending
BD000270,Engineering,TMS005965,COR01195,JSV,PLV,2024-10-01,09:00,4.4,traffic_block,pending
BD000271,Signal & Telecommunication,SMMS001509,COR01344,CTT,KRJD,2024-11-28,13:00,3.8,traffic_block,pending
BD000272,Engineering,TMS005794,COR04002,PNPR,PUPR,2024-09-21,00:00,5.0,traffic_block,pending
BD000273,Signal & Telecommunication,SMMS002178,COR01653,SDVL,BAW,2024-12-09,01:00,3.4,traffic_block,pending
BD000274,Traction Distribution,TDMS001774,COR04902,RMGM,CPT,2025-10-11,13:00,3.7,power_block,pending
BD000275,Traction Distribution,TDMS001305,COR01634,BNK,RDI,2025-04-02,22:00,1.6,power_block,pending
BD000276,Traction Distribution,TDMS000252,COR03805,KVTA,THZI,2024-08-18,02:00,0.8,power_block,pending
BD000277,Engineering,TMS005445,COR01485,DHRY,LKA,2024-02-26,23:00,2.9,traffic_block,pending
BD000278,Traction Distribution,TDMS000493,COR00272,BIF,PGL,2024-11-24,00:00,1.2,power_block,pending
BD000279,Engineering,TMS003246,COR01328,MOI,KTR,2024-06-05,01:00,3.4,traffic_block,pending
BD000280,Traction Distribution,TDMS001815,COR03651,GUK,OTR,2024-12-10,11:00,1.4,power_block,pending
BD000281,Traction Distribution,TDMS001431,COR02976,NAU,BDJ,2025-08-15,00:00,4.2,power_block,pending
BD000282,Engineering,TMS002359,COR00992,LH,NCH,2024-04-19,22:00,2.0,traffic_block,pending
BD000283,Engineering,TMS000459,COR04146,ELM,PAY,2024-01-09,01:00,4.8,traffic_block,pending
BD000284,Signal & Telecommunication,SMMS001769,COR02943,CJE,NTT,2025-10-14,00:00,2.4,traffic_block,pending
BD000285,Signal & Telecommunication,SMMS002067,COR03418,RKH,KOY,2025-11-11,11:00,1.4,traffic_block,pending
BD000286,Traction Distribution,TDMS002227,COR01728,MFX,JSR,2025-11-02,11:00,3.0,power_block,pending
BD000287,Engineering,TMS001916,COR06396,MBS,KFK,2025-03-08,00:00,4.7,traffic_block,pending
BD000288,Engineering,TMS002000,COR05384,PTKD,KKGT,2025-02-26,14:00,5.6,traffic_block,pending
BD000289,Signal & Telecommunication,SMMS000336,COR03648,MVP,PCU,2025-12-30,23:00,2.4,traffic_block,pending
BD000290,Engineering,TMS003392,COR04543,KTHU,MDPB,2025-09-09,00:00,1.6,traffic_block,pending
BD000291,Signal & Telecommunication,SMMS002003,COR03723,DPU,DLDE,2024-03-20,23:00,2.4,traffic_block,pending
BD000292,Traction Distribution,TDMS000636,COR01202,WLH,DNJ,2024-06-15,14:00,1.9,power_block,pending
BD000293,Engineering,TMS002891,COR01686,SRID,BMR,2025-01-21,14:00,4.0,traffic_block,pending
BD000294,Engineering,TMS004264,COR05177,MDE,THA,2025-01-01,00:00,1.5,traffic_block,pending
BD000295,Engineering,TMS003111,COR06022,BOX,NUA,2024-12-20,00:00,2.7,traffic_block,pending
BD000296,Engineering,TMS003759,COR01902,KOHR,ZB,2026-01-02,11:00,1.6,traffic_block,pending
BD000297,Signal & Telecommunication,SMMS002818,COR00228,MYR,BUU,2024-07-02,11:00,2.4,traffic_block,pending
BD000298,Engineering,TMS004100,COR02111,SVNR,YLG,2024-05-17,10:00,1.9,traffic_block,pending
BD000299,Engineering,TMS001857,COR02081,ARGP,RDI,2025-11-18,09:00,2.0,traffic_block,pending
BD000300,Engineering,TMS003368,COR05432,ARP,SPGL,2025-11-22,22:00,3.1,traffic_block,pending
BD000301,Traction Distribution,TDMS000097,COR05584,DPSR,HAR,2024-12-08,13:00,1.9,power_block,pending
BD000302,Engineering,TMS002738,COR03487,MCV,FRD,2025-09-16,13:00,3.3,traffic_block,pending
BD000303,Traction Distribution,TDMS002085,COR03323,LMNR,PLA,2025-12-01,13:00,2.4,power_block,pending
BD000304,Engineering,TMS004851,COR03082,PYOL,IGL,2024-04-22,10:00,2.5,traffic_block,pending
BD000305,Signal & Telecommunication,SMMS002703,COR02819,DRD,GVD,2024-01-15,10:00,0.7,traffic_block,pending
BD000306,Signal & Telecommunication,SMMS001722,COR00630,CHRM,PRDL,2025-02-23,09:00,3.3,traffic_block,pending
BD000307,Engineering,TMS002481,COR00252,BELD,GPC,2025-02-20,23:00,4.5,traffic_block,pending
BD000308,Engineering,TMS004862,COR02919,BLP,JKNI,2024-09-02,23:00,3.3,traffic_block,pending
BD000309,Traction Distribution,TDMS002087,COR06708,AKZ,NJA,2025-12-17,11:00,2.3,power_block,pending
BD000310,Signal & Telecommunication,SMMS000111,COR00679,JRS,DGI,2024-01-09,10:00,3.7,traffic_block,pending
BD000311,Engineering,TMS004114,COR04394,SMLT,KGMR,2024-12-27,11:00,5.5,traffic_block,pending
BD000312,Signal & Telecommunication,SMMS001562,COR00264,SGP,GMD,2025-02-19,11:00,3.4,traffic_block,pending
BD000313,Engineering,TMS000325,COR03042,KMD,PGR,2024-01-26,22:00,1.6,traffic_block,pending
BD000314,Engineering,TMS005848,COR00162,DSA,VVB,2025-12-15,02:00,1.5,traffic_block,pending
BD000315,Engineering,TMS000490,COR03052,IVL,MEJ,2025-03-09,13:00,3.6,traffic_block,pending
BD000316,Signal & Telecommunication,SMMS002376,COR01178,MRJ,VRB,2025-12-25,02:00,1.8,traffic_block,pending
BD000317,Engineering,TMS003702,COR02162,TEN,TAY,2025-12-30,09:00,5.8,traffic_block,pending
BD000318,Traction Distribution,TDMS000502,COR06187,KPKD,PQA,2024-01-26,00:00,2.8,power_block,pending
BD000319,Signal & Telecommunication,SMMS002351,COR03220,TAV,CTRD,2024-06-24,22:00,2.0,traffic_block,pending
BD000320,Engineering,TMS001796,COR00847,PIP,MDS,2025-10-30,23:00,0.8,traffic_block,pending
BD000321,Engineering,TMS002124,COR02936,LER,ANDN,2025-05-16,14:00,4.6,traffic_block,pending
BD000322,Engineering,TMS002410,COR02800,JOS,GMN,2024-05-22,13:00,5.7,traffic_block,pending
BD000323,Engineering,TMS003331,COR00105,BAR,SEU,2024-12-23,14:00,4.4,traffic_block,pending
BD000324,Engineering,TMS000413,COR01299,MKRA,MLI,2025-10-15,23:00,1.7,traffic_block,pending
BD000325,Engineering,TMS005841,COR00425,SFX,RKO,2024-08-22,11:00,3.2,traffic_block,pending
BD000326,Engineering,TMS005047,COR04156,KALD,KLAD,2024-02-18,02:00,4.4,traffic_block,pending
BD000327,Engineering,TMS005521,COR00224,SAGM,STA,2025-11-29,13:00,2.0,traffic_block,pending
BD000328,Engineering,TMS004283,COR00152,GGN,BWSN,2024-01-26,22:00,5.9,traffic_block,pending
BD000329,Engineering,TMS001385,COR00893,AMQ,RKO,2024-06-23,13:00,4.7,traffic_block,pending
BD000330,Signal & Telecommunication,SMMS000449,COR00884,PAPM,MOB,2025-09-06,13:00,2.1,traffic_block,pending
BD000331,Signal & Telecommunication,SMMS000921,COR00288,MWA,NPNR,2025-09-22,09:00,3.5,traffic_block,pending
BD000332,Engineering,TMS005462,COR00439,ME,SHAN,2025-05-10,01:00,1.0,traffic_block,pending
BD000333,Engineering,TMS005053,COR01338,ABR,MAA,2025-11-28,09:00,4.4,traffic_block,pending
BD000334,Engineering,TMS005250,COR00688,SJN,UBR,2024-02-28,23:00,4.8,traffic_block,pending
BD000335,Engineering,TMS004725,COR04583,BUS,ATE,2024-10-27,11:00,5.6,traffic_block,pending
BD000336,Engineering,TMS003423,COR02297,TPZ,NGL,2024-02-19,00:00,2.7,traffic_block,pending
BD000337,Engineering,TMS003475,COR00527,TKOT,ULL,2024-07-30,11:00,0.9,traffic_block,pending
BD000338,Signal & Telecommunication,SMMS001345,COR04905,HNK,MYA,2024-11-20,22:00,1.5,traffic_block,pending
BD000339,Engineering,TMS003327,COR01723,KTDD,BRG,2024-06-12,10:00,2.9,traffic_block,pending
BD000340,Signal & Telecommunication,SMMS001687,COR03096,BEHS,SOW,2025-05-06,23:00,1.0,traffic_block,pending
BD000341,Engineering,TMS003079,COR06477,DWDI,RPV,2025-01-18,02:00,1.2,traffic_block,pending
BD000342,Traction Distribution,TDMS002322,COR02996,KTU,PEU,2025-11-18,09:00,3.1,power_block,pending
BD000343,Traction Distribution,TDMS000868,COR02521,DISA,CDS,2024-02-01,10:00,4.6,power_block,pending
BD000344,Signal & Telecommunication,SMMS000384,COR03882,DBSI,SSB,2025-12-27,01:00,2.3,traffic_block,pending
BD000345,Signal & Telecommunication,SMMS002277,COR00292,BAU,WGA,2025-04-22,09:00,3.3,traffic_block,pending
BD000346,Signal & Telecommunication,SMMS002950,COR04680,SGR,AVRD,2025-12-17,01:00,3.7,traffic_block,pending
BD000347,Signal & Telecommunication,SMMS000980,COR05865,DTW,BLZ,2024-11-28,01:00,1.5,traffic_block,pending
BD000348,Engineering,TMS003257,COR01706,BUU,MYR,2024-03-04,11:00,2.7,traffic_block,pending
BD000349,Traction Distribution,TDMS001061,COR01106,MVP,MDVL,2024-11-03,00:00,4.8,power_block,pending
BD000350,Engineering,TMS004217,COR05904,BMGA,PCR,2025-08-22,14:00,4.0,traffic_block,pending
BD000351,Engineering,TMS001502,COR03000,PTB,KRKD,2024-11-23,02:00,5.1,traffic_block,pending
BD000352,Engineering,TMS003473,COR04594,AZA,MRZA,2025-04-10,11:00,4.8,traffic_block,pending
BD000353,Engineering,TMS002161,COR00182,SAHI,CAI,2025-05-04,13:00,2.5,traffic_block,pending
BD000354,Engineering,TMS003002,COR02841,MUD,GZN,2024-06-29,01:00,0.5,traffic_block,pending
BD000355,Traction Distribution,TDMS000107,COR06398,KWH,NTU,2024-05-06,14:00,2.5,power_block,pending
BD000356,Traction Distribution,TDMS002058,COR04231,GSD,PMO,2024-01-18,02:00,0.6,power_block,pending
BD000357,Traction Distribution,TDMS000175,COR04926,ROHA,KOL,2024-01-22,10:00,4.5,power_block,pending
BD000358,Signal & Telecommunication,SMMS000973,COR00666,SPP,MNO,2025-01-20,22:00,2.3,traffic_block,pending
BD000359,Signal & Telecommunication,SMMS001313,COR06769,LGH,KNSR,2024-03-05,13:00,1.7,traffic_block,pending
BD000360,Engineering,TMS003462,COR04129,PUM,PEU,2025-05-29,00:00,1.6,traffic_block,pending
BD000361,Traction Distribution,TDMS000055,COR03820,CJA,NJN,2024-02-01,22:00,2.1,power_block,pending
BD000362,Signal & Telecommunication,SMMS000564,COR06481,MEW,PEE,2025-01-30,22:00,0.9,traffic_block,pending
BD000363,Engineering,TMS002845,COR07434,NGE,DTL,2024-10-19,13:00,3.2,traffic_block,pending
BD000364,Signal & Telecommunication,SMMS001296,COR00247,BRGT,BHTN,2025-10-20,22:00,1.8,traffic_block,pending
BD000365,Traction Distribution,TDMS002349,COR01689,BRGT,KEQ,2024-11-20,09:00,0.6,power_block,pending
BD000366,Engineering,TMS003538,COR02203,MP,TEN,2025-11-24,23:00,4.6,traffic_block,pending
BD000367,Traction Distribution,TDMS000877,COR05581,IGTA,BSZ,2024-01-14,23:00,1.8,power_block,pending
BD000368,Engineering,TMS003585,COR01890,DKJ,GLA,2024-04-13,23:00,3.5,traffic_block,pending
BD000369,Traction Distribution,TDMS000809,COR01776,MGF,HLN,2024-06-09,22:00,2.7,power_block,pending
BD000370,Traction Distribution,TDMS002464,COR03085,NAU,MUKE,2025-04-27,09:00,3.8,power_block,pending
BD000371,Signal & Telecommunication,SMMS002024,COR01866,GHGL,SMBX,2024-06-18,10:00,1.2,traffic_block,pending
BD000372,Traction Distribution,TDMS002004,COR04705,TPND,NIIJ,2025-05-22,01:00,3.4,power_block,pending
BD000373,Engineering,TMS000404,COR05500,BRK,RS,2025-01-09,10:00,5.0,traffic_block,pending
BD000374,Engineering,TMS003110,COR04943,UKC,BOKE,2025-06-22,02:00,0.7,traffic_block,pending
BD000375,Traction Distribution,TDMS000302,COR05527,KRP,LGL,2025-07-07,14:00,2.4,power_block,pending
BD000376,Traction Distribution,TDMS002313,COR03090,DMD,ETK,2025-10-05,00:00,1.2,power_block,pending
BD000377,Engineering,TMS003456,COR03232,KJV,LAT,2024-10-30,00:00,4.6,traffic_block,pending
BD000378,Engineering,TMS005026,COR04695,KOL,ROHA,2024-08-14,23:00,2.1,traffic_block,pending
BD000379,Engineering,TMS001709,COR02459,PSAE,BFZ,2024-07-23,22:00,4.5,traffic_block,pending
BD000380,Engineering,TMS005109,COR01683,GPC,BELD,2024-02-03,11:00,1.5,traffic_block,pending
BD000381,Engineering,TMS003038,COR01722,DBR,KTDD,2025-07-14,09:00,0.5,traffic_block,pending
BD000382,Traction Distribution,TDMS001907,COR00333,KRYA,SW,2024-04-02,01:00,3.5,power_block,pending
BD000383,Engineering,TMS002822,COR02705,MGLP,SSB,2025-03-20,13:00,1.7,traffic_block,pending
BD000384,Traction Distribution,TDMS000052,COR04076,IMR,BJP,2024-12-28,13:00,1.7,power_block,pending
BD000385,Signal & Telecommunication,SMMS002328,COR02877,SEW,GOT,2025-03-10,02:00,2.5,traffic_block,pending
BD000386,Engineering,TMS001022,COR04954,KUDL,ZARP,2024-03-11,01:00,2.5,traffic_block,pending
BD000387,Engineering,TMS003871,COR02058,PIZ,MQL,2024-11-13,10:00,5.9,traffic_block,pending
BD000388,Signal & Telecommunication,SMMS001195,COR00676,ACL,AML,2025-11-17,09:00,2.5,traffic_block,pending
BD000389,Engineering,TMS005883,COR00704,VR,NSP,2025-02-07,00:00,3.7,traffic_block,pending
BD000390,Engineering,TMS004319,COR02231,KHLL,BID,2024-03-16,13:00,6.0,traffic_block,pending
BD000391,Engineering,TMS000034,COR00281,KRO,KKN,2025-10-18,11:00,1.4,traffic_block,pending
BD000392,Engineering,TMS004488,COR02051,TER,PCP,2024-01-15,14:00,5.5,traffic_block,pending
BD000393,Engineering,TMS001287,COR02456,BQY,LKX,2024-02-10,02:00,3.7,traffic_block,pending
BD000394,Signal & Telecommunication,SMMS000542,COR00499,KCNR,DLD,2025-08-09,02:00,2.7,traffic_block,pending
BD000395,Engineering,TMS004802,COR01893,MABD,TAA,2025-07-28,11:00,4.9,traffic_block,pending
BD000396,Signal & Telecommunication,SMMS000388,COR02374,CRN,TTW,2024-05-18,01:00,2.6,traffic_block,pending
BD000397,Engineering,TMS005374,COR02951,PARD,NED,2025-07-04,00:00,1.8,traffic_block,pending
BD000398,Engineering,TMS003217,COR04242,LLU,DHPR,2024-11-22,23:00,3.0,traffic_block,pending
BD000399,Signal & Telecommunication,SMMS000601,COR01363,EN,CTRL,2025-10-27,22:00,3.9,traffic_block,pending
BD000400,Signal & Telecommunication,SMMS002579,COR00265,GMD,BGTA,2024-02-14,22:00,1.6,traffic_block,pending
BD000401,Signal & Telecommunication,SMMS000098,COR01774,KRNR,AKK,2025-09-02,00:00,0.7,traffic_block,pending
BD000402,Traction Distribution,TDMS001545,COR00454,FKB,BSX,2025-12-30,02:00,1.1,power_block,pending
BD000403,Engineering,TMS001323,COR00557,PRI,IKK,2024-10-04,11:00,1.9,traffic_block,pending
BD000404,Engineering,TMS004008,COR04206,DZB,NNU,2025-10-17,11:00,2.6,traffic_block,pending
BD000405,Signal & Telecommunication,SMMS000768,COR00890,BOZ,ALW,2025-05-27,10:00,0.9,traffic_block,pending
BD000406,Traction Distribution,TDMS001520,COR02817,BOR,VGN,2024-11-04,23:00,3.8,power_block,pending
BD000407,Engineering,TMS005542,COR05176,BELA,MDE,2024-09-07,02:00,0.7,traffic_block,pending
BD000408,Traction Distribution,TDMS000515,COR02333,RBR,GDL,2025-10-23,01:00,1.6,power_block,pending
BD000409,Engineering,TMS004550,COR00547,PPNS,VAPM,2024-07-16,09:00,5.4,traffic_block,pending
BD000410,Engineering,TMS001363,COR05528,HDM,GNL,2025-11-15,13:00,5.2,traffic_block,pending
BD000411,Signal & Telecommunication,SMMS002631,COR01140,DEV,NAG,2025-04-18,23:00,3.0,traffic_block,pending
BD000412,Signal & Telecommunication,SMMS001515,COR00420,LKPL,HYB,2025-06-11,23:00,1.1,traffic_block,pending
BD000413,Engineering,TMS000851,COR05412,PLP,URPR,2024-11-03,14:00,0.5,traffic_block,pending
BD000414,Signal & Telecommunication,SMMS001446,COR02423,VVA,MTHP,2025-09-05,14:00,1.4,traffic_block,pending
BD000415,Signal & Telecommunication,SMMS002224,COR05946,HYL,DKWA,2025-01-30,22:00,1.4,traffic_block,pending
BD000416,Engineering,TMS000173,COR00133,PSL,GAL,2025-08-06,14:00,1.3,traffic_block,pending
BD000417,Engineering,TMS001040,COR00057,SXS,MSH,2025-05-29,11:00,2.2,traffic_block,pending
BD000418,Traction Distribution,TDMS001093,COR03079,QLD,VEK,2024-12-24,02:00,4.6,power_block,pending
BD000419,Engineering,TMS004895,COR04269,JCNR,KARD,2024-07-28,02:00,4.7,traffic_block,pending
BD000420,Engineering,TMS005677,COR01355,SXS,JDN,2025-08-09,01:00,2.6,traffic_block,pending
BD000421,Engineering,TMS002834,COR00650,PCH,PRKH,2024-08-27,00:00,1.9,traffic_block,pending
BD000422,Engineering,TMS005882,COR00095,AUWA,MJ,2024-02-22,14:00,1.0,traffic_block,pending
BD000423,Signal & Telecommunication,SMMS000966,COR05001,MTNL,TP,2025-12-06,09:00,1.4,traffic_block,pending
BD000424,Signal & Telecommunication,SMMS000467,COR01004,SZR,NJN,2024-06-18,10:00,2.5,traffic_block,pending
BD000425,Engineering,TMS002770,COR00698,SAH,VTN,2024-08-22,02:00,3.9,traffic_block,pending
BD000426,Signal & Telecommunication,SMMS000951,COR01708,UHR,LGCE,2025-06-01,01:00,2.3,traffic_block,pending
BD000427,Signal & Telecommunication,SMMS002570,COR01475,JID,AJRE,2024-08-11,01:00,1.1,traffic_block,pending
BD000428,Engineering,TMS004359,COR06484,KCV,BTQ,2025-03-18,00:00,2.3,traffic_block,pending
BD000429,Engineering,TMS000329,COR01144,KBI,MGD,2024-09-22,00:00,4.9,traffic_block,pending
BD000430,Traction Distribution,TDMS000908,COR06373,NUD,VRR,2025-07-13,11:00,3.2,power_block,pending
BD000431,Traction Distribution,TDMS002174,COR04179,GGKR,LHA,2025-12-26,14:00,3.5,power_block,pending
BD000432,Traction Distribution,TDMS000341,COR00231,PKRD,JKE,2025-08-18,23:00,4.3,power_block,pending
BD000433,Traction Distribution,TDMS000048,COR06446,NOMD,BJMD,2025-11-04,13:00,3.5,power_block,pending
BD000434,Engineering,TMS000790,COR02383,BLRD,SUNR,2025-04-15,14:00,4.7,traffic_block,pending
BD000435,Traction Distribution,TDMS002395,COR02149,MCPT,MCPK,2025-12-09,23:00,2.1,power_block,pending
BD000436,Engineering,TMS001254,COR01559,STR,KRG,2024-04-05,22:00,1.7,traffic_block,pending
BD000437,Signal & Telecommunication,SMMS002711,COR01354,MSH,SXS,2024-02-15,09:00,0.8,traffic_block,pending
BD000438,Signal & Telecommunication,SMMS000067,COR08010,LO,LHBK,2024-07-01,02:00,2.8,traffic_block,pending
BD000439,Engineering,TMS002406,COR04150,CHV,NLE,2025-12-06,22:00,1.8,traffic_block,pending
BD000440,Signal & Telecommunication,SMMS002283,COR00223,HATI,SAGM,2025-06-23,14:00,1.2,traffic_block,pending
BD000441,Engineering,TMS002202,COR07001,MVJ,NDT,2024-04-23,13:00,5.1,traffic_block,pending
BD000442,Engineering,TMS002821,COR00479,KNW,MTA,2024-12-11,02:00,2.5,traffic_block,pending
BD000443,Signal & Telecommunication,SMMS001145,COR05226,RYT,NNE,2025-03-31,00:00,0.8,traffic_block,pending
BD000444,Signal & Telecommunication,SMMS002083,COR03094,SILO,NLD,2025-05-26,00:00,1.2,traffic_block,pending
BD000445,Signal & Telecommunication,SMMS002386,COR00669,DES,CSR,2024-10-06,09:00,3.7,traffic_block,pending
BD000446,Engineering,TMS004839,COR01883,BKL,NVC,2025-06-30,23:00,1.4,traffic_block,pending
BD000447,Traction Distribution,TDMS001302,COR00142,RE,KWMD,2024-06-02,01:00,3.3,power_block,pending
BD000448,Signal & Telecommunication,SMMS001205,COR02396,AXA,SDD,2024-11-30,11:00,3.3,traffic_block,pending
BD000449,Engineering,TMS005031,COR02084,TTR,SSNH,2024-05-04,13:00,2.7,traffic_block,pending
BD000450,Signal & Telecommunication,SMMS001508,COR02773,JDW,MOZ,2024-10-08,22:00,2.2,traffic_block,pending
BD000451,Traction Distribution,TDMS001970,COR06864,BHKL,BBA,2024-05-28,14:00,2.0,power_block,pending
BD000452,Engineering,TMS004108,COR00865,DAB,BSX,2024-09-02,13:00,1.7,traffic_block,pending
BD000453,Traction Distribution,TDMS001554,COR00019,PDH,KHDI,2025-10-17,11:00,3.2,power_block,pending
BD000454,Engineering,TMS003855,COR05392,KBR,BPRA,2024-03-05,13:00,1.7,traffic_block,pending
BD000455,Signal & Telecommunication,SMMS001991,COR02301,RNA,BMHR,2024-12-01,14:00,3.8,traffic_block,pending
BD000456,Engineering,TMS003241,COR01003,BXP,SZR,2025-03-09,09:00,3.1,traffic_block,pending
BD000457,Engineering,TMS002132,COR03289,KHRK,KLNK,2024-06-11,09:00,2.6,traffic_block,pending
BD000458,Engineering,TMS003770,COR04522,LKY,JAK,2024-08-14,11:00,1.8,traffic_block,pending
BD000459,Engineering,TMS003178,COR04003,PUPR,AMPA,2024-03-28,14:00,1.1,traffic_block,pending
BD000460,Signal & Telecommunication,SMMS001359,COR03628,PKL,GNR,2024-03-26,10:00,2.3,traffic_block,pending
BD000461,Engineering,TMS003910,COR01892,GUU,MABD,2024-06-17,01:00,4.8,traffic_block,pending
BD000462,Engineering,TMS001896,COR00683,PAD,UVD,2026-01-09,23:00,2.1,traffic_block,pending
BD000463,Traction Distribution,TDMS000675,COR00514,LMA,RLR,2025-08-30,11:00,4.0,power_block,pending
BD000464,Engineering,TMS003106,COR00557,PRI,IKK,2025-12-19,23:00,2.0,traffic_block,pending
BD000465,Traction Distribution,TDMS000507,COR01001,JMI,BHGN,2025-04-25,00:00,3.0,power_block,pending
BD000466,Engineering,TMS005494,COR02592,BTJL,SHMI,2025-09-05,11:00,2.2,traffic_block,pending
BD000467,Engineering,TMS005669,COR03030,BNN,HYA,2025-04-27,22:00,4.5,traffic_block,pending
BD000468,Engineering,TMS002498,COR05174,BXLL,CPU,2025-12-13,13:00,2.0,traffic_block,pending
BD000469,Engineering,TMS000843,COR00228,MYR,BUU,2024-09-15,11:00,3.1,traffic_block,pending
BD000470,Engineering,TMS002036,COR00543,PAY,ELM,2025-11-17,11:00,4.0,traffic_block,pending
BD000471,Signal & Telecommunication,SMMS000081,COR01483,JGJN,HJI,2025-05-10,11:00,1.4,traffic_block,pending
BD000472,Engineering,TMS004560,COR03086,MUKE,MAHE,2024-06-02,09:00,6.0,traffic_block,pending
BD000473,Engineering,TMS002677,COR06837,SLWR,HIND,2024-11-23,23:00,2.6,traffic_block,pending
BD000474,Signal & Telecommunication,SMMS000436,COR01597,SNH,GDI,2024-10-27,00:00,2.7,traffic_block,pending
BD000475,Traction Distribution,TDMS001522,COR02032,RTR,JI,2024-02-24,13:00,2.0,power_block,pending
BD000476,Engineering,TMS005145,COR06941,SXE,BKDE,2025-11-01,14:00,0.9,traffic_block,pending
BD000477,Engineering,TMS000862,COR03038,BTIC,BTI,2024-08-12,22:00,4.8,traffic_block,pending
BD000478,Engineering,TMS001012,COR00079,BNS,SOH,2024-06-03,23:00,1.7,traffic_block,pending
BD000479,Engineering,TMS004619,COR02006,KPLR,KGRA,2025-02-05,13:00,4.5,traffic_block,pending
BD000480,Engineering,TMS000903,COR00149,PT,GHH,2024-08-31,10:00,2.3,traffic_block,pending
BD000481,Engineering,TMS004734,COR03214,JIL,SAPR,2024-10-13,14:00,4.1,traffic_block,pending
BD000482,Signal & Telecommunication,SMMS000667,COR01717,MKD,BQF,2025-06-18,22:00,1.6,traffic_block,pending
BD000483,Traction Distribution,TDMS001243,COR01898,YGL,CLE,2025-11-11,13:00,5.0,power_block,pending
BD000484,Engineering,TMS001076,COR04187,BXC,BFN,2024-12-08,02:00,1.0,traffic_block,pending
BD000485,Engineering,TMS001844,COR00739,LRD,TTI,2025-03-04,10:00,3.6,traffic_block,pending
BD000486,Engineering,TMS004304,COR00535,KQK,BFR,2024-05-13,23:00,5.5,traffic_block,pending
BD000487,Signal & Telecommunication,SMMS001650,COR05997,GPX,OSRA,2025-08-30,02:00,2.2,traffic_block,pending
BD000488,Signal & Telecommunication,SMMS000463,COR02022,MBS,AHM,2024-05-28,14:00,1.8,traffic_block,pending
BD000489,Engineering,TMS000869,COR04451,KGLE,NLSF,2024-12-16,14:00,2.3,traffic_block,pending
BD000490,Traction Distribution,TDMS002497,COR05207,AZP,PDV,2025-05-15,01:00,1.0,power_block,pending
BD000491,Signal & Telecommunication,SMMS002814,COR00639,PIS,ITKY,2025-08-19,14:00,1.9,traffic_block,pending
BD000492,Engineering,TMS001446,COR00271,BPF,BIF,2024-11-17,11:00,2.5,traffic_block,pending
BD000493,Traction Distribution,TDMS001249,COR05985,AILM,KQL,2024-07-28,00:00,3.2,power_block,pending
BD000494,Engineering,TMS004949,COR05742,CLN,ARS,2025-02-28,01:00,0.5,traffic_block,pending
BD000495,Engineering,TMS002580,COR00917,KVLR,TPP,2024-10-12,23:00,6.0,traffic_block,pending
BD000496,Engineering,TMS003363,COR02818,VGN,DRD,2024-08-29,09:00,1.1,traffic_block,pending
BD000497,Signal & Telecommunication,SMMS002443,COR02357,SZ,BANE,2025-07-06,09:00,2.9,traffic_block,pending
BD000498,Engineering,TMS003570,COR07719,TAT,KBA,2024-03-10,02:00,5.0,traffic_block,pending
BD000499,Engineering,TMS003892,COR07347,PIRO,HSB,2024-05-26,13:00,3.4,traffic_block,pending
BD000500,Signal & Telecommunication,SMMS000094,COR03316,KKTA,GIF,2024-04-13,10:00,2.7,traffic_block,pending
BD000501,Engineering,TMS005064,COR01633,TTR,BNK,2025-08-10,01:00,4.2,traffic_block,pending
BD000502,Engineering,TMS003287,COR03315,NAS,HSX,2025-09-23,01:00,3.7,traffic_block,pending
BD000503,Signal & Telecommunication,SMMS001830,COR04923,KASU,NGTN,2025-08-27,22:00,3.3,traffic_block,pending
BD000504,Engineering,TMS000252,COR02195,NCJ,THX,2024-04-03,01:00,2.1,traffic_block,pending
BD000505,Engineering,TMS002315,COR00093,BWA,BGG,2024-08-18,02:00,0.9,traffic_block,pending
BD000506,Engineering,TMS002283,COR04476,MWA,DGN,2025-04-13,13:00,4.2,traffic_block,pending
BD000507,Signal & Telecommunication,SMMS000996,COR06521,BFE,ABS,2025-05-04,02:00,2.8,traffic_block,pending
BD000508,Signal & Telecommunication,SMMS001489,COR01780,ASK,BVR,2024-11-14,00:00,3.4,traffic_block,pending
BD000509,Engineering,TMS005700,COR03189,KRX,SIY,2025-12-03,23:00,1.0,traffic_block,pending
BD000510,Engineering,TMS005863,COR00020,KHDI,RJT,2025-05-15,23:00,4.4,traffic_block,pending
BD000511,Engineering,TMS000730,COR00678,BIM,JRS,2025-03-17,14:00,0.7,traffic_block,pending
BD000512,Engineering,TMS002666,COR05595,EDD,TGL,2025-07-30,13:00,4.4,traffic_block,pending
BD000513,Engineering,TMS004662,COR00120,KSG,TL,2024-10-26,14:00,1.5,traffic_block,pending
BD000514,Signal & Telecommunication,SMMS002776,COR01810,SGA,RMN,2024-09-24,22:00,3.8,traffic_block,pending
BD000515,Traction Distribution,TDMS002300,COR00473,BAU,AGQ,2025-05-23,23:00,1.1,power_block,pending
BD000516,Engineering,TMS000508,COR04289,BERO,RKI,2024-12-06,11:00,4.5,traffic_block,pending
BD000517,Engineering,TMS003299,COR03199,SEJ,MORA,2025-01-11,22:00,2.8,traffic_block,pending
BD000518,Traction Distribution,TDMS001646,COR05901,KJME,UKA,2025-07-18,00:00,4.7,power_block,pending
BD000519,Engineering,TMS001836,COR01605,BYD,DAD,2025-09-04,00:00,0.7,traffic_block,pending
BD000520,Engineering,TMS002447,COR00068,CTT,JTY,2025-05-07,11:00,2.5,traffic_block,pending
BD000521,Engineering,TMS000275,COR00823,NSD,JWS,2025-03-08,00:00,3.7,traffic_block,pending
BD000522,Traction Distribution,TDMS001029,COR01709,LGCE,STA,2024-01-07,22:00,1.5,power_block,pending
BD000523,Engineering,TMS002083,COR00491,CGO,PGL,2024-09-17,14:00,0.8,traffic_block,pending
BD000524,Engineering,TMS003268,COR05262,SKY,SOY,2024-10-05,23:00,3.9,traffic_block,pending
BD000525,Engineering,TMS000096,COR01501,SBY,SLR,2024-01-24,09:00,2.8,traffic_block,pending
BD000526,Engineering,TMS002258,COR00465,WNG,LBG,2025-06-15,14:00,2.8,traffic_block,pending
BD000527,Engineering,TMS002679,COR01676,JHT,SCKR,2024-01-08,13:00,3.7,traffic_block,pending
BD000528,Traction Distribution,TDMS002022,COR03561,GRB,ADRA,2025-06-15,14:00,1.4,power_block,pending
BD000529,Engineering,TMS000445,COR03253,LRU,GGC,2024-11-03,23:00,3.3,traffic_block,pending
BD000530,Engineering,TMS000159,COR04904,MAD,HNK,2025-04-29,23:00,1.3,traffic_block,pending
BD000531,Signal & Telecommunication,SMMS002429,COR02448,SHBL,NBKH,2024-03-24,10:00,3.4,traffic_block,pending
BD000532,Traction Distribution,TDMS002203,COR03983,KTLR,KNSN,2024-02-28,02:00,3.0,power_block,pending
BD000533,Engineering,TMS000433,COR00336,MLN,BNKJ,2025-01-29,11:00,4.1,traffic_block,pending
BD000534,Engineering,TMS000100,COR01302,KRW,PPF,2025-01-19,02:00,1.8,traffic_block,pending
BD000535,Engineering,TMS003523,COR05280,CMJ,AP,2025-04-06,01:00,2.4,traffic_block,pending
BD000536,Traction Distribution,TDMS001163,COR01302,KRW,PPF,2025-07-12,23:00,1.9,power_block,pending
BD000537,Engineering,TMS005930,COR05194,MVJ,FAN,2024-10-07,00:00,4.4,traffic_block,pending
BD000538,Signal & Telecommunication,SMMS001731,COR04164,PDL,LMD,2024-07-13,09:00,0.6,traffic_block,pending
BD000539,Signal & Telecommunication,SMMS002494,COR00934,DBV,MOB,2025-03-13,02:00,1.5,traffic_block,pending
BD000540,Engineering,TMS001321,COR00679,JRS,DGI,2024-12-03,01:00,3.1,traffic_block,pending
BD000541,Engineering,TMS001868,COR00671,BHET,SCH,2025-02-19,23:00,5.1,traffic_block,pending
BD000542,Engineering,TMS005954,COR08397,RRW,LKW,2025-06-08,14:00,5.4,traffic_block,pending
BD000543,Signal & Telecommunication,SMMS000497,COR01862,BDHY,CHNR,2025-09-09,09:00,2.8,traffic_block,pending
BD000544,Engineering,TMS004785,COR01306,SEU,BAR,2024-03-05,00:00,1.9,traffic_block,pending
BD000545,Engineering,TMS003764,COR03955,BGRA,DTAE,2025-04-01,00:00,3.4,traffic_block,pending
BD000546,Traction Distribution,TDMS001259,COR03725,DSR,RXR,2025-07-11,23:00,2.5,power_block,pending
BD000547,Signal & Telecommunication,SMMS001149,COR06797,AVT,VTE,2025-02-15,02:00,1.4,traffic_block,pending
BD000548,Signal & Telecommunication,SMMS000268,COR00687,BLD,SJN,2025-11-19,11:00,2.3,traffic_block,pending
BD000549,Signal & Telecommunication,SMMS002503,COR01513,HTK,RKD,2025-11-01,10:00,2.6,traffic_block,pending
BD000550,Signal & Telecommunication,SMMS000361,COR04135,PGI,VLI,2025-06-12,00:00,2.8,traffic_block,pending
BD000551,Traction Distribution,TDMS001448,COR01101,GDV,OTR,2025-06-27,22:00,1.5,power_block,pending
BD000552,Engineering,TMS001102,COR01107,MDVL,KKLR,2025-10-30,23:00,1.1,traffic_block,pending
BD000553,Signal & Telecommunication,SMMS000855,COR06918,DMJ,BCHN,2024-12-29,23:00,2.1,traffic_block,pending
BD000554,Engineering,TMS004213,COR03889,ASE,ROHN,2025-05-22,13:00,4.5,traffic_block,pending
BD000555,Signal & Telecommunication,SMMS001224,COR03484,UCR,RCP,2024-07-24,23:00,2.4,traffic_block,pending
BD000556,Traction Distribution,TDMS000127,COR03774,KEZ,MME,2025-12-24,22:00,1.3,power_block,pending
BD000557,Engineering,TMS000632,COR04445,BHB,DHT,2024-05-11,11:00,5.6,traffic_block,pending
BD000558,Engineering,TMS004742,COR05532,AJU,WDG,2024-04-10,13:00,3.6,traffic_block,pending
BD000559,Engineering,TMS001691,COR00625,TNGM,YP,2024-07-18,10:00,4.7,traffic_block,pending
BD000560,Engineering,TMS004480,COR02268,NDW,TEA,2025-08-02,13:00,3.2,traffic_block,pending
BD000561,Signal & Telecommunication,SMMS000927,COR04847,LKSH,VND,2024-04-21,01:00,3.5,traffic_block,pending
BD000562,Engineering,TMS001529,COR00713,MDD,GMN,2025-06-05,23:00,3.3,traffic_block,pending
BD000563,Engineering,TMS002094,COR00200,VPO,BTJ,2025-05-12,13:00,0.7,traffic_block,pending
BD000564,Signal & Telecommunication,SMMS001344,COR00687,BLD,SJN,2024-07-02,22:00,3.9,traffic_block,pending
BD000565,Traction Distribution,TDMS000860,COR00282,KKN,DRHI,2025-09-03,22:00,5.0,power_block,pending
BD000566,Engineering,TMS002130,COR05004,TRB,TOM,2025-04-26,01:00,5.8,traffic_block,pending
BD000567,Signal & Telecommunication,SMMS000760,COR00614,GLA,DKJ,2024-05-21,09:00,3.2,traffic_block,pending
BD000568,Signal & Telecommunication,SMMS000122,COR01367,CDK,KLRD,2024-02-06,23:00,2.4,traffic_block,pending
BD000569,Engineering,TMS002875,COR03906,GSO,NRW,2024-07-21,13:00,2.9,traffic_block,pending
BD000570,Engineering,TMS002574,COR03050,CVP,KDU,2024-04-11,09:00,4.2,traffic_block,pending
BD000571,Signal & Telecommunication,SMMS002739,COR03351,RMD,SQD,2024-07-29,11:00,2.9,traffic_block,pending
BD000572,Traction Distribution,TDMS001430,COR08592,BVW,LDK,2025-02-21,00:00,3.6,power_block,pending
BD000573,Traction Distribution,TDMS001599,COR00988,MZA,NMT,2024-06-25,23:00,3.0,power_block,pending
BD000574,Engineering,TMS003788,COR06991,CTA,BNHL,2024-02-22,22:00,4.3,traffic_block,pending
BD000575,Signal & Telecommunication,SMMS001955,COR02746,ARJ,DHE,2025-09-16,23:00,3.0,traffic_block,pending
BD000576,Engineering,TMS004876,COR02159,TYMR,TRMN,2024-08-22,23:00,1.9,traffic_block,pending
BD000577,Engineering,TMS004413,COR01644,TK,KIAT,2025-07-11,10:00,2.4,traffic_block,pending
BD000578,Engineering,TMS000058,COR01524,CHG,CRD,2024-05-18,22:00,3.4,traffic_block,pending
BD000579,Signal & Telecommunication,SMMS002192,COR00421,HYB,LKPL,2025-07-04,11:00,2.8,traffic_block,pending
BD000580,Engineering,TMS002937,COR02812,VTN,SAH,2025-01-01,01:00,0.9,traffic_block,pending
BD000581,Engineering,TMS001700,COR04242,LLU,DHPR,2026-01-02,23:00,4.5,traffic_block,pending
BD000582,Signal & Telecommunication,SMMS002498,COR04654,ANKL,HAA,2024-04-21,23:00,2.5,traffic_block,pending
BD000583,Engineering,TMS004867,COR00284,BRUD,CAER,2024-10-28,09:00,3.9,traffic_block,pending
BD000584,Traction Distribution,TDMS002233,COR04846,AVLI,LKSH,2024-06-05,01:00,3.1,power_block,pending
BD000585,Signal & Telecommunication,SMMS001941,COR01765,COO,GGC,2024-11-18,23:00,3.2,traffic_block,pending
BD000586,Engineering,TMS005257,COR03779,TUD,NAB,2024-05-20,14:00,1.8,traffic_block,pending
BD000587,Traction Distribution,TDMS001630,COR04052,TJD,CBN,2024-04-09,13:00,4.5,power_block,pending
BD000588,Signal & Telecommunication,SMMS001897,COR02130,AWB,MKDD,2024-05-23,14:00,3.6,traffic_block,pending
BD000589,Engineering,TMS003808,COR00440,SHAN,WDR,2024-03-11,13:00,3.2,traffic_block,pending
BD000590,Traction Distribution,TDMS001918,COR01752,RKR,DUM,2025-08-02,11:00,1.8,power_block,pending
BD000591,Traction Distribution,TDMS002329,COR04180,LHA,GRN,2025-05-21,02:00,4.7,power_block,pending
BD000592,Engineering,TMS002317,COR02063,BAW,SDVL,2025-04-03,13:00,2.0,traffic_block,pending
BD000593,Engineering,TMS004787,COR04541,CHNR,BDHY,2024-08-27,14:00,3.4,traffic_block,pending
BD000594,Traction Distribution,TDMS001812,COR03988,AZ,ACLE,2025-07-07,01:00,4.5,power_block,pending
BD000595,Engineering,TMS003917,COR02417,BPKA,BHTA,2024-07-04,11:00,5.8,traffic_block,pending
BD000596,Signal & Telecommunication,SMMS002208,COR05192,KLH,BIML,2024-09-17,10:00,3.3,traffic_block,pending
BD000597,Signal & Telecommunication,SMMS002990,COR04264,BAMA,BXN,2025-11-11,22:00,0.6,traffic_block,pending
BD000598,Signal & Telecommunication,SMMS001585,COR00708,BYR,MIRA,2025-02-12,02:00,0.8,traffic_block,pending
BD000599,Signal & Telecommunication,SMMS002362,COR01535,KRA,GHPU,2024-07-01,02:00,0.6,traffic_block,pending
BD000600,Engineering,TMS000904,COR02588,MANK,MRDW,2025-09-19,00:00,3.4,traffic_block,pending
BD000601,Traction Distribution,TDMS002228,COR03330,KUP,RHW,2025-07-10,01:00,1.4,power_block,pending
BD000602,Engineering,TMS001616,COR06872,MFM,TSS,2024-02-16,01:00,0.6,traffic_block,pending
BD000603,Signal & Telecommunication,SMMS001927,COR04031,SYQ,MDPR,2025-12-07,02:00,2.2,traffic_block,pending
BD000604,Traction Distribution,TDMS001480,COR03419,KOY,TOD,2024-11-18,14:00,1.2,power_block,pending
BD000605,Traction Distribution,TDMS000396,COR00266,BGTA,SQL,2024-07-23,02:00,0.8,power_block,pending
BD000606,Engineering,TMS004668,COR00438,BMPL,ME,2024-10-19,13:00,3.8,traffic_block,pending
BD000607,Engineering,TMS004992,COR02803,KILE,BVI,2024-10-08,01:00,0.9,traffic_block,pending
BD000608,Engineering,TMS003701,COR04036,SRNT,KDQ,2024-06-03,01:00,1.2,traffic_block,pending
BD000609,Engineering,TMS004600,COR04984,LKMN,RJQ,2025-10-30,14:00,2.3,traffic_block,pending
BD000610,Signal & Telecommunication,SMMS001652,COR03091,ETK,CS,2025-12-06,13:00,2.4,traffic_block,pending
BD000611,Engineering,TMS002645,COR01493,TSL,GMM,2025-04-05,02:00,1.0,traffic_block,pending
BD000612,Engineering,TMS001011,COR05526,PRTL,KRP,2024-02-29,09:00,2.0,traffic_block,pending
BD000613,Traction Distribution,TDMS000003,COR01315,DRS,MJ,2024-07-08,11:00,4.1,power_block,pending
BD000614,Engineering,TMS001921,COR05519,NBPH,BPC,2025-07-11,10:00,2.7,traffic_block,pending
BD000615,Traction Distribution,TDMS001589,COR01654,MWM,SBC,2024-04-09,23:00,2.4,power_block,pending
BD000616,Engineering,TMS001785,COR00549,CQL,CAN,2024-03-20,09:00,1.2,traffic_block,pending
BD000617,Signal & Telecommunication,SMMS001309,COR07340,KBSH,JGD,2025-10-11,13:00,2.5,traffic_block,pending
BD000618,Traction Distribution,TDMS000462,COR00981,LPTA,BOJ,2025-10-02,10:00,1.7,power_block,pending
BD000619,Engineering,TMS001765,COR01678,GAR,BNE,2025-02-04,00:00,3.9,traffic_block,pending
BD000620,Signal & Telecommunication,SMMS002692,COR02816,UOI,BOR,2024-12-05,11:00,3.1,traffic_block,pending
BD000621,Traction Distribution,TDMS002316,COR03557,CHRA,KSU,2025-12-21,13:00,0.7,power_block,pending
BD000622,Signal & Telecommunication,SMMS001793,COR00231,PKRD,JKE,2025-06-19,11:00,2.4,traffic_block,pending
BD000623,Signal & Telecommunication,SMMS000013,COR00290,CDI,AGQ,2024-07-12,10:00,2.4,traffic_block,pending
BD000624,Signal & Telecommunication,SMMS002677,COR00076,KWI,BMN,2025-08-29,11:00,0.8,traffic_block,pending
BD000625,Signal & Telecommunication,SMMS000231,COR01615,SLU,JRU,2024-11-09,01:00,3.7,traffic_block,pending
BD000626,Signal & Telecommunication,SMMS000204,COR03548,RS,BRK,2025-06-18,23:00,1.8,traffic_block,pending
BD000627,Signal & Telecommunication,SMMS001855,COR00672,SCH,MRL,2025-05-03,22:00,2.8,traffic_block,pending
BD000628,Engineering,TMS001686,COR03943,CRG,MSRP,2024-09-07,02:00,4.9,traffic_block,pending
BD000629,Signal & Telecommunication,SMMS001825,COR06256,EDD,PDL,2024-09-19,09:00,3.9,traffic_block,pending
BD000630,Signal & Telecommunication,SMMS001945,COR01897,NKD,YGL,2024-04-24,14:00,2.0,traffic_block,pending
BD000631,Traction Distribution,TDMS001775,COR05217,NPT,KTM,2025-11-17,22:00,4.2,power_block,pending
BD000632,Engineering,TMS004884,COR00287,KDK,DGN,2024-01-16,00:00,0.5,traffic_block,pending
BD000633,Traction Distribution,TDMS000012,COR02821,BRRD,UBR,2024-08-03,13:00,4.9,power_block,pending
BD000634,Traction Distribution,TDMS002185,COR00493,BIF,BPF,2025-07-05,02:00,4.7,power_block,pending
BD000635,Traction Distribution,TDMS000250,COR04539,HRNR,CKDL,2025-02-19,14:00,3.6,power_block,pending
BD000636,Traction Distribution,TDMS001236,COR04539,HRNR,CKDL,2025-01-29,02:00,2.2,power_block,pending
BD000637,Engineering,TMS000094,COR04221,MJHL,CH,2025-08-10,00:00,5.2,traffic_block,pending
BD000638,Engineering,TMS003469,COR04478,MTA,SGBJ,2025-12-01,00:00,3.1,traffic_block,pending
BD000639,Signal & Telecommunication,SMMS000256,COR01645,KIAT,HHL,2025-08-25,10:00,2.2,traffic_block,pending
BD000640,Signal & Telecommunication,SMMS001015,COR02345,BDDR,KSD,2024-08-12,02:00,3.6,traffic_block,pending
BD000641,Traction Distribution,TDMS000834,COR00321,ANR,BGA,2024-01-07,00:00,2.8,power_block,pending
BD000642,Signal & Telecommunication,SMMS000494,COR04087,SLGE,AHD,2025-10-30,13:00,3.4,traffic_block,pending
BD000643,Signal & Telecommunication,SMMS002519,COR00378,NDJ,BSCK,2025-04-12,00:00,3.8,traffic_block,pending
BD000644,Engineering,TMS000788,COR00068,CTT,JTY,2024-03-08,14:00,1.1,traffic_block,pending
BD000645,Traction Distribution,TDMS001420,COR04270,KARD,KHBV,2025-08-29,13:00,4.4,power_block,pending
BD000646,Signal & Telecommunication,SMMS002006,COR06677,SRN,KJC,2025-02-08,11:00,2.5,traffic_block,pending
BD000647,Traction Distribution,TDMS000350,COR02597,KUDA,BKJ,2025-10-20,10:00,1.5,power_block,pending
BD000648,Signal & Telecommunication,SMMS001608,COR01019,PKB,LKG,2025-03-07,01:00,3.1,traffic_block,pending
BD000649,Traction Distribution,TDMS000194,COR00208,LOG,SRJ,2025-09-22,11:00,0.7,power_block,pending
BD000650,Engineering,TMS004963,COR01694,DOE,GSPR,2025-03-11,14:00,4.5,traffic_block,pending
BD000651,Engineering,TMS002892,COR03904,BZO,UCA,2025-08-15,22:00,3.2,traffic_block,pending
BD000652,Engineering,TMS000911,COR05898,SNBD,RNJ,2025-05-23,01:00,2.8,traffic_block,pending
BD000653,Signal & Telecommunication,SMMS001561,COR04944,BOKE,RN,2025-11-15,11:00,0.9,traffic_block,pending
BD000654,Traction Distribution,TDMS000644,COR05521,CSZ,MBB,2025-06-06,02:00,3.4,power_block,pending
BD000655,Engineering,TMS001726,COR00546,KPQ,PPNS,2025-10-22,14:00,4.6,traffic_block,pending
BD000656,Signal & Telecommunication,SMMS001422,COR01019,PKB,LKG,2025-03-10,09:00,1.7,traffic_block,pending
BD000657,Engineering,TMS005359,COR03107,GRMR,PQN,2025-12-12,01:00,4.9,traffic_block,pending
BD000658,Traction Distribution,TDMS001399,COR02538,SFM,BZ,2025-02-02,23:00,1.1,power_block,pending
BD000659,Engineering,TMS001923,COR02684,UCA,BZO,2024-06-18,02:00,3.0,traffic_block,pending
BD000660,Traction Distribution,TDMS002116,COR06220,MYD,HTL,2024-03-30,11:00,4.6,power_block,pending
BD000661,Signal & Telecommunication,SMMS002860,COR04655,HAA,KAWR,2025-07-20,09:00,1.0,traffic_block,pending
BD000662,Signal & Telecommunication,SMMS002081,COR04939,KMAH,SVX,2025-09-27,02:00,1.9,traffic_block,pending
BD000663,Engineering,TMS000090,COR02697,ISM,SPZ,2025-10-28,00:00,3.2,traffic_block,pending
BD000664,Traction Distribution,TDMS000410,COR04897,GNB,KGI,2025-06-06,00:00,1.0,power_block,pending
BD000665,Signal & Telecommunication,SMMS001611,COR04605,HOJ,HSA,2024-07-19,02:00,0.6,traffic_block,pending
BD000666,Engineering,TMS004848,COR04584,ATE,KHU,2024-12-20,00:00,3.1,traffic_block,pending
BD000667,Traction Distribution,TDMS001364,COR04152,KZE,PKP,2024-08-29,14:00,1.3,power_block,pending
BD000668,Signal & Telecommunication,SMMS000992,COR00556,ATMO,PRI,2024-09-11,01:00,3.6,traffic_block,pending
BD000669,Traction Distribution,TDMS002442,COR01692,JBP,ADTL,2024-07-07,01:00,4.8,power_block,pending
BD000670,Engineering,TMS005513,COR04997,MUQ,PLI,2025-09-16,14:00,3.2,traffic_block,pending
BD000671,Engineering,TMS005044,COR05417,MAY,SPPR,2025-01-22,11:00,2.5,traffic_block,pending
BD000672,Engineering,TMS005139,COR03118,BQP,TKRP,2025-11-05,02:00,4.5,traffic_block,pending
BD000673,Traction Distribution,TDMS000680,COR01607,RNR,CLI,2025-12-08,00:00,0.8,power_block,pending
BD000674,Engineering,TMS001197,COR02399,KHC,BLWR,2025-04-03,00:00,3.2,traffic_block,pending
BD000675,Engineering,TMS000037,COR04399,TRPL,LNS,2024-09-09,10:00,5.9,traffic_block,pending
BD000676,Engineering,TMS001787,COR00692,DRD,VGN,2024-10-23,11:00,5.2,traffic_block,pending
BD000677,Engineering,TMS004490,COR00170,SBZ,GRRG,2024-07-08,10:00,1.8,traffic_block,pending
BD000678,Engineering,TMS002099,COR01192,RMP,KRG,2025-06-05,09:00,3.2,traffic_block,pending
BD000679,Signal & Telecommunication,SMMS001754,COR01972,LAL,BNTH,2024-08-04,23:00,1.7,traffic_block,pending
BD000680,Traction Distribution,TDMS002279,COR02769,DRLA,SKF,2025-09-09,10:00,3.4,power_block,pending
BD000681,Traction Distribution,TDMS000383,COR00290,CDI,AGQ,2025-08-19,09:00,4.0,power_block,pending
BD000682,Signal & Telecommunication,SMMS002928,COR06389,BYH,ATRR,2025-10-09,13:00,1.7,traffic_block,pending
BD000683,Engineering,TMS001429,COR01893,MABD,TAA,2025-11-18,02:00,4.7,traffic_block,pending
BD000684,Engineering,TMS003072,COR00072,SIM,MAA,2025-12-07,14:00,3.3,traffic_block,pending
BD000685,Engineering,TMS002241,COR03940,DUM,RKR,2024-04-05,22:00,4.1,traffic_block,pending
BD000686,Engineering,TMS004167,COR02824,BLD,KEB,2025-02-08,02:00,3.7,traffic_block,pending
BD000687,Traction Distribution,TDMS000660,COR00565,HRW,DDN,2025-10-30,11:00,1.7,power_block,pending
BD000688,Signal & Telecommunication,SMMS000588,COR02059,MQL,PAU,2024-11-01,02:00,3.7,traffic_block,pending
BD000689,Traction Distribution,TDMS000180,COR00248,BHTN,BMR,2025-10-10,13:00,4.5,power_block,pending
BD000690,Signal & Telecommunication,SMMS000559,COR01528,RGO,PSD,2024-01-19,09:00,1.4,traffic_block,pending
BD000691,Engineering,TMS002047,COR06486,KORI,KUND,2024-02-12,01:00,3.4,traffic_block,pending
BD000692,Traction Distribution,TDMS001132,COR01669,SQL,BGTA,2024-10-15,02:00,2.5,power_block,pending
BD000693,Traction Distribution,TDMS000385,COR04443,LKN,SKJ,2025-07-04,01:00,2.8,power_block,pending
BD000694,Engineering,TMS000458,COR02303,MOZ,JDW,2025-09-25,09:00,5.3,traffic_block,pending
BD000695,Engineering,TMS005173,COR01715,CTHR,MJG,2025-07-17,14:00,2.0,traffic_block,pending
BD000696,Engineering,TMS004997,COR00421,HYB,LKPL,2024-04-13,11:00,4.6,traffic_block,pending
BD000697,Signal & Telecommunication,SMMS002573,COR00495,DKI,KTZ,2025-06-18,02:00,3.5,traffic_block,pending
BD000698,Engineering,TMS005503,COR00134,GAL,KRH,2024-05-18,10:00,2.4,traffic_block,pending
BD000699,Engineering,TMS001764,COR04138,FK,KUL,2025-02-18,09:00,4.3,traffic_block,pending
BD000700,Engineering,TMS004262,COR04456,DDM,NMZ,2024-01-10,01:00,4.4,traffic_block,pending
BD000701,Engineering,TMS005640,COR00695,UOI,PLG,2024-07-30,23:00,2.4,traffic_block,pending
BD000702,Engineering,TMS005748,COR02838,MRL,SCH,2025-02-25,10:00,1.4,traffic_block,pending
BD000703,Traction Distribution,TDMS001701,COR06372,JLR,NUD,2025-04-14,14:00,1.6,power_block,pending
BD000704,Engineering,TMS003357,COR01771,MXL,RNT,2024-07-21,13:00,4.3,traffic_block,pending
BD000705,Engineering,TMS000546,COR00069,JTY,IQG,2024-03-11,10:00,5.3,traffic_block,pending
BD000706,Traction Distribution,TDMS000689,COR02159,TYMR,TRMN,2025-12-03,23:00,2.6,power_block,pending
BD000707,Traction Distribution,TDMS002215,COR02009,SMLT,NGRT,2025-10-26,09:00,3.5,power_block,pending
BD000708,Signal & Telecommunication,SMMS001594,COR04692,GNO,MNI,2025-03-10,13:00,0.5,traffic_block,pending
BD000709,Signal & Telecommunication,SMMS002788,COR04641,BKJ,KUDA,2025-06-13,10:00,2.6,traffic_block,pending
BD000710,Signal & Telecommunication,SMMS001779,COR02763,MDNR,MUZ,2025-11-09,11:00,3.9,traffic_block,pending
BD000711,Engineering,TMS001378,COR04921,RSYI,APTA,2025-03-06,23:00,1.9,traffic_block,pending
BD000712,Traction Distribution,TDMS002074,COR01652,GHL,SDVL,2025-10-30,11:00,1.3,power_block,pending
BD000713,Engineering,TMS003729,COR04391,PRAR,CMMG,2025-05-26,00:00,0.9,traffic_block,pending
BD000714,Signal & Telecommunication,SMMS001609,COR05219,MY,MV,2024-03-13,09:00,3.9,traffic_block,pending
BD000715,Engineering,TMS000568,COR02984,ETR,WH,2024-03-02,11:00,0.7,traffic_block,pending
BD000716,Engineering,TMS003592,COR00769,GHH,PT,2025-11-24,02:00,1.6,traffic_block,pending
BD000717,Signal & Telecommunication,SMMS000898,COR00771,TJNR,JSKA,2025-09-13,01:00,1.0,traffic_block,pending
BD000718,Signal & Telecommunication,SMMS000001,COR02167,IVL,KDU,2025-11-15,11:00,1.9,traffic_block,pending
BD000719,Engineering,TMS003107,COR02803,KILE,BVI,2025-02-09,14:00,3.9,traffic_block,pending
BD000720,Engineering,TMS002110,COR04137,KN,FK,2025-07-06,23:00,2.9,traffic_block,pending
BD000721,Signal & Telecommunication,SMMS001942,COR00239,SHR,GSPR,2025-11-13,02:00,1.0,traffic_block,pending
BD000722,Engineering,TMS002857,COR05996,PJH,GPX,2025-09-18,09:00,2.8,traffic_block,pending
BD000723,Traction Distribution,TDMS000213,COR00715,JOS,ADH,2025-08-02,02:00,0.7,power_block,pending
BD000724,Engineering,TMS005493,COR02855,BNP,BNA,2025-08-14,10:00,4.3,traffic_block,pending
BD000725,Traction Distribution,TDMS001531,COR01804,RLS,AJTM,2025-03-19,02:00,4.3,power_block,pending
BD000726,Signal & Telecommunication,SMMS000283,COR00888,GOPL,BMO,2024-07-19,22:00,2.2,traffic_block,pending
BD000727,Signal & Telecommunication,SMMS001223,COR05021,AYM,KOQ,2024-11-13,09:00,3.9,traffic_block,pending
BD000728,Engineering,TMS001513,COR00275,TBN,CRK,2025-11-15,13:00,4.5,traffic_block,pending
BD000729,Traction Distribution,TDMS002443,COR01646,HHL,DBS,2024-06-21,11:00,1.9,power_block,pending
BD000730,Traction Distribution,TDMS001469,COR02674,BRZ,KAGR,2025-02-02,02:00,1.3,power_block,pending
BD000731,Engineering,TMS003692,COR01094,GNJ,LD,2025-11-07,23:00,3.4,traffic_block,pending
BD000732,Engineering,TMS005102,COR02215,KAI,PMY,2024-12-27,09:00,2.3,traffic_block,pending
BD000733,Traction Distribution,TDMS000061,COR00540,CHV,CDRA,2025-11-06,11:00,1.5,power_block,pending
BD000734,Signal & Telecommunication,SMMS000891,COR05676,MAY,WRGN,2025-07-05,00:00,3.0,traffic_block,pending
BD000735,Engineering,TMS004003,COR00015,ALB,WTJ,2025-05-04,14:00,1.7,traffic_block,pending
BD000736,Engineering,TMS000915,COR00108,BER,PPF,2024-09-22,14:00,3.7,traffic_block,pending
BD000737,Signal & Telecommunication,SMMS002454,COR00482,DRHI,KKN,2025-10-22,11:00,1.6,traffic_block,pending
BD000738,Engineering,TMS001855,COR04922,PEN,KASU,2024-04-06,22:00,4.2,traffic_block,pending
BD000739,Engineering,TMS003034,COR03937,KEV,PNGR,2025-05-14,22:00,5.4,traffic_block,pending
BD000740,Traction Distribution,TDMS001310,COR01601,SVNR,KVS,2024-04-24,22:00,4.5,power_block,pending
BD000741,Engineering,TMS005938,COR04028,BHTL,VQD,2025-04-23,09:00,1.1,traffic_block,pending
BD000742,Engineering,TMS001984,COR02330,RJT,BKNG,2025-06-13,10:00,4.5,traffic_block,pending
BD000743,Engineering,TMS003012,COR05126,CHKB,KNDI,2024-12-06,13:00,4.1,traffic_block,pending
BD000744,Engineering,TMS003042,COR05210,SPL,SWI,2024-06-26,01:00,4.2,traffic_block,pending
BD000745,Traction Distribution,TDMS001083,COR01300,MLI,LNA,2025-01-21,09:00,2.8,power_block,pending
BD000746,Signal & Telecommunication,SMMS000860,COR00574,MAI,HRNG,2024-07-31,09:00,2.0,traffic_block,pending
BD000747,Traction Distribution,TDMS001751,COR00616,PPY,MLMG,2024-12-31,09:00,3.4,power_block,pending
BD000748,Traction Distribution,TDMS002428,COR02885,DSA,DLI,2025-01-11,11:00,2.2,power_block,pending
BD000749,Traction Distribution,TDMS000062,COR00541,CDRA,TKQ,2025-12-20,13:00,3.9,power_block,pending
BD000750,Engineering,TMS004511,COR00215,MKP,BNSP,2025-04-02,23:00,3.1,traffic_block,pending
BD000751,Engineering,TMS003119,COR02973,JGE,MAHE,2024-11-15,10:00,2.8,traffic_block,pending
BD000752,Engineering,TMS002023,COR00626,YP,GNN,2024-05-07,10:00,3.8,traffic_block,pending
BD000753,Traction Distribution,TDMS000463,COR00484,KRO,BRI,2025-04-05,22:00,0.6,power_block,pending
BD000754,Signal & Telecommunication,SMMS001126,COR00781,AIA,KNAR,2025-09-30,01:00,2.9,traffic_block,pending
BD000755,Engineering,TMS002761,COR01881,MDR,MTMI,2025-02-13,10:00,3.3,traffic_block,pending
BD000756,Signal & Telecommunication,SMMS001465,COR02446,JHBN,GGLE,2024-08-07,00:00,0.8,traffic_block,pending
BD000757,Traction Distribution,TDMS000596,COR01520,CSTM,MSD,2025-05-30,11:00,2.4,power_block,pending
BD000758,Signal & Telecommunication,SMMS000442,COR05497,PDR,YEAM,2024-01-25,02:00,2.2,traffic_block,pending
BD000759,Signal & Telecommunication,SMMS002099,COR04936,KHED,ANO,2024-08-31,22:00,1.6,traffic_block,pending
BD000760,Engineering,TMS004691,COR03300,PCV,DPJ,2024-07-20,14:00,4.2,traffic_block,pending
BD000761,Engineering,TMS003518,COR01081,CKR,BGWD,2025-02-11,14:00,4.1,traffic_block,pending
BD000762,Signal & Telecommunication,SMMS000167,COR03823,BXP,BHGN,2024-12-05,13:00,2.0,traffic_block,pending
BD000763,Engineering,TMS004290,COR06387,SDC,HDK,2025-10-31,09:00,4.8,traffic_block,pending
BD000764,Traction Distribution,TDMS000449,COR00188,SRA,BMKI,2025-11-01,01:00,2.6,power_block,pending
BD000765,Traction Distribution,TDMS001576,COR02832,JRS,BIM,2024-10-20,00:00,2.6,power_block,pending
BD000766,Signal & Telecommunication,SMMS002851,COR04869,MNSR,SGRA,2024-07-09,01:00,3.3,traffic_block,pending
BD000767,Engineering,TMS002644,COR03641,BVRT,UNDI,2025-03-17,14:00,0.9,traffic_block,pending
BD000768,Signal & Telecommunication,SMMS000285,COR01725,MJHR,SRJ,2024-09-14,22:00,3.3,traffic_block,pending
BD000769,Signal & Telecommunication,SMMS001059,COR04566,SD,MANW,2025-06-03,10:00,0.6,traffic_block,pending
BD000770,Traction Distribution,TDMS000017,COR00738,SRU,LRD,2025-07-02,13:00,0.6,power_block,pending
BD000771,Engineering,TMS004079,COR01658,PRI,ATMO,2025-04-14,13:00,5.6,traffic_block,pending
BD000772,Engineering,TMS005873,COR04154,BFR,KQK,2024-01-31,22:00,2.6,traffic_block,pending
BD000773,Engineering,TMS002603,COR04937,ANO,CHI,2025-12-29,23:00,4.5,traffic_block,pending
BD000774,Engineering,TMS004823,COR05995,BNG,PJH,2024-12-19,23:00,4.5,traffic_block,pending
BD000775,Signal & Telecommunication,SMMS000976,COR00529,MJS,UAA,2025-04-25,01:00,1.1,traffic_block,pending
BD000776,Engineering,TMS005180,COR01744,RJQ,LKMN,2025-10-23,14:00,5.3,traffic_block,pending
BD000777,Engineering,TMS005443,COR00706,BSR,NIG,2024-05-13,22:00,4.7,traffic_block,pending
BD000778,Signal & Telecommunication,SMMS002813,COR02972,TLY,JGE,2025-02-27,14:00,1.5,traffic_block,pending
BD000779,Engineering,TMS000032,COR03254,GGC,COO,2024-05-18,10:00,5.4,traffic_block,pending
BD000780,Engineering,TMS005383,COR04485,KBR,MTH,2025-07-27,23:00,2.4,traffic_block,pending
BD000781,Signal & Telecommunication,SMMS001247,COR04545,SJNP,BHRL,2025-11-18,02:00,1.1,traffic_block,pending
BD000782,Engineering,TMS000924,COR02821,BRRD,UBR,2025-09-16,10:00,5.8,traffic_block,pending
BD000783,Traction Distribution,TDMS000214,COR02801,GMN,MDD,2024-04-29,13:00,4.0,power_block,pending
BD000784,Signal & Telecommunication,SMMS002446,COR02099,KAG,HNH,2025-05-17,00:00,3.8,traffic_block,pending
BD000785,Engineering,TMS004018,COR03795,KRA,PCZ,2025-11-06,11:00,5.6,traffic_block,pending
BD000786,Engineering,TMS003467,COR03902,BSPH,JIND,2024-10-13,11:00,5.4,traffic_block,pending
BD000787,Engineering,TMS004760,COR04350,DPLN,SHRG,2025-05-28,02:00,4.6,traffic_block,pending
BD000788,Traction Distribution,TDMS002031,COR00542,TKQ,PAY,2025-07-22,01:00,2.1,power_block,pending
BD000789,Engineering,TMS000265,COR00270,DKI,BPF,2025-08-06,01:00,4.2,traffic_block,pending
BD000790,Engineering,TMS003983,COR02823,SJN,BLD,2025-06-25,23:00,3.5,traffic_block,pending
BD000791,Engineering,TMS005714,COR00466,LBG,CRU,2025-06-14,10:00,2.6,traffic_block,pending
BD000792,Signal & Telecommunication,SMMS000940,COR06750,NBU,CGHD,2025-03-13,01:00,2.5,traffic_block,pending
BD000793,Engineering,TMS000868,COR00628,CVV,KI,2024-11-05,23:00,3.3,traffic_block,pending
BD000794,Engineering,TMS002425,COR01884,NVC,CKN,2024-01-13,11:00,4.9,traffic_block,pending
BD000795,Signal & Telecommunication,SMMS001229,COR04684,CHI,ANO,2024-02-21,22:00,0.8,traffic_block,pending
BD000796,Engineering,TMS001799,COR03262,DY,BXN,2024-09-09,22:00,2.3,traffic_block,pending
BD000797,Engineering,TMS003074,COR00775,KIP,KWMD,2024-02-25,10:00,1.8,traffic_block,pending
BD000798,Signal & Telecommunication,SMMS000590,COR00245,MML,KEQ,2024-03-21,14:00,3.8,traffic_block,pending
BD000799,Engineering,TMS000606,COR00479,KNW,MTA,2024-05-20,02:00,4.0,traffic_block,pending
BD000800,Engineering,TMS004941,COR03933,MX,PL,2024-12-30,01:00,1.0,traffic_block,pending
BD000801,Traction Distribution,TDMS001711,COR00277,HD,PAL,2024-08-01,11:00,4.6,power_block,pending
BD000802,Traction Distribution,TDMS002062,COR00689,UBR,BRRD,2024-02-22,22:00,4.4,power_block,pending
BD000803,Traction Distribution,TDMS001643,COR05892,TL,KSG,2024-11-12,11:00,1.5,power_block,pending
BD000804,Engineering,TMS004593,COR03208,HLB,DIBL,2025-06-01,13:00,2.6,traffic_block,pending
BD000805,Signal & Telecommunication,SMMS001153,COR02396,AXA,SDD,2024-03-15,09:00,2.9,traffic_block,pending
BD000806,Traction Distribution,TDMS001055,COR06703,VJK,RUR,2025-02-24,00:00,1.0,power_block,pending
BD000807,Signal & Telecommunication,SMMS002334,COR01615,SLU,JRU,2025-11-03,14:00,3.6,traffic_block,pending
BD000808,Engineering,TMS002212,COR04919,PNVL,SMNE,2024-06-30,01:00,1.1,traffic_block,pending
BD000809,Signal & Telecommunication,SMMS000931,COR00537,PKP,KZE,2024-03-25,02:00,3.9,traffic_block,pending
BD000810,Engineering,TMS005211,COR04116,ALL,DUI,2025-06-16,01:00,5.5,traffic_block,pending
BD000811,Traction Distribution,TDMS000694,COR02978,IGL,PYOL,2024-06-04,14:00,4.0,power_block,pending
BD000812,Engineering,TMS003661,COR01332,SOH,BNS,2025-06-03,22:00,1.5,traffic_block,pending
BD000813,Traction Distribution,TDMS002251,COR02770,SKF,KAT,2025-02-14,23:00,1.6,power_block,pending
BD000814,Signal & Telecommunication,SMMS001394,COR00473,BAU,AGQ,2025-09-22,00:00,0.9,traffic_block,pending
BD000815,Engineering,TMS001718,COR00801,SRK,MWT,2024-05-22,00:00,1.7,traffic_block,pending
BD000816,Signal & Telecommunication,SMMS001972,COR02831,DGI,JRS,2025-11-25,11:00,1.7,traffic_block,pending
BD000817,Traction Distribution,TDMS000185,COR00590,HIR,BRU,2024-05-30,01:00,1.1,power_block,pending
BD000818,Traction Distribution,TDMS001870,COR05490,DWJ,KBE,2024-11-17,22:00,1.0,power_block,pending
BD000819,Engineering,TMS001637,COR02424,MTHP,OKHA,2024-12-15,00:00,1.2,traffic_block,pending
BD000820,Engineering,TMS003790,COR00340,PD,DEO,2025-04-09,14:00,0.7,traffic_block,pending
BD000821,Engineering,TMS001664,COR03108,PQN,ARKA,2025-09-28,09:00,4.9,traffic_block,pending
BD000822,Engineering,TMS004622,COR03329,MET,KUP,2025-10-19,00:00,5.9,traffic_block,pending
BD000823,Engineering,TMS004427,COR02148,MPKT,MCPT,2025-04-09,02:00,2.3,traffic_block,pending
BD000824,Engineering,TMS002949,COR01895,KDM,INK,2025-10-15,02:00,3.2,traffic_block,pending
BD000825,Engineering,TMS000687,COR03089,TLY,DMD,2025-03-10,09:00,5.5,traffic_block,pending
BD000826,Engineering,TMS003169,COR05910,CCP,SAK,2025-08-22,09:00,2.4,traffic_block,pending
BD000827,Engineering,TMS003406,COR00469,SAV,NB,2025-02-21,13:00,4.7,traffic_block,pending
BD000828,Engineering,TMS003046,COR00542,TKQ,PAY,2025-05-29,22:00,3.9,traffic_block,pending
BD000829,Engineering,TMS001217,COR02063,BAW,SDVL,2024-10-30,14:00,1.7,traffic_block,pending
BD000830,Engineering,TMS005504,COR02152,MLHS,MTMY,2024-09-05,00:00,1.3,traffic_block,pending
BD000831,Engineering,TMS005835,COR00612,MABD,GUU,2025-11-18,23:00,4.8,traffic_block,pending
BD000832,Engineering,TMS001813,COR02272,JHDC,THA,2024-06-08,14:00,1.4,traffic_block,pending
BD000833,Signal & Telecommunication,SMMS002831,COR03955,BGRA,DTAE,2025-10-11,02:00,3.6,traffic_block,pending
BD000834,Engineering,TMS001426,COR00235,NWR,SNRR,2024-10-20,22:00,2.1,traffic_block,pending
BD000835,Signal & Telecommunication,SMMS002566,COR06754,TXM,KDO,2024-08-15,11:00,3.4,traffic_block,pending
BD000836,Traction Distribution,TDMS001177,COR02855,BNP,BNA,2024-10-10,22:00,3.7,power_block,pending
BD000837,Engineering,TMS003354,COR02407,HAPA,JAM,2025-12-13,01:00,5.2,traffic_block,pending
BD000838,Engineering,TMS002493,COR03606,HMO,HMH,2024-05-23,14:00,5.0,traffic_block,pending
BD000839,Engineering,TMS000300,COR00674,NVS,VDH,2025-05-25,01:00,1.8,traffic_block,pending
BD000840,Engineering,TMS003216,COR00674,NVS,VDH,2025-11-30,13:00,4.5,traffic_block,pending
BD000841,Traction Distribution,TDMS000407,COR04843,RLG,AL,2024-03-04,22:00,4.7,power_block,pending
BD000842,Engineering,TMS001866,COR00708,BYR,MIRA,2025-01-03,11:00,5.9,traffic_block,pending
BD000843,Traction Distribution,TDMS000320,COR01269,LLU,DKT,2025-05-09,22:00,3.6,power_block,pending
BD000844,Engineering,TMS002980,COR04683,KMAH,CHI,2024-07-20,10:00,5.2,traffic_block,pending
BD000845,Engineering,TMS003725,COR06863,DN,BHKL,2024-07-19,13:00,5.4,traffic_block,pending
BD000846,Traction Distribution,TDMS001143,COR00284,BRUD,CAER,2024-03-13,14:00,2.4,power_block,pending
BD000847,Engineering,TMS004365,COR03337,PALR,PYV,2024-09-12,00:00,4.9,traffic_block,pending
BD000848,Traction Distribution,TDMS002309,COR02812,VTN,SAH,2024-11-04,14:00,3.9,power_block,pending
BD000849,Signal & Telecommunication,SMMS000145,COR03363,NLQ,KSI,2024-11-24,00:00,3.6,traffic_block,pending
BD000850,Engineering,TMS004152,COR01673,SXF,PPI,2025-12-15,01:00,0.9,traffic_block,pending
BD000851,Engineering,TMS002550,COR04046,GCT,GZT,2024-09-11,00:00,4.9,traffic_block,pending
BD000852,Traction Distribution,TDMS001334,COR01145,MGD,KRKP,2024-06-02,22:00,3.7,power_block,pending
BD000853,Traction Distribution,TDMS001329,COR00249,BMR,SRID,2025-10-29,23:00,1.6,power_block,pending
BD000854,Engineering,TMS001994,COR06400,HDT,BHLP,2024-10-19,22:00,2.6,traffic_block,pending
BD000855,Signal & Telecommunication,SMMS001577,COR01151,PR,CRD,2025-08-21,13:00,2.0,traffic_block,pending
BD000856,Engineering,TMS004015,COR02603,TOK,MAJN,2024-09-03,13:00,5.4,traffic_block,pending
BD000857,Engineering,TMS003930,COR01185,TKR,BVNR,2024-09-23,11:00,1.6,traffic_block,pending
BD000858,Traction Distribution,TDMS000249,COR04103,BHX,BWX,2024-06-15,22:00,1.9,power_block,pending
BD000859,Traction Distribution,TDMS001092,COR01944,BDU,KMV,2025-04-16,10:00,0.6,power_block,pending
BD000860,Engineering,TMS002787,COR01893,MABD,TAA,2025-12-06,22:00,1.4,traffic_block,pending
BD000861,Signal & Telecommunication,SMMS000047,COR06469,MINA,BDWS,2025-08-12,00:00,3.6,traffic_block,pending
BD000862,Engineering,TMS003857,COR05059,VP,HGI,2024-10-21,22:00,3.5,traffic_block,pending
BD000863,Engineering,TMS003161,COR02822,UBR,SJN,2024-07-18,11:00,5.5,traffic_block,pending
BD000864,Engineering,TMS004087,COR03294,HLE,AEK,2025-03-15,13:00,1.0,traffic_block,pending
BD000865,Engineering,TMS003358,COR05517,BFT,SGV,2025-08-06,01:00,5.3,traffic_block,pending
BD000866,Engineering,TMS000313,COR01757,BXN,DY,2024-12-09,13:00,3.0,traffic_block,pending
BD000867,Engineering,TMS004357,COR02392,DL,LXR,2025-09-26,09:00,2.0,traffic_block,pending
BD000868,Engineering,TMS001888,COR00293,WGA,RV,2025-07-05,14:00,4.0,traffic_block,pending
BD000869,Signal & Telecommunication,SMMS002460,COR08266,ODM,BQA,2024-09-09,22:00,1.9,traffic_block,pending
BD000870,Traction Distribution,TDMS001268,COR02463,ER08,SMAE,2025-03-02,11:00,3.9,power_block,pending
BD000871,Engineering,TMS005086,COR02894,KNW,BMA,2024-11-03,01:00,3.5,traffic_block,pending
BD000872,Engineering,TMS002075,COR00696,PLG,KLV,2025-03-06,01:00,4.3,traffic_block,pending
BD000873,Signal & Telecommunication,SMMS001147,COR04541,CHNR,BDHY,2025-09-04,00:00,2.9,traffic_block,pending
BD000874,Engineering,TMS000807,COR00281,KRO,KKN,2025-01-18,14:00,2.7,traffic_block,pending
BD000875,Engineering,TMS002841,COR03154,BLAX,MGG,2024-03-05,22:00,5.5,traffic_block,pending
BD000876,Signal & Telecommunication,SMMS000766,COR03576,SLB,GSL,2024-12-01,09:00,3.5,traffic_block,pending
BD000877,Signal & Telecommunication,SMMS001137,COR01321,JAL,BGPR,2024-10-17,09:00,2.5,traffic_block,pending
BD000878,Engineering,TMS003305,COR00750,KM,SVM,2024-09-06,00:00,3.3,traffic_block,pending
BD000879,Engineering,TMS005346,COR02985,WH,VLL,2024-08-30,01:00,4.8,traffic_block,pending
BD000880,Engineering,TMS000936,COR04044,SAHR,AKS,2024-08-29,14:00,1.1,traffic_block,pending
BD000881,Engineering,TMS000363,COR02312,PRTP,MUZ,2024-07-01,14:00,5.1,traffic_block,pending
BD000882,Signal & Telecommunication,SMMS000281,COR05984,BDHP,AILM,2025-07-10,11:00,2.9,traffic_block,pending
BD000883,Engineering,TMS000448,COR01679,BNE,KFY,2025-02-06,00:00,3.0,traffic_block,pending
BD000884,Engineering,TMS003077,COR00287,KDK,DGN,2024-12-08,22:00,3.2,traffic_block,pending
BD000885,Engineering,TMS002308,COR02272,JHDC,THA,2025-08-29,13:00,0.7,traffic_block,pending
BD000886,Engineering,TMS002921,COR01752,RKR,DUM,2024-10-03,00:00,4.8,traffic_block,pending
BD000887,Engineering,TMS002117,COR02803,KILE,BVI,2024-06-13,02:00,2.7,traffic_block,pending
BD000888,Engineering,TMS002924,COR01479,CPK,LPN,2025-06-29,11:00,3.3,traffic_block,pending
BD000889,Traction Distribution,TDMS001141,COR00038,SUNR,BLRD,2025-03-13,10:00,3.0,power_block,pending
BD000890,Signal & Telecommunication,SMMS000004,COR03988,AZ,ACLE,2024-03-11,10:00,2.0,traffic_block,pending
BD000891,Signal & Telecommunication,SMMS002535,COR07074,KNW,ANI,2025-03-28,23:00,3.9,traffic_block,pending
BD000892,Traction Distribution,TDMS001838,COR05921,AKE,MZL,2025-10-19,13:00,3.2,power_block,pending
BD000893,Engineering,TMS003614,COR02077,NTR,SPGR,2025-01-29,22:00,4.3,traffic_block,pending
BD000894,Signal & Telecommunication,SMMS000660,COR04233,KIN,BSJ,2025-06-04,14:00,3.0,traffic_block,pending
BD000895,Signal & Telecommunication,SMMS002124,COR03737,VDKS,VPZ,2025-07-27,09:00,1.9,traffic_block,pending
BD000896,Signal & Telecommunication,SMMS000889,COR02105,RNR,DAD,2024-07-27,13:00,0.7,traffic_block,pending
BD000897,Traction Distribution,TDMS000753,COR00429,ALW,BOZ,2024-08-31,02:00,1.7,power_block,pending
BD000898,Signal & Telecommunication,SMMS002080,COR05243,CRX,BNQ,2024-01-13,00:00,1.4,traffic_block,pending
BD000899,Engineering,TMS001455,COR02189,GNJ,KNP,2025-04-07,22:00,2.4,traffic_block,pending
BD000900,Engineering,TMS004885,COR04509,KDGI,BSRX,2024-06-24,11:00,0.7,traffic_block,pending
BD000901,Engineering,TMS002931,COR05394,MBA,CRC,2025-08-02,22:00,1.7,traffic_block,pending
BD000902,Engineering,TMS001443,COR03279,LHN,IDR,2025-12-13,22:00,3.6,traffic_block,pending
BD000903,Engineering,TMS000029,COR02823,SJN,BLD,2024-09-07,09:00,1.2,traffic_block,pending
BD000904,Engineering,TMS003633,COR00075,MXO,KWI,2025-03-31,01:00,3.7,traffic_block,pending
BD000905,Engineering,TMS001654,COR00688,SJN,UBR,2024-06-16,10:00,2.9,traffic_block,pending
BD000906,Traction Distribution,TDMS000844,COR06348,HSQ,PJA,2025-07-09,22:00,0.9,power_block,pending
BD000907,Engineering,TMS002176,COR00377,SAHR,NDJ,2025-07-09,01:00,5.4,traffic_block,pending
BD000908,Engineering,TMS005768,COR04918,KLMC,PNVL,2025-11-09,10:00,2.2,traffic_block,pending
BD000909,Signal & Telecommunication,SMMS001025,COR00936,JKM,YDP,2025-11-22,00:00,1.0,traffic_block,pending
BD000910,Traction Distribution,TDMS001084,COR02388,RA,VD,2025-06-03,23:00,4.3,power_block,pending
BD000911,Traction Distribution,TDMS001258,COR03807,AMPA,PUPR,2024-08-17,14:00,3.5,power_block,pending
BD000912,Traction Distribution,TDMS000572,COR05210,SPL,SWI,2024-12-12,02:00,4.8,power_block,pending
BD000913,Signal & Telecommunication,SMMS000264,COR01866,GHGL,SMBX,2024-07-10,10:00,2.1,traffic_block,pending
BD000914,Signal & Telecommunication,SMMS001730,COR05747,NID,MV,2025-10-13,23:00,3.1,traffic_block,pending
BD000915,Traction Distribution,TDMS000764,COR04986,RAU,HKH,2024-05-19,14:00,4.7,power_block,pending
BD000916,Signal & Telecommunication,SMMS000793,COR02837,NVS,MRL,2025-09-14,11:00,2.3,traffic_block,pending
BD000917,Signal & Telecommunication,SMMS001312,COR06277,CCT,COA,2024-09-24,00:00,3.2,traffic_block,pending
BD000918,Signal & Telecommunication,SMMS000803,COR05131,BPRS,KKL,2024-11-30,22:00,2.8,traffic_block,pending
BD000919,Engineering,TMS000256,COR05649,MWRN,KTHD,2025-12-05,14:00,1.3,traffic_block,pending
BD000920,Traction Distribution,TDMS001914,COR01893,MABD,TAA,2025-04-16,01:00,0.6,power_block,pending
BD000921,Engineering,TMS000908,COR06585,CRWA,NRKE,2025-06-07,11:00,2.9,traffic_block,pending
BD000922,Engineering,TMS003520,COR02982,QLD,CMC,2024-03-22,09:00,5.1,traffic_block,pending
BD000923,Engineering,TMS005601,COR01709,LGCE,STA,2025-11-28,13:00,2.5,traffic_block,pending
BD000924,Engineering,TMS000407,COR04689,KFD,SAPE,2024-07-20,00:00,5.2,traffic_block,pending
BD000925,Engineering,TMS003755,COR03455,LAU,DIA,2025-09-01,01:00,5.4,traffic_block,pending
BD000926,Engineering,TMS000553,COR04212,AUR,DMPR,2025-09-09,22:00,4.3,traffic_block,pending
BD000927,Signal & Telecommunication,SMMS001958,COR00922,PCV,MZU,2024-08-25,01:00,0.8,traffic_block,pending
BD000928,Signal & Telecommunication,SMMS002624,COR00207,MFX,LOG,2025-05-02,14:00,0.7,traffic_block,pending
BD000929,Engineering,TMS002178,COR02452,DHAE,SHBA,2024-10-04,00:00,1.6,traffic_block,pending
BD000930,Engineering,TMS004157,COR07924,BADK,AIH,2024-03-22,10:00,3.4,traffic_block,pending
BD000931,Engineering,TMS000347,COR00556,ATMO,PRI,2025-11-17,02:00,1.8,traffic_block,pending
BD000932,Signal & Telecommunication,SMMS000506,COR03144,LPW,CM,2024-02-11,00:00,1.7,traffic_block,pending
BD000933,Engineering,TMS000705,COR02216,PMY,BOM,2024-08-27,09:00,2.1,traffic_block,pending
BD000934,Engineering,TMS001445,COR04062,BDM,GED,2025-10-11,11:00,4.2,traffic_block,pending
BD000935,Engineering,TMS005823,COR03642,UNDI,CKV,2024-07-23,02:00,4.2,traffic_block,pending
BD000936,Signal & Telecommunication,SMMS002923,COR03941,RKR,JJA,2024-12-07,02:00,1.1,traffic_block,pending
BD000937,Engineering,TMS003431,COR06092,DKE,LGT,2024-11-08,23:00,3.4,traffic_block,pending
BD000938,Traction Distribution,TDMS000804,COR01063,NLBR,KXJ,2024-12-17,23:00,2.1,power_block,pending
BD000939,Traction Distribution,TDMS000832,COR00428,CVB,ALW,2024-08-02,11:00,1.1,power_block,pending
BD000940,Engineering,TMS002946,COR03063,NPK,AAY,2024-11-05,09:00,0.9,traffic_block,pending
BD000941,Engineering,TMS002555,COR05491,BTKD,MSOD,2025-04-07,23:00,4.5,traffic_block,pending
BD000942,Engineering,TMS004748,COR01481,KWM,JMK,2025-12-29,23:00,5.6,traffic_block,pending
BD000943,Signal & Telecommunication,SMMS000445,COR02267,PFT,NDW,2025-07-02,22:00,1.2,traffic_block,pending
BD000944,Engineering,TMS004803,COR06854,ALS,HTW,2025-08-17,14:00,5.5,traffic_block,pending
BD000945,Engineering,TMS005694,COR03584,WRS,NWD,2025-06-23,14:00,5.9,traffic_block,pending
BD000946,Signal & Telecommunication,SMMS001081,COR01546,SHIV,ABLE,2025-02-02,14:00,3.6,traffic_block,pending
BD000947,Engineering,TMS003121,COR00375,GCT,AKS,2024-01-14,00:00,2.4,traffic_block,pending
BD000948,Engineering,TMS000615,COR01125,SRNK,MPG,2024-04-27,01:00,5.5,traffic_block,pending
BD000949,Traction Distribution,TDMS001497,COR00407,BNKA,PNCB,2025-11-03,13:00,2.3,power_block,pending
BD000950,Signal & Telecommunication,SMMS002143,COR00286,BMA,KDK,2025-08-06,01:00,0.9,traffic_block,pending
BD000951,Signal & Telecommunication,SMMS002369,COR06522,ABS,KLWL,2024-08-28,23:00,3.9,traffic_block,pending
BD000952,Signal & Telecommunication,SMMS001306,COR01676,JHT,SCKR,2024-09-01,10:00,2.8,traffic_block,pending
BD000953,Engineering,TMS002768,COR07065,JCH,SBLT,2024-05-29,13:00,6.0,traffic_block,pending
BD000954,Engineering,TMS005209,COR01862,BDHY,CHNR,2024-12-04,23:00,1.7,traffic_block,pending
BD000955,Signal & Telecommunication,SMMS002638,COR05559,PMH,AJL,2024-09-09,10:00,2.7,traffic_block,pending
BD000956,Signal & Telecommunication,SMMS000721,COR02847,GNR,PKL,2024-08-02,14:00,3.8,traffic_block,pending
BD000957,Engineering,TMS000591,COR04874,PTRL,BWB,2026-01-07,02:00,5.0,traffic_block,pending
BD000958,Signal & Telecommunication,SMMS000427,COR01007,BXJ,KHKT,2024-10-28,00:00,0.6,traffic_block,pending
BD000959,Traction Distribution,TDMS001437,COR03627,KGW,PKL,2024-10-03,02:00,2.2,power_block,pending
BD000960,Engineering,TMS004476,COR00976,BTZ,NAM,2025-04-29,13:00,5.1,traffic_block,pending
BD000961,Engineering,TMS002711,COR04245,CDG,SASN,2025-05-10,01:00,5.6,traffic_block,pending
BD000962,Engineering,TMS002992,COR00378,NDJ,BSCK,2024-07-20,13:00,3.1,traffic_block,pending
BD000963,Signal & Telecommunication,SMMS001964,COR00180,CAMU,NKE,2025-07-01,13:00,3.0,traffic_block,pending
BD000964,Engineering,TMS001304,COR01233,SEI,MGO,2024-10-10,09:00,4.7,traffic_block,pending
BD000965,Engineering,TMS004916,COR06183,GKA,MRJD,2025-01-09,14:00,2.3,traffic_block,pending
BD000966,Engineering,TMS000853,COR00688,SJN,UBR,2025-09-10,10:00,5.2,traffic_block,pending
BD000967,Engineering,TMS002678,COR01810,SGA,RMN,2024-06-21,11:00,4.9,traffic_block,pending
BD000968,Engineering,TMS005762,COR05666,SMR,AJIT,2024-07-28,01:00,4.1,traffic_block,pending
BD000969,Signal & Telecommunication,SMMS001217,COR01309,GRI,CNL,2024-05-25,00:00,3.1,traffic_block,pending
BD000970,Traction Distribution,TDMS001785,COR00277,HD,PAL,2024-12-22,09:00,2.8,power_block,pending
BD000971,Engineering,TMS004011,COR01128,KCU,BTRI,2024-12-24,14:00,1.6,traffic_block,pending
BD000972,Engineering,TMS005480,COR06528,ORKI,FTH,2024-09-06,00:00,1.8,traffic_block,pending
BD000973,Signal & Telecommunication,SMMS000409,COR01269,LLU,DKT,2024-10-17,14:00,3.6,traffic_block,pending
BD000974,Signal & Telecommunication,SMMS000936,COR00985,MUGN,SLGR,2025-03-14,23:00,3.7,traffic_block,pending
BD000975,Traction Distribution,TDMS000437,COR00426,RKO,AMQ,2025-05-13,02:00,3.8,power_block,pending
BD000976,Traction Distribution,TDMS002236,COR02767,MUT,PQY,2024-12-09,22:00,2.9,power_block,pending
BD000977,Traction Distribution,TDMS000291,COR00681,BL,ATUL,2025-10-26,01:00,4.0,power_block,pending
BD000978,Signal & Telecommunication,SMMS002014,COR02153,MTMY,MNDY,2024-09-01,23:00,2.2,traffic_block,pending
BD000979,Engineering,TMS004789,COR01642,MLSA,HEI,2025-09-11,14:00,5.9,traffic_block,pending
BD000980,Signal & Telecommunication,SMMS000105,COR02610,SBHR,YDK,2025-08-22,23:00,2.0,traffic_block,pending
BD000981,Engineering,TMS001389,COR01422,UKR,NPRD,2024-11-09,22:00,3.5,traffic_block,pending
BD000982,Traction Distribution,TDMS001248,COR02419,KRGA,OKD,2025-04-05,22:00,3.2,power_block,pending
BD000983,Engineering,TMS002532,COR00105,BAR,SEU,2024-06-15,13:00,4.1,traffic_block,pending
BD000984,Signal & Telecommunication,SMMS002523,COR02827,UVD,PAD,2024-07-07,02:00,3.2,traffic_block,pending
BD000985,Engineering,TMS000595,COR04265,PDH,CX,2024-12-02,01:00,0.9,traffic_block,pending
BD000986,Engineering,TMS000202,COR03112,LLJ,NHF,2024-10-13,22:00,1.7,traffic_block,pending
BD000987,Signal & Telecommunication,SMMS001657,COR07996,SWG,NRM,2025-04-24,10:00,2.3,traffic_block,pending
BD000988,Engineering,TMS005763,COR07050,KRBO,KPDH,2025-05-29,00:00,3.6,traffic_block,pending
BD000989,Traction Distribution,TDMS001980,COR00563,QSR,DWO,2024-02-22,09:00,4.8,power_block,pending
BD000990,Engineering,TMS003962,COR01400,MUQ,KLT,2025-11-23,13:00,5.3,traffic_block,pending
BD000991,Signal & Telecommunication,SMMS000278,COR02645,PAQ,ALJ,2024-08-13,10:00,1.8,traffic_block,pending
BD000992,Signal & Telecommunication,SMMS000205,COR00605,PPC,UNLA,2024-10-08,02:00,1.5,traffic_block,pending
BD000993,Engineering,TMS001512,COR03220,TAV,CTRD,2024-09-02,02:00,4.6,traffic_block,pending
BD000994,Engineering,TMS003031,COR04149,CDRA,CHV,2024-12-26,10:00,5.5,traffic_block,pending
BD000995,Signal & Telecommunication,SMMS000784,COR02813,SAH,KLV,2024-07-24,10:00,2.0,traffic_block,pending
BD000996,Engineering,TMS001098,COR01709,LGCE,STA,2024-07-18,09:00,2.8,traffic_block,pending
BD000997,Engineering,TMS002262,COR08125,SDNR,PCO,2024-08-07,13:00,2.2,traffic_block,pending
BD000998,Traction Distribution,TDMS002209,COR01697,DDCE,SBD,2025-03-08,14:00,0.7,power_block,pending
BD000999,Engineering,TMS003451,COR00313,DMA,MDKD,2025-02-28,01:00,5.3,traffic_block,pending
BD001000,Engineering,TMS003080,COR04549,CKKN,BNGL,2024-09-17,02:00,4.5,traffic_block,pending
BD001001,Engineering,TMS000799,COR02444,MHTR,SALE,2025-07-17,10:00,3.9,traffic_block,pending
BD001002,Engineering,TMS000197,COR01489,PKB,LMG,2025-09-10,09:00,5.8,traffic_block,pending
BD001003,Engineering,TMS004745,COR04416,HLDD,LKU,2025-05-29,00:00,0.9,traffic_block,pending
BD001004,Engineering,TMS004852,COR01325,FA,BRLY,2025-05-18,02:00,1.0,traffic_block,pending
BD001005,Engineering,TMS001115,COR04492,KHH,PBW,2025-04-30,09:00,3.4,traffic_block,pending
BD001006,Engineering,TMS003794,COR01136,MQP,BMY,2025-01-01,02:00,3.8,traffic_block,pending
BD001007,Engineering,TMS004861,COR03231,AE,KJV,2024-03-24,13:00,2.5,traffic_block,pending
BD001008,Engineering,TMS001996,COR01678,GAR,BNE,2024-02-21,13:00,4.4,traffic_block,pending
BD001009,Engineering,TMS005925,COR00516,RPI,GBP,2025-05-09,01:00,2.7,traffic_block,pending
BD001010,Traction Distribution,TDMS000593,COR01524,CHG,CRD,2024-08-11,13:00,3.9,power_block,pending
BD001011,Engineering,TMS001334,COR03097,SOW,RRE,2024-03-12,11:00,3.3,traffic_block,pending
BD001012,Engineering,TMS004925,COR02070,DBS,HHL,2025-07-19,01:00,0.5,traffic_block,pending
BD001013,Engineering,TMS005482,COR00931,BNC,SBC,2025-06-21,02:00,4.4,traffic_block,pending
BD001014,Traction Distribution,TDMS001383,COR06529,FTH,MOPR,2025-10-03,13:00,4.6,power_block,pending
BD001015,Engineering,TMS000661,COR05209,PML,SPL,2025-12-22,11:00,5.2,traffic_block,pending
BD001016,Engineering,TMS002390,COR02774,MOZ,BMHR,2024-02-29,09:00,4.8,traffic_block,pending
BD001017,Engineering,TMS004866,COR00225,STA,LGCE,2024-10-28,02:00,2.1,traffic_block,pending
BD001018,Signal & Telecommunication,SMMS002388,COR06401,BHLP,MUV,2025-12-14,09:00,2.2,traffic_block,pending
BD001019,Engineering,TMS004408,COR01360,GUS,JUL,2025-01-17,00:00,4.2,traffic_block,pending
BD001020,Engineering,TMS002870,COR01181,MDVR,NDE,2025-11-19,23:00,2.3,traffic_block,pending
BD001021,Engineering,TMS005260,COR01769,NMD,MLZ,2025-08-27,23:00,2.5,traffic_block,pending
BD001022,Engineering,TMS005695,COR05512,PCX,PLY,2024-07-28,23:00,5.9,traffic_block,pending
BD001023,Signal & Telecommunication,SMMS002925,COR02804,BVI,DIC,2025-08-09,23:00,1.5,traffic_block,pending
BD001024,Signal & Telecommunication,SMMS000108,COR04175,SAG,BZ,2024-09-01,01:00,1.4,traffic_block,pending
BD001025,Signal & Telecommunication,SMMS001856,COR00558,IKK,JWP,2024-10-27,14:00,2.4,traffic_block,pending
BD001026,Signal & Telecommunication,SMMS002801,COR01637,BSN,AMSA,2024-02-19,10:00,0.9,traffic_block,pending
BD001027,Engineering,TMS005781,COR07673,KZPB,BT,2025-05-30,10:00,2.0,traffic_block,pending
BD001028,Signal & Telecommunication,SMMS002689,COR00048,CTRL,EN,2025-11-11,22:00,1.5,traffic_block,pending
BD001029,Signal & Telecommunication,SMMS000093,COR04840,STVA,TNKU,2025-06-27,01:00,1.3,traffic_block,pending
BD001030,Signal & Telecommunication,SMMS001402,COR02420,OKD,GRJA,2024-08-07,22:00,0.8,traffic_block,pending
BD001031,Engineering,TMS000004,COR04228,FRD,MCV,2025-09-15,13:00,0.7,traffic_block,pending
BD001032,Engineering,TMS003877,COR03565,CJN,ANCR,2025-03-05,23:00,0.8,traffic_block,pending
BD001033,Engineering,TMS001401,COR00710,DIC,BVI,2024-09-04,02:00,5.3,traffic_block,pending
BD001034,Engineering,TMS001013,COR01709,LGCE,STA,2025-12-05,01:00,5.0,traffic_block,pending
BD001035,Traction Distribution,TDMS000826,COR00747,SDT,MHO,2025-03-24,14:00,3.2,power_block,pending
BD001036,Engineering,TMS003626,COR00792,SRRG,BU,2024-03-02,02:00,4.5,traffic_block,pending
BD001037,Traction Distribution,TDMS001898,COR04155,KQK,KALD,2025-12-16,14:00,2.2,power_block,pending
BD001038,Engineering,TMS003595,COR07482,SRKN,TLI,2024-02-27,01:00,2.4,traffic_block,pending
BD001039,Engineering,TMS002329,COR01156,MSD,CSTM,2025-08-24,10:00,3.5,traffic_block,pending
BD001040,Traction Distribution,TDMS000266,COR02073,TK,HEI,2024-11-21,22:00,3.4,power_block,pending
BD001041,Engineering,TMS000188,COR02775,BMHR,RNA,2024-06-01,22:00,2.1,traffic_block,pending
BD001042,Engineering,TMS004602,COR08381,MLKH,SDZ,2025-03-10,22:00,5.5,traffic_block,pending
BD001043,Engineering,TMS003676,COR05664,JNE,PRU,2025-02-20,09:00,2.1,traffic_block,pending
BD001044,Engineering,TMS004951,COR04902,RMGM,CPT,2025-10-31,09:00,3.4,traffic_block,pending
BD001045,Engineering,TMS003911,COR00215,MKP,BNSP,2025-07-13,00:00,5.7,traffic_block,pending
BD001046,Engineering,TMS001476,COR01891,GLA,GUU,2024-04-21,11:00,2.3,traffic_block,pending
BD001047,Engineering,TMS005292,COR02086,HVL,ADHL,2025-10-20,11:00,1.5,traffic_block,pending
BD001048,Traction Distribution,TDMS000639,COR00482,DRHI,KKN,2024-05-16,23:00,2.2,power_block,pending
BD001049,Engineering,TMS002939,COR02054,NEI,OSA,2025-06-30,11:00,5.4,traffic_block,pending
BD001050,Traction Distribution,TDMS001330,COR02393,LXR,WKR,2025-11-27,00:00,3.7,power_block,pending
BD001051,Signal & Telecommunication,SMMS001600,COR01868,VJPJ,BBMN,2024-04-30,14:00,1.0,traffic_block,pending
BD001052,Signal & Telecommunication,SMMS000499,COR07026,JLLO,DBLA,2024-10-29,13:00,2.9,traffic_block,pending
BD001053,Engineering,TMS003346,COR01573,SLI,VRB,2024-09-29,13:00,2.2,traffic_block,pending
BD001054,Engineering,TMS003505,COR00087,FA,KZQ,2025-05-19,14:00,1.6,traffic_block,pending
BD001055,Signal & Telecommunication,SMMS000819,COR02378,VNRD,KHRS,2025-07-18,01:00,1.8,traffic_block,pending
BD001056,Signal & Telecommunication,SMMS000610,COR02091,SHV,HSD,2025-02-16,22:00,2.0,traffic_block,pending
BD001057,Signal & Telecommunication,SMMS001579,COR00127,SRRG,RHG,2024-03-28,01:00,2.6,traffic_block,pending
BD001058,Signal & Telecommunication,SMMS001534,COR03229,CLC,AEP,2024-08-09,09:00,1.6,traffic_block,pending
BD001059,Engineering,TMS003335,COR04292,MDKD,DMA,2024-12-24,13:00,2.0,traffic_block,pending
BD001060,Engineering,TMS004417,COR02864,HBS,KUG,2024-03-23,22:00,1.9,traffic_block,pending
BD001061,Signal & Telecommunication,SMMS002219,COR01353,BHU,MSH,2024-09-17,01:00,2.9,traffic_block,pending
BD001062,Traction Distribution,TDMS000035,COR07212,FLD,GGO,2024-05-30,22:00,4.4,power_block,pending
BD001063,Signal & Telecommunication,SMMS000633,COR00709,MIRA,DIC,2025-05-24,11:00,1.2,traffic_block,pending
BD001064,Traction Distribution,TDMS001691,COR01720,MKP,PNHI,2024-05-10,22:00,4.8,power_block,pending
BD001065,Signal & Telecommunication,SMMS002213,COR03372,STD,HSR,2024-11-23,09:00,2.8,traffic_block,pending
BD001066,Traction Distribution,TDMS001636,COR03822,SZR,BXP,2025-05-24,14:00,2.7,power_block,pending
BD001067,Signal & Telecommunication,SMMS001922,COR00206,JSR,MFX,2025-11-27,00:00,1.8,traffic_block,pending
BD001068,Engineering,TMS001699,COR04804,RBGJ,CUK,2024-10-26,23:00,5.5,traffic_block,pending
BD001069,Engineering,TMS004597,COR04028,BHTL,VQD,2024-05-03,13:00,3.6,traffic_block,pending
BD001070,Engineering,TMS004207,COR01714,KTHA,CTHR,2024-02-21,10:00,0.9,traffic_block,pending
BD001071,Engineering,TMS003458,COR02107,BYD,HVR,2025-08-28,22:00,1.2,traffic_block,pending
BD001072,Signal & Telecommunication,SMMS002457,COR04288,JOC,BERO,2025-04-28,01:00,0.9,traffic_block,pending
BD001073,Engineering,TMS002748,COR06636,RMX,GGY,2025-01-04,09:00,3.4,traffic_block,pending
BD001074,Engineering,TMS005333,COR04459,BNQ,BNV,2025-03-07,10:00,1.9,traffic_block,pending
BD001075,Signal & Telecommunication,SMMS002999,COR03321,DWLE,PNSA,2024-11-13,10:00,3.5,traffic_block,pending
BD001076,Traction Distribution,TDMS000200,COR05391,MTH,KBR,2025-03-12,09:00,1.3,power_block,pending
BD001077,Traction Distribution,TDMS002010,COR01756,KEV,BXN,2025-01-17,14:00,2.2,power_block,pending
BD001078,Signal & Telecommunication,SMMS001055,COR00987,NZR,MZA,2024-10-27,09:00,4.0,traffic_block,pending
BD001079,Engineering,TMS005417,COR04315,MY,KTM,2025-05-15,10:00,2.2,traffic_block,pending
BD001080,Engineering,TMS001679,COR00244,HBG,MML,2025-04-20,23:00,2.0,traffic_block,pending
BD001081,Traction Distribution,TDMS000588,COR04675,ADVI,NIV,2024-11-12,11:00,4.1,power_block,pending
BD001082,Engineering,TMS004352,COR01862,BDHY,CHNR,2024-11-03,09:00,4.8,traffic_block,pending
BD001083,Engineering,TMS002380,COR05143,SGRL,MHDA,2025-10-21,14:00,0.6,traffic_block,pending
BD001084,Traction Distribution,TDMS001493,COR04038,RJI,ARJ,2024-12-05,09:00,2.0,power_block,pending
BD001085,Signal & Telecommunication,SMMS002696,COR01706,BUU,MYR,2024-02-21,23:00,1.8,traffic_block,pending
BD001086,Traction Distribution,TDMS002384,COR01347,UM,CHP,2024-03-07,13:00,4.1,power_block,pending
BD001087,Traction Distribution,TDMS001226,COR00612,MABD,GUU,2025-07-28,11:00,2.8,power_block,pending
BD001088,Signal & Telecommunication,SMMS002784,COR07975,RSA,GDZ,2025-02-14,11:00,2.5,traffic_block,pending
BD001089,Engineering,TMS005512,COR00150,GHH,BDXT,2025-08-03,13:00,3.8,traffic_block,pending
BD001090,Traction Distribution,TDMS001754,COR03968,SHBA,DHAE,2025-02-26,01:00,3.4,power_block,pending
BD001091,Engineering,TMS004475,COR04405,MGRP,HRDR,2025-05-15,09:00,2.8,traffic_block,pending
BD001092,Engineering,TMS001884,COR00473,BAU,AGQ,2024-05-22,14:00,1.5,traffic_block,pending
BD001093,Traction Distribution,TDMS000352,COR01527,TR,RGO,2024-05-12,13:00,4.3,power_block,pending
BD001094,Engineering,TMS005666,COR01888,MLMG,PPY,2024-11-28,02:00,1.4,traffic_block,pending
BD001095,Signal & Telecommunication,SMMS001077,COR02810,NSP,VR,2024-04-04,10:00,2.4,traffic_block,pending
BD001096,Engineering,TMS005337,COR02762,GZN,GUH,2025-03-25,11:00,3.9,traffic_block,pending
BD001097,Engineering,TMS000179,COR04479,SGBJ,KHA,2025-09-24,22:00,0.9,traffic_block,pending
BD001098,Engineering,TMS005491,COR06388,HDK,BYH,2024-11-24,00:00,1.9,traffic_block,pending
BD001099,Engineering,TMS004336,COR00759,DEE,DBSI,2024-07-15,23:00,0.9,traffic_block,pending
BD001100,Engineering,TMS000372,COR00673,MRL,NVS,2025-11-09,13:00,1.3,traffic_block,pending
BD001101,Engineering,TMS003590,COR06753,SJPM,TXM,2025-08-18,13:00,1.3,traffic_block,pending
BD001102,Engineering,TMS001074,COR00041,LPR,SR,2024-05-04,01:00,6.0,traffic_block,pending
BD001103,Engineering,TMS003640,COR04003,PUPR,AMPA,2025-05-25,01:00,2.8,traffic_block,pending
BD001104,Engineering,TMS000627,COR00981,LPTA,BOJ,2024-12-09,22:00,1.9,traffic_block,pending
BD001105,Engineering,TMS001166,COR01890,DKJ,GLA,2024-04-25,09:00,5.7,traffic_block,pending
BD001106,Engineering,TMS004186,COR06232,SGF,BWB,2025-09-24,00:00,2.0,traffic_block,pending
BD001107,Engineering,TMS002125,COR03075,VLL,WH,2024-07-10,00:00,1.1,traffic_block,pending
BD001108,Signal & Telecommunication,SMMS001220,COR02823,SJN,BLD,2025-06-16,23:00,1.3,traffic_block,pending
BD001109,Engineering,TMS002605,COR06681,WGI,DNGD,2024-04-29,23:00,4.5,traffic_block,pending
BD001110,Engineering,TMS003133,COR05522,MBB,JJG,2025-11-06,01:00,3.7,traffic_block,pending
BD001111,Engineering,TMS002712,COR00418,NLRD,KQD,2025-12-13,10:00,4.1,traffic_block,pending
BD001112,Engineering,TMS005547,COR02803,KILE,BVI,2024-10-01,00:00,2.5,traffic_block,pending
BD001113,Engineering,TMS005673,COR04554,TDO,CGH,2024-01-12,02:00,5.7,traffic_block,pending
BD001114,Traction Distribution,TDMS001525,COR04131,KTU,TUA,2024-11-19,22:00,1.6,power_block,pending
BD001115,Engineering,TMS004387,COR02776,RNA,DBD,2024-05-16,00:00,5.9,traffic_block,pending
BD001116,Engineering,TMS002303,COR01849,DZA,UCB,2025-06-01,00:00,3.8,traffic_block,pending
BD001117,Engineering,TMS003728,COR04554,TDO,CGH,2024-04-28,01:00,0.7,traffic_block,pending
BD001118,Traction Distribution,TDMS000220,COR02149,MCPT,MCPK,2024-06-15,02:00,4.9,power_block,pending
BD001119,Engineering,TMS005928,COR01081,CKR,BGWD,2024-03-29,09:00,3.8,traffic_block,pending
BD001120,Engineering,TMS004812,COR05169,MCQ,KDRD,2025-11-18,01:00,4.7,traffic_block,pending
BD001121,Traction Distribution,TDMS000377,COR02055,OSA,HGL,2025-06-20,23:00,2.9,power_block,pending
BD001122,Traction Distribution,TDMS000574,COR03324,PLA,BLDK,2024-01-19,10:00,4.5,power_block,pending
BD001123,Engineering,TMS003372,COR06214,HDT,NTU,2025-03-10,02:00,2.2,traffic_block,pending
BD001124,Engineering,TMS004929,COR00263,SXF,SGP,2025-12-19,00:00,3.6,traffic_block,pending
BD001125,Traction Distribution,TDMS000333,COR06994,CHKE,THKU,2024-03-07,09:00,3.3,power_block,pending
BD001126,Engineering,TMS003900,COR01923,PRLI,UKH,2024-03-28,22:00,4.9,traffic_block,pending
BD001127,Engineering,TMS003252,COR01472,TTLA,KKET,2025-11-29,01:00,5.0,traffic_block,pending
BD001128,Traction Distribution,TDMS002016,COR02149,MCPT,MCPK,2024-03-21,02:00,1.5,power_block,pending
BD001129,Signal & Telecommunication,SMMS002040,COR01542,GPR,SSV,2024-02-14,00:00,2.5,traffic_block,pending
BD001130,Signal & Telecommunication,SMMS000682,COR07873,PEN,HMRR,2024-03-20,09:00,1.8,traffic_block,pending
BD001131,Signal & Telecommunication,SMMS000528,COR04710,VRH,RKSH,2025-07-04,09:00,3.1,traffic_block,pending
BD001132,Engineering,TMS005710,COR04877,GSW,BTI,2025-06-27,13:00,3.8,traffic_block,pending
BD001133,Engineering,TMS000415,COR04184,GJW,UKN,2025-11-27,22:00,5.1,traffic_block,pending
BD001134,Engineering,TMS000545,COR02280,JAN,BKRO,2025-07-02,11:00,3.2,traffic_block,pending
BD001135,Engineering,TMS005195,COR00988,MZA,NMT,2025-03-28,00:00,3.2,traffic_block,pending
BD001136,Engineering,TMS000839,COR03988,AZ,ACLE,2025-12-01,10:00,3.0,traffic_block,pending
BD001137,Traction Distribution,TDMS000831,COR05128,BNGL,MEX,2024-09-14,13:00,4.8,power_block,pending
BD001138,Traction Distribution,TDMS001476,COR01675,BKH,JHT,2024-06-03,10:00,1.4,power_block,pending
BD001139,Signal & Telecommunication,SMMS001105,COR02833,BIM,AML,2025-05-23,01:00,2.5,traffic_block,pending
BD001140,Engineering,TMS005818,COR02217,BOM,RKZ,2024-03-22,09:00,4.1,traffic_block,pending
BD001141,Traction Distribution,TDMS001009,COR02189,GNJ,KNP,2025-12-10,10:00,4.7,power_block,pending
BD001142,Engineering,TMS000097,COR00545,PAZ,KPQ,2025-10-28,22:00,2.3,traffic_block,pending
BD001143,Engineering,TMS005773,COR00266,BGTA,SQL,2024-10-18,00:00,0.8,traffic_block,pending
BD001144,Signal & Telecommunication,SMMS002821,COR01156,MSD,CSTM,2024-04-09,10:00,2.0,traffic_block,pending
BD001145,Engineering,TMS004305,COR01200,LNN,NIRA,2025-08-23,01:00,2.1,traffic_block,pending
BD001146,Engineering,TMS002080,COR04150,CHV,NLE,2025-10-03,13:00,0.6,traffic_block,pending
BD001147,Engineering,TMS001908,COR00476,NPNR,MWA,2024-09-23,10:00,0.7,traffic_block,pending
BD001148,Traction Distribution,TDMS001657,COR01886,PNDP,KMT,2025-11-27,14:00,3.0,power_block,pending
BD001149,Engineering,TMS005735,COR03461,KTRR,PTRE,2025-09-13,10:00,5.6,traffic_block,pending
BD001150,Engineering,TMS005554,COR08550,VRV,SJS,2025-02-15,09:00,3.7,traffic_block,pending
BD001151,Engineering,TMS003394,COR00770,PT,TJNR,2025-06-01,13:00,1.5,traffic_block,pending
BD001152,Traction Distribution,TDMS001218,COR03596,KALN,TSD,2024-02-22,00:00,5.0,power_block,pending
BD001153,Engineering,TMS004516,COR00691,GVD,DRD,2025-09-19,02:00,5.9,traffic_block,pending
BD001154,Signal & Telecommunication,SMMS000887,COR03650,PSLP,GUK,2024-04-19,23:00,0.6,traffic_block,pending
BD001155,Engineering,TMS003751,COR06089,MBG,KQI,2024-04-05,10:00,5.4,traffic_block,pending
BD001156,Signal & Telecommunication,SMMS002357,COR07191,KRY,KCM,2024-03-12,02:00,1.2,traffic_block,pending
BD001157,Engineering,TMS002726,COR06538,KQS,BHAT,2024-06-07,14:00,1.3,traffic_block,pending
BD001158,Traction Distribution,TDMS000920,COR00092,SOS,BWA,2025-10-19,01:00,1.3,power_block,pending
BD001159,Engineering,TMS005767,COR01589,KFA,DHT,2026-01-04,22:00,4.0,traffic_block,pending
BD001160,Signal & Telecommunication,SMMS001485,COR00011,PPLI,LKBL,2025-07-14,01:00,2.0,traffic_block,pending
BD001161,Engineering,TMS004130,COR05252,TTW,CRN,2025-04-21,10:00,4.4,traffic_block,pending
BD001162,Traction Distribution,TDMS001758,COR01403,LP,MMH,2024-05-29,11:00,3.1,power_block,pending
BD001163,Signal & Telecommunication,SMMS000683,COR05817,ROK,LHLL,2024-06-11,23:00,1.0,traffic_block,pending
BD001164,Engineering,TMS004706,COR01692,JBP,ADTL,2024-02-20,23:00,5.6,traffic_block,pending
BD001165,Traction Distribution,TDMS001570,COR01348,CHP,DRW,2025-03-03,23:00,0.9,power_block,pending
BD001166,Engineering,TMS000047,COR04513,BENL,LMT,2025-06-13,02:00,3.9,traffic_block,pending
BD001167,Traction Distribution,TDMS001590,COR07528,JTK,RGJ,2025-04-25,22:00,4.7,power_block,pending
BD001168,Signal & Telecommunication,SMMS000248,COR03352,SQD,PMK,2025-12-19,14:00,2.2,traffic_block,pending
BD001169,Signal & Telecommunication,SMMS001845,COR00594,AWS,VKNR,2024-07-14,13:00,3.9,traffic_block,pending
BD001170,Signal & Telecommunication,SMMS000878,COR06215,FZR,PHS,2025-07-24,01:00,1.0,traffic_block,pending
BD001171,Traction Distribution,TDMS000982,COR03084,BDJ,NAU,2025-06-12,00:00,0.7,power_block,pending
BD001172,Traction Distribution,TDMS000184,COR05659,BMQ,GOLE,2025-07-10,14:00,3.6,power_block,pending
BD001173,Signal & Telecommunication,SMMS001872,COR00498,BRLA,JAO,2024-08-13,22:00,1.8,traffic_block,pending
BD001174,Engineering,TMS000012,COR00229,BUU,UDR,2025-12-03,01:00,4.2,traffic_block,pending
BD001175,Traction Distribution,TDMS001521,COR00627,GNN,CVV,2024-03-31,02:00,1.1,power_block,pending
BD001176,Engineering,TMS004247,COR01094,GNJ,LD,2025-09-29,22:00,3.5,traffic_block,pending
BD001177,Traction Distribution,TDMS002063,COR03866,BNKA,RHA,2025-10-01,10:00,2.7,power_block,pending
BD001178,Traction Distribution,TDMS000919,COR05689,JRQ,RNQ,2025-10-10,23:00,4.2,power_block,pending
BD001179,Signal & Telecommunication,SMMS002433,COR00073,MAA,ABR,2024-04-11,13:00,0.6,traffic_block,pending
BD001180,Signal & Telecommunication,SMMS002718,COR00659,UGR,SED,2024-04-12,02:00,2.1,traffic_block,pending
BD001181,Engineering,TMS000077,COR00536,BFR,PKP,2024-05-09,01:00,2.8,traffic_block,pending
BD001182,Traction Distribution,TDMS000131,COR04661,VEN,KRMI,2024-03-12,13:00,1.0,power_block,pending
BD001183,Traction Distribution,TDMS002211,COR04037,KDQ,RJI,2025-04-21,09:00,3.8,power_block,pending
BD001184,Engineering,TMS004989,COR00140,BWL,KNGT,2024-01-15,09:00,3.8,traffic_block,pending
BD001185,Engineering,TMS000069,COR04956,SWV,MADR,2024-10-15,14:00,4.4,traffic_block,pending
BD001186,Signal & Telecommunication,SMMS002518,COR00491,CGO,PGL,2024-10-22,02:00,1.7,traffic_block,pending
BD001187,Signal & Telecommunication,SMMS001948,COR01521,MSD,SNRD,2024-09-19,00:00,1.3,traffic_block,pending
BD001188,Engineering,TMS002510,COR05138,PPKD,MWF,2024-10-10,11:00,1.3,traffic_block,pending
BD001189,Engineering,TMS004636,COR02122,HBG,JBP,2025-03-11,13:00,1.8,traffic_block,pending
BD001190,Engineering,TMS003129,COR00168,KSNR,GH,2024-03-25,02:00,3.4,traffic_block,pending
BD001191,Engineering,TMS001708,COR00253,GPC,NU,2024-10-25,22:00,2.1,traffic_block,pending
BD001192,Engineering,TMS003811,COR04912,MNGT,MYS,2024-01-22,23:00,5.0,traffic_block,pending
BD001193,Engineering,TMS000322,COR01324,KZQ,FA,2024-06-07,13:00,1.9,traffic_block,pending
BD001194,Engineering,TMS000558,COR02426,HDD,HGI,2025-04-16,11:00,0.7,traffic_block,pending
BD001195,Engineering,TMS005898,COR03054,NRK,GDN,2024-10-19,09:00,1.2,traffic_block,pending
BD001196,Engineering,TMS000817,COR00452,JKM,NVT,2024-02-29,13:00,3.4,traffic_block,pending
BD001197,Engineering,TMS002543,COR02864,HBS,KUG,2025-09-27,09:00,0.8,traffic_block,pending
BD001198,Engineering,TMS002008,COR03936,BXN,KEV,2025-01-07,01:00,2.9,traffic_block,pending
BD001199,Engineering,TMS004325,COR02457,LKX,MTFA,2024-12-11,22:00,1.3,traffic_block,pending
BD001200,Signal & Telecommunication,SMMS001276,COR00268,DRA,KTZ,2025-03-24,10:00,1.3,traffic_block,pending
BD001201,Engineering,TMS003655,COR04461,DLO,MJE,2025-03-05,23:00,3.9,traffic_block,pending
BD001202,Engineering,TMS001690,COR00443,BKU,THPR,2024-10-02,11:00,1.9,traffic_block,pending
BD001203,Engineering,TMS004027,COR04962,MAO,BLLI,2024-07-27,09:00,1.7,traffic_block,pending
BD001204,Traction Distribution,TDMS001901,COR00535,KQK,BFR,2025-05-16,22:00,2.3,power_block,pending
BD001205,Engineering,TMS001685,COR00152,GGN,BWSN,2024-09-13,00:00,4.0,traffic_block,pending
BD001206,Engineering,TMS004235,COR06943,PKDE,SWDE,2025-07-08,09:00,4.5,traffic_block,pending
BD001207,Signal & Telecommunication,SMMS000032,COR04642,KUDA,SEN,2025-05-31,10:00,0.9,traffic_block,pending
BD001208,Traction Distribution,TDMS000430,COR00791,RHG,SRRG,2025-06-05,09:00,3.1,power_block,pending
BD001209,Signal & Telecommunication,SMMS002804,COR01759,FSP,DNHK,2025-11-16,00:00,3.2,traffic_block,pending
BD001210,Traction Distribution,TDMS001202,COR00245,MML,KEQ,2025-09-01,09:00,0.8,power_block,pending
BD001211,Engineering,TMS001262,COR01729,JSR,IDGJ,2024-11-08,13:00,1.5,traffic_block,pending
BD001212,Signal & Telecommunication,SMMS000975,COR04511,ANGR,WDL,2025-10-17,13:00,1.1,traffic_block,pending
BD001213,Engineering,TMS003553,COR05760,DKO,KAL,2025-08-08,01:00,5.8,traffic_block,pending
BD001214,Engineering,TMS004075,COR04960,KRMI,VEN,2024-06-13,01:00,0.6,traffic_block,pending
BD001215,Signal & Telecommunication,SMMS002325,COR00206,JSR,MFX,2025-12-08,02:00,4.0,traffic_block,pending
BD001216,Traction Distribution,TDMS000575,COR03684,CMK,NBGH,2025-01-17,00:00,2.8,power_block,pending
BD001217,Engineering,TMS000284,COR02838,MRL,SCH,2025-06-20,02:00,4.2,traffic_block,pending
BD001218,Engineering,TMS001715,COR00622,BKL,MTMI,2025-06-13,00:00,2.9,traffic_block,pending
BD001219,Traction Distribution,TDMS002483,COR03963,MTFA,LKX,2024-01-12,22:00,1.0,power_block,pending
BD001220,Signal & Telecommunication,SMMS000614,COR03511,PNGI,KAL,2025-10-12,22:00,2.1,traffic_block,pending
BD001221,Engineering,TMS001382,COR04663,THVM,PERN,2025-08-20,01:00,0.7,traffic_block,pending
BD001222,Traction Distribution,TDMS001621,COR00697,KLV,SAH,2025-11-30,00:00,1.4,power_block,pending
BD001223,Traction Distribution,TDMS001472,COR01523,BY,CHG,2025-02-01,14:00,2.3,power_block,pending
BD001224,Engineering,TMS001309,COR01696,SHR,DDCE,2024-07-01,23:00,2.6,traffic_block,pending
BD001225,Engineering,TMS004083,COR04693,MNI,INP,2024-03-18,10:00,2.8,traffic_block,pending
BD001226,Engineering,TMS005459,COR01709,LGCE,STA,2024-03-09,23:00,2.0,traffic_block,pending
BD001227,Traction Distribution,TDMS000369,COR05978,BPM,SUJR,2024-09-30,23:00,1.0,power_block,pending
BD001228,Traction Distribution,TDMS002292,COR01673,SXF,PPI,2025-08-29,13:00,4.6,power_block,pending
BD001229,Engineering,TMS003612,COR00211,BRG,KTDD,2024-05-31,23:00,2.2,traffic_block,pending
BD001230,Traction Distribution,TDMS000914,COR04441,LAK,DPL,2024-08-09,14:00,4.6,power_block,pending
BD001231,Engineering,TMS000209,COR03249,MXL,MLZ,2024-07-06,09:00,5.1,traffic_block,pending
BD001232,Engineering,TMS005616,COR04179,GGKR,LHA,2025-10-28,02:00,4.8,traffic_block,pending
BD001233,Signal & Telecommunication,SMMS002028,COR03937,KEV,PNGR,2025-12-10,02:00,2.4,traffic_block,pending
BD001234,Engineering,TMS002582,COR02969,CS,ETK,2024-08-08,01:00,1.1,traffic_block,pending
BD001235,Engineering,TMS005944,COR04537,SMBX,GHGL,2024-12-21,02:00,5.3,traffic_block,pending
BD001236,Engineering,TMS000603,COR04962,MAO,BLLI,2025-12-28,22:00,5.9,traffic_block,pending
BD001237,Signal & Telecommunication,SMMS001740,COR04300,CKYD,KER,2025-09-17,09:00,3.5,traffic_block,pending
BD001238,Engineering,TMS005620,COR06879,LNK,SQR,2025-01-25,14:00,5.2,traffic_block,pending
BD001239,Engineering,TMS000227,COR05404,NEW,BWR,2025-04-07,09:00,4.4,traffic_block,pending
BD001240,Signal & Telecommunication,SMMS002809,COR02896,NCJ,NJT,2024-05-15,01:00,2.2,traffic_block,pending
BD001241,Traction Distribution,TDMS000898,COR00287,KDK,DGN,2025-06-16,01:00,3.4,power_block,pending
BD001242,Traction Distribution,TDMS000289,COR00446,KMC,UPW,2024-03-04,23:00,4.5,power_block,pending
BD001243,Engineering,TMS002954,COR01745,LKMN,SFNR,2025-04-03,00:00,4.8,traffic_block,pending
BD001244,Traction Distribution,TDMS000999,COR00638,DRSN,MZH,2024-03-21,11:00,4.3,power_block,pending
BD001245,Signal & Telecommunication,SMMS001691,COR01090,BGM,DUR,2025-12-03,14:00,0.8,traffic_block,pending
BD001246,Engineering,TMS000560,COR05408,SRJM,IBL,2025-09-24,11:00,4.3,traffic_block,pending
BD001247,Engineering,TMS001858,COR00766,BWSN,GGN,2024-05-04,00:00,0.7,traffic_block,pending
BD001248,Engineering,TMS003104,COR02229,CPT,RMGM,2024-11-23,23:00,2.7,traffic_block,pending
BD001249,Signal & Telecommunication,SMMS002115,COR04682,SVX,KMAH,2025-06-23,10:00,0.6,traffic_block,pending
BD001250,Engineering,TMS001103,COR05582,BSZ,JSB,2024-08-21,13:00,4.3,traffic_block,pending
BD001251,Engineering,TMS001973,COR02738,DAVM,PASA,2024-04-05,23:00,2.9,traffic_block,pending
BD001252,Signal & Telecommunication,SMMS002427,COR04132,TUA,TIR,2024-08-24,14:00,1.9,traffic_block,pending
BD001253,Engineering,TMS004750,COR00234,MDRR,NWR,2025-03-16,00:00,3.1,traffic_block,pending
BD001254,Signal & Telecommunication,SMMS001510,COR01080,RBG,CKR,2024-02-26,11:00,0.6,traffic_block,pending
BD001255,Traction Distribution,TDMS001111,COR03260,DNHK,FSP,2025-02-24,09:00,1.9,power_block,pending
BD001256,Signal & Telecommunication,SMMS002797,COR00296,SAV,DSK,2024-02-07,23:00,2.8,traffic_block,pending
BD001257,Engineering,TMS002542,COR04955,ZARP,SWV,2025-10-09,02:00,5.0,traffic_block,pending
BD001258,Engineering,TMS002309,COR02439,CWLE,KZPR,2024-05-20,00:00,1.6,traffic_block,pending
BD001259,Signal & Telecommunication,SMMS002358,COR00730,SKVL,CSM,2024-10-28,01:00,1.5,traffic_block,pending
BD001260,Traction Distribution,TDMS000227,COR00290,CDI,AGQ,2024-03-12,01:00,3.2,power_block,pending
BD001261,Signal & Telecommunication,SMMS002030,COR03295,AEK,HSRA,2025-08-28,23:00,0.9,traffic_block,pending
BD001262,Engineering,TMS003371,COR07655,HNB,TKF,2025-12-02,11:00,4.8,traffic_block,pending
BD001263,Engineering,TMS000572,COR05045,PPW,GIR,2025-09-26,22:00,3.6,traffic_block,pending
BD001264,Traction Distribution,TDMS001462,COR02377,DPW,BTC,2025-06-13,22:00,2.9,power_block,pending
BD001265,Engineering,TMS005200,COR00730,SKVL,CSM,2025-05-08,00:00,5.0,traffic_block,pending
BD001266,Signal & Telecommunication,SMMS000799,COR01668,GRO,SQL,2024-04-05,01:00,3.4,traffic_block,pending
BD001267,Engineering,TMS001472,COR05321,GMIA,BKRO,2025-04-26,14:00,3.1,traffic_block,pending
BD001268,Engineering,TMS002534,COR01714,KTHA,CTHR,2024-02-27,00:00,1.2,traffic_block,pending
BD001269,Engineering,TMS000382,COR05522,MBB,JJG,2025-10-11,09:00,1.7,traffic_block,pending
BD001270,Engineering,TMS005399,COR00362,SGD,SOJN,2024-12-10,11:00,2.2,traffic_block,pending
BD001271,Engineering,TMS004716,COR01894,TAA,KDM,2025-06-13,02:00,2.9,traffic_block,pending
BD001272,Engineering,TMS004077,COR01888,MLMG,PPY,2025-12-01,22:00,5.7,traffic_block,pending
BD001273,Signal & Telecommunication,SMMS002343,COR00051,JUL,GUS,2025-01-26,02:00,2.2,traffic_block,pending
BD001274,Signal & Telecommunication,SMMS002534,COR01812,KNL,BGD,2025-10-10,14:00,1.4,traffic_block,pending
BD001275,Engineering,TMS000914,COR00218,MKD,TKYR,2024-02-14,10:00,2.5,traffic_block,pending
BD001276,Engineering,TMS000751,COR03536,BXM,TQN,2024-09-26,01:00,3.0,traffic_block,pending
BD001277,Engineering,TMS004385,COR00613,GUU,GLA,2025-12-28,22:00,3.1,traffic_block,pending
BD001278,Engineering,TMS003854,COR05485,BSKN,KTRD,2025-04-26,23:00,5.2,traffic_block,pending
BD001279,Engineering,TMS003767,COR01674,PPI,BKH,2024-05-13,02:00,2.4,traffic_block,pending
BD001280,Engineering,TMS001870,COR00121,TL,GLTA,2025-02-23,10:00,3.1,traffic_block,pending
BD001281,Engineering,TMS001091,COR01678,GAR,BNE,2024-10-01,11:00,0.7,traffic_block,pending
BD001282,Signal & Telecommunication,SMMS001758,COR00421,HYB,LKPL,2025-02-13,01:00,3.7,traffic_block,pending
BD001283,Traction Distribution,TDMS001372,COR04927,KOL,INP,2025-05-29,13:00,3.4,power_block,pending
BD001284,Engineering,TMS002238,COR04100,MOT,FSR,2025-10-01,02:00,0.5,traffic_block,pending
BD001285,Traction Distribution,TDMS002145,COR03433,NRY,MJZ,2024-11-07,02:00,0.8,power_block,pending
BD001286,Engineering,TMS003071,COR01668,GRO,SQL,2024-11-18,14:00,4.3,traffic_block,pending
BD001287,Engineering,TMS005370,COR00766,BWSN,GGN,2024-02-14,10:00,1.5,traffic_block,pending
BD001288,Signal & Telecommunication,SMMS002133,COR04901,KHLL,RMGM,2025-06-24,22:00,0.6,traffic_block,pending
BD001289,Signal & Telecommunication,SMMS000243,COR00259,SCKR,JHT,2025-10-27,13:00,0.9,traffic_block,pending
BD001290,Traction Distribution,TDMS002053,COR04296,SDT,JKN,2024-08-01,01:00,4.9,power_block,pending
BD001291,Engineering,TMS004700,COR00609,INK,KDM,2025-11-17,22:00,1.5,traffic_block,pending
BD001292,Traction Distribution,TDMS000272,COR01484,HJI,DHRY,2025-12-12,01:00,1.9,power_block,pending
BD001293,Engineering,TMS003848,COR00674,NVS,VDH,2025-09-11,02:00,5.3,traffic_block,pending
BD001294,Signal & Telecommunication,SMMS000961,COR02070,DBS,HHL,2025-09-12,14:00,0.8,traffic_block,pending
BD001295,Signal & Telecommunication,SMMS000298,COR03469,RGU,AKW,2025-10-29,11:00,2.6,traffic_block,pending
BD001296,Signal & Telecommunication,SMMS002938,COR01833,LMNR,MGG,2024-05-09,00:00,0.6,traffic_block,pending
BD001297,Engineering,TMS005123,COR06910,MGLE,LGL,2024-01-11,02:00,3.7,traffic_block,pending
BD001298,Traction Distribution,TDMS000990,COR00470,NB,RV,2024-08-14,00:00,1.3,power_block,pending
BD001299,Signal & Telecommunication,SMMS000910,COR01315,DRS,MJ,2024-09-21,11:00,3.1,traffic_block,pending
BD001300,Engineering,TMS004444,COR00487,PAL,HD,2025-08-27,02:00,1.6,traffic_block,pending
BD001301,Engineering,TMS002179,COR05206,PVL,AZP,2024-07-10,22:00,4.0,traffic_block,pending
BD001302,Engineering,TMS000559,COR02392,DL,LXR,2025-10-12,00:00,1.5,traffic_block,pending
BD001303,Traction Distribution,TDMS001656,COR03059,SGLM,NNN,2024-07-11,23:00,4.0,power_block,pending
BD001304,Engineering,TMS003487,COR06171,SZN,KIE,2025-06-05,01:00,1.7,traffic_block,pending
BD001305,Traction Distribution,TDMS001205,COR02340,VAL,JND,2025-06-20,14:00,1.4,power_block,pending
BD001306,Engineering,TMS001187,COR05130,CGH,BPRS,2025-12-15,23:00,4.4,traffic_block,pending
BD001307,Traction Distribution,TDMS002403,COR01894,TAA,KDM,2024-01-27,13:00,2.2,power_block,pending
BD001308,Traction Distribution,TDMS000488,COR01569,KOV,BVQ,2025-03-01,00:00,4.2,power_block,pending
BD001309,Engineering,TMS004581,COR01708,UHR,LGCE,2026-01-07,10:00,4.7,traffic_block,pending
BD001310,Engineering,TMS005078,COR05131,BPRS,KKL,2025-10-03,02:00,3.4,traffic_block,pending
BD001311,Traction Distribution,TDMS001855,COR04618,DUJ,PCR,2025-09-16,14:00,3.5,power_block,pending
BD001312,Traction Distribution,TDMS002230,COR01724,BRG,MJHR,2025-04-30,13:00,3.1,power_block,pending
BD001313,Engineering,TMS000165,COR01510,MRJ,JSP,2025-12-04,09:00,4.3,traffic_block,pending
BD001314,Traction Distribution,TDMS001850,COR07350,MANI,SJV,2025-08-03,14:00,3.6,power_block,pending
BD001315,Engineering,TMS001558,COR01531,POZ,DLB,2024-08-22,02:00,3.6,traffic_block,pending
BD001316,Signal & Telecommunication,SMMS002076,COR04546,BHRL,CHKB,2025-11-04,01:00,0.9,traffic_block,pending
BD001317,Signal & Telecommunication,SMMS002341,COR02157,KTBR,INDR,2024-09-01,09:00,0.5,traffic_block,pending
BD001318,Signal & Telecommunication,SMMS002419,COR06961,MDLE,MDVB,2024-03-25,23:00,3.9,traffic_block,pending
BD001319,Traction Distribution,TDMS001859,COR01076,SED,UGR,2025-09-08,01:00,2.6,power_block,pending
BD001320,Engineering,TMS005405,COR04369,MES,ILA,2024-10-15,01:00,5.4,traffic_block,pending
BD001321,Engineering,TMS000592,COR06018,JDD,NWH,2024-04-16,22:00,4.3,traffic_block,pending
BD001322,Traction Distribution,TDMS000950,COR00261,BKH,PPI,2025-08-31,13:00,3.8,power_block,pending
BD001323,Engineering,TMS000515,COR01436,SKJ,LKN,2024-06-23,22:00,1.4,traffic_block,pending
BD001324,Engineering,TMS002301,COR02385,CJR,DXR,2024-01-21,00:00,5.4,traffic_block,pending
BD001325,Engineering,TMS002621,COR02838,MRL,SCH,2025-07-25,10:00,2.4,traffic_block,pending
BD001326,Signal & Telecommunication,SMMS000138,COR04941,AVRD,SGR,2024-02-28,11:00,3.4,traffic_block,pending
BD001327,Engineering,TMS002879,COR01688,BHTN,BRGT,2025-05-31,13:00,1.3,traffic_block,pending
BD001328,Engineering,TMS002883,COR03901,KIU,BSPH,2025-01-25,00:00,4.5,traffic_block,pending
BD001329,Engineering,TMS005156,COR02394,WKR,WKRC,2024-03-15,00:00,5.0,traffic_block,pending
BD001330,Signal & Telecommunication,SMMS002036,COR01600,YLG,SVNR,2025-10-15,00:00,3.3,traffic_block,pending
BD001331,Signal & Telecommunication,SMMS002843,COR00772,JSKA,PTRD,2025-02-13,02:00,3.8,traffic_block,pending
BD001332,Engineering,TMS005350,COR04222,CH,GTF,2025-10-28,14:00,4.1,traffic_block,pending
BD001333,Engineering,TMS002242,COR01679,BNE,KFY,2024-06-10,02:00,1.5,traffic_block,pending
BD001334,Engineering,TMS002065,COR00717,VLP,STC,2025-08-28,13:00,2.0,traffic_block,pending
BD001335,Signal & Telecommunication,SMMS000663,COR01556,WTR,PLV,2024-07-17,09:00,2.6,traffic_block,pending
BD001336,Engineering,TMS001079,COR00606,CLE,YGL,2025-03-14,11:00,2.0,traffic_block,pending
BD001337,Engineering,TMS003115,COR02736,NYY,AMVA,2024-09-11,00:00,1.8,traffic_block,pending
BD001338,Engineering,TMS001039,COR00151,BDXT,GGN,2024-06-06,10:00,6.0,traffic_block,pending
BD001339,Engineering,TMS003303,COR03275,AHD,SLGE,2024-11-24,00:00,3.8,traffic_block,pending
BD001340,Engineering,TMS003712,COR00673,MRL,NVS,2024-11-14,01:00,1.1,traffic_block,pending
BD001341,Traction Distribution,TDMS001096,COR04650,MANK,HNA,2024-05-17,10:00,1.0,power_block,pending
BD001342,Traction Distribution,TDMS002216,COR04986,RAU,HKH,2024-08-09,13:00,2.2,power_block,pending
BD001343,Signal & Telecommunication,SMMS002911,COR04554,TDO,CGH,2025-02-05,10:00,0.9,traffic_block,pending
BD001344,Engineering,TMS004361,COR01875,RYP,KI,2025-05-28,09:00,5.2,traffic_block,pending
BD001345,Traction Distribution,TDMS000499,COR01193,KRG,STR,2024-02-17,11:00,1.4,power_block,pending
BD001346,Traction Distribution,TDMS002000,COR02130,AWB,MKDD,2025-09-19,10:00,2.7,power_block,pending
BD001347,Traction Distribution,TDMS001565,COR01423,NPRD,DTL,2025-12-04,10:00,4.0,power_block,pending
BD001348,Signal & Telecommunication,SMMS000789,COR02702,GHE,MQC,2025-03-09,14:00,3.5,traffic_block,pending
BD001349,Engineering,TMS004705,COR00483,KKN,KRO,2024-10-12,22:00,5.1,traffic_block,pending
BD001350,Engineering,TMS002636,COR01646,HHL,DBS,2025-06-25,11:00,1.2,traffic_block,pending
BD001351,Signal & Telecommunication,SMMS001393,COR00693,VGN,BOR,2025-02-06,10:00,3.4,traffic_block,pending
BD001352,Engineering,TMS002418,COR06698,SRGT,JVN,2024-10-22,14:00,3.6,traffic_block,pending
BD001353,Signal & Telecommunication,SMMS000520,COR03833,NCH,LH,2025-06-21,14:00,3.9,traffic_block,pending
BD001354,Engineering,TMS002369,COR01008,KHKT,DMV,2024-04-08,02:00,3.0,traffic_block,pending
BD001355,Signal & Telecommunication,SMMS000857,COR03042,KMD,PGR,2025-07-08,13:00,2.6,traffic_block,pending
BD001356,Traction Distribution,TDMS000287,COR01004,SZR,NJN,2025-02-20,22:00,0.5,power_block,pending
BD001357,Engineering,TMS001644,COR04523,JAK,HLAR,2025-03-18,01:00,4.2,traffic_block,pending
BD001358,Engineering,TMS001196,COR04544,MDPB,SJNP,2024-10-16,10:00,3.6,traffic_block,pending
BD001359,Engineering,TMS000267,COR02813,SAH,KLV,2024-06-11,10:00,0.6,traffic_block,pending
BD001360,Signal & Telecommunication,SMMS000238,COR02487,NWD,WRS,2024-11-25,11:00,0.6,traffic_block,pending
BD001361,Signal & Telecommunication,SMMS001892,COR00679,JRS,DGI,2024-10-30,01:00,3.0,traffic_block,pending
BD001362,Signal & Telecommunication,SMMS002416,COR01943,J,BDU,2025-09-15,02:00,3.4,traffic_block,pending
BD001363,Engineering,TMS000126,COR02132,CTH,KMV,2024-05-18,13:00,3.7,traffic_block,pending
BD001364,Engineering,TMS004781,COR01694,DOE,GSPR,2024-09-06,00:00,2.6,traffic_block,pending
BD001365,Traction Distribution,TDMS002498,COR04122,DBN,PTE,2025-10-23,14:00,4.0,power_block,pending
BD001366,Signal & Telecommunication,SMMS000685,COR04847,LKSH,VND,2024-04-07,22:00,1.6,traffic_block,pending
BD001367,Engineering,TMS004761,COR04480,KHA,CAER,2024-06-21,09:00,4.9,traffic_block,pending
BD001368,Signal & Telecommunication,SMMS002567,COR04672,VBW,RAJP,2024-06-04,10:00,1.0,traffic_block,pending
BD001369,Traction Distribution,TDMS000206,COR01697,DDCE,SBD,2025-05-05,02:00,3.7,power_block,pending
BD001370,Engineering,TMS004758,COR02829,ATUL,BL,2024-11-09,22:00,1.9,traffic_block,pending
BD001371,Traction Distribution,TDMS000641,COR00650,PCH,PRKH,2024-08-06,02:00,4.0,power_block,pending
BD001372,Signal & Telecommunication,SMMS001784,COR00488,HD,CRK,2024-09-01,10:00,1.6,traffic_block,pending
BD001373,Engineering,TMS002372,COR02713,KB,STP,2025-12-13,11:00,2.6,traffic_block,pending
BD001374,Engineering,TMS000733,COR01738,CHBR,KJA,2025-06-19,14:00,3.7,traffic_block,pending
BD001375,Traction Distribution,TDMS000239,COR01725,MJHR,SRJ,2024-05-11,11:00,3.1,power_block,pending
BD001376,Traction Distribution,TDMS000160,COR03344,RMM,PBM,2025-12-21,14:00,3.3,power_block,pending
BD001377,Traction Distribution,TDMS001889,COR06135,BTD,KDI,2024-06-11,14:00,2.0,power_block,pending
BD001378,Engineering,TMS002936,COR03085,NAU,MUKE,2025-07-25,23:00,5.9,traffic_block,pending
BD001379,Engineering,TMS003625,COR01688,BHTN,BRGT,2024-02-09,02:00,1.0,traffic_block,pending
BD001380,Engineering,TMS005485,COR01727,LOG,MFX,2025-05-02,01:00,3.3,traffic_block,pending
BD001381,Engineering,TMS003931,COR05742,CLN,ARS,2025-01-07,11:00,0.5,traffic_block,pending
BD001382,Traction Distribution,TDMS001026,COR02898,VRLR,ERL,2024-08-10,09:00,4.3,power_block,pending
BD001383,Engineering,TMS000117,COR07129,JDP,DHK,2025-08-06,02:00,5.1,traffic_block,pending
BD001384,Signal & Telecommunication,SMMS002520,COR04909,PANP,S,2024-03-31,23:00,3.9,traffic_block,pending
BD001385,Engineering,TMS000268,COR01844,BPRS,CGH,2024-12-31,02:00,3.0,traffic_block,pending
BD001386,Signal & Telecommunication,SMMS000762,COR00269,KTZ,DKI,2025-04-18,23:00,3.0,traffic_block,pending
BD001387,Traction Distribution,TDMS002183,COR04979,BLDK,PLA,2025-08-04,01:00,3.3,power_block,pending
BD001388,Engineering,TMS003021,COR04095,PJK,KLWL,2025-11-06,11:00,2.7,traffic_block,pending
BD001389,Traction Distribution,TDMS000279,COR02833,BIM,AML,2025-02-24,11:00,2.9,power_block,pending
BD001390,Traction Distribution,TDMS001266,COR02160,TRMN,PRGD,2025-07-14,11:00,3.3,power_block,pending
BD001391,Traction Distribution,TDMS001549,COR05181,NDU,TEA,2024-02-14,14:00,0.8,power_block,pending
BD001392,Engineering,TMS001387,COR04874,PTRL,BWB,2025-10-19,22:00,3.9,traffic_block,pending
BD001393,Signal & Telecommunication,SMMS001367,COR00265,GMD,BGTA,2024-10-29,09:00,1.1,traffic_block,pending
BD001394,Engineering,TMS005948,COR06033,NNP,RBJ,2024-08-17,02:00,5.9,traffic_block,pending
BD001395,Engineering,TMS001038,COR02921,GAW,KPE,2024-12-16,14:00,3.9,traffic_block,pending
BD001396,Engineering,TMS002661,COR02207,SRBA,URGA,2024-01-10,14:00,3.7,traffic_block,pending
BD001397,Traction Distribution,TDMS001418,COR01361,JUL,PN,2025-01-23,02:00,3.1,power_block,pending
BD001398,Engineering,TMS005357,COR05122,RMJK,MNWL,2025-01-19,23:00,5.9,traffic_block,pending
BD001399,Engineering,TMS003903,COR01832,INDB,LMNR,2025-04-08,11:00,0.8,traffic_block,pending
BD001400,Signal & Telecommunication,SMMS002509,COR04479,SGBJ,KHA,2025-12-06,01:00,1.4,traffic_block,pending
BD001401,Traction Distribution,TDMS000461,COR04171,MET,HMI,2025-12-20,09:00,3.8,power_block,pending
BD001402,Engineering,TMS005941,COR00085,JWB,BRLY,2024-05-13,14:00,4.5,traffic_block,pending
BD001403,Engineering,TMS003281,COR00117,MD,LR,2026-01-03,10:00,4.0,traffic_block,pending
BD001404,Signal & Telecommunication,SMMS002545,COR04072,BSRX,KDGI,2024-06-07,02:00,3.1,traffic_block,pending
BD001405,Engineering,TMS000317,COR06809,RGS,SMPR,2024-08-29,22:00,3.4,traffic_block,pending
BD001406,Signal & Telecommunication,SMMS002166,COR05240,GLMA,SVQ,2025-03-07,13:00,1.9,traffic_block,pending
BD001407,Traction Distribution,TDMS002026,COR04926,ROHA,KOL,2024-08-03,13:00,0.9,power_block,pending
BD001408,Signal & Telecommunication,SMMS000116,COR02134,BDU,J,2024-10-08,00:00,2.8,traffic_block,pending
BD001409,Signal & Telecommunication,SMMS002845,COR04723,MTV,ZB,2024-04-01,00:00,2.2,traffic_block,pending
BD001410,Traction Distribution,TDMS001846,COR05318,CNPR,DNEA,2025-09-27,09:00,2.6,power_block,pending
BD001411,Engineering,TMS004752,COR04092,HMK,KTPK,2024-12-30,10:00,3.2,traffic_block,pending
BD001412,Signal & Telecommunication,SMMS002949,COR00564,DWO,HRW,2025-03-27,01:00,2.1,traffic_block,pending
BD001413,Signal & Telecommunication,SMMS002481,COR01438,DPL,LAK,2025-04-02,00:00,1.2,traffic_block,pending
BD001414,Signal & Telecommunication,SMMS000425,COR05826,BTJL,BTKL,2025-04-04,14:00,1.1,traffic_block,pending
BD001415,Engineering,TMS001752,COR01881,MDR,MTMI,2025-02-21,13:00,3.2,traffic_block,pending
BD001416,Signal & Telecommunication,SMMS001021,COR08522,SHC,KKNH,2024-03-21,23:00,4.0,traffic_block,pending
BD001417,Signal & Telecommunication,SMMS000863,COR05336,BWW,OM,2025-05-30,02:00,1.2,traffic_block,pending
BD001418,Engineering,TMS003443,COR00957,MBU,PRT,2025-03-05,13:00,4.6,traffic_block,pending
BD001419,Traction Distribution,TDMS002042,COR04602,RVK,GRU,2025-07-07,09:00,4.9,power_block,pending
BD001420,Engineering,TMS005001,COR00075,MXO,KWI,2025-11-24,01:00,2.2,traffic_block,pending
BD001421,Engineering,TMS002660,COR03839,NZR,SLGR,2024-12-21,00:00,4.4,traffic_block,pending
BD001422,Engineering,TMS000269,COR02156,KTPM,KTBR,2024-03-13,22:00,5.0,traffic_block,pending
BD001423,Engineering,TMS003745,COR01896,INK,NKD,2025-07-28,22:00,1.2,traffic_block,pending
BD001424,Signal & Telecommunication,SMMS001526,COR00455,BSX,DAB,2024-05-07,14:00,3.1,traffic_block,pending
BD001425,Traction Distribution,TDMS001123,COR06609,NRNR,KXK,2024-03-13,13:00,3.9,power_block,pending
BD001426,Signal & Telecommunication,SMMS002515,COR01365,KLL,SHRD,2024-12-14,01:00,2.3,traffic_block,pending
BD001427,Traction Distribution,TDMS001312,COR01687,BMR,BHTN,2025-01-11,09:00,3.4,power_block,pending
BD001428,Engineering,TMS001087,COR05821,BMLL,BNWC,2024-12-15,02:00,0.9,traffic_block,pending
BD001429,Engineering,TMS000248,COR01079,CNC,RBG,2024-07-10,10:00,2.2,traffic_block,pending
BD001430,Signal & Telecommunication,SMMS002604,COR07482,SRKN,TLI,2024-07-22,23:00,1.3,traffic_block,pending
BD001431,Traction Distribution,TDMS001390,COR00321,ANR,BGA,2024-09-19,11:00,1.6,power_block,pending
BD001432,Engineering,TMS000400,COR03091,ETK,CS,2024-01-13,01:00,1.4,traffic_block,pending
BD001433,Engineering,TMS004063,COR03890,ROHN,SPZ,2024-09-18,22:00,4.5,traffic_block,pending
BD001434,Engineering,TMS002674,COR02233,HJL,KGI,2024-05-25,01:00,1.0,traffic_block,pending
BD001435,Engineering,TMS003408,COR02767,MUT,PQY,2024-09-02,22:00,1.5,traffic_block,pending
BD001436,Engineering,TMS004254,COR01763,KNDP,PDZ,2025-10-11,23:00,4.1,traffic_block,pending
BD001437,Signal & Telecommunication,SMMS002956,COR00234,MDRR,NWR,2025-06-09,23:00,1.3,traffic_block,pending
BD001438,Engineering,TMS002119,COR00217,BQF,MKD,2025-12-25,01:00,0.5,traffic_block,pending
BD001439,Signal & Telecommunication,SMMS002931,COR01308,HP,GRI,2024-01-14,09:00,3.9,traffic_block,pending
BD001440,Signal & Telecommunication,SMMS000634,COR04538,GHGL,HRNR,2025-06-04,09:00,3.8,traffic_block,pending
BD001441,Traction Distribution,TDMS001348,COR06404,JBO,VAA,2024-10-04,14:00,3.6,power_block,pending
BD001442,Engineering,TMS003272,COR00932,SBC,BNC,2025-03-21,00:00,1.5,traffic_block,pending
BD001443,Signal & Telecommunication,SMMS000824,COR02824,BLD,KEB,2024-07-20,01:00,2.0,traffic_block,pending
BD001444,Traction Distribution,TDMS001188,COR04172,HMI,DUI,2025-11-03,02:00,2.1,power_block,pending
BD001445,Traction Distribution,TDMS002480,COR00318,JOC,ADRA,2024-11-25,09:00,1.4,power_block,pending
BD001446,Traction Distribution,TDMS000521,COR04703,PNVL,KLMC,2024-08-13,00:00,2.8,power_block,pending
BD001447,Signal & Telecommunication,SMMS000191,COR00339,RZJ,PD,2025-12-13,01:00,1.8,traffic_block,pending
BD001448,Signal & Telecommunication,SMMS001888,COR00192,PPA,CAA,2025-12-03,02:00,1.3,traffic_block,pending
BD001449,Engineering,TMS005372,COR00783,HSI,KRH,2024-04-18,22:00,4.0,traffic_block,pending
BD001450,Traction Distribution,TDMS002489,COR07879,NRW,GRZ,2024-03-12,00:00,2.3,power_block,pending
BD001451,Traction Distribution,TDMS001000,COR03324,PLA,BLDK,2025-06-20,02:00,2.5,power_block,pending
BD001452,Traction Distribution,TDMS000335,COR05365,BBAR,CTJ,2024-11-02,22:00,2.1,power_block,pending
BD001453,Traction Distribution,TDMS001172,COR05591,SMTG,TMZ,2024-06-23,00:00,3.1,power_block,pending
BD001454,Engineering,TMS004930,COR04467,GRU,RVK,2024-01-22,11:00,4.3,traffic_block,pending
BD001455,Engineering,TMS001322,COR06120,SKAP,JWNR,2025-02-15,00:00,5.2,traffic_block,pending
BD001456,Engineering,TMS000444,COR04651,HNA,KT,2025-07-27,11:00,5.4,traffic_block,pending
BD001457,Engineering,TMS003994,COR00672,SCH,MRL,2025-01-24,23:00,2.7,traffic_block,pending
BD001458,Traction Distribution,TDMS001421,COR02197,AAY,NPK,2024-08-20,22:00,2.9,power_block,pending
BD001459,Engineering,TMS001273,COR04176,BZ,SFM,2024-07-29,11:00,3.9,traffic_block,pending
BD001460,Engineering,TMS000439,COR02819,DRD,GVD,2024-04-22,10:00,0.9,traffic_block,pending
BD001461,Traction Distribution,TDMS001142,COR02631,PCX,DEB,2024-06-18,02:00,3.1,power_block,pending
BD001462,Engineering,TMS005132,COR00084,MOI,JWB,2024-07-30,01:00,6.0,traffic_block,pending
BD001463,Engineering,TMS003681,COR00048,CTRL,EN,2025-02-12,02:00,2.7,traffic_block,pending
BD001464,Signal & Telecommunication,SMMS001555,COR02741,KZT,PYD,2024-01-04,01:00,3.1,traffic_block,pending
BD001465,Engineering,TMS004617,COR07756,UA,SPD,2024-02-13,22:00,2.9,traffic_block,pending
BD001466,Engineering,TMS001782,COR00485,BRI,MUO,2024-10-16,22:00,2.4,traffic_block,pending
BD001467,Engineering,TMS000196,COR02975,MUKE,NAU,2025-12-27,22:00,3.1,traffic_block,pending
BD001468,Traction Distribution,TDMS000364,COR04157,KLAD,KGQ,2024-11-03,13:00,3.2,power_block,pending
BD001469,Signal & Telecommunication,SMMS002665,COR01997,HRDR,MGRP,2024-01-20,01:00,2.5,traffic_block,pending
BD001470,Traction Distribution,TDMS002374,COR05821,BMLL,BNWC,2024-04-23,09:00,0.9,power_block,pending
BD001471,Engineering,TMS000172,COR03442,DKWA,HYL,2024-02-02,00:00,3.8,traffic_block,pending
BD001472,Signal & Telecommunication,SMMS001189,COR03625,MRB,HPT,2025-09-15,14:00,3.3,traffic_block,pending
BD001473,Engineering,TMS003206,COR05789,NRUR,SNAD,2025-08-26,09:00,3.7,traffic_block,pending
BD001474,Engineering,TMS005722,COR01130,UJH,SKW,2024-04-12,13:00,4.8,traffic_block,pending
BD001475,Traction Distribution,TDMS001204,COR01628,BVR,ASK,2025-09-14,11:00,3.0,power_block,pending
BD001476,Traction Distribution,TDMS000283,COR00055,UMN,JDN,2025-08-11,22:00,0.6,power_block,pending
BD001477,Traction Distribution,TDMS000681,COR06157,BILK,JCN,2024-12-21,10:00,4.6,power_block,pending
BD001478,Traction Distribution,TDMS001190,COR01063,NLBR,KXJ,2025-07-24,13:00,2.4,power_block,pending
BD001479,Signal & Telecommunication,SMMS001114,COR02800,JOS,GMN,2025-03-09,11:00,1.2,traffic_block,pending
BD001480,Engineering,TMS002925,COR01701,KTE,PTWA,2024-09-03,00:00,2.6,traffic_block,pending
BD001481,Signal & Telecommunication,SMMS001921,COR00606,CLE,YGL,2025-03-12,01:00,3.9,traffic_block,pending
BD001482,Engineering,TMS005013,COR05913,VAN,DB,2025-01-26,02:00,5.3,traffic_block,pending
BD001483,Signal & Telecommunication,SMMS000152,COR02578,PTS,PSX,2026-01-03,22:00,1.0,traffic_block,pending
BD001484,Signal & Telecommunication,SMMS000717,COR01851,MEX,BNGL,2025-11-04,09:00,3.8,traffic_block,pending
BD001485,Signal & Telecommunication,SMMS002716,COR00783,HSI,KRH,2025-01-21,00:00,2.8,traffic_block,pending
BD001486,Signal & Telecommunication,SMMS002505,COR03091,ETK,CS,2025-10-15,13:00,0.6,traffic_block,pending
BD001487,Engineering,TMS000148,COR02880,DOW,BO,2024-11-23,11:00,4.3,traffic_block,pending
BD001488,Traction Distribution,TDMS000027,COR04041,TRN,BSCK,2025-07-23,00:00,3.1,power_block,pending
BD001489,Engineering,TMS003301,COR02381,LPR,LTR,2024-08-30,14:00,4.4,traffic_block,pending
BD001490,Signal & Telecommunication,SMMS001778,COR04048,SBK,YFP,2025-01-07,09:00,3.9,traffic_block,pending
BD001491,Engineering,TMS001415,COR05824,MULK,PDD,2024-10-20,23:00,3.0,traffic_block,pending
BD001492,Signal & Telecommunication,SMMS000919,COR01296,AII,DOZ,2025-11-18,01:00,2.9,traffic_block,pending
BD001493,Engineering,TMS003533,COR02073,TK,HEI,2024-01-31,22:00,1.9,traffic_block,pending
BD001494,Signal & Telecommunication,SMMS000297,COR04544,MDPB,SJNP,2024-08-06,00:00,2.3,traffic_block,pending
BD001495,Signal & Telecommunication,SMMS002149,COR00101,BGX,CNL,2024-02-28,10:00,2.7,traffic_block,pending
BD001496,Traction Distribution,TDMS000757,COR02537,CJL,SFM,2024-08-15,01:00,1.2,power_block,pending
BD001497,Signal & Telecommunication,SMMS002782,COR03694,SLB,CDGR,2025-11-04,02:00,3.7,traffic_block,pending
BD001498,Engineering,TMS001303,COR02155,GWYR,KTPM,2025-12-30,22:00,1.8,traffic_block,pending
BD001499,Engineering,TMS003219,COR00469,SAV,NB,2024-02-13,01:00,4.4,traffic_block,pending
BD001500,Signal & Telecommunication,SMMS001771,COR01501,SBY,SLR,2025-01-30,22:00,2.7,traffic_block,pending
BD001501,Engineering,TMS003947,COR03283,KTK,MNL,2025-04-02,13:00,3.1,traffic_block,pending
BD001502,Engineering,TMS005466,COR01520,CSTM,MSD,2025-02-22,02:00,2.4,traffic_block,pending
BD001503,Traction Distribution,TDMS001379,COR03763,DBNR,STH,2024-06-12,22:00,2.0,power_block,pending
BD001504,Traction Distribution,TDMS001075,COR00579,MKI,BMKI,2024-12-29,13:00,2.3,power_block,pending
BD001505,Engineering,TMS002902,COR01652,GHL,SDVL,2025-04-19,10:00,3.9,traffic_block,pending
BD001506,Signal & Telecommunication,SMMS002810,COR00713,MDD,GMN,2025-01-28,22:00,1.0,traffic_block,pending
BD001507,Signal & Telecommunication,SMMS002565,COR01984,JDH,WAB,2024-07-25,09:00,2.1,traffic_block,pending
BD001508,Traction Distribution,TDMS000635,COR00977,NAM,BFD,2025-03-06,22:00,3.6,power_block,pending
BD001509,Signal & Telecommunication,SMMS001916,COR00075,MXO,KWI,2025-07-28,14:00,1.2,traffic_block,pending
BD001510,Engineering,TMS001808,COR02379,KHRS,SR,2024-02-13,11:00,2.0,traffic_block,pending
BD001511,Signal & Telecommunication,SMMS000355,COR03139,BHGP,LIR,2025-12-04,11:00,2.5,traffic_block,pending
BD001512,Engineering,TMS004693,COR07072,MBT,PLC,2025-01-29,00:00,2.4,traffic_block,pending
BD001513,Engineering,TMS002383,COR00240,GSPR,DOE,2025-05-01,01:00,5.0,traffic_block,pending
BD001514,Engineering,TMS005904,COR05056,SNKG,BNL,2025-10-27,00:00,0.5,traffic_block,pending
BD001515,Engineering,TMS003029,COR00489,CRK,TBN,2024-02-23,11:00,2.6,traffic_block,pending
BD001516,Engineering,TMS001676,COR04052,TJD,CBN,2024-05-16,14:00,0.8,traffic_block,pending
BD001517,Traction Distribution,TDMS001082,COR00157,KRTN,PTNR,2025-09-09,01:00,3.8,power_block,pending
BD001518,Engineering,TMS003620,COR02898,VRLR,ERL,2024-08-23,02:00,1.6,traffic_block,pending
BD001519,Engineering,TMS000797,COR04173,DUI,BSS,2025-10-13,00:00,4.9,traffic_block,pending
BD001520,Engineering,TMS003891,COR05801,DBI,PGK,2025-05-29,09:00,3.9,traffic_block,pending
BD001521,Signal & Telecommunication,SMMS000082,COR05498,YEAM,CLW,2024-10-02,09:00,2.9,traffic_block,pending
BD001522,Engineering,TMS003500,COR03962,PSAE,MTFA,2024-04-13,02:00,2.8,traffic_block,pending
BD001523,Engineering,TMS005665,COR08486,SIZ,BCF,2024-01-09,11:00,2.6,traffic_block,pending
BD001524,Traction Distribution,TDMS001634,COR05850,LDM,BIPR,2024-07-23,01:00,1.0,power_block,pending
BD001525,Engineering,TMS005396,COR00381,SYH,ARJ,2024-03-15,01:00,5.9,traffic_block,pending
BD001526,Signal & Telecommunication,SMMS000224,COR01349,DRW,SID,2024-12-19,23:00,0.6,traffic_block,pending
BD001527,Engineering,TMS001564,COR02416,BHTL,BPKA,2025-09-21,23:00,1.3,traffic_block,pending
BD001528,Engineering,TMS003391,COR02150,MCPK,MTCN,2025-10-17,14:00,5.9,traffic_block,pending
BD001529,Engineering,TMS005267,COR01865,HRNR,GHGL,2024-12-26,14:00,4.8,traffic_block,pending
BD001530,Engineering,TMS003955,COR03573,BGO,GBA,2025-05-20,00:00,1.9,traffic_block,pending
BD001531,Engineering,TMS001934,COR04930,GNO,VEER,2024-02-25,01:00,2.7,traffic_block,pending
BD001532,Signal & Telecommunication,SMMS001031,COR00342,LMP,KITN,2024-06-15,11:00,1.1,traffic_block,pending
BD001533,Signal & Telecommunication,SMMS000486,COR01305,APA,SEU,2025-03-26,02:00,1.4,traffic_block,pending
BD001534,Signal & Telecommunication,SMMS001548,COR01929,SNGR,PBN,2024-04-10,22:00,1.8,traffic_block,pending
BD001535,Traction Distribution,TDMS001168,COR04906,MYA,Y,2024-08-02,22:00,2.2,power_block,pending
BD001536,Engineering,TMS003253,COR04049,YFP,DDD,2024-12-24,23:00,3.6,traffic_block,pending
BD001537,Engineering,TMS003166,COR06012,SNTH,BOTI,2025-02-13,09:00,3.1,traffic_block,pending
BD001538,Engineering,TMS003464,COR02399,KHC,BLWR,2024-03-11,14:00,1.1,traffic_block,pending
BD001539,Signal & Telecommunication,SMMS000197,COR05641,EKR,IPR,2024-03-29,11:00,3.2,traffic_block,pending
BD001540,Signal & Telecommunication,SMMS000611,COR00231,PKRD,JKE,2025-08-05,09:00,2.8,traffic_block,pending
BD001541,Engineering,TMS000607,COR02034,DRGJ,ALY,2025-04-18,00:00,3.5,traffic_block,pending
BD001542,Signal & Telecommunication,SMMS002184,COR00986,SLGR,NZR,2025-09-19,22:00,1.6,traffic_block,pending
BD001543,Signal & Telecommunication,SMMS000096,COR04267,JALD,WTJ,2024-03-13,11:00,3.7,traffic_block,pending
BD001544,Engineering,TMS000216,COR03614,NGR,LKT,2025-10-18,02:00,2.1,traffic_block,pending
BD001545,Traction Distribution,TDMS001373,COR00182,SAHI,CAI,2024-02-28,22:00,3.2,power_block,pending
BD001546,Engineering,TMS005167,COR01467,NNGE,PHI,2025-03-19,23:00,5.6,traffic_block,pending
BD001547,Engineering,TMS002211,COR02762,GZN,GUH,2024-08-04,02:00,2.6,traffic_block,pending
BD001548,Signal & Telecommunication,SMMS001305,COR00428,CVB,ALW,2025-07-09,09:00,0.6,traffic_block,pending
BD001549,Engineering,TMS001131,COR03571,VSU,PBA,2024-07-12,13:00,4.6,traffic_block,pending
BD001550,Traction Distribution,TDMS000277,COR00690,BRRD,GVD,2025-06-15,09:00,2.9,power_block,pending
BD001551,Signal & Telecommunication,SMMS000747,COR00296,SAV,DSK,2024-11-15,10:00,1.9,traffic_block,pending
BD001552,Engineering,TMS005234,COR05473,NGT,NPB,2025-12-15,14:00,5.8,traffic_block,pending
BD001553,Engineering,TMS000820,COR01894,TAA,KDM,2024-04-11,09:00,1.0,traffic_block,pending
BD001554,Engineering,TMS000834,COR01712,HATI,JTW,2025-04-22,13:00,1.6,traffic_block,pending
BD001555,Engineering,TMS005008,COR00143,KWMD,KIP,2025-12-19,09:00,1.3,traffic_block,pending
BD001556,Traction Distribution,TDMS001089,COR01478,TGE,CPK,2024-05-19,02:00,2.8,power_block,pending
BD001557,Traction Distribution,TDMS001674,COR06978,MNDR,SEPR,2025-04-03,02:00,4.8,power_block,pending
BD001558,Engineering,TMS005610,COR00196,MHL,MTR,2024-07-05,23:00,0.7,traffic_block,pending
BD001559,Engineering,TMS002444,COR04691,VEER,GNO,2024-04-11,13:00,5.2,traffic_block,pending
BD001560,Signal & Telecommunication,SMMS001828,COR01228,UMD,PJR,2025-01-14,13:00,0.8,traffic_block,pending
BD001561,Engineering,TMS002984,COR03469,RGU,AKW,2025-10-08,14:00,2.3,traffic_block,pending
BD001562,Signal & Telecommunication,SMMS000364,COR00835,HMG,SNYN,2024-06-11,09:00,3.9,traffic_block,pending
BD001563,Signal & Telecommunication,SMMS000176,COR01882,MTMI,BKL,2025-04-07,11:00,3.7,traffic_block,pending
BD001564,Engineering,TMS005483,COR00715,JOS,ADH,2024-12-15,14:00,3.3,traffic_block,pending
BD001565,Traction Distribution,TDMS000633,COR00375,GCT,AKS,2024-05-16,22:00,0.6,power_block,pending
BD001566,Engineering,TMS002743,COR01875,RYP,KI,2025-08-09,10:00,1.6,traffic_block,pending
BD001567,Engineering,TMS005755,COR00679,JRS,DGI,2025-01-10,14:00,3.1,traffic_block,pending
BD001568,Engineering,TMS003576,COR02999,KODN,PTB,2024-02-27,09:00,3.9,traffic_block,pending
BD001569,Traction Distribution,TDMS001868,COR05354,PTZ,UGWE,2025-06-05,11:00,2.7,power_block,pending
BD001570,Engineering,TMS002280,COR02159,TYMR,TRMN,2024-01-11,22:00,2.1,traffic_block,pending
BD001571,Signal & Telecommunication,SMMS000831,COR04795,GSP,JHWR,2024-09-04,23:00,3.2,traffic_block,pending
BD001572,Signal & Telecommunication,SMMS000196,COR00262,PPI,SXF,2024-12-31,22:00,1.0,traffic_block,pending
BD001573,Engineering,TMS002680,COR01853,CKKN,MRTL,2025-11-25,11:00,2.8,traffic_block,pending
BD001574,Signal & Telecommunication,SMMS000665,COR00225,STA,LGCE,2024-03-22,11:00,3.2,traffic_block,pending
BD001575,Engineering,TMS005241,COR03441,SDLP,DKWA,2025-03-05,02:00,2.5,traffic_block,pending
BD001576,Engineering,TMS004051,COR05187,RUT,AJE,2025-01-23,13:00,4.6,traffic_block,pending
BD001577,Engineering,TMS001061,COR00293,WGA,RV,2025-03-10,09:00,4.8,traffic_block,pending
BD001578,Engineering,TMS004932,COR01918,JOA,KRPR,2025-10-25,00:00,3.3,traffic_block,pending
BD001579,Engineering,TMS005514,COR03850,BTZ,NHK,2025-01-29,14:00,5.6,traffic_block,pending
BD001580,Signal & Telecommunication,SMMS000511,COR04320,TRM,KMU,2024-11-25,01:00,2.7,traffic_block,pending
BD001581,Signal & Telecommunication,SMMS001613,COR00276,CRK,HD,2025-05-30,10:00,2.4,traffic_block,pending
BD001582,Engineering,TMS004314,COR00877,THPR,BKU,2024-01-26,22:00,4.8,traffic_block,pending
BD001583,Signal & Telecommunication,SMMS001985,COR03248,RNT,MXL,2024-12-06,11:00,0.9,traffic_block,pending
BD001584,Signal & Telecommunication,SMMS002664,COR04048,SBK,YFP,2025-01-02,23:00,3.0,traffic_block,pending
BD001585,Engineering,TMS001278,COR00145,IHP,PTRD,2025-02-04,14:00,4.5,traffic_block,pending
BD001586,Engineering,TMS001049,COR02122,HBG,JBP,2024-10-07,02:00,1.5,traffic_block,pending
BD001587,Engineering,TMS000616,COR03275,AHD,SLGE,2025-05-13,13:00,3.4,traffic_block,pending
BD001588,Traction Distribution,TDMS001796,COR04106,BTIC,BCU,2024-08-21,22:00,2.7,power_block,pending
BD001589,Engineering,TMS003710,COR01951,LSR,PSD,2025-10-14,09:00,3.4,traffic_block,pending
BD001590,Engineering,TMS001583,COR00496,KTZ,DRA,2025-04-22,22:00,5.4,traffic_block,pending
BD001591,Engineering,TMS005205,COR02997,PEU,PUM,2024-11-14,00:00,1.2,traffic_block,pending
BD001592,Engineering,TMS004302,COR05696,LUSA,SKGH,2025-03-29,11:00,0.9,traffic_block,pending
BD001593,Signal & Telecommunication,SMMS001894,COR00768,BDXT,GHH,2024-12-01,23:00,1.0,traffic_block,pending
BD001594,Signal & Telecommunication,SMMS000031,COR01741,MHOW,HKH,2025-02-27,22:00,3.3,traffic_block,pending
BD001595,Engineering,TMS004507,COR01875,RYP,KI,2024-12-02,01:00,4.9,traffic_block,pending
BD001596,Engineering,TMS004557,COR03158,BJY,BMGR,2025-12-08,02:00,1.6,traffic_block,pending
BD001597,Traction Distribution,TDMS000091,COR02838,MRL,SCH,2025-08-14,23:00,2.1,power_block,pending
BD001598,Engineering,TMS003067,COR01312,BQN,SOD,2024-07-29,09:00,3.6,traffic_block,pending
BD001599,Traction Distribution,TDMS001930,COR03425,HMT,VRV,2025-08-09,10:00,4.6,power_block,pending
BD001600,Signal & Telecommunication,SMMS000207,COR00712,KILE,MDD,2024-02-10,13:00,2.1,traffic_block,pending
BD001601,Engineering,TMS000755,COR03444,DKX,ASLU,2024-09-30,00:00,3.2,traffic_block,pending
BD001602,Signal & Telecommunication,SMMS002987,COR02388,RA,VD,2025-05-11,11:00,2.8,traffic_block,pending
BD001603,Traction Distribution,TDMS001382,COR02041,MGO,SEI,2024-08-05,23:00,2.6,power_block,pending
BD001604,Engineering,TMS001781,COR01844,BPRS,CGH,2025-04-10,11:00,2.0,traffic_block,pending
BD001605,Traction Distribution,TDMS000909,COR00476,NPNR,MWA,2024-09-27,02:00,4.3,power_block,pending
BD001606,Signal & Telecommunication,SMMS001593,COR00438,BMPL,ME,2024-07-24,10:00,3.6,traffic_block,pending
BD001607,Engineering,TMS002374,COR01521,MSD,SNRD,2024-01-25,11:00,1.8,traffic_block,pending
BD001608,Engineering,TMS004774,COR04481,BRUD,HRD,2025-09-21,22:00,0.7,traffic_block,pending
BD001609,Traction Distribution,TDMS002359,COR02153,MTMY,MNDY,2025-07-28,10:00,2.8,power_block,pending
BD001610,Traction Distribution,TDMS000854,COR08337,FLU,BTKB,2025-06-03,01:00,0.7,power_block,pending
BD001611,Signal & Telecommunication,SMMS000068,COR05058,TKBN,VP,2025-06-17,10:00,3.5,traffic_block,pending
BD001612,Signal & Telecommunication,SMMS001997,COR05396,KLAR,BTX,2025-04-06,11:00,3.2,traffic_block,pending
BD001613,Traction Distribution,TDMS002459,COR01709,LGCE,STA,2025-03-26,14:00,2.4,power_block,pending
BD001614,Engineering,TMS000535,COR04455,ODB,DDM,2025-07-16,11:00,1.0,traffic_block,pending
BD001615,Traction Distribution,TDMS000526,COR04050,DDD,KMDR,2025-01-03,01:00,2.8,power_block,pending
BD001616,Engineering,TMS005335,COR02387,MOL,RA,2025-12-25,10:00,4.7,traffic_block,pending
BD001617,Engineering,TMS003535,COR04615,ODB,BRQ,2025-03-01,09:00,4.7,traffic_block,pending
BD001618,Traction Distribution,TDMS002387,COR04738,LKU,HLDD,2024-02-11,10:00,0.9,power_block,pending
BD001619,Engineering,TMS000354,COR07565,KRNR,DOY,2024-08-10,09:00,1.2,traffic_block,pending
BD001620,Engineering,TMS004354,COR04209,HGJ,SUNM,2024-05-09,11:00,6.0,traffic_block,pending
BD001621,Engineering,TMS000399,COR05200,CNA,GGR,2025-11-15,13:00,3.2,traffic_block,pending
BD001622,Engineering,TMS005648,COR01825,PUW,JRL,2025-12-23,14:00,5.2,traffic_block,pending
BD001623,Traction Distribution,TDMS001879,COR05903,PAW,BMGA,2025-06-07,13:00,4.7,power_block,pending
BD001624,Engineering,TMS003224,COR07400,BADK,SUJR,2025-02-02,11:00,2.8,traffic_block,pending
BD001625,Engineering,TMS003703,COR00712,KILE,MDD,2024-03-12,02:00,5.3,traffic_block,pending
BD001626,Engineering,TMS004437,COR03255,COO,PDZ,2024-08-10,11:00,2.4,traffic_block,pending
BD001627,Engineering,TMS005125,COR00295,NB,SAV,2025-07-18,11:00,0.8,traffic_block,pending
BD001628,Traction Distribution,TDMS001227,COR02152,MLHS,MTMY,2025-07-08,13:00,4.9,power_block,pending
BD001629,Engineering,TMS005298,COR03150,KHBV,KARD,2025-11-01,11:00,0.9,traffic_block,pending
BD001630,Signal & Telecommunication,SMMS002430,COR03833,NCH,LH,2024-05-07,00:00,1.3,traffic_block,pending
BD001631,Engineering,TMS005590,COR01012,DSR,DLDE,2024-12-16,01:00,3.7,traffic_block,pending
BD001632,Engineering,TMS004297,COR01352,UJA,BHU,2024-10-16,22:00,1.2,traffic_block,pending
BD001633,Signal & Telecommunication,SMMS001670,COR02808,NIG,BSR,2025-01-27,14:00,1.1,traffic_block,pending
BD001634,Engineering,TMS000475,COR01704,PKRD,UDR,2025-03-07,22:00,3.3,traffic_block,pending
BD001635,Engineering,TMS005130,COR07524,CNN,LOD,2024-07-11,00:00,4.5,traffic_block,pending
BD001636,Traction Distribution,TDMS001030,COR02884,VVB,DSA,2025-12-23,11:00,4.9,power_block,pending
BD001637,Traction Distribution,TDMS000217,COR00575,HRNG,CAA,2024-03-31,22:00,4.4,power_block,pending
BD001638,Traction Distribution,TDMS001213,COR02820,GVD,BRRD,2024-11-14,23:00,4.5,power_block,pending
BD001639,Traction Distribution,TDMS000469,COR03981,KZPR,CWLE,2025-08-12,10:00,0.7,power_block,pending
BD001640,Signal & Telecommunication,SMMS000933,COR02890,HRD,BRUD,2024-07-03,23:00,0.8,traffic_block,pending
BD001641,Traction Distribution,TDMS001839,COR04089,MOPR,FTH,2024-02-26,13:00,1.7,power_block,pending
BD001642,Traction Distribution,TDMS001076,COR02826,VAPI,UVD,2024-11-24,14:00,3.4,power_block,pending
BD001643,Engineering,TMS002880,COR00676,ACL,AML,2024-09-09,10:00,3.1,traffic_block,pending
BD001644,Signal & Telecommunication,SMMS002846,COR00666,SPP,MNO,2025-06-09,09:00,1.6,traffic_block,pending
BD001645,Engineering,TMS001376,COR03846,SPK,BRNR,2024-04-03,23:00,3.8,traffic_block,pending
BD001646,Traction Distribution,TDMS001515,COR02189,GNJ,KNP,2024-04-12,14:00,5.0,power_block,pending
BD001647,Engineering,TMS000297,COR01899,CLE,WL,2025-09-29,11:00,5.2,traffic_block,pending
BD001648,Signal & Telecommunication,SMMS000392,COR05003,MCJ,TRB,2025-11-13,02:00,0.7,traffic_block,pending
BD001649,Engineering,TMS000052,COR04155,KQK,KALD,2025-07-20,10:00,1.4,traffic_block,pending
BD001650,Traction Distribution,TDMS001719,COR00488,HD,CRK,2025-09-22,23:00,3.0,power_block,pending
BD001651,Traction Distribution,TDMS000674,COR03063,NPK,AAY,2024-07-29,14:00,2.8,power_block,pending
BD001652,Engineering,TMS004180,COR03551,YEAM,PDR,2024-05-24,10:00,4.1,traffic_block,pending
BD001653,Engineering,TMS001763,COR05008,BAL,ALK,2024-05-22,22:00,3.7,traffic_block,pending
BD001654,Engineering,TMS005740,COR00092,SOS,BWA,2025-06-28,10:00,2.9,traffic_block,pending
BD001655,Engineering,TMS003337,COR00357,ALMR,UJ,2025-08-25,11:00,5.5,traffic_block,pending
BD001656,Engineering,TMS000114,COR06468,ZNP,MIW,2025-11-02,13:00,3.2,traffic_block,pending
BD001657,Signal & Telecommunication,SMMS001375,COR06092,DKE,LGT,2024-10-23,22:00,2.1,traffic_block,pending
BD001658,Signal & Telecommunication,SMMS001937,COR00090,BGPR,JAL,2024-11-03,10:00,4.0,traffic_block,pending
BD001659,Engineering,TMS001025,COR03314,SCQ,NAS,2024-06-04,13:00,0.9,traffic_block,pending
BD001660,Traction Distribution,TDMS000455,COR04538,GHGL,HRNR,2024-09-14,23:00,3.2,power_block,pending
BD001661,Engineering,TMS005097,COR02152,MLHS,MTMY,2025-09-03,11:00,1.6,traffic_block,pending
BD001662,Engineering,TMS000970,COR04286,CRW,HSR,2024-04-15,23:00,0.8,traffic_block,pending
BD001663,Engineering,TMS003830,COR03064,AAY,THX,2025-12-04,10:00,2.1,traffic_block,pending
BD001664,Traction Distribution,TDMS001507,COR01351,KMLI,UJA,2024-08-05,11:00,4.9,power_block,pending
BD001665,Signal & Telecommunication,SMMS001099,COR00695,UOI,PLG,2025-06-22,01:00,3.3,traffic_block,pending
BD001666,Engineering,TMS001193,COR05391,MTH,KBR,2024-04-12,13:00,1.4,traffic_block,pending
BD001667,Engineering,TMS005808,COR02968,CAN,CS,2025-02-07,11:00,0.8,traffic_block,pending
BD001668,Engineering,TMS000385,COR05946,HYL,DKWA,2024-08-08,10:00,3.7,traffic_block,pending
BD001669,Traction Distribution,TDMS000704,COR02791,DDR,MRU,2025-02-19,09:00,3.1,power_block,pending
BD001670,Traction Distribution,TDMS001139,COR00096,MJ,DRS,2024-07-11,13:00,2.6,power_block,pending
BD001671,Engineering,TMS001308,COR02387,MOL,RA,2024-06-16,01:00,3.3,traffic_block,pending
BD001672,Engineering,TMS001225,COR01895,KDM,INK,2024-05-26,22:00,3.5,traffic_block,pending
BD001673,Signal & Telecommunication,SMMS000387,COR03355,MNM,RAGM,2024-04-02,01:00,2.3,traffic_block,pending
BD001674,Engineering,TMS005846,COR01858,BHRL,SJNP,2025-03-13,14:00,5.4,traffic_block,pending
BD001675,Signal & Telecommunication,SMMS001234,COR04607,MDT,MJE,2025-03-12,01:00,2.9,traffic_block,pending
BD001676,Engineering,TMS000205,COR01181,MDVR,NDE,2025-05-06,22:00,5.1,traffic_block,pending
BD001677,Engineering,TMS001463,COR00263,SXF,SGP,2024-08-08,22:00,0.9,traffic_block,pending
BD001678,Engineering,TMS004294,COR05672,GJN,KLYT,2024-09-23,10:00,4.2,traffic_block,pending
BD001679,Signal & Telecommunication,SMMS000038,COR08153,SBL,SYF,2024-07-14,14:00,3.2,traffic_block,pending
BD001680,Signal & Telecommunication,SMMS000587,COR00248,BHTN,BMR,2026-01-03,10:00,2.4,traffic_block,pending
BD001681,Engineering,TMS004939,COR00646,BGM,SXB,2024-09-15,11:00,2.7,traffic_block,pending
BD001682,Signal & Telecommunication,SMMS000401,COR00726,PL,MX,2024-11-27,02:00,1.2,traffic_block,pending
BD001683,Engineering,TMS003782,COR02086,HVL,ADHL,2024-07-27,13:00,0.6,traffic_block,pending
BD001684,Signal & Telecommunication,SMMS001366,COR05467,CHT,PLF,2024-11-12,02:00,2.0,traffic_block,pending
BD001685,Engineering,TMS001155,COR01878,GNN,YP,2025-01-05,11:00,2.9,traffic_block,pending
BD001686,Engineering,TMS000596,COR02071,HHL,KIAT,2025-05-11,09:00,2.4,traffic_block,pending
BD001687,Engineering,TMS005573,COR02814,KLV,PLG,2024-04-29,11:00,5.1,traffic_block,pending
BD001688,Traction Distribution,TDMS000795,COR01614,MYK,SLU,2024-07-28,00:00,2.7,power_block,pending
BD001689,Signal & Telecommunication,SMMS000217,COR07392,GLBN,KZI,2025-07-14,01:00,1.6,traffic_block,pending
BD001690,Engineering,TMS003280,COR03760,IZN,DOX,2024-02-02,02:00,2.3,traffic_block,pending
BD001691,Signal & Telecommunication,SMMS000648,COR06677,SRN,KJC,2024-10-06,00:00,1.9,traffic_block,pending
BD001692,Engineering,TMS001451,COR01908,BHLK,KCP,2025-11-27,14:00,5.4,traffic_block,pending
BD001693,Engineering,TMS004050,COR05751,KUTR,NTM,2025-01-25,11:00,3.4,traffic_block,pending
BD001694,Signal & Telecommunication,SMMS000875,COR01552,NIRA,LNN,2025-05-28,13:00,0.6,traffic_block,pending
BD001695,Engineering,TMS005623,COR05501,RS,MT,2024-04-26,02:00,5.2,traffic_block,pending
BD001696,Engineering,TMS001627,COR04601,AYU,MZQ,2024-03-08,09:00,2.4,traffic_block,pending
BD001697,Signal & Telecommunication,SMMS001451,COR02022,MBS,AHM,2025-10-25,22:00,1.9,traffic_block,pending
BD001698,Engineering,TMS004938,COR00019,PDH,KHDI,2024-10-16,13:00,2.0,traffic_block,pending
BD001699,Engineering,TMS001417,COR01329,KTR,NANA,2025-06-26,11:00,1.5,traffic_block,pending
BD001700,Engineering,TMS005361,COR01775,AKK,MGF,2024-04-14,23:00,4.2,traffic_block,pending
BD001701,Engineering,TMS004332,COR05284,SJPM,NTW,2025-05-30,11:00,1.6,traffic_block,pending
BD001702,Traction Distribution,TDMS001566,COR00038,SUNR,BLRD,2024-12-14,14:00,1.8,power_block,pending
BD001703,Signal & Telecommunication,SMMS000472,COR01684,BELD,KKB,2025-04-10,09:00,1.8,traffic_block,pending
BD001704,Engineering,TMS005291,COR00721,BA,MM,2024-02-06,09:00,1.1,traffic_block,pending
BD001705,Signal & Telecommunication,SMMS001990,COR00581,SRA,SGL,2025-09-18,11:00,2.9,traffic_block,pending
BD001706,Traction Distribution,TDMS000298,COR02159,TYMR,TRMN,2024-07-26,14:00,3.2,power_block,pending
BD001707,Engineering,TMS005435,COR06236,BMK,DABN,2024-09-05,02:00,4.9,traffic_block,pending
BD001708,Traction Distribution,TDMS001014,COR03722,NLN,DPU,2024-04-19,11:00,3.9,power_block,pending
BD001709,Signal & Telecommunication,SMMS000316,COR03621,BNP,KBL,2024-10-20,23:00,2.8,traffic_block,pending
BD001710,Traction Distribution,TDMS002310,COR00742,KER,CKYD,2025-10-11,11:00,3.8,power_block,pending
BD001711,Signal & Telecommunication,SMMS000938,COR03694,SLB,CDGR,2024-03-15,09:00,3.5,traffic_block,pending
BD001712,Traction Distribution,TDMS000443,COR02821,BRRD,UBR,2024-06-01,10:00,1.8,power_block,pending
BD001713,Signal & Telecommunication,SMMS002981,COR04580,CKTD,SWC,2024-05-18,01:00,0.6,traffic_block,pending
BD001714,Signal & Telecommunication,SMMS001317,COR01716,TKYR,MKD,2024-09-28,00:00,3.3,traffic_block,pending
BD001715,Engineering,TMS003591,COR03214,JIL,SAPR,2024-05-28,14:00,0.8,traffic_block,pending
BD001716,Engineering,TMS002021,COR00021,RJT,BLWR,2024-06-11,14:00,5.6,traffic_block,pending
BD001717,Engineering,TMS003972,COR01487,HWX,LKG,2024-04-25,00:00,1.3,traffic_block,pending
BD001718,Traction Distribution,TDMS002500,COR00761,PTNR,KRTN,2024-07-06,09:00,3.0,power_block,pending
BD001719,Engineering,TMS000800,COR01574,VRB,MRJ,2024-04-03,00:00,2.3,traffic_block,pending
BD001720,Traction Distribution,TDMS000577,COR00232,JKE,PTWA,2025-10-30,10:00,4.7,power_block,pending
BD001721,Signal & Telecommunication,SMMS000171,COR03908,DHY,DTN,2024-02-13,00:00,1.9,traffic_block,pending
BD001722,Signal & Telecommunication,SMMS000858,COR00161,DLI,DSA,2025-04-23,01:00,1.9,traffic_block,pending
BD001723,Engineering,TMS000619,COR02142,SCO,SELU,2025-05-10,14:00,3.4,traffic_block,pending
BD001724,Signal & Telecommunication,SMMS001708,COR00485,BRI,MUO,2024-03-16,02:00,1.0,traffic_block,pending
BD001725,Signal & Telecommunication,SMMS001244,COR01657,IKK,PRI,2025-10-10,13:00,3.7,traffic_block,pending
BD001726,Signal & Telecommunication,SMMS001542,COR01349,DRW,SID,2025-10-26,09:00,2.1,traffic_block,pending
BD001727,Signal & Telecommunication,SMMS002906,COR00716,ADH,VLP,2025-09-05,10:00,1.5,traffic_block,pending
BD001728,Traction Distribution,TDMS002237,COR07605,BDYP,SPR,2024-02-28,13:00,3.7,power_block,pending
BD001729,Engineering,TMS004473,COR00119,GEK,KSG,2024-11-23,22:00,5.6,traffic_block,pending
BD001730,Engineering,TMS002847,COR07955,MJO,MAO,2025-02-05,09:00,4.2,traffic_block,pending
BD001731,Traction Distribution,TDMS001828,COR04692,GNO,MNI,2025-05-17,00:00,2.8,power_block,pending
BD001732,Engineering,TMS000474,COR02157,KTBR,INDR,2025-08-29,14:00,3.2,traffic_block,pending
BD001733,Engineering,TMS002887,COR07926,PTN,SNHR,2024-11-22,14:00,1.0,traffic_block,pending
BD001734,Engineering,TMS002872,COR06964,LCAE,DHPD,2025-01-13,14:00,5.3,traffic_block,pending
BD001735,Engineering,TMS004944,COR06121,JWNR,ABSA,2025-02-26,14:00,5.8,traffic_block,pending
BD001736,Signal & Telecommunication,SMMS001725,COR02991,VLI,PGI,2024-01-05,09:00,3.5,traffic_block,pending
BD001737,Engineering,TMS000748,COR00611,TAA,MABD,2025-01-13,00:00,3.6,traffic_block,pending
BD001738,Engineering,TMS004667,COR04290,RKI,MDF,2025-06-09,11:00,1.9,traffic_block,pending
BD001739,Traction Distribution,TDMS001247,COR03913,BHRL,PTK,2024-03-27,01:00,4.0,power_block,pending
BD001740,Engineering,TMS001544,COR05743,ARS,SY,2025-10-25,02:00,4.0,traffic_block,pending
BD001741,Signal & Telecommunication,SMMS000780,COR00111,LNA,MLI,2024-02-20,14:00,2.7,traffic_block,pending
BD001742,Traction Distribution,TDMS000028,COR00698,SAH,VTN,2024-05-03,01:00,2.7,power_block,pending
BD001743,Engineering,TMS005239,COR01784,DRU,RRB,2024-06-17,22:00,3.4,traffic_block,pending
BD001744,Engineering,TMS001470,COR02893,SGBJ,MTA,2025-04-13,14:00,5.0,traffic_block,pending
BD001745,Signal & Telecommunication,SMMS000852,COR01819,HSR,STD,2025-01-27,23:00,2.5,traffic_block,pending
BD001746,Engineering,TMS002155,COR04944,BOKE,RN,2024-03-28,22:00,2.1,traffic_block,pending
BD001747,Traction Distribution,TDMS001479,COR03819,BXJ,CJA,2025-08-14,11:00,3.0,power_block,pending
BD001748,Traction Distribution,TDMS002207,COR05632,GEK,LR,2024-11-11,13:00,3.9,power_block,pending
BD001749,Engineering,TMS002614,COR00293,WGA,RV,2024-04-17,11:00,5.4,traffic_block,pending
BD001750,Traction Distribution,TDMS002354,COR00617,MLMG,KMT,2024-02-16,01:00,1.9,power_block,pending
BD001751,Engineering,TMS000027,COR00217,BQF,MKD,2024-03-02,22:00,0.9,traffic_block,pending
BD001752,Signal & Telecommunication,SMMS000859,COR01100,DPD,GDV,2025-03-13,22:00,1.0,traffic_block,pending
BD001753,Engineering,TMS000518,COR01154,BY,SNRD,2024-02-20,11:00,1.2,traffic_block,pending
BD001754,Engineering,TMS002587,COR02810,NSP,VR,2024-12-31,11:00,4.8,traffic_block,pending
BD001755,Traction Distribution,TDMS000943,COR06123,MGKM,TLMR,2024-10-11,09:00,0.7,power_block,pending
BD001756,Engineering,TMS003471,COR00762,KRTN,DEC,2024-03-29,09:00,4.1,traffic_block,pending
BD001757,Signal & Telecommunication,SMMS002495,COR07714,KRY,NCU,2024-03-04,13:00,3.4,traffic_block,pending
BD001758,Engineering,TMS001640,COR05959,KCHV,KZB,2024-05-28,22:00,5.7,traffic_block,pending
BD001759,Signal & Telecommunication,SMMS001076,COR01696,SHR,DDCE,2025-12-11,09:00,3.7,traffic_block,pending
BD001760,Signal & Telecommunication,SMMS000906,COR01710,STA,SAGM,2025-01-09,10:00,2.7,traffic_block,pending
BD001761,Engineering,TMS000816,COR04044,SAHR,AKS,2025-10-09,01:00,4.4,traffic_block,pending
BD001762,Engineering,TMS004333,COR04599,GLPT,PNVT,2024-04-29,14:00,2.2,traffic_block,pending
BD001763,Traction Distribution,TDMS001941,COR05754,PDKT,NMN,2025-11-24,10:00,1.3,power_block,pending
BD001764,Signal & Telecommunication,SMMS001723,COR01351,KMLI,UJA,2024-04-26,23:00,3.6,traffic_block,pending
BD001765,Signal & Telecommunication,SMMS002881,COR00283,DRHI,BRUD,2025-07-15,13:00,3.1,traffic_block,pending
BD001766,Traction Distribution,TDMS000328,COR00699,VTN,VR,2024-09-08,01:00,3.5,power_block,pending
BD001767,Engineering,TMS001341,COR02815,PLG,UOI,2024-01-29,14:00,5.7,traffic_block,pending
BD001768,Engineering,TMS001562,COR05062,KBI,LWR,2025-02-24,09:00,2.9,traffic_block,pending
BD001769,Signal & Telecommunication,SMMS000732,COR00434,GWV,MED,2024-11-06,09:00,0.7,traffic_block,pending
BD001770,Signal & Telecommunication,SMMS001409,COR06052,PBE,SSC,2025-11-05,13:00,0.8,traffic_block,pending
BD001771,Engineering,TMS004101,COR00115,DOZ,AII,2025-06-30,00:00,4.2,traffic_block,pending
BD001772,Signal & Telecommunication,SMMS002048,COR04608,MJE,DLO,2024-08-31,11:00,1.8,traffic_block,pending
BD001773,Signal & Telecommunication,SMMS001012,COR00477,DGN,KDK,2024-08-21,02:00,1.6,traffic_block,pending
BD001774,Signal & Telecommunication,SMMS001079,COR01299,MKRA,MLI,2025-08-03,23:00,2.2,traffic_block,pending
BD001775,Engineering,TMS005641,COR00234,MDRR,NWR,2025-04-20,23:00,2.8,traffic_block,pending
BD001776,Engineering,TMS003336,COR05081,BTG,NSU,2024-09-19,02:00,3.0,traffic_block,pending
BD001777,Signal & Telecommunication,SMMS001976,COR01129,BTRI,UJH,2025-04-23,01:00,1.1,traffic_block,pending
BD001778,Engineering,TMS002559,COR08396,CKA,RRW,2024-05-20,02:00,5.1,traffic_block,pending
BD001779,Engineering,TMS002625,COR04002,PNPR,PUPR,2024-08-10,01:00,4.8,traffic_block,pending
BD001780,Signal & Telecommunication,SMMS000671,COR00469,SAV,NB,2025-12-25,01:00,2.9,traffic_block,pending
BD001781,Engineering,TMS002506,COR00064,CHP,UM,2024-03-15,02:00,5.8,traffic_block,pending
BD001782,Engineering,TMS004457,COR06523,KLWL,PJK,2024-10-15,09:00,4.1,traffic_block,pending
BD001783,Signal & Telecommunication,SMMS002479,COR01619,ABGT,HSD,2024-10-23,23:00,3.3,traffic_block,pending
BD001784,Signal & Telecommunication,SMMS002837,COR02092,HSD,ABGT,2025-09-13,01:00,1.7,traffic_block,pending
BD001785,Engineering,TMS000180,COR03897,KHV,KZH,2024-05-18,10:00,4.0,traffic_block,pending
BD001786,Engineering,TMS002322,COR01728,MFX,JSR,2025-10-28,00:00,5.9,traffic_block,pending
BD001787,Engineering,TMS001354,COR00560,HW,MOTC,2024-04-26,14:00,3.1,traffic_block,pending
BD001788,Engineering,TMS000927,COR05448,MTPC,DHR,2025-12-26,11:00,1.9,traffic_block,pending
BD001789,Engineering,TMS003151,COR04936,KHED,ANO,2024-03-26,22:00,1.0,traffic_block,pending
BD001790,Traction Distribution,TDMS001499,COR00380,TRN,SYH,2025-02-06,11:00,2.1,power_block,pending
BD001791,Engineering,TMS004947,COR02330,RJT,BKNG,2025-09-27,14:00,2.9,traffic_block,pending
BD001792,Signal & Telecommunication,SMMS002316,COR00540,CHV,CDRA,2024-12-09,00:00,1.3,traffic_block,pending
BD001793,Traction Distribution,TDMS002072,COR02703,MQC,NNO,2025-11-07,01:00,3.2,power_block,pending
BD001794,Engineering,TMS004379,COR04511,ANGR,WDL,2025-08-13,23:00,4.3,traffic_block,pending
BD001795,Signal & Telecommunication,SMMS000974,COR07241,GPJ,DPC,2025-09-27,11:00,2.8,traffic_block,pending
BD001796,Engineering,TMS000279,COR00722,MM,MRU,2025-08-03,14:00,4.7,traffic_block,pending
BD001797,Traction Distribution,TDMS002035,COR04896,NYH,GNB,2024-10-15,09:00,4.0,power_block,pending
BD001798,Engineering,TMS004751,COR01832,INDB,LMNR,2025-02-20,02:00,1.8,traffic_block,pending
BD001799,Traction Distribution,TDMS001510,COR00477,DGN,KDK,2024-11-17,23:00,4.3,power_block,pending
BD001800,Traction Distribution,TDMS000418,COR01801,FDK,GZS,2024-01-06,02:00,1.1,power_block,pending
BD001801,Engineering,TMS001409,COR00648,SBH,SUL,2025-09-10,23:00,1.5,traffic_block,pending
BD001802,Engineering,TMS000098,COR02516,JARI,DQN,2025-07-15,13:00,0.9,traffic_block,pending
BD001803,Traction Distribution,TDMS000952,COR04502,SRMN,GQN,2025-11-18,14:00,1.7,power_block,pending
BD001804,Engineering,TMS002313,COR00034,RA,MOL,2025-03-02,23:00,5.9,traffic_block,pending
BD001805,Engineering,TMS005782,COR01716,TKYR,MKD,2024-05-27,13:00,0.7,traffic_block,pending
BD001806,Traction Distribution,TDMS000450,COR00561,MOTC,RWL,2025-07-09,01:00,4.4,power_block,pending
BD001807,Signal & Telecommunication,SMMS001468,COR05743,ARS,SY,2024-08-22,22:00,3.6,traffic_block,pending
BD001808,Engineering,TMS002153,COR04995,TIC,KLT,2025-04-02,22:00,1.9,traffic_block,pending
BD001809,Engineering,TMS005486,COR03101,SPGL,ARP,2025-05-28,22:00,4.5,traffic_block,pending
BD001810,Traction Distribution,TDMS001324,COR02822,UBR,SJN,2024-02-07,22:00,2.5,power_block,pending
BD001811,Signal & Telecommunication,SMMS002111,COR01679,BNE,KFY,2024-01-24,02:00,1.1,traffic_block,pending
BD001812,Signal & Telecommunication,SMMS002799,COR00492,PGL,BIF,2024-11-26,23:00,2.0,traffic_block,pending
BD001813,Signal & Telecommunication,SMMS000149,COR01172,KOP,VV,2024-01-27,00:00,2.9,traffic_block,pending
BD001814,Engineering,TMS004562,COR01634,BNK,RDI,2025-11-25,02:00,0.9,traffic_block,pending
BD001815,Engineering,TMS003653,COR03397,BSGR,LKW,2025-06-01,09:00,0.9,traffic_block,pending
BD001816,Traction Distribution,TDMS000712,COR00699,VTN,VR,2024-11-21,23:00,4.3,power_block,pending
BD001817,Engineering,TMS001293,COR02083,BNK,TTR,2025-03-07,10:00,4.0,traffic_block,pending
BD001818,Engineering,TMS000977,COR00218,MKD,TKYR,2024-01-08,02:00,4.5,traffic_block,pending
BD001819,Engineering,TMS003644,COR02830,BL,DGI,2024-03-29,13:00,0.8,traffic_block,pending
BD001820,Signal & Telecommunication,SMMS000348,COR02687,BSPH,KIU,2024-09-16,14:00,2.5,traffic_block,pending
BD001821,Engineering,TMS000892,COR03090,DMD,ETK,2025-04-04,14:00,0.5,traffic_block,pending
BD001822,Signal & Telecommunication,SMMS002023,COR01769,NMD,MLZ,2025-11-07,02:00,3.8,traffic_block,pending
BD001823,Engineering,TMS004715,COR00134,GAL,KRH,2024-11-16,13:00,4.4,traffic_block,pending
BD001824,Signal & Telecommunication,SMMS002571,COR02197,AAY,NPK,2025-10-01,22:00,2.0,traffic_block,pending
BD001825,Engineering,TMS001123,COR03607,HMH,DPK,2025-04-22,00:00,3.6,traffic_block,pending
BD001826,Signal & Telecommunication,SMMS000226,COR00672,SCH,MRL,2024-03-08,00:00,2.6,traffic_block,pending
BD001827,Signal & Telecommunication,SMMS000210,COR03280,IDR,CHRG,2025-10-21,14:00,1.0,traffic_block,pending
BD001828,Traction Distribution,TDMS001293,COR01193,KRG,STR,2024-07-16,14:00,3.6,power_block,pending
BD001829,Engineering,TMS003851,COR00129,DGW,MKH,2025-09-06,01:00,0.5,traffic_block,pending
BD001830,Engineering,TMS005152,COR02885,DSA,DLI,2024-04-29,01:00,3.2,traffic_block,pending
BD001831,Engineering,TMS002136,COR04241,DKT,LLU,2025-04-01,10:00,2.7,traffic_block,pending
BD001832,Engineering,TMS003814,COR01849,DZA,UCB,2025-02-17,09:00,4.6,traffic_block,pending
BD001833,Engineering,TMS004419,COR00150,GHH,BDXT,2024-05-10,02:00,2.7,traffic_block,pending
BD001834,Engineering,TMS005653,COR02170,SRT,TY,2025-09-21,00:00,1.9,traffic_block,pending
BD001835,Signal & Telecommunication,SMMS000695,COR03137,SNX,KTW,2025-01-03,22:00,1.4,traffic_block,pending
BD001836,Engineering,TMS001755,COR02587,HNA,MANK,2024-03-23,22:00,4.7,traffic_block,pending
BD001837,Signal & Telecommunication,SMMS002461,COR03085,NAU,MUKE,2025-05-22,09:00,3.7,traffic_block,pending
BD001838,Traction Distribution,TDMS002019,COR07861,SRSI,ATX,2025-04-30,10:00,1.0,power_block,pending
BD001839,Engineering,TMS005842,COR04161,MJS,ULL,2024-10-06,23:00,0.5,traffic_block,pending
BD001840,Engineering,TMS003660,COR06333,LPNR,SWNR,2025-01-21,01:00,5.7,traffic_block,pending
BD001841,Engineering,TMS001310,COR00231,PKRD,JKE,2025-11-03,02:00,3.2,traffic_block,pending
BD001842,Engineering,TMS003628,COR01692,JBP,ADTL,2024-11-12,09:00,2.4,traffic_block,pending
BD001843,Traction Distribution,TDMS000344,COR02837,NVS,MRL,2025-01-22,14:00,4.8,power_block,pending
BD001844,Engineering,TMS000476,COR04808,BXLL,RNQ,2024-03-24,10:00,1.5,traffic_block,pending
BD001845,Engineering,TMS002833,COR07502,YTL,LSN,2024-07-11,00:00,1.1,traffic_block,pending
BD001846,Traction Distribution,TDMS001523,COR02065,GHL,BNKH,2025-06-10,02:00,5.0,power_block,pending
BD001847,Traction Distribution,TDMS000208,COR00089,RANI,BGPR,2024-01-19,01:00,3.7,power_block,pending
BD001848,Engineering,TMS000543,COR00209,SRJ,MJHR,2024-04-25,13:00,5.3,traffic_block,pending
BD001849,Engineering,TMS004991,COR03265,BR,NGLT,2024-11-04,02:00,1.5,traffic_block,pending
BD001850,Signal & Telecommunication,SMMS000905,COR00716,ADH,VLP,2024-04-09,00:00,1.0,traffic_block,pending
BD001851,Traction Distribution,TDMS002002,COR01502,SLR,KDZ,2025-07-07,22:00,3.3,power_block,pending
BD001852,Engineering,TMS000576,COR02972,TLY,JGE,2024-01-19,00:00,4.3,traffic_block,pending
BD001853,Engineering,TMS001232,COR02833,BIM,AML,2024-05-11,13:00,3.7,traffic_block,pending
BD001854,Signal & Telecommunication,SMMS001075,COR00261,BKH,PPI,2024-10-16,14:00,0.5,traffic_block,pending
BD001855,Engineering,TMS000971,COR02722,GK,BNKJ,2025-11-27,02:00,4.5,traffic_block,pending
BD001856,Signal & Telecommunication,SMMS001520,COR02773,JDW,MOZ,2024-11-14,22:00,0.7,traffic_block,pending
BD001857,Engineering,TMS002572,COR02378,VNRD,KHRS,2024-03-12,14:00,4.3,traffic_block,pending
BD001858,Traction Distribution,TDMS002366,COR05130,CGH,BPRS,2025-07-14,22:00,2.6,power_block,pending
BD001859,Engineering,TMS005788,COR02484,KRJR,WZJ,2024-08-11,11:00,5.9,traffic_block,pending
BD001860,Traction Distribution,TDMS001885,COR02570,BDHT,LDE,2025-11-15,00:00,4.5,power_block,pending
BD001861,Engineering,TMS003737,COR06235,MBY,BMK,2024-10-27,22:00,2.1,traffic_block,pending
BD001862,Engineering,TMS005956,COR07794,VVKP,DSA,2025-10-23,01:00,0.8,traffic_block,pending
BD001863,Engineering,TMS003008,COR02822,UBR,SJN,2025-09-14,23:00,3.2,traffic_block,pending
BD001864,Engineering,TMS002170,COR01744,RJQ,LKMN,2024-05-20,00:00,3.7,traffic_block,pending
BD001865,Signal & Telecommunication,SMMS000749,COR03088,JGE,TLY,2025-12-23,22:00,1.8,traffic_block,pending
BD001866,Signal & Telecommunication,SMMS002858,COR05517,BFT,SGV,2025-02-18,01:00,2.1,traffic_block,pending
BD001867,Engineering,TMS001464,COR02454,AGAE,PTAE,2025-12-25,23:00,2.1,traffic_block,pending
BD001868,Engineering,TMS004724,COR00715,JOS,ADH,2024-07-13,02:00,4.2,traffic_block,pending
BD001869,Traction Distribution,TDMS002429,COR00769,GHH,PT,2025-06-20,14:00,3.7,power_block,pending
BD001870,Engineering,TMS001603,COR00149,PT,GHH,2025-05-24,01:00,3.8,traffic_block,pending
BD001871,Engineering,TMS003793,COR02302,BMHR,MOZ,2024-08-18,01:00,0.8,traffic_block,pending
BD001872,Engineering,TMS003528,COR00489,CRK,TBN,2024-08-07,02:00,2.1,traffic_block,pending
BD001873,Signal & Telecommunication,SMMS001982,COR03020,PTA,PTE,2024-03-29,09:00,1.0,traffic_block,pending
BD001874,Signal & Telecommunication,SMMS002667,COR02974,MAHE,MUKE,2025-08-09,00:00,1.6,traffic_block,pending
BD001875,Traction Distribution,TDMS000342,COR01716,TKYR,MKD,2025-11-22,01:00,2.6,power_block,pending
BD001876,Signal & Telecommunication,SMMS000679,COR00672,SCH,MRL,2025-08-22,09:00,1.0,traffic_block,pending
BD001877,Traction Distribution,TDMS001463,COR04196,HR,RMB,2025-12-21,22:00,3.7,power_block,pending
BD001878,Signal & Telecommunication,SMMS000340,COR03894,ABO,ROK,2024-04-06,00:00,1.1,traffic_block,pending
BD001879,Engineering,TMS003259,COR06318,KUV,CTPE,2025-02-12,11:00,4.7,traffic_block,pending
BD001880,Traction Distribution,TDMS001663,COR00131,MWW,AWR,2024-05-18,10:00,4.5,power_block,pending
BD001881,Signal & Telecommunication,SMMS000872,COR03369,MHU,BNW,2024-10-02,02:00,1.5,traffic_block,pending
BD001882,Engineering,TMS002655,COR00556,ATMO,PRI,2025-04-24,01:00,4.7,traffic_block,pending
BD001883,Engineering,TMS004284,COR02694,ROK,ABO,2024-11-25,14:00,0.6,traffic_block,pending
BD001884,Engineering,TMS003164,COR02396,AXA,SDD,2024-11-28,00:00,3.8,traffic_block,pending
BD001885,Signal & Telecommunication,SMMS002746,COR00119,GEK,KSG,2025-07-05,09:00,3.4,traffic_block,pending
BD001886,Engineering,TMS004428,COR00517,GBP,BJNR,2024-05-13,00:00,3.6,traffic_block,pending
BD001887,Engineering,TMS005143,COR03531,RNIR,BIK,2024-05-18,23:00,5.8,traffic_block,pending
BD001888,Traction Distribution,TDMS000685,COR05992,PRNG,RNJ,2025-11-22,22:00,1.1,power_block,pending
BD001889,Engineering,TMS003249,COR00423,KQD,NLRD,2025-05-20,02:00,1.1,traffic_block,pending
BD001890,Engineering,TMS005524,COR00699,VTN,VR,2024-06-12,01:00,1.2,traffic_block,pending
BD001891,Engineering,TMS002285,COR03719,LMG,BRLF,2024-05-02,01:00,5.4,traffic_block,pending
BD001892,Engineering,TMS003009,COR05008,BAL,ALK,2024-02-29,09:00,2.2,traffic_block,pending
BD001893,Engineering,TMS001170,COR02803,KILE,BVI,2024-01-20,13:00,3.1,traffic_block,pending
BD001894,Traction Distribution,TDMS001137,COR01387,TJ,ALK,2024-04-13,00:00,4.1,power_block,pending
BD001895,Engineering,TMS005958,COR07891,MHDP,JADR,2024-12-24,22:00,4.3,traffic_block,pending
BD001896,Traction Distribution,TDMS002089,COR07580,STBJ,BSTP,2025-06-20,00:00,2.0,power_block,pending
BD001897,Engineering,TMS001398,COR07695,MNQ,TNUE,2025-06-02,13:00,0.9,traffic_block,pending
BD001898,Traction Distribution,TDMS000223,COR02461,VSPR,NDAE,2025-02-22,00:00,1.5,power_block,pending
BD001899,Engineering,TMS004303,COR00693,VGN,BOR,2025-05-25,09:00,1.1,traffic_block,pending
BD001900,Signal & Telecommunication,SMMS002979,COR01336,KWI,MXO,2024-08-23,10:00,3.0,traffic_block,pending
BD001901,Engineering,TMS002710,COR02097,SLU,MYK,2024-05-14,22:00,5.1,traffic_block,pending
BD001902,Traction Distribution,TDMS000758,COR02802,MDD,KILE,2024-03-02,11:00,3.2,power_block,pending
BD001903,Traction Distribution,TDMS001626,COR04943,UKC,BOKE,2025-11-15,23:00,4.8,power_block,pending
BD001904,Engineering,TMS001028,COR02300,DBD,RNA,2025-07-25,10:00,1.9,traffic_block,pending
BD001905,Engineering,TMS002779,COR07329,SNZ,BSUR,2025-03-15,00:00,1.0,traffic_block,pending
BD001906,Engineering,TMS005263,COR03912,HMQ,JHL,2024-06-20,22:00,2.6,traffic_block,pending
BD001907,Traction Distribution,TDMS000773,COR00595,VKNR,PNYA,2024-05-28,11:00,4.1,power_block,pending
BD001908,Signal & Telecommunication,SMMS001180,COR01703,JKE,PKRD,2024-05-15,13:00,2.3,traffic_block,pending
BD001909,Engineering,TMS001188,COR05607,MHUR,DGHR,2024-03-18,22:00,2.5,traffic_block,pending
BD001910,Signal & Telecommunication,SMMS000091,COR05023,KVL,SKK,2025-07-18,09:00,2.2,traffic_block,pending
BD001911,Signal & Telecommunication,SMMS002180,COR08115,BRLI,SRMT,2024-04-10,23:00,2.7,traffic_block,pending
BD001912,Engineering,TMS001749,COR01004,SZR,NJN,2025-05-21,23:00,4.3,traffic_block,pending
BD001913,Engineering,TMS003818,COR02992,PGI,TA,2025-05-18,01:00,3.1,traffic_block,pending
BD001914,Signal & Telecommunication,SMMS001283,COR02303,MOZ,JDW,2025-11-23,22:00,2.8,traffic_block,pending
BD001915,Traction Distribution,TDMS001847,COR04905,HNK,MYA,2025-06-13,13:00,3.0,power_block,pending
BD001916,Traction Distribution,TDMS001714,COR05869,SSZ,KTKL,2024-03-06,00:00,2.5,power_block,pending
BD001917,Traction Distribution,TDMS000166,COR01732,MEM,DHRJ,2024-02-22,11:00,4.7,power_block,pending
BD001918,Signal & Telecommunication,SMMS000733,COR00603,BBW,MUUA,2024-09-02,23:00,2.0,traffic_block,pending
BD001919,Traction Distribution,TDMS002126,COR06070,KMP,BJLP,2024-10-07,00:00,2.9,power_block,pending
BD001920,Signal & Telecommunication,SMMS002777,COR02355,LUNI,HWT,2025-09-22,02:00,2.5,traffic_block,pending
BD001921,Engineering,TMS001917,COR00485,BRI,MUO,2025-11-27,13:00,0.7,traffic_block,pending
BD001922,Engineering,TMS004251,COR00463,MGC,PARD,2024-07-13,13:00,1.9,traffic_block,pending
BD001923,Engineering,TMS002705,COR00831,RLR,LMA,2024-06-23,00:00,2.6,traffic_block,pending
BD001924,Signal & Telecommunication,SMMS002043,COR02826,VAPI,UVD,2025-03-09,09:00,1.0,traffic_block,pending
BD001925,Traction Distribution,TDMS000563,COR00672,SCH,MRL,2025-08-26,23:00,2.6,power_block,pending
BD001926,Engineering,TMS000599,COR06680,VRH,RWL,2024-12-09,23:00,4.1,traffic_block,pending
BD001927,Traction Distribution,TDMS000770,COR05741,VMP,CLN,2025-12-04,11:00,3.2,power_block,pending
BD001928,Traction Distribution,TDMS001136,COR06474,GOPG,MJV,2024-10-20,22:00,1.7,power_block,pending
BD001929,Engineering,TMS002184,COR06809,RGS,SMPR,2025-11-27,01:00,4.6,traffic_block,pending
BD001930,Signal & Telecommunication,SMMS002991,COR01236,MLB,AHI,2025-11-27,13:00,0.6,traffic_block,pending
BD001931,Traction Distribution,TDMS000472,COR02351,RKZ,BOM,2025-01-06,09:00,0.7,power_block,pending
BD001932,Engineering,TMS002890,COR04029,VQD,KMBL,2025-07-16,02:00,4.4,traffic_block,pending
BD001933,Engineering,TMS002885,COR00629,KI,RYP,2024-02-06,10:00,5.5,traffic_block,pending
BD001934,Traction Distribution,TDMS001588,COR02627,BEB,REJ,2025-08-26,11:00,3.6,power_block,pending
BD001935,Signal & Telecommunication,SMMS002836,COR02583,HAA,ANKL,2024-07-05,14:00,3.8,traffic_block,pending
BD001936,Engineering,TMS002068,COR02120,NVU,DWR,2024-01-17,00:00,2.0,traffic_block,pending
BD001937,Engineering,TMS001339,COR05492,DBSI,VVKP,2024-01-22,10:00,2.3,traffic_block,pending
BD001938,Signal & Telecommunication,SMMS001726,COR01711,SAGM,HATI,2024-02-09,01:00,2.1,traffic_block,pending
BD001939,Signal & Telecommunication,SMMS002937,COR00557,PRI,IKK,2025-12-23,23:00,2.7,traffic_block,pending
BD001940,Engineering,TMS002311,COR02898,VRLR,ERL,2024-06-20,09:00,3.5,traffic_block,pending
BD001941,Signal & Telecommunication,SMMS001212,COR00684,UVD,VAPI,2024-02-22,14:00,2.3,traffic_block,pending
BD001942,Signal & Telecommunication,SMMS000074,COR02292,HRW,DWO,2024-07-15,01:00,1.4,traffic_block,pending
BD001943,Signal & Telecommunication,SMMS000705,COR02819,DRD,GVD,2025-12-13,09:00,0.8,traffic_block,pending
BD001944,Engineering,TMS000945,COR01725,MJHR,SRJ,2025-12-30,01:00,4.1,traffic_block,pending
BD001945,Engineering,TMS004825,COR03115,BSWA,TQA,2025-04-09,14:00,2.4,traffic_block,pending
BD001946,Signal & Telecommunication,SMMS001222,COR05634,MD,AII,2024-08-18,00:00,0.5,traffic_block,pending
BD001947,Engineering,TMS000864,COR01688,BHTN,BRGT,2025-08-28,02:00,5.6,traffic_block,pending
BD001948,Traction Distribution,TDMS001908,COR01728,MFX,JSR,2024-07-08,10:00,4.6,power_block,pending
BD001949,Engineering,TMS002177,COR04901,KHLL,RMGM,2024-04-02,14:00,5.6,traffic_block,pending
BD001950,Traction Distribution,TDMS001261,COR08368,HBN,RUP,2025-12-06,14:00,2.8,power_block,pending
BD001951,Traction Distribution,TDMS002363,COR04661,VEN,KRMI,2024-08-06,02:00,3.3,power_block,pending
BD001952,Signal & Telecommunication,SMMS002833,COR00473,BAU,AGQ,2025-07-10,14:00,2.4,traffic_block,pending
BD001953,Signal & Telecommunication,SMMS002876,COR01469,TKC,PNB,2025-10-01,01:00,0.5,traffic_block,pending
BD001954,Signal & Telecommunication,SMMS001006,COR05237,NGAN,SCE,2024-04-13,11:00,0.8,traffic_block,pending
BD001955,Signal & Telecommunication,SMMS000258,COR05628,SK,SALI,2024-05-02,00:00,2.8,traffic_block,pending
BD001956,Signal & Telecommunication,SMMS000545,COR02298,NGL,THJ,2025-08-17,11:00,1.3,traffic_block,pending
BD001957,Traction Distribution,TDMS000537,COR03084,BDJ,NAU,2025-04-21,14:00,4.6,power_block,pending
BD001958,Engineering,TMS000777,COR05153,MWJ,JOBA,2025-12-15,01:00,4.3,traffic_block,pending
BD001959,Signal & Telecommunication,SMMS002451,COR03032,GUNS,TAPA,2025-03-17,00:00,0.6,traffic_block,pending
BD001960,Engineering,TMS003230,COR00142,RE,KWMD,2024-12-23,01:00,1.4,traffic_block,pending
BD001961,Engineering,TMS004658,COR04003,PUPR,AMPA,2025-12-25,14:00,4.9,traffic_block,pending
BD001962,Engineering,TMS003302,COR00242,ADTL,JBP,2025-07-09,02:00,4.3,traffic_block,pending
BD001963,Engineering,TMS003173,COR01653,SDVL,BAW,2024-06-20,22:00,6.0,traffic_block,pending
BD001964,Traction Distribution,TDMS000280,COR05819,KLNK,KHRK,2024-04-26,23:00,4.4,power_block,pending
BD001965,Engineering,TMS002731,COR00714,GMN,JOS,2024-04-08,10:00,0.8,traffic_block,pending
BD001966,Engineering,TMS001981,COR02696,KRZ,ISM,2025-12-17,02:00,1.4,traffic_block,pending
BD001967,Engineering,TMS005293,COR00660,SED,VJR,2024-10-06,01:00,2.6,traffic_block,pending
BD001968,Engineering,TMS003466,COR02382,LTR,BLRD,2024-10-29,14:00,1.8,traffic_block,pending
BD001969,Engineering,TMS005672,COR02378,VNRD,KHRS,2024-08-16,23:00,3.9,traffic_block,pending
BD001970,Traction Distribution,TDMS002235,COR02981,VEK,QLD,2025-05-17,23:00,1.4,power_block,pending
BD001971,Engineering,TMS003183,COR04442,DPL,LKN,2024-01-12,09:00,5.2,traffic_block,pending
BD001972,Engineering,TMS005147,COR00715,JOS,ADH,2025-09-29,00:00,3.2,traffic_block,pending
BD001973,Engineering,TMS005240,COR06378,RKY,BKNG,2024-11-22,11:00,2.5,traffic_block,pending
BD001974,Signal & Telecommunication,SMMS000730,COR03647,MDVL,MVP,2025-01-08,23:00,3.1,traffic_block,pending
BD001975,Engineering,TMS002142,COR01192,RMP,KRG,2025-01-06,10:00,4.7,traffic_block,pending
BD001976,Signal & Telecommunication,SMMS000650,COR03487,MCV,FRD,2025-01-11,02:00,2.4,traffic_block,pending
BD001977,Engineering,TMS004704,COR06769,LGH,KNSR,2025-11-02,00:00,2.4,traffic_block,pending
BD001978,Signal & Telecommunication,SMMS001357,COR02018,BHLP,HDT,2024-04-22,14:00,2.2,traffic_block,pending
BD001979,Engineering,TMS003030,COR00945,VMP,CDM,2024-12-24,10:00,1.1,traffic_block,pending
BD001980,Engineering,TMS002434,COR02763,MDNR,MUZ,2024-04-14,14:00,5.1,traffic_block,pending
BD001981,Signal & Telecommunication,SMMS001499,COR02822,UBR,SJN,2025-12-23,09:00,3.6,traffic_block,pending
BD001982,Engineering,TMS002456,COR01674,PPI,BKH,2024-02-14,13:00,4.4,traffic_block,pending
BD001983,Signal & Telecommunication,SMMS002102,COR00768,BDXT,GHH,2024-09-06,01:00,2.1,traffic_block,pending
BD001984,Engineering,TMS001473,COR04055,BLR,MLP,2025-02-04,22:00,4.0,traffic_block,pending
BD001985,Signal & Telecommunication,SMMS001202,COR02334,GDL,GTT,2025-08-20,10:00,1.1,traffic_block,pending
BD001986,Engineering,TMS004671,COR00867,FKB,NVT,2024-03-29,13:00,3.9,traffic_block,pending
BD001987,Engineering,TMS005264,COR01889,PPY,DKJ,2025-04-19,09:00,4.2,traffic_block,pending
BD001988,Engineering,TMS002371,COR05003,MCJ,TRB,2024-05-18,23:00,2.6,traffic_block,pending
BD001989,Signal & Telecommunication,SMMS000492,COR00608,NKD,INK,2024-02-03,13:00,2.6,traffic_block,pending
BD001990,Engineering,TMS004942,COR00685,VAPI,KEB,2025-07-05,22:00,2.6,traffic_block,pending
BD001991,Engineering,TMS004859,COR00117,MD,LR,2026-01-09,01:00,0.8,traffic_block,pending
BD001992,Engineering,TMS000583,COR01317,AUWA,BGG,2025-04-08,09:00,4.9,traffic_block,pending
BD001993,Engineering,TMS003429,COR05875,KKP,GZS,2024-07-17,22:00,5.0,traffic_block,pending
BD001994,Engineering,TMS001265,COR01387,TJ,ALK,2025-12-01,11:00,2.8,traffic_block,pending
BD001995,Engineering,TMS001364,COR01013,DLDE,DPU,2024-04-09,13:00,3.0,traffic_block,pending
BD001996,Engineering,TMS003494,COR01841,DRE,AWL,2025-03-31,23:00,1.9,traffic_block,pending
BD001997,Engineering,TMS000719,COR00216,BNSP,BQF,2025-12-08,11:00,2.2,traffic_block,pending
BD001998,Signal & Telecommunication,SMMS000738,COR01025,JGJN,JMK,2025-11-19,11:00,0.7,traffic_block,pending
BD001999,Signal & Telecommunication,SMMS001240,COR01161,NILE,SPLE,2024-08-11,11:00,1.3,traffic_block,pending
BD002000,Engineering,TMS003137,COR01319,BWA,SOS,2025-01-21,10:00,1.8,traffic_block,pending
BD002001,Signal & Telecommunication,SMMS002581,COR01687,BMR,BHTN,2024-01-06,13:00,0.9,traffic_block,pending
BD002002,Engineering,TMS000940,COR06393,SJGH,ALMW,2024-05-31,13:00,5.2,traffic_block,pending
BD002003,Engineering,TMS005990,COR06220,MYD,HTL,2024-08-10,09:00,4.5,traffic_block,pending
BD002004,Signal & Telecommunication,SMMS002603,COR02717,LMP,DEO,2025-11-23,14:00,3.3,traffic_block,pending
BD002005,Engineering,TMS000729,COR00691,GVD,DRD,2025-12-07,09:00,2.7,traffic_block,pending
BD002006,Engineering,TMS005585,COR02816,UOI,BOR,2025-05-19,11:00,0.9,traffic_block,pending
BD002007,Engineering,TMS000160,COR01955,SSB,DBSI,2025-07-17,14:00,3.8,traffic_block,pending
BD002008,Engineering,TMS000738,COR03304,TPP,KVLR,2024-09-21,11:00,2.2,traffic_block,pending
BD002009,Traction Distribution,TDMS000679,COR04997,MUQ,PLI,2025-10-27,22:00,3.2,power_block,pending
BD002010,Engineering,TMS004329,COR00619,PNDP,CKN,2025-09-10,22:00,1.8,traffic_block,pending
BD002011,Traction Distribution,TDMS001269,COR02743,ERL,VRLR,2024-04-04,09:00,3.3,power_block,pending
BD002012,Signal & Telecommunication,SMMS001836,COR04541,CHNR,BDHY,2025-07-11,13:00,2.3,traffic_block,pending
BD002013,Signal & Telecommunication,SMMS000404,COR02812,VTN,SAH,2024-04-03,09:00,2.4,traffic_block,pending
BD002014,Engineering,TMS004682,COR04921,RSYI,APTA,2024-09-05,10:00,0.8,traffic_block,pending
BD002015,Traction Distribution,TDMS000193,COR02430,BNL,SNKG,2024-08-24,01:00,2.5,power_block,pending
BD002016,Engineering,TMS005906,COR00494,BPF,DKI,2024-08-11,22:00,1.4,traffic_block,pending
BD002017,Engineering,TMS000889,COR02085,SSNH,HVL,2024-05-27,14:00,2.0,traffic_block,pending
BD002018,Engineering,TMS000920,COR00241,DOE,ADTL,2024-07-02,23:00,1.5,traffic_block,pending
BD002019,Signal & Telecommunication,SMMS002291,COR02210,BGKT,BANE,2024-09-21,13:00,2.9,traffic_block,pending
BD002020,Signal & Telecommunication,SMMS000657,COR00384,KDQ,SRNT,2025-03-21,10:00,3.5,traffic_block,pending
BD002021,Signal & Telecommunication,SMMS000493,COR08082,SQR,RCF,2024-07-19,11:00,2.7,traffic_block,pending
BD002022,Signal & Telecommunication,SMMS001695,COR00917,KVLR,TPP,2024-04-29,14:00,2.7,traffic_block,pending
BD002023,Traction Distribution,TDMS000226,COR04895,SBC,NYH,2024-08-27,14:00,4.0,power_block,pending
BD002024,Engineering,TMS003571,COR03692,BUTA,GSL,2024-02-29,09:00,5.8,traffic_block,pending
BD002025,Engineering,TMS005042,COR03270,AED,FTS,2024-04-27,00:00,2.8,traffic_block,pending
BD002026,Traction Distribution,TDMS000446,COR01190,MSR,TAZ,2025-01-14,01:00,3.7,power_block,pending
BD002027,Engineering,TMS004155,COR01847,KZX,GSB,2024-06-05,09:00,4.9,traffic_block,pending
BD002028,Engineering,TMS000943,COR00627,GNN,CVV,2024-06-14,00:00,3.5,traffic_block,pending
BD002029,Engineering,TMS000909,COR06644,GIF,KKTA,2024-11-07,09:00,1.3,traffic_block,pending
BD002030,Traction Distribution,TDMS001066,COR01735,KDF,RMGJ,2025-09-04,09:00,1.9,power_block,pending
BD002031,Signal & Telecommunication,SMMS001831,COR03573,BGO,GBA,2025-05-04,13:00,2.2,traffic_block,pending
BD002032,Signal & Telecommunication,SMMS002223,COR03709,AA,MANW,2025-04-12,23:00,2.1,traffic_block,pending
BD002033,Engineering,TMS005539,COR06151,KZC,VPZ,2024-08-18,09:00,3.8,traffic_block,pending
BD002034,Signal & Telecommunication,SMMS002805,COR01270,TTP,TAM,2024-07-17,09:00,3.5,traffic_block,pending
BD002035,Engineering,TMS002411,COR02420,OKD,GRJA,2024-01-14,13:00,2.7,traffic_block,pending
BD002036,Signal & Telecommunication,SMMS002732,COR02686,JIND,BSPH,2024-03-14,01:00,1.2,traffic_block,pending
BD002037,Engineering,TMS004278,COR05208,PDV,PML,2024-11-21,09:00,2.2,traffic_block,pending
BD002038,Engineering,TMS001218,COR01134,GTP,KRTL,2024-01-22,23:00,4.5,traffic_block,pending
BD002039,Signal & Telecommunication,SMMS002924,COR06224,MUPA,KQI,2025-08-25,22:00,2.0,traffic_block,pending
BD002040,Engineering,TMS005041,COR00561,MOTC,RWL,2024-06-13,02:00,2.1,traffic_block,pending
BD002041,Engineering,TMS000701,COR00854,CRU,LBG,2024-08-16,11:00,5.8,traffic_block,pending
BD002042,Signal & Telecommunication,SMMS001541,COR01897,NKD,YGL,2024-12-18,01:00,1.4,traffic_block,pending
BD002043,Engineering,TMS002627,COR01767,LRU,NNW,2025-11-12,22:00,2.1,traffic_block,pending
BD002044,Traction Distribution,TDMS000381,COR07781,PQT,TJH,2024-04-24,02:00,2.1,power_block,pending
BD002045,Engineering,TMS003375,COR01525,CRD,PR,2025-05-18,14:00,3.6,traffic_block,pending
BD002046,Engineering,TMS001777,COR00819,BMW,KUHI,2024-06-10,13:00,4.0,traffic_block,pending
BD002047,Signal & Telecommunication,SMMS002586,COR02691,KZH,KHV,2025-07-11,22:00,2.8,traffic_block,pending
BD002048,Traction Distribution,TDMS000325,COR07430,SJQ,SPDR,2025-10-04,11:00,2.5,power_block,pending
BD002049,Signal & Telecommunication,SMMS001622,COR02998,PUM,KODN,2025-11-05,00:00,0.9,traffic_block,pending
BD002050,Signal & Telecommunication,SMMS001663,COR06227,WDA,DJA,2024-08-31,14:00,2.5,traffic_block,pending
BD002051,Traction Distribution,TDMS002471,COR04986,RAU,HKH,2025-12-27,00:00,1.5,power_block,pending
BD002052,Traction Distribution,TDMS002441,COR06827,BAKT,RBN,2025-04-17,09:00,2.7,power_block,pending
BD002053,Traction Distribution,TDMS001395,COR00646,BGM,SXB,2025-11-26,13:00,3.1,power_block,pending
BD002054,Engineering,TMS002727,COR01513,HTK,RKD,2025-11-25,10:00,0.5,traffic_block,pending
BD002055,Signal & Telecommunication,SMMS002199,COR08423,MCPT,MPKT,2025-11-15,01:00,2.7,traffic_block,pending
BD002056,Traction Distribution,TDMS000948,COR05435,PKM,KAY,2024-09-07,10:00,1.5,power_block,pending
BD002057,Traction Distribution,TDMS001840,COR01515,VV,KOP,2025-04-04,00:00,1.9,power_block,pending
BD002058,Traction Distribution,TDMS001441,COR01879,YP,TNGM,2025-03-25,00:00,0.9,power_block,pending
BD002059,Engineering,TMS001971,COR03022,DBN,NBA,2024-08-19,13:00,5.2,traffic_block,pending
BD002060,Engineering,TMS001729,COR00491,CGO,PGL,2025-02-27,23:00,2.5,traffic_block,pending
BD002061,Signal & Telecommunication,SMMS001450,COR00629,KI,RYP,2025-04-22,02:00,2.1,traffic_block,pending
BD002062,Engineering,TMS005127,COR05409,IBL,MYX,2025-09-09,13:00,2.4,traffic_block,pending
BD002063,Signal & Telecommunication,SMMS002626,COR01771,MXL,RNT,2025-10-25,00:00,3.7,traffic_block,pending
BD002064,Signal & Telecommunication,SMMS000353,COR05551,SWX,DDK,2024-03-12,09:00,3.1,traffic_block,pending
BD002065,Engineering,TMS000993,COR05433,SPGL,PFM,2024-07-23,01:00,5.6,traffic_block,pending
BD002066,Engineering,TMS002392,COR06647,MLQ,TSAH,2024-04-16,11:00,5.2,traffic_block,pending
BD002067,Engineering,TMS002251,COR00224,SAGM,STA,2024-01-27,11:00,1.2,traffic_block,pending
BD002068,Traction Distribution,TDMS001660,COR01334,SRPJ,BMN,2025-06-19,09:00,3.6,power_block,pending
BD002069,Engineering,TMS001547,COR04997,MUQ,PLI,2025-12-04,23:00,4.1,traffic_block,pending
BD002070,Traction Distribution,TDMS000236,COR03904,BZO,UCA,2024-06-03,14:00,3.0,power_block,pending
BD002071,Engineering,TMS004686,COR02816,UOI,BOR,2025-06-10,22:00,4.5,traffic_block,pending
BD002072,Signal & Telecommunication,SMMS000279,COR00212,KTDD,DBR,2024-09-05,11:00,2.4,traffic_block,pending
BD002073,Signal & Telecommunication,SMMS002786,COR01028,LPN,CPK,2025-05-05,01:00,3.9,traffic_block,pending
BD002074,Signal & Telecommunication,SMMS000275,COR05370,BSDL,SSGJ,2024-12-14,13:00,1.0,traffic_block,pending
BD002075,Engineering,TMS001791,COR04609,DLO,BNV,2024-08-02,00:00,5.3,traffic_block,pending
BD002076,Engineering,TMS002460,COR04903,CPT,SET,2024-06-27,01:00,4.3,traffic_block,pending
BD002077,Signal & Telecommunication,SMMS000728,COR04035,BCY,SRNT,2025-08-24,09:00,0.9,traffic_block,pending
BD002078,Engineering,TMS004358,COR01720,MKP,PNHI,2024-09-24,23:00,4.7,traffic_block,pending
BD002079,Engineering,TMS003637,COR01878,GNN,YP,2025-03-30,13:00,3.2,traffic_block,pending
BD002080,Signal & Telecommunication,SMMS000416,COR00045,KHD,SHRD,2024-02-23,09:00,2.4,traffic_block,pending
BD002081,Signal & Telecommunication,SMMS000957,COR00975,NHK,BTZ,2024-01-20,01:00,3.5,traffic_block,pending
BD002082,Signal & Telecommunication,SMMS002759,COR00649,SUL,PCH,2024-05-03,02:00,1.3,traffic_block,pending
BD002083,Engineering,TMS004788,COR03638,VVM,SGKM,2025-05-27,09:00,0.5,traffic_block,pending
BD002084,Engineering,TMS005404,COR06823,KUND,KORI,2025-09-26,23:00,1.2,traffic_block,pending
BD002085,Signal & Telecommunication,SMMS002616,COR02235,GNB,NYH,2025-03-26,01:00,0.9,traffic_block,pending
BD002086,Signal & Telecommunication,SMMS001452,COR01722,DBR,KTDD,2024-09-15,00:00,3.4,traffic_block,pending
BD002087,Engineering,TMS005158,COR00771,TJNR,JSKA,2024-10-23,02:00,4.7,traffic_block,pending
BD002088,Engineering,TMS003875,COR04368,HBP,VPN,2025-10-13,09:00,4.4,traffic_block,pending
BD002089,Signal & Telecommunication,SMMS000830,COR06522,ABS,KLWL,2025-12-30,10:00,1.7,traffic_block,pending
BD002090,Engineering,TMS003147,COR03694,SLB,CDGR,2025-01-13,10:00,5.2,traffic_block,pending
BD002091,Engineering,TMS002268,COR04315,MY,KTM,2024-04-10,00:00,5.3,traffic_block,pending
BD002092,Engineering,TMS004259,COR03853,BDT,CGF,2025-06-14,13:00,2.1,traffic_block,pending
BD002093,Traction Distribution,TDMS001888,COR00474,AGQ,CDI,2025-01-05,09:00,1.7,power_block,pending
BD002094,Engineering,TMS000026,COR04439,TIL,BGS,2024-03-01,00:00,3.5,traffic_block,pending
BD002095,Traction Distribution,TDMS002234,COR04139,KUL,CLT,2024-09-21,13:00,3.8,power_block,pending
BD002096,Engineering,TMS004665,COR05033,LER,BMJ,2024-08-09,22:00,4.8,traffic_block,pending
BD002097,Engineering,TMS002474,COR05592,MYL,LMD,2024-09-28,10:00,3.1,traffic_block,pending
BD002098,Traction Distribution,TDMS001638,COR00883,BMPL,PAPM,2024-11-24,23:00,3.9,power_block,pending
BD002099,Signal & Telecommunication,SMMS002415,COR01153,CHG,BY,2024-05-28,02:00,2.0,traffic_block,pending
BD002100,Engineering,TMS000441,COR00611,TAA,MABD,2024-10-18,23:00,1.2,traffic_block,pending
BD002101,Engineering,TMS005907,COR02820,GVD,BRRD,2024-04-01,10:00,4.9,traffic_block,pending
BD002102,Engineering,TMS001595,COR02832,JRS,BIM,2024-08-19,22:00,1.7,traffic_block,pending
BD002103,Traction Distribution,TDMS001946,COR01178,MRJ,VRB,2025-10-31,22:00,1.3,power_block,pending
BD002104,Signal & Telecommunication,SMMS000433,COR04360,AYRN,CSR,2024-05-29,22:00,1.5,traffic_block,pending
BD002105,Engineering,TMS004755,COR04169,RHW,KUP,2024-10-06,13:00,1.5,traffic_block,pending
BD002106,Signal & Telecommunication,SMMS001502,COR03092,CS,CAN,2025-08-28,23:00,1.5,traffic_block,pending
BD002107,Traction Distribution,TDMS001194,COR04301,KER,BLTR,2025-10-06,22:00,0.6,power_block,pending
BD002108,Engineering,TMS000923,COR01114,LKSH,AVLI,2024-01-20,10:00,4.6,traffic_block,pending
BD002109,Engineering,TMS005188,COR04537,SMBX,GHGL,2025-04-19,02:00,0.7,traffic_block,pending
BD002110,Engineering,TMS005325,COR02243,KRNR,KJS,2025-02-23,13:00,4.7,traffic_block,pending
BD002111,Traction Distribution,TDMS001913,COR02122,HBG,JBP,2025-02-02,02:00,3.6,power_block,pending
BD002112,Signal & Telecommunication,SMMS000723,COR01849,DZA,UCB,2024-11-09,13:00,1.0,traffic_block,pending
BD002113,Traction Distribution,TDMS000716,COR00484,KRO,BRI,2024-12-01,02:00,1.4,power_block,pending
BD002114,Engineering,TMS000650,COR02018,BHLP,HDT,2025-05-21,01:00,0.9,traffic_block,pending
BD002115,Traction Distribution,TDMS000428,COR00600,GH,KSNR,2024-03-15,09:00,1.3,power_block,pending
BD002116,Engineering,TMS005144,COR03288,BMLL,KHRK,2025-09-30,11:00,3.1,traffic_block,pending
BD002117,Traction Distribution,TDMS000972,COR04405,MGRP,HRDR,2025-05-02,14:00,4.9,power_block,pending
BD002118,Engineering,TMS004777,COR06896,BXK,DCA,2025-01-29,01:00,3.8,traffic_block,pending
BD002119,Engineering,TMS000453,COR02154,MNDY,GWYR,2024-01-28,14:00,1.2,traffic_block,pending
BD002120,Signal & Telecommunication,SMMS002975,COR02236,NYH,SBC,2024-02-06,13:00,2.8,traffic_block,pending
BD002121,Traction Distribution,TDMS002241,COR00766,BWSN,GGN,2025-02-22,22:00,2.5,power_block,pending
BD002122,Engineering,TMS001042,COR00972,CGF,BDT,2025-08-15,00:00,2.5,traffic_block,pending
BD002123,Engineering,TMS001469,COR05628,SK,SALI,2025-08-30,10:00,5.5,traffic_block,pending
BD002124,Engineering,TMS002415,COR01311,BGX,BQN,2025-09-17,02:00,1.0,traffic_block,pending
BD002125,Traction Distribution,TDMS002247,COR00422,LKPL,KQD,2024-05-24,23:00,3.1,power_block,pending
BD002126,Engineering,TMS005979,COR02722,GK,BNKJ,2025-11-10,13:00,2.4,traffic_block,pending
BD002127,Engineering,TMS001823,COR01713,JTW,KTHA,2024-03-26,22:00,4.8,traffic_block,pending
BD002128,Traction Distribution,TDMS000259,COR07639,HGA,DBT,2025-12-16,22:00,1.0,power_block,pending
BD002129,Traction Distribution,TDMS000330,COR00861,SLGH,UMRI,2025-02-04,23:00,1.5,power_block,pending
BD002130,Engineering,TMS002446,COR00671,BHET,SCH,2025-04-11,09:00,4.2,traffic_block,pending
BD002131,Signal & Telecommunication,SMMS001250,COR00773,PTRD,IHP,2024-02-19,01:00,3.8,traffic_block,pending
BD002132,Engineering,TMS005344,COR04447,KFA,SBV,2025-07-02,01:00,4.9,traffic_block,pending
BD002133,Engineering,TMS005297,COR03018,KLI,DOC,2025-09-05,00:00,5.7,traffic_block,pending
BD002134,Traction Distribution,TDMS002281,COR02598,BKJ,UD,2024-01-23,11:00,4.2,power_block,pending
BD002135,Engineering,TMS000432,COR01717,MKD,BQF,2024-02-18,13:00,0.9,traffic_block,pending
BD002136,Signal & Telecommunication,SMMS002041,COR01523,BY,CHG,2024-03-15,11:00,3.7,traffic_block,pending
BD002137,Engineering,TMS000162,COR00062,SID,DRW,2024-01-07,13:00,1.8,traffic_block,pending
BD002138,Engineering,TMS004271,COR05875,KKP,GZS,2025-10-22,09:00,2.9,traffic_block,pending
BD002139,Engineering,TMS000710,COR06553,DUB,AFR,2024-04-24,23:00,3.2,traffic_block,pending
BD002140,Engineering,TMS005564,COR02812,VTN,SAH,2025-08-30,01:00,3.8,traffic_block,pending
BD002141,Signal & Telecommunication,SMMS002888,COR01757,BXN,DY,2024-08-01,00:00,1.5,traffic_block,pending
BD002142,Engineering,TMS001348,COR06466,SBV,SHC,2025-05-01,14:00,5.8,traffic_block,pending
BD002143,Engineering,TMS003020,COR01039,TKC,PHI,2024-09-25,01:00,2.6,traffic_block,pending
BD002144,Engineering,TMS001950,COR01704,PKRD,UDR,2025-02-20,02:00,3.5,traffic_block,pending
BD002145,Engineering,TMS003797,COR05633,LR,MD,2025-11-21,01:00,4.5,traffic_block,pending
BD002146,Engineering,TMS005131,COR07641,BARU,JNM,2024-10-17,14:00,1.4,traffic_block,pending
BD002147,Signal & Telecommunication,SMMS000269,COR01935,SELU,SCO,2024-07-12,11:00,3.3,traffic_block,pending
BD002148,Engineering,TMS002206,COR02358,BANE,BGKT,2025-02-13,14:00,2.0,traffic_block,pending
BD002149,Engineering,TMS004835,COR04142,VAPM,PPNS,2024-07-09,14:00,1.4,traffic_block,pending
BD002150,Engineering,TMS002362,COR01881,MDR,MTMI,2024-01-23,02:00,5.1,traffic_block,pending
BD002151,Engineering,TMS000157,COR00268,DRA,KTZ,2024-04-08,23:00,1.7,traffic_block,pending
BD002152,Engineering,TMS005272,COR00706,BSR,NIG,2024-08-12,00:00,2.1,traffic_block,pending
BD002153,Signal & Telecommunication,SMMS002762,COR04137,KN,FK,2025-05-15,11:00,2.0,traffic_block,pending
BD002154,Signal & Telecommunication,SMMS002807,COR02898,VRLR,ERL,2024-06-25,11:00,3.5,traffic_block,pending
BD002155,Engineering,TMS002529,COR02822,UBR,SJN,2025-01-18,11:00,3.8,traffic_block,pending
BD002156,Engineering,TMS001500,COR02885,DSA,DLI,2024-05-05,11:00,4.9,traffic_block,pending
BD002157,Engineering,TMS003864,COR03081,TKT,PYOL,2024-11-30,10:00,2.0,traffic_block,pending
BD002158,Traction Distribution,TDMS001185,COR00954,TDPR,VKP,2024-11-28,22:00,1.0,power_block,pending
BD002159,Engineering,TMS002035,COR07550,TKO,TMLP,2025-10-13,00:00,3.8,traffic_block,pending
BD002160,Traction Distribution,TDMS001571,COR04084,LHN,PDNR,2024-01-18,11:00,1.3,power_block,pending
BD002161,Traction Distribution,TDMS000568,COR04251,PLP,SYC,2024-02-21,09:00,1.5,power_block,pending
BD002162,Signal & Telecommunication,SMMS001128,COR02799,ADH,JOS,2024-12-20,14:00,3.3,traffic_block,pending
BD002163,Signal & Telecommunication,SMMS002747,COR04720,HBU,KHNP,2025-08-12,23:00,3.0,traffic_block,pending
BD002164,Traction Distribution,TDMS001609,COR00420,LKPL,HYB,2024-07-11,09:00,3.6,power_block,pending
BD002165,Signal & Telecommunication,SMMS000796,COR01151,PR,CRD,2024-08-05,22:00,1.1,traffic_block,pending
BD002166,Engineering,TMS004526,COR00158,PTNR,DBSI,2025-03-16,02:00,3.3,traffic_block,pending
BD002167,Engineering,TMS005028,COR03295,AEK,HSRA,2025-05-25,23:00,1.1,traffic_block,pending
BD002168,Engineering,TMS002249,COR08090,BGQ,TKRU,2025-07-25,00:00,2.8,traffic_block,pending
BD002169,Traction Distribution,TDMS001617,COR03932,BCT,MX,2025-08-26,23:00,3.8,power_block,pending
BD002170,Engineering,TMS000409,COR01975,JND,VAL,2024-01-09,14:00,0.8,traffic_block,pending
BD002171,Engineering,TMS004182,COR04108,LHM,PUL,2025-03-21,22:00,4.6,traffic_block,pending
BD002172,Signal & Telecommunication,SMMS001257,COR02426,HDD,HGI,2025-10-23,09:00,2.2,traffic_block,pending
BD002173,Engineering,TMS002826,COR05432,ARP,SPGL,2024-04-30,22:00,4.0,traffic_block,pending
BD002174,Engineering,TMS002978,COR00680,DGI,BL,2024-11-17,14:00,4.0,traffic_block,pending
BD002175,Engineering,TMS002576,COR05099,NEW,TKA,2025-01-18,09:00,1.5,traffic_block,pending
BD002176,Traction Distribution,TDMS001107,COR01520,CSTM,MSD,2025-10-23,14:00,3.3,power_block,pending
BD002177,Engineering,TMS000847,COR01816,BHT,ADR,2025-02-07,00:00,2.9,traffic_block,pending
BD002178,Engineering,TMS005706,COR00767,GGN,BDXT,2024-04-04,09:00,5.0,traffic_block,pending
BD002179,Signal & Telecommunication,SMMS002869,COR03037,BCU,BTIC,2025-09-20,02:00,0.9,traffic_block,pending
BD002180,Traction Distribution,TDMS001375,COR06389,BYH,ATRR,2024-07-03,09:00,1.5,power_block,pending
BD002181,Engineering,TMS004363,COR00760,DBSI,PTNR,2025-10-17,10:00,2.2,traffic_block,pending
BD002182,Engineering,TMS001312,COR03001,NPV,LLP,2024-03-08,01:00,3.4,traffic_block,pending
BD002183,Engineering,TMS000620,COR01187,SNE,KRD,2024-04-10,00:00,4.0,traffic_block,pending
BD002184,Traction Distribution,TDMS001062,COR02822,UBR,SJN,2025-05-19,23:00,3.1,power_block,pending
BD002185,Traction Distribution,TDMS001632,COR01365,KLL,SHRD,2024-03-27,10:00,1.2,power_block,pending
BD002186,Traction Distribution,TDMS001461,COR02810,NSP,VR,2025-08-11,22:00,3.1,power_block,pending
BD002187,Engineering,TMS002613,COR00698,SAH,VTN,2025-11-21,09:00,5.1,traffic_block,pending
BD002188,Engineering,TMS003948,COR00293,WGA,RV,2024-11-21,22:00,2.0,traffic_block,pending
BD002189,Engineering,TMS000287,COR00252,BELD,GPC,2025-12-19,00:00,2.5,traffic_block,pending
BD002190,Signal & Telecommunication,SMMS000389,COR04899,HJL,BID,2025-09-10,10:00,1.5,traffic_block,pending
BD002191,Traction Distribution,TDMS002319,COR03934,PL,EPR,2025-05-09,14:00,2.7,power_block,pending
BD002192,Traction Distribution,TDMS002288,COR06554,DBRG,LHL,2025-02-08,02:00,1.8,power_block,pending
BD002193,Signal & Telecommunication,SMMS000781,COR04378,RMD,VTV,2024-07-17,23:00,3.7,traffic_block,pending
BD002194,Signal & Telecommunication,SMMS002879,COR00474,AGQ,CDI,2025-11-24,14:00,1.9,traffic_block,pending
BD002195,Signal & Telecommunication,SMMS001674,COR05733,CUD,CUPJ,2025-03-14,01:00,1.8,traffic_block,pending
BD002196,Engineering,TMS005536,COR04611,CRX,NKB,2024-05-28,01:00,4.2,traffic_block,pending
BD002197,Engineering,TMS004351,COR02406,ALB,HAPA,2024-11-24,14:00,2.6,traffic_block,pending
BD002198,Traction Distribution,TDMS000204,COR01146,KRKP,DWR,2025-02-28,02:00,3.6,power_block,pending
BD002199,Engineering,TMS004466,COR01679,BNE,KFY,2025-05-06,23:00,0.8,traffic_block,pending
BD002200,Engineering,TMS005457,COR03908,DHY,DTN,2025-10-24,14:00,0.6,traffic_block,pending
BD002201,Traction Distribution,TDMS000113,COR00772,JSKA,PTRD,2024-07-04,22:00,4.3,power_block,pending
BD002202,Engineering,TMS001331,COR02776,RNA,DBD,2025-07-31,11:00,2.1,traffic_block,pending
BD002203,Engineering,TMS001531,COR05665,PRU,SMR,2025-03-18,23:00,1.4,traffic_block,pending
BD002204,Engineering,TMS004272,COR00473,BAU,AGQ,2024-01-28,02:00,5.5,traffic_block,pending
BD002205,Signal & Telecommunication,SMMS000578,COR03539,MJPB,BIC,2025-02-16,13:00,0.7,traffic_block,pending
BD002206,Signal & Telecommunication,SMMS000183,COR07776,SJPR,DPDP,2024-03-23,01:00,3.9,traffic_block,pending
BD002207,Engineering,TMS004829,COR00078,SRPJ,BNS,2025-05-28,22:00,1.4,traffic_block,pending
BD002208,Engineering,TMS002771,COR01486,LKA,HWX,2024-05-31,22:00,2.4,traffic_block,pending
BD002209,Signal & Telecommunication,SMMS001420,COR03084,BDJ,NAU,2024-01-18,22:00,2.2,traffic_block,pending
BD002210,Traction Distribution,TDMS000519,COR01507,TVI,JTO,2024-08-28,22:00,4.5,power_block,pending
BD002211,Engineering,TMS004384,COR04330,SGNR,BWC,2024-06-01,01:00,1.2,traffic_block,pending
BD002212,Signal & Telecommunication,SMMS001365,COR02384,SUNR,CJR,2024-07-25,02:00,3.7,traffic_block,pending
BD002213,Traction Distribution,TDMS000274,COR05511,DEB,PCX,2024-10-21,13:00,4.0,power_block,pending
BD002214,Signal & Telecommunication,SMMS002720,COR00223,HATI,SAGM,2024-03-27,11:00,1.0,traffic_block,pending
BD002215,Engineering,TMS000479,COR06678,KJC,KSJF,2025-01-21,01:00,3.2,traffic_block,pending
BD002216,Engineering,TMS002876,COR02145,MVO,DAV,2024-05-16,22:00,2.2,traffic_block,pending
BD002217,Traction Distribution,TDMS000901,COR03743,MLTR,TUV,2025-07-22,10:00,1.1,power_block,pending
BD002218,Engineering,TMS004721,COR01954,TR,NSL,2025-02-01,01:00,3.5,traffic_block,pending
BD002219,Engineering,TMS004967,COR00266,BGTA,SQL,2024-08-14,09:00,6.0,traffic_block,pending
BD002220,Engineering,TMS000767,COR00276,CRK,HD,2025-10-27,22:00,4.1,traffic_block,pending
BD002221,Engineering,TMS003100,COR02108,HVR,KJG,2024-04-14,23:00,4.3,traffic_block,pending
BD002222,Traction Distribution,TDMS000516,COR00208,LOG,SRJ,2024-03-15,01:00,2.5,power_block,pending
BD002223,Traction Distribution,TDMS000357,COR03624,HTNL,MRB,2025-05-05,01:00,1.2,power_block,pending
BD002224,Signal & Telecommunication,SMMS001330,COR02196,THX,AAY,2025-12-17,14:00,3.7,traffic_block,pending
BD002225,Signal & Telecommunication,SMMS000828,COR02108,HVR,KJG,2025-11-04,00:00,1.3,traffic_block,pending
BD002226,Engineering,TMS000684,COR07765,KRJN,KLW,2024-01-13,11:00,5.5,traffic_block,pending
BD002227,Engineering,TMS001093,COR00428,CVB,ALW,2025-10-20,10:00,1.2,traffic_block,pending
BD002228,Signal & Telecommunication,SMMS000221,COR00074,ABR,MXO,2025-06-01,09:00,1.5,traffic_block,pending
BD002229,Signal & Telecommunication,SMMS002137,COR03253,LRU,GGC,2024-04-16,22:00,2.7,traffic_block,pending
BD002230,Traction Distribution,TDMS000743,COR02119,AGL,NVU,2024-10-10,14:00,2.9,power_block,pending
BD002231,Signal & Telecommunication,SMMS001166,COR00723,MRU,DDR,2024-06-30,10:00,3.5,traffic_block,pending
BD002232,Engineering,TMS000707,COR01731,PFM,SWE,2025-02-21,10:00,5.9,traffic_block,pending
BD002233,Signal & Telecommunication,SMMS002051,COR00018,CX,PDH,2024-05-09,01:00,3.2,traffic_block,pending
BD002234,Engineering,TMS005571,COR05384,PTKD,KKGT,2025-03-06,23:00,5.8,traffic_block,pending
BD002235,Engineering,TMS000999,COR00715,JOS,ADH,2025-06-07,10:00,3.4,traffic_block,pending
BD002236,Engineering,TMS001549,COR02835,ACL,VDH,2025-08-05,10:00,5.8,traffic_block,pending
BD002237,Traction Distribution,TDMS001679,COR02385,CJR,DXR,2024-04-18,22:00,3.7,power_block,pending
BD002238,Engineering,TMS005985,COR00270,DKI,BPF,2025-11-19,22:00,5.7,traffic_block,pending
BD002239,Engineering,TMS002464,COR00686,KEB,BLD,2025-03-12,02:00,1.0,traffic_block,pending
BD002240,Signal & Telecommunication,SMMS002898,COR02579,PSX,PQA,2024-09-30,00:00,1.7,traffic_block,pending
BD002241,Engineering,TMS005176,COR00428,CVB,ALW,2025-05-07,09:00,1.5,traffic_block,pending
BD002242,Engineering,TMS001104,COR01723,KTDD,BRG,2024-08-03,09:00,1.6,traffic_block,pending
BD002243,Traction Distribution,TDMS001800,COR02359,HBG,GRG,2024-11-06,02:00,1.1,power_block,pending
BD002244,Signal & Telecommunication,SMMS002350,COR06668,MQW,BEM,2024-09-11,02:00,0.5,traffic_block,pending
BD002245,Engineering,TMS003056,COR02885,DSA,DLI,2026-01-01,02:00,1.7,traffic_block,pending
BD002246,Traction Distribution,TDMS001113,COR01473,KKET,BRHU,2024-01-15,09:00,1.0,power_block,pending
BD002247,Engineering,TMS000875,COR03612,HBS,SVHE,2025-09-03,00:00,4.8,traffic_block,pending
BD002248,Engineering,TMS000239,COR04837,KHA,BIR,2025-05-24,14:00,4.0,traffic_block,pending
BD002249,Traction Distribution,TDMS002321,COR00673,MRL,NVS,2024-10-23,14:00,1.9,power_block,pending
BD002250,Engineering,TMS002471,COR04998,PLI,PGN,2025-09-12,11:00,3.2,traffic_block,pending
BD002251,Engineering,TMS002143,COR05257,PNJ,NIR,2024-12-08,10:00,4.2,traffic_block,pending
BD002252,Engineering,TMS003695,COR05959,KCHV,KZB,2024-07-31,01:00,3.0,traffic_block,pending
BD002253,Signal & Telecommunication,SMMS000711,COR05900,PRNG,NGW,2025-02-03,23:00,3.0,traffic_block,pending
BD002254,Engineering,TMS004211,COR00277,HD,PAL,2025-01-15,02:00,3.3,traffic_block,pending
BD002255,Engineering,TMS002774,COR01610,DVG,THN,2024-02-20,00:00,5.0,traffic_block,pending
BD002256,Signal & Telecommunication,SMMS001473,COR01893,MABD,TAA,2025-06-15,11:00,2.1,traffic_block,pending
BD002257,Traction Distribution,TDMS002493,COR00243,JBP,HBG,2024-11-23,10:00,4.2,power_block,pending
BD002258,Engineering,TMS002773,COR00654,BGWD,CKR,2025-05-28,22:00,1.6,traffic_block,pending
BD002259,Traction Distribution,TDMS000941,COR04552,GSB,KZX,2024-11-19,02:00,1.2,power_block,pending
BD002260,Engineering,TMS003054,COR07368,BAL,SGM,2025-12-31,14:00,3.1,traffic_block,pending
BD002261,Signal & Telecommunication,SMMS000386,COR03942,JJA,CRG,2024-01-23,14:00,1.3,traffic_block,pending
BD002262,Signal & Telecommunication,SMMS000543,COR00191,JDR,PPA,2025-06-28,00:00,2.5,traffic_block,pending
BD002263,Traction Distribution,TDMS000371,COR01318,BGG,BWA,2024-02-17,13:00,0.9,power_block,pending
BD002264,Signal & Telecommunication,SMMS001979,COR00882,ME,BMPL,2025-04-29,13:00,0.7,traffic_block,pending
BD002265,Engineering,TMS002237,COR06668,MQW,BEM,2024-09-06,13:00,3.2,traffic_block,pending
BD002266,Engineering,TMS004738,COR00229,BUU,UDR,2025-05-02,14:00,3.0,traffic_block,pending
BD002267,Traction Distribution,TDMS000756,COR00529,MJS,UAA,2025-08-01,11:00,2.4,power_block,pending
BD002268,Signal & Telecommunication,SMMS002830,COR02200,DYS,NNN,2024-11-07,10:00,0.9,traffic_block,pending
BD002269,Traction Distribution,TDMS000442,COR01656,JWP,IKK,2025-09-12,10:00,2.6,power_block,pending
BD002270,Traction Distribution,TDMS002071,COR01859,SJNP,MDPB,2025-06-16,22:00,0.8,power_block,pending
BD002271,Engineering,TMS003148,COR03899,JNA,JJT,2025-07-10,00:00,2.7,traffic_block,pending
BD002272,Engineering,TMS000770,COR01890,DKJ,GLA,2024-08-25,02:00,4.4,traffic_block,pending
BD002273,Engineering,TMS002063,COR01106,MVP,MDVL,2024-10-03,01:00,4.7,traffic_block,pending
BD002274,Signal & Telecommunication,SMMS001156,COR04368,HBP,VPN,2025-09-04,10:00,0.6,traffic_block,pending
BD002275,Signal & Telecommunication,SMMS002176,COR01556,WTR,PLV,2025-04-29,10:00,1.1,traffic_block,pending
BD002276,Engineering,TMS002800,COR04081,NBL,CHRG,2025-10-21,22:00,2.8,traffic_block,pending
BD002277,Traction Distribution,TDMS001788,COR02392,DL,LXR,2025-05-16,11:00,2.9,power_block,pending
BD002278,Signal & Telecommunication,SMMS002896,COR02382,LTR,BLRD,2024-08-12,22:00,1.5,traffic_block,pending
BD002279,Engineering,TMS003720,COR04614,DDM,ODB,2024-10-21,00:00,3.6,traffic_block,pending
BD002280,Signal & Telecommunication,SMMS001658,COR00572,MTR,MHL,2024-04-22,10:00,3.9,traffic_block,pending
BD002281,Engineering,TMS005866,COR06869,SUNM,HGJ,2024-03-02,14:00,4.4,traffic_block,pending
BD002282,Signal & Telecommunication,SMMS000237,COR03100,PFM,SPGL,2025-06-25,23:00,3.5,traffic_block,pending
BD002283,Engineering,TMS001280,COR06906,KGLE,DHPD,2025-06-20,22:00,4.9,traffic_block,pending
BD002284,Traction Distribution,TDMS001294,COR00999,FKG,OTN,2025-05-24,01:00,4.4,power_block,pending
BD002285,Traction Distribution,TDMS001728,COR00933,BNC,BNCE,2025-03-25,09:00,3.7,power_block,pending
BD002286,Signal & Telecommunication,SMMS002058,COR06046,BIK,RNIR,2025-07-21,00:00,1.7,traffic_block,pending
BD002287,Signal & Telecommunication,SMMS000450,COR00022,BLWR,KHC,2024-08-05,22:00,1.4,traffic_block,pending
BD002288,Signal & Telecommunication,SMMS000337,COR00697,KLV,SAH,2024-06-30,10:00,1.2,traffic_block,pending
BD002289,Traction Distribution,TDMS001369,COR00720,BDTS,BA,2025-03-19,10:00,3.8,power_block,pending
BD002290,Engineering,TMS002354,COR02585,GOK,KT,2024-04-04,00:00,1.7,traffic_block,pending
BD002291,Signal & Telecommunication,SMMS002894,COR05649,MWRN,KTHD,2024-03-24,14:00,2.2,traffic_block,pending
BD002292,Signal & Telecommunication,SMMS001646,COR01937,UPR,PTU,2025-11-13,13:00,0.6,traffic_block,pending
BD002293,Traction Distribution,TDMS002167,COR01895,KDM,INK,2025-05-24,02:00,3.1,power_block,pending
BD002294,Traction Distribution,TDMS001732,COR04166,GILL,QRP,2024-02-23,02:00,2.6,power_block,pending
BD002295,Engineering,TMS005289,COR01832,INDB,LMNR,2025-01-22,09:00,3.2,traffic_block,pending
BD002296,Traction Distribution,TDMS002465,COR01722,DBR,KTDD,2024-10-15,13:00,0.6,power_block,pending
BD002297,Engineering,TMS000833,COR00256,KFY,BNE,2025-01-04,01:00,2.6,traffic_block,pending
BD002298,Engineering,TMS004800,COR01355,SXS,JDN,2025-04-23,22:00,2.8,traffic_block,pending
BD002299,Engineering,TMS002965,COR01688,BHTN,BRGT,2025-07-06,00:00,2.6,traffic_block,pending
BD002300,Engineering,TMS004234,COR00047,KLL,CTRL,2025-11-29,13:00,3.2,traffic_block,pending
BD002301,Engineering,TMS000375,COR02763,MDNR,MUZ,2024-07-12,14:00,5.4,traffic_block,pending
BD002302,Signal & Telecommunication,SMMS002164,COR02212,SZ,HWT,2025-05-18,02:00,1.1,traffic_block,pending
BD002303,Engineering,TMS002459,COR00455,BSX,DAB,2024-12-31,11:00,3.4,traffic_block,pending
BD002304,Signal & Telecommunication,SMMS002282,COR02384,SUNR,CJR,2025-10-16,14:00,3.4,traffic_block,pending
BD002305,Signal & Telecommunication,SMMS002629,COR06874,MWX,BWF,2024-01-20,09:00,1.5,traffic_block,pending
BD002306,Signal & Telecommunication,SMMS001245,COR03550,CLW,YEAM,2024-11-13,01:00,2.4,traffic_block,pending
BD002307,Engineering,TMS005092,COR04565,SUIA,SD,2025-10-13,10:00,2.2,traffic_block,pending
BD002308,Signal & Telecommunication,SMMS001886,COR00275,TBN,CRK,2024-05-31,13:00,3.9,traffic_block,pending
BD002309,Signal & Telecommunication,SMMS002194,COR01761,HAN,SMBJ,2024-06-18,02:00,3.6,traffic_block,pending
BD002310,Signal & Telecommunication,SMMS000986,COR04984,LKMN,RJQ,2025-03-17,01:00,2.7,traffic_block,pending
BD002311,Signal & Telecommunication,SMMS000693,COR06993,BAHI,CHKE,2025-06-27,11:00,1.6,traffic_block,pending
BD002312,Signal & Telecommunication,SMMS002314,COR02703,MQC,NNO,2025-07-02,01:00,3.3,traffic_block,pending
BD002313,Signal & Telecommunication,SMMS002834,COR05438,BON,ATH,2025-08-07,09:00,1.0,traffic_block,pending
BD002314,Traction Distribution,TDMS000203,COR02972,TLY,JGE,2025-01-02,22:00,4.0,power_block,pending
BD002315,Engineering,TMS000169,COR01711,SAGM,HATI,2024-03-30,10:00,0.9,traffic_block,pending
BD002316,Traction Distribution,TDMS002060,COR01634,BNK,RDI,2024-12-25,22:00,4.9,power_block,pending
BD002317,Engineering,TMS003099,COR00062,SID,DRW,2025-03-17,14:00,4.9,traffic_block,pending
BD002318,Engineering,TMS004107,COR01879,YP,TNGM,2024-10-03,11:00,3.5,traffic_block,pending
BD002319,Engineering,TMS003762,COR06052,PBE,SSC,2025-08-16,13:00,1.9,traffic_block,pending
BD002320,Traction Distribution,TDMS000991,COR01694,DOE,GSPR,2025-08-23,09:00,3.0,power_block,pending
BD002321,Engineering,TMS002795,COR01342,IQG,JTY,2025-04-10,14:00,0.8,traffic_block,pending
BD002322,Engineering,TMS003711,COR03055,GDN,TAY,2024-01-17,22:00,1.2,traffic_block,pending
BD002323,Engineering,TMS005271,COR02971,DMD,TLY,2024-01-29,14:00,4.4,traffic_block,pending
BD002324,Signal & Telecommunication,SMMS002490,COR02620,JJG,MBB,2024-03-10,22:00,3.5,traffic_block,pending
BD002325,Engineering,TMS005320,COR05067,CHB,DKM,2024-04-12,00:00,1.9,traffic_block,pending
BD002326,Engineering,TMS005341,COR02156,KTPM,KTBR,2025-03-17,10:00,1.8,traffic_block,pending
BD002327,Engineering,TMS005112,COR01485,DHRY,LKA,2024-08-13,22:00,2.1,traffic_block,pending
BD002328,Traction Distribution,TDMS000084,COR00291,AGQ,BAU,2025-04-03,00:00,4.4,power_block,pending
BD002329,Engineering,TMS001910,COR03185,THP,BDZ,2024-06-06,02:00,5.9,traffic_block,pending
BD002330,Signal & Telecommunication,SMMS001478,COR00271,BPF,BIF,2025-04-27,00:00,3.4,traffic_block,pending
BD002331,Signal & Telecommunication,SMMS002042,COR00101,BGX,CNL,2025-06-24,22:00,2.8,traffic_block,pending
BD002332,Engineering,TMS004440,COR02741,KZT,PYD,2024-06-20,11:00,4.0,traffic_block,pending
BD002333,Signal & Telecommunication,SMMS001476,COR00257,BNE,GAR,2025-10-02,11:00,0.7,traffic_block,pending
BD002334,Engineering,TMS004504,COR03765,BJV,SSC,2024-02-11,22:00,3.6,traffic_block,pending
BD002335,Engineering,TMS005772,COR00682,ATUL,PAD,2024-07-09,01:00,5.4,traffic_block,pending
BD002336,Engineering,TMS002856,COR02816,UOI,BOR,2025-10-05,13:00,3.8,traffic_block,pending
BD002337,Traction Distribution,TDMS001414,COR00898,LHD,AMW,2024-06-03,10:00,1.4,power_block,pending
BD002338,Traction Distribution,TDMS000725,COR01403,LP,MMH,2025-07-01,11:00,3.1,power_block,pending
BD002339,Signal & Telecommunication,SMMS001944,COR03959,NDAE,VSPR,2025-03-10,10:00,3.5,traffic_block,pending
BD002340,Engineering,TMS001589,COR00282,KKN,DRHI,2024-01-17,23:00,1.6,traffic_block,pending
BD002341,Engineering,TMS002441,COR00691,GVD,DRD,2024-07-18,01:00,3.1,traffic_block,pending
BD002342,Signal & Telecommunication,SMMS000707,COR02970,ETK,DMD,2024-12-23,00:00,0.9,traffic_block,pending
BD002343,Engineering,TMS000982,COR07574,TMKA,TGRL,2024-12-04,02:00,4.8,traffic_block,pending
BD002344,Signal & Telecommunication,SMMS001479,COR01859,SJNP,MDPB,2025-01-07,14:00,1.7,traffic_block,pending
BD002345,Signal & Telecommunication,SMMS000011,COR04420,KRKP,MGD,2024-06-06,00:00,3.3,traffic_block,pending
BD002346,Engineering,TMS001684,COR02406,ALB,HAPA,2025-05-30,10:00,0.7,traffic_block,pending
BD002347,Signal & Telecommunication,SMMS002230,COR02388,RA,VD,2025-05-25,22:00,0.7,traffic_block,pending
BD002348,Signal & Telecommunication,SMMS001068,COR06668,MQW,BEM,2024-05-08,01:00,2.3,traffic_block,pending
BD002349,Traction Distribution,TDMS000747,COR00753,SRVX,MJO,2025-07-11,10:00,1.3,power_block,pending
BD002350,Engineering,TMS002014,COR06642,TKLE,HPLE,2025-03-05,02:00,2.2,traffic_block,pending
BD002351,Engineering,TMS002953,COR01549,JJR,DNJ,2024-07-06,23:00,1.7,traffic_block,pending
BD002352,Engineering,TMS001368,COR02469,BHLA,SOAE,2024-06-08,01:00,5.8,traffic_block,pending
BD002353,Engineering,TMS001244,COR05019,KU,TVR,2024-12-14,09:00,5.2,traffic_block,pending
BD002354,Engineering,TMS001041,COR00580,BMKI,SRA,2026-01-06,22:00,1.9,traffic_block,pending
BD002355,Engineering,TMS001120,COR06968,AWG,ETAH,2024-06-27,02:00,4.2,traffic_block,pending
BD002356,Engineering,TMS000055,COR01840,SCPD,DRE,2025-02-05,02:00,3.7,traffic_block,pending
BD002357,Engineering,TMS001072,COR00634,BJRI,BATL,2025-02-12,22:00,4.9,traffic_block,pending
BD002358,Engineering,TMS002524,COR06127,SGD,BJUD,2024-05-08,23:00,3.3,traffic_block,pending
BD002359,Traction Distribution,TDMS000549,COR01931,PG,DAV,2025-11-16,02:00,0.6,power_block,pending
BD002360,Engineering,TMS003189,COR06268,RRS,NHF,2025-11-04,02:00,2.2,traffic_block,pending
BD002361,Signal & Telecommunication,SMMS001813,COR01769,NMD,MLZ,2024-04-13,00:00,0.7,traffic_block,pending
BD002362,Engineering,TMS005659,COR01839,KDHA,VRG,2024-06-11,09:00,4.1,traffic_block,pending
BD002363,Traction Distribution,TDMS001356,COR00719,KHAR,BDTS,2024-08-08,23:00,1.3,power_block,pending
BD002364,Engineering,TMS001319,COR02774,MOZ,BMHR,2025-05-16,00:00,5.4,traffic_block,pending
BD002365,Signal & Telecommunication,SMMS002266,COR03139,BHGP,LIR,2024-06-11,13:00,1.6,traffic_block,pending
BD002366,Engineering,TMS000044,COR02992,PGI,TA,2024-11-18,10:00,2.3,traffic_block,pending
BD002367,Traction Distribution,TDMS000517,COR05597,MKR,MLGT,2024-02-14,01:00,3.3,power_block,pending
BD002368,Signal & Telecommunication,SMMS000626,COR02816,UOI,BOR,2025-02-01,13:00,1.8,traffic_block,pending
BD002369,Engineering,TMS004976,COR01291,DAU,MSSD,2024-06-29,13:00,1.0,traffic_block,pending
BD002370,Engineering,TMS000878,COR02705,MGLP,SSB,2024-07-24,13:00,5.8,traffic_block,pending
BD002371,Engineering,TMS003973,COR02812,VTN,SAH,2024-07-20,14:00,1.5,traffic_block,pending
BD002372,Engineering,TMS003632,COR00096,MJ,DRS,2024-03-10,23:00,2.9,traffic_block,pending
BD002373,Engineering,TMS005845,COR02764,MUZ,PRTP,2024-06-05,09:00,1.9,traffic_block,pending
BD002374,Traction Distribution,TDMS000105,COR02174,MJG,TKYR,2025-08-10,09:00,1.0,power_block,pending
BD002375,Engineering,TMS002320,COR00468,DSK,SAV,2024-06-21,10:00,1.1,traffic_block,pending
BD002376,Signal & Telecommunication,SMMS002583,COR06934,MDLA,DHRN,2024-03-10,13:00,3.7,traffic_block,pending
BD002377,Engineering,TMS003893,COR00127,SRRG,RHG,2024-01-15,00:00,3.5,traffic_block,pending
BD002378,Traction Distribution,TDMS001883,COR00879,MZL,WDR,2025-05-10,22:00,4.9,power_block,pending
BD002379,Engineering,TMS001386,COR01413,URL,PAS,2024-04-10,14:00,3.9,traffic_block,pending
BD002380,Engineering,TMS000266,COR04146,ELM,PAY,2024-08-25,01:00,3.4,traffic_block,pending
BD002381,Signal & Telecommunication,SMMS000800,COR02095,HLK,JRU,2024-11-12,10:00,1.1,traffic_block,pending
BD002382,Engineering,TMS003889,COR03639,SGKM,PAGM,2025-04-22,00:00,2.4,traffic_block,pending
BD002383,Traction Distribution,TDMS002397,COR01922,GTU,PRLI,2024-05-09,11:00,1.7,power_block,pending
BD002384,Engineering,TMS005487,COR05300,SLHA,KHBJ,2025-09-08,11:00,5.5,traffic_block,pending
BD002385,Engineering,TMS003817,COR04951,NAN,KKW,2024-07-15,09:00,2.5,traffic_block,pending
BD002386,Engineering,TMS000872,COR05125,BLA,JAT,2025-06-19,09:00,3.5,traffic_block,pending
BD002387,Signal & Telecommunication,SMMS001436,COR00052,GUS,DNW,2025-05-19,00:00,2.4,traffic_block,pending
BD002388,Engineering,TMS005248,COR00127,SRRG,RHG,2025-07-21,01:00,2.5,traffic_block,pending
BD002389,Signal & Telecommunication,SMMS001238,COR06142,JVN,SRGT,2025-09-08,13:00,3.7,traffic_block,pending
BD002390,Signal & Telecommunication,SMMS002008,COR01668,GRO,SQL,2024-07-09,01:00,3.6,traffic_block,pending
BD002391,Engineering,TMS003514,COR00032,THAN,VD,2025-04-26,00:00,1.6,traffic_block,pending
BD002392,Engineering,TMS005117,COR00053,DNW,KYSD,2024-12-10,23:00,4.8,traffic_block,pending
BD002393,Engineering,TMS003399,COR03856,HRSR,BPN,2025-05-10,13:00,3.6,traffic_block,pending
BD002394,Engineering,TMS003341,COR06454,LMO,JIR,2024-08-07,02:00,1.1,traffic_block,pending
BD002395,Engineering,TMS002229,COR00087,FA,KZQ,2025-08-11,00:00,0.7,traffic_block,pending
BD002396,Engineering,TMS003686,COR03223,KANS,STDR,2024-09-10,09:00,4.3,traffic_block,pending
BD002397,Signal & Telecommunication,SMMS002269,COR02156,KTPM,KTBR,2025-12-20,14:00,1.7,traffic_block,pending
BD002398,Signal & Telecommunication,SMMS001767,COR04540,CKDL,CHNR,2024-03-08,01:00,0.7,traffic_block,pending
BD002399,Engineering,TMS003786,COR01523,BY,CHG,2025-02-08,13:00,2.1,traffic_block,pending
BD002400,Engineering,TMS005311,COR02235,GNB,NYH,2025-11-08,11:00,5.6,traffic_block,pending
BD002401,Engineering,TMS005163,COR01565,KRD,SNE,2025-09-10,14:00,0.8,traffic_block,pending
BD002402,Signal & Telecommunication,SMMS002589,COR07913,SSP,AKRA,2024-12-11,13:00,3.6,traffic_block,pending
BD002403,Traction Distribution,TDMS000970,COR00475,CDI,NPNR,2024-05-30,02:00,3.3,power_block,pending
BD002404,Engineering,TMS000084,COR00765,SMDP,BWSN,2025-11-26,10:00,3.7,traffic_block,pending
BD002405,Signal & Telecommunication,SMMS002470,COR02834,AML,ACL,2024-07-17,09:00,1.6,traffic_block,pending
BD002406,Signal & Telecommunication,SMMS001909,COR02704,NNO,MGLP,2025-03-05,00:00,3.0,traffic_block,pending
BD002407,Engineering,TMS004016,COR05737,PUC,PO,2025-05-31,01:00,3.7,traffic_block,pending
BD002408,Engineering,TMS003798,COR00696,PLG,KLV,2025-05-14,02:00,5.9,traffic_block,pending
BD002409,Engineering,TMS004837,COR02693,SMF,ROK,2024-04-18,14:00,1.3,traffic_block,pending
BD002410,Traction Distribution,TDMS000136,COR06104,BVP,NROD,2025-08-18,09:00,0.6,power_block,pending
BD002411,Signal & Telecommunication,SMMS002552,COR03778,AWH,TUD,2025-10-09,11:00,0.5,traffic_block,pending
BD002412,Engineering,TMS005108,COR00682,ATUL,PAD,2024-01-12,09:00,2.8,traffic_block,pending
BD002413,Engineering,TMS005246,COR02398,KNKT,KHC,2025-12-25,01:00,3.9,traffic_block,pending
BD002414,Signal & Telecommunication,SMMS001826,COR00230,UDR,PKRD,2024-04-14,11:00,2.8,traffic_block,pending
BD002415,Engineering,TMS000761,COR00451,NZB,JKM,2025-06-05,22:00,3.6,traffic_block,pending
BD002416,Signal & Telecommunication,SMMS000439,COR07811,CJS,KDPA,2025-01-09,10:00,1.0,traffic_block,pending
BD002417,Engineering,TMS001444,COR07609,PRL,TNM,2024-07-22,13:00,2.2,traffic_block,pending
BD002418,Engineering,TMS002265,COR01154,BY,SNRD,2024-07-28,10:00,0.9,traffic_block,pending
BD002419,Signal & Telecommunication,SMMS000487,COR03626,HPT,KGW,2025-04-20,09:00,3.0,traffic_block,pending
BD002420,Engineering,TMS000759,COR00209,SRJ,MJHR,2024-06-22,01:00,2.9,traffic_block,pending
BD002421,Traction Distribution,TDMS000406,COR02986,VLL,CLT,2024-09-11,22:00,2.4,power_block,pending
BD002422,Engineering,TMS002987,COR03749,PRU,JNE,2024-03-26,22:00,1.0,traffic_block,pending
BD002423,Traction Distribution,TDMS002476,COR00673,MRL,NVS,2025-05-19,22:00,2.5,power_block,pending
BD002424,Signal & Telecommunication,SMMS001084,COR02670,MSZ,NPX,2024-02-15,22:00,3.3,traffic_block,pending
BD002425,Engineering,TMS002203,COR04326,PDV,AZP,2025-06-05,01:00,5.5,traffic_block,pending
BD002426,Engineering,TMS001798,COR00617,MLMG,KMT,2024-06-27,23:00,4.5,traffic_block,pending
BD002427,Engineering,TMS002228,COR07471,BAHI,BNHL,2024-01-20,00:00,2.0,traffic_block,pending
BD002428,Engineering,TMS002306,COR02132,CTH,KMV,2025-09-09,11:00,2.9,traffic_block,pending
BD002429,Engineering,TMS001975,COR07529,RGJ,BMGR,2024-06-25,00:00,3.8,traffic_block,pending
BD002430,Engineering,TMS002175,COR01682,NU,GPC,2024-12-24,11:00,1.2,traffic_block,pending
BD002431,Engineering,TMS003036,COR02118,UNK,AGL,2025-06-02,11:00,4.9,traffic_block,pending
BD002432,Signal & Telecommunication,SMMS001766,COR04657,CNO,BLLI,2025-06-30,23:00,2.2,traffic_block,pending
BD002433,Engineering,TMS001851,COR01955,SSB,DBSI,2025-07-07,22:00,3.7,traffic_block,pending
BD002434,Engineering,TMS005066,COR02340,VAL,JND,2025-10-06,13:00,1.8,traffic_block,pending
BD002435,Traction Distribution,TDMS001109,COR01612,HNH,KAG,2024-11-02,00:00,2.4,power_block,pending
BD002436,Engineering,TMS000980,COR03259,HAN,DNHK,2025-01-12,11:00,4.4,traffic_block,pending
BD002437,Engineering,TMS005348,COR02793,MM,BA,2024-10-10,02:00,5.6,traffic_block,pending
BD002438,Traction Distribution,TDMS001703,COR01565,KRD,SNE,2024-03-11,23:00,3.9,power_block,pending
BD002439,Engineering,TMS001271,COR03253,LRU,GGC,2024-09-30,09:00,1.1,traffic_block,pending
BD002440,Traction Distribution,TDMS002006,COR00489,CRK,TBN,2025-10-05,23:00,2.0,power_block,pending
BD002441,Engineering,TMS000025,COR01757,BXN,DY,2025-04-20,11:00,4.3,traffic_block,pending
BD002442,Signal & Telecommunication,SMMS001923,COR03505,RPLY,JNKR,2024-06-30,13:00,3.0,traffic_block,pending
BD002443,Signal & Telecommunication,SMMS001961,COR02694,ROK,ABO,2025-12-17,09:00,3.1,traffic_block,pending
BD002444,Engineering,TMS001613,COR05407,ANCR,CJN,2024-07-11,02:00,4.7,traffic_block,pending
BD002445,Traction Distribution,TDMS001160,COR04474,CGON,MRZA,2025-04-19,09:00,4.4,power_block,pending
BD002446,Engineering,TMS003985,COR03602,KNNA,ENB,2025-03-18,00:00,4.7,traffic_block,pending
BD002447,Engineering,TMS002556,COR04640,UD,BKJ,2024-07-31,22:00,0.7,traffic_block,pending
BD002448,Engineering,TMS005058,COR03649,PCU,PSLP,2025-07-13,09:00,2.9,traffic_block,pending
BD002449,Traction Distribution,TDMS001886,COR01325,FA,BRLY,2025-08-05,13:00,2.2,power_block,pending
BD002450,Engineering,TMS004679,COR01450,SNSN,PRJ,2025-01-28,11:00,3.2,traffic_block,pending
BD002451,Signal & Telecommunication,SMMS001253,COR07940,TGRL,TMKA,2024-01-30,14:00,3.6,traffic_block,pending
BD002452,Signal & Telecommunication,SMMS001028,COR01624,RRB,DRU,2024-03-22,09:00,1.9,traffic_block,pending
BD002453,Engineering,TMS000994,COR02674,BRZ,KAGR,2025-07-05,09:00,0.7,traffic_block,pending
BD002454,Traction Distribution,TDMS000222,COR06461,RLA,DGJ,2025-12-19,22:00,2.2,power_block,pending
BD002455,Signal & Telecommunication,SMMS001017,COR02835,ACL,VDH,2025-09-18,22:00,1.4,traffic_block,pending
BD002456,Traction Distribution,TDMS001887,COR01678,GAR,BNE,2024-04-19,10:00,1.4,power_block,pending
BD002457,Engineering,TMS003304,COR06755,KDO,AP,2024-08-08,09:00,1.2,traffic_block,pending
BD002458,Engineering,TMS001990,COR00154,SMDP,PM,2024-02-19,09:00,2.7,traffic_block,pending
BD002459,Signal & Telecommunication,SMMS002372,COR01676,JHT,SCKR,2024-04-23,01:00,2.3,traffic_block,pending
BD002460,Engineering,TMS002912,COR00265,GMD,BGTA,2024-04-20,11:00,4.6,traffic_block,pending
BD002461,Signal & Telecommunication,SMMS001616,COR01886,PNDP,KMT,2026-01-01,10:00,3.9,traffic_block,pending
BD002462,Engineering,TMS002964,COR02277,PUS,AMLO,2024-11-18,10:00,3.4,traffic_block,pending
BD002463,Traction Distribution,TDMS000511,COR01889,PPY,DKJ,2024-10-03,01:00,2.7,power_block,pending
BD002464,Engineering,TMS004702,COR00121,TL,GLTA,2024-12-29,14:00,2.0,traffic_block,pending
BD002465,Engineering,TMS004993,COR03443,HYL,DKX,2025-01-19,02:00,1.7,traffic_block,pending
BD002466,Signal & Telecommunication,SMMS001020,COR00402,SMX,PXR,2024-12-04,02:00,3.7,traffic_block,pending
BD002467,Engineering,TMS005964,COR05610,ADRA,SNKR,2025-07-20,02:00,5.8,traffic_block,pending
BD002468,Traction Distribution,TDMS000857,COR05066,PNT,CHB,2025-12-12,01:00,4.2,power_block,pending
BD002469,Traction Distribution,TDMS001353,COR04770,KANO,KDZ,2024-03-24,22:00,2.1,power_block,pending
BD002470,Traction Distribution,TDMS001623,COR01898,YGL,CLE,2025-04-13,10:00,0.8,power_block,pending
BD002471,Engineering,TMS002072,COR06017,SIKR,JDD,2025-07-23,22:00,1.9,traffic_block,pending
BD002472,Signal & Telecommunication,SMMS001144,COR04488,AMA,DRN,2025-04-15,02:00,2.6,traffic_block,pending
BD002473,Engineering,TMS000723,COR00252,BELD,GPC,2025-08-12,09:00,1.7,traffic_block,pending
BD002474,Engineering,TMS000369,COR06973,BJO,KJLU,2025-04-18,01:00,3.1,traffic_block,pending
BD002475,Engineering,TMS003278,COR02385,CJR,DXR,2024-11-01,01:00,1.8,traffic_block,pending
BD002476,Engineering,TMS004342,COR01901,MRF,KOHR,2025-05-07,01:00,2.4,traffic_block,pending
BD002477,Engineering,TMS004554,COR00252,BELD,GPC,2025-03-17,14:00,5.1,traffic_block,pending
BD002478,Traction Distribution,TDMS002258,COR04903,CPT,SET,2024-06-08,02:00,3.8,power_block,pending
BD002479,Engineering,TMS005306,COR04857,SCN,SONI,2025-08-24,22:00,4.1,traffic_block,pending
BD002480,Traction Distribution,TDMS001650,COR02409,LKBL,PPLI,2025-03-06,13:00,1.9,power_block,pending
BD002481,Traction Distribution,TDMS000682,COR02217,BOM,RKZ,2024-07-10,22:00,2.2,power_block,pending
BD002482,Traction Distribution,TDMS000085,COR00032,THAN,VD,2025-03-05,10:00,3.7,power_block,pending
BD002483,Engineering,TMS001907,COR02380,SR,LPR,2024-11-17,22:00,2.2,traffic_block,pending
BD002484,Signal & Telecommunication,SMMS000742,COR00990,AGI,SLX,2024-08-02,11:00,1.4,traffic_block,pending
BD002485,Signal & Telecommunication,SMMS002913,COR02293,DWO,QSR,2024-02-09,23:00,2.7,traffic_block,pending
BD002486,Engineering,TMS005879,COR00253,GPC,NU,2024-06-13,22:00,1.9,traffic_block,pending
BD002487,Signal & Telecommunication,SMMS001642,COR00118,LR,GEK,2024-06-06,23:00,1.4,traffic_block,pending
BD002488,Engineering,TMS001609,COR03992,MPLE,NWMS,2025-01-12,02:00,1.6,traffic_block,pending
BD002489,Traction Distribution,TDMS001367,COR01078,KUD,CNC,2024-12-13,14:00,3.2,power_block,pending
BD002490,Traction Distribution,TDMS001289,COR02236,NYH,SBC,2024-08-06,13:00,0.7,power_block,pending
BD002491,Traction Distribution,TDMS002119,COR01678,GAR,BNE,2025-05-09,22:00,4.0,power_block,pending
BD002492,Engineering,TMS002171,COR03035,PUL,LHM,2025-12-10,01:00,0.8,traffic_block,pending
BD002493,Engineering,TMS003654,COR02223,PANP,CGKP,2024-06-14,11:00,2.0,traffic_block,pending
BD002494,Traction Distribution,TDMS001118,COR05501,RS,MT,2025-11-08,01:00,3.3,power_block,pending
BD002495,Engineering,TMS003314,COR00281,KRO,KKN,2024-11-26,23:00,4.9,traffic_block,pending
BD002496,Engineering,TMS000315,COR04024,OKD,KRGA,2024-01-28,09:00,2.4,traffic_block,pending
BD002497,Engineering,TMS001330,COR00479,KNW,MTA,2024-06-06,00:00,3.7,traffic_block,pending
BD002498,Engineering,TMS000763,COR00095,AUWA,MJ,2024-12-05,22:00,0.9,traffic_block,pending
BD002499,Engineering,TMS003040,COR00564,DWO,HRW,2025-01-09,13:00,5.7,traffic_block,pending
BD002500,Traction Distribution,TDMS000634,COR05401,MRPR,RNRD,2024-04-22,23:00,4.5,power_block,pending
BD002501,Engineering,TMS002408,COR00894,RKO,SFX,2024-07-27,13:00,1.8,traffic_block,pending
BD002502,Engineering,TMS001687,COR07993,LNK,KGKD,2025-01-21,14:00,3.5,traffic_block,pending
BD002503,Engineering,TMS005062,COR02744,VRLR,NJT,2024-08-19,22:00,6.0,traffic_block,pending
BD002504,Traction Distribution,TDMS002451,COR01782,VNR,BLKR,2024-11-27,09:00,3.2,power_block,pending
BD002505,Engineering,TMS004188,COR00341,DEO,LMP,2024-04-15,14:00,2.1,traffic_block,pending
BD002506,Traction Distribution,TDMS002187,COR02982,QLD,CMC,2025-07-12,22:00,1.4,power_block,pending
BD002507,Engineering,TMS002248,COR00678,BIM,JRS,2024-01-27,02:00,1.0,traffic_block,pending
BD002508,Signal & Telecommunication,SMMS001194,COR03172,PUX,IKR,2024-07-19,23:00,2.7,traffic_block,pending
BD002509,Engineering,TMS000393,COR03526,LOV,KXT,2024-01-18,10:00,4.1,traffic_block,pending
BD002510,Signal & Telecommunication,SMMS001023,COR02677,HMQ,TUN,2024-08-14,09:00,2.2,traffic_block,pending
BD002511,Engineering,TMS004464,COR06084,BF,LFG,2025-10-07,14:00,4.9,traffic_block,pending
BD002512,Engineering,TMS001670,COR00692,DRD,VGN,2024-06-10,01:00,5.1,traffic_block,pending
BD002513,Traction Distribution,TDMS000750,COR04937,ANO,CHI,2025-04-25,14:00,4.5,power_block,pending
BD002514,Engineering,TMS001380,COR04710,VRH,RKSH,2025-11-15,13:00,3.8,traffic_block,pending
BD002515,Traction Distribution,TDMS000354,COR01782,VNR,BLKR,2025-07-10,11:00,0.9,power_block,pending
BD002516,Traction Distribution,TDMS001598,COR01303,PPF,BER,2025-05-07,01:00,2.5,power_block,pending
BD002517,Traction Distribution,TDMS001208,COR06921,ANKI,KORL,2024-08-08,23:00,3.5,power_block,pending
BD002518,Signal & Telecommunication,SMMS000991,COR02669,SSZ,MSZ,2025-04-26,10:00,1.9,traffic_block,pending
BD002519,Signal & Telecommunication,SMMS001631,COR01438,DPL,LAK,2024-04-28,11:00,2.7,traffic_block,pending
BD002520,Signal & Telecommunication,SMMS002771,COR05424,UCR,ARKA,2025-10-20,10:00,0.6,traffic_block,pending
BD002521,Signal & Telecommunication,SMMS002648,COR01542,GPR,SSV,2025-04-15,02:00,1.1,traffic_block,pending
BD002522,Signal & Telecommunication,SMMS002521,COR00548,VAPM,CQL,2024-11-25,01:00,3.3,traffic_block,pending
BD002523,Signal & Telecommunication,SMMS001527,COR02711,SD,KMP,2024-02-29,23:00,3.2,traffic_block,pending
BD002524,Traction Distribution,TDMS002124,COR02823,SJN,BLD,2024-11-09,10:00,3.7,power_block,pending
BD002525,Traction Distribution,TDMS000772,COR01848,GSB,DZA,2025-12-15,11:00,2.1,power_block,pending
BD002526,Traction Distribution,TDMS000460,COR03264,BAMA,BR,2025-08-12,00:00,0.7,power_block,pending
BD002527,Engineering,TMS004471,COR01702,PTWA,JKE,2024-02-25,13:00,4.1,traffic_block,pending
BD002528,Signal & Telecommunication,SMMS001750,COR05801,DBI,PGK,2024-01-11,01:00,2.6,traffic_block,pending
BD002529,Engineering,TMS002868,COR04929,MNI,GNO,2025-07-13,10:00,4.4,traffic_block,pending
BD002530,Engineering,TMS002581,COR07383,MNZ,BNQL,2024-06-01,22:00,1.0,traffic_block,pending
BD002531,Signal & Telecommunication,SMMS001297,COR02445,SALE,JHBN,2025-02-01,23:00,1.8,traffic_block,pending
BD002532,Signal & Telecommunication,SMMS001474,COR03835,SLX,AGI,2024-08-04,23:00,0.9,traffic_block,pending
BD002533,Engineering,TMS004036,COR01723,KTDD,BRG,2024-10-23,00:00,2.7,traffic_block,pending
BD002534,Engineering,TMS000727,COR06333,LPNR,SWNR,2025-08-10,13:00,0.8,traffic_block,pending
BD002535,Engineering,TMS004902,COR04955,ZARP,SWV,2025-04-30,10:00,3.3,traffic_block,pending
BD002536,Engineering,TMS001827,COR03595,AUS,KALN,2024-02-09,13:00,1.2,traffic_block,pending
BD002537,Engineering,TMS004584,COR01477,DML,TGE,2024-07-24,00:00,4.9,traffic_block,pending
BD002538,Traction Distribution,TDMS001925,COR06268,RRS,NHF,2025-12-11,13:00,1.1,power_block,pending
BD002539,Signal & Telecommunication,SMMS002998,COR00022,BLWR,KHC,2024-11-24,22:00,2.5,traffic_block,pending
BD002540,Traction Distribution,TDMS002114,COR02653,FTC,BGMU,2025-09-20,14:00,4.1,power_block,pending
BD002541,Traction Distribution,TDMS002449,COR01887,KMT,MLMG,2025-07-25,01:00,2.8,power_block,pending
BD002542,Traction Distribution,TDMS000125,COR03256,PDZ,KNDP,2024-04-08,13:00,2.0,power_block,pending
BD002543,Engineering,TMS002807,COR01898,YGL,CLE,2025-06-05,10:00,1.3,traffic_block,pending
BD002544,Engineering,TMS004281,COR00289,NPNR,CDI,2024-11-07,00:00,4.2,traffic_block,pending
BD002545,Traction Distribution,TDMS001040,COR06818,APJ,NNL,2025-05-09,01:00,3.1,power_block,pending
BD002546,Traction Distribution,TDMS001725,COR04396,KGRA,KPLR,2024-02-11,11:00,0.6,power_block,pending
BD002547,Engineering,TMS002753,COR01758,DY,FSP,2024-08-21,22:00,2.7,traffic_block,pending
BD002548,Signal & Telecommunication,SMMS002959,COR02351,RKZ,BOM,2024-09-29,09:00,2.4,traffic_block,pending
BD002549,Signal & Telecommunication,SMMS001801,COR02182,LVR,PDPR,2025-06-28,22:00,2.9,traffic_block,pending
BD002550,Signal & Telecommunication,SMMS001341,COR00628,CVV,KI,2024-12-17,22:00,2.0,traffic_block,pending
BD002551,Signal & Telecommunication,SMMS001773,COR01104,PSLP,PCU,2024-07-25,02:00,1.9,traffic_block,pending
BD002552,Signal & Telecommunication,SMMS002366,COR00762,KRTN,DEC,2025-03-06,09:00,1.3,traffic_block,pending
BD002553,Signal & Telecommunication,SMMS002591,COR04897,GNB,KGI,2024-08-11,09:00,3.7,traffic_block,pending
BD002554,Signal & Telecommunication,SMMS000165,COR02399,KHC,BLWR,2025-07-22,11:00,3.0,traffic_block,pending
BD002555,Engineering,TMS000168,COR04412,COA,CCT,2025-03-30,11:00,4.6,traffic_block,pending
BD002556,Signal & Telecommunication,SMMS001753,COR00763,DEC,PM,2024-06-23,23:00,2.0,traffic_block,pending
BD002557,Engineering,TMS001337,COR02939,VJA,SJL,2024-10-20,09:00,5.4,traffic_block,pending
BD002558,Signal & Telecommunication,SMMS000706,COR05405,BWR,ORC,2025-02-03,14:00,1.5,traffic_block,pending
BD002559,Engineering,TMS002039,COR01736,RMGJ,PPU,2025-05-16,00:00,1.8,traffic_block,pending
BD002560,Signal & Telecommunication,SMMS000902,COR04177,SFM,CJL,2024-02-08,00:00,1.5,traffic_block,pending
BD002561,Signal & Telecommunication,SMMS002119,COR01784,DRU,RRB,2025-07-27,23:00,3.8,traffic_block,pending
BD002562,Traction Distribution,TDMS002104,COR00661,VJR,MRJ,2025-05-13,09:00,3.3,power_block,pending
BD002563,Signal & Telecommunication,SMMS002074,COR01486,LKA,HWX,2024-02-26,13:00,3.0,traffic_block,pending
BD002564,Engineering,TMS001533,COR03578,BUTA,MDN,2024-04-22,00:00,1.2,traffic_block,pending
BD002565,Signal & Telecommunication,SMMS000560,COR00568,APDC,APDJ,2025-03-15,09:00,2.1,traffic_block,pending
BD002566,Signal & Telecommunication,SMMS002084,COR03631,DAJ,KDN,2025-04-27,23:00,0.9,traffic_block,pending
BD002567,Traction Distribution,TDMS000317,COR01525,CRD,PR,2024-07-06,11:00,2.5,power_block,pending
BD002568,Signal & Telecommunication,SMMS002970,COR06058,DOX,IZN,2024-07-29,10:00,3.9,traffic_block,pending
BD002569,Traction Distribution,TDMS001100,COR01867,SMBX,VJPJ,2024-09-23,13:00,1.3,power_block,pending
BD002570,Engineering,TMS005752,COR04553,KZX,TDO,2024-11-23,02:00,1.5,traffic_block,pending
BD002571,Engineering,TMS001913,COR05475,VXM,NCR,2025-01-30,14:00,5.5,traffic_block,pending
BD002572,Signal & Telecommunication,SMMS001883,COR03506,MNM,MNME,2025-04-04,01:00,2.5,traffic_block,pending
BD002573,Engineering,TMS004917,COR01436,SKJ,LKN,2025-02-03,01:00,5.8,traffic_block,pending
BD002574,Engineering,TMS005909,COR05634,MD,AII,2024-08-13,01:00,4.8,traffic_block,pending
BD002575,Signal & Telecommunication,SMMS000291,COR02059,MQL,PAU,2025-06-19,09:00,1.4,traffic_block,pending
BD002576,Engineering,TMS003942,COR04220,BJ,MJHL,2025-06-05,01:00,1.4,traffic_block,pending
BD002577,Engineering,TMS002802,COR02341,JND,SHH,2024-02-18,10:00,2.4,traffic_block,pending
BD002578,Traction Distribution,TDMS001680,COR02101,THN,DVG,2024-04-02,10:00,1.7,power_block,pending
BD002579,Engineering,TMS005174,COR00714,GMN,JOS,2024-02-12,10:00,4.2,traffic_block,pending
BD002580,Engineering,TMS004153,COR02134,BDU,J,2025-04-17,11:00,2.0,traffic_block,pending
BD002581,Signal & Telecommunication,SMMS001996,COR01075,VJR,SED,2025-04-21,01:00,2.2,traffic_block,pending
BD002582,Engineering,TMS000805,COR04929,MNI,GNO,2025-11-23,01:00,2.6,traffic_block,pending
BD002583,Engineering,TMS001362,COR08101,BIB,SPRA,2025-11-09,09:00,5.6,traffic_block,pending
BD002584,Signal & Telecommunication,SMMS000292,COR01833,LMNR,MGG,2025-11-22,01:00,2.6,traffic_block,pending
BD002585,Signal & Telecommunication,SMMS000112,COR05804,RMH,SOG,2025-05-11,22:00,3.5,traffic_block,pending
BD002586,Engineering,TMS002385,COR01852,BNGL,CKKN,2025-04-28,13:00,4.6,traffic_block,pending
BD002587,Engineering,TMS004279,COR01895,KDM,INK,2024-02-13,10:00,1.7,traffic_block,pending
BD002588,Engineering,TMS002140,COR02519,JNZ,BLDI,2025-11-19,22:00,4.9,traffic_block,pending
BD002589,Engineering,TMS000105,COR02798,VLP,ADH,2024-10-21,23:00,1.8,traffic_block,pending
BD002590,Traction Distribution,TDMS001327,COR04035,BCY,SRNT,2024-05-19,10:00,3.0,power_block,pending
BD002591,Signal & Telecommunication,SMMS001112,COR04239,DRB,RPZ,2024-04-28,23:00,1.5,traffic_block,pending
BD002592,Engineering,TMS000486,COR08261,PPCK,SBL,2024-11-12,11:00,5.2,traffic_block,pending
BD002593,Signal & Telecommunication,SMMS000607,COR02703,MQC,NNO,2024-03-16,11:00,1.6,traffic_block,pending
BD002594,Traction Distribution,TDMS000906,COR01754,JCU,PNGR,2024-06-12,10:00,3.6,power_block,pending
BD002595,Engineering,TMS002565,COR02822,UBR,SJN,2024-10-06,23:00,2.1,traffic_block,pending
BD002596,Engineering,TMS000804,COR00026,AXA,WKRC,2025-08-11,23:00,5.7,traffic_block,pending
BD002597,Engineering,TMS000405,COR01501,SBY,SLR,2025-04-13,14:00,4.7,traffic_block,pending
BD002598,Engineering,TMS000305,COR04848,VND,BVRT,2024-03-04,22:00,5.6,traffic_block,pending
BD002599,Traction Distribution,TDMS000457,COR02155,GWYR,KTPM,2024-05-16,00:00,4.4,power_block,pending
BD002600,Engineering,TMS004411,COR01606,DAD,RNR,2024-09-20,11:00,2.0,traffic_block,pending
BD002601,Traction Distribution,TDMS002143,COR02146,DAV,PG,2024-03-05,10:00,4.8,power_block,pending
BD002602,Engineering,TMS005923,COR03194,KGN,TUNG,2024-03-11,00:00,1.3,traffic_block,pending
BD002603,Signal & Telecommunication,SMMS002983,COR01009,DMV,RXRX,2024-08-18,13:00,1.0,traffic_block,pending
BD002604,Signal & Telecommunication,SMMS001371,COR00586,CAI,SAHI,2024-09-04,23:00,1.5,traffic_block,pending
BD002605,Signal & Telecommunication,SMMS001298,COR02155,GWYR,KTPM,2025-09-24,23:00,1.2,traffic_block,pending
BD002606,Traction Distribution,TDMS000304,COR03375,ADR,BHT,2024-01-20,14:00,4.4,power_block,pending
BD002607,Engineering,TMS005490,COR01723,KTDD,BRG,2025-06-27,11:00,0.6,traffic_block,pending
BD002608,Traction Distribution,TDMS000235,COR00739,LRD,TTI,2025-08-21,13:00,3.1,power_block,pending
BD002609,Traction Distribution,TDMS001662,COR04928,INP,MNI,2025-03-10,14:00,4.7,power_block,pending
BD002610,Signal & Telecommunication,SMMS001999,COR00290,CDI,AGQ,2024-12-15,10:00,2.1,traffic_block,pending
BD002611,Engineering,TMS004633,COR01892,GUU,MABD,2025-03-08,00:00,5.8,traffic_block,pending
BD002612,Engineering,TMS003607,COR04015,BEML,COL,2024-03-24,23:00,4.6,traffic_block,pending
BD002613,Traction Distribution,TDMS000775,COR01037,DGU,PNB,2024-03-07,23:00,3.3,power_block,pending
BD002614,Traction Distribution,TDMS002096,COR00211,BRG,KTDD,2024-02-05,23:00,3.7,power_block,pending
BD002615,Engineering,TMS003125,COR00539,NLE,CHV,2025-04-16,23:00,0.7,traffic_block,pending
BD002616,Signal & Telecommunication,SMMS002377,COR05692,AGY,CUK,2025-07-12,10:00,3.7,traffic_block,pending
BD002617,Signal & Telecommunication,SMMS002020,COR01727,LOG,MFX,2024-03-07,10:00,1.7,traffic_block,pending
BD002618,Engineering,TMS003742,COR05217,NPT,KTM,2024-09-22,11:00,0.9,traffic_block,pending
BD002619,Signal & Telecommunication,SMMS000220,COR02827,UVD,PAD,2025-11-17,11:00,2.5,traffic_block,pending
BD002620,Engineering,TMS004151,COR02838,MRL,SCH,2025-02-02,11:00,2.3,traffic_block,pending
BD002621,Engineering,TMS005766,COR04694,INP,KOL,2025-06-30,23:00,5.2,traffic_block,pending
BD002622,Signal & Telecommunication,SMMS002556,COR03862,BHNA,BHGH,2024-09-29,01:00,1.6,traffic_block,pending
BD002623,Engineering,TMS001082,COR01882,MTMI,BKL,2025-01-23,01:00,2.2,traffic_block,pending
BD002624,Engineering,TMS000247,COR02798,VLP,ADH,2024-08-13,02:00,4.3,traffic_block,pending
BD002625,Engineering,TMS005113,COR05525,BQG,PRTL,2024-04-16,01:00,4.0,traffic_block,pending
BD002626,Engineering,TMS003666,COR03608,DPK,SDS,2025-08-11,00:00,5.9,traffic_block,pending
BD002627,Engineering,TMS000636,COR02833,BIM,AML,2025-07-01,14:00,5.0,traffic_block,pending
BD002628,Engineering,TMS000504,COR00538,KZE,NLE,2025-04-02,01:00,1.8,traffic_block,pending
BD002629,Traction Distribution,TDMS000968,COR00594,AWS,VKNR,2025-06-24,02:00,4.6,power_block,pending
BD002630,Traction Distribution,TDMS001951,COR04868,NAWN,MNSR,2026-01-02,14:00,1.7,power_block,pending
BD002631,Engineering,TMS003780,COR00555,MGWN,MIH,2024-12-30,14:00,3.8,traffic_block,pending
BD002632,Engineering,TMS001507,COR00134,GAL,KRH,2024-05-04,02:00,4.6,traffic_block,pending
BD002633,Signal & Telecommunication,SMMS000173,COR04684,CHI,ANO,2024-08-21,13:00,1.3,traffic_block,pending
BD002634,Engineering,TMS003996,COR02818,VGN,DRD,2025-10-13,11:00,2.7,traffic_block,pending
BD002635,Engineering,TMS000362,COR01917,WDLN,JOA,2024-03-03,00:00,1.4,traffic_block,pending
BD002636,Engineering,TMS001063,COR01729,JSR,IDGJ,2025-11-08,14:00,5.1,traffic_block,pending
BD002637,Engineering,TMS000388,COR00038,SUNR,BLRD,2025-03-12,02:00,1.1,traffic_block,pending
BD002638,Engineering,TMS000905,COR03040,PAS,URL,2025-10-15,10:00,5.7,traffic_block,pending
BD002639,Engineering,TMS000045,COR02724,SW,KRYA,2025-10-01,23:00,2.7,traffic_block,pending
BD002640,Engineering,TMS004572,COR00234,MDRR,NWR,2025-03-10,02:00,2.4,traffic_block,pending
BD002641,Engineering,TMS001753,COR02391,LMC,DL,2025-01-27,02:00,1.0,traffic_block,pending
BD002642,Traction Distribution,TDMS001877,COR05841,JNZ,RXN,2024-03-13,22:00,2.5,power_block,pending
BD002643,Engineering,TMS005207,COR08338,BTKB,STB,2025-09-27,23:00,1.5,traffic_block,pending
BD002644,Signal & Telecommunication,SMMS001599,COR02138,RNE,PDG,2025-10-12,23:00,0.9,traffic_block,pending
BD002645,Engineering,TMS004552,COR00259,SCKR,JHT,2025-05-10,10:00,2.5,traffic_block,pending
BD002646,Engineering,TMS000140,COR02466,BGRA,ABKA,2024-08-30,14:00,1.9,traffic_block,pending
BD002647,Signal & Telecommunication,SMMS001606,COR00153,BWSN,SMDP,2025-06-15,22:00,1.4,traffic_block,pending
BD002648,Engineering,TMS004875,COR03000,PTB,KRKD,2024-09-30,11:00,4.4,traffic_block,pending
BD002649,Engineering,TMS003756,COR01616,JRU,HLK,2025-08-23,22:00,1.2,traffic_block,pending
BD002650,Engineering,TMS004345,COR02718,DEO,PD,2024-04-12,09:00,1.4,traffic_block,pending
BD002651,Signal & Telecommunication,SMMS002822,COR01154,BY,SNRD,2024-05-08,10:00,2.9,traffic_block,pending
BD002652,Engineering,TMS002941,COR01038,PNB,TKC,2025-10-24,22:00,5.4,traffic_block,pending
BD002653,Signal & Telecommunication,SMMS000262,COR01596,KNO,SNH,2024-11-14,11:00,0.7,traffic_block,pending
BD002654,Engineering,TMS000170,COR04691,VEER,GNO,2024-11-14,23:00,4.4,traffic_block,pending
BD002655,Engineering,TMS003222,COR04251,PLP,SYC,2024-04-12,14:00,1.3,traffic_block,pending
BD002656,Traction Distribution,TDMS002222,COR04137,KN,FK,2025-02-11,13:00,2.6,power_block,pending
BD002657,Signal & Telecommunication,SMMS000892,COR06528,ORKI,FTH,2025-05-19,22:00,1.1,traffic_block,pending
BD002658,Signal & Telecommunication,SMMS001288,COR06211,SGRR,MNWL,2024-05-05,00:00,3.8,traffic_block,pending
BD002659,Engineering,TMS004775,COR00668,SDG,DES,2025-05-18,10:00,1.9,traffic_block,pending
BD002660,Signal & Telecommunication,SMMS000949,COR02350,MJ,RKZ,2025-10-09,02:00,3.2,traffic_block,pending
BD002661,Engineering,TMS004816,COR00469,SAV,NB,2025-08-26,02:00,4.8,traffic_block,pending
BD002662,Engineering,TMS003776,COR07847,SPRM,PLH,2025-04-08,01:00,5.5,traffic_block,pending
BD002663,Traction Distribution,TDMS002392,COR00622,BKL,MTMI,2025-08-20,01:00,2.2,power_block,pending
BD002664,Engineering,TMS003088,COR00287,KDK,DGN,2025-07-10,11:00,0.7,traffic_block,pending
BD002665,Engineering,TMS004204,COR03275,AHD,SLGE,2024-12-20,23:00,1.2,traffic_block,pending
BD002666,Engineering,TMS004614,COR03477,ATE,BUS,2024-06-02,02:00,5.2,traffic_block,pending
BD002667,Engineering,TMS001263,COR01894,TAA,KDM,2024-01-10,00:00,2.4,traffic_block,pending
BD002668,Traction Distribution,TDMS000258,COR03267,BIQ,DXK,2025-08-14,11:00,3.6,power_block,pending
BD002669,Signal & Telecommunication,SMMS001142,COR04541,CHNR,BDHY,2024-07-21,10:00,1.6,traffic_block,pending
BD002670,Traction Distribution,TDMS001990,COR02400,BLWR,RJT,2025-01-04,01:00,4.2,power_block,pending
BD002671,Traction Distribution,TDMS000129,COR02834,AML,ACL,2025-06-24,22:00,4.2,power_block,pending
BD002672,Engineering,TMS003840,COR00705,NSP,BSR,2024-01-31,02:00,2.0,traffic_block,pending
BD002673,Engineering,TMS004595,COR04922,PEN,KASU,2024-11-27,00:00,0.9,traffic_block,pending
BD002674,Traction Distribution,TDMS002270,COR05117,MLGH,BNDI,2025-03-30,00:00,3.6,power_block,pending
BD002675,Engineering,TMS000709,COR01870,GWV,GDPL,2025-10-30,23:00,2.5,traffic_block,pending
BD002676,Traction Distribution,TDMS001335,COR05132,KKL,AWL,2025-03-15,14:00,2.1,power_block,pending
BD002677,Traction Distribution,TDMS000230,COR01603,KJG,HVR,2024-10-06,09:00,4.3,power_block,pending
BD002678,Engineering,TMS003059,COR02863,SVHE,HBS,2024-05-14,13:00,1.4,traffic_block,pending
BD002679,Traction Distribution,TDMS000444,COR00292,BAU,WGA,2024-12-04,23:00,1.9,power_block,pending
BD002680,Engineering,TMS005463,COR04603,GRU,KCF,2025-05-13,23:00,1.2,traffic_block,pending
BD002681,Signal & Telecommunication,SMMS001119,COR00054,KYSD,UMN,2024-12-20,10:00,3.6,traffic_block,pending
BD002682,Engineering,TMS000895,COR01420,BJRI,BRND,2025-03-18,02:00,1.7,traffic_block,pending
BD002683,Signal & Telecommunication,SMMS000265,COR03969,DHAE,KWF,2024-12-28,10:00,3.6,traffic_block,pending
BD002684,Traction Distribution,TDMS000379,COR00685,VAPI,KEB,2025-12-14,00:00,3.3,power_block,pending
BD002685,Engineering,TMS003172,COR00317,BERO,JOC,2024-07-31,14:00,4.9,traffic_block,pending
BD002686,Engineering,TMS001440,COR03343,TMLP,TKO,2025-08-15,09:00,5.3,traffic_block,pending
BD002687,Engineering,TMS003763,COR01331,KVJ,SOH,2025-04-19,09:00,5.3,traffic_block,pending
BD002688,Signal & Telecommunication,SMMS001164,COR04884,BHBK,KNVT,2025-08-20,10:00,1.7,traffic_block,pending
BD002689,Engineering,TMS003165,COR03695,CDGR,GBA,2025-05-16,00:00,5.6,traffic_block,pending
BD002690,Signal & Telecommunication,SMMS001155,COR04085,PDNR,TVL,2025-02-06,00:00,2.7,traffic_block,pending
BD002691,Engineering,TMS001636,COR02251,SXE,SFDE,2024-12-10,00:00,1.0,traffic_block,pending
BD002692,Engineering,TMS005662,COR01330,NANA,KVJ,2024-12-05,09:00,3.3,traffic_block,pending
BD002693,Engineering,TMS002745,COR02797,STC,VLP,2025-05-01,02:00,2.3,traffic_block,pending
BD002694,Engineering,TMS005194,COR01484,HJI,DHRY,2025-02-27,02:00,3.2,traffic_block,pending
BD002695,Engineering,TMS003396,COR00696,PLG,KLV,2024-07-25,22:00,5.4,traffic_block,pending
BD002696,Signal & Telecommunication,SMMS002717,COR00318,JOC,ADRA,2024-08-25,13:00,1.1,traffic_block,pending
BD002697,Engineering,TMS002316,COR01941,KODI,SVD,2024-11-01,10:00,1.6,traffic_block,pending
BD002698,Traction Distribution,TDMS002130,COR03979,MIAN,BZLE,2025-08-27,02:00,4.5,power_block,pending
BD002699,Traction Distribution,TDMS001801,COR00244,HBG,MML,2024-02-23,02:00,4.1,power_block,pending
BD002700,Engineering,TMS002848,COR00242,ADTL,JBP,2024-07-14,23:00,3.8,traffic_block,pending
BD002701,Traction Distribution,TDMS002308,COR00022,BLWR,KHC,2025-09-21,10:00,1.0,power_block,pending
BD002702,Engineering,TMS002346,COR07204,GLGT,FKG,2025-02-23,11:00,0.6,traffic_block,pending
BD002703,Traction Distribution,TDMS000306,COR02836,VDH,NVS,2025-09-02,14:00,4.7,power_block,pending
BD002704,Engineering,TMS002782,COR03942,JJA,CRG,2024-08-17,10:00,1.8,traffic_block,pending
BD002705,Signal & Telecommunication,SMMS001138,COR01899,CLE,WL,2025-06-09,00:00,2.9,traffic_block,pending
BD002706,Engineering,TMS004708,COR00060,UJA,KMLI,2024-01-12,23:00,2.4,traffic_block,pending
BD002707,Engineering,TMS000845,COR02817,BOR,VGN,2024-05-17,11:00,4.9,traffic_block,pending
BD002708,Engineering,TMS004872,COR04540,CKDL,CHNR,2025-05-03,01:00,4.4,traffic_block,pending
BD002709,Signal & Telecommunication,SMMS001377,COR02398,KNKT,KHC,2025-08-12,13:00,0.9,traffic_block,pending
BD002710,Traction Distribution,TDMS001465,COR00530,UAA,KMQ,2024-01-28,02:00,3.5,power_block,pending
BD002711,Signal & Telecommunication,SMMS002820,COR01599,KALS,YLG,2025-11-03,10:00,2.6,traffic_block,pending
BD002712,Engineering,TMS004863,COR01725,MJHR,SRJ,2025-03-24,00:00,4.5,traffic_block,pending
BD002713,Engineering,TMS002758,COR03922,MEM,SWE,2024-09-17,02:00,1.7,traffic_block,pending
BD002714,Engineering,TMS000662,COR05543,SEPR,MNDR,2025-08-21,09:00,4.8,traffic_block,pending
BD002715,Signal & Telecommunication,SMMS000314,COR05186,KEMA,RUT,2024-03-15,13:00,0.5,traffic_block,pending
BD002716,Engineering,TMS004324,COR00625,TNGM,YP,2025-11-06,22:00,3.4,traffic_block,pending
BD002717,Engineering,TMS005168,COR05845,MSQ,RNV,2024-06-14,02:00,1.2,traffic_block,pending
BD002718,Traction Distribution,TDMS000023,COR04377,SQD,RMD,2025-03-14,22:00,4.6,power_block,pending
BD002719,Signal & Telecommunication,SMMS001379,COR04922,PEN,KASU,2025-06-28,02:00,2.2,traffic_block,pending
BD002720,Engineering,TMS002801,COR02573,SZH,KLOD,2024-09-16,14:00,3.8,traffic_block,pending
BD002721,Signal & Telecommunication,SMMS000240,COR06186,KRDH,KPKD,2025-08-04,22:00,2.3,traffic_block,pending
BD002722,Traction Distribution,TDMS001386,COR01083,GPB,GKK,2025-10-02,09:00,2.1,power_block,pending
BD002723,Traction Distribution,TDMS001882,COR02854,KBL,BNP,2024-08-13,22:00,3.8,power_block,pending
BD002724,Signal & Telecommunication,SMMS000325,COR02301,RNA,BMHR,2025-08-14,02:00,2.0,traffic_block,pending
BD002725,Traction Distribution,TDMS000927,COR03092,CS,CAN,2024-03-08,01:00,2.2,power_block,pending
BD002726,Signal & Telecommunication,SMMS000245,COR00239,SHR,GSPR,2025-03-08,01:00,2.6,traffic_block,pending
BD002727,Engineering,TMS004630,COR07053,PED,SEY,2024-06-10,13:00,4.2,traffic_block,pending
BD002728,Engineering,TMS002909,COR00184,KUMB,BTH,2025-11-20,23:00,2.3,traffic_block,pending
BD002729,Signal & Telecommunication,SMMS001325,COR02952,PAU,MQL,2024-10-07,14:00,2.9,traffic_block,pending
BD002730,Engineering,TMS004611,COR01616,JRU,HLK,2025-02-21,00:00,3.8,traffic_block,pending
BD002731,Signal & Telecommunication,SMMS000911,COR00481,BRUD,DRHI,2025-12-13,11:00,2.7,traffic_block,pending
BD002732,Signal & Telecommunication,SMMS000765,COR02094,RGI,HLK,2025-01-08,13:00,1.2,traffic_block,pending
BD002733,Signal & Telecommunication,SMMS002673,COR04575,MGAE,SDI,2025-02-16,09:00,1.2,traffic_block,pending
BD002734,Traction Distribution,TDMS001997,COR02786,TCT,PKT,2025-08-15,09:00,2.2,power_block,pending
BD002735,Engineering,TMS005635,COR03573,BGO,GBA,2025-09-13,01:00,0.5,traffic_block,pending
BD002736,Traction Distribution,TDMS001011,COR03932,BCT,MX,2025-06-20,14:00,2.0,power_block,pending
BD002737,Engineering,TMS005461,COR00027,WKRC,WKR,2024-04-23,14:00,1.7,traffic_block,pending
BD002738,Signal & Telecommunication,SMMS002196,COR00279,MUO,BRI,2024-11-10,02:00,2.6,traffic_block,pending
BD002739,Engineering,TMS005073,COR02425,BAY,HDD,2025-10-21,13:00,3.5,traffic_block,pending
BD002740,Signal & Telecommunication,SMMS002702,COR00615,DKJ,PPY,2024-01-30,11:00,1.2,traffic_block,pending
BD002741,Signal & Telecommunication,SMMS000737,COR00250,SRID,KKB,2025-01-01,01:00,3.7,traffic_block,pending
BD002742,Engineering,TMS005424,COR00723,MRU,DDR,2025-11-29,13:00,2.7,traffic_block,pending
BD002743,Engineering,TMS003993,COR05393,BPRA,MBA,2024-08-14,02:00,2.3,traffic_block,pending
BD002744,Signal & Telecommunication,SMMS000909,COR00719,KHAR,BDTS,2024-10-17,10:00,3.7,traffic_block,pending
BD002745,Engineering,TMS002066,COR00315,MDF,RKI,2024-03-10,11:00,1.1,traffic_block,pending
BD002746,Traction Distribution,TDMS001770,COR02903,PASA,DAVM,2024-12-17,00:00,1.7,power_block,pending
BD002747,Signal & Telecommunication,SMMS002151,COR03396,BSGR,BDBG,2024-06-21,13:00,1.3,traffic_block,pending
BD002748,Engineering,TMS001101,COR02318,KDHA,UDM,2025-03-17,02:00,1.5,traffic_block,pending
BD002749,Traction Distribution,TDMS001362,COR00371,DDD,YFP,2024-03-20,13:00,2.5,power_block,pending
BD002750,Traction Distribution,TDMS000632,COR01112,UNDI,BVRT,2025-05-28,09:00,3.7,power_block,pending
BD002751,Engineering,TMS002751,COR08087,TNUE,MNQ,2024-01-25,02:00,4.5,traffic_block,pending
BD002752,Engineering,TMS001292,COR02223,PANP,CGKP,2025-02-20,10:00,3.4,traffic_block,pending
BD002753,Traction Distribution,TDMS001819,COR01682,NU,GPC,2025-09-19,11:00,2.1,power_block,pending
BD002754,Signal & Telecommunication,SMMS000953,COR01440,BGS,TIL,2024-08-18,01:00,3.2,traffic_block,pending
BD002755,Signal & Telecommunication,SMMS000046,COR05301,KHBJ,MFQ,2024-10-16,10:00,1.7,traffic_block,pending
BD002756,Engineering,TMS003527,COR01617,HLK,RGI,2024-02-04,09:00,0.8,traffic_block,pending
BD002757,Engineering,TMS003723,COR00488,HD,CRK,2024-09-08,14:00,3.0,traffic_block,pending
BD002758,Engineering,TMS001629,COR00315,MDF,RKI,2025-10-02,22:00,4.8,traffic_block,pending
BD002759,Engineering,TMS003512,COR01669,SQL,BGTA,2024-10-01,22:00,3.9,traffic_block,pending
BD002760,Engineering,TMS000512,COR06186,KRDH,KPKD,2025-12-27,14:00,1.1,traffic_block,pending
BD002761,Engineering,TMS004132,COR00492,PGL,BIF,2025-04-16,00:00,2.3,traffic_block,pending
BD002762,Signal & Telecommunication,SMMS002287,COR00687,BLD,SJN,2025-12-14,23:00,2.8,traffic_block,pending
BD002763,Engineering,TMS002053,COR03088,JGE,TLY,2024-01-04,22:00,5.8,traffic_block,pending
BD002764,Engineering,TMS002499,COR01712,HATI,JTW,2025-04-05,09:00,2.7,traffic_block,pending
BD002765,Traction Distribution,TDMS002378,COR01393,TRB,MCJ,2025-08-15,11:00,4.0,power_block,pending
BD002766,Engineering,TMS004443,COR02884,VVB,DSA,2025-05-24,14:00,3.1,traffic_block,pending
BD002767,Engineering,TMS001604,COR02432,DGLE,NILE,2024-06-20,02:00,4.3,traffic_block,pending
BD002768,Signal & Telecommunication,SMMS000729,COR06390,ATRR,GYN,2025-03-27,13:00,2.9,traffic_block,pending
BD002769,Engineering,TMS000852,COR03557,CHRA,KSU,2025-03-17,14:00,5.9,traffic_block,pending
BD002770,Signal & Telecommunication,SMMS001350,COR00103,GRI,HP,2024-10-27,02:00,2.0,traffic_block,pending
BD002771,Traction Distribution,TDMS001207,COR04803,KHRY,RBGJ,2024-06-19,01:00,1.2,power_block,pending
BD002772,Engineering,TMS005304,COR02327,CHU,OGM,2024-12-03,22:00,0.7,traffic_block,pending
BD002773,Engineering,TMS005354,COR00623,MTMI,MDR,2025-01-04,10:00,5.5,traffic_block,pending
BD002774,Engineering,TMS005287,COR02161,PRGD,VLCY,2024-02-27,14:00,3.8,traffic_block,pending
BD002775,Engineering,TMS003135,COR03803,CHPD,HAD,2024-06-30,13:00,2.0,traffic_block,pending
BD002776,Traction Distribution,TDMS001671,COR03618,RLP,SOQ,2024-12-19,14:00,4.3,power_block,pending
BD002777,Signal & Telecommunication,SMMS000029,COR00303,KBPR,BNTL,2025-03-01,02:00,3.1,traffic_block,pending
BD002778,Engineering,TMS003724,COR01365,KLL,SHRD,2025-04-21,13:00,5.9,traffic_block,pending
BD002779,Traction Distribution,TDMS002276,COR01435,UMNR,SKJ,2024-05-13,00:00,2.9,power_block,pending
BD002780,Engineering,TMS005815,COR01949,DLB,POZ,2024-09-13,09:00,1.5,traffic_block,pending
BD002781,Traction Distribution,TDMS001682,COR04469,JPZ,PNVT,2025-03-29,02:00,4.4,power_block,pending
BD002782,Signal & Telecommunication,SMMS002675,COR04447,KFA,SBV,2024-10-04,10:00,0.6,traffic_block,pending
BD002783,Engineering,TMS004147,COR06266,IDM,BSWA,2024-05-26,02:00,2.2,traffic_block,pending
BD002784,Engineering,TMS003061,COR02836,VDH,NVS,2024-04-19,22:00,1.3,traffic_block,pending
BD002785,Engineering,TMS001299,COR05131,BPRS,KKL,2024-09-25,09:00,3.5,traffic_block,pending
BD002786,Engineering,TMS001713,COR04402,NDBT,BRHL,2025-06-19,02:00,2.5,traffic_block,pending
BD002787,Traction Distribution,TDMS000081,COR07464,OBM,SLM,2024-12-10,01:00,3.3,power_block,pending
BD002788,Engineering,TMS003961,COR04176,BZ,SFM,2024-05-28,22:00,4.6,traffic_block,pending
BD002789,Engineering,TMS002981,COR00044,KLRD,CDK,2025-10-14,09:00,2.5,traffic_block,pending
BD002790,Traction Distribution,TDMS001926,COR03711,SD,SUIA,2024-04-10,10:00,4.3,power_block,pending
BD002791,Signal & Telecommunication,SMMS001932,COR01717,MKD,BQF,2024-07-15,02:00,0.5,traffic_block,pending
BD002792,Signal & Telecommunication,SMMS002407,COR00111,LNA,MLI,2026-01-04,11:00,2.7,traffic_block,pending
BD002793,Engineering,TMS004368,COR04465,HOJ,KCF,2025-06-05,02:00,2.0,traffic_block,pending
BD002794,Engineering,TMS004481,COR04953,SNDD,KUDL,2024-11-11,10:00,2.0,traffic_block,pending
BD002795,Engineering,TMS004883,COR02190,KNP,IDJ,2024-07-19,22:00,3.8,traffic_block,pending
BD002796,Engineering,TMS001477,COR01190,MSR,TAZ,2025-05-26,14:00,2.2,traffic_block,pending
BD002797,Engineering,TMS004447,COR00173,PNYA,VKNR,2025-08-23,10:00,1.6,traffic_block,pending
BD002798,Signal & Telecommunication,SMMS001362,COR03175,JNO,HRG,2024-12-26,10:00,3.5,traffic_block,pending
BD002799,Engineering,TMS002913,COR01700,NWR,MDRR,2024-06-22,10:00,1.2,traffic_block,pending
BD002800,Engineering,TMS000164,COR01687,BMR,BHTN,2025-11-10,11:00,4.7,traffic_block,pending
BD002801,Traction Distribution,TDMS001961,COR04026,BHTA,BPKA,2025-01-06,11:00,1.7,power_block,pending
BD002802,Traction Distribution,TDMS002014,COR00696,PLG,KLV,2024-09-05,09:00,2.8,power_block,pending
BD002803,Signal & Telecommunication,SMMS002117,COR00135,KRH,HSI,2025-01-16,00:00,1.2,traffic_block,pending
BD002804,Engineering,TMS005878,COR03606,HMO,HMH,2025-11-22,23:00,5.8,traffic_block,pending
BD002805,Engineering,TMS004458,COR04314,MV,MY,2026-01-03,11:00,5.4,traffic_block,pending
BD002806,Traction Distribution,TDMS000019,COR02077,NTR,SPGR,2024-04-05,22:00,4.1,power_block,pending
BD002807,Engineering,TMS000348,COR02809,BSR,NSP,2024-04-07,01:00,4.1,traffic_block,pending
BD002808,Engineering,TMS003674,COR01655,HW,JWP,2024-05-07,22:00,1.4,traffic_block,pending
BD002809,Traction Distribution,TDMS002055,COR02540,SAG,BSS,2025-07-25,01:00,2.2,power_block,pending
BD002810,Traction Distribution,TDMS001045,COR00495,DKI,KTZ,2024-09-17,22:00,5.0,power_block,pending
BD002811,Traction Distribution,TDMS000945,COR03869,CDH,PXR,2025-09-17,10:00,1.3,power_block,pending
BD002812,Traction Distribution,TDMS001245,COR00310,KHA,TLV,2025-01-31,02:00,3.1,power_block,pending
BD002813,Engineering,TMS005908,COR00612,MABD,GUU,2025-04-23,09:00,4.8,traffic_block,pending
BD002814,Engineering,TMS005517,COR05815,KNSR,LGH,2025-01-21,11:00,0.9,traffic_block,pending
BD002815,Signal & Telecommunication,SMMS002154,COR03570,RSG,VSU,2024-01-28,00:00,3.9,traffic_block,pending
BD002816,Signal & Telecommunication,SMMS002374,COR02497,AJIT,SMR,2025-03-06,01:00,2.9,traffic_block,pending
BD002817,Traction Distribution,TDMS001049,COR00236,SNRR,SBD,2024-09-29,09:00,3.5,power_block,pending
BD002818,Engineering,TMS000137,COR02066,BNKH,DBL,2026-01-01,01:00,2.1,traffic_block,pending
BD002819,Engineering,TMS003779,COR01825,PUW,JRL,2024-02-02,00:00,4.0,traffic_block,pending
BD002820,Engineering,TMS002629,COR01002,BHGN,BXP,2024-01-08,13:00,4.0,traffic_block,pending
BD002821,Traction Distribution,TDMS000939,COR00154,SMDP,PM,2025-06-01,02:00,4.8,power_block,pending
BD002822,Signal & Telecommunication,SMMS002697,COR02691,KZH,KHV,2024-10-10,00:00,0.6,traffic_block,pending
BD002823,Traction Distribution,TDMS000246,COR02118,UNK,AGL,2025-09-15,09:00,2.8,power_block,pending
BD002824,Traction Distribution,TDMS000524,COR01711,SAGM,HATI,2024-11-15,09:00,3.0,power_block,pending
BD002825,Engineering,TMS003385,COR02135,J,SVD,2024-11-22,22:00,2.8,traffic_block,pending
BD002826,Signal & Telecommunication,SMMS001255,COR03820,CJA,NJN,2024-07-01,13:00,1.4,traffic_block,pending
BD002827,Engineering,TMS001803,COR02821,BRRD,UBR,2024-03-03,01:00,4.2,traffic_block,pending
BD002828,Traction Distribution,TDMS000374,COR00238,DDCE,SHR,2024-12-27,13:00,2.2,power_block,pending
BD002829,Traction Distribution,TDMS001537,COR02155,GWYR,KTPM,2024-10-11,09:00,4.8,power_block,pending
BD002830,Signal & Telecommunication,SMMS000177,COR00134,GAL,KRH,2024-04-03,14:00,0.5,traffic_block,pending
BD002831,Traction Distribution,TDMS000956,COR04419,DWR,KRKP,2026-01-01,14:00,3.1,power_block,pending
BD002832,Signal & Telecommunication,SMMS000419,COR00709,MIRA,DIC,2024-08-28,09:00,3.8,traffic_block,pending
BD002833,Signal & Telecommunication,SMMS000075,COR08065,SRTE,GIS,2024-12-04,13:00,2.0,traffic_block,pending
BD002834,Engineering,TMS004574,COR02107,BYD,HVR,2024-10-07,02:00,2.4,traffic_block,pending
BD002835,Signal & Telecommunication,SMMS002034,COR00706,BSR,NIG,2024-10-01,10:00,1.0,traffic_block,pending
BD002836,Engineering,TMS002707,COR01875,RYP,KI,2024-01-17,10:00,3.3,traffic_block,pending
BD002837,Engineering,TMS005528,COR06142,JVN,SRGT,2024-03-07,02:00,3.1,traffic_block,pending
BD002838,Signal & Telecommunication,SMMS002892,COR01712,HATI,JTW,2025-11-09,13:00,2.6,traffic_block,pending
BD002839,Signal & Telecommunication,SMMS001090,COR00952,CUPJ,CUD,2025-01-24,00:00,1.6,traffic_block,pending
BD002840,Traction Distribution,TDMS002009,COR02809,BSR,NSP,2025-08-24,22:00,4.6,power_block,pending
BD002841,Engineering,TMS004249,COR03086,MUKE,MAHE,2025-01-03,11:00,2.9,traffic_block,pending
BD002842,Signal & Telecommunication,SMMS000686,COR00441,WDR,MZL,2024-03-10,11:00,3.2,traffic_block,pending
BD002843,Engineering,TMS002568,COR02153,MTMY,MNDY,2024-11-07,11:00,1.8,traffic_block,pending
BD002844,Engineering,TMS000772,COR04917,TPND,NVRD,2024-02-21,11:00,3.3,traffic_block,pending
BD002845,Traction Distribution,TDMS000485,COR07469,THKU,CHKE,2024-05-08,11:00,4.3,power_block,pending
BD002846,Traction Distribution,TDMS002076,COR00373,SBK,GZT,2024-03-16,09:00,0.8,power_block,pending
BD002847,Signal & Telecommunication,SMMS001104,COR03902,BSPH,JIND,2025-04-14,02:00,2.2,traffic_block,pending
BD002848,Traction Distribution,TDMS000985,COR04689,KFD,SAPE,2024-07-23,22:00,0.5,power_block,pending
BD002849,Signal & Telecommunication,SMMS002216,COR06672,BTRI,KCU,2025-03-20,23:00,1.0,traffic_block,pending
BD002850,Traction Distribution,TDMS001196,COR01703,JKE,PKRD,2025-08-28,14:00,2.2,power_block,pending
BD002851,Engineering,TMS005570,COR08342,BAH,RDHP,2024-08-06,01:00,1.7,traffic_block,pending
BD002852,Engineering,TMS002959,COR02963,BLLI,CNO,2024-08-20,01:00,2.9,traffic_block,pending
BD002853,Engineering,TMS002805,COR00262,PPI,SXF,2025-10-21,11:00,1.9,traffic_block,pending
BD002854,Signal & Telecommunication,SMMS002348,COR06145,TDPM,TUV,2025-02-17,14:00,1.3,traffic_block,pending
BD002855,Engineering,TMS003768,COR03830,TTB,KQY,2025-05-06,11:00,2.1,traffic_block,pending
BD002856,Engineering,TMS002911,COR02831,DGI,JRS,2024-10-05,02:00,0.8,traffic_block,pending
BD002857,Engineering,TMS002102,COR01878,GNN,YP,2025-03-10,00:00,1.5,traffic_block,pending
BD002858,Engineering,TMS001065,COR04682,SVX,KMAH,2024-09-12,10:00,2.7,traffic_block,pending
BD002859,Engineering,TMS001009,COR00052,GUS,DNW,2024-10-05,09:00,4.0,traffic_block,pending
BD002860,Traction Distribution,TDMS000058,COR08524,BYP,MEE,2024-10-07,23:00,2.5,power_block,pending
BD002861,Signal & Telecommunication,SMMS000006,COR00426,RKO,AMQ,2025-12-18,13:00,2.2,traffic_block,pending
BD002862,Engineering,TMS004315,COR01857,CHKB,BHRL,2025-02-16,13:00,1.3,traffic_block,pending
BD002863,Engineering,TMS000240,COR00610,KDM,TAA,2024-07-10,09:00,3.5,traffic_block,pending
BD002864,Engineering,TMS003907,COR00229,BUU,UDR,2024-02-03,23:00,3.9,traffic_block,pending
BD002865,Engineering,TMS003672,COR04053,GDG,HBL,2025-10-24,23:00,4.1,traffic_block,pending
BD002866,Signal & Telecommunication,SMMS001933,COR00955,VKP,NPM,2024-09-26,02:00,1.8,traffic_block,pending
BD002867,Traction Distribution,TDMS001875,COR04080,KTK,NBL,2025-03-12,01:00,0.9,power_block,pending
BD002868,Engineering,TMS000171,COR01933,MVO,DGPP,2024-10-14,00:00,4.9,traffic_block,pending
BD002869,Signal & Telecommunication,SMMS000411,COR04115,SEQ,ALL,2024-01-11,01:00,1.7,traffic_block,pending
BD002870,Engineering,TMS005618,COR01186,BVNR,SNE,2025-06-19,01:00,3.6,traffic_block,pending
BD002871,Engineering,TMS005151,COR01770,MLZ,MXL,2025-03-05,00:00,0.7,traffic_block,pending
BD002872,Engineering,TMS005154,COR00648,SBH,SUL,2024-12-20,22:00,3.5,traffic_block,pending
BD002873,Engineering,TMS000758,COR01892,GUU,MABD,2025-07-28,23:00,4.1,traffic_block,pending
BD002874,Signal & Telecommunication,SMMS001001,COR00250,SRID,KKB,2025-12-13,02:00,3.4,traffic_block,pending
BD002875,Traction Distribution,TDMS002341,COR02983,CMC,ETR,2024-11-01,10:00,0.8,power_block,pending
BD002876,Engineering,TMS002669,COR00685,VAPI,KEB,2024-05-31,11:00,4.0,traffic_block,pending
BD002877,Signal & Telecommunication,SMMS002763,COR02976,NAU,BDJ,2025-05-08,02:00,3.4,traffic_block,pending
BD002878,Signal & Telecommunication,SMMS001162,COR04906,MYA,Y,2024-12-12,10:00,0.6,traffic_block,pending
BD002879,Engineering,TMS001951,COR00209,SRJ,MJHR,2025-01-06,02:00,2.3,traffic_block,pending
BD002880,Traction Distribution,TDMS002257,COR00677,AML,BIM,2025-01-15,13:00,2.5,power_block,pending
BD002881,Signal & Telecommunication,SMMS002293,COR04655,HAA,KAWR,2024-11-02,01:00,1.9,traffic_block,pending
BD002882,Engineering,TMS005903,COR06075,SQF,BHZ,2024-12-06,22:00,3.5,traffic_block,pending
BD002883,Engineering,TMS002794,COR00474,AGQ,CDI,2025-07-29,02:00,5.4,traffic_block,pending
BD002884,Traction Distribution,TDMS002097,COR00472,WGA,BAU,2025-11-01,10:00,4.9,power_block,pending
BD002885,Engineering,TMS002365,COR00966,DKM,CHB,2025-07-03,11:00,1.7,traffic_block,pending
BD002886,Signal & Telecommunication,SMMS000136,COR08057,BWV,TEP,2024-12-20,02:00,0.8,traffic_block,pending
BD002887,Traction Distribution,TDMS000094,COR00172,KZA,PNYA,2025-02-19,02:00,4.4,power_block,pending
BD002888,Engineering,TMS003014,COR00761,PTNR,KRTN,2024-12-14,11:00,5.9,traffic_block,pending
BD002889,Engineering,TMS000036,COR01883,BKL,NVC,2025-01-07,00:00,1.9,traffic_block,pending
BD002890,Signal & Telecommunication,SMMS000569,COR03008,PGC,SHKY,2025-12-05,09:00,3.4,traffic_block,pending
BD002891,Engineering,TMS002991,COR00606,CLE,YGL,2024-09-10,22:00,5.9,traffic_block,pending
BD002892,Traction Distribution,TDMS000007,COR03977,MHTR,TYAE,2025-06-07,02:00,4.9,power_block,pending
BD002893,Signal & Telecommunication,SMMS001821,COR03007,GEB,PGC,2024-02-19,01:00,1.7,traffic_block,pending
BD002894,Traction Distribution,TDMS001124,COR04957,MADR,PERN,2025-06-27,10:00,1.3,power_block,pending
BD002895,Engineering,TMS005829,COR02839,SCH,BHET,2024-11-10,14:00,2.9,traffic_block,pending
BD002896,Engineering,TMS004298,COR04931,VEER,SAPE,2024-07-14,14:00,2.1,traffic_block,pending
BD002897,Engineering,TMS000115,COR06594,JDD,SIKR,2025-01-09,14:00,4.3,traffic_block,pending
BD002898,Engineering,TMS000666,COR01865,HRNR,GHGL,2025-04-29,23:00,4.2,traffic_block,pending
BD002899,Signal & Telecommunication,SMMS000399,COR04044,SAHR,AKS,2024-04-30,10:00,3.5,traffic_block,pending
BD002900,Engineering,TMS002648,COR01245,JTRD,GLV,2024-12-01,00:00,5.0,traffic_block,pending
BD002901,Engineering,TMS000740,COR05940,MIO,JOH,2024-08-05,02:00,1.4,traffic_block,pending
BD002902,Traction Distribution,TDMS000013,COR02279,BRMO,JAN,2025-06-02,13:00,2.7,power_block,pending
BD002903,Engineering,TMS004004,COR04259,RBS,DXK,2024-08-01,00:00,2.3,traffic_block,pending
BD002904,Traction Distribution,TDMS001953,COR00235,NWR,SNRR,2024-01-28,00:00,4.8,power_block,pending
BD002905,Engineering,TMS005332,COR04041,TRN,BSCK,2025-11-12,11:00,0.8,traffic_block,pending
BD002906,Engineering,TMS005373,COR01381,NMJ,KYV,2025-11-29,22:00,1.7,traffic_block,pending
BD002907,Signal & Telecommunication,SMMS002769,COR00151,BDXT,GGN,2024-03-17,22:00,3.1,traffic_block,pending
BD002908,Engineering,TMS000990,COR00153,BWSN,SMDP,2024-10-22,10:00,1.1,traffic_block,pending
BD002909,Traction Distribution,TDMS000578,COR05668,MNKB,DOR,2024-06-01,13:00,2.2,power_block,pending
BD002910,Engineering,TMS004141,COR01719,BNSP,MKP,2024-02-13,10:00,1.5,traffic_block,pending
BD002911,Traction Distribution,TDMS002139,COR07481,DPK,HMH,2024-03-14,02:00,1.2,power_block,pending
BD002912,Engineering,TMS004703,COR00397,PHC,MSH,2025-09-27,22:00,1.1,traffic_block,pending
BD002913,Traction Distribution,TDMS001417,COR00543,PAY,ELM,2024-06-08,09:00,3.4,power_block,pending
BD002914,Signal & Telecommunication,SMMS000007,COR05063,LWR,TVG,2024-04-18,01:00,1.9,traffic_block,pending
BD002915,Traction Distribution,TDMS001456,COR02027,GYN,ATRR,2025-09-10,11:00,1.3,power_block,pending
BD002916,Engineering,TMS002332,COR01075,VJR,SED,2025-09-14,14:00,5.5,traffic_block,pending
BD002917,Signal & Telecommunication,SMMS001938,COR04315,MY,KTM,2024-11-21,22:00,2.3,traffic_block,pending
BD002918,Signal & Telecommunication,SMMS000405,COR03085,NAU,MUKE,2024-10-09,01:00,0.5,traffic_block,pending
BD002919,Engineering,TMS001391,COR00477,DGN,KDK,2025-09-23,09:00,1.0,traffic_block,pending
BD002920,Traction Distribution,TDMS002061,COR03248,RNT,MXL,2025-10-05,02:00,3.9,power_block,pending
BD002921,Engineering,TMS000359,COR00493,BIF,BPF,2025-12-13,11:00,4.6,traffic_block,pending
BD002922,Engineering,TMS003559,COR02813,SAH,KLV,2024-09-28,14:00,3.0,traffic_block,pending
BD002923,Signal & Telecommunication,SMMS002955,COR02531,GJW,PLT,2024-12-29,01:00,1.7,traffic_block,pending
BD002924,Engineering,TMS004722,COR04135,PGI,VLI,2025-08-21,13:00,4.9,traffic_block,pending
BD002925,Engineering,TMS003321,COR00273,PGL,CGO,2024-10-01,00:00,4.4,traffic_block,pending
BD002926,Traction Distribution,TDMS000370,COR04970,LOK,BAHW,2025-10-11,14:00,4.2,power_block,pending
BD002927,Signal & Telecommunication,SMMS001884,COR02139,PDG,PTU,2025-02-25,22:00,2.1,traffic_block,pending
BD002928,Signal & Telecommunication,SMMS002012,COR03330,KUP,RHW,2025-09-22,00:00,1.8,traffic_block,pending
BD002929,Engineering,TMS003364,COR00705,NSP,BSR,2024-04-12,22:00,4.3,traffic_block,pending
BD002930,Traction Distribution,TDMS000296,COR00782,KNAR,HSI,2024-10-11,23:00,4.3,power_block,pending
BD002931,Engineering,TMS002894,COR01628,BVR,ASK,2025-05-21,09:00,5.3,traffic_block,pending
BD002932,Traction Distribution,TDMS002415,COR07456,BINR,GVH,2024-07-21,10:00,2.4,power_block,pending
BD002933,Engineering,TMS003584,COR01333,BNS,SRPJ,2025-12-09,02:00,4.7,traffic_block,pending
BD002934,Engineering,TMS002458,COR03042,KMD,PGR,2025-12-21,23:00,2.3,traffic_block,pending
BD002935,Engineering,TMS004673,COR02799,ADH,JOS,2024-01-30,02:00,5.0,traffic_block,pending
BD002936,Engineering,TMS004579,COR07176,ALS,SVC,2025-07-24,09:00,1.7,traffic_block,pending
BD002937,Engineering,TMS001282,COR02890,HRD,BRUD,2024-08-06,09:00,2.8,traffic_block,pending
BD002938,Signal & Telecommunication,SMMS000864,COR02045,KCB,PJR,2025-01-25,10:00,3.9,traffic_block,pending
BD002939,Traction Distribution,TDMS000710,COR02813,SAH,KLV,2025-08-27,22:00,1.3,power_block,pending
BD002940,Engineering,TMS005401,COR05896,PJH,BNG,2025-12-20,01:00,2.4,traffic_block,pending
BD002941,Signal & Telecommunication,SMMS001316,COR00288,MWA,NPNR,2024-02-11,09:00,1.7,traffic_block,pending
BD002942,Traction Distribution,TDMS001468,COR01892,GUU,MABD,2025-10-21,02:00,3.4,power_block,pending
BD002943,Engineering,TMS002813,COR01735,KDF,RMGJ,2024-10-01,13:00,5.1,traffic_block,pending
BD002944,Engineering,TMS004316,COR03251,NMD,NNW,2025-10-21,22:00,1.3,traffic_block,pending
BD002945,Engineering,TMS000725,COR01315,DRS,MJ,2025-03-04,13:00,3.9,traffic_block,pending
BD002946,Signal & Telecommunication,SMMS001796,COR04091,ORKI,HMK,2025-02-06,10:00,1.5,traffic_block,pending
BD002947,Engineering,TMS004868,COR01313,SOD,BFY,2024-11-09,14:00,0.6,traffic_block,pending
BD002948,Signal & Telecommunication,SMMS001418,COR00683,PAD,UVD,2024-05-12,13:00,1.3,traffic_block,pending
BD002949,Signal & Telecommunication,SMMS002903,COR03689,GMDN,GKL,2024-02-28,00:00,3.1,traffic_block,pending
BD002950,Engineering,TMS001311,COR03084,BDJ,NAU,2024-08-28,01:00,2.5,traffic_block,pending
BD002951,Signal & Telecommunication,SMMS001563,COR00689,UBR,BRRD,2025-09-18,23:00,0.7,traffic_block,pending
BD002952,Engineering,TMS001044,COR05259,PDE,GNS,2025-12-22,11:00,0.5,traffic_block,pending
BD002953,Engineering,TMS004407,COR01123,KJC,SRN,2025-04-04,00:00,6.0,traffic_block,pending
BD002954,Engineering,TMS000138,COR06943,PKDE,SWDE,2024-04-06,11:00,1.1,traffic_block,pending
BD002955,Engineering,TMS004145,COR06434,BAJ,SNA,2025-01-11,14:00,0.9,traffic_block,pending
BD002956,Traction Distribution,TDMS000657,COR00124,SK,NRI,2024-12-14,11:00,1.8,power_block,pending
BD002957,Signal & Telecommunication,SMMS000942,COR02937,WL,CLE,2024-02-20,11:00,3.0,traffic_block,pending
BD002958,Signal & Telecommunication,SMMS002385,COR02151,MTCN,MLHS,2024-11-02,11:00,2.1,traffic_block,pending
BD002959,Engineering,TMS001526,COR04541,CHNR,BDHY,2025-12-04,11:00,0.7,traffic_block,pending
BD002960,Engineering,TMS000210,COR00139,MJNL,BWL,2024-02-15,11:00,3.6,traffic_block,pending
BD002961,Engineering,TMS002650,COR02025,SJGH,JGG,2025-02-18,01:00,2.3,traffic_block,pending
BD002962,Engineering,TMS001031,COR01355,SXS,JDN,2025-11-02,02:00,2.0,traffic_block,pending
BD002963,Engineering,TMS001792,COR03010,UPL,TGU,2025-06-19,02:00,1.9,traffic_block,pending
BD002964,Traction Distribution,TDMS001135,COR00052,GUS,DNW,2024-01-13,01:00,2.2,power_block,pending
BD002965,Engineering,TMS002261,COR00569,KVC,KTI,2024-04-22,14:00,2.2,traffic_block,pending
BD002966,Signal & Telecommunication,SMMS000613,COR04949,RAJP,VBW,2024-03-22,09:00,2.1,traffic_block,pending
BD002967,Signal & Telecommunication,SMMS002686,COR02835,ACL,VDH,2024-11-28,14:00,3.6,traffic_block,pending
BD002968,Signal & Telecommunication,SMMS001004,COR05038,CIH,SOT,2025-01-31,09:00,3.3,traffic_block,pending
BD002969,Engineering,TMS005775,COR03150,KHBV,KARD,2024-07-15,23:00,4.1,traffic_block,pending
BD002970,Traction Distribution,TDMS001314,COR04850,SAC,MLAR,2025-09-27,02:00,4.4,power_block,pending
BD002971,Signal & Telecommunication,SMMS002895,COR04935,DWV,KHED,2024-03-13,02:00,0.8,traffic_block,pending
BD002972,Engineering,TMS004966,COR01141,NAG,TVG,2025-07-01,13:00,1.6,traffic_block,pending
BD002973,Engineering,TMS004813,COR01362,PN,EN,2025-02-18,14:00,4.1,traffic_block,pending
BD002974,Engineering,TMS002026,COR05732,TDPR,CUD,2024-09-11,22:00,4.5,traffic_block,pending
BD002975,Engineering,TMS001953,COR01438,DPL,LAK,2025-11-15,01:00,1.1,traffic_block,pending
BD002976,Engineering,TMS002831,COR04954,KUDL,ZARP,2024-11-26,00:00,5.4,traffic_block,pending
BD002977,Engineering,TMS004372,COR00530,UAA,KMQ,2025-09-17,01:00,3.5,traffic_block,pending
BD002978,Signal & Telecommunication,SMMS000236,COR01405,SEV,MYU,2025-11-24,23:00,3.2,traffic_block,pending
BD002979,Engineering,TMS000880,COR07925,AIH,SUJR,2024-08-01,14:00,1.6,traffic_block,pending
BD002980,Signal & Telecommunication,SMMS002704,COR01478,TGE,CPK,2025-05-01,14:00,2.6,traffic_block,pending
BD002981,Engineering,TMS002640,COR05852,MON,BK,2025-04-30,11:00,4.8,traffic_block,pending
BD002982,Engineering,TMS003114,COR02700,ASE,BGZ,2024-01-20,13:00,4.9,traffic_block,pending
BD002983,Engineering,TMS000018,COR06139,CDA,LM,2025-11-27,14:00,2.9,traffic_block,pending
BD002984,Traction Distribution,TDMS002355,COR00688,SJN,UBR,2024-06-27,02:00,1.5,power_block,pending
BD002985,Engineering,TMS000226,COR00767,GGN,BDXT,2024-02-11,22:00,2.8,traffic_block,pending
BD002986,Engineering,TMS004779,COR00260,JHT,BKH,2024-05-11,14:00,0.7,traffic_block,pending
BD002987,Engineering,TMS003347,COR00376,AKS,SAHR,2024-07-09,14:00,4.4,traffic_block,pending
BD002988,Signal & Telecommunication,SMMS002770,COR03941,RKR,JJA,2024-07-14,14:00,1.5,traffic_block,pending
BD002989,Signal & Telecommunication,SMMS002853,COR02302,BMHR,MOZ,2024-09-22,14:00,3.7,traffic_block,pending
BD002990,Engineering,TMS003639,COR04665,MADR,SWV,2025-08-11,00:00,4.1,traffic_block,pending
BD002991,Engineering,TMS003101,COR02832,JRS,BIM,2025-11-26,13:00,5.2,traffic_block,pending
BD002992,Engineering,TMS003231,COR02823,SJN,BLD,2025-09-13,11:00,1.4,traffic_block,pending
BD002993,Engineering,TMS003838,COR01355,SXS,JDN,2025-11-23,23:00,1.4,traffic_block,pending
BD002994,Engineering,TMS004647,COR03826,OTN,FKG,2024-03-12,02:00,1.6,traffic_block,pending
BD002995,Traction Distribution,TDMS000117,COR01937,UPR,PTU,2024-08-21,10:00,2.3,power_block,pending
BD002996,Engineering,TMS000061,COR00207,MFX,LOG,2024-02-07,00:00,1.6,traffic_block,pending
BD002997,Engineering,TMS002511,COR00698,SAH,VTN,2024-02-17,13:00,2.4,traffic_block,pending
BD002998,Engineering,TMS000954,COR04478,MTA,SGBJ,2024-07-08,11:00,4.3,traffic_block,pending
BD002999,Engineering,TMS000935,COR00278,PAL,MUO,2024-03-11,02:00,2.6,traffic_block,pending
BD003000,Engineering,TMS004219,COR07985,PHM,PLH,2026-01-04,09:00,0.8,traffic_block,pending
BD003001,Traction Distribution,TDMS001237,COR02772,MSP,JDW,2024-01-29,10:00,1.3,power_block,pending
BD003002,Signal & Telecommunication,SMMS002755,COR01860,MDPB,KTHU,2024-02-10,14:00,1.6,traffic_block,pending
BD003003,Signal & Telecommunication,SMMS001570,COR01035,KKET,TTLA,2025-01-10,01:00,1.2,traffic_block,pending
BD003004,Signal & Telecommunication,SMMS000139,COR00620,CKN,NVC,2025-10-01,09:00,2.2,traffic_block,pending
BD003005,Signal & Telecommunication,SMMS000432,COR02811,VR,VTN,2025-07-08,00:00,3.5,traffic_block,pending
BD003006,Traction Distribution,TDMS001793,COR03843,SFR,BOJ,2025-04-27,23:00,3.5,power_block,pending
BD003007,Engineering,TMS001814,COR06042,TQN,BXM,2024-03-01,10:00,4.7,traffic_block,pending
BD003008,Engineering,TMS000824,COR00233,PTWA,KTE,2024-10-11,09:00,3.7,traffic_block,pending
BD003009,Traction Distribution,TDMS001816,COR02663,BTI,KZW,2025-04-08,10:00,3.8,power_block,pending
BD003010,Traction Distribution,TDMS002495,COR01698,SBD,SNRR,2025-05-29,02:00,1.8,power_block,pending
BD003011,Engineering,TMS001316,COR01918,JOA,KRPR,2024-11-07,13:00,3.7,traffic_block,pending
BD003012,Signal & Telecommunication,SMMS000020,COR01601,SVNR,KVS,2024-07-01,23:00,3.6,traffic_block,pending
BD003013,Engineering,TMS005146,COR00059,BHU,UJA,2025-04-08,22:00,3.0,traffic_block,pending
BD003014,Engineering,TMS004975,COR00677,AML,BIM,2025-07-27,01:00,5.0,traffic_block,pending
BD003015,Engineering,TMS004090,COR00555,MGWN,MIH,2024-03-16,02:00,4.1,traffic_block,pending
BD003016,Engineering,TMS002352,COR01801,FDK,GZS,2025-08-25,02:00,1.6,traffic_block,pending
BD003017,Engineering,TMS003867,COR00627,GNN,CVV,2025-01-15,09:00,1.3,traffic_block,pending
BD003018,Engineering,TMS004178,COR02109,KJG,KVS,2024-12-23,10:00,3.1,traffic_block,pending
BD003019,Signal & Telecommunication,SMMS000473,COR00038,SUNR,BLRD,2025-06-08,10:00,1.3,traffic_block,pending
BD003020,Traction Distribution,TDMS000495,COR06401,BHLP,MUV,2025-03-04,02:00,2.8,power_block,pending
BD003021,Engineering,TMS002942,COR01904,MTV,BIDR,2025-08-10,13:00,2.4,traffic_block,pending
BD003022,Engineering,TMS003781,COR01435,UMNR,SKJ,2025-09-28,02:00,5.4,traffic_block,pending
BD003023,Engineering,TMS002347,COR01746,SFNR,INDM,2024-08-18,00:00,4.0,traffic_block,pending
BD003024,Engineering,TMS000038,COR05357,DAG,BGU,2025-11-21,09:00,5.0,traffic_block,pending
BD003025,Engineering,TMS002157,COR06482,PEE,KYH,2025-10-18,13:00,5.8,traffic_block,pending
BD003026,Engineering,TMS004032,COR01881,MDR,MTMI,2024-05-26,09:00,4.9,traffic_block,pending
BD003027,Signal & Telecommunication,SMMS002474,COR03869,CDH,PXR,2024-11-27,01:00,2.6,traffic_block,pending
BD003028,Signal & Telecommunication,SMMS002864,COR05027,BNQ,CRX,2025-03-26,14:00,4.0,traffic_block,pending
BD003029,Engineering,TMS005658,COR01843,KKL,BPRS,2024-09-07,01:00,1.1,traffic_block,pending
BD003030,Engineering,TMS000949,COR00844,NMH,HKL,2025-12-17,00:00,4.2,traffic_block,pending
BD003031,Engineering,TMS002082,COR01909,KCP,KMNR,2025-01-12,01:00,0.6,traffic_block,pending
BD003032,Engineering,TMS002243,COR04943,UKC,BOKE,2024-10-16,11:00,0.7,traffic_block,pending
BD003033,Signal & Telecommunication,SMMS001462,COR00317,BERO,JOC,2025-08-08,22:00,2.7,traffic_block,pending
BD003034,Engineering,TMS003400,COR00063,DRW,CHP,2024-11-20,01:00,5.1,traffic_block,pending
BD003035,Engineering,TMS000731,COR00482,DRHI,KKN,2025-10-28,22:00,5.8,traffic_block,pending
BD003036,Engineering,TMS004685,COR03882,DBSI,SSB,2025-01-13,14:00,5.1,traffic_block,pending
BD003037,Engineering,TMS002006,COR04945,RN,NIV,2025-01-23,13:00,4.8,traffic_block,pending
BD003038,Engineering,TMS004096,COR02823,SJN,BLD,2025-06-29,01:00,1.7,traffic_block,pending
BD003039,Engineering,TMS003813,COR01668,GRO,SQL,2025-10-31,02:00,2.6,traffic_block,pending
BD003040,Signal & Telecommunication,SMMS000998,COR01476,AJRE,DML,2025-10-12,13:00,0.6,traffic_block,pending
BD003041,Engineering,TMS005581,COR00638,DRSN,MZH,2025-09-23,23:00,3.4,traffic_block,pending
BD003042,Signal & Telecommunication,SMMS001621,COR02457,LKX,MTFA,2025-10-17,22:00,2.6,traffic_block,pending
BD003043,Signal & Telecommunication,SMMS001915,COR00509,GGR,SNYN,2025-01-04,02:00,2.6,traffic_block,pending
BD003044,Engineering,TMS003398,COR01648,NDV,MDLL,2025-04-24,14:00,1.1,traffic_block,pending
BD003045,Signal & Telecommunication,SMMS002165,COR00146,PTRD,JSKA,2025-03-28,00:00,2.2,traffic_block,pending
BD003046,Traction Distribution,TDMS000813,COR02182,LVR,PDPR,2024-10-03,00:00,3.7,power_block,pending
BD003047,Traction Distribution,TDMS000489,COR03645,PLVA,KKLR,2025-05-31,23:00,4.8,power_block,pending
BD003048,Traction Distribution,TDMS001300,COR01703,JKE,PKRD,2025-06-09,23:00,1.3,power_block,pending
BD003049,Engineering,TMS001251,COR00488,HD,CRK,2024-07-03,11:00,1.9,traffic_block,pending
BD003050,Traction Distribution,TDMS000793,COR03851,NHK,DJG,2025-07-28,09:00,3.3,power_block,pending
BD003051,Signal & Telecommunication,SMMS000498,COR00512,MDPA,BHL,2025-12-03,01:00,3.9,traffic_block,pending
BD003052,Engineering,TMS001215,COR05072,RPI,SSR,2024-01-30,00:00,5.1,traffic_block,pending
BD003053,Traction Distribution,TDMS000168,COR03255,COO,PDZ,2025-11-04,09:00,0.9,power_block,pending
BD003054,Engineering,TMS002055,COR06383,ALY,DRGJ,2025-12-11,00:00,1.9,traffic_block,pending
BD003055,Traction Distribution,TDMS002302,COR03738,VPZ,KZC,2025-02-21,23:00,3.0,power_block,pending
BD003056,Traction Distribution,TDMS002159,COR06989,MSDH,RGH,2026-01-04,00:00,4.7,power_block,pending
BD003057,Traction Distribution,TDMS001229,COR00854,CRU,LBG,2024-08-31,01:00,2.1,power_block,pending
BD003058,Engineering,TMS000237,COR01007,BXJ,KHKT,2024-11-28,22:00,2.5,traffic_block,pending
BD003059,Engineering,TMS003315,COR04603,GRU,KCF,2025-04-28,10:00,3.3,traffic_block,pending
BD003060,Traction Distribution,TDMS001664,COR01784,DRU,RRB,2025-11-15,13:00,2.2,power_block,pending
BD003061,Engineering,TMS003202,COR00332,DYK,KRYA,2025-08-15,13:00,5.2,traffic_block,pending
BD003062,Engineering,TMS005779,COR05887,DLI,DKZ,2025-09-10,02:00,2.7,traffic_block,pending
BD003063,Engineering,TMS002271,COR00209,SRJ,MJHR,2024-04-22,00:00,3.5,traffic_block,pending
BD003064,Engineering,TMS003003,COR01866,GHGL,SMBX,2025-04-17,13:00,2.0,traffic_block,pending
BD003065,Engineering,TMS004660,COR01364,CTRL,KLL,2024-06-01,14:00,1.4,traffic_block,pending
BD003066,Engineering,TMS003483,COR00692,DRD,VGN,2024-05-12,00:00,2.5,traffic_block,pending
BD003067,Signal & Telecommunication,SMMS000372,COR01835,BLAX,DWX,2024-12-03,10:00,3.6,traffic_block,pending
BD003068,Engineering,TMS001150,COR04669,SNDD,KKW,2024-09-06,10:00,4.9,traffic_block,pending
BD003069,Signal & Telecommunication,SMMS000945,COR02865,KUG,UBL,2025-02-13,09:00,1.4,traffic_block,pending
BD003070,Engineering,TMS002521,COR01930,PBN,PG,2025-11-04,13:00,5.5,traffic_block,pending
BD003071,Engineering,TMS002522,COR00281,KRO,KKN,2025-04-30,10:00,1.3,traffic_block,pending
BD003072,Engineering,TMS002760,COR05194,MVJ,FAN,2025-11-15,09:00,2.4,traffic_block,pending
BD003073,Signal & Telecommunication,SMMS001797,COR00689,UBR,BRRD,2024-04-28,13:00,0.9,traffic_block,pending
BD003074,Engineering,TMS000534,COR02296,MOTC,HW,2025-09-02,23:00,1.0,traffic_block,pending
BD003075,Traction Distribution,TDMS002298,COR04698,NGTN,KASU,2025-09-08,23:00,0.9,power_block,pending
BD003076,Engineering,TMS005421,COR00574,MAI,HRNG,2024-12-17,02:00,4.8,traffic_block,pending
BD003077,Engineering,TMS004194,COR01192,RMP,KRG,2025-06-22,11:00,3.6,traffic_block,pending
BD003078,Engineering,TMS005458,COR03869,CDH,PXR,2025-01-19,01:00,5.2,traffic_block,pending
BD003079,Engineering,TMS002850,COR04324,SPL,PML,2025-08-10,02:00,5.1,traffic_block,pending
BD003080,Engineering,TMS005637,COR00699,VTN,VR,2025-06-08,22:00,3.8,traffic_block,pending
BD003081,Traction Distribution,TDMS001175,COR01674,PPI,BKH,2024-02-05,01:00,0.9,power_block,pending
BD003082,Engineering,TMS000737,COR06305,JOC,GRB,2025-10-25,11:00,3.8,traffic_block,pending
BD003083,Engineering,TMS004058,COR03785,DEW,SNV,2024-03-03,00:00,3.9,traffic_block,pending
BD003084,Engineering,TMS003251,COR02817,BOR,VGN,2025-10-26,14:00,2.8,traffic_block,pending
BD003085,Engineering,TMS004830,COR03035,PUL,LHM,2024-08-31,00:00,3.7,traffic_block,pending
BD003086,Engineering,TMS002263,COR04067,KSAR,LMT,2024-12-20,14:00,2.9,traffic_block,pending
BD003087,Signal & Telecommunication,SMMS000444,COR01687,BMR,BHTN,2024-04-13,22:00,1.5,traffic_block,pending
BD003088,Engineering,TMS000290,COR02798,VLP,ADH,2024-02-22,01:00,4.8,traffic_block,pending
BD003089,Engineering,TMS003433,COR04137,KN,FK,2024-07-24,09:00,0.6,traffic_block,pending
BD003090,Signal & Telecommunication,SMMS002511,COR02598,BKJ,UD,2024-08-25,02:00,0.9,traffic_block,pending
BD003091,Traction Distribution,TDMS000157,COR04364,MNO,SPP,2024-12-03,00:00,3.6,power_block,pending
BD003092,Engineering,TMS001422,COR04799,CHN,BAT,2025-02-21,09:00,1.3,traffic_block,pending
BD003093,Engineering,TMS002976,COR01880,TNGM,MDR,2025-12-24,10:00,2.7,traffic_block,pending
BD003094,Signal & Telecommunication,SMMS001340,COR02686,JIND,BSPH,2025-01-10,22:00,2.7,traffic_block,pending
BD003095,Engineering,TMS003478,COR03838,MZA,NZR,2024-11-25,00:00,5.1,traffic_block,pending
BD003096,Engineering,TMS004607,COR03968,SHBA,DHAE,2025-12-25,13:00,2.2,traffic_block,pending
BD003097,Signal & Telecommunication,SMMS002781,COR05457,FTD,LOD,2024-09-03,14:00,1.3,traffic_block,pending
BD003098,Engineering,TMS004811,COR03867,RHA,PDX,2024-02-20,14:00,2.0,traffic_block,pending
BD003099,Signal & Telecommunication,SMMS002025,COR00482,DRHI,KKN,2024-10-14,23:00,2.1,traffic_block,pending
BD003100,Engineering,TMS003481,COR04917,TPND,NVRD,2024-08-20,22:00,5.0,traffic_block,pending
BD003101,Engineering,TMS000665,COR02149,MCPT,MCPK,2024-08-25,01:00,5.4,traffic_block,pending
BD003102,Engineering,TMS000541,COR02582,KAWR,HAA,2025-10-07,13:00,1.3,traffic_block,pending
BD003103,Engineering,TMS005727,COR01885,CKN,PNDP,2024-01-19,00:00,1.6,traffic_block,pending
BD003104,Traction Distribution,TDMS001820,COR00559,JWP,HW,2025-07-02,09:00,4.6,power_block,pending
BD003105,Traction Distribution,TDMS000986,COR04949,RAJP,VBW,2025-06-19,01:00,3.5,power_block,pending
BD003106,Engineering,TMS000753,COR01866,GHGL,SMBX,2024-09-01,02:00,2.4,traffic_block,pending
BD003107,Engineering,TMS000741,COR01367,CDK,KLRD,2024-03-28,13:00,5.7,traffic_block,pending
BD003108,Signal & Telecommunication,SMMS002044,COR02695,ABO,KRZ,2024-05-30,13:00,1.1,traffic_block,pending
BD003109,Engineering,TMS002553,COR01870,GWV,GDPL,2024-03-25,22:00,1.0,traffic_block,pending
BD003110,Signal & Telecommunication,SMMS000874,COR01765,COO,GGC,2024-02-08,14:00,2.6,traffic_block,pending
BD003111,Traction Distribution,TDMS000846,COR00486,MUO,PAL,2025-08-02,23:00,3.4,power_block,pending
BD003112,Engineering,TMS004140,COR04709,RWL,VRH,2025-11-05,22:00,1.6,traffic_block,pending
BD003113,Engineering,TMS000517,COR01405,SEV,MYU,2025-06-30,23:00,4.7,traffic_block,pending
BD003114,Engineering,TMS001706,COR00867,FKB,NVT,2024-10-23,10:00,3.8,traffic_block,pending
BD003115,Signal & Telecommunication,SMMS002089,COR01918,JOA,KRPR,2025-02-16,10:00,3.0,traffic_block,pending
BD003116,Traction Distribution,TDMS001574,COR04505,BJP,IMR,2024-11-03,14:00,2.9,power_block,pending
BD003117,Engineering,TMS000614,COR00206,JSR,MFX,2025-05-21,02:00,3.3,traffic_block,pending
BD003118,Traction Distribution,TDMS000652,COR03083,IGL,BDJ,2025-03-22,09:00,4.5,power_block,pending
BD003119,Engineering,TMS001132,COR02352,BOM,PMY,2025-11-16,10:00,3.7,traffic_block,pending
BD003120,Engineering,TMS004634,COR02830,BL,DGI,2025-01-08,01:00,3.6,traffic_block,pending
BD003121,Engineering,TMS002505,COR02829,ATUL,BL,2024-07-28,10:00,5.5,traffic_block,pending
BD003122,Traction Distribution,TDMS001412,COR00235,NWR,SNRR,2024-10-24,22:00,1.7,power_block,pending
BD003123,Signal & Telecommunication,SMMS002587,COR04550,UCB,DZA,2024-03-09,14:00,3.7,traffic_block,pending
BD003124,Engineering,TMS005440,COR04809,RNQ,JRQ,2025-08-21,23:00,1.7,traffic_block,pending
BD003125,Signal & Telecommunication,SMMS000617,COR01879,YP,TNGM,2025-01-22,22:00,3.3,traffic_block,pending
BD003126,Signal & Telecommunication,SMMS002330,COR05221,AAH,AXK,2025-11-23,14:00,0.5,traffic_block,pending
BD003127,Engineering,TMS003484,COR00859,MUE,SVN,2025-09-25,09:00,1.0,traffic_block,pending
BD003128,Traction Distribution,TDMS001891,COR00242,ADTL,JBP,2025-11-23,22:00,3.8,power_block,pending
BD003129,Engineering,TMS001555,COR01117,AL,RLG,2025-10-07,01:00,3.8,traffic_block,pending
BD003130,Traction Distribution,TDMS000404,COR02395,WKRC,AXA,2024-10-18,01:00,3.6,power_block,pending
BD003131,Engineering,TMS004422,COR05575,ROK,GHNA,2024-10-07,01:00,4.3,traffic_block,pending
BD003132,Engineering,TMS003091,COR01703,JKE,PKRD,2025-01-30,01:00,3.4,traffic_block,pending
BD003133,Engineering,TMS005824,COR01098,IDP,VPG,2025-11-23,10:00,3.5,traffic_block,pending
BD003134,Signal & Telecommunication,SMMS001514,COR02152,MLHS,MTMY,2025-01-07,13:00,2.3,traffic_block,pending
BD003135,Engineering,TMS000039,COR04462,MJE,MDT,2024-07-27,11:00,3.0,traffic_block,pending
BD003136,Engineering,TMS002610,COR00092,SOS,BWA,2024-06-04,22:00,5.1,traffic_block,pending
BD003137,Engineering,TMS001209,COR03982,CWLE,KTLR,2024-08-22,22:00,1.4,traffic_block,pending
BD003138,Engineering,TMS002564,COR02189,GNJ,KNP,2025-10-27,22:00,3.9,traffic_block,pending
BD003139,Engineering,TMS000979,COR03260,DNHK,FSP,2024-07-13,22:00,2.0,traffic_block,pending
BD003140,Engineering,TMS000721,COR02828,PAD,ATUL,2025-05-22,22:00,4.2,traffic_block,pending
BD003141,Engineering,TMS001641,COR00342,LMP,KITN,2024-10-07,11:00,5.7,traffic_block,pending
BD003142,Engineering,TMS005094,COR04195,SDLP,HR,2024-10-12,11:00,6.0,traffic_block,pending
BD003143,Engineering,TMS003185,COR02675,KAGR,JHL,2024-12-09,11:00,1.0,traffic_block,pending
BD003144,Engineering,TMS001222,COR01824,CKD,PUW,2024-01-14,00:00,1.7,traffic_block,pending
BD003145,Traction Distribution,TDMS001483,COR03116,TQA,BAHP,2024-06-10,23:00,5.0,power_block,pending
BD003146,Signal & Telecommunication,SMMS002249,COR02056,HGL,LUR,2024-08-08,09:00,1.8,traffic_block,pending
BD003147,Signal & Telecommunication,SMMS000334,COR01413,URL,PAS,2025-02-26,09:00,3.2,traffic_block,pending
BD003148,Signal & Telecommunication,SMMS001216,COR06394,ALMW,AHM,2025-12-26,23:00,4.0,traffic_block,pending
BD003149,Traction Distribution,TDMS002317,COR03087,MAHE,JGE,2024-12-26,13:00,2.9,power_block,pending
BD003150,Engineering,TMS005299,COR02809,BSR,NSP,2025-08-19,13:00,4.7,traffic_block,pending
BD003151,Traction Distribution,TDMS002481,COR00049,EN,PN,2025-06-12,14:00,3.4,power_block,pending
BD003152,Traction Distribution,TDMS002283,COR02450,KWAE,KWF,2025-12-17,09:00,3.0,power_block,pending
BD003153,Engineering,TMS000856,COR01658,PRI,ATMO,2024-07-25,22:00,5.5,traffic_block,pending
BD003154,Engineering,TMS001373,COR00694,BOR,UOI,2025-06-20,23:00,1.1,traffic_block,pending
BD003155,Engineering,TMS004034,COR00054,KYSD,UMN,2025-09-19,00:00,4.7,traffic_block,pending
BD003156,Engineering,TMS002146,COR04177,SFM,CJL,2025-01-03,13:00,0.6,traffic_block,pending
BD003157,Traction Distribution,TDMS001865,COR00626,YP,GNN,2025-07-14,09:00,4.1,power_block,pending
BD003158,Engineering,TMS002169,COR02149,MCPT,MCPK,2025-04-03,13:00,5.6,traffic_block,pending
BD003159,Engineering,TMS001882,COR01010,RXRX,RXR,2025-01-17,01:00,2.9,traffic_block,pending
BD003160,Engineering,TMS001720,COR02819,DRD,GVD,2025-04-15,02:00,3.7,traffic_block,pending
BD003161,Signal & Telecommunication,SMMS001604,COR01279,VMM,KNPL,2025-07-19,09:00,1.1,traffic_block,pending
BD003162,Engineering,TMS005093,COR03910,KLWN,TUN,2024-07-18,22:00,4.8,traffic_block,pending
BD003163,Signal & Telecommunication,SMMS001088,COR07025,TLE,MHQ,2024-07-20,01:00,2.2,traffic_block,pending
BD003164,Signal & Telecommunication,SMMS001190,COR02160,TRMN,PRGD,2025-11-05,00:00,3.1,traffic_block,pending
BD003165,Traction Distribution,TDMS001157,COR01850,UCB,MEX,2026-01-04,13:00,2.7,power_block,pending
BD003166,Engineering,TMS000613,COR00135,KRH,HSI,2024-10-01,01:00,3.1,traffic_block,pending
BD003167,Traction Distribution,TDMS001025,COR03779,TUD,NAB,2024-07-29,11:00,1.5,power_block,pending
BD003168,Engineering,TMS005586,COR05135,ADRA,JOC,2025-11-16,14:00,5.9,traffic_block,pending
BD003169,Signal & Telecommunication,SMMS000539,COR06563,BTGH,AMC,2025-02-04,02:00,2.5,traffic_block,pending
BD003170,Engineering,TMS005721,COR02041,MGO,SEI,2025-02-08,01:00,2.6,traffic_block,pending
BD003171,Engineering,TMS002579,COR01785,RRB,SPV,2024-01-30,10:00,5.2,traffic_block,pending
BD003172,Signal & Telecommunication,SMMS000435,COR01896,INK,NKD,2024-06-23,01:00,3.5,traffic_block,pending
BD003173,Engineering,TMS001053,COR03939,JCU,SWAR,2024-01-18,09:00,3.0,traffic_block,pending
BD003174,Engineering,TMS000402,COR01763,KNDP,PDZ,2024-04-07,09:00,3.0,traffic_block,pending
BD003175,Signal & Telecommunication,SMMS001032,COR06389,BYH,ATRR,2025-12-07,22:00,1.2,traffic_block,pending
BD003176,Signal & Telecommunication,SMMS001700,COR03688,SHM,PDPK,2025-01-12,10:00,2.1,traffic_block,pending
BD003177,Traction Distribution,TDMS002084,COR06380,PDY,VI,2025-06-12,02:00,4.1,power_block,pending
BD003178,Engineering,TMS001015,COR05978,BPM,SUJR,2025-09-14,00:00,2.8,traffic_block,pending
BD003179,Signal & Telecommunication,SMMS000143,COR06143,NIL,VNB,2025-04-15,02:00,2.5,traffic_block,pending
BD003180,Engineering,TMS002888,COR05429,BHDR,LGO,2025-02-20,09:00,2.2,traffic_block,pending
BD003181,Traction Distribution,TDMS002263,COR02664,KZW,KTF,2024-07-15,13:00,2.9,power_block,pending
BD003182,Engineering,TMS002393,COR02820,GVD,BRRD,2024-04-11,09:00,1.6,traffic_block,pending
BD003183,Signal & Telecommunication,SMMS001384,COR02379,KHRS,SR,2024-07-31,09:00,2.9,traffic_block,pending
BD003184,Engineering,TMS003859,COR00657,CNC,KUD,2025-07-05,00:00,5.0,traffic_block,pending
BD003185,Engineering,TMS002384,COR04257,FTS,AED,2025-07-06,23:00,3.2,traffic_block,pending
BD003186,Engineering,TMS001090,COR04704,NVRD,TPND,2024-08-26,11:00,1.6,traffic_block,pending
BD003187,Engineering,TMS002276,COR00431,BMO,GOPL,2025-12-26,10:00,3.1,traffic_block,pending
BD003188,Signal & Telecommunication,SMMS001397,COR04540,CKDL,CHNR,2024-12-14,02:00,2.5,traffic_block,pending
BD003189,Engineering,TMS002034,COR01761,HAN,SMBJ,2024-08-04,09:00,5.8,traffic_block,pending
BD003190,Traction Distribution,TDMS001556,COR03941,RKR,JJA,2024-04-24,09:00,4.5,power_block,pending
BD003191,Engineering,TMS005080,COR03035,PUL,LHM,2025-04-02,02:00,4.3,traffic_block,pending
BD003192,Engineering,TMS003646,COR02813,SAH,KLV,2024-09-10,13:00,3.1,traffic_block,pending
BD003193,Engineering,TMS002363,COR02973,JGE,MAHE,2024-10-30,11:00,2.9,traffic_block,pending
BD003194,Signal & Telecommunication,SMMS000242,COR02169,CVP,SRT,2025-09-07,11:00,2.1,traffic_block,pending
BD003195,Engineering,TMS000950,COR02082,RDI,BNK,2025-01-17,13:00,1.1,traffic_block,pending
BD003196,Traction Distribution,TDMS002388,COR03758,KVA,UTL,2025-10-27,23:00,2.9,power_block,pending
BD003197,Traction Distribution,TDMS000334,COR03659,UPL,NDM,2024-02-03,09:00,2.5,power_block,pending
BD003198,Engineering,TMS004664,COR01174,RKD,HTK,2024-05-21,10:00,5.1,traffic_block,pending
BD003199,Signal & Telecommunication,SMMS000030,COR01906,KHNP,HBU,2025-04-07,02:00,0.9,traffic_block,pending
BD003200,Traction Distribution,TDMS002425,COR03852,DJG,BDT,2025-08-27,10:00,3.0,power_block,pending
BD003201,Engineering,TMS004337,COR01956,KRTN,NRVR,2024-02-23,02:00,1.1,traffic_block,pending
BD003202,Engineering,TMS001696,COR00765,SMDP,BWSN,2024-07-20,00:00,5.5,traffic_block,pending
BD003203,Engineering,TMS001872,COR02676,JHL,HMQ,2025-07-19,11:00,2.0,traffic_block,pending
BD003204,Engineering,TMS004306,COR07066,SBLT,OCH,2025-08-19,09:00,3.8,traffic_block,pending
BD003205,Engineering,TMS002558,COR02759,PKO,NS,2025-03-07,14:00,5.7,traffic_block,pending
BD003206,Engineering,TMS004067,COR04235,FAN,MVJ,2024-04-11,14:00,2.5,traffic_block,pending
BD003207,Signal & Telecommunication,SMMS002299,COR02583,HAA,ANKL,2024-03-20,11:00,2.7,traffic_block,pending
BD003208,Signal & Telecommunication,SMMS002195,COR05000,MKY,MTNL,2024-11-10,14:00,3.9,traffic_block,pending
BD003209,Signal & Telecommunication,SMMS000519,COR03751,BLT,KHTX,2024-08-22,14:00,1.6,traffic_block,pending
BD003210,Engineering,TMS005600,COR00612,MABD,GUU,2025-04-21,11:00,4.8,traffic_block,pending
BD003211,Engineering,TMS005780,COR02811,VR,VTN,2024-06-01,11:00,2.8,traffic_block,pending
BD003212,Signal & Telecommunication,SMMS001401,COR02740,KZTW,KZT,2024-09-28,14:00,0.5,traffic_block,pending
BD003213,Engineering,TMS002086,COR07181,PIL,KCI,2024-01-18,23:00,4.4,traffic_block,pending
BD003214,Engineering,TMS003656,COR02815,PLG,UOI,2024-01-14,02:00,3.5,traffic_block,pending
BD003215,Engineering,TMS005544,COR04232,PMO,KIN,2024-11-26,22:00,2.5,traffic_block,pending
BD003216,Traction Distribution,TDMS002088,COR02318,KDHA,UDM,2024-12-20,14:00,0.9,power_block,pending
BD003217,Signal & Telecommunication,SMMS001668,COR00029,LXR,DL,2025-07-07,09:00,2.5,traffic_block,pending
BD003218,Traction Distribution,TDMS001742,COR01886,PNDP,KMT,2025-11-27,22:00,1.4,power_block,pending
BD003219,Engineering,TMS005834,COR03160,RGJ,JTK,2025-09-02,13:00,5.6,traffic_block,pending
BD003220,Traction Distribution,TDMS001761,COR01347,UM,CHP,2024-02-02,14:00,3.2,power_block,pending
BD003221,Engineering,TMS002287,COR04258,AED,RBS,2025-10-02,14:00,1.7,traffic_block,pending
BD003222,Engineering,TMS003289,COR00856,WNG,NED,2024-04-10,00:00,4.7,traffic_block,pending
BD003223,Traction Distribution,TDMS000797,COR01688,BHTN,BRGT,2025-06-07,22:00,0.8,power_block,pending
BD003224,Signal & Telecommunication,SMMS002530,COR04545,SJNP,BHRL,2024-04-29,13:00,3.5,traffic_block,pending
BD003225,Engineering,TMS003283,COR01296,AII,DOZ,2024-04-25,22:00,0.9,traffic_block,pending
BD003226,Traction Distribution,TDMS002090,COR02539,BZ,SAG,2025-11-29,13:00,2.3,power_block,pending
BD003227,Engineering,TMS003260,COR01949,DLB,POZ,2025-07-02,01:00,3.2,traffic_block,pending
BD003228,Engineering,TMS001878,COR00759,DEE,DBSI,2024-08-06,00:00,1.9,traffic_block,pending
BD003229,Signal & Telecommunication,SMMS002480,COR00995,KQY,TTB,2024-01-25,22:00,1.1,traffic_block,pending
BD003230,Traction Distribution,TDMS000855,COR02085,SSNH,HVL,2025-10-05,09:00,1.2,power_block,pending
BD003231,Engineering,TMS005520,COR03264,BAMA,BR,2025-12-03,00:00,0.8,traffic_block,pending
BD003232,Engineering,TMS004888,COR05281,AP,KDO,2025-07-31,09:00,3.7,traffic_block,pending
BD003233,Signal & Telecommunication,SMMS001295,COR00293,WGA,RV,2025-08-04,14:00,3.1,traffic_block,pending
BD003234,Engineering,TMS005844,COR02681,DHY,NRW,2025-10-21,01:00,1.1,traffic_block,pending
BD003235,Signal & Telecommunication,SMMS001263,COR00052,GUS,DNW,2025-01-07,14:00,2.3,traffic_block,pending
BD003236,Signal & Telecommunication,SMMS001857,COR01567,BVNR,TKR,2025-11-28,13:00,1.9,traffic_block,pending
BD003237,Signal & Telecommunication,SMMS001954,COR00694,BOR,UOI,2024-04-17,22:00,1.7,traffic_block,pending
BD003238,Engineering,TMS000351,COR02088,RRB,NVF,2024-04-02,11:00,4.9,traffic_block,pending
BD003239,Signal & Telecommunication,SMMS001697,COR01720,MKP,PNHI,2025-05-09,02:00,3.8,traffic_block,pending
BD003240,Traction Distribution,TDMS000839,COR02336,VRR,NUD,2025-08-01,14:00,0.8,power_block,pending
BD003241,Engineering,TMS001769,COR00313,DMA,MDKD,2024-07-13,02:00,2.4,traffic_block,pending
BD003242,Engineering,TMS001810,COR00590,HIR,BRU,2024-01-26,10:00,4.0,traffic_block,pending
BD003243,Engineering,TMS002997,COR04931,VEER,SAPE,2025-04-28,10:00,3.7,traffic_block,pending
BD003244,Engineering,TMS002635,COR06122,ABSA,MGKM,2025-03-27,22:00,4.0,traffic_block,pending
BD003245,Signal & Telecommunication,SMMS000712,COR04550,UCB,DZA,2025-12-13,10:00,2.5,traffic_block,pending
BD003246,Engineering,TMS005614,COR02382,LTR,BLRD,2025-03-30,11:00,1.5,traffic_block,pending
BD003247,Engineering,TMS001809,COR06015,RNIS,GIO,2024-11-26,13:00,0.9,traffic_block,pending
BD003248,Engineering,TMS002154,COR05639,MDRR,KTE,2025-09-06,11:00,2.9,traffic_block,pending
BD003249,Engineering,TMS002033,COR06830,MGWN,JNU,2025-12-30,14:00,3.4,traffic_block,pending
BD003250,Signal & Telecommunication,SMMS001477,COR03675,BHLI,PVR,2025-02-25,02:00,1.8,traffic_block,pending
BD003251,Signal & Telecommunication,SMMS001867,COR01457,MDRA,NRD,2024-01-12,23:00,4.0,traffic_block,pending
BD003252,Engineering,TMS001480,COR00779,BWL,MJNL,2024-10-18,02:00,3.7,traffic_block,pending
BD003253,Engineering,TMS004604,COR00013,JAM,HAPA,2024-12-25,23:00,4.3,traffic_block,pending
BD003254,Signal & Telecommunication,SMMS002312,COR02958,DNDI,GNH,2024-08-08,23:00,1.4,traffic_block,pending
BD003255,Engineering,TMS002663,COR03020,PTA,PTE,2024-12-14,01:00,2.9,traffic_block,pending
BD003256,Engineering,TMS004199,COR03013,GVL,KVM,2025-07-22,23:00,1.2,traffic_block,pending
BD003257,Engineering,TMS003460,COR02593,SHMI,BYNR,2024-10-09,02:00,2.7,traffic_block,pending
BD003258,Engineering,TMS003524,COR06387,SDC,HDK,2025-07-08,02:00,4.5,traffic_block,pending
BD003259,Traction Distribution,TDMS001101,COR04292,MDKD,DMA,2025-02-16,14:00,3.6,power_block,pending
BD003260,Engineering,TMS000896,COR00619,PNDP,CKN,2024-08-15,23:00,5.0,traffic_block,pending
BD003261,Engineering,TMS002735,COR01847,KZX,GSB,2025-06-15,00:00,1.0,traffic_block,pending
BD003262,Signal & Telecommunication,SMMS001097,COR06048,MLN,ALNP,2025-06-17,01:00,2.6,traffic_block,pending
BD003263,Engineering,TMS005043,COR00024,KNKT,SDD,2025-01-30,13:00,2.8,traffic_block,pending
BD003264,Engineering,TMS000633,COR03573,BGO,GBA,2025-01-18,10:00,5.8,traffic_block,pending
BD003265,Traction Distribution,TDMS001169,COR01155,SNRD,MSD,2024-11-06,11:00,2.9,power_block,pending
BD003266,Signal & Telecommunication,SMMS001179,COR02160,TRMN,PRGD,2024-09-19,14:00,0.5,traffic_block,pending
BD003267,Signal & Telecommunication,SMMS001333,COR01039,TKC,PHI,2024-05-03,00:00,1.8,traffic_block,pending
BD003268,Signal & Telecommunication,SMMS002057,COR00673,MRL,NVS,2025-11-12,13:00,2.7,traffic_block,pending
BD003269,Engineering,TMS000075,COR02711,SD,KMP,2024-04-25,13:00,3.7,traffic_block,pending
BD003270,Signal & Telecommunication,SMMS002355,COR03790,BDCR,BTPD,2025-03-01,13:00,1.7,traffic_block,pending
BD003271,Signal & Telecommunication,SMMS002798,COR00131,MWW,AWR,2025-01-09,11:00,0.9,traffic_block,pending
BD003272,Signal & Telecommunication,SMMS000491,COR00092,SOS,BWA,2024-11-17,00:00,3.2,traffic_block,pending
BD003273,Engineering,TMS002281,COR03939,JCU,SWAR,2024-01-25,10:00,1.9,traffic_block,pending
BD003274,Signal & Telecommunication,SMMS001983,COR00214,PNHI,MKP,2025-01-16,01:00,2.4,traffic_block,pending
BD003275,Engineering,TMS005056,COR08402,JBW,BRW,2024-03-28,01:00,4.7,traffic_block,pending
BD003276,Signal & Telecommunication,SMMS001233,COR00523,NSD,ROS,2025-12-24,14:00,0.9,traffic_block,pending
BD003277,Signal & Telecommunication,SMMS002584,COR01992,NUPR,TLRA,2025-03-23,02:00,2.2,traffic_block,pending
BD003278,Engineering,TMS005759,COR04326,PDV,AZP,2024-10-01,01:00,4.2,traffic_block,pending
BD003279,Signal & Telecommunication,SMMS001596,COR00457,KEK,BLSA,2025-07-10,13:00,3.4,traffic_block,pending
BD003280,Signal & Telecommunication,SMMS000606,COR04969,TAK,LOK,2025-01-15,10:00,4.0,traffic_block,pending
BD003281,Engineering,TMS000524,COR03084,BDJ,NAU,2024-06-28,14:00,3.5,traffic_block,pending
BD003282,Signal & Telecommunication,SMMS002027,COR00252,BELD,GPC,2024-01-30,13:00,2.5,traffic_block,pending
BD003283,Engineering,TMS000457,COR01561,RMP,TAZ,2024-05-20,13:00,1.6,traffic_block,pending
BD003284,Engineering,TMS005474,COR02971,DMD,TLY,2024-12-05,22:00,5.7,traffic_block,pending
BD003285,Signal & Telecommunication,SMMS002190,COR05412,PLP,URPR,2024-01-03,11:00,2.6,traffic_block,pending
BD003286,Traction Distribution,TDMS000527,COR02815,PLG,UOI,2025-05-01,13:00,4.5,power_block,pending
BD003287,Traction Distribution,TDMS000734,COR02843,BYC,KDN,2024-11-06,22:00,1.1,power_block,pending
BD003288,Traction Distribution,TDMS002393,COR00230,UDR,PKRD,2024-06-20,23:00,3.4,power_block,pending
BD003289,Traction Distribution,TDMS001625,COR04688,VINH,KFD,2025-04-10,14:00,3.2,power_block,pending
BD003290,Engineering,TMS003427,COR04692,GNO,MNI,2024-12-05,11:00,2.8,traffic_block,pending
BD003291,Engineering,TMS003367,COR04981,LMNR,INDM,2024-11-23,02:00,4.8,traffic_block,pending
BD003292,Engineering,TMS004423,COR02212,SZ,HWT,2024-12-01,11:00,1.0,traffic_block,pending
BD003293,Signal & Telecommunication,SMMS002234,COR00504,JWO,NBH,2025-11-12,14:00,1.1,traffic_block,pending
BD003294,Engineering,TMS000132,COR01680,KFY,KY,2024-02-24,14:00,4.6,traffic_block,pending
BD003295,Traction Distribution,TDMS000571,COR00191,JDR,PPA,2025-11-11,23:00,3.8,power_block,pending
BD003296,Engineering,TMS003897,COR02794,BA,BDTS,2024-06-29,09:00,3.2,traffic_block,pending
BD003297,Signal & Telecommunication,SMMS000271,COR01854,MRTL,GILA,2025-11-02,02:00,3.1,traffic_block,pending
BD003298,Signal & Telecommunication,SMMS000541,COR03089,TLY,DMD,2024-10-19,14:00,3.5,traffic_block,pending
BD003299,Traction Distribution,TDMS000265,COR00283,DRHI,BRUD,2024-03-12,23:00,1.6,power_block,pending
BD003300,Engineering,TMS003795,COR06095,MYD,LMG,2024-01-16,13:00,0.5,traffic_block,pending
BD003301,Traction Distribution,TDMS001765,COR02233,HJL,KGI,2025-02-26,02:00,1.8,power_block,pending
BD003302,Engineering,TMS004865,COR06386,RTR,SDC,2025-08-10,23:00,1.9,traffic_block,pending
BD003303,Engineering,TMS004957,COR00496,KTZ,DRA,2024-06-07,22:00,1.2,traffic_block,pending
BD003304,Engineering,TMS001234,COR00279,MUO,BRI,2024-11-30,01:00,5.8,traffic_block,pending
BD003305,Signal & Telecommunication,SMMS001453,COR04441,LAK,DPL,2025-07-12,09:00,2.2,traffic_block,pending
BD003306,Traction Distribution,TDMS001165,COR08509,LSD,SJS,2025-01-17,22:00,0.9,power_block,pending
BD003307,Engineering,TMS001492,COR00230,UDR,PKRD,2024-04-11,13:00,5.8,traffic_block,pending
BD003308,Signal & Telecommunication,SMMS000326,COR01033,JID,BRHU,2025-06-18,09:00,3.5,traffic_block,pending
BD003309,Engineering,TMS004858,COR01688,BHTN,BRGT,2025-11-20,01:00,4.1,traffic_block,pending
BD003310,Traction Distribution,TDMS000930,COR04130,PEU,KTU,2025-11-27,10:00,0.8,power_block,pending
BD003311,Engineering,TMS005886,COR04167,QRP,AHH,2024-10-04,14:00,2.8,traffic_block,pending
BD003312,Signal & Telecommunication,SMMS001844,COR03041,URL,KMD,2024-04-28,14:00,1.5,traffic_block,pending
BD003313,Signal & Telecommunication,SMMS002642,COR01693,ADTL,DOE,2024-04-26,02:00,3.3,traffic_block,pending
BD003314,Engineering,TMS001221,COR02834,AML,ACL,2025-08-09,01:00,0.8,traffic_block,pending
BD003315,Engineering,TMS002403,COR06088,WDA,MBG,2025-07-28,22:00,3.6,traffic_block,pending
BD003316,Traction Distribution,TDMS002129,COR04165,LMD,MYL,2024-11-08,02:00,1.1,power_block,pending
BD003317,Engineering,TMS003567,COR03627,KGW,PKL,2025-03-30,22:00,1.6,traffic_block,pending
BD003318,Engineering,TMS000930,COR00263,SXF,SGP,2025-02-05,02:00,1.6,traffic_block,pending
BD003319,Traction Distribution,TDMS000539,COR00161,DLI,DSA,2025-07-19,01:00,0.6,power_block,pending
BD003320,Engineering,TMS002910,COR04905,HNK,MYA,2024-05-08,22:00,4.6,traffic_block,pending
BD003321,Engineering,TMS001201,COR05190,RPZ,DRB,2024-07-12,10:00,2.1,traffic_block,pending
BD003322,Signal & Telecommunication,SMMS002110,COR00788,MWW,MKH,2024-04-10,10:00,1.1,traffic_block,pending
BD003323,Engineering,TMS000921,COR02161,PRGD,VLCY,2024-07-15,14:00,4.6,traffic_block,pending
BD003324,Engineering,TMS000276,COR02161,PRGD,VLCY,2025-07-26,14:00,2.1,traffic_block,pending
BD003325,Signal & Telecommunication,SMMS002868,COR00271,BPF,BIF,2024-09-29,10:00,3.6,traffic_block,pending
BD003326,Engineering,TMS002473,COR01189,SIW,MSR,2024-09-05,14:00,5.0,traffic_block,pending
BD003327,Signal & Telecommunication,SMMS002188,COR00150,GHH,BDXT,2025-12-14,01:00,3.5,traffic_block,pending
BD003328,Engineering,TMS003671,COR02701,BGZ,GHE,2025-07-19,01:00,0.8,traffic_block,pending
BD003329,Traction Distribution,TDMS000025,COR03913,BHRL,PTK,2025-07-12,01:00,1.3,power_block,pending
BD003330,Traction Distribution,TDMS002056,COR04302,BLTR,TTI,2025-01-12,01:00,1.8,power_block,pending
BD003331,Engineering,TMS000861,COR01882,MTMI,BKL,2025-07-03,00:00,1.3,traffic_block,pending
BD003332,Engineering,TMS003958,COR04960,KRMI,VEN,2025-10-06,01:00,4.3,traffic_block,pending
BD003333,Signal & Telecommunication,SMMS000169,COR04159,KMQ,UAA,2025-01-18,09:00,0.9,traffic_block,pending
BD003334,Engineering,TMS000695,COR02069,NDV,DBS,2024-12-24,09:00,2.5,traffic_block,pending
BD003335,Engineering,TMS005231,COR02157,KTBR,INDR,2024-03-22,01:00,3.0,traffic_block,pending
BD003336,Engineering,TMS001223,COR02176,JEA,MIM,2025-12-30,11:00,3.6,traffic_block,pending
BD003337,Engineering,TMS001790,COR03803,CHPD,HAD,2025-06-29,14:00,5.0,traffic_block,pending
BD003338,Signal & Telecommunication,SMMS001902,COR01897,NKD,YGL,2025-12-13,14:00,2.6,traffic_block,pending
BD003339,Signal & Telecommunication,SMMS001404,COR00864,SQE,DAB,2025-07-03,01:00,1.3,traffic_block,pending
BD003340,Engineering,TMS002684,COR03736,LNO,MGI,2025-08-07,09:00,5.3,traffic_block,pending
BD003341,Engineering,TMS002040,COR01326,BRLY,JWB,2024-08-16,00:00,1.5,traffic_block,pending
BD003342,Signal & Telecommunication,SMMS000408,COR01889,PPY,DKJ,2024-05-27,02:00,3.6,traffic_block,pending
BD003343,Engineering,TMS001806,COR05085,KEG,DUB,2025-07-30,14:00,5.0,traffic_block,pending
BD003344,Engineering,TMS004629,COR02146,DAV,PG,2024-01-04,09:00,5.3,traffic_block,pending
BD003345,Engineering,TMS003799,COR00897,BSQ,LHD,2025-09-03,13:00,1.8,traffic_block,pending
BD003346,Engineering,TMS005254,COR00208,LOG,SRJ,2025-10-02,09:00,1.5,traffic_block,pending
BD003347,Engineering,TMS000431,COR00931,BNC,SBC,2025-02-05,02:00,2.7,traffic_block,pending
BD003348,Engineering,TMS002563,COR01323,RANI,KZQ,2025-01-27,13:00,1.1,traffic_block,pending
BD003349,Signal & Telecommunication,SMMS002499,COR00693,VGN,BOR,2025-02-07,00:00,3.8,traffic_block,pending
BD003350,Engineering,TMS004952,COR02831,DGI,JRS,2024-07-31,02:00,1.5,traffic_block,pending
BD003351,Engineering,TMS004762,COR00647,SXB,SBH,2025-01-14,13:00,2.2,traffic_block,pending
BD003352,Engineering,TMS001259,COR07112,NTA,D,2024-04-23,02:00,4.8,traffic_block,pending
BD003353,Engineering,TMS001815,COR00417,HRSR,GEDE,2024-05-13,13:00,0.7,traffic_block,pending
BD003354,Engineering,TMS005046,COR00067,KRJD,CTT,2024-09-22,01:00,5.7,traffic_block,pending
BD003355,Signal & Telecommunication,SMMS002346,COR06526,KTPK,HMK,2024-04-01,09:00,1.2,traffic_block,pending
BD003356,Engineering,TMS002541,COR00321,ANR,BGA,2024-06-15,14:00,5.9,traffic_block,pending
BD003357,Engineering,TMS000806,COR00323,KSU,CHRA,2024-04-13,22:00,2.8,traffic_block,pending
BD003358,Engineering,TMS000316,COR05254,LTA,NWA,2024-04-17,13:00,5.9,traffic_block,pending
BD003359,Traction Distribution,TDMS000739,COR00536,BFR,PKP,2025-08-27,11:00,1.5,power_block,pending
BD003360,Signal & Telecommunication,SMMS001885,COR06328,BRPM,PRKA,2025-02-27,01:00,3.1,traffic_block,pending
BD003361,Signal & Telecommunication,SMMS000504,COR03278,PDNR,LHN,2024-03-03,22:00,3.6,traffic_block,pending
BD003362,Signal & Telecommunication,SMMS002965,COR03345,PBM,MMM,2024-02-26,13:00,1.5,traffic_block,pending
BD003363,Engineering,TMS002971,COR00155,PM,DEC,2024-02-09,02:00,0.6,traffic_block,pending
BD003364,Traction Distribution,TDMS001864,COR02058,PIZ,MQL,2025-07-10,11:00,3.4,power_block,pending
BD003365,Engineering,TMS002077,COR01702,PTWA,JKE,2025-03-30,00:00,0.9,traffic_block,pending
BD003366,Engineering,TMS003706,COR02244,KJS,MYS,2024-09-04,23:00,1.1,traffic_block,pending
BD003367,Engineering,TMS001260,COR01757,BXN,DY,2025-12-20,00:00,1.6,traffic_block,pending
BD003368,Signal & Telecommunication,SMMS000115,COR01377,TVR,KU,2024-08-31,02:00,2.7,traffic_block,pending
BD003369,Signal & Telecommunication,SMMS002207,COR05547,HLDR,KJLU,2025-03-27,23:00,3.3,traffic_block,pending
BD003370,Engineering,TMS004017,COR03962,PSAE,MTFA,2024-05-29,02:00,6.0,traffic_block,pending
BD003371,Engineering,TMS005187,COR06906,KGLE,DHPD,2024-10-01,00:00,3.7,traffic_block,pending
BD003372,Signal & Telecommunication,SMMS001269,COR01649,MDLL,DBL,2024-02-29,02:00,1.1,traffic_block,pending
BD003373,Engineering,TMS001052,COR02539,BZ,SAG,2024-01-17,01:00,5.4,traffic_block,pending
BD003374,Engineering,TMS000190,COR08287,DIA,SVO,2025-02-11,23:00,5.8,traffic_block,pending
BD003375,Engineering,TMS004094,COR00171,GRRG,KZA,2024-09-10,10:00,3.3,traffic_block,pending
BD003376,Engineering,TMS001078,COR01754,JCU,PNGR,2025-02-13,09:00,4.9,traffic_block,pending
BD003377,Traction Distribution,TDMS001880,COR03579,MDN,GKL,2024-03-14,23:00,0.5,power_block,pending
BD003378,Engineering,TMS001406,COR05289,KVE,KRNU,2025-01-02,11:00,4.0,traffic_block,pending
BD003379,Engineering,TMS005329,COR04671,NAN,VBW,2024-12-10,11:00,5.2,traffic_block,pending
BD003380,Signal & Telecommunication,SMMS001475,COR00372,YFP,SBK,2024-03-25,14:00,3.3,traffic_block,pending
BD003381,Engineering,TMS004078,COR06579,SKBR,JOBA,2024-07-07,23:00,5.8,traffic_block,pending
BD003382,Engineering,TMS003082,COR02975,MUKE,NAU,2025-01-07,02:00,1.2,traffic_block,pending
BD003383,Engineering,TMS000887,COR01803,KKP,RLS,2024-03-21,02:00,4.2,traffic_block,pending
BD003384,Signal & Telecommunication,SMMS000106,COR02093,ABGT,RGI,2025-02-27,13:00,0.6,traffic_block,pending
BD003385,Engineering,TMS002829,COR03639,SGKM,PAGM,2024-10-30,22:00,4.8,traffic_block,pending
BD003386,Engineering,TMS002685,COR05101,RNRD,MRPR,2024-09-01,10:00,3.4,traffic_block,pending
BD003387,Engineering,TMS001964,COR00284,BRUD,CAER,2025-07-20,00:00,4.7,traffic_block,pending
BD003388,Engineering,TMS004759,COR01894,TAA,KDM,2024-11-30,01:00,1.2,traffic_block,pending
BD003389,Signal & Telecommunication,SMMS001248,COR02571,LDE,PSK,2024-04-12,14:00,3.7,traffic_block,pending
BD003390,Traction Distribution,TDMS001532,COR01308,HP,GRI,2024-02-01,09:00,5.0,power_block,pending
BD003391,Engineering,TMS001789,COR03081,TKT,PYOL,2024-01-11,13:00,5.2,traffic_block,pending
BD003392,Engineering,TMS000222,COR01570,BVQ,NDE,2025-05-05,01:00,2.7,traffic_block,pending
BD003393,Engineering,TMS001329,COR07785,SIKR,RDK,2025-07-13,01:00,5.6,traffic_block,pending
BD003394,Engineering,TMS001911,COR02273,THA,MDE,2024-08-09,01:00,3.3,traffic_block,pending
BD003395,Engineering,TMS002007,COR03644,AKVD,PLVA,2025-08-29,23:00,4.5,traffic_block,pending
BD003396,Engineering,TMS005107,COR03298,RYC,MZU,2024-08-08,14:00,2.5,traffic_block,pending
BD003397,Engineering,TMS002547,COR00424,DYE,SFX,2025-09-10,22:00,4.2,traffic_block,pending
BD003398,Engineering,TMS004121,COR04949,RAJP,VBW,2025-01-15,01:00,1.4,traffic_block,pending
BD003399,Signal & Telecommunication,SMMS002450,COR02969,CS,ETK,2024-09-23,23:00,3.7,traffic_block,pending
BD003400,Engineering,TMS004313,COR05202,SSR,RPI,2025-08-05,22:00,5.5,traffic_block,pending
BD003401,Engineering,TMS003824,COR01396,MTNL,MKY,2024-04-22,11:00,2.0,traffic_block,pending
BD003402,Engineering,TMS000827,COR04771,KDZ,SLR,2024-10-10,00:00,5.1,traffic_block,pending
BD003403,Engineering,TMS001314,COR01028,LPN,CPK,2024-05-16,01:00,0.8,traffic_block,pending
BD003404,Signal & Telecommunication,SMMS000608,COR00732,MJO,SRVX,2024-11-18,22:00,1.5,traffic_block,pending
BD003405,Engineering,TMS004982,COR04249,BYHA,URPR,2024-11-27,13:00,4.5,traffic_block,pending
BD003406,Engineering,TMS002279,COR00690,BRRD,GVD,2024-09-18,14:00,4.8,traffic_block,pending
BD003407,Engineering,TMS002990,COR03938,PNGR,JCU,2025-05-30,00:00,1.9,traffic_block,pending
BD003408,Engineering,TMS003412,COR00121,TL,GLTA,2025-04-24,11:00,2.6,traffic_block,pending
BD003409,Signal & Telecommunication,SMMS001807,COR06062,BALI,PDRA,2025-06-01,23:00,2.1,traffic_block,pending
BD003410,Signal & Telecommunication,SMMS001812,COR04299,PPH,PNRA,2024-05-16,11:00,1.9,traffic_block,pending
BD003411,Traction Distribution,TDMS001673,COR04932,SAPE,KFD,2024-06-26,01:00,4.8,power_block,pending
BD003412,Signal & Telecommunication,SMMS000756,COR01678,GAR,BNE,2025-01-28,00:00,3.1,traffic_block,pending
BD003413,Engineering,TMS000812,COR04440,BGS,LAK,2024-08-18,01:00,4.6,traffic_block,pending
BD003414,Engineering,TMS002544,COR00774,IHP,KIP,2025-03-14,14:00,1.9,traffic_block,pending
BD003415,Engineering,TMS003159,COR00863,BLSA,KEK,2025-11-15,10:00,2.4,traffic_block,pending
BD003416,Signal & Telecommunication,SMMS002555,COR02230,RMGM,KHLL,2025-02-20,09:00,2.0,traffic_block,pending
BD003417,Engineering,TMS000142,COR02996,KTU,PEU,2025-05-04,02:00,2.2,traffic_block,pending
BD003418,Signal & Telecommunication,SMMS001667,COR06848,SDBH,SNMY,2024-07-05,02:00,2.0,traffic_block,pending
BD003419,Engineering,TMS000717,COR01696,SHR,DDCE,2024-02-07,14:00,1.2,traffic_block,pending
BD003420,Traction Distribution,TDMS002100,COR05449,DHR,CRKR,2025-08-13,11:00,0.9,power_block,pending
BD003421,Engineering,TMS004349,COR00949,PUC,ALP,2025-02-26,11:00,1.0,traffic_block,pending
BD003422,Signal & Telecommunication,SMMS001898,COR03135,GHUM,DJ,2025-10-12,10:00,1.9,traffic_block,pending
BD003423,Engineering,TMS003862,COR02799,ADH,JOS,2024-02-20,01:00,4.0,traffic_block,pending
BD003424,Engineering,TMS002620,COR03091,ETK,CS,2024-04-02,11:00,1.7,traffic_block,pending
BD003425,Engineering,TMS005622,COR01406,MYU,MVS,2024-02-18,10:00,5.0,traffic_block,pending
BD003426,Engineering,TMS000480,COR05599,MGWN,KS,2024-10-21,00:00,4.6,traffic_block,pending
BD003427,Engineering,TMS005052,COR04378,RMD,VTV,2024-05-30,23:00,0.6,traffic_block,pending
BD003428,Engineering,TMS004570,COR04594,AZA,MRZA,2025-03-03,22:00,5.4,traffic_block,pending
BD003429,Engineering,TMS004907,COR04679,UKC,SGR,2024-02-04,01:00,3.5,traffic_block,pending
BD003430,Traction Distribution,TDMS002217,COR01887,KMT,MLMG,2024-12-01,00:00,3.8,power_block,pending
BD003431,Engineering,TMS004727,COR06202,GELA,BMC,2024-03-16,00:00,4.8,traffic_block,pending
BD003432,Engineering,TMS000796,COR00040,LTR,LPR,2025-02-25,00:00,1.4,traffic_block,pending
BD003433,Engineering,TMS002126,COR01325,FA,BRLY,2024-07-29,09:00,4.4,traffic_block,pending
BD003434,Engineering,TMS001326,COR00697,KLV,SAH,2025-03-17,14:00,2.3,traffic_block,pending
BD003435,Engineering,TMS004498,COR00255,KY,KFY,2025-07-09,13:00,5.6,traffic_block,pending
BD003436,Signal & Telecommunication,SMMS002434,COR00698,SAH,VTN,2025-02-20,23:00,0.7,traffic_block,pending
BD003437,Engineering,TMS001741,COR01017,BRLF,LMG,2024-07-26,22:00,3.0,traffic_block,pending
BD003438,Engineering,TMS003778,COR00571,NRV,MTR,2025-10-24,02:00,4.3,traffic_block,pending
BD003439,Engineering,TMS001723,COR01673,SXF,PPI,2025-08-10,02:00,0.6,traffic_block,pending
BD003440,Engineering,TMS000617,COR07622,DRN,AMA,2025-02-28,14:00,1.8,traffic_block,pending
BD003441,Engineering,TMS004621,COR04536,BBMN,VJPJ,2024-12-04,14:00,2.0,traffic_block,pending
BD003442,Traction Distribution,TDMS001287,COR06235,MBY,BMK,2025-03-11,23:00,4.8,power_block,pending
BD003443,Engineering,TMS004049,COR00221,KTHA,JTW,2025-03-28,09:00,2.5,traffic_block,pending
BD003444,Signal & Telecommunication,SMMS000053,COR00067,KRJD,CTT,2024-05-19,14:00,1.4,traffic_block,pending
BD003445,Signal & Telecommunication,SMMS002808,COR00263,SXF,SGP,2025-10-25,01:00,2.9,traffic_block,pending
BD003446,Signal & Telecommunication,SMMS000367,COR04464,HSA,HOJ,2025-03-02,14:00,0.8,traffic_block,pending
BD003447,Engineering,TMS003749,COR04670,KKW,NAN,2024-05-26,13:00,3.6,traffic_block,pending
BD003448,Traction Distribution,TDMS000607,COR02837,NVS,MRL,2025-08-02,13:00,1.0,power_block,pending
BD003449,Engineering,TMS001095,COR01622,AJP,NVF,2025-12-20,13:00,5.8,traffic_block,pending
BD003450,Engineering,TMS004720,COR04240,RPZ,UDZ,2024-03-12,14:00,2.2,traffic_block,pending
BD003451,Engineering,TMS002024,COR02811,VR,VTN,2025-06-27,11:00,4.3,traffic_block,pending
BD003452,Engineering,TMS003912,COR03264,BAMA,BR,2024-12-17,01:00,3.2,traffic_block,pending
BD003453,Signal & Telecommunication,SMMS000903,COR06587,RSH,JJN,2024-05-09,14:00,1.4,traffic_block,pending
BD003454,Engineering,TMS003537,COR03566,ANCR,BQA,2024-04-09,22:00,3.6,traffic_block,pending
BD003455,Engineering,TMS004670,COR00217,BQF,MKD,2025-04-06,00:00,0.6,traffic_block,pending
BD003456,Signal & Telecommunication,SMMS001949,COR01008,KHKT,DMV,2025-07-02,14:00,3.8,traffic_block,pending
BD003457,Engineering,TMS003250,COR02151,MTCN,MLHS,2024-03-09,22:00,1.7,traffic_block,pending
BD003458,Engineering,TMS005301,COR00211,BRG,KTDD,2025-09-15,14:00,4.0,traffic_block,pending
BD003459,Engineering,TMS002364,COR01035,KKET,TTLA,2024-12-15,22:00,3.3,traffic_block,pending
BD003460,Traction Distribution,TDMS002154,COR00682,ATUL,PAD,2025-11-27,11:00,2.4,power_block,pending
BD003461,Engineering,TMS002073,COR01714,KTHA,CTHR,2024-02-24,11:00,2.1,traffic_block,pending
BD003462,Engineering,TMS004416,COR00342,LMP,KITN,2024-03-12,13:00,1.1,traffic_block,pending
BD003463,Engineering,TMS000182,COR00454,FKB,BSX,2024-12-22,23:00,3.4,traffic_block,pending
BD003464,Signal & Telecommunication,SMMS000715,COR00393,PTN,RUJ,2025-02-23,02:00,3.1,traffic_block,pending
BD003465,Signal & Telecommunication,SMMS001943,COR02830,BL,DGI,2024-05-04,14:00,0.7,traffic_block,pending
BD003466,Signal & Telecommunication,SMMS002887,COR08353,APTA,HMRR,2025-06-19,09:00,3.7,traffic_block,pending
BD003467,Engineering,TMS002234,COR03615,LKT,GDG,2024-01-07,13:00,4.7,traffic_block,pending
BD003468,Engineering,TMS001632,COR01842,AWL,KKL,2024-05-25,10:00,3.8,traffic_block,pending
BD003469,Traction Distribution,TDMS002030,COR02389,VD,THAN,2025-10-01,22:00,0.7,power_block,pending
BD003470,Engineering,TMS000213,COR04162,ULL,TKOT,2025-06-17,01:00,2.7,traffic_block,pending
BD003471,Engineering,TMS003503,COR00625,TNGM,YP,2025-01-18,22:00,2.5,traffic_block,pending
BD003472,Engineering,TMS001350,COR00148,TJNR,PT,2025-01-21,01:00,5.0,traffic_block,pending
BD003473,Engineering,TMS000030,COR02052,PCP,MRX,2024-03-20,13:00,3.3,traffic_block,pending
BD003474,Engineering,TMS004226,COR04097,ABS,BFE,2024-03-09,13:00,2.4,traffic_block,pending
BD003475,Signal & Telecommunication,SMMS001363,COR05266,GRG,HBG,2024-01-23,01:00,1.4,traffic_block,pending
BD003476,Traction Distribution,TDMS000014,COR00742,KER,CKYD,2025-06-25,14:00,2.0,power_block,pending
BD003477,Engineering,TMS003796,COR03027,DUI,ALL,2025-01-27,13:00,3.7,traffic_block,pending
BD003478,Engineering,TMS000527,COR00948,PO,PUC,2024-10-28,09:00,3.3,traffic_block,pending
BD003479,Traction Distribution,TDMS001043,COR00161,DLI,DSA,2025-05-12,01:00,2.4,power_block,pending
BD003480,Traction Distribution,TDMS001239,COR04150,CHV,NLE,2024-11-24,14:00,3.0,power_block,pending
BD003481,Signal & Telecommunication,SMMS000759,COR00093,BWA,BGG,2024-06-21,11:00,2.6,traffic_block,pending
BD003482,Signal & Telecommunication,SMMS000194,COR02995,TUA,KTU,2025-01-09,11:00,1.8,traffic_block,pending
BD003483,Engineering,TMS001070,COR00727,MX,BCT,2024-09-30,09:00,2.0,traffic_block,pending
BD003484,Engineering,TMS002903,COR00693,VGN,BOR,2025-07-21,23:00,4.7,traffic_block,pending
BD003485,Signal & Telecommunication,SMMS002912,COR01672,SGP,SXF,2024-05-18,10:00,1.2,traffic_block,pending
BD003486,Engineering,TMS000734,COR02426,HDD,HGI,2024-12-11,23:00,4.6,traffic_block,pending
BD003487,Signal & Telecommunication,SMMS001089,COR01299,MKRA,MLI,2025-09-04,10:00,2.3,traffic_block,pending
BD003488,Traction Distribution,TDMS001597,COR00276,CRK,HD,2025-04-14,09:00,1.8,power_block,pending
BD003489,Engineering,TMS002690,COR00938,MV,NID,2025-03-13,09:00,4.2,traffic_block,pending
BD003490,Engineering,TMS004820,COR06357,MWX,TSS,2025-09-20,14:00,2.6,traffic_block,pending
BD003491,Engineering,TMS004430,COR05559,PMH,AJL,2024-04-26,02:00,5.3,traffic_block,pending
BD003492,Engineering,TMS003879,COR02688,KIU,JJT,2025-09-29,01:00,2.0,traffic_block,pending
BD003493,Engineering,TMS003180,COR08293,TLC,PIH,2024-01-07,14:00,1.5,traffic_block,pending
BD003494,Engineering,TMS000163,COR03332,AHH,QRP,2025-02-10,01:00,0.7,traffic_block,pending
BD003495,Signal & Telecommunication,SMMS001140,COR02830,BL,DGI,2024-05-24,09:00,2.1,traffic_block,pending
BD003496,Engineering,TMS000214,COR07520,GDZ,RSA,2024-09-04,02:00,2.0,traffic_block,pending
BD003497,Engineering,TMS003298,COR01559,STR,KRG,2025-08-19,09:00,5.4,traffic_block,pending
BD003498,Signal & Telecommunication,SMMS001537,COR01188,KRD,SIW,2024-04-24,23:00,3.3,traffic_block,pending
BD003499,Engineering,TMS005950,COR00648,SBH,SUL,2025-05-08,14:00,3.2,traffic_block,pending
BD003500,Traction Distribution,TDMS002242,COR05534,WSA,BMP,2025-04-20,23:00,0.9,power_block,pending
BD003501,Traction Distribution,TDMS000154,COR01151,PR,CRD,2025-03-12,00:00,1.8,power_block,pending
BD003502,Signal & Telecommunication,SMMS002118,COR03488,FRD,KD,2024-01-25,00:00,0.7,traffic_block,pending
BD003503,Engineering,TMS002462,COR04910,S,NHY,2025-04-08,09:00,1.3,traffic_block,pending
BD003504,Signal & Telecommunication,SMMS000599,COR00188,SRA,BMKI,2024-04-08,23:00,3.1,traffic_block,pending
BD003505,Traction Distribution,TDMS001489,COR04273,NNU,DZB,2024-12-13,22:00,2.6,power_block,pending
BD003506,Engineering,TMS005230,COR01087,SUL,SBH,2025-01-27,09:00,1.2,traffic_block,pending
BD003507,Engineering,TMS005939,COR07983,TMB,GVA,2025-10-12,09:00,4.0,traffic_block,pending
BD003508,Engineering,TMS001290,COR05113,THEA,BUDI,2025-03-01,01:00,1.7,traffic_block,pending
BD003509,Traction Distribution,TDMS001945,COR01555,AKI,WTR,2024-09-24,01:00,2.3,power_block,pending
BD003510,Engineering,TMS005380,COR01898,YGL,CLE,2024-04-29,00:00,5.7,traffic_block,pending
BD003511,Signal & Telecommunication,SMMS000750,COR01687,BMR,BHTN,2024-09-28,23:00,2.0,traffic_block,pending
BD003512,Engineering,TMS001270,COR03258,SMBJ,HAN,2025-08-18,02:00,4.3,traffic_block,pending
BD003513,Engineering,TMS003774,COR07136,AE,AEP,2025-01-07,13:00,3.1,traffic_block,pending
BD003514,Engineering,TMS001300,COR02900,PYD,KZT,2024-10-27,22:00,5.1,traffic_block,pending
BD003515,Engineering,TMS004996,COR00475,CDI,NPNR,2025-07-08,23:00,1.1,traffic_block,pending
BD003516,Traction Distribution,TDMS001052,COR02974,MAHE,MUKE,2024-10-25,23:00,0.8,power_block,pending
BD003517,Engineering,TMS001441,COR02981,VEK,QLD,2025-01-27,11:00,1.7,traffic_block,pending
BD003518,Signal & Telecommunication,SMMS001170,COR05493,VVKP,DKZ,2024-07-01,22:00,3.8,traffic_block,pending
BD003519,Engineering,TMS001499,COR00689,UBR,BRRD,2025-02-13,14:00,2.1,traffic_block,pending
BD003520,Engineering,TMS002208,COR02074,HEI,MLSA,2026-01-01,13:00,4.3,traffic_block,pending
BD003521,Engineering,TMS001935,COR05628,SK,SALI,2024-05-27,10:00,5.3,traffic_block,pending
BD003522,Engineering,TMS005527,COR01648,NDV,MDLL,2025-09-13,11:00,4.2,traffic_block,pending
BD003523,Engineering,TMS002331,COR02832,JRS,BIM,2024-05-07,09:00,5.8,traffic_block,pending
BD003524,Engineering,TMS001365,COR02696,KRZ,ISM,2025-07-25,23:00,1.0,traffic_block,pending
BD003525,Engineering,TMS000564,COR02353,PMY,KAI,2024-12-18,11:00,4.1,traffic_block,pending
BD003526,Engineering,TMS004995,COR01034,BRHU,KKET,2025-02-26,22:00,2.4,traffic_block,pending
BD003527,Engineering,TMS002972,COR01715,CTHR,MJG,2025-11-08,14:00,4.7,traffic_block,pending
BD003528,Engineering,TMS004124,COR00691,GVD,DRD,2024-01-27,02:00,1.2,traffic_block,pending
BD003529,Engineering,TMS005996,COR04546,BHRL,CHKB,2025-07-31,14:00,0.9,traffic_block,pending
BD003530,Engineering,TMS005959,COR04952,KKW,SNDD,2024-12-21,13:00,1.1,traffic_block,pending
BD003531,Engineering,TMS004987,COR01934,DGPP,SELU,2024-11-02,09:00,3.3,traffic_block,pending
BD003532,Engineering,TMS002854,COR01893,MABD,TAA,2024-10-24,13:00,1.9,traffic_block,pending
BD003533,Signal & Telecommunication,SMMS001334,COR01364,CTRL,KLL,2025-02-24,22:00,1.0,traffic_block,pending
BD003534,Engineering,TMS003682,COR03039,CVD,PAS,2024-09-16,02:00,5.8,traffic_block,pending
BD003535,Engineering,TMS003769,COR02828,PAD,ATUL,2025-03-30,23:00,5.4,traffic_block,pending
BD003536,Signal & Telecommunication,SMMS001648,COR00231,PKRD,JKE,2025-06-02,13:00,3.0,traffic_block,pending
BD003537,Engineering,TMS003650,COR04549,CKKN,BNGL,2025-06-08,01:00,5.5,traffic_block,pending
BD003538,Signal & Telecommunication,SMMS000836,COR06336,SOJ,DSJ,2025-11-23,13:00,0.9,traffic_block,pending
BD003539,Signal & Telecommunication,SMMS001318,COR06234,PTRL,MBY,2025-05-31,00:00,0.7,traffic_block,pending
BD003540,Engineering,TMS001530,COR03720,BRLF,LCT,2024-09-25,02:00,4.3,traffic_block,pending
BD003541,Traction Distribution,TDMS001094,COR00476,NPNR,MWA,2025-10-24,14:00,0.7,power_block,pending
BD003542,Engineering,TMS000254,COR01338,ABR,MAA,2025-03-20,13:00,3.6,traffic_block,pending
BD003543,Traction Distribution,TDMS000149,COR08237,NVL,UMG,2025-03-05,13:00,5.0,power_block,pending
BD003544,Signal & Telecommunication,SMMS002633,COR04880,DVN,HDGR,2025-08-21,14:00,1.3,traffic_block,pending
BD003545,Traction Distribution,TDMS002073,COR00447,UPW,SCP,2025-04-22,11:00,2.9,power_block,pending
BD003546,Traction Distribution,TDMS001323,COR00024,KNKT,SDD,2024-03-31,11:00,3.5,power_block,pending
BD003547,Signal & Telecommunication,SMMS001146,COR01868,VJPJ,BBMN,2024-04-29,23:00,1.7,traffic_block,pending
BD003548,Traction Distribution,TDMS001064,COR00691,GVD,DRD,2024-10-13,13:00,4.3,power_block,pending
BD003549,Engineering,TMS004195,COR00710,DIC,BVI,2024-11-30,09:00,2.1,traffic_block,pending
BD003550,Signal & Telecommunication,SMMS002220,COR01743,RAU,RJQ,2025-03-21,11:00,4.0,traffic_block,pending
BD003551,Engineering,TMS002586,COR04639,SL,MULK,2025-10-09,09:00,5.0,traffic_block,pending
BD003552,Engineering,TMS003771,COR05326,PUS,BHME,2024-08-14,22:00,4.7,traffic_block,pending
BD003553,Engineering,TMS005515,COR00094,BGG,AUWA,2025-07-02,14:00,5.2,traffic_block,pending
BD003554,Engineering,TMS002391,COR04690,SAPE,VEER,2025-06-08,11:00,0.5,traffic_block,pending
BD003555,Engineering,TMS005689,COR04923,KASU,NGTN,2024-10-08,09:00,4.1,traffic_block,pending
BD003556,Engineering,TMS005582,COR01350,SID,KMLI,2026-01-03,13:00,5.7,traffic_block,pending
BD003557,Engineering,TMS003171,COR06855,HTW,THE,2025-01-08,23:00,4.1,traffic_block,pending
BD003558,Signal & Telecommunication,SMMS000928,COR05608,AKU,SJL,2025-01-31,01:00,0.9,traffic_block,pending
BD003559,Engineering,TMS001305,COR01185,TKR,BVNR,2024-11-18,10:00,1.4,traffic_block,pending
BD003560,Engineering,TMS003522,COR01925,VDGN,GNH,2025-12-02,00:00,3.4,traffic_block,pending
BD003561,Engineering,TMS003476,COR02435,KGLE,JVT,2024-09-16,09:00,2.5,traffic_block,pending
BD003562,Signal & Telecommunication,SMMS002215,COR00247,BRGT,BHTN,2024-07-17,14:00,2.0,traffic_block,pending
BD003563,Engineering,TMS003913,COR02087,ADHL,ASK,2024-02-01,14:00,0.7,traffic_block,pending
BD003564,Engineering,TMS004020,COR04659,MAO,SRVX,2025-02-16,02:00,5.3,traffic_block,pending
BD003565,Signal & Telecommunication,SMMS000533,COR00459,UMRI,SLGH,2024-12-12,13:00,1.2,traffic_block,pending
BD003566,Engineering,TMS002370,COR02407,HAPA,JAM,2024-04-04,01:00,3.0,traffic_block,pending
BD003567,Signal & Telecommunication,SMMS001091,COR02989,FK,KN,2024-12-22,10:00,4.0,traffic_block,pending
BD003568,Signal & Telecommunication,SMMS000776,COR01626,BLKR,VNR,2024-03-03,02:00,1.7,traffic_block,pending
BD003569,Engineering,TMS004540,COR01851,MEX,BNGL,2024-03-26,00:00,5.8,traffic_block,pending
BD003570,Engineering,TMS002549,COR02766,MTC,MUT,2024-08-26,13:00,1.0,traffic_block,pending
BD003571,Traction Distribution,TDMS001127,COR04650,MANK,HNA,2025-05-07,11:00,3.9,power_block,pending
BD003572,Engineering,TMS005360,COR00250,SRID,KKB,2024-07-07,23:00,0.9,traffic_block,pending
BD003573,Engineering,TMS004499,COR01710,STA,SAGM,2025-06-18,00:00,5.6,traffic_block,pending
BD003574,Signal & Telecommunication,SMMS001914,COR03959,NDAE,VSPR,2024-02-27,14:00,2.2,traffic_block,pending
BD003575,Signal & Telecommunication,SMMS001256,COR07689,NBUE,BBLK,2024-07-13,02:00,2.0,traffic_block,pending
BD003576,Signal & Telecommunication,SMMS000538,COR04598,KRNI,GLPT,2024-12-13,00:00,2.6,traffic_block,pending
BD003577,Traction Distribution,TDMS001153,COR02824,BLD,KEB,2024-05-18,23:00,4.3,power_block,pending
BD003578,Engineering,TMS000894,COR00678,BIM,JRS,2024-06-24,01:00,3.3,traffic_block,pending
BD003579,Signal & Telecommunication,SMMS001747,COR06677,SRN,KJC,2024-05-30,00:00,2.9,traffic_block,pending
BD003580,Engineering,TMS002785,COR00965,LHL,DKM,2024-07-11,13:00,0.9,traffic_block,pending
BD003581,Traction Distribution,TDMS001357,COR00251,KKB,BELD,2024-03-15,09:00,4.4,power_block,pending
BD003582,Traction Distribution,TDMS002149,COR00481,BRUD,DRHI,2025-02-12,14:00,2.0,power_block,pending
BD003583,Engineering,TMS002025,COR00600,GH,KSNR,2025-01-04,11:00,3.3,traffic_block,pending
BD003584,Signal & Telecommunication,SMMS002569,COR06234,PTRL,MBY,2024-07-13,02:00,1.1,traffic_block,pending
BD003585,Engineering,TMS005182,COR03620,BNA,BNP,2024-06-23,02:00,3.1,traffic_block,pending
BD003586,Traction Distribution,TDMS000595,COR02819,DRD,GVD,2025-11-21,02:00,3.5,power_block,pending
BD003587,Signal & Telecommunication,SMMS000867,COR01855,GILA,KNDI,2025-10-06,23:00,3.2,traffic_block,pending
BD003588,Engineering,TMS005059,COR01966,VRL,ADE,2024-03-12,01:00,5.5,traffic_block,pending
BD003589,Engineering,TMS005670,COR05205,TT,PVL,2024-08-04,10:00,2.8,traffic_block,pending
BD003590,Signal & Telecommunication,SMMS002073,COR02430,BNL,SNKG,2025-02-11,00:00,1.0,traffic_block,pending
BD003591,Signal & Telecommunication,SMMS001536,COR04004,AMPA,THZI,2025-08-14,11:00,3.0,traffic_block,pending
BD003592,Traction Distribution,TDMS002416,COR00684,UVD,VAPI,2024-05-17,00:00,3.0,power_block,pending
BD003593,Engineering,TMS001220,COR00365,VTJ,NROD,2024-04-15,10:00,1.6,traffic_block,pending
BD003594,Engineering,TMS004474,COR02810,NSP,VR,2024-03-04,10:00,1.3,traffic_block,pending
BD003595,Signal & Telecommunication,SMMS000103,COR00403,PXR,CDH,2025-11-20,10:00,1.0,traffic_block,pending
BD003596,Signal & Telecommunication,SMMS001977,COR05020,TVR,AYM,2024-08-16,01:00,1.3,traffic_block,pending
BD003597,Traction Distribution,TDMS001873,COR00710,DIC,BVI,2025-12-13,13:00,2.1,power_block,pending
BD003598,Traction Distribution,TDMS001458,COR02390,THAN,LMC,2024-07-19,10:00,3.6,power_block,pending
BD003599,Signal & Telecommunication,SMMS001962,COR05493,VVKP,DKZ,2024-02-13,11:00,2.7,traffic_block,pending
BD003600,Traction Distribution,TDMS001087,COR01111,CKV,UNDI,2025-02-23,09:00,2.1,power_block,pending
BD003601,Engineering,TMS002103,COR02131,MKDD,CTH,2024-01-26,23:00,5.4,traffic_block,pending
BD003602,Engineering,TMS000455,COR07056,KWB,PUE,2024-04-07,14:00,3.8,traffic_block,pending
BD003603,Signal & Telecommunication,SMMS002033,COR02399,KHC,BLWR,2025-05-25,22:00,2.7,traffic_block,pending
BD003604,Traction Distribution,TDMS000140,COR00473,BAU,AGQ,2025-05-29,00:00,3.5,power_block,pending
BD003605,Signal & Telecommunication,SMMS001173,COR00611,TAA,MABD,2024-07-20,02:00,2.1,traffic_block,pending
BD003606,Engineering,TMS005723,COR07131,DZK,BYSA,2024-04-26,11:00,4.1,traffic_block,pending
BD003607,Engineering,TMS000391,COR00373,SBK,GZT,2024-03-18,23:00,1.1,traffic_block,pending
BD003608,Traction Distribution,TDMS001349,COR02407,HAPA,JAM,2025-06-16,11:00,1.4,power_block,pending
BD003609,Engineering,TMS005516,COR03818,KHKT,BXJ,2024-09-30,22:00,2.8,traffic_block,pending
BD003610,Engineering,TMS000937,COR00276,CRK,HD,2025-08-16,11:00,5.2,traffic_block,pending
BD003611,Engineering,TMS005025,COR00323,KSU,CHRA,2024-07-02,22:00,0.8,traffic_block,pending
BD003612,Traction Distribution,TDMS001582,COR02272,JHDC,THA,2024-04-13,00:00,3.0,power_block,pending
BD003613,Engineering,TMS000519,COR00689,UBR,BRRD,2025-11-07,10:00,3.9,traffic_block,pending
BD003614,Traction Distribution,TDMS002460,COR00229,BUU,UDR,2025-02-07,02:00,3.9,power_block,pending
BD003615,Engineering,TMS005243,COR00623,MTMI,MDR,2025-01-18,02:00,5.8,traffic_block,pending
BD003616,Engineering,TMS001559,COR02704,NNO,MGLP,2024-08-17,22:00,5.8,traffic_block,pending
BD003617,Engineering,TMS002638,COR00465,WNG,LBG,2024-10-30,14:00,2.8,traffic_block,pending
BD003618,Engineering,TMS003297,COR04665,MADR,SWV,2024-09-25,13:00,4.5,traffic_block,pending
BD003619,Signal & Telecommunication,SMMS001530,COR02130,AWB,MKDD,2024-10-29,09:00,3.4,traffic_block,pending
BD003620,Engineering,TMS005642,COR03039,CVD,PAS,2025-09-24,23:00,2.3,traffic_block,pending
BD003621,Traction Distribution,TDMS002208,COR02857,SOQ,RLP,2024-06-20,00:00,3.0,power_block,pending
BD003622,Traction Distribution,TDMS001217,COR04071,ANGR,BSRX,2025-06-03,22:00,4.7,power_block,pending
BD003623,Signal & Telecommunication,SMMS002066,COR02196,THX,AAY,2025-09-03,01:00,1.3,traffic_block,pending
BD003624,Traction Distribution,TDMS001504,COR00112,MLI,MKRA,2024-05-16,02:00,4.0,power_block,pending
BD003625,Traction Distribution,TDMS001639,COR03079,QLD,VEK,2025-07-31,11:00,1.4,power_block,pending
BD003626,Signal & Telecommunication,SMMS002643,COR04298,DLR,PPH,2025-05-09,14:00,1.6,traffic_block,pending
BD003627,Engineering,TMS002742,COR03337,PALR,PYV,2025-04-16,23:00,1.4,traffic_block,pending
BD003628,Signal & Telecommunication,SMMS000844,COR01515,VV,KOP,2024-05-05,11:00,2.0,traffic_block,pending
BD003629,Traction Distribution,TDMS001174,COR00487,PAL,HD,2024-07-03,09:00,2.3,power_block,pending
BD003630,Traction Distribution,TDMS000089,COR01402,TIC,LP,2024-10-04,13:00,2.5,power_block,pending
BD003631,Engineering,TMS003438,COR00034,RA,MOL,2024-08-01,23:00,4.6,traffic_block,pending
BD003632,Engineering,TMS001454,COR05512,PCX,PLY,2025-06-13,14:00,3.4,traffic_block,pending
BD003633,Engineering,TMS005891,COR03340,NTT,CJE,2025-11-22,00:00,1.5,traffic_block,pending
BD003634,Engineering,TMS001289,COR02575,SONR,MGVK,2024-08-20,11:00,1.1,traffic_block,pending
BD003635,Traction Distribution,TDMS000496,COR02972,TLY,JGE,2025-07-26,14:00,1.3,power_block,pending
BD003636,Traction Distribution,TDMS000603,COR02356,HWT,SZ,2025-11-23,00:00,0.6,power_block,pending
BD003637,Engineering,TMS002286,COR01715,CTHR,MJG,2024-02-18,22:00,5.8,traffic_block,pending
BD003638,Signal & Telecommunication,SMMS002594,COR02830,BL,DGI,2025-01-21,10:00,2.8,traffic_block,pending
BD003639,Engineering,TMS002120,COR04134,TA,PGI,2024-01-06,11:00,0.8,traffic_block,pending
BD003640,Signal & Telecommunication,SMMS000925,COR00688,SJN,UBR,2024-10-08,02:00,3.9,traffic_block,pending
BD003641,Engineering,TMS002487,COR01951,LSR,PSD,2025-06-22,01:00,5.9,traffic_block,pending
BD003642,Signal & Telecommunication,SMMS001098,COR02690,JNA,KZH,2025-08-31,13:00,2.5,traffic_block,pending
BD003643,Signal & Telecommunication,SMMS002558,COR02444,MHTR,SALE,2024-06-07,09:00,3.7,traffic_block,pending
BD003644,Traction Distribution,TDMS000841,COR00679,JRS,DGI,2024-03-25,01:00,2.8,power_block,pending
BD003645,Engineering,TMS002812,COR02049,KMRD,DKY,2025-01-19,02:00,3.3,traffic_block,pending
BD003646,Engineering,TMS001459,COR02178,RJ,RCRA,2025-11-15,00:00,5.2,traffic_block,pending
BD003647,Traction Distribution,TDMS002048,COR01521,MSD,SNRD,2024-05-01,11:00,5.0,power_block,pending
BD003648,Engineering,TMS003517,COR02150,MCPK,MTCN,2025-12-16,22:00,6.0,traffic_block,pending
BD003649,Traction Distribution,TDMS002420,COR03807,AMPA,PUPR,2025-06-21,22:00,1.1,power_block,pending
BD003650,Engineering,TMS001057,COR02295,RWL,MOTC,2025-03-02,09:00,2.4,traffic_block,pending
BD003651,Engineering,TMS000008,COR02076,GBB,NTR,2025-12-10,23:00,4.7,traffic_block,pending
BD003652,Engineering,TMS000124,COR00292,BAU,WGA,2024-08-10,22:00,5.4,traffic_block,pending
BD003653,Traction Distribution,TDMS000471,COR00226,LGCE,UHR,2025-03-23,22:00,1.6,power_block,pending
BD003654,Engineering,TMS001424,COR01789,MSS,BDVT,2025-05-19,13:00,0.6,traffic_block,pending
BD003655,Signal & Telecommunication,SMMS001959,COR06192,MGVK,SONR,2025-12-26,22:00,1.2,traffic_block,pending
BD003656,Signal & Telecommunication,SMMS000862,COR01898,YGL,CLE,2025-02-15,02:00,2.1,traffic_block,pending
BD003657,Engineering,TMS001721,COR04159,KMQ,UAA,2025-01-27,02:00,4.1,traffic_block,pending
BD003658,Traction Distribution,TDMS002213,COR02186,CLR,TGT,2024-02-13,14:00,2.0,power_block,pending
BD003659,Engineering,TMS000918,COR01337,MXO,ABR,2024-05-01,22:00,4.8,traffic_block,pending
BD003660,Traction Distribution,TDMS000611,COR00957,MBU,PRT,2024-09-03,11:00,1.9,power_block,pending
BD003661,Engineering,TMS000365,COR00452,JKM,NVT,2025-05-01,14:00,2.4,traffic_block,pending
BD003662,Traction Distribution,TDMS002487,COR01677,SCKR,GAR,2025-11-15,09:00,1.7,power_block,pending
BD003663,Engineering,TMS001946,COR00242,ADTL,JBP,2024-08-18,00:00,0.9,traffic_block,pending
BD003664,Engineering,TMS000494,COR02122,HBG,JBP,2024-04-25,01:00,1.4,traffic_block,pending
BD003665,Signal & Telecommunication,SMMS000320,COR00622,BKL,MTMI,2024-02-11,23:00,1.7,traffic_block,pending
BD003666,Traction Distribution,TDMS001986,COR04150,CHV,NLE,2025-02-16,14:00,0.6,power_block,pending
BD003667,Signal & Telecommunication,SMMS002767,COR00523,NSD,ROS,2024-09-10,10:00,2.8,traffic_block,pending
BD003668,Engineering,TMS000635,COR00342,LMP,KITN,2024-07-14,01:00,1.6,traffic_block,pending
BD003669,Traction Distribution,TDMS002269,COR00226,LGCE,UHR,2025-02-15,09:00,3.5,power_block,pending
BD003670,Traction Distribution,TDMS000299,COR01635,RDI,ARGP,2025-03-17,14:00,5.0,power_block,pending
BD003671,Traction Distribution,TDMS001832,COR01033,JID,BRHU,2024-07-28,13:00,0.9,power_block,pending
BD003672,Traction Distribution,TDMS000935,COR02220,MNGT,NHY,2025-06-24,09:00,1.1,power_block,pending
BD003673,Traction Distribution,TDMS000817,COR03783,WDG,AJU,2025-04-14,11:00,3.3,power_block,pending
BD003674,Engineering,TMS004062,COR03537,TQN,KYBR,2025-11-15,00:00,4.2,traffic_block,pending
BD003675,Engineering,TMS004163,COR03262,DY,BXN,2024-04-24,09:00,6.0,traffic_block,pending
BD003676,Signal & Telecommunication,SMMS001882,COR01615,SLU,JRU,2025-02-27,00:00,2.0,traffic_block,pending
BD003677,Signal & Telecommunication,SMMS000216,COR01812,KNL,BGD,2024-09-17,00:00,2.4,traffic_block,pending
BD003678,Traction Distribution,TDMS002112,COR02974,MAHE,MUKE,2025-07-02,11:00,2.1,power_block,pending
BD003679,Signal & Telecommunication,SMMS001518,COR00709,MIRA,DIC,2024-03-24,00:00,0.6,traffic_block,pending
BD003680,Engineering,TMS002896,COR00469,SAV,NB,2025-11-24,14:00,4.5,traffic_block,pending
BD003681,Engineering,TMS000623,COR00043,KHRS,VNRD,2025-12-03,23:00,1.7,traffic_block,pending
BD003682,Engineering,TMS004041,COR01356,JDN,UMN,2025-12-03,22:00,4.7,traffic_block,pending
BD003683,Traction Distribution,TDMS001600,COR04257,FTS,AED,2025-07-10,23:00,3.6,power_block,pending
BD003684,Signal & Telecommunication,SMMS000856,COR01863,CHNR,CKDL,2024-06-02,00:00,1.1,traffic_block,pending
BD003685,Engineering,TMS001471,COR01307,BAR,HP,2025-08-30,23:00,4.3,traffic_block,pending
BD003686,Engineering,TMS005276,COR00674,NVS,VDH,2024-12-12,14:00,0.8,traffic_block,pending
BD003687,Engineering,TMS002961,COR05609,SJL,VJA,2024-05-01,11:00,2.5,traffic_block,pending
BD003688,Engineering,TMS005626,COR00338,GK,RZJ,2025-05-25,11:00,2.9,traffic_block,pending
BD003689,Engineering,TMS002231,COR04268,BSR,JCNR,2024-07-23,02:00,5.9,traffic_block,pending
BD003690,Engineering,TMS005630,COR00266,BGTA,SQL,2024-12-30,02:00,2.4,traffic_block,pending
BD003691,Engineering,TMS003557,COR00474,AGQ,CDI,2025-01-15,13:00,3.1,traffic_block,pending
BD003692,Engineering,TMS000537,COR04043,NDJ,SAHR,2024-05-05,22:00,2.8,traffic_block,pending
BD003693,Signal & Telecommunication,SMMS000965,COR00686,KEB,BLD,2025-05-01,00:00,2.8,traffic_block,pending
BD003694,Signal & Telecommunication,SMMS000097,COR02651,SFPR,UGU,2025-12-19,11:00,2.6,traffic_block,pending
BD003695,Engineering,TMS005212,COR00022,BLWR,KHC,2025-07-09,02:00,2.7,traffic_block,pending
BD003696,Engineering,TMS004730,COR01687,BMR,BHTN,2024-03-12,00:00,3.9,traffic_block,pending
BD003697,Engineering,TMS005738,COR04526,MLP,BLR,2024-12-15,01:00,0.7,traffic_block,pending
BD003698,Engineering,TMS000991,COR06519,MOT,PKK,2025-12-06,00:00,5.2,traffic_block,pending
BD003699,Engineering,TMS002604,COR00275,TBN,CRK,2024-08-19,22:00,3.8,traffic_block,pending
BD003700,Engineering,TMS005559,COR03091,ETK,CS,2024-11-10,01:00,0.7,traffic_block,pending
BD003701,Engineering,TMS001279,COR03079,QLD,VEK,2025-11-05,13:00,0.9,traffic_block,pending
BD003702,Engineering,TMS004653,COR03150,KHBV,KARD,2024-04-28,13:00,2.3,traffic_block,pending
BD003703,Signal & Telecommunication,SMMS002054,COR08256,JPO,SKU,2024-12-31,01:00,1.0,traffic_block,pending
BD003704,Engineering,TMS004632,COR00769,GHH,PT,2025-03-03,01:00,2.4,traffic_block,pending
BD003705,Traction Distribution,TDMS001178,COR05212,DSM,KMU,2025-03-06,10:00,3.6,power_block,pending
BD003706,Traction Distribution,TDMS001176,COR04102,GDB,BHX,2024-07-02,00:00,5.0,power_block,pending
BD003707,Signal & Telecommunication,SMMS000814,COR03450,MIO,RTGH,2024-03-16,02:00,2.7,traffic_block,pending
BD003708,Signal & Telecommunication,SMMS000877,COR00673,MRL,NVS,2025-07-26,02:00,2.7,traffic_block,pending
BD003709,Signal & Telecommunication,SMMS000037,COR02098,MYK,KAG,2025-12-06,10:00,2.2,traffic_block,pending
BD003710,Engineering,TMS003127,COR00340,PD,DEO,2024-04-04,14:00,4.0,traffic_block,pending
BD003711,Engineering,TMS001100,COR00110,KRW,LNA,2025-01-05,22:00,1.3,traffic_block,pending
BD003712,Engineering,TMS000200,COR01806,GJUT,CBX,2025-12-25,00:00,1.6,traffic_block,pending
BD003713,Traction Distribution,TDMS002454,COR02818,VGN,DRD,2024-08-04,10:00,3.0,power_block,pending
BD003714,Engineering,TMS001208,COR02777,DBD,THJ,2025-03-18,22:00,5.5,traffic_block,pending
BD003715,Traction Distribution,TDMS001181,COR05207,AZP,PDV,2024-04-25,02:00,0.9,power_block,pending
BD003716,Engineering,TMS002137,COR00022,BLWR,KHC,2024-09-24,01:00,4.3,traffic_block,pending
BD003717,Signal & Telecommunication,SMMS001349,COR06439,SIPA,JNK,2024-06-07,22:00,2.9,traffic_block,pending
BD003718,Engineering,TMS003800,COR00647,SXB,SBH,2024-12-11,01:00,5.0,traffic_block,pending
BD003719,Engineering,TMS000219,COR02795,BDTS,KHAR,2024-06-18,22:00,3.4,traffic_block,pending
BD003720,Traction Distribution,TDMS002305,COR01376,AYM,TVR,2024-03-27,13:00,3.2,power_block,pending
BD003721,Engineering,TMS002466,COR02801,GMN,MDD,2024-08-12,13:00,5.0,traffic_block,pending
BD003722,Engineering,TMS001897,COR04244,GHG,CDG,2025-04-11,02:00,4.8,traffic_block,pending
BD003723,Engineering,TMS001075,COR02969,CS,ETK,2024-07-20,02:00,3.4,traffic_block,pending
BD003724,Traction Distribution,TDMS001103,COR02400,BLWR,RJT,2024-09-04,11:00,5.0,power_block,pending
BD003725,Signal & Telecommunication,SMMS002455,COR06529,FTH,MOPR,2025-04-04,11:00,1.0,traffic_block,pending
BD003726,Signal & Telecommunication,SMMS002200,COR02602,SL,TOK,2024-06-08,01:00,0.8,traffic_block,pending
BD003727,Engineering,TMS001023,COR04377,SQD,RMD,2025-03-17,01:00,5.1,traffic_block,pending
BD003728,Traction Distribution,TDMS000733,COR00264,SGP,GMD,2024-05-13,11:00,4.0,power_block,pending
BD003729,Engineering,TMS001630,COR00235,NWR,SNRR,2025-07-29,11:00,2.6,traffic_block,pending
BD003730,Engineering,TMS002818,COR02375,TTW,SMC,2025-07-08,02:00,4.3,traffic_block,pending
BD003731,Traction Distribution,TDMS000355,COR03061,DYS,VLY,2025-03-19,14:00,0.9,power_block,pending
BD003732,Traction Distribution,TDMS001867,COR00675,VDH,ACL,2024-11-19,13:00,3.9,power_block,pending
BD003733,Engineering,TMS000498,COR01598,GDI,KALS,2025-02-28,22:00,2.2,traffic_block,pending
BD003734,Engineering,TMS001849,COR03289,KHRK,KLNK,2024-04-11,02:00,5.5,traffic_block,pending
BD003735,Engineering,TMS002173,COR03326,AJN,FTD,2024-10-19,10:00,3.3,traffic_block,pending
BD003736,Engineering,TMS004873,COR00471,RV,WGA,2024-05-06,23:00,1.5,traffic_block,pending
BD003737,Engineering,TMS004943,COR04142,VAPM,PPNS,2024-06-10,11:00,1.9,traffic_block,pending
BD003738,Engineering,TMS003984,COR02216,PMY,BOM,2025-09-15,23:00,4.7,traffic_block,pending
BD003739,Signal & Telecommunication,SMMS001556,COR02991,VLI,PGI,2025-03-02,11:00,3.3,traffic_block,pending
BD003740,Engineering,TMS001966,COR02816,UOI,BOR,2024-03-18,00:00,4.4,traffic_block,pending
BD003741,Engineering,TMS004064,COR05525,BQG,PRTL,2025-10-31,14:00,3.1,traffic_block,pending
BD003742,Engineering,TMS000688,COR00109,PPF,KRW,2025-01-13,01:00,3.6,traffic_block,pending
BD003743,Engineering,TMS004599,COR00030,DL,LMC,2025-04-04,10:00,0.9,traffic_block,pending
BD003744,Engineering,TMS005384,COR00691,GVD,DRD,2024-08-21,14:00,0.6,traffic_block,pending
BD003745,Traction Distribution,TDMS002044,COR02352,BOM,PMY,2024-04-28,13:00,3.1,power_block,pending
BD003746,Traction Distribution,TDMS002244,COR02810,NSP,VR,2024-04-11,14:00,1.5,power_block,pending
BD003747,Engineering,TMS001945,COR03932,BCT,MX,2025-07-15,09:00,5.5,traffic_block,pending
BD003748,Traction Distribution,TDMS000095,COR03890,ROHN,SPZ,2024-03-18,02:00,3.8,power_block,pending
BD003749,Engineering,TMS002551,COR02095,HLK,JRU,2025-12-29,22:00,1.5,traffic_block,pending
BD003750,Engineering,TMS002700,COR02907,BRAM,NEM,2025-02-26,14:00,3.4,traffic_block,pending
BD003751,Signal & Telecommunication,SMMS002368,COR03261,FSP,DY,2024-09-25,11:00,2.4,traffic_block,pending
BD003752,Signal & Telecommunication,SMMS002694,COR00012,LKBL,JAM,2024-09-10,11:00,0.7,traffic_block,pending
BD003753,Traction Distribution,TDMS001778,COR08096,UGP,SRDW,2025-08-10,22:00,1.2,power_block,pending
BD003754,Traction Distribution,TDMS001853,COR00758,DKZ,DEE,2025-02-04,23:00,1.3,power_block,pending
BD003755,Traction Distribution,TDMS001806,COR07077,KTKH,NKR,2024-06-11,13:00,4.5,power_block,pending
BD003756,Traction Distribution,TDMS000864,COR01687,BMR,BHTN,2025-02-25,13:00,3.5,power_block,pending
BD003757,Engineering,TMS005330,COR01078,KUD,CNC,2024-12-07,23:00,1.2,traffic_block,pending
BD003758,Engineering,TMS004656,COR05391,MTH,KBR,2025-09-18,00:00,2.4,traffic_block,pending
BD003759,Engineering,TMS000750,COR04654,ANKL,HAA,2024-08-01,14:00,6.0,traffic_block,pending
BD003760,Signal & Telecommunication,SMMS000596,COR02119,AGL,NVU,2024-07-30,00:00,1.6,traffic_block,pending
BD003761,Engineering,TMS005349,COR06396,MBS,KFK,2024-02-05,13:00,0.9,traffic_block,pending
BD003762,Engineering,TMS003866,COR01163,AHN,JRLE,2024-02-24,13:00,1.7,traffic_block,pending
BD003763,Traction Distribution,TDMS002091,COR02819,DRD,GVD,2025-06-12,02:00,3.0,power_block,pending
BD003764,Traction Distribution,TDMS000337,COR03267,BIQ,DXK,2025-05-27,10:00,4.7,power_block,pending
BD003765,Signal & Telecommunication,SMMS001632,COR01572,MDVR,SLI,2025-10-17,02:00,3.8,traffic_block,pending
BD003766,Engineering,TMS002344,COR02829,ATUL,BL,2024-06-28,14:00,4.4,traffic_block,pending
BD003767,Traction Distribution,TDMS000850,COR00029,LXR,DL,2024-04-19,01:00,2.1,power_block,pending
BD003768,Signal & Telecommunication,SMMS000012,COR03069,AVK,KXT,2025-02-07,01:00,2.3,traffic_block,pending
BD003769,Engineering,TMS001129,COR00236,SNRR,SBD,2024-08-02,09:00,0.6,traffic_block,pending
BD003770,Engineering,TMS005387,COR03998,SPLE,NILE,2024-03-14,23:00,3.0,traffic_block,pending
BD003771,Signal & Telecommunication,SMMS001804,COR03611,KUG,HBS,2025-10-16,14:00,2.0,traffic_block,pending
BD003772,Engineering,TMS005420,COR06066,MBH,KORL,2024-06-14,22:00,2.4,traffic_block,pending
BD003773,Engineering,TMS001581,COR02831,DGI,JRS,2024-09-16,13:00,5.5,traffic_block,pending
BD003774,Traction Distribution,TDMS002369,COR03985,JVT,KGLE,2025-01-13,00:00,2.0,power_block,pending
BD003775,Signal & Telecommunication,SMMS000642,COR00464,NED,WNG,2024-12-30,09:00,3.0,traffic_block,pending
BD003776,Engineering,TMS005036,COR01367,CDK,KLRD,2024-08-20,01:00,4.2,traffic_block,pending
BD003777,Traction Distribution,TDMS000684,COR00775,KIP,KWMD,2024-10-07,01:00,2.2,power_block,pending
BD003778,Engineering,TMS003624,COR02701,BGZ,GHE,2025-05-04,22:00,4.0,traffic_block,pending
BD003779,Engineering,TMS002152,COR01435,UMNR,SKJ,2024-11-25,01:00,4.7,traffic_block,pending
BD003780,Engineering,TMS005986,COR04031,SYQ,MDPR,2024-12-10,13:00,4.8,traffic_block,pending
BD003781,Engineering,TMS005972,COR02973,JGE,MAHE,2025-03-20,23:00,1.2,traffic_block,pending
BD003782,Engineering,TMS000803,COR00223,HATI,SAGM,2025-11-03,10:00,3.0,traffic_block,pending
BD003783,Traction Distribution,TDMS000282,COR02271,JHD,JHDC,2024-01-09,01:00,1.4,power_block,pending
BD003784,Signal & Telecommunication,SMMS000548,COR04463,MDT,HSA,2024-05-30,23:00,3.0,traffic_block,pending
BD003785,Signal & Telecommunication,SMMS001029,COR01305,APA,SEU,2024-01-04,09:00,0.5,traffic_block,pending
BD003786,Engineering,TMS000608,COR01630,ADHL,HVL,2026-01-08,01:00,2.8,traffic_block,pending
BD003787,Signal & Telecommunication,SMMS002921,COR02685,BZO,JIND,2025-10-22,23:00,3.6,traffic_block,pending
BD003788,Signal & Telecommunication,SMMS001827,COR00195,MAI,MHL,2024-08-21,10:00,3.4,traffic_block,pending
BD003789,Signal & Telecommunication,SMMS000332,COR05287,NBU,BDV,2024-07-15,01:00,3.5,traffic_block,pending
BD003790,Engineering,TMS004639,COR02991,VLI,PGI,2024-06-14,00:00,1.6,traffic_block,pending
BD003791,Engineering,TMS004023,COR04232,PMO,KIN,2024-01-25,00:00,3.7,traffic_block,pending
BD003792,Signal & Telecommunication,SMMS002741,COR02139,PDG,PTU,2024-03-25,14:00,3.5,traffic_block,pending
BD003793,Engineering,TMS002897,COR02153,MTMY,MNDY,2025-03-04,22:00,5.3,traffic_block,pending
BD003794,Signal & Telecommunication,SMMS002935,COR04054,HBL,BLR,2025-08-17,22:00,2.1,traffic_block,pending
BD003795,Engineering,TMS001852,COR03296,HSRA,KMLM,2024-09-27,13:00,1.3,traffic_block,pending
BD003796,Engineering,TMS000792,COR05815,KNSR,LGH,2024-04-13,02:00,2.5,traffic_block,pending
BD003797,Engineering,TMS003390,COR00148,TJNR,PT,2024-06-08,01:00,2.0,traffic_block,pending
BD003798,Engineering,TMS000525,COR03263,BXN,BAMA,2025-07-21,02:00,2.3,traffic_block,pending
BD003799,Signal & Telecommunication,SMMS000343,COR02987,CLT,KUL,2024-09-04,10:00,1.2,traffic_block,pending
BD003800,Signal & Telecommunication,SMMS001639,COR01654,MWM,SBC,2025-10-16,00:00,2.2,traffic_block,pending
BD003801,Engineering,TMS004558,COR06741,AAV,AGCI,2025-08-14,09:00,0.8,traffic_block,pending
BD003802,Engineering,TMS000417,COR00577,PPA,JDR,2024-07-28,10:00,0.7,traffic_block,pending
BD003803,Signal & Telecommunication,SMMS000305,COR00763,DEC,PM,2024-01-29,09:00,1.7,traffic_block,pending
BD003804,Signal & Telecommunication,SMMS001906,COR04609,DLO,BNV,2025-01-29,10:00,1.5,traffic_block,pending
BD003805,Signal & Telecommunication,SMMS000751,COR00539,NLE,CHV,2025-02-26,11:00,1.9,traffic_block,pending
BD003806,Traction Distribution,TDMS000326,COR01179,VRB,SLI,2025-05-18,10:00,1.5,power_block,pending
BD003807,Engineering,TMS002250,COR00624,MDR,TNGM,2025-11-16,11:00,2.7,traffic_block,pending
BD003808,Engineering,TMS004958,COR00057,SXS,MSH,2025-07-19,13:00,1.4,traffic_block,pending
BD003809,Signal & Telecommunication,SMMS002406,COR03731,SAHP,MDRA,2025-07-06,11:00,1.0,traffic_block,pending
BD003810,Engineering,TMS004956,COR01817,ADR,JKHI,2024-05-19,00:00,5.6,traffic_block,pending
BD003811,Signal & Telecommunication,SMMS001506,COR00158,PTNR,DBSI,2024-04-06,11:00,2.2,traffic_block,pending
BD003812,Engineering,TMS002866,COR03831,KQY,MXN,2024-05-19,09:00,4.6,traffic_block,pending
BD003813,Signal & Telecommunication,SMMS002440,COR06812,KAWT,BAGA,2024-05-18,09:00,1.6,traffic_block,pending
BD003814,Traction Distribution,TDMS000090,COR04142,VAPM,PPNS,2024-02-11,10:00,2.8,power_block,pending
BD003815,Traction Distribution,TDMS000041,COR01683,GPC,BELD,2025-07-15,09:00,3.4,power_block,pending
BD003816,Traction Distribution,TDMS001442,COR01334,SRPJ,BMN,2025-04-19,10:00,4.0,power_block,pending
BD003817,Signal & Telecommunication,SMMS000130,COR00421,HYB,LKPL,2025-11-07,23:00,2.0,traffic_block,pending
BD003818,Signal & Telecommunication,SMMS000383,COR00137,KNAR,AIA,2024-12-20,23:00,3.4,traffic_block,pending
BD003819,Engineering,TMS000145,COR02891,CAER,KHA,2024-04-02,13:00,1.4,traffic_block,pending
BD003820,Traction Distribution,TDMS002034,COR01153,CHG,BY,2024-10-24,14:00,2.1,power_block,pending
BD003821,Signal & Telecommunication,SMMS002637,COR03439,CRW,SWNI,2024-09-03,00:00,1.6,traffic_block,pending
BD003822,Engineering,TMS000585,COR06332,VRL,SMNH,2025-02-08,10:00,3.4,traffic_block,pending
BD003823,Engineering,TMS000680,COR00682,ATUL,PAD,2025-06-14,01:00,3.2,traffic_block,pending
BD003824,Engineering,TMS005704,COR01728,MFX,JSR,2025-07-01,23:00,3.6,traffic_block,pending
BD003825,Traction Distribution,TDMS002173,COR05587,PTRE,KTRR,2024-03-24,13:00,4.3,power_block,pending
BD003826,Traction Distribution,TDMS000713,COR02816,UOI,BOR,2024-12-08,14:00,2.0,power_block,pending
BD003827,Engineering,TMS000791,COR04420,KRKP,MGD,2025-06-07,01:00,4.0,traffic_block,pending
BD003828,Traction Distribution,TDMS001635,COR01036,TTLA,DGU,2025-08-21,23:00,3.6,power_block,pending
BD003829,Signal & Telecommunication,SMMS002251,COR01804,RLS,AJTM,2025-06-09,22:00,2.9,traffic_block,pending
BD003830,Engineering,TMS003638,COR01381,NMJ,KYV,2025-09-05,01:00,1.3,traffic_block,pending
BD003831,Engineering,TMS000622,COR03497,DUB,KEG,2024-12-16,14:00,6.0,traffic_block,pending
BD003832,Engineering,TMS004421,COR06520,PKK,BFE,2024-04-03,02:00,3.5,traffic_block,pending
BD003833,Engineering,TMS002851,COR02603,TOK,MAJN,2024-11-10,02:00,4.1,traffic_block,pending
BD003834,Engineering,TMS003154,COR00248,BHTN,BMR,2025-10-08,22:00,6.0,traffic_block,pending
BD003835,Traction Distribution,TDMS002069,COR05803,AMPR,RMH,2024-06-13,13:00,4.6,power_block,pending
BD003836,Engineering,TMS000658,COR08031,KKV,KKK,2025-05-11,01:00,4.3,traffic_block,pending
BD003837,Traction Distribution,TDMS002303,COR04164,PDL,LMD,2025-07-05,01:00,4.6,power_block,pending
BD003838,Engineering,TMS003952,COR00604,MUUA,PPC,2025-06-30,13:00,4.8,traffic_block,pending
BD003839,Traction Distribution,TDMS001799,COR05390,KID,MTH,2025-09-07,01:00,4.8,power_block,pending
BD003840,Signal & Telecommunication,SMMS000162,COR02994,TIR,TUA,2025-06-13,09:00,2.4,traffic_block,pending
BD003841,Traction Distribution,TDMS001975,COR01337,MXO,ABR,2024-05-31,13:00,1.7,power_block,pending
BD003842,Engineering,TMS005707,COR00966,DKM,CHB,2025-06-17,13:00,1.0,traffic_block,pending
BD003843,Engineering,TMS004080,COR00538,KZE,NLE,2025-10-12,09:00,2.2,traffic_block,pending
BD003844,Signal & Telecommunication,SMMS002592,COR00535,KQK,BFR,2025-02-27,10:00,2.3,traffic_block,pending
BD003845,Traction Distribution,TDMS002066,COR05726,SXR,TUY,2025-09-15,02:00,2.7,power_block,pending
BD003846,Traction Distribution,TDMS001580,COR01561,RMP,TAZ,2024-06-17,00:00,2.2,power_block,pending
BD003847,Engineering,TMS000143,COR00215,MKP,BNSP,2025-01-15,09:00,0.9,traffic_block,pending
BD003848,Engineering,TMS005345,COR01679,BNE,KFY,2025-07-01,22:00,1.0,traffic_block,pending
BD003849,Traction Distribution,TDMS000833,COR04731,SOHL,JHWR,2024-02-01,23:00,0.7,power_block,pending
BD003850,Engineering,TMS003179,COR02578,PTS,PSX,2024-08-02,22:00,0.6,traffic_block,pending
BD003851,Signal & Telecommunication,SMMS000522,COR01481,KWM,JMK,2025-02-07,02:00,1.2,traffic_block,pending
BD003852,Engineering,TMS004733,COR02386,DXR,MOL,2025-06-24,14:00,0.5,traffic_block,pending
BD003853,Signal & Telecommunication,SMMS002652,COR02963,BLLI,CNO,2025-12-20,14:00,1.6,traffic_block,pending
BD003854,Engineering,TMS005338,COR01002,BHGN,BXP,2025-04-06,00:00,6.0,traffic_block,pending
BD003855,Engineering,TMS000119,COR00925,KMLM,HSRA,2025-01-08,00:00,1.8,traffic_block,pending
BD003856,Traction Distribution,TDMS002299,COR02858,RLP,KGX,2024-04-13,02:00,4.8,power_block,pending
BD003857,Traction Distribution,TDMS001938,COR07726,MPT,VLV,2025-11-07,23:00,4.1,power_block,pending
BD003858,Traction Distribution,TDMS000937,COR05037,AHU,CIH,2024-02-20,01:00,0.9,power_block,pending
BD003859,Signal & Telecommunication,SMMS001275,COR03088,JGE,TLY,2025-01-08,02:00,0.9,traffic_block,pending
BD003860,Engineering,TMS005899,COR01678,GAR,BNE,2025-05-11,11:00,5.0,traffic_block,pending
BD003861,Signal & Telecommunication,SMMS002779,COR04948,VID,RAJP,2025-11-15,11:00,1.5,traffic_block,pending
BD003862,Engineering,TMS001812,COR02351,RKZ,BOM,2025-03-08,10:00,1.0,traffic_block,pending
BD003863,Signal & Telecommunication,SMMS001507,COR00278,PAL,MUO,2024-10-12,00:00,1.6,traffic_block,pending
BD003864,Traction Distribution,TDMS000363,COR01676,JHT,SCKR,2024-07-12,02:00,3.1,power_block,pending
BD003865,Engineering,TMS004897,COR06374,VRR,GTT,2024-06-05,22:00,4.1,traffic_block,pending
BD003866,Engineering,TMS003604,COR00264,SGP,GMD,2025-08-23,11:00,2.7,traffic_block,pending
BD003867,Engineering,TMS004856,COR02899,ERL,PYD,2024-10-29,02:00,2.4,traffic_block,pending
BD003868,Engineering,TMS002144,COR00793,BU,GLNA,2025-07-29,02:00,5.9,traffic_block,pending
BD003869,Signal & Telecommunication,SMMS002963,COR00460,SLGH,SVN,2025-04-15,22:00,2.9,traffic_block,pending
BD003870,Signal & Telecommunication,SMMS002114,COR02262,TMS,GBRI,2025-01-04,10:00,2.9,traffic_block,pending
BD003871,Engineering,TMS005872,COR01305,APA,SEU,2024-12-19,01:00,0.9,traffic_block,pending
BD003872,Signal & Telecommunication,SMMS001264,COR03687,AJKI,DWX,2024-11-04,01:00,3.2,traffic_block,pending
BD003873,Engineering,TMS000078,COR02980,TKT,VEK,2025-09-03,09:00,2.2,traffic_block,pending
BD003874,Traction Distribution,TDMS001199,COR01861,KTHU,BDHY,2025-04-15,10:00,0.7,power_block,pending
BD003875,Signal & Telecommunication,SMMS002315,COR00197,MTR,NRV,2024-03-17,13:00,1.3,traffic_block,pending
BD003876,Signal & Telecommunication,SMMS002610,COR00483,KKN,KRO,2025-06-24,11:00,3.8,traffic_block,pending
BD003877,Engineering,TMS004071,COR02301,RNA,BMHR,2025-01-11,22:00,2.8,traffic_block,pending
BD003878,Signal & Telecommunication,SMMS002661,COR04656,KAWR,AT,2025-02-24,01:00,0.7,traffic_block,pending
BD003879,Engineering,TMS001639,COR06261,KURO,ACH,2024-04-21,10:00,4.6,traffic_block,pending
BD003880,Signal & Telecommunication,SMMS000195,COR03356,RAGM,TPC,2025-09-10,13:00,2.8,traffic_block,pending
BD003881,Traction Distribution,TDMS000262,COR07003,BJN,KDL,2024-02-13,13:00,4.7,power_block,pending
BD003882,Signal & Telecommunication,SMMS000263,COR01931,PG,DAV,2024-05-17,09:00,0.8,traffic_block,pending
BD003883,Engineering,TMS001077,COR00466,LBG,CRU,2025-05-02,00:00,3.2,traffic_block,pending
BD003884,Traction Distribution,TDMS002343,COR00044,KLRD,CDK,2024-03-14,09:00,2.2,power_block,pending
BD003885,Engineering,TMS005196,COR00785,GAL,PSL,2025-05-01,14:00,2.7,traffic_block,pending
BD003886,Engineering,TMS005682,COR00289,NPNR,CDI,2025-04-25,09:00,1.6,traffic_block,pending
BD003887,Engineering,TMS001968,COR03304,TPP,KVLR,2024-08-24,00:00,2.7,traffic_block,pending
BD003888,Engineering,TMS002340,COR04294,ARJ,MHO,2025-06-22,09:00,3.2,traffic_block,pending
BD003889,Engineering,TMS000885,COR00286,BMA,KDK,2025-11-18,00:00,4.3,traffic_block,pending
BD003890,Engineering,TMS004122,COR03482,KHOH,BIP,2024-04-13,09:00,2.4,traffic_block,pending
BD003891,Signal & Telecommunication,SMMS001157,COR02162,TEN,TAY,2025-10-07,22:00,1.1,traffic_block,pending
BD003892,Engineering,TMS000523,COR00675,VDH,ACL,2025-07-29,00:00,2.8,traffic_block,pending
BD003893,Engineering,TMS000483,COR00997,CFG,KXL,2025-01-10,10:00,2.8,traffic_block,pending
BD003894,Engineering,TMS005963,COR00268,DRA,KTZ,2025-05-17,23:00,5.0,traffic_block,pending
BD003895,Traction Distribution,TDMS000771,COR00023,KHC,KNKT,2024-10-23,23:00,2.3,power_block,pending
BD003896,Engineering,TMS005179,COR00945,VMP,CDM,2025-02-19,13:00,2.1,traffic_block,pending
BD003897,Signal & Telecommunication,SMMS000540,COR02818,VGN,DRD,2025-09-15,11:00,2.5,traffic_block,pending
BD003898,Engineering,TMS002304,COR03462,PTRE,GTM,2025-02-15,23:00,1.8,traffic_block,pending
BD003899,Signal & Telecommunication,SMMS001673,COR02026,JGG,GYN,2025-10-02,10:00,4.0,traffic_block,pending
BD003900,Engineering,TMS002027,COR01619,ABGT,HSD,2024-06-05,11:00,4.0,traffic_block,pending
BD003901,Traction Distribution,TDMS000976,COR04537,SMBX,GHGL,2024-07-09,09:00,4.4,power_block,pending
BD003902,Traction Distribution,TDMS000138,COR03913,BHRL,PTK,2024-12-21,23:00,3.5,power_block,pending
BD003903,Traction Distribution,TDMS002171,COR00768,BDXT,GHH,2024-02-23,11:00,1.2,power_block,pending
BD003904,Signal & Telecommunication,SMMS001490,COR03119,TKRP,ACH,2024-01-29,23:00,3.0,traffic_block,pending
BD003905,Signal & Telecommunication,SMMS001528,COR04150,CHV,NLE,2025-10-17,22:00,1.4,traffic_block,pending
BD003906,Engineering,TMS002367,COR00047,KLL,CTRL,2025-10-04,22:00,3.1,traffic_block,pending
BD003907,Engineering,TMS002864,COR01003,BXP,SZR,2025-01-20,11:00,4.0,traffic_block,pending
BD003908,Traction Distribution,TDMS001347,COR00323,KSU,CHRA,2024-08-13,10:00,4.3,power_block,pending
BD003909,Signal & Telecommunication,SMMS002549,COR04478,MTA,SGBJ,2024-10-13,10:00,1.1,traffic_block,pending
BD003910,Signal & Telecommunication,SMMS002087,COR01942,SVD,J,2025-02-17,11:00,3.1,traffic_block,pending
BD003911,Engineering,TMS003746,COR00428,CVB,ALW,2025-09-27,00:00,4.5,traffic_block,pending
BD003912,Traction Distribution,TDMS000512,COR00508,ORDI,COR,2025-10-20,14:00,4.2,power_block,pending
BD003913,Engineering,TMS001142,COR07884,KLE,GXG,2025-11-29,14:00,1.6,traffic_block,pending
BD003914,Engineering,TMS003834,COR05890,MDNR,GUH,2025-08-13,23:00,2.0,traffic_block,pending
BD003915,Traction Distribution,TDMS002418,COR02157,KTBR,INDR,2024-06-09,23:00,1.1,power_block,pending
BD003916,Engineering,TMS001298,COR02888,GWS,KPV,2024-03-14,13:00,0.7,traffic_block,pending
BD003917,Traction Distribution,TDMS001972,COR02996,KTU,PEU,2024-05-19,13:00,2.9,power_block,pending
BD003918,Engineering,TMS005803,COR00722,MM,MRU,2024-07-13,22:00,4.8,traffic_block,pending
BD003919,Engineering,TMS000304,COR02576,MGVK,TKLB,2024-06-13,01:00,2.6,traffic_block,pending
BD003920,Engineering,TMS005932,COR00028,WKR,LXR,2024-07-13,01:00,6.0,traffic_block,pending
BD003921,Engineering,TMS000366,COR05567,NRWI,SURP,2024-02-25,10:00,3.6,traffic_block,pending
BD003922,Traction Distribution,TDMS001387,COR04442,DPL,LKN,2025-06-04,14:00,1.4,power_block,pending
BD003923,Engineering,TMS000033,COR00548,VAPM,CQL,2025-06-06,00:00,5.5,traffic_block,pending
BD003924,Engineering,TMS005810,COR00074,ABR,MXO,2024-12-20,02:00,5.0,traffic_block,pending
BD003925,Engineering,TMS000849,COR00236,SNRR,SBD,2024-09-22,11:00,3.1,traffic_block,pending
BD003926,Traction Distribution,TDMS001708,COR02588,MANK,MRDW,2025-08-29,02:00,2.5,power_block,pending
BD003927,Signal & Telecommunication,SMMS000668,COR06355,MXH,BWF,2025-09-16,23:00,2.7,traffic_block,pending
BD003928,Engineering,TMS003279,COR03387,AJTM,RLS,2025-02-25,09:00,2.7,traffic_block,pending
BD003929,Signal & Telecommunication,SMMS002418,COR00475,CDI,NPNR,2025-04-16,00:00,3.8,traffic_block,pending
BD003930,Traction Distribution,TDMS000269,COR02737,AMVA,DAVM,2024-03-08,09:00,3.9,power_block,pending
BD003931,Engineering,TMS004696,COR00495,DKI,KTZ,2024-11-16,11:00,5.9,traffic_block,pending
BD003932,Traction Distribution,TDMS001506,COR00490,TBN,CGO,2024-07-13,23:00,2.0,power_block,pending
BD003933,Engineering,TMS005583,COR04144,KPQ,PAZ,2024-03-30,10:00,1.6,traffic_block,pending
BD003934,Engineering,TMS005063,COR01154,BY,SNRD,2024-05-16,11:00,4.8,traffic_block,pending
BD003935,Signal & Telecommunication,SMMS000478,COR05502,MT,NNP,2025-12-05,02:00,1.6,traffic_block,pending
BD003936,Signal & Telecommunication,SMMS001735,COR01858,BHRL,SJNP,2025-12-30,11:00,1.9,traffic_block,pending
BD003937,Traction Distribution,TDMS001073,COR00256,KFY,BNE,2024-11-15,02:00,0.5,power_block,pending
BD003938,Traction Distribution,TDMS000401,COR04688,VINH,KFD,2025-10-13,02:00,2.2,power_block,pending
BD003939,Engineering,TMS000604,COR01153,CHG,BY,2026-01-02,14:00,2.6,traffic_block,pending
BD003940,Engineering,TMS001761,COR00786,PSL,AWR,2024-01-29,02:00,3.0,traffic_block,pending
BD003941,Engineering,TMS005594,COR01108,KKLR,PLVA,2024-03-27,11:00,3.1,traffic_block,pending
BD003942,Traction Distribution,TDMS000718,COR03403,PEE,MEW,2025-07-01,23:00,1.7,power_block,pending
BD003943,Engineering,TMS003432,COR00713,MDD,GMN,2024-01-12,23:00,1.7,traffic_block,pending
BD003944,Signal & Telecommunication,SMMS001399,COR07391,SMQL,GLBN,2025-01-09,13:00,0.6,traffic_block,pending
BD003945,Signal & Telecommunication,SMMS002920,COR04465,HOJ,KCF,2026-01-07,11:00,1.4,traffic_block,pending
BD003946,Traction Distribution,TDMS000143,COR05149,SSGJ,BSDL,2025-01-05,10:00,2.4,power_block,pending
BD003947,Engineering,TMS001432,COR01897,NKD,YGL,2025-07-26,13:00,3.5,traffic_block,pending
BD003948,Signal & Telecommunication,SMMS000647,COR04568,TRDI,DGBZ,2025-09-21,11:00,1.9,traffic_block,pending
BD003949,Traction Distribution,TDMS001658,COR00475,CDI,NPNR,2025-09-13,13:00,2.2,power_block,pending
BD003950,Traction Distribution,TDMS000646,COR01156,MSD,CSTM,2025-04-17,23:00,3.3,power_block,pending
BD003951,Engineering,TMS001456,COR08244,MWK,RM,2024-05-19,13:00,5.6,traffic_block,pending
BD003952,Engineering,TMS001231,COR04685,ANO,KHED,2024-09-19,11:00,4.0,traffic_block,pending
BD003953,Signal & Telecommunication,SMMS000741,COR04481,BRUD,HRD,2024-11-30,00:00,2.3,traffic_block,pending
BD003954,Signal & Telecommunication,SMMS002393,COR02616,KRP,PRTL,2025-07-01,00:00,1.6,traffic_block,pending
BD003955,Engineering,TMS004412,COR01341,SZA,IQG,2024-02-10,00:00,4.4,traffic_block,pending
BD003956,Engineering,TMS003170,COR03117,BAHP,BQP,2024-03-19,02:00,4.2,traffic_block,pending
BD003957,Engineering,TMS005266,COR03565,CJN,ANCR,2025-04-14,10:00,2.2,traffic_block,pending
BD003958,Traction Distribution,TDMS001341,COR02098,MYK,KAG,2025-09-13,14:00,3.7,power_block,pending
BD003959,Traction Distribution,TDMS001869,COR02682,NRW,GSO,2024-05-26,09:00,0.8,power_block,pending
BD003960,Engineering,TMS004998,COR01015,NLN,LCT,2024-01-12,14:00,5.7,traffic_block,pending
BD003961,Engineering,TMS002427,COR00049,EN,PN,2025-05-28,22:00,2.4,traffic_block,pending
BD003962,Traction Distribution,TDMS000651,COR05062,KBI,LWR,2024-10-30,14:00,2.2,power_block,pending
BD003963,Signal & Telecommunication,SMMS001701,COR00235,NWR,SNRR,2025-03-22,13:00,3.8,traffic_block,pending
BD003964,Engineering,TMS000332,COR02823,SJN,BLD,2024-10-08,01:00,4.9,traffic_block,pending
BD003965,Signal & Telecommunication,SMMS002383,COR04287,GRB,JOC,2024-05-05,09:00,1.8,traffic_block,pending
BD003966,Engineering,TMS002952,COR05304,CTJ,BEHR,2025-07-27,10:00,0.6,traffic_block,pending
BD003967,Traction Distribution,TDMS000900,COR02144,DGPP,MVO,2025-12-31,01:00,2.5,power_block,pending
BD003968,Traction Distribution,TDMS000845,COR00521,BDW,JWS,2025-09-10,09:00,3.8,power_block,pending
BD003969,Signal & Telecommunication,SMMS000219,COR01076,SED,UGR,2025-08-26,13:00,2.4,traffic_block,pending
BD003970,Signal & Telecommunication,SMMS002660,COR02738,DAVM,PASA,2025-11-02,22:00,3.0,traffic_block,pending
BD003971,Engineering,TMS001904,COR01007,BXJ,KHKT,2025-12-12,00:00,3.8,traffic_block,pending
BD003972,Signal & Telecommunication,SMMS001301,COR00608,NKD,INK,2024-12-20,22:00,3.2,traffic_block,pending
BD003973,Traction Distribution,TDMS001470,COR03843,SFR,BOJ,2024-04-10,02:00,0.9,power_block,pending
BD003974,Traction Distribution,TDMS000862,COR05661,TWL,KHTX,2025-04-13,11:00,0.7,power_block,pending
BD003975,Signal & Telecommunication,SMMS000977,COR01668,GRO,SQL,2025-10-03,13:00,2.3,traffic_block,pending
BD003976,Engineering,TMS005632,COR01481,KWM,JMK,2025-10-07,00:00,3.9,traffic_block,pending
BD003977,Engineering,TMS002485,COR01683,GPC,BELD,2024-01-25,02:00,1.8,traffic_block,pending
BD003978,Traction Distribution,TDMS001729,COR00076,KWI,BMN,2024-09-21,14:00,0.7,power_block,pending
BD003979,Engineering,TMS005106,COR00092,SOS,BWA,2024-04-27,09:00,2.4,traffic_block,pending
BD003980,Signal & Telecommunication,SMMS000917,COR05659,BMQ,GOLE,2024-12-02,14:00,1.5,traffic_block,pending
BD003981,Engineering,TMS004173,COR00671,BHET,SCH,2025-01-12,22:00,2.3,traffic_block,pending
BD003982,Signal & Telecommunication,SMMS001464,COR02831,DGI,JRS,2025-03-23,01:00,1.5,traffic_block,pending
BD003983,Signal & Telecommunication,SMMS000557,COR01321,JAL,BGPR,2025-07-30,01:00,1.7,traffic_block,pending
BD003984,Traction Distribution,TDMS002318,COR03862,BHNA,BHGH,2025-08-17,14:00,0.9,power_block,pending
BD003985,Engineering,TMS000846,COR02948,VB,RDY,2024-10-31,09:00,2.7,traffic_block,pending
BD003986,Signal & Telecommunication,SMMS001057,COR00286,BMA,KDK,2025-04-04,01:00,2.6,traffic_block,pending
BD003987,Engineering,TMS003572,COR00843,BIWK,NMH,2025-03-30,09:00,5.8,traffic_block,pending
BD003988,Signal & Telecommunication,SMMS000621,COR02093,ABGT,RGI,2024-07-24,11:00,2.4,traffic_block,pending
BD003989,Engineering,TMS003027,COR00767,GGN,BDXT,2025-01-24,22:00,5.9,traffic_block,pending
BD003990,Engineering,TMS004623,COR00733,SRVX,MAO,2025-06-09,23:00,4.4,traffic_block,pending
BD003991,Engineering,TMS000301,COR00243,JBP,HBG,2025-02-09,14:00,3.6,traffic_block,pending
BD003992,Engineering,TMS005416,COR00894,RKO,SFX,2025-02-07,23:00,4.9,traffic_block,pending
BD003993,Engineering,TMS003919,COR00116,AII,MD,2024-07-21,14:00,4.9,traffic_block,pending
BD003994,Engineering,TMS004250,COR02696,KRZ,ISM,2024-08-22,23:00,5.6,traffic_block,pending
BD003995,Engineering,TMS003434,COR05407,ANCR,CJN,2024-04-14,00:00,1.0,traffic_block,pending
BD003996,Traction Distribution,TDMS001203,COR01148,NVU,AGL,2024-01-26,11:00,2.1,power_block,pending
BD003997,Signal & Telecommunication,SMMS002825,COR04906,MYA,Y,2025-10-07,14:00,2.0,traffic_block,pending
BD003998,Engineering,TMS004196,COR07396,BDHP,KPKI,2025-04-03,13:00,5.7,traffic_block,pending
BD003999,Traction Distribution,TDMS001336,COR03722,NLN,DPU,2024-07-27,02:00,1.9,power_block,pending
BD004000,Engineering,TMS002054,COR01330,NANA,KVJ,2025-08-14,02:00,3.0,traffic_block,pending
BD004001,Traction Distribution,TDMS001020,COR02373,LTA,CRN,2025-01-11,00:00,3.5,power_block,pending
BD004002,Traction Distribution,TDMS001706,COR02199,VLY,DYS,2025-06-13,23:00,2.6,power_block,pending
BD004003,Signal & Telecommunication,SMMS001580,COR05727,TUY,PRT,2025-01-30,01:00,1.6,traffic_block,pending
BD004004,Engineering,TMS002076,COR01730,PRG,PFM,2025-12-29,01:00,1.3,traffic_block,pending
BD004005,Engineering,TMS004273,COR02448,SHBL,NBKH,2025-05-05,01:00,0.8,traffic_block,pending
BD004006,Engineering,TMS004321,COR04217,BHKL,DN,2024-10-29,22:00,5.7,traffic_block,pending
BD004007,Engineering,TMS000565,COR05154,JOBA,KNC,2025-04-03,01:00,1.5,traffic_block,pending
BD004008,Engineering,TMS001460,COR00085,JWB,BRLY,2025-01-25,13:00,3.6,traffic_block,pending
BD004009,Traction Distribution,TDMS002028,COR00382,ARJ,RJI,2025-10-28,10:00,0.7,power_block,pending
BD004010,Engineering,TMS004818,COR03597,TSD,GAMI,2025-10-17,02:00,4.0,traffic_block,pending
BD004011,Engineering,TMS003944,COR00612,MABD,GUU,2025-08-23,13:00,3.4,traffic_block,pending
BD004012,Engineering,TMS003878,COR06695,JALD,HM,2025-01-26,00:00,2.7,traffic_block,pending
BD004013,Engineering,TMS003013,COR02827,UVD,PAD,2024-04-01,13:00,3.1,traffic_block,pending
BD004014,Signal & Telecommunication,SMMS000333,COR01964,LDCY,SWNR,2024-03-28,00:00,2.1,traffic_block,pending
BD004015,Engineering,TMS001268,COR01316,MJ,AUWA,2024-10-19,10:00,4.2,traffic_block,pending
BD004016,Engineering,TMS002973,COR00135,KRH,HSI,2024-02-05,01:00,2.9,traffic_block,pending
BD004017,Engineering,TMS004773,COR05553,PHS,SULH,2024-08-10,13:00,0.9,traffic_block,pending
BD004018,Engineering,TMS003474,COR05130,CGH,BPRS,2024-07-24,11:00,6.0,traffic_block,pending
BD004019,Engineering,TMS002296,COR04922,PEN,KASU,2024-06-02,01:00,0.9,traffic_block,pending
BD004020,Engineering,TMS004896,COR02596,SEN,KUDA,2024-03-03,23:00,4.7,traffic_block,pending
BD004021,Engineering,TMS002767,COR05885,PRZ,MHBZ,2024-10-11,22:00,5.6,traffic_block,pending
BD004022,Engineering,TMS003477,COR02441,BZLE,MIAN,2025-03-30,02:00,2.9,traffic_block,pending
BD004023,Signal & Telecommunication,SMMS002340,COR07528,JTK,RGJ,2024-09-28,10:00,3.4,traffic_block,pending
BD004024,Traction Distribution,TDMS000106,COR04445,BHB,DHT,2024-06-05,10:00,4.1,power_block,pending
BD004025,Traction Distribution,TDMS002083,COR03727,RXRX,DMV,2025-02-25,13:00,3.8,power_block,pending
BD004026,Engineering,TMS005251,COR01915,CKX,LTRR,2025-08-21,02:00,4.4,traffic_block,pending
BD004027,Engineering,TMS003668,COR00625,TNGM,YP,2024-12-16,01:00,2.6,traffic_block,pending
BD004028,Signal & Telecommunication,SMMS001861,COR04447,KFA,SBV,2025-09-19,02:00,3.2,traffic_block,pending
BD004029,Traction Distribution,TDMS000683,COR00377,SAHR,NDJ,2025-12-20,01:00,1.4,power_block,pending
BD004030,Engineering,TMS000364,COR00908,HNL,DNE,2025-01-16,00:00,3.3,traffic_block,pending
BD004031,Signal & Telecommunication,SMMS000785,COR00729,DBM,SKVL,2024-03-20,22:00,2.9,traffic_block,pending
BD004032,Signal & Telecommunication,SMMS000129,COR00159,DBSI,DEE,2025-07-17,14:00,1.0,traffic_block,pending
BD004033,Engineering,TMS000079,COR02937,WL,CLE,2024-10-05,09:00,1.4,traffic_block,pending
BD004034,Engineering,TMS002058,COR00197,MTR,NRV,2024-12-26,02:00,3.4,traffic_block,pending
BD004035,Signal & Telecommunication,SMMS001356,COR00780,MJNL,AIA,2024-05-19,11:00,3.9,traffic_block,pending
BD004036,Traction Distribution,TDMS002023,COR04165,LMD,MYL,2024-03-29,00:00,1.2,power_block,pending
BD004037,Engineering,TMS004055,COR04203,MHRG,BJWS,2024-09-20,11:00,3.5,traffic_block,pending
BD004038,Engineering,TMS005607,COR01596,KNO,SNH,2025-10-15,00:00,0.8,traffic_block,pending
BD004039,Signal & Telecommunication,SMMS002112,COR00217,BQF,MKD,2024-06-23,09:00,3.7,traffic_block,pending
BD004040,Signal & Telecommunication,SMMS002093,COR01729,JSR,IDGJ,2024-12-25,02:00,3.4,traffic_block,pending
BD004041,Signal & Telecommunication,SMMS001820,COR04505,BJP,IMR,2025-11-13,11:00,0.7,traffic_block,pending
BD004042,Engineering,TMS004377,COR00933,BNC,BNCE,2024-04-30,11:00,3.3,traffic_block,pending
BD004043,Signal & Telecommunication,SMMS002783,COR05800,HMH,DBI,2025-11-28,01:00,2.7,traffic_block,pending
BD004044,Signal & Telecommunication,SMMS001211,COR04675,ADVI,NIV,2025-09-17,14:00,2.1,traffic_block,pending
BD004045,Engineering,TMS001617,COR06902,KTX,ARCL,2025-09-18,13:00,5.6,traffic_block,pending
BD004046,Engineering,TMS000397,COR01643,HEI,TK,2025-05-13,01:00,1.1,traffic_block,pending
BD004047,Traction Distribution,TDMS001528,COR00955,VKP,NPM,2024-02-23,02:00,3.5,power_block,pending
BD004048,Traction Distribution,TDMS002163,COR04707,CDK,KHD,2025-07-20,02:00,3.9,power_block,pending
BD004049,Signal & Telecommunication,SMMS002246,COR04700,APTA,RSYI,2024-05-22,13:00,3.4,traffic_block,pending
BD004050,Signal & Telecommunication,SMMS002344,COR00694,BOR,UOI,2024-07-20,11:00,3.1,traffic_block,pending
BD004051,Traction Distribution,TDMS001490,COR00372,YFP,SBK,2024-06-20,23:00,4.4,power_block,pending
BD004052,Engineering,TMS003598,COR04546,BHRL,CHKB,2025-04-03,23:00,4.4,traffic_block,pending
BD004053,Engineering,TMS004084,COR02662,SUCH,CAPE,2024-06-08,09:00,2.9,traffic_block,pending
BD004054,Signal & Telecommunication,SMMS001640,COR00932,SBC,BNC,2025-12-17,13:00,0.6,traffic_block,pending
BD004055,Engineering,TMS001139,COR04960,KRMI,VEN,2024-12-01,13:00,5.9,traffic_block,pending
BD004056,Engineering,TMS000736,COR02193,CAPE,SUCH,2025-05-04,00:00,5.8,traffic_block,pending
BD004057,Engineering,TMS000645,COR03692,BUTA,GSL,2025-10-20,13:00,3.0,traffic_block,pending
BD004058,Traction Distribution,TDMS001224,COR08555,KTOA,RDD,2025-07-10,09:00,1.7,power_block,pending
BD004059,Engineering,TMS005569,COR03055,GDN,TAY,2024-01-17,13:00,5.9,traffic_block,pending
BD004060,Traction Distribution,TDMS001695,COR04507,HOH,MVD,2025-08-05,02:00,2.9,power_block,pending
BD004061,Engineering,TMS000243,COR00046,SHRD,KLL,2025-06-04,02:00,4.2,traffic_block,pending
BD004062,Traction Distribution,TDMS001979,COR00864,SQE,DAB,2024-10-07,09:00,3.9,power_block,pending
BD004063,Engineering,TMS002520,COR03894,ABO,ROK,2024-10-28,22:00,1.7,traffic_block,pending
BD004064,Traction Distribution,TDMS002064,COR01920,PNF,MRTY,2025-11-08,00:00,1.0,power_block,pending
BD004065,Engineering,TMS002882,COR01613,KAG,MYK,2024-03-06,11:00,0.8,traffic_block,pending
BD004066,Signal & Telecommunication,SMMS001018,COR02079,AMSA,BSN,2025-05-30,09:00,1.4,traffic_block,pending
BD004067,Traction Distribution,TDMS002436,COR01722,DBR,KTDD,2025-02-05,10:00,1.1,power_block,pending
BD004068,Engineering,TMS001947,COR00706,BSR,NIG,2025-06-21,09:00,5.0,traffic_block,pending
BD004069,Traction Distribution,TDMS001131,COR01666,SLON,JKB,2025-07-05,14:00,2.9,power_block,pending
BD004070,Engineering,TMS000900,COR01704,PKRD,UDR,2024-09-02,09:00,4.7,traffic_block,pending
BD004071,Engineering,TMS002256,COR02989,FK,KN,2024-11-16,10:00,1.3,traffic_block,pending
BD004072,Engineering,TMS005055,COR05746,ANP,NID,2025-11-06,11:00,5.2,traffic_block,pending
BD004073,Engineering,TMS000261,COR04450,DHAE,KWAE,2025-12-09,10:00,0.6,traffic_block,pending
BD004074,Engineering,TMS001286,COR01762,SMBJ,KNDP,2025-08-07,09:00,1.0,traffic_block,pending
BD004075,Engineering,TMS004301,COR03029,SEQ,BNN,2025-02-19,09:00,3.3,traffic_block,pending
BD004076,Signal & Telecommunication,SMMS001498,COR04677,RN,BOKE,2025-12-15,13:00,3.9,traffic_block,pending
BD004077,Signal & Telecommunication,SMMS000076,COR03561,GRB,ADRA,2024-07-01,13:00,2.1,traffic_block,pending
BD004078,Engineering,TMS000713,COR02192,DUR,BGM,2024-01-25,00:00,0.7,traffic_block,pending
BD004079,Engineering,TMS000353,COR00788,MWW,MKH,2025-06-02,22:00,3.3,traffic_block,pending
BD004080,Engineering,TMS005091,COR01028,LPN,CPK,2025-02-12,00:00,3.9,traffic_block,pending
BD004081,Engineering,TMS000081,COR02023,AHM,ALMW,2025-03-17,02:00,1.7,traffic_block,pending
BD004082,Traction Distribution,TDMS000151,COR02829,ATUL,BL,2024-03-12,00:00,4.4,power_block,pending
BD004083,Traction Distribution,TDMS001279,COR01017,BRLF,LMG,2024-02-25,00:00,4.3,power_block,pending
BD004084,Engineering,TMS004551,COR00223,HATI,SAGM,2025-08-04,13:00,1.6,traffic_block,pending
BD004085,Engineering,TMS005321,COR00378,NDJ,BSCK,2024-12-22,13:00,3.8,traffic_block,pending
BD004086,Engineering,TMS005214,COR01858,BHRL,SJNP,2024-03-23,09:00,3.8,traffic_block,pending
BD004087,Engineering,TMS001249,COR03005,TB,SOU,2025-04-23,23:00,4.5,traffic_block,pending
BD004088,Traction Distribution,TDMS001459,COR00619,PNDP,CKN,2024-02-19,22:00,5.0,power_block,pending
BD004089,Signal & Telecommunication,SMMS001770,COR04876,SGF,GSW,2025-01-22,02:00,4.0,traffic_block,pending
BD004090,Engineering,TMS001294,COR00486,MUO,PAL,2024-01-30,23:00,1.9,traffic_block,pending
BD004091,Engineering,TMS002319,COR05345,GUX,AMX,2024-04-27,01:00,1.7,traffic_block,pending
BD004092,Engineering,TMS001622,COR00054,KYSD,UMN,2024-02-01,01:00,5.6,traffic_block,pending
BD004093,Engineering,TMS000051,COR02754,PAGM,SGKM,2025-11-16,00:00,3.6,traffic_block,pending
BD004094,Engineering,TMS002355,COR03698,PBA,VSU,2025-11-12,22:00,2.7,traffic_block,pending
BD004095,Engineering,TMS000955,COR01948,AWB,DLB,2024-04-09,01:00,5.2,traffic_block,pending
BD004096,Signal & Telecommunication,SMMS001834,COR03000,PTB,KRKD,2025-03-07,00:00,0.5,traffic_block,pending
BD004097,Traction Distribution,TDMS002200,COR00983,SFR,LXA,2024-04-25,23:00,4.5,power_block,pending
BD004098,Traction Distribution,TDMS000245,COR00285,MTA,KNW,2024-11-06,00:00,1.8,power_block,pending
BD004099,Signal & Telecommunication,SMMS001765,COR03761,DOX,BPR,2025-12-13,22:00,2.3,traffic_block,pending
BD004100,Signal & Telecommunication,SMMS002492,COR00368,CBN,TJD,2024-08-29,00:00,2.1,traffic_block,pending
BD004101,Engineering,TMS005966,COR05394,MBA,CRC,2024-06-05,13:00,2.8,traffic_block,pending
BD004102,Signal & Telecommunication,SMMS000896,COR03363,NLQ,KSI,2024-06-03,23:00,3.5,traffic_block,pending
BD004103,Engineering,TMS000007,COR01630,ADHL,HVL,2025-09-24,22:00,3.4,traffic_block,pending
BD004104,Traction Distribution,TDMS000996,COR02444,MHTR,SALE,2024-04-01,14:00,1.4,power_block,pending
BD004105,Engineering,TMS002934,COR00668,SDG,DES,2024-05-01,10:00,1.3,traffic_block,pending
BD004106,Signal & Telecommunication,SMMS002125,COR03225,VSW,JTV,2025-09-30,22:00,3.2,traffic_block,pending
BD004107,Engineering,TMS001421,COR02808,NIG,BSR,2024-10-28,00:00,1.8,traffic_block,pending
BD004108,Engineering,TMS000997,COR01191,TAZ,RMP,2025-05-29,11:00,5.3,traffic_block,pending
BD004109,Engineering,TMS002488,COR02808,NIG,BSR,2025-09-10,22:00,1.9,traffic_block,pending
BD004110,Signal & Telecommunication,SMMS001424,COR00181,NKE,SAHI,2025-08-18,22:00,0.8,traffic_block,pending
BD004111,Signal & Telecommunication,SMMS002514,COR01120,TNKU,STVA,2025-03-02,23:00,1.0,traffic_block,pending
BD004112,Engineering,TMS000756,COR02101,THN,DVG,2024-05-02,09:00,5.9,traffic_block,pending
BD004113,Traction Distribution,TDMS000261,COR05732,TDPR,CUD,2025-02-19,09:00,1.0,power_block,pending
BD004114,Signal & Telecommunication,SMMS002487,COR04422,TVG,NAG,2024-04-17,14:00,1.7,traffic_block,pending
BD004115,Engineering,TMS001534,COR02892,KHA,SGBJ,2024-01-23,10:00,5.4,traffic_block,pending
BD004116,Traction Distribution,TDMS000668,COR02278,AMLO,BRMO,2024-08-08,11:00,3.2,power_block,pending
BD004117,Engineering,TMS000010,COR02063,BAW,SDVL,2025-08-23,11:00,3.7,traffic_block,pending
BD004118,Engineering,TMS005039,COR04290,RKI,MDF,2024-12-12,14:00,1.7,traffic_block,pending
BD004119,Engineering,TMS002409,COR01763,KNDP,PDZ,2024-10-18,23:00,1.2,traffic_block,pending
BD004120,Signal & Telecommunication,SMMS000595,COR00462,MUE,MGC,2025-11-28,22:00,2.5,traffic_block,pending
BD004121,Engineering,TMS000611,COR02119,AGL,NVU,2025-09-27,02:00,2.4,traffic_block,pending
BD004122,Signal & Telecommunication,SMMS002595,COR07716,TKU,MCU,2025-12-19,09:00,1.3,traffic_block,pending
BD004123,Engineering,TMS003760,COR04308,PRNC,KTNR,2025-12-03,22:00,4.8,traffic_block,pending
BD004124,Engineering,TMS004231,COR01343,JTY,CTT,2024-12-04,01:00,4.3,traffic_block,pending
BD004125,Signal & Telecommunication,SMMS000137,COR00148,TJNR,PT,2024-12-26,00:00,2.7,traffic_block,pending
BD004126,Signal & Telecommunication,SMMS002322,COR03361,KGBS,JTS,2024-04-07,02:00,1.9,traffic_block,pending
BD004127,Signal & Telecommunication,SMMS001744,COR00469,SAV,NB,2025-06-15,11:00,3.4,traffic_block,pending
BD004128,Engineering,TMS002776,COR03632,KDN,BYC,2024-07-11,01:00,1.1,traffic_block,pending
BD004129,Traction Distribution,TDMS001271,COR03060,NNN,DYS,2025-07-12,02:00,0.9,power_block,pending
BD004130,Signal & Telecommunication,SMMS000452,COR04616,SGUJ,SGUT,2024-11-29,10:00,1.5,traffic_block,pending
BD004131,Signal & Telecommunication,SMMS001447,COR02869,GUB,BRDT,2025-09-09,09:00,3.6,traffic_block,pending
BD004132,Engineering,TMS004950,COR00041,LPR,SR,2025-04-12,11:00,0.6,traffic_block,pending
BD004133,Traction Distribution,TDMS000362,COR03819,BXJ,CJA,2025-06-10,00:00,3.4,power_block,pending
BD004134,Engineering,TMS003261,COR04535,JAT,BBMN,2024-11-05,09:00,2.7,traffic_block,pending
BD004135,Traction Distribution,TDMS001727,COR00033,VD,RA,2024-06-29,00:00,4.4,power_block,pending
BD004136,Engineering,TMS001516,COR01643,HEI,TK,2024-02-14,10:00,5.6,traffic_block,pending
BD004137,Engineering,TMS002649,COR03498,KEG,RBK,2024-11-11,10:00,4.7,traffic_block,pending
BD004138,Signal & Telecommunication,SMMS000045,COR04150,CHV,NLE,2025-10-31,13:00,2.0,traffic_block,pending
BD004139,Engineering,TMS000060,COR01469,TKC,PNB,2024-09-23,22:00,3.1,traffic_block,pending
BD004140,Signal & Telecommunication,SMMS001500,COR04545,SJNP,BHRL,2024-07-09,14:00,1.1,traffic_block,pending
BD004141,Signal & Telecommunication,SMMS000688,COR04690,SAPE,VEER,2025-08-10,10:00,2.4,traffic_block,pending
BD004142,Engineering,TMS002702,COR07391,SMQL,GLBN,2025-04-01,10:00,4.5,traffic_block,pending
BD004143,Engineering,TMS001912,COR00196,MHL,MTR,2024-02-16,09:00,0.6,traffic_block,pending
BD004144,Traction Distribution,TDMS000965,COR01725,MJHR,SRJ,2024-03-07,09:00,2.0,power_block,pending
BD004145,Engineering,TMS003658,COR00060,UJA,KMLI,2024-10-01,02:00,2.4,traffic_block,pending
BD004146,Engineering,TMS002421,COR01268,DHPR,LLU,2024-03-05,13:00,1.8,traffic_block,pending
BD004147,Engineering,TMS001407,COR04144,KPQ,PAZ,2025-12-07,09:00,1.4,traffic_block,pending
BD004148,Engineering,TMS002686,COR02016,MNHL,BJPL,2024-09-15,14:00,4.0,traffic_block,pending
BD004149,Traction Distribution,TDMS002494,COR01197,WTR,AKI,2024-05-07,23:00,0.9,power_block,pending
BD004150,Traction Distribution,TDMS001834,COR06489,AEL,MBV,2025-05-02,22:00,4.2,power_block,pending
BD004151,Signal & Telecommunication,SMMS002790,COR00286,BMA,KDK,2025-02-13,09:00,4.0,traffic_block,pending
BD004152,Engineering,TMS004424,COR05891,NRI,SK,2024-01-24,00:00,3.7,traffic_block,pending
BD004153,Traction Distribution,TDMS001022,COR05633,LR,MD,2024-05-25,22:00,4.5,power_block,pending
BD004154,Engineering,TMS004106,COR07283,BPG,BPB,2025-08-05,10:00,1.7,traffic_block,pending
BD004155,Engineering,TMS003039,COR01437,LKN,DPL,2025-12-10,23:00,5.7,traffic_block,pending
BD004156,Engineering,TMS002223,COR04922,PEN,KASU,2025-03-07,22:00,2.4,traffic_block,pending
BD004157,Engineering,TMS004918,COR00609,INK,KDM,2024-08-22,00:00,0.8,traffic_block,pending
BD004158,Signal & Telecommunication,SMMS002183,COR01729,JSR,IDGJ,2025-11-14,22:00,2.4,traffic_block,pending
BD004159,Traction Distribution,TDMS000617,COR00487,PAL,HD,2025-01-22,14:00,3.3,power_block,pending
BD004160,Signal & Telecommunication,SMMS002758,COR04691,VEER,GNO,2025-09-04,14:00,0.7,traffic_block,pending
BD004161,Traction Distribution,TDMS001301,COR02172,PALM,VEI,2024-09-17,11:00,0.9,power_block,pending
BD004162,Engineering,TMS005992,COR00284,BRUD,CAER,2025-02-18,01:00,4.0,traffic_block,pending
BD004163,Signal & Telecommunication,SMMS000418,COR01687,BMR,BHTN,2024-06-24,00:00,0.8,traffic_block,pending
BD004164,Signal & Telecommunication,SMMS000434,COR00529,MJS,UAA,2024-04-10,01:00,1.3,traffic_block,pending
BD004165,Engineering,TMS000510,COR03058,MP,SGLM,2025-02-10,23:00,0.5,traffic_block,pending
BD004166,Engineering,TMS003447,COR04127,PTB,KODN,2025-03-17,10:00,1.7,traffic_block,pending
BD004167,Engineering,TMS002174,COR02982,QLD,CMC,2025-08-29,01:00,1.4,traffic_block,pending
BD004168,Signal & Telecommunication,SMMS002013,COR02812,VTN,SAH,2024-02-07,22:00,2.8,traffic_block,pending
BD004169,Engineering,TMS005136,COR04133,TIR,TA,2025-09-07,11:00,5.9,traffic_block,pending
BD004170,Traction Distribution,TDMS002444,COR04674,VID,ADVI,2024-12-05,10:00,2.6,power_block,pending
BD004171,Engineering,TMS005481,COR01904,MTV,BIDR,2024-02-14,02:00,5.4,traffic_block,pending
BD004172,Engineering,TMS002074,COR04756,RHU,NSS,2024-07-21,02:00,2.1,traffic_block,pending
BD004173,Engineering,TMS004371,COR02952,PAU,MQL,2025-02-08,00:00,1.6,traffic_block,pending
BD004174,Signal & Telecommunication,SMMS002969,COR02125,KUV,KFV,2025-10-14,10:00,1.4,traffic_block,pending
BD004175,Engineering,TMS005859,COR02426,HDD,HGI,2025-08-30,01:00,2.4,traffic_block,pending
BD004176,Signal & Telecommunication,SMMS000247,COR02890,HRD,BRUD,2025-08-25,22:00,3.1,traffic_block,pending
BD004177,Engineering,TMS002028,COR01925,VDGN,GNH,2024-01-09,10:00,5.2,traffic_block,pending
BD004178,Engineering,TMS000985,COR01881,MDR,MTMI,2024-05-03,14:00,6.0,traffic_block,pending
BD004179,Engineering,TMS001144,COR04317,NPT,ADT,2024-07-18,13:00,3.6,traffic_block,pending
BD004180,Traction Distribution,TDMS001246,COR03294,HLE,AEK,2024-04-20,14:00,3.6,power_block,pending
BD004181,Signal & Telecommunication,SMMS002128,COR06392,JGG,SJGH,2025-02-24,23:00,2.0,traffic_block,pending
BD004182,Engineering,TMS004890,COR02034,DRGJ,ALY,2025-10-08,11:00,4.5,traffic_block,pending
BD004183,Engineering,TMS000683,COR07084,KKD,PTP,2024-06-02,10:00,3.1,traffic_block,pending
BD004184,Engineering,TMS004068,COR01129,BTRI,UJH,2024-04-06,14:00,0.5,traffic_block,pending
BD004185,Engineering,TMS002067,COR00160,DEE,DKZ,2024-10-23,22:00,4.8,traffic_block,pending
BD004186,Engineering,TMS000082,COR01027,KWM,LPN,2024-11-01,02:00,3.1,traffic_block,pending
BD004187,Traction Distribution,TDMS000243,COR01931,PG,DAV,2025-02-09,13:00,4.0,power_block,pending
BD004188,Signal & Telecommunication,SMMS000109,COR06660,TLE,SBW,2024-04-14,09:00,2.0,traffic_block,pending
BD004189,Engineering,TMS004794,COR01320,SOS,JAL,2025-08-11,11:00,0.7,traffic_block,pending
BD004190,Signal & Telecommunication,SMMS001732,COR05178,THA,JHDC,2024-06-30,14:00,1.2,traffic_block,pending
BD004191,Engineering,TMS005087,COR05496,BEU,PDR,2025-01-14,22:00,4.3,traffic_block,pending
BD004192,Engineering,TMS005636,COR00279,MUO,BRI,2025-02-14,14:00,5.4,traffic_block,pending
BD004193,Signal & Telecommunication,SMMS001497,COR01887,KMT,MLMG,2025-05-06,00:00,3.4,traffic_block,pending
BD004194,Signal & Telecommunication,SMMS002437,COR03891,SPZ,ISM,2025-08-31,22:00,3.1,traffic_block,pending
BD004195,Signal & Telecommunication,SMMS002064,COR00040,LTR,LPR,2024-06-29,10:00,3.1,traffic_block,pending
BD004196,Engineering,TMS002932,COR01725,MJHR,SRJ,2025-02-24,02:00,3.4,traffic_block,pending
BD004197,Traction Distribution,TDMS001654,COR03903,JIND,BZO,2024-11-19,13:00,0.6,power_block,pending
BD004198,Engineering,TMS004404,COR05512,PCX,PLY,2024-05-18,14:00,3.0,traffic_block,pending
BD004199,Signal & Telecommunication,SMMS001329,COR00754,MJO,CSM,2025-12-27,00:00,4.0,traffic_block,pending
BD004200,Engineering,TMS001698,COR05942,DEP,CUR,2024-10-18,09:00,5.8,traffic_block,pending
BD004201,Traction Distribution,TDMS000688,COR06398,KWH,NTU,2025-05-22,01:00,2.6,power_block,pending
BD004202,Signal & Telecommunication,SMMS002380,COR00773,PTRD,IHP,2024-05-27,09:00,3.1,traffic_block,pending
BD004203,Traction Distribution,TDMS000905,COR01690,KEQ,MML,2024-02-21,14:00,2.9,power_block,pending
BD004204,Engineering,TMS005819,COR05433,SPGL,PFM,2024-06-18,02:00,2.0,traffic_block,pending
BD004205,Signal & Telecommunication,SMMS002338,COR06016,GIO,SIKR,2024-05-28,01:00,1.7,traffic_block,pending
BD004206,Engineering,TMS005711,COR01647,DBS,NDV,2024-07-29,11:00,1.7,traffic_block,pending
BD004207,Engineering,TMS002765,COR01391,SGM,TOM,2025-07-04,01:00,3.0,traffic_block,pending
BD004208,Signal & Telecommunication,SMMS002262,COR01840,SCPD,DRE,2024-09-27,10:00,3.1,traffic_block,pending
BD004209,Traction Distribution,TDMS002256,COR00146,PTRD,JSKA,2025-10-07,02:00,2.6,power_block,pending
BD004210,Signal & Telecommunication,SMMS001643,COR05524,SBNM,BQG,2025-03-03,13:00,2.2,traffic_block,pending
BD004211,Engineering,TMS005157,COR00987,NZR,MZA,2025-06-13,13:00,1.4,traffic_block,pending
BD004212,Engineering,TMS003244,COR01695,GSPR,SHR,2024-03-27,23:00,5.7,traffic_block,pending
BD004213,Engineering,TMS003158,COR01893,MABD,TAA,2025-03-04,01:00,2.9,traffic_block,pending
BD004214,Engineering,TMS003333,COR00421,HYB,LKPL,2024-04-13,00:00,5.2,traffic_block,pending
BD004215,Engineering,TMS003238,COR00990,AGI,SLX,2024-10-12,00:00,0.6,traffic_block,pending
BD004216,Signal & Telecommunication,SMMS000502,COR02839,SCH,BHET,2025-08-12,13:00,1.0,traffic_block,pending
BD004217,Signal & Telecommunication,SMMS002015,COR00579,MKI,BMKI,2025-03-12,23:00,0.9,traffic_block,pending
BD004218,Engineering,TMS004919,COR01005,NJN,CJA,2025-04-08,13:00,2.4,traffic_block,pending
BD004219,Engineering,TMS005778,COR01363,EN,CTRL,2025-10-30,00:00,0.8,traffic_block,pending
BD004220,Engineering,TMS004666,COR06392,JGG,SJGH,2024-09-03,22:00,2.1,traffic_block,pending
BD004221,Traction Distribution,TDMS000051,COR00274,CGO,TBN,2024-05-02,23:00,0.9,power_block,pending
BD004222,Signal & Telecommunication,SMMS000290,COR08380,MQS,MLKH,2024-10-17,09:00,3.9,traffic_block,pending
BD004223,Engineering,TMS005624,COR02355,LUNI,HWT,2024-04-18,13:00,1.2,traffic_block,pending
BD004224,Signal & Telecommunication,SMMS001439,COR01972,LAL,BNTH,2025-04-15,01:00,1.8,traffic_block,pending
BD004225,Traction Distribution,TDMS002455,COR00412,BGL,MYHT,2025-06-11,10:00,2.1,power_block,pending
BD004226,Signal & Telecommunication,SMMS000635,COR05439,ATH,BJK,2025-09-22,23:00,2.1,traffic_block,pending
BD004227,Signal & Telecommunication,SMMS000156,COR01013,DLDE,DPU,2025-01-24,00:00,2.6,traffic_block,pending
BD004228,Signal & Telecommunication,SMMS001901,COR02398,KNKT,KHC,2025-12-06,13:00,2.8,traffic_block,pending
BD004229,Engineering,TMS000548,COR01703,JKE,PKRD,2025-03-08,01:00,1.3,traffic_block,pending
BD004230,Engineering,TMS001395,COR05462,GIA,NRPR,2024-10-05,14:00,2.5,traffic_block,pending
BD004231,Traction Distribution,TDMS002086,COR00825,BDW,SGW,2025-08-29,09:00,1.3,power_block,pending
BD004232,Engineering,TMS002486,COR04584,ATE,KHU,2024-10-04,23:00,4.5,traffic_block,pending
BD004233,Traction Distribution,TDMS001037,COR02103,HRR,CLI,2024-09-15,23:00,1.2,power_block,pending
BD004234,Engineering,TMS003485,COR04129,PUM,PEU,2025-01-15,22:00,3.5,traffic_block,pending
BD004235,Signal & Telecommunication,SMMS002953,COR00545,PAZ,KPQ,2024-10-29,01:00,3.7,traffic_block,pending
BD004236,Engineering,TMS000946,COR01918,JOA,KRPR,2025-11-03,23:00,4.5,traffic_block,pending
BD004237,Engineering,TMS001226,COR01268,DHPR,LLU,2025-06-22,00:00,5.4,traffic_block,pending
BD004238,Engineering,TMS004537,COR03072,BVRM,BVRT,2025-03-15,10:00,4.6,traffic_block,pending
BD004239,Engineering,TMS000625,COR05005,TOM,SGM,2024-07-11,09:00,4.3,traffic_block,pending
BD004240,Signal & Telecommunication,SMMS001186,COR00739,LRD,TTI,2025-09-20,01:00,2.2,traffic_block,pending
BD004241,Engineering,TMS000015,COR00581,SRA,SGL,2024-12-06,00:00,1.1,traffic_block,pending
BD004242,Engineering,TMS001863,COR02818,VGN,DRD,2024-01-10,01:00,3.7,traffic_block,pending
BD004243,Traction Distribution,TDMS000829,COR00477,DGN,KDK,2025-03-04,13:00,3.0,power_block,pending
BD004244,Signal & Telecommunication,SMMS002972,COR00273,PGL,CGO,2025-10-15,22:00,0.7,traffic_block,pending
BD004245,Signal & Telecommunication,SMMS000209,COR04363,SDG,MNO,2025-10-10,23:00,3.7,traffic_block,pending
BD004246,Engineering,TMS000640,COR00289,NPNR,CDI,2024-05-03,10:00,4.9,traffic_block,pending
BD004247,Traction Distribution,TDMS000476,COR03019,DOC,PTA,2025-09-29,13:00,4.3,power_block,pending
BD004248,Engineering,TMS005015,COR03479,BTKP,SWC,2025-02-05,09:00,1.7,traffic_block,pending
BD004249,Engineering,TMS004056,COR01396,MTNL,MKY,2025-11-05,09:00,4.1,traffic_block,pending
BD004250,Traction Distribution,TDMS000672,COR00294,RV,NB,2025-11-26,02:00,0.6,power_block,pending
BD004251,Signal & Telecommunication,SMMS001106,COR01156,MSD,CSTM,2025-11-06,10:00,1.7,traffic_block,pending
BD004252,Signal & Telecommunication,SMMS002193,COR03903,JIND,BZO,2025-11-02,14:00,1.1,traffic_block,pending
BD004253,Signal & Telecommunication,SMMS000854,COR02770,SKF,KAT,2025-08-27,14:00,2.7,traffic_block,pending
BD004254,Signal & Telecommunication,SMMS002651,COR00484,KRO,BRI,2025-12-06,00:00,1.1,traffic_block,pending
BD004255,Engineering,TMS005386,COR00243,JBP,HBG,2025-02-09,09:00,4.5,traffic_block,pending
BD004256,Engineering,TMS001372,COR00679,JRS,DGI,2024-05-11,14:00,3.7,traffic_block,pending
BD004257,Signal & Telecommunication,SMMS000964,COR00160,DEE,DKZ,2025-12-15,22:00,0.5,traffic_block,pending
BD004258,Engineering,TMS004432,COR03250,MLZ,NMD,2025-10-30,10:00,5.9,traffic_block,pending
BD004259,Engineering,TMS001759,COR03182,RHA,KLNP,2025-07-23,23:00,4.1,traffic_block,pending
BD004260,Engineering,TMS000456,COR02154,MNDY,GWYR,2025-10-09,13:00,2.0,traffic_block,pending
BD004261,Engineering,TMS004628,COR00247,BRGT,BHTN,2025-10-17,02:00,4.5,traffic_block,pending
BD004262,Traction Distribution,TDMS000904,COR00151,BDXT,GGN,2025-03-07,09:00,1.6,power_block,pending
BD004263,Signal & Telecommunication,SMMS002452,COR02396,AXA,SDD,2025-12-05,23:00,3.5,traffic_block,pending
BD004264,Signal & Telecommunication,SMMS002978,COR02546,NIR,KLZ,2025-09-17,10:00,0.6,traffic_block,pending
BD004265,Engineering,TMS003160,COR02517,DQN,RXN,2024-04-17,09:00,5.4,traffic_block,pending
BD004266,Traction Distribution,TDMS002128,COR03830,TTB,KQY,2026-01-02,00:00,4.9,power_block,pending
BD004267,Signal & Telecommunication,SMMS001278,COR01727,LOG,MFX,2025-10-15,13:00,3.6,traffic_block,pending
BD004268,Signal & Telecommunication,SMMS000757,COR04700,APTA,RSYI,2024-03-18,02:00,1.1,traffic_block,pending
BD004269,Signal & Telecommunication,SMMS000503,COR02119,AGL,NVU,2025-05-23,01:00,0.8,traffic_block,pending
BD004270,Signal & Telecommunication,SMMS000926,COR02990,KN,VLI,2025-11-02,02:00,2.0,traffic_block,pending
BD004271,Engineering,TMS002530,COR01719,BNSP,MKP,2025-02-28,01:00,0.6,traffic_block,pending
BD004272,Signal & Telecommunication,SMMS001789,COR01829,NLQ,JTS,2025-09-21,09:00,0.5,traffic_block,pending
BD004273,Engineering,TMS001467,COR02863,SVHE,HBS,2024-09-12,00:00,4.1,traffic_block,pending
BD004274,Engineering,TMS001566,COR05628,SK,SALI,2024-09-15,13:00,0.9,traffic_block,pending
BD004275,Engineering,TMS002687,COR03691,MDN,BUTA,2025-02-18,01:00,4.7,traffic_block,pending
BD004276,Engineering,TMS001574,COR03941,RKR,JJA,2024-12-09,09:00,4.7,traffic_block,pending
BD004277,Signal & Telecommunication,SMMS000200,COR04190,RPHR,HSR,2025-10-15,10:00,2.1,traffic_block,pending
BD004278,Engineering,TMS001573,COR03875,SMET,SME,2025-07-10,01:00,3.0,traffic_block,pending
BD004279,Engineering,TMS003805,COR02832,JRS,BIM,2024-07-24,09:00,2.9,traffic_block,pending
BD004280,Traction Distribution,TDMS000779,COR05284,SJPM,NTW,2024-04-22,10:00,2.3,power_block,pending
BD004281,Engineering,TMS002762,COR00113,MKRA,SDH,2024-01-06,02:00,5.5,traffic_block,pending
BD004282,Engineering,TMS000149,COR02836,VDH,NVS,2024-05-13,00:00,5.1,traffic_block,pending
BD004283,Traction Distribution,TDMS001315,COR00182,SAHI,CAI,2024-08-03,02:00,1.0,power_block,pending
BD004284,Engineering,TMS001730,COR01890,DKJ,GLA,2024-12-24,14:00,0.9,traffic_block,pending
BD004285,Traction Distribution,TDMS001950,COR06398,KWH,NTU,2024-03-23,01:00,4.2,power_block,pending
BD004286,Traction Distribution,TDMS001505,COR00411,BHNA,BGL,2024-01-21,00:00,4.8,power_block,pending
BD004287,Engineering,TMS005334,COR01014,DPU,NLN,2024-11-11,13:00,4.9,traffic_block,pending
BD004288,Signal & Telecommunication,SMMS002391,COR01265,SASN,CDG,2024-07-21,09:00,1.0,traffic_block,pending
BD004289,Engineering,TMS002349,COR00655,CKR,RBG,2024-11-05,02:00,3.5,traffic_block,pending
BD004290,Engineering,TMS005110,COR06907,DHPD,NLSF,2025-07-20,14:00,3.6,traffic_block,pending
BD004291,Engineering,TMS000597,COR02831,DGI,JRS,2025-12-17,09:00,4.1,traffic_block,pending
BD004292,Signal & Telecommunication,SMMS000455,COR00281,KRO,KKN,2024-05-10,02:00,3.0,traffic_block,pending
BD004293,Engineering,TMS005675,COR04038,RJI,ARJ,2024-02-17,22:00,3.5,traffic_block,pending
BD004294,Engineering,TMS000002,COR00122,GLTA,SALI,2024-07-30,22:00,4.4,traffic_block,pending
BD004295,Signal & Telecommunication,SMMS001370,COR01681,KY,NU,2025-10-06,22:00,1.0,traffic_block,pending
BD004296,Traction Distribution,TDMS002264,COR00268,DRA,KTZ,2024-03-08,13:00,2.5,power_block,pending
BD004297,Traction Distribution,TDMS001150,COR01589,KFA,DHT,2025-06-04,02:00,1.2,power_block,pending
BD004298,Traction Distribution,TDMS001653,COR01729,JSR,IDGJ,2024-03-24,14:00,3.3,power_block,pending
BD004299,Engineering,TMS000223,COR04250,URPR,PLP,2025-04-09,23:00,5.5,traffic_block,pending
BD004300,Engineering,TMS001347,COR02047,UMD,YSI,2025-01-08,01:00,2.2,traffic_block,pending
BD004301,Traction Distribution,TDMS001122,COR00025,SDD,AXA,2025-08-17,13:00,3.2,power_block,pending
BD004302,Engineering,TMS004360,COR00314,MDKD,MDF,2024-04-17,13:00,4.0,traffic_block,pending
BD004303,Signal & Telecommunication,SMMS000619,COR02667,MAUR,KTKL,2025-08-05,09:00,1.5,traffic_block,pending
BD004304,Engineering,TMS001802,COR01004,SZR,NJN,2024-07-09,11:00,3.8,traffic_block,pending
BD004305,Engineering,TMS002404,COR04667,ZARP,KUDL,2024-01-06,02:00,4.6,traffic_block,pending
BD004306,Engineering,TMS005663,COR00705,NSP,BSR,2025-11-07,01:00,1.5,traffic_block,pending
BD004307,Engineering,TMS004459,COR05315,MWF,OBR,2024-06-26,14:00,5.8,traffic_block,pending
BD004308,Traction Distribution,TDMS001924,COR03084,BDJ,NAU,2024-07-22,22:00,3.2,power_block,pending
BD004309,Engineering,TMS001243,COR03820,CJA,NJN,2024-03-08,23:00,4.4,traffic_block,pending
BD004310,Engineering,TMS003286,COR01266,CDG,GHG,2024-07-02,01:00,0.9,traffic_block,pending
BD004311,Engineering,TMS004747,COR00323,KSU,CHRA,2025-03-10,13:00,3.5,traffic_block,pending
BD004312,Engineering,TMS002115,COR00629,KI,RYP,2024-07-04,01:00,1.5,traffic_block,pending
BD004313,Traction Distribution,TDMS002315,COR01561,RMP,TAZ,2024-06-28,01:00,4.7,power_block,pending
BD004314,Traction Distribution,TDMS001242,COR06133,NGA,LTD,2025-10-11,22:00,4.1,power_block,pending
BD004315,Traction Distribution,TDMS001058,COR02810,NSP,VR,2025-03-30,23:00,0.6,power_block,pending
BD004316,Engineering,TMS005423,COR04554,TDO,CGH,2024-03-06,09:00,3.7,traffic_block,pending
BD004317,Traction Distribution,TDMS000183,COR00869,JKM,NZB,2025-11-16,02:00,4.6,power_block,pending
BD004318,Engineering,TMS002597,COR03482,KHOH,BIP,2025-11-06,01:00,3.0,traffic_block,pending
BD004319,Engineering,TMS005017,COR02213,HWT,LUNI,2025-11-01,09:00,5.1,traffic_block,pending
BD004320,Traction Distribution,TDMS001079,COR01485,DHRY,LKA,2024-05-29,13:00,2.3,power_block,pending
BD004321,Engineering,TMS000962,COR00597,KZA,GRRG,2024-01-29,00:00,1.9,traffic_block,pending
BD004322,Signal & Telecommunication,SMMS000234,COR01715,CTHR,MJG,2024-12-28,10:00,2.9,traffic_block,pending
BD004323,Engineering,TMS004134,COR06655,BJE,SNTD,2025-02-26,02:00,5.2,traffic_block,pending
BD004324,Traction Distribution,TDMS001280,COR03033,TAPA,JHK,2025-05-19,01:00,1.0,power_block,pending
BD004325,Signal & Telecommunication,SMMS000373,COR04797,SOHL,DHW,2025-09-18,00:00,3.7,traffic_block,pending
BD004326,Traction Distribution,TDMS001221,COR01964,LDCY,SWNR,2025-11-08,10:00,0.5,power_block,pending
BD004327,Engineering,TMS005415,COR05527,KRP,LGL,2025-07-29,14:00,5.9,traffic_block,pending
BD004328,Traction Distribution,TDMS001017,COR00384,KDQ,SRNT,2025-09-14,11:00,2.4,power_block,pending
BD004329,Engineering,TMS001588,COR00236,SNRR,SBD,2025-10-17,10:00,1.3,traffic_block,pending
BD004330,Engineering,TMS005947,COR03687,AJKI,DWX,2024-11-21,02:00,2.8,traffic_block,pending
BD004331,Traction Distribution,TDMS001295,COR04842,VPU,RLG,2024-05-20,23:00,1.8,power_block,pending
BD004332,Engineering,TMS004039,COR00938,MV,NID,2024-04-06,10:00,3.7,traffic_block,pending
BD004333,Engineering,TMS005077,COR00228,MYR,BUU,2025-08-06,01:00,1.1,traffic_block,pending
BD004334,Engineering,TMS005540,COR00753,SRVX,MJO,2024-11-02,01:00,2.7,traffic_block,pending
BD004335,Engineering,TMS002886,COR00052,GUS,DNW,2024-03-20,01:00,1.9,traffic_block,pending
BD004336,Signal & Telecommunication,SMMS002966,COR02589,MRDW,CTTP,2025-03-20,09:00,0.6,traffic_block,pending
BD004337,Signal & Telecommunication,SMMS000929,COR02149,MCPT,MCPK,2024-09-26,13:00,1.7,traffic_block,pending
BD004338,Engineering,TMS003220,COR01571,NDE,MDVR,2024-02-10,22:00,1.1,traffic_block,pending
BD004339,Engineering,TMS000414,COR03617,KGX,RLP,2025-06-02,11:00,4.0,traffic_block,pending
BD004340,Signal & Telecommunication,SMMS000476,COR03260,DNHK,FSP,2024-05-08,11:00,3.7,traffic_block,pending
BD004341,Signal & Telecommunication,SMMS001743,COR02275,BELA,CKH,2024-12-27,00:00,3.7,traffic_block,pending
BD004342,Traction Distribution,TDMS000590,COR01670,BGTA,GMD,2025-12-04,09:00,3.9,power_block,pending
BD004343,Engineering,TMS000327,COR01888,MLMG,PPY,2024-07-01,13:00,5.5,traffic_block,pending
BD004344,Traction Distribution,TDMS000196,COR00039,BLRD,LTR,2024-08-24,00:00,1.0,power_block,pending
BD004345,Engineering,TMS002215,COR04554,TDO,CGH,2024-01-13,10:00,3.1,traffic_block,pending
BD004346,Traction Distribution,TDMS002333,COR05631,KSG,GEK,2024-06-17,01:00,2.2,power_block,pending
BD004347,Engineering,TMS001955,COR04593,SSNR,BDME,2024-06-28,10:00,2.7,traffic_block,pending
BD004348,Traction Distribution,TDMS000665,COR00759,DEE,DBSI,2025-09-21,22:00,2.3,power_block,pending
BD004349,Traction Distribution,TDMS002406,COR04297,JKN,DLR,2024-03-23,13:00,1.8,power_block,pending
BD004350,Engineering,TMS004709,COR04813,WDM,NUQ,2025-12-08,10:00,0.6,traffic_block,pending
BD004351,Traction Distribution,TDMS001404,COR04919,PNVL,SMNE,2025-04-18,22:00,3.1,power_block,pending
BD004352,Engineering,TMS001556,COR01712,HATI,JTW,2024-02-17,14:00,2.0,traffic_block,pending
BD004353,Signal & Telecommunication,SMMS000627,COR01238,BBV,PVR,2025-12-01,23:00,3.8,traffic_block,pending
BD004354,Engineering,TMS001841,COR04136,VLI,KN,2024-03-11,13:00,3.6,traffic_block,pending
BD004355,Traction Distribution,TDMS001807,COR05181,NDU,TEA,2024-11-27,11:00,4.9,power_block,pending
BD004356,Engineering,TMS005296,COR04000,DGLE,SXP,2024-12-07,10:00,4.1,traffic_block,pending
BD004357,Signal & Telecommunication,SMMS000159,COR00317,BERO,JOC,2025-07-08,23:00,3.0,traffic_block,pending
BD004358,Signal & Telecommunication,SMMS001407,COR06099,MWK,SHF,2025-08-28,00:00,2.9,traffic_block,pending
BD004359,Traction Distribution,TDMS001036,COR01144,KBI,MGD,2024-11-20,01:00,1.6,power_block,pending
BD004360,Engineering,TMS004248,COR02394,WKR,WKRC,2024-08-23,10:00,1.5,traffic_block,pending
BD004361,Signal & Telecommunication,SMMS001870,COR06132,ALMR,NGA,2025-02-02,22:00,1.9,traffic_block,pending
BD004362,Engineering,TMS004439,COR06135,BTD,KDI,2025-05-04,10:00,2.3,traffic_block,pending
BD004363,Traction Distribution,TDMS001763,COR00757,DBM,VSG,2024-10-17,01:00,4.6,power_block,pending
BD004364,Signal & Telecommunication,SMMS002227,COR00633,BRND,BJRI,2024-08-16,00:00,1.0,traffic_block,pending
BD004365,Engineering,TMS000485,COR04578,BIP,KHOH,2025-05-07,00:00,1.5,traffic_block,pending
BD004366,Signal & Telecommunication,SMMS001461,COR02820,GVD,BRRD,2025-02-27,22:00,3.9,traffic_block,pending
BD004367,Engineering,TMS004111,COR04636,KQK,KLAD,2024-10-14,09:00,1.6,traffic_block,pending
BD004368,Engineering,TMS002148,COR01216,JOA,WDLN,2025-11-07,01:00,3.1,traffic_block,pending
BD004369,Signal & Telecommunication,SMMS001336,COR02798,VLP,ADH,2026-01-09,11:00,2.9,traffic_block,pending
BD004370,Engineering,TMS004817,COR00699,VTN,VR,2025-08-03,09:00,0.6,traffic_block,pending
BD004371,Signal & Telecommunication,SMMS001214,COR00965,LHL,DKM,2025-01-04,13:00,3.1,traffic_block,pending
BD004372,Engineering,TMS002052,COR00561,MOTC,RWL,2025-05-17,11:00,2.0,traffic_block,pending
BD004373,Signal & Telecommunication,SMMS000783,COR01692,JBP,ADTL,2025-04-10,23:00,3.9,traffic_block,pending
BD004374,Engineering,TMS004373,COR05340,KTKH,ATR,2025-05-18,00:00,2.4,traffic_block,pending
BD004375,Engineering,TMS002292,COR00548,VAPM,CQL,2024-12-03,02:00,3.5,traffic_block,pending
BD004376,Traction Distribution,TDMS000705,COR00014,HAPA,ALB,2025-05-01,09:00,3.2,power_block,pending
BD004377,Engineering,TMS002974,COR06400,HDT,BHLP,2024-04-24,10:00,2.5,traffic_block,pending
BD004378,Engineering,TMS004911,COR06343,KLL,EN,2024-10-30,01:00,3.2,traffic_block,pending
BD004379,Signal & Telecommunication,SMMS001671,COR00076,KWI,BMN,2025-04-29,13:00,1.3,traffic_block,pending
BD004380,Signal & Telecommunication,SMMS001391,COR04122,DBN,PTE,2025-06-09,11:00,3.7,traffic_block,pending
BD004381,Signal & Telecommunication,SMMS002032,COR00400,KYI,MPJ,2025-06-19,13:00,3.2,traffic_block,pending
BD004382,Traction Distribution,TDMS000963,COR00691,GVD,DRD,2025-03-21,11:00,3.6,power_block,pending
BD004383,Signal & Telecommunication,SMMS002501,COR02340,VAL,JND,2025-04-24,00:00,2.7,traffic_block,pending
BD004384,Engineering,TMS004810,COR04598,KRNI,GLPT,2024-09-16,01:00,6.0,traffic_block,pending
BD004385,Engineering,TMS001560,COR02602,SL,TOK,2025-05-15,02:00,1.9,traffic_block,pending
BD004386,Traction Distribution,TDMS002054,COR04729,CHN,DHW,2024-01-19,14:00,2.8,power_block,pending
BD004387,Engineering,TMS001883,COR00113,MKRA,SDH,2024-07-20,01:00,4.9,traffic_block,pending
BD004388,Engineering,TMS002149,COR03103,RMC,LGO,2025-01-21,10:00,1.2,traffic_block,pending
BD004389,Signal & Telecommunication,SMMS000620,COR00758,DKZ,DEE,2024-10-08,02:00,0.9,traffic_block,pending
BD004390,Traction Distribution,TDMS001264,COR01711,SAGM,HATI,2025-08-09,01:00,0.9,power_block,pending
BD004391,Engineering,TMS000783,COR01364,CTRL,KLL,2024-05-01,00:00,5.7,traffic_block,pending
BD004392,Engineering,TMS005943,COR01657,IKK,PRI,2024-05-18,01:00,3.1,traffic_block,pending
BD004393,Traction Distribution,TDMS002205,COR00710,DIC,BVI,2025-12-01,01:00,1.2,power_block,pending
BD004394,Signal & Telecommunication,SMMS001270,COR00863,BLSA,KEK,2025-09-16,02:00,2.6,traffic_block,pending
BD004395,Signal & Telecommunication,SMMS002707,COR02899,ERL,PYD,2025-05-15,11:00,2.5,traffic_block,pending
BD004396,Signal & Telecommunication,SMMS002577,COR01750,CRG,JJA,2024-10-20,00:00,1.1,traffic_block,pending
BD004397,Signal & Telecommunication,SMMS001463,COR00123,SALI,SK,2024-07-19,00:00,3.2,traffic_block,pending
BD004398,Signal & Telecommunication,SMMS001019,COR03911,TUN,HMQ,2024-03-10,01:00,2.2,traffic_block,pending
BD004399,Signal & Telecommunication,SMMS001118,COR03872,MPJ,KYI,2025-02-07,13:00,0.9,traffic_block,pending
BD004400,Signal & Telecommunication,SMMS000424,COR01604,HVR,BYD,2025-06-22,13:00,3.4,traffic_block,pending
BD004401,Traction Distribution,TDMS001446,COR00544,ELM,PAZ,2024-04-17,11:00,1.4,power_block,pending
BD004402,Traction Distribution,TDMS000373,COR00989,NMT,AGI,2024-09-26,13:00,2.8,power_block,pending
BD004403,Traction Distribution,TDMS000583,COR00091,JAL,SOS,2024-10-16,09:00,2.3,power_block,pending
BD004404,Engineering,TMS002692,COR01702,PTWA,JKE,2025-03-26,10:00,3.8,traffic_block,pending
BD004405,Engineering,TMS004323,COR05548,KJLU,BJO,2024-07-08,22:00,0.7,traffic_block,pending
BD004406,Signal & Telecommunication,SMMS001710,COR00522,JWS,NSD,2024-05-08,14:00,1.6,traffic_block,pending
BD004407,Engineering,TMS002836,COR00036,DXR,CJR,2025-09-30,02:00,3.7,traffic_block,pending
BD004408,Signal & Telecommunication,SMMS000632,COR06030,DLI,DEC,2025-12-22,14:00,3.4,traffic_block,pending
BD004409,Traction Distribution,TDMS000785,COR03278,PDNR,LHN,2025-12-03,14:00,2.7,power_block,pending
BD004410,Engineering,TMS002484,COR00476,NPNR,MWA,2025-01-13,14:00,2.9,traffic_block,pending
BD004411,Traction Distribution,TDMS002432,COR00193,CAA,HRNG,2024-06-02,00:00,3.3,power_block,pending
BD004412,Engineering,TMS005817,COR03097,SOW,RRE,2024-12-10,14:00,2.4,traffic_block,pending
BD004413,Engineering,TMS004218,COR01724,BRG,MJHR,2024-08-02,22:00,4.4,traffic_block,pending
BD004414,Signal & Telecommunication,SMMS000044,COR06007,COM,LHW,2025-08-14,09:00,2.1,traffic_block,pending
BD004415,Traction Distribution,TDMS000128,COR02300,DBD,RNA,2024-03-14,13:00,4.4,power_block,pending
BD004416,Engineering,TMS004541,COR06562,HLV,BTGH,2024-10-26,09:00,5.9,traffic_block,pending
BD004417,Engineering,TMS001338,COR00538,KZE,NLE,2025-07-01,01:00,4.6,traffic_block,pending
BD004418,Signal & Telecommunication,SMMS000065,COR00627,GNN,CVV,2024-11-12,22:00,1.4,traffic_block,pending
BD004419,Engineering,TMS004453,COR00945,VMP,CDM,2025-08-03,10:00,4.5,traffic_block,pending
BD004420,Traction Distribution,TDMS002152,COR01683,GPC,BELD,2025-09-23,02:00,3.5,power_block,pending
BD004421,Traction Distribution,TDMS002078,COR05807,RJS,AS,2025-07-03,00:00,3.8,power_block,pending
BD004422,Traction Distribution,TDMS000518,COR02994,TIR,TUA,2024-09-03,13:00,1.3,power_block,pending
BD004423,Engineering,TMS003731,COR06391,GYN,JGG,2025-03-04,09:00,3.4,traffic_block,pending
BD004424,Traction Distribution,TDMS002286,COR02435,KGLE,JVT,2026-01-02,14:00,4.1,power_block,pending
BD004425,Signal & Telecommunication,SMMS002017,COR02206,MWRN,SRBA,2024-11-06,11:00,2.8,traffic_block,pending
BD004426,Signal & Telecommunication,SMMS001139,COR00260,JHT,BKH,2024-04-20,02:00,3.2,traffic_block,pending
BD004427,Signal & Telecommunication,SMMS002129,COR06314,AVS,KKZ,2025-10-18,23:00,2.7,traffic_block,pending
BD004428,Engineering,TMS004549,COR03437,BNSA,TPU,2025-07-13,14:00,3.8,traffic_block,pending
BD004429,Traction Distribution,TDMS000910,COR03824,BHGN,JMI,2024-04-28,09:00,2.2,power_block,pending
BD004430,Signal & Telecommunication,SMMS000948,COR00996,TTB,CFG,2024-06-08,11:00,3.7,traffic_block,pending
BD004431,Engineering,TMS002898,COR01317,AUWA,BGG,2025-06-10,14:00,0.5,traffic_block,pending
BD004432,Signal & Telecommunication,SMMS000257,COR00314,MDKD,MDF,2024-12-25,10:00,1.5,traffic_block,pending
BD004433,Engineering,TMS005857,COR01677,SCKR,GAR,2024-03-31,14:00,6.0,traffic_block,pending
BD004434,Engineering,TMS001410,COR04935,DWV,KHED,2024-02-10,13:00,5.6,traffic_block,pending
BD004435,Signal & Telecommunication,SMMS002541,COR04169,RHW,KUP,2024-04-22,01:00,2.2,traffic_block,pending
BD004436,Signal & Telecommunication,SMMS000568,COR00809,POK,AQG,2025-02-28,10:00,3.4,traffic_block,pending
BD004437,Traction Distribution,TDMS000414,COR00382,ARJ,RJI,2025-07-29,22:00,2.1,power_block,pending
BD004438,Signal & Telecommunication,SMMS001988,COR04019,OKHA,MTHP,2024-08-06,02:00,2.1,traffic_block,pending
BD004439,Traction Distribution,TDMS001546,COR04652,KT,GOK,2024-11-03,01:00,0.9,power_block,pending
BD004440,Traction Distribution,TDMS001555,COR05901,KJME,UKA,2025-03-14,23:00,3.2,power_block,pending
BD004441,Signal & Telecommunication,SMMS000468,COR01749,MSRP,CRG,2025-02-02,02:00,3.5,traffic_block,pending
BD004442,Signal & Telecommunication,SMMS002740,COR00995,KQY,TTB,2025-02-14,01:00,0.6,traffic_block,pending
BD004443,Engineering,TMS001838,COR01898,YGL,CLE,2024-03-25,13:00,0.9,traffic_block,pending
BD004444,Traction Distribution,TDMS001749,COR03570,RSG,VSU,2024-11-03,00:00,3.5,power_block,pending
BD004445,Engineering,TMS002121,COR01075,VJR,SED,2025-01-04,14:00,1.4,traffic_block,pending
BD004446,Signal & Telecommunication,SMMS002395,COR08251,MIAL,BMZ,2024-03-10,22:00,2.0,traffic_block,pending
BD004447,Engineering,TMS004972,COR04650,MANK,HNA,2025-06-08,22:00,3.7,traffic_block,pending
BD004448,Engineering,TMS000563,COR03904,BZO,UCA,2024-04-03,00:00,2.6,traffic_block,pending
BD004449,Engineering,TMS001957,COR00480,CAER,BRUD,2025-01-03,14:00,0.8,traffic_block,pending
BD004450,Traction Distribution,TDMS000037,COR04798,DHW,CHN,2026-01-02,00:00,4.3,power_block,pending
BD004451,Engineering,TMS002165,COR00834,MDPA,HMG,2024-02-18,10:00,3.3,traffic_block,pending
BD004452,Engineering,TMS004054,COR00500,DLD,MDS,2025-12-26,22:00,3.4,traffic_block,pending
BD004453,Engineering,TMS005069,COR04298,DLR,PPH,2024-09-10,02:00,2.3,traffic_block,pending
BD004454,Engineering,TMS002515,COR07314,ABX,KNVT,2025-04-25,10:00,2.2,traffic_block,pending
BD004455,Engineering,TMS000230,COR00724,DDR,EPR,2025-10-11,13:00,3.6,traffic_block,pending
BD004456,Engineering,TMS002840,COR00482,DRHI,KKN,2025-12-30,23:00,2.2,traffic_block,pending
BD004457,Engineering,TMS004364,COR00818,URR,BMW,2024-09-12,22:00,3.8,traffic_block,pending
BD004458,Engineering,TMS004915,COR04414,BLQR,RUPC,2025-03-28,22:00,4.8,traffic_block,pending
BD004459,Engineering,TMS003465,COR00216,BNSP,BQF,2024-12-07,11:00,1.0,traffic_block,pending
BD004460,Engineering,TMS000865,COR00140,BWL,KNGT,2024-08-12,13:00,5.4,traffic_block,pending
BD004461,Engineering,TMS001784,COR00423,KQD,NLRD,2024-05-26,00:00,0.5,traffic_block,pending
BD004462,Engineering,TMS005625,COR04677,RN,BOKE,2024-05-06,13:00,2.3,traffic_block,pending
BD004463,Engineering,TMS003162,COR00981,LPTA,BOJ,2025-10-11,13:00,4.4,traffic_block,pending
BD004464,Traction Distribution,TDMS001291,COR00336,MLN,BNKJ,2025-05-21,22:00,4.2,power_block,pending
BD004465,Engineering,TMS005867,COR00295,NB,SAV,2025-11-27,13:00,0.9,traffic_block,pending
BD004466,Engineering,TMS001356,COR01425,NGE,BRH,2025-05-13,00:00,5.1,traffic_block,pending
BD004467,Engineering,TMS000343,COR01612,HNH,KAG,2025-03-09,14:00,5.4,traffic_block,pending
BD004468,Engineering,TMS002424,COR00475,CDI,NPNR,2025-04-14,10:00,2.7,traffic_block,pending
BD004469,Engineering,TMS001922,COR05901,KJME,UKA,2025-01-13,14:00,4.7,traffic_block,pending
BD004470,Engineering,TMS003019,COR01555,AKI,WTR,2025-02-05,11:00,1.7,traffic_block,pending
BD004471,Traction Distribution,TDMS002293,COR02981,VEK,QLD,2024-04-27,09:00,0.9,power_block,pending
BD004472,Traction Distribution,TDMS001964,COR00782,KNAR,HSI,2024-08-02,09:00,2.5,power_block,pending
BD004473,Engineering,TMS002339,COR00607,YGL,NKD,2025-01-03,11:00,1.0,traffic_block,pending
BD004474,Traction Distribution,TDMS000962,COR04177,SFM,CJL,2025-02-08,23:00,2.5,power_block,pending
BD004475,Engineering,TMS005736,COR01300,MLI,LNA,2025-01-03,10:00,4.4,traffic_block,pending
BD004476,Traction Distribution,TDMS001457,COR03290,KLNK,LHLL,2025-01-28,09:00,1.1,power_block,pending
BD004477,Signal & Telecommunication,SMMS002191,COR05348,DBKA,DGT,2025-03-29,10:00,0.7,traffic_block,pending
BD004478,Engineering,TMS005728,COR00578,JDR,MKI,2024-08-12,11:00,5.3,traffic_block,pending
BD004479,Signal & Telecommunication,SMMS001273,COR04649,MRDW,MANK,2024-05-23,02:00,1.9,traffic_block,pending
BD004480,Engineering,TMS001988,COR00466,LBG,CRU,2024-10-19,01:00,4.3,traffic_block,pending
BD004481,Signal & Telecommunication,SMMS001583,COR02060,NED,PARD,2024-10-09,02:00,3.7,traffic_block,pending
BD004482,Engineering,TMS001167,COR01180,SLI,MDVR,2024-06-22,10:00,3.1,traffic_block,pending
BD004483,Engineering,TMS000781,COR04842,VPU,RLG,2025-03-09,22:00,4.6,traffic_block,pending
BD004484,Traction Distribution,TDMS000011,COR04215,RG,BBA,2024-04-29,10:00,1.9,power_block,pending
BD004485,Signal & Telecommunication,SMMS001664,COR01343,JTY,CTT,2024-10-19,14:00,1.7,traffic_block,pending
BD004486,Engineering,TMS004169,COR04172,HMI,DUI,2025-10-15,09:00,0.6,traffic_block,pending
BD004487,Engineering,TMS000540,COR06104,BVP,NROD,2024-11-11,23:00,0.6,traffic_block,pending
BD004488,Engineering,TMS001125,COR02797,STC,VLP,2025-11-22,02:00,4.9,traffic_block,pending
BD004489,Engineering,TMS005729,COR00021,RJT,BLWR,2024-08-15,14:00,0.6,traffic_block,pending
BD004490,Engineering,TMS004380,COR02680,DTN,DHY,2025-02-13,23:00,4.8,traffic_block,pending
BD004491,Signal & Telecommunication,SMMS000163,COR01318,BGG,BWA,2025-05-05,22:00,2.7,traffic_block,pending
BD004492,Engineering,TMS003699,COR00696,PLG,KLV,2024-02-05,02:00,3.2,traffic_block,pending
BD004493,Engineering,TMS003545,COR04119,CTW,KKRL,2024-10-08,23:00,3.5,traffic_block,pending
BD004494,Traction Distribution,TDMS000661,COR00529,MJS,UAA,2024-04-15,09:00,3.6,power_block,pending
BD004495,Engineering,TMS004429,COR01892,GUU,MABD,2025-12-11,00:00,3.7,traffic_block,pending
BD004496,Traction Distribution,TDMS001620,COR00468,DSK,SAV,2025-07-31,02:00,3.1,power_block,pending
BD004497,Signal & Telecommunication,SMMS001704,COR01573,SLI,VRB,2024-09-17,10:00,1.5,traffic_block,pending
BD004498,Engineering,TMS001212,COR02540,SAG,BSS,2024-12-09,11:00,3.5,traffic_block,pending
BD004499,Engineering,TMS001162,COR04667,ZARP,KUDL,2024-05-01,02:00,5.1,traffic_block,pending
BD004500,Engineering,TMS001135,COR05391,MTH,KBR,2024-12-28,23:00,3.4,traffic_block,pending
BD004501,Traction Distribution,TDMS001568,COR00638,DRSN,MZH,2025-11-12,11:00,0.6,power_block,pending
BD004502,Engineering,TMS002557,COR06824,KORI,RE,2025-11-02,02:00,4.4,traffic_block,pending
BD004503,Signal & Telecommunication,SMMS000140,COR06910,MGLE,LGL,2025-12-31,23:00,1.6,traffic_block,pending
BD004504,Engineering,TMS000380,COR00025,SDD,AXA,2025-05-21,13:00,4.8,traffic_block,pending
BD004505,Engineering,TMS001361,COR01735,KDF,RMGJ,2025-10-15,10:00,5.8,traffic_block,pending
BD004506,Engineering,TMS004886,COR04736,JK,SRM,2024-02-10,22:00,3.6,traffic_block,pending
BD004507,Engineering,TMS003092,COR06528,ORKI,FTH,2025-11-24,09:00,5.3,traffic_block,pending
BD004508,Signal & Telecommunication,SMMS002175,COR00075,MXO,KWI,2024-04-19,14:00,3.6,traffic_block,pending
BD004509,Engineering,TMS005228,COR02838,MRL,SCH,2024-12-14,09:00,1.7,traffic_block,pending
BD004510,Traction Distribution,TDMS002401,COR01715,CTHR,MJG,2024-08-24,01:00,0.6,power_block,pending
BD004511,Signal & Telecommunication,SMMS001763,COR00615,DKJ,PPY,2025-10-15,23:00,1.5,traffic_block,pending
BD004512,Traction Distribution,TDMS000268,COR04678,BOKE,UKC,2025-03-22,09:00,1.4,power_block,pending
BD004513,Engineering,TMS003455,COR02908,KXJ,NLBR,2024-10-30,22:00,3.0,traffic_block,pending
BD004514,Engineering,TMS003328,COR01749,MSRP,CRG,2025-05-19,01:00,5.2,traffic_block,pending
BD004515,Signal & Telecommunication,SMMS001358,COR04922,PEN,KASU,2025-12-21,13:00,2.7,traffic_block,pending
BD004516,Engineering,TMS000427,COR06431,DK,UMH,2025-06-16,23:00,3.0,traffic_block,pending
BD004517,Signal & Telecommunication,SMMS001009,COR01409,KRR,MPLM,2024-11-02,01:00,2.0,traffic_block,pending
BD004518,Engineering,TMS004052,COR00675,VDH,ACL,2025-12-24,10:00,4.3,traffic_block,pending
BD004519,Engineering,TMS001462,COR07054,SEY,BHV,2024-03-06,00:00,1.6,traffic_block,pending
BD004520,Engineering,TMS005850,COR03075,VLL,WH,2025-01-29,01:00,4.3,traffic_block,pending
BD004521,Signal & Telecommunication,SMMS000470,COR00476,NPNR,MWA,2024-08-26,22:00,2.8,traffic_block,pending
BD004522,Traction Distribution,TDMS001920,COR04889,TTP,MNLI,2024-04-04,11:00,3.4,power_block,pending
BD004523,Engineering,TMS000067,COR03229,CLC,AEP,2025-03-28,10:00,3.8,traffic_block,pending
BD004524,Engineering,TMS003828,COR02568,RMO,SASR,2024-12-01,14:00,2.6,traffic_block,pending
BD004525,Signal & Telecommunication,SMMS000050,COR00475,CDI,NPNR,2025-09-29,09:00,3.6,traffic_block,pending
BD004526,Signal & Telecommunication,SMMS002161,COR04610,BNV,BNQ,2024-03-04,22:00,1.9,traffic_block,pending
BD004527,Signal & Telecommunication,SMMS002231,COR01844,BPRS,CGH,2025-05-18,14:00,3.9,traffic_block,pending
BD004528,Engineering,TMS005029,COR02662,SUCH,CAPE,2024-01-13,01:00,1.9,traffic_block,pending
BD004529,Traction Distribution,TDMS002041,COR01073,ARCL,SCL,2024-12-17,09:00,3.2,power_block,pending
BD004530,Signal & Telecommunication,SMMS001912,COR00371,DDD,YFP,2024-09-07,13:00,2.1,traffic_block,pending
BD004531,Engineering,TMS003940,COR00603,BBW,MUUA,2025-10-20,10:00,5.6,traffic_block,pending
BD004532,Engineering,TMS003112,COR02615,LGL,KRP,2025-06-25,13:00,4.7,traffic_block,pending
BD004533,Engineering,TMS004795,COR01726,SRJ,LOG,2025-08-02,14:00,2.1,traffic_block,pending
BD004534,Engineering,TMS002135,COR03078,CMC,QLD,2025-09-21,02:00,2.0,traffic_block,pending
BD004535,Traction Distribution,TDMS001200,COR03723,DPU,DLDE,2025-07-21,13:00,2.8,power_block,pending
BD004536,Engineering,TMS003370,COR01093,KNP,GNJ,2024-12-23,23:00,1.2,traffic_block,pending
BD004537,Traction Distribution,TDMS000566,COR04313,RPLY,MRIJ,2025-11-21,01:00,3.2,power_block,pending
BD004538,Traction Distribution,TDMS001762,COR00128,RHG,DGW,2024-03-28,13:00,4.4,power_block,pending
BD004539,Engineering,TMS002734,COR05340,KTKH,ATR,2024-02-27,01:00,4.4,traffic_block,pending
BD004540,Engineering,TMS002724,COR00276,CRK,HD,2024-09-24,23:00,5.8,traffic_block,pending
BD004541,Engineering,TMS005998,COR00538,KZE,NLE,2024-03-20,09:00,2.8,traffic_block,pending
BD004542,Engineering,TMS001918,COR04301,KER,BLTR,2024-01-06,01:00,5.0,traffic_block,pending
BD004543,Engineering,TMS001255,COR01003,BXP,SZR,2024-05-31,10:00,2.3,traffic_block,pending
BD004544,Traction Distribution,TDMS001069,COR02190,KNP,IDJ,2024-07-31,00:00,3.7,power_block,pending
BD004545,Engineering,TMS004563,COR00056,JDN,SXS,2025-07-21,09:00,3.2,traffic_block,pending
BD004546,Traction Distribution,TDMS001748,COR02394,WKR,WKRC,2024-12-13,23:00,2.8,power_block,pending
BD004547,Traction Distribution,TDMS002361,COR01921,MRTY,GTU,2024-01-18,13:00,2.4,power_block,pending
BD004548,Traction Distribution,TDMS001818,COR00690,BRRD,GVD,2024-07-04,22:00,4.6,power_block,pending
BD004549,Engineering,TMS005382,COR00544,ELM,PAZ,2024-01-16,02:00,4.5,traffic_block,pending
BD004550,Traction Distribution,TDMS002466,COR01876,KI,CVV,2025-11-18,13:00,4.6,power_block,pending
BD004551,Engineering,TMS004586,COR07227,MJHL,BJ,2025-09-19,22:00,2.8,traffic_block,pending
BD004552,Engineering,TMS004044,COR00705,NSP,BSR,2025-04-26,14:00,4.2,traffic_block,pending
BD004553,Traction Distribution,TDMS000001,COR02150,MCPK,MTCN,2024-04-27,23:00,5.0,power_block,pending
BD004554,Engineering,TMS001541,COR00499,KCNR,DLD,2025-05-05,01:00,5.9,traffic_block,pending
BD004555,Engineering,TMS000308,COR04028,BHTL,VQD,2024-10-06,22:00,1.9,traffic_block,pending
BD004556,Traction Distribution,TDMS001974,COR00012,LKBL,JAM,2024-05-29,13:00,1.6,power_block,pending
BD004557,Engineering,TMS005391,COR05830,AYU,JPZ,2024-03-01,13:00,1.7,traffic_block,pending
BD004558,Traction Distribution,TDMS002135,COR00273,PGL,CGO,2024-04-23,00:00,1.6,power_block,pending
BD004559,Engineering,TMS004900,COR03390,WDJ,BRW,2024-03-13,02:00,3.6,traffic_block,pending
BD004560,Signal & Telecommunication,SMMS002613,COR02411,KNLS,MDPR,2024-06-05,23:00,2.1,traffic_block,pending
BD004561,Engineering,TMS002749,COR03181,BCRD,JMV,2025-11-02,22:00,0.7,traffic_block,pending
BD004562,Traction Distribution,TDMS001042,COR02076,GBB,NTR,2025-04-11,11:00,1.9,power_block,pending
BD004563,Traction Distribution,TDMS000626,COR00684,UVD,VAPI,2025-11-26,23:00,4.2,power_block,pending
BD004564,Signal & Telecommunication,SMMS002554,COR03627,KGW,PKL,2024-04-29,09:00,2.1,traffic_block,pending
BD004565,Traction Distribution,TDMS001769,COR00548,VAPM,CQL,2024-05-20,02:00,4.9,power_block,pending
BD004566,Signal & Telecommunication,SMMS002088,COR00262,PPI,SXF,2025-12-12,11:00,1.4,traffic_block,pending
BD004567,Engineering,TMS000349,COR00687,BLD,SJN,2025-05-08,13:00,2.2,traffic_block,pending
BD004568,Signal & Telecommunication,SMMS001003,COR04802,LUSA,KHRY,2025-05-09,11:00,3.2,traffic_block,pending
BD004569,Engineering,TMS004492,COR01668,GRO,SQL,2024-10-16,00:00,0.8,traffic_block,pending
BD004570,Signal & Telecommunication,SMMS002177,COR01852,BNGL,CKKN,2024-12-27,09:00,3.3,traffic_block,pending
BD004571,Engineering,TMS000757,COR07246,PBV,SUKU,2025-09-22,01:00,5.6,traffic_block,pending
BD004572,Traction Distribution,TDMS001006,COR08188,RSJ,BDWS,2024-02-03,11:00,3.3,power_block,pending
BD004573,Engineering,TMS004170,COR02993,TA,TIR,2025-11-30,09:00,2.1,traffic_block,pending
BD004574,Traction Distribution,TDMS000173,COR01753,SWAR,JCU,2025-03-30,14:00,3.9,power_block,pending
BD004575,Engineering,TMS001032,COR01657,IKK,PRI,2025-07-18,00:00,1.7,traffic_block,pending
BD004576,Engineering,TMS003386,COR03531,RNIR,BIK,2025-04-10,00:00,2.0,traffic_block,pending
BD004577,Engineering,TMS001153,COR01321,JAL,BGPR,2024-02-04,01:00,5.0,traffic_block,pending
BD004578,Engineering,TMS003048,COR02809,BSR,NSP,2024-05-14,11:00,4.4,traffic_block,pending
BD004579,Engineering,TMS001839,COR00485,BRI,MUO,2025-03-09,02:00,2.2,traffic_block,pending
BD004580,Engineering,TMS000722,COR02298,NGL,THJ,2025-03-25,09:00,4.0,traffic_block,pending
BD004581,Traction Distribution,TDMS000929,COR05508,MGM,BTY,2025-08-24,14:00,4.9,power_block,pending
BD004582,Engineering,TMS002871,COR00071,SZA,SIM,2025-03-26,09:00,2.6,traffic_block,pending
BD004583,Traction Distribution,TDMS001155,COR00770,PT,TJNR,2024-07-04,00:00,1.4,power_block,pending
BD004584,Engineering,TMS000493,COR00784,KRH,GAL,2024-06-29,11:00,1.0,traffic_block,pending
BD004585,Engineering,TMS001227,COR00606,CLE,YGL,2025-06-16,22:00,3.1,traffic_block,pending
BD004586,Traction Distribution,TDMS002413,COR03976,SALE,MHTR,2025-11-09,14:00,1.8,power_block,pending
BD004587,Engineering,TMS004461,COR05007,AYN,BAL,2024-11-19,00:00,4.6,traffic_block,pending
BD004588,Engineering,TMS002413,COR02859,KGX,GDG,2024-09-12,11:00,4.6,traffic_block,pending
BD004589,Engineering,TMS005024,COR00086,BRLY,FA,2025-05-30,11:00,5.3,traffic_block,pending
BD004590,Signal & Telecommunication,SMMS000895,COR00699,VTN,VR,2025-05-07,23:00,0.8,traffic_block,pending
BD004591,Engineering,TMS004118,COR02828,PAD,ATUL,2024-09-12,23:00,0.9,traffic_block,pending
BD004592,Engineering,TMS001926,COR05598,MIH,MGWN,2024-05-24,11:00,4.4,traffic_block,pending
BD004593,Engineering,TMS004436,COR08123,SVV,TTQ,2024-10-12,14:00,4.5,traffic_block,pending
BD004594,Engineering,TMS001819,COR01727,LOG,MFX,2025-11-12,09:00,1.2,traffic_block,pending
BD004595,Signal & Telecommunication,SMMS000158,COR01741,MHOW,HKH,2025-04-10,02:00,2.9,traffic_block,pending
BD004596,Engineering,TMS001149,COR05921,AKE,MZL,2024-12-10,10:00,0.8,traffic_block,pending
BD004597,Signal & Telecommunication,SMMS001382,COR04650,MANK,HNA,2025-10-19,22:00,1.5,traffic_block,pending
BD004598,Signal & Telecommunication,SMMS001762,COR04126,KRKD,PTB,2024-08-13,23:00,2.9,traffic_block,pending
BD004599,Traction Distribution,TDMS001577,COR05865,DTW,BLZ,2025-04-05,23:00,1.4,power_block,pending
BD004600,Traction Distribution,TDMS001934,COR01863,CHNR,CKDL,2024-10-12,13:00,0.5,power_block,pending
