tdms_record_id,corridor_id,from_station,to_station,zone,defect_type,severity_class,detected_date,originally_due_date,days_overdue,requires_power_block,estimated_repair_duration_hrs,department
TDMS000001,COR02150,MCPK,MTCN,SR,feeder_fault,A,2024-04-26,2024-02-22,64,True,5.0,Traction Distribution
TDMS000002,COR05813,DLC,DHRR,NWR,ohe_wire_wear,B,2025-08-27,2025-05-18,101,True,2.0,Traction Distribution
TDMS000003,COR01315,DRS,MJ,NWR,tension_device_fault,C,2024-07-01,2024-06-30,1,True,4.1,Traction Distribution
TDMS000004,COR00746,JKN,SDT,NER,tension_device_fault,C,2024-08-12,2024-07-25,18,True,2.2,Traction Distribution
TDMS000005,COR00986,SLGR,NZR,NFR,tension_device_fault,C,2024-12-13,2024-11-29,14,True,4.4,Traction Distribution
TDMS000006,COR01195,JSV,PLV,CR,ohe_wire_wear,B,2024-06-08,2024-04-27,42,True,1.6,Traction Distribution
TDMS000007,COR03977,MHTR,TYAE,ER,ohe_wire_wear,B,2025-05-29,2025-05-28,1,True,4.9,Traction Distribution
TDMS000008,COR02799,ADH,JOS,WR,ohe_pole_defect,C,2024-08-05,2024-07-27,9,True,4.9,Traction Distribution
TDMS000009,COR00494,BPF,DKI,WCR,feeder_fault,A,2025-03-27,2025-03-22,5,True,2.1,Traction Distribution
TDMS000010,COR08116,TCN,KZY,SR,ohe_pole_defect,C,2025-04-21,2025-04-20,1,True,3.1,Traction Distribution
TDMS000011,COR04215,RG,BBA,NR,ohe_wire_wear,B,2024-04-21,2024-04-14,7,True,1.9,Traction Distribution
TDMS000012,COR02821,BRRD,UBR,WR,ohe_wire_wear,B,2024-07-27,2024-06-08,49,True,4.9,Traction Distribution
TDMS000013,COR02279,BRMO,JAN,ECR,circuit_breaker_fault,A,2025-05-31,2025-05-20,11,True,2.7,Traction Distribution
TDMS000014,COR00742,KER,CKYD,NER,earthing_fault,B,2025-06-21,2025-05-12,40,True,2.0,Traction Distribution
TDMS000015,COR03830,TTB,KQY,NFR,insulator_fault,B,2025-07-11,2025-04-06,96,True,0.8,Traction Distribution
TDMS000016,COR04685,ANO,KHED,KR,insulator_fault,B,2025-06-24,2025-06-13,11,True,3.7,Traction Distribution
TDMS000017,COR00738,SRU,LRD,NER,tension_device_fault,C,2025-06-22,2025-06-05,17,True,0.6,Traction Distribution
TDMS000018,COR00190,MKI,JDR,ECR,feeder_fault,A,2024-12-07,2024-12-04,3,True,1.3,Traction Distribution
TDMS000019,COR02077,NTR,SPGR,SWR,ohe_wire_wear,B,2024-03-27,2024-01-10,77,True,4.1,Traction Distribution
TDMS000020,COR00070,IQG,SZA,NWR,ohe_wire_wear,B,2024-02-23,2024-02-02,21,True,1.6,Traction Distribution
TDMS000021,COR03279,LHN,IDR,SWR,earthing_fault,B,2025-04-19,2025-04-16,3,True,3.4,Traction Distribution
TDMS000022,COR02459,PSAE,BFZ,ER,ohe_wire_wear,B,2025-07-17,2025-07-08,9,True,2.7,Traction Distribution
TDMS000023,COR04377,SQD,RMD,SR,feeder_fault,A,2025-03-10,2024-07-10,243,True,4.6,Traction Distribution
TDMS000024,COR07743,HLN,MVC,SWR,circuit_breaker_fault,A,2025-09-14,2025-09-10,4,True,2.8,Traction Distribution
TDMS000025,COR03913,BHRL,PTK,NR,circuit_breaker_fault,A,2025-07-11,2025-03-19,114,True,1.3,Traction Distribution
TDMS000026,COR02302,BMHR,MOZ,NR,insulator_fault,B,2025-04-21,2025-04-18,3,True,4.4,Traction Distribution
TDMS000027,COR04041,TRN,BSCK,NER,earthing_fault,B,2025-07-22,2025-07-20,2,True,3.1,Traction Distribution
TDMS000028,COR00698,SAH,VTN,WR,tension_device_fault,C,2024-04-26,2024-03-20,37,True,2.7,Traction Distribution
TDMS000029,COR00474,AGQ,CDI,CR,tension_device_fault,C,2025-09-13,2025-08-31,13,True,2.2,Traction Distribution
TDMS000030,COR04946,NIV,ADVI,KR,ohe_pole_defect,C,2024-09-14,2024-07-21,55,True,3.0,Traction Distribution
TDMS000031,COR02825,KEB,VAPI,WR,tension_device_fault,C,2024-07-21,2024-07-15,6,True,4.7,Traction Distribution
TDMS000032,COR00472,WGA,BAU,CR,insulator_fault,B,2024-02-01,2024-01-15,17,True,2.6,Traction Distribution
TDMS000033,COR00573,MHL,MAI,ECR,feeder_fault,A,2025-11-25,2025-11-09,16,True,2.1,Traction Distribution
TDMS000034,COR02807,BYR,NIG,WR,earthing_fault,B,2025-05-15,2025-02-19,85,True,3.8,Traction Distribution
TDMS000035,COR07212,FLD,GGO,NWR,ohe_pole_defect,C,2024-05-20,2024-05-11,9,True,4.4,Traction Distribution
TDMS000036,COR00207,MFX,LOG,NCR,earthing_fault,B,2024-02-26,2024-02-17,9,True,4.2,Traction Distribution
TDMS000037,COR04798,DHW,CHN,NR,insulator_fault,B,2025-12-28,2025-11-11,47,True,4.3,Traction Distribution
TDMS000038,COR03750,JNE,BLT,NWR,insulator_fault,B,2024-08-26,2024-08-12,14,True,2.2,Traction Distribution
TDMS000039,COR02906,NYY,BRAM,SR,earthing_fault,B,2025-08-04,2025-04-06,120,True,1.3,Traction Distribution
TDMS000040,COR03722,NLN,DPU,NFR,circuit_breaker_fault,A,2025-03-12,2024-08-21,203,True,0.8,Traction Distribution
TDMS000041,COR01683,GPC,BELD,WCR,insulator_fault,B,2025-07-11,2025-06-25,16,True,3.4,Traction Distribution
TDMS000042,COR05412,PLP,URPR,NR,ohe_wire_wear,B,2024-02-02,2023-11-16,78,True,0.7,Traction Distribution
TDMS000043,COR00237,SBD,DDCE,WCR,ohe_wire_wear,B,2024-08-09,2024-07-08,32,True,3.2,Traction Distribution
TDMS000044,COR02802,MDD,KILE,WR,ohe_wire_wear,B,2025-08-23,2025-08-17,6,True,3.6,Traction Distribution
TDMS000045,COR03886,MQC,GHE,NR,earthing_fault,B,2024-10-23,2024-10-03,20,True,2.0,Traction Distribution
TDMS000046,COR06152,VPZ,VDKS,SR,ohe_pole_defect,C,2025-10-28,2025-10-15,13,True,3.6,Traction Distribution
TDMS000047,COR00018,CX,PDH,WR,earthing_fault,B,2025-03-05,2025-02-16,17,True,2.4,Traction Distribution
TDMS000048,COR06446,NOMD,BJMD,SER,ohe_pole_defect,C,2025-10-26,2025-10-17,9,True,3.5,Traction Distribution
TDMS000049,COR04202,ZP,MHRG,NWR,ohe_pole_defect,C,2024-04-15,2024-03-31,15,True,1.5,Traction Distribution
TDMS000050,COR03152,JCNR,BSR,CR,circuit_breaker_fault,A,2024-08-28,2024-05-07,113,True,4.6,Traction Distribution
TDMS000051,COR00274,CGO,TBN,WCR,tension_device_fault,C,2024-04-29,2024-02-28,61,True,0.9,Traction Distribution
TDMS000052,COR04076,IMR,BJP,SWR,circuit_breaker_fault,A,2024-12-21,2024-08-21,122,True,1.7,Traction Distribution
TDMS000053,COR00686,KEB,BLD,WR,ohe_wire_wear,B,2025-01-21,2025-01-16,5,True,4.6,Traction Distribution
TDMS000054,COR01624,RRB,DRU,SWR,feeder_fault,A,2024-10-14,2023-08-15,426,True,2.3,Traction Distribution
TDMS000055,COR03820,CJA,NJN,NFR,insulator_fault,B,2024-01-25,2023-11-22,64,True,2.1,Traction Distribution
TDMS000056,COR01355,SXS,JDN,WR,ohe_wire_wear,B,2024-05-10,2024-05-02,8,True,2.0,Traction Distribution
TDMS000057,COR02291,DDN,HRW,NR,tension_device_fault,C,2025-01-08,2024-10-11,89,True,3.8,Traction Distribution
TDMS000058,COR08524,BYP,MEE,ECR,ohe_wire_wear,B,2024-09-28,2024-09-10,18,True,2.5,Traction Distribution
TDMS000059,COR04788,VJPJ,SMBX,NR,insulator_fault,B,2025-12-04,2025-11-12,22,True,1.8,Traction Distribution
TDMS000060,COR05917,KDHL,KEP,WR,earthing_fault,B,2024-12-15,2024-12-10,5,True,1.9,Traction Distribution
TDMS000061,COR00540,CHV,CDRA,SR,ohe_wire_wear,B,2025-10-31,2025-10-08,23,True,1.5,Traction Distribution
TDMS000062,COR00541,CDRA,TKQ,SR,ohe_wire_wear,B,2025-12-19,2025-09-07,103,True,3.9,Traction Distribution
TDMS000063,COR05683,MQX,RMF,ECR,earthing_fault,B,2025-04-12,2025-04-02,10,True,3.2,Traction Distribution
TDMS000064,COR03659,UPL,NDM,SCR,earthing_fault,B,2024-07-21,2024-04-06,106,True,4.7,Traction Distribution
TDMS000065,COR04170,KUP,MET,NR,ohe_wire_wear,B,2025-09-11,2025-08-25,17,True,2.5,Traction Distribution
TDMS000066,COR05106,BTX,KLAR,NCR,ohe_wire_wear,B,2025-04-02,2024-12-26,97,True,4.3,Traction Distribution
TDMS000067,COR07215,DOHM,DJKR,NWR,ohe_pole_defect,C,2025-03-08,2025-02-20,16,True,2.4,Traction Distribution
TDMS000068,COR07686,CHRU,KEMR,NER,earthing_fault,B,2024-12-18,2023-09-22,453,True,1.6,Traction Distribution
TDMS000069,COR08060,BRLI,RNB,NCR,tension_device_fault,C,2025-07-16,2025-06-28,18,True,2.1,Traction Distribution
TDMS000070,COR04939,KMAH,SVX,KR,feeder_fault,A,2025-03-29,2023-12-28,457,True,1.2,Traction Distribution
TDMS000071,COR01027,KWM,LPN,NFR,insulator_fault,B,2024-08-29,2024-05-19,102,True,3.0,Traction Distribution
TDMS000072,COR04481,BRUD,HRD,WCR,insulator_fault,B,2024-01-30,2023-12-27,34,True,4.0,Traction Distribution
TDMS000073,COR05252,TTW,CRN,SECR,insulator_fault,B,2025-03-24,2025-03-11,13,True,1.6,Traction Distribution
TDMS000074,COR02310,MUT,MTC,NR,tension_device_fault,C,2025-11-10,2025-10-24,17,True,0.5,Traction Distribution
TDMS000075,COR00280,BRI,KRO,WCR,circuit_breaker_fault,A,2025-05-19,2025-04-12,37,True,3.6,Traction Distribution
TDMS000076,COR01884,NVC,CKN,SCR,ohe_wire_wear,B,2025-01-09,2024-12-08,32,True,2.5,Traction Distribution
TDMS000077,COR05891,NRI,SK,NWR,feeder_fault,A,2024-03-07,2023-09-07,182,True,0.6,Traction Distribution
TDMS000078,COR05735,CQS,ALP,SR,feeder_fault,A,2025-04-12,2025-02-07,64,True,3.7,Traction Distribution
TDMS000079,COR03159,BMGR,RGJ,NFR,ohe_wire_wear,B,2025-06-14,2025-04-26,49,True,1.0,Traction Distribution
TDMS000080,COR00521,BDW,JWS,NWR,ohe_wire_wear,B,2025-02-19,2024-11-28,83,True,2.2,Traction Distribution
TDMS000081,COR07464,OBM,SLM,SWR,insulator_fault,B,2024-12-05,2024-12-03,2,True,3.3,Traction Distribution
TDMS000082,COR00102,CNL,GRI,NWR,insulator_fault,B,2025-03-29,2025-03-11,18,True,3.5,Traction Distribution
TDMS000083,COR00301,KNYR,NRJ,SWR,tension_device_fault,C,2024-07-11,2024-05-16,56,True,3.5,Traction Distribution
TDMS000084,COR00291,AGQ,BAU,CR,earthing_fault,B,2025-03-31,2025-03-15,16,True,4.4,Traction Distribution
TDMS000085,COR00032,THAN,VD,WR,tension_device_fault,C,2025-02-24,2025-02-24,0,True,3.7,Traction Distribution
TDMS000086,COR05591,SMTG,TMZ,SER,ohe_pole_defect,C,2025-11-11,2025-10-31,11,True,4.6,Traction Distribution
TDMS000087,COR02976,NAU,BDJ,SR,ohe_wire_wear,B,2024-06-09,2024-05-26,14,True,4.4,Traction Distribution
TDMS000088,COR01881,MDR,MTMI,SCR,ohe_pole_defect,C,2025-02-02,2025-01-31,2,True,4.9,Traction Distribution
TDMS000089,COR01402,TIC,LP,SR,insulator_fault,B,2024-10-02,2023-12-02,305,True,2.5,Traction Distribution
TDMS000090,COR04142,VAPM,PPNS,SR,ohe_wire_wear,B,2024-02-01,2022-10-22,467,True,2.8,Traction Distribution
TDMS000091,COR02838,MRL,SCH,WR,ohe_pole_defect,C,2025-08-12,2025-08-02,10,True,2.1,Traction Distribution
TDMS000092,COR04666,SWV,ZARP,KR,ohe_wire_wear,B,2025-07-29,2025-04-23,97,True,1.4,Traction Distribution
TDMS000093,COR02230,RMGM,KHLL,SWR,insulator_fault,B,2024-05-07,2024-04-20,17,True,3.9,Traction Distribution
TDMS000094,COR00172,KZA,PNYA,NER,ohe_pole_defect,C,2025-02-10,2025-02-03,7,True,4.4,Traction Distribution
TDMS000095,COR03890,ROHN,SPZ,NR,insulator_fault,B,2024-03-10,2023-12-30,71,True,3.8,Traction Distribution
TDMS000096,COR04431,MKDN,HRG,CR,insulator_fault,B,2024-06-26,2024-06-11,15,True,1.4,Traction Distribution
TDMS000097,COR05584,DPSR,HAR,NCR,earthing_fault,B,2024-11-28,2024-11-22,6,True,1.9,Traction Distribution
TDMS000098,COR02155,GWYR,KTPM,SR,ohe_pole_defect,C,2024-06-25,2024-06-15,10,True,2.4,Traction Distribution
TDMS000099,COR03261,FSP,DY,WCR,feeder_fault,A,2025-09-27,2025-06-26,93,True,1.5,Traction Distribution
TDMS000100,COR02379,KHRS,SR,WR,tension_device_fault,C,2025-07-19,2025-03-28,113,True,3.9,Traction Distribution
TDMS000101,COR01950,POZ,LSR,SCR,ohe_wire_wear,B,2025-02-17,2023-11-04,471,True,4.5,Traction Distribution
TDMS000102,COR06706,LAD,IRN,SER,tension_device_fault,C,2024-09-22,2024-09-13,9,True,2.1,Traction Distribution
TDMS000103,COR05006,SGM,AYN,SR,ohe_wire_wear,B,2024-06-01,2024-04-26,36,True,1.7,Traction Distribution
TDMS000104,COR02338,JLR,CKE,WR,tension_device_fault,C,2024-09-18,2024-08-14,35,True,4.2,Traction Distribution
TDMS000105,COR02174,MJG,TKYR,WCR,ohe_wire_wear,B,2025-07-31,2025-05-07,85,True,1.0,Traction Distribution
TDMS000106,COR04445,BHB,DHT,ECR,insulator_fault,B,2024-06-03,2024-05-17,17,True,4.1,Traction Distribution
TDMS000107,COR06398,KWH,NTU,NER,feeder_fault,A,2024-04-27,2024-04-19,8,True,2.5,Traction Distribution
TDMS000108,COR04597,DDNI,KRNI,NFR,ohe_wire_wear,B,2024-09-29,2024-08-18,42,True,1.0,Traction Distribution
TDMS000109,COR05209,PML,SPL,SR,ohe_pole_defect,C,2024-03-01,2024-02-12,18,True,0.6,Traction Distribution
TDMS000110,COR00074,ABR,MXO,NWR,feeder_fault,A,2025-05-21,2024-01-24,483,True,4.9,Traction Distribution
TDMS000111,COR07412,AI,AJE,WR,insulator_fault,B,2025-07-26,2025-06-19,37,True,1.5,Traction Distribution
TDMS000112,COR04738,LKU,HLDD,NER,tension_device_fault,C,2024-07-06,2024-06-18,18,True,2.6,Traction Distribution
TDMS000113,COR00772,JSKA,PTRD,NR,insulator_fault,B,2024-07-01,2024-03-26,97,True,4.3,Traction Distribution
TDMS000114,COR02218,RKZ,MJ,NWR,earthing_fault,B,2025-11-24,2025-09-13,72,True,2.7,Traction Distribution
TDMS000115,COR00235,NWR,SNRR,WCR,ohe_wire_wear,B,2025-01-03,2025-01-01,2,True,2.5,Traction Distribution
TDMS000116,COR00774,IHP,KIP,NR,ohe_wire_wear,B,2025-02-19,2025-02-12,7,True,1.5,Traction Distribution
TDMS000117,COR01937,UPR,PTU,SCR,earthing_fault,B,2024-08-13,2024-07-18,26,True,2.3,Traction Distribution
TDMS000118,COR04650,MANK,HNA,KR,tension_device_fault,C,2025-02-22,2025-02-03,19,True,2.9,Traction Distribution
TDMS000119,COR00571,NRV,MTR,ECR,tension_device_fault,C,2025-02-25,2025-01-09,47,True,3.1,Traction Distribution
TDMS000120,COR02826,VAPI,UVD,WR,feeder_fault,A,2024-01-11,2024-01-05,6,True,0.7,Traction Distribution
TDMS000121,COR00680,DGI,BL,WR,tension_device_fault,C,2024-03-24,2024-03-16,8,True,1.9,Traction Distribution
TDMS000122,COR02835,ACL,VDH,WR,tension_device_fault,C,2024-11-09,2023-11-06,369,True,2.8,Traction Distribution
TDMS000123,COR03260,DNHK,FSP,WCR,tension_device_fault,C,2025-07-03,2025-06-13,20,True,3.8,Traction Distribution
TDMS000124,COR05891,NRI,SK,NWR,circuit_breaker_fault,A,2025-07-13,2025-01-24,170,True,4.5,Traction Distribution
TDMS000125,COR03256,PDZ,KNDP,WCR,circuit_breaker_fault,A,2024-03-29,2024-03-25,4,True,2.0,Traction Distribution
TDMS000126,COR02204,BPRH,KTHD,SECR,earthing_fault,B,2025-07-01,2025-02-27,124,True,4.8,Traction Distribution
TDMS000127,COR03774,KEZ,MME,SECR,ohe_pole_defect,C,2025-12-20,2025-02-09,314,True,1.3,Traction Distribution
TDMS000128,COR02300,DBD,RNA,NR,tension_device_fault,C,2024-03-06,2024-03-04,2,True,4.4,Traction Distribution
TDMS000129,COR02834,AML,ACL,WR,earthing_fault,B,2025-06-17,2025-06-08,9,True,4.2,Traction Distribution
TDMS000130,COR01771,MXL,RNT,WCR,ohe_wire_wear,B,2025-07-24,2025-07-19,5,True,3.0,Traction Distribution
TDMS000131,COR04661,VEN,KRMI,KR,earthing_fault,B,2024-03-04,2024-02-13,20,True,1.0,Traction Distribution
TDMS000132,COR02630,PLY,PCX,ER,earthing_fault,B,2025-04-28,2024-06-03,329,True,1.0,Traction Distribution
TDMS000133,COR01843,KKL,BPRS,NR,ohe_wire_wear,B,2025-12-21,2025-12-14,7,True,0.5,Traction Distribution
TDMS000134,COR03433,NRY,MJZ,NER,insulator_fault,B,2025-06-22,2024-04-13,435,True,0.7,Traction Distribution
TDMS000135,COR00692,DRD,VGN,WR,tension_device_fault,C,2025-07-30,2025-07-24,6,True,3.9,Traction Distribution
TDMS000136,COR06104,BVP,NROD,WR,earthing_fault,B,2025-08-12,2025-08-07,5,True,0.6,Traction Distribution
TDMS000137,COR00238,DDCE,SHR,WCR,feeder_fault,A,2025-07-12,2025-07-07,5,True,4.1,Traction Distribution
TDMS000138,COR03913,BHRL,PTK,NR,ohe_pole_defect,C,2024-12-19,2024-12-05,14,True,3.5,Traction Distribution
TDMS000139,COR01696,SHR,DDCE,WCR,ohe_wire_wear,B,2025-11-30,2025-07-09,144,True,2.9,Traction Distribution
TDMS000140,COR00473,BAU,AGQ,CR,earthing_fault,B,2025-05-20,2025-03-25,56,True,3.5,Traction Distribution
TDMS000141,COR03626,HPT,KGW,SWR,ohe_wire_wear,B,2024-09-26,2024-09-22,4,True,3.1,Traction Distribution
TDMS000142,COR00104,HP,BAR,NWR,feeder_fault,A,2024-06-29,2023-06-03,392,True,1.8,Traction Distribution
TDMS000143,COR05149,SSGJ,BSDL,WCR,ohe_pole_defect,C,2024-12-27,2024-11-09,48,True,2.4,Traction Distribution
TDMS000144,COR00508,ORDI,COR,WR,feeder_fault,A,2025-10-22,2025-05-22,153,True,3.1,Traction Distribution
TDMS000145,COR00368,CBN,TJD,NER,circuit_breaker_fault,A,2024-05-23,2024-05-15,8,True,2.6,Traction Distribution
TDMS000146,COR06254,MKR,TGL,SCR,ohe_wire_wear,B,2025-07-04,2025-04-27,68,True,3.6,Traction Distribution
TDMS000147,COR02971,DMD,TLY,SR,tension_device_fault,C,2025-04-19,2025-04-17,2,True,4.3,Traction Distribution
TDMS000148,COR03304,TPP,KVLR,SWR,ohe_pole_defect,C,2024-05-15,2024-03-03,73,True,1.1,Traction Distribution
TDMS000149,COR08237,NVL,UMG,SR,tension_device_fault,C,2025-02-23,2025-02-16,7,True,5.0,Traction Distribution
TDMS000150,COR00824,JWS,BDW,NWR,tension_device_fault,C,2024-06-16,2024-06-05,11,True,1.6,Traction Distribution
TDMS000151,COR02829,ATUL,BL,WR,earthing_fault,B,2024-03-04,2024-02-13,20,True,4.4,Traction Distribution
TDMS000152,COR07882,SJM,QTP,NR,tension_device_fault,C,2025-02-14,2025-02-02,12,True,2.2,Traction Distribution
TDMS000153,COR00328,MJZ,NRY,NER,ohe_wire_wear,B,2024-06-12,2024-05-29,14,True,1.6,Traction Distribution
TDMS000154,COR01151,PR,CRD,CR,ohe_pole_defect,C,2025-03-04,2025-02-12,20,True,1.8,Traction Distribution
TDMS000155,COR02989,FK,KN,SR,tension_device_fault,C,2025-03-17,2024-12-06,101,True,4.6,Traction Distribution
TDMS000156,COR04544,MDPB,SJNP,NR,ohe_wire_wear,B,2024-09-29,2024-09-29,0,True,2.2,Traction Distribution
TDMS000157,COR04364,MNO,SPP,ECR,ohe_wire_wear,B,2024-11-24,2024-06-04,173,True,3.6,Traction Distribution
TDMS000158,COR01953,RGO,TR,SCR,ohe_pole_defect,C,2025-02-06,2025-01-18,19,True,0.7,Traction Distribution
TDMS000159,COR00142,RE,KWMD,NWR,earthing_fault,B,2024-12-17,2024-12-01,16,True,2.3,Traction Distribution
TDMS000160,COR03344,RMM,PBM,SR,ohe_pole_defect,C,2025-12-14,2025-08-19,117,True,3.3,Traction Distribution
TDMS000161,COR01838,UDM,KDHA,WR,insulator_fault,B,2024-06-26,2023-01-04,539,True,3.1,Traction Distribution
TDMS000162,COR06849,HSX,NAS,NR,tension_device_fault,C,2024-12-10,2023-09-22,445,True,3.6,Traction Distribution
TDMS000163,COR05634,MD,AII,NWR,insulator_fault,B,2024-09-10,2024-01-22,232,True,3.2,Traction Distribution
TDMS000164,COR04303,TTI,LRD,NER,ohe_wire_wear,B,2024-02-08,2024-02-01,7,True,2.5,Traction Distribution
TDMS000165,COR02899,ERL,PYD,SR,ohe_pole_defect,C,2025-10-22,2025-10-08,14,True,5.0,Traction Distribution
TDMS000166,COR01732,MEM,DHRJ,NR,tension_device_fault,C,2024-02-18,2023-11-21,89,True,4.7,Traction Distribution
TDMS000167,COR03089,TLY,DMD,SR,tension_device_fault,C,2025-02-25,2025-01-27,29,True,4.5,Traction Distribution
TDMS000168,COR03255,COO,PDZ,WCR,ohe_pole_defect,C,2025-10-27,2025-02-12,257,True,0.9,Traction Distribution
TDMS000169,COR01482,JMK,JGJN,NFR,ohe_pole_defect,C,2024-09-27,2024-09-22,5,True,1.1,Traction Distribution
TDMS000170,COR01975,JND,VAL,WR,insulator_fault,B,2025-10-27,2025-10-07,20,True,2.5,Traction Distribution
TDMS000171,COR04672,VBW,RAJP,KR,circuit_breaker_fault,A,2025-10-10,2025-03-12,212,True,2.6,Traction Distribution
TDMS000172,COR04202,ZP,MHRG,NWR,ohe_pole_defect,C,2024-12-17,2024-12-03,14,True,4.5,Traction Distribution
TDMS000173,COR01753,SWAR,JCU,WCR,insulator_fault,B,2025-03-27,2023-10-01,543,True,3.9,Traction Distribution
TDMS000174,COR00383,RJI,KDQ,NER,earthing_fault,B,2025-08-11,2025-07-25,17,True,4.5,Traction Distribution
TDMS000175,COR04926,ROHA,KOL,CR,ohe_wire_wear,B,2024-01-12,2023-12-24,19,True,4.5,Traction Distribution
TDMS000176,COR02363,BUQ,SOY,SECR,ohe_pole_defect,C,2024-03-01,2024-02-08,22,True,4.4,Traction Distribution
TDMS000177,COR01678,GAR,BNE,WCR,ohe_pole_defect,C,2025-07-25,2025-06-13,42,True,1.0,Traction Distribution
TDMS000178,COR05634,MD,AII,NWR,ohe_wire_wear,B,2024-08-29,2024-07-08,52,True,1.7,Traction Distribution
TDMS000179,COR00239,SHR,GSPR,WCR,earthing_fault,B,2024-06-24,2024-06-03,21,True,1.3,Traction Distribution
TDMS000180,COR00248,BHTN,BMR,WCR,tension_device_fault,C,2025-10-09,2025-10-09,0,True,4.5,Traction Distribution
TDMS000181,COR06174,DOT,NOH,NER,ohe_wire_wear,B,2024-07-12,2024-04-04,99,True,2.6,Traction Distribution
TDMS000182,COR04093,KTPK,BKWA,NR,tension_device_fault,C,2024-06-27,2024-04-05,83,True,4.7,Traction Distribution
TDMS000183,COR00869,JKM,NZB,SCR,ohe_wire_wear,B,2025-11-11,2025-11-04,7,True,4.6,Traction Distribution
TDMS000184,COR05659,BMQ,GOLE,NWR,ohe_wire_wear,B,2025-07-09,2025-05-28,42,True,3.6,Traction Distribution
TDMS000185,COR00590,HIR,BRU,ECR,ohe_wire_wear,B,2024-05-21,2024-05-09,12,True,1.1,Traction Distribution
TDMS000186,COR00284,BRUD,CAER,WCR,ohe_pole_defect,C,2024-02-14,2023-12-04,72,True,0.6,Traction Distribution
TDMS000187,COR01044,TLMR,MGKM,NFR,earthing_fault,B,2024-06-10,2024-03-17,85,True,1.6,Traction Distribution
TDMS000188,COR03651,GUK,OTR,SCR,tension_device_fault,C,2025-08-29,2025-07-18,42,True,0.6,Traction Distribution
TDMS000189,COR04039,ARJ,SYH,NER,feeder_fault,A,2025-08-18,2025-05-12,98,True,0.6,Traction Distribution
TDMS000190,COR04475,MRZA,AZA,NFR,insulator_fault,B,2024-07-09,2024-06-22,17,True,0.6,Traction Distribution
TDMS000191,COR03078,CMC,QLD,SR,ohe_wire_wear,B,2025-09-28,2024-10-21,342,True,1.1,Traction Distribution
TDMS000192,COR02698,SPZ,ROHN,NR,earthing_fault,B,2024-12-05,2024-10-25,41,True,1.5,Traction Distribution
TDMS000193,COR02430,BNL,SNKG,SCR,circuit_breaker_fault,A,2024-08-19,2024-08-09,10,True,2.5,Traction Distribution
TDMS000194,COR00208,LOG,SRJ,NCR,circuit_breaker_fault,A,2025-09-19,2025-09-11,8,True,0.7,Traction Distribution
TDMS000195,COR06140,LM,WC,WR,ohe_pole_defect,C,2024-07-22,2024-07-13,9,True,1.1,Traction Distribution
TDMS000196,COR00039,BLRD,LTR,WR,earthing_fault,B,2024-08-20,2024-08-01,19,True,1.0,Traction Distribution
TDMS000197,COR07835,MIH,MNKN,NR,tension_device_fault,C,2024-06-30,2024-04-02,89,True,4.9,Traction Distribution
TDMS000198,COR02921,GAW,KPE,NER,insulator_fault,B,2024-11-07,2023-06-10,516,True,2.0,Traction Distribution
TDMS000199,COR00812,SBLT,JCH,NWR,circuit_breaker_fault,A,2024-04-30,2024-03-06,55,True,1.5,Traction Distribution
TDMS000200,COR05391,MTH,KBR,NCR,insulator_fault,B,2025-03-02,2025-02-28,2,True,1.3,Traction Distribution
TDMS000201,COR01676,JHT,SCKR,WCR,ohe_wire_wear,B,2025-11-20,2024-06-25,513,True,3.0,Traction Distribution
TDMS000202,COR02838,MRL,SCH,WR,feeder_fault,A,2025-12-22,2025-11-07,45,True,3.4,Traction Distribution
TDMS000203,COR02972,TLY,JGE,SR,insulator_fault,B,2024-12-30,2024-11-07,53,True,4.0,Traction Distribution
TDMS000204,COR01146,KRKP,DWR,SWR,tension_device_fault,C,2025-02-27,2025-02-22,5,True,3.6,Traction Distribution
TDMS000205,COR00689,UBR,BRRD,WR,tension_device_fault,C,2025-10-22,2025-09-30,22,True,2.5,Traction Distribution
TDMS000206,COR01697,DDCE,SBD,WCR,ohe_wire_wear,B,2025-05-01,2025-04-14,17,True,3.7,Traction Distribution
TDMS000207,COR00764,PM,SMDP,NR,earthing_fault,B,2024-10-24,2024-08-21,64,True,3.7,Traction Distribution
TDMS000208,COR00089,RANI,BGPR,NWR,ohe_pole_defect,C,2024-01-09,2024-01-05,4,True,3.7,Traction Distribution
TDMS000209,COR05265,JPV,GRG,SECR,earthing_fault,B,2025-07-24,2025-04-23,92,True,4.1,Traction Distribution
TDMS000210,COR02824,BLD,KEB,WR,ohe_wire_wear,B,2024-11-17,2024-11-17,0,True,2.7,Traction Distribution
TDMS000211,COR03867,RHA,PDX,ER,feeder_fault,A,2025-11-27,2025-07-31,119,True,5.0,Traction Distribution
TDMS000212,COR02395,WKRC,AXA,WR,ohe_wire_wear,B,2024-01-09,2023-08-14,148,True,3.5,Traction Distribution
TDMS000213,COR00715,JOS,ADH,WR,ohe_wire_wear,B,2025-07-26,2025-07-25,1,True,0.7,Traction Distribution
TDMS000214,COR02801,GMN,MDD,WR,ohe_wire_wear,B,2024-04-25,2024-03-14,42,True,4.0,Traction Distribution
TDMS000215,COR05992,PRNG,RNJ,WR,ohe_wire_wear,B,2025-06-26,2023-12-22,552,True,2.7,Traction Distribution
TDMS000216,COR00322,BGA,KSU,SER,ohe_wire_wear,B,2025-05-30,2025-05-16,14,True,3.1,Traction Distribution
TDMS000217,COR00575,HRNG,CAA,ECR,insulator_fault,B,2024-03-21,2022-10-09,529,True,4.4,Traction Distribution
TDMS000218,COR05713,DHR,MTPC,WCR,ohe_wire_wear,B,2025-08-31,2025-08-27,4,True,2.1,Traction Distribution
TDMS000219,COR03508,MEKM,SVGA,SR,insulator_fault,B,2025-05-08,2024-04-21,382,True,0.7,Traction Distribution
TDMS000220,COR02149,MCPT,MCPK,SR,tension_device_fault,C,2024-06-11,2024-06-02,9,True,4.9,Traction Distribution
TDMS000221,COR00621,NVC,BKL,SCR,circuit_breaker_fault,A,2025-07-16,2024-09-14,305,True,3.5,Traction Distribution
TDMS000222,COR06461,RLA,DGJ,WR,circuit_breaker_fault,A,2025-12-14,2025-12-12,2,True,2.2,Traction Distribution
TDMS000223,COR02461,VSPR,NDAE,ER,feeder_fault,A,2025-02-18,2025-01-30,19,True,1.5,Traction Distribution
TDMS000224,COR01027,KWM,LPN,NFR,ohe_wire_wear,B,2025-02-18,2025-02-06,12,True,0.8,Traction Distribution
TDMS000225,COR02159,TYMR,TRMN,SR,tension_device_fault,C,2024-07-07,2024-05-28,40,True,4.5,Traction Distribution
TDMS000226,COR04895,SBC,NYH,SWR,ohe_wire_wear,B,2024-08-17,2024-08-08,9,True,4.0,Traction Distribution
TDMS000227,COR00290,CDI,AGQ,CR,ohe_wire_wear,B,2024-03-03,2024-02-12,20,True,3.2,Traction Distribution
TDMS000228,COR03975,JHBN,SALE,ER,circuit_breaker_fault,A,2024-09-17,2024-09-16,1,True,3.7,Traction Distribution
TDMS000229,COR00044,KLRD,CDK,WR,insulator_fault,B,2025-09-22,2024-02-16,584,True,1.5,Traction Distribution
TDMS000230,COR01603,KJG,HVR,SWR,feeder_fault,A,2024-09-30,2024-07-24,68,True,4.3,Traction Distribution
TDMS000231,COR00693,VGN,BOR,WR,earthing_fault,B,2024-12-30,2024-12-28,2,True,1.0,Traction Distribution
TDMS000232,COR02694,ROK,ABO,NR,earthing_fault,B,2024-08-28,2023-04-11,505,True,4.7,Traction Distribution
TDMS000233,COR00922,PCV,MZU,SWR,ohe_wire_wear,B,2024-04-25,2024-01-30,86,True,2.1,Traction Distribution
TDMS000234,COR03267,BIQ,DXK,NCR,feeder_fault,A,2025-08-12,2024-06-27,411,True,0.5,Traction Distribution
TDMS000235,COR00739,LRD,TTI,NER,tension_device_fault,C,2025-08-15,2025-05-05,102,True,3.1,Traction Distribution
TDMS000236,COR03904,BZO,UCA,NR,tension_device_fault,C,2024-06-02,2024-05-18,15,True,3.0,Traction Distribution
TDMS000237,COR02156,KTPM,KTBR,SR,tension_device_fault,C,2025-06-18,2025-05-16,33,True,3.9,Traction Distribution
TDMS000238,COR01867,SMBX,VJPJ,NR,circuit_breaker_fault,A,2025-12-22,2025-12-19,3,True,1.4,Traction Distribution
TDMS000239,COR01725,MJHR,SRJ,NCR,insulator_fault,B,2024-05-01,2024-01-17,105,True,3.1,Traction Distribution
TDMS000240,COR02080,BSN,ARGP,SWR,ohe_pole_defect,C,2025-08-10,2025-04-22,110,True,1.9,Traction Distribution
TDMS000241,COR00765,SMDP,BWSN,NR,tension_device_fault,C,2024-01-29,2023-05-17,257,True,2.0,Traction Distribution
TDMS000242,COR01396,MTNL,MKY,SR,earthing_fault,B,2024-03-29,2024-03-25,4,True,3.0,Traction Distribution
TDMS000243,COR01931,PG,DAV,SCR,ohe_wire_wear,B,2025-02-04,2024-10-10,117,True,4.0,Traction Distribution
TDMS000244,COR07346,CRQ,PIRO,ECR,circuit_breaker_fault,A,2025-07-20,2024-08-14,340,True,4.3,Traction Distribution
TDMS000245,COR00285,MTA,KNW,WCR,ohe_wire_wear,B,2024-11-02,2023-06-03,518,True,1.8,Traction Distribution
TDMS000246,COR02118,UNK,AGL,SWR,ohe_pole_defect,C,2025-09-07,2025-06-15,84,True,2.8,Traction Distribution
TDMS000247,COR02823,SJN,BLD,WR,tension_device_fault,C,2025-06-17,2025-06-12,5,True,2.4,Traction Distribution
TDMS000248,COR06367,TIW,MMY,NWR,ohe_wire_wear,B,2025-10-20,2025-10-01,19,True,4.7,Traction Distribution
TDMS000249,COR04103,BHX,BWX,NR,ohe_pole_defect,C,2024-06-08,2024-04-05,64,True,1.9,Traction Distribution
TDMS000250,COR04539,HRNR,CKDL,NR,feeder_fault,A,2025-02-11,2025-01-22,20,True,3.6,Traction Distribution
TDMS000251,COR01634,BNK,RDI,SWR,insulator_fault,B,2024-01-31,2023-10-31,92,True,4.4,Traction Distribution
TDMS000252,COR03805,KVTA,THZI,SR,earthing_fault,B,2024-08-08,2024-07-29,10,True,0.8,Traction Distribution
TDMS000253,COR03983,KTLR,KNSN,ER,ohe_wire_wear,B,2024-03-09,2024-03-05,4,True,1.9,Traction Distribution
TDMS000254,COR02310,MUT,MTC,NR,tension_device_fault,C,2025-04-05,2024-10-28,159,True,1.7,Traction Distribution
TDMS000255,COR04276,BJWS,MHRG,NWR,ohe_pole_defect,C,2025-10-07,2025-08-24,44,True,2.3,Traction Distribution
TDMS000256,COR00258,GAR,SCKR,WCR,tension_device_fault,C,2024-04-17,2024-04-10,7,True,1.8,Traction Distribution
TDMS000257,COR01999,NGRS,BRHL,NR,feeder_fault,A,2024-11-27,2024-11-22,5,True,4.6,Traction Distribution
TDMS000258,COR03267,BIQ,DXK,NCR,circuit_breaker_fault,A,2025-08-06,2025-08-03,3,True,3.6,Traction Distribution
TDMS000259,COR07639,HGA,DBT,ER,circuit_breaker_fault,A,2025-12-11,2024-05-10,580,True,1.0,Traction Distribution
TDMS000260,COR01867,SMBX,VJPJ,NR,tension_device_fault,C,2024-10-31,2024-08-09,83,True,3.5,Traction Distribution
TDMS000261,COR05732,TDPR,CUD,SR,insulator_fault,B,2025-02-17,2024-11-19,90,True,1.0,Traction Distribution
TDMS000262,COR07003,BJN,KDL,NWR,earthing_fault,B,2024-02-12,2023-04-29,289,True,4.7,Traction Distribution
TDMS000263,COR01652,GHL,SDVL,SWR,ohe_wire_wear,B,2025-07-04,2025-06-14,20,True,4.6,Traction Distribution
TDMS000264,COR05080,RGB,BTG,NR,ohe_wire_wear,B,2024-12-21,2024-12-18,3,True,1.8,Traction Distribution
TDMS000265,COR00283,DRHI,BRUD,WCR,ohe_pole_defect,C,2024-03-03,2024-02-18,14,True,1.6,Traction Distribution
TDMS000266,COR02073,TK,HEI,SWR,ohe_wire_wear,B,2024-11-12,2024-10-25,18,True,3.4,Traction Distribution
TDMS000267,COR05760,DKO,KAL,SR,ohe_pole_defect,C,2024-03-03,2024-03-02,1,True,1.4,Traction Distribution
TDMS000268,COR04678,BOKE,UKC,KR,ohe_pole_defect,C,2025-03-20,2024-11-15,125,True,1.4,Traction Distribution
TDMS000269,COR02737,AMVA,DAVM,SR,circuit_breaker_fault,A,2024-03-07,2023-12-06,92,True,3.9,Traction Distribution
TDMS000270,COR02823,SJN,BLD,WR,circuit_breaker_fault,A,2024-03-03,2023-12-19,75,True,2.3,Traction Distribution
TDMS000271,COR03074,CLT,VLL,SR,insulator_fault,B,2025-08-04,2025-07-17,18,True,4.2,Traction Distribution
TDMS000272,COR01484,HJI,DHRY,NFR,circuit_breaker_fault,A,2025-12-09,2025-11-24,15,True,1.9,Traction Distribution
TDMS000273,COR00220,CTHR,KTHA,WCR,ohe_wire_wear,B,2024-04-16,2024-03-27,20,True,2.0,Traction Distribution
TDMS000274,COR05511,DEB,PCX,ER,circuit_breaker_fault,A,2024-10-12,2024-02-03,252,True,4.0,Traction Distribution
TDMS000275,COR04230,COR,GSD,WR,insulator_fault,B,2024-09-11,2024-09-11,0,True,0.5,Traction Distribution
TDMS000276,COR01337,MXO,ABR,NWR,insulator_fault,B,2025-06-23,2025-05-28,26,True,3.9,Traction Distribution
TDMS000277,COR00690,BRRD,GVD,WR,ohe_wire_wear,B,2025-06-09,2025-04-01,69,True,2.9,Traction Distribution
TDMS000278,COR04135,PGI,VLI,SR,circuit_breaker_fault,A,2024-03-09,2024-01-19,50,True,0.9,Traction Distribution
TDMS000279,COR02833,BIM,AML,WR,ohe_wire_wear,B,2025-02-21,2024-11-29,84,True,2.9,Traction Distribution
TDMS000280,COR05819,KLNK,KHRK,NWR,insulator_fault,B,2024-04-25,2024-04-21,4,True,4.4,Traction Distribution
TDMS000281,COR04486,MTH,KID,NCR,feeder_fault,A,2024-05-27,2024-05-23,4,True,3.3,Traction Distribution
TDMS000282,COR02271,JHD,JHDC,ECR,ohe_pole_defect,C,2024-01-04,2023-12-22,13,True,1.4,Traction Distribution
TDMS000283,COR00055,UMN,JDN,WR,circuit_breaker_fault,A,2025-08-07,2024-05-04,460,True,0.6,Traction Distribution
TDMS000284,COR02994,TIR,TUA,SR,ohe_wire_wear,B,2025-09-15,2025-09-04,11,True,1.9,Traction Distribution
TDMS000285,COR00539,NLE,CHV,SR,insulator_fault,B,2024-04-14,2024-01-13,92,True,1.0,Traction Distribution
TDMS000286,COR00405,PDX,RHA,ER,insulator_fault,B,2024-03-28,2024-03-28,0,True,1.3,Traction Distribution
TDMS000287,COR01004,SZR,NJN,NFR,insulator_fault,B,2025-02-10,2025-02-04,6,True,0.5,Traction Distribution
TDMS000288,COR00491,CGO,PGL,WCR,feeder_fault,A,2025-12-15,2025-12-10,5,True,1.3,Traction Distribution
TDMS000289,COR00446,KMC,UPW,SCR,ohe_wire_wear,B,2024-02-23,2024-02-18,5,True,4.5,Traction Distribution
TDMS000290,COR02839,SCH,BHET,WR,circuit_breaker_fault,A,2024-11-09,2024-10-30,10,True,0.5,Traction Distribution
TDMS000291,COR00681,BL,ATUL,WR,ohe_wire_wear,B,2025-10-17,2025-10-01,16,True,4.0,Traction Distribution
TDMS000292,COR08063,MHF,BARI,NCR,tension_device_fault,C,2024-08-08,2024-08-07,1,True,0.6,Traction Distribution
TDMS000293,COR04517,JRKT,KLM,SWR,insulator_fault,B,2025-08-14,2025-04-28,108,True,1.4,Traction Distribution
TDMS000294,COR03976,SALE,MHTR,ER,circuit_breaker_fault,A,2025-06-04,2025-04-13,52,True,3.5,Traction Distribution
TDMS000295,COR01397,EL,PGN,SR,insulator_fault,B,2025-01-28,2024-11-11,78,True,4.5,Traction Distribution
TDMS000296,COR00782,KNAR,HSI,NWR,ohe_wire_wear,B,2024-10-07,2024-10-01,6,True,4.3,Traction Distribution
TDMS000297,COR01075,VJR,SED,SWR,earthing_fault,B,2024-04-02,2024-01-12,81,True,1.9,Traction Distribution
TDMS000298,COR02159,TYMR,TRMN,SR,circuit_breaker_fault,A,2024-07-16,2024-07-14,2,True,3.2,Traction Distribution
TDMS000299,COR01635,RDI,ARGP,SWR,earthing_fault,B,2025-03-11,2025-03-08,3,True,5.0,Traction Distribution
TDMS000300,COR03128,NKL,MLYA,ER,ohe_wire_wear,B,2024-05-30,2024-05-22,8,True,1.9,Traction Distribution
TDMS000301,COR04929,MNI,GNO,KR,feeder_fault,A,2025-02-08,2025-01-20,19,True,4.2,Traction Distribution
TDMS000302,COR05527,KRP,LGL,ER,earthing_fault,B,2025-06-29,2025-03-05,116,True,2.4,Traction Distribution
TDMS000303,COR01676,JHT,SCKR,WCR,earthing_fault,B,2025-04-30,2025-04-26,4,True,2.3,Traction Distribution
TDMS000304,COR03375,ADR,BHT,NWR,ohe_wire_wear,B,2024-01-12,2023-12-24,19,True,4.4,Traction Distribution
TDMS000305,COR01152,CRD,CHG,CR,tension_device_fault,C,2024-09-29,2024-09-23,6,True,1.9,Traction Distribution
TDMS000306,COR02836,VDH,NVS,WR,ohe_wire_wear,B,2025-09-01,2024-12-10,265,True,4.7,Traction Distribution
TDMS000307,COR02295,RWL,MOTC,NR,tension_device_fault,C,2025-04-30,2025-04-11,19,True,4.0,Traction Distribution
TDMS000308,COR03152,JCNR,BSR,CR,feeder_fault,A,2025-06-08,2024-06-13,360,True,2.8,Traction Distribution
TDMS000309,COR03853,BDT,CGF,NFR,earthing_fault,B,2025-10-19,2025-10-17,2,True,1.3,Traction Distribution
TDMS000310,COR01768,NNW,NMD,WCR,tension_device_fault,C,2024-02-22,2024-02-03,19,True,4.3,Traction Distribution
TDMS000311,COR01855,GILA,KNDI,NR,tension_device_fault,C,2024-01-27,2024-01-23,4,True,2.2,Traction Distribution
TDMS000312,COR05598,MIH,MGWN,NR,earthing_fault,B,2025-05-13,2025-05-03,10,True,4.5,Traction Distribution
TDMS000313,COR00296,SAV,DSK,CR,ohe_wire_wear,B,2024-08-11,2024-08-05,6,True,4.9,Traction Distribution
TDMS000314,COR05251,SMC,TTW,SECR,feeder_fault,A,2025-07-27,2025-03-29,120,True,4.0,Traction Distribution
TDMS000315,COR00249,BMR,SRID,WCR,ohe_pole_defect,C,2025-07-30,2025-05-31,60,True,1.8,Traction Distribution
TDMS000316,COR00990,AGI,SLX,NFR,earthing_fault,B,2024-05-02,2024-03-26,37,True,1.7,Traction Distribution
TDMS000317,COR01525,CRD,PR,CR,circuit_breaker_fault,A,2024-07-04,2024-04-06,89,True,2.5,Traction Distribution
TDMS000318,COR02768,PQY,DRLA,NR,tension_device_fault,C,2025-04-14,2025-04-04,10,True,4.0,Traction Distribution
TDMS000319,COR02823,SJN,BLD,WR,ohe_wire_wear,B,2025-07-29,2025-07-18,11,True,3.6,Traction Distribution
TDMS000320,COR01269,LLU,DKT,NR,feeder_fault,A,2025-05-07,2025-04-14,23,True,3.6,Traction Distribution
TDMS000321,COR00414,TNX,MIJ,ER,earthing_fault,B,2025-11-22,2025-08-12,102,True,4.7,Traction Distribution
TDMS000322,COR03699,VSU,RSG,SER,insulator_fault,B,2024-02-16,2024-02-09,7,True,1.7,Traction Distribution
TDMS000323,COR04536,BBMN,VJPJ,NR,earthing_fault,B,2025-04-24,2025-04-05,19,True,1.9,Traction Distribution
TDMS000324,COR00215,MKP,BNSP,NCR,insulator_fault,B,2025-09-26,2024-07-02,451,True,2.1,Traction Distribution
TDMS000325,COR07430,SJQ,SPDR,SECR,feeder_fault,A,2025-10-01,2025-09-30,1,True,2.5,Traction Distribution
TDMS000326,COR01179,VRB,SLI,CR,feeder_fault,A,2025-05-14,2025-04-26,18,True,1.5,Traction Distribution
TDMS000327,COR08468,KLMG,NVRD,CR,earthing_fault,B,2025-08-17,2025-07-27,21,True,1.4,Traction Distribution
TDMS000328,COR00699,VTN,VR,WR,ohe_wire_wear,B,2024-09-03,2024-08-18,16,True,3.5,Traction Distribution
TDMS000329,COR02413,SYQ,KMBL,WR,insulator_fault,B,2025-12-08,2025-11-30,8,True,2.2,Traction Distribution
TDMS000330,COR00861,SLGH,UMRI,SCR,insulator_fault,B,2025-02-02,2023-10-05,486,True,1.5,Traction Distribution
TDMS000331,COR00235,NWR,SNRR,WCR,tension_device_fault,C,2024-04-30,2024-04-12,18,True,2.8,Traction Distribution
TDMS000332,COR00007,BNVD,GOP,WR,feeder_fault,A,2024-04-06,2023-12-09,119,True,2.8,Traction Distribution
TDMS000333,COR06994,CHKE,THKU,SWR,tension_device_fault,C,2024-03-06,2024-02-15,20,True,3.3,Traction Distribution
TDMS000334,COR03659,UPL,NDM,SCR,insulator_fault,B,2024-02-02,2023-11-23,71,True,2.5,Traction Distribution
TDMS000335,COR05365,BBAR,CTJ,WCR,feeder_fault,A,2024-10-24,2024-08-24,61,True,2.1,Traction Distribution
TDMS000336,COR04441,LAK,DPL,ECR,feeder_fault,A,2025-12-28,2025-10-22,67,True,2.3,Traction Distribution
TDMS000337,COR03267,BIQ,DXK,NCR,tension_device_fault,C,2025-05-23,2025-05-08,15,True,4.7,Traction Distribution
TDMS000338,COR07494,SUJH,RTGH,NWR,tension_device_fault,C,2024-03-29,2024-03-01,28,True,4.1,Traction Distribution
TDMS000339,COR03041,URL,KMD,SR,tension_device_fault,C,2025-08-13,2025-06-07,67,True,2.5,Traction Distribution
TDMS000340,COR02597,KUDA,BKJ,KR,ohe_pole_defect,C,2024-09-12,2024-08-11,32,True,3.3,Traction Distribution
TDMS000341,COR00231,PKRD,JKE,WCR,ohe_pole_defect,C,2025-08-17,2025-08-07,10,True,4.3,Traction Distribution
TDMS000342,COR01716,TKYR,MKD,WCR,tension_device_fault,C,2025-11-18,2025-11-10,8,True,2.6,Traction Distribution
TDMS000343,COR04690,SAPE,VEER,KR,circuit_breaker_fault,A,2025-08-17,2025-08-01,16,True,1.1,Traction Distribution
TDMS000344,COR02837,NVS,MRL,WR,tension_device_fault,C,2025-01-17,2025-01-10,7,True,4.8,Traction Distribution
TDMS000345,COR02830,BL,DGI,WR,insulator_fault,B,2025-10-08,2025-01-18,263,True,0.8,Traction Distribution
TDMS000346,COR03297,KMLM,RYC,SWR,insulator_fault,B,2024-01-29,2024-01-22,7,True,1.9,Traction Distribution
TDMS000347,COR05390,KID,MTH,NCR,insulator_fault,B,2024-03-28,2023-07-28,244,True,3.6,Traction Distribution
TDMS000348,COR01852,BNGL,CKKN,NR,insulator_fault,B,2025-08-23,2025-08-05,18,True,4.0,Traction Distribution
TDMS000349,COR06023,NUA,JJN,NWR,insulator_fault,B,2024-02-16,2024-02-08,8,True,1.1,Traction Distribution
TDMS000350,COR02597,KUDA,BKJ,KR,ohe_wire_wear,B,2025-10-15,2025-07-15,92,True,1.5,Traction Distribution
TDMS000351,COR00671,BHET,SCH,WR,ohe_wire_wear,B,2025-11-17,2025-11-10,7,True,4.4,Traction Distribution
TDMS000352,COR01527,TR,RGO,SCR,tension_device_fault,C,2024-05-02,2024-04-14,18,True,4.3,Traction Distribution
TDMS000353,COR01682,NU,GPC,WCR,insulator_fault,B,2025-06-25,2025-06-07,18,True,3.9,Traction Distribution
TDMS000354,COR01782,VNR,BLKR,SWR,ohe_wire_wear,B,2025-07-02,2025-02-17,135,True,0.9,Traction Distribution
TDMS000355,COR03061,DYS,VLY,SR,ohe_wire_wear,B,2025-03-16,2025-03-01,15,True,0.9,Traction Distribution
TDMS000356,COR01109,PLVA,AKVD,SCR,ohe_pole_defect,C,2024-12-06,2024-12-04,2,True,2.3,Traction Distribution
TDMS000357,COR03624,HTNL,MRB,SWR,earthing_fault,B,2025-04-27,2025-03-30,28,True,1.2,Traction Distribution
TDMS000358,COR03563,MYX,IBL,SER,tension_device_fault,C,2024-10-27,2024-07-26,93,True,3.1,Traction Distribution
TDMS000359,COR02967,BFR,KZE,SR,earthing_fault,B,2024-05-03,2024-01-07,117,True,3.7,Traction Distribution
TDMS000360,COR02979,PYOL,TKT,SR,tension_device_fault,C,2025-03-10,2024-04-26,318,True,1.3,Traction Distribution
TDMS000361,COR05889,VVKP,DBSI,NR,ohe_pole_defect,C,2024-08-21,2024-05-19,94,True,3.9,Traction Distribution
TDMS000362,COR03819,BXJ,CJA,NFR,tension_device_fault,C,2025-06-02,2025-06-01,1,True,3.4,Traction Distribution
TDMS000363,COR01676,JHT,SCKR,WCR,ohe_pole_defect,C,2024-07-02,2024-06-27,5,True,3.1,Traction Distribution
TDMS000364,COR04157,KLAD,KGQ,SR,ohe_pole_defect,C,2024-11-01,2024-10-25,7,True,3.2,Traction Distribution
TDMS000365,COR06623,DNPR,RTJ,WR,insulator_fault,B,2024-04-30,2024-04-22,8,True,2.6,Traction Distribution
TDMS000366,COR00221,KTHA,JTW,WCR,tension_device_fault,C,2025-02-06,2024-11-15,83,True,2.6,Traction Distribution
TDMS000367,COR02930,SOT,CIH,NER,ohe_pole_defect,C,2025-09-16,2025-05-20,119,True,1.1,Traction Distribution
TDMS000368,COR02852,HTNL,GIN,SWR,ohe_wire_wear,B,2024-11-11,2024-08-15,88,True,2.2,Traction Distribution
TDMS000369,COR05978,BPM,SUJR,NR,ohe_pole_defect,C,2024-09-20,2024-09-06,14,True,1.0,Traction Distribution
TDMS000370,COR04970,LOK,BAHW,ER,circuit_breaker_fault,A,2025-10-02,2025-09-26,6,True,4.2,Traction Distribution
TDMS000371,COR01318,BGG,BWA,NWR,insulator_fault,B,2024-02-07,2023-10-31,99,True,0.9,Traction Distribution
TDMS000372,COR02714,STP,JKP,NER,ohe_pole_defect,C,2024-07-24,2024-05-26,59,True,4.2,Traction Distribution
TDMS000373,COR00989,NMT,AGI,NFR,ohe_pole_defect,C,2024-09-21,2024-07-06,77,True,2.8,Traction Distribution
TDMS000374,COR00238,DDCE,SHR,WCR,insulator_fault,B,2024-12-21,2024-12-20,1,True,2.2,Traction Distribution
TDMS000375,COR00483,KKN,KRO,WCR,feeder_fault,A,2025-03-05,2025-03-01,4,True,3.3,Traction Distribution
TDMS000376,COR00069,JTY,IQG,NWR,insulator_fault,B,2025-08-07,2025-08-06,1,True,5.0,Traction Distribution
TDMS000377,COR02055,OSA,HGL,CR,tension_device_fault,C,2025-06-17,2023-11-19,576,True,2.9,Traction Distribution
TDMS000378,COR03839,NZR,SLGR,NFR,tension_device_fault,C,2024-08-29,2024-08-15,14,True,4.0,Traction Distribution
TDMS000379,COR00685,VAPI,KEB,WR,ohe_wire_wear,B,2025-12-04,2025-09-09,86,True,3.3,Traction Distribution
TDMS000380,COR03967,AGAE,SHBA,ER,circuit_breaker_fault,A,2024-06-03,2024-03-18,77,True,1.4,Traction Distribution
TDMS000381,COR07781,PQT,TJH,WR,insulator_fault,B,2024-04-18,2024-04-01,17,True,2.1,Traction Distribution
TDMS000382,COR05002,TP,TPE,SR,ohe_wire_wear,B,2024-06-22,2024-03-16,98,True,2.8,Traction Distribution
TDMS000383,COR00290,CDI,AGQ,CR,circuit_breaker_fault,A,2025-08-15,2025-08-09,6,True,4.0,Traction Distribution
TDMS000384,COR05001,MTNL,TP,SR,earthing_fault,B,2024-07-31,2024-07-29,2,True,1.8,Traction Distribution
TDMS000385,COR04443,LKN,SKJ,ECR,circuit_breaker_fault,A,2025-06-26,2025-06-20,6,True,2.8,Traction Distribution
TDMS000386,COR04678,BOKE,UKC,KR,circuit_breaker_fault,A,2025-09-16,2025-08-28,19,True,2.5,Traction Distribution
TDMS000387,COR04448,SBV,SBM,ECR,ohe_wire_wear,B,2024-09-28,2024-09-18,10,True,3.6,Traction Distribution
TDMS000388,COR02662,SUCH,CAPE,SR,ohe_wire_wear,B,2024-01-15,2023-12-29,17,True,3.3,Traction Distribution
TDMS000389,COR00278,PAL,MUO,WCR,feeder_fault,A,2025-07-12,2025-06-20,22,True,3.1,Traction Distribution
TDMS000390,COR07266,BCHL,KRDL,ECoR,tension_device_fault,C,2024-04-30,2023-11-06,176,True,1.2,Traction Distribution
TDMS000391,COR00378,NDJ,BSCK,NER,ohe_pole_defect,C,2025-07-19,2025-07-12,7,True,3.5,Traction Distribution
TDMS000392,COR07192,KCM,MGB,SCR,ohe_wire_wear,B,2025-10-08,2024-12-18,294,True,1.8,Traction Distribution
TDMS000393,COR05745,VDL,ANP,SR,ohe_pole_defect,C,2024-07-20,2024-06-04,46,True,4.7,Traction Distribution
TDMS000394,COR02963,BLLI,CNO,KR,feeder_fault,A,2025-04-15,2025-03-18,28,True,0.7,Traction Distribution
TDMS000395,COR01358,KYSD,DNW,WR,ohe_wire_wear,B,2025-05-18,2025-05-14,4,True,2.5,Traction Distribution
TDMS000396,COR00266,BGTA,SQL,WCR,feeder_fault,A,2024-07-22,2024-04-24,89,True,0.8,Traction Distribution
TDMS000397,COR01935,SELU,SCO,SCR,feeder_fault,A,2025-11-20,2025-11-01,19,True,1.6,Traction Distribution
TDMS000398,COR02991,VLI,PGI,SR,ohe_pole_defect,C,2024-11-10,2023-07-31,468,True,2.2,Traction Distribution
TDMS000399,COR02109,KJG,KVS,SWR,insulator_fault,B,2025-03-02,2024-11-22,100,True,3.0,Traction Distribution
TDMS000400,COR01730,PRG,PFM,NR,ohe_pole_defect,C,2025-09-10,2025-08-29,12,True,1.1,Traction Distribution
TDMS000401,COR04688,VINH,KFD,KR,ohe_wire_wear,B,2025-10-06,2025-09-17,19,True,2.2,Traction Distribution
TDMS000402,COR02551,SEY,PED,SECR,circuit_breaker_fault,A,2024-08-17,2024-08-10,7,True,2.0,Traction Distribution
TDMS000403,COR00102,CNL,GRI,NWR,ohe_wire_wear,B,2024-02-04,2024-02-03,1,True,1.3,Traction Distribution
TDMS000404,COR02395,WKRC,AXA,WR,insulator_fault,B,2024-10-13,2024-09-26,17,True,3.6,Traction Distribution
TDMS000405,COR04365,SPP,NNNL,ECR,ohe_wire_wear,B,2025-10-27,2024-10-07,385,True,4.2,Traction Distribution
TDMS000406,COR02986,VLL,CLT,SR,feeder_fault,A,2024-09-10,2024-06-22,80,True,2.4,Traction Distribution
TDMS000407,COR04843,RLG,AL,SCR,earthing_fault,B,2024-02-29,2024-02-27,2,True,4.7,Traction Distribution
TDMS000408,COR00430,BOZ,BMO,SCR,ohe_wire_wear,B,2025-08-14,2025-08-03,11,True,2.6,Traction Distribution
TDMS000409,COR03308,KLPM,TIP,SR,insulator_fault,B,2025-05-26,2025-05-26,0,True,1.5,Traction Distribution
TDMS000410,COR04897,GNB,KGI,SWR,ohe_wire_wear,B,2025-05-27,2025-05-18,9,True,1.0,Traction Distribution
TDMS000411,COR00078,SRPJ,BNS,NWR,insulator_fault,B,2024-06-20,2024-06-06,14,True,4.8,Traction Distribution
TDMS000412,COR04554,TDO,CGH,NR,insulator_fault,B,2024-06-25,2024-06-11,14,True,2.5,Traction Distribution
TDMS000413,COR05004,TRB,TOM,SR,insulator_fault,B,2024-09-05,2024-05-08,120,True,4.6,Traction Distribution
TDMS000414,COR00382,ARJ,RJI,NER,ohe_wire_wear,B,2025-07-28,2025-07-17,11,True,2.1,Traction Distribution
TDMS000415,COR02641,KLNP,RHA,ER,ohe_wire_wear,B,2024-06-05,2024-05-20,16,True,1.1,Traction Distribution
TDMS000416,COR05964,KAY,PKM,SR,ohe_wire_wear,B,2025-04-03,2025-01-30,63,True,2.2,Traction Distribution
TDMS000417,COR06303,NLD,SILO,ECR,tension_device_fault,C,2024-08-30,2024-08-25,5,True,3.1,Traction Distribution
TDMS000418,COR01801,FDK,GZS,NR,ohe_wire_wear,B,2024-01-03,2023-12-24,10,True,1.1,Traction Distribution
TDMS000419,COR02505,JNX,MBGA,NWR,tension_device_fault,C,2024-12-17,2023-07-01,535,True,4.7,Traction Distribution
TDMS000420,COR05500,BRK,RS,NER,earthing_fault,B,2025-06-10,2025-05-29,12,True,4.8,Traction Distribution
TDMS000421,COR06356,BWF,MWX,NR,earthing_fault,B,2024-02-11,2024-01-25,17,True,2.3,Traction Distribution
TDMS000422,COR04738,LKU,HLDD,NER,insulator_fault,B,2024-05-25,2024-03-04,82,True,4.1,Traction Distribution
TDMS000423,COR02300,DBD,RNA,NR,tension_device_fault,C,2024-12-19,2024-11-23,26,True,1.9,Traction Distribution
TDMS000424,COR00830,SSR,RLR,NWR,ohe_pole_defect,C,2025-07-13,2025-05-31,43,True,1.3,Traction Distribution
TDMS000425,COR00288,MWA,NPNR,CR,feeder_fault,A,2024-08-25,2024-08-16,9,True,1.0,Traction Distribution
TDMS000426,COR01761,HAN,SMBJ,WCR,insulator_fault,B,2024-03-01,2023-12-01,91,True,0.8,Traction Distribution
TDMS000427,COR01807,CBX,GNA,NR,insulator_fault,B,2025-03-13,2025-02-11,30,True,0.7,Traction Distribution
TDMS000428,COR00600,GH,KSNR,NER,ohe_wire_wear,B,2024-03-05,2022-07-24,590,True,1.3,Traction Distribution
TDMS000429,COR05163,KHBJ,PWK,WCR,circuit_breaker_fault,A,2025-05-17,2025-05-08,9,True,4.0,Traction Distribution
TDMS000430,COR00791,RHG,SRRG,NWR,feeder_fault,A,2025-06-02,2025-05-24,9,True,3.1,Traction Distribution
TDMS000431,COR03697,BGO,PBA,SER,ohe_wire_wear,B,2025-06-02,2025-02-28,94,True,0.6,Traction Distribution
TDMS000432,COR00470,NB,RV,CR,insulator_fault,B,2024-08-10,2024-08-07,3,True,2.2,Traction Distribution
TDMS000433,COR05987,KZI,GLBN,NR,feeder_fault,A,2024-04-03,2023-12-05,120,True,1.5,Traction Distribution
TDMS000434,COR03717,HLV,CTA,SWR,ohe_wire_wear,B,2024-03-21,2024-01-22,59,True,1.9,Traction Distribution
TDMS000435,COR02111,SVNR,YLG,SWR,tension_device_fault,C,2024-03-03,2024-02-29,3,True,3.9,Traction Distribution
TDMS000436,COR01764,PDZ,COO,WCR,ohe_wire_wear,B,2025-08-02,2025-04-28,96,True,1.2,Traction Distribution
TDMS000437,COR00426,RKO,AMQ,SCR,ohe_wire_wear,B,2025-05-12,2025-05-03,9,True,3.8,Traction Distribution
TDMS000438,COR01830,JTS,KGBS,NWR,circuit_breaker_fault,A,2024-10-19,2024-07-01,110,True,3.1,Traction Distribution
TDMS000439,COR01027,KWM,LPN,NFR,insulator_fault,B,2024-08-24,2024-08-22,2,True,4.2,Traction Distribution
TDMS000440,COR04289,BERO,RKI,SER,feeder_fault,A,2024-11-09,2024-08-03,98,True,4.4,Traction Distribution
TDMS000441,COR04262,NGLT,BR,NCR,tension_device_fault,C,2024-09-20,2024-09-10,10,True,3.7,Traction Distribution
TDMS000442,COR01656,JWP,IKK,NR,ohe_wire_wear,B,2025-09-08,2025-08-23,16,True,2.6,Traction Distribution
TDMS000443,COR02821,BRRD,UBR,WR,insulator_fault,B,2024-05-30,2024-05-19,11,True,1.8,Traction Distribution
TDMS000444,COR00292,BAU,WGA,CR,tension_device_fault,C,2024-11-28,2024-10-27,32,True,1.9,Traction Distribution
TDMS000445,COR04463,MDT,HSA,NFR,tension_device_fault,C,2025-12-02,2025-11-13,19,True,3.5,Traction Distribution
TDMS000446,COR01190,MSR,TAZ,CR,insulator_fault,B,2025-01-10,2024-11-30,41,True,3.7,Traction Distribution
TDMS000447,COR01221,NEI,MRX,CR,ohe_wire_wear,B,2025-09-11,2025-08-31,11,True,3.2,Traction Distribution
TDMS000448,COR02025,SJGH,JGG,NER,feeder_fault,A,2024-12-09,2024-11-28,11,True,3.5,Traction Distribution
TDMS000449,COR00188,SRA,BMKI,ECR,insulator_fault,B,2025-10-29,2025-07-23,98,True,2.6,Traction Distribution
TDMS000450,COR00561,MOTC,RWL,NR,ohe_pole_defect,C,2025-07-05,2025-03-07,120,True,4.4,Traction Distribution
TDMS000451,COR02603,TOK,MAJN,KR,insulator_fault,B,2025-06-08,2025-05-01,38,True,2.0,Traction Distribution
TDMS000452,COR00091,JAL,SOS,NWR,ohe_wire_wear,B,2025-10-16,2025-09-28,18,True,1.9,Traction Distribution
TDMS000453,COR05074,GGR,CNA,NWR,earthing_fault,B,2024-08-27,2024-08-23,4,True,3.7,Traction Distribution
TDMS000454,COR04235,FAN,MVJ,NWR,ohe_wire_wear,B,2024-02-22,2024-01-07,46,True,3.8,Traction Distribution
TDMS000455,COR04538,GHGL,HRNR,NR,insulator_fault,B,2024-09-09,2024-09-02,7,True,3.2,Traction Distribution
TDMS000456,COR02703,MQC,NNO,NR,tension_device_fault,C,2025-03-02,2024-12-17,75,True,2.9,Traction Distribution
TDMS000457,COR02155,GWYR,KTPM,SR,ohe_pole_defect,C,2024-05-07,2024-04-21,16,True,4.4,Traction Distribution
TDMS000458,COR03600,DPLN,NHR,NWR,ohe_pole_defect,C,2024-03-29,2022-10-10,536,True,1.3,Traction Distribution
TDMS000459,COR05590,RGA,SMTG,SER,ohe_wire_wear,B,2025-12-16,2025-12-10,6,True,4.6,Traction Distribution
TDMS000460,COR03264,BAMA,BR,NCR,insulator_fault,B,2025-08-07,2024-09-06,335,True,0.7,Traction Distribution
TDMS000461,COR04171,MET,HMI,NR,feeder_fault,A,2025-12-16,2025-03-15,276,True,3.8,Traction Distribution
TDMS000462,COR00981,LPTA,BOJ,NFR,circuit_breaker_fault,A,2025-09-23,2025-07-16,69,True,1.7,Traction Distribution
TDMS000463,COR00484,KRO,BRI,WCR,ohe_wire_wear,B,2025-03-29,2025-03-16,13,True,0.6,Traction Distribution
TDMS000464,COR02943,CJE,NTT,SR,ohe_wire_wear,B,2024-02-08,2024-01-19,20,True,1.5,Traction Distribution
TDMS000465,COR01801,FDK,GZS,NR,ohe_pole_defect,C,2024-04-06,2024-02-02,64,True,3.3,Traction Distribution
TDMS000466,COR02736,NYY,AMVA,SR,ohe_wire_wear,B,2024-10-10,2024-10-01,9,True,4.7,Traction Distribution
TDMS000467,COR01007,BXJ,KHKT,NFR,earthing_fault,B,2024-08-22,2023-10-01,326,True,2.9,Traction Distribution
TDMS000468,COR02767,MUT,PQY,NR,ohe_wire_wear,B,2024-03-08,2024-02-12,25,True,4.8,Traction Distribution
TDMS000469,COR03981,KZPR,CWLE,ER,circuit_breaker_fault,A,2025-08-08,2025-05-17,83,True,0.7,Traction Distribution
TDMS000470,COR03159,BMGR,RGJ,NFR,tension_device_fault,C,2024-08-12,2024-05-01,103,True,2.0,Traction Distribution
TDMS000471,COR00226,LGCE,UHR,WCR,ohe_pole_defect,C,2025-03-17,2024-09-21,177,True,1.6,Traction Distribution
TDMS000472,COR02351,RKZ,BOM,NWR,circuit_breaker_fault,A,2024-12-31,2024-01-18,348,True,0.7,Traction Distribution
TDMS000473,COR00014,HAPA,ALB,WR,tension_device_fault,C,2024-04-15,2024-03-05,41,True,2.0,Traction Distribution
TDMS000474,COR02944,NTT,WJ,SR,ohe_wire_wear,B,2024-01-25,2023-04-13,287,True,3.7,Traction Distribution
TDMS000475,COR06891,HFG,JTG,NFR,feeder_fault,A,2025-05-30,2025-04-03,57,True,4.7,Traction Distribution
TDMS000476,COR03019,DOC,PTA,NR,earthing_fault,B,2025-09-20,2025-07-04,78,True,4.3,Traction Distribution
TDMS000477,COR02569,SASR,BDHT,SECR,tension_device_fault,C,2024-08-27,2024-08-07,20,True,4.7,Traction Distribution
TDMS000478,COR05293,MHV,MQZ,WR,earthing_fault,B,2025-10-18,2025-10-07,11,True,3.5,Traction Distribution
TDMS000479,COR04039,ARJ,SYH,NER,ohe_wire_wear,B,2025-12-07,2025-12-07,0,True,0.9,Traction Distribution
TDMS000480,COR00482,DRHI,KKN,WCR,feeder_fault,A,2024-10-18,2024-06-29,111,True,1.8,Traction Distribution
TDMS000481,COR01432,KLPG,ABKP,SECR,feeder_fault,A,2024-09-17,2024-08-01,47,True,1.0,Traction Distribution
TDMS000482,COR00661,VJR,MRJ,SWR,tension_device_fault,C,2025-08-03,2025-07-22,12,True,0.9,Traction Distribution
TDMS000483,COR03847,BRNR,BFD,NFR,earthing_fault,B,2024-08-05,2023-10-19,291,True,2.4,Traction Distribution
TDMS000484,COR00254,NU,KY,WCR,feeder_fault,A,2025-08-25,2025-08-13,12,True,2.2,Traction Distribution
TDMS000485,COR07469,THKU,CHKE,SWR,ohe_wire_wear,B,2024-05-05,2024-01-26,100,True,4.3,Traction Distribution
TDMS000486,COR02135,J,SVD,SCR,ohe_wire_wear,B,2025-02-11,2025-02-06,5,True,2.9,Traction Distribution
TDMS000487,COR01470,PNB,DGU,NFR,ohe_pole_defect,C,2024-03-13,2023-12-15,89,True,0.8,Traction Distribution
TDMS000488,COR01569,KOV,BVQ,CR,ohe_wire_wear,B,2025-02-23,2025-01-25,29,True,4.2,Traction Distribution
TDMS000489,COR03645,PLVA,KKLR,SCR,earthing_fault,B,2025-05-27,2025-04-27,30,True,4.8,Traction Distribution
TDMS000490,COR01631,HVL,SSNH,SWR,ohe_wire_wear,B,2025-01-22,2025-01-08,14,True,3.7,Traction Distribution
TDMS000491,COR02592,BTJL,SHMI,KR,tension_device_fault,C,2024-11-03,2024-01-23,285,True,4.7,Traction Distribution
TDMS000492,COR00445,TMD,KMC,SCR,ohe_wire_wear,B,2025-09-02,2025-06-25,69,True,4.5,Traction Distribution
TDMS000493,COR00272,BIF,PGL,WCR,insulator_fault,B,2024-11-20,2024-10-31,20,True,1.2,Traction Distribution
TDMS000494,COR01323,RANI,KZQ,NWR,feeder_fault,A,2025-09-29,2025-06-23,98,True,2.4,Traction Distribution
TDMS000495,COR06401,BHLP,MUV,NER,earthing_fault,B,2025-02-25,2024-12-09,78,True,2.8,Traction Distribution
TDMS000496,COR02972,TLY,JGE,SR,tension_device_fault,C,2025-07-25,2025-07-11,14,True,1.3,Traction Distribution
TDMS000497,COR04596,DPRA,RGJI,NFR,ohe_wire_wear,B,2024-09-24,2024-09-02,22,True,1.0,Traction Distribution
TDMS000498,COR00863,BLSA,KEK,SCR,tension_device_fault,C,2024-10-04,2024-07-21,75,True,3.5,Traction Distribution
TDMS000499,COR01193,KRG,STR,CR,tension_device_fault,C,2024-02-13,2023-02-11,367,True,1.4,Traction Distribution
TDMS000500,COR00785,GAL,PSL,NWR,ohe_wire_wear,B,2024-03-15,2024-03-12,3,True,2.2,Traction Distribution
TDMS000501,COR02159,TYMR,TRMN,SR,tension_device_fault,C,2025-07-05,2025-07-03,2,True,1.5,Traction Distribution
TDMS000502,COR06187,KPKD,PQA,SECR,tension_device_fault,C,2024-01-21,2023-10-14,99,True,2.8,Traction Distribution
TDMS000503,COR04139,KUL,CLT,SR,ohe_pole_defect,C,2024-10-23,2024-10-04,19,True,4.6,Traction Distribution
TDMS000504,COR05990,CNDM,KLK,NR,ohe_wire_wear,B,2024-06-03,2024-01-12,143,True,4.1,Traction Distribution
TDMS000505,COR04518,BGK,GED,SWR,ohe_wire_wear,B,2024-09-12,2024-06-02,102,True,3.4,Traction Distribution
TDMS000506,COR01080,RBG,CKR,SWR,insulator_fault,B,2024-07-22,2024-07-15,7,True,3.9,Traction Distribution
TDMS000507,COR01001,JMI,BHGN,NFR,ohe_pole_defect,C,2025-04-23,2025-04-03,20,True,3.0,Traction Distribution
TDMS000508,COR00473,BAU,AGQ,CR,ohe_wire_wear,B,2025-12-29,2025-12-09,20,True,4.2,Traction Distribution
TDMS000509,COR07696,TNUE,KOZ,NCR,earthing_fault,B,2025-01-13,2024-11-24,50,True,4.6,Traction Distribution
TDMS000510,COR01414,PAS,CVD,SR,ohe_pole_defect,C,2024-02-19,2023-04-10,315,True,3.5,Traction Distribution
TDMS000511,COR01889,PPY,DKJ,SCR,feeder_fault,A,2024-09-29,2023-11-04,330,True,2.7,Traction Distribution
TDMS000512,COR00508,ORDI,COR,WR,ohe_wire_wear,B,2025-10-19,2025-08-08,72,True,4.2,Traction Distribution
TDMS000513,COR02776,RNA,DBD,NR,insulator_fault,B,2025-04-11,2025-03-24,18,True,2.0,Traction Distribution
TDMS000514,COR03614,NGR,LKT,SWR,earthing_fault,B,2024-01-26,2023-12-31,26,True,1.9,Traction Distribution
TDMS000515,COR02333,RBR,GDL,WR,ohe_wire_wear,B,2025-10-13,2025-07-24,81,True,1.6,Traction Distribution
TDMS000516,COR00208,LOG,SRJ,NCR,ohe_pole_defect,C,2024-03-13,2024-03-12,1,True,2.5,Traction Distribution
TDMS000517,COR05597,MKR,MLGT,SCR,tension_device_fault,C,2024-02-11,2024-02-09,2,True,3.3,Traction Distribution
TDMS000518,COR02994,TIR,TUA,SR,feeder_fault,A,2024-08-26,2023-01-29,575,True,1.3,Traction Distribution
TDMS000519,COR01507,TVI,JTO,NR,circuit_breaker_fault,A,2024-08-23,2024-08-06,17,True,4.5,Traction Distribution
TDMS000520,COR01385,KXO,MAV,SR,ohe_wire_wear,B,2025-12-13,2025-11-13,30,True,0.8,Traction Distribution
TDMS000521,COR04703,PNVL,KLMC,CR,insulator_fault,B,2024-08-09,2024-08-06,3,True,2.8,Traction Distribution
TDMS000522,COR06220,MYD,HTL,NFR,ohe_wire_wear,B,2024-07-20,2024-07-01,19,True,2.2,Traction Distribution
TDMS000523,COR01545,ALN,SHIV,CR,tension_device_fault,C,2025-09-22,2025-06-01,113,True,4.7,Traction Distribution
TDMS000524,COR01711,SAGM,HATI,WCR,ohe_wire_wear,B,2024-11-05,2024-11-04,1,True,3.0,Traction Distribution
TDMS000525,COR00490,TBN,CGO,WCR,insulator_fault,B,2025-11-28,2025-11-14,14,True,3.2,Traction Distribution
TDMS000526,COR04050,DDD,KMDR,NER,earthing_fault,B,2024-12-29,2024-11-27,32,True,2.8,Traction Distribution
TDMS000527,COR02815,PLG,UOI,WR,earthing_fault,B,2025-04-21,2025-01-25,86,True,4.5,Traction Distribution
TDMS000528,COR02448,SHBL,NBKH,ER,earthing_fault,B,2025-10-12,2025-09-11,31,True,2.6,Traction Distribution
TDMS000529,COR00029,LXR,DL,WR,earthing_fault,B,2024-04-11,2023-05-12,335,True,4.7,Traction Distribution
TDMS000530,COR00949,PUC,ALP,SR,circuit_breaker_fault,A,2025-10-07,2025-06-24,105,True,2.4,Traction Distribution
TDMS000531,COR05955,TTQ,SVV,SR,feeder_fault,A,2024-08-08,2024-08-06,2,True,2.4,Traction Distribution
TDMS000532,COR00238,DDCE,SHR,WCR,ohe_wire_wear,B,2025-01-04,2024-12-29,6,True,2.5,Traction Distribution
TDMS000533,COR02884,VVB,DSA,NR,insulator_fault,B,2024-07-05,2024-06-21,14,True,4.3,Traction Distribution
TDMS000534,COR04636,KQK,KLAD,SR,tension_device_fault,C,2025-07-10,2025-05-02,69,True,1.7,Traction Distribution
TDMS000535,COR04644,BIJR,BYNR,KR,circuit_breaker_fault,A,2025-06-26,2025-06-07,19,True,1.9,Traction Distribution
TDMS000536,COR04251,PLP,SYC,NR,earthing_fault,B,2024-09-07,2024-07-15,54,True,0.7,Traction Distribution
TDMS000537,COR03084,BDJ,NAU,SR,earthing_fault,B,2025-04-17,2025-04-05,12,True,4.6,Traction Distribution
TDMS000538,COR01752,RKR,DUM,WCR,ohe_pole_defect,C,2024-12-28,2024-12-25,3,True,1.6,Traction Distribution
TDMS000539,COR00161,DLI,DSA,NR,circuit_breaker_fault,A,2025-07-09,2025-06-16,23,True,0.6,Traction Distribution
TDMS000540,COR01403,LP,MMH,SR,ohe_wire_wear,B,2024-11-27,2024-10-16,42,True,3.2,Traction Distribution
TDMS000541,COR01228,UMD,PJR,CR,insulator_fault,B,2025-03-22,2024-12-30,82,True,3.2,Traction Distribution
TDMS000542,COR02091,SHV,HSD,SWR,ohe_pole_defect,C,2024-03-10,2024-02-29,10,True,3.4,Traction Distribution
TDMS000543,COR02316,LWS,BDWS,WCR,insulator_fault,B,2025-12-12,2025-11-24,18,True,1.0,Traction Distribution
TDMS000544,COR00529,MJS,UAA,SR,insulator_fault,B,2025-04-07,2025-02-27,39,True,1.0,Traction Distribution
TDMS000545,COR06720,MHDP,HMT,WR,ohe_wire_wear,B,2024-03-28,2024-03-19,9,True,3.2,Traction Distribution
TDMS000546,COR02592,BTJL,SHMI,KR,feeder_fault,A,2024-08-27,2024-07-07,51,True,1.5,Traction Distribution
TDMS000547,COR01866,GHGL,SMBX,NR,insulator_fault,B,2025-02-10,2024-11-24,78,True,0.8,Traction Distribution
TDMS000548,COR01632,SSNH,TTR,SWR,ohe_wire_wear,B,2024-05-12,2024-05-08,4,True,4.6,Traction Distribution
TDMS000549,COR01931,PG,DAV,SCR,feeder_fault,A,2025-11-13,2025-08-26,79,True,0.6,Traction Distribution
TDMS000550,COR00273,PGL,CGO,WCR,ohe_wire_wear,B,2024-12-16,2024-12-05,11,True,3.6,Traction Distribution
TDMS000551,COR02017,MUV,BHLP,NER,tension_device_fault,C,2025-12-29,2025-12-12,17,True,3.2,Traction Distribution
TDMS000552,COR00884,PAPM,MOB,SCR,circuit_breaker_fault,A,2025-06-06,2025-05-19,18,True,3.1,Traction Distribution
TDMS000553,COR02697,ISM,SPZ,NR,insulator_fault,B,2025-11-24,2025-11-20,4,True,2.0,Traction Distribution
TDMS000554,COR01733,DHRJ,BTJ,NR,insulator_fault,B,2024-01-25,2023-11-16,70,True,3.3,Traction Distribution
TDMS000555,COR01731,PFM,SWE,NR,ohe_pole_defect,C,2025-09-13,2024-02-21,570,True,0.5,Traction Distribution
TDMS000556,COR02346,KSD,MLHA,WR,tension_device_fault,C,2025-08-12,2024-02-27,532,True,0.8,Traction Distribution
TDMS000557,COR02270,NDU,JHD,ECR,ohe_wire_wear,B,2025-03-17,2024-11-15,122,True,3.7,Traction Distribution
TDMS000558,COR05717,SYL,ATRU,WCR,feeder_fault,A,2024-06-29,2024-06-12,17,True,4.4,Traction Distribution
TDMS000559,COR00581,SRA,SGL,ECR,ohe_wire_wear,B,2024-11-23,2024-11-11,12,True,4.4,Traction Distribution
TDMS000560,COR00282,KKN,DRHI,WCR,ohe_wire_wear,B,2025-12-09,2025-09-13,87,True,1.7,Traction Distribution
TDMS000561,COR08012,GS,DOK,WR,tension_device_fault,C,2024-10-29,2024-10-21,8,True,1.7,Traction Distribution
TDMS000562,COR01885,CKN,PNDP,SCR,earthing_fault,B,2024-10-01,2024-05-11,143,True,4.4,Traction Distribution
TDMS000563,COR00672,SCH,MRL,WR,insulator_fault,B,2025-08-22,2025-05-12,102,True,2.6,Traction Distribution
TDMS000564,COR01952,PSD,RGO,SCR,earthing_fault,B,2025-09-19,2025-06-05,106,True,4.8,Traction Distribution
TDMS000565,COR04706,NIIJ,DTVL,CR,ohe_wire_wear,B,2025-06-06,2025-05-12,25,True,5.0,Traction Distribution
TDMS000566,COR04313,RPLY,MRIJ,ECR,earthing_fault,B,2025-11-11,2025-10-01,41,True,3.2,Traction Distribution
TDMS000567,COR05075,CNA,COR,WR,tension_device_fault,C,2025-06-25,2025-06-19,6,True,4.6,Traction Distribution
TDMS000568,COR04251,PLP,SYC,NR,tension_device_fault,C,2024-02-16,2023-11-10,98,True,1.5,Traction Distribution
TDMS000569,COR00481,BRUD,DRHI,WCR,ohe_wire_wear,B,2024-11-20,2024-11-17,3,True,4.5,Traction Distribution
TDMS000570,COR01878,GNN,YP,SCR,earthing_fault,B,2025-03-25,2025-03-19,6,True,2.2,Traction Distribution
TDMS000571,COR00191,JDR,PPA,ECR,ohe_pole_defect,C,2025-11-05,2025-08-17,80,True,3.8,Traction Distribution
TDMS000572,COR05210,SPL,SWI,SR,circuit_breaker_fault,A,2024-12-03,2024-08-24,101,True,4.8,Traction Distribution
TDMS000573,COR04042,BSCK,NDJ,NER,ohe_pole_defect,C,2025-03-05,2025-02-24,9,True,0.6,Traction Distribution
TDMS000574,COR03324,PLA,BLDK,WR,circuit_breaker_fault,A,2024-01-18,2023-11-14,65,True,4.5,Traction Distribution
TDMS000575,COR03684,CMK,NBGH,CR,ohe_wire_wear,B,2025-01-13,2025-01-13,0,True,2.8,Traction Distribution
TDMS000576,COR05208,PDV,PML,SR,ohe_pole_defect,C,2024-06-21,2024-06-05,16,True,2.0,Traction Distribution
TDMS000577,COR00232,JKE,PTWA,WCR,earthing_fault,B,2025-10-27,2025-09-01,56,True,4.7,Traction Distribution
TDMS000578,COR05668,MNKB,DOR,NWR,tension_device_fault,C,2024-05-31,2023-03-05,453,True,2.2,Traction Distribution
TDMS000579,COR02023,AHM,ALMW,NER,insulator_fault,B,2024-10-19,2024-08-29,51,True,5.0,Traction Distribution
TDMS000580,COR00675,VDH,ACL,WR,earthing_fault,B,2024-07-15,2023-06-08,403,True,2.5,Traction Distribution
TDMS000581,COR00614,GLA,DKJ,SCR,ohe_wire_wear,B,2025-11-19,2025-11-14,5,True,2.7,Traction Distribution
TDMS000582,COR00671,BHET,SCH,WR,earthing_fault,B,2024-10-22,2024-10-05,17,True,0.5,Traction Distribution
TDMS000583,COR00091,JAL,SOS,NWR,insulator_fault,B,2024-10-07,2024-09-28,9,True,2.3,Traction Distribution
TDMS000584,COR06159,VSW,STDR,WR,earthing_fault,B,2024-05-16,2024-04-27,19,True,2.8,Traction Distribution
TDMS000585,COR02214,LUNI,RT,NWR,feeder_fault,A,2024-07-21,2024-07-14,7,True,1.7,Traction Distribution
TDMS000586,COR01953,RGO,TR,SCR,circuit_breaker_fault,A,2025-12-22,2025-12-05,17,True,1.7,Traction Distribution
TDMS000587,COR00834,MDPA,HMG,NWR,earthing_fault,B,2024-05-29,2022-10-21,586,True,3.4,Traction Distribution
TDMS000588,COR04675,ADVI,NIV,KR,insulator_fault,B,2024-11-10,2024-10-22,19,True,4.1,Traction Distribution
TDMS000589,COR01185,TKR,BVNR,CR,ohe_wire_wear,B,2024-12-23,2024-09-30,84,True,3.1,Traction Distribution
TDMS000590,COR01670,BGTA,GMD,WCR,tension_device_fault,C,2025-11-25,2025-11-05,20,True,3.9,Traction Distribution
TDMS000591,COR00921,DPJ,PCV,SWR,ohe_wire_wear,B,2024-01-04,2024-01-04,0,True,2.8,Traction Distribution
TDMS000592,COR04234,BSJ,FAN,NWR,earthing_fault,B,2025-03-08,2025-03-07,1,True,1.2,Traction Distribution
TDMS000593,COR01524,CHG,CRD,CR,tension_device_fault,C,2024-08-06,2024-07-19,18,True,3.9,Traction Distribution
TDMS000594,COR02305,MSP,KAT,NR,circuit_breaker_fault,A,2025-01-30,2025-01-22,8,True,3.5,Traction Distribution
TDMS000595,COR02819,DRD,GVD,WR,earthing_fault,B,2025-11-18,2025-11-06,12,True,3.5,Traction Distribution
TDMS000596,COR01520,CSTM,MSD,CR,circuit_breaker_fault,A,2025-05-20,2025-05-20,0,True,2.4,Traction Distribution
TDMS000597,COR00490,TBN,CGO,WCR,earthing_fault,B,2024-03-02,2024-02-24,7,True,3.1,Traction Distribution
TDMS000598,COR00380,TRN,SYH,NER,circuit_breaker_fault,A,2024-10-26,2024-10-19,7,True,3.7,Traction Distribution
TDMS000599,COR04874,PTRL,BWB,NWR,earthing_fault,B,2025-11-03,2025-07-07,119,True,1.9,Traction Distribution
TDMS000600,COR02996,KTU,PEU,SR,ohe_wire_wear,B,2024-11-01,2024-07-15,109,True,1.2,Traction Distribution
TDMS000601,COR01401,KLT,TIC,SR,insulator_fault,B,2025-03-26,2025-02-05,49,True,4.7,Traction Distribution
TDMS000602,COR01677,SCKR,GAR,WCR,earthing_fault,B,2024-10-29,2024-10-10,19,True,0.9,Traction Distribution
TDMS000603,COR02356,HWT,SZ,NWR,insulator_fault,B,2025-11-13,2025-09-10,64,True,0.6,Traction Distribution
TDMS000604,COR00489,CRK,TBN,WCR,circuit_breaker_fault,A,2025-01-16,2024-12-30,17,True,3.5,Traction Distribution
TDMS000605,COR02777,DBD,THJ,NR,feeder_fault,A,2024-03-17,2024-03-15,2,True,2.2,Traction Distribution
TDMS000606,COR01363,EN,CTRL,WR,ohe_wire_wear,B,2025-09-14,2024-08-22,388,True,1.0,Traction Distribution
TDMS000607,COR02837,NVS,MRL,WR,earthing_fault,B,2025-07-31,2025-07-12,19,True,1.0,Traction Distribution
TDMS000608,COR01683,GPC,BELD,WCR,insulator_fault,B,2024-03-02,2024-02-07,24,True,1.9,Traction Distribution
TDMS000609,COR02304,JDW,MSP,NR,ohe_pole_defect,C,2024-02-14,2022-12-25,416,True,2.9,Traction Distribution
TDMS000610,COR00051,JUL,GUS,WR,circuit_breaker_fault,A,2025-06-10,2025-05-26,15,True,1.1,Traction Distribution
TDMS000611,COR00957,MBU,PRT,SR,ohe_wire_wear,B,2024-08-31,2024-05-03,120,True,1.9,Traction Distribution
TDMS000612,COR04363,SDG,MNO,ECR,feeder_fault,A,2025-05-31,2024-06-14,351,True,1.8,Traction Distribution
TDMS000613,COR01407,MVS,VRQ,SR,ohe_wire_wear,B,2024-12-11,2024-10-04,68,True,0.8,Traction Distribution
TDMS000614,COR01770,MLZ,MXL,WCR,earthing_fault,B,2024-08-27,2024-08-08,19,True,3.8,Traction Distribution
TDMS000615,COR00487,PAL,HD,WCR,tension_device_fault,C,2025-12-07,2025-08-16,113,True,4.3,Traction Distribution
TDMS000616,COR03769,MALA,SNDY,NER,ohe_wire_wear,B,2025-02-18,2025-02-15,3,True,0.8,Traction Distribution
TDMS000617,COR00487,PAL,HD,WCR,feeder_fault,A,2025-01-14,2024-12-30,15,True,3.3,Traction Distribution
TDMS000618,COR03087,MAHE,JGE,SR,circuit_breaker_fault,A,2025-08-08,2025-06-25,44,True,4.7,Traction Distribution
TDMS000619,COR01330,NANA,KVJ,NWR,tension_device_fault,C,2024-12-15,2023-11-30,381,True,2.6,Traction Distribution
TDMS000620,COR06844,RPMN,BNQL,NR,insulator_fault,B,2025-04-26,2025-02-23,62,True,2.1,Traction Distribution
TDMS000621,COR04205,KNNK,DZB,NWR,tension_device_fault,C,2025-09-26,2025-09-20,6,True,4.9,Traction Distribution
TDMS000622,COR04669,SNDD,KKW,KR,circuit_breaker_fault,A,2025-10-02,2025-09-16,16,True,4.8,Traction Distribution
TDMS000623,COR03332,AHH,QRP,NR,tension_device_fault,C,2025-05-27,2025-05-19,8,True,4.9,Traction Distribution
TDMS000624,COR00930,BNCE,BNC,SWR,circuit_breaker_fault,A,2024-03-24,2023-01-31,418,True,3.7,Traction Distribution
TDMS000625,COR02530,UKN,GJW,NR,ohe_pole_defect,C,2025-01-09,2025-01-08,1,True,3.0,Traction Distribution
TDMS000626,COR00684,UVD,VAPI,WR,feeder_fault,A,2025-11-25,2025-10-18,38,True,4.2,Traction Distribution
TDMS000627,COR05688,DXN,JRQ,ECR,insulator_fault,B,2024-05-24,2024-05-24,0,True,3.9,Traction Distribution
TDMS000628,COR01105,PCU,MVP,SCR,circuit_breaker_fault,A,2025-05-30,2025-05-23,7,True,1.8,Traction Distribution
TDMS000629,COR01709,LGCE,STA,WCR,circuit_breaker_fault,A,2025-07-27,2025-07-14,13,True,4.8,Traction Distribution
TDMS000630,COR03938,PNGR,JCU,WCR,tension_device_fault,C,2024-03-09,2024-03-09,0,True,1.6,Traction Distribution
TDMS000631,COR03752,KHTX,TWL,NWR,ohe_wire_wear,B,2024-11-20,2024-11-10,10,True,3.9,Traction Distribution
TDMS000632,COR01112,UNDI,BVRT,SCR,ohe_pole_defect,C,2025-05-26,2025-03-19,68,True,3.7,Traction Distribution
TDMS000633,COR00375,GCT,AKS,NER,ohe_wire_wear,B,2024-05-12,2024-02-26,76,True,0.6,Traction Distribution
TDMS000634,COR05401,MRPR,RNRD,NCR,ohe_wire_wear,B,2024-04-15,2024-03-26,20,True,4.5,Traction Distribution
TDMS000635,COR00977,NAM,BFD,NFR,ohe_wire_wear,B,2025-02-24,2025-02-08,16,True,3.6,Traction Distribution
TDMS000636,COR01202,WLH,DNJ,CR,tension_device_fault,C,2024-06-14,2024-05-25,20,True,1.9,Traction Distribution
TDMS000637,COR02989,FK,KN,SR,ohe_pole_defect,C,2025-09-22,2025-09-19,3,True,2.9,Traction Distribution
TDMS000638,COR01440,BGS,TIL,ECR,ohe_wire_wear,B,2025-06-12,2025-06-08,4,True,4.0,Traction Distribution
TDMS000639,COR00482,DRHI,KKN,WCR,ohe_wire_wear,B,2024-05-12,2024-04-06,36,True,2.2,Traction Distribution
TDMS000640,COR00468,DSK,SAV,CR,feeder_fault,A,2024-01-05,2023-12-24,12,True,1.6,Traction Distribution
TDMS000641,COR00650,PCH,PRKH,SWR,ohe_wire_wear,B,2024-08-04,2022-12-30,583,True,4.0,Traction Distribution
TDMS000642,COR04494,KADH,GNK,ECR,ohe_wire_wear,B,2025-08-20,2025-06-26,55,True,4.3,Traction Distribution
TDMS000643,COR00503,BIWK,JWO,WR,ohe_pole_defect,C,2024-08-04,2024-08-04,0,True,2.1,Traction Distribution
TDMS000644,COR05521,CSZ,MBB,ER,ohe_pole_defect,C,2025-06-05,2025-05-19,17,True,3.4,Traction Distribution
TDMS000645,COR05281,AP,KDO,SWR,ohe_wire_wear,B,2025-01-28,2024-11-05,84,True,4.8,Traction Distribution
TDMS000646,COR01156,MSD,CSTM,CR,insulator_fault,B,2025-04-09,2025-01-03,96,True,3.3,Traction Distribution
TDMS000647,COR01711,SAGM,HATI,WCR,circuit_breaker_fault,A,2024-03-13,2023-12-03,101,True,0.9,Traction Distribution
TDMS000648,COR03249,MXL,MLZ,WCR,circuit_breaker_fault,A,2025-02-02,2025-01-25,8,True,2.2,Traction Distribution
TDMS000649,COR03423,SNSN,HPRD,WR,ohe_wire_wear,B,2025-11-13,2025-11-06,7,True,3.7,Traction Distribution
TDMS000650,COR00262,PPI,SXF,WCR,tension_device_fault,C,2025-05-30,2025-03-14,77,True,4.2,Traction Distribution
TDMS000651,COR05062,KBI,LWR,SWR,feeder_fault,A,2024-10-26,2024-09-16,40,True,2.2,Traction Distribution
TDMS000652,COR03083,IGL,BDJ,SR,feeder_fault,A,2025-03-16,2025-03-04,12,True,4.5,Traction Distribution
TDMS000653,COR06296,LHD,BSQ,SCR,feeder_fault,A,2024-10-30,2024-10-20,10,True,3.6,Traction Distribution
TDMS000654,COR04171,MET,HMI,NR,insulator_fault,B,2024-09-29,2024-09-18,11,True,4.0,Traction Distribution
TDMS000655,COR01833,LMNR,MGG,WR,tension_device_fault,C,2024-09-28,2024-08-23,36,True,1.3,Traction Distribution
TDMS000656,COR03404,MEW,SMKR,NER,earthing_fault,B,2024-08-31,2024-08-11,20,True,4.1,Traction Distribution
TDMS000657,COR00124,SK,NRI,NWR,ohe_wire_wear,B,2024-12-06,2024-11-26,10,True,1.8,Traction Distribution
TDMS000658,COR00036,DXR,CJR,WR,feeder_fault,A,2024-06-26,2024-06-24,2,True,1.6,Traction Distribution
TDMS000659,COR00549,CQL,CAN,SR,ohe_wire_wear,B,2025-06-25,2025-04-23,63,True,3.2,Traction Distribution
TDMS000660,COR00565,HRW,DDN,NR,circuit_breaker_fault,A,2025-10-22,2025-10-22,0,True,1.7,Traction Distribution
TDMS000661,COR00529,MJS,UAA,SR,ohe_pole_defect,C,2024-04-08,2023-04-30,344,True,3.6,Traction Distribution
TDMS000662,COR00868,NVT,JKM,SCR,tension_device_fault,C,2024-11-10,2024-11-04,6,True,3.3,Traction Distribution
TDMS000663,COR02401,RJT,KHDI,WR,ohe_wire_wear,B,2024-05-29,2024-02-11,108,True,3.2,Traction Distribution
TDMS000664,COR01359,DNW,GUS,WR,tension_device_fault,C,2024-06-02,2024-05-30,3,True,0.6,Traction Distribution
TDMS000665,COR00759,DEE,DBSI,NR,ohe_pole_defect,C,2025-09-11,2025-05-19,115,True,2.3,Traction Distribution
TDMS000666,COR01537,CMW,TPY,SCR,earthing_fault,B,2025-10-08,2025-08-07,62,True,1.2,Traction Distribution
TDMS000667,COR04080,KTK,NBL,SWR,feeder_fault,A,2024-01-18,2024-01-01,17,True,0.6,Traction Distribution
TDMS000668,COR02278,AMLO,BRMO,ECR,earthing_fault,B,2024-08-05,2024-07-18,18,True,3.2,Traction Distribution
TDMS000669,COR04578,BIP,KHOH,NCR,ohe_wire_wear,B,2025-01-20,2025-01-17,3,True,2.7,Traction Distribution
TDMS000670,COR04586,DWI,BNDA,NCR,ohe_wire_wear,B,2024-07-09,2024-06-21,18,True,4.1,Traction Distribution
TDMS000671,COR03000,PTB,KRKD,SR,tension_device_fault,C,2024-07-11,2024-04-16,86,True,1.7,Traction Distribution
TDMS000672,COR00294,RV,NB,CR,feeder_fault,A,2025-11-23,2025-09-19,65,True,0.6,Traction Distribution
TDMS000673,COR00441,WDR,MZL,SCR,ohe_wire_wear,B,2025-08-20,2025-06-17,64,True,1.5,Traction Distribution
TDMS000674,COR03063,NPK,AAY,SR,circuit_breaker_fault,A,2024-07-20,2023-11-03,260,True,2.8,Traction Distribution
TDMS000675,COR00514,LMA,RLR,NWR,tension_device_fault,C,2025-08-28,2025-08-22,6,True,4.0,Traction Distribution
TDMS000676,COR01085,PRKH,PCH,SWR,earthing_fault,B,2025-06-09,2025-05-04,36,True,4.3,Traction Distribution
TDMS000677,COR04261,BIQ,NGLT,NCR,ohe_wire_wear,B,2024-07-17,2024-06-28,19,True,1.5,Traction Distribution
TDMS000678,COR00266,BGTA,SQL,WCR,insulator_fault,B,2025-03-18,2025-02-01,45,True,4.9,Traction Distribution
TDMS000679,COR04997,MUQ,PLI,SR,ohe_wire_wear,B,2025-10-25,2025-08-17,69,True,3.2,Traction Distribution
TDMS000680,COR01607,RNR,CLI,SWR,insulator_fault,B,2025-11-30,2025-11-11,19,True,0.8,Traction Distribution
TDMS000681,COR06157,BILK,JCN,WR,tension_device_fault,C,2024-12-16,2023-11-08,404,True,4.6,Traction Distribution
TDMS000682,COR02217,BOM,RKZ,NWR,insulator_fault,B,2024-07-07,2024-06-24,13,True,2.2,Traction Distribution
TDMS000683,COR00377,SAHR,NDJ,NER,feeder_fault,A,2025-12-15,2025-12-10,5,True,1.4,Traction Distribution
TDMS000684,COR00775,KIP,KWMD,NR,ohe_wire_wear,B,2024-09-30,2023-05-30,489,True,2.2,Traction Distribution
TDMS000685,COR05992,PRNG,RNJ,WR,feeder_fault,A,2025-11-19,2025-06-02,170,True,1.1,Traction Distribution
TDMS000686,COR06339,SDPR,BRSQ,NR,tension_device_fault,C,2025-05-01,2025-04-24,7,True,2.7,Traction Distribution
TDMS000687,COR02797,STC,VLP,WR,ohe_wire_wear,B,2024-11-22,2024-11-18,4,True,4.0,Traction Distribution
TDMS000688,COR06398,KWH,NTU,NER,feeder_fault,A,2025-05-20,2025-05-16,4,True,2.6,Traction Distribution
TDMS000689,COR02159,TYMR,TRMN,SR,ohe_wire_wear,B,2025-11-29,2024-09-12,443,True,2.6,Traction Distribution
TDMS000690,COR02380,SR,LPR,WR,tension_device_fault,C,2024-06-06,2024-02-14,113,True,2.9,Traction Distribution
TDMS000691,COR02023,AHM,ALMW,NER,ohe_pole_defect,C,2024-01-10,2023-11-07,64,True,0.7,Traction Distribution
TDMS000692,COR02999,KODN,PTB,SR,ohe_wire_wear,B,2025-01-17,2025-01-11,6,True,4.4,Traction Distribution
TDMS000693,COR02366,VNK,GNS,SECR,circuit_breaker_fault,A,2024-06-09,2024-05-27,13,True,1.9,Traction Distribution
TDMS000694,COR02978,IGL,PYOL,SR,feeder_fault,A,2024-05-30,2024-04-13,47,True,4.0,Traction Distribution
TDMS000695,COR02828,PAD,ATUL,WR,ohe_wire_wear,B,2024-12-10,2024-11-30,10,True,3.1,Traction Distribution
TDMS000696,COR00671,BHET,SCH,WR,ohe_wire_wear,B,2025-10-04,2024-08-06,424,True,4.3,Traction Distribution
TDMS000697,COR06330,GNPT,KNDR,WR,insulator_fault,B,2025-12-03,2025-08-20,105,True,0.9,Traction Distribution
TDMS000698,COR00134,GAL,KRH,NWR,circuit_breaker_fault,A,2024-02-13,2023-12-12,63,True,3.4,Traction Distribution
TDMS000699,COR06854,ALS,HTW,NER,tension_device_fault,C,2025-06-04,2025-04-24,41,True,4.7,Traction Distribution
TDMS000700,COR00197,MTR,NRV,ECR,tension_device_fault,C,2025-03-30,2025-03-14,16,True,0.5,Traction Distribution
TDMS000701,COR02388,RA,VD,WR,tension_device_fault,C,2024-08-13,2024-08-12,1,True,2.9,Traction Distribution
TDMS000702,COR04862,SOG,RMH,NWR,tension_device_fault,C,2024-05-11,2024-05-04,7,True,4.5,Traction Distribution
TDMS000703,COR00773,PTRD,IHP,NR,ohe_wire_wear,B,2024-08-20,2024-08-14,6,True,2.7,Traction Distribution
TDMS000704,COR02791,DDR,MRU,WR,insulator_fault,B,2025-02-15,2025-02-10,5,True,3.1,Traction Distribution
TDMS000705,COR00014,HAPA,ALB,WR,ohe_wire_wear,B,2025-04-26,2025-03-29,28,True,3.2,Traction Distribution
TDMS000706,COR03697,BGO,PBA,SER,earthing_fault,B,2025-09-12,2025-06-29,75,True,2.2,Traction Distribution
TDMS000707,COR00016,WTJ,JALD,WR,tension_device_fault,C,2024-03-22,2024-03-16,6,True,3.1,Traction Distribution
TDMS000708,COR00849,DLD,KCNR,WR,tension_device_fault,C,2025-11-21,2025-07-28,116,True,2.8,Traction Distribution
TDMS000709,COR04667,ZARP,KUDL,KR,insulator_fault,B,2024-01-06,2023-09-06,122,True,2.7,Traction Distribution
TDMS000710,COR02813,SAH,KLV,WR,ohe_wire_wear,B,2025-08-23,2025-07-01,53,True,1.3,Traction Distribution
TDMS000711,COR01484,HJI,DHRY,NFR,circuit_breaker_fault,A,2024-06-30,2024-06-02,28,True,2.7,Traction Distribution
TDMS000712,COR00699,VTN,VR,WR,circuit_breaker_fault,A,2024-11-12,2023-06-06,525,True,4.3,Traction Distribution
TDMS000713,COR02816,UOI,BOR,WR,tension_device_fault,C,2024-12-02,2024-11-07,25,True,2.0,Traction Distribution
TDMS000714,COR00178,BRU,HIR,ECR,insulator_fault,B,2024-01-04,2023-05-16,233,True,0.9,Traction Distribution
TDMS000715,COR05628,SK,SALI,NWR,tension_device_fault,C,2024-12-19,2024-12-19,0,True,4.5,Traction Distribution
TDMS000716,COR00484,KRO,BRI,WCR,ohe_wire_wear,B,2024-11-25,2024-11-18,7,True,1.4,Traction Distribution
TDMS000717,COR04181,GRN,JHL,NR,ohe_pole_defect,C,2024-09-09,2024-07-29,42,True,2.4,Traction Distribution
TDMS000718,COR03403,PEE,MEW,NER,ohe_pole_defect,C,2025-06-29,2025-06-18,11,True,1.7,Traction Distribution
TDMS000719,COR00287,KDK,DGN,CR,tension_device_fault,C,2024-07-06,2024-06-27,9,True,1.9,Traction Distribution
TDMS000720,COR00264,SGP,GMD,WCR,earthing_fault,B,2025-02-12,2025-01-24,19,True,1.0,Traction Distribution
TDMS000721,COR02973,JGE,MAHE,SR,earthing_fault,B,2024-12-12,2024-11-25,17,True,1.6,Traction Distribution
TDMS000722,COR01899,CLE,WL,SCR,ohe_wire_wear,B,2025-08-04,2025-05-05,91,True,1.6,Traction Distribution
TDMS000723,COR00058,MSH,BHU,WR,ohe_pole_defect,C,2025-04-25,2025-04-20,5,True,4.7,Traction Distribution
TDMS000724,COR00491,CGO,PGL,WCR,ohe_wire_wear,B,2024-03-22,2024-03-06,16,True,0.8,Traction Distribution
TDMS000725,COR01403,LP,MMH,SR,earthing_fault,B,2025-06-28,2025-06-15,13,True,3.1,Traction Distribution
TDMS000726,COR00467,CRU,PAU,SCR,ohe_wire_wear,B,2025-05-13,2025-04-07,36,True,1.0,Traction Distribution
TDMS000727,COR01140,DEV,NAG,SWR,ohe_pole_defect,C,2024-02-03,2023-06-20,228,True,0.9,Traction Distribution
TDMS000728,COR01360,GUS,JUL,WR,feeder_fault,A,2024-02-07,2024-01-24,14,True,4.3,Traction Distribution
TDMS000729,COR01103,GUK,PSLP,SCR,earthing_fault,B,2025-03-29,2024-09-15,195,True,4.3,Traction Distribution
TDMS000730,COR01720,MKP,PNHI,NCR,tension_device_fault,C,2024-05-07,2024-02-03,94,True,3.5,Traction Distribution
TDMS000731,COR00468,DSK,SAV,CR,earthing_fault,B,2024-05-24,2024-05-16,8,True,3.7,Traction Distribution
TDMS000732,COR00748,MHO,ARJ,NER,insulator_fault,B,2025-09-11,2025-04-22,142,True,2.0,Traction Distribution
TDMS000733,COR00264,SGP,GMD,WCR,ohe_pole_defect,C,2024-05-09,2024-03-12,58,True,4.0,Traction Distribution
TDMS000734,COR02843,BYC,KDN,SWR,tension_device_fault,C,2024-10-30,2024-10-18,12,True,1.1,Traction Distribution
TDMS000735,COR00897,BSQ,LHD,SCR,ohe_wire_wear,B,2024-07-26,2024-07-23,3,True,1.2,Traction Distribution
TDMS000736,COR01842,AWL,KKL,NR,ohe_wire_wear,B,2025-04-21,2024-02-02,444,True,1.7,Traction Distribution
TDMS000737,COR05559,PMH,AJL,NR,circuit_breaker_fault,A,2025-01-12,2025-01-02,10,True,1.0,Traction Distribution
TDMS000738,COR05989,CDG,CNDM,NR,earthing_fault,B,2025-04-23,2025-02-02,80,True,4.6,Traction Distribution
TDMS000739,COR00536,BFR,PKP,SR,ohe_wire_wear,B,2025-08-25,2025-08-12,13,True,1.5,Traction Distribution
TDMS000740,COR05071,HTD,ROS,NWR,tension_device_fault,C,2024-11-12,2024-10-29,14,True,2.3,Traction Distribution
TDMS000741,COR02681,DHY,NRW,NR,tension_device_fault,C,2024-02-27,2024-01-14,44,True,2.6,Traction Distribution
TDMS000742,COR03277,TVL,PDNR,SWR,earthing_fault,B,2024-03-01,2024-01-21,40,True,2.7,Traction Distribution
TDMS000743,COR02119,AGL,NVU,SWR,insulator_fault,B,2024-10-08,2024-07-30,70,True,2.9,Traction Distribution
TDMS000744,COR00689,UBR,BRRD,WR,ohe_pole_defect,C,2024-03-23,2024-01-03,80,True,4.5,Traction Distribution
TDMS000745,COR00699,VTN,VR,WR,ohe_wire_wear,B,2025-11-26,2025-11-20,6,True,1.0,Traction Distribution
TDMS000746,COR07224,KB,KMP,NER,insulator_fault,B,2025-02-22,2024-11-02,112,True,2.6,Traction Distribution
TDMS000747,COR00753,SRVX,MJO,KR,earthing_fault,B,2025-07-08,2025-01-06,183,True,1.3,Traction Distribution
TDMS000748,COR00538,KZE,NLE,SR,tension_device_fault,C,2024-10-30,2024-10-23,7,True,3.5,Traction Distribution
TDMS000749,COR01369,VXM,NPB,SR,ohe_wire_wear,B,2024-10-28,2024-10-11,17,True,5.0,Traction Distribution
TDMS000750,COR04937,ANO,CHI,KR,ohe_pole_defect,C,2025-04-17,2025-04-09,8,True,4.5,Traction Distribution
TDMS000751,COR01539,BTPD,BDCR,SCR,insulator_fault,B,2024-04-20,2024-01-13,98,True,2.0,Traction Distribution
TDMS000752,COR03990,PRDG,MPLR,ER,insulator_fault,B,2025-04-10,2024-06-02,312,True,3.3,Traction Distribution
TDMS000753,COR00429,ALW,BOZ,SCR,insulator_fault,B,2024-08-24,2024-08-19,5,True,1.7,Traction Distribution
TDMS000754,COR03736,LNO,MGI,ECR,ohe_wire_wear,B,2025-05-29,2025-03-02,88,True,2.4,Traction Distribution
TDMS000755,COR00459,UMRI,SLGH,SCR,ohe_wire_wear,B,2024-10-10,2024-08-21,50,True,3.8,Traction Distribution
TDMS000756,COR00529,MJS,UAA,SR,ohe_wire_wear,B,2025-07-24,2025-04-04,111,True,2.4,Traction Distribution
TDMS000757,COR02537,CJL,SFM,NR,circuit_breaker_fault,A,2024-08-11,2024-05-19,84,True,1.2,Traction Distribution
TDMS000758,COR02802,MDD,KILE,WR,tension_device_fault,C,2024-02-22,2023-12-14,70,True,3.2,Traction Distribution
TDMS000759,COR04456,DDM,NMZ,NFR,ohe_pole_defect,C,2024-10-15,2023-08-15,427,True,2.7,Traction Distribution
TDMS000760,COR02676,JHL,HMQ,NR,tension_device_fault,C,2024-11-05,2024-03-04,246,True,1.7,Traction Distribution
TDMS000761,COR00538,KZE,NLE,SR,tension_device_fault,C,2025-09-02,2025-07-31,33,True,1.7,Traction Distribution
TDMS000762,COR00053,DNW,KYSD,WR,insulator_fault,B,2025-08-29,2025-08-15,14,True,0.6,Traction Distribution
TDMS000763,COR00362,SGD,SOJN,WR,ohe_wire_wear,B,2025-08-22,2025-05-29,85,True,1.7,Traction Distribution
TDMS000764,COR04986,RAU,HKH,WR,insulator_fault,B,2024-05-09,2024-04-27,12,True,4.7,Traction Distribution
TDMS000765,COR01885,CKN,PNDP,SCR,ohe_wire_wear,B,2024-06-15,2024-03-15,92,True,4.4,Traction Distribution
TDMS000766,COR00762,KRTN,DEC,NR,insulator_fault,B,2025-05-29,2025-03-21,69,True,4.3,Traction Distribution
TDMS000767,COR05025,APE,NGT,SR,tension_device_fault,C,2024-05-21,2024-05-10,11,True,4.2,Traction Distribution
TDMS000768,COR00235,NWR,SNRR,WCR,earthing_fault,B,2025-07-04,2024-10-09,268,True,3.3,Traction Distribution
TDMS000769,COR01701,KTE,PTWA,WCR,insulator_fault,B,2024-10-15,2023-11-13,337,True,1.5,Traction Distribution
TDMS000770,COR05741,VMP,CLN,SR,ohe_pole_defect,C,2025-12-03,2025-09-13,81,True,3.2,Traction Distribution
TDMS000771,COR00023,KHC,KNKT,WR,feeder_fault,A,2024-10-14,2024-10-14,0,True,2.3,Traction Distribution
TDMS000772,COR01848,GSB,DZA,NR,circuit_breaker_fault,A,2025-12-11,2025-08-14,119,True,2.1,Traction Distribution
TDMS000773,COR00595,VKNR,PNYA,ECR,circuit_breaker_fault,A,2024-05-19,2024-05-16,3,True,4.1,Traction Distribution
TDMS000774,COR02159,TYMR,TRMN,SR,ohe_wire_wear,B,2024-06-13,2023-08-28,290,True,0.5,Traction Distribution
TDMS000775,COR01037,DGU,PNB,NFR,ohe_wire_wear,B,2024-03-06,2023-12-04,93,True,3.3,Traction Distribution
TDMS000776,COR00259,SCKR,JHT,WCR,earthing_fault,B,2025-02-11,2025-02-11,0,True,2.4,Traction Distribution
TDMS000777,COR00764,PM,SMDP,NR,insulator_fault,B,2025-12-22,2025-11-18,34,True,3.4,Traction Distribution
TDMS000778,COR05118,BNDI,PSLI,WCR,earthing_fault,B,2024-09-28,2024-09-25,3,True,3.8,Traction Distribution
TDMS000779,COR05284,SJPM,NTW,SWR,ohe_wire_wear,B,2024-04-15,2024-03-29,17,True,2.3,Traction Distribution
TDMS000780,COR05662,KHTX,BLT,NWR,tension_device_fault,C,2025-04-11,2025-03-24,18,True,0.5,Traction Distribution
TDMS000781,COR07690,BBLK,PKNA,NCR,tension_device_fault,C,2025-02-21,2024-12-22,61,True,4.3,Traction Distribution
TDMS000782,COR00795,MDB,MLH,NWR,feeder_fault,A,2024-03-12,2024-02-29,12,True,4.1,Traction Distribution
TDMS000783,COR02824,BLD,KEB,WR,ohe_wire_wear,B,2025-05-19,2025-02-05,103,True,2.0,Traction Distribution
TDMS000784,COR00483,KKN,KRO,WCR,feeder_fault,A,2025-04-27,2024-03-24,399,True,2.1,Traction Distribution
TDMS000785,COR03278,PDNR,LHN,SWR,insulator_fault,B,2025-11-26,2025-11-07,19,True,2.7,Traction Distribution
TDMS000786,COR03846,SPK,BRNR,NFR,earthing_fault,B,2024-05-20,2024-05-10,10,True,2.0,Traction Distribution
TDMS000787,COR00473,BAU,AGQ,CR,ohe_pole_defect,C,2024-05-01,2024-04-12,19,True,2.4,Traction Distribution
TDMS000788,COR01032,AJRE,JID,NFR,tension_device_fault,C,2025-07-24,2025-04-22,93,True,4.7,Traction Distribution
TDMS000789,COR04990,MVS,MYU,SR,insulator_fault,B,2024-11-13,2023-06-13,519,True,3.6,Traction Distribution
TDMS000790,COR01213,MRTY,PNF,SCR,ohe_pole_defect,C,2024-11-29,2024-11-03,26,True,3.6,Traction Distribution
TDMS000791,COR05130,CGH,BPRS,NR,insulator_fault,B,2025-10-24,2025-07-09,107,True,1.7,Traction Distribution
TDMS000792,COR02905,AMVA,NYY,SR,insulator_fault,B,2024-05-02,2024-01-12,111,True,3.9,Traction Distribution
TDMS000793,COR03851,NHK,DJG,NFR,ohe_wire_wear,B,2025-07-19,2025-07-19,0,True,3.3,Traction Distribution
TDMS000794,COR02530,UKN,GJW,NR,feeder_fault,A,2025-08-07,2025-05-30,69,True,3.6,Traction Distribution
TDMS000795,COR01614,MYK,SLU,SWR,tension_device_fault,C,2024-07-24,2024-07-21,3,True,2.7,Traction Distribution
TDMS000796,COR02832,JRS,BIM,WR,earthing_fault,B,2025-03-11,2025-01-01,69,True,4.9,Traction Distribution
TDMS000797,COR01688,BHTN,BRGT,WCR,ohe_pole_defect,C,2025-06-05,2024-03-29,433,True,0.8,Traction Distribution
TDMS000798,COR02459,PSAE,BFZ,ER,earthing_fault,B,2025-08-16,2025-07-02,45,True,1.7,Traction Distribution
TDMS000799,COR04060,LKY,YGA,SWR,circuit_breaker_fault,A,2025-10-02,2025-08-19,44,True,2.0,Traction Distribution
TDMS000800,COR01144,KBI,MGD,SWR,ohe_pole_defect,C,2024-04-07,2024-03-27,11,True,1.8,Traction Distribution
TDMS000801,COR03021,PTE,DBN,NR,feeder_fault,A,2024-02-28,2024-02-27,1,True,4.8,Traction Distribution
TDMS000802,COR02497,AJIT,SMR,NWR,feeder_fault,A,2024-01-31,2023-11-18,74,True,4.7,Traction Distribution
TDMS000803,COR00829,GBP,RPI,NWR,ohe_wire_wear,B,2025-01-03,2023-12-12,388,True,0.7,Traction Distribution
TDMS000804,COR01063,NLBR,KXJ,NFR,ohe_pole_defect,C,2024-12-12,2024-11-04,38,True,2.1,Traction Distribution
TDMS000805,COR03617,KGX,RLP,SWR,ohe_wire_wear,B,2024-06-19,2023-04-04,442,True,3.9,Traction Distribution
TDMS000806,COR01281,MG,BWZ,NR,earthing_fault,B,2024-05-15,2024-05-01,14,True,2.5,Traction Distribution
TDMS000807,COR04195,SDLP,HR,NWR,earthing_fault,B,2025-05-25,2025-05-16,9,True,4.1,Traction Distribution
TDMS000808,COR00175,AWS,BUG,ECR,tension_device_fault,C,2025-08-09,2025-07-31,9,True,0.9,Traction Distribution
TDMS000809,COR01776,MGF,HLN,SWR,ohe_wire_wear,B,2024-06-03,2024-05-11,23,True,2.7,Traction Distribution
TDMS000810,COR05877,FDK,PKZ,NR,tension_device_fault,C,2024-07-14,2024-07-06,8,True,4.5,Traction Distribution
TDMS000811,COR00492,PGL,BIF,WCR,ohe_wire_wear,B,2025-08-31,2025-08-30,1,True,4.1,Traction Distribution
TDMS000812,COR01033,JID,BRHU,NFR,ohe_wire_wear,B,2024-01-02,2023-12-20,13,True,4.2,Traction Distribution
TDMS000813,COR02182,LVR,PDPR,NER,insulator_fault,B,2024-09-26,2024-07-23,65,True,3.7,Traction Distribution
TDMS000814,COR00672,SCH,MRL,WR,ohe_wire_wear,B,2025-03-02,2024-10-28,125,True,5.0,Traction Distribution
TDMS000815,COR03737,VDKS,VPZ,SR,insulator_fault,B,2024-05-17,2024-03-01,77,True,3.1,Traction Distribution
TDMS000816,COR01878,GNN,YP,SCR,circuit_breaker_fault,A,2024-12-03,2024-11-30,3,True,1.1,Traction Distribution
TDMS000817,COR03783,WDG,AJU,SECR,insulator_fault,B,2025-04-07,2024-10-28,161,True,3.3,Traction Distribution
TDMS000818,COR06387,SDC,HDK,NER,tension_device_fault,C,2025-12-29,2025-09-30,90,True,1.0,Traction Distribution
TDMS000819,COR02347,MLHA,CVR,WR,feeder_fault,A,2025-10-07,2025-06-24,105,True,4.1,Traction Distribution
TDMS000820,COR06031,SURI,CPLE,ER,tension_device_fault,C,2025-01-14,2025-01-09,5,True,4.5,Traction Distribution
TDMS000821,COR02157,KTBR,INDR,SR,insulator_fault,B,2024-07-20,2024-07-19,1,True,1.9,Traction Distribution
TDMS000822,COR02584,ANKL,GOK,KR,circuit_breaker_fault,A,2025-11-04,2025-07-31,96,True,3.8,Traction Distribution
TDMS000823,COR01102,OTR,GUK,SCR,ohe_wire_wear,B,2024-09-09,2024-07-13,58,True,3.4,Traction Distribution
TDMS000824,COR01892,GUU,MABD,SCR,feeder_fault,A,2025-11-19,2025-08-27,84,True,0.7,Traction Distribution
TDMS000825,COR01342,IQG,JTY,NWR,feeder_fault,A,2025-08-07,2025-05-04,95,True,2.3,Traction Distribution
TDMS000826,COR00747,SDT,MHO,NER,circuit_breaker_fault,A,2025-03-23,2025-02-25,26,True,3.2,Traction Distribution
TDMS000827,COR02153,MTMY,MNDY,SR,ohe_wire_wear,B,2025-05-29,2025-05-29,0,True,0.6,Traction Distribution
TDMS000828,COR00545,PAZ,KPQ,SR,tension_device_fault,C,2024-06-12,2024-06-02,10,True,2.7,Traction Distribution
TDMS000829,COR00477,DGN,KDK,CR,insulator_fault,B,2025-03-02,2023-08-29,551,True,3.0,Traction Distribution
TDMS000830,COR00677,AML,BIM,WR,insulator_fault,B,2024-03-23,2023-12-30,84,True,2.6,Traction Distribution
TDMS000831,COR05128,BNGL,MEX,NR,tension_device_fault,C,2024-09-10,2024-09-08,2,True,4.8,Traction Distribution
TDMS000832,COR00428,CVB,ALW,SCR,ohe_wire_wear,B,2024-07-28,2024-07-26,2,True,1.1,Traction Distribution
TDMS000833,COR04731,SOHL,JHWR,NR,earthing_fault,B,2024-01-22,2023-12-28,25,True,0.7,Traction Distribution
TDMS000834,COR00321,ANR,BGA,SER,insulator_fault,B,2024-01-05,2023-04-06,274,True,2.8,Traction Distribution
TDMS000835,COR03653,GDV,DPD,SCR,feeder_fault,A,2024-08-11,2024-07-18,24,True,1.4,Traction Distribution
TDMS000836,COR01832,INDB,LMNR,WR,ohe_wire_wear,B,2024-07-25,2024-07-11,14,True,2.3,Traction Distribution
TDMS000837,COR01032,AJRE,JID,NFR,ohe_pole_defect,C,2024-07-06,2024-07-01,5,True,2.2,Traction Distribution
TDMS000838,COR01602,KVS,KJG,SWR,earthing_fault,B,2025-10-01,2025-10-01,0,True,1.7,Traction Distribution
TDMS000839,COR02336,VRR,NUD,WR,insulator_fault,B,2025-07-24,2025-06-23,31,True,0.8,Traction Distribution
TDMS000840,COR02433,AZ,LCAE,ER,ohe_wire_wear,B,2025-07-06,2025-06-20,16,True,3.9,Traction Distribution
TDMS000841,COR00679,JRS,DGI,WR,feeder_fault,A,2024-03-16,2024-03-13,3,True,2.8,Traction Distribution
TDMS000842,COR03053,MEJ,NRK,SR,tension_device_fault,C,2024-12-17,2024-08-30,109,True,4.5,Traction Distribution
TDMS000843,COR03792,TPY,CMW,SCR,insulator_fault,B,2025-10-19,2025-09-30,19,True,2.7,Traction Distribution
TDMS000844,COR06348,HSQ,PJA,NR,circuit_breaker_fault,A,2025-07-05,2025-06-23,12,True,0.9,Traction Distribution
TDMS000845,COR00521,BDW,JWS,NWR,earthing_fault,B,2025-09-02,2025-03-01,185,True,3.8,Traction Distribution
TDMS000846,COR00486,MUO,PAL,WCR,ohe_wire_wear,B,2025-07-23,2025-07-05,18,True,3.4,Traction Distribution
TDMS000847,COR00802,MWT,STSN,NWR,ohe_wire_wear,B,2025-12-20,2025-04-13,251,True,3.4,Traction Distribution
TDMS000848,COR01103,GUK,PSLP,SCR,ohe_pole_defect,C,2025-07-25,2025-04-15,101,True,3.4,Traction Distribution
TDMS000849,COR01862,BDHY,CHNR,NR,ohe_wire_wear,B,2025-05-14,2025-04-27,17,True,5.0,Traction Distribution
TDMS000850,COR00029,LXR,DL,WR,circuit_breaker_fault,A,2024-04-09,2022-10-23,534,True,2.1,Traction Distribution
TDMS000851,COR01854,MRTL,GILA,NR,feeder_fault,A,2025-09-16,2025-09-10,6,True,1.1,Traction Distribution
TDMS000852,COR00271,BPF,BIF,WCR,ohe_wire_wear,B,2024-05-18,2024-02-01,107,True,4.8,Traction Distribution
TDMS000853,COR04804,RBGJ,CUK,NCR,insulator_fault,B,2025-07-23,2025-04-09,105,True,0.7,Traction Distribution
TDMS000854,COR08337,FLU,BTKB,ER,earthing_fault,B,2025-05-26,2025-04-29,27,True,0.7,Traction Distribution
TDMS000855,COR02085,SSNH,HVL,SWR,insulator_fault,B,2025-09-25,2025-08-05,51,True,1.2,Traction Distribution
TDMS000856,COR08410,VLCY,PRGD,SR,ohe_wire_wear,B,2024-01-07,2023-12-18,20,True,1.1,Traction Distribution
TDMS000857,COR05066,PNT,CHB,NFR,insulator_fault,B,2025-12-03,2025-11-25,8,True,4.2,Traction Distribution
TDMS000858,COR01325,FA,BRLY,NWR,ohe_wire_wear,B,2025-08-02,2025-06-29,34,True,1.6,Traction Distribution
TDMS000859,COR05352,ABZ,AKOT,SCR,ohe_wire_wear,B,2025-03-25,2025-03-23,2,True,2.5,Traction Distribution
TDMS000860,COR00282,KKN,DRHI,WCR,insulator_fault,B,2025-08-31,2025-08-28,3,True,5.0,Traction Distribution
TDMS000861,COR03703,LGO,BHDR,NR,ohe_wire_wear,B,2024-01-13,2024-01-01,12,True,4.5,Traction Distribution
TDMS000862,COR05661,TWL,KHTX,NWR,ohe_wire_wear,B,2025-04-09,2025-03-24,16,True,0.7,Traction Distribution
TDMS000863,COR00691,GVD,DRD,WR,ohe_pole_defect,C,2024-09-27,2023-05-28,488,True,4.0,Traction Distribution
TDMS000864,COR01687,BMR,BHTN,WCR,tension_device_fault,C,2025-02-20,2023-07-22,579,True,3.5,Traction Distribution
TDMS000865,COR06724,GUH,DXH,NR,feeder_fault,A,2024-05-03,2024-04-24,9,True,3.7,Traction Distribution
TDMS000866,COR03488,FRD,KD,NR,circuit_breaker_fault,A,2025-09-11,2024-07-01,437,True,4.1,Traction Distribution
TDMS000867,COR00671,BHET,SCH,WR,circuit_breaker_fault,A,2025-05-19,2025-01-23,116,True,4.0,Traction Distribution
TDMS000868,COR02521,DISA,CDS,WR,earthing_fault,B,2024-01-31,2024-01-20,11,True,4.6,Traction Distribution
TDMS000869,COR01879,YP,TNGM,SCR,ohe_wire_wear,B,2025-02-18,2024-11-05,105,True,1.4,Traction Distribution
TDMS000870,COR02493,SUT,DUK,NWR,insulator_fault,B,2024-03-04,2023-11-19,106,True,4.1,Traction Distribution
TDMS000871,COR00136,HSI,KNAR,NWR,tension_device_fault,C,2025-09-04,2024-02-27,555,True,2.7,Traction Distribution
TDMS000872,COR00693,VGN,BOR,WR,tension_device_fault,C,2024-10-10,2024-10-09,1,True,2.1,Traction Distribution
TDMS000873,COR05417,MAY,SPPR,NR,feeder_fault,A,2025-10-10,2025-09-27,13,True,2.3,Traction Distribution
TDMS000874,COR00220,CTHR,KTHA,WCR,feeder_fault,A,2025-08-30,2025-05-06,116,True,2.5,Traction Distribution
TDMS000875,COR00472,WGA,BAU,CR,ohe_pole_defect,C,2024-04-06,2024-03-19,18,True,4.8,Traction Distribution
TDMS000876,COR01346,PNU,UM,WR,tension_device_fault,C,2024-12-10,2024-10-18,53,True,4.2,Traction Distribution
TDMS000877,COR05581,IGTA,BSZ,NCR,ohe_wire_wear,B,2024-01-08,2023-10-25,75,True,1.8,Traction Distribution
TDMS000878,COR01714,KTHA,CTHR,WCR,ohe_pole_defect,C,2025-10-01,2025-05-13,141,True,1.0,Traction Distribution
TDMS000879,COR00692,DRD,VGN,WR,ohe_pole_defect,C,2025-02-04,2025-01-30,5,True,3.8,Traction Distribution
TDMS000880,COR02837,NVS,MRL,WR,feeder_fault,A,2025-01-01,2024-12-23,9,True,1.5,Traction Distribution
TDMS000881,COR04240,RPZ,UDZ,NWR,earthing_fault,B,2025-06-26,2025-03-09,109,True,1.1,Traction Distribution
TDMS000882,COR04735,PMQ,JK,NR,ohe_pole_defect,C,2024-03-04,2024-02-17,16,True,1.1,Traction Distribution
TDMS000883,COR01469,TKC,PNB,NFR,insulator_fault,B,2025-01-18,2024-10-19,91,True,2.8,Traction Distribution
TDMS000884,COR00678,BIM,JRS,WR,ohe_pole_defect,C,2024-01-30,2024-01-27,3,True,2.9,Traction Distribution
TDMS000885,COR01859,SJNP,MDPB,NR,insulator_fault,B,2025-12-14,2025-11-27,17,True,4.9,Traction Distribution
TDMS000886,COR01420,BJRI,BRND,SECR,insulator_fault,B,2025-08-01,2025-07-15,17,True,2.2,Traction Distribution
TDMS000887,COR01470,PNB,DGU,NFR,tension_device_fault,C,2024-07-26,2023-10-02,298,True,1.7,Traction Distribution
TDMS000888,COR00610,KDM,TAA,SCR,earthing_fault,B,2024-06-22,2024-04-16,67,True,1.0,Traction Distribution
TDMS000889,COR01809,BTI,SGA,NR,ohe_wire_wear,B,2024-02-29,2023-09-21,161,True,4.9,Traction Distribution
TDMS000890,COR01678,GAR,BNE,WCR,tension_device_fault,C,2025-12-31,2025-12-13,18,True,1.8,Traction Distribution
TDMS000891,COR00614,GLA,DKJ,SCR,ohe_pole_defect,C,2024-04-16,2024-04-08,8,True,1.6,Traction Distribution
TDMS000892,COR01330,NANA,KVJ,NWR,feeder_fault,A,2025-09-21,2024-09-05,381,True,3.8,Traction Distribution
TDMS000893,COR02884,VVB,DSA,NR,ohe_wire_wear,B,2024-12-23,2024-12-04,19,True,2.4,Traction Distribution
TDMS000894,COR03896,SMF,KHV,NR,insulator_fault,B,2024-08-19,2024-07-29,21,True,2.1,Traction Distribution
TDMS000895,COR01703,JKE,PKRD,WCR,tension_device_fault,C,2025-01-20,2025-01-01,19,True,4.1,Traction Distribution
TDMS000896,COR01003,BXP,SZR,NFR,feeder_fault,A,2025-11-03,2025-08-24,71,True,3.3,Traction Distribution
TDMS000897,COR03334,MNS,MHI,NFR,feeder_fault,A,2025-08-31,2025-08-17,14,True,1.7,Traction Distribution
TDMS000898,COR00287,KDK,DGN,CR,ohe_wire_wear,B,2025-06-08,2025-05-28,11,True,3.4,Traction Distribution
TDMS000899,COR01693,ADTL,DOE,WCR,feeder_fault,A,2025-08-01,2025-07-19,13,True,3.7,Traction Distribution
TDMS000900,COR02144,DGPP,MVO,SCR,tension_device_fault,C,2025-12-23,2025-06-08,198,True,2.5,Traction Distribution
TDMS000901,COR03743,MLTR,TUV,SR,ohe_wire_wear,B,2025-07-20,2024-11-30,232,True,1.1,Traction Distribution
TDMS000902,COR00693,VGN,BOR,WR,tension_device_fault,C,2024-06-12,2024-06-12,0,True,3.3,Traction Distribution
TDMS000903,COR02155,GWYR,KTPM,SR,tension_device_fault,C,2024-05-29,2024-05-23,6,True,2.4,Traction Distribution
TDMS000904,COR00151,BDXT,GGN,NR,tension_device_fault,C,2025-03-06,2024-07-31,218,True,1.6,Traction Distribution
TDMS000905,COR01690,KEQ,MML,WCR,ohe_wire_wear,B,2024-02-18,2024-01-08,41,True,2.9,Traction Distribution
TDMS000906,COR01754,JCU,PNGR,WCR,ohe_wire_wear,B,2024-06-04,2024-06-01,3,True,3.6,Traction Distribution
TDMS000907,COR04700,APTA,RSYI,CR,ohe_wire_wear,B,2025-10-23,2025-08-29,55,True,2.6,Traction Distribution
TDMS000908,COR06373,NUD,VRR,WR,earthing_fault,B,2025-07-12,2025-05-20,53,True,3.2,Traction Distribution
TDMS000909,COR00476,NPNR,MWA,CR,tension_device_fault,C,2024-09-23,2024-09-03,20,True,4.3,Traction Distribution
TDMS000910,COR03824,BHGN,JMI,NFR,circuit_breaker_fault,A,2024-04-25,2024-04-17,8,True,2.2,Traction Distribution
TDMS000911,COR04644,BIJR,BYNR,KR,earthing_fault,B,2025-04-20,2025-04-11,9,True,2.2,Traction Distribution
TDMS000912,COR01340,SIM,SZA,NWR,tension_device_fault,C,2025-01-23,2024-12-30,24,True,0.9,Traction Distribution
TDMS000913,COR07468,BOMN,THKU,SWR,feeder_fault,A,2024-09-01,2024-08-16,16,True,3.8,Traction Distribution
TDMS000914,COR04441,LAK,DPL,ECR,tension_device_fault,C,2024-08-02,2024-07-17,16,True,4.6,Traction Distribution
TDMS000915,COR01149,AGL,UNK,SWR,tension_device_fault,C,2025-04-19,2025-04-10,9,True,1.2,Traction Distribution
TDMS000916,COR01675,BKH,JHT,WCR,ohe_pole_defect,C,2025-12-01,2025-10-01,61,True,3.7,Traction Distribution
TDMS000917,COR05015,KYV,NMJ,SR,insulator_fault,B,2025-08-24,2025-08-14,10,True,3.9,Traction Distribution
TDMS000918,COR00675,VDH,ACL,WR,tension_device_fault,C,2024-11-23,2024-10-16,38,True,1.0,Traction Distribution
TDMS000919,COR05689,JRQ,RNQ,ECR,tension_device_fault,C,2025-10-06,2024-06-12,481,True,4.2,Traction Distribution
TDMS000920,COR00092,SOS,BWA,NWR,tension_device_fault,C,2025-10-09,2025-04-19,173,True,1.3,Traction Distribution
TDMS000921,COR00488,HD,CRK,WCR,tension_device_fault,C,2024-03-28,2024-03-20,8,True,1.4,Traction Distribution
TDMS000922,COR01475,JID,AJRE,NFR,ohe_wire_wear,B,2025-04-21,2025-02-09,71,True,0.9,Traction Distribution
TDMS000923,COR00273,PGL,CGO,WCR,ohe_wire_wear,B,2025-01-28,2025-01-11,17,True,1.3,Traction Distribution
TDMS000924,COR05138,PPKD,MWF,ECR,ohe_pole_defect,C,2025-06-01,2025-01-24,128,True,2.6,Traction Distribution
TDMS000925,COR04289,BERO,RKI,SER,ohe_wire_wear,B,2025-08-22,2025-05-15,99,True,4.5,Traction Distribution
TDMS000926,COR00284,BRUD,CAER,WCR,ohe_wire_wear,B,2025-12-11,2025-11-24,17,True,1.3,Traction Distribution
TDMS000927,COR03092,CS,CAN,SR,feeder_fault,A,2024-03-03,2024-01-04,59,True,2.2,Traction Distribution
TDMS000928,COR06807,BDHL,KMNP,NWR,ohe_wire_wear,B,2025-09-08,2025-08-28,11,True,3.2,Traction Distribution
TDMS000929,COR05508,MGM,BTY,ER,insulator_fault,B,2025-08-20,2025-05-21,91,True,4.9,Traction Distribution
TDMS000930,COR04130,PEU,KTU,SR,earthing_fault,B,2025-11-19,2025-10-07,43,True,0.8,Traction Distribution
TDMS000931,COR01633,TTR,BNK,SWR,earthing_fault,B,2024-12-06,2024-11-26,10,True,4.6,Traction Distribution
TDMS000932,COR00055,UMN,JDN,WR,ohe_wire_wear,B,2024-02-15,2024-02-08,7,True,2.7,Traction Distribution
TDMS000933,COR03913,BHRL,PTK,NR,insulator_fault,B,2025-07-06,2025-06-18,18,True,2.0,Traction Distribution
TDMS000934,COR06004,DKBJ,NDH,NWR,earthing_fault,B,2024-12-23,2024-12-18,5,True,4.2,Traction Distribution
TDMS000935,COR02220,MNGT,NHY,SWR,tension_device_fault,C,2025-06-18,2024-09-12,279,True,1.1,Traction Distribution
TDMS000936,COR03885,NNO,MQC,NR,ohe_wire_wear,B,2024-03-04,2024-03-02,2,True,3.6,Traction Distribution
TDMS000937,COR05037,AHU,CIH,NER,ohe_wire_wear,B,2024-02-10,2024-01-21,20,True,0.9,Traction Distribution
TDMS000938,COR04132,TUA,TIR,SR,insulator_fault,B,2024-04-11,2024-03-24,18,True,2.9,Traction Distribution
TDMS000939,COR00154,SMDP,PM,NR,earthing_fault,B,2025-05-24,2025-05-04,20,True,4.8,Traction Distribution
TDMS000940,COR03120,ACH,KURO,NR,insulator_fault,B,2024-05-29,2024-05-24,5,True,4.4,Traction Distribution
TDMS000941,COR04552,GSB,KZX,NR,ohe_wire_wear,B,2024-11-12,2024-08-20,84,True,1.2,Traction Distribution
TDMS000942,COR00677,AML,BIM,WR,tension_device_fault,C,2024-11-14,2024-11-13,1,True,3.1,Traction Distribution
TDMS000943,COR06123,MGKM,TLMR,NFR,tension_device_fault,C,2024-10-04,2024-09-25,9,True,0.7,Traction Distribution
TDMS000944,COR06777,AS,RJS,NWR,earthing_fault,B,2025-03-18,2025-03-12,6,True,2.4,Traction Distribution
TDMS000945,COR03869,CDH,PXR,ER,circuit_breaker_fault,A,2025-09-12,2025-09-01,11,True,1.3,Traction Distribution
TDMS000946,COR02778,THJ,NGL,NR,ohe_wire_wear,B,2025-06-18,2025-04-27,52,True,1.2,Traction Distribution
TDMS000947,COR04646,SHMI,BTJL,KR,tension_device_fault,C,2025-09-12,2025-08-24,19,True,0.9,Traction Distribution
TDMS000948,COR05435,PKM,KAY,SR,insulator_fault,B,2024-09-05,2024-09-03,2,True,1.5,Traction Distribution
TDMS000949,COR02380,SR,LPR,WR,insulator_fault,B,2024-08-21,2024-08-01,20,True,0.6,Traction Distribution
TDMS000950,COR00261,BKH,PPI,WCR,ohe_pole_defect,C,2025-08-24,2025-08-04,20,True,3.8,Traction Distribution
TDMS000951,COR04082,CHRG,IDR,SWR,ohe_wire_wear,B,2024-08-13,2024-06-21,53,True,1.8,Traction Distribution
TDMS000952,COR04502,SRMN,GQN,ECR,circuit_breaker_fault,A,2025-11-09,2025-10-22,18,True,1.7,Traction Distribution
TDMS000953,COR06353,GOD,JGW,NR,circuit_breaker_fault,A,2024-11-11,2024-10-31,11,True,4.2,Traction Distribution
TDMS000954,COR01694,DOE,GSPR,WCR,tension_device_fault,C,2025-04-16,2025-03-31,16,True,2.0,Traction Distribution
TDMS000955,COR01356,JDN,UMN,WR,feeder_fault,A,2024-03-15,2023-12-13,93,True,4.3,Traction Distribution
TDMS000956,COR04419,DWR,KRKP,SWR,ohe_pole_defect,C,2025-12-31,2025-12-11,20,True,3.1,Traction Distribution
TDMS000957,COR01263,MTPR,NNGL,NR,ohe_wire_wear,B,2024-11-09,2024-11-05,4,True,3.6,Traction Distribution
TDMS000958,COR02967,BFR,KZE,SR,ohe_pole_defect,C,2024-12-27,2024-10-04,84,True,0.6,Traction Distribution
TDMS000959,COR02322,BKF,GAH,ECR,ohe_pole_defect,C,2025-07-20,2025-07-13,7,True,0.8,Traction Distribution
TDMS000960,COR01009,DMV,RXRX,NFR,insulator_fault,B,2024-12-28,2024-09-09,110,True,2.4,Traction Distribution
TDMS000961,COR06667,GTP,MQW,NER,insulator_fault,B,2025-11-13,2025-10-30,14,True,2.6,Traction Distribution
TDMS000962,COR04177,SFM,CJL,NR,ohe_wire_wear,B,2025-01-30,2025-01-14,16,True,2.5,Traction Distribution
TDMS000963,COR00691,GVD,DRD,WR,circuit_breaker_fault,A,2025-03-18,2025-03-08,10,True,3.6,Traction Distribution
TDMS000964,COR00687,BLD,SJN,WR,ohe_wire_wear,B,2024-11-18,2024-11-09,9,True,0.8,Traction Distribution
TDMS000965,COR01725,MJHR,SRJ,NCR,insulator_fault,B,2024-03-06,2023-11-28,99,True,2.0,Traction Distribution
TDMS000966,COR02104,CLI,RNR,SWR,circuit_breaker_fault,A,2025-03-26,2025-02-15,39,True,1.5,Traction Distribution
TDMS000967,COR03652,OTR,GDV,SCR,ohe_pole_defect,C,2024-07-10,2024-02-13,148,True,1.0,Traction Distribution
TDMS000968,COR00594,AWS,VKNR,ECR,feeder_fault,A,2025-06-18,2025-05-30,19,True,4.6,Traction Distribution
TDMS000969,COR05025,APE,NGT,SR,ohe_wire_wear,B,2024-05-20,2024-03-04,77,True,1.2,Traction Distribution
TDMS000970,COR00475,CDI,NPNR,CR,ohe_wire_wear,B,2024-05-25,2023-09-16,252,True,3.3,Traction Distribution
TDMS000971,COR00217,BQF,MKD,WCR,feeder_fault,A,2024-09-01,2024-08-28,4,True,0.6,Traction Distribution
TDMS000972,COR04405,MGRP,HRDR,NR,ohe_wire_wear,B,2025-04-25,2025-04-25,0,True,4.9,Traction Distribution
TDMS000973,COR00747,SDT,MHO,NER,ohe_wire_wear,B,2024-10-07,2023-07-17,448,True,1.7,Traction Distribution
TDMS000974,COR00984,LXA,MUGN,NFR,ohe_wire_wear,B,2025-11-09,2025-11-03,6,True,4.2,Traction Distribution
TDMS000975,COR05175,CKH,BELA,ECR,tension_device_fault,C,2025-01-01,2024-12-04,28,True,2.0,Traction Distribution
TDMS000976,COR04537,SMBX,GHGL,NR,tension_device_fault,C,2024-07-03,2024-06-19,14,True,4.4,Traction Distribution
TDMS000977,COR04247,NNGL,MTPR,NR,earthing_fault,B,2024-11-09,2024-09-17,53,True,3.3,Traction Distribution
TDMS000978,COR00208,LOG,SRJ,NCR,tension_device_fault,C,2024-06-14,2024-02-25,110,True,4.1,Traction Distribution
TDMS000979,COR00683,PAD,UVD,WR,ohe_pole_defect,C,2024-12-23,2024-11-21,32,True,1.4,Traction Distribution
TDMS000980,COR03349,UCP,VTV,SR,tension_device_fault,C,2024-08-09,2023-03-10,518,True,1.6,Traction Distribution
TDMS000981,COR04421,MGD,KBI,SWR,ohe_wire_wear,B,2025-01-19,2025-01-16,3,True,1.3,Traction Distribution
TDMS000982,COR03084,BDJ,NAU,SR,insulator_fault,B,2025-06-10,2025-05-23,18,True,0.7,Traction Distribution
TDMS000983,COR02400,BLWR,RJT,WR,ohe_wire_wear,B,2024-08-16,2024-08-14,2,True,3.5,Traction Distribution
TDMS000984,COR04327,AZP,PVL,SR,ohe_pole_defect,C,2024-11-10,2024-11-09,1,True,0.7,Traction Distribution
TDMS000985,COR04689,KFD,SAPE,KR,ohe_wire_wear,B,2024-07-20,2024-07-01,19,True,0.5,Traction Distribution
TDMS000986,COR04949,RAJP,VBW,KR,ohe_wire_wear,B,2025-06-09,2025-04-20,50,True,3.5,Traction Distribution
TDMS000987,COR04519,GED,BDM,SWR,tension_device_fault,C,2025-01-12,2023-09-11,489,True,4.5,Traction Distribution
TDMS000988,COR00758,DKZ,DEE,NR,tension_device_fault,C,2025-10-19,2025-10-05,14,True,4.6,Traction Distribution
TDMS000989,COR02033,JI,DRGJ,NER,ohe_wire_wear,B,2024-12-12,2024-11-25,17,True,2.5,Traction Distribution
TDMS000990,COR00470,NB,RV,CR,ohe_pole_defect,C,2024-08-07,2024-08-01,6,True,1.3,Traction Distribution
TDMS000991,COR01694,DOE,GSPR,WCR,earthing_fault,B,2025-08-14,2025-08-03,11,True,3.0,Traction Distribution
TDMS000992,COR02833,BIM,AML,WR,ohe_wire_wear,B,2024-01-15,2023-12-26,20,True,1.1,Traction Distribution
TDMS000993,COR04137,KN,FK,SR,earthing_fault,B,2025-06-23,2025-05-28,26,True,0.9,Traction Distribution
TDMS000994,COR01403,LP,MMH,SR,insulator_fault,B,2024-06-30,2023-07-23,343,True,1.1,Traction Distribution
TDMS000995,COR02814,KLV,PLG,WR,insulator_fault,B,2024-04-22,2023-10-31,174,True,4.8,Traction Distribution
TDMS000996,COR02444,MHTR,SALE,ER,feeder_fault,A,2024-03-26,2024-01-05,81,True,1.4,Traction Distribution
TDMS000997,COR00763,DEC,PM,NR,ohe_wire_wear,B,2024-04-11,2024-03-23,19,True,3.7,Traction Distribution
TDMS000998,COR03810,MARD,MAX,SR,earthing_fault,B,2024-02-22,2022-07-24,578,True,5.0,Traction Distribution
TDMS000999,COR00638,DRSN,MZH,SECR,earthing_fault,B,2024-03-14,2022-10-03,528,True,4.3,Traction Distribution
TDMS001000,COR03324,PLA,BLDK,WR,ohe_wire_wear,B,2025-06-10,2025-04-16,55,True,2.5,Traction Distribution
TDMS001001,COR04544,MDPB,SJNP,NR,insulator_fault,B,2024-03-16,2023-12-27,80,True,0.8,Traction Distribution
TDMS001002,COR05180,JHD,NDU,ECR,earthing_fault,B,2024-07-22,2024-05-31,52,True,3.4,Traction Distribution
TDMS001003,COR04159,KMQ,UAA,SR,ohe_wire_wear,B,2025-02-11,2023-11-27,442,True,5.0,Traction Distribution
TDMS001004,COR01669,SQL,BGTA,WCR,feeder_fault,A,2025-01-14,2024-12-26,19,True,2.4,Traction Distribution
TDMS001005,COR05274,TGU,UPL,SCR,tension_device_fault,C,2024-03-26,2023-12-07,110,True,4.6,Traction Distribution
TDMS001006,COR08188,RSJ,BDWS,WCR,ohe_wire_wear,B,2024-01-28,2023-12-19,40,True,3.3,Traction Distribution
TDMS001007,COR00064,CHP,UM,WR,ohe_wire_wear,B,2025-03-18,2025-01-02,75,True,2.6,Traction Distribution
TDMS001008,COR01471,DGU,TTLA,NFR,tension_device_fault,C,2025-05-04,2025-03-21,44,True,1.5,Traction Distribution
TDMS001009,COR02189,GNJ,KNP,SWR,tension_device_fault,C,2025-12-02,2025-09-15,78,True,4.7,Traction Distribution
TDMS001010,COR05628,SK,SALI,NWR,earthing_fault,B,2025-06-17,2025-06-06,11,True,4.4,Traction Distribution
TDMS001011,COR03932,BCT,MX,WR,insulator_fault,B,2025-06-13,2025-05-24,20,True,2.0,Traction Distribution
TDMS001012,COR01766,GGC,LRU,WCR,insulator_fault,B,2024-08-21,2023-04-30,479,True,3.4,Traction Distribution
TDMS001013,COR01672,SGP,SXF,WCR,insulator_fault,B,2025-07-04,2025-06-27,7,True,4.1,Traction Distribution
TDMS001014,COR03722,NLN,DPU,NFR,ohe_wire_wear,B,2024-04-15,2023-08-10,249,True,3.9,Traction Distribution
TDMS001015,COR00507,SMP,ORDI,WR,ohe_wire_wear,B,2025-11-16,2024-09-07,435,True,4.7,Traction Distribution
TDMS001016,COR00365,VTJ,NROD,WR,tension_device_fault,C,2025-03-04,2025-02-16,16,True,1.3,Traction Distribution
TDMS001017,COR00384,KDQ,SRNT,NER,earthing_fault,B,2025-09-10,2025-08-30,11,True,2.4,Traction Distribution
TDMS001018,COR02279,BRMO,JAN,ECR,feeder_fault,A,2025-05-23,2025-05-11,12,True,3.2,Traction Distribution
TDMS001019,COR02090,AJP,SHV,SWR,ohe_wire_wear,B,2025-06-08,2025-04-29,40,True,4.0,Traction Distribution
TDMS001020,COR02373,LTA,CRN,SECR,insulator_fault,B,2025-01-08,2024-09-27,103,True,3.5,Traction Distribution
TDMS001021,COR02820,GVD,BRRD,WR,ohe_wire_wear,B,2024-08-18,2024-08-18,0,True,4.6,Traction Distribution
TDMS001022,COR05633,LR,MD,NWR,ohe_wire_wear,B,2024-05-18,2024-04-30,18,True,4.5,Traction Distribution
TDMS001023,COR03054,NRK,GDN,SR,insulator_fault,B,2024-03-01,2024-01-15,46,True,1.3,Traction Distribution
TDMS001024,COR01942,SVD,J,SCR,earthing_fault,B,2025-08-23,2025-06-20,64,True,3.1,Traction Distribution
TDMS001025,COR03779,TUD,NAB,SECR,earthing_fault,B,2024-07-24,2024-06-28,26,True,1.5,Traction Distribution
TDMS001026,COR02898,VRLR,ERL,SR,earthing_fault,B,2024-08-01,2024-07-16,16,True,4.3,Traction Distribution
TDMS001027,COR05132,KKL,AWL,NR,ohe_pole_defect,C,2025-12-16,2025-10-04,73,True,3.8,Traction Distribution
TDMS001028,COR04957,MADR,PERN,KR,insulator_fault,B,2024-11-22,2024-11-21,1,True,0.9,Traction Distribution
TDMS001029,COR01709,LGCE,STA,WCR,tension_device_fault,C,2024-01-02,2023-12-26,7,True,1.5,Traction Distribution
TDMS001030,COR02884,VVB,DSA,NR,earthing_fault,B,2025-12-18,2025-12-17,1,True,4.9,Traction Distribution
TDMS001031,COR00675,VDH,ACL,WR,earthing_fault,B,2024-11-13,2024-09-27,47,True,1.2,Traction Distribution
TDMS001032,COR02621,MBB,CSZ,ER,tension_device_fault,C,2025-07-20,2025-06-17,33,True,3.5,Traction Distribution
TDMS001033,COR00592,KPB,BUG,ECR,insulator_fault,B,2024-12-13,2024-12-01,12,True,0.6,Traction Distribution
TDMS001034,COR02812,VTN,SAH,WR,circuit_breaker_fault,A,2025-01-03,2024-12-25,9,True,2.1,Traction Distribution
TDMS001035,COR02834,AML,ACL,WR,circuit_breaker_fault,A,2025-02-12,2025-02-06,6,True,4.3,Traction Distribution
TDMS001036,COR01144,KBI,MGD,SWR,insulator_fault,B,2024-11-10,2024-08-20,82,True,1.6,Traction Distribution
TDMS001037,COR02103,HRR,CLI,SWR,feeder_fault,A,2024-09-08,2024-08-19,20,True,1.2,Traction Distribution
TDMS001038,COR00691,GVD,DRD,WR,ohe_wire_wear,B,2025-01-23,2024-10-18,97,True,0.7,Traction Distribution
TDMS001039,COR05023,KVL,SKK,SR,ohe_wire_wear,B,2024-04-02,2024-02-26,36,True,1.2,Traction Distribution
TDMS001040,COR06818,APJ,NNL,NWR,feeder_fault,A,2025-04-30,2025-04-24,6,True,3.1,Traction Distribution
TDMS001041,COR04216,BBA,BHKL,NR,ohe_wire_wear,B,2024-07-23,2023-11-01,265,True,1.4,Traction Distribution
TDMS001042,COR02076,GBB,NTR,SWR,ohe_wire_wear,B,2025-04-07,2024-01-10,453,True,1.9,Traction Distribution
TDMS001043,COR00161,DLI,DSA,NR,earthing_fault,B,2025-05-10,2025-05-05,5,True,2.4,Traction Distribution
TDMS001044,COR02633,SVH,BTY,ER,ohe_pole_defect,C,2025-11-03,2025-09-29,35,True,2.4,Traction Distribution
TDMS001045,COR00495,DKI,KTZ,WCR,tension_device_fault,C,2024-09-15,2024-06-24,83,True,5.0,Traction Distribution
TDMS001046,COR08084,AON,TKHA,NCR,insulator_fault,B,2025-05-01,2025-04-17,14,True,2.7,Traction Distribution
TDMS001047,COR07402,BPM,AHQ,NR,ohe_pole_defect,C,2024-02-15,2024-02-12,3,True,3.6,Traction Distribution
TDMS001048,COR00275,TBN,CRK,WCR,insulator_fault,B,2025-07-26,2025-05-05,82,True,2.5,Traction Distribution
TDMS001049,COR00236,SNRR,SBD,WCR,insulator_fault,B,2024-09-23,2023-09-24,365,True,3.5,Traction Distribution
TDMS001050,COR05034,BMJ,UB,NER,feeder_fault,A,2025-01-27,2024-12-27,31,True,1.2,Traction Distribution
TDMS001051,COR06268,RRS,NHF,NR,feeder_fault,A,2025-01-23,2025-01-10,13,True,4.4,Traction Distribution
TDMS001052,COR02974,MAHE,MUKE,SR,circuit_breaker_fault,A,2024-10-19,2024-10-09,10,True,0.8,Traction Distribution
TDMS001053,COR04483,MBA,BPRA,NCR,ohe_wire_wear,B,2024-06-02,2024-03-18,76,True,1.8,Traction Distribution
TDMS001054,COR01510,MRJ,JSP,CR,earthing_fault,B,2025-02-19,2023-09-07,531,True,3.0,Traction Distribution
TDMS001055,COR06703,VJK,RUR,WR,ohe_wire_wear,B,2025-02-23,2024-05-21,278,True,1.0,Traction Distribution
TDMS001056,COR01183,BVQ,KOV,CR,insulator_fault,B,2024-04-24,2024-04-22,2,True,4.1,Traction Distribution
TDMS001057,COR02161,PRGD,VLCY,SR,insulator_fault,B,2025-06-11,2025-04-04,68,True,1.5,Traction Distribution
TDMS001058,COR02810,NSP,VR,WR,ohe_pole_defect,C,2025-03-26,2025-03-15,11,True,0.6,Traction Distribution
TDMS001059,COR05708,BIB,KAKN,NCR,tension_device_fault,C,2025-12-23,2025-12-19,4,True,3.2,Traction Distribution
TDMS001060,COR07125,SPR,NRPR,ER,feeder_fault,A,2025-06-02,2025-06-02,0,True,2.0,Traction Distribution
TDMS001061,COR01106,MVP,MDVL,SCR,ohe_pole_defect,C,2024-11-02,2024-10-20,13,True,4.8,Traction Distribution
TDMS001062,COR02822,UBR,SJN,WR,feeder_fault,A,2025-05-10,2023-12-03,524,True,3.1,Traction Distribution
TDMS001063,COR03691,MDN,BUTA,SER,feeder_fault,A,2025-07-07,2025-06-24,13,True,3.0,Traction Distribution
TDMS001064,COR00691,GVD,DRD,WR,earthing_fault,B,2024-10-03,2024-06-12,113,True,4.3,Traction Distribution
TDMS001065,COR00290,CDI,AGQ,CR,tension_device_fault,C,2025-03-24,2025-03-13,11,True,3.7,Traction Distribution
TDMS001066,COR01735,KDF,RMGJ,NR,circuit_breaker_fault,A,2025-08-27,2025-08-10,17,True,1.9,Traction Distribution
TDMS001067,COR00114,SDH,DOZ,NWR,earthing_fault,B,2025-12-03,2025-09-30,64,True,0.9,Traction Distribution
TDMS001068,COR05896,PJH,BNG,WR,tension_device_fault,C,2024-09-21,2024-09-09,12,True,2.6,Traction Distribution
TDMS001069,COR02190,KNP,IDJ,SWR,tension_device_fault,C,2024-07-29,2024-04-26,94,True,3.7,Traction Distribution
TDMS001070,COR05122,RMJK,MNWL,NR,earthing_fault,B,2025-04-13,2025-04-10,3,True,2.6,Traction Distribution
TDMS001071,COR00224,SAGM,STA,WCR,tension_device_fault,C,2025-09-24,2025-09-21,3,True,1.6,Traction Distribution
TDMS001072,COR00166,BBW,CPJ,NER,ohe_wire_wear,B,2024-10-12,2023-05-03,528,True,1.9,Traction Distribution
TDMS001073,COR00256,KFY,BNE,WCR,earthing_fault,B,2024-11-11,2024-11-02,9,True,0.5,Traction Distribution
TDMS001074,COR04542,BDHY,KTHU,NR,tension_device_fault,C,2024-05-13,2024-05-09,4,True,1.9,Traction Distribution
TDMS001075,COR00579,MKI,BMKI,ECR,ohe_wire_wear,B,2024-12-26,2024-12-25,1,True,2.3,Traction Distribution
TDMS001076,COR02826,VAPI,UVD,WR,ohe_pole_defect,C,2024-11-22,2024-10-30,23,True,3.4,Traction Distribution
TDMS001077,COR00226,LGCE,UHR,WCR,ohe_wire_wear,B,2024-01-30,2024-01-29,1,True,2.3,Traction Distribution
TDMS001078,COR02803,KILE,BVI,WR,ohe_wire_wear,B,2024-07-24,2024-05-14,71,True,3.1,Traction Distribution
TDMS001079,COR01485,DHRY,LKA,NFR,insulator_fault,B,2024-05-28,2024-05-23,5,True,2.3,Traction Distribution
TDMS001080,COR06396,MBS,KFK,NER,circuit_breaker_fault,A,2025-01-14,2024-12-31,14,True,4.9,Traction Distribution
TDMS001081,COR02075,MLSA,GBB,SWR,ohe_wire_wear,B,2025-08-09,2025-08-07,2,True,0.5,Traction Distribution
TDMS001082,COR00157,KRTN,PTNR,NR,earthing_fault,B,2025-09-06,2025-08-23,14,True,3.8,Traction Distribution
TDMS001083,COR01300,MLI,LNA,NWR,earthing_fault,B,2025-01-16,2025-01-14,2,True,2.8,Traction Distribution
TDMS001084,COR02388,RA,VD,WR,tension_device_fault,C,2025-06-02,2025-05-22,11,True,4.3,Traction Distribution
TDMS001085,COR03771,SG,PRSP,NER,ohe_pole_defect,C,2025-10-28,2025-09-30,28,True,3.5,Traction Distribution
TDMS001086,COR00671,BHET,SCH,WR,feeder_fault,A,2024-05-05,2024-04-19,16,True,3.4,Traction Distribution
TDMS001087,COR01111,CKV,UNDI,SCR,feeder_fault,A,2025-02-16,2025-01-22,25,True,2.1,Traction Distribution
TDMS001088,COR01926,GNH,DNDI,SCR,ohe_wire_wear,B,2025-07-04,2025-06-29,5,True,2.0,Traction Distribution
TDMS001089,COR01478,TGE,CPK,NFR,ohe_wire_wear,B,2024-05-14,2024-04-24,20,True,2.8,Traction Distribution
TDMS001090,COR01816,BHT,ADR,NWR,feeder_fault,A,2024-06-26,2024-05-31,26,True,1.4,Traction Distribution
TDMS001091,COR00673,MRL,NVS,WR,earthing_fault,B,2025-07-19,2025-07-15,4,True,4.0,Traction Distribution
TDMS001092,COR01944,BDU,KMV,SCR,circuit_breaker_fault,A,2025-04-15,2025-03-28,18,True,0.6,Traction Distribution
TDMS001093,COR03079,QLD,VEK,SR,insulator_fault,B,2024-12-17,2024-12-16,1,True,4.6,Traction Distribution
TDMS001094,COR00476,NPNR,MWA,CR,ohe_wire_wear,B,2025-10-18,2025-10-07,11,True,0.7,Traction Distribution
TDMS001095,COR01710,STA,SAGM,WCR,earthing_fault,B,2025-02-11,2025-01-28,14,True,3.2,Traction Distribution
TDMS001096,COR04650,MANK,HNA,KR,tension_device_fault,C,2024-05-07,2024-03-23,45,True,1.0,Traction Distribution
TDMS001097,COR01179,VRB,SLI,CR,ohe_wire_wear,B,2025-01-31,2024-11-02,90,True,4.1,Traction Distribution
TDMS001098,COR03442,DKWA,HYL,NWR,tension_device_fault,C,2025-06-26,2025-06-13,13,True,3.2,Traction Distribution
TDMS001099,COR01437,LKN,DPL,ECR,ohe_wire_wear,B,2025-01-11,2024-12-26,16,True,1.5,Traction Distribution
TDMS001100,COR01867,SMBX,VJPJ,NR,ohe_wire_wear,B,2024-09-20,2024-09-08,12,True,1.3,Traction Distribution
TDMS001101,COR04292,MDKD,DMA,SER,tension_device_fault,C,2025-02-11,2025-02-02,9,True,3.6,Traction Distribution
TDMS001102,COR00259,SCKR,JHT,WCR,ohe_wire_wear,B,2024-11-23,2024-09-06,78,True,3.6,Traction Distribution
TDMS001103,COR02400,BLWR,RJT,WR,ohe_wire_wear,B,2024-08-30,2024-06-17,74,True,5.0,Traction Distribution
TDMS001104,COR04596,DPRA,RGJI,NFR,ohe_wire_wear,B,2025-12-31,2025-12-16,15,True,3.9,Traction Distribution
TDMS001105,COR03473,KID,BNDA,NCR,tension_device_fault,C,2025-07-18,2025-07-06,12,True,1.1,Traction Distribution
TDMS001106,COR05876,GZS,FDK,NR,circuit_breaker_fault,A,2024-08-30,2024-06-05,86,True,2.6,Traction Distribution
TDMS001107,COR01520,CSTM,MSD,CR,insulator_fault,B,2025-10-20,2025-10-18,2,True,3.3,Traction Distribution
TDMS001108,COR00175,AWS,BUG,ECR,ohe_pole_defect,C,2024-03-24,2024-03-14,10,True,3.1,Traction Distribution
TDMS001109,COR01612,HNH,KAG,SWR,ohe_wire_wear,B,2024-10-26,2024-10-11,15,True,2.4,Traction Distribution
TDMS001110,COR08029,CTL,LDU,WR,ohe_wire_wear,B,2025-07-08,2025-05-10,59,True,1.4,Traction Distribution
TDMS001111,COR03260,DNHK,FSP,WCR,ohe_wire_wear,B,2025-02-14,2025-02-14,0,True,1.9,Traction Distribution
TDMS001112,COR00778,KNGT,BWL,NWR,insulator_fault,B,2025-08-31,2024-02-26,552,True,3.7,Traction Distribution
TDMS001113,COR01473,KKET,BRHU,NFR,tension_device_fault,C,2024-01-14,2024-01-06,8,True,1.0,Traction Distribution
TDMS001114,COR02388,RA,VD,WR,ohe_pole_defect,C,2025-07-26,2025-04-20,97,True,4.8,Traction Distribution
TDMS001115,COR05787,RUJ,PTN,WR,earthing_fault,B,2025-06-17,2025-06-08,9,True,4.5,Traction Distribution
TDMS001116,COR00050,PN,JUL,WR,feeder_fault,A,2024-05-20,2024-02-04,106,True,4.7,Traction Distribution
TDMS001117,COR00544,ELM,PAZ,SR,ohe_pole_defect,C,2024-10-27,2024-10-12,15,True,3.4,Traction Distribution
TDMS001118,COR05501,RS,MT,NER,ohe_wire_wear,B,2025-10-29,2025-10-24,5,True,3.3,Traction Distribution
TDMS001119,COR03121,SGPA,SAPT,ER,insulator_fault,B,2024-12-02,2024-08-21,103,True,0.9,Traction Distribution
TDMS001120,COR06641,SJJ,TKLE,ER,insulator_fault,B,2025-01-20,2024-09-05,137,True,2.8,Traction Distribution
TDMS001121,COR06396,MBS,KFK,NER,earthing_fault,B,2024-01-15,2023-12-19,27,True,3.9,Traction Distribution
TDMS001122,COR00025,SDD,AXA,WR,feeder_fault,A,2025-08-09,2025-08-06,3,True,3.2,Traction Distribution
TDMS001123,COR06609,NRNR,KXK,NR,ohe_wire_wear,B,2024-03-09,2024-02-04,34,True,3.9,Traction Distribution
TDMS001124,COR04957,MADR,PERN,KR,circuit_breaker_fault,A,2025-06-18,2025-05-10,39,True,1.3,Traction Distribution
TDMS001125,COR03653,GDV,DPD,SCR,circuit_breaker_fault,A,2024-10-14,2024-10-02,12,True,1.0,Traction Distribution
TDMS001126,COR02834,AML,ACL,WR,tension_device_fault,C,2025-08-18,2025-08-11,7,True,5.0,Traction Distribution
TDMS001127,COR04650,MANK,HNA,KR,circuit_breaker_fault,A,2025-05-05,2025-04-16,19,True,3.9,Traction Distribution
TDMS001128,COR04616,SGUJ,SGUT,NFR,ohe_wire_wear,B,2024-06-26,2024-06-22,4,True,0.9,Traction Distribution
TDMS001129,COR04978,AJN,BLDK,WR,ohe_pole_defect,C,2025-11-03,2025-11-01,2,True,1.2,Traction Distribution
TDMS001130,COR02838,MRL,SCH,WR,tension_device_fault,C,2024-12-23,2024-09-05,109,True,4.6,Traction Distribution
TDMS001131,COR01666,SLON,JKB,NFR,insulator_fault,B,2025-06-30,2025-04-14,77,True,2.9,Traction Distribution
TDMS001132,COR01669,SQL,BGTA,WCR,ohe_pole_defect,C,2024-10-05,2024-08-08,58,True,2.5,Traction Distribution
TDMS001133,COR03348,PPVL,UCP,SR,ohe_wire_wear,B,2024-05-15,2024-05-12,3,True,0.6,Traction Distribution
TDMS001134,COR07792,BUB,CUR,NWR,tension_device_fault,C,2024-01-06,2023-12-27,10,True,3.1,Traction Distribution
TDMS001135,COR00052,GUS,DNW,WR,ohe_wire_wear,B,2024-01-04,2023-11-17,48,True,2.2,Traction Distribution
TDMS001136,COR06474,GOPG,MJV,NER,insulator_fault,B,2024-10-11,2024-10-05,6,True,1.7,Traction Distribution
TDMS001137,COR01387,TJ,ALK,SR,earthing_fault,B,2024-04-09,2022-10-27,530,True,4.1,Traction Distribution
TDMS001138,COR00545,PAZ,KPQ,SR,ohe_pole_defect,C,2025-03-11,2025-01-24,46,True,4.7,Traction Distribution
TDMS001139,COR00096,MJ,DRS,NWR,ohe_pole_defect,C,2024-07-04,2024-06-18,16,True,2.6,Traction Distribution
TDMS001140,COR02839,SCH,BHET,WR,ohe_wire_wear,B,2025-12-01,2025-11-26,5,True,4.2,Traction Distribution
TDMS001141,COR00038,SUNR,BLRD,WR,circuit_breaker_fault,A,2025-03-08,2025-02-26,10,True,3.0,Traction Distribution
TDMS001142,COR02631,PCX,DEB,ER,tension_device_fault,C,2024-06-11,2024-04-08,64,True,3.1,Traction Distribution
TDMS001143,COR00284,BRUD,CAER,WCR,ohe_wire_wear,B,2024-03-09,2024-02-19,19,True,2.4,Traction Distribution
TDMS001144,COR05408,SRJM,IBL,SER,feeder_fault,A,2024-05-25,2024-05-19,6,True,5.0,Traction Distribution
TDMS001145,COR02623,BPC,NBPH,ER,tension_device_fault,C,2024-01-07,2023-12-27,11,True,3.0,Traction Distribution
TDMS001146,COR03560,ANR,GRB,SER,ohe_wire_wear,B,2025-04-25,2025-03-25,31,True,0.7,Traction Distribution
TDMS001147,COR01953,RGO,TR,SCR,insulator_fault,B,2025-07-27,2025-07-07,20,True,0.9,Traction Distribution
TDMS001148,COR00191,JDR,PPA,ECR,ohe_wire_wear,B,2024-07-10,2024-07-08,2,True,1.6,Traction Distribution
TDMS001149,COR00681,BL,ATUL,WR,ohe_pole_defect,C,2025-08-06,2024-02-01,552,True,4.7,Traction Distribution
TDMS001150,COR01589,KFA,DHT,ECR,feeder_fault,A,2025-06-02,2025-03-18,76,True,1.2,Traction Distribution
TDMS001151,COR05068,DKM,LHL,NFR,ohe_pole_defect,C,2025-03-30,2025-03-29,1,True,1.1,Traction Distribution
TDMS001152,COR07526,DHNA,KAU,NFR,feeder_fault,A,2025-09-08,2024-06-26,439,True,3.1,Traction Distribution
TDMS001153,COR02824,BLD,KEB,WR,tension_device_fault,C,2024-05-14,2024-03-01,74,True,4.3,Traction Distribution
TDMS001154,COR01527,TR,RGO,SCR,tension_device_fault,C,2024-05-23,2024-05-08,15,True,2.8,Traction Distribution
TDMS001155,COR00770,PT,TJNR,NR,ohe_wire_wear,B,2024-06-24,2024-06-14,10,True,1.4,Traction Distribution
TDMS001156,COR00700,MGI,LNO,ECR,ohe_wire_wear,B,2025-06-12,2023-12-20,540,True,4.9,Traction Distribution
TDMS001157,COR01850,UCB,MEX,NR,ohe_pole_defect,C,2025-12-25,2025-10-04,82,True,2.7,Traction Distribution
TDMS001158,COR03883,SSB,MGLP,NR,ohe_wire_wear,B,2025-07-15,2025-05-23,53,True,4.0,Traction Distribution
TDMS001159,COR04550,UCB,DZA,NR,earthing_fault,B,2024-09-05,2024-08-31,5,True,4.0,Traction Distribution
TDMS001160,COR04474,CGON,MRZA,NFR,ohe_wire_wear,B,2025-04-14,2025-01-09,95,True,4.4,Traction Distribution
TDMS001161,COR02951,PARD,NED,SCR,earthing_fault,B,2025-03-21,2025-03-20,1,True,3.3,Traction Distribution
TDMS001162,COR03890,ROHN,SPZ,NR,earthing_fault,B,2025-04-04,2025-04-01,3,True,4.5,Traction Distribution
TDMS001163,COR01302,KRW,PPF,NWR,insulator_fault,B,2025-07-08,2025-06-26,12,True,1.9,Traction Distribution
TDMS001164,COR01883,BKL,NVC,SCR,ohe_wire_wear,B,2024-04-16,2024-01-28,79,True,1.9,Traction Distribution
TDMS001165,COR08509,LSD,SJS,NWR,tension_device_fault,C,2025-01-16,2023-11-10,433,True,0.9,Traction Distribution
TDMS001166,COR04951,NAN,KKW,KR,feeder_fault,A,2024-06-21,2024-03-30,83,True,1.7,Traction Distribution
TDMS001167,COR00024,KNKT,SDD,WR,insulator_fault,B,2024-05-29,2024-05-15,14,True,3.4,Traction Distribution
TDMS001168,COR04906,MYA,Y,SWR,ohe_wire_wear,B,2024-07-25,2023-02-25,516,True,2.2,Traction Distribution
TDMS001169,COR01155,SNRD,MSD,CR,ohe_wire_wear,B,2024-11-04,2024-08-21,75,True,2.9,Traction Distribution
TDMS001170,COR05733,CUD,CUPJ,SR,feeder_fault,A,2024-12-14,2024-11-12,32,True,1.3,Traction Distribution
TDMS001171,COR01685,KKB,SRID,WCR,feeder_fault,A,2024-07-28,2024-07-28,0,True,1.4,Traction Distribution
TDMS001172,COR05591,SMTG,TMZ,SER,ohe_wire_wear,B,2024-06-20,2024-06-08,12,True,3.1,Traction Distribution
TDMS001173,COR03044,MPLM,KRR,SR,ohe_wire_wear,B,2024-03-19,2024-03-18,1,True,3.9,Traction Distribution
TDMS001174,COR00487,PAL,HD,WCR,insulator_fault,B,2024-06-23,2024-03-01,114,True,2.3,Traction Distribution
TDMS001175,COR01674,PPI,BKH,WCR,ohe_wire_wear,B,2024-01-30,2023-11-07,84,True,0.9,Traction Distribution
TDMS001176,COR04102,GDB,BHX,NR,earthing_fault,B,2024-06-23,2024-06-16,7,True,5.0,Traction Distribution
TDMS001177,COR02855,BNP,BNA,SWR,ohe_pole_defect,C,2024-10-06,2024-06-13,115,True,3.7,Traction Distribution
TDMS001178,COR05212,DSM,KMU,SR,feeder_fault,A,2025-02-25,2025-02-12,13,True,3.6,Traction Distribution
TDMS001179,COR02864,HBS,KUG,SWR,earthing_fault,B,2024-12-15,2024-11-08,37,True,0.8,Traction Distribution
TDMS001180,COR01771,MXL,RNT,WCR,ohe_pole_defect,C,2024-08-08,2024-08-06,2,True,1.3,Traction Distribution
TDMS001181,COR05207,AZP,PDV,SR,ohe_pole_defect,C,2024-04-20,2024-01-28,83,True,0.9,Traction Distribution
TDMS001182,COR01397,EL,PGN,SR,insulator_fault,B,2025-07-30,2025-05-17,74,True,4.8,Traction Distribution
TDMS001183,COR01781,BVR,VNR,SWR,earthing_fault,B,2024-03-27,2023-12-15,103,True,1.4,Traction Distribution
TDMS001184,COR00636,KTMA,HRV,SECR,earthing_fault,B,2025-06-14,2024-05-05,405,True,2.6,Traction Distribution
TDMS001185,COR00954,TDPR,VKP,SR,tension_device_fault,C,2024-11-26,2024-10-06,51,True,1.0,Traction Distribution
TDMS001186,COR01699,SNRR,NWR,WCR,ohe_wire_wear,B,2024-10-16,2024-09-01,45,True,4.2,Traction Distribution
TDMS001187,COR01878,GNN,YP,SCR,ohe_wire_wear,B,2024-07-28,2024-05-18,71,True,1.4,Traction Distribution
TDMS001188,COR04172,HMI,DUI,NR,ohe_wire_wear,B,2025-10-31,2025-10-18,13,True,2.1,Traction Distribution
TDMS001189,COR02398,KNKT,KHC,WR,ohe_wire_wear,B,2024-01-07,2023-12-17,21,True,3.1,Traction Distribution
TDMS001190,COR01063,NLBR,KXJ,NFR,ohe_wire_wear,B,2025-07-20,2025-02-08,162,True,2.4,Traction Distribution
TDMS001191,COR02822,UBR,SJN,WR,insulator_fault,B,2024-03-30,2024-01-15,75,True,4.5,Traction Distribution
TDMS001192,COR03557,CHRA,KSU,SER,earthing_fault,B,2024-03-23,2023-12-12,102,True,1.7,Traction Distribution
TDMS001193,COR04207,NNU,RE,NWR,ohe_wire_wear,B,2025-09-30,2025-06-25,97,True,4.8,Traction Distribution
TDMS001194,COR04301,KER,BLTR,NER,ohe_wire_wear,B,2025-10-04,2025-08-19,46,True,0.6,Traction Distribution
TDMS001195,COR03810,MARD,MAX,SR,circuit_breaker_fault,A,2024-07-24,2024-07-11,13,True,3.5,Traction Distribution
TDMS001196,COR01703,JKE,PKRD,WCR,feeder_fault,A,2025-08-24,2025-06-13,72,True,2.2,Traction Distribution
TDMS001197,COR04293,DMA,BURN,SER,ohe_wire_wear,B,2025-07-21,2025-05-20,62,True,4.2,Traction Distribution
TDMS001198,COR00543,PAY,ELM,SR,feeder_fault,A,2025-10-21,2025-06-19,124,True,1.9,Traction Distribution
TDMS001199,COR01861,KTHU,BDHY,NR,insulator_fault,B,2025-04-05,2025-01-26,69,True,0.7,Traction Distribution
TDMS001200,COR03723,DPU,DLDE,NFR,earthing_fault,B,2025-07-18,2025-04-09,100,True,2.8,Traction Distribution
TDMS001201,COR04548,GILA,MRTL,NR,earthing_fault,B,2025-09-22,2024-12-20,276,True,4.8,Traction Distribution
TDMS001202,COR00245,MML,KEQ,WCR,ohe_pole_defect,C,2025-08-28,2025-08-19,9,True,0.8,Traction Distribution
TDMS001203,COR01148,NVU,AGL,SWR,ohe_wire_wear,B,2024-01-19,2023-11-11,69,True,2.1,Traction Distribution
TDMS001204,COR01628,BVR,ASK,SWR,feeder_fault,A,2025-09-11,2025-07-17,56,True,3.0,Traction Distribution
TDMS001205,COR02340,VAL,JND,WR,earthing_fault,B,2025-06-15,2025-06-14,1,True,1.4,Traction Distribution
TDMS001206,COR02993,TA,TIR,SR,insulator_fault,B,2024-03-01,2023-11-27,95,True,0.5,Traction Distribution
TDMS001207,COR04803,KHRY,RBGJ,NCR,ohe_pole_defect,C,2024-06-09,2023-10-01,252,True,1.2,Traction Distribution
TDMS001208,COR06921,ANKI,KORL,WR,earthing_fault,B,2024-08-03,2024-07-29,5,True,3.5,Traction Distribution
TDMS001209,COR06644,GIF,KKTA,ER,feeder_fault,A,2025-04-19,2024-04-07,377,True,1.8,Traction Distribution
TDMS001210,COR03828,KXL,CFG,NFR,insulator_fault,B,2024-01-08,2023-12-19,20,True,1.1,Traction Distribution
TDMS001211,COR04772,SLR,SBY,NR,ohe_pole_defect,C,2025-10-06,2025-07-05,93,True,4.3,Traction Distribution
TDMS001212,COR00508,ORDI,COR,WR,tension_device_fault,C,2025-12-13,2025-05-09,218,True,3.5,Traction Distribution
TDMS001213,COR02820,GVD,BRRD,WR,tension_device_fault,C,2024-11-05,2024-10-08,28,True,4.5,Traction Distribution
TDMS001214,COR01789,MSS,BDVT,SWR,insulator_fault,B,2024-09-12,2024-06-06,98,True,1.1,Traction Distribution
TDMS001215,COR00364,KDMR,VTJ,WR,insulator_fault,B,2025-05-09,2025-02-12,86,True,1.7,Traction Distribution
TDMS001216,COR02217,BOM,RKZ,NWR,ohe_pole_defect,C,2025-06-08,2024-02-15,479,True,3.3,Traction Distribution
TDMS001217,COR04071,ANGR,BSRX,SWR,earthing_fault,B,2025-05-27,2023-12-07,537,True,4.7,Traction Distribution
TDMS001218,COR03596,KALN,TSD,NWR,tension_device_fault,C,2024-02-20,2023-11-26,86,True,5.0,Traction Distribution
TDMS001219,COR01891,GLA,GUU,SCR,insulator_fault,B,2025-07-29,2025-07-13,16,True,5.0,Traction Distribution
TDMS001220,COR07397,KPKI,BAOL,NR,ohe_wire_wear,B,2025-03-13,2025-02-24,17,True,4.2,Traction Distribution
TDMS001221,COR01964,LDCY,SWNR,NR,ohe_wire_wear,B,2025-11-06,2025-10-10,27,True,0.5,Traction Distribution
TDMS001222,COR02995,TUA,KTU,SR,ohe_wire_wear,B,2025-03-22,2025-03-02,20,True,2.6,Traction Distribution
TDMS001223,COR02257,DHRN,MDLA,NR,tension_device_fault,C,2025-05-18,2025-05-02,16,True,2.2,Traction Distribution
TDMS001224,COR08555,KTOA,RDD,NWR,ohe_pole_defect,C,2025-07-08,2025-03-10,120,True,1.7,Traction Distribution
TDMS001225,COR00368,CBN,TJD,NER,ohe_wire_wear,B,2025-03-06,2025-02-27,7,True,0.6,Traction Distribution
TDMS001226,COR00612,MABD,GUU,SCR,tension_device_fault,C,2025-07-23,2025-07-23,0,True,2.8,Traction Distribution
TDMS001227,COR02152,MLHS,MTMY,SR,ohe_pole_defect,C,2025-06-28,2024-06-19,374,True,4.9,Traction Distribution
TDMS001228,COR00686,KEB,BLD,WR,insulator_fault,B,2024-10-25,2023-05-22,522,True,2.4,Traction Distribution
TDMS001229,COR00854,CRU,LBG,SCR,insulator_fault,B,2024-08-23,2024-06-16,68,True,2.1,Traction Distribution
TDMS001230,COR01339,MAA,SIM,NWR,earthing_fault,B,2025-03-12,2025-03-11,1,True,4.5,Traction Distribution
TDMS001231,COR01554,SLP,AKI,CR,feeder_fault,A,2025-10-26,2025-10-07,19,True,2.2,Traction Distribution
TDMS001232,COR01634,BNK,RDI,SWR,tension_device_fault,C,2024-02-23,2023-10-28,118,True,4.9,Traction Distribution
TDMS001233,COR05525,BQG,PRTL,ER,circuit_breaker_fault,A,2025-02-07,2024-11-29,70,True,4.4,Traction Distribution
TDMS001234,COR03038,BTIC,BTI,NR,circuit_breaker_fault,A,2025-11-18,2025-11-05,13,True,3.3,Traction Distribution
TDMS001235,COR05505,KNJ,BPD,ER,tension_device_fault,C,2025-08-10,2025-07-30,11,True,1.1,Traction Distribution
TDMS001236,COR04539,HRNR,CKDL,NR,ohe_pole_defect,C,2025-01-27,2025-01-07,20,True,2.2,Traction Distribution
TDMS001237,COR02772,MSP,JDW,NR,earthing_fault,B,2024-01-20,2023-09-25,117,True,1.3,Traction Distribution
TDMS001238,COR00696,PLG,KLV,WR,circuit_breaker_fault,A,2024-05-21,2024-05-07,14,True,3.9,Traction Distribution
TDMS001239,COR04150,CHV,NLE,SR,ohe_pole_defect,C,2024-11-16,2024-02-04,286,True,3.0,Traction Distribution
TDMS001240,COR02106,DAD,BYD,SWR,tension_device_fault,C,2024-05-13,2022-10-02,589,True,1.6,Traction Distribution
TDMS001241,COR06602,COD,GND,NWR,ohe_wire_wear,B,2024-05-03,2024-04-02,31,True,3.2,Traction Distribution
TDMS001242,COR06133,NGA,LTD,WR,ohe_wire_wear,B,2025-10-01,2025-09-18,13,True,4.1,Traction Distribution
TDMS001243,COR01898,YGL,CLE,SCR,circuit_breaker_fault,A,2025-11-06,2025-10-23,14,True,5.0,Traction Distribution
TDMS001244,COR01177,JSP,MRJ,CR,tension_device_fault,C,2024-12-23,2024-11-27,26,True,0.7,Traction Distribution
TDMS001245,COR00310,KHA,TLV,WCR,earthing_fault,B,2025-01-21,2025-01-14,7,True,3.1,Traction Distribution
TDMS001246,COR03294,HLE,AEK,SWR,ohe_pole_defect,C,2024-04-13,2024-03-25,19,True,3.6,Traction Distribution
TDMS001247,COR03913,BHRL,PTK,NR,feeder_fault,A,2024-03-25,2024-01-05,80,True,4.0,Traction Distribution
TDMS001248,COR02419,KRGA,OKD,WR,insulator_fault,B,2025-04-03,2025-02-06,56,True,3.2,Traction Distribution
TDMS001249,COR05985,AILM,KQL,NR,circuit_breaker_fault,A,2024-07-20,2024-07-03,17,True,3.2,Traction Distribution
TDMS001250,COR05577,BNDA,ICL,NCR,ohe_pole_defect,C,2025-04-26,2025-01-04,112,True,2.9,Traction Distribution
TDMS001251,COR04544,MDPB,SJNP,NR,circuit_breaker_fault,A,2025-03-19,2025-03-03,16,True,4.5,Traction Distribution
TDMS001252,COR02813,SAH,KLV,WR,tension_device_fault,C,2024-11-14,2024-11-14,0,True,2.1,Traction Distribution
TDMS001253,COR00615,DKJ,PPY,SCR,earthing_fault,B,2025-11-22,2025-11-03,19,True,3.2,Traction Distribution
TDMS001254,COR06004,DKBJ,NDH,NWR,circuit_breaker_fault,A,2024-04-05,2024-01-17,79,True,2.2,Traction Distribution
TDMS001255,COR00879,MZL,WDR,SCR,ohe_pole_defect,C,2025-11-25,2025-11-09,16,True,4.8,Traction Distribution
TDMS001256,COR04942,SGR,UKC,KR,ohe_wire_wear,B,2024-12-25,2024-11-09,46,True,2.1,Traction Distribution
TDMS001257,COR00612,MABD,GUU,SCR,feeder_fault,A,2024-05-26,2024-05-23,3,True,2.5,Traction Distribution
TDMS001258,COR03807,AMPA,PUPR,SR,ohe_wire_wear,B,2024-08-11,2023-04-19,480,True,3.5,Traction Distribution
TDMS001259,COR03725,DSR,RXR,NFR,ohe_wire_wear,B,2025-07-10,2025-03-25,107,True,2.5,Traction Distribution
TDMS001260,COR03470,AKW,ICL,NCR,tension_device_fault,C,2024-10-05,2023-05-27,497,True,1.0,Traction Distribution
TDMS001261,COR08368,HBN,RUP,NFR,insulator_fault,B,2025-12-02,2025-08-16,108,True,2.8,Traction Distribution
TDMS001262,COR02310,MUT,MTC,NR,tension_device_fault,C,2024-12-13,2024-12-09,4,True,3.6,Traction Distribution
TDMS001263,COR02814,KLV,PLG,WR,insulator_fault,B,2024-07-20,2024-07-13,7,True,1.9,Traction Distribution
TDMS001264,COR01711,SAGM,HATI,WCR,tension_device_fault,C,2025-08-06,2025-05-12,86,True,0.9,Traction Distribution
TDMS001265,COR02199,VLY,DYS,SR,ohe_wire_wear,B,2024-06-09,2023-03-16,451,True,0.8,Traction Distribution
TDMS001266,COR02160,TRMN,PRGD,SR,feeder_fault,A,2025-07-09,2025-07-06,3,True,3.3,Traction Distribution
TDMS001267,COR01231,BTW,UPI,CR,insulator_fault,B,2025-08-08,2025-07-21,18,True,1.4,Traction Distribution
TDMS001268,COR02463,ER08,SMAE,ER,tension_device_fault,C,2025-02-26,2024-11-29,89,True,3.9,Traction Distribution
TDMS001269,COR02743,ERL,VRLR,SR,insulator_fault,B,2024-04-02,2024-01-16,77,True,3.3,Traction Distribution
TDMS001270,COR02524,HSR,RPHR,NWR,earthing_fault,B,2024-03-28,2024-03-21,7,True,1.2,Traction Distribution
TDMS001271,COR03060,NNN,DYS,SR,feeder_fault,A,2025-07-02,2025-06-28,4,True,0.9,Traction Distribution
TDMS001272,COR02903,PASA,DAVM,SR,ohe_wire_wear,B,2025-10-17,2025-08-06,72,True,0.9,Traction Distribution
TDMS001273,COR06334,SWNR,LDCY,NR,tension_device_fault,C,2024-11-29,2023-08-03,484,True,3.6,Traction Distribution
TDMS001274,COR03554,BGAN,GADM,NER,ohe_wire_wear,B,2024-10-20,2023-06-28,480,True,2.0,Traction Distribution
TDMS001275,COR03561,GRB,ADRA,SER,earthing_fault,B,2025-07-31,2025-07-15,16,True,5.0,Traction Distribution
TDMS001276,COR00680,DGI,BL,WR,ohe_wire_wear,B,2025-09-05,2024-01-29,585,True,2.8,Traction Distribution
TDMS001277,COR00266,BGTA,SQL,WCR,feeder_fault,A,2024-04-13,2022-10-29,532,True,4.0,Traction Distribution
TDMS001278,COR04950,VBW,NAN,KR,circuit_breaker_fault,A,2025-04-02,2025-01-06,86,True,1.1,Traction Distribution
TDMS001279,COR01017,BRLF,LMG,NFR,tension_device_fault,C,2024-02-24,2024-02-17,7,True,4.3,Traction Distribution
TDMS001280,COR03033,TAPA,JHK,NR,feeder_fault,A,2025-05-15,2025-05-03,12,True,1.0,Traction Distribution
TDMS001281,COR00787,AWR,MWW,NWR,tension_device_fault,C,2025-12-25,2025-11-07,48,True,4.6,Traction Distribution
TDMS001282,COR03000,PTB,KRKD,SR,tension_device_fault,C,2025-06-28,2025-04-01,88,True,2.7,Traction Distribution
TDMS001283,COR02977,BDJ,IGL,SR,feeder_fault,A,2024-07-20,2024-07-12,8,True,4.2,Traction Distribution
TDMS001284,COR00459,UMRI,SLGH,SCR,circuit_breaker_fault,A,2024-08-04,2023-02-19,532,True,2.5,Traction Distribution
TDMS001285,COR02096,JRU,SLU,SWR,insulator_fault,B,2025-03-01,2025-02-18,11,True,1.6,Traction Distribution
TDMS001286,COR02096,JRU,SLU,SWR,ohe_wire_wear,B,2025-11-28,2025-09-03,86,True,3.0,Traction Distribution
TDMS001287,COR06235,MBY,BMK,NWR,ohe_wire_wear,B,2025-03-03,2024-11-08,115,True,4.8,Traction Distribution
TDMS001288,COR04420,KRKP,MGD,SWR,tension_device_fault,C,2024-12-07,2024-09-09,89,True,1.1,Traction Distribution
TDMS001289,COR02236,NYH,SBC,SWR,tension_device_fault,C,2024-08-03,2024-05-30,65,True,0.7,Traction Distribution
TDMS001290,COR04127,PTB,KODN,SR,earthing_fault,B,2024-05-02,2024-04-28,4,True,2.8,Traction Distribution
TDMS001291,COR00336,MLN,BNKJ,NER,tension_device_fault,C,2025-05-13,2025-04-23,20,True,4.2,Traction Distribution
TDMS001292,COR04706,NIIJ,DTVL,CR,insulator_fault,B,2025-12-22,2025-12-04,18,True,3.9,Traction Distribution
TDMS001293,COR01193,KRG,STR,CR,ohe_wire_wear,B,2024-07-12,2024-07-08,4,True,3.6,Traction Distribution
TDMS001294,COR00999,FKG,OTN,NFR,tension_device_fault,C,2025-05-17,2025-04-29,18,True,4.4,Traction Distribution
TDMS001295,COR04842,VPU,RLG,SCR,ohe_wire_wear,B,2024-05-14,2024-04-14,30,True,1.8,Traction Distribution
TDMS001296,COR02191,IDJ,DUR,SWR,ohe_wire_wear,B,2024-02-18,2024-02-16,2,True,4.8,Traction Distribution
TDMS001297,COR02336,VRR,NUD,WR,tension_device_fault,C,2024-03-23,2024-03-21,2,True,1.2,Traction Distribution
TDMS001298,COR07061,SNAD,NRUR,WR,ohe_pole_defect,C,2024-09-18,2024-09-10,8,True,2.0,Traction Distribution
TDMS001299,COR02160,TRMN,PRGD,SR,ohe_pole_defect,C,2025-09-09,2024-06-04,462,True,2.4,Traction Distribution
TDMS001300,COR01703,JKE,PKRD,WCR,ohe_wire_wear,B,2025-06-04,2024-11-19,197,True,1.3,Traction Distribution
TDMS001301,COR02172,PALM,VEI,SR,insulator_fault,B,2024-09-12,2024-08-26,17,True,0.9,Traction Distribution
TDMS001302,COR00142,RE,KWMD,NWR,ohe_pole_defect,C,2024-05-25,2024-05-22,3,True,3.3,Traction Distribution
TDMS001303,COR03691,MDN,BUTA,SER,tension_device_fault,C,2024-08-17,2024-06-25,53,True,1.4,Traction Distribution
TDMS001304,COR00677,AML,BIM,WR,circuit_breaker_fault,A,2024-09-25,2024-05-28,120,True,4.3,Traction Distribution
TDMS001305,COR01634,BNK,RDI,SWR,insulator_fault,B,2025-03-30,2025-02-18,40,True,1.6,Traction Distribution
TDMS001306,COR02838,MRL,SCH,WR,insulator_fault,B,2024-04-11,2023-12-29,104,True,2.4,Traction Distribution
TDMS001307,COR00284,BRUD,CAER,WCR,tension_device_fault,C,2025-12-13,2024-06-13,548,True,0.9,Traction Distribution
TDMS001308,COR02382,LTR,BLRD,WR,earthing_fault,B,2024-06-15,2022-11-02,591,True,3.8,Traction Distribution
TDMS001309,COR01888,MLMG,PPY,SCR,ohe_pole_defect,C,2024-11-14,2024-11-10,4,True,3.4,Traction Distribution
TDMS001310,COR01601,SVNR,KVS,SWR,ohe_wire_wear,B,2024-04-20,2024-04-16,4,True,4.5,Traction Distribution
TDMS001311,COR04959,THVM,KRMI,KR,circuit_breaker_fault,A,2025-12-14,2025-12-10,4,True,2.0,Traction Distribution
TDMS001312,COR01687,BMR,BHTN,WCR,feeder_fault,A,2025-01-09,2024-10-15,86,True,3.4,Traction Distribution
TDMS001313,COR02341,JND,SHH,WR,ohe_pole_defect,C,2024-10-22,2023-07-23,457,True,0.8,Traction Distribution
TDMS001314,COR04850,SAC,MLAR,NCR,feeder_fault,A,2025-09-25,2025-09-17,8,True,4.4,Traction Distribution
TDMS001315,COR00182,SAHI,CAI,ECR,tension_device_fault,C,2024-07-25,2024-07-18,7,True,1.0,Traction Distribution
TDMS001316,COR04419,DWR,KRKP,SWR,circuit_breaker_fault,A,2025-12-20,2025-12-07,13,True,3.0,Traction Distribution
TDMS001317,COR02827,UVD,PAD,WR,insulator_fault,B,2025-09-11,2025-06-18,85,True,1.6,Traction Distribution
TDMS001318,COR08045,KMB,DNGD,WR,tension_device_fault,C,2025-12-18,2025-11-28,20,True,3.5,Traction Distribution
TDMS001319,COR05525,BQG,PRTL,ER,ohe_wire_wear,B,2025-11-09,2024-06-07,520,True,2.6,Traction Distribution
TDMS001320,COR02117,UBL,UNK,SWR,earthing_fault,B,2025-06-25,2025-06-07,18,True,3.7,Traction Distribution
TDMS001321,COR02089,NVF,AJP,SWR,circuit_breaker_fault,A,2024-08-05,2024-07-21,15,True,5.0,Traction Distribution
TDMS001322,COR01885,CKN,PNDP,SCR,ohe_wire_wear,B,2025-02-17,2024-11-20,89,True,1.8,Traction Distribution
TDMS001323,COR00024,KNKT,SDD,WR,tension_device_fault,C,2024-03-24,2024-03-01,23,True,3.5,Traction Distribution
TDMS001324,COR02822,UBR,SJN,WR,earthing_fault,B,2024-01-29,2024-01-27,2,True,2.5,Traction Distribution
TDMS001325,COR01847,KZX,GSB,NR,ohe_pole_defect,C,2025-09-13,2024-10-27,321,True,0.5,Traction Distribution
TDMS001326,COR00478,KDK,BMA,CR,insulator_fault,B,2025-10-08,2025-09-19,19,True,1.4,Traction Distribution
TDMS001327,COR04035,BCY,SRNT,NER,earthing_fault,B,2024-05-16,2024-05-05,11,True,3.0,Traction Distribution
TDMS001328,COR01643,HEI,TK,SWR,circuit_breaker_fault,A,2025-08-23,2025-08-19,4,True,4.7,Traction Distribution
TDMS001329,COR00249,BMR,SRID,WCR,ohe_wire_wear,B,2025-10-28,2024-09-19,404,True,1.6,Traction Distribution
TDMS001330,COR02393,LXR,WKR,WR,ohe_wire_wear,B,2025-11-22,2025-09-22,61,True,3.7,Traction Distribution
TDMS001331,COR08435,MTJR,BSI,NFR,ohe_pole_defect,C,2025-05-04,2025-02-19,74,True,3.3,Traction Distribution
TDMS001332,COR03860,MYHT,BGL,ER,circuit_breaker_fault,A,2024-12-28,2024-12-21,7,True,3.1,Traction Distribution
TDMS001333,COR05904,BMGA,PCR,ER,circuit_breaker_fault,A,2024-02-26,2024-02-25,1,True,0.5,Traction Distribution
TDMS001334,COR01145,MGD,KRKP,SWR,insulator_fault,B,2024-05-27,2024-03-22,66,True,3.7,Traction Distribution
TDMS001335,COR05132,KKL,AWL,NR,ohe_wire_wear,B,2025-03-05,2025-02-19,14,True,2.1,Traction Distribution
TDMS001336,COR03722,NLN,DPU,NFR,circuit_breaker_fault,A,2024-07-25,2024-06-07,48,True,1.9,Traction Distribution
TDMS001337,COR00174,VKNR,AWS,ECR,ohe_wire_wear,B,2024-02-18,2024-02-08,10,True,3.0,Traction Distribution
TDMS001338,COR02845,DAJ,TNGL,SWR,earthing_fault,B,2024-04-10,2024-03-30,11,True,2.1,Traction Distribution
TDMS001339,COR01953,RGO,TR,SCR,ohe_pole_defect,C,2025-12-14,2025-12-10,4,True,2.7,Traction Distribution
TDMS001340,COR00012,LKBL,JAM,WR,ohe_wire_wear,B,2025-03-10,2023-07-24,595,True,3.4,Traction Distribution
TDMS001341,COR02098,MYK,KAG,SWR,ohe_pole_defect,C,2025-09-04,2025-08-27,8,True,3.7,Traction Distribution
TDMS001342,COR01366,SHRD,KHD,WR,ohe_pole_defect,C,2025-08-21,2025-08-19,2,True,1.2,Traction Distribution
TDMS001343,COR04882,MHMB,DHNR,SCR,earthing_fault,B,2024-06-18,2024-06-14,4,True,1.0,Traction Distribution
TDMS001344,COR03441,SDLP,DKWA,NWR,circuit_breaker_fault,A,2024-01-26,2024-01-10,16,True,4.3,Traction Distribution
TDMS001345,COR01766,GGC,LRU,WCR,circuit_breaker_fault,A,2025-05-04,2025-03-28,37,True,0.5,Traction Distribution
TDMS001346,COR03337,PALR,PYV,SR,earthing_fault,B,2025-01-28,2023-11-04,451,True,4.7,Traction Distribution
TDMS001347,COR00323,KSU,CHRA,SER,earthing_fault,B,2024-08-09,2024-08-05,4,True,4.3,Traction Distribution
TDMS001348,COR06404,JBO,VAA,SER,ohe_pole_defect,C,2024-09-28,2024-09-26,2,True,3.6,Traction Distribution
TDMS001349,COR02407,HAPA,JAM,WR,ohe_wire_wear,B,2025-06-09,2025-03-01,100,True,1.4,Traction Distribution
TDMS001350,COR04083,IDR,LHN,SWR,circuit_breaker_fault,A,2024-10-31,2024-10-17,14,True,3.9,Traction Distribution
TDMS001351,COR00446,KMC,UPW,SCR,ohe_wire_wear,B,2024-09-09,2024-09-01,8,True,2.9,Traction Distribution
TDMS001352,COR00672,SCH,MRL,WR,ohe_pole_defect,C,2025-06-11,2023-12-07,552,True,1.6,Traction Distribution
TDMS001353,COR04770,KANO,KDZ,NR,circuit_breaker_fault,A,2024-03-23,2024-02-22,30,True,2.1,Traction Distribution
TDMS001354,COR03256,PDZ,KNDP,WCR,ohe_wire_wear,B,2024-09-18,2024-08-08,41,True,3.3,Traction Distribution
TDMS001355,COR03792,TPY,CMW,SCR,ohe_pole_defect,C,2025-07-31,2025-07-20,11,True,4.2,Traction Distribution
TDMS001356,COR00719,KHAR,BDTS,WR,insulator_fault,B,2024-08-06,2024-04-17,111,True,1.3,Traction Distribution
TDMS001357,COR00251,KKB,BELD,WCR,tension_device_fault,C,2024-03-10,2024-03-09,1,True,4.4,Traction Distribution
TDMS001358,COR00242,ADTL,JBP,WCR,earthing_fault,B,2025-08-05,2025-06-15,51,True,2.2,Traction Distribution
TDMS001359,COR04653,GOK,ANKL,KR,ohe_pole_defect,C,2025-10-29,2025-07-25,96,True,0.6,Traction Distribution
TDMS001360,COR03568,BXL,ODM,SER,ohe_wire_wear,B,2024-02-13,2022-11-23,447,True,2.6,Traction Distribution
TDMS001361,COR01891,GLA,GUU,SCR,insulator_fault,B,2024-12-20,2024-02-12,312,True,2.4,Traction Distribution
TDMS001362,COR00371,DDD,YFP,NER,ohe_wire_wear,B,2024-03-18,2023-10-26,144,True,2.5,Traction Distribution
TDMS001363,COR07180,PCL,PIL,SCR,ohe_pole_defect,C,2024-06-05,2024-01-19,138,True,4.8,Traction Distribution
TDMS001364,COR04152,KZE,PKP,SR,ohe_pole_defect,C,2024-08-28,2024-06-17,72,True,1.3,Traction Distribution
TDMS001365,COR01895,KDM,INK,SCR,ohe_pole_defect,C,2025-09-29,2025-07-04,87,True,1.8,Traction Distribution
TDMS001366,COR00868,NVT,JKM,SCR,ohe_wire_wear,B,2025-12-08,2025-10-10,59,True,4.9,Traction Distribution
TDMS001367,COR01078,KUD,CNC,SWR,ohe_wire_wear,B,2024-12-11,2024-12-11,0,True,3.2,Traction Distribution
TDMS001368,COR02309,PQY,MUT,NR,ohe_wire_wear,B,2025-06-21,2025-05-10,42,True,1.2,Traction Distribution
TDMS001369,COR00720,BDTS,BA,WR,feeder_fault,A,2025-03-18,2025-03-11,7,True,3.8,Traction Distribution
TDMS001370,COR04141,CQL,VAPM,SR,tension_device_fault,C,2024-08-03,2023-12-05,242,True,1.9,Traction Distribution
TDMS001371,COR04539,HRNR,CKDL,NR,insulator_fault,B,2024-12-17,2024-11-27,20,True,4.2,Traction Distribution
TDMS001372,COR04927,KOL,INP,KR,feeder_fault,A,2025-05-25,2025-02-22,92,True,3.4,Traction Distribution
TDMS001373,COR00182,SAHI,CAI,ECR,insulator_fault,B,2024-02-24,2023-12-17,69,True,3.2,Traction Distribution
TDMS001374,COR01717,MKD,BQF,WCR,ohe_pole_defect,C,2025-05-10,2025-04-16,24,True,2.2,Traction Distribution
TDMS001375,COR06389,BYH,ATRR,NER,feeder_fault,A,2024-06-27,2024-03-06,113,True,1.5,Traction Distribution
TDMS001376,COR02529,DULP,UKN,NR,insulator_fault,B,2025-11-09,2025-10-14,26,True,4.8,Traction Distribution
TDMS001377,COR08352,MSDH,RXL,ECR,tension_device_fault,C,2025-12-12,2025-12-12,0,True,1.7,Traction Distribution
TDMS001378,COR05557,DAU,MOGA,NR,insulator_fault,B,2024-08-11,2024-07-15,27,True,1.9,Traction Distribution
TDMS001379,COR03763,DBNR,STH,NER,ohe_pole_defect,C,2024-06-06,2024-05-13,24,True,2.0,Traction Distribution
TDMS001380,COR01432,KLPG,ABKP,SECR,feeder_fault,A,2025-08-28,2025-06-07,82,True,1.8,Traction Distribution
TDMS001381,COR01765,COO,GGC,WCR,ohe_wire_wear,B,2024-10-12,2024-09-07,35,True,3.5,Traction Distribution
TDMS001382,COR02041,MGO,SEI,CR,feeder_fault,A,2024-07-27,2024-07-23,4,True,2.6,Traction Distribution
TDMS001383,COR06529,FTH,MOPR,NR,insulator_fault,B,2025-09-26,2025-08-23,34,True,4.6,Traction Distribution
TDMS001384,COR08300,JLR,JTP,WR,ohe_wire_wear,B,2025-02-18,2025-01-29,20,True,1.1,Traction Distribution
TDMS001385,COR07703,BUB,MWR,NWR,insulator_fault,B,2025-12-31,2025-01-26,339,True,3.4,Traction Distribution
TDMS001386,COR01083,GPB,GKK,SWR,feeder_fault,A,2025-09-27,2025-06-21,98,True,2.1,Traction Distribution
TDMS001387,COR04442,DPL,LKN,ECR,ohe_wire_wear,B,2025-06-03,2025-05-26,8,True,1.4,Traction Distribution
TDMS001388,COR04160,UAA,MJS,SR,ohe_pole_defect,C,2024-03-08,2023-11-11,118,True,4.3,Traction Distribution
TDMS001389,COR02666,MASK,MAUR,NR,ohe_wire_wear,B,2024-02-02,2023-11-26,68,True,4.9,Traction Distribution
TDMS001390,COR00321,ANR,BGA,SER,tension_device_fault,C,2024-09-11,2024-06-28,75,True,1.6,Traction Distribution
TDMS001391,COR05421,DYP,LMN,NR,earthing_fault,B,2025-06-21,2025-06-20,1,True,3.0,Traction Distribution
TDMS001392,COR01345,KRJD,PNU,NWR,tension_device_fault,C,2025-10-30,2025-09-23,37,True,1.1,Traction Distribution
TDMS001393,COR02967,BFR,KZE,SR,feeder_fault,A,2024-01-22,2023-09-25,119,True,3.3,Traction Distribution
TDMS001394,COR05946,HYL,DKWA,NWR,tension_device_fault,C,2025-08-08,2025-05-22,78,True,1.3,Traction Distribution
TDMS001395,COR00646,BGM,SXB,SWR,tension_device_fault,C,2025-11-23,2025-04-13,224,True,3.1,Traction Distribution
TDMS001396,COR02837,NVS,MRL,WR,circuit_breaker_fault,A,2025-06-08,2025-01-07,152,True,2.1,Traction Distribution
TDMS001397,COR04142,VAPM,PPNS,SR,earthing_fault,B,2025-11-27,2025-11-12,15,True,2.6,Traction Distribution
TDMS001398,COR00126,BU,SRRG,NWR,insulator_fault,B,2025-04-21,2025-03-05,47,True,0.9,Traction Distribution
TDMS001399,COR02538,SFM,BZ,NR,earthing_fault,B,2025-01-26,2024-10-21,97,True,1.1,Traction Distribution
TDMS001400,COR05595,EDD,TGL,SCR,feeder_fault,A,2025-12-25,2025-12-15,10,True,3.2,Traction Distribution
TDMS001401,COR01539,BTPD,BDCR,SCR,ohe_pole_defect,C,2025-10-28,2025-10-09,19,True,2.7,Traction Distribution
TDMS001402,COR06191,TKLB,MGVK,SECR,insulator_fault,B,2024-04-20,2024-04-19,1,True,3.3,Traction Distribution
TDMS001403,COR01636,ARGP,BSN,SWR,tension_device_fault,C,2024-09-14,2024-09-03,11,True,2.0,Traction Distribution
TDMS001404,COR04919,PNVL,SMNE,CR,ohe_wire_wear,B,2025-04-11,2025-04-09,2,True,3.1,Traction Distribution
TDMS001405,COR01100,DPD,GDV,SCR,ohe_pole_defect,C,2024-04-16,2023-12-11,127,True,4.2,Traction Distribution
TDMS001406,COR03165,AZ,MBB,ER,insulator_fault,B,2025-04-25,2025-01-02,113,True,0.8,Traction Distribution
TDMS001407,COR00253,GPC,NU,WCR,ohe_wire_wear,B,2024-07-02,2024-06-17,15,True,2.7,Traction Distribution
TDMS001408,COR00487,PAL,HD,WCR,earthing_fault,B,2024-09-20,2023-08-03,414,True,2.1,Traction Distribution
TDMS001409,COR01549,JJR,DNJ,CR,insulator_fault,B,2024-06-25,2024-04-05,81,True,2.4,Traction Distribution
TDMS001410,COR01021,HWX,LKA,NFR,insulator_fault,B,2024-09-18,2024-06-10,100,True,0.9,Traction Distribution
TDMS001411,COR02003,LNS,TRPL,NR,ohe_pole_defect,C,2025-07-23,2025-07-22,1,True,3.3,Traction Distribution
TDMS001412,COR00235,NWR,SNRR,WCR,ohe_wire_wear,B,2024-10-16,2024-07-12,96,True,1.7,Traction Distribution
TDMS001413,COR01705,UDR,BUU,WCR,ohe_pole_defect,C,2024-08-09,2024-07-26,14,True,2.6,Traction Distribution
TDMS001414,COR00898,LHD,AMW,SCR,ohe_wire_wear,B,2024-05-30,2024-05-14,16,True,1.4,Traction Distribution
TDMS001415,COR02954,PIZ,PBN,SCR,insulator_fault,B,2025-03-18,2025-03-10,8,True,2.2,Traction Distribution
TDMS001416,COR05182,TEA,NDW,ECR,earthing_fault,B,2025-12-18,2025-12-05,13,True,2.8,Traction Distribution
TDMS001417,COR00543,PAY,ELM,SR,feeder_fault,A,2024-06-06,2023-03-13,451,True,3.4,Traction Distribution
TDMS001418,COR01361,JUL,PN,WR,tension_device_fault,C,2025-01-13,2025-01-06,7,True,3.1,Traction Distribution
TDMS001419,COR00420,LKPL,HYB,SCR,earthing_fault,B,2024-01-02,2023-12-17,16,True,4.4,Traction Distribution
TDMS001420,COR04270,KARD,KHBV,CR,tension_device_fault,C,2025-08-27,2025-05-17,102,True,4.4,Traction Distribution
TDMS001421,COR02197,AAY,NPK,SR,tension_device_fault,C,2024-08-18,2024-05-28,82,True,2.9,Traction Distribution
TDMS001422,COR00473,BAU,AGQ,CR,tension_device_fault,C,2025-11-14,2025-11-04,10,True,4.3,Traction Distribution
TDMS001423,COR00514,LMA,RLR,NWR,ohe_wire_wear,B,2025-08-13,2024-01-31,560,True,4.9,Traction Distribution
TDMS001424,COR00759,DEE,DBSI,NR,feeder_fault,A,2024-07-11,2024-03-31,102,True,2.3,Traction Distribution
TDMS001425,COR00265,GMD,BGTA,WCR,ohe_wire_wear,B,2025-09-17,2025-06-12,97,True,2.2,Traction Distribution
TDMS001426,COR02106,DAD,BYD,SWR,feeder_fault,A,2024-06-06,2024-02-19,108,True,1.8,Traction Distribution
TDMS001427,COR02945,WJ,PYV,SR,circuit_breaker_fault,A,2025-10-04,2025-08-10,55,True,4.0,Traction Distribution
TDMS001428,COR07801,BKD,DTJ,WR,earthing_fault,B,2024-10-20,2024-06-26,116,True,4.9,Traction Distribution
TDMS001429,COR00076,KWI,BMN,NWR,insulator_fault,B,2025-09-14,2025-06-08,98,True,3.7,Traction Distribution
TDMS001430,COR08592,BVW,LDK,NR,earthing_fault,B,2025-02-13,2024-12-31,44,True,3.6,Traction Distribution
TDMS001431,COR02976,NAU,BDJ,SR,tension_device_fault,C,2025-08-09,2025-05-10,91,True,4.2,Traction Distribution
TDMS001432,COR07890,HMT,MHDP,WR,ohe_wire_wear,B,2024-10-19,2024-10-11,8,True,3.3,Traction Distribution
TDMS001433,COR01641,GBB,MLSA,SWR,tension_device_fault,C,2025-05-09,2024-06-20,323,True,1.5,Traction Distribution
TDMS001434,COR02810,NSP,VR,WR,circuit_breaker_fault,A,2025-08-09,2025-08-06,3,True,2.3,Traction Distribution
TDMS001435,COR02398,KNKT,KHC,WR,ohe_wire_wear,B,2024-02-01,2022-08-05,545,True,0.8,Traction Distribution
TDMS001436,COR00052,GUS,DNW,WR,tension_device_fault,C,2024-05-20,2024-05-03,17,True,1.1,Traction Distribution
TDMS001437,COR03627,KGW,PKL,SWR,ohe_pole_defect,C,2024-09-27,2024-07-30,59,True,2.2,Traction Distribution
TDMS001438,COR02199,VLY,DYS,SR,ohe_wire_wear,B,2024-10-02,2024-10-02,0,True,2.3,Traction Distribution
TDMS001439,COR00244,HBG,MML,WCR,ohe_wire_wear,B,2025-05-19,2025-03-27,53,True,1.0,Traction Distribution
TDMS001440,COR00263,SXF,SGP,WCR,insulator_fault,B,2025-10-07,2025-09-18,19,True,3.9,Traction Distribution
TDMS001441,COR01879,YP,TNGM,SCR,insulator_fault,B,2025-03-18,2025-03-03,15,True,0.9,Traction Distribution
TDMS001442,COR01334,SRPJ,BMN,NWR,insulator_fault,B,2025-04-10,2025-03-08,33,True,4.0,Traction Distribution
TDMS001443,COR01700,NWR,MDRR,WCR,circuit_breaker_fault,A,2025-09-29,2025-09-23,6,True,0.9,Traction Distribution
TDMS001444,COR00115,DOZ,AII,NWR,tension_device_fault,C,2025-12-09,2025-09-03,97,True,4.5,Traction Distribution
TDMS001445,COR02634,BTY,MGM,ER,circuit_breaker_fault,A,2024-07-14,2024-04-26,79,True,3.1,Traction Distribution
TDMS001446,COR00544,ELM,PAZ,SR,ohe_wire_wear,B,2024-04-08,2024-03-30,9,True,1.4,Traction Distribution
TDMS001447,COR03885,NNO,MQC,NR,earthing_fault,B,2025-04-10,2025-04-02,8,True,1.6,Traction Distribution
TDMS001448,COR01101,GDV,OTR,SCR,earthing_fault,B,2025-06-21,2025-05-07,45,True,1.5,Traction Distribution
TDMS001449,COR01921,MRTY,GTU,SCR,earthing_fault,B,2024-01-15,2023-09-23,114,True,4.7,Traction Distribution
TDMS001450,COR00445,TMD,KMC,SCR,tension_device_fault,C,2025-11-26,2025-11-16,10,True,3.1,Traction Distribution
TDMS001451,COR03026,KLSX,DUI,NR,ohe_pole_defect,C,2024-04-17,2024-04-04,13,True,2.9,Traction Distribution
TDMS001452,COR01504,KANO,KEJ,NR,insulator_fault,B,2025-08-16,2025-06-01,76,True,3.7,Traction Distribution
TDMS001453,COR01144,KBI,MGD,SWR,ohe_pole_defect,C,2025-09-09,2025-08-20,20,True,3.7,Traction Distribution
TDMS001454,COR04362,DES,SDG,ECR,earthing_fault,B,2025-09-14,2024-11-14,304,True,2.0,Traction Distribution
TDMS001455,COR00424,DYE,SFX,SCR,feeder_fault,A,2025-11-01,2025-10-24,8,True,3.7,Traction Distribution
TDMS001456,COR02027,GYN,ATRR,NER,ohe_wire_wear,B,2025-09-09,2025-08-23,17,True,1.3,Traction Distribution
TDMS001457,COR03290,KLNK,LHLL,NWR,ohe_wire_wear,B,2025-01-24,2025-01-10,14,True,1.1,Traction Distribution
TDMS001458,COR02390,THAN,LMC,WR,tension_device_fault,C,2024-07-10,2024-04-05,96,True,3.6,Traction Distribution
TDMS001459,COR00619,PNDP,CKN,SCR,ohe_wire_wear,B,2024-02-14,2022-11-20,451,True,5.0,Traction Distribution
TDMS001460,COR03861,BGL,BHNA,ER,ohe_pole_defect,C,2024-05-02,2024-04-19,13,True,2.5,Traction Distribution
TDMS001461,COR02810,NSP,VR,WR,ohe_wire_wear,B,2025-08-05,2024-10-28,281,True,3.1,Traction Distribution
TDMS001462,COR02377,DPW,BTC,SECR,tension_device_fault,C,2025-06-07,2025-02-25,102,True,2.9,Traction Distribution
TDMS001463,COR04196,HR,RMB,NWR,ohe_pole_defect,C,2025-12-11,2025-08-29,104,True,3.7,Traction Distribution
TDMS001464,COR02676,JHL,HMQ,NR,tension_device_fault,C,2025-04-10,2025-01-30,70,True,4.5,Traction Distribution
TDMS001465,COR00530,UAA,KMQ,SR,feeder_fault,A,2024-01-26,2023-11-25,62,True,3.5,Traction Distribution
TDMS001466,COR05795,BIV,SAKA,SECR,circuit_breaker_fault,A,2024-12-21,2024-12-14,7,True,3.9,Traction Distribution
TDMS001467,COR02588,MANK,MRDW,KR,tension_device_fault,C,2025-05-04,2025-04-14,20,True,3.2,Traction Distribution
TDMS001468,COR01892,GUU,MABD,SCR,insulator_fault,B,2025-10-18,2025-09-04,44,True,3.4,Traction Distribution
TDMS001469,COR02674,BRZ,KAGR,NR,tension_device_fault,C,2025-02-01,2025-01-16,16,True,1.3,Traction Distribution
TDMS001470,COR03843,SFR,BOJ,NFR,tension_device_fault,C,2024-04-07,2023-12-10,119,True,0.9,Traction Distribution
TDMS001471,COR02308,DRLA,PQY,NR,circuit_breaker_fault,A,2025-06-24,2025-03-03,113,True,3.5,Traction Distribution
TDMS001472,COR01523,BY,CHG,CR,ohe_wire_wear,B,2025-01-23,2025-01-03,20,True,2.3,Traction Distribution
TDMS001473,COR01525,CRD,PR,CR,insulator_fault,B,2025-07-21,2025-07-18,3,True,4.7,Traction Distribution
TDMS001474,COR03821,NJN,SZR,NFR,ohe_wire_wear,B,2024-03-28,2023-12-17,102,True,1.9,Traction Distribution
TDMS001475,COR00085,JWB,BRLY,NWR,insulator_fault,B,2025-12-29,2025-04-29,244,True,1.1,Traction Distribution
TDMS001476,COR01675,BKH,JHT,WCR,ohe_wire_wear,B,2024-06-02,2024-05-29,4,True,1.4,Traction Distribution
TDMS001477,COR02145,MVO,DAV,SCR,feeder_fault,A,2024-12-27,2024-11-03,54,True,4.9,Traction Distribution
TDMS001478,COR06449,JA,DAS,WR,earthing_fault,B,2025-08-26,2024-02-27,546,True,2.1,Traction Distribution
TDMS001479,COR03819,BXJ,CJA,NFR,ohe_wire_wear,B,2025-08-10,2025-04-16,116,True,3.0,Traction Distribution
TDMS001480,COR03419,KOY,TOD,WR,ohe_pole_defect,C,2024-11-14,2023-08-19,453,True,1.2,Traction Distribution
TDMS001481,COR00045,KHD,SHRD,WR,circuit_breaker_fault,A,2024-06-21,2024-06-03,18,True,4.0,Traction Distribution
TDMS001482,COR02108,HVR,KJG,SWR,earthing_fault,B,2024-05-02,2022-11-08,541,True,1.5,Traction Distribution
TDMS001483,COR03116,TQA,BAHP,NR,tension_device_fault,C,2024-06-04,2024-04-15,50,True,5.0,Traction Distribution
TDMS001484,COR02797,STC,VLP,WR,earthing_fault,B,2025-12-30,2025-12-28,2,True,4.6,Traction Distribution
TDMS001485,COR00227,UHR,MYR,WCR,ohe_wire_wear,B,2024-02-02,2024-01-17,16,True,2.9,Traction Distribution
TDMS001486,COR01186,BVNR,SNE,CR,insulator_fault,B,2024-11-25,2024-10-04,52,True,2.0,Traction Distribution
TDMS001487,COR00065,UM,PNU,WR,insulator_fault,B,2025-03-11,2023-07-23,597,True,4.9,Traction Distribution
TDMS001488,COR04927,KOL,INP,KR,insulator_fault,B,2025-08-25,2025-08-10,15,True,1.0,Traction Distribution
TDMS001489,COR04273,NNU,DZB,NWR,earthing_fault,B,2024-12-08,2024-07-27,134,True,2.6,Traction Distribution
TDMS001490,COR00372,YFP,SBK,NER,earthing_fault,B,2024-06-18,2022-12-25,541,True,4.4,Traction Distribution
TDMS001491,COR03239,COR,CNA,WR,circuit_breaker_fault,A,2025-03-10,2024-05-30,284,True,4.6,Traction Distribution
TDMS001492,COR00598,GRRG,SBZ,NER,insulator_fault,B,2024-03-10,2024-01-26,44,True,3.9,Traction Distribution
TDMS001493,COR04038,RJI,ARJ,NER,tension_device_fault,C,2024-11-29,2024-11-17,12,True,2.0,Traction Distribution
TDMS001494,COR00208,LOG,SRJ,NCR,ohe_wire_wear,B,2025-01-09,2025-01-09,0,True,2.7,Traction Distribution
TDMS001495,COR04555,AWL,DRE,NR,ohe_wire_wear,B,2024-10-13,2024-09-25,18,True,0.7,Traction Distribution
TDMS001496,COR04134,TA,PGI,SR,earthing_fault,B,2025-04-27,2025-04-12,15,True,2.7,Traction Distribution
TDMS001497,COR00407,BNKA,PNCB,ER,ohe_wire_wear,B,2025-10-28,2025-10-20,8,True,2.3,Traction Distribution
TDMS001498,COR02449,NBKH,KWAE,ER,earthing_fault,B,2024-05-22,2024-02-23,89,True,4.8,Traction Distribution
TDMS001499,COR00380,TRN,SYH,NER,earthing_fault,B,2025-02-04,2025-01-31,4,True,2.1,Traction Distribution
TDMS001500,COR04685,ANO,KHED,KR,insulator_fault,B,2024-06-26,2024-04-20,67,True,3.2,Traction Distribution
TDMS001501,COR03087,MAHE,JGE,SR,earthing_fault,B,2024-08-31,2024-08-16,15,True,1.4,Traction Distribution
TDMS001502,COR03042,KMD,PGR,SR,ohe_wire_wear,B,2024-01-01,2023-12-26,6,True,3.0,Traction Distribution
TDMS001503,COR06335,LDCY,SOJ,NR,earthing_fault,B,2024-04-01,2023-12-15,108,True,0.9,Traction Distribution
TDMS001504,COR00112,MLI,MKRA,NWR,tension_device_fault,C,2024-05-12,2024-01-30,103,True,4.0,Traction Distribution
TDMS001505,COR00411,BHNA,BGL,ER,insulator_fault,B,2024-01-20,2024-01-15,5,True,4.8,Traction Distribution
TDMS001506,COR00490,TBN,CGO,WCR,earthing_fault,B,2024-07-10,2024-07-03,7,True,2.0,Traction Distribution
TDMS001507,COR01351,KMLI,UJA,WR,tension_device_fault,C,2024-07-27,2023-10-03,298,True,4.9,Traction Distribution
TDMS001508,COR02270,NDU,JHD,ECR,ohe_wire_wear,B,2024-12-24,2024-11-23,31,True,3.4,Traction Distribution
TDMS001509,COR05595,EDD,TGL,SCR,circuit_breaker_fault,A,2024-03-30,2024-03-10,20,True,3.1,Traction Distribution
TDMS001510,COR00477,DGN,KDK,CR,ohe_wire_wear,B,2024-11-10,2024-10-25,16,True,4.3,Traction Distribution
TDMS001511,COR00399,KPA,KYI,ER,ohe_wire_wear,B,2024-11-05,2024-09-09,57,True,4.6,Traction Distribution
TDMS001512,COR04168,AHH,RHW,NR,ohe_wire_wear,B,2025-07-01,2025-06-02,29,True,3.2,Traction Distribution
TDMS001513,COR02184,LIR,BHGP,NER,tension_device_fault,C,2024-09-01,2024-08-28,4,True,1.6,Traction Distribution
TDMS001514,COR02836,VDH,NVS,WR,ohe_pole_defect,C,2025-10-27,2025-10-07,20,True,4.1,Traction Distribution
TDMS001515,COR02189,GNJ,KNP,SWR,ohe_wire_wear,B,2024-04-11,2024-02-03,68,True,5.0,Traction Distribution
TDMS001516,COR02815,PLG,UOI,WR,earthing_fault,B,2024-07-10,2024-07-04,6,True,4.7,Traction Distribution
TDMS001517,COR00055,UMN,JDN,WR,tension_device_fault,C,2024-09-25,2024-09-10,15,True,4.1,Traction Distribution
TDMS001518,COR05426,PQN,GRMR,NR,insulator_fault,B,2024-07-02,2024-06-16,16,True,3.9,Traction Distribution
TDMS001519,COR02072,KIAT,TK,SWR,tension_device_fault,C,2025-11-03,2025-10-28,6,True,1.4,Traction Distribution
TDMS001520,COR02817,BOR,VGN,WR,tension_device_fault,C,2024-11-02,2024-09-28,35,True,3.8,Traction Distribution
TDMS001521,COR00627,GNN,CVV,SCR,ohe_wire_wear,B,2024-03-21,2023-12-12,100,True,1.1,Traction Distribution
TDMS001522,COR02032,RTR,JI,NER,feeder_fault,A,2024-02-16,2024-01-11,36,True,2.0,Traction Distribution
TDMS001523,COR02065,GHL,BNKH,SWR,ohe_pole_defect,C,2025-06-09,2025-04-22,48,True,5.0,Traction Distribution
TDMS001524,COR00124,SK,NRI,NWR,insulator_fault,B,2025-04-27,2025-04-14,13,True,0.6,Traction Distribution
TDMS001525,COR04131,KTU,TUA,SR,insulator_fault,B,2024-11-17,2024-11-11,6,True,1.6,Traction Distribution
TDMS001526,COR01749,MSRP,CRG,WCR,ohe_wire_wear,B,2024-03-24,2024-01-02,82,True,1.9,Traction Distribution
TDMS001527,COR04133,TIR,TA,SR,circuit_breaker_fault,A,2024-01-08,2023-12-31,8,True,1.8,Traction Distribution
TDMS001528,COR00955,VKP,NPM,SR,tension_device_fault,C,2024-02-15,2024-02-13,2,True,3.5,Traction Distribution
TDMS001529,COR04463,MDT,HSA,NFR,feeder_fault,A,2025-08-11,2025-07-28,14,True,3.6,Traction Distribution
TDMS001530,COR05774,UMPD,KR,WR,tension_device_fault,C,2025-11-09,2025-11-07,2,True,3.9,Traction Distribution
TDMS001531,COR01804,RLS,AJTM,NR,feeder_fault,A,2025-03-16,2025-03-05,11,True,4.3,Traction Distribution
TDMS001532,COR01308,HP,GRI,NWR,tension_device_fault,C,2024-01-25,2023-12-28,28,True,5.0,Traction Distribution
TDMS001533,COR03366,JRL,PUW,NWR,insulator_fault,B,2024-12-16,2024-12-15,1,True,4.4,Traction Distribution
TDMS001534,COR00715,JOS,ADH,WR,earthing_fault,B,2024-12-30,2023-06-07,572,True,3.7,Traction Distribution
TDMS001535,COR02839,SCH,BHET,WR,insulator_fault,B,2024-10-26,2024-10-02,24,True,0.5,Traction Distribution
TDMS001536,COR03883,SSB,MGLP,NR,ohe_pole_defect,C,2024-03-28,2022-11-30,484,True,5.0,Traction Distribution
TDMS001537,COR02155,GWYR,KTPM,SR,ohe_wire_wear,B,2024-10-08,2023-08-23,412,True,4.8,Traction Distribution
TDMS001538,COR01382,KYV,AMT,SR,feeder_fault,A,2024-12-03,2024-12-01,2,True,1.5,Traction Distribution
TDMS001539,COR00838,ORDI,SMP,WR,tension_device_fault,C,2025-01-18,2025-01-17,1,True,1.3,Traction Distribution
TDMS001540,COR00460,SLGH,SVN,SCR,feeder_fault,A,2025-08-02,2025-07-25,8,True,3.6,Traction Distribution
TDMS001541,COR01440,BGS,TIL,ECR,tension_device_fault,C,2025-04-22,2025-04-09,13,True,4.4,Traction Distribution
TDMS001542,COR03889,ASE,ROHN,NR,earthing_fault,B,2025-02-16,2025-02-10,6,True,4.8,Traction Distribution
TDMS001543,COR00557,PRI,IKK,NR,ohe_pole_defect,C,2024-01-23,2023-10-04,111,True,1.5,Traction Distribution
TDMS001544,COR03650,PSLP,GUK,SCR,insulator_fault,B,2025-06-08,2025-05-24,15,True,4.6,Traction Distribution
TDMS001545,COR00454,FKB,BSX,SCR,tension_device_fault,C,2025-12-24,2025-11-05,49,True,1.1,Traction Distribution
TDMS001546,COR04652,KT,GOK,KR,insulator_fault,B,2024-10-29,2024-10-27,2,True,0.9,Traction Distribution
TDMS001547,COR02158,INDR,TYMR,SR,earthing_fault,B,2025-05-21,2025-02-01,109,True,4.9,Traction Distribution
TDMS001548,COR02092,HSD,ABGT,SWR,insulator_fault,B,2025-04-17,2025-03-30,18,True,3.2,Traction Distribution
TDMS001549,COR05181,NDU,TEA,ECR,insulator_fault,B,2024-02-05,2024-01-31,5,True,0.8,Traction Distribution
TDMS001550,COR05534,WSA,BMP,SECR,ohe_wire_wear,B,2024-09-19,2024-04-13,159,True,1.3,Traction Distribution
TDMS001551,COR00217,BQF,MKD,WCR,circuit_breaker_fault,A,2025-10-25,2025-10-18,7,True,2.5,Traction Distribution
TDMS001552,COR04930,GNO,VEER,KR,ohe_pole_defect,C,2025-11-02,2025-10-05,28,True,4.4,Traction Distribution
TDMS001553,COR03932,BCT,MX,WR,insulator_fault,B,2025-04-08,2025-04-05,3,True,2.8,Traction Distribution
TDMS001554,COR00019,PDH,KHDI,WR,insulator_fault,B,2025-10-09,2025-08-18,52,True,3.2,Traction Distribution
TDMS001555,COR05901,KJME,UKA,ER,earthing_fault,B,2025-03-13,2025-02-23,18,True,3.2,Traction Distribution
TDMS001556,COR03941,RKR,JJA,WCR,tension_device_fault,C,2024-04-14,2024-03-22,23,True,4.5,Traction Distribution
TDMS001557,COR04006,KVTA,HAD,SR,insulator_fault,B,2024-09-06,2024-06-10,88,True,1.1,Traction Distribution
TDMS001558,COR05908,BDE,JJW,WR,tension_device_fault,C,2024-06-06,2024-02-06,121,True,2.8,Traction Distribution
TDMS001559,COR00496,KTZ,DRA,WCR,ohe_wire_wear,B,2024-01-29,2023-05-27,247,True,1.5,Traction Distribution
TDMS001560,COR06580,NLH,GHNA,NR,tension_device_fault,C,2025-06-09,2025-06-07,2,True,0.8,Traction Distribution
TDMS001561,COR00060,UJA,KMLI,WR,ohe_pole_defect,C,2024-03-02,2023-12-28,65,True,5.0,Traction Distribution
TDMS001562,COR01402,TIC,LP,SR,insulator_fault,B,2024-11-10,2024-11-10,0,True,1.8,Traction Distribution
TDMS001563,COR02999,KODN,PTB,SR,feeder_fault,A,2025-10-10,2024-12-12,302,True,2.0,Traction Distribution
TDMS001564,COR00878,BKU,AKE,SCR,insulator_fault,B,2024-09-23,2024-07-21,64,True,4.5,Traction Distribution
TDMS001565,COR01423,NPRD,DTL,SECR,earthing_fault,B,2025-12-01,2025-09-04,88,True,4.0,Traction Distribution
TDMS001566,COR00038,SUNR,BLRD,WR,circuit_breaker_fault,A,2024-12-13,2024-11-25,18,True,1.8,Traction Distribution
TDMS001567,COR01026,JMK,KWM,NFR,feeder_fault,A,2024-03-05,2024-02-19,15,True,2.8,Traction Distribution
TDMS001568,COR00638,DRSN,MZH,SECR,insulator_fault,B,2025-11-06,2025-08-27,71,True,0.6,Traction Distribution
TDMS001569,COR02491,PLCJ,MBT,NWR,ohe_wire_wear,B,2025-09-21,2025-04-29,145,True,3.1,Traction Distribution
TDMS001570,COR01348,CHP,DRW,WR,ohe_pole_defect,C,2025-02-28,2025-02-13,15,True,0.9,Traction Distribution
TDMS001571,COR04084,LHN,PDNR,SWR,ohe_pole_defect,C,2024-01-10,2023-10-13,89,True,1.3,Traction Distribution
TDMS001572,COR05141,MCQ,KRLR,ECR,ohe_wire_wear,B,2024-10-07,2024-10-01,6,True,0.9,Traction Distribution
TDMS001573,COR02429,TKBN,BNL,SWR,insulator_fault,B,2024-11-28,2024-04-10,232,True,3.7,Traction Distribution
TDMS001574,COR04505,BJP,IMR,SWR,feeder_fault,A,2024-10-25,2023-05-24,520,True,2.9,Traction Distribution
TDMS001575,COR00775,KIP,KWMD,NR,circuit_breaker_fault,A,2024-03-25,2023-08-16,222,True,3.0,Traction Distribution
TDMS001576,COR02832,JRS,BIM,WR,ohe_pole_defect,C,2024-10-12,2024-08-22,51,True,2.6,Traction Distribution
TDMS001577,COR05865,DTW,BLZ,NR,feeder_fault,A,2025-03-30,2025-03-16,14,True,1.4,Traction Distribution
TDMS001578,COR01895,KDM,INK,SCR,tension_device_fault,C,2024-03-10,2024-02-27,12,True,3.5,Traction Distribution
TDMS001579,COR05068,DKM,LHL,NFR,tension_device_fault,C,2024-11-09,2024-10-20,20,True,1.2,Traction Distribution
TDMS001580,COR01561,RMP,TAZ,CR,feeder_fault,A,2024-06-15,2024-03-30,77,True,2.2,Traction Distribution
TDMS001581,COR01562,TAZ,MSR,CR,earthing_fault,B,2025-08-04,2025-07-31,4,True,4.6,Traction Distribution
TDMS001582,COR02272,JHDC,THA,ECR,ohe_wire_wear,B,2024-04-03,2024-03-15,19,True,3.0,Traction Distribution
TDMS001583,COR05572,SKTN,KRSL,ECR,insulator_fault,B,2024-08-20,2023-10-19,306,True,3.7,Traction Distribution
TDMS001584,COR05079,MDVB,MDLE,ER,feeder_fault,A,2024-02-09,2024-02-05,4,True,4.8,Traction Distribution
TDMS001585,COR02933,NUH,UB,NER,ohe_pole_defect,C,2025-02-27,2024-11-22,97,True,3.3,Traction Distribution
TDMS001586,COR03269,RBS,AED,NCR,insulator_fault,B,2024-02-08,2023-11-16,84,True,2.7,Traction Distribution
TDMS001587,COR03323,LMNR,PLA,WR,feeder_fault,A,2024-12-14,2024-11-12,32,True,2.9,Traction Distribution
TDMS001588,COR02627,BEB,REJ,ER,circuit_breaker_fault,A,2025-08-24,2025-08-10,14,True,3.6,Traction Distribution
TDMS001589,COR01654,MWM,SBC,SWR,ohe_wire_wear,B,2024-04-05,2024-03-18,18,True,2.4,Traction Distribution
TDMS001590,COR07528,JTK,RGJ,NFR,ohe_wire_wear,B,2025-04-18,2025-02-04,73,True,4.7,Traction Distribution
TDMS001591,COR02963,BLLI,CNO,KR,tension_device_fault,C,2024-07-29,2024-07-10,19,True,3.3,Traction Distribution
TDMS001592,COR00286,BMA,KDK,CR,ohe_wire_wear,B,2024-06-03,2022-11-22,559,True,4.1,Traction Distribution
TDMS001593,COR00281,KRO,KKN,WCR,ohe_wire_wear,B,2024-03-29,2024-03-04,25,True,1.6,Traction Distribution
TDMS001594,COR06091,MUPA,DKE,NFR,feeder_fault,A,2025-10-19,2025-08-13,67,True,1.1,Traction Distribution
TDMS001595,COR01843,KKL,BPRS,NR,insulator_fault,B,2024-09-10,2024-09-02,8,True,1.8,Traction Distribution
TDMS001596,COR00121,TL,GLTA,NWR,earthing_fault,B,2024-01-31,2022-12-18,409,True,1.3,Traction Distribution
TDMS001597,COR00276,CRK,HD,WCR,earthing_fault,B,2025-04-13,2025-04-12,1,True,1.8,Traction Distribution
TDMS001598,COR01303,PPF,BER,NWR,ohe_wire_wear,B,2025-04-30,2025-03-23,38,True,2.5,Traction Distribution
TDMS001599,COR00988,MZA,NMT,NFR,tension_device_fault,C,2024-06-19,2024-06-14,5,True,3.0,Traction Distribution
TDMS001600,COR04257,FTS,AED,NCR,earthing_fault,B,2025-07-01,2025-06-13,18,True,3.6,Traction Distribution
TDMS001601,COR03766,SSC,PBE,NER,earthing_fault,B,2025-10-16,2025-07-04,104,True,2.8,Traction Distribution
TDMS001602,COR01974,SHH,JND,WR,earthing_fault,B,2025-09-04,2025-08-25,10,True,2.1,Traction Distribution
TDMS001603,COR00686,KEB,BLD,WR,tension_device_fault,C,2024-06-03,2024-03-13,82,True,4.6,Traction Distribution
TDMS001604,COR04440,BGS,LAK,ECR,insulator_fault,B,2025-08-17,2025-06-02,76,True,4.7,Traction Distribution
TDMS001605,COR04094,BKWA,PJK,NR,ohe_wire_wear,B,2025-12-20,2025-12-06,14,True,2.7,Traction Distribution
TDMS001606,COR01567,BVNR,TKR,CR,ohe_pole_defect,C,2024-05-01,2024-01-08,114,True,0.9,Traction Distribution
TDMS001607,COR01220,OSA,NEI,CR,earthing_fault,B,2025-03-29,2025-03-11,18,True,3.5,Traction Distribution
TDMS001608,COR02811,VR,VTN,WR,insulator_fault,B,2024-04-05,2024-03-17,19,True,2.3,Traction Distribution
TDMS001609,COR00420,LKPL,HYB,SCR,earthing_fault,B,2024-07-02,2024-06-11,21,True,3.6,Traction Distribution
TDMS001610,COR01896,INK,NKD,SCR,ohe_pole_defect,C,2024-01-16,2023-05-15,246,True,3.2,Traction Distribution
TDMS001611,COR00203,SWE,PFM,NR,earthing_fault,B,2025-01-02,2024-09-04,120,True,2.7,Traction Distribution
TDMS001612,COR04002,PNPR,PUPR,SR,insulator_fault,B,2025-08-26,2025-08-24,2,True,1.0,Traction Distribution
TDMS001613,COR00973,BDT,DJG,NFR,ohe_wire_wear,B,2024-10-23,2024-10-08,15,True,2.3,Traction Distribution
TDMS001614,COR02192,DUR,BGM,SWR,insulator_fault,B,2024-05-29,2024-05-20,9,True,0.8,Traction Distribution
TDMS001615,COR02886,RMR,PRM,NER,insulator_fault,B,2024-12-18,2024-12-09,9,True,4.8,Traction Distribution
TDMS001616,COR00224,SAGM,STA,WCR,ohe_wire_wear,B,2024-03-05,2024-02-18,16,True,1.9,Traction Distribution
TDMS001617,COR03932,BCT,MX,WR,ohe_wire_wear,B,2025-08-25,2025-08-25,0,True,3.8,Traction Distribution
TDMS001618,COR07223,NDT,MVJ,NWR,tension_device_fault,C,2024-11-09,2024-10-31,9,True,1.4,Traction Distribution
TDMS001619,COR03734,GGH,CKNA,ECR,tension_device_fault,C,2024-11-26,2024-11-10,16,True,2.8,Traction Distribution
TDMS001620,COR00468,DSK,SAV,CR,ohe_wire_wear,B,2025-07-29,2025-04-28,92,True,3.1,Traction Distribution
TDMS001621,COR00697,KLV,SAH,WR,earthing_fault,B,2025-11-29,2025-10-28,32,True,1.4,Traction Distribution
TDMS001622,COR06008,LHW,GND,NWR,ohe_wire_wear,B,2024-07-07,2024-04-26,72,True,3.6,Traction Distribution
TDMS001623,COR01898,YGL,CLE,SCR,ohe_pole_defect,C,2025-04-04,2025-03-20,15,True,0.8,Traction Distribution
TDMS001624,COR01489,PKB,LMG,NFR,earthing_fault,B,2024-09-02,2024-05-15,110,True,3.6,Traction Distribution
TDMS001625,COR04688,VINH,KFD,KR,circuit_breaker_fault,A,2025-04-07,2024-03-28,375,True,3.2,Traction Distribution
TDMS001626,COR04943,UKC,BOKE,KR,ohe_wire_wear,B,2025-11-08,2025-09-25,44,True,4.8,Traction Distribution
TDMS001627,COR06395,AHM,MBS,NER,earthing_fault,B,2025-02-07,2025-01-19,19,True,3.1,Traction Distribution
TDMS001628,COR02317,VRG,KDHA,WR,circuit_breaker_fault,A,2024-03-05,2023-05-03,307,True,2.6,Traction Distribution
TDMS001629,COR01151,PR,CRD,CR,ohe_wire_wear,B,2024-06-22,2024-06-04,18,True,2.1,Traction Distribution
TDMS001630,COR04052,TJD,CBN,NER,feeder_fault,A,2024-04-06,2024-04-03,3,True,4.5,Traction Distribution
TDMS001631,COR01359,DNW,GUS,WR,ohe_wire_wear,B,2025-05-17,2025-05-10,7,True,3.9,Traction Distribution
TDMS001632,COR01365,KLL,SHRD,WR,insulator_fault,B,2024-03-25,2024-03-06,19,True,1.2,Traction Distribution
TDMS001633,COR01637,BSN,AMSA,SWR,ohe_pole_defect,C,2024-12-18,2024-09-20,89,True,3.0,Traction Distribution
TDMS001634,COR05850,LDM,BIPR,NWR,circuit_breaker_fault,A,2024-07-16,2024-05-31,46,True,1.0,Traction Distribution
TDMS001635,COR01036,TTLA,DGU,NFR,insulator_fault,B,2025-08-13,2025-06-26,48,True,3.6,Traction Distribution
TDMS001636,COR03822,SZR,BXP,NFR,ohe_wire_wear,B,2025-05-22,2023-11-05,564,True,2.7,Traction Distribution
TDMS001637,COR02442,MIAN,TYAE,ER,ohe_wire_wear,B,2024-10-09,2024-09-19,20,True,0.5,Traction Distribution
TDMS001638,COR00883,BMPL,PAPM,SCR,ohe_wire_wear,B,2024-11-14,2024-10-29,16,True,3.9,Traction Distribution
TDMS001639,COR03079,QLD,VEK,SR,insulator_fault,B,2025-07-25,2025-07-17,8,True,1.4,Traction Distribution
TDMS001640,COR04077,BJP,AYB,SWR,tension_device_fault,C,2024-11-28,2024-11-15,13,True,3.7,Traction Distribution
TDMS001641,COR00274,CGO,TBN,WCR,tension_device_fault,C,2024-10-05,2024-09-19,16,True,0.8,Traction Distribution
TDMS001642,COR01715,CTHR,MJG,WCR,feeder_fault,A,2024-02-02,2023-11-01,93,True,1.8,Traction Distribution
TDMS001643,COR05892,TL,KSG,NWR,feeder_fault,A,2024-11-08,2024-04-11,211,True,1.5,Traction Distribution
TDMS001644,COR01759,FSP,DNHK,WCR,earthing_fault,B,2025-03-11,2024-11-10,121,True,4.3,Traction Distribution
TDMS001645,COR05946,HYL,DKWA,NWR,ohe_wire_wear,B,2025-07-19,2024-09-16,306,True,4.2,Traction Distribution
TDMS001646,COR05901,KJME,UKA,ER,earthing_fault,B,2025-07-16,2025-05-08,69,True,4.7,Traction Distribution
TDMS001647,COR00528,ULL,MJS,SR,insulator_fault,B,2025-06-14,2025-06-08,6,True,3.3,Traction Distribution
TDMS001648,COR04727,VKA,KNG,NR,circuit_breaker_fault,A,2024-04-20,2023-11-18,154,True,2.7,Traction Distribution
TDMS001649,COR06026,NRKE,CRWA,NWR,earthing_fault,B,2025-02-17,2025-02-03,14,True,2.6,Traction Distribution
TDMS001650,COR02409,LKBL,PPLI,WR,ohe_pole_defect,C,2025-02-24,2024-11-15,101,True,1.9,Traction Distribution
TDMS001651,COR00695,UOI,PLG,WR,ohe_wire_wear,B,2025-05-15,2025-05-07,8,True,3.5,Traction Distribution
TDMS001652,COR01700,NWR,MDRR,WCR,tension_device_fault,C,2024-08-17,2024-07-29,19,True,3.6,Traction Distribution
TDMS001653,COR01729,JSR,IDGJ,NCR,ohe_wire_wear,B,2024-03-15,2024-02-24,20,True,3.3,Traction Distribution
TDMS001654,COR03903,JIND,BZO,NR,circuit_breaker_fault,A,2024-11-17,2024-10-09,39,True,0.6,Traction Distribution
TDMS001655,COR04423,NAG,DEV,SWR,earthing_fault,B,2025-12-30,2025-12-24,6,True,4.9,Traction Distribution
TDMS001656,COR03059,SGLM,NNN,SR,insulator_fault,B,2024-07-05,2022-12-04,579,True,4.0,Traction Distribution
TDMS001657,COR01886,PNDP,KMT,SCR,circuit_breaker_fault,A,2025-11-17,2025-10-02,46,True,3.0,Traction Distribution
TDMS001658,COR00475,CDI,NPNR,CR,feeder_fault,A,2025-09-03,2025-08-21,13,True,2.2,Traction Distribution
TDMS001659,COR02174,MJG,TKYR,WCR,feeder_fault,A,2024-09-07,2024-08-22,16,True,3.0,Traction Distribution
TDMS001660,COR01334,SRPJ,BMN,NWR,tension_device_fault,C,2025-06-17,2025-03-28,81,True,3.6,Traction Distribution
TDMS001661,COR03131,KKAE,BAHW,ER,feeder_fault,A,2024-07-19,2024-03-30,111,True,2.8,Traction Distribution
TDMS001662,COR04928,INP,MNI,KR,tension_device_fault,C,2025-03-02,2025-02-15,15,True,4.7,Traction Distribution
TDMS001663,COR00131,MWW,AWR,NWR,earthing_fault,B,2024-05-10,2024-05-07,3,True,4.5,Traction Distribution
TDMS001664,COR01784,DRU,RRB,SWR,ohe_pole_defect,C,2025-11-08,2025-10-20,19,True,2.2,Traction Distribution
TDMS001665,COR02535,LHA,GGKR,NR,feeder_fault,A,2024-03-23,2024-03-23,0,True,2.7,Traction Distribution
TDMS001666,COR02682,NRW,GSO,NR,ohe_wire_wear,B,2024-04-28,2024-04-02,26,True,3.7,Traction Distribution
TDMS001667,COR00088,KZQ,RANI,NWR,ohe_wire_wear,B,2025-06-05,2025-02-16,109,True,4.6,Traction Distribution
TDMS001668,COR05996,PJH,GPX,WR,ohe_wire_wear,B,2025-10-26,2025-10-13,13,True,4.8,Traction Distribution
TDMS001669,COR01897,NKD,YGL,SCR,ohe_pole_defect,C,2025-10-03,2025-09-18,15,True,4.3,Traction Distribution
TDMS001670,COR06809,RGS,SMPR,NWR,earthing_fault,B,2025-09-03,2025-08-21,13,True,4.1,Traction Distribution
TDMS001671,COR03618,RLP,SOQ,SWR,circuit_breaker_fault,A,2024-12-16,2024-12-01,15,True,4.3,Traction Distribution
TDMS001672,COR08343,RDHP,VRX,WR,ohe_wire_wear,B,2025-07-04,2025-05-16,49,True,2.4,Traction Distribution
TDMS001673,COR04932,SAPE,KFD,KR,ohe_wire_wear,B,2024-06-20,2022-11-13,585,True,4.8,Traction Distribution
TDMS001674,COR06978,MNDR,SEPR,NR,ohe_pole_defect,C,2025-03-28,2025-03-01,27,True,4.8,Traction Distribution
TDMS001675,COR02070,DBS,HHL,SWR,tension_device_fault,C,2025-10-20,2025-10-02,18,True,4.5,Traction Distribution
TDMS001676,COR01080,RBG,CKR,SWR,ohe_wire_wear,B,2025-07-24,2025-07-20,4,True,4.4,Traction Distribution
TDMS001677,COR01897,NKD,YGL,SCR,feeder_fault,A,2024-05-26,2024-05-19,7,True,2.4,Traction Distribution
TDMS001678,COR02378,VNRD,KHRS,WR,earthing_fault,B,2024-03-03,2024-02-13,19,True,1.0,Traction Distribution
TDMS001679,COR02385,CJR,DXR,WR,circuit_breaker_fault,A,2024-04-12,2024-01-13,90,True,3.7,Traction Distribution
TDMS001680,COR02101,THN,DVG,SWR,insulator_fault,B,2024-03-29,2024-03-24,5,True,1.7,Traction Distribution
TDMS001681,COR05427,GRMR,KHNM,NR,feeder_fault,A,2025-01-01,2024-12-14,18,True,1.1,Traction Distribution
TDMS001682,COR04469,JPZ,PNVT,NFR,insulator_fault,B,2025-03-26,2025-03-14,12,True,4.4,Traction Distribution
TDMS001683,COR04290,RKI,MDF,SER,tension_device_fault,C,2024-09-19,2024-07-24,57,True,2.6,Traction Distribution
TDMS001684,COR01503,KDZ,KANO,NR,ohe_pole_defect,C,2024-12-01,2024-10-24,38,True,4.3,Traction Distribution
TDMS001685,COR00996,TTB,CFG,NFR,feeder_fault,A,2025-07-29,2025-06-23,36,True,3.9,Traction Distribution
TDMS001686,COR03238,HKL,NMH,WR,ohe_wire_wear,B,2025-05-13,2025-02-22,80,True,0.7,Traction Distribution
TDMS001687,COR00229,BUU,UDR,WCR,tension_device_fault,C,2025-03-16,2025-01-09,66,True,1.8,Traction Distribution
TDMS001688,COR02998,PUM,KODN,SR,tension_device_fault,C,2025-02-17,2025-02-06,11,True,2.5,Traction Distribution
TDMS001689,COR01869,BBMN,JAT,NR,ohe_wire_wear,B,2024-11-20,2024-11-19,1,True,2.9,Traction Distribution
TDMS001690,COR00704,VR,NSP,WR,ohe_wire_wear,B,2024-07-12,2024-05-07,66,True,5.0,Traction Distribution
TDMS001691,COR01720,MKP,PNHI,NCR,ohe_pole_defect,C,2024-05-06,2023-04-10,392,True,4.8,Traction Distribution
TDMS001692,COR04268,BSR,JCNR,WR,ohe_wire_wear,B,2025-09-26,2025-05-02,147,True,4.2,Traction Distribution
TDMS001693,COR08453,D,NTA,ER,circuit_breaker_fault,A,2025-06-06,2025-05-25,12,True,0.8,Traction Distribution
TDMS001694,COR00712,KILE,MDD,WR,tension_device_fault,C,2025-09-30,2025-09-14,16,True,3.5,Traction Distribution
TDMS001695,COR04507,HOH,MVD,SWR,circuit_breaker_fault,A,2025-07-28,2025-06-10,48,True,2.9,Traction Distribution
TDMS001696,COR02188,LD,GNJ,SWR,ohe_wire_wear,B,2025-12-11,2025-08-16,117,True,4.0,Traction Distribution
TDMS001697,COR04471,GLPT,KRNI,NFR,insulator_fault,B,2024-01-07,2023-12-30,8,True,4.4,Traction Distribution
TDMS001698,COR00140,BWL,KNGT,NWR,earthing_fault,B,2024-09-12,2024-08-10,33,True,4.1,Traction Distribution
TDMS001699,COR00184,KUMB,BTH,ECR,ohe_pole_defect,C,2025-07-23,2024-04-30,449,True,0.9,Traction Distribution
TDMS001700,COR07564,HPA,KRNR,SWR,ohe_pole_defect,C,2025-10-19,2024-07-06,470,True,4.3,Traction Distribution
TDMS001701,COR06372,JLR,NUD,WR,ohe_pole_defect,C,2025-04-04,2025-03-06,29,True,1.6,Traction Distribution
TDMS001702,COR06372,JLR,NUD,WR,tension_device_fault,C,2024-09-15,2024-09-05,10,True,3.0,Traction Distribution
TDMS001703,COR01565,KRD,SNE,CR,earthing_fault,B,2024-03-05,2024-03-01,4,True,3.9,Traction Distribution
TDMS001704,COR04141,CQL,VAPM,SR,earthing_fault,B,2024-02-11,2023-12-18,55,True,2.5,Traction Distribution
TDMS001705,COR00229,BUU,UDR,WCR,ohe_pole_defect,C,2024-09-10,2024-08-29,12,True,1.3,Traction Distribution
TDMS001706,COR02199,VLY,DYS,SR,tension_device_fault,C,2025-06-09,2024-09-26,256,True,2.6,Traction Distribution
TDMS001707,COR01670,BGTA,GMD,WCR,insulator_fault,B,2025-09-24,2025-09-14,10,True,4.5,Traction Distribution
TDMS001708,COR02588,MANK,MRDW,KR,feeder_fault,A,2025-08-21,2025-05-18,95,True,2.5,Traction Distribution
TDMS001709,COR00564,DWO,HRW,NR,insulator_fault,B,2024-11-03,2024-08-20,75,True,1.3,Traction Distribution
TDMS001710,COR07027,DBLA,NIP,NWR,tension_device_fault,C,2024-06-07,2024-06-03,4,True,1.8,Traction Distribution
TDMS001711,COR00277,HD,PAL,WCR,earthing_fault,B,2024-07-31,2024-07-20,11,True,4.6,Traction Distribution
TDMS001712,COR04137,KN,FK,SR,earthing_fault,B,2025-05-09,2025-02-23,75,True,2.6,Traction Distribution
TDMS001713,COR00719,KHAR,BDTS,WR,ohe_pole_defect,C,2024-01-08,2024-01-05,3,True,1.1,Traction Distribution
TDMS001714,COR05869,SSZ,KTKL,NR,ohe_wire_wear,B,2024-03-02,2024-02-29,2,True,2.5,Traction Distribution
TDMS001715,COR03691,MDN,BUTA,SER,ohe_wire_wear,B,2025-02-22,2025-02-11,11,True,2.6,Traction Distribution
TDMS001716,COR04942,SGR,UKC,KR,earthing_fault,B,2025-11-10,2024-11-14,361,True,2.7,Traction Distribution
TDMS001717,COR00664,MOG,NNNL,ECR,ohe_wire_wear,B,2025-01-04,2024-12-27,8,True,4.3,Traction Distribution
TDMS001718,COR04923,KASU,NGTN,CR,ohe_pole_defect,C,2025-07-20,2025-03-27,115,True,3.4,Traction Distribution
TDMS001719,COR00488,HD,CRK,WCR,earthing_fault,B,2025-09-13,2025-05-18,118,True,3.0,Traction Distribution
TDMS001720,COR00446,KMC,UPW,SCR,insulator_fault,B,2024-11-28,2024-11-14,14,True,1.8,Traction Distribution
TDMS001721,COR00273,PGL,CGO,WCR,ohe_wire_wear,B,2024-07-20,2024-07-03,17,True,5.0,Traction Distribution
TDMS001722,COR02159,TYMR,TRMN,SR,ohe_pole_defect,C,2025-02-05,2023-10-25,469,True,3.1,Traction Distribution
TDMS001723,COR02396,AXA,SDD,WR,ohe_pole_defect,C,2025-09-23,2025-06-21,94,True,3.7,Traction Distribution
TDMS001724,COR04523,JAK,HLAR,SWR,earthing_fault,B,2025-07-01,2025-06-30,1,True,1.3,Traction Distribution
TDMS001725,COR04396,KGRA,KPLR,NR,ohe_pole_defect,C,2024-02-06,2024-01-18,19,True,0.6,Traction Distribution
TDMS001726,COR01028,LPN,CPK,NFR,ohe_wire_wear,B,2025-03-31,2024-12-17,104,True,3.6,Traction Distribution
TDMS001727,COR00033,VD,RA,WR,ohe_wire_wear,B,2024-06-19,2023-12-08,194,True,4.4,Traction Distribution
TDMS001728,COR00933,BNC,BNCE,SWR,earthing_fault,B,2025-03-21,2025-01-04,76,True,3.7,Traction Distribution
TDMS001729,COR00076,KWI,BMN,NWR,earthing_fault,B,2024-09-15,2023-10-23,328,True,0.7,Traction Distribution
TDMS001730,COR01693,ADTL,DOE,WCR,insulator_fault,B,2025-12-28,2025-12-11,17,True,2.4,Traction Distribution
TDMS001731,COR00688,SJN,UBR,WR,ohe_wire_wear,B,2024-07-16,2024-07-13,3,True,4.3,Traction Distribution
TDMS001732,COR04166,GILL,QRP,NR,insulator_fault,B,2024-02-18,2023-11-25,85,True,2.6,Traction Distribution
TDMS001733,COR01713,JTW,KTHA,WCR,feeder_fault,A,2024-04-22,2024-04-15,7,True,1.4,Traction Distribution
TDMS001734,COR03577,GSL,BUTA,SER,ohe_wire_wear,B,2025-01-05,2024-10-11,86,True,4.8,Traction Distribution
TDMS001735,COR00539,NLE,CHV,SR,feeder_fault,A,2025-10-26,2025-10-07,19,True,1.5,Traction Distribution
TDMS001736,COR02692,KHV,SMF,NR,earthing_fault,B,2024-05-07,2024-02-24,73,True,4.4,Traction Distribution
TDMS001737,COR00399,KPA,KYI,ER,ohe_wire_wear,B,2024-08-23,2024-08-15,8,True,1.8,Traction Distribution
TDMS001738,COR01439,LAK,BGS,ECR,earthing_fault,B,2025-11-06,2025-08-26,72,True,1.3,Traction Distribution
TDMS001739,COR06411,KHRI,KNF,SER,ohe_pole_defect,C,2025-06-08,2025-05-11,28,True,4.4,Traction Distribution
TDMS001740,COR00245,MML,KEQ,WCR,earthing_fault,B,2025-02-14,2024-11-21,85,True,3.2,Traction Distribution
TDMS001741,COR02147,PG,PBN,SCR,circuit_breaker_fault,A,2025-04-12,2025-01-13,89,True,4.0,Traction Distribution
TDMS001742,COR01886,PNDP,KMT,SCR,insulator_fault,B,2025-11-21,2025-10-31,21,True,1.4,Traction Distribution
TDMS001743,COR07539,FLM,DHH,NFR,insulator_fault,B,2025-09-21,2024-07-13,435,True,2.0,Traction Distribution
TDMS001744,COR01435,UMNR,SKJ,ECR,ohe_wire_wear,B,2025-03-19,2025-03-01,18,True,1.4,Traction Distribution
TDMS001745,COR02434,LCAE,KGLE,ER,earthing_fault,B,2025-10-12,2025-09-25,17,True,2.3,Traction Distribution
TDMS001746,COR00684,UVD,VAPI,WR,ohe_wire_wear,B,2025-09-26,2025-09-15,11,True,1.5,Traction Distribution
TDMS001747,COR02012,PRAR,SLHP,NR,earthing_fault,B,2024-02-03,2024-02-01,2,True,4.5,Traction Distribution
TDMS001748,COR02394,WKR,WKRC,WR,ohe_wire_wear,B,2024-12-09,2024-11-20,19,True,2.8,Traction Distribution
TDMS001749,COR03570,RSG,VSU,SER,ohe_wire_wear,B,2024-11-02,2024-10-28,5,True,3.5,Traction Distribution
TDMS001750,COR05185,PPN,PRBZ,ECR,ohe_pole_defect,C,2024-09-01,2024-07-22,41,True,1.8,Traction Distribution
TDMS001751,COR00616,PPY,MLMG,SCR,ohe_wire_wear,B,2024-12-22,2024-12-20,2,True,3.4,Traction Distribution
TDMS001752,COR01458,NRD,SDGM,WR,ohe_wire_wear,B,2024-06-11,2024-05-22,20,True,4.9,Traction Distribution
TDMS001753,COR05155,KNC,BARD,WCR,insulator_fault,B,2025-09-23,2025-07-19,66,True,2.9,Traction Distribution
TDMS001754,COR03968,SHBA,DHAE,ER,ohe_wire_wear,B,2025-02-23,2023-07-13,591,True,3.4,Traction Distribution
TDMS001755,COR02920,JKNI,GAW,NER,earthing_fault,B,2025-06-18,2025-06-11,7,True,2.4,Traction Distribution
TDMS001756,COR01730,PRG,PFM,NR,ohe_pole_defect,C,2024-04-15,2024-01-03,103,True,4.9,Traction Distribution
TDMS001757,COR03950,BGAE,SOAE,ER,circuit_breaker_fault,A,2025-09-30,2025-09-21,9,True,2.7,Traction Distribution
TDMS001758,COR01403,LP,MMH,SR,circuit_breaker_fault,A,2024-05-27,2023-12-07,172,True,3.1,Traction Distribution
TDMS001759,COR06805,RNW,PCMK,NWR,ohe_pole_defect,C,2024-01-18,2024-01-09,9,True,2.9,Traction Distribution
TDMS001760,COR00621,NVC,BKL,SCR,insulator_fault,B,2024-05-05,2024-04-19,16,True,2.4,Traction Distribution
TDMS001761,COR01347,UM,CHP,WR,insulator_fault,B,2024-01-25,2023-12-10,46,True,3.2,Traction Distribution
TDMS001762,COR00128,RHG,DGW,NWR,ohe_wire_wear,B,2024-03-26,2024-03-07,19,True,4.4,Traction Distribution
TDMS001763,COR00757,DBM,VSG,SWR,ohe_wire_wear,B,2024-10-14,2024-09-24,20,True,4.6,Traction Distribution
TDMS001764,COR05864,BRZ,DTW,NR,insulator_fault,B,2025-04-22,2025-04-14,8,True,4.2,Traction Distribution
TDMS001765,COR02233,HJL,KGI,SWR,ohe_wire_wear,B,2025-02-19,2025-01-16,34,True,1.8,Traction Distribution
TDMS001766,COR01704,PKRD,UDR,WCR,earthing_fault,B,2024-03-17,2023-11-20,118,True,1.9,Traction Distribution
TDMS001767,COR03693,GSL,SLB,SER,ohe_wire_wear,B,2025-03-04,2025-02-13,19,True,4.4,Traction Distribution
TDMS001768,COR04661,VEN,KRMI,KR,insulator_fault,B,2024-10-25,2024-10-07,18,True,2.0,Traction Distribution
TDMS001769,COR00548,VAPM,CQL,SR,tension_device_fault,C,2024-05-11,2024-04-28,13,True,4.9,Traction Distribution
TDMS001770,COR02903,PASA,DAVM,SR,ohe_wire_wear,B,2024-12-08,2024-11-26,12,True,1.7,Traction Distribution
TDMS001771,COR02319,UDM,NRGR,WR,insulator_fault,B,2025-03-21,2024-09-15,187,True,1.5,Traction Distribution
TDMS001772,COR03146,RCRA,RJ,NER,tension_device_fault,C,2025-10-03,2025-09-18,15,True,4.9,Traction Distribution
TDMS001773,COR04125,DOC,KLI,NR,ohe_pole_defect,C,2025-02-02,2025-01-15,18,True,4.2,Traction Distribution
TDMS001774,COR04902,RMGM,CPT,SWR,feeder_fault,A,2025-10-04,2024-03-26,557,True,3.7,Traction Distribution
TDMS001775,COR05217,NPT,KTM,SR,ohe_wire_wear,B,2025-11-11,2025-07-24,110,True,4.2,Traction Distribution
TDMS001776,COR02049,KMRD,DKY,CR,feeder_fault,A,2024-02-08,2022-07-28,560,True,2.7,Traction Distribution
TDMS001777,COR01729,JSR,IDGJ,NCR,ohe_pole_defect,C,2025-08-02,2025-07-07,26,True,3.9,Traction Distribution
TDMS001778,COR08096,UGP,SRDW,NCR,earthing_fault,B,2025-08-09,2025-07-20,20,True,1.2,Traction Distribution
TDMS001779,COR05268,CLU,PAV,SCR,insulator_fault,B,2024-03-11,2024-03-01,10,True,2.5,Traction Distribution
TDMS001780,COR01885,CKN,PNDP,SCR,ohe_wire_wear,B,2024-09-03,2024-08-16,18,True,1.3,Traction Distribution
TDMS001781,COR00835,HMG,SNYN,NWR,insulator_fault,B,2025-04-30,2024-03-26,400,True,2.4,Traction Distribution
TDMS001782,COR00030,DL,LMC,WR,ohe_wire_wear,B,2024-09-13,2023-07-02,439,True,4.3,Traction Distribution
TDMS001783,COR04835,MTA,TLV,WCR,ohe_pole_defect,C,2024-02-12,2022-06-25,597,True,3.9,Traction Distribution
TDMS001784,COR02838,MRL,SCH,WR,ohe_wire_wear,B,2024-04-24,2024-01-11,104,True,4.8,Traction Distribution
TDMS001785,COR00277,HD,PAL,WCR,tension_device_fault,C,2024-12-19,2024-12-03,16,True,2.8,Traction Distribution
TDMS001786,COR00212,KTDD,DBR,NCR,earthing_fault,B,2024-02-18,2024-02-13,5,True,4.6,Traction Distribution
TDMS001787,COR03685,NBGH,ELP,CR,circuit_breaker_fault,A,2024-05-12,2024-05-12,0,True,2.9,Traction Distribution
TDMS001788,COR02392,DL,LXR,WR,tension_device_fault,C,2025-05-11,2025-04-30,11,True,2.9,Traction Distribution
TDMS001789,COR00144,KIP,IHP,NR,ohe_wire_wear,B,2024-01-09,2023-10-14,87,True,1.7,Traction Distribution
TDMS001790,COR02987,CLT,KUL,SR,circuit_breaker_fault,A,2025-07-17,2025-04-19,89,True,3.6,Traction Distribution
TDMS001791,COR00267,SQL,GRO,WCR,ohe_pole_defect,C,2025-03-03,2025-02-13,18,True,2.6,Traction Distribution
TDMS001792,COR04683,KMAH,CHI,KR,insulator_fault,B,2025-10-09,2025-10-01,8,True,3.6,Traction Distribution
TDMS001793,COR03843,SFR,BOJ,NFR,feeder_fault,A,2025-04-23,2025-04-22,1,True,3.5,Traction Distribution
TDMS001794,COR00184,KUMB,BTH,ECR,earthing_fault,B,2025-12-14,2025-11-03,41,True,2.6,Traction Distribution
TDMS001795,COR00746,JKN,SDT,NER,tension_device_fault,C,2025-07-01,2025-03-24,99,True,5.0,Traction Distribution
TDMS001796,COR04106,BTIC,BCU,NR,earthing_fault,B,2024-08-18,2023-11-01,291,True,2.7,Traction Distribution
TDMS001797,COR01341,SZA,IQG,NWR,circuit_breaker_fault,A,2024-01-27,2024-01-21,6,True,1.8,Traction Distribution
TDMS001798,COR08275,MSTH,GHRI,NR,circuit_breaker_fault,A,2025-12-29,2025-12-04,25,True,2.1,Traction Distribution
TDMS001799,COR05390,KID,MTH,NCR,ohe_wire_wear,B,2025-09-06,2025-07-08,60,True,4.8,Traction Distribution
TDMS001800,COR02359,HBG,GRG,WCR,ohe_wire_wear,B,2024-11-02,2023-04-14,568,True,1.1,Traction Distribution
TDMS001801,COR00244,HBG,MML,WCR,tension_device_fault,C,2024-02-21,2023-11-14,99,True,4.1,Traction Distribution
TDMS001802,COR01610,DVG,THN,SWR,ohe_wire_wear,B,2024-09-25,2024-09-08,17,True,1.5,Traction Distribution
TDMS001803,COR02810,NSP,VR,WR,earthing_fault,B,2024-01-23,2023-10-10,105,True,4.9,Traction Distribution
TDMS001804,COR04149,CDRA,CHV,SR,tension_device_fault,C,2025-06-29,2025-01-08,172,True,0.9,Traction Distribution
TDMS001805,COR02964,AT,KAWR,KR,circuit_breaker_fault,A,2025-11-05,2024-04-06,578,True,1.5,Traction Distribution
TDMS001806,COR07077,KTKH,NKR,WR,earthing_fault,B,2024-06-07,2024-05-27,11,True,4.5,Traction Distribution
TDMS001807,COR05181,NDU,TEA,ECR,tension_device_fault,C,2024-11-24,2023-05-05,569,True,4.9,Traction Distribution
TDMS001808,COR01954,TR,NSL,SCR,ohe_wire_wear,B,2025-04-03,2024-12-14,110,True,3.9,Traction Distribution
TDMS001809,COR02166,MEJ,IVL,SR,tension_device_fault,C,2024-04-19,2024-04-02,17,True,1.6,Traction Distribution
TDMS001810,COR01683,GPC,BELD,WCR,insulator_fault,B,2024-01-21,2023-08-02,172,True,0.5,Traction Distribution
TDMS001811,COR00290,CDI,AGQ,CR,ohe_pole_defect,C,2024-06-08,2024-03-30,70,True,0.8,Traction Distribution
TDMS001812,COR03988,AZ,ACLE,ER,circuit_breaker_fault,A,2025-06-28,2025-05-13,46,True,4.5,Traction Distribution
TDMS001813,COR01760,DNHK,HAN,WCR,ohe_wire_wear,B,2024-09-14,2023-06-28,444,True,1.5,Traction Distribution
TDMS001814,COR02892,KHA,SGBJ,WCR,ohe_pole_defect,C,2025-09-26,2024-07-06,447,True,1.2,Traction Distribution
TDMS001815,COR03651,GUK,OTR,SCR,insulator_fault,B,2024-12-04,2024-11-25,9,True,1.4,Traction Distribution
TDMS001816,COR02663,BTI,KZW,NR,ohe_pole_defect,C,2025-04-05,2025-03-27,9,True,3.8,Traction Distribution
TDMS001817,COR02902,KZTW,PASA,SR,tension_device_fault,C,2024-04-19,2024-02-25,54,True,3.2,Traction Distribution
TDMS001818,COR00690,BRRD,GVD,WR,ohe_pole_defect,C,2024-07-03,2024-06-16,17,True,4.6,Traction Distribution
TDMS001819,COR01682,NU,GPC,WCR,insulator_fault,B,2025-09-16,2025-09-13,3,True,2.1,Traction Distribution
TDMS001820,COR00559,JWP,HW,NR,ohe_pole_defect,C,2025-06-27,2025-06-07,20,True,4.6,Traction Distribution
TDMS001821,COR02601,MULK,SL,KR,tension_device_fault,C,2024-11-14,2024-10-31,14,True,4.0,Traction Distribution
TDMS001822,COR01709,LGCE,STA,WCR,ohe_pole_defect,C,2024-01-10,2023-12-22,19,True,3.5,Traction Distribution
TDMS001823,COR00363,SOJN,KDMR,WR,insulator_fault,B,2025-11-23,2025-11-11,12,True,3.3,Traction Distribution
TDMS001824,COR04909,PANP,S,SWR,ohe_pole_defect,C,2024-08-29,2024-08-25,4,True,1.3,Traction Distribution
TDMS001825,COR05208,PDV,PML,SR,ohe_wire_wear,B,2025-06-15,2025-02-07,128,True,4.9,Traction Distribution
TDMS001826,COR04271,KHBV,BIRD,CR,ohe_pole_defect,C,2025-06-06,2025-05-17,20,True,2.4,Traction Distribution
TDMS001827,COR00277,HD,PAL,WCR,ohe_wire_wear,B,2025-01-02,2024-12-27,6,True,2.0,Traction Distribution
TDMS001828,COR04692,GNO,MNI,KR,earthing_fault,B,2025-05-10,2024-07-17,297,True,2.8,Traction Distribution
TDMS001829,COR01082,BGWD,GPB,SWR,ohe_wire_wear,B,2024-10-20,2024-10-06,14,True,2.7,Traction Distribution
TDMS001830,COR01567,BVNR,TKR,CR,tension_device_fault,C,2025-10-19,2025-09-29,20,True,1.9,Traction Distribution
TDMS001831,COR01710,STA,SAGM,WCR,earthing_fault,B,2024-11-06,2024-10-30,7,True,4.5,Traction Distribution
TDMS001832,COR01033,JID,BRHU,NFR,feeder_fault,A,2024-07-23,2024-06-02,51,True,0.9,Traction Distribution
TDMS001833,COR04160,UAA,MJS,SR,tension_device_fault,C,2025-01-12,2024-01-28,350,True,1.6,Traction Distribution
TDMS001834,COR06489,AEL,MBV,NWR,circuit_breaker_fault,A,2025-04-22,2025-03-07,46,True,4.2,Traction Distribution
TDMS001835,COR04879,BMBE,BOKR,SCR,insulator_fault,B,2025-11-18,2024-05-12,555,True,2.7,Traction Distribution
TDMS001836,COR00290,CDI,AGQ,CR,ohe_wire_wear,B,2024-08-10,2023-01-29,559,True,4.7,Traction Distribution
TDMS001837,COR01822,BNW,MHU,NWR,ohe_wire_wear,B,2025-11-07,2025-10-20,18,True,1.1,Traction Distribution
TDMS001838,COR05921,AKE,MZL,SCR,ohe_wire_wear,B,2025-10-11,2025-07-23,80,True,3.2,Traction Distribution
TDMS001839,COR04089,MOPR,FTH,NR,insulator_fault,B,2024-02-16,2024-02-05,11,True,1.7,Traction Distribution
TDMS001840,COR01515,VV,KOP,CR,circuit_breaker_fault,A,2025-03-25,2024-12-13,102,True,1.9,Traction Distribution
TDMS001841,COR04583,BUS,ATE,NCR,ohe_wire_wear,B,2024-11-11,2023-11-03,374,True,4.5,Traction Distribution
TDMS001842,COR00119,GEK,KSG,NWR,circuit_breaker_fault,A,2025-12-01,2025-08-09,114,True,0.9,Traction Distribution
TDMS001843,COR08095,NBUE,UGP,NCR,tension_device_fault,C,2024-03-14,2024-01-22,52,True,4.4,Traction Distribution
TDMS001844,COR01683,GPC,BELD,WCR,ohe_pole_defect,C,2025-03-30,2024-12-23,97,True,1.9,Traction Distribution
TDMS001845,COR00272,BIF,PGL,WCR,insulator_fault,B,2025-06-28,2025-04-11,78,True,2.0,Traction Distribution
TDMS001846,COR05318,CNPR,DNEA,ECR,tension_device_fault,C,2025-09-19,2025-08-04,46,True,2.6,Traction Distribution
TDMS001847,COR04905,HNK,MYA,SWR,ohe_wire_wear,B,2025-06-10,2025-06-10,0,True,3.0,Traction Distribution
TDMS001848,COR03719,LMG,BRLF,NFR,ohe_pole_defect,C,2025-07-20,2025-07-12,8,True,4.8,Traction Distribution
TDMS001849,COR01629,ASK,ADHL,SWR,circuit_breaker_fault,A,2024-02-15,2024-01-04,42,True,2.8,Traction Distribution
TDMS001850,COR07350,MANI,SJV,ECR,insulator_fault,B,2025-07-28,2025-04-05,114,True,3.6,Traction Distribution
TDMS001851,COR00781,AIA,KNAR,NWR,earthing_fault,B,2024-12-07,2024-08-25,104,True,1.0,Traction Distribution
TDMS001852,COR02894,KNW,BMA,CR,insulator_fault,B,2025-03-19,2025-03-03,16,True,3.6,Traction Distribution
TDMS001853,COR00758,DKZ,DEE,NR,tension_device_fault,C,2025-01-30,2024-10-21,101,True,1.3,Traction Distribution
TDMS001854,COR00627,GNN,CVV,SCR,tension_device_fault,C,2024-12-30,2024-12-28,2,True,0.9,Traction Distribution
TDMS001855,COR04618,DUJ,PCR,ER,circuit_breaker_fault,A,2025-09-12,2025-09-04,8,True,3.5,Traction Distribution
TDMS001856,COR02076,GBB,NTR,SWR,ohe_wire_wear,B,2024-03-20,2024-01-26,54,True,1.1,Traction Distribution
TDMS001857,COR07511,POHE,BDKE,CR,ohe_pole_defect,C,2024-10-02,2023-05-16,505,True,1.0,Traction Distribution
TDMS001858,COR02830,BL,DGI,WR,insulator_fault,B,2025-11-26,2025-10-22,35,True,3.7,Traction Distribution
TDMS001859,COR01076,SED,UGR,SWR,feeder_fault,A,2025-09-03,2025-07-19,46,True,2.6,Traction Distribution
TDMS001860,COR02774,MOZ,BMHR,NR,insulator_fault,B,2024-08-01,2024-07-14,18,True,4.7,Traction Distribution
TDMS001861,COR03149,BIRD,KHBV,CR,ohe_pole_defect,C,2025-01-06,2024-11-29,38,True,1.1,Traction Distribution
TDMS001862,COR02067,DBL,MDLL,SWR,insulator_fault,B,2025-01-23,2025-01-15,8,True,2.0,Traction Distribution
TDMS001863,COR00278,PAL,MUO,WCR,feeder_fault,A,2025-10-14,2024-04-03,559,True,2.5,Traction Distribution
TDMS001864,COR02058,PIZ,MQL,SCR,ohe_pole_defect,C,2025-07-01,2025-06-17,14,True,3.4,Traction Distribution
TDMS001865,COR00626,YP,GNN,SCR,circuit_breaker_fault,A,2025-07-05,2025-07-05,0,True,4.1,Traction Distribution
TDMS001866,COR02808,NIG,BSR,WR,tension_device_fault,C,2024-01-18,2024-01-13,5,True,3.2,Traction Distribution
TDMS001867,COR00675,VDH,ACL,WR,ohe_wire_wear,B,2024-11-16,2024-11-05,11,True,3.9,Traction Distribution
TDMS001868,COR05354,PTZ,UGWE,SCR,ohe_wire_wear,B,2025-05-29,2024-08-11,291,True,2.7,Traction Distribution
TDMS001869,COR02682,NRW,GSO,NR,tension_device_fault,C,2024-05-16,2024-05-12,4,True,0.8,Traction Distribution
TDMS001870,COR05490,DWJ,KBE,NR,ohe_pole_defect,C,2024-11-14,2024-09-02,73,True,1.0,Traction Distribution
TDMS001871,COR01869,BBMN,JAT,NR,ohe_wire_wear,B,2025-11-02,2025-10-14,19,True,3.5,Traction Distribution
TDMS001872,COR01533,DKJ,PCZ,SCR,insulator_fault,B,2025-05-03,2025-05-03,0,True,1.7,Traction Distribution
TDMS001873,COR00710,DIC,BVI,WR,tension_device_fault,C,2025-12-04,2025-11-25,9,True,2.1,Traction Distribution
TDMS001874,COR03700,RSG,ODM,SER,ohe_wire_wear,B,2025-04-27,2024-03-04,419,True,1.7,Traction Distribution
TDMS001875,COR04080,KTK,NBL,SWR,feeder_fault,A,2025-03-11,2024-01-13,423,True,0.9,Traction Distribution
TDMS001876,COR05638,JBP,DOE,WCR,earthing_fault,B,2025-09-20,2025-09-13,7,True,2.3,Traction Distribution
TDMS001877,COR05841,JNZ,RXN,NWR,ohe_wire_wear,B,2024-03-11,2024-02-03,37,True,2.5,Traction Distribution
TDMS001878,COR03992,MPLE,NWMS,ER,circuit_breaker_fault,A,2024-10-11,2024-09-04,37,True,0.8,Traction Distribution
TDMS001879,COR05903,PAW,BMGA,ER,insulator_fault,B,2025-06-04,2024-10-25,222,True,4.7,Traction Distribution
TDMS001880,COR03579,MDN,GKL,SER,tension_device_fault,C,2024-03-09,2024-02-25,13,True,0.5,Traction Distribution
TDMS001881,COR01701,KTE,PTWA,WCR,ohe_wire_wear,B,2025-03-04,2024-12-31,63,True,1.3,Traction Distribution
TDMS001882,COR02854,KBL,BNP,SWR,ohe_wire_wear,B,2024-08-12,2024-07-26,17,True,3.8,Traction Distribution
TDMS001883,COR00879,MZL,WDR,SCR,ohe_wire_wear,B,2025-05-09,2024-01-01,494,True,4.9,Traction Distribution
TDMS001884,COR04888,ADB,PMKT,SCR,ohe_pole_defect,C,2025-03-24,2025-02-07,45,True,3.1,Traction Distribution
TDMS001885,COR02570,BDHT,LDE,SECR,ohe_pole_defect,C,2025-11-12,2025-11-12,0,True,4.5,Traction Distribution
TDMS001886,COR01325,FA,BRLY,NWR,tension_device_fault,C,2025-07-28,2025-06-02,56,True,2.2,Traction Distribution
TDMS001887,COR01678,GAR,BNE,WCR,tension_device_fault,C,2024-04-15,2024-01-15,91,True,1.4,Traction Distribution
TDMS001888,COR00474,AGQ,CDI,CR,circuit_breaker_fault,A,2025-01-04,2024-12-17,18,True,1.7,Traction Distribution
TDMS001889,COR06135,BTD,KDI,WR,ohe_wire_wear,B,2024-06-05,2024-04-21,45,True,2.0,Traction Distribution
TDMS001890,COR01859,SJNP,MDPB,NR,insulator_fault,B,2025-11-16,2025-10-31,16,True,0.5,Traction Distribution
TDMS001891,COR00242,ADTL,JBP,WCR,insulator_fault,B,2025-11-15,2025-09-13,63,True,3.8,Traction Distribution
TDMS001892,COR01954,TR,NSL,SCR,tension_device_fault,C,2024-10-26,2024-09-07,49,True,0.8,Traction Distribution
TDMS001893,COR01181,MDVR,NDE,CR,circuit_breaker_fault,A,2024-02-27,2023-05-02,301,True,1.8,Traction Distribution
TDMS001894,COR01890,DKJ,GLA,SCR,ohe_pole_defect,C,2025-06-10,2025-04-19,52,True,1.3,Traction Distribution
TDMS001895,COR02461,VSPR,NDAE,ER,ohe_wire_wear,B,2024-02-09,2024-01-23,17,True,3.0,Traction Distribution
TDMS001896,COR01721,PNHI,DBR,NCR,circuit_breaker_fault,A,2025-05-12,2025-04-22,20,True,0.9,Traction Distribution
TDMS001897,COR01931,PG,DAV,SCR,feeder_fault,A,2024-06-21,2024-06-09,12,True,4.1,Traction Distribution
TDMS001898,COR04155,KQK,KALD,SR,ohe_wire_wear,B,2025-12-07,2025-11-24,13,True,2.2,Traction Distribution
TDMS001899,COR02795,BDTS,KHAR,WR,insulator_fault,B,2025-07-10,2025-06-25,15,True,3.1,Traction Distribution
TDMS001900,COR04548,GILA,MRTL,NR,ohe_wire_wear,B,2025-09-29,2025-09-14,15,True,2.4,Traction Distribution
TDMS001901,COR00535,KQK,BFR,SR,ohe_wire_wear,B,2025-05-13,2025-04-24,19,True,2.3,Traction Distribution
TDMS001902,COR03087,MAHE,JGE,SR,tension_device_fault,C,2025-07-28,2025-07-16,12,True,3.3,Traction Distribution
TDMS001903,COR05446,CAG,BLO,WCR,circuit_breaker_fault,A,2024-05-24,2024-02-21,93,True,2.9,Traction Distribution
TDMS001904,COR00020,KHDI,RJT,WR,feeder_fault,A,2025-02-10,2025-01-21,20,True,3.5,Traction Distribution
TDMS001905,COR00543,PAY,ELM,SR,ohe_wire_wear,B,2025-06-07,2025-05-28,10,True,3.0,Traction Distribution
TDMS001906,COR02695,ABO,KRZ,NR,ohe_wire_wear,B,2024-10-13,2024-02-19,237,True,2.6,Traction Distribution
TDMS001907,COR00333,KRYA,SW,NER,ohe_pole_defect,C,2024-03-24,2023-12-02,113,True,3.5,Traction Distribution
TDMS001908,COR01728,MFX,JSR,NCR,ohe_wire_wear,B,2024-07-03,2024-06-20,13,True,4.6,Traction Distribution
TDMS001909,COR01713,JTW,KTHA,WCR,ohe_wire_wear,B,2025-05-02,2025-02-24,67,True,4.8,Traction Distribution
TDMS001910,COR02772,MSP,JDW,NR,ohe_pole_defect,C,2024-01-17,2023-10-30,79,True,3.8,Traction Distribution
TDMS001911,COR02585,GOK,KT,KR,ohe_wire_wear,B,2025-02-23,2025-02-23,0,True,4.4,Traction Distribution
TDMS001912,COR01646,HHL,DBS,SWR,ohe_pole_defect,C,2024-11-22,2024-11-04,18,True,4.2,Traction Distribution
TDMS001913,COR02122,HBG,JBP,WCR,insulator_fault,B,2025-01-23,2025-01-18,5,True,3.6,Traction Distribution
TDMS001914,COR01893,MABD,TAA,SCR,insulator_fault,B,2025-04-13,2025-04-02,11,True,0.6,Traction Distribution
TDMS001915,COR04148,TKQ,CDRA,SR,tension_device_fault,C,2025-09-13,2025-06-26,79,True,3.0,Traction Distribution
TDMS001916,COR01141,NAG,TVG,SWR,tension_device_fault,C,2025-06-19,2025-06-13,6,True,3.0,Traction Distribution
TDMS001917,COR00253,GPC,NU,WCR,tension_device_fault,C,2024-01-13,2024-01-12,1,True,3.2,Traction Distribution
TDMS001918,COR01752,RKR,DUM,WCR,ohe_wire_wear,B,2025-07-30,2025-04-20,101,True,1.8,Traction Distribution
TDMS001919,COR01008,KHKT,DMV,NFR,insulator_fault,B,2024-03-29,2024-03-24,5,True,4.9,Traction Distribution
TDMS001920,COR04889,TTP,MNLI,SR,tension_device_fault,C,2024-03-29,2023-06-08,295,True,3.4,Traction Distribution
TDMS001921,COR01762,SMBJ,KNDP,WCR,earthing_fault,B,2025-01-06,2024-12-22,15,True,3.1,Traction Distribution
TDMS001922,COR05712,CRKR,DHR,WCR,ohe_pole_defect,C,2025-02-23,2025-02-17,6,True,3.8,Traction Distribution
TDMS001923,COR00688,SJN,UBR,WR,tension_device_fault,C,2024-07-08,2023-03-07,489,True,4.9,Traction Distribution
TDMS001924,COR03084,BDJ,NAU,SR,ohe_pole_defect,C,2024-07-18,2024-07-17,1,True,3.2,Traction Distribution
TDMS001925,COR06268,RRS,NHF,NR,earthing_fault,B,2025-12-09,2025-11-25,14,True,1.1,Traction Distribution
TDMS001926,COR03711,SD,SUIA,NER,insulator_fault,B,2024-04-07,2024-04-03,4,True,4.3,Traction Distribution
TDMS001927,COR01478,TGE,CPK,NFR,feeder_fault,A,2025-08-29,2025-08-13,16,True,3.8,Traction Distribution
TDMS001928,COR03573,BGO,GBA,SER,insulator_fault,B,2024-07-01,2024-06-19,12,True,0.7,Traction Distribution
TDMS001929,COR01700,NWR,MDRR,WCR,tension_device_fault,C,2025-04-01,2025-03-30,2,True,0.6,Traction Distribution
TDMS001930,COR03425,HMT,VRV,WR,ohe_wire_wear,B,2025-08-02,2025-05-06,88,True,4.6,Traction Distribution
TDMS001931,COR02074,HEI,MLSA,SWR,earthing_fault,B,2025-02-10,2025-01-24,17,True,1.2,Traction Distribution
TDMS001932,COR02309,PQY,MUT,NR,earthing_fault,B,2025-10-17,2025-10-14,3,True,2.3,Traction Distribution
TDMS001933,COR04160,UAA,MJS,SR,ohe_wire_wear,B,2024-05-08,2024-04-25,13,True,4.5,Traction Distribution
TDMS001934,COR01863,CHNR,CKDL,NR,circuit_breaker_fault,A,2024-10-07,2024-09-29,8,True,0.5,Traction Distribution
TDMS001935,COR04329,TT,TJ,SR,earthing_fault,B,2025-05-23,2025-02-16,96,True,2.1,Traction Distribution
TDMS001936,COR04231,GSD,PMO,NWR,earthing_fault,B,2025-07-27,2025-07-24,3,True,2.2,Traction Distribution
TDMS001937,COR01697,DDCE,SBD,WCR,feeder_fault,A,2024-02-18,2024-01-06,43,True,1.9,Traction Distribution
TDMS001938,COR07726,MPT,VLV,SCR,feeder_fault,A,2025-11-06,2025-10-05,32,True,4.1,Traction Distribution
TDMS001939,COR02463,ER08,SMAE,ER,insulator_fault,B,2025-12-12,2024-11-11,396,True,3.0,Traction Distribution
TDMS001940,COR06584,SRGH,CRWA,NWR,circuit_breaker_fault,A,2025-04-01,2025-03-21,11,True,2.1,Traction Distribution
TDMS001941,COR05754,PDKT,NMN,SR,feeder_fault,A,2025-11-20,2025-11-03,17,True,1.3,Traction Distribution
TDMS001942,COR02806,MIRA,BYR,WR,insulator_fault,B,2025-12-04,2025-09-07,88,True,0.7,Traction Distribution
TDMS001943,COR06899,BHZ,SQF,NFR,insulator_fault,B,2024-01-12,2024-01-04,8,True,1.9,Traction Distribution
TDMS001944,COR05190,RPZ,DRB,NWR,feeder_fault,A,2025-12-26,2025-12-07,19,True,2.9,Traction Distribution
TDMS001945,COR01555,AKI,WTR,CR,insulator_fault,B,2024-09-23,2024-09-05,18,True,2.3,Traction Distribution
TDMS001946,COR01178,MRJ,VRB,CR,ohe_wire_wear,B,2025-10-21,2025-10-04,17,True,1.3,Traction Distribution
TDMS001947,COR05104,HPP,GTI,NCR,feeder_fault,A,2025-08-27,2025-07-21,37,True,3.0,Traction Distribution
TDMS001948,COR01488,LKG,PKB,NFR,earthing_fault,B,2024-06-20,2022-12-02,566,True,2.9,Traction Distribution
TDMS001949,COR05080,RGB,BTG,NR,feeder_fault,A,2025-11-17,2025-10-04,44,True,2.5,Traction Distribution
TDMS001950,COR06398,KWH,NTU,NER,earthing_fault,B,2024-03-13,2024-01-17,56,True,4.2,Traction Distribution
TDMS001951,COR04868,NAWN,MNSR,NWR,ohe_wire_wear,B,2025-12-25,2025-12-18,7,True,1.7,Traction Distribution
TDMS001952,COR06234,PTRL,MBY,NWR,ohe_pole_defect,C,2025-10-05,2025-09-20,15,True,1.6,Traction Distribution
TDMS001953,COR00235,NWR,SNRR,WCR,ohe_wire_wear,B,2024-01-21,2024-01-06,15,True,4.8,Traction Distribution
TDMS001954,COR02498,SMR,BMSN,NWR,earthing_fault,B,2025-05-22,2025-05-16,6,True,2.7,Traction Distribution
TDMS001955,COR06699,JVN,WC,WR,circuit_breaker_fault,A,2025-09-16,2025-09-14,2,True,4.4,Traction Distribution
TDMS001956,COR07901,PTNR,DEE,NR,ohe_wire_wear,B,2024-10-22,2024-10-12,10,True,4.6,Traction Distribution
TDMS001957,COR01704,PKRD,UDR,WCR,circuit_breaker_fault,A,2025-04-24,2025-01-31,83,True,2.5,Traction Distribution
TDMS001958,COR02920,JKNI,GAW,NER,ohe_pole_defect,C,2024-02-29,2023-01-12,413,True,1.5,Traction Distribution
TDMS001959,COR03969,DHAE,KWF,ER,ohe_pole_defect,C,2024-04-27,2024-01-26,92,True,3.1,Traction Distribution
TDMS001960,COR05182,TEA,NDW,ECR,ohe_wire_wear,B,2025-12-15,2025-12-04,11,True,3.4,Traction Distribution
TDMS001961,COR04026,BHTA,BPKA,WR,insulator_fault,B,2024-12-27,2024-09-11,107,True,1.7,Traction Distribution
TDMS001962,COR02827,UVD,PAD,WR,tension_device_fault,C,2025-09-06,2025-09-05,1,True,3.0,Traction Distribution
TDMS001963,COR02815,PLG,UOI,WR,insulator_fault,B,2024-12-01,2024-08-27,96,True,1.9,Traction Distribution
TDMS001964,COR00782,KNAR,HSI,NWR,feeder_fault,A,2024-07-23,2024-07-15,8,True,2.5,Traction Distribution
TDMS001965,COR03743,MLTR,TUV,SR,earthing_fault,B,2025-04-11,2025-04-01,10,True,3.6,Traction Distribution
TDMS001966,COR02540,SAG,BSS,NR,tension_device_fault,C,2024-07-18,2024-07-17,1,True,4.3,Traction Distribution
TDMS001967,COR02147,PG,PBN,SCR,earthing_fault,B,2025-04-22,2025-04-19,3,True,2.8,Traction Distribution
TDMS001968,COR06155,JND,TORA,WR,tension_device_fault,C,2024-10-02,2024-09-30,2,True,1.9,Traction Distribution
TDMS001969,COR06103,BVC,BVP,WR,earthing_fault,B,2025-09-12,2025-05-19,116,True,1.9,Traction Distribution
TDMS001970,COR06864,BHKL,BBA,NR,tension_device_fault,C,2024-05-24,2022-11-18,553,True,2.0,Traction Distribution
TDMS001971,COR02108,HVR,KJG,SWR,insulator_fault,B,2025-09-16,2025-09-07,9,True,4.2,Traction Distribution
TDMS001972,COR02996,KTU,PEU,SR,insulator_fault,B,2024-05-09,2024-04-19,20,True,2.9,Traction Distribution
TDMS001973,COR00765,SMDP,BWSN,NR,circuit_breaker_fault,A,2025-07-21,2025-07-04,17,True,4.0,Traction Distribution
TDMS001974,COR00012,LKBL,JAM,WR,insulator_fault,B,2024-05-27,2024-05-16,11,True,1.6,Traction Distribution
TDMS001975,COR01337,MXO,ABR,NWR,tension_device_fault,C,2024-05-30,2024-05-27,3,True,1.7,Traction Distribution
TDMS001976,COR02820,GVD,BRRD,WR,feeder_fault,A,2024-06-29,2024-03-20,101,True,2.4,Traction Distribution
TDMS001977,COR01641,GBB,MLSA,SWR,insulator_fault,B,2024-01-15,2022-07-22,542,True,4.8,Traction Distribution
TDMS001978,COR03631,DAJ,KDN,SWR,tension_device_fault,C,2024-11-02,2024-11-02,0,True,4.5,Traction Distribution
TDMS001979,COR00864,SQE,DAB,SCR,earthing_fault,B,2024-09-28,2024-09-15,13,True,3.9,Traction Distribution
TDMS001980,COR00563,QSR,DWO,NR,ohe_wire_wear,B,2024-02-12,2023-11-12,92,True,4.8,Traction Distribution
TDMS001981,COR05734,CUPJ,CQS,SR,insulator_fault,B,2025-10-28,2025-09-24,34,True,4.5,Traction Distribution
TDMS001982,COR02538,SFM,BZ,NR,insulator_fault,B,2025-07-02,2025-06-17,15,True,4.3,Traction Distribution
TDMS001983,COR04851,MLAR,RAKL,NCR,feeder_fault,A,2025-08-01,2025-07-12,20,True,1.9,Traction Distribution
TDMS001984,COR01561,RMP,TAZ,CR,ohe_pole_defect,C,2025-10-03,2025-07-06,89,True,3.4,Traction Distribution
TDMS001985,COR01514,RKD,VV,CR,ohe_wire_wear,B,2025-04-12,2025-04-01,11,True,3.6,Traction Distribution
TDMS001986,COR04150,CHV,NLE,SR,insulator_fault,B,2025-02-12,2024-02-05,373,True,0.6,Traction Distribution
TDMS001987,COR00617,MLMG,KMT,SCR,ohe_pole_defect,C,2024-03-19,2024-03-18,1,True,1.0,Traction Distribution
TDMS001988,COR04189,DNX,RPHR,NR,ohe_wire_wear,B,2024-10-04,2024-08-04,61,True,2.9,Traction Distribution
TDMS001989,COR00025,SDD,AXA,WR,ohe_wire_wear,B,2025-05-18,2025-05-15,3,True,4.1,Traction Distribution
TDMS001990,COR02400,BLWR,RJT,WR,feeder_fault,A,2024-12-25,2024-12-23,2,True,4.2,Traction Distribution
TDMS001991,COR00186,MJL,SGL,ECR,insulator_fault,B,2025-07-24,2025-06-16,38,True,4.8,Traction Distribution
TDMS001992,COR01720,MKP,PNHI,NCR,circuit_breaker_fault,A,2024-09-14,2024-08-30,15,True,2.9,Traction Distribution
TDMS001993,COR04609,DLO,BNV,NFR,tension_device_fault,C,2024-12-07,2024-11-26,11,True,1.8,Traction Distribution
TDMS001994,COR00563,QSR,DWO,NR,tension_device_fault,C,2024-11-12,2024-10-01,42,True,2.7,Traction Distribution
TDMS001995,COR00661,VJR,MRJ,SWR,earthing_fault,B,2025-12-06,2025-11-13,23,True,2.9,Traction Distribution
TDMS001996,COR02099,KAG,HNH,SWR,feeder_fault,A,2024-05-18,2024-05-07,11,True,2.2,Traction Distribution
TDMS001997,COR02786,TCT,PKT,SR,tension_device_fault,C,2025-08-07,2025-07-28,10,True,2.2,Traction Distribution
TDMS001998,COR04270,KARD,KHBV,CR,ohe_pole_defect,C,2025-11-21,2025-11-19,2,True,1.0,Traction Distribution
TDMS001999,COR05682,GHQ,MQX,ECR,ohe_pole_defect,C,2024-04-29,2024-04-19,10,True,1.0,Traction Distribution
TDMS002000,COR02130,AWB,MKDD,SCR,feeder_fault,A,2025-09-10,2024-03-18,541,True,2.7,Traction Distribution
TDMS002001,COR05203,ROS,HTD,NWR,ohe_wire_wear,B,2024-02-15,2024-01-04,42,True,1.3,Traction Distribution
TDMS002002,COR01502,SLR,KDZ,NR,earthing_fault,B,2025-06-28,2025-06-21,7,True,3.3,Traction Distribution
TDMS002003,COR00782,KNAR,HSI,NWR,tension_device_fault,C,2024-12-05,2023-12-23,348,True,2.9,Traction Distribution
TDMS002004,COR04705,TPND,NIIJ,CR,feeder_fault,A,2025-05-14,2025-04-24,20,True,3.4,Traction Distribution
TDMS002005,COR02637,BPD,KNJ,ER,earthing_fault,B,2024-01-22,2024-01-18,4,True,3.2,Traction Distribution
TDMS002006,COR00489,CRK,TBN,WCR,feeder_fault,A,2025-09-30,2025-09-13,17,True,2.0,Traction Distribution
TDMS002007,COR06391,GYN,JGG,NER,earthing_fault,B,2024-02-24,2024-02-18,6,True,1.7,Traction Distribution
TDMS002008,COR03502,BTG,RGB,NR,ohe_pole_defect,C,2024-06-14,2024-06-06,8,True,1.8,Traction Distribution
TDMS002009,COR02809,BSR,NSP,WR,ohe_wire_wear,B,2025-08-22,2025-08-04,18,True,4.6,Traction Distribution
TDMS002010,COR01756,KEV,BXN,WCR,earthing_fault,B,2025-01-08,2024-12-21,18,True,2.2,Traction Distribution
TDMS002011,COR02586,KT,HNA,KR,circuit_breaker_fault,A,2024-05-05,2024-05-03,2,True,1.0,Traction Distribution
TDMS002012,COR00488,HD,CRK,WCR,ohe_wire_wear,B,2024-05-28,2024-05-20,8,True,2.4,Traction Distribution
TDMS002013,COR01076,SED,UGR,SWR,earthing_fault,B,2025-04-07,2025-03-06,32,True,3.6,Traction Distribution
TDMS002014,COR00696,PLG,KLV,WR,insulator_fault,B,2024-08-26,2024-08-26,0,True,2.8,Traction Distribution
TDMS002015,COR02802,MDD,KILE,WR,ohe_wire_wear,B,2024-04-18,2024-01-25,84,True,2.9,Traction Distribution
TDMS002016,COR02149,MCPT,MCPK,SR,tension_device_fault,C,2024-03-17,2024-03-11,6,True,1.5,Traction Distribution
TDMS002017,COR01023,DHRY,HJI,NFR,tension_device_fault,C,2024-02-14,2024-01-27,18,True,1.5,Traction Distribution
TDMS002018,COR00496,KTZ,DRA,WCR,tension_device_fault,C,2024-04-25,2024-04-05,20,True,2.7,Traction Distribution
TDMS002019,COR07861,SRSI,ATX,ECR,feeder_fault,A,2025-04-27,2025-04-15,12,True,1.0,Traction Distribution
TDMS002020,COR02491,PLCJ,MBT,NWR,tension_device_fault,C,2025-06-20,2024-02-15,491,True,0.8,Traction Distribution
TDMS002021,COR05739,KII,CDM,SR,circuit_breaker_fault,A,2024-01-31,2024-01-28,3,True,3.6,Traction Distribution
TDMS002022,COR03561,GRB,ADRA,SER,earthing_fault,B,2025-06-10,2025-04-05,66,True,1.4,Traction Distribution
TDMS002023,COR04165,LMD,MYL,SCR,ohe_pole_defect,C,2024-03-28,2024-03-24,4,True,1.2,Traction Distribution
TDMS002024,COR04668,KUDL,SNDD,KR,tension_device_fault,C,2024-11-02,2024-10-15,18,True,0.7,Traction Distribution
TDMS002025,COR02808,NIG,BSR,WR,insulator_fault,B,2024-01-24,2023-11-22,63,True,2.9,Traction Distribution
TDMS002026,COR04926,ROHA,KOL,CR,feeder_fault,A,2024-07-30,2024-07-30,0,True,0.9,Traction Distribution
TDMS002027,COR00411,BHNA,BGL,ER,feeder_fault,A,2024-03-04,2022-12-30,430,True,3.1,Traction Distribution
TDMS002028,COR00382,ARJ,RJI,NER,insulator_fault,B,2025-10-18,2025-10-08,10,True,0.7,Traction Distribution
TDMS002029,COR02757,SVDC,LKDU,SCR,insulator_fault,B,2024-12-10,2024-11-30,10,True,2.0,Traction Distribution
TDMS002030,COR02389,VD,THAN,WR,earthing_fault,B,2025-09-22,2025-09-21,1,True,0.7,Traction Distribution
TDMS002031,COR00542,TKQ,PAY,SR,ohe_pole_defect,C,2025-07-16,2025-07-06,10,True,2.1,Traction Distribution
TDMS002032,COR05538,AWH,SYE,SECR,earthing_fault,B,2025-09-22,2024-03-09,562,True,2.7,Traction Distribution
TDMS002033,COR00575,HRNG,CAA,ECR,insulator_fault,B,2025-06-21,2025-06-10,11,True,4.2,Traction Distribution
TDMS002034,COR01153,CHG,BY,CR,ohe_wire_wear,B,2024-10-20,2024-03-15,219,True,2.1,Traction Distribution
TDMS002035,COR04896,NYH,GNB,SWR,tension_device_fault,C,2024-10-06,2023-10-03,369,True,4.0,Traction Distribution
TDMS002036,COR01758,DY,FSP,WCR,earthing_fault,B,2025-02-23,2025-02-20,3,True,4.1,Traction Distribution
TDMS002037,COR02139,PDG,PTU,SCR,insulator_fault,B,2025-03-03,2025-02-17,14,True,0.5,Traction Distribution
TDMS002038,COR02304,JDW,MSP,NR,tension_device_fault,C,2025-02-01,2024-11-15,78,True,1.5,Traction Distribution
TDMS002039,COR02895,DGN,MWA,CR,ohe_wire_wear,B,2025-06-11,2025-06-10,1,True,1.1,Traction Distribution
TDMS002040,COR02334,GDL,GTT,WR,ohe_pole_defect,C,2025-11-02,2025-10-16,17,True,0.7,Traction Distribution
TDMS002041,COR01073,ARCL,SCL,NFR,earthing_fault,B,2024-12-08,2023-06-25,532,True,3.2,Traction Distribution
TDMS002042,COR04602,RVK,GRU,NFR,earthing_fault,B,2025-06-30,2025-06-28,2,True,4.9,Traction Distribution
TDMS002043,COR02187,TGT,LD,SWR,ohe_wire_wear,B,2025-09-02,2025-06-13,81,True,4.8,Traction Distribution
TDMS002044,COR02352,BOM,PMY,NWR,ohe_pole_defect,C,2024-04-25,2024-04-14,11,True,3.1,Traction Distribution
TDMS002045,COR06906,KGLE,DHPD,ER,ohe_wire_wear,B,2025-02-01,2024-11-08,85,True,4.6,Traction Distribution
TDMS002046,COR01512,NMGT,HTK,CR,circuit_breaker_fault,A,2025-05-31,2025-05-20,11,True,0.9,Traction Distribution
TDMS002047,COR03305,KVLR,SMDT,SWR,tension_device_fault,C,2024-07-07,2024-05-28,40,True,2.2,Traction Distribution
TDMS002048,COR01521,MSD,SNRD,CR,insulator_fault,B,2024-04-28,2024-01-24,95,True,5.0,Traction Distribution
TDMS002049,COR01648,NDV,MDLL,SWR,circuit_breaker_fault,A,2024-05-15,2024-05-14,1,True,2.9,Traction Distribution
TDMS002050,COR05742,CLN,ARS,SR,circuit_breaker_fault,A,2024-02-17,2024-02-14,3,True,3.2,Traction Distribution
TDMS002051,COR02930,SOT,CIH,NER,earthing_fault,B,2024-07-21,2023-05-27,421,True,3.6,Traction Distribution
TDMS002052,COR06253,MLGT,MKR,SCR,insulator_fault,B,2024-10-26,2024-10-25,1,True,0.6,Traction Distribution
TDMS002053,COR04296,SDT,JKN,NER,ohe_wire_wear,B,2024-07-29,2024-07-15,14,True,4.9,Traction Distribution
TDMS002054,COR04729,CHN,DHW,NR,insulator_fault,B,2024-01-11,2023-09-20,113,True,2.8,Traction Distribution
TDMS002055,COR02540,SAG,BSS,NR,ohe_pole_defect,C,2025-07-23,2025-04-25,89,True,2.2,Traction Distribution
TDMS002056,COR04302,BLTR,TTI,NER,circuit_breaker_fault,A,2025-01-11,2024-12-29,13,True,1.8,Traction Distribution
TDMS002057,COR02464,SMAE,DTAE,ER,circuit_breaker_fault,A,2024-08-10,2024-07-29,12,True,4.5,Traction Distribution
TDMS002058,COR04231,GSD,PMO,NWR,circuit_breaker_fault,A,2024-01-13,2024-01-12,1,True,0.6,Traction Distribution
TDMS002059,COR05131,BPRS,KKL,NR,tension_device_fault,C,2025-02-20,2025-01-19,32,True,3.0,Traction Distribution
TDMS002060,COR01634,BNK,RDI,SWR,circuit_breaker_fault,A,2024-12-21,2024-12-08,13,True,4.9,Traction Distribution
TDMS002061,COR03248,RNT,MXL,WCR,ohe_wire_wear,B,2025-09-28,2025-09-22,6,True,3.9,Traction Distribution
TDMS002062,COR00689,UBR,BRRD,WR,tension_device_fault,C,2024-02-19,2024-02-12,7,True,4.4,Traction Distribution
TDMS002063,COR03866,BNKA,RHA,ER,feeder_fault,A,2025-09-30,2025-08-10,51,True,2.7,Traction Distribution
TDMS002064,COR01920,PNF,MRTY,SCR,ohe_wire_wear,B,2025-10-31,2025-08-27,65,True,1.0,Traction Distribution
TDMS002065,COR02828,PAD,ATUL,WR,ohe_wire_wear,B,2025-03-03,2025-03-03,0,True,4.4,Traction Distribution
TDMS002066,COR05726,SXR,TUY,SR,feeder_fault,A,2025-09-06,2025-08-26,11,True,2.7,Traction Distribution
TDMS002067,COR04678,BOKE,UKC,KR,ohe_pole_defect,C,2025-06-26,2025-06-23,3,True,2.7,Traction Distribution
TDMS002068,COR01728,MFX,JSR,NCR,ohe_wire_wear,B,2024-12-21,2024-12-05,16,True,4.1,Traction Distribution
TDMS002069,COR05803,AMPR,RMH,NWR,insulator_fault,B,2024-06-06,2024-05-15,22,True,4.6,Traction Distribution
TDMS002070,COR05130,CGH,BPRS,NR,insulator_fault,B,2024-02-26,2023-08-12,198,True,1.3,Traction Distribution
TDMS002071,COR01859,SJNP,MDPB,NR,ohe_wire_wear,B,2025-06-09,2024-11-08,213,True,0.8,Traction Distribution
TDMS002072,COR02703,MQC,NNO,NR,feeder_fault,A,2025-11-02,2025-10-26,7,True,3.2,Traction Distribution
TDMS002073,COR00447,UPW,SCP,SCR,feeder_fault,A,2025-04-17,2025-03-18,30,True,2.9,Traction Distribution
TDMS002074,COR01652,GHL,SDVL,SWR,feeder_fault,A,2025-10-27,2025-10-15,12,True,1.3,Traction Distribution
TDMS002075,COR06395,AHM,MBS,NER,insulator_fault,B,2024-08-03,2023-12-27,220,True,0.9,Traction Distribution
TDMS002076,COR00373,SBK,GZT,NER,insulator_fault,B,2024-03-10,2023-12-29,72,True,0.8,Traction Distribution
TDMS002077,COR00673,MRL,NVS,WR,feeder_fault,A,2024-10-17,2024-10-02,15,True,3.7,Traction Distribution
TDMS002078,COR05807,RJS,AS,NWR,tension_device_fault,C,2025-06-30,2025-03-29,93,True,3.8,Traction Distribution
TDMS002079,COR02979,PYOL,TKT,SR,feeder_fault,A,2024-08-16,2024-08-09,7,True,0.9,Traction Distribution
TDMS002080,COR04112,GUNS,HYA,NR,ohe_pole_defect,C,2025-10-28,2025-07-29,91,True,2.8,Traction Distribution
TDMS002081,COR02137,KODI,RNE,SCR,insulator_fault,B,2024-03-09,2024-02-21,17,True,2.0,Traction Distribution
TDMS002082,COR00918,TPP,MPC,SWR,ohe_wire_wear,B,2025-05-30,2024-05-16,379,True,3.9,Traction Distribution
TDMS002083,COR03727,RXRX,DMV,NFR,ohe_wire_wear,B,2025-02-24,2025-01-21,34,True,3.8,Traction Distribution
TDMS002084,COR06380,PDY,VI,SR,insulator_fault,B,2025-06-06,2025-05-25,12,True,4.1,Traction Distribution
TDMS002085,COR03323,LMNR,PLA,WR,insulator_fault,B,2025-11-21,2025-08-30,83,True,2.4,Traction Distribution
TDMS002086,COR00825,BDW,SGW,NWR,ohe_wire_wear,B,2025-08-26,2025-08-12,14,True,1.3,Traction Distribution
TDMS002087,COR06708,AKZ,NJA,SER,ohe_wire_wear,B,2025-12-14,2025-12-12,2,True,2.3,Traction Distribution
TDMS002088,COR02318,KDHA,UDM,WR,feeder_fault,A,2024-12-19,2024-12-12,7,True,0.9,Traction Distribution
TDMS002089,COR07580,STBJ,BSTP,ECoR,feeder_fault,A,2025-06-15,2024-10-28,230,True,2.0,Traction Distribution
TDMS002090,COR02539,BZ,SAG,NR,earthing_fault,B,2025-11-26,2025-11-22,4,True,2.3,Traction Distribution
TDMS002091,COR02819,DRD,GVD,WR,earthing_fault,B,2025-06-09,2025-05-29,11,True,3.0,Traction Distribution
TDMS002092,COR06907,DHPD,NLSF,ER,tension_device_fault,C,2024-11-22,2024-11-17,5,True,2.0,Traction Distribution
TDMS002093,COR01599,KALS,YLG,SWR,ohe_pole_defect,C,2025-07-13,2025-03-17,118,True,4.4,Traction Distribution
TDMS002094,COR04707,CDK,KHD,WR,feeder_fault,A,2024-02-14,2024-01-31,14,True,1.9,Traction Distribution
TDMS002095,COR00627,GNN,CVV,SCR,ohe_wire_wear,B,2025-11-09,2025-10-30,10,True,2.9,Traction Distribution
TDMS002096,COR00211,BRG,KTDD,NCR,circuit_breaker_fault,A,2024-02-04,2023-11-13,83,True,3.7,Traction Distribution
TDMS002097,COR00472,WGA,BAU,CR,ohe_pole_defect,C,2025-10-25,2025-10-17,8,True,4.9,Traction Distribution
TDMS002098,COR05024,SKK,APE,SR,feeder_fault,A,2024-11-28,2024-09-04,85,True,3.2,Traction Distribution
TDMS002099,COR04872,BMK,MBY,NWR,ohe_pole_defect,C,2025-12-03,2025-08-15,110,True,2.3,Traction Distribution
TDMS002100,COR05449,DHR,CRKR,WCR,feeder_fault,A,2025-08-11,2025-06-19,53,True,0.9,Traction Distribution
TDMS002101,COR01885,CKN,PNDP,SCR,insulator_fault,B,2024-01-16,2022-07-09,556,True,0.9,Traction Distribution
TDMS002102,COR03256,PDZ,KNDP,WCR,tension_device_fault,C,2024-01-04,2023-12-02,33,True,4.9,Traction Distribution
TDMS002103,COR03075,VLL,WH,SR,tension_device_fault,C,2024-06-01,2024-02-15,107,True,2.1,Traction Distribution
TDMS002104,COR00661,VJR,MRJ,SWR,insulator_fault,B,2025-05-11,2025-05-09,2,True,3.3,Traction Distribution
TDMS002105,COR02391,LMC,DL,WR,ohe_wire_wear,B,2025-04-30,2025-01-19,101,True,2.1,Traction Distribution
TDMS002106,COR01641,GBB,MLSA,SWR,ohe_pole_defect,C,2024-06-03,2024-05-22,12,True,4.2,Traction Distribution
TDMS002107,COR02905,AMVA,NYY,SR,earthing_fault,B,2025-09-10,2024-04-18,510,True,1.0,Traction Distribution
TDMS002108,COR04473,RGJI,DPRA,NFR,feeder_fault,A,2024-11-14,2024-11-01,13,True,4.6,Traction Distribution
TDMS002109,COR00144,KIP,IHP,NR,feeder_fault,A,2025-12-22,2025-12-17,5,True,3.9,Traction Distribution
TDMS002110,COR01560,KRG,RMP,CR,earthing_fault,B,2025-01-14,2024-09-25,111,True,4.1,Traction Distribution
TDMS002111,COR01944,BDU,KMV,SCR,ohe_pole_defect,C,2025-06-10,2025-04-30,41,True,1.9,Traction Distribution
TDMS002112,COR02974,MAHE,MUKE,SR,ohe_wire_wear,B,2025-06-27,2025-06-12,15,True,2.1,Traction Distribution
TDMS002113,COR00205,IDGJ,JSR,NCR,insulator_fault,B,2024-10-24,2024-10-23,1,True,3.9,Traction Distribution
TDMS002114,COR02653,FTC,BGMU,NR,earthing_fault,B,2025-09-14,2025-08-21,24,True,4.1,Traction Distribution
TDMS002115,COR00474,AGQ,CDI,CR,ohe_wire_wear,B,2024-03-14,2024-01-31,43,True,2.6,Traction Distribution
TDMS002116,COR06220,MYD,HTL,NFR,feeder_fault,A,2024-03-26,2024-01-03,83,True,4.6,Traction Distribution
TDMS002117,COR01478,TGE,CPK,NFR,ohe_pole_defect,C,2025-11-23,2025-07-09,137,True,0.6,Traction Distribution
TDMS002118,COR00429,ALW,BOZ,SCR,feeder_fault,A,2024-10-14,2024-07-07,99,True,1.9,Traction Distribution
TDMS002119,COR01678,GAR,BNE,WCR,earthing_fault,B,2025-05-08,2025-01-25,103,True,4.0,Traction Distribution
TDMS002120,COR00139,MJNL,BWL,NWR,ohe_wire_wear,B,2025-05-12,2025-04-26,16,True,1.5,Traction Distribution
TDMS002121,COR04656,KAWR,AT,KR,earthing_fault,B,2025-07-22,2025-07-12,10,True,4.0,Traction Distribution
TDMS002122,COR00691,GVD,DRD,WR,circuit_breaker_fault,A,2024-09-06,2024-09-04,2,True,1.8,Traction Distribution
TDMS002123,COR02705,MGLP,SSB,NR,earthing_fault,B,2025-05-19,2025-05-15,4,True,1.7,Traction Distribution
TDMS002124,COR02823,SJN,BLD,WR,tension_device_fault,C,2024-11-04,2024-10-31,4,True,3.7,Traction Distribution
TDMS002125,COR01194,STR,JSV,CR,tension_device_fault,C,2024-04-29,2023-12-21,130,True,0.6,Traction Distribution
TDMS002126,COR06070,KMP,BJLP,NER,tension_device_fault,C,2024-10-02,2024-09-23,9,True,2.9,Traction Distribution
TDMS002127,COR00213,DBR,PNHI,NCR,tension_device_fault,C,2024-08-25,2023-09-23,337,True,2.5,Traction Distribution
TDMS002128,COR03830,TTB,KQY,NFR,feeder_fault,A,2025-12-29,2025-12-12,17,True,4.9,Traction Distribution
TDMS002129,COR04165,LMD,MYL,SCR,ohe_wire_wear,B,2024-11-01,2024-07-25,99,True,1.1,Traction Distribution
TDMS002130,COR03979,MIAN,BZLE,ER,ohe_pole_defect,C,2025-08-20,2025-08-15,5,True,4.5,Traction Distribution
TDMS002131,COR04991,MYU,SEV,SR,tension_device_fault,C,2025-08-20,2025-05-11,101,True,0.9,Traction Distribution
TDMS002132,COR00673,MRL,NVS,WR,ohe_pole_defect,C,2025-10-31,2025-09-06,55,True,0.6,Traction Distribution
TDMS002133,COR00673,MRL,NVS,WR,tension_device_fault,C,2025-10-31,2025-07-09,114,True,3.2,Traction Distribution
TDMS002134,COR03902,BSPH,JIND,NR,ohe_pole_defect,C,2024-11-24,2023-12-14,346,True,3.1,Traction Distribution
TDMS002135,COR00273,PGL,CGO,WCR,insulator_fault,B,2024-04-22,2024-02-13,69,True,1.6,Traction Distribution
TDMS002136,COR04814,NUQ,RMF,ECR,ohe_wire_wear,B,2024-09-26,2024-09-06,20,True,0.6,Traction Distribution
TDMS002137,COR04663,THVM,PERN,KR,insulator_fault,B,2024-08-05,2024-07-26,10,True,1.3,Traction Distribution
TDMS002138,COR02755,SGKM,VVM,SCR,ohe_pole_defect,C,2025-04-26,2023-10-03,571,True,4.3,Traction Distribution
TDMS002139,COR07481,DPK,HMH,NWR,earthing_fault,B,2024-03-11,2023-03-04,373,True,1.2,Traction Distribution
TDMS002140,COR00033,VD,RA,WR,tension_device_fault,C,2025-01-12,2024-11-26,47,True,2.6,Traction Distribution
TDMS002141,COR00868,NVT,JKM,SCR,earthing_fault,B,2025-10-05,2025-02-19,228,True,1.7,Traction Distribution
TDMS002142,COR00668,SDG,DES,ECR,tension_device_fault,C,2024-09-05,2024-08-16,20,True,1.8,Traction Distribution
TDMS002143,COR02146,DAV,PG,SCR,ohe_wire_wear,B,2024-02-29,2024-02-26,3,True,4.8,Traction Distribution
TDMS002144,COR01473,KKET,BRHU,NFR,circuit_breaker_fault,A,2025-02-03,2025-01-15,19,True,2.0,Traction Distribution
TDMS002145,COR03433,NRY,MJZ,NER,tension_device_fault,C,2024-10-31,2024-10-25,6,True,0.8,Traction Distribution
TDMS002146,COR01959,BRSQ,SDPR,NR,earthing_fault,B,2024-12-27,2024-12-27,0,True,0.7,Traction Distribution
TDMS002147,COR03940,DUM,RKR,WCR,ohe_pole_defect,C,2024-10-06,2024-09-19,17,True,2.2,Traction Distribution
TDMS002148,COR04679,UKC,SGR,KR,ohe_pole_defect,C,2024-04-15,2024-04-01,14,True,1.4,Traction Distribution
TDMS002149,COR00481,BRUD,DRHI,WCR,insulator_fault,B,2025-02-10,2025-02-05,5,True,2.0,Traction Distribution
TDMS002150,COR01940,RNE,KODI,SCR,ohe_pole_defect,C,2025-04-05,2025-03-18,18,True,2.9,Traction Distribution
TDMS002151,COR00205,IDGJ,JSR,NCR,ohe_pole_defect,C,2024-09-04,2024-02-04,213,True,1.6,Traction Distribution
TDMS002152,COR01683,GPC,BELD,WCR,earthing_fault,B,2025-09-16,2025-06-08,100,True,3.5,Traction Distribution
TDMS002153,COR00155,PM,DEC,NR,insulator_fault,B,2024-04-30,2024-04-05,25,True,3.2,Traction Distribution
TDMS002154,COR00682,ATUL,PAD,WR,earthing_fault,B,2025-11-19,2025-11-13,6,True,2.4,Traction Distribution
TDMS002155,COR03647,MDVL,MVP,SCR,ohe_pole_defect,C,2024-06-09,2024-04-21,49,True,2.7,Traction Distribution
TDMS002156,COR05628,SK,SALI,NWR,earthing_fault,B,2025-03-23,2025-01-20,62,True,3.6,Traction Distribution
TDMS002157,COR01614,MYK,SLU,SWR,ohe_wire_wear,B,2025-05-09,2025-03-22,48,True,4.0,Traction Distribution
TDMS002158,COR01106,MVP,MDVL,SCR,feeder_fault,A,2024-04-15,2024-04-09,6,True,4.2,Traction Distribution
TDMS002159,COR06989,MSDH,RGH,ECR,earthing_fault,B,2025-12-26,2025-05-06,234,True,4.7,Traction Distribution
TDMS002160,COR01701,KTE,PTWA,WCR,earthing_fault,B,2025-12-08,2025-11-27,11,True,2.8,Traction Distribution
TDMS002161,COR03874,KPA,HLR,ER,earthing_fault,B,2025-01-01,2024-11-06,56,True,2.7,Traction Distribution
TDMS002162,COR02092,HSD,ABGT,SWR,circuit_breaker_fault,A,2025-10-06,2025-10-01,5,True,3.2,Traction Distribution
TDMS002163,COR04707,CDK,KHD,WR,circuit_breaker_fault,A,2025-07-12,2025-04-03,100,True,3.9,Traction Distribution
TDMS002164,COR02874,ALJ,PAQ,NER,earthing_fault,B,2024-03-16,2024-03-13,3,True,2.9,Traction Distribution
TDMS002165,COR02809,BSR,NSP,WR,earthing_fault,B,2024-12-09,2024-11-22,17,True,4.7,Traction Distribution
TDMS002166,COR06181,BFPA,PBE,NER,ohe_wire_wear,B,2024-06-08,2023-05-11,394,True,1.0,Traction Distribution
TDMS002167,COR01895,KDM,INK,SCR,ohe_wire_wear,B,2025-05-20,2025-05-05,15,True,3.1,Traction Distribution
TDMS002168,COR02706,BRND,MDGR,SECR,ohe_wire_wear,B,2024-12-10,2024-03-12,273,True,2.3,Traction Distribution
TDMS002169,COR01099,VPG,DPD,SCR,tension_device_fault,C,2024-06-20,2024-04-04,77,True,3.8,Traction Distribution
TDMS002170,COR02697,ISM,SPZ,NR,ohe_wire_wear,B,2024-02-08,2023-10-14,117,True,2.4,Traction Distribution
TDMS002171,COR00768,BDXT,GHH,NR,insulator_fault,B,2024-02-22,2023-12-09,75,True,1.2,Traction Distribution
TDMS002172,COR00504,JWO,NBH,WR,earthing_fault,B,2024-03-31,2023-12-12,110,True,2.6,Traction Distribution
TDMS002173,COR05587,PTRE,KTRR,NCR,tension_device_fault,C,2024-03-15,2023-12-29,77,True,4.3,Traction Distribution
TDMS002174,COR04179,GGKR,LHA,NR,circuit_breaker_fault,A,2025-12-22,2025-11-21,31,True,3.5,Traction Distribution
TDMS002175,COR04325,PML,PDV,SR,ohe_wire_wear,B,2024-06-04,2024-05-03,32,True,0.9,Traction Distribution
TDMS002176,COR03905,UCA,GSO,NR,tension_device_fault,C,2024-09-11,2023-08-28,380,True,1.5,Traction Distribution
TDMS002177,COR05475,VXM,NCR,SR,ohe_wire_wear,B,2024-06-25,2024-06-21,4,True,2.3,Traction Distribution
TDMS002178,COR00930,BNCE,BNC,SWR,insulator_fault,B,2025-12-14,2025-08-19,117,True,1.0,Traction Distribution
TDMS002179,COR02157,KTBR,INDR,SR,earthing_fault,B,2024-10-15,2024-10-12,3,True,3.6,Traction Distribution
TDMS002180,COR07176,ALS,SVC,NER,insulator_fault,B,2024-08-05,2024-07-29,7,True,2.3,Traction Distribution
TDMS002181,COR05522,MBB,JJG,ER,feeder_fault,A,2024-01-19,2024-01-03,16,True,3.6,Traction Distribution
TDMS002182,COR04191,PLK,BIK,NER,tension_device_fault,C,2024-01-20,2023-11-08,73,True,2.0,Traction Distribution
TDMS002183,COR04979,BLDK,PLA,WR,insulator_fault,B,2025-07-28,2025-07-06,22,True,3.3,Traction Distribution
TDMS002184,COR02243,KRNR,KJS,SWR,earthing_fault,B,2024-04-21,2022-12-30,478,True,0.6,Traction Distribution
TDMS002185,COR00493,BIF,BPF,WCR,insulator_fault,B,2025-07-02,2025-06-13,19,True,4.7,Traction Distribution
TDMS002186,COR06012,SNTH,BOTI,NWR,feeder_fault,A,2024-05-03,2024-04-30,3,True,2.5,Traction Distribution
TDMS002187,COR02982,QLD,CMC,SR,ohe_wire_wear,B,2025-07-08,2024-01-27,528,True,1.4,Traction Distribution
TDMS002188,COR02336,VRR,NUD,WR,tension_device_fault,C,2024-07-15,2023-09-28,291,True,3.4,Traction Distribution
TDMS002189,COR05658,BUT,BMQ,NWR,feeder_fault,A,2025-02-13,2023-07-24,570,True,1.5,Traction Distribution
TDMS002190,COR01944,BDU,KMV,SCR,circuit_breaker_fault,A,2024-12-29,2024-12-15,14,True,4.3,Traction Distribution
TDMS002191,COR03074,CLT,VLL,SR,ohe_wire_wear,B,2024-07-01,2022-12-15,564,True,3.5,Traction Distribution
TDMS002192,COR02980,TKT,VEK,SR,earthing_fault,B,2024-09-12,2024-09-05,7,True,3.0,Traction Distribution
TDMS002193,COR04155,KQK,KALD,SR,feeder_fault,A,2024-10-17,2024-10-02,15,True,4.8,Traction Distribution
TDMS002194,COR07887,PHWR,PBJM,NR,earthing_fault,B,2024-06-17,2023-11-28,202,True,1.1,Traction Distribution
TDMS002195,COR01072,SCA,ARCL,NFR,insulator_fault,B,2025-09-25,2025-08-04,52,True,2.3,Traction Distribution
TDMS002196,COR03261,FSP,DY,WCR,circuit_breaker_fault,A,2025-12-13,2025-09-05,99,True,1.1,Traction Distribution
TDMS002197,COR01817,ADR,JKHI,NWR,ohe_wire_wear,B,2025-02-06,2025-01-19,18,True,1.4,Traction Distribution
TDMS002198,COR00682,ATUL,PAD,WR,ohe_wire_wear,B,2024-11-17,2024-11-15,2,True,3.9,Traction Distribution
TDMS002199,COR02986,VLL,CLT,SR,insulator_fault,B,2025-04-14,2025-04-01,13,True,3.6,Traction Distribution
TDMS002200,COR00983,SFR,LXA,NFR,tension_device_fault,C,2024-04-19,2024-02-01,78,True,4.5,Traction Distribution
TDMS002201,COR04944,BOKE,RN,KR,feeder_fault,A,2025-11-11,2025-08-09,94,True,1.8,Traction Distribution
TDMS002202,COR02341,JND,SHH,WR,tension_device_fault,C,2024-09-12,2024-08-26,17,True,4.1,Traction Distribution
TDMS002203,COR03983,KTLR,KNSN,ER,tension_device_fault,C,2024-02-25,2023-11-20,97,True,3.0,Traction Distribution
TDMS002204,COR01464,DBY,TII,NFR,ohe_wire_wear,B,2024-03-01,2024-02-21,9,True,4.2,Traction Distribution
TDMS002205,COR00710,DIC,BVI,WR,circuit_breaker_fault,A,2025-11-29,2025-11-17,12,True,1.2,Traction Distribution
TDMS002206,COR06688,RW,CIO,WR,earthing_fault,B,2025-06-29,2025-06-02,27,True,2.1,Traction Distribution
TDMS002207,COR05632,GEK,LR,NWR,insulator_fault,B,2024-11-02,2024-05-19,167,True,3.9,Traction Distribution
TDMS002208,COR02857,SOQ,RLP,SWR,feeder_fault,A,2024-06-11,2023-02-25,472,True,3.0,Traction Distribution
TDMS002209,COR01697,DDCE,SBD,WCR,ohe_wire_wear,B,2025-03-05,2023-12-23,438,True,0.7,Traction Distribution
TDMS002210,COR00487,PAL,HD,WCR,feeder_fault,A,2025-04-16,2024-02-18,423,True,2.6,Traction Distribution
TDMS002211,COR04037,KDQ,RJI,NER,ohe_pole_defect,C,2025-04-11,2025-01-31,70,True,3.8,Traction Distribution
TDMS002212,COR03570,RSG,VSU,SER,ohe_wire_wear,B,2024-06-08,2024-06-06,2,True,1.7,Traction Distribution
TDMS002213,COR02186,CLR,TGT,SWR,ohe_pole_defect,C,2024-02-11,2023-11-28,75,True,2.0,Traction Distribution
TDMS002214,COR05046,GIR,LBW,NER,circuit_breaker_fault,A,2024-12-10,2024-09-30,71,True,0.8,Traction Distribution
TDMS002215,COR02009,SMLT,NGRT,NR,ohe_wire_wear,B,2025-10-24,2025-10-16,8,True,3.5,Traction Distribution
TDMS002216,COR04986,RAU,HKH,WR,circuit_breaker_fault,A,2024-08-07,2024-06-03,65,True,2.2,Traction Distribution
TDMS002217,COR01887,KMT,MLMG,SCR,tension_device_fault,C,2024-11-29,2024-11-12,17,True,3.8,Traction Distribution
TDMS002218,COR02861,LKT,NGR,SWR,insulator_fault,B,2024-12-19,2024-12-15,4,True,2.4,Traction Distribution
TDMS002219,COR01742,HKH,RAU,WR,insulator_fault,B,2024-02-25,2022-12-31,421,True,1.0,Traction Distribution
TDMS002220,COR03149,BIRD,KHBV,CR,feeder_fault,A,2025-06-28,2025-04-08,81,True,4.6,Traction Distribution
TDMS002221,COR03478,BUS,BTKP,NCR,ohe_pole_defect,C,2024-10-06,2023-11-05,336,True,1.6,Traction Distribution
TDMS002222,COR04137,KN,FK,SR,circuit_breaker_fault,A,2025-02-09,2025-01-15,25,True,2.6,Traction Distribution
TDMS002223,COR00487,PAL,HD,WCR,feeder_fault,A,2025-05-07,2025-04-14,23,True,4.1,Traction Distribution
TDMS002224,COR00241,DOE,ADTL,WCR,tension_device_fault,C,2024-12-28,2024-11-16,42,True,2.9,Traction Distribution
TDMS002225,COR02666,MASK,MAUR,NR,ohe_wire_wear,B,2025-06-10,2025-06-05,5,True,2.6,Traction Distribution
TDMS002226,COR00920,SZV,DPJ,SWR,ohe_wire_wear,B,2024-01-28,2023-10-25,95,True,0.6,Traction Distribution
TDMS002227,COR01728,MFX,JSR,NCR,insulator_fault,B,2025-10-24,2025-09-15,39,True,3.0,Traction Distribution
TDMS002228,COR03330,KUP,RHW,NR,ohe_wire_wear,B,2025-07-07,2025-06-29,8,True,1.4,Traction Distribution
TDMS002229,COR00233,PTWA,KTE,WCR,earthing_fault,B,2024-02-15,2022-09-06,527,True,0.6,Traction Distribution
TDMS002230,COR01724,BRG,MJHR,NCR,insulator_fault,B,2025-04-20,2024-03-16,400,True,3.1,Traction Distribution
TDMS002231,COR04439,TIL,BGS,ECR,insulator_fault,B,2024-09-16,2024-06-27,81,True,4.8,Traction Distribution
TDMS002232,COR02994,TIR,TUA,SR,insulator_fault,B,2025-01-01,2024-12-30,2,True,4.9,Traction Distribution
TDMS002233,COR04846,AVLI,LKSH,SCR,feeder_fault,A,2024-05-29,2023-04-30,395,True,3.1,Traction Distribution
TDMS002234,COR04139,KUL,CLT,SR,ohe_wire_wear,B,2024-09-12,2024-06-22,82,True,3.8,Traction Distribution
TDMS002235,COR02981,VEK,QLD,SR,insulator_fault,B,2025-05-10,2025-05-09,1,True,1.4,Traction Distribution
TDMS002236,COR02767,MUT,PQY,NR,earthing_fault,B,2024-12-05,2023-12-03,368,True,2.9,Traction Distribution
TDMS002237,COR07605,BDYP,SPR,ER,tension_device_fault,C,2024-02-27,2023-11-17,102,True,3.7,Traction Distribution
TDMS002238,COR02832,JRS,BIM,WR,insulator_fault,B,2024-12-19,2024-10-03,77,True,2.5,Traction Distribution
TDMS002239,COR02796,KHAR,STC,WR,feeder_fault,A,2025-01-17,2025-01-01,16,True,2.2,Traction Distribution
TDMS002240,COR04049,YFP,DDD,NER,insulator_fault,B,2024-02-27,2023-12-24,65,True,1.8,Traction Distribution
TDMS002241,COR00766,BWSN,GGN,NR,insulator_fault,B,2025-02-14,2025-02-05,9,True,2.5,Traction Distribution
TDMS002242,COR05534,WSA,BMP,SECR,earthing_fault,B,2025-04-17,2025-01-30,77,True,0.9,Traction Distribution
TDMS002243,COR00535,KQK,BFR,SR,ohe_wire_wear,B,2024-06-07,2024-03-13,86,True,4.6,Traction Distribution
TDMS002244,COR02810,NSP,VR,WR,feeder_fault,A,2024-04-05,2022-09-25,558,True,1.5,Traction Distribution
TDMS002245,COR05137,OBR,PPKD,ECR,ohe_wire_wear,B,2024-12-31,2024-11-22,39,True,2.7,Traction Distribution
TDMS002246,COR00606,CLE,YGL,SCR,insulator_fault,B,2024-10-29,2024-10-19,10,True,2.9,Traction Distribution
TDMS002247,COR00422,LKPL,KQD,SCR,ohe_pole_defect,C,2024-05-23,2023-01-22,487,True,3.1,Traction Distribution
TDMS002248,COR00143,KWMD,KIP,NR,ohe_pole_defect,C,2025-01-27,2025-01-08,19,True,2.9,Traction Distribution
TDMS002249,COR01655,HW,JWP,NR,earthing_fault,B,2025-07-14,2025-07-13,1,True,2.1,Traction Distribution
TDMS002250,COR02992,PGI,TA,SR,ohe_wire_wear,B,2025-07-14,2024-10-18,269,True,2.4,Traction Distribution
TDMS002251,COR02770,SKF,KAT,NR,ohe_wire_wear,B,2025-02-13,2025-02-03,10,True,1.6,Traction Distribution
TDMS002252,COR01035,KKET,TTLA,NFR,feeder_fault,A,2024-11-10,2024-11-07,3,True,1.5,Traction Distribution
TDMS002253,COR07777,DPDP,KRXM,ER,ohe_wire_wear,B,2024-10-29,2024-10-20,9,True,2.3,Traction Distribution
TDMS002254,COR01389,BAL,AYN,SR,insulator_fault,B,2024-02-23,2024-02-21,2,True,1.1,Traction Distribution
TDMS002255,COR04951,NAN,KKW,KR,tension_device_fault,C,2024-02-26,2024-01-15,42,True,2.6,Traction Distribution
TDMS002256,COR00146,PTRD,JSKA,NR,earthing_fault,B,2025-09-28,2025-09-24,4,True,2.6,Traction Distribution
TDMS002257,COR00677,AML,BIM,WR,ohe_wire_wear,B,2025-01-08,2024-10-26,74,True,2.5,Traction Distribution
TDMS002258,COR04903,CPT,SET,SWR,tension_device_fault,C,2024-06-02,2024-05-30,3,True,3.8,Traction Distribution
TDMS002259,COR02358,BANE,BGKT,NWR,earthing_fault,B,2024-12-16,2024-10-23,54,True,1.3,Traction Distribution
TDMS002260,COR04141,CQL,VAPM,SR,insulator_fault,B,2024-08-24,2024-05-14,102,True,1.5,Traction Distribution
TDMS002261,COR02968,CAN,CS,SR,feeder_fault,A,2025-08-23,2025-08-10,13,True,4.3,Traction Distribution
TDMS002262,COR02150,MCPK,MTCN,SR,feeder_fault,A,2025-04-14,2025-03-01,44,True,3.3,Traction Distribution
TDMS002263,COR02664,KZW,KTF,NR,insulator_fault,B,2024-07-11,2024-03-21,112,True,2.9,Traction Distribution
TDMS002264,COR00268,DRA,KTZ,WCR,insulator_fault,B,2024-03-02,2024-02-20,11,True,2.5,Traction Distribution
TDMS002265,COR00765,SMDP,BWSN,NR,tension_device_fault,C,2024-12-22,2024-12-11,11,True,3.0,Traction Distribution
TDMS002266,COR02988,KUL,FK,SR,ohe_wire_wear,B,2024-11-02,2024-10-23,10,True,2.3,Traction Distribution
TDMS002267,COR01764,PDZ,COO,WCR,insulator_fault,B,2025-08-04,2025-07-19,16,True,2.6,Traction Distribution
TDMS002268,COR01557,PLV,JSV,CR,ohe_wire_wear,B,2025-07-28,2025-07-16,12,True,3.0,Traction Distribution
TDMS002269,COR00226,LGCE,UHR,WCR,ohe_wire_wear,B,2025-02-11,2025-02-01,10,True,3.5,Traction Distribution
TDMS002270,COR05117,MLGH,BNDI,WCR,tension_device_fault,C,2025-03-25,2024-11-30,115,True,3.6,Traction Distribution
TDMS002271,COR04137,KN,FK,SR,tension_device_fault,C,2024-04-01,2023-12-03,120,True,1.8,Traction Distribution
TDMS002272,COR02387,MOL,RA,WR,tension_device_fault,C,2024-07-20,2024-04-09,102,True,4.9,Traction Distribution
TDMS002273,COR07587,BDHA,SVKD,WR,feeder_fault,A,2024-12-02,2024-07-26,129,True,2.2,Traction Distribution
TDMS002274,COR05543,SEPR,MNDR,NR,ohe_pole_defect,C,2024-09-25,2024-08-11,45,True,4.7,Traction Distribution
TDMS002275,COR01104,PSLP,PCU,SCR,ohe_wire_wear,B,2025-09-04,2025-06-05,91,True,3.3,Traction Distribution
TDMS002276,COR01435,UMNR,SKJ,ECR,insulator_fault,B,2024-05-08,2024-04-20,18,True,2.9,Traction Distribution
TDMS002277,COR02841,MUD,GZN,NR,ohe_wire_wear,B,2025-06-18,2025-06-06,12,True,3.1,Traction Distribution
TDMS002278,COR02451,KWF,DHAE,ER,ohe_wire_wear,B,2025-12-31,2025-11-28,33,True,2.9,Traction Distribution
TDMS002279,COR02769,DRLA,SKF,NR,tension_device_fault,C,2025-09-08,2025-09-02,6,True,3.4,Traction Distribution
TDMS002280,COR03656,IDP,TGU,SCR,ohe_pole_defect,C,2025-01-13,2024-12-25,19,True,2.5,Traction Distribution
TDMS002281,COR02598,BKJ,UD,KR,circuit_breaker_fault,A,2024-01-19,2023-11-15,65,True,4.2,Traction Distribution
TDMS002282,COR02856,BNA,SOQ,SWR,tension_device_fault,C,2024-08-05,2024-07-24,12,True,0.8,Traction Distribution
TDMS002283,COR02450,KWAE,KWF,ER,ohe_wire_wear,B,2025-12-08,2025-12-01,7,True,3.0,Traction Distribution
TDMS002284,COR00370,KMDR,DDD,NER,earthing_fault,B,2024-06-27,2024-06-24,3,True,2.5,Traction Distribution
TDMS002285,COR04136,VLI,KN,SR,ohe_wire_wear,B,2024-08-16,2024-07-20,27,True,0.8,Traction Distribution
TDMS002286,COR02435,KGLE,JVT,ER,feeder_fault,A,2025-12-25,2025-09-19,97,True,4.1,Traction Distribution
TDMS002287,COR03610,UBL,KUG,SWR,insulator_fault,B,2025-04-07,2025-02-09,57,True,1.6,Traction Distribution
TDMS002288,COR06554,DBRG,LHL,NFR,ohe_wire_wear,B,2025-01-31,2025-01-12,19,True,1.8,Traction Distribution
TDMS002289,COR02255,NLH,IRA,NR,insulator_fault,B,2025-10-06,2025-08-18,49,True,0.9,Traction Distribution
TDMS002290,COR01755,PNGR,KEV,WCR,ohe_wire_wear,B,2024-11-17,2024-11-06,11,True,4.0,Traction Distribution
TDMS002291,COR04421,MGD,KBI,SWR,ohe_wire_wear,B,2025-05-21,2024-03-03,444,True,2.8,Traction Distribution
TDMS002292,COR01673,SXF,PPI,WCR,ohe_wire_wear,B,2025-08-28,2025-08-23,5,True,4.6,Traction Distribution
TDMS002293,COR02981,VEK,QLD,SR,earthing_fault,B,2024-04-21,2024-04-21,0,True,0.9,Traction Distribution
TDMS002294,COR03870,PXR,SMX,ER,ohe_wire_wear,B,2025-06-10,2024-05-29,377,True,2.6,Traction Distribution
TDMS002295,COR00267,SQL,GRO,WCR,insulator_fault,B,2024-09-11,2024-09-04,7,True,1.0,Traction Distribution
TDMS002296,COR00479,KNW,MTA,CR,ohe_pole_defect,C,2024-07-20,2024-07-10,10,True,3.9,Traction Distribution
TDMS002297,COR00517,GBP,BJNR,NWR,tension_device_fault,C,2025-11-30,2025-10-17,44,True,2.7,Traction Distribution
TDMS002298,COR04698,NGTN,KASU,CR,circuit_breaker_fault,A,2025-08-31,2025-07-11,51,True,0.9,Traction Distribution
TDMS002299,COR02858,RLP,KGX,SWR,ohe_pole_defect,C,2024-04-09,2023-12-12,119,True,4.8,Traction Distribution
TDMS002300,COR00473,BAU,AGQ,CR,insulator_fault,B,2025-05-22,2025-05-19,3,True,1.1,Traction Distribution
TDMS002301,COR00732,MJO,SRVX,KR,ohe_pole_defect,C,2025-05-13,2025-04-28,15,True,3.3,Traction Distribution
TDMS002302,COR03738,VPZ,KZC,SR,earthing_fault,B,2025-02-11,2025-01-01,41,True,3.0,Traction Distribution
TDMS002303,COR04164,PDL,LMD,SCR,tension_device_fault,C,2025-06-28,2025-02-05,143,True,4.6,Traction Distribution
TDMS002304,COR00555,MGWN,MIH,NR,ohe_pole_defect,C,2024-03-28,2024-01-02,86,True,4.1,Traction Distribution
TDMS002305,COR01376,AYM,TVR,SR,ohe_wire_wear,B,2024-03-22,2023-12-18,95,True,3.2,Traction Distribution
TDMS002306,COR02919,BLP,JKNI,NER,feeder_fault,A,2025-08-14,2025-08-06,8,True,4.4,Traction Distribution
TDMS002307,COR06755,KDO,AP,SWR,tension_device_fault,C,2025-05-10,2025-04-11,29,True,5.0,Traction Distribution
TDMS002308,COR00022,BLWR,KHC,WR,ohe_wire_wear,B,2025-09-11,2024-11-03,312,True,1.0,Traction Distribution
TDMS002309,COR02812,VTN,SAH,WR,feeder_fault,A,2024-11-01,2024-10-18,14,True,3.9,Traction Distribution
TDMS002310,COR00742,KER,CKYD,NER,tension_device_fault,C,2025-10-04,2024-10-06,363,True,3.8,Traction Distribution
TDMS002311,COR05892,TL,KSG,NWR,ohe_wire_wear,B,2025-11-22,2025-09-03,80,True,3.8,Traction Distribution
TDMS002312,COR02739,PASA,KZTW,SR,tension_device_fault,C,2024-01-10,2023-12-30,11,True,2.1,Traction Distribution
TDMS002313,COR03090,DMD,ETK,SR,insulator_fault,B,2025-10-02,2024-06-26,463,True,1.2,Traction Distribution
TDMS002314,COR00478,KDK,BMA,CR,insulator_fault,B,2025-06-19,2025-06-15,4,True,3.9,Traction Distribution
TDMS002315,COR01561,RMP,TAZ,CR,earthing_fault,B,2024-06-18,2024-06-08,10,True,4.7,Traction Distribution
TDMS002316,COR03557,CHRA,KSU,SER,ohe_wire_wear,B,2025-12-12,2025-11-04,38,True,0.7,Traction Distribution
TDMS002317,COR03087,MAHE,JGE,SR,tension_device_fault,C,2024-12-22,2024-12-02,20,True,2.9,Traction Distribution
TDMS002318,COR03862,BHNA,BHGH,ER,insulator_fault,B,2025-08-07,2025-07-19,19,True,0.9,Traction Distribution
TDMS002319,COR03934,PL,EPR,WR,ohe_pole_defect,C,2025-05-06,2024-12-17,140,True,2.7,Traction Distribution
TDMS002320,COR00548,VAPM,CQL,SR,insulator_fault,B,2025-02-12,2024-05-24,264,True,4.5,Traction Distribution
TDMS002321,COR00673,MRL,NVS,WR,ohe_pole_defect,C,2024-10-16,2024-06-27,111,True,1.9,Traction Distribution
TDMS002322,COR02996,KTU,PEU,SR,ohe_wire_wear,B,2025-11-08,2025-10-20,19,True,3.1,Traction Distribution
TDMS002323,COR02166,MEJ,IVL,SR,tension_device_fault,C,2025-05-15,2025-05-04,11,True,4.8,Traction Distribution
TDMS002324,COR01087,SUL,SBH,SWR,tension_device_fault,C,2025-05-31,2025-02-27,93,True,2.6,Traction Distribution
TDMS002325,COR01023,DHRY,HJI,NFR,ohe_wire_wear,B,2025-12-19,2025-08-24,117,True,2.3,Traction Distribution
TDMS002326,COR01875,RYP,KI,SCR,feeder_fault,A,2024-10-28,2024-10-15,13,True,1.7,Traction Distribution
TDMS002327,COR00483,KKN,KRO,WCR,insulator_fault,B,2024-03-22,2024-02-29,22,True,4.0,Traction Distribution
TDMS002328,COR03179,BQM,BXY,CR,ohe_wire_wear,B,2024-03-08,2023-05-05,308,True,3.8,Traction Distribution
TDMS002329,COR04180,LHA,GRN,NR,earthing_fault,B,2025-05-14,2025-04-30,14,True,4.7,Traction Distribution
TDMS002330,COR02109,KJG,KVS,SWR,earthing_fault,B,2025-10-26,2025-09-25,31,True,1.2,Traction Distribution
TDMS002331,COR04686,KHED,DWV,KR,earthing_fault,B,2025-04-08,2025-01-13,85,True,2.2,Traction Distribution
TDMS002332,COR00564,DWO,HRW,NR,tension_device_fault,C,2024-03-26,2023-10-14,164,True,4.4,Traction Distribution
TDMS002333,COR05631,KSG,GEK,NWR,insulator_fault,B,2024-06-11,2024-05-30,12,True,2.2,Traction Distribution
TDMS002334,COR01897,NKD,YGL,SCR,feeder_fault,A,2024-03-03,2024-02-18,14,True,1.0,Traction Distribution
TDMS002335,COR02999,KODN,PTB,SR,earthing_fault,B,2025-11-21,2025-05-21,184,True,3.9,Traction Distribution
TDMS002336,COR04256,SNPR,FTS,NCR,circuit_breaker_fault,A,2025-04-01,2024-12-24,98,True,2.9,Traction Distribution
TDMS002337,COR05460,JDP,BGJT,ER,insulator_fault,B,2024-08-24,2024-07-17,38,True,0.9,Traction Distribution
TDMS002338,COR01329,KTR,NANA,NWR,ohe_pole_defect,C,2025-08-10,2025-06-18,53,True,0.9,Traction Distribution
TDMS002339,COR06611,HZR,GLH,NR,feeder_fault,A,2024-08-08,2024-08-08,0,True,4.5,Traction Distribution
TDMS002340,COR00214,PNHI,MKP,NCR,earthing_fault,B,2024-02-11,2023-11-29,74,True,1.0,Traction Distribution
TDMS002341,COR02983,CMC,ETR,SR,insulator_fault,B,2024-10-30,2024-10-22,8,True,0.8,Traction Distribution
TDMS002342,COR00274,CGO,TBN,WCR,ohe_wire_wear,B,2025-05-09,2025-04-21,18,True,3.7,Traction Distribution
TDMS002343,COR00044,KLRD,CDK,WR,earthing_fault,B,2024-03-04,2024-02-03,30,True,2.2,Traction Distribution
TDMS002344,COR00289,NPNR,CDI,CR,tension_device_fault,C,2024-11-14,2024-10-14,31,True,3.8,Traction Distribution
TDMS002345,COR01882,MTMI,BKL,SCR,tension_device_fault,C,2024-01-10,2023-12-06,35,True,2.5,Traction Distribution
TDMS002346,COR03886,MQC,GHE,NR,insulator_fault,B,2025-02-15,2025-02-11,4,True,4.3,Traction Distribution
TDMS002347,COR00323,KSU,CHRA,SER,ohe_wire_wear,B,2024-05-26,2024-05-09,17,True,3.4,Traction Distribution
TDMS002348,COR00984,LXA,MUGN,NFR,insulator_fault,B,2024-04-17,2024-04-07,10,True,4.9,Traction Distribution
TDMS002349,COR01689,BRGT,KEQ,WCR,tension_device_fault,C,2024-11-15,2024-11-10,5,True,0.6,Traction Distribution
TDMS002350,COR02153,MTMY,MNDY,SR,ohe_wire_wear,B,2025-12-07,2025-11-13,24,True,2.3,Traction Distribution
TDMS002351,COR07063,JSM,THM,NWR,circuit_breaker_fault,A,2024-05-06,2024-03-19,48,True,4.5,Traction Distribution
TDMS002352,COR00734,MAO,SVM,KR,circuit_breaker_fault,A,2024-09-01,2024-08-19,13,True,2.5,Traction Distribution
TDMS002353,COR01219,HGL,OSA,CR,earthing_fault,B,2025-09-14,2025-08-14,31,True,3.9,Traction Distribution
TDMS002354,COR00617,MLMG,KMT,SCR,ohe_wire_wear,B,2024-02-07,2024-02-02,5,True,1.9,Traction Distribution
TDMS002355,COR00688,SJN,UBR,WR,circuit_breaker_fault,A,2024-06-26,2024-04-17,70,True,1.5,Traction Distribution
TDMS002356,COR06392,JGG,SJGH,NER,ohe_wire_wear,B,2025-07-09,2025-06-25,14,True,1.1,Traction Distribution
TDMS002357,COR02108,HVR,KJG,SWR,ohe_wire_wear,B,2025-12-20,2025-10-01,80,True,4.8,Traction Distribution
TDMS002358,COR00688,SJN,UBR,WR,tension_device_fault,C,2024-05-29,2024-05-19,10,True,3.8,Traction Distribution
TDMS002359,COR02153,MTMY,MNDY,SR,tension_device_fault,C,2025-07-19,2025-06-30,19,True,2.8,Traction Distribution
TDMS002360,COR05886,MHBZ,SOT,NER,insulator_fault,B,2025-09-07,2025-05-30,100,True,1.1,Traction Distribution
TDMS002361,COR01921,MRTY,GTU,SCR,insulator_fault,B,2024-01-15,2023-11-04,72,True,2.4,Traction Distribution
TDMS002362,COR01678,GAR,BNE,WCR,ohe_wire_wear,B,2024-10-20,2024-10-15,5,True,1.9,Traction Distribution
TDMS002363,COR04661,VEN,KRMI,KR,insulator_fault,B,2024-08-03,2024-07-23,11,True,3.3,Traction Distribution
TDMS002364,COR05871,MAUR,MASK,NR,ohe_pole_defect,C,2024-02-15,2023-12-04,73,True,4.0,Traction Distribution
TDMS002365,COR02343,BNTH,LAL,WR,tension_device_fault,C,2025-07-26,2025-07-24,2,True,2.1,Traction Distribution
TDMS002366,COR05130,CGH,BPRS,NR,ohe_pole_defect,C,2025-07-13,2025-04-29,75,True,2.6,Traction Distribution
TDMS002367,COR06647,MLQ,TSAH,SER,tension_device_fault,C,2025-09-12,2024-05-20,480,True,1.8,Traction Distribution
TDMS002368,COR01703,JKE,PKRD,WCR,tension_device_fault,C,2024-08-28,2024-07-30,29,True,1.8,Traction Distribution
TDMS002369,COR03985,JVT,KGLE,ER,circuit_breaker_fault,A,2025-01-12,2024-10-23,81,True,2.0,Traction Distribution
TDMS002370,COR00117,MD,LR,NWR,ohe_wire_wear,B,2024-01-01,2023-11-28,34,True,3.3,Traction Distribution
TDMS002371,COR02455,PTAE,BQY,ER,tension_device_fault,C,2025-01-22,2025-01-11,11,True,1.4,Traction Distribution
TDMS002372,COR02978,IGL,PYOL,SR,feeder_fault,A,2025-05-11,2025-02-28,72,True,2.9,Traction Distribution
TDMS002373,COR03368,CKD,MHU,NWR,ohe_pole_defect,C,2025-08-22,2025-07-20,33,True,4.7,Traction Distribution
TDMS002374,COR05821,BMLL,BNWC,NWR,ohe_wire_wear,B,2024-04-15,2024-04-11,4,True,0.9,Traction Distribution
TDMS002375,COR03303,MPC,TPP,SWR,ohe_pole_defect,C,2024-10-04,2024-02-03,244,True,4.5,Traction Distribution
TDMS002376,COR01092,IDJ,KNP,SWR,insulator_fault,B,2025-04-13,2025-03-23,21,True,4.5,Traction Distribution
TDMS002377,COR04163,TKOT,MAQ,SR,earthing_fault,B,2024-05-06,2022-12-26,497,True,4.8,Traction Distribution
TDMS002378,COR01393,TRB,MCJ,SR,insulator_fault,B,2025-08-10,2025-05-24,78,True,4.0,Traction Distribution
TDMS002379,COR01622,AJP,NVF,SWR,ohe_wire_wear,B,2024-12-25,2024-12-19,6,True,1.6,Traction Distribution
TDMS002380,COR00242,ADTL,JBP,WCR,ohe_wire_wear,B,2024-08-07,2024-08-01,6,True,3.1,Traction Distribution
TDMS002381,COR02832,JRS,BIM,WR,ohe_pole_defect,C,2025-05-30,2025-05-15,15,True,3.2,Traction Distribution
TDMS002382,COR02157,KTBR,INDR,SR,circuit_breaker_fault,A,2024-04-14,2024-02-04,70,True,1.3,Traction Distribution
TDMS002383,COR04804,RBGJ,CUK,NCR,earthing_fault,B,2025-12-10,2025-12-02,8,True,3.2,Traction Distribution
TDMS002384,COR01347,UM,CHP,WR,earthing_fault,B,2024-03-02,2023-10-30,124,True,4.1,Traction Distribution
TDMS002385,COR01799,GHA,PKZ,NR,ohe_wire_wear,B,2025-06-08,2025-05-08,31,True,4.9,Traction Distribution
TDMS002386,COR04542,BDHY,KTHU,NR,insulator_fault,B,2024-02-06,2024-02-02,4,True,2.3,Traction Distribution
TDMS002387,COR04738,LKU,HLDD,NER,ohe_wire_wear,B,2024-02-10,2023-10-16,117,True,0.9,Traction Distribution
TDMS002388,COR03758,KVA,UTL,NWR,insulator_fault,B,2025-10-23,2025-10-07,16,True,2.9,Traction Distribution
TDMS002389,COR04652,KT,GOK,KR,tension_device_fault,C,2024-08-14,2024-07-31,14,True,0.8,Traction Distribution
TDMS002390,COR00333,KRYA,SW,NER,circuit_breaker_fault,A,2024-08-24,2024-08-24,0,True,0.5,Traction Distribution
TDMS002391,COR07863,KTNR,PRNC,ECR,insulator_fault,B,2024-02-14,2024-01-30,15,True,2.3,Traction Distribution
TDMS002392,COR00622,BKL,MTMI,SCR,insulator_fault,B,2025-08-16,2025-08-13,3,True,2.2,Traction Distribution
TDMS002393,COR00230,UDR,PKRD,WCR,ohe_pole_defect,C,2024-06-15,2023-12-12,186,True,3.4,Traction Distribution
TDMS002394,COR01861,KTHU,BDHY,NR,ohe_pole_defect,C,2025-07-07,2025-06-18,19,True,0.6,Traction Distribution
TDMS002395,COR02149,MCPT,MCPK,SR,earthing_fault,B,2025-12-06,2025-08-27,101,True,2.1,Traction Distribution
TDMS002396,COR02804,BVI,DIC,WR,circuit_breaker_fault,A,2024-02-07,2023-10-16,114,True,1.8,Traction Distribution
TDMS002397,COR01922,GTU,PRLI,SCR,tension_device_fault,C,2024-05-01,2024-02-08,83,True,1.7,Traction Distribution
TDMS002398,COR00698,SAH,VTN,WR,ohe_wire_wear,B,2025-12-31,2025-12-23,8,True,2.0,Traction Distribution
TDMS002399,COR04684,CHI,ANO,KR,insulator_fault,B,2024-11-12,2024-10-26,17,True,1.5,Traction Distribution
TDMS002400,COR01722,DBR,KTDD,NCR,feeder_fault,A,2025-07-15,2025-05-08,68,True,3.9,Traction Distribution
TDMS002401,COR01715,CTHR,MJG,WCR,feeder_fault,A,2024-08-22,2024-06-29,54,True,0.6,Traction Distribution
TDMS002402,COR01989,RNBD,RWO,WR,tension_device_fault,C,2024-11-11,2024-10-28,14,True,2.0,Traction Distribution
TDMS002403,COR01894,TAA,KDM,SCR,tension_device_fault,C,2024-01-24,2024-01-19,5,True,2.2,Traction Distribution
TDMS002404,COR00143,KWMD,KIP,NR,feeder_fault,A,2025-10-17,2025-08-13,65,True,3.8,Traction Distribution
TDMS002405,COR01875,RYP,KI,SCR,ohe_pole_defect,C,2024-11-09,2024-09-06,64,True,0.8,Traction Distribution
TDMS002406,COR04297,JKN,DLR,NER,ohe_pole_defect,C,2024-03-15,2024-02-02,42,True,1.8,Traction Distribution
TDMS002407,COR01880,TNGM,MDR,SCR,ohe_pole_defect,C,2025-07-28,2025-07-26,2,True,4.3,Traction Distribution
TDMS002408,COR01164,JRLE,GALE,ER,ohe_pole_defect,C,2025-01-12,2024-10-05,99,True,4.2,Traction Distribution
TDMS002409,COR01907,HBU,BHLK,SCR,tension_device_fault,C,2025-02-23,2024-03-13,347,True,4.4,Traction Distribution
TDMS002410,COR00017,JALD,CX,WR,insulator_fault,B,2024-09-30,2024-09-22,8,True,3.4,Traction Distribution
TDMS002411,COR00707,NIG,BYR,WR,insulator_fault,B,2025-05-06,2025-02-21,74,True,2.8,Traction Distribution
TDMS002412,COR00686,KEB,BLD,WR,ohe_wire_wear,B,2025-10-22,2025-06-28,116,True,3.0,Traction Distribution
TDMS002413,COR03976,SALE,MHTR,ER,ohe_pole_defect,C,2025-11-08,2025-08-19,81,True,1.8,Traction Distribution
TDMS002414,COR01355,SXS,JDN,WR,ohe_wire_wear,B,2025-03-25,2025-02-23,30,True,2.1,Traction Distribution
TDMS002415,COR07456,BINR,GVH,NCR,earthing_fault,B,2024-07-16,2024-06-29,17,True,2.4,Traction Distribution
TDMS002416,COR00684,UVD,VAPI,WR,ohe_wire_wear,B,2024-05-14,2024-05-13,1,True,3.0,Traction Distribution
TDMS002417,COR03261,FSP,DY,WCR,insulator_fault,B,2024-07-26,2024-07-26,0,True,2.3,Traction Distribution
TDMS002418,COR02157,KTBR,INDR,SR,insulator_fault,B,2024-06-03,2024-05-23,11,True,1.1,Traction Distribution
TDMS002419,COR04868,NAWN,MNSR,NWR,insulator_fault,B,2025-03-15,2025-02-04,39,True,2.6,Traction Distribution
TDMS002420,COR03807,AMPA,PUPR,SR,earthing_fault,B,2025-06-15,2025-05-19,27,True,1.1,Traction Distribution
TDMS002421,COR03545,RBJ,NNP,NER,ohe_wire_wear,B,2024-04-18,2024-04-02,16,True,2.5,Traction Distribution
TDMS002422,COR03250,MLZ,NMD,WCR,ohe_wire_wear,B,2024-03-22,2024-03-22,0,True,3.7,Traction Distribution
TDMS002423,COR00469,SAV,NB,CR,ohe_pole_defect,C,2024-07-13,2024-03-17,118,True,2.4,Traction Distribution
TDMS002424,COR00683,PAD,UVD,WR,ohe_wire_wear,B,2024-04-23,2024-04-07,16,True,2.1,Traction Distribution
TDMS002425,COR03852,DJG,BDT,NFR,circuit_breaker_fault,A,2025-08-20,2025-06-25,56,True,3.0,Traction Distribution
TDMS002426,COR01637,BSN,AMSA,SWR,insulator_fault,B,2024-06-12,2023-03-26,444,True,2.8,Traction Distribution
TDMS002427,COR00240,GSPR,DOE,WCR,ohe_wire_wear,B,2024-08-03,2023-06-11,419,True,1.0,Traction Distribution
TDMS002428,COR02885,DSA,DLI,NR,ohe_wire_wear,B,2025-01-07,2024-11-19,49,True,2.2,Traction Distribution
TDMS002429,COR00769,GHH,PT,NR,ohe_wire_wear,B,2025-06-13,2024-08-27,290,True,3.7,Traction Distribution
TDMS002430,COR00622,BKL,MTMI,SCR,feeder_fault,A,2025-07-04,2025-06-27,7,True,2.0,Traction Distribution
TDMS002431,COR04249,BYHA,URPR,NR,ohe_pole_defect,C,2025-07-22,2024-02-04,534,True,2.2,Traction Distribution
TDMS002432,COR00193,CAA,HRNG,ECR,ohe_wire_wear,B,2024-05-31,2024-05-25,6,True,3.3,Traction Distribution
TDMS002433,COR00012,LKBL,JAM,WR,insulator_fault,B,2025-09-21,2025-08-18,34,True,3.1,Traction Distribution
TDMS002434,COR02547,KLZ,PUE,SECR,ohe_pole_defect,C,2025-01-31,2024-10-26,97,True,3.6,Traction Distribution
TDMS002435,COR00150,GHH,BDXT,NR,ohe_wire_wear,B,2025-03-05,2025-02-22,11,True,3.6,Traction Distribution
TDMS002436,COR01722,DBR,KTDD,NCR,ohe_pole_defect,C,2025-01-28,2024-09-07,143,True,1.1,Traction Distribution
TDMS002437,COR01020,LKG,HWX,NFR,ohe_wire_wear,B,2025-11-10,2025-10-23,18,True,2.8,Traction Distribution
TDMS002438,COR02648,GWS,PRM,NER,insulator_fault,B,2025-12-04,2025-03-09,270,True,1.1,Traction Distribution
TDMS002439,COR05892,TL,KSG,NWR,earthing_fault,B,2024-11-24,2024-11-21,3,True,1.1,Traction Distribution
TDMS002440,COR00684,UVD,VAPI,WR,ohe_wire_wear,B,2024-10-27,2024-07-01,118,True,0.9,Traction Distribution
TDMS002441,COR06827,BAKT,RBN,ECR,tension_device_fault,C,2025-04-15,2025-03-02,44,True,2.7,Traction Distribution
TDMS002442,COR01692,JBP,ADTL,WCR,circuit_breaker_fault,A,2024-07-04,2024-06-16,18,True,4.8,Traction Distribution
TDMS002443,COR01646,HHL,DBS,SWR,circuit_breaker_fault,A,2024-06-17,2024-04-23,55,True,1.9,Traction Distribution
TDMS002444,COR04674,VID,ADVI,KR,circuit_breaker_fault,A,2024-11-27,2024-11-09,18,True,2.6,Traction Distribution
TDMS002445,COR00618,KMT,PNDP,SCR,earthing_fault,B,2025-09-29,2025-09-12,17,True,2.4,Traction Distribution
TDMS002446,COR00331,PP,DYK,NER,ohe_pole_defect,C,2025-07-28,2025-07-12,16,True,3.5,Traction Distribution
TDMS002447,COR04472,KRNI,DDNI,NFR,tension_device_fault,C,2025-03-13,2025-03-08,5,True,1.1,Traction Distribution
TDMS002448,COR01359,DNW,GUS,WR,insulator_fault,B,2025-11-16,2025-11-07,9,True,1.5,Traction Distribution
TDMS002449,COR01887,KMT,MLMG,SCR,feeder_fault,A,2025-07-21,2025-07-14,7,True,2.8,Traction Distribution
TDMS002450,COR02390,THAN,LMC,WR,circuit_breaker_fault,A,2025-11-12,2025-05-30,166,True,0.6,Traction Distribution
TDMS002451,COR01782,VNR,BLKR,SWR,earthing_fault,B,2024-11-24,2024-11-04,20,True,3.2,Traction Distribution
TDMS002452,COR02849,KGW,HPT,SWR,ohe_wire_wear,B,2025-10-01,2025-07-17,76,True,4.3,Traction Distribution
TDMS002453,COR00481,BRUD,DRHI,WCR,ohe_pole_defect,C,2025-01-24,2024-11-22,63,True,3.5,Traction Distribution
TDMS002454,COR02818,VGN,DRD,WR,ohe_pole_defect,C,2024-07-26,2024-07-19,7,True,3.0,Traction Distribution
TDMS002455,COR00412,BGL,MYHT,ER,circuit_breaker_fault,A,2025-06-07,2025-05-19,19,True,2.1,Traction Distribution
TDMS002456,COR03616,GDG,KGX,SWR,earthing_fault,B,2025-10-07,2025-09-26,11,True,4.6,Traction Distribution
TDMS002457,COR03715,AMC,BTGH,SWR,ohe_wire_wear,B,2025-03-18,2024-06-23,268,True,3.1,Traction Distribution
TDMS002458,COR01991,PTK,NUPR,NR,earthing_fault,B,2025-04-20,2025-04-11,9,True,5.0,Traction Distribution
TDMS002459,COR01709,LGCE,STA,WCR,insulator_fault,B,2025-03-16,2024-12-22,84,True,2.4,Traction Distribution
TDMS002460,COR00229,BUU,UDR,WCR,ohe_pole_defect,C,2025-01-30,2025-01-15,15,True,3.9,Traction Distribution
TDMS002461,COR00436,MOB,PAPM,SCR,insulator_fault,B,2025-05-28,2024-02-07,476,True,3.9,Traction Distribution
TDMS002462,COR01673,SXF,PPI,WCR,circuit_breaker_fault,A,2025-05-31,2024-02-03,483,True,4.6,Traction Distribution
TDMS002463,COR00217,BQF,MKD,WCR,ohe_pole_defect,C,2024-06-15,2023-07-02,349,True,4.6,Traction Distribution
TDMS002464,COR03085,NAU,MUKE,SR,ohe_wire_wear,B,2025-04-24,2025-04-11,13,True,3.8,Traction Distribution
TDMS002465,COR01722,DBR,KTDD,NCR,earthing_fault,B,2024-10-08,2024-06-25,105,True,0.6,Traction Distribution
TDMS002466,COR01876,KI,CVV,SCR,ohe_pole_defect,C,2025-11-15,2025-11-14,1,True,4.6,Traction Distribution
TDMS002467,COR02412,MDPR,SYQ,WR,ohe_wire_wear,B,2024-12-07,2023-06-16,540,True,3.9,Traction Distribution
TDMS002468,COR01469,TKC,PNB,NFR,tension_device_fault,C,2024-02-26,2024-02-07,19,True,2.1,Traction Distribution
TDMS002469,COR04669,SNDD,KKW,KR,insulator_fault,B,2024-10-02,2024-09-25,7,True,2.4,Traction Distribution
TDMS002470,COR00109,PPF,KRW,NWR,earthing_fault,B,2025-12-28,2025-12-19,9,True,0.6,Traction Distribution
TDMS002471,COR04986,RAU,HKH,WR,ohe_wire_wear,B,2025-12-20,2025-12-20,0,True,1.5,Traction Distribution
TDMS002472,COR02720,RZJ,BFV,NER,earthing_fault,B,2025-10-17,2025-10-09,8,True,1.3,Traction Distribution
TDMS002473,COR06674,KCO,MPG,NER,ohe_pole_defect,C,2025-09-06,2025-08-21,16,True,2.9,Traction Distribution
TDMS002474,COR04173,DUI,BSS,NR,ohe_pole_defect,C,2024-08-30,2024-05-04,118,True,2.8,Traction Distribution
TDMS002475,COR01476,AJRE,DML,NFR,feeder_fault,A,2025-05-17,2025-01-19,118,True,3.3,Traction Distribution
TDMS002476,COR00673,MRL,NVS,WR,tension_device_fault,C,2025-05-15,2025-05-06,9,True,2.5,Traction Distribution
TDMS002477,COR01834,MGG,BLAX,WR,ohe_wire_wear,B,2024-02-03,2023-10-23,103,True,3.0,Traction Distribution
TDMS002478,COR05223,SONI,SCN,NCR,tension_device_fault,C,2024-02-24,2023-11-21,95,True,4.3,Traction Distribution
TDMS002479,COR01864,CKDL,HRNR,NR,earthing_fault,B,2025-06-14,2025-04-09,66,True,2.7,Traction Distribution
TDMS002480,COR00318,JOC,ADRA,SER,insulator_fault,B,2024-11-18,2024-05-10,192,True,1.4,Traction Distribution
TDMS002481,COR00049,EN,PN,WR,circuit_breaker_fault,A,2025-06-11,2025-05-22,20,True,3.4,Traction Distribution
TDMS002482,COR00150,GHH,BDXT,NR,tension_device_fault,C,2025-08-14,2025-07-26,19,True,3.8,Traction Distribution
TDMS002483,COR03963,MTFA,LKX,ER,insulator_fault,B,2024-01-04,2023-11-12,53,True,1.0,Traction Distribution
TDMS002484,COR01989,RNBD,RWO,WR,insulator_fault,B,2024-07-15,2024-06-22,23,True,4.8,Traction Distribution
TDMS002485,COR01089,SXB,BGM,SWR,tension_device_fault,C,2024-08-16,2024-06-16,61,True,3.7,Traction Distribution
TDMS002486,COR01366,SHRD,KHD,WR,tension_device_fault,C,2024-04-05,2022-12-11,481,True,1.4,Traction Distribution
TDMS002487,COR01677,SCKR,GAR,WCR,ohe_pole_defect,C,2025-11-09,2024-12-11,333,True,1.7,Traction Distribution
TDMS002488,COR00094,BGG,AUWA,NWR,tension_device_fault,C,2024-12-25,2024-12-11,14,True,1.9,Traction Distribution
TDMS002489,COR07879,NRW,GRZ,NR,tension_device_fault,C,2024-03-03,2023-12-04,90,True,2.3,Traction Distribution
TDMS002490,COR01769,NMD,MLZ,WCR,earthing_fault,B,2025-04-05,2025-03-23,13,True,1.4,Traction Distribution
TDMS002491,COR02160,TRMN,PRGD,SR,ohe_wire_wear,B,2025-03-25,2025-03-08,17,True,3.4,Traction Distribution
TDMS002492,COR00679,JRS,DGI,WR,insulator_fault,B,2025-07-16,2025-06-13,33,True,1.8,Traction Distribution
TDMS002493,COR00243,JBP,HBG,WCR,feeder_fault,A,2024-11-21,2024-02-04,291,True,4.2,Traction Distribution
TDMS002494,COR01197,WTR,AKI,CR,tension_device_fault,C,2024-05-01,2023-03-06,422,True,0.9,Traction Distribution
TDMS002495,COR01698,SBD,SNRR,WCR,feeder_fault,A,2025-05-19,2025-01-29,110,True,1.8,Traction Distribution
TDMS002496,COR00668,SDG,DES,ECR,ohe_wire_wear,B,2024-07-20,2024-05-24,57,True,0.9,Traction Distribution
TDMS002497,COR05207,AZP,PDV,SR,ohe_wire_wear,B,2025-05-08,2025-04-12,26,True,1.0,Traction Distribution
TDMS002498,COR04122,DBN,PTE,NR,ohe_wire_wear,B,2025-10-21,2025-10-17,4,True,4.0,Traction Distribution
TDMS002499,COR01161,NILE,SPLE,ER,ohe_wire_wear,B,2024-03-25,2024-03-13,12,True,3.0,Traction Distribution
TDMS002500,COR00761,PTNR,KRTN,NR,ohe_wire_wear,B,2024-06-26,2024-04-13,74,True,3.0,Traction Distribution
